brand,iso,slug,country,plan_name,gb,days,type,price,currency,fup_note,source,url,captured
nomad,AE,united-arab-emirates,United Arab Emirates,Local United Arab Emirates - 7 Days - 1 GB,1.0,7,data,4.0,USD,,esimdb.com,https://esimdb.com/uae/nomad,2026-10-04
nomad,AE,united-arab-emirates,United Arab Emirates,Local United Arab Emirates - 30 Days - 3 GB,3.0,30,data,8.5,USD,,esimdb.com,https://esimdb.com/uae/nomad,2026-10-04
nomad,AE,united-arab-emirates,United Arab Emirates,Local United Arab Emirates - 30 Days - 5 GB,5.0,30,data,11.0,USD,,esimdb.com,https://esimdb.com/uae/nomad,2026-10-04
nomad,AE,united-arab-emirates,United Arab Emirates,Local United Arab Emirates - 3 Days - unlimited,6.0,3,data,12.0,USD,2 GB per day for 3 days,esimdb.com,https://esimdb.com/uae/nomad,2026-10-04
nomad,AE,united-arab-emirates,United Arab Emirates,Local United Arab Emirates - 5 Days - unlimited,10.0,5,data,18.0,USD,2 GB per day for 5 days,esimdb.com,https://esimdb.com/uae/nomad,2026-10-04
nomad,AE,united-arab-emirates,United Arab Emirates,Local United Arab Emirates - 30 Days - 10 GB,10.0,30,data,18.5,USD,,esimdb.com,https://esimdb.com/uae/nomad,2026-10-04
nomad,AE,united-arab-emirates,United Arab Emirates,Local United Arab Emirates - 7 Days - unlimited,14.0,7,data,27.0,USD,2 GB per day for 7 days,esimdb.com,https://esimdb.com/uae/nomad,2026-10-04
nomad,AE,united-arab-emirates,United Arab Emirates,Local United Arab Emirates - 30 Days - 20 GB,20.0,30,data,29.0,USD,,esimdb.com,https://esimdb.com/uae/nomad,2026-10-04
nomad,AE,united-arab-emirates,United Arab Emirates,Local United Arab Emirates - 10 Days - unlimited,20.0,10,data,34.0,USD,2 GB per day for 10 days,esimdb.com,https://esimdb.com/uae/nomad,2026-10-04
nomad,AR,argentina,Argentina,Local Argentina - 7 Days - 1 GB,1.0,7,data,5.0,USD,,esimdb.com,https://esimdb.com/argentina/nomad,2026-10-04
nomad,AR,argentina,Argentina,Local Argentina - 30 Days - 3 GB,3.0,30,data,9.5,USD,,esimdb.com,https://esimdb.com/argentina/nomad,2026-10-04
nomad,AR,argentina,Argentina,Local Argentina - 30 Days - 5 GB,5.0,30,data,16.0,USD,,esimdb.com,https://esimdb.com/argentina/nomad,2026-10-04
nomad,AR,argentina,Argentina,Local Argentina - 30 Days - 10 GB,10.0,30,data,28.0,USD,,esimdb.com,https://esimdb.com/argentina/nomad,2026-10-04
nomad,AR,argentina,Argentina,Local Argentina - 30 Days - 20 GB,20.0,30,data,47.0,USD,,esimdb.com,https://esimdb.com/argentina/nomad,2026-10-04
nomad,AT,austria,Austria,Local Austria - 7 Days - 1 GB,1.0,7,data,4.5,USD,,esimdb.com,https://esimdb.com/austria/nomad,2026-10-04
nomad,AT,austria,Austria,Local Austria - 30 Days - 3 GB,3.0,30,data,9.0,USD,,esimdb.com,https://esimdb.com/austria/nomad,2026-10-04
nomad,AT,austria,Austria,Local Austria - 3 Days - unlimited,6.0,3,data,11.0,USD,2 GB per day for 3 days,esimdb.com,https://esimdb.com/austria/nomad,2026-10-04
nomad,AT,austria,Austria,Local Austria - 30 Days - 5 GB,5.0,30,data,12.5,USD,,esimdb.com,https://esimdb.com/austria/nomad,2026-10-04
nomad,AT,austria,Austria,Local Austria - 30 Days - 10 GB,10.0,30,data,14.0,USD,,esimdb.com,https://esimdb.com/austria/nomad,2026-10-04
nomad,AT,austria,Austria,Local Austria - 5 Days - unlimited,10.0,5,data,18.0,USD,2 GB per day for 5 days,esimdb.com,https://esimdb.com/austria/nomad,2026-10-04
nomad,AT,austria,Austria,Local Austria - 30 Days - 20 GB,20.0,30,data,19.0,USD,,esimdb.com,https://esimdb.com/austria/nomad,2026-10-04
nomad,AT,austria,Austria,Local Austria - 7 Days - unlimited,14.0,7,data,25.0,USD,2 GB per day for 7 days,esimdb.com,https://esimdb.com/austria/nomad,2026-10-04
nomad,AT,austria,Austria,Local Austria - 10 Days - unlimited,20.0,10,data,33.0,USD,2 GB per day for 10 days,esimdb.com,https://esimdb.com/austria/nomad,2026-10-04
nomad,AT,austria,Austria,Local Austria - 30 Days - 50 GB,50.0,30,data,45.0,USD,,esimdb.com,https://esimdb.com/austria/nomad,2026-10-04
nomad,AU,australia,Australia,Local Australia - 7 Days - 1 GB,1.0,7,data,4.0,USD,,esimdb.com,https://esimdb.com/australia/nomad,2026-10-04
nomad,AU,australia,Australia,Local Australia - 30 Days - 3 GB,3.0,30,data,7.0,USD,,esimdb.com,https://esimdb.com/australia/nomad,2026-10-04
nomad,AU,australia,Australia,Local Australia - 30 Days - 5 GB,5.0,30,data,10.0,USD,,esimdb.com,https://esimdb.com/australia/nomad,2026-10-04
nomad,AU,australia,Australia,Local Australia - 3 Days - unlimited,6.0,3,data,11.0,USD,2 GB per day for 3 days,esimdb.com,https://esimdb.com/australia/nomad,2026-10-04
nomad,AU,australia,Australia,Local Australia - 30 Days - 10 GB,10.0,30,data,15.0,USD,,esimdb.com,https://esimdb.com/australia/nomad,2026-10-04
nomad,AU,australia,Australia,Local Australia - 5 Days - unlimited,10.0,5,data,18.0,USD,2 GB per day for 5 days,esimdb.com,https://esimdb.com/australia/nomad,2026-10-04
nomad,AU,australia,Australia,Local Australia - 30 Days - 20 GB,20.0,30,data,24.0,USD,,esimdb.com,https://esimdb.com/australia/nomad,2026-10-04
nomad,AU,australia,Australia,Local Australia - 7 Days - unlimited,14.0,7,data,25.0,USD,2 GB per day for 7 days,esimdb.com,https://esimdb.com/australia/nomad,2026-10-04
nomad,AU,australia,Australia,Local Australia - 10 Days - unlimited,20.0,10,data,29.0,USD,2 GB per day for 10 days,esimdb.com,https://esimdb.com/australia/nomad,2026-10-04
nomad,AU,australia,Australia,Local Australia - 30 Days - 50 GB,50.0,30,data,32.0,USD,,esimdb.com,https://esimdb.com/australia/nomad,2026-10-04
nomad,BE,belgium,Belgium,Local Belgium - 7 Days - 1 GB,1.0,7,data,4.5,USD,,esimdb.com,https://esimdb.com/belgium/nomad,2026-10-04
nomad,BE,belgium,Belgium,Local Belgium - 30 Days - 3 GB,3.0,30,data,9.0,USD,,esimdb.com,https://esimdb.com/belgium/nomad,2026-10-04
nomad,BE,belgium,Belgium,Local Belgium - 3 Days - unlimited,6.0,3,data,11.0,USD,2 GB per day for 3 days,esimdb.com,https://esimdb.com/belgium/nomad,2026-10-04
nomad,BE,belgium,Belgium,Local Belgium - 30 Days - 5 GB,5.0,30,data,12.5,USD,,esimdb.com,https://esimdb.com/belgium/nomad,2026-10-04
nomad,BE,belgium,Belgium,Local Belgium - 30 Days - 10 GB,10.0,30,data,16.0,USD,,esimdb.com,https://esimdb.com/belgium/nomad,2026-10-04
nomad,BE,belgium,Belgium,Local Belgium - 5 Days - unlimited,10.0,5,data,18.0,USD,2 GB per day for 5 days,esimdb.com,https://esimdb.com/belgium/nomad,2026-10-04
nomad,BE,belgium,Belgium,Local Belgium - 30 Days - 20 GB,20.0,30,data,20.0,USD,,esimdb.com,https://esimdb.com/belgium/nomad,2026-10-04
nomad,BE,belgium,Belgium,Local Belgium - 7 Days - unlimited,14.0,7,data,25.0,USD,2 GB per day for 7 days,esimdb.com,https://esimdb.com/belgium/nomad,2026-10-04
nomad,BE,belgium,Belgium,Local Belgium - 10 Days - unlimited,20.0,10,data,33.0,USD,2 GB per day for 10 days,esimdb.com,https://esimdb.com/belgium/nomad,2026-10-04
nomad,BE,belgium,Belgium,Local Belgium - 30 Days - 50 GB,50.0,30,data,45.0,USD,,esimdb.com,https://esimdb.com/belgium/nomad,2026-10-04
nomad,BR,brazil,Brazil,Local Brazil - 7 Days - 1 GB,1.0,7,data,4.0,USD,,esimdb.com,https://esimdb.com/brazil/nomad,2026-10-04
nomad,BR,brazil,Brazil,Local Brazil - 30 Days - 3 GB,3.0,30,data,9.0,USD,,esimdb.com,https://esimdb.com/brazil/nomad,2026-10-04
nomad,BR,brazil,Brazil,Local Brazil - 30 Days - 5 GB,5.0,30,data,12.0,USD,,esimdb.com,https://esimdb.com/brazil/nomad,2026-10-04
nomad,BR,brazil,Brazil,Local Brazil - 5 Days - unlimited,10.0,5,data,17.0,USD,2 GB per day for 5 days,esimdb.com,https://esimdb.com/brazil/nomad,2026-10-04
nomad,BR,brazil,Brazil,Local Brazil - 30 Days - 10 GB,10.0,30,data,19.0,USD,,esimdb.com,https://esimdb.com/brazil/nomad,2026-10-04
nomad,BR,brazil,Brazil,Local Brazil - 30 Days - 20 GB,20.0,30,data,31.0,USD,,esimdb.com,https://esimdb.com/brazil/nomad,2026-10-04
nomad,BR,brazil,Brazil,Local Brazil - 10 Days - unlimited,20.0,10,data,31.0,USD,2 GB per day for 10 days,esimdb.com,https://esimdb.com/brazil/nomad,2026-10-04
nomad,BR,brazil,Brazil,Local Brazil - 30 Days - 50 GB,50.0,30,data,45.0,USD,,esimdb.com,https://esimdb.com/brazil/nomad,2026-10-04
nomad,CA,canada,Canada,Local Canada - 7 Days - 1 GB,1.0,7,data,7.0,USD,,esimdb.com,https://esimdb.com/canada/nomad,2026-10-04
nomad,CA,canada,Canada,Local Canada - 30 Days - 3 GB,3.0,30,data,8.0,USD,,esimdb.com,https://esimdb.com/canada/nomad,2026-10-04
nomad,CA,canada,Canada,Local Canada - 30 Days - 5 GB,5.0,30,data,13.0,USD,,esimdb.com,https://esimdb.com/canada/nomad,2026-10-04
nomad,CA,canada,Canada,Local Canada - 30 Days - 10 GB,10.0,30,data,17.0,USD,,esimdb.com,https://esimdb.com/canada/nomad,2026-10-04
nomad,CA,canada,Canada,Local Canada - 3 Days - unlimited,6.0,3,data,18.0,USD,2 GB per day for 3 days,esimdb.com,https://esimdb.com/canada/nomad,2026-10-04
nomad,CA,canada,Canada,Local Canada - 5 Days - unlimited,10.0,5,data,25.0,USD,2 GB per day for 5 days,esimdb.com,https://esimdb.com/canada/nomad,2026-10-04
nomad,CA,canada,Canada,Local Canada - 7 Days - unlimited,14.0,7,data,30.0,USD,2 GB per day for 7 days,esimdb.com,https://esimdb.com/canada/nomad,2026-10-04
nomad,CA,canada,Canada,Local Canada - 30 Days - 20 GB,20.0,30,data,31.0,USD,,esimdb.com,https://esimdb.com/canada/nomad,2026-10-04
nomad,CA,canada,Canada,Local Canada - 10 Days - unlimited,20.0,10,data,35.0,USD,2 GB per day for 10 days,esimdb.com,https://esimdb.com/canada/nomad,2026-10-04
nomad,CA,canada,Canada,Local Canada - 30 Days - 50 GB,50.0,30,data,69.0,USD,,esimdb.com,https://esimdb.com/canada/nomad,2026-10-04
nomad,CH,switzerland,Switzerland,Local Switzerland - 7 Days - 1 GB,1.0,7,data,4.5,USD,,esimdb.com,https://esimdb.com/switzerland/nomad,2026-10-04
nomad,CH,switzerland,Switzerland,Local Switzerland - 30 Days - 3 GB,3.0,30,data,9.0,USD,,esimdb.com,https://esimdb.com/switzerland/nomad,2026-10-04
nomad,CH,switzerland,Switzerland,Local Switzerland - 3 Days - unlimited,6.0,3,data,11.0,USD,2 GB per day for 3 days,esimdb.com,https://esimdb.com/switzerland/nomad,2026-10-04
nomad,CH,switzerland,Switzerland,Local Switzerland - 30 Days - 5 GB,5.0,30,data,12.5,USD,,esimdb.com,https://esimdb.com/switzerland/nomad,2026-10-04
nomad,CH,switzerland,Switzerland,Local Switzerland - 5 Days - unlimited,10.0,5,data,18.0,USD,2 GB per day for 5 days,esimdb.com,https://esimdb.com/switzerland/nomad,2026-10-04
nomad,CH,switzerland,Switzerland,Local Switzerland - 30 Days - 10 GB,10.0,30,data,20.5,USD,,esimdb.com,https://esimdb.com/switzerland/nomad,2026-10-04
nomad,CH,switzerland,Switzerland,Local Switzerland - 30 Days - 20 GB,20.0,30,data,25.0,USD,,esimdb.com,https://esimdb.com/switzerland/nomad,2026-10-04
nomad,CH,switzerland,Switzerland,Local Switzerland - 7 Days - unlimited,14.0,7,data,25.0,USD,2 GB per day for 7 days,esimdb.com,https://esimdb.com/switzerland/nomad,2026-10-04
nomad,CH,switzerland,Switzerland,Local Switzerland - 10 Days - unlimited,20.0,10,data,33.0,USD,2 GB per day for 10 days,esimdb.com,https://esimdb.com/switzerland/nomad,2026-10-04
nomad,CH,switzerland,Switzerland,Local Switzerland - 30 Days - 50 GB,50.0,30,data,43.0,USD,,esimdb.com,https://esimdb.com/switzerland/nomad,2026-10-04
nomad,CN,china,China,Local China - 7 Days - 1 GB,1.0,7,data,4.0,USD,,esimdb.com,https://esimdb.com/china/nomad,2026-10-04
nomad,CN,china,China,Local China - 30 Days - 3 GB,3.0,30,data,9.0,USD,,esimdb.com,https://esimdb.com/china/nomad,2026-10-04
nomad,CN,china,China,Local China - 3 Days -Unlimited,6.0,3,data,12.0,USD,2 GB per day for 3 days,esimdb.com,https://esimdb.com/china/nomad,2026-10-04
nomad,CN,china,China,Local China - 30 Days - 5 GB,5.0,30,data,13.5,USD,,esimdb.com,https://esimdb.com/china/nomad,2026-10-04
nomad,CN,china,China,Local China - 30 Days - 10 GB,10.0,30,data,17.0,USD,,esimdb.com,https://esimdb.com/china/nomad,2026-10-04
nomad,CN,china,China,Local China - 5 Days -Unlimited,10.0,5,data,18.0,USD,2 GB per day for 5 days,esimdb.com,https://esimdb.com/china/nomad,2026-10-04
nomad,CN,china,China,Local China - 30 Days - 20 GB,20.0,30,data,25.0,USD,,esimdb.com,https://esimdb.com/china/nomad,2026-10-04
nomad,CN,china,China,Local China - 7 Days -Unlimited,14.0,7,data,25.0,USD,2 GB per day for 7 days,esimdb.com,https://esimdb.com/china/nomad,2026-10-04
nomad,CN,china,China,Local China - 10 Days -Unlimited,20.0,10,data,33.0,USD,2 GB per day for 10 days,esimdb.com,https://esimdb.com/china/nomad,2026-10-04
nomad,CN,china,China,Local China - 45 Days - 50 GB,50.0,45,data,35.0,USD,,esimdb.com,https://esimdb.com/china/nomad,2026-10-04
nomad,CO,colombia,Colombia,Local Colombia - 7 Days - 1 GB,1.0,7,data,4.0,USD,,esimdb.com,https://esimdb.com/colombia/nomad,2026-10-04
nomad,CO,colombia,Colombia,Local Colombia - 30 Days - 3 GB,3.0,30,data,9.5,USD,,esimdb.com,https://esimdb.com/colombia/nomad,2026-10-04
nomad,CO,colombia,Colombia,Local Colombia - 30 Days - 5 GB,5.0,30,data,15.0,USD,,esimdb.com,https://esimdb.com/colombia/nomad,2026-10-04
nomad,CO,colombia,Colombia,Local Colombia - 30 Days - 10 GB,10.0,30,data,25.0,USD,,esimdb.com,https://esimdb.com/colombia/nomad,2026-10-04
nomad,CO,colombia,Colombia,Local Colombia - 30 Days - 20 GB,20.0,30,data,39.0,USD,,esimdb.com,https://esimdb.com/colombia/nomad,2026-10-04
nomad,CR,costa-rica,Costa Rica,Local Costa Rica - 7 Days - 1 GB,1.0,7,data,8.0,USD,,esimdb.com,https://esimdb.com/costa-rica/nomad,2026-10-04
nomad,CR,costa-rica,Costa Rica,Local Costa Rica - 30 Days - 3 GB,3.0,30,data,16.0,USD,,esimdb.com,https://esimdb.com/costa-rica/nomad,2026-10-04
nomad,CR,costa-rica,Costa Rica,Local Costa Rica - 30 Days - 5 GB,5.0,30,data,19.0,USD,,esimdb.com,https://esimdb.com/costa-rica/nomad,2026-10-04
nomad,CR,costa-rica,Costa Rica,Local Costa Rica - 5 Days - unlimited,10.0,5,data,21.0,USD,2 GB per day for 5 days,esimdb.com,https://esimdb.com/costa-rica/nomad,2026-10-04
nomad,CR,costa-rica,Costa Rica,Local Costa Rica - 30 Days - 10 GB,10.0,30,data,25.0,USD,,esimdb.com,https://esimdb.com/costa-rica/nomad,2026-10-04
nomad,CR,costa-rica,Costa Rica,Local Costa Rica - 30 Days - 20 GB,20.0,30,data,31.0,USD,,esimdb.com,https://esimdb.com/costa-rica/nomad,2026-10-04
nomad,CR,costa-rica,Costa Rica,Local Costa Rica - 10 Days - unlimited,20.0,10,data,35.0,USD,2 GB per day for 10 days,esimdb.com,https://esimdb.com/costa-rica/nomad,2026-10-04
nomad,CZ,czechia,Czechia,Local Czech Republic - 7 Days - 1 GB,1.0,7,data,4.5,USD,,esimdb.com,https://esimdb.com/czechia/nomad,2026-10-04
nomad,CZ,czechia,Czechia,Local Czech Republic - 30 Days - 3 GB,3.0,30,data,9.0,USD,,esimdb.com,https://esimdb.com/czechia/nomad,2026-10-04
nomad,CZ,czechia,Czechia,Local Czech Republic - 3 Days - unlimited,6.0,3,data,11.0,USD,2 GB per day for 3 days,esimdb.com,https://esimdb.com/czechia/nomad,2026-10-04
nomad,CZ,czechia,Czechia,Local Czech Republic - 30 Days - 5 GB,5.0,30,data,12.5,USD,,esimdb.com,https://esimdb.com/czechia/nomad,2026-10-04
nomad,CZ,czechia,Czechia,Local Czech Republic - 30 Days - 10 GB,10.0,30,data,16.0,USD,,esimdb.com,https://esimdb.com/czechia/nomad,2026-10-04
nomad,CZ,czechia,Czechia,Local Czech Republic - 5 Days - unlimited,10.0,5,data,18.0,USD,2 GB per day for 5 days,esimdb.com,https://esimdb.com/czechia/nomad,2026-10-04
nomad,CZ,czechia,Czechia,Local Czech Republic - 30 Days - 20 GB,20.0,30,data,20.0,USD,,esimdb.com,https://esimdb.com/czechia/nomad,2026-10-04
nomad,CZ,czechia,Czechia,Local Czech Republic - 7 Days - unlimited,14.0,7,data,25.0,USD,2 GB per day for 7 days,esimdb.com,https://esimdb.com/czechia/nomad,2026-10-04
nomad,CZ,czechia,Czechia,Local Czech Republic - 10 Days - unlimited,20.0,10,data,33.0,USD,2 GB per day for 10 days,esimdb.com,https://esimdb.com/czechia/nomad,2026-10-04
nomad,CZ,czechia,Czechia,Local Czech Republic - 30 Days - 50 GB,50.0,30,data,45.0,USD,,esimdb.com,https://esimdb.com/czechia/nomad,2026-10-04
nomad,DE,germany,Germany,Local Germany - 7 Days - 1 GB,1.0,7,data,4.5,USD,,esimdb.com,https://esimdb.com/germany/nomad,2026-10-04
nomad,DE,germany,Germany,Local Germany - 30 Days - 3 GB,3.0,30,data,8.0,USD,,esimdb.com,https://esimdb.com/germany/nomad,2026-10-04
nomad,DE,germany,Germany,Local Germany - 30 Days - 5 GB,5.0,30,data,10.0,USD,,esimdb.com,https://esimdb.com/germany/nomad,2026-10-04
nomad,DE,germany,Germany,Local Germany - 3 Days - unlimited,6.0,3,data,11.0,USD,2 GB per day for 3 days,esimdb.com,https://esimdb.com/germany/nomad,2026-10-04
nomad,DE,germany,Germany,Local Germany - 30 Days - 10 GB,10.0,30,data,14.0,USD,,esimdb.com,https://esimdb.com/germany/nomad,2026-10-04
nomad,DE,germany,Germany,Local Germany - 5 Days - unlimited,10.0,5,data,18.0,USD,2 GB per day for 5 days,esimdb.com,https://esimdb.com/germany/nomad,2026-10-04
nomad,DE,germany,Germany,Local Germany - 30 Days - 20 GB,20.0,30,data,21.0,USD,,esimdb.com,https://esimdb.com/germany/nomad,2026-10-04
nomad,DE,germany,Germany,Local Germany - 7 Days - unlimited,14.0,7,data,23.0,USD,2 GB per day for 7 days,esimdb.com,https://esimdb.com/germany/nomad,2026-10-04
nomad,DE,germany,Germany,Local Germany - 10 Days - unlimited,20.0,10,data,30.0,USD,2 GB per day for 10 days,esimdb.com,https://esimdb.com/germany/nomad,2026-10-04
nomad,DE,germany,Germany,Local Germany - 30 Days - 50 GB,50.0,30,data,32.0,USD,,esimdb.com,https://esimdb.com/germany/nomad,2026-10-04
nomad,EG,egypt,Egypt,Local Egypt - 7 Days - 1 GB,1.0,7,data,6.0,USD,,esimdb.com,https://esimdb.com/egypt/nomad,2026-10-04
nomad,EG,egypt,Egypt,Local Egypt - 30 Days - 3 GB,3.0,30,data,12.0,USD,,esimdb.com,https://esimdb.com/egypt/nomad,2026-10-04
nomad,EG,egypt,Egypt,Local Egypt - 3 Days - unlimited,6.0,3,data,14.0,USD,2 GB per day for 3 days,esimdb.com,https://esimdb.com/egypt/nomad,2026-10-04
nomad,EG,egypt,Egypt,Local Egypt - 30 Days - 5 GB,5.0,30,data,18.0,USD,,esimdb.com,https://esimdb.com/egypt/nomad,2026-10-04
nomad,EG,egypt,Egypt,Local Egypt - 5 Days - unlimited,10.0,5,data,21.0,USD,2 GB per day for 5 days,esimdb.com,https://esimdb.com/egypt/nomad,2026-10-04
nomad,EG,egypt,Egypt,Local Egypt - 7 Days - unlimited,14.0,7,data,27.0,USD,2 GB per day for 7 days,esimdb.com,https://esimdb.com/egypt/nomad,2026-10-04
nomad,EG,egypt,Egypt,Local Egypt - 30 Days - 10 GB,10.0,30,data,28.0,USD,,esimdb.com,https://esimdb.com/egypt/nomad,2026-10-04
nomad,EG,egypt,Egypt,Local Egypt - 10 Days - unlimited,20.0,10,data,35.0,USD,2 GB per day for 10 days,esimdb.com,https://esimdb.com/egypt/nomad,2026-10-04
nomad,EG,egypt,Egypt,Local Egypt - 30 Days - 20 GB,20.0,30,data,37.0,USD,,esimdb.com,https://esimdb.com/egypt/nomad,2026-10-04
nomad,ES,spain,Spain,Local Spain - 7 Days - 1 GB,1.0,7,data,4.0,USD,,esimdb.com,https://esimdb.com/spain/nomad,2026-10-04
nomad,ES,spain,Spain,Local Spain - 30 Days - 3 GB,3.0,30,data,6.0,USD,,esimdb.com,https://esimdb.com/spain/nomad,2026-10-04
nomad,ES,spain,Spain,Local Spain - 30 Days - 5 GB,5.0,30,data,9.0,USD,,esimdb.com,https://esimdb.com/spain/nomad,2026-10-04
nomad,ES,spain,Spain,Local Spain - 3 Days - unlimited,6.0,3,data,11.0,USD,2 GB per day for 3 days,esimdb.com,https://esimdb.com/spain/nomad,2026-10-04
nomad,ES,spain,Spain,Local Spain - 30 Days - 10 GB,10.0,30,data,14.0,USD,,esimdb.com,https://esimdb.com/spain/nomad,2026-10-04
nomad,ES,spain,Spain,Local Spain - 5 Days - unlimited,10.0,5,data,18.0,USD,2 GB per day for 5 days,esimdb.com,https://esimdb.com/spain/nomad,2026-10-04
nomad,ES,spain,Spain,Local Spain - 30 Days - 20 GB,20.0,30,data,21.0,USD,,esimdb.com,https://esimdb.com/spain/nomad,2026-10-04
nomad,ES,spain,Spain,Local Spain - 7 Days - unlimited,14.0,7,data,25.0,USD,2 GB per day for 7 days,esimdb.com,https://esimdb.com/spain/nomad,2026-10-04
nomad,ES,spain,Spain,Local Spain - 10 Days - unlimited,20.0,10,data,33.0,USD,2 GB per day for 10 days,esimdb.com,https://esimdb.com/spain/nomad,2026-10-04
nomad,ES,spain,Spain,Local Spain - 30 Days - 50 GB,50.0,30,data,35.0,USD,,esimdb.com,https://esimdb.com/spain/nomad,2026-10-04
nomad,FJ,fiji,Fiji,Local Fiji - 7 Days - 1 GB,1.0,7,data,7.0,USD,,esimdb.com,https://esimdb.com/fiji/nomad,2026-10-04
nomad,FJ,fiji,Fiji,Local Fiji - 30 Days - 3 GB,3.0,30,data,12.0,USD,,esimdb.com,https://esimdb.com/fiji/nomad,2026-10-04
nomad,FJ,fiji,Fiji,Local Fiji - 30 Days - 5 GB,5.0,30,data,17.0,USD,,esimdb.com,https://esimdb.com/fiji/nomad,2026-10-04
nomad,FJ,fiji,Fiji,Local Fiji - 30 Days - 10 GB,10.0,30,data,25.0,USD,,esimdb.com,https://esimdb.com/fiji/nomad,2026-10-04
nomad,FJ,fiji,Fiji,Local Fiji - 30 Days - 20 GB,20.0,30,data,39.0,USD,,esimdb.com,https://esimdb.com/fiji/nomad,2026-10-04
nomad,FR,france,France,Local France - 7 Days - 1 GB,1.0,7,data,4.0,USD,,esimdb.com,https://esimdb.com/france/nomad,2026-10-04
nomad,FR,france,France,Local France - 30 Days - 3 GB,3.0,30,data,6.0,USD,,esimdb.com,https://esimdb.com/france/nomad,2026-10-04
nomad,FR,france,France,Local France - 30 Days - 5 GB,5.0,30,data,9.0,USD,,esimdb.com,https://esimdb.com/france/nomad,2026-10-04
nomad,FR,france,France,Local France - 3 Days - unlimited,6.0,3,data,11.0,USD,2 GB per day for 3 days,esimdb.com,https://esimdb.com/france/nomad,2026-10-04
nomad,FR,france,France,Local France - 30 Days - 10 GB,10.0,30,data,14.0,USD,,esimdb.com,https://esimdb.com/france/nomad,2026-10-04
nomad,FR,france,France,Local France - 5 Days - unlimited,10.0,5,data,18.0,USD,2 GB per day for 5 days,esimdb.com,https://esimdb.com/france/nomad,2026-10-04
nomad,FR,france,France,Local France - 30 Days - 20 GB,20.0,30,data,21.0,USD,,esimdb.com,https://esimdb.com/france/nomad,2026-10-04
nomad,FR,france,France,Local France - 7 Days - unlimited,14.0,7,data,25.0,USD,2 GB per day for 7 days,esimdb.com,https://esimdb.com/france/nomad,2026-10-04
nomad,FR,france,France,Local France - 10 Days - unlimited,20.0,10,data,33.0,USD,2 GB per day for 10 days,esimdb.com,https://esimdb.com/france/nomad,2026-10-04
nomad,FR,france,France,Local France - 30 Days - 50 GB,50.0,30,data,35.0,USD,,esimdb.com,https://esimdb.com/france/nomad,2026-10-04
nomad,GB,united-kingdom,United Kingdom,Local United Kingdom - 7 Days - 1 GB,1.0,7,data,4.5,USD,,esimdb.com,https://esimdb.com/uk/nomad,2026-10-04
nomad,GB,united-kingdom,United Kingdom,Local United Kingdom - 30 Days - 3 GB,3.0,30,data,9.0,USD,,esimdb.com,https://esimdb.com/uk/nomad,2026-10-04
nomad,GB,united-kingdom,United Kingdom,Local United Kingdom - 3 Days - unlimited,6.0,3,data,11.0,USD,2 GB per day for 3 days,esimdb.com,https://esimdb.com/uk/nomad,2026-10-04
nomad,GB,united-kingdom,United Kingdom,Local United Kingdom - 30 Days - 5 GB,5.0,30,data,12.0,USD,,esimdb.com,https://esimdb.com/uk/nomad,2026-10-04
nomad,GB,united-kingdom,United Kingdom,Local United Kingdom - 30 Days - 5 GB,5.0,30,data,13.0,USD,,esimdb.com,https://esimdb.com/uk/nomad,2026-10-04
nomad,GB,united-kingdom,United Kingdom,Local United Kingdom - 30 Days - 10 GB,10.0,30,data,17.5,USD,,esimdb.com,https://esimdb.com/uk/nomad,2026-10-04
nomad,GB,united-kingdom,United Kingdom,Local United Kingdom - 5 Days - unlimited,10.0,5,data,18.0,USD,2 GB per day for 5 days,esimdb.com,https://esimdb.com/uk/nomad,2026-10-04
nomad,GB,united-kingdom,United Kingdom,Local United Kingdom - 30 Days - 10 GB,10.0,30,data,19.0,USD,,esimdb.com,https://esimdb.com/uk/nomad,2026-10-04
nomad,GB,united-kingdom,United Kingdom,Local United Kingdom - 30 Days - 20 GB,20.0,30,data,25.0,USD,,esimdb.com,https://esimdb.com/uk/nomad,2026-10-04
nomad,GB,united-kingdom,United Kingdom,Local United Kingdom - 7 Days - unlimited,14.0,7,data,25.0,USD,2 GB per day for 7 days,esimdb.com,https://esimdb.com/uk/nomad,2026-10-04
nomad,GB,united-kingdom,United Kingdom,Local United Kingdom - 30 Days - 20 GB,20.0,30,data,26.0,USD,,esimdb.com,https://esimdb.com/uk/nomad,2026-10-04
nomad,GB,united-kingdom,United Kingdom,Local United Kingdom - 10 Days - unlimited,20.0,10,data,33.0,USD,2 GB per day for 10 days,esimdb.com,https://esimdb.com/uk/nomad,2026-10-04
nomad,GB,united-kingdom,United Kingdom,Local United Kingdom - 30 Days - 50 GB,50.0,30,data,39.0,USD,,esimdb.com,https://esimdb.com/uk/nomad,2026-10-04
nomad,GB,united-kingdom,United Kingdom,Local United Kingdom - 30 Days - unlimited,60.0,30,data,49.0,USD,2 GB per day for 30 days,esimdb.com,https://esimdb.com/uk/nomad,2026-10-04
nomad,GE,georgia,Georgia,Nomad - Georgia - 7 Days - 1 GB,1.0,7,data,5.0,USD,,esimdb.com,https://esimdb.com/georgia/nomad,2026-10-04
nomad,GE,georgia,Georgia,Local Georgia - 3 Days - unlimited,6.0,3,data,11.0,USD,2 GB per day for 3 days,esimdb.com,https://esimdb.com/georgia/nomad,2026-10-04
nomad,GE,georgia,Georgia,Nomad - Georgia - 30 Days - 3 GB,3.0,30,data,12.0,USD,,esimdb.com,https://esimdb.com/georgia/nomad,2026-10-04
nomad,GE,georgia,Georgia,Nomad - Georgia - 30 Days - 5 GB,5.0,30,data,17.0,USD,,esimdb.com,https://esimdb.com/georgia/nomad,2026-10-04
nomad,GE,georgia,Georgia,Local Georgia - 5 Days - unlimited,10.0,5,data,18.0,USD,2 GB per day for 5 days,esimdb.com,https://esimdb.com/georgia/nomad,2026-10-04
nomad,GE,georgia,Georgia,Local Georgia - 7 Days - unlimited,14.0,7,data,25.0,USD,2 GB per day for 7 days,esimdb.com,https://esimdb.com/georgia/nomad,2026-10-04
nomad,GE,georgia,Georgia,Local Georgia - 10 Days - unlimited,20.0,10,data,33.0,USD,2 GB per day for 10 days,esimdb.com,https://esimdb.com/georgia/nomad,2026-10-04
nomad,GE,georgia,Georgia,Nomad - Georgia - 30 Days - 10 GB,10.0,30,data,33.0,USD,,esimdb.com,https://esimdb.com/georgia/nomad,2026-10-04
nomad,GE,georgia,Georgia,Nomad - Georgia - 30 Days - 20 GB,20.0,30,data,45.0,USD,,esimdb.com,https://esimdb.com/georgia/nomad,2026-10-04
nomad,GE,georgia,Georgia,Nomad - Georgia - 30 Days - 50 GB,50.0,30,data,55.0,USD,,esimdb.com,https://esimdb.com/georgia/nomad,2026-10-04
nomad,GR,greece,Greece,Local Greece - 7 Days - 1 GB,1.0,7,data,4.0,USD,,esimdb.com,https://esimdb.com/greece/nomad,2026-10-04
nomad,GR,greece,Greece,Local Greece - 30 Days - 3 GB,3.0,30,data,9.0,USD,,esimdb.com,https://esimdb.com/greece/nomad,2026-10-04
nomad,GR,greece,Greece,Local Greece - 3 Days - unlimited,6.0,3,data,11.0,USD,2 GB per day for 3 days,esimdb.com,https://esimdb.com/greece/nomad,2026-10-04
nomad,GR,greece,Greece,Local Greece - 30 Days - 5 GB,5.0,30,data,11.0,USD,,esimdb.com,https://esimdb.com/greece/nomad,2026-10-04
nomad,GR,greece,Greece,Local Greece - 30 Days - 10 GB,10.0,30,data,18.0,USD,,esimdb.com,https://esimdb.com/greece/nomad,2026-10-04
nomad,GR,greece,Greece,Local Greece - 5 Days - unlimited,10.0,5,data,18.0,USD,2 GB per day for 5 days,esimdb.com,https://esimdb.com/greece/nomad,2026-10-04
nomad,GR,greece,Greece,Local Greece - 30 Days - 20 GB,20.0,30,data,21.0,USD,,esimdb.com,https://esimdb.com/greece/nomad,2026-10-04
nomad,GR,greece,Greece,Local Greece - 7 Days - unlimited,14.0,7,data,25.0,USD,2 GB per day for 7 days,esimdb.com,https://esimdb.com/greece/nomad,2026-10-04
nomad,GR,greece,Greece,Local Greece - 30 Days - 50 GB,50.0,30,data,31.0,USD,,esimdb.com,https://esimdb.com/greece/nomad,2026-10-04
nomad,GR,greece,Greece,Local Greece - 10 Days - unlimited,20.0,10,data,33.0,USD,2 GB per day for 10 days,esimdb.com,https://esimdb.com/greece/nomad,2026-10-04
nomad,HK,hong-kong,Hong Kong,Local Hong Kong - 7 Days - 1 GB,1.0,7,data,4.0,USD,,esimdb.com,https://esimdb.com/hong-kong/nomad,2026-10-04
nomad,HK,hong-kong,Hong Kong,Local Hong Kong - 30 Days - 3 GB,3.0,30,data,8.0,USD,,esimdb.com,https://esimdb.com/hong-kong/nomad,2026-10-04
nomad,HK,hong-kong,Hong Kong,Local Hong Kong - 30 Days - 5 GB,5.0,30,data,11.0,USD,,esimdb.com,https://esimdb.com/hong-kong/nomad,2026-10-04
nomad,HK,hong-kong,Hong Kong,Local Hong Kong - 30 Days - 10 GB,10.0,30,data,16.0,USD,,esimdb.com,https://esimdb.com/hong-kong/nomad,2026-10-04
nomad,HK,hong-kong,Hong Kong,Local Hong Kong - 5 Days - unlimited,10.0,5,data,18.0,USD,2 GB per day for 5 days,esimdb.com,https://esimdb.com/hong-kong/nomad,2026-10-04
nomad,HK,hong-kong,Hong Kong,Local Hong Kong - 45 Days - 20 GB,20.0,45,data,27.0,USD,,esimdb.com,https://esimdb.com/hong-kong/nomad,2026-10-04
nomad,HK,hong-kong,Hong Kong,Local Hong Kong - 10 Days - unlimited,20.0,10,data,33.0,USD,2 GB per day for 10 days,esimdb.com,https://esimdb.com/hong-kong/nomad,2026-10-04
nomad,HK,hong-kong,Hong Kong,Local Hong Kong - 45 Days - 50 GB,50.0,45,data,49.0,USD,,esimdb.com,https://esimdb.com/hong-kong/nomad,2026-10-04
nomad,HR,croatia,Croatia,Local Croatia - 7 Days - 1 GB,1.0,7,data,4.0,USD,,esimdb.com,https://esimdb.com/croatia/nomad,2026-10-04
nomad,HR,croatia,Croatia,Local Croatia - 30 Days - 3 GB,3.0,30,data,7.0,USD,,esimdb.com,https://esimdb.com/croatia/nomad,2026-10-04
nomad,HR,croatia,Croatia,Local Croatia - 30 Days - 5 GB,5.0,30,data,9.0,USD,,esimdb.com,https://esimdb.com/croatia/nomad,2026-10-04
nomad,HR,croatia,Croatia,Local Croatia - 3 Days - unlimited,6.0,3,data,11.0,USD,2 GB per day for 3 days,esimdb.com,https://esimdb.com/croatia/nomad,2026-10-04
nomad,HR,croatia,Croatia,Local Croatia - 30 Days - 10 GB,10.0,30,data,15.0,USD,,esimdb.com,https://esimdb.com/croatia/nomad,2026-10-04
nomad,HR,croatia,Croatia,Local Croatia - 5 Days - unlimited,10.0,5,data,18.0,USD,2 GB per day for 5 days,esimdb.com,https://esimdb.com/croatia/nomad,2026-10-04
nomad,HR,croatia,Croatia,Local Croatia - 30 Days - 20 GB,20.0,30,data,21.0,USD,,esimdb.com,https://esimdb.com/croatia/nomad,2026-10-04
nomad,HR,croatia,Croatia,Local Croatia - 7 Days - unlimited,14.0,7,data,25.0,USD,2 GB per day for 7 days,esimdb.com,https://esimdb.com/croatia/nomad,2026-10-04
nomad,HR,croatia,Croatia,Local Croatia - 30 Days - 50 GB,50.0,30,data,31.0,USD,,esimdb.com,https://esimdb.com/croatia/nomad,2026-10-04
nomad,HR,croatia,Croatia,Local Croatia - 10 Days - unlimited,20.0,10,data,33.0,USD,2 GB per day for 10 days,esimdb.com,https://esimdb.com/croatia/nomad,2026-10-04
nomad,ID,indonesia,Indonesia,Indonesia 1 GB 7 Days,1.0,7,data,4.0,USD,,esimdb.com,https://esimdb.com/indonesia/nomad,2026-10-04
nomad,ID,indonesia,Indonesia,Indonesia 3 GB 30 Days,3.0,30,data,8.0,USD,,esimdb.com,https://esimdb.com/indonesia/nomad,2026-10-04
nomad,ID,indonesia,Indonesia,Indonesia 5 GB 30 Days,5.0,30,data,12.0,USD,,esimdb.com,https://esimdb.com/indonesia/nomad,2026-10-04
nomad,ID,indonesia,Indonesia,Local Indonesia - 5 Days - unlimited,10.0,5,data,18.0,USD,2 GB per day for 5 days,esimdb.com,https://esimdb.com/indonesia/nomad,2026-10-04
nomad,ID,indonesia,Indonesia,Indonesia 10 GB 30 Days,10.0,30,data,19.0,USD,,esimdb.com,https://esimdb.com/indonesia/nomad,2026-10-04
nomad,ID,indonesia,Indonesia,Indonesia 20 GB 45 Days,20.0,45,data,33.0,USD,,esimdb.com,https://esimdb.com/indonesia/nomad,2026-10-04
nomad,ID,indonesia,Indonesia,Local Indonesia - 10 Days - unlimited,20.0,10,data,33.0,USD,2 GB per day for 10 days,esimdb.com,https://esimdb.com/indonesia/nomad,2026-10-04
nomad,ID,indonesia,Indonesia,Indonesia 50 GB 45 Days,50.0,45,data,41.0,USD,,esimdb.com,https://esimdb.com/indonesia/nomad,2026-10-04
nomad,IE,ireland,Ireland,Local Ireland - 7 Days - 1 GB,1.0,7,data,4.5,USD,,esimdb.com,https://esimdb.com/ireland/nomad,2026-10-04
nomad,IE,ireland,Ireland,Local Ireland - 30 Days - 3 GB,3.0,30,data,9.0,USD,,esimdb.com,https://esimdb.com/ireland/nomad,2026-10-04
nomad,IE,ireland,Ireland,Local Ireland - 3 Days - unlimited,6.0,3,data,11.0,USD,2 GB per day for 3 days,esimdb.com,https://esimdb.com/ireland/nomad,2026-10-04
nomad,IE,ireland,Ireland,Local Ireland - 30 Days - 5 GB,5.0,30,data,12.5,USD,,esimdb.com,https://esimdb.com/ireland/nomad,2026-10-04
nomad,IE,ireland,Ireland,Local Ireland - 30 Days - 10 GB,10.0,30,data,16.0,USD,,esimdb.com,https://esimdb.com/ireland/nomad,2026-10-04
nomad,IE,ireland,Ireland,Local Ireland - 5 Days - unlimited,10.0,5,data,18.0,USD,2 GB per day for 5 days,esimdb.com,https://esimdb.com/ireland/nomad,2026-10-04
nomad,IE,ireland,Ireland,Local Ireland - 30 Days - 20 GB,20.0,30,data,20.0,USD,,esimdb.com,https://esimdb.com/ireland/nomad,2026-10-04
nomad,IE,ireland,Ireland,Local Ireland - 7 Days - unlimited,14.0,7,data,25.0,USD,2 GB per day for 7 days,esimdb.com,https://esimdb.com/ireland/nomad,2026-10-04
nomad,IE,ireland,Ireland,Local Ireland - 10 Days - unlimited,20.0,10,data,33.0,USD,2 GB per day for 10 days,esimdb.com,https://esimdb.com/ireland/nomad,2026-10-04
nomad,IE,ireland,Ireland,Local Ireland - 30 Days - 50 GB,50.0,30,data,45.0,USD,,esimdb.com,https://esimdb.com/ireland/nomad,2026-10-04
nomad,IL,israel,Israel,Local Israel - 7 Days - 1 GB,1.0,7,data,4.5,USD,,esimdb.com,https://esimdb.com/israel/nomad,2026-10-04
nomad,IL,israel,Israel,Local Israel - 30 Days - 3 GB,3.0,30,data,9.0,USD,,esimdb.com,https://esimdb.com/israel/nomad,2026-10-04
nomad,IL,israel,Israel,Local Israel - 30 Days - 5 GB,5.0,30,data,14.0,USD,,esimdb.com,https://esimdb.com/israel/nomad,2026-10-04
nomad,IL,israel,Israel,Local Israel - 30 Days - 10 GB,10.0,30,data,19.0,USD,,esimdb.com,https://esimdb.com/israel/nomad,2026-10-04
nomad,IL,israel,Israel,Local Israel - 30 Days - 20 GB,20.0,30,data,29.0,USD,,esimdb.com,https://esimdb.com/israel/nomad,2026-10-04
nomad,IL,israel,Israel,Local Israel - 30 Days - 50 GB,50.0,30,data,39.0,USD,,esimdb.com,https://esimdb.com/israel/nomad,2026-10-04
nomad,IN,india,India,India 1 GB 7 Days,1.0,7,data,4.0,USD,,esimdb.com,https://esimdb.com/india/nomad,2026-10-04
nomad,IN,india,India,India 3 GB 30 Days,3.0,30,data,8.5,USD,,esimdb.com,https://esimdb.com/india/nomad,2026-10-04
nomad,IN,india,India,India 5 GB 30 Days,5.0,30,data,13.0,USD,,esimdb.com,https://esimdb.com/india/nomad,2026-10-04
nomad,IN,india,India,Local India - 5 Days - unlimited,10.0,5,data,18.0,USD,2 GB per day for 5 days,esimdb.com,https://esimdb.com/india/nomad,2026-10-04
nomad,IN,india,India,India 10 GB 30 Days,10.0,30,data,21.0,USD,,esimdb.com,https://esimdb.com/india/nomad,2026-10-04
nomad,IN,india,India,Local India - 30 Days - 20 GB,20.0,30,data,33.0,USD,,esimdb.com,https://esimdb.com/india/nomad,2026-10-04
nomad,IN,india,India,Local India - 10 Days - unlimited,20.0,10,data,33.0,USD,2 GB per day for 10 days,esimdb.com,https://esimdb.com/india/nomad,2026-10-04
nomad,IN,india,India,Local India - 30 Days - 50 GB,50.0,30,data,43.0,USD,,esimdb.com,https://esimdb.com/india/nomad,2026-10-04
nomad,IS,iceland,Iceland,Local Iceland - 7 Days - 1 GB,1.0,7,data,4.5,USD,,esimdb.com,https://esimdb.com/iceland/nomad,2026-10-04
nomad,IS,iceland,Iceland,Local Iceland - 30 Days - 3 GB,3.0,30,data,9.0,USD,,esimdb.com,https://esimdb.com/iceland/nomad,2026-10-04
nomad,IS,iceland,Iceland,Local Iceland - 3 Days - unlimited,6.0,3,data,11.0,USD,2 GB per day for 3 days,esimdb.com,https://esimdb.com/iceland/nomad,2026-10-04
nomad,IS,iceland,Iceland,Local Iceland - 30 Days - 5 GB,5.0,30,data,12.5,USD,,esimdb.com,https://esimdb.com/iceland/nomad,2026-10-04
nomad,IS,iceland,Iceland,Local Iceland - 30 Days - 10 GB,10.0,30,data,16.0,USD,,esimdb.com,https://esimdb.com/iceland/nomad,2026-10-04
nomad,IS,iceland,Iceland,Local Iceland - 5 Days - unlimited,10.0,5,data,18.0,USD,2 GB per day for 5 days,esimdb.com,https://esimdb.com/iceland/nomad,2026-10-04
nomad,IS,iceland,Iceland,Local Iceland - 30 Days - 20 GB,20.0,30,data,20.0,USD,,esimdb.com,https://esimdb.com/iceland/nomad,2026-10-04
nomad,IS,iceland,Iceland,Local Iceland - 7 Days - unlimited,14.0,7,data,25.0,USD,2 GB per day for 7 days,esimdb.com,https://esimdb.com/iceland/nomad,2026-10-04
nomad,IS,iceland,Iceland,Local Iceland - 10 Days - unlimited,20.0,10,data,33.0,USD,2 GB per day for 10 days,esimdb.com,https://esimdb.com/iceland/nomad,2026-10-04
nomad,IS,iceland,Iceland,Local Iceland - 30 Days - 50 GB,50.0,30,data,45.0,USD,,esimdb.com,https://esimdb.com/iceland/nomad,2026-10-04
nomad,IT,italy,Italy,Local Italy - 7 Days - 1 GB,1.0,7,data,4.0,USD,,esimdb.com,https://esimdb.com/italy/nomad,2026-10-04
nomad,IT,italy,Italy,Local Italy - 30 Days - 3 GB,3.0,30,data,7.0,USD,,esimdb.com,https://esimdb.com/italy/nomad,2026-10-04
nomad,IT,italy,Italy,Local Italy - 3 Days - unlimited,6.0,3,data,11.0,USD,2 GB per day for 3 days,esimdb.com,https://esimdb.com/italy/nomad,2026-10-04
nomad,IT,italy,Italy,Local Italy - 30 Days - 5 GB,5.0,30,data,11.0,USD,,esimdb.com,https://esimdb.com/italy/nomad,2026-10-04
nomad,IT,italy,Italy,Local Italy - 5 Days - unlimited,10.0,5,data,18.0,USD,2 GB per day for 5 days,esimdb.com,https://esimdb.com/italy/nomad,2026-10-04
nomad,IT,italy,Italy,Local Italy - 30 Days - 10 GB,10.0,30,data,18.5,USD,,esimdb.com,https://esimdb.com/italy/nomad,2026-10-04
nomad,IT,italy,Italy,Local Italy - 30 Days - 20 GB,20.0,30,data,25.0,USD,,esimdb.com,https://esimdb.com/italy/nomad,2026-10-04
nomad,IT,italy,Italy,Local Italy - 7 Days - unlimited,14.0,7,data,25.0,USD,2 GB per day for 7 days,esimdb.com,https://esimdb.com/italy/nomad,2026-10-04
nomad,IT,italy,Italy,Local Italy - 10 Days - unlimited,20.0,10,data,33.0,USD,2 GB per day for 10 days,esimdb.com,https://esimdb.com/italy/nomad,2026-10-04
nomad,IT,italy,Italy,Local Italy - 30 Days - 50 GB,50.0,30,data,35.0,USD,,esimdb.com,https://esimdb.com/italy/nomad,2026-10-04
nomad,JP,japan,Japan,Japan 1 GB 7 Days,1.0,7,data,4.0,USD,,esimdb.com,https://esimdb.com/japan/nomad,2026-10-04
nomad,JP,japan,Japan,Japan 3 GB 30 Days,3.0,30,data,7.0,USD,,esimdb.com,https://esimdb.com/japan/nomad,2026-10-04
nomad,JP,japan,Japan,Japan 5 GB 30 Days,5.0,30,data,10.0,USD,,esimdb.com,https://esimdb.com/japan/nomad,2026-10-04
nomad,JP,japan,Japan,Local Japan - 3 Days - unlimited,6.0,3,data,11.0,USD,2 GB per day for 3 days,esimdb.com,https://esimdb.com/japan/nomad,2026-10-04
nomad,JP,japan,Japan,Japan 10 GB 30 Days,10.0,30,data,16.0,USD,,esimdb.com,https://esimdb.com/japan/nomad,2026-10-04
nomad,JP,japan,Japan,Local Japan - 30 Days - 20 GB,20.0,30,data,23.0,USD,,esimdb.com,https://esimdb.com/japan/nomad,2026-10-04
nomad,JP,japan,Japan,Local Japan - 7 Days - unlimited,14.0,7,data,25.0,USD,2 GB per day for 7 days,esimdb.com,https://esimdb.com/japan/nomad,2026-10-04
nomad,JP,japan,Japan,Local Japan - 30 Days - 50 GB,50.0,30,data,35.0,USD,,esimdb.com,https://esimdb.com/japan/nomad,2026-10-04
nomad,JP,japan,Japan,Local Japan - 14 Days - unlimited,28.0,14,data,41.0,USD,2 GB per day for 14 days,esimdb.com,https://esimdb.com/japan/nomad,2026-10-04
nomad,JP,japan,Japan,Local Japan - 21 Days - unlimited,42.0,21,data,49.0,USD,2 GB per day for 21 days,esimdb.com,https://esimdb.com/japan/nomad,2026-10-04
nomad,KE,kenya,Kenya,Kenya 1 GB 7 Days,1.0,7,data,10.0,USD,,esimdb.com,https://esimdb.com/kenya/nomad,2026-10-04
nomad,KE,kenya,Kenya,Kenya 3 GB 30 Days,3.0,30,data,17.0,USD,,esimdb.com,https://esimdb.com/kenya/nomad,2026-10-04
nomad,KE,kenya,Kenya,Kenya 5 GB 30 Days,5.0,30,data,23.0,USD,,esimdb.com,https://esimdb.com/kenya/nomad,2026-10-04
nomad,KE,kenya,Kenya,Kenya 10 GB 30 Days,10.0,30,data,37.0,USD,,esimdb.com,https://esimdb.com/kenya/nomad,2026-10-04
nomad,KE,kenya,Kenya,Kenya 20 GB 45 Days,20.0,45,data,59.0,USD,,esimdb.com,https://esimdb.com/kenya/nomad,2026-10-04
nomad,KR,south-korea,South Korea,South Korea 1 GB 7 Days,1.0,7,data,4.0,USD,,esimdb.com,https://esimdb.com/south-korea/nomad,2026-10-04
nomad,KR,south-korea,South Korea,South Korea 3 GB 30 Days,3.0,30,data,8.0,USD,,esimdb.com,https://esimdb.com/south-korea/nomad,2026-10-04
nomad,KR,south-korea,South Korea,South Korea 5 GB 30 Days,5.0,30,data,10.0,USD,,esimdb.com,https://esimdb.com/south-korea/nomad,2026-10-04
nomad,KR,south-korea,South Korea,Day Plan -South Korea -2GB/Day -3 Days,6.0,3,data,11.0,USD,2 GB per day for 3 days,esimdb.com,https://esimdb.com/south-korea/nomad,2026-10-04
nomad,KR,south-korea,South Korea,South Korea 10 GB 30 Days,10.0,30,data,18.0,USD,,esimdb.com,https://esimdb.com/south-korea/nomad,2026-10-04
nomad,KR,south-korea,South Korea,Day Plan -South Korea -2GB/Day -5 Days,10.0,5,data,18.0,USD,2 GB per day for 5 days,esimdb.com,https://esimdb.com/south-korea/nomad,2026-10-04
nomad,KR,south-korea,South Korea,Day Plan -South Korea -2GB/Day -7 Days,14.0,7,data,25.0,USD,2 GB per day for 7 days,esimdb.com,https://esimdb.com/south-korea/nomad,2026-10-04
nomad,KR,south-korea,South Korea,Local South Korea - 30 Days - 20 GB,20.0,30,data,28.0,USD,,esimdb.com,https://esimdb.com/south-korea/nomad,2026-10-04
nomad,KR,south-korea,South Korea,Day Plan -South Korea -2GB/Day -10 Days,20.0,10,data,33.0,USD,2 GB per day for 10 days,esimdb.com,https://esimdb.com/south-korea/nomad,2026-10-04
nomad,KR,south-korea,South Korea,Local South Korea - 30 Days - 50 GB,50.0,30,data,39.0,USD,,esimdb.com,https://esimdb.com/south-korea/nomad,2026-10-04
nomad,MA,morocco,Morocco,Local Morocco - 7 Days - 1 GB,1.0,7,data,7.0,USD,,esimdb.com,https://esimdb.com/morocco/nomad,2026-10-04
nomad,MA,morocco,Morocco,Local Morocco - 3 Days - unlimited,6.0,3,data,14.0,USD,2 GB per day for 3 days,esimdb.com,https://esimdb.com/morocco/nomad,2026-10-04
nomad,MA,morocco,Morocco,Local Morocco - 30 Days - 3 GB,3.0,30,data,14.0,USD,,esimdb.com,https://esimdb.com/morocco/nomad,2026-10-04
nomad,MA,morocco,Morocco,Local Morocco - 30 Days - 5 GB,5.0,30,data,17.0,USD,,esimdb.com,https://esimdb.com/morocco/nomad,2026-10-04
nomad,MA,morocco,Morocco,Local Morocco - 30 Days - 10 GB,10.0,30,data,21.0,USD,,esimdb.com,https://esimdb.com/morocco/nomad,2026-10-04
nomad,MA,morocco,Morocco,Local Morocco - 5 Days - unlimited,10.0,5,data,21.0,USD,2 GB per day for 5 days,esimdb.com,https://esimdb.com/morocco/nomad,2026-10-04
nomad,MA,morocco,Morocco,Local Morocco - 30 Days - 20 GB,20.0,30,data,25.0,USD,,esimdb.com,https://esimdb.com/morocco/nomad,2026-10-04
nomad,MA,morocco,Morocco,Local Morocco- 7 Days - unlimited,14.0,7,data,27.0,USD,2 GB per day for 7 days,esimdb.com,https://esimdb.com/morocco/nomad,2026-10-04
nomad,MA,morocco,Morocco,Local Morocco - 10 Days - unlimited,20.0,10,data,35.0,USD,2 GB per day for 10 days,esimdb.com,https://esimdb.com/morocco/nomad,2026-10-04
nomad,MA,morocco,Morocco,Local Morocco - 30 Days - 50 GB,50.0,30,data,45.0,USD,,esimdb.com,https://esimdb.com/morocco/nomad,2026-10-04
nomad,MO,macao,Macao,Local Macau - 7 Days - 1 GB,1.0,7,data,4.0,USD,,esimdb.com,https://esimdb.com/macau/nomad,2026-10-04
nomad,MO,macao,Macao,Local Macau 3 GB 30 Days - 30 Days - 3 GB,3.0,30,data,8.0,USD,,esimdb.com,https://esimdb.com/macau/nomad,2026-10-04
nomad,MO,macao,Macao,Local Macau 5 GB 30 Days - 30 Days - 5 GB,5.0,30,data,10.0,USD,,esimdb.com,https://esimdb.com/macau/nomad,2026-10-04
nomad,MO,macao,Macao,Local Macau 10 GB 30 Days - 30 Days - 10 GB,10.0,30,data,14.0,USD,,esimdb.com,https://esimdb.com/macau/nomad,2026-10-04
nomad,MO,macao,Macao,Local Macau 20 GB 45 Days - 45 Days - 20 GB,20.0,45,data,20.0,USD,,esimdb.com,https://esimdb.com/macau/nomad,2026-10-04
nomad,MO,macao,Macao,Local Macau 50 GB 45 Days - 45 Days - 50 GB,50.0,45,data,45.0,USD,,esimdb.com,https://esimdb.com/macau/nomad,2026-10-04
nomad,MX,mexico,Mexico,Local Mexico - 7 Days - 1 GB,1.0,7,data,5.0,USD,,esimdb.com,https://esimdb.com/mexico/nomad,2026-10-04
nomad,MX,mexico,Mexico,Local Mexico - 30 Days - 3 GB,3.0,30,data,7.0,USD,,esimdb.com,https://esimdb.com/mexico/nomad,2026-10-04
nomad,MX,mexico,Mexico,Local Mexico - 3 Days - unlimited,6.0,3,data,10.0,USD,2 GB per day for 3 days,esimdb.com,https://esimdb.com/mexico/nomad,2026-10-04
nomad,MX,mexico,Mexico,Local Mexico - 30 Days - 5 GB,5.0,30,data,11.0,USD,,esimdb.com,https://esimdb.com/mexico/nomad,2026-10-04
nomad,MX,mexico,Mexico,Local Mexico - 30 Days - 10 GB,10.0,30,data,15.5,USD,,esimdb.com,https://esimdb.com/mexico/nomad,2026-10-04
nomad,MX,mexico,Mexico,Local Mexico - 5 Days - unlimited,10.0,5,data,17.0,USD,2 GB per day for 5 days,esimdb.com,https://esimdb.com/mexico/nomad,2026-10-04
nomad,MX,mexico,Mexico,Local Mexico - 7 Days - unlimited,14.0,7,data,22.0,USD,2 GB per day for 7 days,esimdb.com,https://esimdb.com/mexico/nomad,2026-10-04
nomad,MX,mexico,Mexico,Local Mexico - 30 Days - 20 GB,20.0,30,data,27.5,USD,,esimdb.com,https://esimdb.com/mexico/nomad,2026-10-04
nomad,MX,mexico,Mexico,Local Mexico - 10 Days - unlimited,20.0,10,data,30.0,USD,2 GB per day for 10 days,esimdb.com,https://esimdb.com/mexico/nomad,2026-10-04
nomad,MY,malaysia,Malaysia,Malaysia 1 GB 7 Days,1.0,7,data,5.0,USD,,esimdb.com,https://esimdb.com/malaysia/nomad,2026-10-04
nomad,MY,malaysia,Malaysia,Malaysia 3 GB 30 Days,3.0,30,data,7.0,USD,,esimdb.com,https://esimdb.com/malaysia/nomad,2026-10-04
nomad,MY,malaysia,Malaysia,Malaysia 5 GB 30 Days,5.0,30,data,11.0,USD,,esimdb.com,https://esimdb.com/malaysia/nomad,2026-10-04
nomad,MY,malaysia,Malaysia,Malaysia 10 GB 30 Days,10.0,30,data,16.0,USD,,esimdb.com,https://esimdb.com/malaysia/nomad,2026-10-04
nomad,MY,malaysia,Malaysia,Local Malaysia - 5 Days - unlimited,10.0,5,data,18.0,USD,2 GB per day for 5 days,esimdb.com,https://esimdb.com/malaysia/nomad,2026-10-04
nomad,MY,malaysia,Malaysia,Malaysia 20 GB 45 Days,20.0,45,data,25.0,USD,,esimdb.com,https://esimdb.com/malaysia/nomad,2026-10-04
nomad,MY,malaysia,Malaysia,Local Malaysia - 10 Days - unlimited,20.0,10,data,33.0,USD,2 GB per day for 10 days,esimdb.com,https://esimdb.com/malaysia/nomad,2026-10-04
nomad,NL,netherlands,Netherlands,Local Netherlands - 7 Days - 1 GB,1.0,7,data,4.5,USD,,esimdb.com,https://esimdb.com/netherlands/nomad,2026-10-04
nomad,NL,netherlands,Netherlands,Local Netherlands - 30 Days - 3 GB,3.0,30,data,9.0,USD,,esimdb.com,https://esimdb.com/netherlands/nomad,2026-10-04
nomad,NL,netherlands,Netherlands,Local Netherlands - 3 Days - unlimited,6.0,3,data,11.0,USD,2 GB per day for 3 days,esimdb.com,https://esimdb.com/netherlands/nomad,2026-10-04
nomad,NL,netherlands,Netherlands,Local Netherlands - 30 Days - 5 GB,5.0,30,data,12.5,USD,,esimdb.com,https://esimdb.com/netherlands/nomad,2026-10-04
nomad,NL,netherlands,Netherlands,Local Netherlands - 30 Days - 10 GB,10.0,30,data,16.0,USD,,esimdb.com,https://esimdb.com/netherlands/nomad,2026-10-04
nomad,NL,netherlands,Netherlands,Local Netherlands - 5 Days - unlimited,10.0,5,data,18.0,USD,2 GB per day for 5 days,esimdb.com,https://esimdb.com/netherlands/nomad,2026-10-04
nomad,NL,netherlands,Netherlands,Local Netherlands - 30 Days - 20 GB,20.0,30,data,20.0,USD,,esimdb.com,https://esimdb.com/netherlands/nomad,2026-10-04
nomad,NL,netherlands,Netherlands,Local Netherlands - 7 Days - unlimited,14.0,7,data,25.0,USD,2 GB per day for 7 days,esimdb.com,https://esimdb.com/netherlands/nomad,2026-10-04
nomad,NL,netherlands,Netherlands,Local Netherlands - 10 Days - unlimited,20.0,10,data,33.0,USD,2 GB per day for 10 days,esimdb.com,https://esimdb.com/netherlands/nomad,2026-10-04
nomad,NL,netherlands,Netherlands,Local Netherlands - 30 Days - 50 GB,50.0,30,data,45.0,USD,,esimdb.com,https://esimdb.com/netherlands/nomad,2026-10-04
nomad,NZ,new-zealand,New Zealand,Local New Zealand - 7 Days - 1 GB,1.0,7,data,4.5,USD,,esimdb.com,https://esimdb.com/new-zealand/nomad,2026-10-04
nomad,NZ,new-zealand,New Zealand,Local New Zealand - 30 Days - 3 GB,3.0,30,data,9.0,USD,,esimdb.com,https://esimdb.com/new-zealand/nomad,2026-10-04
nomad,NZ,new-zealand,New Zealand,Local New Zealand - 3 Days - unlimited,6.0,3,data,11.0,USD,2 GB per day for 3 days,esimdb.com,https://esimdb.com/new-zealand/nomad,2026-10-04
nomad,NZ,new-zealand,New Zealand,Local New Zealand - 30 Days - 5 GB,5.0,30,data,13.0,USD,,esimdb.com,https://esimdb.com/new-zealand/nomad,2026-10-04
nomad,NZ,new-zealand,New Zealand,Local New Zealand - 30 Days - 10 GB,10.0,30,data,18.0,USD,,esimdb.com,https://esimdb.com/new-zealand/nomad,2026-10-04
nomad,NZ,new-zealand,New Zealand,Local New Zealand - 5 Days - unlimited,10.0,5,data,18.0,USD,2 GB per day for 5 days,esimdb.com,https://esimdb.com/new-zealand/nomad,2026-10-04
nomad,NZ,new-zealand,New Zealand,Local New Zealand - 7 Days - unlimited,14.0,7,data,25.0,USD,2 GB per day for 7 days,esimdb.com,https://esimdb.com/new-zealand/nomad,2026-10-04
nomad,NZ,new-zealand,New Zealand,Local New Zealand - 30 Days - 20 GB,20.0,30,data,28.0,USD,,esimdb.com,https://esimdb.com/new-zealand/nomad,2026-10-04
nomad,NZ,new-zealand,New Zealand,Local New Zealand - 10 Days - unlimited,20.0,10,data,33.0,USD,2 GB per day for 10 days,esimdb.com,https://esimdb.com/new-zealand/nomad,2026-10-04
nomad,PE,peru,Peru,Local Peru - 7 Days - 1 GB,1.0,7,data,4.5,USD,,esimdb.com,https://esimdb.com/peru/nomad,2026-10-04
nomad,PE,peru,Peru,Local Peru - 3 Days - unlimited,6.0,3,data,11.0,USD,2 GB per day for 3 days,esimdb.com,https://esimdb.com/peru/nomad,2026-10-04
nomad,PE,peru,Peru,Local Peru - 30 Days - 3 GB,3.0,30,data,11.5,USD,,esimdb.com,https://esimdb.com/peru/nomad,2026-10-04
nomad,PE,peru,Peru,Local Peru - 30 Days - 5 GB,5.0,30,data,17.0,USD,,esimdb.com,https://esimdb.com/peru/nomad,2026-10-04
nomad,PE,peru,Peru,Local Peru - 5 Days - unlimited,10.0,5,data,18.0,USD,2 GB per day for 5 days,esimdb.com,https://esimdb.com/peru/nomad,2026-10-04
nomad,PE,peru,Peru,Local Peru - 7 Days - unlimited,14.0,7,data,25.0,USD,2 GB per day for 7 days,esimdb.com,https://esimdb.com/peru/nomad,2026-10-04
nomad,PE,peru,Peru,Local Peru - 30 Days - 10 GB,10.0,30,data,25.0,USD,,esimdb.com,https://esimdb.com/peru/nomad,2026-10-04
nomad,PE,peru,Peru,Local Peru - 10 Days - unlimited,20.0,10,data,33.0,USD,2 GB per day for 10 days,esimdb.com,https://esimdb.com/peru/nomad,2026-10-04
nomad,PE,peru,Peru,Local Peru - 30 Days - 20 GB,20.0,30,data,35.0,USD,,esimdb.com,https://esimdb.com/peru/nomad,2026-10-04
nomad,PH,philippines,Philippines,Philippines 1 GB 7 Days,1.0,7,data,4.0,USD,,esimdb.com,https://esimdb.com/philippines/nomad,2026-10-04
nomad,PH,philippines,Philippines,Philippines 3 GB 30 Days,3.0,30,data,7.0,USD,,esimdb.com,https://esimdb.com/philippines/nomad,2026-10-04
nomad,PH,philippines,Philippines,Philippines 5 GB 30 Days,5.0,30,data,11.0,USD,,esimdb.com,https://esimdb.com/philippines/nomad,2026-10-04
nomad,PH,philippines,Philippines,Philippines 10 GB 30 Days,10.0,30,data,17.0,USD,,esimdb.com,https://esimdb.com/philippines/nomad,2026-10-04
nomad,PH,philippines,Philippines,Local Philippines - 5 Days - unlimited,10.0,5,data,18.0,USD,2 GB per day for 5 days,esimdb.com,https://esimdb.com/philippines/nomad,2026-10-04
nomad,PH,philippines,Philippines,Local Philippines - 45 Days - 20 GB,20.0,45,data,27.0,USD,,esimdb.com,https://esimdb.com/philippines/nomad,2026-10-04
nomad,PH,philippines,Philippines,Local Philippines - 10 Days - unlimited,20.0,10,data,33.0,USD,2 GB per day for 10 days,esimdb.com,https://esimdb.com/philippines/nomad,2026-10-04
nomad,PH,philippines,Philippines,Local Philippines - 30 Days - 50 GB,50.0,30,data,45.0,USD,,esimdb.com,https://esimdb.com/philippines/nomad,2026-10-04
nomad,PL,poland,Poland,Local Poland - 7 Days - 1 GB,1.0,7,data,4.5,USD,,esimdb.com,https://esimdb.com/poland/nomad,2026-10-04
nomad,PL,poland,Poland,Local Poland - 30 Days - 3 GB,3.0,30,data,9.0,USD,,esimdb.com,https://esimdb.com/poland/nomad,2026-10-04
nomad,PL,poland,Poland,Local Poland - 3 Days - unlimited,6.0,3,data,11.0,USD,2 GB per day for 3 days,esimdb.com,https://esimdb.com/poland/nomad,2026-10-04
nomad,PL,poland,Poland,Local Poland - 30 Days - 5 GB,5.0,30,data,12.5,USD,,esimdb.com,https://esimdb.com/poland/nomad,2026-10-04
nomad,PL,poland,Poland,Local Poland - 30 Days - 10 GB,10.0,30,data,14.0,USD,,esimdb.com,https://esimdb.com/poland/nomad,2026-10-04
nomad,PL,poland,Poland,Local Poland - 5 Days - unlimited,10.0,5,data,18.0,USD,2 GB per day for 5 days,esimdb.com,https://esimdb.com/poland/nomad,2026-10-04
nomad,PL,poland,Poland,Local Poland - 30 Days - 20 GB,20.0,30,data,19.0,USD,,esimdb.com,https://esimdb.com/poland/nomad,2026-10-04
nomad,PL,poland,Poland,Local Poland - 7 Days - unlimited,14.0,7,data,25.0,USD,2 GB per day for 7 days,esimdb.com,https://esimdb.com/poland/nomad,2026-10-04
nomad,PL,poland,Poland,Local Poland - 10 Days - unlimited,20.0,10,data,33.0,USD,2 GB per day for 10 days,esimdb.com,https://esimdb.com/poland/nomad,2026-10-04
nomad,PL,poland,Poland,Local Poland - 30 Days - 50 GB,50.0,30,data,45.0,USD,,esimdb.com,https://esimdb.com/poland/nomad,2026-10-04
nomad,PT,portugal,Portugal,Local Portugal - 7 Days - 1 GB,1.0,7,data,4.5,USD,,esimdb.com,https://esimdb.com/portugal/nomad,2026-10-04
nomad,PT,portugal,Portugal,Local Portugal - 30 Days - 3 GB,3.0,30,data,9.0,USD,,esimdb.com,https://esimdb.com/portugal/nomad,2026-10-04
nomad,PT,portugal,Portugal,Local Portugal - 30 Days - 5 GB,5.0,30,data,10.0,USD,,esimdb.com,https://esimdb.com/portugal/nomad,2026-10-04
nomad,PT,portugal,Portugal,Local Portugal - 3 Days - unlimited,6.0,3,data,11.0,USD,2 GB per day for 3 days,esimdb.com,https://esimdb.com/portugal/nomad,2026-10-04
nomad,PT,portugal,Portugal,Local Portugal - 30 Days - 10 GB,10.0,30,data,16.0,USD,,esimdb.com,https://esimdb.com/portugal/nomad,2026-10-04
nomad,PT,portugal,Portugal,Local Portugal - 5 Days - unlimited,10.0,5,data,18.0,USD,2 GB per day for 5 days,esimdb.com,https://esimdb.com/portugal/nomad,2026-10-04
nomad,PT,portugal,Portugal,Local Portugal - 30 Days - 20 GB,20.0,30,data,20.0,USD,,esimdb.com,https://esimdb.com/portugal/nomad,2026-10-04
nomad,PT,portugal,Portugal,Local Portugal - 7 Days - unlimited,14.0,7,data,25.0,USD,2 GB per day for 7 days,esimdb.com,https://esimdb.com/portugal/nomad,2026-10-04
nomad,PT,portugal,Portugal,Local Portugal - 10 Days - unlimited,20.0,10,data,33.0,USD,2 GB per day for 10 days,esimdb.com,https://esimdb.com/portugal/nomad,2026-10-04
nomad,PT,portugal,Portugal,Local Portugal - 30 Days - 50 GB,50.0,30,data,45.0,USD,,esimdb.com,https://esimdb.com/portugal/nomad,2026-10-04
nomad,QA,qatar,Qatar,Local Qatar - 7 Days - 1 GB,1.0,7,data,8.0,USD,,esimdb.com,https://esimdb.com/qatar/nomad,2026-10-04
nomad,QA,qatar,Qatar,Local Qatar - 30 Days - 3 GB,3.0,30,data,11.0,USD,,esimdb.com,https://esimdb.com/qatar/nomad,2026-10-04
nomad,QA,qatar,Qatar,Local Qatar - 30 Days - 5 GB,5.0,30,data,15.0,USD,,esimdb.com,https://esimdb.com/qatar/nomad,2026-10-04
nomad,QA,qatar,Qatar,Local Qatar - 5 Days - unlimited,10.0,5,data,18.0,USD,2 GB per day for 5 days,esimdb.com,https://esimdb.com/qatar/nomad,2026-10-04
nomad,QA,qatar,Qatar,Local Qatar - 30 Days - 10 GB,10.0,30,data,19.0,USD,,esimdb.com,https://esimdb.com/qatar/nomad,2026-10-04
nomad,QA,qatar,Qatar,Local Qatar - 30 Days - 20 GB,20.0,30,data,29.0,USD,,esimdb.com,https://esimdb.com/qatar/nomad,2026-10-04
nomad,QA,qatar,Qatar,Local Qatar - 10 Days - unlimited,20.0,10,data,33.0,USD,2 GB per day for 10 days,esimdb.com,https://esimdb.com/qatar/nomad,2026-10-04
nomad,QA,qatar,Qatar,Local Qatar - 30 Days - 50 GB,50.0,30,data,49.0,USD,,esimdb.com,https://esimdb.com/qatar/nomad,2026-10-04
nomad,SA,saudi-arabia,Saudi Arabia,Local Saudi Arabia - 7 Days - 1 GB,1.0,7,data,5.0,USD,,esimdb.com,https://esimdb.com/saudi-arabia/nomad,2026-10-04
nomad,SA,saudi-arabia,Saudi Arabia,Local Saudi Arabia - 30 Days - 3 GB,3.0,30,data,9.5,USD,,esimdb.com,https://esimdb.com/saudi-arabia/nomad,2026-10-04
nomad,SA,saudi-arabia,Saudi Arabia,Local Saudi Arabia - 3 Days - unlimited,6.0,3,data,12.0,USD,2 GB per day for 3 days,esimdb.com,https://esimdb.com/saudi-arabia/nomad,2026-10-04
nomad,SA,saudi-arabia,Saudi Arabia,Local Saudi Arabia - 30 Days - 5 GB,5.0,30,data,14.0,USD,,esimdb.com,https://esimdb.com/saudi-arabia/nomad,2026-10-04
nomad,SA,saudi-arabia,Saudi Arabia,Local Saudi Arabia - 30 Days - 10 GB,10.0,30,data,18.0,USD,,esimdb.com,https://esimdb.com/saudi-arabia/nomad,2026-10-04
nomad,SA,saudi-arabia,Saudi Arabia,Local Saudi Arabia - 5 Days - unlimited,10.0,5,data,18.0,USD,2 GB per day for 5 days,esimdb.com,https://esimdb.com/saudi-arabia/nomad,2026-10-04
nomad,SA,saudi-arabia,Saudi Arabia,Local Saudi Arabia - 7 Days - unlimited,14.0,7,data,25.0,USD,2 GB per day for 7 days,esimdb.com,https://esimdb.com/saudi-arabia/nomad,2026-10-04
nomad,SA,saudi-arabia,Saudi Arabia,Local Saudi Arabia - 30 Days - 20 GB,20.0,30,data,31.0,USD,,esimdb.com,https://esimdb.com/saudi-arabia/nomad,2026-10-04
nomad,SA,saudi-arabia,Saudi Arabia,Local Saudi Arabia - 10 Days - unlimited,20.0,10,data,33.0,USD,2 GB per day for 10 days,esimdb.com,https://esimdb.com/saudi-arabia/nomad,2026-10-04
nomad,SA,saudi-arabia,Saudi Arabia,Local Saudi Arabia - 30 Days - 50 GB,50.0,30,data,41.0,USD,,esimdb.com,https://esimdb.com/saudi-arabia/nomad,2026-10-04
nomad,SG,singapore,Singapore,Local Singapore - 7 Days - 1 GB,1.0,7,data,4.0,USD,,esimdb.com,https://esimdb.com/singapore/nomad,2026-10-04
nomad,SG,singapore,Singapore,Local Singapore - 30 Days - 3 GB,3.0,30,data,6.5,USD,,esimdb.com,https://esimdb.com/singapore/nomad,2026-10-04
nomad,SG,singapore,Singapore,Local Singapore - 30 Days - 5 GB,5.0,30,data,9.0,USD,,esimdb.com,https://esimdb.com/singapore/nomad,2026-10-04
nomad,SG,singapore,Singapore,Local Singapore - 30 Days - 10 GB,10.0,30,data,14.0,USD,,esimdb.com,https://esimdb.com/singapore/nomad,2026-10-04
nomad,SG,singapore,Singapore,Local Singapore - 5 Days -Unlimited,10.0,5,data,18.0,USD,2 GB per day for 5 days,esimdb.com,https://esimdb.com/singapore/nomad,2026-10-04
nomad,SG,singapore,Singapore,Local Singapore - 30 Days - 20 GB,20.0,30,data,21.0,USD,,esimdb.com,https://esimdb.com/singapore/nomad,2026-10-04
nomad,SG,singapore,Singapore,Local Singapore - 10 Days -Unlimited,20.0,10,data,27.0,USD,2 GB per day for 10 days,esimdb.com,https://esimdb.com/singapore/nomad,2026-10-04
nomad,SG,singapore,Singapore,Local Singapore - 30 Days - 50 GB,50.0,30,data,31.0,USD,,esimdb.com,https://esimdb.com/singapore/nomad,2026-10-04
nomad,TH,thailand,Thailand,Local Thailand - 7 Days - 1 GB,1.0,7,data,5.0,USD,,esimdb.com,https://esimdb.com/thailand/nomad,2026-10-04
nomad,TH,thailand,Thailand,Local Thailand - 30 Days - 3 GB,3.0,30,data,6.0,USD,,esimdb.com,https://esimdb.com/thailand/nomad,2026-10-04
nomad,TH,thailand,Thailand,Local Thailand - 30 Days - 5 GB,5.0,30,data,8.0,USD,,esimdb.com,https://esimdb.com/thailand/nomad,2026-10-04
nomad,TH,thailand,Thailand,Local Thailand - 30 Days - 10 GB,10.0,30,data,10.0,USD,,esimdb.com,https://esimdb.com/thailand/nomad,2026-10-04
nomad,TH,thailand,Thailand,Local Thailand - 10 Days - 50 GB,50.0,10,data,12.0,USD,,esimdb.com,https://esimdb.com/thailand/nomad,2026-10-04
nomad,TH,thailand,Thailand,Local Thailand - 10 Days - Unlimited,20.0,10,data,16.0,USD,2 GB per day for 10 days,esimdb.com,https://esimdb.com/thailand/nomad,2026-10-04
nomad,TH,thailand,Thailand,Local Thailand - 30 Days - Unlimited,60.0,30,data,33.0,USD,2 GB per day for 30 days,esimdb.com,https://esimdb.com/thailand/nomad,2026-10-04
nomad,TR,turkiye,Turkiye,Nomad - Turkey - 7 Days - 1 GB,1.0,7,data,4.0,USD,,esimdb.com,https://esimdb.com/turkey/nomad,2026-10-04
nomad,TR,turkiye,Turkiye,Nomad - Turkey - 30 Days - 3 GB,3.0,30,data,6.0,USD,,esimdb.com,https://esimdb.com/turkey/nomad,2026-10-04
nomad,TR,turkiye,Turkiye,Nomad - Turkey - 30 Days - 5 GB,5.0,30,data,9.0,USD,,esimdb.com,https://esimdb.com/turkey/nomad,2026-10-04
nomad,TR,turkiye,Turkiye,Nomad - Turkey - 30 Days - 10 GB,10.0,30,data,13.0,USD,,esimdb.com,https://esimdb.com/turkey/nomad,2026-10-04
nomad,TR,turkiye,Turkiye,Local Turkey - 5 Days -Unlimited,10.0,5,data,17.0,USD,2 GB per day for 5 days,esimdb.com,https://esimdb.com/turkey/nomad,2026-10-04
nomad,TR,turkiye,Turkiye,Nomad - Turkey - 30 Days - 20 GB,20.0,30,data,20.0,USD,,esimdb.com,https://esimdb.com/turkey/nomad,2026-10-04
nomad,TR,turkiye,Turkiye,Local Turkey - 10 Days -Unlimited,20.0,10,data,28.0,USD,2 GB per day for 10 days,esimdb.com,https://esimdb.com/turkey/nomad,2026-10-04
nomad,TR,turkiye,Turkiye,Nomad - Turkey - 30 Days - 50 GB,50.0,30,data,31.0,USD,,esimdb.com,https://esimdb.com/turkey/nomad,2026-10-04
nomad,TW,taiwan,Taiwan,Taiwan 1 GB 7 Days,1.0,7,data,4.0,USD,,esimdb.com,https://esimdb.com/taiwan/nomad,2026-10-04
nomad,TW,taiwan,Taiwan,Taiwan 3 GB 30 Days,3.0,30,data,8.0,USD,,esimdb.com,https://esimdb.com/taiwan/nomad,2026-10-04
nomad,TW,taiwan,Taiwan,Taiwan 5 GB 30 Days,5.0,30,data,10.0,USD,,esimdb.com,https://esimdb.com/taiwan/nomad,2026-10-04
nomad,TW,taiwan,Taiwan,Local Taiwan - 3 Days - unlimited,6.0,3,data,12.0,USD,2 GB per day for 3 days,esimdb.com,https://esimdb.com/taiwan/nomad,2026-10-04
nomad,TW,taiwan,Taiwan,Taiwan 10 GB 30 Days,10.0,30,data,16.0,USD,,esimdb.com,https://esimdb.com/taiwan/nomad,2026-10-04
nomad,TW,taiwan,Taiwan,Local Taiwan - 5 Days - unlimited,10.0,5,data,18.0,USD,2 GB per day for 5 days,esimdb.com,https://esimdb.com/taiwan/nomad,2026-10-04
nomad,TW,taiwan,Taiwan,Local Taiwan - 7 Days - unlimited,14.0,7,data,25.0,USD,2 GB per day for 7 days,esimdb.com,https://esimdb.com/taiwan/nomad,2026-10-04
nomad,TW,taiwan,Taiwan,Local Taiwan - 30 Days - 20 GB,20.0,30,data,26.0,USD,,esimdb.com,https://esimdb.com/taiwan/nomad,2026-10-04
nomad,TW,taiwan,Taiwan,Local Taiwan - 10 Days - unlimited,20.0,10,data,33.0,USD,2 GB per day for 10 days,esimdb.com,https://esimdb.com/taiwan/nomad,2026-10-04
nomad,TW,taiwan,Taiwan,Local Taiwan - 30 Days - 50 GB,50.0,30,data,39.0,USD,,esimdb.com,https://esimdb.com/taiwan/nomad,2026-10-04
nomad,US,united-states,United States,Local United States - 7 Days - 1 GB,1.0,7,data,5.0,USD,,esimdb.com,https://esimdb.com/usa/nomad,2026-10-04
nomad,US,united-states,United States,Local United States - 30 Days - 3 GB,3.0,30,data,6.0,USD,,esimdb.com,https://esimdb.com/usa/nomad,2026-10-04
nomad,US,united-states,United States,Local United States - 30 Days - 5 GB,5.0,30,data,10.0,USD,,esimdb.com,https://esimdb.com/usa/nomad,2026-10-04
nomad,US,united-states,United States,Local United States - 3 Days - unlimited,6.0,3,data,11.0,USD,2 GB per day for 3 days,esimdb.com,https://esimdb.com/usa/nomad,2026-10-04
nomad,US,united-states,United States,Local United States - 30 Days - 10 GB,10.0,30,data,15.0,USD,,esimdb.com,https://esimdb.com/usa/nomad,2026-10-04
nomad,US,united-states,United States,Local United States - 5 Days - unlimited,10.0,5,data,16.0,USD,2 GB per day for 5 days,esimdb.com,https://esimdb.com/usa/nomad,2026-10-04
nomad,US,united-states,United States,Local United States - 7 Days - unlimited,14.0,7,data,23.0,USD,2 GB per day for 7 days,esimdb.com,https://esimdb.com/usa/nomad,2026-10-04
nomad,US,united-states,United States,Local United States - 30 Days - 20 GB,20.0,30,data,25.0,USD,,esimdb.com,https://esimdb.com/usa/nomad,2026-10-04
nomad,US,united-states,United States,Local United States - 30 Days - 50 GB,50.0,30,data,30.0,USD,,esimdb.com,https://esimdb.com/usa/nomad,2026-10-04
nomad,US,united-states,United States,Local United States - 180 Days - 75 GB,75.0,180,data,89.0,USD,,esimdb.com,https://esimdb.com/usa/nomad,2026-10-04
nomad,US,united-states,United States,Local United States - 365 Days - 100 GB,100.0,365,data,120.0,USD,,esimdb.com,https://esimdb.com/usa/nomad,2026-10-04
nomad,VN,vietnam,Vietnam,Local Vietnam - 7 Days - 1 GB,1.0,7,data,4.0,USD,,esimdb.com,https://esimdb.com/vietnam/nomad,2026-10-04
nomad,VN,vietnam,Vietnam,Local Vietnam - 30 Days - 3 GB,3.0,30,data,8.0,USD,,esimdb.com,https://esimdb.com/vietnam/nomad,2026-10-04
nomad,VN,vietnam,Vietnam,Local Vietnam - 30 Days - 5 GB,5.0,30,data,10.0,USD,,esimdb.com,https://esimdb.com/vietnam/nomad,2026-10-04
nomad,VN,vietnam,Vietnam,Local Vietnam - 30 Days - 10 GB,10.0,30,data,17.0,USD,,esimdb.com,https://esimdb.com/vietnam/nomad,2026-10-04
nomad,VN,vietnam,Vietnam,Local Vietnam - 5 Days - unlimited,10.0,5,data,18.0,USD,2 GB per day for 5 days,esimdb.com,https://esimdb.com/vietnam/nomad,2026-10-04
nomad,VN,vietnam,Vietnam,Local Vietnam - 30 Days - 20 GB,20.0,30,data,25.0,USD,,esimdb.com,https://esimdb.com/vietnam/nomad,2026-10-04
nomad,VN,vietnam,Vietnam,Local Vietnam - 10 Days - unlimited,20.0,10,data,33.0,USD,2 GB per day for 10 days,esimdb.com,https://esimdb.com/vietnam/nomad,2026-10-04
nomad,VN,vietnam,Vietnam,Local Vietnam - 30 Days - 50 GB,50.0,30,data,39.0,USD,,esimdb.com,https://esimdb.com/vietnam/nomad,2026-10-04
nomad,ZA,south-africa,South Africa,Local South Africa - 7 Days - 1 GB,1.0,7,data,4.0,USD,,esimdb.com,https://esimdb.com/south-africa/nomad,2026-10-04
nomad,ZA,south-africa,South Africa,Local South Africa - 30 Days - 3 GB,3.0,30,data,8.0,USD,,esimdb.com,https://esimdb.com/south-africa/nomad,2026-10-04
nomad,ZA,south-africa,South Africa,Local South Africa - 30 Days - 5 GB,5.0,30,data,11.0,USD,,esimdb.com,https://esimdb.com/south-africa/nomad,2026-10-04
nomad,ZA,south-africa,South Africa,Local South Africa - 30 Days - 10 GB,10.0,30,data,18.0,USD,,esimdb.com,https://esimdb.com/south-africa/nomad,2026-10-04
nomad,ZA,south-africa,South Africa,Local South Africa - 5 Days - unlimited,10.0,5,data,19.0,USD,2 GB per day for 5 days,esimdb.com,https://esimdb.com/south-africa/nomad,2026-10-04
nomad,ZA,south-africa,South Africa,Local South Africa - 30 Days - 20 GB,20.0,30,data,29.0,USD,,esimdb.com,https://esimdb.com/south-africa/nomad,2026-10-04
nomad,ZA,south-africa,South Africa,Local South Africa - 10 Days - unlimited,20.0,10,data,37.0,USD,2 GB per day for 10 days,esimdb.com,https://esimdb.com/south-africa/nomad,2026-10-04
jetpac,AE,united-arab-emirates,United Arab Emirates,United Arab Emirates - Unlimited 1 Day,3.0,1,data,5.5,USD,,esimdb.com,https://esimdb.com/uae/jetpac,2026-10-04
jetpac,AE,united-arab-emirates,United Arab Emirates,United Arab Emirates 3GB,3.0,1,data,6.5,USD,,esimdb.com,https://esimdb.com/uae/jetpac,2026-10-04
jetpac,AE,united-arab-emirates,United Arab Emirates,United Arab Emirates 1GB,1.0,4,data,7.0,USD,,esimdb.com,https://esimdb.com/uae/jetpac,2026-10-04
jetpac,AE,united-arab-emirates,United Arab Emirates,United Arab Emirates 5GB,5.0,1,data,7.5,USD,,esimdb.com,https://esimdb.com/uae/jetpac,2026-10-04
jetpac,AE,united-arab-emirates,United Arab Emirates,United Arab Emirates 3GB,3.0,4,data,7.5,USD,,esimdb.com,https://esimdb.com/uae/jetpac,2026-10-04
jetpac,AE,united-arab-emirates,United Arab Emirates,United Arab Emirates 5GB,5.0,4,data,8.5,USD,,esimdb.com,https://esimdb.com/uae/jetpac,2026-10-04
jetpac,AE,united-arab-emirates,United Arab Emirates,United Arab Emirates 3GB,3.0,7,data,9.0,USD,,esimdb.com,https://esimdb.com/uae/jetpac,2026-10-04
jetpac,AE,united-arab-emirates,United Arab Emirates,United Arab Emirates 5GB,5.0,7,data,10.0,USD,,esimdb.com,https://esimdb.com/uae/jetpac,2026-10-04
jetpac,AE,united-arab-emirates,United Arab Emirates,United Arab Emirates 10GB,10.0,1,data,11.0,USD,,esimdb.com,https://esimdb.com/uae/jetpac,2026-10-04
jetpac,AE,united-arab-emirates,United Arab Emirates,United Arab Emirates - Unlimited 3 Days,9.0,3,data,12.0,USD,3 GB per day for 3 days,esimdb.com,https://esimdb.com/uae/jetpac,2026-10-04
jetpac,AE,united-arab-emirates,United Arab Emirates,United Arab Emirates 5GB,5.0,30,data,12.0,USD,,esimdb.com,https://esimdb.com/uae/jetpac,2026-10-04
jetpac,AE,united-arab-emirates,United Arab Emirates,United Arab Emirates 10GB,10.0,4,data,14.0,USD,,esimdb.com,https://esimdb.com/uae/jetpac,2026-10-04
jetpac,AE,united-arab-emirates,United Arab Emirates,United Arab Emirates 10GB,10.0,7,data,16.0,USD,,esimdb.com,https://esimdb.com/uae/jetpac,2026-10-04
jetpac,AE,united-arab-emirates,United Arab Emirates,United Arab Emirates 10GB,10.0,30,data,20.0,USD,,esimdb.com,https://esimdb.com/uae/jetpac,2026-10-04
jetpac,AE,united-arab-emirates,United Arab Emirates,United Arab Emirates - Unlimited 7 Days,21.0,7,data,28.5,USD,3 GB per day for 7 days,esimdb.com,https://esimdb.com/uae/jetpac,2026-10-04
jetpac,AE,united-arab-emirates,United Arab Emirates,United Arab Emirates 20GB,20.0,30,data,33.99,USD,,esimdb.com,https://esimdb.com/uae/jetpac,2026-10-04
jetpac,AE,united-arab-emirates,United Arab Emirates,United Arab Emirates 15GB,15.0,7,data,37.5,USD,,esimdb.com,https://esimdb.com/uae/jetpac,2026-10-04
jetpac,AE,united-arab-emirates,United Arab Emirates,United Arab Emirates - Unlimited 14 Days,42.0,14,data,47.0,USD,3 GB per day for 14 days,esimdb.com,https://esimdb.com/uae/jetpac,2026-10-04
jetpac,AE,united-arab-emirates,United Arab Emirates,United Arab Emirates 15GB,15.0,30,data,50.0,USD,,esimdb.com,https://esimdb.com/uae/jetpac,2026-10-04
jetpac,AE,united-arab-emirates,United Arab Emirates,United Arab Emirates - Unlimited 21 Days,63.0,21,data,58.0,USD,3 GB per day for 21 days,esimdb.com,https://esimdb.com/uae/jetpac,2026-10-04
jetpac,AE,united-arab-emirates,United Arab Emirates,United Arab Emirates - Unlimited 30 Days,90.0,30,data,69.0,USD,3 GB per day for 30 days,esimdb.com,https://esimdb.com/uae/jetpac,2026-10-04
jetpac,AR,argentina,Argentina,Argentina 1GB,1.0,4,data,7.0,USD,,esimdb.com,https://esimdb.com/argentina/jetpac,2026-10-04
jetpac,AR,argentina,Argentina,Argentina - Unlimited 1 Day,3.0,1,data,9.0,USD,,esimdb.com,https://esimdb.com/argentina/jetpac,2026-10-04
jetpac,AR,argentina,Argentina,Argentina 3GB,3.0,7,data,10.0,USD,,esimdb.com,https://esimdb.com/argentina/jetpac,2026-10-04
jetpac,AR,argentina,Argentina,Argentina 5GB,5.0,30,data,15.0,USD,,esimdb.com,https://esimdb.com/argentina/jetpac,2026-10-04
jetpac,AR,argentina,Argentina,Argentina 10GB,10.0,30,data,26.99,USD,,esimdb.com,https://esimdb.com/argentina/jetpac,2026-10-04
jetpac,AR,argentina,Argentina,Argentina - Unlimited 3 Days,9.0,3,data,27.0,USD,3 GB per day for 3 days,esimdb.com,https://esimdb.com/argentina/jetpac,2026-10-04
jetpac,AR,argentina,Argentina,Argentina 15GB,15.0,30,data,29.99,USD,,esimdb.com,https://esimdb.com/argentina/jetpac,2026-10-04
jetpac,AR,argentina,Argentina,Argentina 30GB,30.0,30,data,49.99,USD,,esimdb.com,https://esimdb.com/argentina/jetpac,2026-10-04
jetpac,AR,argentina,Argentina,Argentina 20GB,20.0,30,data,60.0,USD,,esimdb.com,https://esimdb.com/argentina/jetpac,2026-10-04
jetpac,AR,argentina,Argentina,Argentina - Unlimited 7 Days,21.0,7,data,63.0,USD,3 GB per day for 7 days,esimdb.com,https://esimdb.com/argentina/jetpac,2026-10-04
jetpac,AR,argentina,Argentina,Argentina - Unlimited 14 Days,42.0,14,data,126.0,USD,3 GB per day for 14 days,esimdb.com,https://esimdb.com/argentina/jetpac,2026-10-04
jetpac,AR,argentina,Argentina,Argentina - Unlimited 21 Days,63.0,21,data,189.0,USD,3 GB per day for 21 days,esimdb.com,https://esimdb.com/argentina/jetpac,2026-10-04
jetpac,AR,argentina,Argentina,Argentina - Unlimited 30 Days,90.0,30,data,270.0,USD,3 GB per day for 30 days,esimdb.com,https://esimdb.com/argentina/jetpac,2026-10-04
jetpac,AT,austria,Austria,Austria 1GB,1.0,4,data,7.0,USD,,esimdb.com,https://esimdb.com/austria/jetpac,2026-10-04
jetpac,AT,austria,Austria,Austria 3GB,3.0,1,data,8.5,USD,,esimdb.com,https://esimdb.com/austria/jetpac,2026-10-04
jetpac,AT,austria,Austria,Austria 5GB,5.0,1,data,9.0,USD,,esimdb.com,https://esimdb.com/austria/jetpac,2026-10-04
jetpac,AT,austria,Austria,Austria 10GB,10.0,1,data,11.0,USD,,esimdb.com,https://esimdb.com/austria/jetpac,2026-10-04
jetpac,AT,austria,Austria,Austria Unlimited-3 Days,9.0,3,data,12.99,USD,3 GB per day for 3 days,esimdb.com,https://esimdb.com/austria/jetpac,2026-10-04
jetpac,AT,austria,Austria,Austria 15GB,15.0,7,data,19.0,USD,,esimdb.com,https://esimdb.com/austria/jetpac,2026-10-04
jetpac,AT,austria,Austria,Austria Unlimited-5 Days,15.0,5,data,19.99,USD,3 GB per day for 5 days,esimdb.com,https://esimdb.com/austria/jetpac,2026-10-04
jetpac,AT,austria,Austria,Austria Unlimited-7 Days,21.0,7,data,26.99,USD,3 GB per day for 7 days,esimdb.com,https://esimdb.com/austria/jetpac,2026-10-04
jetpac,AT,austria,Austria,Austria 30GB,30.0,30,data,29.99,USD,,esimdb.com,https://esimdb.com/austria/jetpac,2026-10-04
jetpac,AT,austria,Austria,Austria Unlimited-10 Days,30.0,10,data,33.99,USD,3 GB per day for 10 days,esimdb.com,https://esimdb.com/austria/jetpac,2026-10-04
jetpac,AT,austria,Austria,Austria 40GB,40.0,30,data,34.99,USD,,esimdb.com,https://esimdb.com/austria/jetpac,2026-10-04
jetpac,AT,austria,Austria,Austria 20GB,20.0,30,data,40.0,USD,,esimdb.com,https://esimdb.com/austria/jetpac,2026-10-04
jetpac,AT,austria,Austria,Austria Unlimited-15 Days,45.0,15,data,41.99,USD,3 GB per day for 15 days,esimdb.com,https://esimdb.com/austria/jetpac,2026-10-04
jetpac,AT,austria,Austria,Austria Unlimited-21 Days,63.0,21,data,49.99,USD,3 GB per day for 21 days,esimdb.com,https://esimdb.com/austria/jetpac,2026-10-04
jetpac,AT,austria,Austria,Austria Unlimited-30 Days,90.0,30,data,65.99,USD,3 GB per day for 30 days,esimdb.com,https://esimdb.com/austria/jetpac,2026-10-04
jetpac,AU,australia,Australia,Australia 2GB,2.0,1,data,2.5,USD,,esimdb.com,https://esimdb.com/australia/jetpac,2026-10-04
jetpac,AU,australia,Australia,Australia 4GB,4.0,1,data,3.0,USD,,esimdb.com,https://esimdb.com/australia/jetpac,2026-10-04
jetpac,AU,australia,Australia,Australia - Unlimited 1 Day,3.0,1,data,4.0,USD,,esimdb.com,https://esimdb.com/australia/jetpac,2026-10-04
jetpac,AU,australia,Australia,Australia 5GB,5.0,3,data,6.0,USD,,esimdb.com,https://esimdb.com/australia/jetpac,2026-10-04
jetpac,AU,australia,Australia,Australia 8GB,8.0,3,data,6.5,USD,,esimdb.com,https://esimdb.com/australia/jetpac,2026-10-04
jetpac,AU,australia,Australia,Australia - Unlimited 3 Days,9.0,3,data,10.0,USD,3 GB per day for 3 days,esimdb.com,https://esimdb.com/australia/jetpac,2026-10-04
jetpac,AU,australia,Australia,Australia 10GB,10.0,7,data,12.0,USD,,esimdb.com,https://esimdb.com/australia/jetpac,2026-10-04
jetpac,AU,australia,Australia,Australia 15GB,15.0,7,data,14.0,USD,,esimdb.com,https://esimdb.com/australia/jetpac,2026-10-04
jetpac,AU,australia,Australia,Australia - Unlimited 7 Days,21.0,7,data,20.0,USD,3 GB per day for 7 days,esimdb.com,https://esimdb.com/australia/jetpac,2026-10-04
jetpac,AU,australia,Australia,Australia 15GB,15.0,14,data,23.0,USD,,esimdb.com,https://esimdb.com/australia/jetpac,2026-10-04
jetpac,AU,australia,Australia,Australia 20GB,20.0,14,data,26.0,USD,,esimdb.com,https://esimdb.com/australia/jetpac,2026-10-04
jetpac,AU,australia,Australia,Australia 20GB,20.0,21,data,37.5,USD,,esimdb.com,https://esimdb.com/australia/jetpac,2026-10-04
jetpac,AU,australia,Australia,Australia - Unlimited 14 Days,42.0,14,data,39.0,USD,3 GB per day for 14 days,esimdb.com,https://esimdb.com/australia/jetpac,2026-10-04
jetpac,AU,australia,Australia,Australia 30GB,30.0,21,data,43.5,USD,,esimdb.com,https://esimdb.com/australia/jetpac,2026-10-04
jetpac,AU,australia,Australia,Australia - Unlimited 21 Days,63.0,21,data,55.0,USD,3 GB per day for 21 days,esimdb.com,https://esimdb.com/australia/jetpac,2026-10-04
jetpac,AU,australia,Australia,Australia 50GB,50.0,30,data,63.5,USD,,esimdb.com,https://esimdb.com/australia/jetpac,2026-10-04
jetpac,AU,australia,Australia,Australia - Unlimited 30 Days,90.0,30,data,82.0,USD,3 GB per day for 30 days,esimdb.com,https://esimdb.com/australia/jetpac,2026-10-04
jetpac,BE,belgium,Belgium,Belgium 1GB,1.0,4,data,7.0,USD,,esimdb.com,https://esimdb.com/belgium/jetpac,2026-10-04
jetpac,BE,belgium,Belgium,Belgium 3GB,3.0,1,data,8.5,USD,,esimdb.com,https://esimdb.com/belgium/jetpac,2026-10-04
jetpac,BE,belgium,Belgium,Belgium 5GB,5.0,1,data,9.0,USD,,esimdb.com,https://esimdb.com/belgium/jetpac,2026-10-04
jetpac,BE,belgium,Belgium,Belgium 10GB,10.0,1,data,11.0,USD,,esimdb.com,https://esimdb.com/belgium/jetpac,2026-10-04
jetpac,BE,belgium,Belgium,Belgium Unlimited-3 Days,9.0,3,data,12.99,USD,3 GB per day for 3 days,esimdb.com,https://esimdb.com/belgium/jetpac,2026-10-04
jetpac,BE,belgium,Belgium,Belgium 15GB,15.0,7,data,19.0,USD,,esimdb.com,https://esimdb.com/belgium/jetpac,2026-10-04
jetpac,BE,belgium,Belgium,Belgium Unlimited-5 Days,15.0,5,data,19.99,USD,3 GB per day for 5 days,esimdb.com,https://esimdb.com/belgium/jetpac,2026-10-04
jetpac,BE,belgium,Belgium,Belgium Unlimited-7 Days,21.0,7,data,26.99,USD,3 GB per day for 7 days,esimdb.com,https://esimdb.com/belgium/jetpac,2026-10-04
jetpac,BE,belgium,Belgium,Belgium 30GB,30.0,30,data,29.99,USD,,esimdb.com,https://esimdb.com/belgium/jetpac,2026-10-04
jetpac,BE,belgium,Belgium,Belgium Unlimited-10 Days,30.0,10,data,33.99,USD,3 GB per day for 10 days,esimdb.com,https://esimdb.com/belgium/jetpac,2026-10-04
jetpac,BE,belgium,Belgium,Belgium 40GB,40.0,30,data,34.99,USD,,esimdb.com,https://esimdb.com/belgium/jetpac,2026-10-04
jetpac,BE,belgium,Belgium,Belgium 20GB,20.0,30,data,40.0,USD,,esimdb.com,https://esimdb.com/belgium/jetpac,2026-10-04
jetpac,BE,belgium,Belgium,Belgium Unlimited-15 Days,45.0,15,data,41.99,USD,3 GB per day for 15 days,esimdb.com,https://esimdb.com/belgium/jetpac,2026-10-04
jetpac,BE,belgium,Belgium,Belgium Unlimited-21 Days,63.0,21,data,49.99,USD,3 GB per day for 21 days,esimdb.com,https://esimdb.com/belgium/jetpac,2026-10-04
jetpac,BE,belgium,Belgium,Belgium Unlimited-30 Days,90.0,30,data,65.99,USD,3 GB per day for 30 days,esimdb.com,https://esimdb.com/belgium/jetpac,2026-10-04
jetpac,BR,brazil,Brazil,Brazil 3GB,3.0,1,data,7.0,USD,,esimdb.com,https://esimdb.com/brazil/jetpac,2026-10-04
jetpac,BR,brazil,Brazil,Brazil 1GB,1.0,4,data,7.0,USD,,esimdb.com,https://esimdb.com/brazil/jetpac,2026-10-04
jetpac,BR,brazil,Brazil,Brazil 3GB,3.0,4,data,8.0,USD,,esimdb.com,https://esimdb.com/brazil/jetpac,2026-10-04
jetpac,BR,brazil,Brazil,Brazil 5GB,5.0,1,data,8.5,USD,,esimdb.com,https://esimdb.com/brazil/jetpac,2026-10-04
jetpac,BR,brazil,Brazil,Brazil - Unlimited 1 Day,3.0,1,data,9.0,USD,,esimdb.com,https://esimdb.com/brazil/jetpac,2026-10-04
jetpac,BR,brazil,Brazil,Brazil 5GB,5.0,4,data,10.0,USD,,esimdb.com,https://esimdb.com/brazil/jetpac,2026-10-04
jetpac,BR,brazil,Brazil,Brazil 3GB,3.0,7,data,10.0,USD,,esimdb.com,https://esimdb.com/brazil/jetpac,2026-10-04
jetpac,BR,brazil,Brazil,Brazil 5GB,5.0,7,data,11.5,USD,,esimdb.com,https://esimdb.com/brazil/jetpac,2026-10-04
jetpac,BR,brazil,Brazil,Brazil 10GB,10.0,1,data,14.0,USD,,esimdb.com,https://esimdb.com/brazil/jetpac,2026-10-04
jetpac,BR,brazil,Brazil,Brazil 5GB,5.0,30,data,14.0,USD,,esimdb.com,https://esimdb.com/brazil/jetpac,2026-10-04
jetpac,BR,brazil,Brazil,Brazil 10GB,10.0,4,data,17.5,USD,,esimdb.com,https://esimdb.com/brazil/jetpac,2026-10-04
jetpac,BR,brazil,Brazil,Brazil 10GB,10.0,7,data,20.0,USD,,esimdb.com,https://esimdb.com/brazil/jetpac,2026-10-04
jetpac,BR,brazil,Brazil,Brazil 15GB,15.0,7,data,22.5,USD,,esimdb.com,https://esimdb.com/brazil/jetpac,2026-10-04
jetpac,BR,brazil,Brazil,Brazil 10GB,10.0,30,data,24.99,USD,,esimdb.com,https://esimdb.com/brazil/jetpac,2026-10-04
jetpac,BR,brazil,Brazil,Brazil - Unlimited 3 Days,9.0,3,data,27.0,USD,3 GB per day for 3 days,esimdb.com,https://esimdb.com/brazil/jetpac,2026-10-04
jetpac,BR,brazil,Brazil,Brazil 15GB,15.0,30,data,29.99,USD,,esimdb.com,https://esimdb.com/brazil/jetpac,2026-10-04
jetpac,BR,brazil,Brazil,Brazil 30GB,30.0,30,data,49.99,USD,,esimdb.com,https://esimdb.com/brazil/jetpac,2026-10-04
jetpac,BR,brazil,Brazil,Brazil 20GB,20.0,30,data,60.0,USD,,esimdb.com,https://esimdb.com/brazil/jetpac,2026-10-04
jetpac,BR,brazil,Brazil,Brazil - Unlimited 7 Days,21.0,7,data,63.0,USD,3 GB per day for 7 days,esimdb.com,https://esimdb.com/brazil/jetpac,2026-10-04
jetpac,BR,brazil,Brazil,Brazil - Unlimited 14 Days,42.0,14,data,126.0,USD,3 GB per day for 14 days,esimdb.com,https://esimdb.com/brazil/jetpac,2026-10-04
jetpac,BR,brazil,Brazil,Brazil - Unlimited 21 Days,63.0,21,data,189.0,USD,3 GB per day for 21 days,esimdb.com,https://esimdb.com/brazil/jetpac,2026-10-04
jetpac,BR,brazil,Brazil,Brazil - Unlimited 30 Days,90.0,30,data,270.0,USD,3 GB per day for 30 days,esimdb.com,https://esimdb.com/brazil/jetpac,2026-10-04
jetpac,CA,canada,Canada,Canada 1GB,1.0,4,data,4.0,USD,,esimdb.com,https://esimdb.com/canada/jetpac,2026-10-04
jetpac,CA,canada,Canada,Canada - Unlimited 1 Day,3.0,1,data,6.0,USD,,esimdb.com,https://esimdb.com/canada/jetpac,2026-10-04
jetpac,CA,canada,Canada,Canada 3GB,3.0,1,data,6.5,USD,,esimdb.com,https://esimdb.com/canada/jetpac,2026-10-04
jetpac,CA,canada,Canada,Canada 3GB,3.0,4,data,7.5,USD,,esimdb.com,https://esimdb.com/canada/jetpac,2026-10-04
jetpac,CA,canada,Canada,Canada 3GB,3.0,7,data,9.0,USD,,esimdb.com,https://esimdb.com/canada/jetpac,2026-10-04
jetpac,CA,canada,Canada,Canada 5GB,5.0,1,data,10.5,USD,,esimdb.com,https://esimdb.com/canada/jetpac,2026-10-04
jetpac,CA,canada,Canada,Canada 5GB,5.0,4,data,12.0,USD,,esimdb.com,https://esimdb.com/canada/jetpac,2026-10-04
jetpac,CA,canada,Canada,Canada 10GB,10.0,1,data,12.5,USD,,esimdb.com,https://esimdb.com/canada/jetpac,2026-10-04
jetpac,CA,canada,Canada,Canada 5GB,5.0,7,data,14.5,USD,,esimdb.com,https://esimdb.com/canada/jetpac,2026-10-04
jetpac,CA,canada,Canada,Canada 10GB,10.0,4,data,15.5,USD,,esimdb.com,https://esimdb.com/canada/jetpac,2026-10-04
jetpac,CA,canada,Canada,Canada 5GB,5.0,30,data,16.99,USD,,esimdb.com,https://esimdb.com/canada/jetpac,2026-10-04
jetpac,CA,canada,Canada,Canada 10GB,10.0,7,data,18.0,USD,,esimdb.com,https://esimdb.com/canada/jetpac,2026-10-04
jetpac,CA,canada,Canada,Canada - Unlimited 3 Days,9.0,3,data,18.5,USD,3 GB per day for 3 days,esimdb.com,https://esimdb.com/canada/jetpac,2026-10-04
jetpac,CA,canada,Canada,Canada 10GB,10.0,30,data,22.0,USD,,esimdb.com,https://esimdb.com/canada/jetpac,2026-10-04
jetpac,CA,canada,Canada,Canada 15GB,15.0,7,data,22.5,USD,,esimdb.com,https://esimdb.com/canada/jetpac,2026-10-04
jetpac,CA,canada,Canada,Canada 15GB,15.0,30,data,29.99,USD,,esimdb.com,https://esimdb.com/canada/jetpac,2026-10-04
jetpac,CA,canada,Canada,Canada - Unlimited 7 Days,21.0,7,data,30.5,USD,3 GB per day for 7 days,esimdb.com,https://esimdb.com/canada/jetpac,2026-10-04
jetpac,CA,canada,Canada,Canada - Unlimited 14 Days,42.0,14,data,43.0,USD,3 GB per day for 14 days,esimdb.com,https://esimdb.com/canada/jetpac,2026-10-04
jetpac,CA,canada,Canada,Canada 30GB,30.0,30,data,47.5,USD,,esimdb.com,https://esimdb.com/canada/jetpac,2026-10-04
jetpac,CA,canada,Canada,Canada 40GB,40.0,30,data,59.99,USD,,esimdb.com,https://esimdb.com/canada/jetpac,2026-10-04
jetpac,CA,canada,Canada,Canada - Unlimited 21 Days,63.0,21,data,62.5,USD,3 GB per day for 21 days,esimdb.com,https://esimdb.com/canada/jetpac,2026-10-04
jetpac,CA,canada,Canada,Canada 20GB,20.0,30,data,65.0,USD,,esimdb.com,https://esimdb.com/canada/jetpac,2026-10-04
jetpac,CA,canada,Canada,Canada - Unlimited 30 Days,90.0,30,data,82.0,USD,3 GB per day for 30 days,esimdb.com,https://esimdb.com/canada/jetpac,2026-10-04
jetpac,CH,switzerland,Switzerland,Switzerland 1GB,1.0,4,data,7.0,USD,,esimdb.com,https://esimdb.com/switzerland/jetpac,2026-10-04
jetpac,CH,switzerland,Switzerland,Switzerland 3GB,3.0,1,data,8.5,USD,,esimdb.com,https://esimdb.com/switzerland/jetpac,2026-10-04
jetpac,CH,switzerland,Switzerland,Switzerland 5GB,5.0,1,data,9.0,USD,,esimdb.com,https://esimdb.com/switzerland/jetpac,2026-10-04
jetpac,CH,switzerland,Switzerland,Switzerland 10GB,10.0,1,data,11.0,USD,,esimdb.com,https://esimdb.com/switzerland/jetpac,2026-10-04
jetpac,CH,switzerland,Switzerland,Switzerland Unlimited-3 Days,9.0,3,data,12.99,USD,3 GB per day for 3 days,esimdb.com,https://esimdb.com/switzerland/jetpac,2026-10-04
jetpac,CH,switzerland,Switzerland,Switzerland 15GB,15.0,7,data,19.0,USD,,esimdb.com,https://esimdb.com/switzerland/jetpac,2026-10-04
jetpac,CH,switzerland,Switzerland,Switzerland Unlimited-5 Days,15.0,5,data,19.99,USD,3 GB per day for 5 days,esimdb.com,https://esimdb.com/switzerland/jetpac,2026-10-04
jetpac,CH,switzerland,Switzerland,Switzerland Unlimited-7 Days,21.0,7,data,26.99,USD,3 GB per day for 7 days,esimdb.com,https://esimdb.com/switzerland/jetpac,2026-10-04
jetpac,CH,switzerland,Switzerland,Switzerland 30GB,30.0,30,data,29.99,USD,,esimdb.com,https://esimdb.com/switzerland/jetpac,2026-10-04
jetpac,CH,switzerland,Switzerland,Switzerland Unlimited-10 Days,30.0,10,data,33.99,USD,3 GB per day for 10 days,esimdb.com,https://esimdb.com/switzerland/jetpac,2026-10-04
jetpac,CH,switzerland,Switzerland,Switzerland 40GB,40.0,30,data,34.99,USD,,esimdb.com,https://esimdb.com/switzerland/jetpac,2026-10-04
jetpac,CH,switzerland,Switzerland,Switzerland 20GB,20.0,30,data,40.0,USD,,esimdb.com,https://esimdb.com/switzerland/jetpac,2026-10-04
jetpac,CH,switzerland,Switzerland,Switzerland Unlimited-15 Days,45.0,15,data,41.99,USD,3 GB per day for 15 days,esimdb.com,https://esimdb.com/switzerland/jetpac,2026-10-04
jetpac,CH,switzerland,Switzerland,Switzerland Unlimited-21 Days,63.0,21,data,49.99,USD,3 GB per day for 21 days,esimdb.com,https://esimdb.com/switzerland/jetpac,2026-10-04
jetpac,CH,switzerland,Switzerland,Switzerland Unlimited-30 Days,90.0,30,data,65.99,USD,3 GB per day for 30 days,esimdb.com,https://esimdb.com/switzerland/jetpac,2026-10-04
jetpac,CN,china,China,China 3GB,3.0,1,data,6.0,USD,,esimdb.com,https://esimdb.com/china/jetpac,2026-10-04
jetpac,CN,china,China,China 3GB,3.0,4,data,6.5,USD,,esimdb.com,https://esimdb.com/china/jetpac,2026-10-04
jetpac,CN,china,China,China 1GB,1.0,4,data,7.0,USD,,esimdb.com,https://esimdb.com/china/jetpac,2026-10-04
jetpac,CN,china,China,China 5GB,5.0,1,data,7.5,USD,,esimdb.com,https://esimdb.com/china/jetpac,2026-10-04
jetpac,CN,china,China,China 3GB,3.0,7,data,8.0,USD,,esimdb.com,https://esimdb.com/china/jetpac,2026-10-04
jetpac,CN,china,China,China 5GB,5.0,4,data,8.5,USD,,esimdb.com,https://esimdb.com/china/jetpac,2026-10-04
jetpac,CN,china,China,China 10GB,10.0,1,data,9.0,USD,,esimdb.com,https://esimdb.com/china/jetpac,2026-10-04
jetpac,CN,china,China,China 5GB,5.0,7,data,10.0,USD,,esimdb.com,https://esimdb.com/china/jetpac,2026-10-04
jetpac,CN,china,China,China Unlimited - 3 days,9.0,3,data,10.99,USD,3 GB per day for 3 days,esimdb.com,https://esimdb.com/china/jetpac,2026-10-04
jetpac,CN,china,China,China 10GB,10.0,4,data,11.5,USD,,esimdb.com,https://esimdb.com/china/jetpac,2026-10-04
jetpac,CN,china,China,China 5GB,5.0,30,data,12.0,USD,,esimdb.com,https://esimdb.com/china/jetpac,2026-10-04
jetpac,CN,china,China,China 10GB,10.0,7,data,13.0,USD,,esimdb.com,https://esimdb.com/china/jetpac,2026-10-04
jetpac,CN,china,China,China 15GB,15.0,7,data,16.0,USD,,esimdb.com,https://esimdb.com/china/jetpac,2026-10-04
jetpac,CN,china,China,China 10GB,10.0,30,data,16.0,USD,,esimdb.com,https://esimdb.com/china/jetpac,2026-10-04
jetpac,CN,china,China,China Unlimited - 5 days,15.0,5,data,17.99,USD,3 GB per day for 5 days,esimdb.com,https://esimdb.com/china/jetpac,2026-10-04
jetpac,CN,china,China,China 15GB,15.0,30,data,21.0,USD,,esimdb.com,https://esimdb.com/china/jetpac,2026-10-04
jetpac,CN,china,China,China 7 days Unlimited,21.0,7,data,25.99,USD,3 GB per day for 7 days,esimdb.com,https://esimdb.com/china/jetpac,2026-10-04
jetpac,CN,china,China,China 30GB,30.0,30,data,29.99,USD,,esimdb.com,https://esimdb.com/china/jetpac,2026-10-04
jetpac,CN,china,China,China 10 days Unlimited,30.0,10,data,29.99,USD,3 GB per day for 10 days,esimdb.com,https://esimdb.com/china/jetpac,2026-10-04
jetpac,CN,china,China,China 40GB,40.0,30,data,34.99,USD,,esimdb.com,https://esimdb.com/china/jetpac,2026-10-04
jetpac,CN,china,China,China 20GB,20.0,30,data,35.0,USD,,esimdb.com,https://esimdb.com/china/jetpac,2026-10-04
jetpac,CN,china,China,China Unlimited - 15 days,45.0,15,data,41.99,USD,3 GB per day for 15 days,esimdb.com,https://esimdb.com/china/jetpac,2026-10-04
jetpac,CN,china,China,China Unlimited - 21 days,63.0,21,data,49.99,USD,3 GB per day for 21 days,esimdb.com,https://esimdb.com/china/jetpac,2026-10-04
jetpac,CN,china,China,China Unlimited - 30 days,90.0,30,data,65.99,USD,3 GB per day for 30 days,esimdb.com,https://esimdb.com/china/jetpac,2026-10-04
jetpac,CO,colombia,Colombia,Colombia 1GB,1.0,4,data,7.0,USD,,esimdb.com,https://esimdb.com/colombia/jetpac,2026-10-04
jetpac,CO,colombia,Colombia,Colombia - Unlimited 1 Day,3.0,1,data,9.0,USD,,esimdb.com,https://esimdb.com/colombia/jetpac,2026-10-04
jetpac,CO,colombia,Colombia,Colombia 3GB,3.0,30,data,11.0,USD,,esimdb.com,https://esimdb.com/colombia/jetpac,2026-10-04
jetpac,CO,colombia,Colombia,Colombia 5GB,5.0,30,data,16.0,USD,,esimdb.com,https://esimdb.com/colombia/jetpac,2026-10-04
jetpac,CO,colombia,Colombia,Colombia 10GB,10.0,30,data,25.0,USD,,esimdb.com,https://esimdb.com/colombia/jetpac,2026-10-04
jetpac,CO,colombia,Colombia,Colombia - Unlimited 3 Days,9.0,3,data,27.0,USD,3 GB per day for 3 days,esimdb.com,https://esimdb.com/colombia/jetpac,2026-10-04
jetpac,CO,colombia,Colombia,Colombia 15GB,15.0,30,data,43.0,USD,,esimdb.com,https://esimdb.com/colombia/jetpac,2026-10-04
jetpac,CO,colombia,Colombia,Colombia 20GB,20.0,30,data,56.0,USD,,esimdb.com,https://esimdb.com/colombia/jetpac,2026-10-04
jetpac,CO,colombia,Colombia,Colombia - Unlimited 7 Days,21.0,7,data,62.0,USD,3 GB per day for 7 days,esimdb.com,https://esimdb.com/colombia/jetpac,2026-10-04
jetpac,CO,colombia,Colombia,Colombia 30GB,30.0,30,data,75.0,USD,,esimdb.com,https://esimdb.com/colombia/jetpac,2026-10-04
jetpac,CO,colombia,Colombia,Colombia 40GB,40.0,30,data,120.0,USD,,esimdb.com,https://esimdb.com/colombia/jetpac,2026-10-04
jetpac,CO,colombia,Colombia,Colombia - Unlimited 14 Days,42.0,14,data,124.0,USD,3 GB per day for 14 days,esimdb.com,https://esimdb.com/colombia/jetpac,2026-10-04
jetpac,CO,colombia,Colombia,Colombia - Unlimited 21 Days,63.0,21,data,186.0,USD,3 GB per day for 21 days,esimdb.com,https://esimdb.com/colombia/jetpac,2026-10-04
jetpac,CO,colombia,Colombia,Colombia - Unlimited 30 Days,90.0,30,data,265.5,USD,3 GB per day for 30 days,esimdb.com,https://esimdb.com/colombia/jetpac,2026-10-04
jetpac,CR,costa-rica,Costa Rica,Costa Rica 1GB,1.0,4,data,7.0,USD,,esimdb.com,https://esimdb.com/costa-rica/jetpac,2026-10-04
jetpac,CR,costa-rica,Costa Rica,Costa Rica - Unlimited 1 Day,3.0,1,data,9.0,USD,,esimdb.com,https://esimdb.com/costa-rica/jetpac,2026-10-04
jetpac,CR,costa-rica,Costa Rica,Costa Rica 3GB,3.0,30,data,15.0,USD,,esimdb.com,https://esimdb.com/costa-rica/jetpac,2026-10-04
jetpac,CR,costa-rica,Costa Rica,Costa Rica 5GB,5.0,30,data,20.0,USD,,esimdb.com,https://esimdb.com/costa-rica/jetpac,2026-10-04
jetpac,CR,costa-rica,Costa Rica,Costa Rica - Unlimited 3 Days,9.0,3,data,27.0,USD,3 GB per day for 3 days,esimdb.com,https://esimdb.com/costa-rica/jetpac,2026-10-04
jetpac,CR,costa-rica,Costa Rica,Costa Rica 10GB,10.0,30,data,33.0,USD,,esimdb.com,https://esimdb.com/costa-rica/jetpac,2026-10-04
jetpac,CR,costa-rica,Costa Rica,Costa Rica 15GB,15.0,30,data,46.0,USD,,esimdb.com,https://esimdb.com/costa-rica/jetpac,2026-10-04
jetpac,CR,costa-rica,Costa Rica,Costa Rica 20GB,20.0,30,data,58.0,USD,,esimdb.com,https://esimdb.com/costa-rica/jetpac,2026-10-04
jetpac,CR,costa-rica,Costa Rica,Costa Rica - Unlimited 7 Days,21.0,7,data,63.0,USD,3 GB per day for 7 days,esimdb.com,https://esimdb.com/costa-rica/jetpac,2026-10-04
jetpac,CR,costa-rica,Costa Rica,Costa Rica 30GB,30.0,30,data,79.0,USD,,esimdb.com,https://esimdb.com/costa-rica/jetpac,2026-10-04
jetpac,CR,costa-rica,Costa Rica,Costa Rica - Unlimited 14 Days,42.0,14,data,126.0,USD,3 GB per day for 14 days,esimdb.com,https://esimdb.com/costa-rica/jetpac,2026-10-04
jetpac,CR,costa-rica,Costa Rica,Costa Rica 40GB,40.0,30,data,126.0,USD,,esimdb.com,https://esimdb.com/costa-rica/jetpac,2026-10-04
jetpac,CR,costa-rica,Costa Rica,Costa Rica - Unlimited 21 Days,63.0,21,data,189.0,USD,3 GB per day for 21 days,esimdb.com,https://esimdb.com/costa-rica/jetpac,2026-10-04
jetpac,CR,costa-rica,Costa Rica,Costa Rica - Unlimited 30 Days,90.0,30,data,270.0,USD,3 GB per day for 30 days,esimdb.com,https://esimdb.com/costa-rica/jetpac,2026-10-04
jetpac,CZ,czechia,Czechia,Czech Republic 1GB,1.0,4,data,7.0,USD,,esimdb.com,https://esimdb.com/czechia/jetpac,2026-10-04
jetpac,CZ,czechia,Czechia,Czech Republic 3GB,3.0,1,data,8.5,USD,,esimdb.com,https://esimdb.com/czechia/jetpac,2026-10-04
jetpac,CZ,czechia,Czechia,Czech Republic 5GB,5.0,1,data,9.0,USD,,esimdb.com,https://esimdb.com/czechia/jetpac,2026-10-04
jetpac,CZ,czechia,Czechia,Czech Republic 10GB,10.0,1,data,11.0,USD,,esimdb.com,https://esimdb.com/czechia/jetpac,2026-10-04
jetpac,CZ,czechia,Czechia,Czech Republic Unlimited-3 Days,9.0,3,data,12.99,USD,3 GB per day for 3 days,esimdb.com,https://esimdb.com/czechia/jetpac,2026-10-04
jetpac,CZ,czechia,Czechia,Czech Republic 15GB,15.0,7,data,19.0,USD,,esimdb.com,https://esimdb.com/czechia/jetpac,2026-10-04
jetpac,CZ,czechia,Czechia,Czech Republic Unlimited-5 Days,15.0,5,data,19.99,USD,3 GB per day for 5 days,esimdb.com,https://esimdb.com/czechia/jetpac,2026-10-04
jetpac,CZ,czechia,Czechia,Czech Republic Unlimited-7 Days,21.0,7,data,26.99,USD,3 GB per day for 7 days,esimdb.com,https://esimdb.com/czechia/jetpac,2026-10-04
jetpac,CZ,czechia,Czechia,Czech Republic 30GB,30.0,30,data,29.99,USD,,esimdb.com,https://esimdb.com/czechia/jetpac,2026-10-04
jetpac,CZ,czechia,Czechia,Czech Republic Unlimited-10 Days,30.0,10,data,33.99,USD,3 GB per day for 10 days,esimdb.com,https://esimdb.com/czechia/jetpac,2026-10-04
jetpac,CZ,czechia,Czechia,Czech Republic 40GB,40.0,30,data,34.99,USD,,esimdb.com,https://esimdb.com/czechia/jetpac,2026-10-04
jetpac,CZ,czechia,Czechia,Czech Republic 20GB,20.0,30,data,40.0,USD,,esimdb.com,https://esimdb.com/czechia/jetpac,2026-10-04
jetpac,CZ,czechia,Czechia,Czech Republic Unlimited-15 Days,45.0,15,data,41.99,USD,3 GB per day for 15 days,esimdb.com,https://esimdb.com/czechia/jetpac,2026-10-04
jetpac,CZ,czechia,Czechia,Czech Republic Unlimited-21 Days,63.0,21,data,49.99,USD,3 GB per day for 21 days,esimdb.com,https://esimdb.com/czechia/jetpac,2026-10-04
jetpac,CZ,czechia,Czechia,Czech Republic Unlimited-30 Days,90.0,30,data,65.99,USD,3 GB per day for 30 days,esimdb.com,https://esimdb.com/czechia/jetpac,2026-10-04
jetpac,DE,germany,Germany,Germany 1GB,1.0,4,data,7.0,USD,,esimdb.com,https://esimdb.com/germany/jetpac,2026-10-04
jetpac,DE,germany,Germany,Germany 3GB,3.0,7,data,8.5,USD,,esimdb.com,https://esimdb.com/germany/jetpac,2026-10-04
jetpac,DE,germany,Germany,Germany 5GB,5.0,30,data,10.5,USD,,esimdb.com,https://esimdb.com/germany/jetpac,2026-10-04
jetpac,DE,germany,Germany,Germany Unlimited-3 Days,9.0,3,data,11.99,USD,3 GB per day for 3 days,esimdb.com,https://esimdb.com/germany/jetpac,2026-10-04
jetpac,DE,germany,Germany,Germany 10GB,10.0,30,data,14.5,USD,,esimdb.com,https://esimdb.com/germany/jetpac,2026-10-04
jetpac,DE,germany,Germany,Germany Unlimited-5 Days,15.0,5,data,16.99,USD,3 GB per day for 5 days,esimdb.com,https://esimdb.com/germany/jetpac,2026-10-04
jetpac,DE,germany,Germany,Germany 15GB,15.0,30,data,20.0,USD,,esimdb.com,https://esimdb.com/germany/jetpac,2026-10-04
jetpac,DE,germany,Germany,Germany 30GB,30.0,30,data,24.99,USD,,esimdb.com,https://esimdb.com/germany/jetpac,2026-10-04
jetpac,DE,germany,Germany,Germany Unlimited-7 Days,21.0,7,data,24.99,USD,3 GB per day for 7 days,esimdb.com,https://esimdb.com/germany/jetpac,2026-10-04
jetpac,DE,germany,Germany,Germany 40GB,40.0,30,data,29.99,USD,,esimdb.com,https://esimdb.com/germany/jetpac,2026-10-04
jetpac,DE,germany,Germany,Germany Unlimited-10 Days,30.0,10,data,31.99,USD,3 GB per day for 10 days,esimdb.com,https://esimdb.com/germany/jetpac,2026-10-04
jetpac,DE,germany,Germany,Germany 20GB,20.0,30,data,35.0,USD,,esimdb.com,https://esimdb.com/germany/jetpac,2026-10-04
jetpac,DE,germany,Germany,Germany Unlimited-15 Days,45.0,15,data,41.99,USD,3 GB per day for 15 days,esimdb.com,https://esimdb.com/germany/jetpac,2026-10-04
jetpac,DE,germany,Germany,Germany Unlimited-21 Days,63.0,21,data,49.99,USD,3 GB per day for 21 days,esimdb.com,https://esimdb.com/germany/jetpac,2026-10-04
jetpac,DE,germany,Germany,Germany Unlimited-30 Days,90.0,30,data,65.99,USD,3 GB per day for 30 days,esimdb.com,https://esimdb.com/germany/jetpac,2026-10-04
jetpac,EG,egypt,Egypt,Egypt - Unlimited 1 Day,3.0,1,data,4.0,USD,,esimdb.com,https://esimdb.com/egypt/jetpac,2026-10-04
jetpac,EG,egypt,Egypt,Egypt 1GB,1.0,4,data,7.0,USD,,esimdb.com,https://esimdb.com/egypt/jetpac,2026-10-04
jetpac,EG,egypt,Egypt,Egypt 3GB,3.0,7,data,10.5,USD,,esimdb.com,https://esimdb.com/egypt/jetpac,2026-10-04
jetpac,EG,egypt,Egypt,Egypt 5GB,5.0,30,data,16.0,USD,,esimdb.com,https://esimdb.com/egypt/jetpac,2026-10-04
jetpac,EG,egypt,Egypt,Egypt - Unlimited 3 Days,9.0,3,data,19.5,USD,3 GB per day for 3 days,esimdb.com,https://esimdb.com/egypt/jetpac,2026-10-04
jetpac,EG,egypt,Egypt,Egypt 10GB,10.0,30,data,25.0,USD,,esimdb.com,https://esimdb.com/egypt/jetpac,2026-10-04
jetpac,EG,egypt,Egypt,Egypt 15GB,15.0,30,data,28.5,USD,,esimdb.com,https://esimdb.com/egypt/jetpac,2026-10-04
jetpac,EG,egypt,Egypt,Egypt 20GB,20.0,30,data,33.0,USD,,esimdb.com,https://esimdb.com/egypt/jetpac,2026-10-04
jetpac,EG,egypt,Egypt,Egypt - Unlimited 7 Days,21.0,7,data,35.0,USD,3 GB per day for 7 days,esimdb.com,https://esimdb.com/egypt/jetpac,2026-10-04
jetpac,EG,egypt,Egypt,Egypt 30GB,30.0,30,data,40.0,USD,,esimdb.com,https://esimdb.com/egypt/jetpac,2026-10-04
jetpac,EG,egypt,Egypt,Egypt 40GB,40.0,30,data,41.5,USD,,esimdb.com,https://esimdb.com/egypt/jetpac,2026-10-04
jetpac,EG,egypt,Egypt,Egypt - Unlimited 14 Days,42.0,14,data,47.0,USD,3 GB per day for 14 days,esimdb.com,https://esimdb.com/egypt/jetpac,2026-10-04
jetpac,EG,egypt,Egypt,Egypt - Unlimited 21 Days,63.0,21,data,67.0,USD,3 GB per day for 21 days,esimdb.com,https://esimdb.com/egypt/jetpac,2026-10-04
jetpac,EG,egypt,Egypt,Egypt - Unlimited 30 Days,90.0,30,data,87.0,USD,3 GB per day for 30 days,esimdb.com,https://esimdb.com/egypt/jetpac,2026-10-04
jetpac,ES,spain,Spain,Spain 2GB,2.0,1,data,2.0,USD,,esimdb.com,https://esimdb.com/spain/jetpac,2026-10-04
jetpac,ES,spain,Spain,Spain 4GB,4.0,1,data,2.5,USD,,esimdb.com,https://esimdb.com/spain/jetpac,2026-10-04
jetpac,ES,spain,Spain,Spain - Unlimited 1 Day,3.0,1,data,4.0,USD,,esimdb.com,https://esimdb.com/spain/jetpac,2026-10-04
jetpac,ES,spain,Spain,Spain 5GB,5.0,3,data,6.0,USD,,esimdb.com,https://esimdb.com/spain/jetpac,2026-10-04
jetpac,ES,spain,Spain,Spain 8GB,8.0,3,data,6.5,USD,,esimdb.com,https://esimdb.com/spain/jetpac,2026-10-04
jetpac,ES,spain,Spain,Spain - Unlimited 3 Days,9.0,3,data,10.0,USD,3 GB per day for 3 days,esimdb.com,https://esimdb.com/spain/jetpac,2026-10-04
jetpac,ES,spain,Spain,Spain 10GB,10.0,7,data,13.0,USD,,esimdb.com,https://esimdb.com/spain/jetpac,2026-10-04
jetpac,ES,spain,Spain,Spain 15GB,15.0,7,data,15.0,USD,,esimdb.com,https://esimdb.com/spain/jetpac,2026-10-04
jetpac,ES,spain,Spain,Spain - Unlimited 7 Days,21.0,7,data,20.0,USD,3 GB per day for 7 days,esimdb.com,https://esimdb.com/spain/jetpac,2026-10-04
jetpac,ES,spain,Spain,Spain 15GB,15.0,14,data,22.0,USD,,esimdb.com,https://esimdb.com/spain/jetpac,2026-10-04
jetpac,ES,spain,Spain,Spain 20GB,20.0,14,data,25.0,USD,,esimdb.com,https://esimdb.com/spain/jetpac,2026-10-04
jetpac,ES,spain,Spain,Spain 20GB,20.0,21,data,38.5,USD,,esimdb.com,https://esimdb.com/spain/jetpac,2026-10-04
jetpac,ES,spain,Spain,Spain - Unlimited 14 Days,42.0,14,data,39.5,USD,3 GB per day for 14 days,esimdb.com,https://esimdb.com/spain/jetpac,2026-10-04
jetpac,ES,spain,Spain,Spain 30GB,30.0,21,data,44.5,USD,,esimdb.com,https://esimdb.com/spain/jetpac,2026-10-04
jetpac,ES,spain,Spain,Spain 50GB,50.0,30,data,63.5,USD,,esimdb.com,https://esimdb.com/spain/jetpac,2026-10-04
jetpac,ES,spain,Spain,Spain - Unlimited 21 Days,63.0,21,data,73.0,USD,3 GB per day for 21 days,esimdb.com,https://esimdb.com/spain/jetpac,2026-10-04
jetpac,ES,spain,Spain,Spain - Unlimited 30 Days,90.0,30,data,105.5,USD,3 GB per day for 30 days,esimdb.com,https://esimdb.com/spain/jetpac,2026-10-04
jetpac,FR,france,France,France 3GB,3.0,7,data,7.0,USD,,esimdb.com,https://esimdb.com/france/jetpac,2026-10-04
jetpac,FR,france,France,France 1GB,1.0,4,data,7.0,USD,,esimdb.com,https://esimdb.com/france/jetpac,2026-10-04
jetpac,FR,france,France,France 5GB,5.0,30,data,10.0,USD,,esimdb.com,https://esimdb.com/france/jetpac,2026-10-04
jetpac,FR,france,France,France Unlimited-3 Days,9.0,3,data,11.99,USD,3 GB per day for 3 days,esimdb.com,https://esimdb.com/france/jetpac,2026-10-04
jetpac,FR,france,France,France 10GB,10.0,30,data,14.0,USD,,esimdb.com,https://esimdb.com/france/jetpac,2026-10-04
jetpac,FR,france,France,France Unlimited-5 Days,15.0,5,data,16.99,USD,3 GB per day for 5 days,esimdb.com,https://esimdb.com/france/jetpac,2026-10-04
jetpac,FR,france,France,France 15GB,15.0,30,data,20.0,USD,,esimdb.com,https://esimdb.com/france/jetpac,2026-10-04
jetpac,FR,france,France,France 30GB,30.0,30,data,24.99,USD,,esimdb.com,https://esimdb.com/france/jetpac,2026-10-04
jetpac,FR,france,France,France Unlimited-7 Days,21.0,7,data,24.99,USD,3 GB per day for 7 days,esimdb.com,https://esimdb.com/france/jetpac,2026-10-04
jetpac,FR,france,France,France 40GB,40.0,30,data,29.99,USD,,esimdb.com,https://esimdb.com/france/jetpac,2026-10-04
jetpac,FR,france,France,France Unlimited-10 Days,30.0,10,data,31.99,USD,3 GB per day for 10 days,esimdb.com,https://esimdb.com/france/jetpac,2026-10-04
jetpac,FR,france,France,France 20GB,20.0,30,data,35.0,USD,,esimdb.com,https://esimdb.com/france/jetpac,2026-10-04
jetpac,FR,france,France,France Unlimited-15 Days,45.0,15,data,41.99,USD,3 GB per day for 15 days,esimdb.com,https://esimdb.com/france/jetpac,2026-10-04
jetpac,FR,france,France,France Unlimited-21 Days,63.0,21,data,49.99,USD,3 GB per day for 21 days,esimdb.com,https://esimdb.com/france/jetpac,2026-10-04
jetpac,FR,france,France,France Unlimited-30 Days,90.0,30,data,65.99,USD,3 GB per day for 30 days,esimdb.com,https://esimdb.com/france/jetpac,2026-10-04
jetpac,GB,united-kingdom,United Kingdom,United Kingdom 3GB,3.0,1,data,6.5,USD,,esimdb.com,https://esimdb.com/uk/jetpac,2026-10-04
jetpac,GB,united-kingdom,United Kingdom,United Kingdom 1gb,1.0,4,data,7.0,USD,,esimdb.com,https://esimdb.com/uk/jetpac,2026-10-04
jetpac,GB,united-kingdom,United Kingdom,United Kingdom 5GB,5.0,1,data,7.5,USD,,esimdb.com,https://esimdb.com/uk/jetpac,2026-10-04
jetpac,GB,united-kingdom,United Kingdom,United Kingdom 3GB,3.0,4,data,7.5,USD,,esimdb.com,https://esimdb.com/uk/jetpac,2026-10-04
jetpac,GB,united-kingdom,United Kingdom,United Kingdom 5GB,5.0,4,data,8.5,USD,,esimdb.com,https://esimdb.com/uk/jetpac,2026-10-04
jetpac,GB,united-kingdom,United Kingdom,United Kingdom 3GB,3.0,7,data,9.0,USD,,esimdb.com,https://esimdb.com/uk/jetpac,2026-10-04
jetpac,GB,united-kingdom,United Kingdom,United Kingdom 10GB,10.0,1,data,9.5,USD,,esimdb.com,https://esimdb.com/uk/jetpac,2026-10-04
jetpac,GB,united-kingdom,United Kingdom,United Kingdom 5GB,5.0,7,data,10.0,USD,,esimdb.com,https://esimdb.com/uk/jetpac,2026-10-04
jetpac,GB,united-kingdom,United Kingdom,United Kingdom Unlimited-3 Days,9.0,3,data,10.99,USD,3 GB per day for 3 days,esimdb.com,https://esimdb.com/uk/jetpac,2026-10-04
jetpac,GB,united-kingdom,United Kingdom,United Kingdom 10GB,10.0,4,data,12.0,USD,,esimdb.com,https://esimdb.com/uk/jetpac,2026-10-04
jetpac,GB,united-kingdom,United Kingdom,United Kingdom 5GB,5.0,30,data,12.0,USD,,esimdb.com,https://esimdb.com/uk/jetpac,2026-10-04
jetpac,GB,united-kingdom,United Kingdom,United Kingdom 10GB,10.0,7,data,14.0,USD,,esimdb.com,https://esimdb.com/uk/jetpac,2026-10-04
jetpac,GB,united-kingdom,United Kingdom,United Kingdom 15GB,15.0,7,data,16.0,USD,,esimdb.com,https://esimdb.com/uk/jetpac,2026-10-04
jetpac,GB,united-kingdom,United Kingdom,United Kingdom 10GB,10.0,30,data,17.0,USD,,esimdb.com,https://esimdb.com/uk/jetpac,2026-10-04
jetpac,GB,united-kingdom,United Kingdom,United Kingdom Unlimited-5 Days,15.0,5,data,17.99,USD,3 GB per day for 5 days,esimdb.com,https://esimdb.com/uk/jetpac,2026-10-04
jetpac,GB,united-kingdom,United Kingdom,United Kingdom 15GB,15.0,30,data,21.0,USD,,esimdb.com,https://esimdb.com/uk/jetpac,2026-10-04
jetpac,GB,united-kingdom,United Kingdom,United Kingdom 30GB,30.0,30,data,25.0,USD,,esimdb.com,https://esimdb.com/uk/jetpac,2026-10-04
jetpac,GB,united-kingdom,United Kingdom,United Kingdom Unlimited-7 Days,21.0,7,data,25.99,USD,3 GB per day for 7 days,esimdb.com,https://esimdb.com/uk/jetpac,2026-10-04
jetpac,GB,united-kingdom,United Kingdom,United Kingdom 40GB,40.0,30,data,29.99,USD,,esimdb.com,https://esimdb.com/uk/jetpac,2026-10-04
jetpac,GB,united-kingdom,United Kingdom,United Kingdom Unlimited-10 Days,30.0,10,data,33.99,USD,3 GB per day for 10 days,esimdb.com,https://esimdb.com/uk/jetpac,2026-10-04
jetpac,GB,united-kingdom,United Kingdom,United Kingdom 20GB,20.0,30,data,35.0,USD,,esimdb.com,https://esimdb.com/uk/jetpac,2026-10-04
jetpac,GB,united-kingdom,United Kingdom,United Kingdom Unlimited-15 Days,45.0,15,data,41.99,USD,3 GB per day for 15 days,esimdb.com,https://esimdb.com/uk/jetpac,2026-10-04
jetpac,GB,united-kingdom,United Kingdom,United Kingdom Unlimited-21 Days,63.0,21,data,49.99,USD,3 GB per day for 21 days,esimdb.com,https://esimdb.com/uk/jetpac,2026-10-04
jetpac,GB,united-kingdom,United Kingdom,United Kingdom Unlimited-30 Days,90.0,30,data,65.99,USD,3 GB per day for 30 days,esimdb.com,https://esimdb.com/uk/jetpac,2026-10-04
jetpac,GE,georgia,Georgia,Georgia 1GB,1.0,4,data,7.0,USD,,esimdb.com,https://esimdb.com/georgia/jetpac,2026-10-04
jetpac,GE,georgia,Georgia,Georgia - Unlimited 1 Day,3.0,1,data,8.5,USD,,esimdb.com,https://esimdb.com/georgia/jetpac,2026-10-04
jetpac,GE,georgia,Georgia,Georgia 3GB,3.0,7,data,9.0,USD,,esimdb.com,https://esimdb.com/georgia/jetpac,2026-10-04
jetpac,GE,georgia,Georgia,Georgia 10GB,10.0,30,data,24.0,USD,,esimdb.com,https://esimdb.com/georgia/jetpac,2026-10-04
jetpac,GE,georgia,Georgia,Georgia - Unlimited 3 Days,9.0,3,data,25.0,USD,3 GB per day for 3 days,esimdb.com,https://esimdb.com/georgia/jetpac,2026-10-04
jetpac,GE,georgia,Georgia,Georgia 15GB,15.0,30,data,27.5,USD,,esimdb.com,https://esimdb.com/georgia/jetpac,2026-10-04
jetpac,GE,georgia,Georgia,Georgia 30GB,30.0,30,data,34.5,USD,,esimdb.com,https://esimdb.com/georgia/jetpac,2026-10-04
jetpac,GE,georgia,Georgia,Georgia 40GB,40.0,30,data,37.0,USD,,esimdb.com,https://esimdb.com/georgia/jetpac,2026-10-04
jetpac,GE,georgia,Georgia,Georgia - Unlimited 7 Days,21.0,7,data,57.5,USD,3 GB per day for 7 days,esimdb.com,https://esimdb.com/georgia/jetpac,2026-10-04
jetpac,GE,georgia,Georgia,Georgia - Unlimited 14 Days,42.0,14,data,115.0,USD,3 GB per day for 14 days,esimdb.com,https://esimdb.com/georgia/jetpac,2026-10-04
jetpac,GE,georgia,Georgia,Georgia - Unlimited 21 Days,63.0,21,data,172.5,USD,3 GB per day for 21 days,esimdb.com,https://esimdb.com/georgia/jetpac,2026-10-04
jetpac,GE,georgia,Georgia,Georgia - Unlimited 30 Days,90.0,30,data,246.0,USD,3 GB per day for 30 days,esimdb.com,https://esimdb.com/georgia/jetpac,2026-10-04
jetpac,GR,greece,Greece,Greece 1GB,1.0,4,data,7.0,USD,,esimdb.com,https://esimdb.com/greece/jetpac,2026-10-04
jetpac,GR,greece,Greece,Greece 3GB,3.0,7,data,9.0,USD,,esimdb.com,https://esimdb.com/greece/jetpac,2026-10-04
jetpac,GR,greece,Greece,Greece Unlimited-3 Days,9.0,3,data,10.99,USD,3 GB per day for 3 days,esimdb.com,https://esimdb.com/greece/jetpac,2026-10-04
jetpac,GR,greece,Greece,Greece 5GB,5.0,30,data,12.0,USD,,esimdb.com,https://esimdb.com/greece/jetpac,2026-10-04
jetpac,GR,greece,Greece,Greece 10GB,10.0,30,data,16.0,USD,,esimdb.com,https://esimdb.com/greece/jetpac,2026-10-04
jetpac,GR,greece,Greece,Greece Unlimited-5 Days,15.0,5,data,17.99,USD,3 GB per day for 5 days,esimdb.com,https://esimdb.com/greece/jetpac,2026-10-04
jetpac,GR,greece,Greece,Greece 15GB,15.0,30,data,19.99,USD,,esimdb.com,https://esimdb.com/greece/jetpac,2026-10-04
jetpac,GR,greece,Greece,Greece 30GB,30.0,30,data,24.99,USD,,esimdb.com,https://esimdb.com/greece/jetpac,2026-10-04
jetpac,GR,greece,Greece,Greece Unlimited-7 Days,21.0,7,data,25.99,USD,3 GB per day for 7 days,esimdb.com,https://esimdb.com/greece/jetpac,2026-10-04
jetpac,GR,greece,Greece,Greece 40GB,40.0,30,data,29.99,USD,,esimdb.com,https://esimdb.com/greece/jetpac,2026-10-04
jetpac,GR,greece,Greece,Greece Unlimited-10 Days,30.0,10,data,32.99,USD,3 GB per day for 10 days,esimdb.com,https://esimdb.com/greece/jetpac,2026-10-04
jetpac,GR,greece,Greece,Greece 20GB,20.0,30,data,36.0,USD,,esimdb.com,https://esimdb.com/greece/jetpac,2026-10-04
jetpac,GR,greece,Greece,Greece Unlimited-15 Days,45.0,15,data,41.99,USD,3 GB per day for 15 days,esimdb.com,https://esimdb.com/greece/jetpac,2026-10-04
jetpac,GR,greece,Greece,Greece Unlimited-21 Days,63.0,21,data,49.99,USD,3 GB per day for 21 days,esimdb.com,https://esimdb.com/greece/jetpac,2026-10-04
jetpac,GR,greece,Greece,Greece Unlimited-30 Days,90.0,30,data,65.99,USD,3 GB per day for 30 days,esimdb.com,https://esimdb.com/greece/jetpac,2026-10-04
jetpac,HK,hong-kong,Hong Kong,Hong Kong 3GB,3.0,1,data,5.0,USD,,esimdb.com,https://esimdb.com/hong-kong/jetpac,2026-10-04
jetpac,HK,hong-kong,Hong Kong,Hong Kong 5GB,5.0,1,data,6.0,USD,,esimdb.com,https://esimdb.com/hong-kong/jetpac,2026-10-04
jetpac,HK,hong-kong,Hong Kong,Hong Kong 3GB,3.0,4,data,6.0,USD,,esimdb.com,https://esimdb.com/hong-kong/jetpac,2026-10-04
jetpac,HK,hong-kong,Hong Kong,Hong Kong 5GB,5.0,4,data,7.0,USD,,esimdb.com,https://esimdb.com/hong-kong/jetpac,2026-10-04
jetpac,HK,hong-kong,Hong Kong,Hong Kong 3GB,3.0,7,data,7.0,USD,,esimdb.com,https://esimdb.com/hong-kong/jetpac,2026-10-04
jetpac,HK,hong-kong,Hong Kong,Hong Kong 1GB,1.0,4,data,7.0,USD,,esimdb.com,https://esimdb.com/hong-kong/jetpac,2026-10-04
jetpac,HK,hong-kong,Hong Kong,Hong Kong 5GB,5.0,7,data,8.0,USD,,esimdb.com,https://esimdb.com/hong-kong/jetpac,2026-10-04
jetpac,HK,hong-kong,Hong Kong,Hong Kong 10GB,10.0,1,data,8.5,USD,,esimdb.com,https://esimdb.com/hong-kong/jetpac,2026-10-04
jetpac,HK,hong-kong,Hong Kong,Hong Kong 5GB,5.0,30,data,10.0,USD,,esimdb.com,https://esimdb.com/hong-kong/jetpac,2026-10-04
jetpac,HK,hong-kong,Hong Kong,Hong Kong 10GB,10.0,4,data,10.5,USD,,esimdb.com,https://esimdb.com/hong-kong/jetpac,2026-10-04
jetpac,HK,hong-kong,Hong Kong,Hong Kong 10GB,10.0,7,data,12.0,USD,,esimdb.com,https://esimdb.com/hong-kong/jetpac,2026-10-04
jetpac,HK,hong-kong,Hong Kong,Hong Kong - Unlimited 3 Days,9.0,3,data,12.99,USD,3 GB per day for 3 days,esimdb.com,https://esimdb.com/hong-kong/jetpac,2026-10-04
jetpac,HK,hong-kong,Hong Kong,Hong Kong 10GB,10.0,30,data,14.99,USD,,esimdb.com,https://esimdb.com/hong-kong/jetpac,2026-10-04
jetpac,HK,hong-kong,Hong Kong,Hong Kong 15GB,15.0,7,data,15.0,USD,,esimdb.com,https://esimdb.com/hong-kong/jetpac,2026-10-04
jetpac,HK,hong-kong,Hong Kong,Hong Kong 15GB,15.0,30,data,19.99,USD,,esimdb.com,https://esimdb.com/hong-kong/jetpac,2026-10-04
jetpac,HK,hong-kong,Hong Kong,Hong Kong - Unlimited 5 Days,15.0,5,data,19.99,USD,3 GB per day for 5 days,esimdb.com,https://esimdb.com/hong-kong/jetpac,2026-10-04
jetpac,HK,hong-kong,Hong Kong,Hong Kong - Unlimited 7 Days,21.0,7,data,26.99,USD,3 GB per day for 7 days,esimdb.com,https://esimdb.com/hong-kong/jetpac,2026-10-04
jetpac,HK,hong-kong,Hong Kong,Hong Kong 30GB,30.0,30,data,29.99,USD,,esimdb.com,https://esimdb.com/hong-kong/jetpac,2026-10-04
jetpac,HK,hong-kong,Hong Kong,Hong Kong - Unlimited 10 Days,30.0,10,data,33.99,USD,3 GB per day for 10 days,esimdb.com,https://esimdb.com/hong-kong/jetpac,2026-10-04
jetpac,HK,hong-kong,Hong Kong,Hong Kong 40GB,40.0,30,data,34.99,USD,,esimdb.com,https://esimdb.com/hong-kong/jetpac,2026-10-04
jetpac,HK,hong-kong,Hong Kong,Hong Kong 20GB,20.0,30,data,35.0,USD,,esimdb.com,https://esimdb.com/hong-kong/jetpac,2026-10-04
jetpac,HK,hong-kong,Hong Kong,Hong Kong - Unlimited 15 Days,45.0,15,data,41.99,USD,3 GB per day for 15 days,esimdb.com,https://esimdb.com/hong-kong/jetpac,2026-10-04
jetpac,HK,hong-kong,Hong Kong,Hong Kong - Unlimited 21 Days,63.0,21,data,49.99,USD,3 GB per day for 21 days,esimdb.com,https://esimdb.com/hong-kong/jetpac,2026-10-04
jetpac,HK,hong-kong,Hong Kong,Hong Kong - Unlimited 30 Days,90.0,30,data,65.99,USD,3 GB per day for 30 days,esimdb.com,https://esimdb.com/hong-kong/jetpac,2026-10-04
jetpac,HR,croatia,Croatia,Croatia 3GB,3.0,7,data,7.0,USD,,esimdb.com,https://esimdb.com/croatia/jetpac,2026-10-04
jetpac,HR,croatia,Croatia,Croatia 1GB,1.0,4,data,7.0,USD,,esimdb.com,https://esimdb.com/croatia/jetpac,2026-10-04
jetpac,HR,croatia,Croatia,Croatia 5GB,5.0,30,data,10.0,USD,,esimdb.com,https://esimdb.com/croatia/jetpac,2026-10-04
jetpac,HR,croatia,Croatia,Croatia Unlimited-3 Days,9.0,3,data,12.99,USD,3 GB per day for 3 days,esimdb.com,https://esimdb.com/croatia/jetpac,2026-10-04
jetpac,HR,croatia,Croatia,Croatia 10GB,10.0,30,data,16.0,USD,,esimdb.com,https://esimdb.com/croatia/jetpac,2026-10-04
jetpac,HR,croatia,Croatia,Croatia 15GB,15.0,30,data,19.99,USD,,esimdb.com,https://esimdb.com/croatia/jetpac,2026-10-04
jetpac,HR,croatia,Croatia,Croatia Unlimited-5 Days,15.0,5,data,19.99,USD,3 GB per day for 5 days,esimdb.com,https://esimdb.com/croatia/jetpac,2026-10-04
jetpac,HR,croatia,Croatia,Croatia (Unlimited 7 Days),21.0,7,data,26.99,USD,3 GB per day for 7 days,esimdb.com,https://esimdb.com/croatia/jetpac,2026-10-04
jetpac,HR,croatia,Croatia,Croatia 30GB,30.0,30,data,29.99,USD,,esimdb.com,https://esimdb.com/croatia/jetpac,2026-10-04
jetpac,HR,croatia,Croatia,Croatia (Unlimited 10 Days),30.0,10,data,33.99,USD,3 GB per day for 10 days,esimdb.com,https://esimdb.com/croatia/jetpac,2026-10-04
jetpac,HR,croatia,Croatia,Croatia 40GB,40.0,30,data,34.99,USD,,esimdb.com,https://esimdb.com/croatia/jetpac,2026-10-04
jetpac,HR,croatia,Croatia,Croatia Unlimited-15 Days,45.0,15,data,41.99,USD,3 GB per day for 15 days,esimdb.com,https://esimdb.com/croatia/jetpac,2026-10-04
jetpac,HR,croatia,Croatia,Croatia 20GB,20.0,30,data,45.0,USD,,esimdb.com,https://esimdb.com/croatia/jetpac,2026-10-04
jetpac,HR,croatia,Croatia,Croatia Unlimited-21 Days,63.0,21,data,49.99,USD,3 GB per day for 21 days,esimdb.com,https://esimdb.com/croatia/jetpac,2026-10-04
jetpac,HR,croatia,Croatia,Croatia Unlimited-30 Days,90.0,30,data,65.99,USD,3 GB per day for 30 days,esimdb.com,https://esimdb.com/croatia/jetpac,2026-10-04
jetpac,ID,indonesia,Indonesia,Indonesia 3GB,3.0,1,data,6.0,USD,,esimdb.com,https://esimdb.com/indonesia/jetpac,2026-10-04
jetpac,ID,indonesia,Indonesia,Indonesia 3GB,3.0,4,data,6.5,USD,,esimdb.com,https://esimdb.com/indonesia/jetpac,2026-10-04
jetpac,ID,indonesia,Indonesia,Indonesia 5GB,5.0,1,data,7.0,USD,,esimdb.com,https://esimdb.com/indonesia/jetpac,2026-10-04
jetpac,ID,indonesia,Indonesia,Indonesia 1GB,1.0,4,data,7.0,USD,,esimdb.com,https://esimdb.com/indonesia/jetpac,2026-10-04
jetpac,ID,indonesia,Indonesia,Indonesia 5GB,5.0,4,data,8.0,USD,,esimdb.com,https://esimdb.com/indonesia/jetpac,2026-10-04
jetpac,ID,indonesia,Indonesia,Indonesia 3GB,3.0,7,data,8.0,USD,,esimdb.com,https://esimdb.com/indonesia/jetpac,2026-10-04
jetpac,ID,indonesia,Indonesia,Indonesia 5GB,5.0,7,data,9.0,USD,,esimdb.com,https://esimdb.com/indonesia/jetpac,2026-10-04
jetpac,ID,indonesia,Indonesia,Indonesia 10GB,10.0,1,data,10.0,USD,,esimdb.com,https://esimdb.com/indonesia/jetpac,2026-10-04
jetpac,ID,indonesia,Indonesia,Indonesia Unlimited-3 Days,9.0,3,data,10.99,USD,3 GB per day for 3 days,esimdb.com,https://esimdb.com/indonesia/jetpac,2026-10-04
jetpac,ID,indonesia,Indonesia,Indonesia 5GB,5.0,30,data,11.0,USD,,esimdb.com,https://esimdb.com/indonesia/jetpac,2026-10-04
jetpac,ID,indonesia,Indonesia,Indonesia 10GB,10.0,4,data,13.0,USD,,esimdb.com,https://esimdb.com/indonesia/jetpac,2026-10-04
jetpac,ID,indonesia,Indonesia,Indonesia 10GB,10.0,7,data,14.5,USD,,esimdb.com,https://esimdb.com/indonesia/jetpac,2026-10-04
jetpac,ID,indonesia,Indonesia,Indonesia 15GB,15.0,7,data,17.5,USD,,esimdb.com,https://esimdb.com/indonesia/jetpac,2026-10-04
jetpac,ID,indonesia,Indonesia,Indonesia 10GB,10.0,30,data,18.0,USD,,esimdb.com,https://esimdb.com/indonesia/jetpac,2026-10-04
jetpac,ID,indonesia,Indonesia,Indonesia Unlimited-5 Days,15.0,5,data,18.99,USD,3 GB per day for 5 days,esimdb.com,https://esimdb.com/indonesia/jetpac,2026-10-04
jetpac,ID,indonesia,Indonesia,Indonesia 15GB,15.0,30,data,24.0,USD,,esimdb.com,https://esimdb.com/indonesia/jetpac,2026-10-04
jetpac,ID,indonesia,Indonesia,Indonesia Unlimited-7 Days,21.0,7,data,25.99,USD,3 GB per day for 7 days,esimdb.com,https://esimdb.com/indonesia/jetpac,2026-10-04
jetpac,ID,indonesia,Indonesia,Indonesia 30GB,30.0,30,data,29.99,USD,,esimdb.com,https://esimdb.com/indonesia/jetpac,2026-10-04
jetpac,ID,indonesia,Indonesia,Indonesia Unlimited-10 Days,30.0,10,data,33.99,USD,3 GB per day for 10 days,esimdb.com,https://esimdb.com/indonesia/jetpac,2026-10-04
jetpac,ID,indonesia,Indonesia,Indonesia 20GB,20.0,30,data,35.0,USD,,esimdb.com,https://esimdb.com/indonesia/jetpac,2026-10-04
jetpac,ID,indonesia,Indonesia,Indonesia 40GB,40.0,30,data,39.99,USD,,esimdb.com,https://esimdb.com/indonesia/jetpac,2026-10-04
jetpac,ID,indonesia,Indonesia,Indonesia Unlimited-15 Days,45.0,15,data,41.99,USD,3 GB per day for 15 days,esimdb.com,https://esimdb.com/indonesia/jetpac,2026-10-04
jetpac,ID,indonesia,Indonesia,Indonesia Unlimited-21 Days,63.0,21,data,49.99,USD,3 GB per day for 21 days,esimdb.com,https://esimdb.com/indonesia/jetpac,2026-10-04
jetpac,ID,indonesia,Indonesia,Indonesia Unlimited-30 Days,90.0,30,data,65.99,USD,3 GB per day for 30 days,esimdb.com,https://esimdb.com/indonesia/jetpac,2026-10-04
jetpac,IE,ireland,Ireland,Ireland 1GB,1.0,4,data,7.0,USD,,esimdb.com,https://esimdb.com/ireland/jetpac,2026-10-04
jetpac,IE,ireland,Ireland,Ireland 3GB,3.0,1,data,8.5,USD,,esimdb.com,https://esimdb.com/ireland/jetpac,2026-10-04
jetpac,IE,ireland,Ireland,Ireland 5GB,5.0,1,data,9.0,USD,,esimdb.com,https://esimdb.com/ireland/jetpac,2026-10-04
jetpac,IE,ireland,Ireland,Ireland 10GB,10.0,1,data,11.0,USD,,esimdb.com,https://esimdb.com/ireland/jetpac,2026-10-04
jetpac,IE,ireland,Ireland,Ireland Unlimited-3 Days,9.0,3,data,12.99,USD,3 GB per day for 3 days,esimdb.com,https://esimdb.com/ireland/jetpac,2026-10-04
jetpac,IE,ireland,Ireland,Ireland 15GB,15.0,7,data,19.0,USD,,esimdb.com,https://esimdb.com/ireland/jetpac,2026-10-04
jetpac,IE,ireland,Ireland,Ireland Unlimited-5 Days,15.0,5,data,19.99,USD,3 GB per day for 5 days,esimdb.com,https://esimdb.com/ireland/jetpac,2026-10-04
jetpac,IE,ireland,Ireland,Ireland Unlimited-7 Days,21.0,7,data,26.99,USD,3 GB per day for 7 days,esimdb.com,https://esimdb.com/ireland/jetpac,2026-10-04
jetpac,IE,ireland,Ireland,Ireland 30GB,30.0,30,data,29.99,USD,,esimdb.com,https://esimdb.com/ireland/jetpac,2026-10-04
jetpac,IE,ireland,Ireland,Ireland Unlimited-10 Days,30.0,10,data,33.99,USD,3 GB per day for 10 days,esimdb.com,https://esimdb.com/ireland/jetpac,2026-10-04
jetpac,IE,ireland,Ireland,Ireland 40GB,40.0,30,data,34.99,USD,,esimdb.com,https://esimdb.com/ireland/jetpac,2026-10-04
jetpac,IE,ireland,Ireland,Ireland 20GB,20.0,30,data,40.0,USD,,esimdb.com,https://esimdb.com/ireland/jetpac,2026-10-04
jetpac,IE,ireland,Ireland,Ireland Unlimited-15 Days,45.0,15,data,41.99,USD,3 GB per day for 15 days,esimdb.com,https://esimdb.com/ireland/jetpac,2026-10-04
jetpac,IE,ireland,Ireland,Ireland Unlimited-21 Days,63.0,21,data,49.99,USD,3 GB per day for 21 days,esimdb.com,https://esimdb.com/ireland/jetpac,2026-10-04
jetpac,IE,ireland,Ireland,Ireland Unlimited-30 Days,90.0,30,data,65.99,USD,3 GB per day for 30 days,esimdb.com,https://esimdb.com/ireland/jetpac,2026-10-04
jetpac,IL,israel,Israel,Israel - Unlimited 1 Day,3.0,1,data,4.0,USD,,esimdb.com,https://esimdb.com/israel/jetpac,2026-10-04
jetpac,IL,israel,Israel,Israel 1GB,1.0,4,data,7.0,USD,,esimdb.com,https://esimdb.com/israel/jetpac,2026-10-04
jetpac,IL,israel,Israel,Israel 3GB,3.0,7,data,8.5,USD,,esimdb.com,https://esimdb.com/israel/jetpac,2026-10-04
jetpac,IL,israel,Israel,Israel 10GB,10.0,30,data,13.5,USD,,esimdb.com,https://esimdb.com/israel/jetpac,2026-10-04
jetpac,IL,israel,Israel,Israel - Unlimited 3 Days,9.0,3,data,19.5,USD,3 GB per day for 3 days,esimdb.com,https://esimdb.com/israel/jetpac,2026-10-04
jetpac,IL,israel,Israel,Israel 15GB,15.0,30,data,20.0,USD,,esimdb.com,https://esimdb.com/israel/jetpac,2026-10-04
jetpac,IL,israel,Israel,Israel - Unlimited 7 Days,21.0,7,data,35.0,USD,3 GB per day for 7 days,esimdb.com,https://esimdb.com/israel/jetpac,2026-10-04
jetpac,IL,israel,Israel,Israel 30GB,30.0,30,data,40.0,USD,,esimdb.com,https://esimdb.com/israel/jetpac,2026-10-04
jetpac,IL,israel,Israel,Israel 40GB,40.0,30,data,41.5,USD,,esimdb.com,https://esimdb.com/israel/jetpac,2026-10-04
jetpac,IL,israel,Israel,Israel - Unlimited 14 Days,42.0,14,data,47.0,USD,3 GB per day for 14 days,esimdb.com,https://esimdb.com/israel/jetpac,2026-10-04
jetpac,IL,israel,Israel,Israel - Unlimited 21 Days,63.0,21,data,67.0,USD,3 GB per day for 21 days,esimdb.com,https://esimdb.com/israel/jetpac,2026-10-04
jetpac,IL,israel,Israel,Israel - Unlimited 30 Days,90.0,30,data,87.0,USD,3 GB per day for 30 days,esimdb.com,https://esimdb.com/israel/jetpac,2026-10-04
jetpac,IN,india,India,India 3GB,3.0,1,data,6.0,USD,,esimdb.com,https://esimdb.com/india/jetpac,2026-10-04
jetpac,IN,india,India,India 3GB,3.0,4,data,7.0,USD,,esimdb.com,https://esimdb.com/india/jetpac,2026-10-04
jetpac,IN,india,India,India 1GB,1.0,4,data,7.0,USD,,esimdb.com,https://esimdb.com/india/jetpac,2026-10-04
jetpac,IN,india,India,India 5GB,5.0,1,data,7.5,USD,,esimdb.com,https://esimdb.com/india/jetpac,2026-10-04
jetpac,IN,india,India,India 3GB,3.0,30,data,8.5,USD,,esimdb.com,https://esimdb.com/india/jetpac,2026-10-04
jetpac,IN,india,India,India 5GB,5.0,4,data,9.0,USD,,esimdb.com,https://esimdb.com/india/jetpac,2026-10-04
jetpac,IN,india,India,India 5GB,5.0,7,data,10.0,USD,,esimdb.com,https://esimdb.com/india/jetpac,2026-10-04
jetpac,IN,india,India,India 10GB,10.0,1,data,12.5,USD,,esimdb.com,https://esimdb.com/india/jetpac,2026-10-04
jetpac,IN,india,India,India 5GB,5.0,30,data,12.5,USD,,esimdb.com,https://esimdb.com/india/jetpac,2026-10-04
jetpac,IN,india,India,India Unlimited - 3 days,9.0,3,data,12.99,USD,3 GB per day for 3 days,esimdb.com,https://esimdb.com/india/jetpac,2026-10-04
jetpac,IN,india,India,India 10GB,10.0,4,data,16.0,USD,,esimdb.com,https://esimdb.com/india/jetpac,2026-10-04
jetpac,IN,india,India,India 10GB,10.0,7,data,18.0,USD,,esimdb.com,https://esimdb.com/india/jetpac,2026-10-04
jetpac,IN,india,India,India Unlimited - 5 days,15.0,5,data,19.99,USD,3 GB per day for 5 days,esimdb.com,https://esimdb.com/india/jetpac,2026-10-04
jetpac,IN,india,India,India 15GB,15.0,7,data,21.0,USD,,esimdb.com,https://esimdb.com/india/jetpac,2026-10-04
jetpac,IN,india,India,India 10GB,10.0,30,data,22.5,USD,,esimdb.com,https://esimdb.com/india/jetpac,2026-10-04
jetpac,IN,india,India,India Unlimited 7 Days,21.0,7,data,26.99,USD,3 GB per day for 7 days,esimdb.com,https://esimdb.com/india/jetpac,2026-10-04
jetpac,IN,india,India,India 15GB,15.0,30,data,27.5,USD,,esimdb.com,https://esimdb.com/india/jetpac,2026-10-04
jetpac,IN,india,India,India Unlimited 10 Days,30.0,10,data,33.99,USD,3 GB per day for 10 days,esimdb.com,https://esimdb.com/india/jetpac,2026-10-04
jetpac,IN,india,India,India 30GB,30.0,30,data,38.0,USD,,esimdb.com,https://esimdb.com/india/jetpac,2026-10-04
jetpac,IN,india,India,India Unlimited - 15 days,45.0,15,data,41.99,USD,3 GB per day for 15 days,esimdb.com,https://esimdb.com/india/jetpac,2026-10-04
jetpac,IN,india,India,India Unlimited - 21 days,63.0,21,data,49.99,USD,3 GB per day for 21 days,esimdb.com,https://esimdb.com/india/jetpac,2026-10-04
jetpac,IN,india,India,India 20GB,20.0,30,data,55.0,USD,,esimdb.com,https://esimdb.com/india/jetpac,2026-10-04
jetpac,IN,india,India,India Unlimited - 30 days,90.0,30,data,65.99,USD,3 GB per day for 30 days,esimdb.com,https://esimdb.com/india/jetpac,2026-10-04
jetpac,IN,india,India,India 40GB,40.0,30,data,100.0,USD,,esimdb.com,https://esimdb.com/india/jetpac,2026-10-04
jetpac,IS,iceland,Iceland,Iceland 1GB,1.0,4,data,7.0,USD,,esimdb.com,https://esimdb.com/iceland/jetpac,2026-10-04
jetpac,IS,iceland,Iceland,Iceland 3GB,3.0,1,data,8.5,USD,,esimdb.com,https://esimdb.com/iceland/jetpac,2026-10-04
jetpac,IS,iceland,Iceland,Iceland 5GB,5.0,1,data,9.0,USD,,esimdb.com,https://esimdb.com/iceland/jetpac,2026-10-04
jetpac,IS,iceland,Iceland,Iceland 10GB,10.0,1,data,11.0,USD,,esimdb.com,https://esimdb.com/iceland/jetpac,2026-10-04
jetpac,IS,iceland,Iceland,Iceland Unlimited-3 Days,9.0,3,data,12.99,USD,3 GB per day for 3 days,esimdb.com,https://esimdb.com/iceland/jetpac,2026-10-04
jetpac,IS,iceland,Iceland,Iceland 15GB,15.0,7,data,19.0,USD,,esimdb.com,https://esimdb.com/iceland/jetpac,2026-10-04
jetpac,IS,iceland,Iceland,Iceland Unlimited-5 Days,15.0,5,data,19.99,USD,3 GB per day for 5 days,esimdb.com,https://esimdb.com/iceland/jetpac,2026-10-04
jetpac,IS,iceland,Iceland,Iceland Unlimited-7 Days,21.0,7,data,26.99,USD,3 GB per day for 7 days,esimdb.com,https://esimdb.com/iceland/jetpac,2026-10-04
jetpac,IS,iceland,Iceland,Iceland 30GB,30.0,30,data,29.99,USD,,esimdb.com,https://esimdb.com/iceland/jetpac,2026-10-04
jetpac,IS,iceland,Iceland,Iceland Unlimited-10 Days,30.0,10,data,33.99,USD,3 GB per day for 10 days,esimdb.com,https://esimdb.com/iceland/jetpac,2026-10-04
jetpac,IS,iceland,Iceland,Iceland 40GB,40.0,30,data,34.99,USD,,esimdb.com,https://esimdb.com/iceland/jetpac,2026-10-04
jetpac,IS,iceland,Iceland,Iceland 20GB,20.0,30,data,40.0,USD,,esimdb.com,https://esimdb.com/iceland/jetpac,2026-10-04
jetpac,IS,iceland,Iceland,Iceland Unlimited-15 Days,45.0,15,data,41.99,USD,3 GB per day for 15 days,esimdb.com,https://esimdb.com/iceland/jetpac,2026-10-04
jetpac,IS,iceland,Iceland,Iceland Unlimited-21 Days,63.0,21,data,49.99,USD,3 GB per day for 21 days,esimdb.com,https://esimdb.com/iceland/jetpac,2026-10-04
jetpac,IS,iceland,Iceland,Iceland Unlimited-30 Days,90.0,30,data,65.99,USD,3 GB per day for 30 days,esimdb.com,https://esimdb.com/iceland/jetpac,2026-10-04
jetpac,IT,italy,Italy,Italy 2GB,2.0,1,data,2.0,USD,,esimdb.com,https://esimdb.com/italy/jetpac,2026-10-04
jetpac,IT,italy,Italy,Italy 4GB,4.0,1,data,2.5,USD,,esimdb.com,https://esimdb.com/italy/jetpac,2026-10-04
jetpac,IT,italy,Italy,Italy - Unlimited 1 Day,3.0,1,data,4.5,USD,,esimdb.com,https://esimdb.com/italy/jetpac,2026-10-04
jetpac,IT,italy,Italy,Italy 5GB,5.0,3,data,5.0,USD,,esimdb.com,https://esimdb.com/italy/jetpac,2026-10-04
jetpac,IT,italy,Italy,Italy 8GB,8.0,3,data,6.0,USD,,esimdb.com,https://esimdb.com/italy/jetpac,2026-10-04
jetpac,IT,italy,Italy,Italy 10GB,10.0,7,data,10.0,USD,,esimdb.com,https://esimdb.com/italy/jetpac,2026-10-04
jetpac,IT,italy,Italy,Italy - Unlimited 3 Days,9.0,3,data,10.0,USD,3 GB per day for 3 days,esimdb.com,https://esimdb.com/italy/jetpac,2026-10-04
jetpac,IT,italy,Italy,Italy 15GB,15.0,7,data,12.0,USD,,esimdb.com,https://esimdb.com/italy/jetpac,2026-10-04
jetpac,IT,italy,Italy,Italy 15GB,15.0,14,data,18.0,USD,,esimdb.com,https://esimdb.com/italy/jetpac,2026-10-04
jetpac,IT,italy,Italy,Italy - Unlimited 7 Days,21.0,7,data,20.0,USD,3 GB per day for 7 days,esimdb.com,https://esimdb.com/italy/jetpac,2026-10-04
jetpac,IT,italy,Italy,Italy 20GB,20.0,14,data,20.0,USD,,esimdb.com,https://esimdb.com/italy/jetpac,2026-10-04
jetpac,IT,italy,Italy,Italy 20GB,20.0,21,data,25.0,USD,,esimdb.com,https://esimdb.com/italy/jetpac,2026-10-04
jetpac,IT,italy,Italy,Italy 30GB,30.0,21,data,29.0,USD,,esimdb.com,https://esimdb.com/italy/jetpac,2026-10-04
jetpac,IT,italy,Italy,Italy - Unlimited 14 Days,42.0,14,data,39.0,USD,3 GB per day for 14 days,esimdb.com,https://esimdb.com/italy/jetpac,2026-10-04
jetpac,IT,italy,Italy,Italy 50GB,50.0,30,data,45.5,USD,,esimdb.com,https://esimdb.com/italy/jetpac,2026-10-04
jetpac,IT,italy,Italy,Italy - Unlimited 21 Days,63.0,21,data,52.0,USD,3 GB per day for 21 days,esimdb.com,https://esimdb.com/italy/jetpac,2026-10-04
jetpac,IT,italy,Italy,Italy - Unlimited 30 Days,90.0,30,data,83.0,USD,3 GB per day for 30 days,esimdb.com,https://esimdb.com/italy/jetpac,2026-10-04
jetpac,JP,japan,Japan,Japan 3GB,3.0,1,data,5.0,USD,,esimdb.com,https://esimdb.com/japan/jetpac,2026-10-04
jetpac,JP,japan,Japan,Japan 5GB,5.0,1,data,6.0,USD,,esimdb.com,https://esimdb.com/japan/jetpac,2026-10-04
jetpac,JP,japan,Japan,Japan 3GB,3.0,4,data,6.0,USD,,esimdb.com,https://esimdb.com/japan/jetpac,2026-10-04
jetpac,JP,japan,Japan,Japan 5GB,5.0,4,data,7.0,USD,,esimdb.com,https://esimdb.com/japan/jetpac,2026-10-04
jetpac,JP,japan,Japan,Japan 3GB,3.0,7,data,7.0,USD,,esimdb.com,https://esimdb.com/japan/jetpac,2026-10-04
jetpac,JP,japan,Japan,Japan 1GB,1.0,4,data,7.0,USD,,esimdb.com,https://esimdb.com/japan/jetpac,2026-10-04
jetpac,JP,japan,Japan,Japan 5GB,5.0,7,data,8.0,USD,,esimdb.com,https://esimdb.com/japan/jetpac,2026-10-04
jetpac,JP,japan,Japan,Japan 10GB,10.0,1,data,9.0,USD,,esimdb.com,https://esimdb.com/japan/jetpac,2026-10-04
jetpac,JP,japan,Japan,Japan 5GB,5.0,30,data,10.0,USD,,esimdb.com,https://esimdb.com/japan/jetpac,2026-10-04
jetpac,JP,japan,Japan,Japan (Unlimited 3 days),9.0,3,data,10.99,USD,3 GB per day for 3 days,esimdb.com,https://esimdb.com/japan/jetpac,2026-10-04
jetpac,JP,japan,Japan,Japan 10GB,10.0,4,data,11.5,USD,,esimdb.com,https://esimdb.com/japan/jetpac,2026-10-04
jetpac,JP,japan,Japan,Japan 10GB,10.0,7,data,13.0,USD,,esimdb.com,https://esimdb.com/japan/jetpac,2026-10-04
jetpac,JP,japan,Japan,Japan 15GB,15.0,7,data,16.0,USD,,esimdb.com,https://esimdb.com/japan/jetpac,2026-10-04
jetpac,JP,japan,Japan,Japan 10GB,10.0,30,data,16.0,USD,,esimdb.com,https://esimdb.com/japan/jetpac,2026-10-04
jetpac,JP,japan,Japan,Japan (Unlimited 5 days),15.0,5,data,16.99,USD,3 GB per day for 5 days,esimdb.com,https://esimdb.com/japan/jetpac,2026-10-04
jetpac,JP,japan,Japan,Japan 15GB,15.0,30,data,21.0,USD,,esimdb.com,https://esimdb.com/japan/jetpac,2026-10-04
jetpac,JP,japan,Japan,Japan Unlimited-7 Days,21.0,7,data,25.99,USD,3 GB per day for 7 days,esimdb.com,https://esimdb.com/japan/jetpac,2026-10-04
jetpac,JP,japan,Japan,Japan 30GB,30.0,30,data,29.99,USD,,esimdb.com,https://esimdb.com/japan/jetpac,2026-10-04
jetpac,JP,japan,Japan,Japan Unlimited-10 Days,30.0,10,data,33.99,USD,3 GB per day for 10 days,esimdb.com,https://esimdb.com/japan/jetpac,2026-10-04
jetpac,JP,japan,Japan,Japan 40GB,40.0,30,data,34.99,USD,,esimdb.com,https://esimdb.com/japan/jetpac,2026-10-04
jetpac,JP,japan,Japan,Japan 20GB,20.0,30,data,40.0,USD,,esimdb.com,https://esimdb.com/japan/jetpac,2026-10-04
jetpac,JP,japan,Japan,Japan (Unlimited 15 days),45.0,15,data,41.99,USD,3 GB per day for 15 days,esimdb.com,https://esimdb.com/japan/jetpac,2026-10-04
jetpac,JP,japan,Japan,Japan (Unlimited 21 days),63.0,21,data,49.99,USD,3 GB per day for 21 days,esimdb.com,https://esimdb.com/japan/jetpac,2026-10-04
jetpac,JP,japan,Japan,Japan (Unlimited 30 days),90.0,30,data,65.99,USD,3 GB per day for 30 days,esimdb.com,https://esimdb.com/japan/jetpac,2026-10-04
jetpac,KE,kenya,Kenya,Kenya 1GB,1.0,4,data,9.0,USD,,esimdb.com,https://esimdb.com/kenya/jetpac,2026-10-04
jetpac,KE,kenya,Kenya,Kenya - Unlimited 1 Day,3.0,1,data,19.5,USD,,esimdb.com,https://esimdb.com/kenya/jetpac,2026-10-04
jetpac,KE,kenya,Kenya,Kenya 3GB,3.0,7,data,20.0,USD,,esimdb.com,https://esimdb.com/kenya/jetpac,2026-10-04
jetpac,KE,kenya,Kenya,Kenya 5GB,5.0,30,data,29.99,USD,,esimdb.com,https://esimdb.com/kenya/jetpac,2026-10-04
jetpac,KE,kenya,Kenya,Kenya 10GB,10.0,30,data,49.99,USD,,esimdb.com,https://esimdb.com/kenya/jetpac,2026-10-04
jetpac,KE,kenya,Kenya,Kenya - Unlimited 3 Days,9.0,3,data,58.5,USD,3 GB per day for 3 days,esimdb.com,https://esimdb.com/kenya/jetpac,2026-10-04
jetpac,KE,kenya,Kenya,Kenya 20GB,20.0,30,data,101.0,USD,,esimdb.com,https://esimdb.com/kenya/jetpac,2026-10-04
jetpac,KE,kenya,Kenya,Kenya - Unlimited 7 Days,21.0,7,data,136.5,USD,3 GB per day for 7 days,esimdb.com,https://esimdb.com/kenya/jetpac,2026-10-04
jetpac,KE,kenya,Kenya,Kenya - Unlimited 14 Days,42.0,14,data,273.0,USD,3 GB per day for 14 days,esimdb.com,https://esimdb.com/kenya/jetpac,2026-10-04
jetpac,KE,kenya,Kenya,Kenya - Unlimited 21 Days,63.0,21,data,409.5,USD,3 GB per day for 21 days,esimdb.com,https://esimdb.com/kenya/jetpac,2026-10-04
jetpac,KE,kenya,Kenya,Kenya - Unlimited 30 Days,90.0,30,data,585.0,USD,3 GB per day for 30 days,esimdb.com,https://esimdb.com/kenya/jetpac,2026-10-04
jetpac,KR,south-korea,South Korea,South Korea 3GB,3.0,1,data,6.5,USD,,esimdb.com,https://esimdb.com/south-korea/jetpac,2026-10-04
jetpac,KR,south-korea,South Korea,South Korea 5GB,5.0,1,data,7.0,USD,,esimdb.com,https://esimdb.com/south-korea/jetpac,2026-10-04
jetpac,KR,south-korea,South Korea,South Korea 1GB,1.0,4,data,7.0,USD,,esimdb.com,https://esimdb.com/south-korea/jetpac,2026-10-04
jetpac,KR,south-korea,South Korea,South Korea 3GB,3.0,4,data,7.5,USD,,esimdb.com,https://esimdb.com/south-korea/jetpac,2026-10-04
jetpac,KR,south-korea,South Korea,South Korea 5GB,5.0,4,data,8.0,USD,,esimdb.com,https://esimdb.com/south-korea/jetpac,2026-10-04
jetpac,KR,south-korea,South Korea,South Korea 3GB,3.0,7,data,9.0,USD,,esimdb.com,https://esimdb.com/south-korea/jetpac,2026-10-04
jetpac,KR,south-korea,South Korea,South Korea 10GB,10.0,1,data,9.5,USD,,esimdb.com,https://esimdb.com/south-korea/jetpac,2026-10-04
jetpac,KR,south-korea,South Korea,South Korea 5GB,5.0,7,data,9.5,USD,,esimdb.com,https://esimdb.com/south-korea/jetpac,2026-10-04
jetpac,KR,south-korea,South Korea,South Korea 5GB,5.0,30,data,11.0,USD,,esimdb.com,https://esimdb.com/south-korea/jetpac,2026-10-04
jetpac,KR,south-korea,South Korea,South Korea 10GB,10.0,4,data,12.0,USD,,esimdb.com,https://esimdb.com/south-korea/jetpac,2026-10-04
jetpac,KR,south-korea,South Korea,South Korea Unlimited - 3 days,9.0,3,data,12.99,USD,3 GB per day for 3 days,esimdb.com,https://esimdb.com/south-korea/jetpac,2026-10-04
jetpac,KR,south-korea,South Korea,South Korea 10GB,10.0,7,data,14.0,USD,,esimdb.com,https://esimdb.com/south-korea/jetpac,2026-10-04
jetpac,KR,south-korea,South Korea,South Korea 15GB,15.0,7,data,17.0,USD,,esimdb.com,https://esimdb.com/south-korea/jetpac,2026-10-04
jetpac,KR,south-korea,South Korea,South Korea 10GB,10.0,30,data,17.0,USD,,esimdb.com,https://esimdb.com/south-korea/jetpac,2026-10-04
jetpac,KR,south-korea,South Korea,South Korea Unlimited - 5 days,15.0,5,data,19.99,USD,3 GB per day for 5 days,esimdb.com,https://esimdb.com/south-korea/jetpac,2026-10-04
jetpac,KR,south-korea,South Korea,South Korea 15GB,15.0,30,data,22.5,USD,,esimdb.com,https://esimdb.com/south-korea/jetpac,2026-10-04
jetpac,KR,south-korea,South Korea,South Korea Unlimited (7 Days),21.0,7,data,26.99,USD,3 GB per day for 7 days,esimdb.com,https://esimdb.com/south-korea/jetpac,2026-10-04
jetpac,KR,south-korea,South Korea,South Korea Unlimited (10 Days),30.0,10,data,33.99,USD,3 GB per day for 10 days,esimdb.com,https://esimdb.com/south-korea/jetpac,2026-10-04
jetpac,KR,south-korea,South Korea,South Korea 30GB,30.0,30,data,34.99,USD,,esimdb.com,https://esimdb.com/south-korea/jetpac,2026-10-04
jetpac,KR,south-korea,South Korea,South Korea Unlimited - 15 days,45.0,15,data,41.99,USD,3 GB per day for 15 days,esimdb.com,https://esimdb.com/south-korea/jetpac,2026-10-04
jetpac,KR,south-korea,South Korea,South Korea 20GB,20.0,30,data,43.0,USD,,esimdb.com,https://esimdb.com/south-korea/jetpac,2026-10-04
jetpac,KR,south-korea,South Korea,South Korea 40GB,40.0,30,data,44.99,USD,,esimdb.com,https://esimdb.com/south-korea/jetpac,2026-10-04
jetpac,KR,south-korea,South Korea,South Korea Unlimited - 21 days,63.0,21,data,49.99,USD,3 GB per day for 21 days,esimdb.com,https://esimdb.com/south-korea/jetpac,2026-10-04
jetpac,KR,south-korea,South Korea,South Korea Unlimited - 30 days,90.0,30,data,65.99,USD,3 GB per day for 30 days,esimdb.com,https://esimdb.com/south-korea/jetpac,2026-10-04
jetpac,MA,morocco,Morocco,Morocco - Unlimited 1 Day,3.0,1,data,6.0,USD,,esimdb.com,https://esimdb.com/morocco/jetpac,2026-10-04
jetpac,MA,morocco,Morocco,Morocco 1GB,1.0,4,data,7.0,USD,,esimdb.com,https://esimdb.com/morocco/jetpac,2026-10-04
jetpac,MA,morocco,Morocco,Morocco 3GB,3.0,7,data,13.5,USD,,esimdb.com,https://esimdb.com/morocco/jetpac,2026-10-04
jetpac,MA,morocco,Morocco,Morocco - Unlimited 3 Days,9.0,3,data,16.0,USD,3 GB per day for 3 days,esimdb.com,https://esimdb.com/morocco/jetpac,2026-10-04
jetpac,MA,morocco,Morocco,Morocco 5GB,5.0,30,data,16.99,USD,,esimdb.com,https://esimdb.com/morocco/jetpac,2026-10-04
jetpac,MA,morocco,Morocco,Morocco 10GB,10.0,30,data,24.99,USD,,esimdb.com,https://esimdb.com/morocco/jetpac,2026-10-04
jetpac,MA,morocco,Morocco,Morocco - Unlimited 7 Days,21.0,7,data,31.5,USD,3 GB per day for 7 days,esimdb.com,https://esimdb.com/morocco/jetpac,2026-10-04
jetpac,MA,morocco,Morocco,Morocco 15GB,15.0,30,data,36.5,USD,,esimdb.com,https://esimdb.com/morocco/jetpac,2026-10-04
jetpac,MA,morocco,Morocco,Morocco 30GB,30.0,30,data,46.99,USD,,esimdb.com,https://esimdb.com/morocco/jetpac,2026-10-04
jetpac,MA,morocco,Morocco,Morocco 20GB,20.0,30,data,52.0,USD,,esimdb.com,https://esimdb.com/morocco/jetpac,2026-10-04
jetpac,MA,morocco,Morocco,Morocco - Unlimited 14 Days,42.0,14,data,63.0,USD,3 GB per day for 14 days,esimdb.com,https://esimdb.com/morocco/jetpac,2026-10-04
jetpac,MA,morocco,Morocco,Morocco - Unlimited 21 Days,63.0,21,data,94.5,USD,3 GB per day for 21 days,esimdb.com,https://esimdb.com/morocco/jetpac,2026-10-04
jetpac,MA,morocco,Morocco,Morocco - Unlimited 30 Days,90.0,30,data,135.0,USD,3 GB per day for 30 days,esimdb.com,https://esimdb.com/morocco/jetpac,2026-10-04
jetpac,MO,macao,Macao,Macao 3GB,3.0,7,data,7.0,USD,,esimdb.com,https://esimdb.com/macau/jetpac,2026-10-04
jetpac,MO,macao,Macao,Macao 1GB,1.0,4,data,7.0,USD,,esimdb.com,https://esimdb.com/macau/jetpac,2026-10-04
jetpac,MO,macao,Macao,Macao 5GB,5.0,30,data,10.0,USD,,esimdb.com,https://esimdb.com/macau/jetpac,2026-10-04
jetpac,MO,macao,Macao,Macao 10GB,10.0,30,data,14.99,USD,,esimdb.com,https://esimdb.com/macau/jetpac,2026-10-04
jetpac,MO,macao,Macao,Macao 15GB,15.0,30,data,19.99,USD,,esimdb.com,https://esimdb.com/macau/jetpac,2026-10-04
jetpac,MO,macao,Macao,Macao - Unlimited 7 Days,21.0,7,data,26.99,USD,3 GB per day for 7 days,esimdb.com,https://esimdb.com/macau/jetpac,2026-10-04
jetpac,MO,macao,Macao,Macao 30GB,30.0,30,data,29.99,USD,,esimdb.com,https://esimdb.com/macau/jetpac,2026-10-04
jetpac,MO,macao,Macao,Macao - Unlimited 10 Days,30.0,10,data,33.99,USD,3 GB per day for 10 days,esimdb.com,https://esimdb.com/macau/jetpac,2026-10-04
jetpac,MO,macao,Macao,Macao 40GB,40.0,30,data,34.99,USD,,esimdb.com,https://esimdb.com/macau/jetpac,2026-10-04
jetpac,MO,macao,Macao,Macao 20GB,20.0,30,data,35.0,USD,,esimdb.com,https://esimdb.com/macau/jetpac,2026-10-04
jetpac,MX,mexico,Mexico,Mexico 1GB,1.0,4,data,7.0,USD,,esimdb.com,https://esimdb.com/mexico/jetpac,2026-10-04
jetpac,MX,mexico,Mexico,Mexico - Unlimited 1 Day,3.0,1,data,7.5,USD,,esimdb.com,https://esimdb.com/mexico/jetpac,2026-10-04
jetpac,MX,mexico,Mexico,Mexico 3GB,3.0,1,data,8.0,USD,,esimdb.com,https://esimdb.com/mexico/jetpac,2026-10-04
jetpac,MX,mexico,Mexico,Mexico 5GB,5.0,1,data,9.0,USD,,esimdb.com,https://esimdb.com/mexico/jetpac,2026-10-04
jetpac,MX,mexico,Mexico,Mexico 3GB,3.0,4,data,9.0,USD,,esimdb.com,https://esimdb.com/mexico/jetpac,2026-10-04
jetpac,MX,mexico,Mexico,Mexico 3GB,3.0,7,data,10.0,USD,,esimdb.com,https://esimdb.com/mexico/jetpac,2026-10-04
jetpac,MX,mexico,Mexico,Mexico 5GB,5.0,4,data,10.5,USD,,esimdb.com,https://esimdb.com/mexico/jetpac,2026-10-04
jetpac,MX,mexico,Mexico,Mexico - Unlimited 3 Days,9.0,3,data,12.0,USD,3 GB per day for 3 days,esimdb.com,https://esimdb.com/mexico/jetpac,2026-10-04
jetpac,MX,mexico,Mexico,Mexico 5GB,5.0,7,data,12.0,USD,,esimdb.com,https://esimdb.com/mexico/jetpac,2026-10-04
jetpac,MX,mexico,Mexico,Mexico 10GB,10.0,1,data,14.0,USD,,esimdb.com,https://esimdb.com/mexico/jetpac,2026-10-04
jetpac,MX,mexico,Mexico,Mexico 5GB,5.0,30,data,14.0,USD,,esimdb.com,https://esimdb.com/mexico/jetpac,2026-10-04
jetpac,MX,mexico,Mexico,Mexico 10GB,10.0,4,data,17.5,USD,,esimdb.com,https://esimdb.com/mexico/jetpac,2026-10-04
jetpac,MX,mexico,Mexico,Mexico 10GB,10.0,7,data,20.0,USD,,esimdb.com,https://esimdb.com/mexico/jetpac,2026-10-04
jetpac,MX,mexico,Mexico,Mexico 15GB,15.0,7,data,22.5,USD,,esimdb.com,https://esimdb.com/mexico/jetpac,2026-10-04
jetpac,MX,mexico,Mexico,Mexico - Unlimited 7 Days,21.0,7,data,24.0,USD,3 GB per day for 7 days,esimdb.com,https://esimdb.com/mexico/jetpac,2026-10-04
jetpac,MX,mexico,Mexico,Mexico 10GB,10.0,30,data,24.99,USD,,esimdb.com,https://esimdb.com/mexico/jetpac,2026-10-04
jetpac,MX,mexico,Mexico,Mexico 15GB,15.0,30,data,29.99,USD,,esimdb.com,https://esimdb.com/mexico/jetpac,2026-10-04
jetpac,MX,mexico,Mexico,Mexico - Unlimited 14 Days,42.0,14,data,38.0,USD,3 GB per day for 14 days,esimdb.com,https://esimdb.com/mexico/jetpac,2026-10-04
jetpac,MX,mexico,Mexico,Mexico - Unlimited 21 Days,63.0,21,data,47.5,USD,3 GB per day for 21 days,esimdb.com,https://esimdb.com/mexico/jetpac,2026-10-04
jetpac,MX,mexico,Mexico,Mexico 30GB,30.0,30,data,49.99,USD,,esimdb.com,https://esimdb.com/mexico/jetpac,2026-10-04
jetpac,MX,mexico,Mexico,Mexico - Unlimited 30 Days,90.0,30,data,56.5,USD,3 GB per day for 30 days,esimdb.com,https://esimdb.com/mexico/jetpac,2026-10-04
jetpac,MX,mexico,Mexico,Mexico 20GB,20.0,30,data,60.0,USD,,esimdb.com,https://esimdb.com/mexico/jetpac,2026-10-04
jetpac,MY,malaysia,Malaysia,Malaysia 1GB,1.0,1,data,2.0,USD,,esimdb.com,https://esimdb.com/malaysia/jetpac,2026-10-04
jetpac,MY,malaysia,Malaysia,Malaysia Unlimited - 1 Day,3.0,1,data,3.5,USD,,esimdb.com,https://esimdb.com/malaysia/jetpac,2026-10-04
jetpac,MY,malaysia,Malaysia,Malaysia 5GB,5.0,3,data,6.5,USD,,esimdb.com,https://esimdb.com/malaysia/jetpac,2026-10-04
jetpac,MY,malaysia,Malaysia,Malaysia 8GB,8.0,3,data,7.5,USD,,esimdb.com,https://esimdb.com/malaysia/jetpac,2026-10-04
jetpac,MY,malaysia,Malaysia,Malaysia Unlimited - 3 Days,9.0,3,data,11.0,USD,3 GB per day for 3 days,esimdb.com,https://esimdb.com/malaysia/jetpac,2026-10-04
jetpac,MY,malaysia,Malaysia,Malaysia 10GB,10.0,7,data,14.0,USD,,esimdb.com,https://esimdb.com/malaysia/jetpac,2026-10-04
jetpac,MY,malaysia,Malaysia,Malaysia 15GB,15.0,7,data,16.0,USD,,esimdb.com,https://esimdb.com/malaysia/jetpac,2026-10-04
jetpac,MY,malaysia,Malaysia,Malaysia Unlimited - 7 Days,21.0,7,data,25.0,USD,3 GB per day for 7 days,esimdb.com,https://esimdb.com/malaysia/jetpac,2026-10-04
jetpac,MY,malaysia,Malaysia,Malaysia 15GB,15.0,14,data,26.0,USD,,esimdb.com,https://esimdb.com/malaysia/jetpac,2026-10-04
jetpac,MY,malaysia,Malaysia,Malaysia 20GB,20.0,14,data,30.0,USD,,esimdb.com,https://esimdb.com/malaysia/jetpac,2026-10-04
jetpac,MY,malaysia,Malaysia,Malaysia 20GB,20.0,21,data,39.0,USD,,esimdb.com,https://esimdb.com/malaysia/jetpac,2026-10-04
jetpac,MY,malaysia,Malaysia,Malaysia 30GB,30.0,21,data,45.0,USD,,esimdb.com,https://esimdb.com/malaysia/jetpac,2026-10-04
jetpac,MY,malaysia,Malaysia,Malaysia Unlimited - 14 Days,42.0,14,data,51.5,USD,3 GB per day for 14 days,esimdb.com,https://esimdb.com/malaysia/jetpac,2026-10-04
jetpac,MY,malaysia,Malaysia,Malaysia Unlimited - 21 Days,63.0,21,data,84.5,USD,3 GB per day for 21 days,esimdb.com,https://esimdb.com/malaysia/jetpac,2026-10-04
jetpac,NL,netherlands,Netherlands,Netherlands 3GB,3.0,7,data,7.0,USD,,esimdb.com,https://esimdb.com/netherlands/jetpac,2026-10-04
jetpac,NL,netherlands,Netherlands,Netherlands 1GB,1.0,4,data,7.0,USD,,esimdb.com,https://esimdb.com/netherlands/jetpac,2026-10-04
jetpac,NL,netherlands,Netherlands,Netherlands 5GB,5.0,30,data,9.99,USD,,esimdb.com,https://esimdb.com/netherlands/jetpac,2026-10-04
jetpac,NL,netherlands,Netherlands,Netherlands Unlimited-3 Days,9.0,3,data,12.99,USD,3 GB per day for 3 days,esimdb.com,https://esimdb.com/netherlands/jetpac,2026-10-04
jetpac,NL,netherlands,Netherlands,Netherlands 10GB,10.0,30,data,15.0,USD,,esimdb.com,https://esimdb.com/netherlands/jetpac,2026-10-04
jetpac,NL,netherlands,Netherlands,Netherlands 15GB,15.0,30,data,19.99,USD,,esimdb.com,https://esimdb.com/netherlands/jetpac,2026-10-04
jetpac,NL,netherlands,Netherlands,Netherlands Unlimited-5 Days,15.0,5,data,19.99,USD,3 GB per day for 5 days,esimdb.com,https://esimdb.com/netherlands/jetpac,2026-10-04
jetpac,NL,netherlands,Netherlands,Netherlands Unlimited-7 Days,21.0,7,data,26.99,USD,3 GB per day for 7 days,esimdb.com,https://esimdb.com/netherlands/jetpac,2026-10-04
jetpac,NL,netherlands,Netherlands,Netherlands 30GB,30.0,30,data,27.99,USD,,esimdb.com,https://esimdb.com/netherlands/jetpac,2026-10-04
jetpac,NL,netherlands,Netherlands,Netherlands Unlimited-10 Days,30.0,10,data,33.99,USD,3 GB per day for 10 days,esimdb.com,https://esimdb.com/netherlands/jetpac,2026-10-04
jetpac,NL,netherlands,Netherlands,Netherlands 40GB,40.0,30,data,34.99,USD,,esimdb.com,https://esimdb.com/netherlands/jetpac,2026-10-04
jetpac,NL,netherlands,Netherlands,Netherlands 20GB,20.0,30,data,40.0,USD,,esimdb.com,https://esimdb.com/netherlands/jetpac,2026-10-04
jetpac,NL,netherlands,Netherlands,Netherlands Unlimited-15 Days,45.0,15,data,41.99,USD,3 GB per day for 15 days,esimdb.com,https://esimdb.com/netherlands/jetpac,2026-10-04
jetpac,NL,netherlands,Netherlands,Netherlands Unlimited-21 Days,63.0,21,data,49.99,USD,3 GB per day for 21 days,esimdb.com,https://esimdb.com/netherlands/jetpac,2026-10-04
jetpac,NL,netherlands,Netherlands,Netherlands Unlimited-30 Days,90.0,30,data,65.99,USD,3 GB per day for 30 days,esimdb.com,https://esimdb.com/netherlands/jetpac,2026-10-04
jetpac,NZ,new-zealand,New Zealand,New Zealand - Unlimited 1 Day,3.0,1,data,3.5,USD,,esimdb.com,https://esimdb.com/new-zealand/jetpac,2026-10-04
jetpac,NZ,new-zealand,New Zealand,New Zealand 2GB,2.0,1,data,3.5,USD,,esimdb.com,https://esimdb.com/new-zealand/jetpac,2026-10-04
jetpac,NZ,new-zealand,New Zealand,New Zealand 5GB,5.0,3,data,8.0,USD,,esimdb.com,https://esimdb.com/new-zealand/jetpac,2026-10-04
jetpac,NZ,new-zealand,New Zealand,New Zealand 8GB,8.0,3,data,9.5,USD,,esimdb.com,https://esimdb.com/new-zealand/jetpac,2026-10-04
jetpac,NZ,new-zealand,New Zealand,New Zealand - Unlimited 3 Days,9.0,3,data,11.0,USD,3 GB per day for 3 days,esimdb.com,https://esimdb.com/new-zealand/jetpac,2026-10-04
jetpac,NZ,new-zealand,New Zealand,New Zealand 10GB,10.0,7,data,20.0,USD,,esimdb.com,https://esimdb.com/new-zealand/jetpac,2026-10-04
jetpac,NZ,new-zealand,New Zealand,New Zealand 15GB,15.0,7,data,22.0,USD,,esimdb.com,https://esimdb.com/new-zealand/jetpac,2026-10-04
jetpac,NZ,new-zealand,New Zealand,New Zealand 15GB,15.0,14,data,23.5,USD,,esimdb.com,https://esimdb.com/new-zealand/jetpac,2026-10-04
jetpac,NZ,new-zealand,New Zealand,New Zealand - Unlimited 7 Days,21.0,7,data,25.0,USD,3 GB per day for 7 days,esimdb.com,https://esimdb.com/new-zealand/jetpac,2026-10-04
jetpac,NZ,new-zealand,New Zealand,New Zealand 20GB,20.0,14,data,31.5,USD,,esimdb.com,https://esimdb.com/new-zealand/jetpac,2026-10-04
jetpac,NZ,new-zealand,New Zealand,New Zealand 20GB,20.0,21,data,36.5,USD,,esimdb.com,https://esimdb.com/new-zealand/jetpac,2026-10-04
jetpac,NZ,new-zealand,New Zealand,New Zealand 30GB,30.0,21,data,40.5,USD,,esimdb.com,https://esimdb.com/new-zealand/jetpac,2026-10-04
jetpac,NZ,new-zealand,New Zealand,New Zealand - Unlimited 14 Days,42.0,14,data,45.0,USD,3 GB per day for 14 days,esimdb.com,https://esimdb.com/new-zealand/jetpac,2026-10-04
jetpac,NZ,new-zealand,New Zealand,New Zealand 50GB,50.0,30,data,49.0,USD,,esimdb.com,https://esimdb.com/new-zealand/jetpac,2026-10-04
jetpac,NZ,new-zealand,New Zealand,New Zealand - Unlimited 21 Days,63.0,21,data,56.0,USD,3 GB per day for 21 days,esimdb.com,https://esimdb.com/new-zealand/jetpac,2026-10-04
jetpac,NZ,new-zealand,New Zealand,New Zealand - Unlimited 30 Days,90.0,30,data,66.0,USD,3 GB per day for 30 days,esimdb.com,https://esimdb.com/new-zealand/jetpac,2026-10-04
jetpac,PE,peru,Peru,Peru 1GB,1.0,4,data,7.0,USD,,esimdb.com,https://esimdb.com/peru/jetpac,2026-10-04
jetpac,PE,peru,Peru,Peru - Unlimited 1 Day,3.0,1,data,9.0,USD,,esimdb.com,https://esimdb.com/peru/jetpac,2026-10-04
jetpac,PE,peru,Peru,Peru 3GB,3.0,7,data,11.0,USD,,esimdb.com,https://esimdb.com/peru/jetpac,2026-10-04
jetpac,PE,peru,Peru,Peru 5GB,5.0,30,data,16.0,USD,,esimdb.com,https://esimdb.com/peru/jetpac,2026-10-04
jetpac,PE,peru,Peru,Peru - Unlimited 3 Days,9.0,3,data,27.0,USD,3 GB per day for 3 days,esimdb.com,https://esimdb.com/peru/jetpac,2026-10-04
jetpac,PE,peru,Peru,Peru 10GB,10.0,30,data,27.99,USD,,esimdb.com,https://esimdb.com/peru/jetpac,2026-10-04
jetpac,PE,peru,Peru,Peru 15GB,15.0,30,data,31.99,USD,,esimdb.com,https://esimdb.com/peru/jetpac,2026-10-04
jetpac,PE,peru,Peru,Peru 30GB,30.0,30,data,54.99,USD,,esimdb.com,https://esimdb.com/peru/jetpac,2026-10-04
jetpac,PE,peru,Peru,Peru - Unlimited 7 Days,21.0,7,data,63.0,USD,3 GB per day for 7 days,esimdb.com,https://esimdb.com/peru/jetpac,2026-10-04
jetpac,PE,peru,Peru,Peru 20GB,20.0,30,data,64.0,USD,,esimdb.com,https://esimdb.com/peru/jetpac,2026-10-04
jetpac,PE,peru,Peru,Peru - Unlimited 14 Days,42.0,14,data,126.0,USD,3 GB per day for 14 days,esimdb.com,https://esimdb.com/peru/jetpac,2026-10-04
jetpac,PE,peru,Peru,Peru - Unlimited 21 Days,63.0,21,data,189.0,USD,3 GB per day for 21 days,esimdb.com,https://esimdb.com/peru/jetpac,2026-10-04
jetpac,PE,peru,Peru,Peru - Unlimited 30 Days,90.0,30,data,270.0,USD,3 GB per day for 30 days,esimdb.com,https://esimdb.com/peru/jetpac,2026-10-04
jetpac,PH,philippines,Philippines,Philippines - Unlimited 1 Day,3.0,1,data,4.5,USD,,esimdb.com,https://esimdb.com/philippines/jetpac,2026-10-04
jetpac,PH,philippines,Philippines,Philippines 3GB,3.0,1,data,7.0,USD,,esimdb.com,https://esimdb.com/philippines/jetpac,2026-10-04
jetpac,PH,philippines,Philippines,Philippines 1GB,1.0,4,data,7.0,USD,,esimdb.com,https://esimdb.com/philippines/jetpac,2026-10-04
jetpac,PH,philippines,Philippines,Philippines - Unlimited 3 Days,9.0,3,data,11.0,USD,3 GB per day for 3 days,esimdb.com,https://esimdb.com/philippines/jetpac,2026-10-04
jetpac,PH,philippines,Philippines,Philippines 5GB,5.0,1,data,11.5,USD,,esimdb.com,https://esimdb.com/philippines/jetpac,2026-10-04
jetpac,PH,philippines,Philippines,Philippines 10GB,10.0,1,data,14.0,USD,,esimdb.com,https://esimdb.com/philippines/jetpac,2026-10-04
jetpac,PH,philippines,Philippines,Philippines 15GB,15.0,7,data,22.5,USD,,esimdb.com,https://esimdb.com/philippines/jetpac,2026-10-04
jetpac,PH,philippines,Philippines,Philippines - Unlimited 7 Days,21.0,7,data,26.0,USD,3 GB per day for 7 days,esimdb.com,https://esimdb.com/philippines/jetpac,2026-10-04
jetpac,PH,philippines,Philippines,Philippines 30GB,30.0,30,data,44.99,USD,,esimdb.com,https://esimdb.com/philippines/jetpac,2026-10-04
jetpac,PH,philippines,Philippines,Philippines - Unlimited 14 Days,42.0,14,data,47.0,USD,3 GB per day for 14 days,esimdb.com,https://esimdb.com/philippines/jetpac,2026-10-04
jetpac,PH,philippines,Philippines,Philippines 20GB,20.0,30,data,55.0,USD,,esimdb.com,https://esimdb.com/philippines/jetpac,2026-10-04
jetpac,PH,philippines,Philippines,Philippines - Unlimited 21 Days,63.0,21,data,58.0,USD,3 GB per day for 21 days,esimdb.com,https://esimdb.com/philippines/jetpac,2026-10-04
jetpac,PH,philippines,Philippines,Philippines 40GB,40.0,30,data,59.99,USD,,esimdb.com,https://esimdb.com/philippines/jetpac,2026-10-04
jetpac,PH,philippines,Philippines,Philippines - Unlimited 30 Days,90.0,30,data,68.5,USD,3 GB per day for 30 days,esimdb.com,https://esimdb.com/philippines/jetpac,2026-10-04
jetpac,PL,poland,Poland,Poland 3GB,3.0,7,data,5.0,USD,,esimdb.com,https://esimdb.com/poland/jetpac,2026-10-04
jetpac,PL,poland,Poland,Poland 5GB,5.0,30,data,7.0,USD,,esimdb.com,https://esimdb.com/poland/jetpac,2026-10-04
jetpac,PL,poland,Poland,Poland 1GB,1.0,4,data,7.0,USD,,esimdb.com,https://esimdb.com/poland/jetpac,2026-10-04
jetpac,PL,poland,Poland,Poland 10GB,10.0,30,data,11.0,USD,,esimdb.com,https://esimdb.com/poland/jetpac,2026-10-04
jetpac,PL,poland,Poland,Poland Unlimited-3 Days,9.0,3,data,12.99,USD,3 GB per day for 3 days,esimdb.com,https://esimdb.com/poland/jetpac,2026-10-04
jetpac,PL,poland,Poland,Poland 15GB,15.0,30,data,15.0,USD,,esimdb.com,https://esimdb.com/poland/jetpac,2026-10-04
jetpac,PL,poland,Poland,Poland Unlimited-5 Days,15.0,5,data,19.99,USD,3 GB per day for 5 days,esimdb.com,https://esimdb.com/poland/jetpac,2026-10-04
jetpac,PL,poland,Poland,Poland 30GB,30.0,30,data,25.99,USD,,esimdb.com,https://esimdb.com/poland/jetpac,2026-10-04
jetpac,PL,poland,Poland,Poland (Unlimited 7 Days),21.0,7,data,26.99,USD,3 GB per day for 7 days,esimdb.com,https://esimdb.com/poland/jetpac,2026-10-04
jetpac,PL,poland,Poland,Poland 40GB,40.0,30,data,31.99,USD,,esimdb.com,https://esimdb.com/poland/jetpac,2026-10-04
jetpac,PL,poland,Poland,Poland 20GB,20.0,30,data,32.0,USD,,esimdb.com,https://esimdb.com/poland/jetpac,2026-10-04
jetpac,PL,poland,Poland,Poland (Unlimited 10 Days),30.0,10,data,33.99,USD,3 GB per day for 10 days,esimdb.com,https://esimdb.com/poland/jetpac,2026-10-04
jetpac,PL,poland,Poland,Poland Unlimited-15 Days,45.0,15,data,41.99,USD,3 GB per day for 15 days,esimdb.com,https://esimdb.com/poland/jetpac,2026-10-04
jetpac,PL,poland,Poland,Poland Unlimited-21 Days,63.0,21,data,49.99,USD,3 GB per day for 21 days,esimdb.com,https://esimdb.com/poland/jetpac,2026-10-04
jetpac,PL,poland,Poland,Poland Unlimited-30 Days,90.0,30,data,65.99,USD,3 GB per day for 30 days,esimdb.com,https://esimdb.com/poland/jetpac,2026-10-04
jetpac,PT,portugal,Portugal,Portugal 3GB,3.0,7,data,6.0,USD,,esimdb.com,https://esimdb.com/portugal/jetpac,2026-10-04
jetpac,PT,portugal,Portugal,Portugal 1GB,1.0,4,data,7.0,USD,,esimdb.com,https://esimdb.com/portugal/jetpac,2026-10-04
jetpac,PT,portugal,Portugal,Portugal 5GB,5.0,30,data,7.5,USD,,esimdb.com,https://esimdb.com/portugal/jetpac,2026-10-04
jetpac,PT,portugal,Portugal,Portugal 10GB,10.0,30,data,10.5,USD,,esimdb.com,https://esimdb.com/portugal/jetpac,2026-10-04
jetpac,PT,portugal,Portugal,Portugal Unlimited-3 Days,9.0,3,data,12.99,USD,3 GB per day for 3 days,esimdb.com,https://esimdb.com/portugal/jetpac,2026-10-04
jetpac,PT,portugal,Portugal,Portugal 15GB,15.0,30,data,15.0,USD,,esimdb.com,https://esimdb.com/portugal/jetpac,2026-10-04
jetpac,PT,portugal,Portugal,Portugal Unlimited-5 Days,15.0,5,data,19.99,USD,3 GB per day for 5 days,esimdb.com,https://esimdb.com/portugal/jetpac,2026-10-04
jetpac,PT,portugal,Portugal,Portugal 30GB,30.0,30,data,23.99,USD,,esimdb.com,https://esimdb.com/portugal/jetpac,2026-10-04
jetpac,PT,portugal,Portugal,Portugal Unlimited-7 Days,21.0,7,data,26.99,USD,3 GB per day for 7 days,esimdb.com,https://esimdb.com/portugal/jetpac,2026-10-04
jetpac,PT,portugal,Portugal,Portugal 40GB,40.0,30,data,29.99,USD,,esimdb.com,https://esimdb.com/portugal/jetpac,2026-10-04
jetpac,PT,portugal,Portugal,Portugal Unlimited-10 Days,30.0,10,data,33.99,USD,3 GB per day for 10 days,esimdb.com,https://esimdb.com/portugal/jetpac,2026-10-04
jetpac,PT,portugal,Portugal,Portugal 20GB,20.0,30,data,35.0,USD,,esimdb.com,https://esimdb.com/portugal/jetpac,2026-10-04
jetpac,PT,portugal,Portugal,Portugal Unlimited-15 Days,45.0,15,data,41.99,USD,3 GB per day for 15 days,esimdb.com,https://esimdb.com/portugal/jetpac,2026-10-04
jetpac,PT,portugal,Portugal,Portugal Unlimited-21 Days,63.0,21,data,49.99,USD,3 GB per day for 21 days,esimdb.com,https://esimdb.com/portugal/jetpac,2026-10-04
jetpac,QA,qatar,Qatar,Qatar - Unlimited 1 Day,3.0,1,data,4.5,USD,,esimdb.com,https://esimdb.com/qatar/jetpac,2026-10-04
jetpac,QA,qatar,Qatar,Qatar 1GB,1.0,4,data,7.0,USD,,esimdb.com,https://esimdb.com/qatar/jetpac,2026-10-04
jetpac,QA,qatar,Qatar,Qatar 3GB,3.0,7,data,8.5,USD,,esimdb.com,https://esimdb.com/qatar/jetpac,2026-10-04
jetpac,QA,qatar,Qatar,Qatar 5GB,5.0,30,data,13.5,USD,,esimdb.com,https://esimdb.com/qatar/jetpac,2026-10-04
jetpac,QA,qatar,Qatar,Qatar 10GB,10.0,30,data,17.0,USD,,esimdb.com,https://esimdb.com/qatar/jetpac,2026-10-04
jetpac,QA,qatar,Qatar,Qatar - Unlimited 3 Days,9.0,3,data,19.5,USD,3 GB per day for 3 days,esimdb.com,https://esimdb.com/qatar/jetpac,2026-10-04
jetpac,QA,qatar,Qatar,Qatar 15GB,15.0,30,data,25.0,USD,,esimdb.com,https://esimdb.com/qatar/jetpac,2026-10-04
jetpac,QA,qatar,Qatar,Qatar 20GB,20.0,30,data,33.5,USD,,esimdb.com,https://esimdb.com/qatar/jetpac,2026-10-04
jetpac,QA,qatar,Qatar,Qatar - Unlimited 7 Days,21.0,7,data,35.0,USD,3 GB per day for 7 days,esimdb.com,https://esimdb.com/qatar/jetpac,2026-10-04
jetpac,QA,qatar,Qatar,Qatar - Unlimited 14 Days,42.0,14,data,47.0,USD,3 GB per day for 14 days,esimdb.com,https://esimdb.com/qatar/jetpac,2026-10-04
jetpac,QA,qatar,Qatar,Qatar 30GB,30.0,30,data,50.0,USD,,esimdb.com,https://esimdb.com/qatar/jetpac,2026-10-04
jetpac,QA,qatar,Qatar,Qatar 40GB,40.0,30,data,51.5,USD,,esimdb.com,https://esimdb.com/qatar/jetpac,2026-10-04
jetpac,QA,qatar,Qatar,Qatar - Unlimited 21 Days,63.0,21,data,71.0,USD,3 GB per day for 21 days,esimdb.com,https://esimdb.com/qatar/jetpac,2026-10-04
jetpac,QA,qatar,Qatar,Qatar - Unlimited 30 Days,90.0,30,data,94.5,USD,3 GB per day for 30 days,esimdb.com,https://esimdb.com/qatar/jetpac,2026-10-04
jetpac,SA,saudi-arabia,Saudi Arabia,Saudi Arabia - Unlimited 1 Day,3.0,1,data,5.5,USD,,esimdb.com,https://esimdb.com/saudi-arabia/jetpac,2026-10-04
jetpac,SA,saudi-arabia,Saudi Arabia,Saudi Arabia 1GB,1.0,4,data,7.0,USD,,esimdb.com,https://esimdb.com/saudi-arabia/jetpac,2026-10-04
jetpac,SA,saudi-arabia,Saudi Arabia,Saudi Arabia 3GB,3.0,30,data,9.0,USD,,esimdb.com,https://esimdb.com/saudi-arabia/jetpac,2026-10-04
jetpac,SA,saudi-arabia,Saudi Arabia,Saudi Arabia - Unlimited 3 Days,9.0,3,data,12.0,USD,3 GB per day for 3 days,esimdb.com,https://esimdb.com/saudi-arabia/jetpac,2026-10-04
jetpac,SA,saudi-arabia,Saudi Arabia,Saudi Arabia 5GB,5.0,30,data,14.0,USD,,esimdb.com,https://esimdb.com/saudi-arabia/jetpac,2026-10-04
jetpac,SA,saudi-arabia,Saudi Arabia,Saudi Arabia 10GB,10.0,30,data,21.0,USD,,esimdb.com,https://esimdb.com/saudi-arabia/jetpac,2026-10-04
jetpac,SA,saudi-arabia,Saudi Arabia,Saudi Arabia 15GB,15.0,30,data,25.0,USD,,esimdb.com,https://esimdb.com/saudi-arabia/jetpac,2026-10-04
jetpac,SA,saudi-arabia,Saudi Arabia,Saudi Arabia - Unlimited 7 Days,21.0,7,data,28.5,USD,3 GB per day for 7 days,esimdb.com,https://esimdb.com/saudi-arabia/jetpac,2026-10-04
jetpac,SA,saudi-arabia,Saudi Arabia,Saudi Arabia 20GB,20.0,30,data,35.0,USD,,esimdb.com,https://esimdb.com/saudi-arabia/jetpac,2026-10-04
jetpac,SA,saudi-arabia,Saudi Arabia,Saudi Arabia 30GB,30.0,30,data,44.99,USD,,esimdb.com,https://esimdb.com/saudi-arabia/jetpac,2026-10-04
jetpac,SA,saudi-arabia,Saudi Arabia,Saudi Arabia - Unlimited 14 Days,42.0,14,data,52.5,USD,3 GB per day for 14 days,esimdb.com,https://esimdb.com/saudi-arabia/jetpac,2026-10-04
jetpac,SA,saudi-arabia,Saudi Arabia,Saudi Arabia - Unlimited 21 Days,63.0,21,data,73.5,USD,3 GB per day for 21 days,esimdb.com,https://esimdb.com/saudi-arabia/jetpac,2026-10-04
jetpac,SA,saudi-arabia,Saudi Arabia,Saudi Arabia 40GB,40.0,30,data,76.0,USD,,esimdb.com,https://esimdb.com/saudi-arabia/jetpac,2026-10-04
jetpac,SA,saudi-arabia,Saudi Arabia,Saudi Arabia - Unlimited 30 Days,90.0,30,data,94.5,USD,3 GB per day for 30 days,esimdb.com,https://esimdb.com/saudi-arabia/jetpac,2026-10-04
jetpac,SG,singapore,Singapore,Global - Unlimited 1 Day,3.0,1,data,6.0,USD,,esimdb.com,https://esimdb.com/singapore/jetpac,2026-10-04
jetpac,SG,singapore,Singapore,Southeast Asia 3GB,3.0,1,data,7.0,USD,,esimdb.com,https://esimdb.com/singapore/jetpac,2026-10-04
jetpac,SG,singapore,Singapore,Global 1GB,1.0,4,data,7.0,USD,,esimdb.com,https://esimdb.com/singapore/jetpac,2026-10-04
jetpac,SG,singapore,Singapore,Asia Pacific 1GB,1.0,4,data,7.0,USD,,esimdb.com,https://esimdb.com/singapore/jetpac,2026-10-04
jetpac,SG,singapore,Singapore,Southeast Asia 1GB,1.0,4,data,7.0,USD,,esimdb.com,https://esimdb.com/singapore/jetpac,2026-10-04
jetpac,SG,singapore,Singapore,Southeast Asia 3GB,3.0,4,data,8.0,USD,,esimdb.com,https://esimdb.com/singapore/jetpac,2026-10-04
jetpac,SG,singapore,Singapore,Southeast Asia 5GB,5.0,1,data,9.0,USD,,esimdb.com,https://esimdb.com/singapore/jetpac,2026-10-04
jetpac,SG,singapore,Singapore,Asia Pacific 3GB,3.0,7,data,9.0,USD,,esimdb.com,https://esimdb.com/singapore/jetpac,2026-10-04
jetpac,SG,singapore,Singapore,Southeast Asia 5GB,5.0,4,data,10.5,USD,,esimdb.com,https://esimdb.com/singapore/jetpac,2026-10-04
jetpac,SG,singapore,Singapore,APAC Unlimited - 3 days,9.0,3,data,10.99,USD,3 GB per day for 3 days,esimdb.com,https://esimdb.com/singapore/jetpac,2026-10-04
jetpac,SG,singapore,Singapore,Southeast Asia 5GB,5.0,7,data,12.0,USD,,esimdb.com,https://esimdb.com/singapore/jetpac,2026-10-04
jetpac,SG,singapore,Singapore,Southeast Asia 3GB,3.0,7,data,12.0,USD,,esimdb.com,https://esimdb.com/singapore/jetpac,2026-10-04
jetpac,SG,singapore,Singapore,Southeast Asia Unlimited - 3 days,9.0,3,data,12.99,USD,3 GB per day for 3 days,esimdb.com,https://esimdb.com/singapore/jetpac,2026-10-04
jetpac,SG,singapore,Singapore,Asia Pacific 5GB,5.0,30,data,13.5,USD,,esimdb.com,https://esimdb.com/singapore/jetpac,2026-10-04
jetpac,SG,singapore,Singapore,Southeast Asia 10GB,10.0,1,data,14.0,USD,,esimdb.com,https://esimdb.com/singapore/jetpac,2026-10-04
jetpac,SG,singapore,Singapore,Southeast Asia 5GB,5.0,30,data,15.0,USD,,esimdb.com,https://esimdb.com/singapore/jetpac,2026-10-04
jetpac,SG,singapore,Singapore,Southeast Asia 10GB,10.0,4,data,17.5,USD,,esimdb.com,https://esimdb.com/singapore/jetpac,2026-10-04
jetpac,SG,singapore,Singapore,Global - Unlimited 3 Days,9.0,3,data,17.5,USD,3 GB per day for 3 days,esimdb.com,https://esimdb.com/singapore/jetpac,2026-10-04
jetpac,SG,singapore,Singapore,APAC Unlimited - 5 days,15.0,5,data,17.99,USD,3 GB per day for 5 days,esimdb.com,https://esimdb.com/singapore/jetpac,2026-10-04
jetpac,SG,singapore,Singapore,Southeast Asia Unlimited - 5 days,15.0,5,data,19.99,USD,3 GB per day for 5 days,esimdb.com,https://esimdb.com/singapore/jetpac,2026-10-04
jetpac,SG,singapore,Singapore,Asia Pacific 10GB,10.0,30,data,19.99,USD,,esimdb.com,https://esimdb.com/singapore/jetpac,2026-10-04
jetpac,SG,singapore,Singapore,Southeast Asia 10GB,10.0,7,data,20.0,USD,,esimdb.com,https://esimdb.com/singapore/jetpac,2026-10-04
jetpac,SG,singapore,Singapore,Southeast Asia 15GB,15.0,7,data,22.5,USD,,esimdb.com,https://esimdb.com/singapore/jetpac,2026-10-04
jetpac,SG,singapore,Singapore,APAC Unlimited 7 Days,21.0,7,data,24.99,USD,3 GB per day for 7 days,esimdb.com,https://esimdb.com/singapore/jetpac,2026-10-04
jetpac,SG,singapore,Singapore,Southeast Asia 10GB,10.0,30,data,25.0,USD,,esimdb.com,https://esimdb.com/singapore/jetpac,2026-10-04
jetpac,SG,singapore,Singapore,Southeast Asia Unlimited 7 Days,21.0,7,data,26.99,USD,3 GB per day for 7 days,esimdb.com,https://esimdb.com/singapore/jetpac,2026-10-04
jetpac,SG,singapore,Singapore,Asia Pacific 15GB,15.0,30,data,29.99,USD,,esimdb.com,https://esimdb.com/singapore/jetpac,2026-10-04
jetpac,SG,singapore,Singapore,Global 5GB,5.0,30,data,30.0,USD,,esimdb.com,https://esimdb.com/singapore/jetpac,2026-10-04
jetpac,SG,singapore,Singapore,Southeast Asia 15GB,15.0,30,data,31.99,USD,,esimdb.com,https://esimdb.com/singapore/jetpac,2026-10-04
jetpac,SG,singapore,Singapore,APAC Unlimited 10 Days,30.0,10,data,33.99,USD,3 GB per day for 10 days,esimdb.com,https://esimdb.com/singapore/jetpac,2026-10-04
jetpac,SG,singapore,Singapore,Southeast Asia Unlimited 10 Days,30.0,10,data,33.99,USD,3 GB per day for 10 days,esimdb.com,https://esimdb.com/singapore/jetpac,2026-10-04
jetpac,SG,singapore,Singapore,Asia Pacific 30GB,30.0,30,data,39.99,USD,,esimdb.com,https://esimdb.com/singapore/jetpac,2026-10-04
jetpac,SG,singapore,Singapore,Global - Unlimited 7 Days,21.0,7,data,40.5,USD,3 GB per day for 7 days,esimdb.com,https://esimdb.com/singapore/jetpac,2026-10-04
jetpac,SG,singapore,Singapore,APAC Unlimited - 15 days,45.0,15,data,41.99,USD,3 GB per day for 15 days,esimdb.com,https://esimdb.com/singapore/jetpac,2026-10-04
jetpac,SG,singapore,Singapore,Southeast Asia Unlimited - 15 days,45.0,15,data,41.99,USD,3 GB per day for 15 days,esimdb.com,https://esimdb.com/singapore/jetpac,2026-10-04
jetpac,SG,singapore,Singapore,Asia Pacific 40GB,40.0,30,data,44.99,USD,,esimdb.com,https://esimdb.com/singapore/jetpac,2026-10-04
jetpac,SG,singapore,Singapore,Southeast Asia 30GB,30.0,30,data,44.99,USD,,esimdb.com,https://esimdb.com/singapore/jetpac,2026-10-04
jetpac,SG,singapore,Singapore,Global 10GB,10.0,30,data,45.0,USD,,esimdb.com,https://esimdb.com/singapore/jetpac,2026-10-04
jetpac,SG,singapore,Singapore,APAC Unlimited - 21 days,63.0,21,data,49.99,USD,3 GB per day for 21 days,esimdb.com,https://esimdb.com/singapore/jetpac,2026-10-04
jetpac,SG,singapore,Singapore,Southeast Asia Unlimited - 21 days,63.0,21,data,49.99,USD,3 GB per day for 21 days,esimdb.com,https://esimdb.com/singapore/jetpac,2026-10-04
jetpac,SG,singapore,Singapore,Global 10GB,10.0,180,data,50.0,USD,,esimdb.com,https://esimdb.com/singapore/jetpac,2026-10-04
jetpac,SG,singapore,Singapore,Southeast Asia 20GB,20.0,30,data,55.0,USD,,esimdb.com,https://esimdb.com/singapore/jetpac,2026-10-04
jetpac,SG,singapore,Singapore,Asia Pacific 20GB,20.0,30,data,55.0,USD,,esimdb.com,https://esimdb.com/singapore/jetpac,2026-10-04
jetpac,SG,singapore,Singapore,Global 15GB,15.0,30,data,55.0,USD,,esimdb.com,https://esimdb.com/singapore/jetpac,2026-10-04
jetpac,SG,singapore,Singapore,Southeast Asia 40GB,40.0,30,data,59.99,USD,,esimdb.com,https://esimdb.com/singapore/jetpac,2026-10-04
jetpac,SG,singapore,Singapore,APAC Unlimited - 30 days,90.0,30,data,65.99,USD,3 GB per day for 30 days,esimdb.com,https://esimdb.com/singapore/jetpac,2026-10-04
jetpac,SG,singapore,Singapore,Southeast Asia Unlimited - 30 days,90.0,30,data,65.99,USD,3 GB per day for 30 days,esimdb.com,https://esimdb.com/singapore/jetpac,2026-10-04
jetpac,SG,singapore,Singapore,Global 30GB,30.0,30,data,69.99,USD,,esimdb.com,https://esimdb.com/singapore/jetpac,2026-10-04
jetpac,SG,singapore,Singapore,Global - Unlimited 14 Days,42.0,14,data,81.0,USD,3 GB per day for 14 days,esimdb.com,https://esimdb.com/singapore/jetpac,2026-10-04
jetpac,SG,singapore,Singapore,Global 40GB,40.0,30,data,99.99,USD,,esimdb.com,https://esimdb.com/singapore/jetpac,2026-10-04
jetpac,SG,singapore,Singapore,Global 30GB (180 days),30.0,180,data,99.99,USD,,esimdb.com,https://esimdb.com/singapore/jetpac,2026-10-04
jetpac,SG,singapore,Singapore,Global 20GB,20.0,30,data,100.0,USD,,esimdb.com,https://esimdb.com/singapore/jetpac,2026-10-04
jetpac,SG,singapore,Singapore,Global - Unlimited 21 Days,63.0,21,data,121.5,USD,3 GB per day for 21 days,esimdb.com,https://esimdb.com/singapore/jetpac,2026-10-04
jetpac,SG,singapore,Singapore,Global - Unlimited 30 Days,90.0,30,data,174.0,USD,3 GB per day for 30 days,esimdb.com,https://esimdb.com/singapore/jetpac,2026-10-04
jetpac,SG,singapore,Singapore,Global 50GB,50.0,365,data,249.0,USD,,esimdb.com,https://esimdb.com/singapore/jetpac,2026-10-04
jetpac,TH,thailand,Thailand,Thailand 3GB,3.0,1,data,3.5,USD,,esimdb.com,https://esimdb.com/thailand/jetpac,2026-10-04
jetpac,TH,thailand,Thailand,Thailand 3GB,3.0,4,data,4.0,USD,,esimdb.com,https://esimdb.com/thailand/jetpac,2026-10-04
jetpac,TH,thailand,Thailand,Thailand 5GB,5.0,1,data,4.5,USD,,esimdb.com,https://esimdb.com/thailand/jetpac,2026-10-04
jetpac,TH,thailand,Thailand,Thailand 5GB,5.0,4,data,5.0,USD,,esimdb.com,https://esimdb.com/thailand/jetpac,2026-10-04
jetpac,TH,thailand,Thailand,Thailand 3GB,3.0,7,data,5.0,USD,,esimdb.com,https://esimdb.com/thailand/jetpac,2026-10-04
jetpac,TH,thailand,Thailand,Thailand 5GB,5.0,7,data,6.0,USD,,esimdb.com,https://esimdb.com/thailand/jetpac,2026-10-04
jetpac,TH,thailand,Thailand,Thailand 10GB,10.0,1,data,6.5,USD,,esimdb.com,https://esimdb.com/thailand/jetpac,2026-10-04
jetpac,TH,thailand,Thailand,Thailand 5GB,5.0,30,data,7.0,USD,,esimdb.com,https://esimdb.com/thailand/jetpac,2026-10-04
jetpac,TH,thailand,Thailand,Thailand 1GB,1.0,4,data,7.0,USD,,esimdb.com,https://esimdb.com/thailand/jetpac,2026-10-04
jetpac,TH,thailand,Thailand,Thailand 10GB,10.0,4,data,8.5,USD,,esimdb.com,https://esimdb.com/thailand/jetpac,2026-10-04
jetpac,TH,thailand,Thailand,Thailand Unlimited - 3 days,9.0,3,data,8.99,USD,3 GB per day for 3 days,esimdb.com,https://esimdb.com/thailand/jetpac,2026-10-04
jetpac,TH,thailand,Thailand,Thailand 10GB,10.0,7,data,9.5,USD,,esimdb.com,https://esimdb.com/thailand/jetpac,2026-10-04
jetpac,TH,thailand,Thailand,Thailand 10GB,10.0,30,data,11.5,USD,,esimdb.com,https://esimdb.com/thailand/jetpac,2026-10-04
jetpac,TH,thailand,Thailand,Thailand 15GB,15.0,30,data,12.5,USD,,esimdb.com,https://esimdb.com/thailand/jetpac,2026-10-04
jetpac,TH,thailand,Thailand,Thailand Unlimited - 5 days,15.0,5,data,14.99,USD,3 GB per day for 5 days,esimdb.com,https://esimdb.com/thailand/jetpac,2026-10-04
jetpac,TH,thailand,Thailand,Thailand Unlimited 7 days,21.0,7,data,20.99,USD,3 GB per day for 7 days,esimdb.com,https://esimdb.com/thailand/jetpac,2026-10-04
jetpac,TH,thailand,Thailand,Thailand 30GB,30.0,30,data,23.99,USD,,esimdb.com,https://esimdb.com/thailand/jetpac,2026-10-04
jetpac,TH,thailand,Thailand,Thailand 20GB,20.0,30,data,28.0,USD,,esimdb.com,https://esimdb.com/thailand/jetpac,2026-10-04
jetpac,TH,thailand,Thailand,Thailand 40GB,40.0,30,data,29.99,USD,,esimdb.com,https://esimdb.com/thailand/jetpac,2026-10-04
jetpac,TH,thailand,Thailand,Thailand Unlimited 10 days,30.0,10,data,29.99,USD,3 GB per day for 10 days,esimdb.com,https://esimdb.com/thailand/jetpac,2026-10-04
jetpac,TH,thailand,Thailand,Thailand Unlimited - 15 days,45.0,15,data,37.99,USD,3 GB per day for 15 days,esimdb.com,https://esimdb.com/thailand/jetpac,2026-10-04
jetpac,TH,thailand,Thailand,Thailand Unlimited - 21 days,63.0,21,data,49.99,USD,3 GB per day for 21 days,esimdb.com,https://esimdb.com/thailand/jetpac,2026-10-04
jetpac,TH,thailand,Thailand,Thailand Unlimited - 30 days,90.0,30,data,65.99,USD,3 GB per day for 30 days,esimdb.com,https://esimdb.com/thailand/jetpac,2026-10-04
jetpac,TR,turkiye,Turkiye,Turkey 2GB,2.0,1,data,3.5,USD,,esimdb.com,https://esimdb.com/turkey/jetpac,2026-10-04
jetpac,TR,turkiye,Turkiye,Turkey - Unlimited 1 Day,3.0,1,data,4.5,USD,,esimdb.com,https://esimdb.com/turkey/jetpac,2026-10-04
jetpac,TR,turkiye,Turkiye,Turkey 5GB,5.0,3,data,5.5,USD,,esimdb.com,https://esimdb.com/turkey/jetpac,2026-10-04
jetpac,TR,turkiye,Turkiye,Turkey 8GB,8.0,3,data,6.5,USD,,esimdb.com,https://esimdb.com/turkey/jetpac,2026-10-04
jetpac,TR,turkiye,Turkiye,Turkey - Unlimited 3 Days,9.0,3,data,11.0,USD,3 GB per day for 3 days,esimdb.com,https://esimdb.com/turkey/jetpac,2026-10-04
jetpac,TR,turkiye,Turkiye,Turkey 10GB,10.0,7,data,13.0,USD,,esimdb.com,https://esimdb.com/turkey/jetpac,2026-10-04
jetpac,TR,turkiye,Turkiye,Turkey 15GB,15.0,7,data,14.5,USD,,esimdb.com,https://esimdb.com/turkey/jetpac,2026-10-04
jetpac,TR,turkiye,Turkiye,Turkey 15GB,15.0,14,data,19.5,USD,,esimdb.com,https://esimdb.com/turkey/jetpac,2026-10-04
jetpac,TR,turkiye,Turkiye,Turkey 20GB,20.0,14,data,22.0,USD,,esimdb.com,https://esimdb.com/turkey/jetpac,2026-10-04
jetpac,TR,turkiye,Turkiye,Turkey - Unlimited 7 Days,21.0,7,data,25.0,USD,3 GB per day for 7 days,esimdb.com,https://esimdb.com/turkey/jetpac,2026-10-04
jetpac,TR,turkiye,Turkiye,Turkey 20GB,20.0,21,data,35.0,USD,,esimdb.com,https://esimdb.com/turkey/jetpac,2026-10-04
jetpac,TR,turkiye,Turkiye,Turkey 30GB,30.0,21,data,36.0,USD,,esimdb.com,https://esimdb.com/turkey/jetpac,2026-10-04
jetpac,TR,turkiye,Turkiye,Turkey - Unlimited 14 Days,42.0,14,data,45.0,USD,3 GB per day for 14 days,esimdb.com,https://esimdb.com/turkey/jetpac,2026-10-04
jetpac,TR,turkiye,Turkiye,Turkey 50GB,50.0,30,data,50.0,USD,,esimdb.com,https://esimdb.com/turkey/jetpac,2026-10-04
jetpac,TR,turkiye,Turkiye,Turkey - Unlimited 21 Days,63.0,21,data,62.5,USD,3 GB per day for 21 days,esimdb.com,https://esimdb.com/turkey/jetpac,2026-10-04
jetpac,TR,turkiye,Turkiye,Turkey - Unlimited 30 Days,90.0,30,data,80.0,USD,3 GB per day for 30 days,esimdb.com,https://esimdb.com/turkey/jetpac,2026-10-04
jetpac,TW,taiwan,Taiwan,Taiwan 3GB,3.0,1,data,5.0,USD,,esimdb.com,https://esimdb.com/taiwan/jetpac,2026-10-04
jetpac,TW,taiwan,Taiwan,Taiwan 5GB,5.0,1,data,6.0,USD,,esimdb.com,https://esimdb.com/taiwan/jetpac,2026-10-04
jetpac,TW,taiwan,Taiwan,Taiwan 3GB,3.0,4,data,6.0,USD,,esimdb.com,https://esimdb.com/taiwan/jetpac,2026-10-04
jetpac,TW,taiwan,Taiwan,Taiwan 5GB,5.0,4,data,7.0,USD,,esimdb.com,https://esimdb.com/taiwan/jetpac,2026-10-04
jetpac,TW,taiwan,Taiwan,Taiwan 3GB,3.0,7,data,7.0,USD,,esimdb.com,https://esimdb.com/taiwan/jetpac,2026-10-04
jetpac,TW,taiwan,Taiwan,Taiwan 1GB,1.0,4,data,7.0,USD,,esimdb.com,https://esimdb.com/taiwan/jetpac,2026-10-04
jetpac,TW,taiwan,Taiwan,Taiwan 5GB,5.0,7,data,8.0,USD,,esimdb.com,https://esimdb.com/taiwan/jetpac,2026-10-04
jetpac,TW,taiwan,Taiwan,Taiwan 10GB,10.0,1,data,8.5,USD,,esimdb.com,https://esimdb.com/taiwan/jetpac,2026-10-04
jetpac,TW,taiwan,Taiwan,Taiwan 5GB,5.0,30,data,10.0,USD,,esimdb.com,https://esimdb.com/taiwan/jetpac,2026-10-04
jetpac,TW,taiwan,Taiwan,Taiwan 10GB,10.0,4,data,10.5,USD,,esimdb.com,https://esimdb.com/taiwan/jetpac,2026-10-04
jetpac,TW,taiwan,Taiwan,Taiwan 10GB,10.0,7,data,12.0,USD,,esimdb.com,https://esimdb.com/taiwan/jetpac,2026-10-04
jetpac,TW,taiwan,Taiwan,Taiwan - Unlimited 3 Days,9.0,3,data,12.99,USD,3 GB per day for 3 days,esimdb.com,https://esimdb.com/taiwan/jetpac,2026-10-04
jetpac,TW,taiwan,Taiwan,Taiwan 10GB,10.0,30,data,14.99,USD,,esimdb.com,https://esimdb.com/taiwan/jetpac,2026-10-04
jetpac,TW,taiwan,Taiwan,Taiwan 15GB,15.0,7,data,15.0,USD,,esimdb.com,https://esimdb.com/taiwan/jetpac,2026-10-04
jetpac,TW,taiwan,Taiwan,Taiwan 15GB,15.0,30,data,19.99,USD,,esimdb.com,https://esimdb.com/taiwan/jetpac,2026-10-04
jetpac,TW,taiwan,Taiwan,Taiwan - Unlimited 5 Days,15.0,5,data,19.99,USD,3 GB per day for 5 days,esimdb.com,https://esimdb.com/taiwan/jetpac,2026-10-04
jetpac,TW,taiwan,Taiwan,Taiwan - Unlimited 7 Days,21.0,7,data,26.99,USD,3 GB per day for 7 days,esimdb.com,https://esimdb.com/taiwan/jetpac,2026-10-04
jetpac,TW,taiwan,Taiwan,Taiwan 30GB,30.0,30,data,29.99,USD,,esimdb.com,https://esimdb.com/taiwan/jetpac,2026-10-04
jetpac,TW,taiwan,Taiwan,Taiwan - Unlimited 10 Days,30.0,10,data,33.99,USD,3 GB per day for 10 days,esimdb.com,https://esimdb.com/taiwan/jetpac,2026-10-04
jetpac,TW,taiwan,Taiwan,Taiwan 40GB,40.0,30,data,34.99,USD,,esimdb.com,https://esimdb.com/taiwan/jetpac,2026-10-04
jetpac,TW,taiwan,Taiwan,Taiwan 20GB,20.0,30,data,35.0,USD,,esimdb.com,https://esimdb.com/taiwan/jetpac,2026-10-04
jetpac,TW,taiwan,Taiwan,Taiwan - Unlimited 15 Days,45.0,15,data,41.99,USD,3 GB per day for 15 days,esimdb.com,https://esimdb.com/taiwan/jetpac,2026-10-04
jetpac,TW,taiwan,Taiwan,Taiwan - Unlimited 21 Days,63.0,21,data,49.99,USD,3 GB per day for 21 days,esimdb.com,https://esimdb.com/taiwan/jetpac,2026-10-04
jetpac,TW,taiwan,Taiwan,Taiwan - Unlimited 30 Days,90.0,30,data,65.99,USD,3 GB per day for 30 days,esimdb.com,https://esimdb.com/taiwan/jetpac,2026-10-04
jetpac,US,united-states,United States,USA 3GB,3.0,1,data,6.0,USD,,esimdb.com,https://esimdb.com/usa/jetpac,2026-10-04
jetpac,US,united-states,United States,USA 3GB,3.0,4,data,6.5,USD,,esimdb.com,https://esimdb.com/usa/jetpac,2026-10-04
jetpac,US,united-states,United States,United States Of America 1GB,1.0,4,data,7.0,USD,,esimdb.com,https://esimdb.com/usa/jetpac,2026-10-04
jetpac,US,united-states,United States,USA 3GB,3.0,7,data,7.99,USD,,esimdb.com,https://esimdb.com/usa/jetpac,2026-10-04
jetpac,US,united-states,United States,USA 5GB,5.0,1,data,8.0,USD,,esimdb.com,https://esimdb.com/usa/jetpac,2026-10-04
jetpac,US,united-states,United States,USA 5GB,5.0,4,data,9.5,USD,,esimdb.com,https://esimdb.com/usa/jetpac,2026-10-04
jetpac,US,united-states,United States,USA 10GB,10.0,1,data,10.5,USD,,esimdb.com,https://esimdb.com/usa/jetpac,2026-10-04
jetpac,US,united-states,United States,USA 5GB,5.0,7,data,10.5,USD,,esimdb.com,https://esimdb.com/usa/jetpac,2026-10-04
jetpac,US,united-states,United States,USA 5GB,5.0,30,data,12.99,USD,,esimdb.com,https://esimdb.com/usa/jetpac,2026-10-04
jetpac,US,united-states,United States,USA 10GB,10.0,4,data,13.5,USD,,esimdb.com,https://esimdb.com/usa/jetpac,2026-10-04
jetpac,US,united-states,United States,USA 10GB,10.0,7,data,15.5,USD,,esimdb.com,https://esimdb.com/usa/jetpac,2026-10-04
jetpac,US,united-states,United States,USA 15GB,15.0,7,data,16.5,USD,,esimdb.com,https://esimdb.com/usa/jetpac,2026-10-04
jetpac,US,united-states,United States,USA 10GB,10.0,30,data,19.0,USD,,esimdb.com,https://esimdb.com/usa/jetpac,2026-10-04
jetpac,US,united-states,United States,USA Unlimited-5 Days,15.0,5,data,19.99,USD,3 GB per day for 5 days,esimdb.com,https://esimdb.com/usa/jetpac,2026-10-04
jetpac,US,united-states,United States,USA 15GB,15.0,30,data,22.0,USD,,esimdb.com,https://esimdb.com/usa/jetpac,2026-10-04
jetpac,US,united-states,United States,USA Unlimited-7 Days,21.0,7,data,26.99,USD,3 GB per day for 7 days,esimdb.com,https://esimdb.com/usa/jetpac,2026-10-04
jetpac,US,united-states,United States,USA 30GB,30.0,30,data,29.99,USD,,esimdb.com,https://esimdb.com/usa/jetpac,2026-10-04
jetpac,US,united-states,United States,USA Unlimited-10 Days,30.0,10,data,33.99,USD,3 GB per day for 10 days,esimdb.com,https://esimdb.com/usa/jetpac,2026-10-04
jetpac,US,united-states,United States,USA 40GB,40.0,30,data,34.99,USD,,esimdb.com,https://esimdb.com/usa/jetpac,2026-10-04
jetpac,US,united-states,United States,United States Of America 20GB,20.0,30,data,35.0,USD,,esimdb.com,https://esimdb.com/usa/jetpac,2026-10-04
jetpac,US,united-states,United States,USA Unlimited-15 Days,45.0,15,data,44.99,USD,3 GB per day for 15 days,esimdb.com,https://esimdb.com/usa/jetpac,2026-10-04
jetpac,US,united-states,United States,USA Unlimited-21 Days,63.0,21,data,49.99,USD,3 GB per day for 21 days,esimdb.com,https://esimdb.com/usa/jetpac,2026-10-04
jetpac,US,united-states,United States,USA Unlimited-30 Days,90.0,30,data,67.99,USD,3 GB per day for 30 days,esimdb.com,https://esimdb.com/usa/jetpac,2026-10-04
jetpac,VN,vietnam,Vietnam,Vietnam 3GB,3.0,1,data,6.0,USD,,esimdb.com,https://esimdb.com/vietnam/jetpac,2026-10-04
jetpac,VN,vietnam,Vietnam,Vietnam 3GB,3.0,4,data,6.5,USD,,esimdb.com,https://esimdb.com/vietnam/jetpac,2026-10-04
jetpac,VN,vietnam,Vietnam,Vietnam 5GB,5.0,1,data,7.0,USD,,esimdb.com,https://esimdb.com/vietnam/jetpac,2026-10-04
jetpac,VN,vietnam,Vietnam,Vietnam 1GB,1.0,4,data,7.0,USD,,esimdb.com,https://esimdb.com/vietnam/jetpac,2026-10-04
jetpac,VN,vietnam,Vietnam,Vietnam 5GB,5.0,4,data,8.0,USD,,esimdb.com,https://esimdb.com/vietnam/jetpac,2026-10-04
jetpac,VN,vietnam,Vietnam,Vietnam 3GB,3.0,7,data,8.0,USD,,esimdb.com,https://esimdb.com/vietnam/jetpac,2026-10-04
jetpac,VN,vietnam,Vietnam,Vietnam 5GB,5.0,7,data,9.0,USD,,esimdb.com,https://esimdb.com/vietnam/jetpac,2026-10-04
jetpac,VN,vietnam,Vietnam,Vietnam 10GB,10.0,1,data,10.0,USD,,esimdb.com,https://esimdb.com/vietnam/jetpac,2026-10-04
jetpac,VN,vietnam,Vietnam,Vietnam Unlimited - 3 days,9.0,3,data,10.99,USD,3 GB per day for 3 days,esimdb.com,https://esimdb.com/vietnam/jetpac,2026-10-04
jetpac,VN,vietnam,Vietnam,Vietnam 5GB,5.0,30,data,11.0,USD,,esimdb.com,https://esimdb.com/vietnam/jetpac,2026-10-04
jetpac,VN,vietnam,Vietnam,Vietnam 10GB,10.0,4,data,13.0,USD,,esimdb.com,https://esimdb.com/vietnam/jetpac,2026-10-04
jetpac,VN,vietnam,Vietnam,Vietnam 10GB,10.0,7,data,14.5,USD,,esimdb.com,https://esimdb.com/vietnam/jetpac,2026-10-04
jetpac,VN,vietnam,Vietnam,Vietnam 15GB,15.0,7,data,15.0,USD,,esimdb.com,https://esimdb.com/vietnam/jetpac,2026-10-04
jetpac,VN,vietnam,Vietnam,Vietnam Unlimited - 5 days,15.0,5,data,17.99,USD,3 GB per day for 5 days,esimdb.com,https://esimdb.com/vietnam/jetpac,2026-10-04
jetpac,VN,vietnam,Vietnam,Vietnam 10GB,10.0,30,data,18.0,USD,,esimdb.com,https://esimdb.com/vietnam/jetpac,2026-10-04
jetpac,VN,vietnam,Vietnam,Vietnam 15GB,15.0,30,data,19.99,USD,,esimdb.com,https://esimdb.com/vietnam/jetpac,2026-10-04
jetpac,VN,vietnam,Vietnam,Vietnam (Unlimited 7 Days),21.0,7,data,25.99,USD,3 GB per day for 7 days,esimdb.com,https://esimdb.com/vietnam/jetpac,2026-10-04
jetpac,VN,vietnam,Vietnam,Vietnam 30GB,30.0,30,data,29.99,USD,,esimdb.com,https://esimdb.com/vietnam/jetpac,2026-10-04
jetpac,VN,vietnam,Vietnam,Vietnam (Unlimited 10 Days),30.0,10,data,31.99,USD,3 GB per day for 10 days,esimdb.com,https://esimdb.com/vietnam/jetpac,2026-10-04
jetpac,VN,vietnam,Vietnam,Vietnam 40GB,40.0,30,data,39.99,USD,,esimdb.com,https://esimdb.com/vietnam/jetpac,2026-10-04
jetpac,VN,vietnam,Vietnam,Vietnam 20GB,20.0,30,data,40.0,USD,,esimdb.com,https://esimdb.com/vietnam/jetpac,2026-10-04
jetpac,VN,vietnam,Vietnam,Vietnam Unlimited - 15 days,45.0,15,data,41.99,USD,3 GB per day for 15 days,esimdb.com,https://esimdb.com/vietnam/jetpac,2026-10-04
jetpac,VN,vietnam,Vietnam,Vietnam Unlimited - 21 days,63.0,21,data,49.99,USD,3 GB per day for 21 days,esimdb.com,https://esimdb.com/vietnam/jetpac,2026-10-04
jetpac,VN,vietnam,Vietnam,Vietnam Unlimited - 30 days,90.0,30,data,65.99,USD,3 GB per day for 30 days,esimdb.com,https://esimdb.com/vietnam/jetpac,2026-10-04
jetpac,ZA,south-africa,South Africa,South Africa 1GB,1.0,4,data,7.0,USD,,esimdb.com,https://esimdb.com/south-africa/jetpac,2026-10-04
jetpac,ZA,south-africa,South Africa,South Africa - Unlimited 1 Day,3.0,1,data,9.0,USD,,esimdb.com,https://esimdb.com/south-africa/jetpac,2026-10-04
jetpac,ZA,south-africa,South Africa,South Africa 3GB,3.0,7,data,10.0,USD,,esimdb.com,https://esimdb.com/south-africa/jetpac,2026-10-04
jetpac,ZA,south-africa,South Africa,South Africa 5GB,5.0,30,data,14.0,USD,,esimdb.com,https://esimdb.com/south-africa/jetpac,2026-10-04
jetpac,ZA,south-africa,South Africa,South Africa 10GB,10.0,30,data,22.5,USD,,esimdb.com,https://esimdb.com/south-africa/jetpac,2026-10-04
jetpac,ZA,south-africa,South Africa,South Africa 15GB,15.0,30,data,27.0,USD,,esimdb.com,https://esimdb.com/south-africa/jetpac,2026-10-04
jetpac,ZA,south-africa,South Africa,South Africa - Unlimited 3 Days,9.0,3,data,27.0,USD,3 GB per day for 3 days,esimdb.com,https://esimdb.com/south-africa/jetpac,2026-10-04
jetpac,ZA,south-africa,South Africa,South Africa 20GB,20.0,30,data,40.0,USD,,esimdb.com,https://esimdb.com/south-africa/jetpac,2026-10-04
jetpac,ZA,south-africa,South Africa,South Africa 30GB,30.0,30,data,44.5,USD,,esimdb.com,https://esimdb.com/south-africa/jetpac,2026-10-04
jetpac,ZA,south-africa,South Africa,South Africa - Unlimited 7 Days,21.0,7,data,63.0,USD,3 GB per day for 7 days,esimdb.com,https://esimdb.com/south-africa/jetpac,2026-10-04
jetpac,ZA,south-africa,South Africa,South Africa - Unlimited 14 Days,42.0,14,data,126.0,USD,3 GB per day for 14 days,esimdb.com,https://esimdb.com/south-africa/jetpac,2026-10-04
jetpac,ZA,south-africa,South Africa,South Africa - Unlimited 21 Days,63.0,21,data,189.0,USD,3 GB per day for 21 days,esimdb.com,https://esimdb.com/south-africa/jetpac,2026-10-04
jetpac,ZA,south-africa,South Africa,South Africa - Unlimited 30 Days,90.0,30,data,270.0,USD,3 GB per day for 30 days,esimdb.com,https://esimdb.com/south-africa/jetpac,2026-10-04
gigsky,AE,united-arab-emirates,United Arab Emirates,United Arab Emirates,1.0,15,data,3.99,USD,,esimdb.com,https://esimdb.com/uae/gigsky,2026-10-04
gigsky,AE,united-arab-emirates,United Arab Emirates,United Arab Emirates,3.5,1,data,5.99,USD,,esimdb.com,https://esimdb.com/uae/gigsky,2026-10-04
gigsky,AE,united-arab-emirates,United Arab Emirates,United Arab Emirates,3.0,15,data,8.99,USD,,esimdb.com,https://esimdb.com/uae/gigsky,2026-10-04
gigsky,AE,united-arab-emirates,United Arab Emirates,United Arab Emirates,5.0,30,data,14.99,USD,,esimdb.com,https://esimdb.com/uae/gigsky,2026-10-04
gigsky,AE,united-arab-emirates,United Arab Emirates,United Arab Emirates,3.5,3,data,17.49,USD,,esimdb.com,https://esimdb.com/uae/gigsky,2026-10-04
gigsky,AE,united-arab-emirates,United Arab Emirates,United Arab Emirates,10.0,30,data,26.99,USD,,esimdb.com,https://esimdb.com/uae/gigsky,2026-10-04
gigsky,AE,united-arab-emirates,United Arab Emirates,United Arab Emirates,3.5,7,data,35.49,USD,,esimdb.com,https://esimdb.com/uae/gigsky,2026-10-04
gigsky,AE,united-arab-emirates,United Arab Emirates,United Arab Emirates,3.5,15,data,56.49,USD,,esimdb.com,https://esimdb.com/uae/gigsky,2026-10-04
gigsky,AR,argentina,Argentina,Argentina,1.0,7,data,3.99,USD,,esimdb.com,https://esimdb.com/argentina/gigsky,2026-10-04
gigsky,AR,argentina,Argentina,Argentina,3.5,1,data,6.99,USD,,esimdb.com,https://esimdb.com/argentina/gigsky,2026-10-04
gigsky,AR,argentina,Argentina,Argentina,3.0,15,data,9.49,USD,,esimdb.com,https://esimdb.com/argentina/gigsky,2026-10-04
gigsky,AR,argentina,Argentina,Argentina,10.5,3,data,14.49,USD,3.5 GB per day for 3 days,esimdb.com,https://esimdb.com/argentina/gigsky,2026-10-04
gigsky,AR,argentina,Argentina,Argentina,5.0,30,data,16.29,USD,,esimdb.com,https://esimdb.com/argentina/gigsky,2026-10-04
gigsky,AR,argentina,Argentina,Argentina,10.0,30,data,28.79,USD,,esimdb.com,https://esimdb.com/argentina/gigsky,2026-10-04
gigsky,AR,argentina,Argentina,Argentina,24.5,7,data,28.99,USD,3.5 GB per day for 7 days,esimdb.com,https://esimdb.com/argentina/gigsky,2026-10-04
gigsky,AR,argentina,Argentina,Argentina,20.0,90,data,44.99,USD,,esimdb.com,https://esimdb.com/argentina/gigsky,2026-10-04
gigsky,AR,argentina,Argentina,Argentina,52.5,15,data,46.49,USD,3.5 GB per day for 15 days,esimdb.com,https://esimdb.com/argentina/gigsky,2026-10-04
gigsky,AT,austria,Austria,Austria,1.0,7,data,2.99,USD,,esimdb.com,https://esimdb.com/austria/gigsky,2026-10-04
gigsky,AT,austria,Austria,Austria,3.5,1,data,3.49,USD,,esimdb.com,https://esimdb.com/austria/gigsky,2026-10-04
gigsky,AT,austria,Austria,Austria,3.0,15,data,5.49,USD,,esimdb.com,https://esimdb.com/austria/gigsky,2026-10-04
gigsky,AT,austria,Austria,Austria,10.0,30,data,9.79,USD,,esimdb.com,https://esimdb.com/austria/gigsky,2026-10-04
gigsky,AT,austria,Austria,Austria,5.0,30,data,10.29,USD,,esimdb.com,https://esimdb.com/austria/gigsky,2026-10-04
gigsky,AT,austria,Austria,Austria,10.5,3,data,10.49,USD,3.5 GB per day for 3 days,esimdb.com,https://esimdb.com/austria/gigsky,2026-10-04
gigsky,AT,austria,Austria,Austria,20.0,90,data,13.99,USD,,esimdb.com,https://esimdb.com/austria/gigsky,2026-10-04
gigsky,AT,austria,Austria,Austria,24.5,7,data,24.49,USD,3.5 GB per day for 7 days,esimdb.com,https://esimdb.com/austria/gigsky,2026-10-04
gigsky,AT,austria,Austria,Austria,50.0,180,data,27.89,USD,,esimdb.com,https://esimdb.com/austria/gigsky,2026-10-04
gigsky,AT,austria,Austria,Austria,52.5,15,data,44.99,USD,3.5 GB per day for 15 days,esimdb.com,https://esimdb.com/austria/gigsky,2026-10-04
gigsky,AU,australia,Australia,Australia,3.5,1,data,4.99,USD,,esimdb.com,https://esimdb.com/australia/gigsky,2026-10-04
gigsky,AU,australia,Australia,Australia,1.0,7,data,4.99,USD,,esimdb.com,https://esimdb.com/australia/gigsky,2026-10-04
gigsky,AU,australia,Australia,Australia,3.0,15,data,11.99,USD,,esimdb.com,https://esimdb.com/australia/gigsky,2026-10-04
gigsky,AU,australia,Australia,Australia,10.5,3,data,14.99,USD,3.5 GB per day for 3 days,esimdb.com,https://esimdb.com/australia/gigsky,2026-10-04
gigsky,AU,australia,Australia,Australia,5.0,30,data,19.99,USD,,esimdb.com,https://esimdb.com/australia/gigsky,2026-10-04
gigsky,AU,australia,Australia,Australia,10.0,30,data,29.99,USD,,esimdb.com,https://esimdb.com/australia/gigsky,2026-10-04
gigsky,AU,australia,Australia,Australia,24.5,7,data,34.99,USD,3.5 GB per day for 7 days,esimdb.com,https://esimdb.com/australia/gigsky,2026-10-04
gigsky,AU,australia,Australia,Australia,52.5,15,data,64.49,USD,3.5 GB per day for 15 days,esimdb.com,https://esimdb.com/australia/gigsky,2026-10-04
gigsky,AU,australia,Australia,Australia,50.0,90,data,82.49,USD,,esimdb.com,https://esimdb.com/australia/gigsky,2026-10-04
gigsky,AU,australia,Australia,Australia,100.0,180,data,123.99,USD,,esimdb.com,https://esimdb.com/australia/gigsky,2026-10-04
gigsky,BE,belgium,Belgium,Belgium,1.0,7,data,2.99,USD,,esimdb.com,https://esimdb.com/belgium/gigsky,2026-10-04
gigsky,BE,belgium,Belgium,Belgium,3.5,1,data,3.49,USD,,esimdb.com,https://esimdb.com/belgium/gigsky,2026-10-04
gigsky,BE,belgium,Belgium,Belgium,3.0,15,data,5.49,USD,,esimdb.com,https://esimdb.com/belgium/gigsky,2026-10-04
gigsky,BE,belgium,Belgium,Belgium,5.0,30,data,7.79,USD,,esimdb.com,https://esimdb.com/belgium/gigsky,2026-10-04
gigsky,BE,belgium,Belgium,Belgium,10.5,3,data,10.49,USD,3.5 GB per day for 3 days,esimdb.com,https://esimdb.com/belgium/gigsky,2026-10-04
gigsky,BE,belgium,Belgium,Belgium,10.0,30,data,11.79,USD,,esimdb.com,https://esimdb.com/belgium/gigsky,2026-10-04
gigsky,BE,belgium,Belgium,Belgium,20.0,90,data,17.99,USD,,esimdb.com,https://esimdb.com/belgium/gigsky,2026-10-04
gigsky,BE,belgium,Belgium,Belgium,24.5,7,data,24.49,USD,3.5 GB per day for 7 days,esimdb.com,https://esimdb.com/belgium/gigsky,2026-10-04
gigsky,BE,belgium,Belgium,Belgium,50.0,180,data,31.39,USD,,esimdb.com,https://esimdb.com/belgium/gigsky,2026-10-04
gigsky,BE,belgium,Belgium,Belgium,52.5,15,data,44.99,USD,3.5 GB per day for 15 days,esimdb.com,https://esimdb.com/belgium/gigsky,2026-10-04
gigsky,BR,brazil,Brazil,Brazil,1.0,7,data,3.49,USD,,esimdb.com,https://esimdb.com/brazil/gigsky,2026-10-04
gigsky,BR,brazil,Brazil,Brazil,3.5,1,data,4.99,USD,,esimdb.com,https://esimdb.com/brazil/gigsky,2026-10-04
gigsky,BR,brazil,Brazil,Brazil,3.0,15,data,8.99,USD,,esimdb.com,https://esimdb.com/brazil/gigsky,2026-10-04
gigsky,BR,brazil,Brazil,Brazil,10.5,3,data,10.49,USD,3.5 GB per day for 3 days,esimdb.com,https://esimdb.com/brazil/gigsky,2026-10-04
gigsky,BR,brazil,Brazil,Brazil,5.0,30,data,12.29,USD,,esimdb.com,https://esimdb.com/brazil/gigsky,2026-10-04
gigsky,BR,brazil,Brazil,Brazil,10.0,30,data,21.79,USD,,esimdb.com,https://esimdb.com/brazil/gigsky,2026-10-04
gigsky,BR,brazil,Brazil,Brazil,24.5,7,data,23.49,USD,3.5 GB per day for 7 days,esimdb.com,https://esimdb.com/brazil/gigsky,2026-10-04
gigsky,BR,brazil,Brazil,Brazil,20.0,90,data,33.99,USD,,esimdb.com,https://esimdb.com/brazil/gigsky,2026-10-04
gigsky,BR,brazil,Brazil,Brazil,52.5,15,data,42.49,USD,3.5 GB per day for 15 days,esimdb.com,https://esimdb.com/brazil/gigsky,2026-10-04
gigsky,CA,canada,Canada,Canada,1.0,7,data,2.99,USD,,esimdb.com,https://esimdb.com/canada/gigsky,2026-10-04
gigsky,CA,canada,Canada,Canada,3.5,1,data,4.99,USD,,esimdb.com,https://esimdb.com/canada/gigsky,2026-10-04
gigsky,CA,canada,Canada,Canada,3.0,15,data,8.49,USD,,esimdb.com,https://esimdb.com/canada/gigsky,2026-10-04
gigsky,CA,canada,Canada,Canada,10.5,3,data,10.49,USD,3.5 GB per day for 3 days,esimdb.com,https://esimdb.com/canada/gigsky,2026-10-04
gigsky,CA,canada,Canada,Canada,5.0,30,data,14.99,USD,,esimdb.com,https://esimdb.com/canada/gigsky,2026-10-04
gigsky,CA,canada,Canada,Canada,24.5,7,data,20.49,USD,3.5 GB per day for 7 days,esimdb.com,https://esimdb.com/canada/gigsky,2026-10-04
gigsky,CA,canada,Canada,Canada,10.0,30,data,21.49,USD,,esimdb.com,https://esimdb.com/canada/gigsky,2026-10-04
gigsky,CA,canada,Canada,Canada,20.0,180,data,29.99,USD,,esimdb.com,https://esimdb.com/canada/gigsky,2026-10-04
gigsky,CA,canada,Canada,Canada,52.5,15,data,33.49,USD,3.5 GB per day for 15 days,esimdb.com,https://esimdb.com/canada/gigsky,2026-10-04
gigsky,CA,canada,Canada,Canada,50.0,90,data,59.99,USD,,esimdb.com,https://esimdb.com/canada/gigsky,2026-10-04
gigsky,CH,switzerland,Switzerland,Switzerland,1.0,7,data,2.99,USD,,esimdb.com,https://esimdb.com/switzerland/gigsky,2026-10-04
gigsky,CH,switzerland,Switzerland,Switzerland,3.5,1,data,3.49,USD,,esimdb.com,https://esimdb.com/switzerland/gigsky,2026-10-04
gigsky,CH,switzerland,Switzerland,Switzerland,3.0,15,data,5.99,USD,,esimdb.com,https://esimdb.com/switzerland/gigsky,2026-10-04
gigsky,CH,switzerland,Switzerland,Switzerland,5.0,30,data,8.29,USD,,esimdb.com,https://esimdb.com/switzerland/gigsky,2026-10-04
gigsky,CH,switzerland,Switzerland,Switzerland,10.0,30,data,9.79,USD,,esimdb.com,https://esimdb.com/switzerland/gigsky,2026-10-04
gigsky,CH,switzerland,Switzerland,Switzerland,10.5,3,data,10.49,USD,3.5 GB per day for 3 days,esimdb.com,https://esimdb.com/switzerland/gigsky,2026-10-04
gigsky,CH,switzerland,Switzerland,Switzerland,20.0,90,data,16.99,USD,,esimdb.com,https://esimdb.com/switzerland/gigsky,2026-10-04
gigsky,CH,switzerland,Switzerland,Switzerland,24.5,7,data,24.49,USD,3.5 GB per day for 7 days,esimdb.com,https://esimdb.com/switzerland/gigsky,2026-10-04
gigsky,CH,switzerland,Switzerland,Switzerland,50.0,180,data,33.89,USD,,esimdb.com,https://esimdb.com/switzerland/gigsky,2026-10-04
gigsky,CH,switzerland,Switzerland,Switzerland,52.5,15,data,44.99,USD,3.5 GB per day for 15 days,esimdb.com,https://esimdb.com/switzerland/gigsky,2026-10-04
gigsky,CN,china,China,China,3.5,1,data,3.99,USD,,esimdb.com,https://esimdb.com/china/gigsky,2026-10-04
gigsky,CN,china,China,China,1.0,7,data,5.99,USD,,esimdb.com,https://esimdb.com/china/gigsky,2026-10-04
gigsky,CN,china,China,China,10.5,3,data,11.99,USD,3.5 GB per day for 3 days,esimdb.com,https://esimdb.com/china/gigsky,2026-10-04
gigsky,CN,china,China,China,3.0,15,data,15.99,USD,,esimdb.com,https://esimdb.com/china/gigsky,2026-10-04
gigsky,CN,china,China,China,5.0,30,data,23.99,USD,,esimdb.com,https://esimdb.com/china/gigsky,2026-10-04
gigsky,CN,china,China,China,24.5,7,data,27.99,USD,3.5 GB per day for 7 days,esimdb.com,https://esimdb.com/china/gigsky,2026-10-04
gigsky,CN,china,China,China,10.0,30,data,36.49,USD,,esimdb.com,https://esimdb.com/china/gigsky,2026-10-04
gigsky,CN,china,China,China,52.5,15,data,51.49,USD,3.5 GB per day for 15 days,esimdb.com,https://esimdb.com/china/gigsky,2026-10-04
gigsky,CN,china,China,China,20.0,90,data,69.99,USD,,esimdb.com,https://esimdb.com/china/gigsky,2026-10-04
gigsky,CO,colombia,Colombia,Colombia,1.0,7,data,3.49,USD,,esimdb.com,https://esimdb.com/colombia/gigsky,2026-10-04
gigsky,CO,colombia,Colombia,Colombia,3.5,1,data,4.99,USD,,esimdb.com,https://esimdb.com/colombia/gigsky,2026-10-04
gigsky,CO,colombia,Colombia,Colombia,3.0,15,data,9.99,USD,,esimdb.com,https://esimdb.com/colombia/gigsky,2026-10-04
gigsky,CO,colombia,Colombia,Colombia,10.5,3,data,14.49,USD,3.5 GB per day for 3 days,esimdb.com,https://esimdb.com/colombia/gigsky,2026-10-04
gigsky,CO,colombia,Colombia,Colombia,5.0,30,data,15.29,USD,,esimdb.com,https://esimdb.com/colombia/gigsky,2026-10-04
gigsky,CO,colombia,Colombia,Colombia,10.0,30,data,26.79,USD,,esimdb.com,https://esimdb.com/colombia/gigsky,2026-10-04
gigsky,CO,colombia,Colombia,Colombia,24.5,7,data,29.49,USD,3.5 GB per day for 7 days,esimdb.com,https://esimdb.com/colombia/gigsky,2026-10-04
gigsky,CO,colombia,Colombia,Colombia,20.0,90,data,38.99,USD,,esimdb.com,https://esimdb.com/colombia/gigsky,2026-10-04
gigsky,CO,colombia,Colombia,Colombia,52.5,15,data,46.99,USD,3.5 GB per day for 15 days,esimdb.com,https://esimdb.com/colombia/gigsky,2026-10-04
gigsky,CO,colombia,Colombia,Colombia,50.0,180,data,79.99,USD,,esimdb.com,https://esimdb.com/colombia/gigsky,2026-10-04
gigsky,CR,costa-rica,Costa Rica,Costa Rica,3.5,1,data,4.99,USD,,esimdb.com,https://esimdb.com/costa-rica/gigsky,2026-10-04
gigsky,CR,costa-rica,Costa Rica,Costa Rica,1.0,7,data,6.99,USD,,esimdb.com,https://esimdb.com/costa-rica/gigsky,2026-10-04
gigsky,CR,costa-rica,Costa Rica,Costa Rica,10.5,3,data,14.49,USD,3.5 GB per day for 3 days,esimdb.com,https://esimdb.com/costa-rica/gigsky,2026-10-04
gigsky,CR,costa-rica,Costa Rica,Costa Rica,3.0,15,data,16.49,USD,,esimdb.com,https://esimdb.com/costa-rica/gigsky,2026-10-04
gigsky,CR,costa-rica,Costa Rica,Costa Rica,5.0,30,data,21.99,USD,,esimdb.com,https://esimdb.com/costa-rica/gigsky,2026-10-04
gigsky,CR,costa-rica,Costa Rica,Costa Rica,24.5,7,data,26.49,USD,3.5 GB per day for 7 days,esimdb.com,https://esimdb.com/costa-rica/gigsky,2026-10-04
gigsky,CR,costa-rica,Costa Rica,Costa Rica,52.5,15,data,36.49,USD,3.5 GB per day for 15 days,esimdb.com,https://esimdb.com/costa-rica/gigsky,2026-10-04
gigsky,CR,costa-rica,Costa Rica,Costa Rica,10.0,30,data,39.99,USD,,esimdb.com,https://esimdb.com/costa-rica/gigsky,2026-10-04
gigsky,CZ,czechia,Czechia,Czech Republic,1.0,7,data,4.99,USD,,esimdb.com,https://esimdb.com/czechia/gigsky,2026-10-04
gigsky,CZ,czechia,Czechia,Czech Republic,3.0,15,data,9.99,USD,,esimdb.com,https://esimdb.com/czechia/gigsky,2026-10-04
gigsky,CZ,czechia,Czechia,Czech Republic,5.0,30,data,16.49,USD,,esimdb.com,https://esimdb.com/czechia/gigsky,2026-10-04
gigsky,CZ,czechia,Czechia,Czech Republic,10.0,30,data,26.49,USD,,esimdb.com,https://esimdb.com/czechia/gigsky,2026-10-04
gigsky,CZ,czechia,Czechia,Czech Republic,50.0,90,data,71.99,USD,,esimdb.com,https://esimdb.com/czechia/gigsky,2026-10-04
gigsky,CZ,czechia,Czechia,Czech Republic,100.0,180,data,107.99,USD,,esimdb.com,https://esimdb.com/czechia/gigsky,2026-10-04
gigsky,DE,germany,Germany,Germany,1.0,7,data,2.99,USD,,esimdb.com,https://esimdb.com/germany/gigsky,2026-10-04
gigsky,DE,germany,Germany,Germany,3.5,1,data,3.49,USD,,esimdb.com,https://esimdb.com/germany/gigsky,2026-10-04
gigsky,DE,germany,Germany,Germany,3.0,15,data,7.49,USD,,esimdb.com,https://esimdb.com/germany/gigsky,2026-10-04
gigsky,DE,germany,Germany,Germany,5.0,30,data,10.29,USD,,esimdb.com,https://esimdb.com/germany/gigsky,2026-10-04
gigsky,DE,germany,Germany,Germany,10.5,3,data,10.49,USD,3.5 GB per day for 3 days,esimdb.com,https://esimdb.com/germany/gigsky,2026-10-04
gigsky,DE,germany,Germany,Germany,10.0,30,data,14.29,USD,,esimdb.com,https://esimdb.com/germany/gigsky,2026-10-04
gigsky,DE,germany,Germany,Germany,20.0,90,data,20.99,USD,,esimdb.com,https://esimdb.com/germany/gigsky,2026-10-04
gigsky,DE,germany,Germany,Germany,24.5,7,data,24.49,USD,3.5 GB per day for 7 days,esimdb.com,https://esimdb.com/germany/gigsky,2026-10-04
gigsky,DE,germany,Germany,Germany,50.0,180,data,34.89,USD,,esimdb.com,https://esimdb.com/germany/gigsky,2026-10-04
gigsky,DE,germany,Germany,Germany,52.5,15,data,44.99,USD,3.5 GB per day for 15 days,esimdb.com,https://esimdb.com/germany/gigsky,2026-10-04
gigsky,EG,egypt,Egypt,Egypt,3.5,1,data,5.99,USD,,esimdb.com,https://esimdb.com/egypt/gigsky,2026-10-04
gigsky,EG,egypt,Egypt,Egypt,1.0,7,data,10.99,USD,,esimdb.com,https://esimdb.com/egypt/gigsky,2026-10-04
gigsky,EG,egypt,Egypt,Egypt,10.5,3,data,12.49,USD,3.5 GB per day for 3 days,esimdb.com,https://esimdb.com/egypt/gigsky,2026-10-04
gigsky,EG,egypt,Egypt,Egypt,24.5,7,data,24.99,USD,3.5 GB per day for 7 days,esimdb.com,https://esimdb.com/egypt/gigsky,2026-10-04
gigsky,EG,egypt,Egypt,Egypt,3.0,15,data,29.99,USD,,esimdb.com,https://esimdb.com/egypt/gigsky,2026-10-04
gigsky,EG,egypt,Egypt,Egypt,52.5,15,data,39.99,USD,3.5 GB per day for 15 days,esimdb.com,https://esimdb.com/egypt/gigsky,2026-10-04
gigsky,EG,egypt,Egypt,Egypt,5.0,30,data,49.49,USD,,esimdb.com,https://esimdb.com/egypt/gigsky,2026-10-04
gigsky,EG,egypt,Egypt,Egypt,10.0,30,data,89.99,USD,,esimdb.com,https://esimdb.com/egypt/gigsky,2026-10-04
gigsky,ES,spain,Spain,Spain,1.0,7,data,2.99,USD,,esimdb.com,https://esimdb.com/spain/gigsky,2026-10-04
gigsky,ES,spain,Spain,Spain,3.5,1,data,3.49,USD,,esimdb.com,https://esimdb.com/spain/gigsky,2026-10-04
gigsky,ES,spain,Spain,Spain,3.0,15,data,5.99,USD,,esimdb.com,https://esimdb.com/spain/gigsky,2026-10-04
gigsky,ES,spain,Spain,Spain,5.0,30,data,8.29,USD,,esimdb.com,https://esimdb.com/spain/gigsky,2026-10-04
gigsky,ES,spain,Spain,Spain,10.0,30,data,9.79,USD,,esimdb.com,https://esimdb.com/spain/gigsky,2026-10-04
gigsky,ES,spain,Spain,Spain,10.5,3,data,10.49,USD,3.5 GB per day for 3 days,esimdb.com,https://esimdb.com/spain/gigsky,2026-10-04
gigsky,ES,spain,Spain,Spain,20.0,90,data,16.99,USD,,esimdb.com,https://esimdb.com/spain/gigsky,2026-10-04
gigsky,ES,spain,Spain,Spain,24.5,7,data,24.49,USD,3.5 GB per day for 7 days,esimdb.com,https://esimdb.com/spain/gigsky,2026-10-04
gigsky,ES,spain,Spain,Spain,50.0,180,data,33.89,USD,,esimdb.com,https://esimdb.com/spain/gigsky,2026-10-04
gigsky,ES,spain,Spain,Spain,52.5,15,data,44.99,USD,3.5 GB per day for 15 days,esimdb.com,https://esimdb.com/spain/gigsky,2026-10-04
gigsky,FJ,fiji,Fiji,Asia Pacific,3.5,1,data,3.49,USD,,esimdb.com,https://esimdb.com/fiji/gigsky,2026-10-04
gigsky,FJ,fiji,Fiji,Asia Pacific,1.0,7,data,3.49,USD,,esimdb.com,https://esimdb.com/fiji/gigsky,2026-10-04
gigsky,FJ,fiji,Fiji,Cruise & Asia Pacific,3.0,1,data,4.99,USD,,esimdb.com,https://esimdb.com/fiji/gigsky,2026-10-04
gigsky,FJ,fiji,Fiji,Cruise & World,3.0,1,data,4.99,USD,,esimdb.com,https://esimdb.com/fiji/gigsky,2026-10-04
gigsky,FJ,fiji,Fiji,Fiji,1.0,7,data,4.99,USD,,esimdb.com,https://esimdb.com/fiji/gigsky,2026-10-04
gigsky,FJ,fiji,Fiji,Vanuatu,1.0,7,data,4.99,USD,,esimdb.com,https://esimdb.com/fiji/gigsky,2026-10-04
gigsky,FJ,fiji,Fiji,Cruise + Asia Pacific,3.0,1,data,6.99,USD,,esimdb.com,https://esimdb.com/fiji/gigsky,2026-10-04
gigsky,FJ,fiji,Fiji,Cruise + World,3.0,1,data,6.99,USD,,esimdb.com,https://esimdb.com/fiji/gigsky,2026-10-04
gigsky,FJ,fiji,Fiji,World Plan Lite,1.0,15,data,6.99,USD,,esimdb.com,https://esimdb.com/fiji/gigsky,2026-10-04
gigsky,FJ,fiji,Fiji,World Plan,1.0,7,data,7.99,USD,,esimdb.com,https://esimdb.com/fiji/gigsky,2026-10-04
gigsky,FJ,fiji,Fiji,Asia Pacific,3.0,15,data,8.99,USD,,esimdb.com,https://esimdb.com/fiji/gigsky,2026-10-04
gigsky,FJ,fiji,Fiji,World Plan Lite,2.0,15,data,9.99,USD,,esimdb.com,https://esimdb.com/fiji/gigsky,2026-10-04
gigsky,FJ,fiji,Fiji,Asia Pacific,10.5,3,data,10.49,USD,3.5 GB per day for 3 days,esimdb.com,https://esimdb.com/fiji/gigsky,2026-10-04
gigsky,FJ,fiji,Fiji,Cruise & Asia Pacific,0.48828125,1,data,10.99,USD,,esimdb.com,https://esimdb.com/fiji/gigsky,2026-10-04
gigsky,FJ,fiji,Fiji,Cruise & World,0.48828125,1,data,10.99,USD,,esimdb.com,https://esimdb.com/fiji/gigsky,2026-10-04
gigsky,FJ,fiji,Fiji,Vanuatu,3.0,15,data,11.99,USD,,esimdb.com,https://esimdb.com/fiji/gigsky,2026-10-04
gigsky,FJ,fiji,Fiji,Asia Pacific,5.0,30,data,12.99,USD,,esimdb.com,https://esimdb.com/fiji/gigsky,2026-10-04
gigsky,FJ,fiji,Fiji,Fiji,3.5,1,data,12.99,USD,,esimdb.com,https://esimdb.com/fiji/gigsky,2026-10-04
gigsky,FJ,fiji,Fiji,Fiji,3.0,15,data,13.99,USD,,esimdb.com,https://esimdb.com/fiji/gigsky,2026-10-04
gigsky,FJ,fiji,Fiji,Cruise & Asia Pacific,9.0,3,data,14.49,USD,3 GB per day for 3 days,esimdb.com,https://esimdb.com/fiji/gigsky,2026-10-04
gigsky,FJ,fiji,Fiji,Cruise & World,9.0,3,data,14.49,USD,3 GB per day for 3 days,esimdb.com,https://esimdb.com/fiji/gigsky,2026-10-04
gigsky,FJ,fiji,Fiji,World Plan Lite,3.0,15,data,16.99,USD,,esimdb.com,https://esimdb.com/fiji/gigsky,2026-10-04
gigsky,FJ,fiji,Fiji,Cruise + Asia Pacific,0.48828125,1,data,17.99,USD,,esimdb.com,https://esimdb.com/fiji/gigsky,2026-10-04
gigsky,FJ,fiji,Fiji,Cruise + World,0.48828125,1,data,17.99,USD,,esimdb.com,https://esimdb.com/fiji/gigsky,2026-10-04
gigsky,FJ,fiji,Fiji,World Plan,3.0,15,data,18.99,USD,,esimdb.com,https://esimdb.com/fiji/gigsky,2026-10-04
gigsky,FJ,fiji,Fiji,Fiji,5.0,30,data,19.99,USD,,esimdb.com,https://esimdb.com/fiji/gigsky,2026-10-04
gigsky,FJ,fiji,Fiji,Vanuatu,5.0,30,data,19.99,USD,,esimdb.com,https://esimdb.com/fiji/gigsky,2026-10-04
gigsky,FJ,fiji,Fiji,Cruise & Asia Pacific,1.0,7,data,19.99,USD,,esimdb.com,https://esimdb.com/fiji/gigsky,2026-10-04
gigsky,FJ,fiji,Fiji,Cruise & World,1.0,7,data,19.99,USD,,esimdb.com,https://esimdb.com/fiji/gigsky,2026-10-04
gigsky,FJ,fiji,Fiji,Cruise + World,0.244140625,1,data,19.99,USD,,esimdb.com,https://esimdb.com/fiji/gigsky,2026-10-04
gigsky,FJ,fiji,Fiji,Cruise + Asia Pacific,9.0,3,data,20.49,USD,3 GB per day for 3 days,esimdb.com,https://esimdb.com/fiji/gigsky,2026-10-04
gigsky,FJ,fiji,Fiji,Cruise + World,9.0,3,data,20.49,USD,3 GB per day for 3 days,esimdb.com,https://esimdb.com/fiji/gigsky,2026-10-04
gigsky,FJ,fiji,Fiji,Asia Pacific,10.0,30,data,22.99,USD,,esimdb.com,https://esimdb.com/fiji/gigsky,2026-10-04
gigsky,FJ,fiji,Fiji,Asia Pacific,24.5,7,data,24.49,USD,3.5 GB per day for 7 days,esimdb.com,https://esimdb.com/fiji/gigsky,2026-10-04
gigsky,FJ,fiji,Fiji,World Plan Lite,5.0,15,data,24.99,USD,,esimdb.com,https://esimdb.com/fiji/gigsky,2026-10-04
gigsky,FJ,fiji,Fiji,Fiji,10.5,3,data,27.49,USD,3.5 GB per day for 3 days,esimdb.com,https://esimdb.com/fiji/gigsky,2026-10-04
gigsky,FJ,fiji,Fiji,Cruise & Asia Pacific,21.0,7,data,31.99,USD,3 GB per day for 7 days,esimdb.com,https://esimdb.com/fiji/gigsky,2026-10-04
gigsky,FJ,fiji,Fiji,Cruise & World,21.0,7,data,31.99,USD,3 GB per day for 7 days,esimdb.com,https://esimdb.com/fiji/gigsky,2026-10-04
gigsky,FJ,fiji,Fiji,Fiji,10.0,30,data,32.99,USD,,esimdb.com,https://esimdb.com/fiji/gigsky,2026-10-04
gigsky,FJ,fiji,Fiji,Vanuatu,10.0,30,data,32.99,USD,,esimdb.com,https://esimdb.com/fiji/gigsky,2026-10-04
gigsky,FJ,fiji,Fiji,World Plan,5.0,30,data,32.99,USD,,esimdb.com,https://esimdb.com/fiji/gigsky,2026-10-04
gigsky,FJ,fiji,Fiji,Asia Pacific,20.0,60,data,36.99,USD,,esimdb.com,https://esimdb.com/fiji/gigsky,2026-10-04
gigsky,FJ,fiji,Fiji,Cruise & Asia Pacific,3.0,15,data,39.99,USD,,esimdb.com,https://esimdb.com/fiji/gigsky,2026-10-04
gigsky,FJ,fiji,Fiji,Cruise & World,3.0,15,data,39.99,USD,,esimdb.com,https://esimdb.com/fiji/gigsky,2026-10-04
gigsky,FJ,fiji,Fiji,Cruise + Asia Pacific,21.0,7,data,44.49,USD,3 GB per day for 7 days,esimdb.com,https://esimdb.com/fiji/gigsky,2026-10-04
gigsky,FJ,fiji,Fiji,Cruise + World,21.0,7,data,44.49,USD,3 GB per day for 7 days,esimdb.com,https://esimdb.com/fiji/gigsky,2026-10-04
gigsky,FJ,fiji,Fiji,Asia Pacific,52.5,15,data,44.99,USD,3.5 GB per day for 15 days,esimdb.com,https://esimdb.com/fiji/gigsky,2026-10-04
gigsky,FJ,fiji,Fiji,World Plan Lite,10.0,60,data,44.99,USD,,esimdb.com,https://esimdb.com/fiji/gigsky,2026-10-04
gigsky,FJ,fiji,Fiji,Asia Pacific,50.0,90,data,57.99,USD,,esimdb.com,https://esimdb.com/fiji/gigsky,2026-10-04
gigsky,FJ,fiji,Fiji,Cruise & Asia Pacific,45.0,15,data,59.49,USD,3 GB per day for 15 days,esimdb.com,https://esimdb.com/fiji/gigsky,2026-10-04
gigsky,FJ,fiji,Fiji,Cruise & World,45.0,15,data,59.49,USD,3 GB per day for 15 days,esimdb.com,https://esimdb.com/fiji/gigsky,2026-10-04
gigsky,FJ,fiji,Fiji,Fiji,24.5,7,data,60.49,USD,3.5 GB per day for 7 days,esimdb.com,https://esimdb.com/fiji/gigsky,2026-10-04
gigsky,FJ,fiji,Fiji,Cruise + Asia Pacific,3.0,15,data,62.99,USD,,esimdb.com,https://esimdb.com/fiji/gigsky,2026-10-04
gigsky,FJ,fiji,Fiji,Cruise + World,3.0,15,data,62.99,USD,,esimdb.com,https://esimdb.com/fiji/gigsky,2026-10-04
gigsky,FJ,fiji,Fiji,World Plan,10.0,60,data,64.99,USD,,esimdb.com,https://esimdb.com/fiji/gigsky,2026-10-04
gigsky,FJ,fiji,Fiji,Cruise & Asia Pacific,5.0,30,data,69.99,USD,,esimdb.com,https://esimdb.com/fiji/gigsky,2026-10-04
gigsky,FJ,fiji,Fiji,Cruise & World,5.0,30,data,69.99,USD,,esimdb.com,https://esimdb.com/fiji/gigsky,2026-10-04
gigsky,FJ,fiji,Fiji,World Plan Lite,20.0,180,data,79.99,USD,,esimdb.com,https://esimdb.com/fiji/gigsky,2026-10-04
gigsky,FJ,fiji,Fiji,Cruise + Asia Pacific,45.0,15,data,82.99,USD,3 GB per day for 15 days,esimdb.com,https://esimdb.com/fiji/gigsky,2026-10-04
gigsky,FJ,fiji,Fiji,Cruise + World,45.0,15,data,82.99,USD,3 GB per day for 15 days,esimdb.com,https://esimdb.com/fiji/gigsky,2026-10-04
gigsky,FJ,fiji,Fiji,World Plan,20.0,90,data,99.99,USD,,esimdb.com,https://esimdb.com/fiji/gigsky,2026-10-04
gigsky,FJ,fiji,Fiji,Cruise + Asia Pacific,5.0,30,data,99.99,USD,,esimdb.com,https://esimdb.com/fiji/gigsky,2026-10-04
gigsky,FJ,fiji,Fiji,Cruise + World,5.0,30,data,99.99,USD,,esimdb.com,https://esimdb.com/fiji/gigsky,2026-10-04
gigsky,FJ,fiji,Fiji,World Plan Lite,50.0,180,data,109.99,USD,,esimdb.com,https://esimdb.com/fiji/gigsky,2026-10-04
gigsky,FJ,fiji,Fiji,Fiji,52.5,15,data,110.99,USD,3.5 GB per day for 15 days,esimdb.com,https://esimdb.com/fiji/gigsky,2026-10-04
gigsky,FJ,fiji,Fiji,Cruise & Asia Pacific,10.0,30,data,119.99,USD,,esimdb.com,https://esimdb.com/fiji/gigsky,2026-10-04
gigsky,FJ,fiji,Fiji,Cruise & World,10.0,30,data,119.99,USD,,esimdb.com,https://esimdb.com/fiji/gigsky,2026-10-04
gigsky,FJ,fiji,Fiji,World Plan,50.0,180,data,169.99,USD,,esimdb.com,https://esimdb.com/fiji/gigsky,2026-10-04
gigsky,FJ,fiji,Fiji,Cruise + Asia Pacific,10.0,30,data,174.99,USD,,esimdb.com,https://esimdb.com/fiji/gigsky,2026-10-04
gigsky,FJ,fiji,Fiji,Cruise + World,10.0,30,data,174.99,USD,,esimdb.com,https://esimdb.com/fiji/gigsky,2026-10-04
gigsky,FJ,fiji,Fiji,World Plan Lite,100.0,180,data,179.99,USD,,esimdb.com,https://esimdb.com/fiji/gigsky,2026-10-04
gigsky,FR,france,France,France,1.0,7,data,2.99,USD,,esimdb.com,https://esimdb.com/france/gigsky,2026-10-04
gigsky,FR,france,France,France,3.5,1,data,3.49,USD,,esimdb.com,https://esimdb.com/france/gigsky,2026-10-04
gigsky,FR,france,France,France,3.0,15,data,6.49,USD,,esimdb.com,https://esimdb.com/france/gigsky,2026-10-04
gigsky,FR,france,France,France,5.0,30,data,10.29,USD,,esimdb.com,https://esimdb.com/france/gigsky,2026-10-04
gigsky,FR,france,France,France,10.5,3,data,10.49,USD,3.5 GB per day for 3 days,esimdb.com,https://esimdb.com/france/gigsky,2026-10-04
gigsky,FR,france,France,France,10.0,30,data,14.79,USD,,esimdb.com,https://esimdb.com/france/gigsky,2026-10-04
gigsky,FR,france,France,France,20.0,90,data,20.49,USD,,esimdb.com,https://esimdb.com/france/gigsky,2026-10-04
gigsky,FR,france,France,France,24.5,7,data,24.49,USD,3.5 GB per day for 7 days,esimdb.com,https://esimdb.com/france/gigsky,2026-10-04
gigsky,FR,france,France,France,50.0,180,data,34.39,USD,,esimdb.com,https://esimdb.com/france/gigsky,2026-10-04
gigsky,FR,france,France,France,52.5,15,data,44.99,USD,3.5 GB per day for 15 days,esimdb.com,https://esimdb.com/france/gigsky,2026-10-04
gigsky,GB,united-kingdom,United Kingdom,United Kingdom,1.0,7,data,2.99,USD,,esimdb.com,https://esimdb.com/uk/gigsky,2026-10-04
gigsky,GB,united-kingdom,United Kingdom,United Kingdom,3.5,1,data,3.49,USD,,esimdb.com,https://esimdb.com/uk/gigsky,2026-10-04
gigsky,GB,united-kingdom,United Kingdom,United Kingdom,3.0,15,data,5.99,USD,,esimdb.com,https://esimdb.com/uk/gigsky,2026-10-04
gigsky,GB,united-kingdom,United Kingdom,United Kingdom,10.5,3,data,7.49,USD,3.5 GB per day for 3 days,esimdb.com,https://esimdb.com/uk/gigsky,2026-10-04
gigsky,GB,united-kingdom,United Kingdom,United Kingdom,5.0,30,data,8.29,USD,,esimdb.com,https://esimdb.com/uk/gigsky,2026-10-04
gigsky,GB,united-kingdom,United Kingdom,United Kingdom,10.0,30,data,9.79,USD,,esimdb.com,https://esimdb.com/uk/gigsky,2026-10-04
gigsky,GB,united-kingdom,United Kingdom,United Kingdom,24.5,7,data,14.49,USD,3.5 GB per day for 7 days,esimdb.com,https://esimdb.com/uk/gigsky,2026-10-04
gigsky,GB,united-kingdom,United Kingdom,United Kingdom,20.0,90,data,16.99,USD,,esimdb.com,https://esimdb.com/uk/gigsky,2026-10-04
gigsky,GB,united-kingdom,United Kingdom,United Kingdom,52.5,15,data,23.49,USD,3.5 GB per day for 15 days,esimdb.com,https://esimdb.com/uk/gigsky,2026-10-04
gigsky,GB,united-kingdom,United Kingdom,United Kingdom,50.0,180,data,33.89,USD,,esimdb.com,https://esimdb.com/uk/gigsky,2026-10-04
gigsky,GE,georgia,Georgia,Georgia,1.0,15,data,11.49,USD,,esimdb.com,https://esimdb.com/georgia/gigsky,2026-10-04
gigsky,GE,georgia,Georgia,Georgia,3.0,30,data,24.99,USD,,esimdb.com,https://esimdb.com/georgia/gigsky,2026-10-04
gigsky,GE,georgia,Georgia,Georgia,5.0,30,data,45.99,USD,,esimdb.com,https://esimdb.com/georgia/gigsky,2026-10-04
gigsky,GE,georgia,Georgia,Georgia,10.0,30,data,65.99,USD,,esimdb.com,https://esimdb.com/georgia/gigsky,2026-10-04
gigsky,GR,greece,Greece,Greece,1.0,7,data,2.99,USD,,esimdb.com,https://esimdb.com/greece/gigsky,2026-10-04
gigsky,GR,greece,Greece,Greece,3.5,1,data,3.49,USD,,esimdb.com,https://esimdb.com/greece/gigsky,2026-10-04
gigsky,GR,greece,Greece,Greece,3.0,15,data,8.49,USD,,esimdb.com,https://esimdb.com/greece/gigsky,2026-10-04
gigsky,GR,greece,Greece,Greece,10.5,3,data,10.49,USD,3.5 GB per day for 3 days,esimdb.com,https://esimdb.com/greece/gigsky,2026-10-04
gigsky,GR,greece,Greece,Greece,5.0,30,data,10.79,USD,,esimdb.com,https://esimdb.com/greece/gigsky,2026-10-04
gigsky,GR,greece,Greece,Greece,10.0,30,data,18.29,USD,,esimdb.com,https://esimdb.com/greece/gigsky,2026-10-04
gigsky,GR,greece,Greece,Greece,24.5,7,data,24.49,USD,3.5 GB per day for 7 days,esimdb.com,https://esimdb.com/greece/gigsky,2026-10-04
gigsky,GR,greece,Greece,Greece,20.0,90,data,35.49,USD,,esimdb.com,https://esimdb.com/greece/gigsky,2026-10-04
gigsky,GR,greece,Greece,Greece,50.0,180,data,40.89,USD,,esimdb.com,https://esimdb.com/greece/gigsky,2026-10-04
gigsky,GR,greece,Greece,Greece,52.5,15,data,44.99,USD,3.5 GB per day for 15 days,esimdb.com,https://esimdb.com/greece/gigsky,2026-10-04
gigsky,HK,hong-kong,Hong Kong,Hong Kong,1.0,7,data,2.99,USD,,esimdb.com,https://esimdb.com/hong-kong/gigsky,2026-10-04
gigsky,HK,hong-kong,Hong Kong,Hong Kong,3.5,1,data,3.99,USD,,esimdb.com,https://esimdb.com/hong-kong/gigsky,2026-10-04
gigsky,HK,hong-kong,Hong Kong,Hong Kong,3.0,15,data,6.49,USD,,esimdb.com,https://esimdb.com/hong-kong/gigsky,2026-10-04
gigsky,HK,hong-kong,Hong Kong,Hong Kong,10.5,3,data,8.49,USD,3.5 GB per day for 3 days,esimdb.com,https://esimdb.com/hong-kong/gigsky,2026-10-04
gigsky,HK,hong-kong,Hong Kong,Hong Kong,5.0,30,data,8.99,USD,,esimdb.com,https://esimdb.com/hong-kong/gigsky,2026-10-04
gigsky,HK,hong-kong,Hong Kong,Hong Kong,10.0,30,data,14.49,USD,,esimdb.com,https://esimdb.com/hong-kong/gigsky,2026-10-04
gigsky,HK,hong-kong,Hong Kong,Hong Kong,24.5,7,data,18.49,USD,3.5 GB per day for 7 days,esimdb.com,https://esimdb.com/hong-kong/gigsky,2026-10-04
gigsky,HK,hong-kong,Hong Kong,Hong Kong,52.5,15,data,33.99,USD,3.5 GB per day for 15 days,esimdb.com,https://esimdb.com/hong-kong/gigsky,2026-10-04
gigsky,HR,croatia,Croatia,Croatia,1.0,7,data,2.99,USD,,esimdb.com,https://esimdb.com/croatia/gigsky,2026-10-04
gigsky,HR,croatia,Croatia,Croatia,3.5,1,data,3.49,USD,,esimdb.com,https://esimdb.com/croatia/gigsky,2026-10-04
gigsky,HR,croatia,Croatia,Croatia,3.0,15,data,6.99,USD,,esimdb.com,https://esimdb.com/croatia/gigsky,2026-10-04
gigsky,HR,croatia,Croatia,Croatia,5.0,30,data,9.29,USD,,esimdb.com,https://esimdb.com/croatia/gigsky,2026-10-04
gigsky,HR,croatia,Croatia,Croatia,10.5,3,data,10.49,USD,3.5 GB per day for 3 days,esimdb.com,https://esimdb.com/croatia/gigsky,2026-10-04
gigsky,HR,croatia,Croatia,Croatia,10.0,30,data,14.79,USD,,esimdb.com,https://esimdb.com/croatia/gigsky,2026-10-04
gigsky,HR,croatia,Croatia,Croatia,20.0,90,data,23.49,USD,,esimdb.com,https://esimdb.com/croatia/gigsky,2026-10-04
gigsky,HR,croatia,Croatia,Croatia,24.5,7,data,24.49,USD,3.5 GB per day for 7 days,esimdb.com,https://esimdb.com/croatia/gigsky,2026-10-04
gigsky,HR,croatia,Croatia,Croatia,50.0,180,data,33.89,USD,,esimdb.com,https://esimdb.com/croatia/gigsky,2026-10-04
gigsky,HR,croatia,Croatia,Croatia,52.5,15,data,44.99,USD,3.5 GB per day for 15 days,esimdb.com,https://esimdb.com/croatia/gigsky,2026-10-04
gigsky,ID,indonesia,Indonesia,Indonesia,3.5,1,data,3.49,USD,,esimdb.com,https://esimdb.com/indonesia/gigsky,2026-10-04
gigsky,ID,indonesia,Indonesia,Indonesia,1.0,7,data,3.49,USD,,esimdb.com,https://esimdb.com/indonesia/gigsky,2026-10-04
gigsky,ID,indonesia,Indonesia,Indonesia,3.0,15,data,7.99,USD,,esimdb.com,https://esimdb.com/indonesia/gigsky,2026-10-04
gigsky,ID,indonesia,Indonesia,Indonesia,10.5,3,data,10.49,USD,3.5 GB per day for 3 days,esimdb.com,https://esimdb.com/indonesia/gigsky,2026-10-04
gigsky,ID,indonesia,Indonesia,Indonesia,5.0,30,data,12.79,USD,,esimdb.com,https://esimdb.com/indonesia/gigsky,2026-10-04
gigsky,ID,indonesia,Indonesia,Indonesia,10.0,30,data,19.79,USD,,esimdb.com,https://esimdb.com/indonesia/gigsky,2026-10-04
gigsky,ID,indonesia,Indonesia,Indonesia,24.5,7,data,24.49,USD,3.5 GB per day for 7 days,esimdb.com,https://esimdb.com/indonesia/gigsky,2026-10-04
gigsky,ID,indonesia,Indonesia,Indonesia,52.5,15,data,44.99,USD,3.5 GB per day for 15 days,esimdb.com,https://esimdb.com/indonesia/gigsky,2026-10-04
gigsky,IE,ireland,Ireland,Ireland,1.0,7,data,2.99,USD,,esimdb.com,https://esimdb.com/ireland/gigsky,2026-10-04
gigsky,IE,ireland,Ireland,Ireland,3.5,1,data,3.49,USD,,esimdb.com,https://esimdb.com/ireland/gigsky,2026-10-04
gigsky,IE,ireland,Ireland,Ireland,3.0,15,data,6.99,USD,,esimdb.com,https://esimdb.com/ireland/gigsky,2026-10-04
gigsky,IE,ireland,Ireland,Ireland,5.0,30,data,10.29,USD,,esimdb.com,https://esimdb.com/ireland/gigsky,2026-10-04
gigsky,IE,ireland,Ireland,Ireland,10.5,3,data,10.49,USD,3.5 GB per day for 3 days,esimdb.com,https://esimdb.com/ireland/gigsky,2026-10-04
gigsky,IE,ireland,Ireland,Ireland,10.0,30,data,16.79,USD,,esimdb.com,https://esimdb.com/ireland/gigsky,2026-10-04
gigsky,IE,ireland,Ireland,Ireland,20.0,90,data,23.99,USD,,esimdb.com,https://esimdb.com/ireland/gigsky,2026-10-04
gigsky,IE,ireland,Ireland,Ireland,24.5,7,data,24.49,USD,3.5 GB per day for 7 days,esimdb.com,https://esimdb.com/ireland/gigsky,2026-10-04
gigsky,IE,ireland,Ireland,Ireland,50.0,180,data,40.89,USD,,esimdb.com,https://esimdb.com/ireland/gigsky,2026-10-04
gigsky,IE,ireland,Ireland,Ireland,52.5,15,data,44.99,USD,3.5 GB per day for 15 days,esimdb.com,https://esimdb.com/ireland/gigsky,2026-10-04
gigsky,IL,israel,Israel,Israel,3.5,1,data,4.99,USD,,esimdb.com,https://esimdb.com/israel/gigsky,2026-10-04
gigsky,IL,israel,Israel,Cruise & Middle East,3.0,1,data,4.99,USD,,esimdb.com,https://esimdb.com/israel/gigsky,2026-10-04
gigsky,IL,israel,Israel,Cruise & World,3.0,1,data,4.99,USD,,esimdb.com,https://esimdb.com/israel/gigsky,2026-10-04
gigsky,IL,israel,Israel,Israel,1.0,7,data,4.99,USD,,esimdb.com,https://esimdb.com/israel/gigsky,2026-10-04
gigsky,IL,israel,Israel,Palestine,1.0,7,data,5.99,USD,,esimdb.com,https://esimdb.com/israel/gigsky,2026-10-04
gigsky,IL,israel,Israel,Middle East,1.0,7,data,5.99,USD,,esimdb.com,https://esimdb.com/israel/gigsky,2026-10-04
gigsky,IL,israel,Israel,Palestine,3.5,1,data,6.99,USD,,esimdb.com,https://esimdb.com/israel/gigsky,2026-10-04
gigsky,IL,israel,Israel,Cruise + World,3.0,1,data,6.99,USD,,esimdb.com,https://esimdb.com/israel/gigsky,2026-10-04
gigsky,IL,israel,Israel,Cruise + Middle East,3.0,1,data,6.99,USD,,esimdb.com,https://esimdb.com/israel/gigsky,2026-10-04
gigsky,IL,israel,Israel,World Plan Lite,1.0,15,data,6.99,USD,,esimdb.com,https://esimdb.com/israel/gigsky,2026-10-04
gigsky,IL,israel,Israel,World Plan,1.0,7,data,7.99,USD,,esimdb.com,https://esimdb.com/israel/gigsky,2026-10-04
gigsky,IL,israel,Israel,World Plan Lite,2.0,15,data,9.99,USD,,esimdb.com,https://esimdb.com/israel/gigsky,2026-10-04
gigsky,IL,israel,Israel,Israel,10.5,3,data,10.49,USD,3.5 GB per day for 3 days,esimdb.com,https://esimdb.com/israel/gigsky,2026-10-04
gigsky,IL,israel,Israel,Cruise & Middle East,0.48828125,1,data,10.99,USD,,esimdb.com,https://esimdb.com/israel/gigsky,2026-10-04
gigsky,IL,israel,Israel,Cruise & World,0.48828125,1,data,10.99,USD,,esimdb.com,https://esimdb.com/israel/gigsky,2026-10-04
gigsky,IL,israel,Israel,Israel,3.0,15,data,12.99,USD,,esimdb.com,https://esimdb.com/israel/gigsky,2026-10-04
gigsky,IL,israel,Israel,Cruise & Middle East,9.0,3,data,14.49,USD,3 GB per day for 3 days,esimdb.com,https://esimdb.com/israel/gigsky,2026-10-04
gigsky,IL,israel,Israel,Cruise & World,9.0,3,data,14.49,USD,3 GB per day for 3 days,esimdb.com,https://esimdb.com/israel/gigsky,2026-10-04
gigsky,IL,israel,Israel,Middle East,5.0,30,data,14.49,USD,,esimdb.com,https://esimdb.com/israel/gigsky,2026-10-04
gigsky,IL,israel,Israel,Palestine,10.5,3,data,14.99,USD,3.5 GB per day for 3 days,esimdb.com,https://esimdb.com/israel/gigsky,2026-10-04
gigsky,IL,israel,Israel,Palestine,3.0,15,data,15.49,USD,,esimdb.com,https://esimdb.com/israel/gigsky,2026-10-04
gigsky,IL,israel,Israel,World Plan Lite,3.0,15,data,16.99,USD,,esimdb.com,https://esimdb.com/israel/gigsky,2026-10-04
gigsky,IL,israel,Israel,Cruise + Middle East,0.48828125,1,data,17.99,USD,,esimdb.com,https://esimdb.com/israel/gigsky,2026-10-04
gigsky,IL,israel,Israel,Cruise + World,0.48828125,1,data,17.99,USD,,esimdb.com,https://esimdb.com/israel/gigsky,2026-10-04
gigsky,IL,israel,Israel,World Plan,3.0,15,data,18.99,USD,,esimdb.com,https://esimdb.com/israel/gigsky,2026-10-04
gigsky,IL,israel,Israel,Middle East,3.0,15,data,19.99,USD,,esimdb.com,https://esimdb.com/israel/gigsky,2026-10-04
gigsky,IL,israel,Israel,Cruise & Middle East,1.0,7,data,19.99,USD,,esimdb.com,https://esimdb.com/israel/gigsky,2026-10-04
gigsky,IL,israel,Israel,Cruise & World,1.0,7,data,19.99,USD,,esimdb.com,https://esimdb.com/israel/gigsky,2026-10-04
gigsky,IL,israel,Israel,Cruise + World,0.244140625,1,data,19.99,USD,,esimdb.com,https://esimdb.com/israel/gigsky,2026-10-04
gigsky,IL,israel,Israel,Cruise + World,9.0,3,data,20.49,USD,3 GB per day for 3 days,esimdb.com,https://esimdb.com/israel/gigsky,2026-10-04
gigsky,IL,israel,Israel,Cruise + Middle East,9.0,3,data,20.49,USD,3 GB per day for 3 days,esimdb.com,https://esimdb.com/israel/gigsky,2026-10-04
gigsky,IL,israel,Israel,Israel,5.0,30,data,20.99,USD,,esimdb.com,https://esimdb.com/israel/gigsky,2026-10-04
gigsky,IL,israel,Israel,Israel,24.5,7,data,23.49,USD,3.5 GB per day for 7 days,esimdb.com,https://esimdb.com/israel/gigsky,2026-10-04
gigsky,IL,israel,Israel,Middle East,10.0,30,data,23.99,USD,,esimdb.com,https://esimdb.com/israel/gigsky,2026-10-04
gigsky,IL,israel,Israel,World Plan Lite,5.0,15,data,24.99,USD,,esimdb.com,https://esimdb.com/israel/gigsky,2026-10-04
gigsky,IL,israel,Israel,Palestine,5.0,30,data,25.49,USD,,esimdb.com,https://esimdb.com/israel/gigsky,2026-10-04
gigsky,IL,israel,Israel,Palestine,24.5,7,data,31.49,USD,3.5 GB per day for 7 days,esimdb.com,https://esimdb.com/israel/gigsky,2026-10-04
gigsky,IL,israel,Israel,Cruise & Middle East,21.0,7,data,31.99,USD,3 GB per day for 7 days,esimdb.com,https://esimdb.com/israel/gigsky,2026-10-04
gigsky,IL,israel,Israel,Cruise & World,21.0,7,data,31.99,USD,3 GB per day for 7 days,esimdb.com,https://esimdb.com/israel/gigsky,2026-10-04
gigsky,IL,israel,Israel,World Plan,5.0,30,data,32.99,USD,,esimdb.com,https://esimdb.com/israel/gigsky,2026-10-04
gigsky,IL,israel,Israel,Israel,10.0,30,data,36.49,USD,,esimdb.com,https://esimdb.com/israel/gigsky,2026-10-04
gigsky,IL,israel,Israel,Cruise & Middle East,3.0,15,data,39.99,USD,,esimdb.com,https://esimdb.com/israel/gigsky,2026-10-04
gigsky,IL,israel,Israel,Cruise & World,3.0,15,data,39.99,USD,,esimdb.com,https://esimdb.com/israel/gigsky,2026-10-04
gigsky,IL,israel,Israel,Middle East,20.0,30,data,41.99,USD,,esimdb.com,https://esimdb.com/israel/gigsky,2026-10-04
gigsky,IL,israel,Israel,Israel,52.5,15,data,42.49,USD,3.5 GB per day for 15 days,esimdb.com,https://esimdb.com/israel/gigsky,2026-10-04
gigsky,IL,israel,Israel,Cruise + World,21.0,7,data,44.49,USD,3 GB per day for 7 days,esimdb.com,https://esimdb.com/israel/gigsky,2026-10-04
gigsky,IL,israel,Israel,Cruise + Middle East,21.0,7,data,44.49,USD,3 GB per day for 7 days,esimdb.com,https://esimdb.com/israel/gigsky,2026-10-04
gigsky,IL,israel,Israel,World Plan Lite,10.0,60,data,44.99,USD,,esimdb.com,https://esimdb.com/israel/gigsky,2026-10-04
gigsky,IL,israel,Israel,Palestine,10.0,30,data,47.49,USD,,esimdb.com,https://esimdb.com/israel/gigsky,2026-10-04
gigsky,IL,israel,Israel,Palestine,52.5,15,data,55.99,USD,3.5 GB per day for 15 days,esimdb.com,https://esimdb.com/israel/gigsky,2026-10-04
gigsky,IL,israel,Israel,Cruise & Middle East,45.0,15,data,59.49,USD,3 GB per day for 15 days,esimdb.com,https://esimdb.com/israel/gigsky,2026-10-04
gigsky,IL,israel,Israel,Cruise & World,45.0,15,data,59.49,USD,3 GB per day for 15 days,esimdb.com,https://esimdb.com/israel/gigsky,2026-10-04
gigsky,IL,israel,Israel,Cruise + Middle East,3.0,15,data,62.99,USD,,esimdb.com,https://esimdb.com/israel/gigsky,2026-10-04
gigsky,IL,israel,Israel,Cruise + World,3.0,15,data,62.99,USD,,esimdb.com,https://esimdb.com/israel/gigsky,2026-10-04
gigsky,IL,israel,Israel,World Plan,10.0,60,data,64.99,USD,,esimdb.com,https://esimdb.com/israel/gigsky,2026-10-04
gigsky,IL,israel,Israel,Cruise & Middle East,5.0,30,data,69.99,USD,,esimdb.com,https://esimdb.com/israel/gigsky,2026-10-04
gigsky,IL,israel,Israel,Cruise & World,5.0,30,data,69.99,USD,,esimdb.com,https://esimdb.com/israel/gigsky,2026-10-04
gigsky,IL,israel,Israel,World Plan Lite,20.0,180,data,79.99,USD,,esimdb.com,https://esimdb.com/israel/gigsky,2026-10-04
gigsky,IL,israel,Israel,Cruise + World,45.0,15,data,82.99,USD,3 GB per day for 15 days,esimdb.com,https://esimdb.com/israel/gigsky,2026-10-04
gigsky,IL,israel,Israel,Cruise + Middle East,45.0,15,data,82.99,USD,3 GB per day for 15 days,esimdb.com,https://esimdb.com/israel/gigsky,2026-10-04
gigsky,IL,israel,Israel,World Plan,20.0,90,data,99.99,USD,,esimdb.com,https://esimdb.com/israel/gigsky,2026-10-04
gigsky,IL,israel,Israel,Cruise + Middle East,5.0,30,data,99.99,USD,,esimdb.com,https://esimdb.com/israel/gigsky,2026-10-04
gigsky,IL,israel,Israel,Cruise + World,5.0,30,data,99.99,USD,,esimdb.com,https://esimdb.com/israel/gigsky,2026-10-04
gigsky,IL,israel,Israel,World Plan Lite,50.0,180,data,109.99,USD,,esimdb.com,https://esimdb.com/israel/gigsky,2026-10-04
gigsky,IL,israel,Israel,Cruise & Middle East,10.0,30,data,119.99,USD,,esimdb.com,https://esimdb.com/israel/gigsky,2026-10-04
gigsky,IL,israel,Israel,Cruise & World,10.0,30,data,119.99,USD,,esimdb.com,https://esimdb.com/israel/gigsky,2026-10-04
gigsky,IL,israel,Israel,World Plan,50.0,180,data,169.99,USD,,esimdb.com,https://esimdb.com/israel/gigsky,2026-10-04
gigsky,IL,israel,Israel,Cruise + Middle East,10.0,30,data,174.99,USD,,esimdb.com,https://esimdb.com/israel/gigsky,2026-10-04
gigsky,IL,israel,Israel,Cruise + World,10.0,30,data,174.99,USD,,esimdb.com,https://esimdb.com/israel/gigsky,2026-10-04
gigsky,IL,israel,Israel,World Plan Lite,100.0,180,data,179.99,USD,,esimdb.com,https://esimdb.com/israel/gigsky,2026-10-04
gigsky,IN,india,India,India,1.0,7,data,2.99,USD,,esimdb.com,https://esimdb.com/india/gigsky,2026-10-04
gigsky,IN,india,India,India,3.5,1,data,6.99,USD,,esimdb.com,https://esimdb.com/india/gigsky,2026-10-04
gigsky,IN,india,India,India,3.0,15,data,8.99,USD,,esimdb.com,https://esimdb.com/india/gigsky,2026-10-04
gigsky,IN,india,India,India,5.0,30,data,13.29,USD,,esimdb.com,https://esimdb.com/india/gigsky,2026-10-04
gigsky,IN,india,India,India,10.5,3,data,14.49,USD,3.5 GB per day for 3 days,esimdb.com,https://esimdb.com/india/gigsky,2026-10-04
gigsky,IN,india,India,India,10.0,30,data,22.79,USD,,esimdb.com,https://esimdb.com/india/gigsky,2026-10-04
gigsky,IN,india,India,India,24.5,7,data,28.99,USD,3.5 GB per day for 7 days,esimdb.com,https://esimdb.com/india/gigsky,2026-10-04
gigsky,IN,india,India,India,52.5,15,data,46.49,USD,3.5 GB per day for 15 days,esimdb.com,https://esimdb.com/india/gigsky,2026-10-04
gigsky,IS,iceland,Iceland,Iceland,1.0,7,data,2.99,USD,,esimdb.com,https://esimdb.com/iceland/gigsky,2026-10-04
gigsky,IS,iceland,Iceland,Iceland,3.5,1,data,3.49,USD,,esimdb.com,https://esimdb.com/iceland/gigsky,2026-10-04
gigsky,IS,iceland,Iceland,Iceland,3.0,15,data,7.49,USD,,esimdb.com,https://esimdb.com/iceland/gigsky,2026-10-04
gigsky,IS,iceland,Iceland,Iceland,5.0,30,data,10.29,USD,,esimdb.com,https://esimdb.com/iceland/gigsky,2026-10-04
gigsky,IS,iceland,Iceland,Iceland,10.5,3,data,10.49,USD,3.5 GB per day for 3 days,esimdb.com,https://esimdb.com/iceland/gigsky,2026-10-04
gigsky,IS,iceland,Iceland,Iceland,10.0,30,data,17.29,USD,,esimdb.com,https://esimdb.com/iceland/gigsky,2026-10-04
gigsky,IS,iceland,Iceland,Iceland,24.5,7,data,24.49,USD,3.5 GB per day for 7 days,esimdb.com,https://esimdb.com/iceland/gigsky,2026-10-04
gigsky,IS,iceland,Iceland,Iceland,20.0,90,data,28.49,USD,,esimdb.com,https://esimdb.com/iceland/gigsky,2026-10-04
gigsky,IS,iceland,Iceland,Iceland,52.5,15,data,44.99,USD,3.5 GB per day for 15 days,esimdb.com,https://esimdb.com/iceland/gigsky,2026-10-04
gigsky,IS,iceland,Iceland,Iceland,50.0,180,data,47.89,USD,,esimdb.com,https://esimdb.com/iceland/gigsky,2026-10-04
gigsky,IT,italy,Italy,Italy,1.0,7,data,2.99,USD,,esimdb.com,https://esimdb.com/italy/gigsky,2026-10-04
gigsky,IT,italy,Italy,Italy,3.5,1,data,3.49,USD,,esimdb.com,https://esimdb.com/italy/gigsky,2026-10-04
gigsky,IT,italy,Italy,Italy,3.0,15,data,6.99,USD,,esimdb.com,https://esimdb.com/italy/gigsky,2026-10-04
gigsky,IT,italy,Italy,Italy,10.5,3,data,10.49,USD,3.5 GB per day for 3 days,esimdb.com,https://esimdb.com/italy/gigsky,2026-10-04
gigsky,IT,italy,Italy,Italy,5.0,30,data,11.29,USD,,esimdb.com,https://esimdb.com/italy/gigsky,2026-10-04
gigsky,IT,italy,Italy,Italy,10.0,30,data,17.79,USD,,esimdb.com,https://esimdb.com/italy/gigsky,2026-10-04
gigsky,IT,italy,Italy,Italy,20.0,90,data,23.99,USD,,esimdb.com,https://esimdb.com/italy/gigsky,2026-10-04
gigsky,IT,italy,Italy,Italy,24.5,7,data,24.49,USD,3.5 GB per day for 7 days,esimdb.com,https://esimdb.com/italy/gigsky,2026-10-04
gigsky,IT,italy,Italy,Italy,50.0,180,data,33.89,USD,,esimdb.com,https://esimdb.com/italy/gigsky,2026-10-04
gigsky,IT,italy,Italy,Italy,52.5,15,data,44.99,USD,3.5 GB per day for 15 days,esimdb.com,https://esimdb.com/italy/gigsky,2026-10-04
gigsky,JP,japan,Japan,Japan,1.0,7,data,2.99,USD,,esimdb.com,https://esimdb.com/japan/gigsky,2026-10-04
gigsky,JP,japan,Japan,Japan,3.5,1,data,3.49,USD,,esimdb.com,https://esimdb.com/japan/gigsky,2026-10-04
gigsky,JP,japan,Japan,Japan,3.0,15,data,7.49,USD,,esimdb.com,https://esimdb.com/japan/gigsky,2026-10-04
gigsky,JP,japan,Japan,Japan,5.0,30,data,10.29,USD,,esimdb.com,https://esimdb.com/japan/gigsky,2026-10-04
gigsky,JP,japan,Japan,Japan,10.5,3,data,10.49,USD,3.5 GB per day for 3 days,esimdb.com,https://esimdb.com/japan/gigsky,2026-10-04
gigsky,JP,japan,Japan,Japan,10.0,30,data,16.79,USD,,esimdb.com,https://esimdb.com/japan/gigsky,2026-10-04
gigsky,JP,japan,Japan,Japan,24.5,7,data,24.49,USD,3.5 GB per day for 7 days,esimdb.com,https://esimdb.com/japan/gigsky,2026-10-04
gigsky,JP,japan,Japan,Japan,52.5,15,data,44.99,USD,3.5 GB per day for 15 days,esimdb.com,https://esimdb.com/japan/gigsky,2026-10-04
gigsky,KE,kenya,Kenya,Kenya,1.0,7,data,5.99,USD,,esimdb.com,https://esimdb.com/kenya/gigsky,2026-10-04
gigsky,KE,kenya,Kenya,Kenya,3.5,1,data,10.99,USD,,esimdb.com,https://esimdb.com/kenya/gigsky,2026-10-04
gigsky,KE,kenya,Kenya,Kenya,3.0,15,data,14.99,USD,,esimdb.com,https://esimdb.com/kenya/gigsky,2026-10-04
gigsky,KE,kenya,Kenya,Kenya,10.5,3,data,22.99,USD,3.5 GB per day for 3 days,esimdb.com,https://esimdb.com/kenya/gigsky,2026-10-04
gigsky,KE,kenya,Kenya,Kenya,5.0,30,data,23.99,USD,,esimdb.com,https://esimdb.com/kenya/gigsky,2026-10-04
gigsky,KE,kenya,Kenya,Kenya,10.0,30,data,42.99,USD,,esimdb.com,https://esimdb.com/kenya/gigsky,2026-10-04
gigsky,KE,kenya,Kenya,Kenya,24.5,7,data,45.49,USD,3.5 GB per day for 7 days,esimdb.com,https://esimdb.com/kenya/gigsky,2026-10-04
gigsky,KE,kenya,Kenya,Kenya,52.5,15,data,73.49,USD,3.5 GB per day for 15 days,esimdb.com,https://esimdb.com/kenya/gigsky,2026-10-04
gigsky,KR,south-korea,South Korea,South Korea,1.0,7,data,2.99,USD,,esimdb.com,https://esimdb.com/south-korea/gigsky,2026-10-04
gigsky,KR,south-korea,South Korea,South Korea,3.5,1,data,3.49,USD,,esimdb.com,https://esimdb.com/south-korea/gigsky,2026-10-04
gigsky,KR,south-korea,South Korea,South Korea,10.5,3,data,7.49,USD,3.5 GB per day for 3 days,esimdb.com,https://esimdb.com/south-korea/gigsky,2026-10-04
gigsky,KR,south-korea,South Korea,South Korea,3.0,15,data,8.49,USD,,esimdb.com,https://esimdb.com/south-korea/gigsky,2026-10-04
gigsky,KR,south-korea,South Korea,South Korea,5.0,30,data,10.29,USD,,esimdb.com,https://esimdb.com/south-korea/gigsky,2026-10-04
gigsky,KR,south-korea,South Korea,South Korea,24.5,7,data,16.49,USD,3.5 GB per day for 7 days,esimdb.com,https://esimdb.com/south-korea/gigsky,2026-10-04
gigsky,KR,south-korea,South Korea,South Korea,10.0,30,data,17.79,USD,,esimdb.com,https://esimdb.com/south-korea/gigsky,2026-10-04
gigsky,KR,south-korea,South Korea,South Korea,52.5,15,data,29.99,USD,3.5 GB per day for 15 days,esimdb.com,https://esimdb.com/south-korea/gigsky,2026-10-04
gigsky,MA,morocco,Morocco,Morocco,3.5,1,data,7.99,USD,,esimdb.com,https://esimdb.com/morocco/gigsky,2026-10-04
gigsky,MA,morocco,Morocco,Morocco,0.48828125,7,data,11.49,USD,,esimdb.com,https://esimdb.com/morocco/gigsky,2026-10-04
gigsky,MA,morocco,Morocco,Morocco,0.48828125,7,data,13.99,USD,,esimdb.com,https://esimdb.com/morocco/gigsky,2026-10-04
gigsky,MA,morocco,Morocco,Morocco,10.5,3,data,16.99,USD,3.5 GB per day for 3 days,esimdb.com,https://esimdb.com/morocco/gigsky,2026-10-04
gigsky,MA,morocco,Morocco,Morocco,1.0,15,data,17.49,USD,,esimdb.com,https://esimdb.com/morocco/gigsky,2026-10-04
gigsky,MA,morocco,Morocco,Morocco,2.0,30,data,29.99,USD,,esimdb.com,https://esimdb.com/morocco/gigsky,2026-10-04
gigsky,MA,morocco,Morocco,Morocco,24.5,7,data,36.99,USD,3.5 GB per day for 7 days,esimdb.com,https://esimdb.com/morocco/gigsky,2026-10-04
gigsky,MA,morocco,Morocco,Morocco,3.0,15,data,39.99,USD,,esimdb.com,https://esimdb.com/morocco/gigsky,2026-10-04
gigsky,MA,morocco,Morocco,Morocco,52.5,15,data,68.49,USD,3.5 GB per day for 15 days,esimdb.com,https://esimdb.com/morocco/gigsky,2026-10-04
gigsky,MA,morocco,Morocco,Morocco,10.0,30,data,138.99,USD,,esimdb.com,https://esimdb.com/morocco/gigsky,2026-10-04
gigsky,MO,macao,Macao,Macau,1.0,7,data,4.99,USD,,esimdb.com,https://esimdb.com/macau/gigsky,2026-10-04
gigsky,MO,macao,Macao,Macau,3.5,1,data,7.99,USD,,esimdb.com,https://esimdb.com/macau/gigsky,2026-10-04
gigsky,MO,macao,Macao,Macau,3.0,15,data,11.99,USD,,esimdb.com,https://esimdb.com/macau/gigsky,2026-10-04
gigsky,MO,macao,Macao,Macau,5.0,30,data,19.99,USD,,esimdb.com,https://esimdb.com/macau/gigsky,2026-10-04
gigsky,MO,macao,Macao,Macau,10.5,3,data,24.49,USD,3.5 GB per day for 3 days,esimdb.com,https://esimdb.com/macau/gigsky,2026-10-04
gigsky,MO,macao,Macao,Macau,10.0,30,data,32.99,USD,,esimdb.com,https://esimdb.com/macau/gigsky,2026-10-04
gigsky,MO,macao,Macao,Macau,24.5,7,data,56.49,USD,3.5 GB per day for 7 days,esimdb.com,https://esimdb.com/macau/gigsky,2026-10-04
gigsky,MO,macao,Macao,Macau,52.5,15,data,103.49,USD,3.5 GB per day for 15 days,esimdb.com,https://esimdb.com/macau/gigsky,2026-10-04
gigsky,MX,mexico,Mexico,Mexico,1.0,7,data,2.99,USD,,esimdb.com,https://esimdb.com/mexico/gigsky,2026-10-04
gigsky,MX,mexico,Mexico,Mexico,3.5,1,data,4.99,USD,,esimdb.com,https://esimdb.com/mexico/gigsky,2026-10-04
gigsky,MX,mexico,Mexico,Mexico,3.0,15,data,8.49,USD,,esimdb.com,https://esimdb.com/mexico/gigsky,2026-10-04
gigsky,MX,mexico,Mexico,Mexico,10.5,3,data,10.49,USD,3.5 GB per day for 3 days,esimdb.com,https://esimdb.com/mexico/gigsky,2026-10-04
gigsky,MX,mexico,Mexico,Mexico,5.0,30,data,14.99,USD,,esimdb.com,https://esimdb.com/mexico/gigsky,2026-10-04
gigsky,MX,mexico,Mexico,Mexico,24.5,7,data,20.49,USD,3.5 GB per day for 7 days,esimdb.com,https://esimdb.com/mexico/gigsky,2026-10-04
gigsky,MX,mexico,Mexico,Mexico,10.0,30,data,21.49,USD,,esimdb.com,https://esimdb.com/mexico/gigsky,2026-10-04
gigsky,MX,mexico,Mexico,Mexico,20.0,180,data,29.99,USD,,esimdb.com,https://esimdb.com/mexico/gigsky,2026-10-04
gigsky,MX,mexico,Mexico,Mexico,52.5,15,data,33.49,USD,3.5 GB per day for 15 days,esimdb.com,https://esimdb.com/mexico/gigsky,2026-10-04
gigsky,MX,mexico,Mexico,Mexico,50.0,90,data,59.99,USD,,esimdb.com,https://esimdb.com/mexico/gigsky,2026-10-04
gigsky,MY,malaysia,Malaysia,Malaysia,1.0,7,data,2.99,USD,,esimdb.com,https://esimdb.com/malaysia/gigsky,2026-10-04
gigsky,MY,malaysia,Malaysia,Malaysia,3.5,1,data,3.49,USD,,esimdb.com,https://esimdb.com/malaysia/gigsky,2026-10-04
gigsky,MY,malaysia,Malaysia,Malaysia,3.0,15,data,7.49,USD,,esimdb.com,https://esimdb.com/malaysia/gigsky,2026-10-04
gigsky,MY,malaysia,Malaysia,Malaysia,10.5,3,data,10.49,USD,3.5 GB per day for 3 days,esimdb.com,https://esimdb.com/malaysia/gigsky,2026-10-04
gigsky,MY,malaysia,Malaysia,Malaysia,5.0,30,data,11.29,USD,,esimdb.com,https://esimdb.com/malaysia/gigsky,2026-10-04
gigsky,MY,malaysia,Malaysia,Malaysia,10.0,30,data,18.79,USD,,esimdb.com,https://esimdb.com/malaysia/gigsky,2026-10-04
gigsky,MY,malaysia,Malaysia,Malaysia,24.5,7,data,24.49,USD,3.5 GB per day for 7 days,esimdb.com,https://esimdb.com/malaysia/gigsky,2026-10-04
gigsky,MY,malaysia,Malaysia,Malaysia,52.5,15,data,44.99,USD,3.5 GB per day for 15 days,esimdb.com,https://esimdb.com/malaysia/gigsky,2026-10-04
gigsky,NL,netherlands,Netherlands,Netherlands,1.0,7,data,2.99,USD,,esimdb.com,https://esimdb.com/netherlands/gigsky,2026-10-04
gigsky,NL,netherlands,Netherlands,Netherlands,3.5,1,data,3.49,USD,,esimdb.com,https://esimdb.com/netherlands/gigsky,2026-10-04
gigsky,NL,netherlands,Netherlands,Netherlands,3.0,15,data,6.99,USD,,esimdb.com,https://esimdb.com/netherlands/gigsky,2026-10-04
gigsky,NL,netherlands,Netherlands,Netherlands,5.0,30,data,9.29,USD,,esimdb.com,https://esimdb.com/netherlands/gigsky,2026-10-04
gigsky,NL,netherlands,Netherlands,Netherlands,10.5,3,data,10.49,USD,3.5 GB per day for 3 days,esimdb.com,https://esimdb.com/netherlands/gigsky,2026-10-04
gigsky,NL,netherlands,Netherlands,Netherlands,10.0,30,data,16.79,USD,,esimdb.com,https://esimdb.com/netherlands/gigsky,2026-10-04
gigsky,NL,netherlands,Netherlands,Netherlands,24.5,7,data,24.49,USD,3.5 GB per day for 7 days,esimdb.com,https://esimdb.com/netherlands/gigsky,2026-10-04
gigsky,NL,netherlands,Netherlands,Netherlands,20.0,90,data,24.99,USD,,esimdb.com,https://esimdb.com/netherlands/gigsky,2026-10-04
gigsky,NL,netherlands,Netherlands,Netherlands,50.0,180,data,34.89,USD,,esimdb.com,https://esimdb.com/netherlands/gigsky,2026-10-04
gigsky,NL,netherlands,Netherlands,Netherlands,52.5,15,data,44.99,USD,3.5 GB per day for 15 days,esimdb.com,https://esimdb.com/netherlands/gigsky,2026-10-04
gigsky,NZ,new-zealand,New Zealand,New Zealand,3.5,1,data,3.49,USD,,esimdb.com,https://esimdb.com/new-zealand/gigsky,2026-10-04
gigsky,NZ,new-zealand,New Zealand,New Zealand,1.0,7,data,4.99,USD,,esimdb.com,https://esimdb.com/new-zealand/gigsky,2026-10-04
gigsky,NZ,new-zealand,New Zealand,New Zealand,10.5,3,data,7.49,USD,3.5 GB per day for 3 days,esimdb.com,https://esimdb.com/new-zealand/gigsky,2026-10-04
gigsky,NZ,new-zealand,New Zealand,New Zealand,3.0,15,data,11.99,USD,,esimdb.com,https://esimdb.com/new-zealand/gigsky,2026-10-04
gigsky,NZ,new-zealand,New Zealand,New Zealand,24.5,7,data,16.49,USD,3.5 GB per day for 7 days,esimdb.com,https://esimdb.com/new-zealand/gigsky,2026-10-04
gigsky,NZ,new-zealand,New Zealand,New Zealand,5.0,30,data,19.99,USD,,esimdb.com,https://esimdb.com/new-zealand/gigsky,2026-10-04
gigsky,NZ,new-zealand,New Zealand,New Zealand,52.5,15,data,29.99,USD,3.5 GB per day for 15 days,esimdb.com,https://esimdb.com/new-zealand/gigsky,2026-10-04
gigsky,NZ,new-zealand,New Zealand,New Zealand,10.0,30,data,32.99,USD,,esimdb.com,https://esimdb.com/new-zealand/gigsky,2026-10-04
gigsky,PE,peru,Peru,Peru,1.0,7,data,3.49,USD,,esimdb.com,https://esimdb.com/peru/gigsky,2026-10-04
gigsky,PE,peru,Peru,Peru,3.5,1,data,5.49,USD,,esimdb.com,https://esimdb.com/peru/gigsky,2026-10-04
gigsky,PE,peru,Peru,Peru,3.0,15,data,10.49,USD,,esimdb.com,https://esimdb.com/peru/gigsky,2026-10-04
gigsky,PE,peru,Peru,Peru,10.5,3,data,18.49,USD,3.5 GB per day for 3 days,esimdb.com,https://esimdb.com/peru/gigsky,2026-10-04
gigsky,PE,peru,Peru,Peru,5.0,30,data,18.79,USD,,esimdb.com,https://esimdb.com/peru/gigsky,2026-10-04
gigsky,PE,peru,Peru,Peru,10.0,30,data,24.79,USD,,esimdb.com,https://esimdb.com/peru/gigsky,2026-10-04
gigsky,PE,peru,Peru,Peru,24.5,7,data,33.99,USD,3.5 GB per day for 7 days,esimdb.com,https://esimdb.com/peru/gigsky,2026-10-04
gigsky,PE,peru,Peru,Peru,52.5,15,data,46.99,USD,3.5 GB per day for 15 days,esimdb.com,https://esimdb.com/peru/gigsky,2026-10-04
gigsky,PH,philippines,Philippines,Philippines,1.0,7,data,11.49,USD,,esimdb.com,https://esimdb.com/philippines/gigsky,2026-10-04
gigsky,PH,philippines,Philippines,Philippines,3.0,15,data,29.99,USD,,esimdb.com,https://esimdb.com/philippines/gigsky,2026-10-04
gigsky,PH,philippines,Philippines,Philippines,5.0,30,data,48.49,USD,,esimdb.com,https://esimdb.com/philippines/gigsky,2026-10-04
gigsky,PH,philippines,Philippines,Philippines,10.0,30,data,96.99,USD,,esimdb.com,https://esimdb.com/philippines/gigsky,2026-10-04
gigsky,PL,poland,Poland,Poland,1.0,7,data,2.99,USD,,esimdb.com,https://esimdb.com/poland/gigsky,2026-10-04
gigsky,PL,poland,Poland,Poland,3.5,1,data,3.49,USD,,esimdb.com,https://esimdb.com/poland/gigsky,2026-10-04
gigsky,PL,poland,Poland,Poland,3.0,15,data,5.49,USD,,esimdb.com,https://esimdb.com/poland/gigsky,2026-10-04
gigsky,PL,poland,Poland,Poland,5.0,30,data,7.79,USD,,esimdb.com,https://esimdb.com/poland/gigsky,2026-10-04
gigsky,PL,poland,Poland,Poland,10.5,3,data,10.49,USD,3.5 GB per day for 3 days,esimdb.com,https://esimdb.com/poland/gigsky,2026-10-04
gigsky,PL,poland,Poland,Poland,10.0,30,data,10.79,USD,,esimdb.com,https://esimdb.com/poland/gigsky,2026-10-04
gigsky,PL,poland,Poland,Poland,20.0,90,data,16.99,USD,,esimdb.com,https://esimdb.com/poland/gigsky,2026-10-04
gigsky,PL,poland,Poland,Poland,24.5,7,data,24.49,USD,3.5 GB per day for 7 days,esimdb.com,https://esimdb.com/poland/gigsky,2026-10-04
gigsky,PL,poland,Poland,Poland,50.0,180,data,33.89,USD,,esimdb.com,https://esimdb.com/poland/gigsky,2026-10-04
gigsky,PL,poland,Poland,Poland,52.5,15,data,44.99,USD,3.5 GB per day for 15 days,esimdb.com,https://esimdb.com/poland/gigsky,2026-10-04
gigsky,PT,portugal,Portugal,Portugal,1.0,7,data,2.99,USD,,esimdb.com,https://esimdb.com/portugal/gigsky,2026-10-04
gigsky,PT,portugal,Portugal,Portugal,3.5,1,data,3.49,USD,,esimdb.com,https://esimdb.com/portugal/gigsky,2026-10-04
gigsky,PT,portugal,Portugal,Portugal,3.0,15,data,5.99,USD,,esimdb.com,https://esimdb.com/portugal/gigsky,2026-10-04
gigsky,PT,portugal,Portugal,Portugal,5.0,30,data,8.29,USD,,esimdb.com,https://esimdb.com/portugal/gigsky,2026-10-04
gigsky,PT,portugal,Portugal,Portugal,10.0,30,data,9.79,USD,,esimdb.com,https://esimdb.com/portugal/gigsky,2026-10-04
gigsky,PT,portugal,Portugal,Portugal,10.5,3,data,10.49,USD,3.5 GB per day for 3 days,esimdb.com,https://esimdb.com/portugal/gigsky,2026-10-04
gigsky,PT,portugal,Portugal,Portugal,20.0,90,data,16.99,USD,,esimdb.com,https://esimdb.com/portugal/gigsky,2026-10-04
gigsky,PT,portugal,Portugal,Portugal,24.5,7,data,24.49,USD,3.5 GB per day for 7 days,esimdb.com,https://esimdb.com/portugal/gigsky,2026-10-04
gigsky,PT,portugal,Portugal,Portugal,50.0,180,data,33.89,USD,,esimdb.com,https://esimdb.com/portugal/gigsky,2026-10-04
gigsky,PT,portugal,Portugal,Portugal,52.5,15,data,44.99,USD,3.5 GB per day for 15 days,esimdb.com,https://esimdb.com/portugal/gigsky,2026-10-04
gigsky,QA,qatar,Qatar,Qatar,1.0,7,data,6.99,USD,,esimdb.com,https://esimdb.com/qatar/gigsky,2026-10-04
gigsky,QA,qatar,Qatar,Qatar,3.5,1,data,8.99,USD,,esimdb.com,https://esimdb.com/qatar/gigsky,2026-10-04
gigsky,QA,qatar,Qatar,Qatar,3.0,15,data,16.99,USD,,esimdb.com,https://esimdb.com/qatar/gigsky,2026-10-04
gigsky,QA,qatar,Qatar,Qatar,10.5,3,data,18.99,USD,3.5 GB per day for 3 days,esimdb.com,https://esimdb.com/qatar/gigsky,2026-10-04
gigsky,QA,qatar,Qatar,Qatar,5.0,30,data,29.99,USD,,esimdb.com,https://esimdb.com/qatar/gigsky,2026-10-04
gigsky,QA,qatar,Qatar,Qatar,24.5,7,data,37.49,USD,3.5 GB per day for 7 days,esimdb.com,https://esimdb.com/qatar/gigsky,2026-10-04
gigsky,QA,qatar,Qatar,Qatar,10.0,30,data,39.99,USD,,esimdb.com,https://esimdb.com/qatar/gigsky,2026-10-04
gigsky,QA,qatar,Qatar,Qatar,52.5,15,data,59.99,USD,3.5 GB per day for 15 days,esimdb.com,https://esimdb.com/qatar/gigsky,2026-10-04
gigsky,SA,saudi-arabia,Saudi Arabia,Saudi Arabia,1.0,7,data,6.99,USD,,esimdb.com,https://esimdb.com/saudi-arabia/gigsky,2026-10-04
gigsky,SA,saudi-arabia,Saudi Arabia,Saudi Arabia,3.0,15,data,17.99,USD,,esimdb.com,https://esimdb.com/saudi-arabia/gigsky,2026-10-04
gigsky,SA,saudi-arabia,Saudi Arabia,Saudi Arabia,5.0,30,data,27.99,USD,,esimdb.com,https://esimdb.com/saudi-arabia/gigsky,2026-10-04
gigsky,SA,saudi-arabia,Saudi Arabia,Saudi Arabia,10.0,30,data,48.49,USD,,esimdb.com,https://esimdb.com/saudi-arabia/gigsky,2026-10-04
gigsky,SA,saudi-arabia,Saudi Arabia,Saudi Arabia,50.0,90,data,131.99,USD,,esimdb.com,https://esimdb.com/saudi-arabia/gigsky,2026-10-04
gigsky,SA,saudi-arabia,Saudi Arabia,Saudi Arabia,100.0,180,data,197.99,USD,,esimdb.com,https://esimdb.com/saudi-arabia/gigsky,2026-10-04
gigsky,SG,singapore,Singapore,Singapore,3.5,1,data,3.49,USD,,esimdb.com,https://esimdb.com/singapore/gigsky,2026-10-04
gigsky,SG,singapore,Singapore,Singapore,1.0,7,data,10.49,USD,,esimdb.com,https://esimdb.com/singapore/gigsky,2026-10-04
gigsky,SG,singapore,Singapore,Singapore,10.5,3,data,10.99,USD,3.5 GB per day for 3 days,esimdb.com,https://esimdb.com/singapore/gigsky,2026-10-04
gigsky,SG,singapore,Singapore,Singapore,24.5,7,data,25.49,USD,3.5 GB per day for 7 days,esimdb.com,https://esimdb.com/singapore/gigsky,2026-10-04
gigsky,SG,singapore,Singapore,Singapore,3.0,15,data,27.49,USD,,esimdb.com,https://esimdb.com/singapore/gigsky,2026-10-04
gigsky,SG,singapore,Singapore,Singapore,5.0,30,data,45.99,USD,,esimdb.com,https://esimdb.com/singapore/gigsky,2026-10-04
gigsky,SG,singapore,Singapore,Singapore,52.5,15,data,46.49,USD,3.5 GB per day for 15 days,esimdb.com,https://esimdb.com/singapore/gigsky,2026-10-04
gigsky,SG,singapore,Singapore,Singapore,10.0,30,data,84.99,USD,,esimdb.com,https://esimdb.com/singapore/gigsky,2026-10-04
gigsky,TH,thailand,Thailand,Thailand,1.0,7,data,2.99,USD,,esimdb.com,https://esimdb.com/thailand/gigsky,2026-10-04
gigsky,TH,thailand,Thailand,Thailand,3.5,1,data,3.49,USD,,esimdb.com,https://esimdb.com/thailand/gigsky,2026-10-04
gigsky,TH,thailand,Thailand,Thailand,3.0,15,data,5.49,USD,,esimdb.com,https://esimdb.com/thailand/gigsky,2026-10-04
gigsky,TH,thailand,Thailand,Thailand,5.0,30,data,7.29,USD,,esimdb.com,https://esimdb.com/thailand/gigsky,2026-10-04
gigsky,TH,thailand,Thailand,Thailand,10.0,30,data,9.79,USD,,esimdb.com,https://esimdb.com/thailand/gigsky,2026-10-04
gigsky,TH,thailand,Thailand,Thailand,10.5,3,data,10.49,USD,3.5 GB per day for 3 days,esimdb.com,https://esimdb.com/thailand/gigsky,2026-10-04
gigsky,TH,thailand,Thailand,Thailand,20.0,90,data,15.99,USD,,esimdb.com,https://esimdb.com/thailand/gigsky,2026-10-04
gigsky,TH,thailand,Thailand,Thailand,24.5,7,data,24.49,USD,3.5 GB per day for 7 days,esimdb.com,https://esimdb.com/thailand/gigsky,2026-10-04
gigsky,TH,thailand,Thailand,Thailand,50.0,180,data,26.39,USD,,esimdb.com,https://esimdb.com/thailand/gigsky,2026-10-04
gigsky,TH,thailand,Thailand,Thailand,52.5,15,data,44.99,USD,3.5 GB per day for 15 days,esimdb.com,https://esimdb.com/thailand/gigsky,2026-10-04
gigsky,TR,turkiye,Turkiye,Turkey,1.0,7,data,2.99,USD,,esimdb.com,https://esimdb.com/turkey/gigsky,2026-10-04
gigsky,TR,turkiye,Turkiye,Turkey,3.5,1,data,3.49,USD,,esimdb.com,https://esimdb.com/turkey/gigsky,2026-10-04
gigsky,TR,turkiye,Turkiye,Turkey,3.0,15,data,5.99,USD,,esimdb.com,https://esimdb.com/turkey/gigsky,2026-10-04
gigsky,TR,turkiye,Turkiye,Turkey,5.0,30,data,9.29,USD,,esimdb.com,https://esimdb.com/turkey/gigsky,2026-10-04
gigsky,TR,turkiye,Turkiye,Turkey,10.5,3,data,10.49,USD,3.5 GB per day for 3 days,esimdb.com,https://esimdb.com/turkey/gigsky,2026-10-04
gigsky,TR,turkiye,Turkiye,Turkey,10.0,30,data,14.29,USD,,esimdb.com,https://esimdb.com/turkey/gigsky,2026-10-04
gigsky,TR,turkiye,Turkiye,Turkey,24.5,7,data,24.49,USD,3.5 GB per day for 7 days,esimdb.com,https://esimdb.com/turkey/gigsky,2026-10-04
gigsky,TR,turkiye,Turkiye,Turkey,52.5,15,data,44.99,USD,3.5 GB per day for 15 days,esimdb.com,https://esimdb.com/turkey/gigsky,2026-10-04
gigsky,TW,taiwan,Taiwan,Taiwan,1.0,7,data,4.99,USD,,esimdb.com,https://esimdb.com/taiwan/gigsky,2026-10-04
gigsky,TW,taiwan,Taiwan,Taiwan,3.5,1,data,5.49,USD,,esimdb.com,https://esimdb.com/taiwan/gigsky,2026-10-04
gigsky,TW,taiwan,Taiwan,Taiwan,10.5,3,data,11.49,USD,3.5 GB per day for 3 days,esimdb.com,https://esimdb.com/taiwan/gigsky,2026-10-04
gigsky,TW,taiwan,Taiwan,Taiwan,3.0,15,data,12.99,USD,,esimdb.com,https://esimdb.com/taiwan/gigsky,2026-10-04
gigsky,TW,taiwan,Taiwan,Taiwan,5.0,30,data,21.99,USD,,esimdb.com,https://esimdb.com/taiwan/gigsky,2026-10-04
gigsky,TW,taiwan,Taiwan,Taiwan,24.5,7,data,25.49,USD,3.5 GB per day for 7 days,esimdb.com,https://esimdb.com/taiwan/gigsky,2026-10-04
gigsky,TW,taiwan,Taiwan,Taiwan,10.0,30,data,36.49,USD,,esimdb.com,https://esimdb.com/taiwan/gigsky,2026-10-04
gigsky,TW,taiwan,Taiwan,Taiwan,52.5,15,data,46.99,USD,3.5 GB per day for 15 days,esimdb.com,https://esimdb.com/taiwan/gigsky,2026-10-04
gigsky,US,united-states,United States,North America,1.0,7,data,2.99,USD,,esimdb.com,https://esimdb.com/usa/gigsky,2026-10-04
gigsky,US,united-states,United States,United States,1.0,7,data,2.99,USD,,esimdb.com,https://esimdb.com/usa/gigsky,2026-10-04
gigsky,US,united-states,United States,United States,3.5,1,data,3.49,USD,,esimdb.com,https://esimdb.com/usa/gigsky,2026-10-04
gigsky,US,united-states,United States,North America,3.5,1,data,4.99,USD,,esimdb.com,https://esimdb.com/usa/gigsky,2026-10-04
gigsky,US,united-states,United States,Cruise & Americas/Caribbean,3.0,1,data,4.99,USD,,esimdb.com,https://esimdb.com/usa/gigsky,2026-10-04
gigsky,US,united-states,United States,Cruise & World,3.0,1,data,4.99,USD,,esimdb.com,https://esimdb.com/usa/gigsky,2026-10-04
gigsky,US,united-states,United States,Cruise + Americas/Caribbean,3.0,1,data,6.99,USD,,esimdb.com,https://esimdb.com/usa/gigsky,2026-10-04
gigsky,US,united-states,United States,Cruise + World,3.0,1,data,6.99,USD,,esimdb.com,https://esimdb.com/usa/gigsky,2026-10-04
gigsky,US,united-states,United States,World Plan Lite,1.0,15,data,6.99,USD,,esimdb.com,https://esimdb.com/usa/gigsky,2026-10-04
gigsky,US,united-states,United States,World Plan,1.0,7,data,7.99,USD,,esimdb.com,https://esimdb.com/usa/gigsky,2026-10-04
gigsky,US,united-states,United States,United States,3.0,15,data,8.49,USD,,esimdb.com,https://esimdb.com/usa/gigsky,2026-10-04
gigsky,US,united-states,United States,North America,3.0,15,data,8.99,USD,,esimdb.com,https://esimdb.com/usa/gigsky,2026-10-04
gigsky,US,united-states,United States,World Plan Lite,2.0,15,data,9.99,USD,,esimdb.com,https://esimdb.com/usa/gigsky,2026-10-04
gigsky,US,united-states,United States,United States,10.5,3,data,10.49,USD,3.5 GB per day for 3 days,esimdb.com,https://esimdb.com/usa/gigsky,2026-10-04
gigsky,US,united-states,United States,North America,10.5,3,data,10.49,USD,3.5 GB per day for 3 days,esimdb.com,https://esimdb.com/usa/gigsky,2026-10-04
gigsky,US,united-states,United States,Cruise & Americas/Caribbean,0.48828125,1,data,10.99,USD,,esimdb.com,https://esimdb.com/usa/gigsky,2026-10-04
gigsky,US,united-states,United States,Cruise & World,0.48828125,1,data,10.99,USD,,esimdb.com,https://esimdb.com/usa/gigsky,2026-10-04
gigsky,US,united-states,United States,United States,5.0,30,data,12.49,USD,,esimdb.com,https://esimdb.com/usa/gigsky,2026-10-04
gigsky,US,united-states,United States,Cruise & Americas/Caribbean,9.0,3,data,14.49,USD,3 GB per day for 3 days,esimdb.com,https://esimdb.com/usa/gigsky,2026-10-04
gigsky,US,united-states,United States,Cruise & World,9.0,3,data,14.49,USD,3 GB per day for 3 days,esimdb.com,https://esimdb.com/usa/gigsky,2026-10-04
gigsky,US,united-states,United States,North America,5.0,30,data,14.99,USD,,esimdb.com,https://esimdb.com/usa/gigsky,2026-10-04
gigsky,US,united-states,United States,World Plan Lite,3.0,15,data,16.99,USD,,esimdb.com,https://esimdb.com/usa/gigsky,2026-10-04
gigsky,US,united-states,United States,Cruise + Americas/Caribbean,0.48828125,1,data,17.99,USD,,esimdb.com,https://esimdb.com/usa/gigsky,2026-10-04
gigsky,US,united-states,United States,Cruise + World,0.48828125,1,data,17.99,USD,,esimdb.com,https://esimdb.com/usa/gigsky,2026-10-04
gigsky,US,united-states,United States,World Plan,3.0,15,data,18.99,USD,,esimdb.com,https://esimdb.com/usa/gigsky,2026-10-04
gigsky,US,united-states,United States,Cruise & Americas/Caribbean,1.0,7,data,19.99,USD,,esimdb.com,https://esimdb.com/usa/gigsky,2026-10-04
gigsky,US,united-states,United States,Cruise & World,1.0,7,data,19.99,USD,,esimdb.com,https://esimdb.com/usa/gigsky,2026-10-04
gigsky,US,united-states,United States,Cruise + World,0.244140625,1,data,19.99,USD,,esimdb.com,https://esimdb.com/usa/gigsky,2026-10-04
gigsky,US,united-states,United States,North America,24.5,7,data,20.49,USD,3.5 GB per day for 7 days,esimdb.com,https://esimdb.com/usa/gigsky,2026-10-04
gigsky,US,united-states,United States,Cruise + Americas/Caribbean,9.0,3,data,20.49,USD,3 GB per day for 3 days,esimdb.com,https://esimdb.com/usa/gigsky,2026-10-04
gigsky,US,united-states,United States,Cruise + World,9.0,3,data,20.49,USD,3 GB per day for 3 days,esimdb.com,https://esimdb.com/usa/gigsky,2026-10-04
gigsky,US,united-states,United States,United States,10.0,30,data,21.49,USD,,esimdb.com,https://esimdb.com/usa/gigsky,2026-10-04
gigsky,US,united-states,United States,North America,10.0,30,data,21.99,USD,,esimdb.com,https://esimdb.com/usa/gigsky,2026-10-04
gigsky,US,united-states,United States,United States,24.5,7,data,24.49,USD,3.5 GB per day for 7 days,esimdb.com,https://esimdb.com/usa/gigsky,2026-10-04
gigsky,US,united-states,United States,World Plan Lite,5.0,15,data,24.99,USD,,esimdb.com,https://esimdb.com/usa/gigsky,2026-10-04
gigsky,US,united-states,United States,North America,20.0,180,data,29.99,USD,,esimdb.com,https://esimdb.com/usa/gigsky,2026-10-04
gigsky,US,united-states,United States,United States,20.0,180,data,29.99,USD,,esimdb.com,https://esimdb.com/usa/gigsky,2026-10-04
gigsky,US,united-states,United States,Cruise & Americas/Caribbean,21.0,7,data,31.99,USD,3 GB per day for 7 days,esimdb.com,https://esimdb.com/usa/gigsky,2026-10-04
gigsky,US,united-states,United States,Cruise & World,21.0,7,data,31.99,USD,3 GB per day for 7 days,esimdb.com,https://esimdb.com/usa/gigsky,2026-10-04
gigsky,US,united-states,United States,World Plan,5.0,30,data,32.99,USD,,esimdb.com,https://esimdb.com/usa/gigsky,2026-10-04
gigsky,US,united-states,United States,North America,52.5,15,data,33.49,USD,3.5 GB per day for 15 days,esimdb.com,https://esimdb.com/usa/gigsky,2026-10-04
gigsky,US,united-states,United States,United States,50.0,90,data,39.99,USD,,esimdb.com,https://esimdb.com/usa/gigsky,2026-10-04
gigsky,US,united-states,United States,Cruise & Americas/Caribbean,3.0,15,data,39.99,USD,,esimdb.com,https://esimdb.com/usa/gigsky,2026-10-04
gigsky,US,united-states,United States,Cruise & World,3.0,15,data,39.99,USD,,esimdb.com,https://esimdb.com/usa/gigsky,2026-10-04
gigsky,US,united-states,United States,Cruise + Americas/Caribbean,21.0,7,data,44.49,USD,3 GB per day for 7 days,esimdb.com,https://esimdb.com/usa/gigsky,2026-10-04
gigsky,US,united-states,United States,Cruise + World,21.0,7,data,44.49,USD,3 GB per day for 7 days,esimdb.com,https://esimdb.com/usa/gigsky,2026-10-04
gigsky,US,united-states,United States,United States,52.5,15,data,44.99,USD,3.5 GB per day for 15 days,esimdb.com,https://esimdb.com/usa/gigsky,2026-10-04
gigsky,US,united-states,United States,World Plan Lite,10.0,60,data,44.99,USD,,esimdb.com,https://esimdb.com/usa/gigsky,2026-10-04
gigsky,US,united-states,United States,Cruise & Americas/Caribbean,45.0,15,data,59.49,USD,3 GB per day for 15 days,esimdb.com,https://esimdb.com/usa/gigsky,2026-10-04
gigsky,US,united-states,United States,Cruise & World,45.0,15,data,59.49,USD,3 GB per day for 15 days,esimdb.com,https://esimdb.com/usa/gigsky,2026-10-04
gigsky,US,united-states,United States,North America,50.0,60,data,59.99,USD,,esimdb.com,https://esimdb.com/usa/gigsky,2026-10-04
gigsky,US,united-states,United States,Cruise + Americas/Caribbean,3.0,15,data,62.99,USD,,esimdb.com,https://esimdb.com/usa/gigsky,2026-10-04
gigsky,US,united-states,United States,Cruise + World,3.0,15,data,62.99,USD,,esimdb.com,https://esimdb.com/usa/gigsky,2026-10-04
gigsky,US,united-states,United States,World Plan,10.0,60,data,64.99,USD,,esimdb.com,https://esimdb.com/usa/gigsky,2026-10-04
gigsky,US,united-states,United States,Cruise & Americas/Caribbean,5.0,30,data,69.99,USD,,esimdb.com,https://esimdb.com/usa/gigsky,2026-10-04
gigsky,US,united-states,United States,Cruise & World,5.0,30,data,69.99,USD,,esimdb.com,https://esimdb.com/usa/gigsky,2026-10-04
gigsky,US,united-states,United States,World Plan Lite,20.0,180,data,79.99,USD,,esimdb.com,https://esimdb.com/usa/gigsky,2026-10-04
gigsky,US,united-states,United States,Cruise + Americas/Caribbean,45.0,15,data,82.99,USD,3 GB per day for 15 days,esimdb.com,https://esimdb.com/usa/gigsky,2026-10-04
gigsky,US,united-states,United States,Cruise + World,45.0,15,data,82.99,USD,3 GB per day for 15 days,esimdb.com,https://esimdb.com/usa/gigsky,2026-10-04
gigsky,US,united-states,United States,World Plan,20.0,90,data,99.99,USD,,esimdb.com,https://esimdb.com/usa/gigsky,2026-10-04
gigsky,US,united-states,United States,Cruise + Americas/Caribbean,5.0,30,data,99.99,USD,,esimdb.com,https://esimdb.com/usa/gigsky,2026-10-04
gigsky,US,united-states,United States,Cruise + World,5.0,30,data,99.99,USD,,esimdb.com,https://esimdb.com/usa/gigsky,2026-10-04
gigsky,US,united-states,United States,World Plan Lite,50.0,180,data,109.99,USD,,esimdb.com,https://esimdb.com/usa/gigsky,2026-10-04
gigsky,US,united-states,United States,Cruise & Americas/Caribbean,10.0,30,data,119.99,USD,,esimdb.com,https://esimdb.com/usa/gigsky,2026-10-04
gigsky,US,united-states,United States,Cruise & World,10.0,30,data,119.99,USD,,esimdb.com,https://esimdb.com/usa/gigsky,2026-10-04
gigsky,US,united-states,United States,World Plan,50.0,180,data,169.99,USD,,esimdb.com,https://esimdb.com/usa/gigsky,2026-10-04
gigsky,US,united-states,United States,Cruise + Americas/Caribbean,10.0,30,data,174.99,USD,,esimdb.com,https://esimdb.com/usa/gigsky,2026-10-04
gigsky,US,united-states,United States,Cruise + World,10.0,30,data,174.99,USD,,esimdb.com,https://esimdb.com/usa/gigsky,2026-10-04
gigsky,US,united-states,United States,World Plan Lite,100.0,180,data,179.99,USD,,esimdb.com,https://esimdb.com/usa/gigsky,2026-10-04
gigsky,VN,vietnam,Vietnam,Vietnam,1.0,7,data,2.99,USD,,esimdb.com,https://esimdb.com/vietnam/gigsky,2026-10-04
gigsky,VN,vietnam,Vietnam,Vietnam,3.5,1,data,3.49,USD,,esimdb.com,https://esimdb.com/vietnam/gigsky,2026-10-04
gigsky,VN,vietnam,Vietnam,Vietnam,3.0,15,data,7.49,USD,,esimdb.com,https://esimdb.com/vietnam/gigsky,2026-10-04
gigsky,VN,vietnam,Vietnam,Vietnam,5.0,30,data,10.29,USD,,esimdb.com,https://esimdb.com/vietnam/gigsky,2026-10-04
gigsky,VN,vietnam,Vietnam,Vietnam,10.5,3,data,10.49,USD,3.5 GB per day for 3 days,esimdb.com,https://esimdb.com/vietnam/gigsky,2026-10-04
gigsky,VN,vietnam,Vietnam,Vietnam,10.0,30,data,16.79,USD,,esimdb.com,https://esimdb.com/vietnam/gigsky,2026-10-04
gigsky,VN,vietnam,Vietnam,Vietnam,24.5,7,data,24.49,USD,3.5 GB per day for 7 days,esimdb.com,https://esimdb.com/vietnam/gigsky,2026-10-04
gigsky,VN,vietnam,Vietnam,Vietnam,52.5,15,data,44.99,USD,3.5 GB per day for 15 days,esimdb.com,https://esimdb.com/vietnam/gigsky,2026-10-04
gigsky,ZA,south-africa,South Africa,South Africa,1.0,7,data,5.99,USD,,esimdb.com,https://esimdb.com/south-africa/gigsky,2026-10-04
gigsky,ZA,south-africa,South Africa,South Africa,3.5,1,data,8.99,USD,,esimdb.com,https://esimdb.com/south-africa/gigsky,2026-10-04
gigsky,ZA,south-africa,South Africa,South Africa,3.0,15,data,14.99,USD,,esimdb.com,https://esimdb.com/south-africa/gigsky,2026-10-04
gigsky,ZA,south-africa,South Africa,South Africa,10.5,3,data,18.99,USD,3.5 GB per day for 3 days,esimdb.com,https://esimdb.com/south-africa/gigsky,2026-10-04
gigsky,ZA,south-africa,South Africa,South Africa,5.0,30,data,23.99,USD,,esimdb.com,https://esimdb.com/south-africa/gigsky,2026-10-04
gigsky,ZA,south-africa,South Africa,South Africa,24.5,7,data,37.49,USD,3.5 GB per day for 7 days,esimdb.com,https://esimdb.com/south-africa/gigsky,2026-10-04
gigsky,ZA,south-africa,South Africa,South Africa,10.0,30,data,42.99,USD,,esimdb.com,https://esimdb.com/south-africa/gigsky,2026-10-04
gigsky,ZA,south-africa,South Africa,South Africa,52.5,15,data,59.99,USD,3.5 GB per day for 15 days,esimdb.com,https://esimdb.com/south-africa/gigsky,2026-10-04
quibity,AE,united-arab-emirates,United Arab Emirates,1GB 7 days - United Arab Emirates,1.0,7,data,5.3,USD,,esimdb.com,https://esimdb.com/uae/quibity,2026-10-04
quibity,AE,united-arab-emirates,United Arab Emirates,3GB 10 days - United Arab Emirates,3.0,10,data,12.3,USD,,esimdb.com,https://esimdb.com/uae/quibity,2026-10-04
quibity,AE,united-arab-emirates,United Arab Emirates,3GB 15 days - United Arab Emirates,3.0,15,data,13.0,USD,,esimdb.com,https://esimdb.com/uae/quibity,2026-10-04
quibity,AE,united-arab-emirates,United Arab Emirates,5GB 15 days - United Arab Emirates,5.0,15,data,18.7,USD,,esimdb.com,https://esimdb.com/uae/quibity,2026-10-04
quibity,AE,united-arab-emirates,United Arab Emirates,10GB 30 days - United Arab Emirates,10.0,30,data,34.7,USD,,esimdb.com,https://esimdb.com/uae/quibity,2026-10-04
quibity,AR,argentina,Argentina,1GB 7 days - Argentina,1.0,7,data,7.3,USD,,esimdb.com,https://esimdb.com/argentina/quibity,2026-10-04
quibity,AR,argentina,Argentina,3GB 10 days - Argentina,3.0,10,data,16.4,USD,,esimdb.com,https://esimdb.com/argentina/quibity,2026-10-04
quibity,AR,argentina,Argentina,3GB 15 days - Argentina,3.0,15,data,17.2,USD,,esimdb.com,https://esimdb.com/argentina/quibity,2026-10-04
quibity,AR,argentina,Argentina,5GB 15 days - Argentina,5.0,15,data,24.6,USD,,esimdb.com,https://esimdb.com/argentina/quibity,2026-10-04
quibity,AR,argentina,Argentina,10GB 30 days - Argentina,10.0,30,data,45.7,USD,,esimdb.com,https://esimdb.com/argentina/quibity,2026-10-04
quibity,AT,austria,Austria,1GB 7 days - Austria,1.0,7,data,4.9,USD,,esimdb.com,https://esimdb.com/austria/quibity,2026-10-04
quibity,AT,austria,Austria,3GB 10 days - Austria,3.0,10,data,6.5,USD,,esimdb.com,https://esimdb.com/austria/quibity,2026-10-04
quibity,AT,austria,Austria,3GB 15 days - Austria,3.0,15,data,6.7,USD,,esimdb.com,https://esimdb.com/austria/quibity,2026-10-04
quibity,AT,austria,Austria,5GB 15 days - Austria,5.0,15,data,8.4,USD,,esimdb.com,https://esimdb.com/austria/quibity,2026-10-04
quibity,AT,austria,Austria,10GB 30 days - Austria,10.0,30,data,14.1,USD,,esimdb.com,https://esimdb.com/austria/quibity,2026-10-04
quibity,AT,austria,Austria,20GB 30 days - Austria,20.0,30,data,25.4,USD,,esimdb.com,https://esimdb.com/austria/quibity,2026-10-04
quibity,AT,austria,Austria,50GB 60 days - Austria,50.0,60,data,56.9,USD,,esimdb.com,https://esimdb.com/austria/quibity,2026-10-04
quibity,AU,australia,Australia,1GB 7 days - Australia,1.0,7,data,5.3,USD,,esimdb.com,https://esimdb.com/australia/quibity,2026-10-04
quibity,AU,australia,Australia,3GB 10 days - Australia,3.0,10,data,7.6,USD,,esimdb.com,https://esimdb.com/australia/quibity,2026-10-04
quibity,AU,australia,Australia,3GB 15 days - Australia,3.0,15,data,7.7,USD,,esimdb.com,https://esimdb.com/australia/quibity,2026-10-04
quibity,AU,australia,Australia,5GB 15 days - Australia,5.0,15,data,10.7,USD,,esimdb.com,https://esimdb.com/australia/quibity,2026-10-04
quibity,AU,australia,Australia,10GB 30 days - Australia,10.0,30,data,18.9,USD,,esimdb.com,https://esimdb.com/australia/quibity,2026-10-04
quibity,AU,australia,Australia,20GB 30 days - Australia,20.0,30,data,33.2,USD,,esimdb.com,https://esimdb.com/australia/quibity,2026-10-04
quibity,AU,australia,Australia,50GB 60 days - Australia,50.0,60,data,80.3,USD,,esimdb.com,https://esimdb.com/australia/quibity,2026-10-04
quibity,BE,belgium,Belgium,1GB 7 days - Belgium,1.0,7,data,4.9,USD,,esimdb.com,https://esimdb.com/belgium/quibity,2026-10-04
quibity,BE,belgium,Belgium,3GB 10 days - Belgium,3.0,10,data,6.5,USD,,esimdb.com,https://esimdb.com/belgium/quibity,2026-10-04
quibity,BE,belgium,Belgium,3GB 15 days - Belgium,3.0,15,data,6.7,USD,,esimdb.com,https://esimdb.com/belgium/quibity,2026-10-04
quibity,BE,belgium,Belgium,5GB 15 days - Belgium,5.0,15,data,8.2,USD,,esimdb.com,https://esimdb.com/belgium/quibity,2026-10-04
quibity,BE,belgium,Belgium,10GB 30 days - Belgium,10.0,30,data,14.0,USD,,esimdb.com,https://esimdb.com/belgium/quibity,2026-10-04
quibity,BE,belgium,Belgium,20GB 30 days - Belgium,20.0,30,data,25.4,USD,,esimdb.com,https://esimdb.com/belgium/quibity,2026-10-04
quibity,BE,belgium,Belgium,50GB 60 days - Belgium,50.0,60,data,56.6,USD,,esimdb.com,https://esimdb.com/belgium/quibity,2026-10-04
quibity,BR,brazil,Brazil,1GB 7 days - Brazil,1.0,7,data,6.8,USD,,esimdb.com,https://esimdb.com/brazil/quibity,2026-10-04
quibity,BR,brazil,Brazil,3GB 10 days - Brazil,3.0,10,data,14.5,USD,,esimdb.com,https://esimdb.com/brazil/quibity,2026-10-04
quibity,BR,brazil,Brazil,3GB 15 days - Brazil,3.0,15,data,15.0,USD,,esimdb.com,https://esimdb.com/brazil/quibity,2026-10-04
quibity,BR,brazil,Brazil,5GB 15 days - Brazil,5.0,15,data,21.6,USD,,esimdb.com,https://esimdb.com/brazil/quibity,2026-10-04
quibity,BR,brazil,Brazil,10GB 30 days - Brazil,10.0,30,data,39.7,USD,,esimdb.com,https://esimdb.com/brazil/quibity,2026-10-04
quibity,BR,brazil,Brazil,20GB 30 days - Brazil,20.0,30,data,75.5,USD,,esimdb.com,https://esimdb.com/brazil/quibity,2026-10-04
quibity,CA,canada,Canada,1GB 7 days - Canada,1.0,7,data,4.1,USD,,esimdb.com,https://esimdb.com/canada/quibity,2026-10-04
quibity,CA,canada,Canada,3GB 15 days - Canada,3.0,15,data,9.5,USD,,esimdb.com,https://esimdb.com/canada/quibity,2026-10-04
quibity,CA,canada,Canada,5GB 15 days - Canada,5.0,15,data,13.6,USD,,esimdb.com,https://esimdb.com/canada/quibity,2026-10-04
quibity,CA,canada,Canada,10GB 30 days - Canada,10.0,30,data,24.8,USD,,esimdb.com,https://esimdb.com/canada/quibity,2026-10-04
quibity,CA,canada,Canada,20GB 30 days - Canada,20.0,30,data,47.2,USD,,esimdb.com,https://esimdb.com/canada/quibity,2026-10-04
quibity,CH,switzerland,Switzerland,1GB 7 days - Switzerland,1.0,7,data,3.9,USD,,esimdb.com,https://esimdb.com/switzerland/quibity,2026-10-04
quibity,CH,switzerland,Switzerland,3GB 15 days - Switzerland,3.0,15,data,5.9,USD,,esimdb.com,https://esimdb.com/switzerland/quibity,2026-10-04
quibity,CH,switzerland,Switzerland,3GB 10 days - Switzerland,3.0,10,data,5.9,USD,,esimdb.com,https://esimdb.com/switzerland/quibity,2026-10-04
quibity,CH,switzerland,Switzerland,5GB 15 days - Switzerland,5.0,15,data,7.6,USD,,esimdb.com,https://esimdb.com/switzerland/quibity,2026-10-04
quibity,CH,switzerland,Switzerland,10GB 30 days - Switzerland,10.0,30,data,13.7,USD,,esimdb.com,https://esimdb.com/switzerland/quibity,2026-10-04
quibity,CH,switzerland,Switzerland,20GB 30 days - Switzerland,20.0,30,data,25.7,USD,,esimdb.com,https://esimdb.com/switzerland/quibity,2026-10-04
quibity,CH,switzerland,Switzerland,50GB 60 days - Switzerland,50.0,60,data,58.8,USD,,esimdb.com,https://esimdb.com/switzerland/quibity,2026-10-04
quibity,CN,china,China,1GB 7 days - China,1.0,7,data,5.6,USD,,esimdb.com,https://esimdb.com/china/quibity,2026-10-04
quibity,CN,china,China,3GB 15 days - China,3.0,15,data,8.6,USD,,esimdb.com,https://esimdb.com/china/quibity,2026-10-04
quibity,CN,china,China,5GB 30 days - China,5.0,30,data,12.5,USD,,esimdb.com,https://esimdb.com/china/quibity,2026-10-04
quibity,CN,china,China,10GB 30 days - China,10.0,30,data,18.7,USD,,esimdb.com,https://esimdb.com/china/quibity,2026-10-04
quibity,CN,china,China,20GB 30 days - China,20.0,30,data,34.8,USD,,esimdb.com,https://esimdb.com/china/quibity,2026-10-04
quibity,CO,colombia,Colombia,1GB 7 days - Colombia,1.0,7,data,6.0,USD,,esimdb.com,https://esimdb.com/colombia/quibity,2026-10-04
quibity,CO,colombia,Colombia,3GB 15 days - Colombia,3.0,15,data,15.1,USD,,esimdb.com,https://esimdb.com/colombia/quibity,2026-10-04
quibity,CO,colombia,Colombia,5GB 15 days - Colombia,5.0,15,data,22.2,USD,,esimdb.com,https://esimdb.com/colombia/quibity,2026-10-04
quibity,CO,colombia,Colombia,10GB 30 days - Colombia,10.0,30,data,41.8,USD,,esimdb.com,https://esimdb.com/colombia/quibity,2026-10-04
quibity,CR,costa-rica,Costa Rica,1GB 7 days - Costa Rica,1.0,7,data,5.9,USD,,esimdb.com,https://esimdb.com/costa-rica/quibity,2026-10-04
quibity,CR,costa-rica,Costa Rica,3GB 10 days - Costa Rica,3.0,10,data,14.7,USD,,esimdb.com,https://esimdb.com/costa-rica/quibity,2026-10-04
quibity,CR,costa-rica,Costa Rica,3GB 15 days - Costa Rica,3.0,15,data,15.5,USD,,esimdb.com,https://esimdb.com/costa-rica/quibity,2026-10-04
quibity,CR,costa-rica,Costa Rica,5GB 15 days - Costa Rica,5.0,15,data,22.7,USD,,esimdb.com,https://esimdb.com/costa-rica/quibity,2026-10-04
quibity,CR,costa-rica,Costa Rica,10GB 30 days - Costa Rica,10.0,30,data,40.1,USD,,esimdb.com,https://esimdb.com/costa-rica/quibity,2026-10-04
quibity,CZ,czechia,Czechia,1GB 7 days - Czech Republic,1.0,7,data,5.0,USD,,esimdb.com,https://esimdb.com/czechia/quibity,2026-10-04
quibity,CZ,czechia,Czechia,3GB 10 days - Czech Republic,3.0,10,data,6.7,USD,,esimdb.com,https://esimdb.com/czechia/quibity,2026-10-04
quibity,CZ,czechia,Czechia,3GB 15 days - Czech Republic,3.0,15,data,6.8,USD,,esimdb.com,https://esimdb.com/czechia/quibity,2026-10-04
quibity,CZ,czechia,Czechia,5GB 15 days - Czech Republic,5.0,15,data,8.6,USD,,esimdb.com,https://esimdb.com/czechia/quibity,2026-10-04
quibity,CZ,czechia,Czechia,10GB 30 days - Czech Republic,10.0,30,data,14.9,USD,,esimdb.com,https://esimdb.com/czechia/quibity,2026-10-04
quibity,CZ,czechia,Czechia,20GB 30 days - Czech Republic,20.0,30,data,27.0,USD,,esimdb.com,https://esimdb.com/czechia/quibity,2026-10-04
quibity,CZ,czechia,Czechia,50GB 60 days - Czech Republic,50.0,60,data,60.6,USD,,esimdb.com,https://esimdb.com/czechia/quibity,2026-10-04
quibity,DE,germany,Germany,1GB 7 days - Germany,1.0,7,data,4.7,USD,,esimdb.com,https://esimdb.com/germany/quibity,2026-10-04
quibity,DE,germany,Germany,3GB 10 days - Germany,3.0,10,data,6.4,USD,,esimdb.com,https://esimdb.com/germany/quibity,2026-10-04
quibity,DE,germany,Germany,3GB 15 days - Germany,3.0,15,data,6.5,USD,,esimdb.com,https://esimdb.com/germany/quibity,2026-10-04
quibity,DE,germany,Germany,5GB 15 days - Germany,5.0,15,data,7.9,USD,,esimdb.com,https://esimdb.com/germany/quibity,2026-10-04
quibity,DE,germany,Germany,10GB 30 days - Germany,10.0,30,data,13.3,USD,,esimdb.com,https://esimdb.com/germany/quibity,2026-10-04
quibity,DE,germany,Germany,20GB 30 days - Germany,20.0,30,data,23.9,USD,,esimdb.com,https://esimdb.com/germany/quibity,2026-10-04
quibity,DE,germany,Germany,50GB 60 days - Germany,50.0,60,data,53.4,USD,,esimdb.com,https://esimdb.com/germany/quibity,2026-10-04
quibity,EG,egypt,Egypt,1GB 7 days - Egypt,1.0,7,data,4.3,USD,,esimdb.com,https://esimdb.com/egypt/quibity,2026-10-04
quibity,EG,egypt,Egypt,3GB 10 days - Egypt,3.0,10,data,9.6,USD,,esimdb.com,https://esimdb.com/egypt/quibity,2026-10-04
quibity,EG,egypt,Egypt,3GB 15 days - Egypt,3.0,15,data,10.2,USD,,esimdb.com,https://esimdb.com/egypt/quibity,2026-10-04
quibity,EG,egypt,Egypt,5GB 15 days - Egypt,5.0,15,data,14.7,USD,,esimdb.com,https://esimdb.com/egypt/quibity,2026-10-04
quibity,EG,egypt,Egypt,10GB 30 days - Egypt,10.0,30,data,27.5,USD,,esimdb.com,https://esimdb.com/egypt/quibity,2026-10-04
quibity,EG,egypt,Egypt,20GB 30 days - Egypt,20.0,30,data,52.7,USD,,esimdb.com,https://esimdb.com/egypt/quibity,2026-10-04
quibity,ES,spain,Spain,1GB 7 days - Spain,1.0,7,data,5.4,USD,,esimdb.com,https://esimdb.com/spain/quibity,2026-10-04
quibity,ES,spain,Spain,3GB 10 days - Spain,3.0,10,data,6.7,USD,,esimdb.com,https://esimdb.com/spain/quibity,2026-10-04
quibity,ES,spain,Spain,3GB 15 days - Spain,3.0,15,data,6.8,USD,,esimdb.com,https://esimdb.com/spain/quibity,2026-10-04
quibity,ES,spain,Spain,5GB 15 days - Spain,5.0,15,data,8.6,USD,,esimdb.com,https://esimdb.com/spain/quibity,2026-10-04
quibity,ES,spain,Spain,10GB 30 days - Spain,10.0,30,data,14.6,USD,,esimdb.com,https://esimdb.com/spain/quibity,2026-10-04
quibity,ES,spain,Spain,20GB 30 days - Spain,20.0,30,data,26.4,USD,,esimdb.com,https://esimdb.com/spain/quibity,2026-10-04
quibity,ES,spain,Spain,50GB 60 days - Spain,50.0,60,data,59.2,USD,,esimdb.com,https://esimdb.com/spain/quibity,2026-10-04
quibity,FJ,fiji,Fiji,1GB 7 days - Fiji,1.0,7,data,9.6,USD,,esimdb.com,https://esimdb.com/fiji/quibity,2026-10-04
quibity,FJ,fiji,Fiji,3GB 10 days - Fiji,3.0,10,data,22.1,USD,,esimdb.com,https://esimdb.com/fiji/quibity,2026-10-04
quibity,FJ,fiji,Fiji,3GB 15 days - Fiji,3.0,15,data,23.3,USD,,esimdb.com,https://esimdb.com/fiji/quibity,2026-10-04
quibity,FJ,fiji,Fiji,5GB 15 days - Fiji,5.0,15,data,33.0,USD,,esimdb.com,https://esimdb.com/fiji/quibity,2026-10-04
quibity,FR,france,France,1GB 7 days - France,1.0,7,data,4.9,USD,,esimdb.com,https://esimdb.com/france/quibity,2026-10-04
quibity,FR,france,France,3GB 10 days - France,3.0,10,data,6.4,USD,,esimdb.com,https://esimdb.com/france/quibity,2026-10-04
quibity,FR,france,France,3GB 15 days - France,3.0,15,data,6.5,USD,,esimdb.com,https://esimdb.com/france/quibity,2026-10-04
quibity,FR,france,France,5GB 15 days - France,5.0,15,data,8.0,USD,,esimdb.com,https://esimdb.com/france/quibity,2026-10-04
quibity,FR,france,France,10GB 30 days - France,10.0,30,data,13.4,USD,,esimdb.com,https://esimdb.com/france/quibity,2026-10-04
quibity,FR,france,France,20GB 30 days - France,20.0,30,data,24.1,USD,,esimdb.com,https://esimdb.com/france/quibity,2026-10-04
quibity,FR,france,France,50GB 60 days - France,50.0,60,data,54.0,USD,,esimdb.com,https://esimdb.com/france/quibity,2026-10-04
quibity,GB,united-kingdom,United Kingdom,1GB 7 days - United Kingdom,1.0,7,data,5.0,USD,,esimdb.com,https://esimdb.com/uk/quibity,2026-10-04
quibity,GB,united-kingdom,United Kingdom,3GB 10 days - United Kingdom,3.0,10,data,6.7,USD,,esimdb.com,https://esimdb.com/uk/quibity,2026-10-04
quibity,GB,united-kingdom,United Kingdom,3GB 15 days - United Kingdom,3.0,15,data,6.8,USD,,esimdb.com,https://esimdb.com/uk/quibity,2026-10-04
quibity,GB,united-kingdom,United Kingdom,5GB 15 days - United Kingdom,5.0,15,data,8.8,USD,,esimdb.com,https://esimdb.com/uk/quibity,2026-10-04
quibity,GB,united-kingdom,United Kingdom,10GB 30 days - United Kingdom,10.0,30,data,15.1,USD,,esimdb.com,https://esimdb.com/uk/quibity,2026-10-04
quibity,GB,united-kingdom,United Kingdom,20GB 30 days - United Kingdom,20.0,30,data,27.5,USD,,esimdb.com,https://esimdb.com/uk/quibity,2026-10-04
quibity,GB,united-kingdom,United Kingdom,50GB 60 days - United Kingdom,50.0,60,data,61.8,USD,,esimdb.com,https://esimdb.com/uk/quibity,2026-10-04
quibity,GE,georgia,Georgia,1GB 7 days - Georgia,1.0,7,data,5.6,USD,,esimdb.com,https://esimdb.com/georgia/quibity,2026-10-04
quibity,GE,georgia,Georgia,3GB 10 days - Georgia,3.0,10,data,9.0,USD,,esimdb.com,https://esimdb.com/georgia/quibity,2026-10-04
quibity,GE,georgia,Georgia,3GB 15 days - Georgia,3.0,15,data,9.5,USD,,esimdb.com,https://esimdb.com/georgia/quibity,2026-10-04
quibity,GE,georgia,Georgia,5GB 15 days - Georgia,5.0,15,data,13.1,USD,,esimdb.com,https://esimdb.com/georgia/quibity,2026-10-04
quibity,GE,georgia,Georgia,10GB 30 days - Georgia,10.0,30,data,23.3,USD,,esimdb.com,https://esimdb.com/georgia/quibity,2026-10-04
quibity,GE,georgia,Georgia,20GB 30 days - Georgia,20.0,30,data,43.6,USD,,esimdb.com,https://esimdb.com/georgia/quibity,2026-10-04
quibity,GR,greece,Greece,1GB 7 days - Greece,1.0,7,data,4.9,USD,,esimdb.com,https://esimdb.com/greece/quibity,2026-10-04
quibity,GR,greece,Greece,3GB 10 days - Greece,3.0,10,data,6.4,USD,,esimdb.com,https://esimdb.com/greece/quibity,2026-10-04
quibity,GR,greece,Greece,3GB 15 days - Greece,3.0,15,data,6.5,USD,,esimdb.com,https://esimdb.com/greece/quibity,2026-10-04
quibity,GR,greece,Greece,5GB 15 days - Greece,5.0,15,data,8.1,USD,,esimdb.com,https://esimdb.com/greece/quibity,2026-10-04
quibity,GR,greece,Greece,10GB 30 days - Greece,10.0,30,data,13.8,USD,,esimdb.com,https://esimdb.com/greece/quibity,2026-10-04
quibity,GR,greece,Greece,20GB 30 days - Greece,20.0,30,data,24.8,USD,,esimdb.com,https://esimdb.com/greece/quibity,2026-10-04
quibity,GR,greece,Greece,50GB 60 days - Greece,50.0,60,data,55.4,USD,,esimdb.com,https://esimdb.com/greece/quibity,2026-10-04
quibity,HK,hong-kong,Hong Kong,1GB 7 days - Hong Kong,1.0,7,data,5.3,USD,,esimdb.com,https://esimdb.com/hong-kong/quibity,2026-10-04
quibity,HK,hong-kong,Hong Kong,3GB 10 days - Hong Kong,3.0,10,data,7.7,USD,,esimdb.com,https://esimdb.com/hong-kong/quibity,2026-10-04
quibity,HK,hong-kong,Hong Kong,3GB 15 days - Hong Kong,3.0,15,data,8.1,USD,,esimdb.com,https://esimdb.com/hong-kong/quibity,2026-10-04
quibity,HK,hong-kong,Hong Kong,5GB 15 days - Hong Kong,5.0,15,data,11.2,USD,,esimdb.com,https://esimdb.com/hong-kong/quibity,2026-10-04
quibity,HK,hong-kong,Hong Kong,10GB 30 days - Hong Kong,10.0,30,data,19.4,USD,,esimdb.com,https://esimdb.com/hong-kong/quibity,2026-10-04
quibity,HK,hong-kong,Hong Kong,20GB 30 days - Hong Kong,20.0,30,data,36.1,USD,,esimdb.com,https://esimdb.com/hong-kong/quibity,2026-10-04
quibity,HR,croatia,Croatia,1GB 7 days - Croatia,1.0,7,data,4.9,USD,,esimdb.com,https://esimdb.com/croatia/quibity,2026-10-04
quibity,HR,croatia,Croatia,3GB 10 days - Croatia,3.0,10,data,6.7,USD,,esimdb.com,https://esimdb.com/croatia/quibity,2026-10-04
quibity,HR,croatia,Croatia,3GB 15 days - Croatia,3.0,15,data,6.8,USD,,esimdb.com,https://esimdb.com/croatia/quibity,2026-10-04
quibity,HR,croatia,Croatia,5GB 15 days - Croatia,5.0,15,data,8.6,USD,,esimdb.com,https://esimdb.com/croatia/quibity,2026-10-04
quibity,HR,croatia,Croatia,10GB 30 days - Croatia,10.0,30,data,14.9,USD,,esimdb.com,https://esimdb.com/croatia/quibity,2026-10-04
quibity,HR,croatia,Croatia,20GB 30 days - Croatia,20.0,30,data,26.7,USD,,esimdb.com,https://esimdb.com/croatia/quibity,2026-10-04
quibity,HR,croatia,Croatia,50GB 60 days - Croatia,50.0,60,data,59.3,USD,,esimdb.com,https://esimdb.com/croatia/quibity,2026-10-04
quibity,ID,indonesia,Indonesia,1GB 7 days - Indonesia,1.0,7,data,5.0,USD,,esimdb.com,https://esimdb.com/indonesia/quibity,2026-10-04
quibity,ID,indonesia,Indonesia,3GB 15 days - Indonesia,3.0,15,data,6.8,USD,,esimdb.com,https://esimdb.com/indonesia/quibity,2026-10-04
quibity,ID,indonesia,Indonesia,3GB 10 days - Indonesia,3.0,10,data,6.8,USD,,esimdb.com,https://esimdb.com/indonesia/quibity,2026-10-04
quibity,ID,indonesia,Indonesia,5GB 15 days - Indonesia,5.0,15,data,8.9,USD,,esimdb.com,https://esimdb.com/indonesia/quibity,2026-10-04
quibity,ID,indonesia,Indonesia,10GB 30 days - Indonesia,10.0,30,data,15.4,USD,,esimdb.com,https://esimdb.com/indonesia/quibity,2026-10-04
quibity,ID,indonesia,Indonesia,20GB 30 days - Indonesia,20.0,30,data,28.0,USD,,esimdb.com,https://esimdb.com/indonesia/quibity,2026-10-04
quibity,ID,indonesia,Indonesia,50GB 60 days - Indonesia,50.0,60,data,62.9,USD,,esimdb.com,https://esimdb.com/indonesia/quibity,2026-10-04
quibity,IE,ireland,Ireland,1GB 7 days - Ireland,1.0,7,data,5.0,USD,,esimdb.com,https://esimdb.com/ireland/quibity,2026-10-04
quibity,IE,ireland,Ireland,3GB 15 days - Ireland,3.0,15,data,6.7,USD,,esimdb.com,https://esimdb.com/ireland/quibity,2026-10-04
quibity,IE,ireland,Ireland,3GB 10 days - Ireland,3.0,10,data,6.7,USD,,esimdb.com,https://esimdb.com/ireland/quibity,2026-10-04
quibity,IE,ireland,Ireland,5GB 15 days - Ireland,5.0,15,data,8.5,USD,,esimdb.com,https://esimdb.com/ireland/quibity,2026-10-04
quibity,IE,ireland,Ireland,10GB 30 days - Ireland,10.0,30,data,14.4,USD,,esimdb.com,https://esimdb.com/ireland/quibity,2026-10-04
quibity,IE,ireland,Ireland,20GB 30 days - Ireland,20.0,30,data,26.1,USD,,esimdb.com,https://esimdb.com/ireland/quibity,2026-10-04
quibity,IE,ireland,Ireland,50GB 60 days - Ireland,50.0,60,data,58.3,USD,,esimdb.com,https://esimdb.com/ireland/quibity,2026-10-04
quibity,IL,israel,Israel,1GB 7 days - Israel,1.0,7,data,5.0,USD,,esimdb.com,https://esimdb.com/israel/quibity,2026-10-04
quibity,IL,israel,Israel,3GB 15 days - Israel,3.0,15,data,6.8,USD,,esimdb.com,https://esimdb.com/israel/quibity,2026-10-04
quibity,IL,israel,Israel,3GB 10 days - Israel,3.0,10,data,6.8,USD,,esimdb.com,https://esimdb.com/israel/quibity,2026-10-04
quibity,IL,israel,Israel,5GB 15 days - Israel,5.0,15,data,8.9,USD,,esimdb.com,https://esimdb.com/israel/quibity,2026-10-04
quibity,IL,israel,Israel,10GB 30 days - Israel,10.0,30,data,15.4,USD,,esimdb.com,https://esimdb.com/israel/quibity,2026-10-04
quibity,IL,israel,Israel,20GB 30 days - Israel,20.0,30,data,27.9,USD,,esimdb.com,https://esimdb.com/israel/quibity,2026-10-04
quibity,IN,india,India,1GB 7 days - India,1.0,7,data,6.3,USD,,esimdb.com,https://esimdb.com/india/quibity,2026-10-04
quibity,IN,india,India,3GB 10 days - India,3.0,10,data,12.2,USD,,esimdb.com,https://esimdb.com/india/quibity,2026-10-04
quibity,IN,india,India,3GB 15 days - India,3.0,15,data,12.7,USD,,esimdb.com,https://esimdb.com/india/quibity,2026-10-04
quibity,IN,india,India,5GB 15 days - India,5.0,15,data,18.0,USD,,esimdb.com,https://esimdb.com/india/quibity,2026-10-04
quibity,IN,india,India,10GB 30 days - India,10.0,30,data,32.8,USD,,esimdb.com,https://esimdb.com/india/quibity,2026-10-04
quibity,IN,india,India,20GB 30 days - India,20.0,30,data,61.9,USD,,esimdb.com,https://esimdb.com/india/quibity,2026-10-04
quibity,IS,iceland,Iceland,1GB 7 days - Iceland,1.0,7,data,5.0,USD,,esimdb.com,https://esimdb.com/iceland/quibity,2026-10-04
quibity,IS,iceland,Iceland,3GB 10 days - Iceland,3.0,10,data,7.1,USD,,esimdb.com,https://esimdb.com/iceland/quibity,2026-10-04
quibity,IS,iceland,Iceland,3GB 15 days - Iceland,3.0,15,data,7.5,USD,,esimdb.com,https://esimdb.com/iceland/quibity,2026-10-04
quibity,IS,iceland,Iceland,5GB 15 days - Iceland,5.0,15,data,9.9,USD,,esimdb.com,https://esimdb.com/iceland/quibity,2026-10-04
quibity,IS,iceland,Iceland,10GB 30 days - Iceland,10.0,30,data,17.3,USD,,esimdb.com,https://esimdb.com/iceland/quibity,2026-10-04
quibity,IS,iceland,Iceland,20GB 30 days - Iceland,20.0,30,data,31.6,USD,,esimdb.com,https://esimdb.com/iceland/quibity,2026-10-04
quibity,IS,iceland,Iceland,50GB 60 days - Iceland,50.0,60,data,71.6,USD,,esimdb.com,https://esimdb.com/iceland/quibity,2026-10-04
quibity,IT,italy,Italy,1GB 7 days - Italy,1.0,7,data,4.9,USD,,esimdb.com,https://esimdb.com/italy/quibity,2026-10-04
quibity,IT,italy,Italy,3GB 10 days - Italy,3.0,10,data,6.4,USD,,esimdb.com,https://esimdb.com/italy/quibity,2026-10-04
quibity,IT,italy,Italy,3GB 15 days - Italy,3.0,15,data,6.5,USD,,esimdb.com,https://esimdb.com/italy/quibity,2026-10-04
quibity,IT,italy,Italy,5GB 15 days - Italy,5.0,15,data,8.1,USD,,esimdb.com,https://esimdb.com/italy/quibity,2026-10-04
quibity,IT,italy,Italy,10GB 30 days - Italy,10.0,30,data,13.7,USD,,esimdb.com,https://esimdb.com/italy/quibity,2026-10-04
quibity,IT,italy,Italy,20GB 30 days - Italy,20.0,30,data,24.6,USD,,esimdb.com,https://esimdb.com/italy/quibity,2026-10-04
quibity,IT,italy,Italy,50GB 60 days - Italy,50.0,60,data,55.0,USD,,esimdb.com,https://esimdb.com/italy/quibity,2026-10-04
quibity,JP,japan,Japan,1GB 7 days - Japan,1.0,7,data,5.9,USD,,esimdb.com,https://esimdb.com/japan/quibity,2026-10-04
quibity,JP,japan,Japan,3GB 15 days - Japan,3.0,15,data,9.7,USD,,esimdb.com,https://esimdb.com/japan/quibity,2026-10-04
quibity,JP,japan,Japan,5GB 30 days - Japan,5.0,30,data,14.2,USD,,esimdb.com,https://esimdb.com/japan/quibity,2026-10-04
quibity,JP,japan,Japan,10GB 30 days - Japan,10.0,30,data,21.2,USD,,esimdb.com,https://esimdb.com/japan/quibity,2026-10-04
quibity,JP,japan,Japan,20GB 30 days - Japan,20.0,30,data,40.0,USD,,esimdb.com,https://esimdb.com/japan/quibity,2026-10-04
quibity,KE,kenya,Kenya,1GB 7 days - Kenya,1.0,7,data,7.9,USD,,esimdb.com,https://esimdb.com/kenya/quibity,2026-10-04
quibity,KE,kenya,Kenya,3GB 10 days - Kenya,3.0,10,data,18.5,USD,,esimdb.com,https://esimdb.com/kenya/quibity,2026-10-04
quibity,KE,kenya,Kenya,3GB 15 days - Kenya,3.0,15,data,19.4,USD,,esimdb.com,https://esimdb.com/kenya/quibity,2026-10-04
quibity,KE,kenya,Kenya,5GB 15 days - Kenya,5.0,15,data,28.0,USD,,esimdb.com,https://esimdb.com/kenya/quibity,2026-10-04
quibity,KE,kenya,Kenya,10GB 30 days - Kenya,10.0,30,data,51.9,USD,,esimdb.com,https://esimdb.com/kenya/quibity,2026-10-04
quibity,KR,south-korea,South Korea,1GB 7 days - South Korea,1.0,7,data,3.7,USD,,esimdb.com,https://esimdb.com/south-korea/quibity,2026-10-04
quibity,KR,south-korea,South Korea,3GB 15 days - South Korea,3.0,15,data,4.6,USD,,esimdb.com,https://esimdb.com/south-korea/quibity,2026-10-04
quibity,KR,south-korea,South Korea,5GB 30 days - South Korea,5.0,30,data,6.5,USD,,esimdb.com,https://esimdb.com/south-korea/quibity,2026-10-04
quibity,KR,south-korea,South Korea,10GB 30 days - South Korea,10.0,30,data,10.4,USD,,esimdb.com,https://esimdb.com/south-korea/quibity,2026-10-04
quibity,KR,south-korea,South Korea,20GB 30 days - South Korea,20.0,30,data,19.2,USD,,esimdb.com,https://esimdb.com/south-korea/quibity,2026-10-04
quibity,MA,morocco,Morocco,1GB 7 days - Morocco,1.0,7,data,4.5,USD,,esimdb.com,https://esimdb.com/morocco/quibity,2026-10-04
quibity,MA,morocco,Morocco,3GB 10 days - Morocco,3.0,10,data,11.3,USD,,esimdb.com,https://esimdb.com/morocco/quibity,2026-10-04
quibity,MA,morocco,Morocco,3GB 15 days - Morocco,3.0,15,data,11.9,USD,,esimdb.com,https://esimdb.com/morocco/quibity,2026-10-04
quibity,MA,morocco,Morocco,5GB 15 days - Morocco,5.0,15,data,17.3,USD,,esimdb.com,https://esimdb.com/morocco/quibity,2026-10-04
quibity,MA,morocco,Morocco,10GB 30 days - Morocco,10.0,30,data,33.0,USD,,esimdb.com,https://esimdb.com/morocco/quibity,2026-10-04
quibity,MO,macao,Macao,1GB 7 days - Macao,1.0,7,data,5.0,USD,,esimdb.com,https://esimdb.com/macau/quibity,2026-10-04
quibity,MO,macao,Macao,3GB 10 days - Macao,3.0,10,data,6.8,USD,,esimdb.com,https://esimdb.com/macau/quibity,2026-10-04
quibity,MO,macao,Macao,3GB 15 days - Macao,3.0,15,data,7.0,USD,,esimdb.com,https://esimdb.com/macau/quibity,2026-10-04
quibity,MO,macao,Macao,5GB 15 days - Macao,5.0,15,data,8.8,USD,,esimdb.com,https://esimdb.com/macau/quibity,2026-10-04
quibity,MO,macao,Macao,10GB 30 days - Macao,10.0,30,data,14.6,USD,,esimdb.com,https://esimdb.com/macau/quibity,2026-10-04
quibity,MO,macao,Macao,20GB 30 days - Macao,20.0,30,data,27.3,USD,,esimdb.com,https://esimdb.com/macau/quibity,2026-10-04
quibity,MO,macao,Macao,50GB 60 days - Macao,50.0,60,data,61.9,USD,,esimdb.com,https://esimdb.com/macau/quibity,2026-10-04
quibity,MX,mexico,Mexico,1GB 7 days - Mexico,1.0,7,data,6.8,USD,,esimdb.com,https://esimdb.com/mexico/quibity,2026-10-04
quibity,MX,mexico,Mexico,3GB 10 days - Mexico,3.0,10,data,14.4,USD,,esimdb.com,https://esimdb.com/mexico/quibity,2026-10-04
quibity,MX,mexico,Mexico,3GB 15 days - Mexico,3.0,15,data,14.9,USD,,esimdb.com,https://esimdb.com/mexico/quibity,2026-10-04
quibity,MX,mexico,Mexico,5GB 15 days - Mexico,5.0,15,data,21.5,USD,,esimdb.com,https://esimdb.com/mexico/quibity,2026-10-04
quibity,MX,mexico,Mexico,10GB 30 days - Mexico,10.0,30,data,39.5,USD,,esimdb.com,https://esimdb.com/mexico/quibity,2026-10-04
quibity,MX,mexico,Mexico,20GB 30 days - Mexico,20.0,30,data,71.2,USD,,esimdb.com,https://esimdb.com/mexico/quibity,2026-10-04
quibity,MY,malaysia,Malaysia,1GB 7 days - Malaysia,1.0,7,data,5.0,USD,,esimdb.com,https://esimdb.com/malaysia/quibity,2026-10-04
quibity,MY,malaysia,Malaysia,3GB 10 days - Malaysia,3.0,10,data,6.8,USD,,esimdb.com,https://esimdb.com/malaysia/quibity,2026-10-04
quibity,MY,malaysia,Malaysia,3GB 15 days - Malaysia,3.0,15,data,7.1,USD,,esimdb.com,https://esimdb.com/malaysia/quibity,2026-10-04
quibity,MY,malaysia,Malaysia,5GB 15 days - Malaysia,5.0,15,data,9.5,USD,,esimdb.com,https://esimdb.com/malaysia/quibity,2026-10-04
quibity,MY,malaysia,Malaysia,10GB 30 days - Malaysia,10.0,30,data,16.2,USD,,esimdb.com,https://esimdb.com/malaysia/quibity,2026-10-04
quibity,MY,malaysia,Malaysia,20GB 30 days - Malaysia,20.0,30,data,29.7,USD,,esimdb.com,https://esimdb.com/malaysia/quibity,2026-10-04
quibity,MY,malaysia,Malaysia,50GB 60 days - Malaysia,50.0,60,data,67.0,USD,,esimdb.com,https://esimdb.com/malaysia/quibity,2026-10-04
quibity,NL,netherlands,Netherlands,1GB 7 days - Netherlands,1.0,7,data,4.9,USD,,esimdb.com,https://esimdb.com/netherlands/quibity,2026-10-04
quibity,NL,netherlands,Netherlands,3GB 10 days - Netherlands,3.0,10,data,6.5,USD,,esimdb.com,https://esimdb.com/netherlands/quibity,2026-10-04
quibity,NL,netherlands,Netherlands,3GB 15 days - Netherlands,3.0,15,data,6.7,USD,,esimdb.com,https://esimdb.com/netherlands/quibity,2026-10-04
quibity,NL,netherlands,Netherlands,5GB 15 days - Netherlands,5.0,15,data,8.2,USD,,esimdb.com,https://esimdb.com/netherlands/quibity,2026-10-04
quibity,NL,netherlands,Netherlands,10GB 30 days - Netherlands,10.0,30,data,14.0,USD,,esimdb.com,https://esimdb.com/netherlands/quibity,2026-10-04
quibity,NL,netherlands,Netherlands,20GB 30 days - Netherlands,20.0,30,data,25.4,USD,,esimdb.com,https://esimdb.com/netherlands/quibity,2026-10-04
quibity,NL,netherlands,Netherlands,50GB 60 days - Netherlands,50.0,60,data,56.6,USD,,esimdb.com,https://esimdb.com/netherlands/quibity,2026-10-04
quibity,NZ,new-zealand,New Zealand,1GB 7 days - New Zealand,1.0,7,data,5.0,USD,,esimdb.com,https://esimdb.com/new-zealand/quibity,2026-10-04
quibity,NZ,new-zealand,New Zealand,3GB 10 days - New Zealand,3.0,10,data,6.7,USD,,esimdb.com,https://esimdb.com/new-zealand/quibity,2026-10-04
quibity,NZ,new-zealand,New Zealand,3GB 15 days - New Zealand,3.0,15,data,6.8,USD,,esimdb.com,https://esimdb.com/new-zealand/quibity,2026-10-04
quibity,NZ,new-zealand,New Zealand,5GB 15 days - New Zealand,5.0,15,data,8.5,USD,,esimdb.com,https://esimdb.com/new-zealand/quibity,2026-10-04
quibity,NZ,new-zealand,New Zealand,10GB 30 days - New Zealand,10.0,30,data,14.5,USD,,esimdb.com,https://esimdb.com/new-zealand/quibity,2026-10-04
quibity,NZ,new-zealand,New Zealand,20GB 30 days - New Zealand,20.0,30,data,26.2,USD,,esimdb.com,https://esimdb.com/new-zealand/quibity,2026-10-04
quibity,NZ,new-zealand,New Zealand,50GB 60 days - New Zealand,50.0,60,data,58.7,USD,,esimdb.com,https://esimdb.com/new-zealand/quibity,2026-10-04
quibity,PE,peru,Peru,1GB 7 days - Peru,1.0,7,data,6.4,USD,,esimdb.com,https://esimdb.com/peru/quibity,2026-10-04
quibity,PE,peru,Peru,3GB 15 days - Peru,3.0,15,data,15.4,USD,,esimdb.com,https://esimdb.com/peru/quibity,2026-10-04
quibity,PE,peru,Peru,5GB 15 days - Peru,5.0,15,data,22.5,USD,,esimdb.com,https://esimdb.com/peru/quibity,2026-10-04
quibity,PE,peru,Peru,10GB 30 days - Peru,10.0,30,data,42.1,USD,,esimdb.com,https://esimdb.com/peru/quibity,2026-10-04
quibity,PH,philippines,Philippines,1GB 7 days - Philippines,1.0,7,data,5.3,USD,,esimdb.com,https://esimdb.com/philippines/quibity,2026-10-04
quibity,PH,philippines,Philippines,3GB 10 days - Philippines,3.0,10,data,8.1,USD,,esimdb.com,https://esimdb.com/philippines/quibity,2026-10-04
quibity,PH,philippines,Philippines,3GB 15 days - Philippines,3.0,15,data,8.5,USD,,esimdb.com,https://esimdb.com/philippines/quibity,2026-10-04
quibity,PH,philippines,Philippines,5GB 15 days - Philippines,5.0,15,data,11.6,USD,,esimdb.com,https://esimdb.com/philippines/quibity,2026-10-04
quibity,PH,philippines,Philippines,10GB 30 days - Philippines,10.0,30,data,20.3,USD,,esimdb.com,https://esimdb.com/philippines/quibity,2026-10-04
quibity,PH,philippines,Philippines,20GB 30 days - Philippines,20.0,30,data,38.0,USD,,esimdb.com,https://esimdb.com/philippines/quibity,2026-10-04
quibity,PL,poland,Poland,1GB 7 days - Poland,1.0,7,data,5.0,USD,,esimdb.com,https://esimdb.com/poland/quibity,2026-10-04
quibity,PL,poland,Poland,3GB 10 days - Poland,3.0,10,data,6.7,USD,,esimdb.com,https://esimdb.com/poland/quibity,2026-10-04
quibity,PL,poland,Poland,3GB 15 days - Poland,3.0,15,data,6.8,USD,,esimdb.com,https://esimdb.com/poland/quibity,2026-10-04
quibity,PL,poland,Poland,5GB 15 days - Poland,5.0,15,data,8.8,USD,,esimdb.com,https://esimdb.com/poland/quibity,2026-10-04
quibity,PL,poland,Poland,10GB 30 days - Poland,10.0,30,data,15.1,USD,,esimdb.com,https://esimdb.com/poland/quibity,2026-10-04
quibity,PL,poland,Poland,20GB 30 days - Poland,20.0,30,data,27.5,USD,,esimdb.com,https://esimdb.com/poland/quibity,2026-10-04
quibity,PL,poland,Poland,50GB 60 days - Poland,50.0,60,data,62.1,USD,,esimdb.com,https://esimdb.com/poland/quibity,2026-10-04
quibity,PT,portugal,Portugal,1GB 7 days - Portugal,1.0,7,data,4.9,USD,,esimdb.com,https://esimdb.com/portugal/quibity,2026-10-04
quibity,PT,portugal,Portugal,3GB 10 days - Portugal,3.0,10,data,6.2,USD,,esimdb.com,https://esimdb.com/portugal/quibity,2026-10-04
quibity,PT,portugal,Portugal,3GB 15 days - Portugal,3.0,15,data,6.4,USD,,esimdb.com,https://esimdb.com/portugal/quibity,2026-10-04
quibity,PT,portugal,Portugal,5GB 15 days - Portugal,5.0,15,data,7.7,USD,,esimdb.com,https://esimdb.com/portugal/quibity,2026-10-04
quibity,PT,portugal,Portugal,10GB 30 days - Portugal,10.0,30,data,12.7,USD,,esimdb.com,https://esimdb.com/portugal/quibity,2026-10-04
quibity,PT,portugal,Portugal,20GB 30 days - Portugal,20.0,30,data,22.8,USD,,esimdb.com,https://esimdb.com/portugal/quibity,2026-10-04
quibity,PT,portugal,Portugal,50GB 60 days - Portugal,50.0,60,data,50.6,USD,,esimdb.com,https://esimdb.com/portugal/quibity,2026-10-04
quibity,QA,qatar,Qatar,1GB 7 days - Qatar,1.0,7,data,5.8,USD,,esimdb.com,https://esimdb.com/qatar/quibity,2026-10-04
quibity,QA,qatar,Qatar,3GB 10 days - Qatar,3.0,10,data,9.9,USD,,esimdb.com,https://esimdb.com/qatar/quibity,2026-10-04
quibity,QA,qatar,Qatar,3GB 15 days - Qatar,3.0,15,data,10.4,USD,,esimdb.com,https://esimdb.com/qatar/quibity,2026-10-04
quibity,QA,qatar,Qatar,5GB 15 days - Qatar,5.0,15,data,14.4,USD,,esimdb.com,https://esimdb.com/qatar/quibity,2026-10-04
quibity,QA,qatar,Qatar,10GB 30 days - Qatar,10.0,30,data,25.8,USD,,esimdb.com,https://esimdb.com/qatar/quibity,2026-10-04
quibity,QA,qatar,Qatar,20GB 30 days - Qatar,20.0,30,data,48.4,USD,,esimdb.com,https://esimdb.com/qatar/quibity,2026-10-04
quibity,SA,saudi-arabia,Saudi Arabia,1GB 7 days - Saudi Arabia,1.0,7,data,6.7,USD,,esimdb.com,https://esimdb.com/saudi-arabia/quibity,2026-10-04
quibity,SA,saudi-arabia,Saudi Arabia,3GB 10 days - Saudi Arabia,3.0,10,data,13.4,USD,,esimdb.com,https://esimdb.com/saudi-arabia/quibity,2026-10-04
quibity,SA,saudi-arabia,Saudi Arabia,3GB 15 days - Saudi Arabia,3.0,15,data,14.1,USD,,esimdb.com,https://esimdb.com/saudi-arabia/quibity,2026-10-04
quibity,SA,saudi-arabia,Saudi Arabia,5GB 15 days - Saudi Arabia,5.0,15,data,19.9,USD,,esimdb.com,https://esimdb.com/saudi-arabia/quibity,2026-10-04
quibity,SA,saudi-arabia,Saudi Arabia,10GB 30 days - Saudi Arabia,10.0,30,data,36.9,USD,,esimdb.com,https://esimdb.com/saudi-arabia/quibity,2026-10-04
quibity,SA,saudi-arabia,Saudi Arabia,20GB 30 days - Saudi Arabia,20.0,30,data,69.8,USD,,esimdb.com,https://esimdb.com/saudi-arabia/quibity,2026-10-04
quibity,SG,singapore,Singapore,1GB 7 days - Singapore,1.0,7,data,5.5,USD,,esimdb.com,https://esimdb.com/singapore/quibity,2026-10-04
quibity,SG,singapore,Singapore,3GB 10 days - Singapore,3.0,10,data,8.1,USD,,esimdb.com,https://esimdb.com/singapore/quibity,2026-10-04
quibity,SG,singapore,Singapore,3GB 15 days - Singapore,3.0,15,data,8.4,USD,,esimdb.com,https://esimdb.com/singapore/quibity,2026-10-04
quibity,SG,singapore,Singapore,5GB 15 days - Singapore,5.0,15,data,11.5,USD,,esimdb.com,https://esimdb.com/singapore/quibity,2026-10-04
quibity,SG,singapore,Singapore,10GB 30 days - Singapore,10.0,30,data,20.6,USD,,esimdb.com,https://esimdb.com/singapore/quibity,2026-10-04
quibity,SG,singapore,Singapore,20GB 30 days - Singapore,20.0,30,data,36.4,USD,,esimdb.com,https://esimdb.com/singapore/quibity,2026-10-04
quibity,TH,thailand,Thailand,1GB 7 days - Thailand,1.0,7,data,5.1,USD,,esimdb.com,https://esimdb.com/thailand/quibity,2026-10-04
quibity,TH,thailand,Thailand,3GB 10 days - Thailand,3.0,10,data,7.3,USD,,esimdb.com,https://esimdb.com/thailand/quibity,2026-10-04
quibity,TH,thailand,Thailand,3GB 15 days - Thailand,3.0,15,data,7.7,USD,,esimdb.com,https://esimdb.com/thailand/quibity,2026-10-04
quibity,TH,thailand,Thailand,5GB 15 days - Thailand,5.0,15,data,10.4,USD,,esimdb.com,https://esimdb.com/thailand/quibity,2026-10-04
quibity,TH,thailand,Thailand,10GB 30 days - Thailand,10.0,30,data,18.0,USD,,esimdb.com,https://esimdb.com/thailand/quibity,2026-10-04
quibity,TH,thailand,Thailand,20GB 30 days - Thailand,20.0,30,data,35.0,USD,,esimdb.com,https://esimdb.com/thailand/quibity,2026-10-04
quibity,TH,thailand,Thailand,50GB 60 days - Thailand,50.0,60,data,77.7,USD,,esimdb.com,https://esimdb.com/thailand/quibity,2026-10-04
quibity,TR,turkiye,Turkiye,1GB 7 days - Turkey,1.0,7,data,2.9,USD,,esimdb.com,https://esimdb.com/turkey/quibity,2026-10-04
quibity,TR,turkiye,Turkiye,3GB 10 days - Turkey,3.0,10,data,4.7,USD,,esimdb.com,https://esimdb.com/turkey/quibity,2026-10-04
quibity,TR,turkiye,Turkiye,3GB 15 days - Turkey,3.0,15,data,5.0,USD,,esimdb.com,https://esimdb.com/turkey/quibity,2026-10-04
quibity,TR,turkiye,Turkiye,5GB 15 days - Turkey,5.0,15,data,7.7,USD,,esimdb.com,https://esimdb.com/turkey/quibity,2026-10-04
quibity,TR,turkiye,Turkiye,10GB 30 days - Turkey,10.0,30,data,12.8,USD,,esimdb.com,https://esimdb.com/turkey/quibity,2026-10-04
quibity,TR,turkiye,Turkiye,20GB 30 days - Turkey,20.0,30,data,24.9,USD,,esimdb.com,https://esimdb.com/turkey/quibity,2026-10-04
quibity,TR,turkiye,Turkiye,50GB 60 days - Turkey,50.0,60,data,58.9,USD,,esimdb.com,https://esimdb.com/turkey/quibity,2026-10-04
quibity,TW,taiwan,Taiwan,1GB 7 days - Taiwan,1.0,7,data,6.4,USD,,esimdb.com,https://esimdb.com/taiwan/quibity,2026-10-04
quibity,TW,taiwan,Taiwan,3GB 10 days - Taiwan,3.0,10,data,8.4,USD,,esimdb.com,https://esimdb.com/taiwan/quibity,2026-10-04
quibity,TW,taiwan,Taiwan,3GB 15 days - Taiwan,3.0,15,data,8.6,USD,,esimdb.com,https://esimdb.com/taiwan/quibity,2026-10-04
quibity,TW,taiwan,Taiwan,5GB 15 days - Taiwan,5.0,15,data,10.7,USD,,esimdb.com,https://esimdb.com/taiwan/quibity,2026-10-04
quibity,TW,taiwan,Taiwan,10GB 30 days - Taiwan,10.0,30,data,20.3,USD,,esimdb.com,https://esimdb.com/taiwan/quibity,2026-10-04
quibity,TW,taiwan,Taiwan,20GB 30 days - Taiwan,20.0,30,data,39.6,USD,,esimdb.com,https://esimdb.com/taiwan/quibity,2026-10-04
quibity,US,united-states,United States,1GB 7 days - United States,1.0,7,data,5.4,USD,,esimdb.com,https://esimdb.com/usa/quibity,2026-10-04
quibity,US,united-states,United States,3GB 10 days - United States,3.0,10,data,7.3,USD,,esimdb.com,https://esimdb.com/usa/quibity,2026-10-04
quibity,US,united-states,United States,3GB 15 days - United States,3.0,15,data,7.5,USD,,esimdb.com,https://esimdb.com/usa/quibity,2026-10-04
quibity,US,united-states,United States,5GB 15 days - United States,5.0,15,data,9.8,USD,,esimdb.com,https://esimdb.com/usa/quibity,2026-10-04
quibity,US,united-states,United States,10GB 30 days - United States,10.0,30,data,15.0,USD,,esimdb.com,https://esimdb.com/usa/quibity,2026-10-04
quibity,US,united-states,United States,20GB 30 days - United States,20.0,30,data,30.5,USD,,esimdb.com,https://esimdb.com/usa/quibity,2026-10-04
quibity,US,united-states,United States,50GB 60 days - United States,50.0,60,data,68.9,USD,,esimdb.com,https://esimdb.com/usa/quibity,2026-10-04
quibity,VN,vietnam,Vietnam,1GB 7 days - Vietnam,1.0,7,data,5.6,USD,,esimdb.com,https://esimdb.com/vietnam/quibity,2026-10-04
quibity,VN,vietnam,Vietnam,3GB 15 days - Vietnam,3.0,15,data,9.1,USD,,esimdb.com,https://esimdb.com/vietnam/quibity,2026-10-04
quibity,VN,vietnam,Vietnam,3GB 10 days - Vietnam,3.0,10,data,9.4,USD,,esimdb.com,https://esimdb.com/vietnam/quibity,2026-10-04
quibity,VN,vietnam,Vietnam,5GB 15 days - Vietnam,5.0,15,data,13.4,USD,,esimdb.com,https://esimdb.com/vietnam/quibity,2026-10-04
quibity,VN,vietnam,Vietnam,10GB 30 days - Vietnam,10.0,30,data,21.3,USD,,esimdb.com,https://esimdb.com/vietnam/quibity,2026-10-04
quibity,VN,vietnam,Vietnam,20GB 30 days - Vietnam,20.0,30,data,37.6,USD,,esimdb.com,https://esimdb.com/vietnam/quibity,2026-10-04
quibity,ZA,south-africa,South Africa,1GB 7 days - South Africa,1.0,7,data,3.3,USD,,esimdb.com,https://esimdb.com/south-africa/quibity,2026-10-04
quibity,ZA,south-africa,South Africa,3GB 10 days - South Africa,3.0,10,data,7.9,USD,,esimdb.com,https://esimdb.com/south-africa/quibity,2026-10-04
quibity,ZA,south-africa,South Africa,3GB 15 days - South Africa,3.0,15,data,8.2,USD,,esimdb.com,https://esimdb.com/south-africa/quibity,2026-10-04
quibity,ZA,south-africa,South Africa,5GB 15 days - South Africa,5.0,15,data,11.9,USD,,esimdb.com,https://esimdb.com/south-africa/quibity,2026-10-04
quibity,ZA,south-africa,South Africa,10GB 30 days - South Africa,10.0,30,data,22.0,USD,,esimdb.com,https://esimdb.com/south-africa/quibity,2026-10-04
roamless,AE,united-arab-emirates,United Arab Emirates,UAE - No Expiration,1.0,0,data,2.95,USD,,esimdb.com,https://esimdb.com/uae/roamless,2026-10-04
roamless,AE,united-arab-emirates,United Arab Emirates,UAE - 30 Days,1.0,30,data,3.95,USD,,esimdb.com,https://esimdb.com/uae/roamless,2026-10-04
roamless,AE,united-arab-emirates,United Arab Emirates,UAE - No Expiration,2.0,0,data,5.9,USD,,esimdb.com,https://esimdb.com/uae/roamless,2026-10-04
roamless,AE,united-arab-emirates,United Arab Emirates,UAE - No Expiration,3.0,0,data,8.85,USD,,esimdb.com,https://esimdb.com/uae/roamless,2026-10-04
roamless,AE,united-arab-emirates,United Arab Emirates,UAE - 30 Days,3.0,30,data,8.95,USD,,esimdb.com,https://esimdb.com/uae/roamless,2026-10-04
roamless,AE,united-arab-emirates,United Arab Emirates,UAE - No Expiration,4.0,0,data,11.8,USD,,esimdb.com,https://esimdb.com/uae/roamless,2026-10-04
roamless,AE,united-arab-emirates,United Arab Emirates,UAE - 30 Days,5.0,30,data,11.95,USD,,esimdb.com,https://esimdb.com/uae/roamless,2026-10-04
roamless,AE,united-arab-emirates,United Arab Emirates,UAE - No Expiration,5.0,0,data,14.75,USD,,esimdb.com,https://esimdb.com/uae/roamless,2026-10-04
roamless,AE,united-arab-emirates,United Arab Emirates,UAE - No Expiration,6.0,0,data,17.7,USD,,esimdb.com,https://esimdb.com/uae/roamless,2026-10-04
roamless,AE,united-arab-emirates,United Arab Emirates,UAE - 30 Days,10.0,30,data,19.95,USD,,esimdb.com,https://esimdb.com/uae/roamless,2026-10-04
roamless,AE,united-arab-emirates,United Arab Emirates,UAE - No Expiration,7.0,0,data,20.65,USD,,esimdb.com,https://esimdb.com/uae/roamless,2026-10-04
roamless,AE,united-arab-emirates,United Arab Emirates,UAE - No Expiration,8.0,0,data,23.6,USD,,esimdb.com,https://esimdb.com/uae/roamless,2026-10-04
roamless,AE,united-arab-emirates,United Arab Emirates,UAE - No Expiration,9.0,0,data,26.55,USD,,esimdb.com,https://esimdb.com/uae/roamless,2026-10-04
roamless,AE,united-arab-emirates,United Arab Emirates,UAE - No Expiration,10.0,0,data,29.5,USD,,esimdb.com,https://esimdb.com/uae/roamless,2026-10-04
roamless,AE,united-arab-emirates,United Arab Emirates,UAE - 30 Days,20.0,30,data,36.45,USD,,esimdb.com,https://esimdb.com/uae/roamless,2026-10-04
roamless,AE,united-arab-emirates,United Arab Emirates,UAE - No Expiration,15.0,0,data,44.25,USD,,esimdb.com,https://esimdb.com/uae/roamless,2026-10-04
roamless,AE,united-arab-emirates,United Arab Emirates,UAE - No Expiration,20.0,0,data,59.0,USD,,esimdb.com,https://esimdb.com/uae/roamless,2026-10-04
roamless,AE,united-arab-emirates,United Arab Emirates,UAE - No Expiration,25.0,0,data,73.75,USD,,esimdb.com,https://esimdb.com/uae/roamless,2026-10-04
roamless,AE,united-arab-emirates,United Arab Emirates,UAE - 30 Days,50.0,30,data,81.95,USD,,esimdb.com,https://esimdb.com/uae/roamless,2026-10-04
roamless,AE,united-arab-emirates,United Arab Emirates,UAE - No Expiration,30.0,0,data,88.5,USD,,esimdb.com,https://esimdb.com/uae/roamless,2026-10-04
roamless,AE,united-arab-emirates,United Arab Emirates,UAE - No Expiration,35.0,0,data,103.25,USD,,esimdb.com,https://esimdb.com/uae/roamless,2026-10-04
roamless,AE,united-arab-emirates,United Arab Emirates,UAE - No Expiration,40.0,0,data,118.0,USD,,esimdb.com,https://esimdb.com/uae/roamless,2026-10-04
roamless,AE,united-arab-emirates,United Arab Emirates,UAE - No Expiration,45.0,0,data,132.75,USD,,esimdb.com,https://esimdb.com/uae/roamless,2026-10-04
roamless,AE,united-arab-emirates,United Arab Emirates,UAE - No Expiration,50.0,0,data,147.5,USD,,esimdb.com,https://esimdb.com/uae/roamless,2026-10-04
roamless,AE,united-arab-emirates,United Arab Emirates,UAE - No Expiration,100.0,0,data,295.0,USD,,esimdb.com,https://esimdb.com/uae/roamless,2026-10-04
roamless,AR,argentina,Argentina,Argentina - No Expiration,1.0,0,data,3.45,USD,,esimdb.com,https://esimdb.com/argentina/roamless,2026-10-04
roamless,AR,argentina,Argentina,Argentina - 30 Days,1.0,30,data,4.95,USD,,esimdb.com,https://esimdb.com/argentina/roamless,2026-10-04
roamless,AR,argentina,Argentina,Argentina - No Expiration,2.0,0,data,6.9,USD,,esimdb.com,https://esimdb.com/argentina/roamless,2026-10-04
roamless,AR,argentina,Argentina,Argentina - 30 Days,3.0,30,data,9.95,USD,,esimdb.com,https://esimdb.com/argentina/roamless,2026-10-04
roamless,AR,argentina,Argentina,Argentina - No Expiration,3.0,0,data,10.35,USD,,esimdb.com,https://esimdb.com/argentina/roamless,2026-10-04
roamless,AR,argentina,Argentina,Argentina - No Expiration,4.0,0,data,13.8,USD,,esimdb.com,https://esimdb.com/argentina/roamless,2026-10-04
roamless,AR,argentina,Argentina,Argentina - 30 Days,5.0,30,data,16.45,USD,,esimdb.com,https://esimdb.com/argentina/roamless,2026-10-04
roamless,AR,argentina,Argentina,Argentina - No Expiration,5.0,0,data,17.25,USD,,esimdb.com,https://esimdb.com/argentina/roamless,2026-10-04
roamless,AR,argentina,Argentina,Argentina - No Expiration,6.0,0,data,20.7,USD,,esimdb.com,https://esimdb.com/argentina/roamless,2026-10-04
roamless,AR,argentina,Argentina,Argentina - No Expiration,7.0,0,data,24.15,USD,,esimdb.com,https://esimdb.com/argentina/roamless,2026-10-04
roamless,AR,argentina,Argentina,Argentina - No Expiration,8.0,0,data,27.6,USD,,esimdb.com,https://esimdb.com/argentina/roamless,2026-10-04
roamless,AR,argentina,Argentina,Argentina - 30 Days,10.0,30,data,29.95,USD,,esimdb.com,https://esimdb.com/argentina/roamless,2026-10-04
roamless,AR,argentina,Argentina,Argentina - No Expiration,9.0,0,data,31.05,USD,,esimdb.com,https://esimdb.com/argentina/roamless,2026-10-04
roamless,AR,argentina,Argentina,Argentina - No Expiration,10.0,0,data,34.5,USD,,esimdb.com,https://esimdb.com/argentina/roamless,2026-10-04
roamless,AR,argentina,Argentina,Argentina - 30 Days,20.0,30,data,46.95,USD,,esimdb.com,https://esimdb.com/argentina/roamless,2026-10-04
roamless,AR,argentina,Argentina,Argentina - No Expiration,15.0,0,data,51.75,USD,,esimdb.com,https://esimdb.com/argentina/roamless,2026-10-04
roamless,AR,argentina,Argentina,Argentina - No Expiration,20.0,0,data,69.0,USD,,esimdb.com,https://esimdb.com/argentina/roamless,2026-10-04
roamless,AR,argentina,Argentina,Argentina - No Expiration,25.0,0,data,86.25,USD,,esimdb.com,https://esimdb.com/argentina/roamless,2026-10-04
roamless,AR,argentina,Argentina,Argentina - 30 Days,50.0,30,data,93.95,USD,,esimdb.com,https://esimdb.com/argentina/roamless,2026-10-04
roamless,AR,argentina,Argentina,Argentina - No Expiration,30.0,0,data,103.5,USD,,esimdb.com,https://esimdb.com/argentina/roamless,2026-10-04
roamless,AR,argentina,Argentina,Argentina - No Expiration,35.0,0,data,120.75,USD,,esimdb.com,https://esimdb.com/argentina/roamless,2026-10-04
roamless,AR,argentina,Argentina,Argentina - No Expiration,40.0,0,data,138.0,USD,,esimdb.com,https://esimdb.com/argentina/roamless,2026-10-04
roamless,AR,argentina,Argentina,Argentina - No Expiration,45.0,0,data,155.25,USD,,esimdb.com,https://esimdb.com/argentina/roamless,2026-10-04
roamless,AR,argentina,Argentina,Argentina - No Expiration,50.0,0,data,172.5,USD,,esimdb.com,https://esimdb.com/argentina/roamless,2026-10-04
roamless,AR,argentina,Argentina,Argentina - No Expiration,100.0,0,data,345.0,USD,,esimdb.com,https://esimdb.com/argentina/roamless,2026-10-04
roamless,AT,austria,Austria,Austria - No Expiration,1.0,0,data,1.95,USD,,esimdb.com,https://esimdb.com/austria/roamless,2026-10-04
roamless,AT,austria,Austria,Austria - No Expiration,2.0,0,data,3.9,USD,,esimdb.com,https://esimdb.com/austria/roamless,2026-10-04
roamless,AT,austria,Austria,Austria - 30 Days,1.0,30,data,3.95,USD,,esimdb.com,https://esimdb.com/austria/roamless,2026-10-04
roamless,AT,austria,Austria,Austria - No Expiration,3.0,0,data,5.85,USD,,esimdb.com,https://esimdb.com/austria/roamless,2026-10-04
roamless,AT,austria,Austria,Austria - 30 Days,3.0,30,data,5.95,USD,,esimdb.com,https://esimdb.com/austria/roamless,2026-10-04
roamless,AT,austria,Austria,Austria - No Expiration,4.0,0,data,7.8,USD,,esimdb.com,https://esimdb.com/austria/roamless,2026-10-04
roamless,AT,austria,Austria,Austria - 30 Days,5.0,30,data,7.95,USD,,esimdb.com,https://esimdb.com/austria/roamless,2026-10-04
roamless,AT,austria,Austria,Austria - No Expiration,5.0,0,data,9.75,USD,,esimdb.com,https://esimdb.com/austria/roamless,2026-10-04
roamless,AT,austria,Austria,Austria - 30 Days,10.0,30,data,10.95,USD,,esimdb.com,https://esimdb.com/austria/roamless,2026-10-04
roamless,AT,austria,Austria,Austria - No Expiration,6.0,0,data,11.7,USD,,esimdb.com,https://esimdb.com/austria/roamless,2026-10-04
roamless,AT,austria,Austria,Austria - No Expiration,7.0,0,data,13.65,USD,,esimdb.com,https://esimdb.com/austria/roamless,2026-10-04
roamless,AT,austria,Austria,Austria - No Expiration,8.0,0,data,15.6,USD,,esimdb.com,https://esimdb.com/austria/roamless,2026-10-04
roamless,AT,austria,Austria,Austria - 30 Days,20.0,30,data,15.95,USD,,esimdb.com,https://esimdb.com/austria/roamless,2026-10-04
roamless,AT,austria,Austria,Austria - No Expiration,9.0,0,data,17.55,USD,,esimdb.com,https://esimdb.com/austria/roamless,2026-10-04
roamless,AT,austria,Austria,Austria - No Expiration,10.0,0,data,19.5,USD,,esimdb.com,https://esimdb.com/austria/roamless,2026-10-04
roamless,AT,austria,Austria,Austria - 30 Days,50.0,30,data,28.95,USD,,esimdb.com,https://esimdb.com/austria/roamless,2026-10-04
roamless,AT,austria,Austria,Austria - No Expiration,15.0,0,data,29.25,USD,,esimdb.com,https://esimdb.com/austria/roamless,2026-10-04
roamless,AT,austria,Austria,Austria - No Expiration,20.0,0,data,39.0,USD,,esimdb.com,https://esimdb.com/austria/roamless,2026-10-04
roamless,AT,austria,Austria,Austria - No Expiration,25.0,0,data,48.75,USD,,esimdb.com,https://esimdb.com/austria/roamless,2026-10-04
roamless,AT,austria,Austria,Austria - No Expiration,30.0,0,data,58.5,USD,,esimdb.com,https://esimdb.com/austria/roamless,2026-10-04
roamless,AT,austria,Austria,Austria - No Expiration,35.0,0,data,68.25,USD,,esimdb.com,https://esimdb.com/austria/roamless,2026-10-04
roamless,AT,austria,Austria,Austria - No Expiration,40.0,0,data,78.0,USD,,esimdb.com,https://esimdb.com/austria/roamless,2026-10-04
roamless,AT,austria,Austria,Austria - No Expiration,45.0,0,data,87.75,USD,,esimdb.com,https://esimdb.com/austria/roamless,2026-10-04
roamless,AT,austria,Austria,Austria - No Expiration,50.0,0,data,97.5,USD,,esimdb.com,https://esimdb.com/austria/roamless,2026-10-04
roamless,AT,austria,Austria,Austria - No Expiration,100.0,0,data,195.0,USD,,esimdb.com,https://esimdb.com/austria/roamless,2026-10-04
roamless,AT,austria,Austria,Austria - No Expiration,150.0,0,data,292.5,USD,,esimdb.com,https://esimdb.com/austria/roamless,2026-10-04
roamless,AT,austria,Austria,Austria - No Expiration,200.0,0,data,390.0,USD,,esimdb.com,https://esimdb.com/austria/roamless,2026-10-04
roamless,AU,australia,Australia,Australia - No Expiration,1.0,0,data,2.45,USD,,esimdb.com,https://esimdb.com/australia/roamless,2026-10-04
roamless,AU,australia,Australia,Australia - 30 Days,1.0,30,data,3.95,USD,,esimdb.com,https://esimdb.com/australia/roamless,2026-10-04
roamless,AU,australia,Australia,Australia - No Expiration,2.0,0,data,4.9,USD,,esimdb.com,https://esimdb.com/australia/roamless,2026-10-04
roamless,AU,australia,Australia,Australia - No Expiration,3.0,0,data,7.35,USD,,esimdb.com,https://esimdb.com/australia/roamless,2026-10-04
roamless,AU,australia,Australia,Australia - 30 Days,3.0,30,data,7.95,USD,,esimdb.com,https://esimdb.com/australia/roamless,2026-10-04
roamless,AU,australia,Australia,Australia - No Expiration,4.0,0,data,9.8,USD,,esimdb.com,https://esimdb.com/australia/roamless,2026-10-04
roamless,AU,australia,Australia,Australia - 30 Days,5.0,30,data,10.95,USD,,esimdb.com,https://esimdb.com/australia/roamless,2026-10-04
roamless,AU,australia,Australia,Australia - No Expiration,5.0,0,data,12.25,USD,,esimdb.com,https://esimdb.com/australia/roamless,2026-10-04
roamless,AU,australia,Australia,Australia - No Expiration,6.0,0,data,14.7,USD,,esimdb.com,https://esimdb.com/australia/roamless,2026-10-04
roamless,AU,australia,Australia,Australia - No Expiration,7.0,0,data,17.15,USD,,esimdb.com,https://esimdb.com/australia/roamless,2026-10-04
roamless,AU,australia,Australia,Australia - 30 Days,10.0,30,data,17.95,USD,,esimdb.com,https://esimdb.com/australia/roamless,2026-10-04
roamless,AU,australia,Australia,Australia - No Expiration,8.0,0,data,19.6,USD,,esimdb.com,https://esimdb.com/australia/roamless,2026-10-04
roamless,AU,australia,Australia,Australia - No Expiration,9.0,0,data,22.05,USD,,esimdb.com,https://esimdb.com/australia/roamless,2026-10-04
roamless,AU,australia,Australia,Australia - No Expiration,10.0,0,data,24.5,USD,,esimdb.com,https://esimdb.com/australia/roamless,2026-10-04
roamless,AU,australia,Australia,Australia - 30 Days,20.0,30,data,29.95,USD,,esimdb.com,https://esimdb.com/australia/roamless,2026-10-04
roamless,AU,australia,Australia,Australia - No Expiration,15.0,0,data,36.75,USD,,esimdb.com,https://esimdb.com/australia/roamless,2026-10-04
roamless,AU,australia,Australia,Australia - 30 Days,50.0,30,data,44.95,USD,,esimdb.com,https://esimdb.com/australia/roamless,2026-10-04
roamless,AU,australia,Australia,Australia - No Expiration,20.0,0,data,49.0,USD,,esimdb.com,https://esimdb.com/australia/roamless,2026-10-04
roamless,AU,australia,Australia,Australia - No Expiration,25.0,0,data,61.25,USD,,esimdb.com,https://esimdb.com/australia/roamless,2026-10-04
roamless,AU,australia,Australia,Australia - No Expiration,30.0,0,data,73.5,USD,,esimdb.com,https://esimdb.com/australia/roamless,2026-10-04
roamless,AU,australia,Australia,Australia - No Expiration,35.0,0,data,85.75,USD,,esimdb.com,https://esimdb.com/australia/roamless,2026-10-04
roamless,AU,australia,Australia,Australia - No Expiration,40.0,0,data,98.0,USD,,esimdb.com,https://esimdb.com/australia/roamless,2026-10-04
roamless,AU,australia,Australia,Australia - No Expiration,45.0,0,data,110.25,USD,,esimdb.com,https://esimdb.com/australia/roamless,2026-10-04
roamless,AU,australia,Australia,Australia - No Expiration,50.0,0,data,122.5,USD,,esimdb.com,https://esimdb.com/australia/roamless,2026-10-04
roamless,AU,australia,Australia,Australia - No Expiration,100.0,0,data,245.0,USD,,esimdb.com,https://esimdb.com/australia/roamless,2026-10-04
roamless,AU,australia,Australia,Australia - No Expiration,150.0,0,data,367.5,USD,,esimdb.com,https://esimdb.com/australia/roamless,2026-10-04
roamless,AU,australia,Australia,Australia - No Expiration,200.0,0,data,490.0,USD,,esimdb.com,https://esimdb.com/australia/roamless,2026-10-04
roamless,BE,belgium,Belgium,Belgium - No Expiration,1.0,0,data,1.95,USD,,esimdb.com,https://esimdb.com/belgium/roamless,2026-10-04
roamless,BE,belgium,Belgium,Belgium - No Expiration,2.0,0,data,3.9,USD,,esimdb.com,https://esimdb.com/belgium/roamless,2026-10-04
roamless,BE,belgium,Belgium,Belgium - 30 Days,1.0,30,data,3.95,USD,,esimdb.com,https://esimdb.com/belgium/roamless,2026-10-04
roamless,BE,belgium,Belgium,Belgium - No Expiration,3.0,0,data,5.85,USD,,esimdb.com,https://esimdb.com/belgium/roamless,2026-10-04
roamless,BE,belgium,Belgium,Belgium - 30 Days,3.0,30,data,5.95,USD,,esimdb.com,https://esimdb.com/belgium/roamless,2026-10-04
roamless,BE,belgium,Belgium,Belgium - No Expiration,4.0,0,data,7.8,USD,,esimdb.com,https://esimdb.com/belgium/roamless,2026-10-04
roamless,BE,belgium,Belgium,Belgium - 30 Days,5.0,30,data,8.45,USD,,esimdb.com,https://esimdb.com/belgium/roamless,2026-10-04
roamless,BE,belgium,Belgium,Belgium - No Expiration,5.0,0,data,9.75,USD,,esimdb.com,https://esimdb.com/belgium/roamless,2026-10-04
roamless,BE,belgium,Belgium,Belgium - No Expiration,6.0,0,data,11.7,USD,,esimdb.com,https://esimdb.com/belgium/roamless,2026-10-04
roamless,BE,belgium,Belgium,Belgium - 30 Days,10.0,30,data,12.95,USD,,esimdb.com,https://esimdb.com/belgium/roamless,2026-10-04
roamless,BE,belgium,Belgium,Belgium - No Expiration,7.0,0,data,13.65,USD,,esimdb.com,https://esimdb.com/belgium/roamless,2026-10-04
roamless,BE,belgium,Belgium,Belgium - No Expiration,8.0,0,data,15.6,USD,,esimdb.com,https://esimdb.com/belgium/roamless,2026-10-04
roamless,BE,belgium,Belgium,Belgium - No Expiration,9.0,0,data,17.55,USD,,esimdb.com,https://esimdb.com/belgium/roamless,2026-10-04
roamless,BE,belgium,Belgium,Belgium - No Expiration,10.0,0,data,19.5,USD,,esimdb.com,https://esimdb.com/belgium/roamless,2026-10-04
roamless,BE,belgium,Belgium,Belgium - 30 Days,20.0,30,data,19.95,USD,,esimdb.com,https://esimdb.com/belgium/roamless,2026-10-04
roamless,BE,belgium,Belgium,Belgium - No Expiration,15.0,0,data,29.25,USD,,esimdb.com,https://esimdb.com/belgium/roamless,2026-10-04
roamless,BE,belgium,Belgium,Belgium - 30 Days,50.0,30,data,32.45,USD,,esimdb.com,https://esimdb.com/belgium/roamless,2026-10-04
roamless,BE,belgium,Belgium,Belgium - No Expiration,20.0,0,data,39.0,USD,,esimdb.com,https://esimdb.com/belgium/roamless,2026-10-04
roamless,BE,belgium,Belgium,Belgium - No Expiration,25.0,0,data,48.75,USD,,esimdb.com,https://esimdb.com/belgium/roamless,2026-10-04
roamless,BE,belgium,Belgium,Belgium - No Expiration,30.0,0,data,58.5,USD,,esimdb.com,https://esimdb.com/belgium/roamless,2026-10-04
roamless,BE,belgium,Belgium,Belgium - No Expiration,35.0,0,data,68.25,USD,,esimdb.com,https://esimdb.com/belgium/roamless,2026-10-04
roamless,BE,belgium,Belgium,Belgium - No Expiration,40.0,0,data,78.0,USD,,esimdb.com,https://esimdb.com/belgium/roamless,2026-10-04
roamless,BE,belgium,Belgium,Belgium - No Expiration,45.0,0,data,87.75,USD,,esimdb.com,https://esimdb.com/belgium/roamless,2026-10-04
roamless,BE,belgium,Belgium,Belgium - No Expiration,50.0,0,data,97.5,USD,,esimdb.com,https://esimdb.com/belgium/roamless,2026-10-04
roamless,BE,belgium,Belgium,Belgium - No Expiration,100.0,0,data,195.0,USD,,esimdb.com,https://esimdb.com/belgium/roamless,2026-10-04
roamless,BE,belgium,Belgium,Belgium - No Expiration,150.0,0,data,292.5,USD,,esimdb.com,https://esimdb.com/belgium/roamless,2026-10-04
roamless,BE,belgium,Belgium,Belgium - No Expiration,200.0,0,data,390.0,USD,,esimdb.com,https://esimdb.com/belgium/roamless,2026-10-04
roamless,BR,brazil,Brazil,Brazil - No Expiration,1.0,0,data,2.95,USD,,esimdb.com,https://esimdb.com/brazil/roamless,2026-10-04
roamless,BR,brazil,Brazil,Brazil - 30 Days,1.0,30,data,3.95,USD,,esimdb.com,https://esimdb.com/brazil/roamless,2026-10-04
roamless,BR,brazil,Brazil,Brazil - No Expiration,2.0,0,data,5.9,USD,,esimdb.com,https://esimdb.com/brazil/roamless,2026-10-04
roamless,BR,brazil,Brazil,Brazil - No Expiration,3.0,0,data,8.85,USD,,esimdb.com,https://esimdb.com/brazil/roamless,2026-10-04
roamless,BR,brazil,Brazil,Brazil - 30 Days,3.0,30,data,9.45,USD,,esimdb.com,https://esimdb.com/brazil/roamless,2026-10-04
roamless,BR,brazil,Brazil,Brazil - No Expiration,4.0,0,data,11.8,USD,,esimdb.com,https://esimdb.com/brazil/roamless,2026-10-04
roamless,BR,brazil,Brazil,Brazil - 30 Days,5.0,30,data,12.95,USD,,esimdb.com,https://esimdb.com/brazil/roamless,2026-10-04
roamless,BR,brazil,Brazil,Brazil - No Expiration,5.0,0,data,14.75,USD,,esimdb.com,https://esimdb.com/brazil/roamless,2026-10-04
roamless,BR,brazil,Brazil,Brazil - No Expiration,6.0,0,data,17.7,USD,,esimdb.com,https://esimdb.com/brazil/roamless,2026-10-04
roamless,BR,brazil,Brazil,Brazil - No Expiration,7.0,0,data,20.65,USD,,esimdb.com,https://esimdb.com/brazil/roamless,2026-10-04
roamless,BR,brazil,Brazil,Brazil - 30 Days,10.0,30,data,22.95,USD,,esimdb.com,https://esimdb.com/brazil/roamless,2026-10-04
roamless,BR,brazil,Brazil,Brazil - No Expiration,8.0,0,data,23.6,USD,,esimdb.com,https://esimdb.com/brazil/roamless,2026-10-04
roamless,BR,brazil,Brazil,Brazil - No Expiration,9.0,0,data,26.55,USD,,esimdb.com,https://esimdb.com/brazil/roamless,2026-10-04
roamless,BR,brazil,Brazil,Brazil - No Expiration,10.0,0,data,29.5,USD,,esimdb.com,https://esimdb.com/brazil/roamless,2026-10-04
roamless,BR,brazil,Brazil,Brazil - 30 Days,20.0,30,data,35.95,USD,,esimdb.com,https://esimdb.com/brazil/roamless,2026-10-04
roamless,BR,brazil,Brazil,Brazil - No Expiration,15.0,0,data,44.25,USD,,esimdb.com,https://esimdb.com/brazil/roamless,2026-10-04
roamless,BR,brazil,Brazil,Brazil - No Expiration,20.0,0,data,59.0,USD,,esimdb.com,https://esimdb.com/brazil/roamless,2026-10-04
roamless,BR,brazil,Brazil,Brazil - 30 Days,50.0,30,data,71.95,USD,,esimdb.com,https://esimdb.com/brazil/roamless,2026-10-04
roamless,BR,brazil,Brazil,Brazil - No Expiration,25.0,0,data,73.75,USD,,esimdb.com,https://esimdb.com/brazil/roamless,2026-10-04
roamless,BR,brazil,Brazil,Brazil - No Expiration,30.0,0,data,88.5,USD,,esimdb.com,https://esimdb.com/brazil/roamless,2026-10-04
roamless,BR,brazil,Brazil,Brazil - No Expiration,35.0,0,data,103.25,USD,,esimdb.com,https://esimdb.com/brazil/roamless,2026-10-04
roamless,BR,brazil,Brazil,Brazil - No Expiration,40.0,0,data,118.0,USD,,esimdb.com,https://esimdb.com/brazil/roamless,2026-10-04
roamless,BR,brazil,Brazil,Brazil - No Expiration,45.0,0,data,132.75,USD,,esimdb.com,https://esimdb.com/brazil/roamless,2026-10-04
roamless,BR,brazil,Brazil,Brazil - No Expiration,50.0,0,data,147.5,USD,,esimdb.com,https://esimdb.com/brazil/roamless,2026-10-04
roamless,BR,brazil,Brazil,Brazil - No Expiration,100.0,0,data,295.0,USD,,esimdb.com,https://esimdb.com/brazil/roamless,2026-10-04
roamless,CA,canada,Canada,Canada - No Expiration,1.0,0,data,2.45,USD,,esimdb.com,https://esimdb.com/canada/roamless,2026-10-04
roamless,CA,canada,Canada,Canada - No Expiration,2.0,0,data,4.9,USD,,esimdb.com,https://esimdb.com/canada/roamless,2026-10-04
roamless,CA,canada,Canada,Canada - 30 Days,1.0,30,data,4.95,USD,,esimdb.com,https://esimdb.com/canada/roamless,2026-10-04
roamless,CA,canada,Canada,Canada - No Expiration,3.0,0,data,7.35,USD,,esimdb.com,https://esimdb.com/canada/roamless,2026-10-04
roamless,CA,canada,Canada,Canada - 30 Days,3.0,30,data,8.95,USD,,esimdb.com,https://esimdb.com/canada/roamless,2026-10-04
roamless,CA,canada,Canada,Canada - No Expiration,4.0,0,data,9.8,USD,,esimdb.com,https://esimdb.com/canada/roamless,2026-10-04
roamless,CA,canada,Canada,Canada - No Expiration,5.0,0,data,12.25,USD,,esimdb.com,https://esimdb.com/canada/roamless,2026-10-04
roamless,CA,canada,Canada,Canada - 30 Days,5.0,30,data,14.45,USD,,esimdb.com,https://esimdb.com/canada/roamless,2026-10-04
roamless,CA,canada,Canada,Canada - No Expiration,6.0,0,data,14.7,USD,,esimdb.com,https://esimdb.com/canada/roamless,2026-10-04
roamless,CA,canada,Canada,Canada - No Expiration,7.0,0,data,17.15,USD,,esimdb.com,https://esimdb.com/canada/roamless,2026-10-04
roamless,CA,canada,Canada,Canada - No Expiration,8.0,0,data,19.6,USD,,esimdb.com,https://esimdb.com/canada/roamless,2026-10-04
roamless,CA,canada,Canada,Canada - No Expiration,9.0,0,data,22.05,USD,,esimdb.com,https://esimdb.com/canada/roamless,2026-10-04
roamless,CA,canada,Canada,Canada - 30 Days,10.0,30,data,22.95,USD,,esimdb.com,https://esimdb.com/canada/roamless,2026-10-04
roamless,CA,canada,Canada,Canada - No Expiration,10.0,0,data,24.5,USD,,esimdb.com,https://esimdb.com/canada/roamless,2026-10-04
roamless,CA,canada,Canada,Canada - No Expiration,15.0,0,data,36.75,USD,,esimdb.com,https://esimdb.com/canada/roamless,2026-10-04
roamless,CA,canada,Canada,Canada - 30 Days,20.0,30,data,36.95,USD,,esimdb.com,https://esimdb.com/canada/roamless,2026-10-04
roamless,CA,canada,Canada,Canada - No Expiration,20.0,0,data,49.0,USD,,esimdb.com,https://esimdb.com/canada/roamless,2026-10-04
roamless,CA,canada,Canada,Canada - No Expiration,25.0,0,data,61.25,USD,,esimdb.com,https://esimdb.com/canada/roamless,2026-10-04
roamless,CA,canada,Canada,Canada - No Expiration,30.0,0,data,73.5,USD,,esimdb.com,https://esimdb.com/canada/roamless,2026-10-04
roamless,CA,canada,Canada,Canada - 30 Days,50.0,30,data,83.95,USD,,esimdb.com,https://esimdb.com/canada/roamless,2026-10-04
roamless,CA,canada,Canada,Canada - No Expiration,35.0,0,data,85.75,USD,,esimdb.com,https://esimdb.com/canada/roamless,2026-10-04
roamless,CA,canada,Canada,Canada - No Expiration,40.0,0,data,98.0,USD,,esimdb.com,https://esimdb.com/canada/roamless,2026-10-04
roamless,CA,canada,Canada,Canada - No Expiration,45.0,0,data,110.25,USD,,esimdb.com,https://esimdb.com/canada/roamless,2026-10-04
roamless,CA,canada,Canada,Canada - No Expiration,50.0,0,data,122.5,USD,,esimdb.com,https://esimdb.com/canada/roamless,2026-10-04
roamless,CA,canada,Canada,Canada - No Expiration,100.0,0,data,245.0,USD,,esimdb.com,https://esimdb.com/canada/roamless,2026-10-04
roamless,CA,canada,Canada,Canada - No Expiration,150.0,0,data,367.5,USD,,esimdb.com,https://esimdb.com/canada/roamless,2026-10-04
roamless,CA,canada,Canada,Canada - No Expiration,200.0,0,data,490.0,USD,,esimdb.com,https://esimdb.com/canada/roamless,2026-10-04
roamless,CH,switzerland,Switzerland,Switzerland - No Expiration,1.0,0,data,1.95,USD,,esimdb.com,https://esimdb.com/switzerland/roamless,2026-10-04
roamless,CH,switzerland,Switzerland,Switzerland - No Expiration,2.0,0,data,3.9,USD,,esimdb.com,https://esimdb.com/switzerland/roamless,2026-10-04
roamless,CH,switzerland,Switzerland,Switzerland - 30 Days,1.0,30,data,3.95,USD,,esimdb.com,https://esimdb.com/switzerland/roamless,2026-10-04
roamless,CH,switzerland,Switzerland,Switzerland - No Expiration,3.0,0,data,5.85,USD,,esimdb.com,https://esimdb.com/switzerland/roamless,2026-10-04
roamless,CH,switzerland,Switzerland,Switzerland - No Expiration,4.0,0,data,7.8,USD,,esimdb.com,https://esimdb.com/switzerland/roamless,2026-10-04
roamless,CH,switzerland,Switzerland,Switzerland - 30 Days,3.0,30,data,8.95,USD,,esimdb.com,https://esimdb.com/switzerland/roamless,2026-10-04
roamless,CH,switzerland,Switzerland,Switzerland - No Expiration,5.0,0,data,9.75,USD,,esimdb.com,https://esimdb.com/switzerland/roamless,2026-10-04
roamless,CH,switzerland,Switzerland,Switzerland - No Expiration,6.0,0,data,11.7,USD,,esimdb.com,https://esimdb.com/switzerland/roamless,2026-10-04
roamless,CH,switzerland,Switzerland,Switzerland - No Expiration,7.0,0,data,13.65,USD,,esimdb.com,https://esimdb.com/switzerland/roamless,2026-10-04
roamless,CH,switzerland,Switzerland,Switzerland - 30 Days,5.0,30,data,13.95,USD,,esimdb.com,https://esimdb.com/switzerland/roamless,2026-10-04
roamless,CH,switzerland,Switzerland,Switzerland - No Expiration,8.0,0,data,15.6,USD,,esimdb.com,https://esimdb.com/switzerland/roamless,2026-10-04
roamless,CH,switzerland,Switzerland,Switzerland - No Expiration,9.0,0,data,17.55,USD,,esimdb.com,https://esimdb.com/switzerland/roamless,2026-10-04
roamless,CH,switzerland,Switzerland,Switzerland - No Expiration,10.0,0,data,19.5,USD,,esimdb.com,https://esimdb.com/switzerland/roamless,2026-10-04
roamless,CH,switzerland,Switzerland,Switzerland - 30 Days,10.0,30,data,22.95,USD,,esimdb.com,https://esimdb.com/switzerland/roamless,2026-10-04
roamless,CH,switzerland,Switzerland,Switzerland - No Expiration,15.0,0,data,29.25,USD,,esimdb.com,https://esimdb.com/switzerland/roamless,2026-10-04
roamless,CH,switzerland,Switzerland,Switzerland - 30 Days,20.0,30,data,35.95,USD,,esimdb.com,https://esimdb.com/switzerland/roamless,2026-10-04
roamless,CH,switzerland,Switzerland,Switzerland - No Expiration,20.0,0,data,39.0,USD,,esimdb.com,https://esimdb.com/switzerland/roamless,2026-10-04
roamless,CH,switzerland,Switzerland,Switzerland - 30 Days,50.0,30,data,44.95,USD,,esimdb.com,https://esimdb.com/switzerland/roamless,2026-10-04
roamless,CH,switzerland,Switzerland,Switzerland - No Expiration,25.0,0,data,48.75,USD,,esimdb.com,https://esimdb.com/switzerland/roamless,2026-10-04
roamless,CH,switzerland,Switzerland,Switzerland - No Expiration,30.0,0,data,58.5,USD,,esimdb.com,https://esimdb.com/switzerland/roamless,2026-10-04
roamless,CH,switzerland,Switzerland,Switzerland - No Expiration,35.0,0,data,68.25,USD,,esimdb.com,https://esimdb.com/switzerland/roamless,2026-10-04
roamless,CH,switzerland,Switzerland,Switzerland - No Expiration,40.0,0,data,78.0,USD,,esimdb.com,https://esimdb.com/switzerland/roamless,2026-10-04
roamless,CH,switzerland,Switzerland,Switzerland - No Expiration,45.0,0,data,87.75,USD,,esimdb.com,https://esimdb.com/switzerland/roamless,2026-10-04
roamless,CH,switzerland,Switzerland,Switzerland - No Expiration,50.0,0,data,97.5,USD,,esimdb.com,https://esimdb.com/switzerland/roamless,2026-10-04
roamless,CH,switzerland,Switzerland,Switzerland - No Expiration,100.0,0,data,195.0,USD,,esimdb.com,https://esimdb.com/switzerland/roamless,2026-10-04
roamless,CH,switzerland,Switzerland,Switzerland - No Expiration,150.0,0,data,292.5,USD,,esimdb.com,https://esimdb.com/switzerland/roamless,2026-10-04
roamless,CH,switzerland,Switzerland,Switzerland - No Expiration,200.0,0,data,390.0,USD,,esimdb.com,https://esimdb.com/switzerland/roamless,2026-10-04
roamless,CN,china,China,China - No Expiration,1.0,0,data,2.45,USD,,esimdb.com,https://esimdb.com/china/roamless,2026-10-04
roamless,CN,china,China,China - 30 Days,1.0,30,data,3.95,USD,,esimdb.com,https://esimdb.com/china/roamless,2026-10-04
roamless,CN,china,China,China - No Expiration,2.0,0,data,4.9,USD,,esimdb.com,https://esimdb.com/china/roamless,2026-10-04
roamless,CN,china,China,China - No Expiration,3.0,0,data,7.35,USD,,esimdb.com,https://esimdb.com/china/roamless,2026-10-04
roamless,CN,china,China,China - No Expiration,4.0,0,data,9.8,USD,,esimdb.com,https://esimdb.com/china/roamless,2026-10-04
roamless,CN,china,China,China - 30 Days,3.0,30,data,10.45,USD,,esimdb.com,https://esimdb.com/china/roamless,2026-10-04
roamless,CN,china,China,China - No Expiration,5.0,0,data,12.25,USD,,esimdb.com,https://esimdb.com/china/roamless,2026-10-04
roamless,CN,china,China,China - No Expiration,6.0,0,data,14.7,USD,,esimdb.com,https://esimdb.com/china/roamless,2026-10-04
roamless,CN,china,China,China - 30 Days,5.0,30,data,15.45,USD,,esimdb.com,https://esimdb.com/china/roamless,2026-10-04
roamless,CN,china,China,China - No Expiration,7.0,0,data,17.15,USD,,esimdb.com,https://esimdb.com/china/roamless,2026-10-04
roamless,CN,china,China,China - No Expiration,8.0,0,data,19.6,USD,,esimdb.com,https://esimdb.com/china/roamless,2026-10-04
roamless,CN,china,China,China - No Expiration,9.0,0,data,22.05,USD,,esimdb.com,https://esimdb.com/china/roamless,2026-10-04
roamless,CN,china,China,China - No Expiration,10.0,0,data,24.5,USD,,esimdb.com,https://esimdb.com/china/roamless,2026-10-04
roamless,CN,china,China,China - 30 Days,10.0,30,data,26.45,USD,,esimdb.com,https://esimdb.com/china/roamless,2026-10-04
roamless,CN,china,China,China - No Expiration,15.0,0,data,36.75,USD,,esimdb.com,https://esimdb.com/china/roamless,2026-10-04
roamless,CN,china,China,China - 30 Days,20.0,30,data,39.95,USD,,esimdb.com,https://esimdb.com/china/roamless,2026-10-04
roamless,CN,china,China,China - 30 Days,50.0,30,data,48.95,USD,,esimdb.com,https://esimdb.com/china/roamless,2026-10-04
roamless,CN,china,China,China - No Expiration,20.0,0,data,49.0,USD,,esimdb.com,https://esimdb.com/china/roamless,2026-10-04
roamless,CN,china,China,China - No Expiration,25.0,0,data,61.25,USD,,esimdb.com,https://esimdb.com/china/roamless,2026-10-04
roamless,CN,china,China,China - No Expiration,30.0,0,data,73.5,USD,,esimdb.com,https://esimdb.com/china/roamless,2026-10-04
roamless,CN,china,China,China - No Expiration,35.0,0,data,85.75,USD,,esimdb.com,https://esimdb.com/china/roamless,2026-10-04
roamless,CN,china,China,China - No Expiration,40.0,0,data,98.0,USD,,esimdb.com,https://esimdb.com/china/roamless,2026-10-04
roamless,CN,china,China,China - No Expiration,45.0,0,data,110.25,USD,,esimdb.com,https://esimdb.com/china/roamless,2026-10-04
roamless,CN,china,China,China - No Expiration,50.0,0,data,122.5,USD,,esimdb.com,https://esimdb.com/china/roamless,2026-10-04
roamless,CN,china,China,China - No Expiration,100.0,0,data,245.0,USD,,esimdb.com,https://esimdb.com/china/roamless,2026-10-04
roamless,CN,china,China,China - No Expiration,150.0,0,data,367.5,USD,,esimdb.com,https://esimdb.com/china/roamless,2026-10-04
roamless,CN,china,China,China - No Expiration,200.0,0,data,490.0,USD,,esimdb.com,https://esimdb.com/china/roamless,2026-10-04
roamless,CO,colombia,Colombia,Colombia - No Expiration,1.0,0,data,3.45,USD,,esimdb.com,https://esimdb.com/colombia/roamless,2026-10-04
roamless,CO,colombia,Colombia,Colombia - 30 Days,1.0,30,data,4.45,USD,,esimdb.com,https://esimdb.com/colombia/roamless,2026-10-04
roamless,CO,colombia,Colombia,Colombia - No Expiration,2.0,0,data,6.9,USD,,esimdb.com,https://esimdb.com/colombia/roamless,2026-10-04
roamless,CO,colombia,Colombia,Colombia - No Expiration,3.0,0,data,10.35,USD,,esimdb.com,https://esimdb.com/colombia/roamless,2026-10-04
roamless,CO,colombia,Colombia,Colombia - 30 Days,3.0,30,data,10.45,USD,,esimdb.com,https://esimdb.com/colombia/roamless,2026-10-04
roamless,CO,colombia,Colombia,Colombia - No Expiration,4.0,0,data,13.8,USD,,esimdb.com,https://esimdb.com/colombia/roamless,2026-10-04
roamless,CO,colombia,Colombia,Colombia - 30 Days,5.0,30,data,15.95,USD,,esimdb.com,https://esimdb.com/colombia/roamless,2026-10-04
roamless,CO,colombia,Colombia,Colombia - No Expiration,5.0,0,data,17.25,USD,,esimdb.com,https://esimdb.com/colombia/roamless,2026-10-04
roamless,CO,colombia,Colombia,Colombia - No Expiration,6.0,0,data,20.7,USD,,esimdb.com,https://esimdb.com/colombia/roamless,2026-10-04
roamless,CO,colombia,Colombia,Colombia - No Expiration,7.0,0,data,24.15,USD,,esimdb.com,https://esimdb.com/colombia/roamless,2026-10-04
roamless,CO,colombia,Colombia,Colombia - No Expiration,8.0,0,data,27.6,USD,,esimdb.com,https://esimdb.com/colombia/roamless,2026-10-04
roamless,CO,colombia,Colombia,Colombia - 30 Days,10.0,30,data,27.95,USD,,esimdb.com,https://esimdb.com/colombia/roamless,2026-10-04
roamless,CO,colombia,Colombia,Colombia - No Expiration,9.0,0,data,31.05,USD,,esimdb.com,https://esimdb.com/colombia/roamless,2026-10-04
roamless,CO,colombia,Colombia,Colombia - No Expiration,10.0,0,data,34.5,USD,,esimdb.com,https://esimdb.com/colombia/roamless,2026-10-04
roamless,CO,colombia,Colombia,Colombia - 30 Days,20.0,30,data,40.95,USD,,esimdb.com,https://esimdb.com/colombia/roamless,2026-10-04
roamless,CO,colombia,Colombia,Colombia - No Expiration,15.0,0,data,51.75,USD,,esimdb.com,https://esimdb.com/colombia/roamless,2026-10-04
roamless,CO,colombia,Colombia,Colombia - No Expiration,20.0,0,data,69.0,USD,,esimdb.com,https://esimdb.com/colombia/roamless,2026-10-04
roamless,CO,colombia,Colombia,Colombia - 30 Days,50.0,30,data,71.45,USD,,esimdb.com,https://esimdb.com/colombia/roamless,2026-10-04
roamless,CO,colombia,Colombia,Colombia - No Expiration,25.0,0,data,86.25,USD,,esimdb.com,https://esimdb.com/colombia/roamless,2026-10-04
roamless,CO,colombia,Colombia,Colombia - No Expiration,30.0,0,data,103.5,USD,,esimdb.com,https://esimdb.com/colombia/roamless,2026-10-04
roamless,CO,colombia,Colombia,Colombia - No Expiration,35.0,0,data,120.75,USD,,esimdb.com,https://esimdb.com/colombia/roamless,2026-10-04
roamless,CO,colombia,Colombia,Colombia - No Expiration,40.0,0,data,138.0,USD,,esimdb.com,https://esimdb.com/colombia/roamless,2026-10-04
roamless,CO,colombia,Colombia,Colombia - No Expiration,45.0,0,data,155.25,USD,,esimdb.com,https://esimdb.com/colombia/roamless,2026-10-04
roamless,CO,colombia,Colombia,Colombia - No Expiration,50.0,0,data,172.5,USD,,esimdb.com,https://esimdb.com/colombia/roamless,2026-10-04
roamless,CO,colombia,Colombia,Colombia - No Expiration,100.0,0,data,345.0,USD,,esimdb.com,https://esimdb.com/colombia/roamless,2026-10-04
roamless,CR,costa-rica,Costa Rica,Costa Rica - No Expiration,1.0,0,data,6.45,USD,,esimdb.com,https://esimdb.com/costa-rica/roamless,2026-10-04
roamless,CR,costa-rica,Costa Rica,Costa Rica - 30 Days,1.0,30,data,7.45,USD,,esimdb.com,https://esimdb.com/costa-rica/roamless,2026-10-04
roamless,CR,costa-rica,Costa Rica,Costa Rica - No Expiration,2.0,0,data,12.9,USD,,esimdb.com,https://esimdb.com/costa-rica/roamless,2026-10-04
roamless,CR,costa-rica,Costa Rica,Costa Rica - 30 Days,2.0,30,data,13.95,USD,,esimdb.com,https://esimdb.com/costa-rica/roamless,2026-10-04
roamless,CR,costa-rica,Costa Rica,Costa Rica - 30 Days,3.0,30,data,18.95,USD,,esimdb.com,https://esimdb.com/costa-rica/roamless,2026-10-04
roamless,CR,costa-rica,Costa Rica,Costa Rica - No Expiration,3.0,0,data,19.35,USD,,esimdb.com,https://esimdb.com/costa-rica/roamless,2026-10-04
roamless,CR,costa-rica,Costa Rica,Costa Rica - No Expiration,4.0,0,data,25.8,USD,,esimdb.com,https://esimdb.com/costa-rica/roamless,2026-10-04
roamless,CR,costa-rica,Costa Rica,Costa Rica - 30 Days,5.0,30,data,26.45,USD,,esimdb.com,https://esimdb.com/costa-rica/roamless,2026-10-04
roamless,CR,costa-rica,Costa Rica,Costa Rica - No Expiration,5.0,0,data,32.25,USD,,esimdb.com,https://esimdb.com/costa-rica/roamless,2026-10-04
roamless,CR,costa-rica,Costa Rica,Costa Rica - 30 Days,10.0,30,data,33.95,USD,,esimdb.com,https://esimdb.com/costa-rica/roamless,2026-10-04
roamless,CR,costa-rica,Costa Rica,Costa Rica - No Expiration,6.0,0,data,38.7,USD,,esimdb.com,https://esimdb.com/costa-rica/roamless,2026-10-04
roamless,CR,costa-rica,Costa Rica,Costa Rica - No Expiration,7.0,0,data,45.15,USD,,esimdb.com,https://esimdb.com/costa-rica/roamless,2026-10-04
roamless,CR,costa-rica,Costa Rica,Costa Rica - No Expiration,8.0,0,data,51.6,USD,,esimdb.com,https://esimdb.com/costa-rica/roamless,2026-10-04
roamless,CR,costa-rica,Costa Rica,Costa Rica - No Expiration,9.0,0,data,58.05,USD,,esimdb.com,https://esimdb.com/costa-rica/roamless,2026-10-04
roamless,CR,costa-rica,Costa Rica,Costa Rica - 30 Days,20.0,30,data,62.95,USD,,esimdb.com,https://esimdb.com/costa-rica/roamless,2026-10-04
roamless,CR,costa-rica,Costa Rica,Costa Rica - No Expiration,10.0,0,data,64.5,USD,,esimdb.com,https://esimdb.com/costa-rica/roamless,2026-10-04
roamless,CR,costa-rica,Costa Rica,Costa Rica - No Expiration,15.0,0,data,96.75,USD,,esimdb.com,https://esimdb.com/costa-rica/roamless,2026-10-04
roamless,CR,costa-rica,Costa Rica,Costa Rica - No Expiration,20.0,0,data,129.0,USD,,esimdb.com,https://esimdb.com/costa-rica/roamless,2026-10-04
roamless,CR,costa-rica,Costa Rica,Costa Rica - No Expiration,25.0,0,data,161.25,USD,,esimdb.com,https://esimdb.com/costa-rica/roamless,2026-10-04
roamless,CR,costa-rica,Costa Rica,Costa Rica - No Expiration,30.0,0,data,193.5,USD,,esimdb.com,https://esimdb.com/costa-rica/roamless,2026-10-04
roamless,CR,costa-rica,Costa Rica,Costa Rica - No Expiration,35.0,0,data,225.75,USD,,esimdb.com,https://esimdb.com/costa-rica/roamless,2026-10-04
roamless,CR,costa-rica,Costa Rica,Costa Rica - No Expiration,40.0,0,data,258.0,USD,,esimdb.com,https://esimdb.com/costa-rica/roamless,2026-10-04
roamless,CR,costa-rica,Costa Rica,Costa Rica - No Expiration,45.0,0,data,290.25,USD,,esimdb.com,https://esimdb.com/costa-rica/roamless,2026-10-04
roamless,CZ,czechia,Czechia,Czechia - No Expiration,1.0,0,data,1.95,USD,,esimdb.com,https://esimdb.com/czechia/roamless,2026-10-04
roamless,CZ,czechia,Czechia,Czechia - 30 Days,1.0,30,data,2.95,USD,,esimdb.com,https://esimdb.com/czechia/roamless,2026-10-04
roamless,CZ,czechia,Czechia,Czechia - No Expiration,2.0,0,data,3.9,USD,,esimdb.com,https://esimdb.com/czechia/roamless,2026-10-04
roamless,CZ,czechia,Czechia,Czechia - 30 Days,3.0,30,data,4.95,USD,,esimdb.com,https://esimdb.com/czechia/roamless,2026-10-04
roamless,CZ,czechia,Czechia,Czechia - No Expiration,3.0,0,data,5.85,USD,,esimdb.com,https://esimdb.com/czechia/roamless,2026-10-04
roamless,CZ,czechia,Czechia,Czechia - No Expiration,4.0,0,data,7.8,USD,,esimdb.com,https://esimdb.com/czechia/roamless,2026-10-04
roamless,CZ,czechia,Czechia,Czechia - 30 Days,5.0,30,data,7.95,USD,,esimdb.com,https://esimdb.com/czechia/roamless,2026-10-04
roamless,CZ,czechia,Czechia,Czechia - No Expiration,5.0,0,data,9.75,USD,,esimdb.com,https://esimdb.com/czechia/roamless,2026-10-04
roamless,CZ,czechia,Czechia,Czechia - No Expiration,6.0,0,data,11.7,USD,,esimdb.com,https://esimdb.com/czechia/roamless,2026-10-04
roamless,CZ,czechia,Czechia,Czechia - No Expiration,7.0,0,data,13.65,USD,,esimdb.com,https://esimdb.com/czechia/roamless,2026-10-04
roamless,CZ,czechia,Czechia,Czechia - 30 Days,10.0,30,data,14.95,USD,,esimdb.com,https://esimdb.com/czechia/roamless,2026-10-04
roamless,CZ,czechia,Czechia,Czechia - No Expiration,8.0,0,data,15.6,USD,,esimdb.com,https://esimdb.com/czechia/roamless,2026-10-04
roamless,CZ,czechia,Czechia,Czechia - No Expiration,9.0,0,data,17.55,USD,,esimdb.com,https://esimdb.com/czechia/roamless,2026-10-04
roamless,CZ,czechia,Czechia,Czechia - No Expiration,10.0,0,data,19.5,USD,,esimdb.com,https://esimdb.com/czechia/roamless,2026-10-04
roamless,CZ,czechia,Czechia,Czechia - 30 Days,20.0,30,data,23.95,USD,,esimdb.com,https://esimdb.com/czechia/roamless,2026-10-04
roamless,CZ,czechia,Czechia,Czechia - No Expiration,15.0,0,data,29.25,USD,,esimdb.com,https://esimdb.com/czechia/roamless,2026-10-04
roamless,CZ,czechia,Czechia,Czechia - 30 Days,50.0,30,data,34.95,USD,,esimdb.com,https://esimdb.com/czechia/roamless,2026-10-04
roamless,CZ,czechia,Czechia,Czechia - No Expiration,20.0,0,data,39.0,USD,,esimdb.com,https://esimdb.com/czechia/roamless,2026-10-04
roamless,CZ,czechia,Czechia,Czechia - No Expiration,25.0,0,data,48.75,USD,,esimdb.com,https://esimdb.com/czechia/roamless,2026-10-04
roamless,CZ,czechia,Czechia,Czechia - No Expiration,30.0,0,data,58.5,USD,,esimdb.com,https://esimdb.com/czechia/roamless,2026-10-04
roamless,CZ,czechia,Czechia,Czechia - No Expiration,35.0,0,data,68.25,USD,,esimdb.com,https://esimdb.com/czechia/roamless,2026-10-04
roamless,CZ,czechia,Czechia,Czechia - No Expiration,40.0,0,data,78.0,USD,,esimdb.com,https://esimdb.com/czechia/roamless,2026-10-04
roamless,CZ,czechia,Czechia,Czechia - No Expiration,45.0,0,data,87.75,USD,,esimdb.com,https://esimdb.com/czechia/roamless,2026-10-04
roamless,CZ,czechia,Czechia,Czechia - No Expiration,50.0,0,data,97.5,USD,,esimdb.com,https://esimdb.com/czechia/roamless,2026-10-04
roamless,CZ,czechia,Czechia,Czechia - No Expiration,100.0,0,data,195.0,USD,,esimdb.com,https://esimdb.com/czechia/roamless,2026-10-04
roamless,CZ,czechia,Czechia,Czechia - No Expiration,150.0,0,data,292.5,USD,,esimdb.com,https://esimdb.com/czechia/roamless,2026-10-04
roamless,CZ,czechia,Czechia,Czechia - No Expiration,200.0,0,data,390.0,USD,,esimdb.com,https://esimdb.com/czechia/roamless,2026-10-04
roamless,DE,germany,Germany,Germany - No Expiration,1.0,0,data,1.95,USD,,esimdb.com,https://esimdb.com/germany/roamless,2026-10-04
roamless,DE,germany,Germany,Germany - No Expiration,2.0,0,data,3.9,USD,,esimdb.com,https://esimdb.com/germany/roamless,2026-10-04
roamless,DE,germany,Germany,Germany - 30 Days,1.0,30,data,3.95,USD,,esimdb.com,https://esimdb.com/germany/roamless,2026-10-04
roamless,DE,germany,Germany,Germany - No Expiration,3.0,0,data,5.85,USD,,esimdb.com,https://esimdb.com/germany/roamless,2026-10-04
roamless,DE,germany,Germany,Germany - No Expiration,4.0,0,data,7.8,USD,,esimdb.com,https://esimdb.com/germany/roamless,2026-10-04
roamless,DE,germany,Germany,Germany - 30 Days,3.0,30,data,7.95,USD,,esimdb.com,https://esimdb.com/germany/roamless,2026-10-04
roamless,DE,germany,Germany,Germany - No Expiration,5.0,0,data,9.75,USD,,esimdb.com,https://esimdb.com/germany/roamless,2026-10-04
roamless,DE,germany,Germany,Germany - 30 Days,5.0,30,data,11.45,USD,,esimdb.com,https://esimdb.com/germany/roamless,2026-10-04
roamless,DE,germany,Germany,Germany - No Expiration,6.0,0,data,11.7,USD,,esimdb.com,https://esimdb.com/germany/roamless,2026-10-04
roamless,DE,germany,Germany,Germany - No Expiration,7.0,0,data,13.65,USD,,esimdb.com,https://esimdb.com/germany/roamless,2026-10-04
roamless,DE,germany,Germany,Germany - No Expiration,8.0,0,data,15.6,USD,,esimdb.com,https://esimdb.com/germany/roamless,2026-10-04
roamless,DE,germany,Germany,Germany - 30 Days,10.0,30,data,15.95,USD,,esimdb.com,https://esimdb.com/germany/roamless,2026-10-04
roamless,DE,germany,Germany,Germany - No Expiration,9.0,0,data,17.55,USD,,esimdb.com,https://esimdb.com/germany/roamless,2026-10-04
roamless,DE,germany,Germany,Germany - No Expiration,10.0,0,data,19.5,USD,,esimdb.com,https://esimdb.com/germany/roamless,2026-10-04
roamless,DE,germany,Germany,Germany - 30 Days,20.0,30,data,22.95,USD,,esimdb.com,https://esimdb.com/germany/roamless,2026-10-04
roamless,DE,germany,Germany,Germany - No Expiration,15.0,0,data,29.25,USD,,esimdb.com,https://esimdb.com/germany/roamless,2026-10-04
roamless,DE,germany,Germany,Germany - 30 Days,50.0,30,data,35.95,USD,,esimdb.com,https://esimdb.com/germany/roamless,2026-10-04
roamless,DE,germany,Germany,Germany - No Expiration,20.0,0,data,39.0,USD,,esimdb.com,https://esimdb.com/germany/roamless,2026-10-04
roamless,DE,germany,Germany,Germany - No Expiration,25.0,0,data,48.75,USD,,esimdb.com,https://esimdb.com/germany/roamless,2026-10-04
roamless,DE,germany,Germany,Germany - No Expiration,30.0,0,data,58.5,USD,,esimdb.com,https://esimdb.com/germany/roamless,2026-10-04
roamless,DE,germany,Germany,Germany - No Expiration,35.0,0,data,68.25,USD,,esimdb.com,https://esimdb.com/germany/roamless,2026-10-04
roamless,DE,germany,Germany,Germany - No Expiration,40.0,0,data,78.0,USD,,esimdb.com,https://esimdb.com/germany/roamless,2026-10-04
roamless,DE,germany,Germany,Germany - No Expiration,45.0,0,data,87.75,USD,,esimdb.com,https://esimdb.com/germany/roamless,2026-10-04
roamless,DE,germany,Germany,Germany - No Expiration,50.0,0,data,97.5,USD,,esimdb.com,https://esimdb.com/germany/roamless,2026-10-04
roamless,DE,germany,Germany,Germany - No Expiration,100.0,0,data,195.0,USD,,esimdb.com,https://esimdb.com/germany/roamless,2026-10-04
roamless,DE,germany,Germany,Germany - No Expiration,150.0,0,data,292.5,USD,,esimdb.com,https://esimdb.com/germany/roamless,2026-10-04
roamless,DE,germany,Germany,Germany - No Expiration,200.0,0,data,390.0,USD,,esimdb.com,https://esimdb.com/germany/roamless,2026-10-04
roamless,EG,egypt,Egypt,Egypt - No Expiration,1.0,0,data,2.95,USD,,esimdb.com,https://esimdb.com/egypt/roamless,2026-10-04
roamless,EG,egypt,Egypt,Egypt - 30 Days,1.0,30,data,5.45,USD,,esimdb.com,https://esimdb.com/egypt/roamless,2026-10-04
roamless,EG,egypt,Egypt,Egypt - No Expiration,2.0,0,data,5.9,USD,,esimdb.com,https://esimdb.com/egypt/roamless,2026-10-04
roamless,EG,egypt,Egypt,Egypt - No Expiration,3.0,0,data,8.85,USD,,esimdb.com,https://esimdb.com/egypt/roamless,2026-10-04
roamless,EG,egypt,Egypt,Egypt - No Expiration,4.0,0,data,11.8,USD,,esimdb.com,https://esimdb.com/egypt/roamless,2026-10-04
roamless,EG,egypt,Egypt,Egypt - 30 Days,3.0,30,data,14.45,USD,,esimdb.com,https://esimdb.com/egypt/roamless,2026-10-04
roamless,EG,egypt,Egypt,Egypt - No Expiration,5.0,0,data,14.75,USD,,esimdb.com,https://esimdb.com/egypt/roamless,2026-10-04
roamless,EG,egypt,Egypt,Egypt - No Expiration,6.0,0,data,17.7,USD,,esimdb.com,https://esimdb.com/egypt/roamless,2026-10-04
roamless,EG,egypt,Egypt,Egypt - 30 Days,5.0,30,data,19.95,USD,,esimdb.com,https://esimdb.com/egypt/roamless,2026-10-04
roamless,EG,egypt,Egypt,Egypt - No Expiration,7.0,0,data,20.65,USD,,esimdb.com,https://esimdb.com/egypt/roamless,2026-10-04
roamless,EG,egypt,Egypt,Egypt - No Expiration,8.0,0,data,23.6,USD,,esimdb.com,https://esimdb.com/egypt/roamless,2026-10-04
roamless,EG,egypt,Egypt,Egypt - No Expiration,9.0,0,data,26.55,USD,,esimdb.com,https://esimdb.com/egypt/roamless,2026-10-04
roamless,EG,egypt,Egypt,Egypt - No Expiration,10.0,0,data,29.5,USD,,esimdb.com,https://esimdb.com/egypt/roamless,2026-10-04
roamless,EG,egypt,Egypt,Egypt - 30 Days,10.0,30,data,32.95,USD,,esimdb.com,https://esimdb.com/egypt/roamless,2026-10-04
roamless,EG,egypt,Egypt,Egypt - 30 Days,20.0,30,data,41.95,USD,,esimdb.com,https://esimdb.com/egypt/roamless,2026-10-04
roamless,EG,egypt,Egypt,Egypt - No Expiration,15.0,0,data,44.25,USD,,esimdb.com,https://esimdb.com/egypt/roamless,2026-10-04
roamless,EG,egypt,Egypt,Egypt - No Expiration,20.0,0,data,59.0,USD,,esimdb.com,https://esimdb.com/egypt/roamless,2026-10-04
roamless,EG,egypt,Egypt,Egypt - No Expiration,25.0,0,data,73.75,USD,,esimdb.com,https://esimdb.com/egypt/roamless,2026-10-04
roamless,EG,egypt,Egypt,Egypt - 30 Days,50.0,30,data,83.95,USD,,esimdb.com,https://esimdb.com/egypt/roamless,2026-10-04
roamless,EG,egypt,Egypt,Egypt - No Expiration,30.0,0,data,88.5,USD,,esimdb.com,https://esimdb.com/egypt/roamless,2026-10-04
roamless,EG,egypt,Egypt,Egypt - No Expiration,35.0,0,data,103.25,USD,,esimdb.com,https://esimdb.com/egypt/roamless,2026-10-04
roamless,EG,egypt,Egypt,Egypt - No Expiration,40.0,0,data,118.0,USD,,esimdb.com,https://esimdb.com/egypt/roamless,2026-10-04
roamless,EG,egypt,Egypt,Egypt - No Expiration,45.0,0,data,132.75,USD,,esimdb.com,https://esimdb.com/egypt/roamless,2026-10-04
roamless,EG,egypt,Egypt,Egypt - No Expiration,50.0,0,data,147.5,USD,,esimdb.com,https://esimdb.com/egypt/roamless,2026-10-04
roamless,EG,egypt,Egypt,Egypt - No Expiration,100.0,0,data,295.0,USD,,esimdb.com,https://esimdb.com/egypt/roamless,2026-10-04
roamless,ES,spain,Spain,Spain - No Expiration,1.0,0,data,1.95,USD,,esimdb.com,https://esimdb.com/spain/roamless,2026-10-04
roamless,ES,spain,Spain,Spain - No Expiration,2.0,0,data,3.9,USD,,esimdb.com,https://esimdb.com/spain/roamless,2026-10-04
roamless,ES,spain,Spain,Spain - 30 Days,1.0,30,data,3.95,USD,,esimdb.com,https://esimdb.com/spain/roamless,2026-10-04
roamless,ES,spain,Spain,Spain - No Expiration,3.0,0,data,5.85,USD,,esimdb.com,https://esimdb.com/spain/roamless,2026-10-04
roamless,ES,spain,Spain,Spain - 30 Days,3.0,30,data,5.95,USD,,esimdb.com,https://esimdb.com/spain/roamless,2026-10-04
roamless,ES,spain,Spain,Spain - No Expiration,4.0,0,data,7.8,USD,,esimdb.com,https://esimdb.com/spain/roamless,2026-10-04
roamless,ES,spain,Spain,Spain - 30 Days,5.0,30,data,8.95,USD,,esimdb.com,https://esimdb.com/spain/roamless,2026-10-04
roamless,ES,spain,Spain,Spain - No Expiration,5.0,0,data,9.75,USD,,esimdb.com,https://esimdb.com/spain/roamless,2026-10-04
roamless,ES,spain,Spain,Spain - No Expiration,6.0,0,data,11.7,USD,,esimdb.com,https://esimdb.com/spain/roamless,2026-10-04
roamless,ES,spain,Spain,Spain - No Expiration,7.0,0,data,13.65,USD,,esimdb.com,https://esimdb.com/spain/roamless,2026-10-04
roamless,ES,spain,Spain,Spain - 30 Days,10.0,30,data,13.95,USD,,esimdb.com,https://esimdb.com/spain/roamless,2026-10-04
roamless,ES,spain,Spain,Spain - No Expiration,8.0,0,data,15.6,USD,,esimdb.com,https://esimdb.com/spain/roamless,2026-10-04
roamless,ES,spain,Spain,Spain - No Expiration,9.0,0,data,17.55,USD,,esimdb.com,https://esimdb.com/spain/roamless,2026-10-04
roamless,ES,spain,Spain,Spain - No Expiration,10.0,0,data,19.5,USD,,esimdb.com,https://esimdb.com/spain/roamless,2026-10-04
roamless,ES,spain,Spain,Spain - 30 Days,20.0,30,data,19.95,USD,,esimdb.com,https://esimdb.com/spain/roamless,2026-10-04
roamless,ES,spain,Spain,Spain - No Expiration,15.0,0,data,29.25,USD,,esimdb.com,https://esimdb.com/spain/roamless,2026-10-04
roamless,ES,spain,Spain,Spain - 30 Days,50.0,30,data,38.95,USD,,esimdb.com,https://esimdb.com/spain/roamless,2026-10-04
roamless,ES,spain,Spain,Spain - No Expiration,20.0,0,data,39.0,USD,,esimdb.com,https://esimdb.com/spain/roamless,2026-10-04
roamless,ES,spain,Spain,Spain - No Expiration,25.0,0,data,48.75,USD,,esimdb.com,https://esimdb.com/spain/roamless,2026-10-04
roamless,ES,spain,Spain,Spain - No Expiration,30.0,0,data,58.5,USD,,esimdb.com,https://esimdb.com/spain/roamless,2026-10-04
roamless,ES,spain,Spain,Spain - No Expiration,35.0,0,data,68.25,USD,,esimdb.com,https://esimdb.com/spain/roamless,2026-10-04
roamless,ES,spain,Spain,Spain - No Expiration,40.0,0,data,78.0,USD,,esimdb.com,https://esimdb.com/spain/roamless,2026-10-04
roamless,ES,spain,Spain,Spain - No Expiration,45.0,0,data,87.75,USD,,esimdb.com,https://esimdb.com/spain/roamless,2026-10-04
roamless,ES,spain,Spain,Spain - No Expiration,50.0,0,data,97.5,USD,,esimdb.com,https://esimdb.com/spain/roamless,2026-10-04
roamless,ES,spain,Spain,Spain - No Expiration,100.0,0,data,195.0,USD,,esimdb.com,https://esimdb.com/spain/roamless,2026-10-04
roamless,ES,spain,Spain,Spain - No Expiration,150.0,0,data,292.5,USD,,esimdb.com,https://esimdb.com/spain/roamless,2026-10-04
roamless,ES,spain,Spain,Spain - No Expiration,200.0,0,data,390.0,USD,,esimdb.com,https://esimdb.com/spain/roamless,2026-10-04
roamless,FJ,fiji,Fiji,Fiji - 30 Days,1.0,30,data,13.45,USD,,esimdb.com,https://esimdb.com/fiji/roamless,2026-10-04
roamless,FJ,fiji,Fiji,Fiji - No Expiration,1.0,0,data,13.95,USD,,esimdb.com,https://esimdb.com/fiji/roamless,2026-10-04
roamless,FJ,fiji,Fiji,Fiji - 30 Days,2.0,30,data,25.95,USD,,esimdb.com,https://esimdb.com/fiji/roamless,2026-10-04
roamless,FJ,fiji,Fiji,Fiji - No Expiration,2.0,0,data,27.9,USD,,esimdb.com,https://esimdb.com/fiji/roamless,2026-10-04
roamless,FJ,fiji,Fiji,Fiji - 30 Days,3.0,30,data,37.45,USD,,esimdb.com,https://esimdb.com/fiji/roamless,2026-10-04
roamless,FJ,fiji,Fiji,Fiji - No Expiration,3.0,0,data,41.85,USD,,esimdb.com,https://esimdb.com/fiji/roamless,2026-10-04
roamless,FJ,fiji,Fiji,Fiji - No Expiration,4.0,0,data,55.8,USD,,esimdb.com,https://esimdb.com/fiji/roamless,2026-10-04
roamless,FJ,fiji,Fiji,Fiji - No Expiration,5.0,0,data,69.75,USD,,esimdb.com,https://esimdb.com/fiji/roamless,2026-10-04
roamless,FJ,fiji,Fiji,Fiji - No Expiration,6.0,0,data,83.7,USD,,esimdb.com,https://esimdb.com/fiji/roamless,2026-10-04
roamless,FJ,fiji,Fiji,Fiji - No Expiration,7.0,0,data,97.65,USD,,esimdb.com,https://esimdb.com/fiji/roamless,2026-10-04
roamless,FJ,fiji,Fiji,Fiji - No Expiration,8.0,0,data,111.6,USD,,esimdb.com,https://esimdb.com/fiji/roamless,2026-10-04
roamless,FJ,fiji,Fiji,Fiji - No Expiration,9.0,0,data,125.55,USD,,esimdb.com,https://esimdb.com/fiji/roamless,2026-10-04
roamless,FJ,fiji,Fiji,Fiji - No Expiration,10.0,0,data,139.5,USD,,esimdb.com,https://esimdb.com/fiji/roamless,2026-10-04
roamless,FJ,fiji,Fiji,Fiji - No Expiration,15.0,0,data,209.25,USD,,esimdb.com,https://esimdb.com/fiji/roamless,2026-10-04
roamless,FR,france,France,France - No Expiration,1.0,0,data,1.95,USD,,esimdb.com,https://esimdb.com/france/roamless,2026-10-04
roamless,FR,france,France,France - No Expiration,2.0,0,data,3.9,USD,,esimdb.com,https://esimdb.com/france/roamless,2026-10-04
roamless,FR,france,France,France - 30 Days,1.0,30,data,3.95,USD,,esimdb.com,https://esimdb.com/france/roamless,2026-10-04
roamless,FR,france,France,France - No Expiration,3.0,0,data,5.85,USD,,esimdb.com,https://esimdb.com/france/roamless,2026-10-04
roamless,FR,france,France,France - 30 Days,3.0,30,data,7.45,USD,,esimdb.com,https://esimdb.com/france/roamless,2026-10-04
roamless,FR,france,France,France - No Expiration,4.0,0,data,7.8,USD,,esimdb.com,https://esimdb.com/france/roamless,2026-10-04
roamless,FR,france,France,France - No Expiration,5.0,0,data,9.75,USD,,esimdb.com,https://esimdb.com/france/roamless,2026-10-04
roamless,FR,france,France,France - No Expiration,6.0,0,data,11.7,USD,,esimdb.com,https://esimdb.com/france/roamless,2026-10-04
roamless,FR,france,France,France - 30 Days,5.0,30,data,11.95,USD,,esimdb.com,https://esimdb.com/france/roamless,2026-10-04
roamless,FR,france,France,France - No Expiration,7.0,0,data,13.65,USD,,esimdb.com,https://esimdb.com/france/roamless,2026-10-04
roamless,FR,france,France,France - No Expiration,8.0,0,data,15.6,USD,,esimdb.com,https://esimdb.com/france/roamless,2026-10-04
roamless,FR,france,France,France - No Expiration,9.0,0,data,17.55,USD,,esimdb.com,https://esimdb.com/france/roamless,2026-10-04
roamless,FR,france,France,France - 30 Days,10.0,30,data,18.95,USD,,esimdb.com,https://esimdb.com/france/roamless,2026-10-04
roamless,FR,france,France,France - No Expiration,10.0,0,data,19.5,USD,,esimdb.com,https://esimdb.com/france/roamless,2026-10-04
roamless,FR,france,France,France - 30 Days,20.0,30,data,25.95,USD,,esimdb.com,https://esimdb.com/france/roamless,2026-10-04
roamless,FR,france,France,France - No Expiration,15.0,0,data,29.25,USD,,esimdb.com,https://esimdb.com/france/roamless,2026-10-04
roamless,FR,france,France,France - 30 Days,50.0,30,data,34.95,USD,,esimdb.com,https://esimdb.com/france/roamless,2026-10-04
roamless,FR,france,France,France - No Expiration,20.0,0,data,39.0,USD,,esimdb.com,https://esimdb.com/france/roamless,2026-10-04
roamless,FR,france,France,France - No Expiration,25.0,0,data,48.75,USD,,esimdb.com,https://esimdb.com/france/roamless,2026-10-04
roamless,FR,france,France,France - No Expiration,30.0,0,data,58.5,USD,,esimdb.com,https://esimdb.com/france/roamless,2026-10-04
roamless,FR,france,France,France - No Expiration,35.0,0,data,68.25,USD,,esimdb.com,https://esimdb.com/france/roamless,2026-10-04
roamless,FR,france,France,France - No Expiration,40.0,0,data,78.0,USD,,esimdb.com,https://esimdb.com/france/roamless,2026-10-04
roamless,FR,france,France,France - No Expiration,45.0,0,data,87.75,USD,,esimdb.com,https://esimdb.com/france/roamless,2026-10-04
roamless,FR,france,France,France - No Expiration,50.0,0,data,97.5,USD,,esimdb.com,https://esimdb.com/france/roamless,2026-10-04
roamless,FR,france,France,France - No Expiration,100.0,0,data,195.0,USD,,esimdb.com,https://esimdb.com/france/roamless,2026-10-04
roamless,FR,france,France,France - No Expiration,150.0,0,data,292.5,USD,,esimdb.com,https://esimdb.com/france/roamless,2026-10-04
roamless,FR,france,France,France - No Expiration,200.0,0,data,390.0,USD,,esimdb.com,https://esimdb.com/france/roamless,2026-10-04
roamless,GB,united-kingdom,United Kingdom,UK - No Expiration,1.0,0,data,1.95,USD,,esimdb.com,https://esimdb.com/uk/roamless,2026-10-04
roamless,GB,united-kingdom,United Kingdom,UK - No Expiration,2.0,0,data,3.9,USD,,esimdb.com,https://esimdb.com/uk/roamless,2026-10-04
roamless,GB,united-kingdom,United Kingdom,UK - 30 Days,1.0,30,data,3.95,USD,,esimdb.com,https://esimdb.com/uk/roamless,2026-10-04
roamless,GB,united-kingdom,United Kingdom,UK - No Expiration,3.0,0,data,5.85,USD,,esimdb.com,https://esimdb.com/uk/roamless,2026-10-04
roamless,GB,united-kingdom,United Kingdom,UK - No Expiration,4.0,0,data,7.8,USD,,esimdb.com,https://esimdb.com/uk/roamless,2026-10-04
roamless,GB,united-kingdom,United Kingdom,UK - 30 Days,3.0,30,data,8.95,USD,,esimdb.com,https://esimdb.com/uk/roamless,2026-10-04
roamless,GB,united-kingdom,United Kingdom,UK - No Expiration,5.0,0,data,9.75,USD,,esimdb.com,https://esimdb.com/uk/roamless,2026-10-04
roamless,GB,united-kingdom,United Kingdom,UK - No Expiration,6.0,0,data,11.7,USD,,esimdb.com,https://esimdb.com/uk/roamless,2026-10-04
roamless,GB,united-kingdom,United Kingdom,UK - 30 Days,5.0,30,data,12.95,USD,,esimdb.com,https://esimdb.com/uk/roamless,2026-10-04
roamless,GB,united-kingdom,United Kingdom,UK - No Expiration,7.0,0,data,13.65,USD,,esimdb.com,https://esimdb.com/uk/roamless,2026-10-04
roamless,GB,united-kingdom,United Kingdom,UK - No Expiration,8.0,0,data,15.6,USD,,esimdb.com,https://esimdb.com/uk/roamless,2026-10-04
roamless,GB,united-kingdom,United Kingdom,UK - No Expiration,9.0,0,data,17.55,USD,,esimdb.com,https://esimdb.com/uk/roamless,2026-10-04
roamless,GB,united-kingdom,United Kingdom,UK - 30 Days,10.0,30,data,18.95,USD,,esimdb.com,https://esimdb.com/uk/roamless,2026-10-04
roamless,GB,united-kingdom,United Kingdom,UK - No Expiration,10.0,0,data,19.5,USD,,esimdb.com,https://esimdb.com/uk/roamless,2026-10-04
roamless,GB,united-kingdom,United Kingdom,UK - No Expiration,15.0,0,data,29.25,USD,,esimdb.com,https://esimdb.com/uk/roamless,2026-10-04
roamless,GB,united-kingdom,United Kingdom,UK - 30 Days,20.0,30,data,30.95,USD,,esimdb.com,https://esimdb.com/uk/roamless,2026-10-04
roamless,GB,united-kingdom,United Kingdom,UK - 30 Days,50.0,30,data,38.95,USD,,esimdb.com,https://esimdb.com/uk/roamless,2026-10-04
roamless,GB,united-kingdom,United Kingdom,UK - No Expiration,20.0,0,data,39.0,USD,,esimdb.com,https://esimdb.com/uk/roamless,2026-10-04
roamless,GB,united-kingdom,United Kingdom,UK - No Expiration,25.0,0,data,48.75,USD,,esimdb.com,https://esimdb.com/uk/roamless,2026-10-04
roamless,GB,united-kingdom,United Kingdom,UK - No Expiration,30.0,0,data,58.5,USD,,esimdb.com,https://esimdb.com/uk/roamless,2026-10-04
roamless,GB,united-kingdom,United Kingdom,UK - No Expiration,35.0,0,data,68.25,USD,,esimdb.com,https://esimdb.com/uk/roamless,2026-10-04
roamless,GB,united-kingdom,United Kingdom,UK - No Expiration,40.0,0,data,78.0,USD,,esimdb.com,https://esimdb.com/uk/roamless,2026-10-04
roamless,GB,united-kingdom,United Kingdom,UK - No Expiration,45.0,0,data,87.75,USD,,esimdb.com,https://esimdb.com/uk/roamless,2026-10-04
roamless,GB,united-kingdom,United Kingdom,UK - No Expiration,50.0,0,data,97.5,USD,,esimdb.com,https://esimdb.com/uk/roamless,2026-10-04
roamless,GB,united-kingdom,United Kingdom,UK - No Expiration,100.0,0,data,195.0,USD,,esimdb.com,https://esimdb.com/uk/roamless,2026-10-04
roamless,GB,united-kingdom,United Kingdom,UK - No Expiration,150.0,0,data,292.5,USD,,esimdb.com,https://esimdb.com/uk/roamless,2026-10-04
roamless,GB,united-kingdom,United Kingdom,UK - No Expiration,200.0,0,data,390.0,USD,,esimdb.com,https://esimdb.com/uk/roamless,2026-10-04
roamless,GE,georgia,Georgia,Georgia - No Expiration,1.0,0,data,1.95,USD,,esimdb.com,https://esimdb.com/georgia/roamless,2026-10-04
roamless,GE,georgia,Georgia,Georgia - No Expiration,2.0,0,data,3.9,USD,,esimdb.com,https://esimdb.com/georgia/roamless,2026-10-04
roamless,GE,georgia,Georgia,Georgia - 30 Days,1.0,30,data,4.45,USD,,esimdb.com,https://esimdb.com/georgia/roamless,2026-10-04
roamless,GE,georgia,Georgia,Georgia - No Expiration,3.0,0,data,5.85,USD,,esimdb.com,https://esimdb.com/georgia/roamless,2026-10-04
roamless,GE,georgia,Georgia,Georgia - No Expiration,4.0,0,data,7.8,USD,,esimdb.com,https://esimdb.com/georgia/roamless,2026-10-04
roamless,GE,georgia,Georgia,Georgia - No Expiration,5.0,0,data,9.75,USD,,esimdb.com,https://esimdb.com/georgia/roamless,2026-10-04
roamless,GE,georgia,Georgia,Georgia - 30 Days,3.0,30,data,10.95,USD,,esimdb.com,https://esimdb.com/georgia/roamless,2026-10-04
roamless,GE,georgia,Georgia,Georgia - No Expiration,6.0,0,data,11.7,USD,,esimdb.com,https://esimdb.com/georgia/roamless,2026-10-04
roamless,GE,georgia,Georgia,Georgia - No Expiration,7.0,0,data,13.65,USD,,esimdb.com,https://esimdb.com/georgia/roamless,2026-10-04
roamless,GE,georgia,Georgia,Georgia - No Expiration,8.0,0,data,15.6,USD,,esimdb.com,https://esimdb.com/georgia/roamless,2026-10-04
roamless,GE,georgia,Georgia,Georgia - 30 Days,5.0,30,data,16.95,USD,,esimdb.com,https://esimdb.com/georgia/roamless,2026-10-04
roamless,GE,georgia,Georgia,Georgia - No Expiration,9.0,0,data,17.55,USD,,esimdb.com,https://esimdb.com/georgia/roamless,2026-10-04
roamless,GE,georgia,Georgia,Georgia - No Expiration,10.0,0,data,19.5,USD,,esimdb.com,https://esimdb.com/georgia/roamless,2026-10-04
roamless,GE,georgia,Georgia,Georgia - 30 Days,10.0,30,data,28.45,USD,,esimdb.com,https://esimdb.com/georgia/roamless,2026-10-04
roamless,GE,georgia,Georgia,Georgia - No Expiration,15.0,0,data,29.25,USD,,esimdb.com,https://esimdb.com/georgia/roamless,2026-10-04
roamless,GE,georgia,Georgia,Georgia - 30 Days,20.0,30,data,36.45,USD,,esimdb.com,https://esimdb.com/georgia/roamless,2026-10-04
roamless,GE,georgia,Georgia,Georgia - No Expiration,20.0,0,data,39.0,USD,,esimdb.com,https://esimdb.com/georgia/roamless,2026-10-04
roamless,GE,georgia,Georgia,Georgia - No Expiration,25.0,0,data,48.75,USD,,esimdb.com,https://esimdb.com/georgia/roamless,2026-10-04
roamless,GE,georgia,Georgia,Georgia - 30 Days,50.0,30,data,48.95,USD,,esimdb.com,https://esimdb.com/georgia/roamless,2026-10-04
roamless,GE,georgia,Georgia,Georgia - No Expiration,30.0,0,data,58.5,USD,,esimdb.com,https://esimdb.com/georgia/roamless,2026-10-04
roamless,GE,georgia,Georgia,Georgia - No Expiration,35.0,0,data,68.25,USD,,esimdb.com,https://esimdb.com/georgia/roamless,2026-10-04
roamless,GE,georgia,Georgia,Georgia - No Expiration,40.0,0,data,78.0,USD,,esimdb.com,https://esimdb.com/georgia/roamless,2026-10-04
roamless,GE,georgia,Georgia,Georgia - No Expiration,45.0,0,data,87.75,USD,,esimdb.com,https://esimdb.com/georgia/roamless,2026-10-04
roamless,GE,georgia,Georgia,Georgia - No Expiration,50.0,0,data,97.5,USD,,esimdb.com,https://esimdb.com/georgia/roamless,2026-10-04
roamless,GE,georgia,Georgia,Georgia - No Expiration,100.0,0,data,195.0,USD,,esimdb.com,https://esimdb.com/georgia/roamless,2026-10-04
roamless,GE,georgia,Georgia,Georgia - No Expiration,150.0,0,data,292.5,USD,,esimdb.com,https://esimdb.com/georgia/roamless,2026-10-04
roamless,GE,georgia,Georgia,Georgia - No Expiration,200.0,0,data,390.0,USD,,esimdb.com,https://esimdb.com/georgia/roamless,2026-10-04
roamless,GR,greece,Greece,Greece - No Expiration,1.0,0,data,1.95,USD,,esimdb.com,https://esimdb.com/greece/roamless,2026-10-04
roamless,GR,greece,Greece,Greece - No Expiration,2.0,0,data,3.9,USD,,esimdb.com,https://esimdb.com/greece/roamless,2026-10-04
roamless,GR,greece,Greece,Greece - 30 Days,1.0,30,data,3.95,USD,,esimdb.com,https://esimdb.com/greece/roamless,2026-10-04
roamless,GR,greece,Greece,Greece - No Expiration,3.0,0,data,5.85,USD,,esimdb.com,https://esimdb.com/greece/roamless,2026-10-04
roamless,GR,greece,Greece,Greece - No Expiration,4.0,0,data,7.8,USD,,esimdb.com,https://esimdb.com/greece/roamless,2026-10-04
roamless,GR,greece,Greece,Greece - 30 Days,3.0,30,data,8.95,USD,,esimdb.com,https://esimdb.com/greece/roamless,2026-10-04
roamless,GR,greece,Greece,Greece - No Expiration,5.0,0,data,9.75,USD,,esimdb.com,https://esimdb.com/greece/roamless,2026-10-04
roamless,GR,greece,Greece,Greece - No Expiration,6.0,0,data,11.7,USD,,esimdb.com,https://esimdb.com/greece/roamless,2026-10-04
roamless,GR,greece,Greece,Greece - 30 Days,5.0,30,data,11.95,USD,,esimdb.com,https://esimdb.com/greece/roamless,2026-10-04
roamless,GR,greece,Greece,Greece - No Expiration,7.0,0,data,13.65,USD,,esimdb.com,https://esimdb.com/greece/roamless,2026-10-04
roamless,GR,greece,Greece,Greece - No Expiration,8.0,0,data,15.6,USD,,esimdb.com,https://esimdb.com/greece/roamless,2026-10-04
roamless,GR,greece,Greece,Greece - No Expiration,9.0,0,data,17.55,USD,,esimdb.com,https://esimdb.com/greece/roamless,2026-10-04
roamless,GR,greece,Greece,Greece - No Expiration,10.0,0,data,19.5,USD,,esimdb.com,https://esimdb.com/greece/roamless,2026-10-04
roamless,GR,greece,Greece,Greece - 30 Days,10.0,30,data,19.95,USD,,esimdb.com,https://esimdb.com/greece/roamless,2026-10-04
roamless,GR,greece,Greece,Greece - No Expiration,15.0,0,data,29.25,USD,,esimdb.com,https://esimdb.com/greece/roamless,2026-10-04
roamless,GR,greece,Greece,Greece - 30 Days,20.0,30,data,35.45,USD,,esimdb.com,https://esimdb.com/greece/roamless,2026-10-04
roamless,GR,greece,Greece,Greece - No Expiration,20.0,0,data,39.0,USD,,esimdb.com,https://esimdb.com/greece/roamless,2026-10-04
roamless,GR,greece,Greece,Greece - 30 Days,50.0,30,data,39.95,USD,,esimdb.com,https://esimdb.com/greece/roamless,2026-10-04
roamless,GR,greece,Greece,Greece - No Expiration,25.0,0,data,48.75,USD,,esimdb.com,https://esimdb.com/greece/roamless,2026-10-04
roamless,GR,greece,Greece,Greece - No Expiration,30.0,0,data,58.5,USD,,esimdb.com,https://esimdb.com/greece/roamless,2026-10-04
roamless,GR,greece,Greece,Greece - No Expiration,35.0,0,data,68.25,USD,,esimdb.com,https://esimdb.com/greece/roamless,2026-10-04
roamless,GR,greece,Greece,Greece - No Expiration,40.0,0,data,78.0,USD,,esimdb.com,https://esimdb.com/greece/roamless,2026-10-04
roamless,GR,greece,Greece,Greece - No Expiration,45.0,0,data,87.75,USD,,esimdb.com,https://esimdb.com/greece/roamless,2026-10-04
roamless,GR,greece,Greece,Greece - No Expiration,50.0,0,data,97.5,USD,,esimdb.com,https://esimdb.com/greece/roamless,2026-10-04
roamless,GR,greece,Greece,Greece - No Expiration,100.0,0,data,195.0,USD,,esimdb.com,https://esimdb.com/greece/roamless,2026-10-04
roamless,GR,greece,Greece,Greece - No Expiration,150.0,0,data,292.5,USD,,esimdb.com,https://esimdb.com/greece/roamless,2026-10-04
roamless,GR,greece,Greece,Greece - No Expiration,200.0,0,data,390.0,USD,,esimdb.com,https://esimdb.com/greece/roamless,2026-10-04
roamless,HK,hong-kong,Hong Kong,Hong Kong - No Expiration,1.0,0,data,2.95,USD,,esimdb.com,https://esimdb.com/hong-kong/roamless,2026-10-04
roamless,HK,hong-kong,Hong Kong,Hong Kong - 30 Days,1.0,30,data,3.95,USD,,esimdb.com,https://esimdb.com/hong-kong/roamless,2026-10-04
roamless,HK,hong-kong,Hong Kong,Hong Kong - No Expiration,2.0,0,data,5.9,USD,,esimdb.com,https://esimdb.com/hong-kong/roamless,2026-10-04
roamless,HK,hong-kong,Hong Kong,Hong Kong - 30 Days,3.0,30,data,8.45,USD,,esimdb.com,https://esimdb.com/hong-kong/roamless,2026-10-04
roamless,HK,hong-kong,Hong Kong,Hong Kong - No Expiration,3.0,0,data,8.85,USD,,esimdb.com,https://esimdb.com/hong-kong/roamless,2026-10-04
roamless,HK,hong-kong,Hong Kong,Hong Kong - No Expiration,4.0,0,data,11.8,USD,,esimdb.com,https://esimdb.com/hong-kong/roamless,2026-10-04
roamless,HK,hong-kong,Hong Kong,Hong Kong - 30 Days,5.0,30,data,11.95,USD,,esimdb.com,https://esimdb.com/hong-kong/roamless,2026-10-04
roamless,HK,hong-kong,Hong Kong,Hong Kong - No Expiration,5.0,0,data,14.75,USD,,esimdb.com,https://esimdb.com/hong-kong/roamless,2026-10-04
roamless,HK,hong-kong,Hong Kong,Hong Kong - No Expiration,6.0,0,data,17.7,USD,,esimdb.com,https://esimdb.com/hong-kong/roamless,2026-10-04
roamless,HK,hong-kong,Hong Kong,Hong Kong - 30 Days,10.0,30,data,17.95,USD,,esimdb.com,https://esimdb.com/hong-kong/roamless,2026-10-04
roamless,HK,hong-kong,Hong Kong,Hong Kong - No Expiration,7.0,0,data,20.65,USD,,esimdb.com,https://esimdb.com/hong-kong/roamless,2026-10-04
roamless,HK,hong-kong,Hong Kong,Hong Kong - No Expiration,8.0,0,data,23.6,USD,,esimdb.com,https://esimdb.com/hong-kong/roamless,2026-10-04
roamless,HK,hong-kong,Hong Kong,Hong Kong - No Expiration,9.0,0,data,26.55,USD,,esimdb.com,https://esimdb.com/hong-kong/roamless,2026-10-04
roamless,HK,hong-kong,Hong Kong,Hong Kong - 30 Days,20.0,30,data,28.95,USD,,esimdb.com,https://esimdb.com/hong-kong/roamless,2026-10-04
roamless,HK,hong-kong,Hong Kong,Hong Kong - No Expiration,10.0,0,data,29.5,USD,,esimdb.com,https://esimdb.com/hong-kong/roamless,2026-10-04
roamless,HK,hong-kong,Hong Kong,Hong Kong - No Expiration,15.0,0,data,44.25,USD,,esimdb.com,https://esimdb.com/hong-kong/roamless,2026-10-04
roamless,HK,hong-kong,Hong Kong,Hong Kong - 30 Days,50.0,30,data,56.95,USD,,esimdb.com,https://esimdb.com/hong-kong/roamless,2026-10-04
roamless,HK,hong-kong,Hong Kong,Hong Kong - No Expiration,20.0,0,data,59.0,USD,,esimdb.com,https://esimdb.com/hong-kong/roamless,2026-10-04
roamless,HK,hong-kong,Hong Kong,Hong Kong - No Expiration,25.0,0,data,73.75,USD,,esimdb.com,https://esimdb.com/hong-kong/roamless,2026-10-04
roamless,HK,hong-kong,Hong Kong,Hong Kong - No Expiration,30.0,0,data,88.5,USD,,esimdb.com,https://esimdb.com/hong-kong/roamless,2026-10-04
roamless,HK,hong-kong,Hong Kong,Hong Kong - No Expiration,35.0,0,data,103.25,USD,,esimdb.com,https://esimdb.com/hong-kong/roamless,2026-10-04
roamless,HK,hong-kong,Hong Kong,Hong Kong - No Expiration,40.0,0,data,118.0,USD,,esimdb.com,https://esimdb.com/hong-kong/roamless,2026-10-04
roamless,HK,hong-kong,Hong Kong,Hong Kong - No Expiration,45.0,0,data,132.75,USD,,esimdb.com,https://esimdb.com/hong-kong/roamless,2026-10-04
roamless,HK,hong-kong,Hong Kong,Hong Kong - No Expiration,50.0,0,data,147.5,USD,,esimdb.com,https://esimdb.com/hong-kong/roamless,2026-10-04
roamless,HK,hong-kong,Hong Kong,Hong Kong - No Expiration,100.0,0,data,295.0,USD,,esimdb.com,https://esimdb.com/hong-kong/roamless,2026-10-04
roamless,HR,croatia,Croatia,Croatia - No Expiration,1.0,0,data,1.95,USD,,esimdb.com,https://esimdb.com/croatia/roamless,2026-10-04
roamless,HR,croatia,Croatia,Croatia - No Expiration,2.0,0,data,3.9,USD,,esimdb.com,https://esimdb.com/croatia/roamless,2026-10-04
roamless,HR,croatia,Croatia,Croatia - 30 Days,1.0,30,data,3.95,USD,,esimdb.com,https://esimdb.com/croatia/roamless,2026-10-04
roamless,HR,croatia,Croatia,Croatia - No Expiration,3.0,0,data,5.85,USD,,esimdb.com,https://esimdb.com/croatia/roamless,2026-10-04
roamless,HR,croatia,Croatia,Croatia - 30 Days,3.0,30,data,7.45,USD,,esimdb.com,https://esimdb.com/croatia/roamless,2026-10-04
roamless,HR,croatia,Croatia,Croatia - No Expiration,4.0,0,data,7.8,USD,,esimdb.com,https://esimdb.com/croatia/roamless,2026-10-04
roamless,HR,croatia,Croatia,Croatia - No Expiration,5.0,0,data,9.75,USD,,esimdb.com,https://esimdb.com/croatia/roamless,2026-10-04
roamless,HR,croatia,Croatia,Croatia - 30 Days,5.0,30,data,10.45,USD,,esimdb.com,https://esimdb.com/croatia/roamless,2026-10-04
roamless,HR,croatia,Croatia,Croatia - No Expiration,6.0,0,data,11.7,USD,,esimdb.com,https://esimdb.com/croatia/roamless,2026-10-04
roamless,HR,croatia,Croatia,Croatia - No Expiration,7.0,0,data,13.65,USD,,esimdb.com,https://esimdb.com/croatia/roamless,2026-10-04
roamless,HR,croatia,Croatia,Croatia - No Expiration,8.0,0,data,15.6,USD,,esimdb.com,https://esimdb.com/croatia/roamless,2026-10-04
roamless,HR,croatia,Croatia,Croatia - 30 Days,10.0,30,data,16.95,USD,,esimdb.com,https://esimdb.com/croatia/roamless,2026-10-04
roamless,HR,croatia,Croatia,Croatia - No Expiration,9.0,0,data,17.55,USD,,esimdb.com,https://esimdb.com/croatia/roamless,2026-10-04
roamless,HR,croatia,Croatia,Croatia - No Expiration,10.0,0,data,19.5,USD,,esimdb.com,https://esimdb.com/croatia/roamless,2026-10-04
roamless,HR,croatia,Croatia,Croatia - 30 Days,20.0,30,data,25.45,USD,,esimdb.com,https://esimdb.com/croatia/roamless,2026-10-04
roamless,HR,croatia,Croatia,Croatia - No Expiration,15.0,0,data,29.25,USD,,esimdb.com,https://esimdb.com/croatia/roamless,2026-10-04
roamless,HR,croatia,Croatia,Croatia - 30 Days,50.0,30,data,34.95,USD,,esimdb.com,https://esimdb.com/croatia/roamless,2026-10-04
roamless,HR,croatia,Croatia,Croatia - No Expiration,20.0,0,data,39.0,USD,,esimdb.com,https://esimdb.com/croatia/roamless,2026-10-04
roamless,HR,croatia,Croatia,Croatia - No Expiration,25.0,0,data,48.75,USD,,esimdb.com,https://esimdb.com/croatia/roamless,2026-10-04
roamless,HR,croatia,Croatia,Croatia - No Expiration,30.0,0,data,58.5,USD,,esimdb.com,https://esimdb.com/croatia/roamless,2026-10-04
roamless,HR,croatia,Croatia,Croatia - No Expiration,35.0,0,data,68.25,USD,,esimdb.com,https://esimdb.com/croatia/roamless,2026-10-04
roamless,HR,croatia,Croatia,Croatia - No Expiration,40.0,0,data,78.0,USD,,esimdb.com,https://esimdb.com/croatia/roamless,2026-10-04
roamless,HR,croatia,Croatia,Croatia - No Expiration,45.0,0,data,87.75,USD,,esimdb.com,https://esimdb.com/croatia/roamless,2026-10-04
roamless,HR,croatia,Croatia,Croatia - No Expiration,50.0,0,data,97.5,USD,,esimdb.com,https://esimdb.com/croatia/roamless,2026-10-04
roamless,HR,croatia,Croatia,Croatia - No Expiration,100.0,0,data,195.0,USD,,esimdb.com,https://esimdb.com/croatia/roamless,2026-10-04
roamless,HR,croatia,Croatia,Croatia - No Expiration,150.0,0,data,292.5,USD,,esimdb.com,https://esimdb.com/croatia/roamless,2026-10-04
roamless,HR,croatia,Croatia,Croatia - No Expiration,200.0,0,data,390.0,USD,,esimdb.com,https://esimdb.com/croatia/roamless,2026-10-04
roamless,ID,indonesia,Indonesia,Indonesia - No Expiration,1.0,0,data,2.45,USD,,esimdb.com,https://esimdb.com/indonesia/roamless,2026-10-04
roamless,ID,indonesia,Indonesia,Indonesia - 30 Days,1.0,30,data,4.45,USD,,esimdb.com,https://esimdb.com/indonesia/roamless,2026-10-04
roamless,ID,indonesia,Indonesia,Indonesia - No Expiration,2.0,0,data,4.9,USD,,esimdb.com,https://esimdb.com/indonesia/roamless,2026-10-04
roamless,ID,indonesia,Indonesia,Indonesia - No Expiration,3.0,0,data,7.35,USD,,esimdb.com,https://esimdb.com/indonesia/roamless,2026-10-04
roamless,ID,indonesia,Indonesia,Indonesia - 30 Days,3.0,30,data,8.45,USD,,esimdb.com,https://esimdb.com/indonesia/roamless,2026-10-04
roamless,ID,indonesia,Indonesia,Indonesia - No Expiration,4.0,0,data,9.8,USD,,esimdb.com,https://esimdb.com/indonesia/roamless,2026-10-04
roamless,ID,indonesia,Indonesia,Indonesia - No Expiration,5.0,0,data,12.25,USD,,esimdb.com,https://esimdb.com/indonesia/roamless,2026-10-04
roamless,ID,indonesia,Indonesia,Indonesia - 30 Days,5.0,30,data,13.45,USD,,esimdb.com,https://esimdb.com/indonesia/roamless,2026-10-04
roamless,ID,indonesia,Indonesia,Indonesia - No Expiration,6.0,0,data,14.7,USD,,esimdb.com,https://esimdb.com/indonesia/roamless,2026-10-04
roamless,ID,indonesia,Indonesia,Indonesia - No Expiration,7.0,0,data,17.15,USD,,esimdb.com,https://esimdb.com/indonesia/roamless,2026-10-04
roamless,ID,indonesia,Indonesia,Indonesia - No Expiration,8.0,0,data,19.6,USD,,esimdb.com,https://esimdb.com/indonesia/roamless,2026-10-04
roamless,ID,indonesia,Indonesia,Indonesia - 30 Days,10.0,30,data,20.95,USD,,esimdb.com,https://esimdb.com/indonesia/roamless,2026-10-04
roamless,ID,indonesia,Indonesia,Indonesia - No Expiration,9.0,0,data,22.05,USD,,esimdb.com,https://esimdb.com/indonesia/roamless,2026-10-04
roamless,ID,indonesia,Indonesia,Indonesia - No Expiration,10.0,0,data,24.5,USD,,esimdb.com,https://esimdb.com/indonesia/roamless,2026-10-04
roamless,ID,indonesia,Indonesia,Indonesia - 30 Days,20.0,30,data,34.95,USD,,esimdb.com,https://esimdb.com/indonesia/roamless,2026-10-04
roamless,ID,indonesia,Indonesia,Indonesia - No Expiration,15.0,0,data,36.75,USD,,esimdb.com,https://esimdb.com/indonesia/roamless,2026-10-04
roamless,ID,indonesia,Indonesia,Indonesia - 30 Days,50.0,30,data,48.95,USD,,esimdb.com,https://esimdb.com/indonesia/roamless,2026-10-04
roamless,ID,indonesia,Indonesia,Indonesia - No Expiration,20.0,0,data,49.0,USD,,esimdb.com,https://esimdb.com/indonesia/roamless,2026-10-04
roamless,ID,indonesia,Indonesia,Indonesia - No Expiration,25.0,0,data,61.25,USD,,esimdb.com,https://esimdb.com/indonesia/roamless,2026-10-04
roamless,ID,indonesia,Indonesia,Indonesia - No Expiration,30.0,0,data,73.5,USD,,esimdb.com,https://esimdb.com/indonesia/roamless,2026-10-04
roamless,ID,indonesia,Indonesia,Indonesia - No Expiration,35.0,0,data,85.75,USD,,esimdb.com,https://esimdb.com/indonesia/roamless,2026-10-04
roamless,ID,indonesia,Indonesia,Indonesia - No Expiration,40.0,0,data,98.0,USD,,esimdb.com,https://esimdb.com/indonesia/roamless,2026-10-04
roamless,ID,indonesia,Indonesia,Indonesia - No Expiration,45.0,0,data,110.25,USD,,esimdb.com,https://esimdb.com/indonesia/roamless,2026-10-04
roamless,ID,indonesia,Indonesia,Indonesia - No Expiration,50.0,0,data,122.5,USD,,esimdb.com,https://esimdb.com/indonesia/roamless,2026-10-04
roamless,ID,indonesia,Indonesia,Indonesia - No Expiration,100.0,0,data,245.0,USD,,esimdb.com,https://esimdb.com/indonesia/roamless,2026-10-04
roamless,ID,indonesia,Indonesia,Indonesia - No Expiration,150.0,0,data,367.5,USD,,esimdb.com,https://esimdb.com/indonesia/roamless,2026-10-04
roamless,ID,indonesia,Indonesia,Indonesia - No Expiration,200.0,0,data,490.0,USD,,esimdb.com,https://esimdb.com/indonesia/roamless,2026-10-04
roamless,IE,ireland,Ireland,Ireland - No Expiration,1.0,0,data,1.95,USD,,esimdb.com,https://esimdb.com/ireland/roamless,2026-10-04
roamless,IE,ireland,Ireland,Ireland - No Expiration,2.0,0,data,3.9,USD,,esimdb.com,https://esimdb.com/ireland/roamless,2026-10-04
roamless,IE,ireland,Ireland,Ireland - 30 Days,1.0,30,data,3.95,USD,,esimdb.com,https://esimdb.com/ireland/roamless,2026-10-04
roamless,IE,ireland,Ireland,Ireland - No Expiration,3.0,0,data,5.85,USD,,esimdb.com,https://esimdb.com/ireland/roamless,2026-10-04
roamless,IE,ireland,Ireland,Ireland - 30 Days,3.0,30,data,7.45,USD,,esimdb.com,https://esimdb.com/ireland/roamless,2026-10-04
roamless,IE,ireland,Ireland,Ireland - No Expiration,4.0,0,data,7.8,USD,,esimdb.com,https://esimdb.com/ireland/roamless,2026-10-04
roamless,IE,ireland,Ireland,Ireland - No Expiration,5.0,0,data,9.75,USD,,esimdb.com,https://esimdb.com/ireland/roamless,2026-10-04
roamless,IE,ireland,Ireland,Ireland - 30 Days,5.0,30,data,10.95,USD,,esimdb.com,https://esimdb.com/ireland/roamless,2026-10-04
roamless,IE,ireland,Ireland,Ireland - No Expiration,6.0,0,data,11.7,USD,,esimdb.com,https://esimdb.com/ireland/roamless,2026-10-04
roamless,IE,ireland,Ireland,Ireland - No Expiration,7.0,0,data,13.65,USD,,esimdb.com,https://esimdb.com/ireland/roamless,2026-10-04
roamless,IE,ireland,Ireland,Ireland - No Expiration,8.0,0,data,15.6,USD,,esimdb.com,https://esimdb.com/ireland/roamless,2026-10-04
roamless,IE,ireland,Ireland,Ireland - 30 Days,10.0,30,data,16.95,USD,,esimdb.com,https://esimdb.com/ireland/roamless,2026-10-04
roamless,IE,ireland,Ireland,Ireland - No Expiration,9.0,0,data,17.55,USD,,esimdb.com,https://esimdb.com/ireland/roamless,2026-10-04
roamless,IE,ireland,Ireland,Ireland - No Expiration,10.0,0,data,19.5,USD,,esimdb.com,https://esimdb.com/ireland/roamless,2026-10-04
roamless,IE,ireland,Ireland,Ireland - 30 Days,20.0,30,data,25.45,USD,,esimdb.com,https://esimdb.com/ireland/roamless,2026-10-04
roamless,IE,ireland,Ireland,Ireland - No Expiration,15.0,0,data,29.25,USD,,esimdb.com,https://esimdb.com/ireland/roamless,2026-10-04
roamless,IE,ireland,Ireland,Ireland - No Expiration,20.0,0,data,39.0,USD,,esimdb.com,https://esimdb.com/ireland/roamless,2026-10-04
roamless,IE,ireland,Ireland,Ireland - 30 Days,50.0,30,data,39.95,USD,,esimdb.com,https://esimdb.com/ireland/roamless,2026-10-04
roamless,IE,ireland,Ireland,Ireland - No Expiration,25.0,0,data,48.75,USD,,esimdb.com,https://esimdb.com/ireland/roamless,2026-10-04
roamless,IE,ireland,Ireland,Ireland - No Expiration,30.0,0,data,58.5,USD,,esimdb.com,https://esimdb.com/ireland/roamless,2026-10-04
roamless,IE,ireland,Ireland,Ireland - No Expiration,35.0,0,data,68.25,USD,,esimdb.com,https://esimdb.com/ireland/roamless,2026-10-04
roamless,IE,ireland,Ireland,Ireland - No Expiration,40.0,0,data,78.0,USD,,esimdb.com,https://esimdb.com/ireland/roamless,2026-10-04
roamless,IE,ireland,Ireland,Ireland - No Expiration,45.0,0,data,87.75,USD,,esimdb.com,https://esimdb.com/ireland/roamless,2026-10-04
roamless,IE,ireland,Ireland,Ireland - No Expiration,50.0,0,data,97.5,USD,,esimdb.com,https://esimdb.com/ireland/roamless,2026-10-04
roamless,IE,ireland,Ireland,Ireland - No Expiration,100.0,0,data,195.0,USD,,esimdb.com,https://esimdb.com/ireland/roamless,2026-10-04
roamless,IE,ireland,Ireland,Ireland - No Expiration,150.0,0,data,292.5,USD,,esimdb.com,https://esimdb.com/ireland/roamless,2026-10-04
roamless,IE,ireland,Ireland,Ireland - No Expiration,200.0,0,data,390.0,USD,,esimdb.com,https://esimdb.com/ireland/roamless,2026-10-04
roamless,IL,israel,Israel,Israel - No Expiration,1.0,0,data,2.45,USD,,esimdb.com,https://esimdb.com/israel/roamless,2026-10-04
roamless,IL,israel,Israel,Israel - 30 Days,1.0,30,data,3.95,USD,,esimdb.com,https://esimdb.com/israel/roamless,2026-10-04
roamless,IL,israel,Israel,Israel - No Expiration,2.0,0,data,4.9,USD,,esimdb.com,https://esimdb.com/israel/roamless,2026-10-04
roamless,IL,israel,Israel,Israel - 30 Days,3.0,30,data,5.95,USD,,esimdb.com,https://esimdb.com/israel/roamless,2026-10-04
roamless,IL,israel,Israel,Israel - No Expiration,3.0,0,data,7.35,USD,,esimdb.com,https://esimdb.com/israel/roamless,2026-10-04
roamless,IL,israel,Israel,Israel - 30 Days,5.0,30,data,7.95,USD,,esimdb.com,https://esimdb.com/israel/roamless,2026-10-04
roamless,IL,israel,Israel,Israel - No Expiration,4.0,0,data,9.8,USD,,esimdb.com,https://esimdb.com/israel/roamless,2026-10-04
roamless,IL,israel,Israel,Israel - 30 Days,10.0,30,data,11.45,USD,,esimdb.com,https://esimdb.com/israel/roamless,2026-10-04
roamless,IL,israel,Israel,Israel - No Expiration,5.0,0,data,12.25,USD,,esimdb.com,https://esimdb.com/israel/roamless,2026-10-04
roamless,IL,israel,Israel,Israel - No Expiration,6.0,0,data,14.7,USD,,esimdb.com,https://esimdb.com/israel/roamless,2026-10-04
roamless,IL,israel,Israel,Israel - 30 Days,20.0,30,data,16.45,USD,,esimdb.com,https://esimdb.com/israel/roamless,2026-10-04
roamless,IL,israel,Israel,Israel - No Expiration,7.0,0,data,17.15,USD,,esimdb.com,https://esimdb.com/israel/roamless,2026-10-04
roamless,IL,israel,Israel,Israel - No Expiration,8.0,0,data,19.6,USD,,esimdb.com,https://esimdb.com/israel/roamless,2026-10-04
roamless,IL,israel,Israel,Israel - No Expiration,9.0,0,data,22.05,USD,,esimdb.com,https://esimdb.com/israel/roamless,2026-10-04
roamless,IL,israel,Israel,Israel - No Expiration,10.0,0,data,24.5,USD,,esimdb.com,https://esimdb.com/israel/roamless,2026-10-04
roamless,IL,israel,Israel,Israel - No Expiration,15.0,0,data,36.75,USD,,esimdb.com,https://esimdb.com/israel/roamless,2026-10-04
roamless,IL,israel,Israel,Israel - 30 Days,50.0,30,data,38.95,USD,,esimdb.com,https://esimdb.com/israel/roamless,2026-10-04
roamless,IL,israel,Israel,Israel - No Expiration,20.0,0,data,49.0,USD,,esimdb.com,https://esimdb.com/israel/roamless,2026-10-04
roamless,IL,israel,Israel,Israel - No Expiration,25.0,0,data,61.25,USD,,esimdb.com,https://esimdb.com/israel/roamless,2026-10-04
roamless,IL,israel,Israel,Israel - No Expiration,30.0,0,data,73.5,USD,,esimdb.com,https://esimdb.com/israel/roamless,2026-10-04
roamless,IL,israel,Israel,Israel - No Expiration,35.0,0,data,85.75,USD,,esimdb.com,https://esimdb.com/israel/roamless,2026-10-04
roamless,IL,israel,Israel,Israel - No Expiration,40.0,0,data,98.0,USD,,esimdb.com,https://esimdb.com/israel/roamless,2026-10-04
roamless,IL,israel,Israel,Israel - No Expiration,45.0,0,data,110.25,USD,,esimdb.com,https://esimdb.com/israel/roamless,2026-10-04
roamless,IL,israel,Israel,Israel - No Expiration,50.0,0,data,122.5,USD,,esimdb.com,https://esimdb.com/israel/roamless,2026-10-04
roamless,IL,israel,Israel,Israel - No Expiration,100.0,0,data,245.0,USD,,esimdb.com,https://esimdb.com/israel/roamless,2026-10-04
roamless,IL,israel,Israel,Israel - No Expiration,150.0,0,data,367.5,USD,,esimdb.com,https://esimdb.com/israel/roamless,2026-10-04
roamless,IL,israel,Israel,Israel - No Expiration,200.0,0,data,490.0,USD,,esimdb.com,https://esimdb.com/israel/roamless,2026-10-04
roamless,IN,india,India,India - No Expiration,1.0,0,data,2.95,USD,,esimdb.com,https://esimdb.com/india/roamless,2026-10-04
roamless,IN,india,India,India - 30 Days,1.0,30,data,3.95,USD,,esimdb.com,https://esimdb.com/india/roamless,2026-10-04
roamless,IN,india,India,India - No Expiration,2.0,0,data,5.9,USD,,esimdb.com,https://esimdb.com/india/roamless,2026-10-04
roamless,IN,india,India,India - No Expiration,3.0,0,data,8.85,USD,,esimdb.com,https://esimdb.com/india/roamless,2026-10-04
roamless,IN,india,India,India - 30 Days,3.0,30,data,9.45,USD,,esimdb.com,https://esimdb.com/india/roamless,2026-10-04
roamless,IN,india,India,India - No Expiration,4.0,0,data,11.8,USD,,esimdb.com,https://esimdb.com/india/roamless,2026-10-04
roamless,IN,india,India,India - 30 Days,5.0,30,data,13.95,USD,,esimdb.com,https://esimdb.com/india/roamless,2026-10-04
roamless,IN,india,India,India - No Expiration,5.0,0,data,14.75,USD,,esimdb.com,https://esimdb.com/india/roamless,2026-10-04
roamless,IN,india,India,India - No Expiration,6.0,0,data,17.7,USD,,esimdb.com,https://esimdb.com/india/roamless,2026-10-04
roamless,IN,india,India,India - No Expiration,7.0,0,data,20.65,USD,,esimdb.com,https://esimdb.com/india/roamless,2026-10-04
roamless,IN,india,India,India - No Expiration,8.0,0,data,23.6,USD,,esimdb.com,https://esimdb.com/india/roamless,2026-10-04
roamless,IN,india,India,India - 30 Days,10.0,30,data,23.95,USD,,esimdb.com,https://esimdb.com/india/roamless,2026-10-04
roamless,IN,india,India,India - No Expiration,9.0,0,data,26.55,USD,,esimdb.com,https://esimdb.com/india/roamless,2026-10-04
roamless,IN,india,India,India - No Expiration,10.0,0,data,29.5,USD,,esimdb.com,https://esimdb.com/india/roamless,2026-10-04
roamless,IN,india,India,India - 30 Days,20.0,30,data,37.95,USD,,esimdb.com,https://esimdb.com/india/roamless,2026-10-04
roamless,IN,india,India,India - No Expiration,15.0,0,data,44.25,USD,,esimdb.com,https://esimdb.com/india/roamless,2026-10-04
roamless,IN,india,India,India - No Expiration,20.0,0,data,59.0,USD,,esimdb.com,https://esimdb.com/india/roamless,2026-10-04
roamless,IN,india,India,India - No Expiration,25.0,0,data,73.75,USD,,esimdb.com,https://esimdb.com/india/roamless,2026-10-04
roamless,IN,india,India,India - 30 Days,50.0,30,data,75.95,USD,,esimdb.com,https://esimdb.com/india/roamless,2026-10-04
roamless,IN,india,India,India - No Expiration,30.0,0,data,88.5,USD,,esimdb.com,https://esimdb.com/india/roamless,2026-10-04
roamless,IN,india,India,India - No Expiration,35.0,0,data,103.25,USD,,esimdb.com,https://esimdb.com/india/roamless,2026-10-04
roamless,IN,india,India,India - No Expiration,40.0,0,data,118.0,USD,,esimdb.com,https://esimdb.com/india/roamless,2026-10-04
roamless,IN,india,India,India - No Expiration,45.0,0,data,132.75,USD,,esimdb.com,https://esimdb.com/india/roamless,2026-10-04
roamless,IN,india,India,India - No Expiration,50.0,0,data,147.5,USD,,esimdb.com,https://esimdb.com/india/roamless,2026-10-04
roamless,IN,india,India,India - No Expiration,100.0,0,data,295.0,USD,,esimdb.com,https://esimdb.com/india/roamless,2026-10-04
roamless,IS,iceland,Iceland,Iceland - No Expiration,1.0,0,data,1.95,USD,,esimdb.com,https://esimdb.com/iceland/roamless,2026-10-04
roamless,IS,iceland,Iceland,Iceland - No Expiration,2.0,0,data,3.9,USD,,esimdb.com,https://esimdb.com/iceland/roamless,2026-10-04
roamless,IS,iceland,Iceland,Iceland - 30 Days,1.0,30,data,3.95,USD,,esimdb.com,https://esimdb.com/iceland/roamless,2026-10-04
roamless,IS,iceland,Iceland,Iceland - No Expiration,3.0,0,data,5.85,USD,,esimdb.com,https://esimdb.com/iceland/roamless,2026-10-04
roamless,IS,iceland,Iceland,Iceland - No Expiration,4.0,0,data,7.8,USD,,esimdb.com,https://esimdb.com/iceland/roamless,2026-10-04
roamless,IS,iceland,Iceland,Iceland - 30 Days,3.0,30,data,7.95,USD,,esimdb.com,https://esimdb.com/iceland/roamless,2026-10-04
roamless,IS,iceland,Iceland,Iceland - No Expiration,5.0,0,data,9.75,USD,,esimdb.com,https://esimdb.com/iceland/roamless,2026-10-04
roamless,IS,iceland,Iceland,Iceland - No Expiration,6.0,0,data,11.7,USD,,esimdb.com,https://esimdb.com/iceland/roamless,2026-10-04
roamless,IS,iceland,Iceland,Iceland - 30 Days,5.0,30,data,11.95,USD,,esimdb.com,https://esimdb.com/iceland/roamless,2026-10-04
roamless,IS,iceland,Iceland,Iceland - No Expiration,7.0,0,data,13.65,USD,,esimdb.com,https://esimdb.com/iceland/roamless,2026-10-04
roamless,IS,iceland,Iceland,Iceland - No Expiration,8.0,0,data,15.6,USD,,esimdb.com,https://esimdb.com/iceland/roamless,2026-10-04
roamless,IS,iceland,Iceland,Iceland - No Expiration,9.0,0,data,17.55,USD,,esimdb.com,https://esimdb.com/iceland/roamless,2026-10-04
roamless,IS,iceland,Iceland,Iceland - 30 Days,10.0,30,data,19.45,USD,,esimdb.com,https://esimdb.com/iceland/roamless,2026-10-04
roamless,IS,iceland,Iceland,Iceland - No Expiration,10.0,0,data,19.5,USD,,esimdb.com,https://esimdb.com/iceland/roamless,2026-10-04
roamless,IS,iceland,Iceland,Iceland - No Expiration,15.0,0,data,29.25,USD,,esimdb.com,https://esimdb.com/iceland/roamless,2026-10-04
roamless,IS,iceland,Iceland,Iceland - 30 Days,20.0,30,data,30.45,USD,,esimdb.com,https://esimdb.com/iceland/roamless,2026-10-04
roamless,IS,iceland,Iceland,Iceland - No Expiration,20.0,0,data,39.0,USD,,esimdb.com,https://esimdb.com/iceland/roamless,2026-10-04
roamless,IS,iceland,Iceland,Iceland - 30 Days,50.0,30,data,39.95,USD,,esimdb.com,https://esimdb.com/iceland/roamless,2026-10-04
roamless,IS,iceland,Iceland,Iceland - No Expiration,25.0,0,data,48.75,USD,,esimdb.com,https://esimdb.com/iceland/roamless,2026-10-04
roamless,IS,iceland,Iceland,Iceland - No Expiration,30.0,0,data,58.5,USD,,esimdb.com,https://esimdb.com/iceland/roamless,2026-10-04
roamless,IS,iceland,Iceland,Iceland - No Expiration,35.0,0,data,68.25,USD,,esimdb.com,https://esimdb.com/iceland/roamless,2026-10-04
roamless,IS,iceland,Iceland,Iceland - No Expiration,40.0,0,data,78.0,USD,,esimdb.com,https://esimdb.com/iceland/roamless,2026-10-04
roamless,IS,iceland,Iceland,Iceland - No Expiration,45.0,0,data,87.75,USD,,esimdb.com,https://esimdb.com/iceland/roamless,2026-10-04
roamless,IS,iceland,Iceland,Iceland - No Expiration,50.0,0,data,97.5,USD,,esimdb.com,https://esimdb.com/iceland/roamless,2026-10-04
roamless,IS,iceland,Iceland,Iceland - No Expiration,100.0,0,data,195.0,USD,,esimdb.com,https://esimdb.com/iceland/roamless,2026-10-04
roamless,IS,iceland,Iceland,Iceland - No Expiration,150.0,0,data,292.5,USD,,esimdb.com,https://esimdb.com/iceland/roamless,2026-10-04
roamless,IS,iceland,Iceland,Iceland - No Expiration,200.0,0,data,390.0,USD,,esimdb.com,https://esimdb.com/iceland/roamless,2026-10-04
roamless,IT,italy,Italy,Italy - No Expiration,1.0,0,data,1.95,USD,,esimdb.com,https://esimdb.com/italy/roamless,2026-10-04
roamless,IT,italy,Italy,Italy - No Expiration,2.0,0,data,3.9,USD,,esimdb.com,https://esimdb.com/italy/roamless,2026-10-04
roamless,IT,italy,Italy,Italy - 30 Days,1.0,30,data,3.95,USD,,esimdb.com,https://esimdb.com/italy/roamless,2026-10-04
roamless,IT,italy,Italy,Italy - No Expiration,3.0,0,data,5.85,USD,,esimdb.com,https://esimdb.com/italy/roamless,2026-10-04
roamless,IT,italy,Italy,Italy - 30 Days,3.0,30,data,7.45,USD,,esimdb.com,https://esimdb.com/italy/roamless,2026-10-04
roamless,IT,italy,Italy,Italy - No Expiration,4.0,0,data,7.8,USD,,esimdb.com,https://esimdb.com/italy/roamless,2026-10-04
roamless,IT,italy,Italy,Italy - No Expiration,5.0,0,data,9.75,USD,,esimdb.com,https://esimdb.com/italy/roamless,2026-10-04
roamless,IT,italy,Italy,Italy - No Expiration,6.0,0,data,11.7,USD,,esimdb.com,https://esimdb.com/italy/roamless,2026-10-04
roamless,IT,italy,Italy,Italy - 30 Days,5.0,30,data,11.95,USD,,esimdb.com,https://esimdb.com/italy/roamless,2026-10-04
roamless,IT,italy,Italy,Italy - No Expiration,7.0,0,data,13.65,USD,,esimdb.com,https://esimdb.com/italy/roamless,2026-10-04
roamless,IT,italy,Italy,Italy - No Expiration,8.0,0,data,15.6,USD,,esimdb.com,https://esimdb.com/italy/roamless,2026-10-04
roamless,IT,italy,Italy,Italy - No Expiration,9.0,0,data,17.55,USD,,esimdb.com,https://esimdb.com/italy/roamless,2026-10-04
roamless,IT,italy,Italy,Italy - 30 Days,10.0,30,data,18.95,USD,,esimdb.com,https://esimdb.com/italy/roamless,2026-10-04
roamless,IT,italy,Italy,Italy - No Expiration,10.0,0,data,19.5,USD,,esimdb.com,https://esimdb.com/italy/roamless,2026-10-04
roamless,IT,italy,Italy,Italy - 30 Days,20.0,30,data,25.95,USD,,esimdb.com,https://esimdb.com/italy/roamless,2026-10-04
roamless,IT,italy,Italy,Italy - No Expiration,15.0,0,data,29.25,USD,,esimdb.com,https://esimdb.com/italy/roamless,2026-10-04
roamless,IT,italy,Italy,Italy - 30 Days,50.0,30,data,34.95,USD,,esimdb.com,https://esimdb.com/italy/roamless,2026-10-04
roamless,IT,italy,Italy,Italy - No Expiration,20.0,0,data,39.0,USD,,esimdb.com,https://esimdb.com/italy/roamless,2026-10-04
roamless,IT,italy,Italy,Italy - No Expiration,25.0,0,data,48.75,USD,,esimdb.com,https://esimdb.com/italy/roamless,2026-10-04
roamless,IT,italy,Italy,Italy - No Expiration,30.0,0,data,58.5,USD,,esimdb.com,https://esimdb.com/italy/roamless,2026-10-04
roamless,IT,italy,Italy,Italy - No Expiration,35.0,0,data,68.25,USD,,esimdb.com,https://esimdb.com/italy/roamless,2026-10-04
roamless,IT,italy,Italy,Italy - No Expiration,40.0,0,data,78.0,USD,,esimdb.com,https://esimdb.com/italy/roamless,2026-10-04
roamless,IT,italy,Italy,Italy - No Expiration,45.0,0,data,87.75,USD,,esimdb.com,https://esimdb.com/italy/roamless,2026-10-04
roamless,IT,italy,Italy,Italy - No Expiration,50.0,0,data,97.5,USD,,esimdb.com,https://esimdb.com/italy/roamless,2026-10-04
roamless,IT,italy,Italy,Italy - No Expiration,100.0,0,data,195.0,USD,,esimdb.com,https://esimdb.com/italy/roamless,2026-10-04
roamless,IT,italy,Italy,Italy - No Expiration,150.0,0,data,292.5,USD,,esimdb.com,https://esimdb.com/italy/roamless,2026-10-04
roamless,IT,italy,Italy,Italy - No Expiration,200.0,0,data,390.0,USD,,esimdb.com,https://esimdb.com/italy/roamless,2026-10-04
roamless,JP,japan,Japan,Japan - No Expiration,1.0,0,data,2.45,USD,,esimdb.com,https://esimdb.com/japan/roamless,2026-10-04
roamless,JP,japan,Japan,Japan - 30 Days,1.0,30,data,3.95,USD,,esimdb.com,https://esimdb.com/japan/roamless,2026-10-04
roamless,JP,japan,Japan,Japan - No Expiration,2.0,0,data,4.9,USD,,esimdb.com,https://esimdb.com/japan/roamless,2026-10-04
roamless,JP,japan,Japan,Japan - No Expiration,3.0,0,data,7.35,USD,,esimdb.com,https://esimdb.com/japan/roamless,2026-10-04
roamless,JP,japan,Japan,Japan - 30 Days,3.0,30,data,7.95,USD,,esimdb.com,https://esimdb.com/japan/roamless,2026-10-04
roamless,JP,japan,Japan,Japan - No Expiration,4.0,0,data,9.8,USD,,esimdb.com,https://esimdb.com/japan/roamless,2026-10-04
roamless,JP,japan,Japan,Japan - 30 Days,5.0,30,data,9.95,USD,,esimdb.com,https://esimdb.com/japan/roamless,2026-10-04
roamless,JP,japan,Japan,Japan - No Expiration,5.0,0,data,12.25,USD,,esimdb.com,https://esimdb.com/japan/roamless,2026-10-04
roamless,JP,japan,Japan,Japan - No Expiration,6.0,0,data,14.7,USD,,esimdb.com,https://esimdb.com/japan/roamless,2026-10-04
roamless,JP,japan,Japan,Japan - 30 Days,10.0,30,data,14.95,USD,,esimdb.com,https://esimdb.com/japan/roamless,2026-10-04
roamless,JP,japan,Japan,Japan - No Expiration,7.0,0,data,17.15,USD,,esimdb.com,https://esimdb.com/japan/roamless,2026-10-04
roamless,JP,japan,Japan,Japan - No Expiration,8.0,0,data,19.6,USD,,esimdb.com,https://esimdb.com/japan/roamless,2026-10-04
roamless,JP,japan,Japan,Japan - No Expiration,9.0,0,data,22.05,USD,,esimdb.com,https://esimdb.com/japan/roamless,2026-10-04
roamless,JP,japan,Japan,Japan - 30 Days,20.0,30,data,22.95,USD,,esimdb.com,https://esimdb.com/japan/roamless,2026-10-04
roamless,JP,japan,Japan,Japan - No Expiration,10.0,0,data,24.5,USD,,esimdb.com,https://esimdb.com/japan/roamless,2026-10-04
roamless,JP,japan,Japan,Japan - No Expiration,15.0,0,data,36.75,USD,,esimdb.com,https://esimdb.com/japan/roamless,2026-10-04
roamless,JP,japan,Japan,Japan - 30 Days,50.0,30,data,45.95,USD,,esimdb.com,https://esimdb.com/japan/roamless,2026-10-04
roamless,JP,japan,Japan,Japan - No Expiration,20.0,0,data,49.0,USD,,esimdb.com,https://esimdb.com/japan/roamless,2026-10-04
roamless,JP,japan,Japan,Japan - No Expiration,25.0,0,data,61.25,USD,,esimdb.com,https://esimdb.com/japan/roamless,2026-10-04
roamless,JP,japan,Japan,Japan - No Expiration,30.0,0,data,73.5,USD,,esimdb.com,https://esimdb.com/japan/roamless,2026-10-04
roamless,JP,japan,Japan,Japan - No Expiration,35.0,0,data,85.75,USD,,esimdb.com,https://esimdb.com/japan/roamless,2026-10-04
roamless,JP,japan,Japan,Japan - No Expiration,40.0,0,data,98.0,USD,,esimdb.com,https://esimdb.com/japan/roamless,2026-10-04
roamless,JP,japan,Japan,Japan - No Expiration,45.0,0,data,110.25,USD,,esimdb.com,https://esimdb.com/japan/roamless,2026-10-04
roamless,JP,japan,Japan,Japan - No Expiration,50.0,0,data,122.5,USD,,esimdb.com,https://esimdb.com/japan/roamless,2026-10-04
roamless,JP,japan,Japan,Japan - No Expiration,100.0,0,data,245.0,USD,,esimdb.com,https://esimdb.com/japan/roamless,2026-10-04
roamless,JP,japan,Japan,Japan - No Expiration,150.0,0,data,367.5,USD,,esimdb.com,https://esimdb.com/japan/roamless,2026-10-04
roamless,JP,japan,Japan,Japan - No Expiration,200.0,0,data,490.0,USD,,esimdb.com,https://esimdb.com/japan/roamless,2026-10-04
roamless,KE,kenya,Kenya,Kenya - No Expiration,1.0,0,data,6.95,USD,,esimdb.com,https://esimdb.com/kenya/roamless,2026-10-04
roamless,KE,kenya,Kenya,Kenya - 30 Days,1.0,30,data,7.95,USD,,esimdb.com,https://esimdb.com/kenya/roamless,2026-10-04
roamless,KE,kenya,Kenya,Kenya - No Expiration,2.0,0,data,13.9,USD,,esimdb.com,https://esimdb.com/kenya/roamless,2026-10-04
roamless,KE,kenya,Kenya,Kenya - 30 Days,2.0,30,data,14.45,USD,,esimdb.com,https://esimdb.com/kenya/roamless,2026-10-04
roamless,KE,kenya,Kenya,Kenya - 30 Days,3.0,30,data,19.45,USD,,esimdb.com,https://esimdb.com/kenya/roamless,2026-10-04
roamless,KE,kenya,Kenya,Kenya - No Expiration,3.0,0,data,20.85,USD,,esimdb.com,https://esimdb.com/kenya/roamless,2026-10-04
roamless,KE,kenya,Kenya,Kenya - No Expiration,4.0,0,data,27.8,USD,,esimdb.com,https://esimdb.com/kenya/roamless,2026-10-04
roamless,KE,kenya,Kenya,Kenya - 30 Days,5.0,30,data,31.95,USD,,esimdb.com,https://esimdb.com/kenya/roamless,2026-10-04
roamless,KE,kenya,Kenya,Kenya - No Expiration,5.0,0,data,34.75,USD,,esimdb.com,https://esimdb.com/kenya/roamless,2026-10-04
roamless,KE,kenya,Kenya,Kenya - No Expiration,6.0,0,data,41.7,USD,,esimdb.com,https://esimdb.com/kenya/roamless,2026-10-04
roamless,KE,kenya,Kenya,Kenya - 30 Days,10.0,30,data,47.95,USD,,esimdb.com,https://esimdb.com/kenya/roamless,2026-10-04
roamless,KE,kenya,Kenya,Kenya - No Expiration,7.0,0,data,48.65,USD,,esimdb.com,https://esimdb.com/kenya/roamless,2026-10-04
roamless,KE,kenya,Kenya,Kenya - No Expiration,8.0,0,data,55.6,USD,,esimdb.com,https://esimdb.com/kenya/roamless,2026-10-04
roamless,KE,kenya,Kenya,Kenya - No Expiration,9.0,0,data,62.55,USD,,esimdb.com,https://esimdb.com/kenya/roamless,2026-10-04
roamless,KE,kenya,Kenya,Kenya - No Expiration,10.0,0,data,69.5,USD,,esimdb.com,https://esimdb.com/kenya/roamless,2026-10-04
roamless,KE,kenya,Kenya,Kenya - 30 Days,20.0,30,data,78.95,USD,,esimdb.com,https://esimdb.com/kenya/roamless,2026-10-04
roamless,KE,kenya,Kenya,Kenya - No Expiration,15.0,0,data,104.25,USD,,esimdb.com,https://esimdb.com/kenya/roamless,2026-10-04
roamless,KE,kenya,Kenya,Kenya - No Expiration,20.0,0,data,139.0,USD,,esimdb.com,https://esimdb.com/kenya/roamless,2026-10-04
roamless,KE,kenya,Kenya,Kenya - No Expiration,25.0,0,data,173.75,USD,,esimdb.com,https://esimdb.com/kenya/roamless,2026-10-04
roamless,KE,kenya,Kenya,Kenya - No Expiration,30.0,0,data,208.5,USD,,esimdb.com,https://esimdb.com/kenya/roamless,2026-10-04
roamless,KE,kenya,Kenya,Kenya - No Expiration,35.0,0,data,243.25,USD,,esimdb.com,https://esimdb.com/kenya/roamless,2026-10-04
roamless,KE,kenya,Kenya,Kenya - No Expiration,40.0,0,data,278.0,USD,,esimdb.com,https://esimdb.com/kenya/roamless,2026-10-04
roamless,KR,south-korea,South Korea,South Korea - No Expiration,1.0,0,data,2.45,USD,,esimdb.com,https://esimdb.com/south-korea/roamless,2026-10-04
roamless,KR,south-korea,South Korea,South Korea - 30 Days,1.0,30,data,3.95,USD,,esimdb.com,https://esimdb.com/south-korea/roamless,2026-10-04
roamless,KR,south-korea,South Korea,South Korea - No Expiration,2.0,0,data,4.9,USD,,esimdb.com,https://esimdb.com/south-korea/roamless,2026-10-04
roamless,KR,south-korea,South Korea,South Korea - No Expiration,3.0,0,data,7.35,USD,,esimdb.com,https://esimdb.com/south-korea/roamless,2026-10-04
roamless,KR,south-korea,South Korea,South Korea - 30 Days,3.0,30,data,8.95,USD,,esimdb.com,https://esimdb.com/south-korea/roamless,2026-10-04
roamless,KR,south-korea,South Korea,South Korea - No Expiration,4.0,0,data,9.8,USD,,esimdb.com,https://esimdb.com/south-korea/roamless,2026-10-04
roamless,KR,south-korea,South Korea,South Korea - 30 Days,5.0,30,data,10.95,USD,,esimdb.com,https://esimdb.com/south-korea/roamless,2026-10-04
roamless,KR,south-korea,South Korea,South Korea - No Expiration,5.0,0,data,12.25,USD,,esimdb.com,https://esimdb.com/south-korea/roamless,2026-10-04
roamless,KR,south-korea,South Korea,South Korea - No Expiration,6.0,0,data,14.7,USD,,esimdb.com,https://esimdb.com/south-korea/roamless,2026-10-04
roamless,KR,south-korea,South Korea,South Korea - No Expiration,7.0,0,data,17.15,USD,,esimdb.com,https://esimdb.com/south-korea/roamless,2026-10-04
roamless,KR,south-korea,South Korea,South Korea - 30 Days,10.0,30,data,18.95,USD,,esimdb.com,https://esimdb.com/south-korea/roamless,2026-10-04
roamless,KR,south-korea,South Korea,South Korea - No Expiration,8.0,0,data,19.6,USD,,esimdb.com,https://esimdb.com/south-korea/roamless,2026-10-04
roamless,KR,south-korea,South Korea,South Korea - No Expiration,9.0,0,data,22.05,USD,,esimdb.com,https://esimdb.com/south-korea/roamless,2026-10-04
roamless,KR,south-korea,South Korea,South Korea - No Expiration,10.0,0,data,24.5,USD,,esimdb.com,https://esimdb.com/south-korea/roamless,2026-10-04
roamless,KR,south-korea,South Korea,South Korea - 30 Days,20.0,30,data,29.95,USD,,esimdb.com,https://esimdb.com/south-korea/roamless,2026-10-04
roamless,KR,south-korea,South Korea,South Korea - No Expiration,15.0,0,data,36.75,USD,,esimdb.com,https://esimdb.com/south-korea/roamless,2026-10-04
roamless,KR,south-korea,South Korea,South Korea - 30 Days,50.0,30,data,48.95,USD,,esimdb.com,https://esimdb.com/south-korea/roamless,2026-10-04
roamless,KR,south-korea,South Korea,South Korea - No Expiration,20.0,0,data,49.0,USD,,esimdb.com,https://esimdb.com/south-korea/roamless,2026-10-04
roamless,KR,south-korea,South Korea,South Korea - No Expiration,25.0,0,data,61.25,USD,,esimdb.com,https://esimdb.com/south-korea/roamless,2026-10-04
roamless,KR,south-korea,South Korea,South Korea - No Expiration,30.0,0,data,73.5,USD,,esimdb.com,https://esimdb.com/south-korea/roamless,2026-10-04
roamless,KR,south-korea,South Korea,South Korea - No Expiration,35.0,0,data,85.75,USD,,esimdb.com,https://esimdb.com/south-korea/roamless,2026-10-04
roamless,KR,south-korea,South Korea,South Korea - No Expiration,40.0,0,data,98.0,USD,,esimdb.com,https://esimdb.com/south-korea/roamless,2026-10-04
roamless,KR,south-korea,South Korea,South Korea - No Expiration,45.0,0,data,110.25,USD,,esimdb.com,https://esimdb.com/south-korea/roamless,2026-10-04
roamless,KR,south-korea,South Korea,South Korea - No Expiration,50.0,0,data,122.5,USD,,esimdb.com,https://esimdb.com/south-korea/roamless,2026-10-04
roamless,KR,south-korea,South Korea,South Korea - No Expiration,100.0,0,data,245.0,USD,,esimdb.com,https://esimdb.com/south-korea/roamless,2026-10-04
roamless,KR,south-korea,South Korea,South Korea - No Expiration,150.0,0,data,367.5,USD,,esimdb.com,https://esimdb.com/south-korea/roamless,2026-10-04
roamless,KR,south-korea,South Korea,South Korea - No Expiration,200.0,0,data,490.0,USD,,esimdb.com,https://esimdb.com/south-korea/roamless,2026-10-04
roamless,MA,morocco,Morocco,Morocco - No Expiration,1.0,0,data,2.95,USD,,esimdb.com,https://esimdb.com/morocco/roamless,2026-10-04
roamless,MA,morocco,Morocco,Morocco - No Expiration,2.0,0,data,5.9,USD,,esimdb.com,https://esimdb.com/morocco/roamless,2026-10-04
roamless,MA,morocco,Morocco,Morocco - 30 Days,1.0,30,data,5.95,USD,,esimdb.com,https://esimdb.com/morocco/roamless,2026-10-04
roamless,MA,morocco,Morocco,Morocco - No Expiration,3.0,0,data,8.85,USD,,esimdb.com,https://esimdb.com/morocco/roamless,2026-10-04
roamless,MA,morocco,Morocco,Morocco - No Expiration,4.0,0,data,11.8,USD,,esimdb.com,https://esimdb.com/morocco/roamless,2026-10-04
roamless,MA,morocco,Morocco,Morocco - No Expiration,5.0,0,data,14.75,USD,,esimdb.com,https://esimdb.com/morocco/roamless,2026-10-04
roamless,MA,morocco,Morocco,Morocco - 30 Days,3.0,30,data,14.95,USD,,esimdb.com,https://esimdb.com/morocco/roamless,2026-10-04
roamless,MA,morocco,Morocco,Morocco - No Expiration,6.0,0,data,17.7,USD,,esimdb.com,https://esimdb.com/morocco/roamless,2026-10-04
roamless,MA,morocco,Morocco,Morocco - No Expiration,7.0,0,data,20.65,USD,,esimdb.com,https://esimdb.com/morocco/roamless,2026-10-04
roamless,MA,morocco,Morocco,Morocco - No Expiration,8.0,0,data,23.6,USD,,esimdb.com,https://esimdb.com/morocco/roamless,2026-10-04
roamless,MA,morocco,Morocco,Morocco - 30 Days,5.0,30,data,24.95,USD,,esimdb.com,https://esimdb.com/morocco/roamless,2026-10-04
roamless,MA,morocco,Morocco,Morocco - No Expiration,9.0,0,data,26.55,USD,,esimdb.com,https://esimdb.com/morocco/roamless,2026-10-04
roamless,MA,morocco,Morocco,Morocco - No Expiration,10.0,0,data,29.5,USD,,esimdb.com,https://esimdb.com/morocco/roamless,2026-10-04
roamless,MA,morocco,Morocco,Morocco - 30 Days,10.0,30,data,29.95,USD,,esimdb.com,https://esimdb.com/morocco/roamless,2026-10-04
roamless,MA,morocco,Morocco,Morocco - 30 Days,20.0,30,data,39.95,USD,,esimdb.com,https://esimdb.com/morocco/roamless,2026-10-04
roamless,MA,morocco,Morocco,Morocco - No Expiration,15.0,0,data,44.25,USD,,esimdb.com,https://esimdb.com/morocco/roamless,2026-10-04
roamless,MA,morocco,Morocco,Morocco - No Expiration,20.0,0,data,59.0,USD,,esimdb.com,https://esimdb.com/morocco/roamless,2026-10-04
roamless,MA,morocco,Morocco,Morocco - No Expiration,25.0,0,data,73.75,USD,,esimdb.com,https://esimdb.com/morocco/roamless,2026-10-04
roamless,MA,morocco,Morocco,Morocco - 30 Days,50.0,30,data,79.95,USD,,esimdb.com,https://esimdb.com/morocco/roamless,2026-10-04
roamless,MA,morocco,Morocco,Morocco - No Expiration,30.0,0,data,88.5,USD,,esimdb.com,https://esimdb.com/morocco/roamless,2026-10-04
roamless,MA,morocco,Morocco,Morocco - No Expiration,35.0,0,data,103.25,USD,,esimdb.com,https://esimdb.com/morocco/roamless,2026-10-04
roamless,MA,morocco,Morocco,Morocco - No Expiration,40.0,0,data,118.0,USD,,esimdb.com,https://esimdb.com/morocco/roamless,2026-10-04
roamless,MA,morocco,Morocco,Morocco - No Expiration,45.0,0,data,132.75,USD,,esimdb.com,https://esimdb.com/morocco/roamless,2026-10-04
roamless,MA,morocco,Morocco,Morocco - No Expiration,50.0,0,data,147.5,USD,,esimdb.com,https://esimdb.com/morocco/roamless,2026-10-04
roamless,MA,morocco,Morocco,Morocco - No Expiration,100.0,0,data,295.0,USD,,esimdb.com,https://esimdb.com/morocco/roamless,2026-10-04
roamless,MO,macao,Macao,Macau - No Expiration,1.0,0,data,2.45,USD,,esimdb.com,https://esimdb.com/macau/roamless,2026-10-04
roamless,MO,macao,Macao,Macau - 30 Days,1.0,30,data,3.95,USD,,esimdb.com,https://esimdb.com/macau/roamless,2026-10-04
roamless,MO,macao,Macao,Macau - No Expiration,2.0,0,data,4.9,USD,,esimdb.com,https://esimdb.com/macau/roamless,2026-10-04
roamless,MO,macao,Macao,Macau - 30 Days,3.0,30,data,6.95,USD,,esimdb.com,https://esimdb.com/macau/roamless,2026-10-04
roamless,MO,macao,Macao,Macau - No Expiration,3.0,0,data,7.35,USD,,esimdb.com,https://esimdb.com/macau/roamless,2026-10-04
roamless,MO,macao,Macao,Macau - No Expiration,4.0,0,data,9.8,USD,,esimdb.com,https://esimdb.com/macau/roamless,2026-10-04
roamless,MO,macao,Macao,Macau - 30 Days,5.0,30,data,9.95,USD,,esimdb.com,https://esimdb.com/macau/roamless,2026-10-04
roamless,MO,macao,Macao,Macau - No Expiration,5.0,0,data,12.25,USD,,esimdb.com,https://esimdb.com/macau/roamless,2026-10-04
roamless,MO,macao,Macao,Macau - No Expiration,6.0,0,data,14.7,USD,,esimdb.com,https://esimdb.com/macau/roamless,2026-10-04
roamless,MO,macao,Macao,Macau - 30 Days,10.0,30,data,15.95,USD,,esimdb.com,https://esimdb.com/macau/roamless,2026-10-04
roamless,MO,macao,Macao,Macau - No Expiration,7.0,0,data,17.15,USD,,esimdb.com,https://esimdb.com/macau/roamless,2026-10-04
roamless,MO,macao,Macao,Macau - No Expiration,8.0,0,data,19.6,USD,,esimdb.com,https://esimdb.com/macau/roamless,2026-10-04
roamless,MO,macao,Macao,Macau - No Expiration,9.0,0,data,22.05,USD,,esimdb.com,https://esimdb.com/macau/roamless,2026-10-04
roamless,MO,macao,Macao,Macau - 30 Days,20.0,30,data,22.95,USD,,esimdb.com,https://esimdb.com/macau/roamless,2026-10-04
roamless,MO,macao,Macao,Macau - No Expiration,10.0,0,data,24.5,USD,,esimdb.com,https://esimdb.com/macau/roamless,2026-10-04
roamless,MO,macao,Macao,Macau - No Expiration,15.0,0,data,36.75,USD,,esimdb.com,https://esimdb.com/macau/roamless,2026-10-04
roamless,MO,macao,Macao,Macau - 30 Days,50.0,30,data,48.95,USD,,esimdb.com,https://esimdb.com/macau/roamless,2026-10-04
roamless,MO,macao,Macao,Macau - No Expiration,20.0,0,data,49.0,USD,,esimdb.com,https://esimdb.com/macau/roamless,2026-10-04
roamless,MO,macao,Macao,Macau - No Expiration,25.0,0,data,61.25,USD,,esimdb.com,https://esimdb.com/macau/roamless,2026-10-04
roamless,MO,macao,Macao,Macau - No Expiration,30.0,0,data,73.5,USD,,esimdb.com,https://esimdb.com/macau/roamless,2026-10-04
roamless,MO,macao,Macao,Macau - No Expiration,35.0,0,data,85.75,USD,,esimdb.com,https://esimdb.com/macau/roamless,2026-10-04
roamless,MO,macao,Macao,Macau - No Expiration,40.0,0,data,98.0,USD,,esimdb.com,https://esimdb.com/macau/roamless,2026-10-04
roamless,MO,macao,Macao,Macau - No Expiration,45.0,0,data,110.25,USD,,esimdb.com,https://esimdb.com/macau/roamless,2026-10-04
roamless,MO,macao,Macao,Macau - No Expiration,50.0,0,data,122.5,USD,,esimdb.com,https://esimdb.com/macau/roamless,2026-10-04
roamless,MO,macao,Macao,Macau - No Expiration,100.0,0,data,245.0,USD,,esimdb.com,https://esimdb.com/macau/roamless,2026-10-04
roamless,MO,macao,Macao,Macau - No Expiration,150.0,0,data,367.5,USD,,esimdb.com,https://esimdb.com/macau/roamless,2026-10-04
roamless,MO,macao,Macao,Macau - No Expiration,200.0,0,data,490.0,USD,,esimdb.com,https://esimdb.com/macau/roamless,2026-10-04
roamless,MX,mexico,Mexico,Mexico - No Expiration,1.0,0,data,2.95,USD,,esimdb.com,https://esimdb.com/mexico/roamless,2026-10-04
roamless,MX,mexico,Mexico,Mexico - 30 Days,1.0,30,data,3.95,USD,,esimdb.com,https://esimdb.com/mexico/roamless,2026-10-04
roamless,MX,mexico,Mexico,Mexico - No Expiration,2.0,0,data,5.9,USD,,esimdb.com,https://esimdb.com/mexico/roamless,2026-10-04
roamless,MX,mexico,Mexico,Mexico - 30 Days,3.0,30,data,8.45,USD,,esimdb.com,https://esimdb.com/mexico/roamless,2026-10-04
roamless,MX,mexico,Mexico,Mexico - No Expiration,3.0,0,data,8.85,USD,,esimdb.com,https://esimdb.com/mexico/roamless,2026-10-04
roamless,MX,mexico,Mexico,Mexico - No Expiration,4.0,0,data,11.8,USD,,esimdb.com,https://esimdb.com/mexico/roamless,2026-10-04
roamless,MX,mexico,Mexico,Mexico - 30 Days,5.0,30,data,12.95,USD,,esimdb.com,https://esimdb.com/mexico/roamless,2026-10-04
roamless,MX,mexico,Mexico,Mexico - No Expiration,5.0,0,data,14.75,USD,,esimdb.com,https://esimdb.com/mexico/roamless,2026-10-04
roamless,MX,mexico,Mexico,Mexico - No Expiration,6.0,0,data,17.7,USD,,esimdb.com,https://esimdb.com/mexico/roamless,2026-10-04
roamless,MX,mexico,Mexico,Mexico - 30 Days,10.0,30,data,18.45,USD,,esimdb.com,https://esimdb.com/mexico/roamless,2026-10-04
roamless,MX,mexico,Mexico,Mexico - No Expiration,7.0,0,data,20.65,USD,,esimdb.com,https://esimdb.com/mexico/roamless,2026-10-04
roamless,MX,mexico,Mexico,Mexico - No Expiration,8.0,0,data,23.6,USD,,esimdb.com,https://esimdb.com/mexico/roamless,2026-10-04
roamless,MX,mexico,Mexico,Mexico - No Expiration,9.0,0,data,26.55,USD,,esimdb.com,https://esimdb.com/mexico/roamless,2026-10-04
roamless,MX,mexico,Mexico,Mexico - No Expiration,10.0,0,data,29.5,USD,,esimdb.com,https://esimdb.com/mexico/roamless,2026-10-04
roamless,MX,mexico,Mexico,Mexico - 30 Days,20.0,30,data,30.95,USD,,esimdb.com,https://esimdb.com/mexico/roamless,2026-10-04
roamless,MX,mexico,Mexico,Mexico - No Expiration,15.0,0,data,44.25,USD,,esimdb.com,https://esimdb.com/mexico/roamless,2026-10-04
roamless,MX,mexico,Mexico,Mexico - No Expiration,20.0,0,data,59.0,USD,,esimdb.com,https://esimdb.com/mexico/roamless,2026-10-04
roamless,MX,mexico,Mexico,Mexico - 30 Days,50.0,30,data,67.45,USD,,esimdb.com,https://esimdb.com/mexico/roamless,2026-10-04
roamless,MX,mexico,Mexico,Mexico - No Expiration,25.0,0,data,73.75,USD,,esimdb.com,https://esimdb.com/mexico/roamless,2026-10-04
roamless,MX,mexico,Mexico,Mexico - No Expiration,30.0,0,data,88.5,USD,,esimdb.com,https://esimdb.com/mexico/roamless,2026-10-04
roamless,MX,mexico,Mexico,Mexico - No Expiration,35.0,0,data,103.25,USD,,esimdb.com,https://esimdb.com/mexico/roamless,2026-10-04
roamless,MX,mexico,Mexico,Mexico - No Expiration,40.0,0,data,118.0,USD,,esimdb.com,https://esimdb.com/mexico/roamless,2026-10-04
roamless,MX,mexico,Mexico,Mexico - No Expiration,45.0,0,data,132.75,USD,,esimdb.com,https://esimdb.com/mexico/roamless,2026-10-04
roamless,MX,mexico,Mexico,Mexico - No Expiration,50.0,0,data,147.5,USD,,esimdb.com,https://esimdb.com/mexico/roamless,2026-10-04
roamless,MX,mexico,Mexico,Mexico - No Expiration,100.0,0,data,295.0,USD,,esimdb.com,https://esimdb.com/mexico/roamless,2026-10-04
roamless,MY,malaysia,Malaysia,Malaysia - No Expiration,1.0,0,data,1.95,USD,,esimdb.com,https://esimdb.com/malaysia/roamless,2026-10-04
roamless,MY,malaysia,Malaysia,Malaysia - No Expiration,2.0,0,data,3.9,USD,,esimdb.com,https://esimdb.com/malaysia/roamless,2026-10-04
roamless,MY,malaysia,Malaysia,Malaysia - 30 Days,1.0,30,data,3.95,USD,,esimdb.com,https://esimdb.com/malaysia/roamless,2026-10-04
roamless,MY,malaysia,Malaysia,Malaysia - No Expiration,3.0,0,data,5.85,USD,,esimdb.com,https://esimdb.com/malaysia/roamless,2026-10-04
roamless,MY,malaysia,Malaysia,Malaysia - No Expiration,4.0,0,data,7.8,USD,,esimdb.com,https://esimdb.com/malaysia/roamless,2026-10-04
roamless,MY,malaysia,Malaysia,Malaysia - 30 Days,3.0,30,data,7.95,USD,,esimdb.com,https://esimdb.com/malaysia/roamless,2026-10-04
roamless,MY,malaysia,Malaysia,Malaysia - No Expiration,5.0,0,data,9.75,USD,,esimdb.com,https://esimdb.com/malaysia/roamless,2026-10-04
roamless,MY,malaysia,Malaysia,Malaysia - No Expiration,6.0,0,data,11.7,USD,,esimdb.com,https://esimdb.com/malaysia/roamless,2026-10-04
roamless,MY,malaysia,Malaysia,Malaysia - 30 Days,5.0,30,data,11.95,USD,,esimdb.com,https://esimdb.com/malaysia/roamless,2026-10-04
roamless,MY,malaysia,Malaysia,Malaysia - No Expiration,7.0,0,data,13.65,USD,,esimdb.com,https://esimdb.com/malaysia/roamless,2026-10-04
roamless,MY,malaysia,Malaysia,Malaysia - No Expiration,8.0,0,data,15.6,USD,,esimdb.com,https://esimdb.com/malaysia/roamless,2026-10-04
roamless,MY,malaysia,Malaysia,Malaysia - No Expiration,9.0,0,data,17.55,USD,,esimdb.com,https://esimdb.com/malaysia/roamless,2026-10-04
roamless,MY,malaysia,Malaysia,Malaysia - No Expiration,10.0,0,data,19.5,USD,,esimdb.com,https://esimdb.com/malaysia/roamless,2026-10-04
roamless,MY,malaysia,Malaysia,Malaysia - 30 Days,10.0,30,data,19.95,USD,,esimdb.com,https://esimdb.com/malaysia/roamless,2026-10-04
roamless,MY,malaysia,Malaysia,Malaysia - No Expiration,15.0,0,data,29.25,USD,,esimdb.com,https://esimdb.com/malaysia/roamless,2026-10-04
roamless,MY,malaysia,Malaysia,Malaysia - 30 Days,20.0,30,data,31.95,USD,,esimdb.com,https://esimdb.com/malaysia/roamless,2026-10-04
roamless,MY,malaysia,Malaysia,Malaysia - No Expiration,20.0,0,data,39.0,USD,,esimdb.com,https://esimdb.com/malaysia/roamless,2026-10-04
roamless,MY,malaysia,Malaysia,Malaysia - No Expiration,25.0,0,data,48.75,USD,,esimdb.com,https://esimdb.com/malaysia/roamless,2026-10-04
roamless,MY,malaysia,Malaysia,Malaysia - 30 Days,50.0,30,data,48.95,USD,,esimdb.com,https://esimdb.com/malaysia/roamless,2026-10-04
roamless,MY,malaysia,Malaysia,Malaysia - No Expiration,30.0,0,data,58.5,USD,,esimdb.com,https://esimdb.com/malaysia/roamless,2026-10-04
roamless,MY,malaysia,Malaysia,Malaysia - No Expiration,35.0,0,data,68.25,USD,,esimdb.com,https://esimdb.com/malaysia/roamless,2026-10-04
roamless,MY,malaysia,Malaysia,Malaysia - No Expiration,40.0,0,data,78.0,USD,,esimdb.com,https://esimdb.com/malaysia/roamless,2026-10-04
roamless,MY,malaysia,Malaysia,Malaysia - No Expiration,45.0,0,data,87.75,USD,,esimdb.com,https://esimdb.com/malaysia/roamless,2026-10-04
roamless,MY,malaysia,Malaysia,Malaysia - No Expiration,50.0,0,data,97.5,USD,,esimdb.com,https://esimdb.com/malaysia/roamless,2026-10-04
roamless,MY,malaysia,Malaysia,Malaysia - No Expiration,100.0,0,data,195.0,USD,,esimdb.com,https://esimdb.com/malaysia/roamless,2026-10-04
roamless,MY,malaysia,Malaysia,Malaysia - No Expiration,150.0,0,data,292.5,USD,,esimdb.com,https://esimdb.com/malaysia/roamless,2026-10-04
roamless,MY,malaysia,Malaysia,Malaysia - No Expiration,200.0,0,data,390.0,USD,,esimdb.com,https://esimdb.com/malaysia/roamless,2026-10-04
roamless,NL,netherlands,Netherlands,Netherlands - No Expiration,1.0,0,data,1.95,USD,,esimdb.com,https://esimdb.com/netherlands/roamless,2026-10-04
roamless,NL,netherlands,Netherlands,Netherlands - No Expiration,2.0,0,data,3.9,USD,,esimdb.com,https://esimdb.com/netherlands/roamless,2026-10-04
roamless,NL,netherlands,Netherlands,Netherlands - 30 Days,1.0,30,data,3.95,USD,,esimdb.com,https://esimdb.com/netherlands/roamless,2026-10-04
roamless,NL,netherlands,Netherlands,Netherlands - No Expiration,3.0,0,data,5.85,USD,,esimdb.com,https://esimdb.com/netherlands/roamless,2026-10-04
roamless,NL,netherlands,Netherlands,Netherlands - 30 Days,3.0,30,data,7.45,USD,,esimdb.com,https://esimdb.com/netherlands/roamless,2026-10-04
roamless,NL,netherlands,Netherlands,Netherlands - No Expiration,4.0,0,data,7.8,USD,,esimdb.com,https://esimdb.com/netherlands/roamless,2026-10-04
roamless,NL,netherlands,Netherlands,Netherlands - No Expiration,5.0,0,data,9.75,USD,,esimdb.com,https://esimdb.com/netherlands/roamless,2026-10-04
roamless,NL,netherlands,Netherlands,Netherlands - 30 Days,5.0,30,data,9.95,USD,,esimdb.com,https://esimdb.com/netherlands/roamless,2026-10-04
roamless,NL,netherlands,Netherlands,Netherlands - No Expiration,6.0,0,data,11.7,USD,,esimdb.com,https://esimdb.com/netherlands/roamless,2026-10-04
roamless,NL,netherlands,Netherlands,Netherlands - No Expiration,7.0,0,data,13.65,USD,,esimdb.com,https://esimdb.com/netherlands/roamless,2026-10-04
roamless,NL,netherlands,Netherlands,Netherlands - No Expiration,8.0,0,data,15.6,USD,,esimdb.com,https://esimdb.com/netherlands/roamless,2026-10-04
roamless,NL,netherlands,Netherlands,Netherlands - No Expiration,9.0,0,data,17.55,USD,,esimdb.com,https://esimdb.com/netherlands/roamless,2026-10-04
roamless,NL,netherlands,Netherlands,Netherlands - 30 Days,10.0,30,data,17.95,USD,,esimdb.com,https://esimdb.com/netherlands/roamless,2026-10-04
roamless,NL,netherlands,Netherlands,Netherlands - No Expiration,10.0,0,data,19.5,USD,,esimdb.com,https://esimdb.com/netherlands/roamless,2026-10-04
roamless,NL,netherlands,Netherlands,Netherlands - 30 Days,20.0,30,data,26.95,USD,,esimdb.com,https://esimdb.com/netherlands/roamless,2026-10-04
roamless,NL,netherlands,Netherlands,Netherlands - No Expiration,15.0,0,data,29.25,USD,,esimdb.com,https://esimdb.com/netherlands/roamless,2026-10-04
roamless,NL,netherlands,Netherlands,Netherlands - 30 Days,50.0,30,data,35.95,USD,,esimdb.com,https://esimdb.com/netherlands/roamless,2026-10-04
roamless,NL,netherlands,Netherlands,Netherlands - No Expiration,20.0,0,data,39.0,USD,,esimdb.com,https://esimdb.com/netherlands/roamless,2026-10-04
roamless,NL,netherlands,Netherlands,Netherlands - No Expiration,25.0,0,data,48.75,USD,,esimdb.com,https://esimdb.com/netherlands/roamless,2026-10-04
roamless,NL,netherlands,Netherlands,Netherlands - No Expiration,30.0,0,data,58.5,USD,,esimdb.com,https://esimdb.com/netherlands/roamless,2026-10-04
roamless,NL,netherlands,Netherlands,Netherlands - No Expiration,35.0,0,data,68.25,USD,,esimdb.com,https://esimdb.com/netherlands/roamless,2026-10-04
roamless,NL,netherlands,Netherlands,Netherlands - No Expiration,40.0,0,data,78.0,USD,,esimdb.com,https://esimdb.com/netherlands/roamless,2026-10-04
roamless,NL,netherlands,Netherlands,Netherlands - No Expiration,45.0,0,data,87.75,USD,,esimdb.com,https://esimdb.com/netherlands/roamless,2026-10-04
roamless,NL,netherlands,Netherlands,Netherlands - No Expiration,50.0,0,data,97.5,USD,,esimdb.com,https://esimdb.com/netherlands/roamless,2026-10-04
roamless,NL,netherlands,Netherlands,Netherlands - No Expiration,100.0,0,data,195.0,USD,,esimdb.com,https://esimdb.com/netherlands/roamless,2026-10-04
roamless,NL,netherlands,Netherlands,Netherlands - No Expiration,150.0,0,data,292.5,USD,,esimdb.com,https://esimdb.com/netherlands/roamless,2026-10-04
roamless,NL,netherlands,Netherlands,Netherlands - No Expiration,200.0,0,data,390.0,USD,,esimdb.com,https://esimdb.com/netherlands/roamless,2026-10-04
roamless,NZ,new-zealand,New Zealand,New Zealand - No Expiration,1.0,0,data,2.45,USD,,esimdb.com,https://esimdb.com/new-zealand/roamless,2026-10-04
roamless,NZ,new-zealand,New Zealand,New Zealand - 30 Days,1.0,30,data,3.95,USD,,esimdb.com,https://esimdb.com/new-zealand/roamless,2026-10-04
roamless,NZ,new-zealand,New Zealand,New Zealand - No Expiration,2.0,0,data,4.9,USD,,esimdb.com,https://esimdb.com/new-zealand/roamless,2026-10-04
roamless,NZ,new-zealand,New Zealand,New Zealand - No Expiration,3.0,0,data,7.35,USD,,esimdb.com,https://esimdb.com/new-zealand/roamless,2026-10-04
roamless,NZ,new-zealand,New Zealand,New Zealand - No Expiration,4.0,0,data,9.8,USD,,esimdb.com,https://esimdb.com/new-zealand/roamless,2026-10-04
roamless,NZ,new-zealand,New Zealand,New Zealand - 30 Days,3.0,30,data,9.95,USD,,esimdb.com,https://esimdb.com/new-zealand/roamless,2026-10-04
roamless,NZ,new-zealand,New Zealand,New Zealand - No Expiration,5.0,0,data,12.25,USD,,esimdb.com,https://esimdb.com/new-zealand/roamless,2026-10-04
roamless,NZ,new-zealand,New Zealand,New Zealand - 30 Days,5.0,30,data,13.95,USD,,esimdb.com,https://esimdb.com/new-zealand/roamless,2026-10-04
roamless,NZ,new-zealand,New Zealand,New Zealand - No Expiration,6.0,0,data,14.7,USD,,esimdb.com,https://esimdb.com/new-zealand/roamless,2026-10-04
roamless,NZ,new-zealand,New Zealand,New Zealand - No Expiration,7.0,0,data,17.15,USD,,esimdb.com,https://esimdb.com/new-zealand/roamless,2026-10-04
roamless,NZ,new-zealand,New Zealand,New Zealand - No Expiration,8.0,0,data,19.6,USD,,esimdb.com,https://esimdb.com/new-zealand/roamless,2026-10-04
roamless,NZ,new-zealand,New Zealand,New Zealand - No Expiration,9.0,0,data,22.05,USD,,esimdb.com,https://esimdb.com/new-zealand/roamless,2026-10-04
roamless,NZ,new-zealand,New Zealand,New Zealand - 30 Days,10.0,30,data,23.95,USD,,esimdb.com,https://esimdb.com/new-zealand/roamless,2026-10-04
roamless,NZ,new-zealand,New Zealand,New Zealand - No Expiration,10.0,0,data,24.5,USD,,esimdb.com,https://esimdb.com/new-zealand/roamless,2026-10-04
roamless,NZ,new-zealand,New Zealand,New Zealand - No Expiration,15.0,0,data,36.75,USD,,esimdb.com,https://esimdb.com/new-zealand/roamless,2026-10-04
roamless,NZ,new-zealand,New Zealand,New Zealand - 30 Days,20.0,30,data,37.95,USD,,esimdb.com,https://esimdb.com/new-zealand/roamless,2026-10-04
roamless,NZ,new-zealand,New Zealand,New Zealand - 30 Days,50.0,30,data,48.95,USD,,esimdb.com,https://esimdb.com/new-zealand/roamless,2026-10-04
roamless,NZ,new-zealand,New Zealand,New Zealand - No Expiration,20.0,0,data,49.0,USD,,esimdb.com,https://esimdb.com/new-zealand/roamless,2026-10-04
roamless,NZ,new-zealand,New Zealand,New Zealand - No Expiration,25.0,0,data,61.25,USD,,esimdb.com,https://esimdb.com/new-zealand/roamless,2026-10-04
roamless,NZ,new-zealand,New Zealand,New Zealand - No Expiration,30.0,0,data,73.5,USD,,esimdb.com,https://esimdb.com/new-zealand/roamless,2026-10-04
roamless,NZ,new-zealand,New Zealand,New Zealand - No Expiration,35.0,0,data,85.75,USD,,esimdb.com,https://esimdb.com/new-zealand/roamless,2026-10-04
roamless,NZ,new-zealand,New Zealand,New Zealand - No Expiration,40.0,0,data,98.0,USD,,esimdb.com,https://esimdb.com/new-zealand/roamless,2026-10-04
roamless,NZ,new-zealand,New Zealand,New Zealand - No Expiration,45.0,0,data,110.25,USD,,esimdb.com,https://esimdb.com/new-zealand/roamless,2026-10-04
roamless,NZ,new-zealand,New Zealand,New Zealand - No Expiration,50.0,0,data,122.5,USD,,esimdb.com,https://esimdb.com/new-zealand/roamless,2026-10-04
roamless,NZ,new-zealand,New Zealand,New Zealand - No Expiration,100.0,0,data,245.0,USD,,esimdb.com,https://esimdb.com/new-zealand/roamless,2026-10-04
roamless,NZ,new-zealand,New Zealand,New Zealand - No Expiration,150.0,0,data,367.5,USD,,esimdb.com,https://esimdb.com/new-zealand/roamless,2026-10-04
roamless,NZ,new-zealand,New Zealand,New Zealand - No Expiration,200.0,0,data,490.0,USD,,esimdb.com,https://esimdb.com/new-zealand/roamless,2026-10-04
roamless,PE,peru,Peru,Peru - No Expiration,1.0,0,data,3.45,USD,,esimdb.com,https://esimdb.com/peru/roamless,2026-10-04
roamless,PE,peru,Peru,Peru - 30 Days,1.0,30,data,4.45,USD,,esimdb.com,https://esimdb.com/peru/roamless,2026-10-04
roamless,PE,peru,Peru,Peru - No Expiration,2.0,0,data,6.9,USD,,esimdb.com,https://esimdb.com/peru/roamless,2026-10-04
roamless,PE,peru,Peru,Peru - No Expiration,3.0,0,data,10.35,USD,,esimdb.com,https://esimdb.com/peru/roamless,2026-10-04
roamless,PE,peru,Peru,Peru - 30 Days,3.0,30,data,10.95,USD,,esimdb.com,https://esimdb.com/peru/roamless,2026-10-04
roamless,PE,peru,Peru,Peru - No Expiration,4.0,0,data,13.8,USD,,esimdb.com,https://esimdb.com/peru/roamless,2026-10-04
roamless,PE,peru,Peru,Peru - 30 Days,5.0,30,data,16.95,USD,,esimdb.com,https://esimdb.com/peru/roamless,2026-10-04
roamless,PE,peru,Peru,Peru - No Expiration,5.0,0,data,17.25,USD,,esimdb.com,https://esimdb.com/peru/roamless,2026-10-04
roamless,PE,peru,Peru,Peru - No Expiration,6.0,0,data,20.7,USD,,esimdb.com,https://esimdb.com/peru/roamless,2026-10-04
roamless,PE,peru,Peru,Peru - No Expiration,7.0,0,data,24.15,USD,,esimdb.com,https://esimdb.com/peru/roamless,2026-10-04
roamless,PE,peru,Peru,Peru - 30 Days,10.0,30,data,25.95,USD,,esimdb.com,https://esimdb.com/peru/roamless,2026-10-04
roamless,PE,peru,Peru,Peru - No Expiration,8.0,0,data,27.6,USD,,esimdb.com,https://esimdb.com/peru/roamless,2026-10-04
roamless,PE,peru,Peru,Peru - No Expiration,9.0,0,data,31.05,USD,,esimdb.com,https://esimdb.com/peru/roamless,2026-10-04
roamless,PE,peru,Peru,Peru - No Expiration,10.0,0,data,34.5,USD,,esimdb.com,https://esimdb.com/peru/roamless,2026-10-04
roamless,PE,peru,Peru,Peru - 30 Days,20.0,30,data,40.95,USD,,esimdb.com,https://esimdb.com/peru/roamless,2026-10-04
roamless,PE,peru,Peru,Peru - No Expiration,15.0,0,data,51.75,USD,,esimdb.com,https://esimdb.com/peru/roamless,2026-10-04
roamless,PE,peru,Peru,Peru - No Expiration,20.0,0,data,69.0,USD,,esimdb.com,https://esimdb.com/peru/roamless,2026-10-04
roamless,PE,peru,Peru,Peru - 30 Days,50.0,30,data,81.95,USD,,esimdb.com,https://esimdb.com/peru/roamless,2026-10-04
roamless,PE,peru,Peru,Peru - No Expiration,25.0,0,data,86.25,USD,,esimdb.com,https://esimdb.com/peru/roamless,2026-10-04
roamless,PE,peru,Peru,Peru - No Expiration,30.0,0,data,103.5,USD,,esimdb.com,https://esimdb.com/peru/roamless,2026-10-04
roamless,PE,peru,Peru,Peru - No Expiration,35.0,0,data,120.75,USD,,esimdb.com,https://esimdb.com/peru/roamless,2026-10-04
roamless,PE,peru,Peru,Peru - No Expiration,40.0,0,data,138.0,USD,,esimdb.com,https://esimdb.com/peru/roamless,2026-10-04
roamless,PE,peru,Peru,Peru - No Expiration,45.0,0,data,155.25,USD,,esimdb.com,https://esimdb.com/peru/roamless,2026-10-04
roamless,PE,peru,Peru,Peru - No Expiration,50.0,0,data,172.5,USD,,esimdb.com,https://esimdb.com/peru/roamless,2026-10-04
roamless,PE,peru,Peru,Peru - No Expiration,100.0,0,data,345.0,USD,,esimdb.com,https://esimdb.com/peru/roamless,2026-10-04
roamless,PH,philippines,Philippines,Philippines - No Expiration,1.0,0,data,2.45,USD,,esimdb.com,https://esimdb.com/philippines/roamless,2026-10-04
roamless,PH,philippines,Philippines,Philippines - 30 Days,1.0,30,data,3.95,USD,,esimdb.com,https://esimdb.com/philippines/roamless,2026-10-04
roamless,PH,philippines,Philippines,Philippines - No Expiration,2.0,0,data,4.9,USD,,esimdb.com,https://esimdb.com/philippines/roamless,2026-10-04
roamless,PH,philippines,Philippines,Philippines - No Expiration,3.0,0,data,7.35,USD,,esimdb.com,https://esimdb.com/philippines/roamless,2026-10-04
roamless,PH,philippines,Philippines,Philippines - 30 Days,3.0,30,data,7.95,USD,,esimdb.com,https://esimdb.com/philippines/roamless,2026-10-04
roamless,PH,philippines,Philippines,Philippines - No Expiration,4.0,0,data,9.8,USD,,esimdb.com,https://esimdb.com/philippines/roamless,2026-10-04
roamless,PH,philippines,Philippines,Philippines - 30 Days,5.0,30,data,11.95,USD,,esimdb.com,https://esimdb.com/philippines/roamless,2026-10-04
roamless,PH,philippines,Philippines,Philippines - No Expiration,5.0,0,data,12.25,USD,,esimdb.com,https://esimdb.com/philippines/roamless,2026-10-04
roamless,PH,philippines,Philippines,Philippines - No Expiration,6.0,0,data,14.7,USD,,esimdb.com,https://esimdb.com/philippines/roamless,2026-10-04
roamless,PH,philippines,Philippines,Philippines - No Expiration,7.0,0,data,17.15,USD,,esimdb.com,https://esimdb.com/philippines/roamless,2026-10-04
roamless,PH,philippines,Philippines,Philippines - 30 Days,10.0,30,data,18.95,USD,,esimdb.com,https://esimdb.com/philippines/roamless,2026-10-04
roamless,PH,philippines,Philippines,Philippines - No Expiration,8.0,0,data,19.6,USD,,esimdb.com,https://esimdb.com/philippines/roamless,2026-10-04
roamless,PH,philippines,Philippines,Philippines - No Expiration,9.0,0,data,22.05,USD,,esimdb.com,https://esimdb.com/philippines/roamless,2026-10-04
roamless,PH,philippines,Philippines,Philippines - No Expiration,10.0,0,data,24.5,USD,,esimdb.com,https://esimdb.com/philippines/roamless,2026-10-04
roamless,PH,philippines,Philippines,Philippines - 30 Days,20.0,30,data,29.95,USD,,esimdb.com,https://esimdb.com/philippines/roamless,2026-10-04
roamless,PH,philippines,Philippines,Philippines - No Expiration,15.0,0,data,36.75,USD,,esimdb.com,https://esimdb.com/philippines/roamless,2026-10-04
roamless,PH,philippines,Philippines,Philippines - 30 Days,50.0,30,data,47.95,USD,,esimdb.com,https://esimdb.com/philippines/roamless,2026-10-04
roamless,PH,philippines,Philippines,Philippines - No Expiration,20.0,0,data,49.0,USD,,esimdb.com,https://esimdb.com/philippines/roamless,2026-10-04
roamless,PH,philippines,Philippines,Philippines - No Expiration,25.0,0,data,61.25,USD,,esimdb.com,https://esimdb.com/philippines/roamless,2026-10-04
roamless,PH,philippines,Philippines,Philippines - No Expiration,30.0,0,data,73.5,USD,,esimdb.com,https://esimdb.com/philippines/roamless,2026-10-04
roamless,PH,philippines,Philippines,Philippines - No Expiration,35.0,0,data,85.75,USD,,esimdb.com,https://esimdb.com/philippines/roamless,2026-10-04
roamless,PH,philippines,Philippines,Philippines - No Expiration,40.0,0,data,98.0,USD,,esimdb.com,https://esimdb.com/philippines/roamless,2026-10-04
roamless,PH,philippines,Philippines,Philippines - No Expiration,45.0,0,data,110.25,USD,,esimdb.com,https://esimdb.com/philippines/roamless,2026-10-04
roamless,PH,philippines,Philippines,Philippines - No Expiration,50.0,0,data,122.5,USD,,esimdb.com,https://esimdb.com/philippines/roamless,2026-10-04
roamless,PH,philippines,Philippines,Philippines - No Expiration,100.0,0,data,245.0,USD,,esimdb.com,https://esimdb.com/philippines/roamless,2026-10-04
roamless,PH,philippines,Philippines,Philippines - No Expiration,150.0,0,data,367.5,USD,,esimdb.com,https://esimdb.com/philippines/roamless,2026-10-04
roamless,PH,philippines,Philippines,Philippines - No Expiration,200.0,0,data,490.0,USD,,esimdb.com,https://esimdb.com/philippines/roamless,2026-10-04
roamless,PL,poland,Poland,Poland - No Expiration,1.0,0,data,1.95,USD,,esimdb.com,https://esimdb.com/poland/roamless,2026-10-04
roamless,PL,poland,Poland,Poland - No Expiration,2.0,0,data,3.9,USD,,esimdb.com,https://esimdb.com/poland/roamless,2026-10-04
roamless,PL,poland,Poland,Poland - 30 Days,1.0,30,data,3.95,USD,,esimdb.com,https://esimdb.com/poland/roamless,2026-10-04
roamless,PL,poland,Poland,Poland - No Expiration,3.0,0,data,5.85,USD,,esimdb.com,https://esimdb.com/poland/roamless,2026-10-04
roamless,PL,poland,Poland,Poland - 30 Days,3.0,30,data,5.95,USD,,esimdb.com,https://esimdb.com/poland/roamless,2026-10-04
roamless,PL,poland,Poland,Poland - No Expiration,4.0,0,data,7.8,USD,,esimdb.com,https://esimdb.com/poland/roamless,2026-10-04
roamless,PL,poland,Poland,Poland - 30 Days,5.0,30,data,8.45,USD,,esimdb.com,https://esimdb.com/poland/roamless,2026-10-04
roamless,PL,poland,Poland,Poland - No Expiration,5.0,0,data,9.75,USD,,esimdb.com,https://esimdb.com/poland/roamless,2026-10-04
roamless,PL,poland,Poland,Poland - No Expiration,6.0,0,data,11.7,USD,,esimdb.com,https://esimdb.com/poland/roamless,2026-10-04
roamless,PL,poland,Poland,Poland - 30 Days,10.0,30,data,11.95,USD,,esimdb.com,https://esimdb.com/poland/roamless,2026-10-04
roamless,PL,poland,Poland,Poland - No Expiration,7.0,0,data,13.65,USD,,esimdb.com,https://esimdb.com/poland/roamless,2026-10-04
roamless,PL,poland,Poland,Poland - No Expiration,8.0,0,data,15.6,USD,,esimdb.com,https://esimdb.com/poland/roamless,2026-10-04
roamless,PL,poland,Poland,Poland - No Expiration,9.0,0,data,17.55,USD,,esimdb.com,https://esimdb.com/poland/roamless,2026-10-04
roamless,PL,poland,Poland,Poland - 30 Days,20.0,30,data,18.95,USD,,esimdb.com,https://esimdb.com/poland/roamless,2026-10-04
roamless,PL,poland,Poland,Poland - No Expiration,10.0,0,data,19.5,USD,,esimdb.com,https://esimdb.com/poland/roamless,2026-10-04
roamless,PL,poland,Poland,Poland - No Expiration,15.0,0,data,29.25,USD,,esimdb.com,https://esimdb.com/poland/roamless,2026-10-04
roamless,PL,poland,Poland,Poland - 30 Days,50.0,30,data,34.95,USD,,esimdb.com,https://esimdb.com/poland/roamless,2026-10-04
roamless,PL,poland,Poland,Poland - No Expiration,20.0,0,data,39.0,USD,,esimdb.com,https://esimdb.com/poland/roamless,2026-10-04
roamless,PL,poland,Poland,Poland - No Expiration,25.0,0,data,48.75,USD,,esimdb.com,https://esimdb.com/poland/roamless,2026-10-04
roamless,PL,poland,Poland,Poland - No Expiration,30.0,0,data,58.5,USD,,esimdb.com,https://esimdb.com/poland/roamless,2026-10-04
roamless,PL,poland,Poland,Poland - No Expiration,35.0,0,data,68.25,USD,,esimdb.com,https://esimdb.com/poland/roamless,2026-10-04
roamless,PL,poland,Poland,Poland - No Expiration,40.0,0,data,78.0,USD,,esimdb.com,https://esimdb.com/poland/roamless,2026-10-04
roamless,PL,poland,Poland,Poland - No Expiration,45.0,0,data,87.75,USD,,esimdb.com,https://esimdb.com/poland/roamless,2026-10-04
roamless,PL,poland,Poland,Poland - No Expiration,50.0,0,data,97.5,USD,,esimdb.com,https://esimdb.com/poland/roamless,2026-10-04
roamless,PL,poland,Poland,Poland - No Expiration,100.0,0,data,195.0,USD,,esimdb.com,https://esimdb.com/poland/roamless,2026-10-04
roamless,PL,poland,Poland,Poland - No Expiration,150.0,0,data,292.5,USD,,esimdb.com,https://esimdb.com/poland/roamless,2026-10-04
roamless,PL,poland,Poland,Poland - No Expiration,200.0,0,data,390.0,USD,,esimdb.com,https://esimdb.com/poland/roamless,2026-10-04
roamless,PT,portugal,Portugal,Portugal - No Expiration,1.0,0,data,1.95,USD,,esimdb.com,https://esimdb.com/portugal/roamless,2026-10-04
roamless,PT,portugal,Portugal,Portugal - No Expiration,2.0,0,data,3.9,USD,,esimdb.com,https://esimdb.com/portugal/roamless,2026-10-04
roamless,PT,portugal,Portugal,Portugal - 30 Days,1.0,30,data,3.95,USD,,esimdb.com,https://esimdb.com/portugal/roamless,2026-10-04
roamless,PT,portugal,Portugal,Portugal - No Expiration,3.0,0,data,5.85,USD,,esimdb.com,https://esimdb.com/portugal/roamless,2026-10-04
roamless,PT,portugal,Portugal,Portugal - 30 Days,3.0,30,data,6.45,USD,,esimdb.com,https://esimdb.com/portugal/roamless,2026-10-04
roamless,PT,portugal,Portugal,Portugal - No Expiration,4.0,0,data,7.8,USD,,esimdb.com,https://esimdb.com/portugal/roamless,2026-10-04
roamless,PT,portugal,Portugal,Portugal - 30 Days,5.0,30,data,8.95,USD,,esimdb.com,https://esimdb.com/portugal/roamless,2026-10-04
roamless,PT,portugal,Portugal,Portugal - No Expiration,5.0,0,data,9.75,USD,,esimdb.com,https://esimdb.com/portugal/roamless,2026-10-04
roamless,PT,portugal,Portugal,Portugal - 30 Days,10.0,30,data,10.95,USD,,esimdb.com,https://esimdb.com/portugal/roamless,2026-10-04
roamless,PT,portugal,Portugal,Portugal - No Expiration,6.0,0,data,11.7,USD,,esimdb.com,https://esimdb.com/portugal/roamless,2026-10-04
roamless,PT,portugal,Portugal,Portugal - No Expiration,7.0,0,data,13.65,USD,,esimdb.com,https://esimdb.com/portugal/roamless,2026-10-04
roamless,PT,portugal,Portugal,Portugal - No Expiration,8.0,0,data,15.6,USD,,esimdb.com,https://esimdb.com/portugal/roamless,2026-10-04
roamless,PT,portugal,Portugal,Portugal - No Expiration,9.0,0,data,17.55,USD,,esimdb.com,https://esimdb.com/portugal/roamless,2026-10-04
roamless,PT,portugal,Portugal,Portugal - 30 Days,20.0,30,data,18.95,USD,,esimdb.com,https://esimdb.com/portugal/roamless,2026-10-04
roamless,PT,portugal,Portugal,Portugal - No Expiration,10.0,0,data,19.5,USD,,esimdb.com,https://esimdb.com/portugal/roamless,2026-10-04
roamless,PT,portugal,Portugal,Portugal - No Expiration,15.0,0,data,29.25,USD,,esimdb.com,https://esimdb.com/portugal/roamless,2026-10-04
roamless,PT,portugal,Portugal,Portugal - 30 Days,50.0,30,data,34.95,USD,,esimdb.com,https://esimdb.com/portugal/roamless,2026-10-04
roamless,PT,portugal,Portugal,Portugal - No Expiration,20.0,0,data,39.0,USD,,esimdb.com,https://esimdb.com/portugal/roamless,2026-10-04
roamless,PT,portugal,Portugal,Portugal - No Expiration,25.0,0,data,48.75,USD,,esimdb.com,https://esimdb.com/portugal/roamless,2026-10-04
roamless,PT,portugal,Portugal,Portugal - No Expiration,30.0,0,data,58.5,USD,,esimdb.com,https://esimdb.com/portugal/roamless,2026-10-04
roamless,PT,portugal,Portugal,Portugal - No Expiration,35.0,0,data,68.25,USD,,esimdb.com,https://esimdb.com/portugal/roamless,2026-10-04
roamless,PT,portugal,Portugal,Portugal - No Expiration,40.0,0,data,78.0,USD,,esimdb.com,https://esimdb.com/portugal/roamless,2026-10-04
roamless,PT,portugal,Portugal,Portugal - No Expiration,45.0,0,data,87.75,USD,,esimdb.com,https://esimdb.com/portugal/roamless,2026-10-04
roamless,PT,portugal,Portugal,Portugal - No Expiration,50.0,0,data,97.5,USD,,esimdb.com,https://esimdb.com/portugal/roamless,2026-10-04
roamless,PT,portugal,Portugal,Portugal - No Expiration,100.0,0,data,195.0,USD,,esimdb.com,https://esimdb.com/portugal/roamless,2026-10-04
roamless,PT,portugal,Portugal,Portugal - No Expiration,150.0,0,data,292.5,USD,,esimdb.com,https://esimdb.com/portugal/roamless,2026-10-04
roamless,PT,portugal,Portugal,Portugal - No Expiration,200.0,0,data,390.0,USD,,esimdb.com,https://esimdb.com/portugal/roamless,2026-10-04
roamless,QA,qatar,Qatar,Qatar - No Expiration,1.0,0,data,2.95,USD,,esimdb.com,https://esimdb.com/qatar/roamless,2026-10-04
roamless,QA,qatar,Qatar,Qatar - 30 Days,1.0,30,data,4.45,USD,,esimdb.com,https://esimdb.com/qatar/roamless,2026-10-04
roamless,QA,qatar,Qatar,Qatar - No Expiration,2.0,0,data,5.9,USD,,esimdb.com,https://esimdb.com/qatar/roamless,2026-10-04
roamless,QA,qatar,Qatar,Qatar - No Expiration,3.0,0,data,8.85,USD,,esimdb.com,https://esimdb.com/qatar/roamless,2026-10-04
roamless,QA,qatar,Qatar,Qatar - 30 Days,3.0,30,data,9.95,USD,,esimdb.com,https://esimdb.com/qatar/roamless,2026-10-04
roamless,QA,qatar,Qatar,Qatar - No Expiration,4.0,0,data,11.8,USD,,esimdb.com,https://esimdb.com/qatar/roamless,2026-10-04
roamless,QA,qatar,Qatar,Qatar - No Expiration,5.0,0,data,14.75,USD,,esimdb.com,https://esimdb.com/qatar/roamless,2026-10-04
roamless,QA,qatar,Qatar,Qatar - 30 Days,5.0,30,data,16.45,USD,,esimdb.com,https://esimdb.com/qatar/roamless,2026-10-04
roamless,QA,qatar,Qatar,Qatar - No Expiration,6.0,0,data,17.7,USD,,esimdb.com,https://esimdb.com/qatar/roamless,2026-10-04
roamless,QA,qatar,Qatar,Qatar - No Expiration,7.0,0,data,20.65,USD,,esimdb.com,https://esimdb.com/qatar/roamless,2026-10-04
roamless,QA,qatar,Qatar,Qatar - No Expiration,8.0,0,data,23.6,USD,,esimdb.com,https://esimdb.com/qatar/roamless,2026-10-04
roamless,QA,qatar,Qatar,Qatar - No Expiration,9.0,0,data,26.55,USD,,esimdb.com,https://esimdb.com/qatar/roamless,2026-10-04
roamless,QA,qatar,Qatar,Qatar - 30 Days,10.0,30,data,28.95,USD,,esimdb.com,https://esimdb.com/qatar/roamless,2026-10-04
roamless,QA,qatar,Qatar,Qatar - No Expiration,10.0,0,data,29.5,USD,,esimdb.com,https://esimdb.com/qatar/roamless,2026-10-04
roamless,QA,qatar,Qatar,Qatar - No Expiration,15.0,0,data,44.25,USD,,esimdb.com,https://esimdb.com/qatar/roamless,2026-10-04
roamless,QA,qatar,Qatar,Qatar - 30 Days,20.0,30,data,44.95,USD,,esimdb.com,https://esimdb.com/qatar/roamless,2026-10-04
roamless,QA,qatar,Qatar,Qatar - No Expiration,20.0,0,data,59.0,USD,,esimdb.com,https://esimdb.com/qatar/roamless,2026-10-04
roamless,QA,qatar,Qatar,Qatar - No Expiration,25.0,0,data,73.75,USD,,esimdb.com,https://esimdb.com/qatar/roamless,2026-10-04
roamless,QA,qatar,Qatar,Qatar - No Expiration,30.0,0,data,88.5,USD,,esimdb.com,https://esimdb.com/qatar/roamless,2026-10-04
roamless,QA,qatar,Qatar,Qatar - 30 Days,50.0,30,data,89.95,USD,,esimdb.com,https://esimdb.com/qatar/roamless,2026-10-04
roamless,QA,qatar,Qatar,Qatar - No Expiration,35.0,0,data,103.25,USD,,esimdb.com,https://esimdb.com/qatar/roamless,2026-10-04
roamless,QA,qatar,Qatar,Qatar - No Expiration,40.0,0,data,118.0,USD,,esimdb.com,https://esimdb.com/qatar/roamless,2026-10-04
roamless,QA,qatar,Qatar,Qatar - No Expiration,45.0,0,data,132.75,USD,,esimdb.com,https://esimdb.com/qatar/roamless,2026-10-04
roamless,QA,qatar,Qatar,Qatar - No Expiration,50.0,0,data,147.5,USD,,esimdb.com,https://esimdb.com/qatar/roamless,2026-10-04
roamless,QA,qatar,Qatar,Qatar - No Expiration,100.0,0,data,295.0,USD,,esimdb.com,https://esimdb.com/qatar/roamless,2026-10-04
roamless,SA,saudi-arabia,Saudi Arabia,Saudi Arabia - No Expiration,1.0,0,data,1.95,USD,,esimdb.com,https://esimdb.com/saudi-arabia/roamless,2026-10-04
roamless,SA,saudi-arabia,Saudi Arabia,Saudi Arabia - 30 Days,1.0,30,data,2.45,USD,,esimdb.com,https://esimdb.com/saudi-arabia/roamless,2026-10-04
roamless,SA,saudi-arabia,Saudi Arabia,Saudi Arabia - No Expiration,2.0,0,data,3.9,USD,,esimdb.com,https://esimdb.com/saudi-arabia/roamless,2026-10-04
roamless,SA,saudi-arabia,Saudi Arabia,Saudi Arabia - No Expiration,3.0,0,data,5.85,USD,,esimdb.com,https://esimdb.com/saudi-arabia/roamless,2026-10-04
roamless,SA,saudi-arabia,Saudi Arabia,Saudi Arabia - 30 Days,3.0,30,data,5.95,USD,,esimdb.com,https://esimdb.com/saudi-arabia/roamless,2026-10-04
roamless,SA,saudi-arabia,Saudi Arabia,Saudi Arabia - No Expiration,4.0,0,data,7.8,USD,,esimdb.com,https://esimdb.com/saudi-arabia/roamless,2026-10-04
roamless,SA,saudi-arabia,Saudi Arabia,Saudi Arabia - 30 Days,5.0,30,data,7.95,USD,,esimdb.com,https://esimdb.com/saudi-arabia/roamless,2026-10-04
roamless,SA,saudi-arabia,Saudi Arabia,Saudi Arabia - No Expiration,5.0,0,data,9.75,USD,,esimdb.com,https://esimdb.com/saudi-arabia/roamless,2026-10-04
roamless,SA,saudi-arabia,Saudi Arabia,Saudi Arabia - No Expiration,6.0,0,data,11.7,USD,,esimdb.com,https://esimdb.com/saudi-arabia/roamless,2026-10-04
roamless,SA,saudi-arabia,Saudi Arabia,Saudi Arabia - No Expiration,7.0,0,data,13.65,USD,,esimdb.com,https://esimdb.com/saudi-arabia/roamless,2026-10-04
roamless,SA,saudi-arabia,Saudi Arabia,Saudi Arabia - 30 Days,10.0,30,data,13.95,USD,,esimdb.com,https://esimdb.com/saudi-arabia/roamless,2026-10-04
roamless,SA,saudi-arabia,Saudi Arabia,Saudi Arabia - No Expiration,8.0,0,data,15.6,USD,,esimdb.com,https://esimdb.com/saudi-arabia/roamless,2026-10-04
roamless,SA,saudi-arabia,Saudi Arabia,Saudi Arabia - No Expiration,9.0,0,data,17.55,USD,,esimdb.com,https://esimdb.com/saudi-arabia/roamless,2026-10-04
roamless,SA,saudi-arabia,Saudi Arabia,Saudi Arabia - No Expiration,10.0,0,data,19.5,USD,,esimdb.com,https://esimdb.com/saudi-arabia/roamless,2026-10-04
roamless,SA,saudi-arabia,Saudi Arabia,Saudi Arabia - 30 Days,20.0,30,data,22.95,USD,,esimdb.com,https://esimdb.com/saudi-arabia/roamless,2026-10-04
roamless,SA,saudi-arabia,Saudi Arabia,Saudi Arabia - No Expiration,15.0,0,data,29.25,USD,,esimdb.com,https://esimdb.com/saudi-arabia/roamless,2026-10-04
roamless,SA,saudi-arabia,Saudi Arabia,Saudi Arabia - No Expiration,20.0,0,data,39.0,USD,,esimdb.com,https://esimdb.com/saudi-arabia/roamless,2026-10-04
roamless,SA,saudi-arabia,Saudi Arabia,Saudi Arabia - 30 Days,50.0,30,data,45.95,USD,,esimdb.com,https://esimdb.com/saudi-arabia/roamless,2026-10-04
roamless,SA,saudi-arabia,Saudi Arabia,Saudi Arabia - No Expiration,25.0,0,data,48.75,USD,,esimdb.com,https://esimdb.com/saudi-arabia/roamless,2026-10-04
roamless,SA,saudi-arabia,Saudi Arabia,Saudi Arabia - No Expiration,30.0,0,data,58.5,USD,,esimdb.com,https://esimdb.com/saudi-arabia/roamless,2026-10-04
roamless,SA,saudi-arabia,Saudi Arabia,Saudi Arabia - No Expiration,35.0,0,data,68.25,USD,,esimdb.com,https://esimdb.com/saudi-arabia/roamless,2026-10-04
roamless,SA,saudi-arabia,Saudi Arabia,Saudi Arabia - No Expiration,40.0,0,data,78.0,USD,,esimdb.com,https://esimdb.com/saudi-arabia/roamless,2026-10-04
roamless,SA,saudi-arabia,Saudi Arabia,Saudi Arabia - No Expiration,45.0,0,data,87.75,USD,,esimdb.com,https://esimdb.com/saudi-arabia/roamless,2026-10-04
roamless,SA,saudi-arabia,Saudi Arabia,Saudi Arabia - No Expiration,50.0,0,data,97.5,USD,,esimdb.com,https://esimdb.com/saudi-arabia/roamless,2026-10-04
roamless,SA,saudi-arabia,Saudi Arabia,Saudi Arabia - No Expiration,100.0,0,data,195.0,USD,,esimdb.com,https://esimdb.com/saudi-arabia/roamless,2026-10-04
roamless,SA,saudi-arabia,Saudi Arabia,Saudi Arabia - No Expiration,150.0,0,data,292.5,USD,,esimdb.com,https://esimdb.com/saudi-arabia/roamless,2026-10-04
roamless,SA,saudi-arabia,Saudi Arabia,Saudi Arabia - No Expiration,200.0,0,data,390.0,USD,,esimdb.com,https://esimdb.com/saudi-arabia/roamless,2026-10-04
roamless,SG,singapore,Singapore,Singapore - No Expiration,1.0,0,data,1.95,USD,,esimdb.com,https://esimdb.com/singapore/roamless,2026-10-04
roamless,SG,singapore,Singapore,Singapore - No Expiration,2.0,0,data,3.9,USD,,esimdb.com,https://esimdb.com/singapore/roamless,2026-10-04
roamless,SG,singapore,Singapore,Singapore - 30 Days,1.0,30,data,3.95,USD,,esimdb.com,https://esimdb.com/singapore/roamless,2026-10-04
roamless,SG,singapore,Singapore,Singapore - No Expiration,3.0,0,data,5.85,USD,,esimdb.com,https://esimdb.com/singapore/roamless,2026-10-04
roamless,SG,singapore,Singapore,Singapore - 30 Days,3.0,30,data,6.95,USD,,esimdb.com,https://esimdb.com/singapore/roamless,2026-10-04
roamless,SG,singapore,Singapore,Singapore - No Expiration,4.0,0,data,7.8,USD,,esimdb.com,https://esimdb.com/singapore/roamless,2026-10-04
roamless,SG,singapore,Singapore,Singapore - No Expiration,5.0,0,data,9.75,USD,,esimdb.com,https://esimdb.com/singapore/roamless,2026-10-04
roamless,SG,singapore,Singapore,Singapore - 30 Days,5.0,30,data,9.95,USD,,esimdb.com,https://esimdb.com/singapore/roamless,2026-10-04
roamless,SG,singapore,Singapore,Singapore - No Expiration,6.0,0,data,11.7,USD,,esimdb.com,https://esimdb.com/singapore/roamless,2026-10-04
roamless,SG,singapore,Singapore,Singapore - No Expiration,7.0,0,data,13.65,USD,,esimdb.com,https://esimdb.com/singapore/roamless,2026-10-04
roamless,SG,singapore,Singapore,Singapore - No Expiration,8.0,0,data,15.6,USD,,esimdb.com,https://esimdb.com/singapore/roamless,2026-10-04
roamless,SG,singapore,Singapore,Singapore - 30 Days,10.0,30,data,15.95,USD,,esimdb.com,https://esimdb.com/singapore/roamless,2026-10-04
roamless,SG,singapore,Singapore,Singapore - No Expiration,9.0,0,data,17.55,USD,,esimdb.com,https://esimdb.com/singapore/roamless,2026-10-04
roamless,SG,singapore,Singapore,Singapore - No Expiration,10.0,0,data,19.5,USD,,esimdb.com,https://esimdb.com/singapore/roamless,2026-10-04
roamless,SG,singapore,Singapore,Singapore - 30 Days,20.0,30,data,22.95,USD,,esimdb.com,https://esimdb.com/singapore/roamless,2026-10-04
roamless,SG,singapore,Singapore,Singapore - No Expiration,15.0,0,data,29.25,USD,,esimdb.com,https://esimdb.com/singapore/roamless,2026-10-04
roamless,SG,singapore,Singapore,Singapore - No Expiration,20.0,0,data,39.0,USD,,esimdb.com,https://esimdb.com/singapore/roamless,2026-10-04
roamless,SG,singapore,Singapore,Singapore - 30 Days,50.0,30,data,47.95,USD,,esimdb.com,https://esimdb.com/singapore/roamless,2026-10-04
roamless,SG,singapore,Singapore,Singapore - No Expiration,25.0,0,data,48.75,USD,,esimdb.com,https://esimdb.com/singapore/roamless,2026-10-04
roamless,SG,singapore,Singapore,Singapore - No Expiration,30.0,0,data,58.5,USD,,esimdb.com,https://esimdb.com/singapore/roamless,2026-10-04
roamless,SG,singapore,Singapore,Singapore - No Expiration,35.0,0,data,68.25,USD,,esimdb.com,https://esimdb.com/singapore/roamless,2026-10-04
roamless,SG,singapore,Singapore,Singapore - No Expiration,40.0,0,data,78.0,USD,,esimdb.com,https://esimdb.com/singapore/roamless,2026-10-04
roamless,SG,singapore,Singapore,Singapore - No Expiration,45.0,0,data,87.75,USD,,esimdb.com,https://esimdb.com/singapore/roamless,2026-10-04
roamless,SG,singapore,Singapore,Singapore - No Expiration,50.0,0,data,97.5,USD,,esimdb.com,https://esimdb.com/singapore/roamless,2026-10-04
roamless,SG,singapore,Singapore,Singapore - No Expiration,100.0,0,data,195.0,USD,,esimdb.com,https://esimdb.com/singapore/roamless,2026-10-04
roamless,SG,singapore,Singapore,Singapore - No Expiration,150.0,0,data,292.5,USD,,esimdb.com,https://esimdb.com/singapore/roamless,2026-10-04
roamless,SG,singapore,Singapore,Singapore - No Expiration,200.0,0,data,390.0,USD,,esimdb.com,https://esimdb.com/singapore/roamless,2026-10-04
roamless,TH,thailand,Thailand,Thailand - No Expiration,1.0,0,data,2.45,USD,,esimdb.com,https://esimdb.com/thailand/roamless,2026-10-04
roamless,TH,thailand,Thailand,Thailand - 30 Days,1.0,30,data,2.95,USD,,esimdb.com,https://esimdb.com/thailand/roamless,2026-10-04
roamless,TH,thailand,Thailand,Thailand - No Expiration,2.0,0,data,4.9,USD,,esimdb.com,https://esimdb.com/thailand/roamless,2026-10-04
roamless,TH,thailand,Thailand,Thailand - 30 Days,3.0,30,data,5.95,USD,,esimdb.com,https://esimdb.com/thailand/roamless,2026-10-04
roamless,TH,thailand,Thailand,Thailand - No Expiration,3.0,0,data,7.35,USD,,esimdb.com,https://esimdb.com/thailand/roamless,2026-10-04
roamless,TH,thailand,Thailand,Thailand - 30 Days,5.0,30,data,7.95,USD,,esimdb.com,https://esimdb.com/thailand/roamless,2026-10-04
roamless,TH,thailand,Thailand,Thailand - No Expiration,4.0,0,data,9.8,USD,,esimdb.com,https://esimdb.com/thailand/roamless,2026-10-04
roamless,TH,thailand,Thailand,Thailand - 30 Days,10.0,30,data,10.95,USD,,esimdb.com,https://esimdb.com/thailand/roamless,2026-10-04
roamless,TH,thailand,Thailand,Thailand - No Expiration,5.0,0,data,12.25,USD,,esimdb.com,https://esimdb.com/thailand/roamless,2026-10-04
roamless,TH,thailand,Thailand,Thailand - No Expiration,6.0,0,data,14.7,USD,,esimdb.com,https://esimdb.com/thailand/roamless,2026-10-04
roamless,TH,thailand,Thailand,Thailand - No Expiration,7.0,0,data,17.15,USD,,esimdb.com,https://esimdb.com/thailand/roamless,2026-10-04
roamless,TH,thailand,Thailand,Thailand - 30 Days,20.0,30,data,17.95,USD,,esimdb.com,https://esimdb.com/thailand/roamless,2026-10-04
roamless,TH,thailand,Thailand,Thailand - No Expiration,8.0,0,data,19.6,USD,,esimdb.com,https://esimdb.com/thailand/roamless,2026-10-04
roamless,TH,thailand,Thailand,Thailand - No Expiration,9.0,0,data,22.05,USD,,esimdb.com,https://esimdb.com/thailand/roamless,2026-10-04
roamless,TH,thailand,Thailand,Thailand - No Expiration,10.0,0,data,24.5,USD,,esimdb.com,https://esimdb.com/thailand/roamless,2026-10-04
roamless,TH,thailand,Thailand,Thailand - 30 Days,50.0,30,data,30.95,USD,,esimdb.com,https://esimdb.com/thailand/roamless,2026-10-04
roamless,TH,thailand,Thailand,Thailand - No Expiration,15.0,0,data,36.75,USD,,esimdb.com,https://esimdb.com/thailand/roamless,2026-10-04
roamless,TH,thailand,Thailand,Thailand - No Expiration,20.0,0,data,49.0,USD,,esimdb.com,https://esimdb.com/thailand/roamless,2026-10-04
roamless,TH,thailand,Thailand,Thailand - No Expiration,25.0,0,data,61.25,USD,,esimdb.com,https://esimdb.com/thailand/roamless,2026-10-04
roamless,TH,thailand,Thailand,Thailand - No Expiration,30.0,0,data,73.5,USD,,esimdb.com,https://esimdb.com/thailand/roamless,2026-10-04
roamless,TH,thailand,Thailand,Thailand - No Expiration,35.0,0,data,85.75,USD,,esimdb.com,https://esimdb.com/thailand/roamless,2026-10-04
roamless,TH,thailand,Thailand,Thailand - No Expiration,40.0,0,data,98.0,USD,,esimdb.com,https://esimdb.com/thailand/roamless,2026-10-04
roamless,TH,thailand,Thailand,Thailand - No Expiration,45.0,0,data,110.25,USD,,esimdb.com,https://esimdb.com/thailand/roamless,2026-10-04
roamless,TH,thailand,Thailand,Thailand - No Expiration,50.0,0,data,122.5,USD,,esimdb.com,https://esimdb.com/thailand/roamless,2026-10-04
roamless,TH,thailand,Thailand,Thailand - No Expiration,100.0,0,data,245.0,USD,,esimdb.com,https://esimdb.com/thailand/roamless,2026-10-04
roamless,TH,thailand,Thailand,Thailand - No Expiration,150.0,0,data,367.5,USD,,esimdb.com,https://esimdb.com/thailand/roamless,2026-10-04
roamless,TH,thailand,Thailand,Thailand - No Expiration,200.0,0,data,490.0,USD,,esimdb.com,https://esimdb.com/thailand/roamless,2026-10-04
roamless,TR,turkiye,Turkiye,Turkey - No Expiration,1.0,0,data,1.95,USD,,esimdb.com,https://esimdb.com/turkey/roamless,2026-10-04
roamless,TR,turkiye,Turkiye,Turkey - No Expiration,2.0,0,data,3.9,USD,,esimdb.com,https://esimdb.com/turkey/roamless,2026-10-04
roamless,TR,turkiye,Turkiye,Turkey - 30 Days,1.0,30,data,3.95,USD,,esimdb.com,https://esimdb.com/turkey/roamless,2026-10-04
roamless,TR,turkiye,Turkiye,Turkey - No Expiration,3.0,0,data,5.85,USD,,esimdb.com,https://esimdb.com/turkey/roamless,2026-10-04
roamless,TR,turkiye,Turkiye,Turkey - 30 Days,3.0,30,data,6.45,USD,,esimdb.com,https://esimdb.com/turkey/roamless,2026-10-04
roamless,TR,turkiye,Turkiye,Turkey - No Expiration,4.0,0,data,7.8,USD,,esimdb.com,https://esimdb.com/turkey/roamless,2026-10-04
roamless,TR,turkiye,Turkiye,Turkey - No Expiration,5.0,0,data,9.75,USD,,esimdb.com,https://esimdb.com/turkey/roamless,2026-10-04
roamless,TR,turkiye,Turkiye,Turkey - 30 Days,5.0,30,data,9.95,USD,,esimdb.com,https://esimdb.com/turkey/roamless,2026-10-04
roamless,TR,turkiye,Turkiye,Turkey - No Expiration,6.0,0,data,11.7,USD,,esimdb.com,https://esimdb.com/turkey/roamless,2026-10-04
roamless,TR,turkiye,Turkiye,Turkey - No Expiration,7.0,0,data,13.65,USD,,esimdb.com,https://esimdb.com/turkey/roamless,2026-10-04
roamless,TR,turkiye,Turkiye,Turkey - 30 Days,10.0,30,data,15.45,USD,,esimdb.com,https://esimdb.com/turkey/roamless,2026-10-04
roamless,TR,turkiye,Turkiye,Turkey - No Expiration,8.0,0,data,15.6,USD,,esimdb.com,https://esimdb.com/turkey/roamless,2026-10-04
roamless,TR,turkiye,Turkiye,Turkey - No Expiration,9.0,0,data,17.55,USD,,esimdb.com,https://esimdb.com/turkey/roamless,2026-10-04
roamless,TR,turkiye,Turkiye,Turkey - No Expiration,10.0,0,data,19.5,USD,,esimdb.com,https://esimdb.com/turkey/roamless,2026-10-04
roamless,TR,turkiye,Turkiye,Turkey - 30 Days,20.0,30,data,22.45,USD,,esimdb.com,https://esimdb.com/turkey/roamless,2026-10-04
roamless,TR,turkiye,Turkiye,Turkey - No Expiration,15.0,0,data,29.25,USD,,esimdb.com,https://esimdb.com/turkey/roamless,2026-10-04
roamless,TR,turkiye,Turkiye,Turkey - 30 Days,50.0,30,data,34.45,USD,,esimdb.com,https://esimdb.com/turkey/roamless,2026-10-04
roamless,TR,turkiye,Turkiye,Turkey - No Expiration,20.0,0,data,39.0,USD,,esimdb.com,https://esimdb.com/turkey/roamless,2026-10-04
roamless,TR,turkiye,Turkiye,Turkey - No Expiration,25.0,0,data,48.75,USD,,esimdb.com,https://esimdb.com/turkey/roamless,2026-10-04
roamless,TR,turkiye,Turkiye,Turkey - No Expiration,30.0,0,data,58.5,USD,,esimdb.com,https://esimdb.com/turkey/roamless,2026-10-04
roamless,TR,turkiye,Turkiye,Turkey - No Expiration,35.0,0,data,68.25,USD,,esimdb.com,https://esimdb.com/turkey/roamless,2026-10-04
roamless,TR,turkiye,Turkiye,Turkey - No Expiration,40.0,0,data,78.0,USD,,esimdb.com,https://esimdb.com/turkey/roamless,2026-10-04
roamless,TR,turkiye,Turkiye,Turkey - No Expiration,45.0,0,data,87.75,USD,,esimdb.com,https://esimdb.com/turkey/roamless,2026-10-04
roamless,TR,turkiye,Turkiye,Turkey - No Expiration,50.0,0,data,97.5,USD,,esimdb.com,https://esimdb.com/turkey/roamless,2026-10-04
roamless,TR,turkiye,Turkiye,Turkey - No Expiration,100.0,0,data,195.0,USD,,esimdb.com,https://esimdb.com/turkey/roamless,2026-10-04
roamless,TR,turkiye,Turkiye,Turkey - No Expiration,150.0,0,data,292.5,USD,,esimdb.com,https://esimdb.com/turkey/roamless,2026-10-04
roamless,TR,turkiye,Turkiye,Turkey - No Expiration,200.0,0,data,390.0,USD,,esimdb.com,https://esimdb.com/turkey/roamless,2026-10-04
roamless,TW,taiwan,Taiwan,Taiwan - No Expiration,1.0,0,data,2.45,USD,,esimdb.com,https://esimdb.com/taiwan/roamless,2026-10-04
roamless,TW,taiwan,Taiwan,Taiwan - 30 Days,1.0,30,data,3.95,USD,,esimdb.com,https://esimdb.com/taiwan/roamless,2026-10-04
roamless,TW,taiwan,Taiwan,Taiwan - No Expiration,2.0,0,data,4.9,USD,,esimdb.com,https://esimdb.com/taiwan/roamless,2026-10-04
roamless,TW,taiwan,Taiwan,Taiwan - No Expiration,3.0,0,data,7.35,USD,,esimdb.com,https://esimdb.com/taiwan/roamless,2026-10-04
roamless,TW,taiwan,Taiwan,Taiwan - 30 Days,3.0,30,data,8.95,USD,,esimdb.com,https://esimdb.com/taiwan/roamless,2026-10-04
roamless,TW,taiwan,Taiwan,Taiwan - No Expiration,4.0,0,data,9.8,USD,,esimdb.com,https://esimdb.com/taiwan/roamless,2026-10-04
roamless,TW,taiwan,Taiwan,Taiwan - 30 Days,5.0,30,data,11.95,USD,,esimdb.com,https://esimdb.com/taiwan/roamless,2026-10-04
roamless,TW,taiwan,Taiwan,Taiwan - No Expiration,5.0,0,data,12.25,USD,,esimdb.com,https://esimdb.com/taiwan/roamless,2026-10-04
roamless,TW,taiwan,Taiwan,Taiwan - No Expiration,6.0,0,data,14.7,USD,,esimdb.com,https://esimdb.com/taiwan/roamless,2026-10-04
roamless,TW,taiwan,Taiwan,Taiwan - No Expiration,7.0,0,data,17.15,USD,,esimdb.com,https://esimdb.com/taiwan/roamless,2026-10-04
roamless,TW,taiwan,Taiwan,Taiwan - 30 Days,10.0,30,data,18.95,USD,,esimdb.com,https://esimdb.com/taiwan/roamless,2026-10-04
roamless,TW,taiwan,Taiwan,Taiwan - No Expiration,8.0,0,data,19.6,USD,,esimdb.com,https://esimdb.com/taiwan/roamless,2026-10-04
roamless,TW,taiwan,Taiwan,Taiwan - No Expiration,9.0,0,data,22.05,USD,,esimdb.com,https://esimdb.com/taiwan/roamless,2026-10-04
roamless,TW,taiwan,Taiwan,Taiwan - No Expiration,10.0,0,data,24.5,USD,,esimdb.com,https://esimdb.com/taiwan/roamless,2026-10-04
roamless,TW,taiwan,Taiwan,Taiwan - 30 Days,20.0,30,data,28.95,USD,,esimdb.com,https://esimdb.com/taiwan/roamless,2026-10-04
roamless,TW,taiwan,Taiwan,Taiwan - No Expiration,15.0,0,data,36.75,USD,,esimdb.com,https://esimdb.com/taiwan/roamless,2026-10-04
roamless,TW,taiwan,Taiwan,Taiwan - 30 Days,50.0,30,data,48.95,USD,,esimdb.com,https://esimdb.com/taiwan/roamless,2026-10-04
roamless,TW,taiwan,Taiwan,Taiwan - No Expiration,20.0,0,data,49.0,USD,,esimdb.com,https://esimdb.com/taiwan/roamless,2026-10-04
roamless,TW,taiwan,Taiwan,Taiwan - No Expiration,25.0,0,data,61.25,USD,,esimdb.com,https://esimdb.com/taiwan/roamless,2026-10-04
roamless,TW,taiwan,Taiwan,Taiwan - No Expiration,30.0,0,data,73.5,USD,,esimdb.com,https://esimdb.com/taiwan/roamless,2026-10-04
roamless,TW,taiwan,Taiwan,Taiwan - No Expiration,35.0,0,data,85.75,USD,,esimdb.com,https://esimdb.com/taiwan/roamless,2026-10-04
roamless,TW,taiwan,Taiwan,Taiwan - No Expiration,40.0,0,data,98.0,USD,,esimdb.com,https://esimdb.com/taiwan/roamless,2026-10-04
roamless,TW,taiwan,Taiwan,Taiwan - No Expiration,45.0,0,data,110.25,USD,,esimdb.com,https://esimdb.com/taiwan/roamless,2026-10-04
roamless,TW,taiwan,Taiwan,Taiwan - No Expiration,50.0,0,data,122.5,USD,,esimdb.com,https://esimdb.com/taiwan/roamless,2026-10-04
roamless,TW,taiwan,Taiwan,Taiwan - No Expiration,100.0,0,data,245.0,USD,,esimdb.com,https://esimdb.com/taiwan/roamless,2026-10-04
roamless,TW,taiwan,Taiwan,Taiwan - No Expiration,150.0,0,data,367.5,USD,,esimdb.com,https://esimdb.com/taiwan/roamless,2026-10-04
roamless,TW,taiwan,Taiwan,Taiwan - No Expiration,200.0,0,data,490.0,USD,,esimdb.com,https://esimdb.com/taiwan/roamless,2026-10-04
roamless,US,united-states,United States,USA - No Expiration,1.0,0,data,1.95,USD,,esimdb.com,https://esimdb.com/usa/roamless,2026-10-04
roamless,US,united-states,United States,USA - No Expiration,2.0,0,data,3.9,USD,,esimdb.com,https://esimdb.com/usa/roamless,2026-10-04
roamless,US,united-states,United States,USA - 30 Days,1.0,30,data,3.95,USD,,esimdb.com,https://esimdb.com/usa/roamless,2026-10-04
roamless,US,united-states,United States,USA - No Expiration,3.0,0,data,5.85,USD,,esimdb.com,https://esimdb.com/usa/roamless,2026-10-04
roamless,US,united-states,United States,USA - No Expiration,4.0,0,data,7.8,USD,,esimdb.com,https://esimdb.com/usa/roamless,2026-10-04
roamless,US,united-states,United States,USA - 30 Days,3.0,30,data,8.95,USD,,esimdb.com,https://esimdb.com/usa/roamless,2026-10-04
roamless,US,united-states,United States,USA - No Expiration,5.0,0,data,9.75,USD,,esimdb.com,https://esimdb.com/usa/roamless,2026-10-04
roamless,US,united-states,United States,USA - No Expiration,6.0,0,data,11.7,USD,,esimdb.com,https://esimdb.com/usa/roamless,2026-10-04
roamless,US,united-states,United States,USA - 30 Days,5.0,30,data,13.45,USD,,esimdb.com,https://esimdb.com/usa/roamless,2026-10-04
roamless,US,united-states,United States,USA - No Expiration,7.0,0,data,13.65,USD,,esimdb.com,https://esimdb.com/usa/roamless,2026-10-04
roamless,US,united-states,United States,USA - No Expiration,8.0,0,data,15.6,USD,,esimdb.com,https://esimdb.com/usa/roamless,2026-10-04
roamless,US,united-states,United States,USA - No Expiration,9.0,0,data,17.55,USD,,esimdb.com,https://esimdb.com/usa/roamless,2026-10-04
roamless,US,united-states,United States,USA - No Expiration,10.0,0,data,19.5,USD,,esimdb.com,https://esimdb.com/usa/roamless,2026-10-04
roamless,US,united-states,United States,USA - 30 Days,10.0,30,data,22.45,USD,,esimdb.com,https://esimdb.com/usa/roamless,2026-10-04
roamless,US,united-states,United States,USA - No Expiration,15.0,0,data,29.25,USD,,esimdb.com,https://esimdb.com/usa/roamless,2026-10-04
roamless,US,united-states,United States,USA - 30 Days,20.0,30,data,36.45,USD,,esimdb.com,https://esimdb.com/usa/roamless,2026-10-04
roamless,US,united-states,United States,USA - No Expiration,20.0,0,data,39.0,USD,,esimdb.com,https://esimdb.com/usa/roamless,2026-10-04
roamless,US,united-states,United States,USA - 30 Days,50.0,30,data,41.95,USD,,esimdb.com,https://esimdb.com/usa/roamless,2026-10-04
roamless,US,united-states,United States,USA - No Expiration,25.0,0,data,48.75,USD,,esimdb.com,https://esimdb.com/usa/roamless,2026-10-04
roamless,US,united-states,United States,USA - No Expiration,30.0,0,data,58.5,USD,,esimdb.com,https://esimdb.com/usa/roamless,2026-10-04
roamless,US,united-states,United States,USA - No Expiration,35.0,0,data,68.25,USD,,esimdb.com,https://esimdb.com/usa/roamless,2026-10-04
roamless,US,united-states,United States,USA - No Expiration,40.0,0,data,78.0,USD,,esimdb.com,https://esimdb.com/usa/roamless,2026-10-04
roamless,US,united-states,United States,USA - No Expiration,45.0,0,data,87.75,USD,,esimdb.com,https://esimdb.com/usa/roamless,2026-10-04
roamless,US,united-states,United States,USA - No Expiration,50.0,0,data,97.5,USD,,esimdb.com,https://esimdb.com/usa/roamless,2026-10-04
roamless,US,united-states,United States,USA - No Expiration,100.0,0,data,195.0,USD,,esimdb.com,https://esimdb.com/usa/roamless,2026-10-04
roamless,US,united-states,United States,USA - No Expiration,150.0,0,data,292.5,USD,,esimdb.com,https://esimdb.com/usa/roamless,2026-10-04
roamless,US,united-states,United States,USA - No Expiration,200.0,0,data,390.0,USD,,esimdb.com,https://esimdb.com/usa/roamless,2026-10-04
roamless,VN,vietnam,Vietnam,Vietnam - No Expiration,1.0,0,data,1.95,USD,,esimdb.com,https://esimdb.com/vietnam/roamless,2026-10-04
roamless,VN,vietnam,Vietnam,Vietnam - No Expiration,2.0,0,data,3.9,USD,,esimdb.com,https://esimdb.com/vietnam/roamless,2026-10-04
roamless,VN,vietnam,Vietnam,Vietnam - 30 Days,1.0,30,data,3.95,USD,,esimdb.com,https://esimdb.com/vietnam/roamless,2026-10-04
roamless,VN,vietnam,Vietnam,Vietnam - No Expiration,3.0,0,data,5.85,USD,,esimdb.com,https://esimdb.com/vietnam/roamless,2026-10-04
roamless,VN,vietnam,Vietnam,Vietnam - No Expiration,4.0,0,data,7.8,USD,,esimdb.com,https://esimdb.com/vietnam/roamless,2026-10-04
roamless,VN,vietnam,Vietnam,Vietnam - 30 Days,3.0,30,data,7.95,USD,,esimdb.com,https://esimdb.com/vietnam/roamless,2026-10-04
roamless,VN,vietnam,Vietnam,Vietnam - No Expiration,5.0,0,data,9.75,USD,,esimdb.com,https://esimdb.com/vietnam/roamless,2026-10-04
roamless,VN,vietnam,Vietnam,Vietnam - 30 Days,5.0,30,data,10.95,USD,,esimdb.com,https://esimdb.com/vietnam/roamless,2026-10-04
roamless,VN,vietnam,Vietnam,Vietnam - No Expiration,6.0,0,data,11.7,USD,,esimdb.com,https://esimdb.com/vietnam/roamless,2026-10-04
roamless,VN,vietnam,Vietnam,Vietnam - No Expiration,7.0,0,data,13.65,USD,,esimdb.com,https://esimdb.com/vietnam/roamless,2026-10-04
roamless,VN,vietnam,Vietnam,Vietnam - No Expiration,8.0,0,data,15.6,USD,,esimdb.com,https://esimdb.com/vietnam/roamless,2026-10-04
roamless,VN,vietnam,Vietnam,Vietnam - No Expiration,9.0,0,data,17.55,USD,,esimdb.com,https://esimdb.com/vietnam/roamless,2026-10-04
roamless,VN,vietnam,Vietnam,Vietnam - 30 Days,10.0,30,data,17.95,USD,,esimdb.com,https://esimdb.com/vietnam/roamless,2026-10-04
roamless,VN,vietnam,Vietnam,Vietnam - No Expiration,10.0,0,data,19.5,USD,,esimdb.com,https://esimdb.com/vietnam/roamless,2026-10-04
roamless,VN,vietnam,Vietnam,Vietnam - 30 Days,20.0,30,data,28.95,USD,,esimdb.com,https://esimdb.com/vietnam/roamless,2026-10-04
roamless,VN,vietnam,Vietnam,Vietnam - No Expiration,15.0,0,data,29.25,USD,,esimdb.com,https://esimdb.com/vietnam/roamless,2026-10-04
roamless,VN,vietnam,Vietnam,Vietnam - No Expiration,20.0,0,data,39.0,USD,,esimdb.com,https://esimdb.com/vietnam/roamless,2026-10-04
roamless,VN,vietnam,Vietnam,Vietnam - No Expiration,25.0,0,data,48.75,USD,,esimdb.com,https://esimdb.com/vietnam/roamless,2026-10-04
roamless,VN,vietnam,Vietnam,Vietnam - 30 Days,50.0,30,data,48.95,USD,,esimdb.com,https://esimdb.com/vietnam/roamless,2026-10-04
roamless,VN,vietnam,Vietnam,Vietnam - No Expiration,30.0,0,data,58.5,USD,,esimdb.com,https://esimdb.com/vietnam/roamless,2026-10-04
roamless,VN,vietnam,Vietnam,Vietnam - No Expiration,35.0,0,data,68.25,USD,,esimdb.com,https://esimdb.com/vietnam/roamless,2026-10-04
roamless,VN,vietnam,Vietnam,Vietnam - No Expiration,40.0,0,data,78.0,USD,,esimdb.com,https://esimdb.com/vietnam/roamless,2026-10-04
roamless,VN,vietnam,Vietnam,Vietnam - No Expiration,45.0,0,data,87.75,USD,,esimdb.com,https://esimdb.com/vietnam/roamless,2026-10-04
roamless,VN,vietnam,Vietnam,Vietnam - No Expiration,50.0,0,data,97.5,USD,,esimdb.com,https://esimdb.com/vietnam/roamless,2026-10-04
roamless,VN,vietnam,Vietnam,Vietnam - No Expiration,100.0,0,data,195.0,USD,,esimdb.com,https://esimdb.com/vietnam/roamless,2026-10-04
roamless,VN,vietnam,Vietnam,Vietnam - No Expiration,150.0,0,data,292.5,USD,,esimdb.com,https://esimdb.com/vietnam/roamless,2026-10-04
roamless,VN,vietnam,Vietnam,Vietnam - No Expiration,200.0,0,data,390.0,USD,,esimdb.com,https://esimdb.com/vietnam/roamless,2026-10-04
roamless,ZA,south-africa,South Africa,South Africa - No Expiration,1.0,0,data,3.45,USD,,esimdb.com,https://esimdb.com/south-africa/roamless,2026-10-04
roamless,ZA,south-africa,South Africa,South Africa - 30 Days,1.0,30,data,3.95,USD,,esimdb.com,https://esimdb.com/south-africa/roamless,2026-10-04
roamless,ZA,south-africa,South Africa,South Africa - No Expiration,2.0,0,data,6.9,USD,,esimdb.com,https://esimdb.com/south-africa/roamless,2026-10-04
roamless,ZA,south-africa,South Africa,South Africa - 30 Days,2.0,30,data,6.95,USD,,esimdb.com,https://esimdb.com/south-africa/roamless,2026-10-04
roamless,ZA,south-africa,South Africa,South Africa - 30 Days,3.0,30,data,8.95,USD,,esimdb.com,https://esimdb.com/south-africa/roamless,2026-10-04
roamless,ZA,south-africa,South Africa,South Africa - No Expiration,3.0,0,data,10.35,USD,,esimdb.com,https://esimdb.com/south-africa/roamless,2026-10-04
roamless,ZA,south-africa,South Africa,South Africa - 30 Days,5.0,30,data,12.45,USD,,esimdb.com,https://esimdb.com/south-africa/roamless,2026-10-04
roamless,ZA,south-africa,South Africa,South Africa - No Expiration,4.0,0,data,13.8,USD,,esimdb.com,https://esimdb.com/south-africa/roamless,2026-10-04
roamless,ZA,south-africa,South Africa,South Africa - No Expiration,5.0,0,data,17.25,USD,,esimdb.com,https://esimdb.com/south-africa/roamless,2026-10-04
roamless,ZA,south-africa,South Africa,South Africa - No Expiration,6.0,0,data,20.7,USD,,esimdb.com,https://esimdb.com/south-africa/roamless,2026-10-04
roamless,ZA,south-africa,South Africa,South Africa - 30 Days,10.0,30,data,21.95,USD,,esimdb.com,https://esimdb.com/south-africa/roamless,2026-10-04
roamless,ZA,south-africa,South Africa,South Africa - No Expiration,7.0,0,data,24.15,USD,,esimdb.com,https://esimdb.com/south-africa/roamless,2026-10-04
roamless,ZA,south-africa,South Africa,South Africa - No Expiration,8.0,0,data,27.6,USD,,esimdb.com,https://esimdb.com/south-africa/roamless,2026-10-04
roamless,ZA,south-africa,South Africa,South Africa - No Expiration,9.0,0,data,31.05,USD,,esimdb.com,https://esimdb.com/south-africa/roamless,2026-10-04
roamless,ZA,south-africa,South Africa,South Africa - No Expiration,10.0,0,data,34.5,USD,,esimdb.com,https://esimdb.com/south-africa/roamless,2026-10-04
roamless,ZA,south-africa,South Africa,South Africa - 30 Days,20.0,30,data,36.95,USD,,esimdb.com,https://esimdb.com/south-africa/roamless,2026-10-04
roamless,ZA,south-africa,South Africa,South Africa - No Expiration,15.0,0,data,51.75,USD,,esimdb.com,https://esimdb.com/south-africa/roamless,2026-10-04
roamless,ZA,south-africa,South Africa,South Africa - No Expiration,20.0,0,data,69.0,USD,,esimdb.com,https://esimdb.com/south-africa/roamless,2026-10-04
roamless,ZA,south-africa,South Africa,South Africa - No Expiration,25.0,0,data,86.25,USD,,esimdb.com,https://esimdb.com/south-africa/roamless,2026-10-04
roamless,ZA,south-africa,South Africa,South Africa - No Expiration,30.0,0,data,103.5,USD,,esimdb.com,https://esimdb.com/south-africa/roamless,2026-10-04
roamless,ZA,south-africa,South Africa,South Africa - No Expiration,35.0,0,data,120.75,USD,,esimdb.com,https://esimdb.com/south-africa/roamless,2026-10-04
roamless,ZA,south-africa,South Africa,South Africa - No Expiration,40.0,0,data,138.0,USD,,esimdb.com,https://esimdb.com/south-africa/roamless,2026-10-04
roamless,ZA,south-africa,South Africa,South Africa - No Expiration,45.0,0,data,155.25,USD,,esimdb.com,https://esimdb.com/south-africa/roamless,2026-10-04
roamless,ZA,south-africa,South Africa,South Africa - No Expiration,50.0,0,data,172.5,USD,,esimdb.com,https://esimdb.com/south-africa/roamless,2026-10-04
roamless,ZA,south-africa,South Africa,South Africa - No Expiration,100.0,0,data,345.0,USD,,esimdb.com,https://esimdb.com/south-africa/roamless,2026-10-04
gomoworld,AE,united-arab-emirates,United Arab Emirates,United Arab Emirates,0.78125,7,data,4.99,USD,,esimdb.com,https://esimdb.com/uae/gomoworld,2026-10-04
gomoworld,AE,united-arab-emirates,United Arab Emirates,United Arab Emirates,4.0,30,data,12.99,USD,,esimdb.com,https://esimdb.com/uae/gomoworld,2026-10-04
gomoworld,AE,united-arab-emirates,United Arab Emirates,United Arab Emirates,8.0,30,data,24.99,USD,,esimdb.com,https://esimdb.com/uae/gomoworld,2026-10-04
gomoworld,AE,united-arab-emirates,United Arab Emirates,United Arab Emirates,13.0,30,data,35.99,USD,,esimdb.com,https://esimdb.com/uae/gomoworld,2026-10-04
gomoworld,AR,argentina,Argentina,Argentina,1.0,7,data,4.99,USD,,esimdb.com,https://esimdb.com/argentina/gomoworld,2026-10-04
gomoworld,AR,argentina,Argentina,Argentina,5.0,30,data,12.99,USD,,esimdb.com,https://esimdb.com/argentina/gomoworld,2026-10-04
gomoworld,AR,argentina,Argentina,Argentina,10.0,30,data,24.99,USD,,esimdb.com,https://esimdb.com/argentina/gomoworld,2026-10-04
gomoworld,AR,argentina,Argentina,Argentina,15.0,30,data,35.99,USD,,esimdb.com,https://esimdb.com/argentina/gomoworld,2026-10-04
gomoworld,AT,austria,Austria,Austria,4.0,7,data,4.99,USD,,esimdb.com,https://esimdb.com/austria/gomoworld,2026-10-04
gomoworld,AT,austria,Austria,Austria,20.0,30,data,12.99,USD,,esimdb.com,https://esimdb.com/austria/gomoworld,2026-10-04
gomoworld,AT,austria,Austria,Austria,50.0,30,data,24.99,USD,,esimdb.com,https://esimdb.com/austria/gomoworld,2026-10-04
gomoworld,AT,austria,Austria,Austria,75.0,30,data,35.99,USD,,esimdb.com,https://esimdb.com/austria/gomoworld,2026-10-04
gomoworld,AU,australia,Australia,Australia,3.5,7,data,4.99,USD,,esimdb.com,https://esimdb.com/australia/gomoworld,2026-10-04
gomoworld,AU,australia,Australia,Australia,17.0,30,data,12.99,USD,,esimdb.com,https://esimdb.com/australia/gomoworld,2026-10-04
gomoworld,AU,australia,Australia,Australia,35.0,30,data,24.99,USD,,esimdb.com,https://esimdb.com/australia/gomoworld,2026-10-04
gomoworld,AU,australia,Australia,Australia,55.0,30,data,35.99,USD,,esimdb.com,https://esimdb.com/australia/gomoworld,2026-10-04
gomoworld,BE,belgium,Belgium,Belgium,4.0,7,data,4.99,USD,,esimdb.com,https://esimdb.com/belgium/gomoworld,2026-10-04
gomoworld,BE,belgium,Belgium,Belgium,15.0,30,data,12.99,USD,,esimdb.com,https://esimdb.com/belgium/gomoworld,2026-10-04
gomoworld,BE,belgium,Belgium,Belgium,50.0,30,data,24.99,USD,,esimdb.com,https://esimdb.com/belgium/gomoworld,2026-10-04
gomoworld,BE,belgium,Belgium,Belgium,75.0,30,data,35.99,USD,,esimdb.com,https://esimdb.com/belgium/gomoworld,2026-10-04
gomoworld,BR,brazil,Brazil,Brazil,1.0,7,data,4.99,USD,,esimdb.com,https://esimdb.com/brazil/gomoworld,2026-10-04
gomoworld,BR,brazil,Brazil,Brazil,5.0,30,data,12.99,USD,,esimdb.com,https://esimdb.com/brazil/gomoworld,2026-10-04
gomoworld,BR,brazil,Brazil,Brazil,10.0,30,data,24.99,USD,,esimdb.com,https://esimdb.com/brazil/gomoworld,2026-10-04
gomoworld,BR,brazil,Brazil,Brazil,15.0,30,data,35.99,USD,,esimdb.com,https://esimdb.com/brazil/gomoworld,2026-10-04
gomoworld,CA,canada,Canada,Canada,1.2,7,data,4.99,USD,,esimdb.com,https://esimdb.com/canada/gomoworld,2026-10-04
gomoworld,CA,canada,Canada,Canada,6.0,30,data,12.99,USD,,esimdb.com,https://esimdb.com/canada/gomoworld,2026-10-04
gomoworld,CA,canada,Canada,Canada,12.0,30,data,24.99,USD,,esimdb.com,https://esimdb.com/canada/gomoworld,2026-10-04
gomoworld,CA,canada,Canada,Canada,20.0,30,data,35.99,USD,,esimdb.com,https://esimdb.com/canada/gomoworld,2026-10-04
gomoworld,CH,switzerland,Switzerland,Switzerland,4.0,7,data,4.99,USD,,esimdb.com,https://esimdb.com/switzerland/gomoworld,2026-10-04
gomoworld,CH,switzerland,Switzerland,Switzerland,40.0,30,data,12.99,USD,,esimdb.com,https://esimdb.com/switzerland/gomoworld,2026-10-04
gomoworld,CH,switzerland,Switzerland,Switzerland,75.0,30,data,24.99,USD,,esimdb.com,https://esimdb.com/switzerland/gomoworld,2026-10-04
gomoworld,CH,switzerland,Switzerland,Switzerland,200.0,30,data,35.99,USD,,esimdb.com,https://esimdb.com/switzerland/gomoworld,2026-10-04
gomoworld,CN,china,China,China,1.2,7,data,4.99,USD,,esimdb.com,https://esimdb.com/china/gomoworld,2026-10-04
gomoworld,CN,china,China,China,5.0,30,data,12.99,USD,,esimdb.com,https://esimdb.com/china/gomoworld,2026-10-04
gomoworld,CN,china,China,China,12.0,30,data,24.99,USD,,esimdb.com,https://esimdb.com/china/gomoworld,2026-10-04
gomoworld,CN,china,China,China,18.0,30,data,35.99,USD,,esimdb.com,https://esimdb.com/china/gomoworld,2026-10-04
gomoworld,CO,colombia,Colombia,Colombia,3.5,7,data,4.99,USD,,esimdb.com,https://esimdb.com/colombia/gomoworld,2026-10-04
gomoworld,CO,colombia,Colombia,Colombia,15.0,30,data,12.99,USD,,esimdb.com,https://esimdb.com/colombia/gomoworld,2026-10-04
gomoworld,CO,colombia,Colombia,Colombia,35.0,30,data,24.99,USD,,esimdb.com,https://esimdb.com/colombia/gomoworld,2026-10-04
gomoworld,CO,colombia,Colombia,Colombia,55.0,30,data,35.99,USD,,esimdb.com,https://esimdb.com/colombia/gomoworld,2026-10-04
gomoworld,CR,costa-rica,Costa Rica,Costa Rica,1.0,7,data,4.99,USD,,esimdb.com,https://esimdb.com/costa-rica/gomoworld,2026-10-04
gomoworld,CR,costa-rica,Costa Rica,Costa Rica,5.0,30,data,12.99,USD,,esimdb.com,https://esimdb.com/costa-rica/gomoworld,2026-10-04
gomoworld,CR,costa-rica,Costa Rica,Costa Rica,10.0,30,data,24.99,USD,,esimdb.com,https://esimdb.com/costa-rica/gomoworld,2026-10-04
gomoworld,CR,costa-rica,Costa Rica,Costa Rica,15.0,30,data,35.99,USD,,esimdb.com,https://esimdb.com/costa-rica/gomoworld,2026-10-04
gomoworld,CZ,czechia,Czechia,Czech Republic,4.0,7,data,4.99,USD,,esimdb.com,https://esimdb.com/czechia/gomoworld,2026-10-04
gomoworld,CZ,czechia,Czechia,Czech Republic,15.0,30,data,12.99,USD,,esimdb.com,https://esimdb.com/czechia/gomoworld,2026-10-04
gomoworld,CZ,czechia,Czechia,Czech Republic,50.0,30,data,24.99,USD,,esimdb.com,https://esimdb.com/czechia/gomoworld,2026-10-04
gomoworld,CZ,czechia,Czechia,Czech Republic,75.0,30,data,35.99,USD,,esimdb.com,https://esimdb.com/czechia/gomoworld,2026-10-04
gomoworld,DE,germany,Germany,Germany,5.0,7,data,4.99,USD,,esimdb.com,https://esimdb.com/germany/gomoworld,2026-10-04
gomoworld,DE,germany,Germany,Germany,15.0,30,data,12.99,USD,,esimdb.com,https://esimdb.com/germany/gomoworld,2026-10-04
gomoworld,DE,germany,Germany,Germany,50.0,30,data,24.99,USD,,esimdb.com,https://esimdb.com/germany/gomoworld,2026-10-04
gomoworld,DE,germany,Germany,Germany,75.0,30,data,35.99,USD,,esimdb.com,https://esimdb.com/germany/gomoworld,2026-10-04
gomoworld,EG,egypt,Egypt,Egypt,1.7,7,data,4.99,USD,,esimdb.com,https://esimdb.com/egypt/gomoworld,2026-10-04
gomoworld,EG,egypt,Egypt,Egypt,8.0,30,data,12.99,USD,,esimdb.com,https://esimdb.com/egypt/gomoworld,2026-10-04
gomoworld,EG,egypt,Egypt,Egypt,17.0,30,data,24.99,USD,,esimdb.com,https://esimdb.com/egypt/gomoworld,2026-10-04
gomoworld,EG,egypt,Egypt,Egypt,26.0,30,data,35.99,USD,,esimdb.com,https://esimdb.com/egypt/gomoworld,2026-10-04
gomoworld,ES,spain,Spain,Spain,4.0,7,data,4.99,USD,,esimdb.com,https://esimdb.com/spain/gomoworld,2026-10-04
gomoworld,ES,spain,Spain,Spain,15.0,30,data,12.99,USD,,esimdb.com,https://esimdb.com/spain/gomoworld,2026-10-04
gomoworld,ES,spain,Spain,Spain,50.0,30,data,24.99,USD,,esimdb.com,https://esimdb.com/spain/gomoworld,2026-10-04
gomoworld,ES,spain,Spain,Spain,75.0,30,data,35.99,USD,,esimdb.com,https://esimdb.com/spain/gomoworld,2026-10-04
gomoworld,FJ,fiji,Fiji,Fiji,1.7,7,data,4.99,USD,,esimdb.com,https://esimdb.com/fiji/gomoworld,2026-10-04
gomoworld,FJ,fiji,Fiji,Fiji,8.0,30,data,12.99,USD,,esimdb.com,https://esimdb.com/fiji/gomoworld,2026-10-04
gomoworld,FJ,fiji,Fiji,Fiji,17.0,30,data,24.99,USD,,esimdb.com,https://esimdb.com/fiji/gomoworld,2026-10-04
gomoworld,FJ,fiji,Fiji,Fiji,26.0,30,data,35.99,USD,,esimdb.com,https://esimdb.com/fiji/gomoworld,2026-10-04
gomoworld,FR,france,France,France,4.0,7,data,4.99,USD,,esimdb.com,https://esimdb.com/france/gomoworld,2026-10-04
gomoworld,FR,france,France,France,15.0,30,data,12.99,USD,,esimdb.com,https://esimdb.com/france/gomoworld,2026-10-04
gomoworld,FR,france,France,France,50.0,30,data,24.99,USD,,esimdb.com,https://esimdb.com/france/gomoworld,2026-10-04
gomoworld,FR,france,France,France,75.0,30,data,35.99,USD,,esimdb.com,https://esimdb.com/france/gomoworld,2026-10-04
gomoworld,GB,united-kingdom,United Kingdom,United Kingdom,4.0,7,data,4.99,USD,,esimdb.com,https://esimdb.com/uk/gomoworld,2026-10-04
gomoworld,GB,united-kingdom,United Kingdom,United Kingdom,15.0,30,data,12.99,USD,,esimdb.com,https://esimdb.com/uk/gomoworld,2026-10-04
gomoworld,GB,united-kingdom,United Kingdom,United Kingdom,50.0,30,data,24.99,USD,,esimdb.com,https://esimdb.com/uk/gomoworld,2026-10-04
gomoworld,GB,united-kingdom,United Kingdom,United Kingdom,75.0,30,data,35.99,USD,,esimdb.com,https://esimdb.com/uk/gomoworld,2026-10-04
gomoworld,GE,georgia,Georgia,Georgia,4.0,7,data,4.99,USD,,esimdb.com,https://esimdb.com/georgia/gomoworld,2026-10-04
gomoworld,GE,georgia,Georgia,Georgia,19.0,30,data,12.99,USD,,esimdb.com,https://esimdb.com/georgia/gomoworld,2026-10-04
gomoworld,GE,georgia,Georgia,Georgia,40.0,30,data,24.99,USD,,esimdb.com,https://esimdb.com/georgia/gomoworld,2026-10-04
gomoworld,GE,georgia,Georgia,Georgia,60.0,30,data,35.99,USD,,esimdb.com,https://esimdb.com/georgia/gomoworld,2026-10-04
gomoworld,GR,greece,Greece,Greece,4.0,7,data,4.99,USD,,esimdb.com,https://esimdb.com/greece/gomoworld,2026-10-04
gomoworld,GR,greece,Greece,Greece,15.0,30,data,12.99,USD,,esimdb.com,https://esimdb.com/greece/gomoworld,2026-10-04
gomoworld,GR,greece,Greece,Greece,50.0,30,data,24.99,USD,,esimdb.com,https://esimdb.com/greece/gomoworld,2026-10-04
gomoworld,GR,greece,Greece,Greece,75.0,30,data,35.99,USD,,esimdb.com,https://esimdb.com/greece/gomoworld,2026-10-04
gomoworld,HK,hong-kong,Hong Kong,Hong Kong,3.5,7,data,4.99,USD,,esimdb.com,https://esimdb.com/hong-kong/gomoworld,2026-10-04
gomoworld,HK,hong-kong,Hong Kong,Hong Kong,17.0,30,data,12.99,USD,,esimdb.com,https://esimdb.com/hong-kong/gomoworld,2026-10-04
gomoworld,HK,hong-kong,Hong Kong,Hong Kong,35.0,30,data,24.99,USD,,esimdb.com,https://esimdb.com/hong-kong/gomoworld,2026-10-04
gomoworld,HK,hong-kong,Hong Kong,Hong Kong,55.0,30,data,35.99,USD,,esimdb.com,https://esimdb.com/hong-kong/gomoworld,2026-10-04
gomoworld,HR,croatia,Croatia,Croatia,4.0,7,data,4.99,USD,,esimdb.com,https://esimdb.com/croatia/gomoworld,2026-10-04
gomoworld,HR,croatia,Croatia,Croatia,20.0,30,data,12.99,USD,,esimdb.com,https://esimdb.com/croatia/gomoworld,2026-10-04
gomoworld,HR,croatia,Croatia,Croatia,50.0,30,data,24.99,USD,,esimdb.com,https://esimdb.com/croatia/gomoworld,2026-10-04
gomoworld,HR,croatia,Croatia,Croatia,75.0,30,data,35.99,USD,,esimdb.com,https://esimdb.com/croatia/gomoworld,2026-10-04
gomoworld,ID,indonesia,Indonesia,Indonesia,1.7,7,data,4.99,USD,,esimdb.com,https://esimdb.com/indonesia/gomoworld,2026-10-04
gomoworld,ID,indonesia,Indonesia,Indonesia,7.0,30,data,12.99,USD,,esimdb.com,https://esimdb.com/indonesia/gomoworld,2026-10-04
gomoworld,ID,indonesia,Indonesia,Indonesia,17.0,30,data,24.99,USD,,esimdb.com,https://esimdb.com/indonesia/gomoworld,2026-10-04
gomoworld,ID,indonesia,Indonesia,Indonesia,25.0,30,data,35.99,USD,,esimdb.com,https://esimdb.com/indonesia/gomoworld,2026-10-04
gomoworld,IE,ireland,Ireland,Ireland,4.0,7,data,4.99,USD,,esimdb.com,https://esimdb.com/ireland/gomoworld,2026-10-04
gomoworld,IE,ireland,Ireland,Ireland,40.0,30,data,12.99,USD,,esimdb.com,https://esimdb.com/ireland/gomoworld,2026-10-04
gomoworld,IE,ireland,Ireland,Ireland,75.0,30,data,24.99,USD,,esimdb.com,https://esimdb.com/ireland/gomoworld,2026-10-04
gomoworld,IE,ireland,Ireland,Ireland,200.0,30,data,35.99,USD,,esimdb.com,https://esimdb.com/ireland/gomoworld,2026-10-04
gomoworld,IL,israel,Israel,Israel,4.0,7,data,4.99,USD,,esimdb.com,https://esimdb.com/israel/gomoworld,2026-10-04
gomoworld,IL,israel,Israel,Israel,18.0,30,data,12.99,USD,,esimdb.com,https://esimdb.com/israel/gomoworld,2026-10-04
gomoworld,IL,israel,Israel,Israel,50.0,30,data,24.99,USD,,esimdb.com,https://esimdb.com/israel/gomoworld,2026-10-04
gomoworld,IL,israel,Israel,Israel,75.0,30,data,35.99,USD,,esimdb.com,https://esimdb.com/israel/gomoworld,2026-10-04
gomoworld,IN,india,India,India,3.0,7,data,4.99,USD,,esimdb.com,https://esimdb.com/india/gomoworld,2026-10-04
gomoworld,IN,india,India,India,14.0,30,data,12.99,USD,,esimdb.com,https://esimdb.com/india/gomoworld,2026-10-04
gomoworld,IN,india,India,India,30.0,30,data,24.99,USD,,esimdb.com,https://esimdb.com/india/gomoworld,2026-10-04
gomoworld,IN,india,India,India,45.0,30,data,35.99,USD,,esimdb.com,https://esimdb.com/india/gomoworld,2026-10-04
gomoworld,IS,iceland,Iceland,Iceland,5.0,7,data,4.99,USD,,esimdb.com,https://esimdb.com/iceland/gomoworld,2026-10-04
gomoworld,IS,iceland,Iceland,Iceland,15.0,30,data,12.99,USD,,esimdb.com,https://esimdb.com/iceland/gomoworld,2026-10-04
gomoworld,IS,iceland,Iceland,Iceland,50.0,30,data,24.99,USD,,esimdb.com,https://esimdb.com/iceland/gomoworld,2026-10-04
gomoworld,IS,iceland,Iceland,Iceland,75.0,30,data,35.99,USD,,esimdb.com,https://esimdb.com/iceland/gomoworld,2026-10-04
gomoworld,IT,italy,Italy,Italy,4.0,7,data,4.99,USD,,esimdb.com,https://esimdb.com/italy/gomoworld,2026-10-04
gomoworld,IT,italy,Italy,Italy,15.0,30,data,12.99,USD,,esimdb.com,https://esimdb.com/italy/gomoworld,2026-10-04
gomoworld,IT,italy,Italy,Italy,50.0,30,data,24.99,USD,,esimdb.com,https://esimdb.com/italy/gomoworld,2026-10-04
gomoworld,IT,italy,Italy,Italy,75.0,30,data,35.99,USD,,esimdb.com,https://esimdb.com/italy/gomoworld,2026-10-04
gomoworld,JP,japan,Japan,Japan,3.0,7,data,4.99,USD,,esimdb.com,https://esimdb.com/japan/gomoworld,2026-10-04
gomoworld,JP,japan,Japan,Japan,14.0,30,data,12.99,USD,,esimdb.com,https://esimdb.com/japan/gomoworld,2026-10-04
gomoworld,JP,japan,Japan,Japan,30.0,30,data,24.99,USD,,esimdb.com,https://esimdb.com/japan/gomoworld,2026-10-04
gomoworld,JP,japan,Japan,Japan,45.0,30,data,35.99,USD,,esimdb.com,https://esimdb.com/japan/gomoworld,2026-10-04
gomoworld,KE,kenya,Kenya,Kenya,0.1953125,7,data,4.99,USD,,esimdb.com,https://esimdb.com/kenya/gomoworld,2026-10-04
gomoworld,KE,kenya,Kenya,Kenya,1.0,30,data,12.99,USD,,esimdb.com,https://esimdb.com/kenya/gomoworld,2026-10-04
gomoworld,KE,kenya,Kenya,Kenya,2.0,30,data,24.99,USD,,esimdb.com,https://esimdb.com/kenya/gomoworld,2026-10-04
gomoworld,KE,kenya,Kenya,Kenya,3.0,30,data,35.99,USD,,esimdb.com,https://esimdb.com/kenya/gomoworld,2026-10-04
gomoworld,KR,south-korea,South Korea,Korea,2.0,7,data,4.99,USD,,esimdb.com,https://esimdb.com/south-korea/gomoworld,2026-10-04
gomoworld,KR,south-korea,South Korea,Korea,9.0,30,data,12.99,USD,,esimdb.com,https://esimdb.com/south-korea/gomoworld,2026-10-04
gomoworld,KR,south-korea,South Korea,Korea,20.0,30,data,24.99,USD,,esimdb.com,https://esimdb.com/south-korea/gomoworld,2026-10-04
gomoworld,KR,south-korea,South Korea,Korea,30.0,30,data,35.99,USD,,esimdb.com,https://esimdb.com/south-korea/gomoworld,2026-10-04
gomoworld,MA,morocco,Morocco,Morocco,1.5,7,data,4.99,USD,,esimdb.com,https://esimdb.com/morocco/gomoworld,2026-10-04
gomoworld,MA,morocco,Morocco,Morocco,7.0,30,data,12.99,USD,,esimdb.com,https://esimdb.com/morocco/gomoworld,2026-10-04
gomoworld,MA,morocco,Morocco,Morocco,15.0,30,data,24.99,USD,,esimdb.com,https://esimdb.com/morocco/gomoworld,2026-10-04
gomoworld,MA,morocco,Morocco,Morocco,23.0,30,data,35.99,USD,,esimdb.com,https://esimdb.com/morocco/gomoworld,2026-10-04
gomoworld,MO,macao,Macao,Macao,3.5,7,data,4.99,USD,,esimdb.com,https://esimdb.com/macau/gomoworld,2026-10-04
gomoworld,MO,macao,Macao,Macao,17.0,30,data,12.99,USD,,esimdb.com,https://esimdb.com/macau/gomoworld,2026-10-04
gomoworld,MO,macao,Macao,Macao,35.0,30,data,24.99,USD,,esimdb.com,https://esimdb.com/macau/gomoworld,2026-10-04
gomoworld,MO,macao,Macao,Macao,55.0,30,data,35.99,USD,,esimdb.com,https://esimdb.com/macau/gomoworld,2026-10-04
gomoworld,MX,mexico,Mexico,Mexico,1.0,7,data,4.99,USD,,esimdb.com,https://esimdb.com/mexico/gomoworld,2026-10-04
gomoworld,MX,mexico,Mexico,Mexico,5.0,30,data,12.99,USD,,esimdb.com,https://esimdb.com/mexico/gomoworld,2026-10-04
gomoworld,MX,mexico,Mexico,Mexico,10.0,30,data,24.99,USD,,esimdb.com,https://esimdb.com/mexico/gomoworld,2026-10-04
gomoworld,MX,mexico,Mexico,Mexico,17.0,30,data,35.99,USD,,esimdb.com,https://esimdb.com/mexico/gomoworld,2026-10-04
gomoworld,MY,malaysia,Malaysia,Malaysia,2.0,7,data,4.99,USD,,esimdb.com,https://esimdb.com/malaysia/gomoworld,2026-10-04
gomoworld,MY,malaysia,Malaysia,Malaysia,9.0,30,data,12.99,USD,,esimdb.com,https://esimdb.com/malaysia/gomoworld,2026-10-04
gomoworld,MY,malaysia,Malaysia,Malaysia,20.0,30,data,24.99,USD,,esimdb.com,https://esimdb.com/malaysia/gomoworld,2026-10-04
gomoworld,MY,malaysia,Malaysia,Malaysia,30.0,30,data,35.99,USD,,esimdb.com,https://esimdb.com/malaysia/gomoworld,2026-10-04
gomoworld,NL,netherlands,Netherlands,Netherlands,4.0,7,data,4.99,USD,,esimdb.com,https://esimdb.com/netherlands/gomoworld,2026-10-04
gomoworld,NL,netherlands,Netherlands,Netherlands,15.0,30,data,12.99,USD,,esimdb.com,https://esimdb.com/netherlands/gomoworld,2026-10-04
gomoworld,NL,netherlands,Netherlands,Netherlands,50.0,30,data,24.99,USD,,esimdb.com,https://esimdb.com/netherlands/gomoworld,2026-10-04
gomoworld,NL,netherlands,Netherlands,Netherlands,75.0,30,data,35.99,USD,,esimdb.com,https://esimdb.com/netherlands/gomoworld,2026-10-04
gomoworld,NZ,new-zealand,New Zealand,New Zealand,2.0,7,data,4.99,USD,,esimdb.com,https://esimdb.com/new-zealand/gomoworld,2026-10-04
gomoworld,NZ,new-zealand,New Zealand,New Zealand,9.0,30,data,12.99,USD,,esimdb.com,https://esimdb.com/new-zealand/gomoworld,2026-10-04
gomoworld,NZ,new-zealand,New Zealand,New Zealand,20.0,30,data,24.99,USD,,esimdb.com,https://esimdb.com/new-zealand/gomoworld,2026-10-04
gomoworld,NZ,new-zealand,New Zealand,New Zealand,30.0,30,data,35.99,USD,,esimdb.com,https://esimdb.com/new-zealand/gomoworld,2026-10-04
gomoworld,PE,peru,Peru,Peru,1.0,7,data,4.99,USD,,esimdb.com,https://esimdb.com/peru/gomoworld,2026-10-04
gomoworld,PE,peru,Peru,Peru,5.0,30,data,12.99,USD,,esimdb.com,https://esimdb.com/peru/gomoworld,2026-10-04
gomoworld,PE,peru,Peru,Peru,10.0,30,data,24.99,USD,,esimdb.com,https://esimdb.com/peru/gomoworld,2026-10-04
gomoworld,PE,peru,Peru,Peru,15.0,30,data,35.99,USD,,esimdb.com,https://esimdb.com/peru/gomoworld,2026-10-04
gomoworld,PH,philippines,Philippines,Philippines,1.8,7,data,4.99,USD,,esimdb.com,https://esimdb.com/philippines/gomoworld,2026-10-04
gomoworld,PH,philippines,Philippines,Philippines,8.0,30,data,12.99,USD,,esimdb.com,https://esimdb.com/philippines/gomoworld,2026-10-04
gomoworld,PH,philippines,Philippines,Philippines,18.0,30,data,24.99,USD,,esimdb.com,https://esimdb.com/philippines/gomoworld,2026-10-04
gomoworld,PH,philippines,Philippines,Philippines,27.0,30,data,35.99,USD,,esimdb.com,https://esimdb.com/philippines/gomoworld,2026-10-04
gomoworld,PL,poland,Poland,Poland,4.0,7,data,4.99,USD,,esimdb.com,https://esimdb.com/poland/gomoworld,2026-10-04
gomoworld,PL,poland,Poland,Poland,40.0,30,data,12.99,USD,,esimdb.com,https://esimdb.com/poland/gomoworld,2026-10-04
gomoworld,PL,poland,Poland,Poland,75.0,30,data,24.99,USD,,esimdb.com,https://esimdb.com/poland/gomoworld,2026-10-04
gomoworld,PL,poland,Poland,Poland,200.0,30,data,35.99,USD,,esimdb.com,https://esimdb.com/poland/gomoworld,2026-10-04
gomoworld,PT,portugal,Portugal,Portugal,5.0,7,data,4.99,USD,,esimdb.com,https://esimdb.com/portugal/gomoworld,2026-10-04
gomoworld,PT,portugal,Portugal,Portugal,15.0,30,data,12.99,USD,,esimdb.com,https://esimdb.com/portugal/gomoworld,2026-10-04
gomoworld,PT,portugal,Portugal,Portugal,50.0,30,data,24.99,USD,,esimdb.com,https://esimdb.com/portugal/gomoworld,2026-10-04
gomoworld,PT,portugal,Portugal,Portugal,75.0,30,data,35.99,USD,,esimdb.com,https://esimdb.com/portugal/gomoworld,2026-10-04
gomoworld,QA,qatar,Qatar,Qatar,2.5,7,data,4.99,USD,,esimdb.com,https://esimdb.com/qatar/gomoworld,2026-10-04
gomoworld,QA,qatar,Qatar,Qatar,12.0,30,data,12.99,USD,,esimdb.com,https://esimdb.com/qatar/gomoworld,2026-10-04
gomoworld,QA,qatar,Qatar,Qatar,25.0,30,data,24.99,USD,,esimdb.com,https://esimdb.com/qatar/gomoworld,2026-10-04
gomoworld,QA,qatar,Qatar,Qatar,40.0,30,data,35.99,USD,,esimdb.com,https://esimdb.com/qatar/gomoworld,2026-10-04
gomoworld,SA,saudi-arabia,Saudi Arabia,Saudi Arabia,0.68359375,7,data,4.99,USD,,esimdb.com,https://esimdb.com/saudi-arabia/gomoworld,2026-10-04
gomoworld,SA,saudi-arabia,Saudi Arabia,Saudi Arabia,3.0,30,data,12.99,USD,,esimdb.com,https://esimdb.com/saudi-arabia/gomoworld,2026-10-04
gomoworld,SA,saudi-arabia,Saudi Arabia,Saudi Arabia,7.0,30,data,24.99,USD,,esimdb.com,https://esimdb.com/saudi-arabia/gomoworld,2026-10-04
gomoworld,SA,saudi-arabia,Saudi Arabia,Saudi Arabia,11.0,30,data,35.99,USD,,esimdb.com,https://esimdb.com/saudi-arabia/gomoworld,2026-10-04
gomoworld,SG,singapore,Singapore,Singapore,3.5,7,data,4.99,USD,,esimdb.com,https://esimdb.com/singapore/gomoworld,2026-10-04
gomoworld,SG,singapore,Singapore,Singapore,17.0,30,data,12.99,USD,,esimdb.com,https://esimdb.com/singapore/gomoworld,2026-10-04
gomoworld,SG,singapore,Singapore,Singapore,35.0,30,data,24.99,USD,,esimdb.com,https://esimdb.com/singapore/gomoworld,2026-10-04
gomoworld,SG,singapore,Singapore,Singapore,55.0,30,data,35.99,USD,,esimdb.com,https://esimdb.com/singapore/gomoworld,2026-10-04
gomoworld,TH,thailand,Thailand,Thailand,2.5,7,data,4.99,USD,,esimdb.com,https://esimdb.com/thailand/gomoworld,2026-10-04
gomoworld,TH,thailand,Thailand,Thailand,12.0,30,data,12.99,USD,,esimdb.com,https://esimdb.com/thailand/gomoworld,2026-10-04
gomoworld,TH,thailand,Thailand,Thailand,25.0,30,data,24.99,USD,,esimdb.com,https://esimdb.com/thailand/gomoworld,2026-10-04
gomoworld,TH,thailand,Thailand,Thailand,38.0,30,data,35.99,USD,,esimdb.com,https://esimdb.com/thailand/gomoworld,2026-10-04
gomoworld,TR,turkiye,Turkiye,Turkey,2.5,7,data,4.99,USD,,esimdb.com,https://esimdb.com/turkey/gomoworld,2026-10-04
gomoworld,TR,turkiye,Turkiye,Turkey,12.0,30,data,12.99,USD,,esimdb.com,https://esimdb.com/turkey/gomoworld,2026-10-04
gomoworld,TR,turkiye,Turkiye,Turkey,25.0,30,data,24.99,USD,,esimdb.com,https://esimdb.com/turkey/gomoworld,2026-10-04
gomoworld,TR,turkiye,Turkiye,Turkey,38.0,30,data,35.99,USD,,esimdb.com,https://esimdb.com/turkey/gomoworld,2026-10-04
gomoworld,TW,taiwan,Taiwan,Taiwan,1.7,7,data,4.99,USD,,esimdb.com,https://esimdb.com/taiwan/gomoworld,2026-10-04
gomoworld,TW,taiwan,Taiwan,Taiwan,7.0,30,data,12.99,USD,,esimdb.com,https://esimdb.com/taiwan/gomoworld,2026-10-04
gomoworld,TW,taiwan,Taiwan,Taiwan,17.0,30,data,24.99,USD,,esimdb.com,https://esimdb.com/taiwan/gomoworld,2026-10-04
gomoworld,TW,taiwan,Taiwan,Taiwan,27.0,30,data,35.99,USD,,esimdb.com,https://esimdb.com/taiwan/gomoworld,2026-10-04
gomoworld,US,united-states,United States,United States,2.0,7,data,4.99,USD,,esimdb.com,https://esimdb.com/usa/gomoworld,2026-10-04
gomoworld,US,united-states,United States,United States,9.0,30,data,12.99,USD,,esimdb.com,https://esimdb.com/usa/gomoworld,2026-10-04
gomoworld,US,united-states,United States,United States,20.0,30,data,24.99,USD,,esimdb.com,https://esimdb.com/usa/gomoworld,2026-10-04
gomoworld,US,united-states,United States,United States,30.0,30,data,35.99,USD,,esimdb.com,https://esimdb.com/usa/gomoworld,2026-10-04
gomoworld,VN,vietnam,Vietnam,Viet Nam,4.0,7,data,4.99,USD,,esimdb.com,https://esimdb.com/vietnam/gomoworld,2026-10-04
gomoworld,VN,vietnam,Vietnam,Viet Nam,15.0,30,data,12.99,USD,,esimdb.com,https://esimdb.com/vietnam/gomoworld,2026-10-04
gomoworld,VN,vietnam,Vietnam,Viet Nam,50.0,30,data,24.99,USD,,esimdb.com,https://esimdb.com/vietnam/gomoworld,2026-10-04
gomoworld,VN,vietnam,Vietnam,Viet Nam,75.0,30,data,35.99,USD,,esimdb.com,https://esimdb.com/vietnam/gomoworld,2026-10-04
gomoworld,ZA,south-africa,South Africa,South Africa,1.7,7,data,4.99,USD,,esimdb.com,https://esimdb.com/south-africa/gomoworld,2026-10-04
gomoworld,ZA,south-africa,South Africa,South Africa,7.0,30,data,12.99,USD,,esimdb.com,https://esimdb.com/south-africa/gomoworld,2026-10-04
gomoworld,ZA,south-africa,South Africa,South Africa,17.0,30,data,24.99,USD,,esimdb.com,https://esimdb.com/south-africa/gomoworld,2026-10-04
gomoworld,ZA,south-africa,South Africa,South Africa,26.0,30,data,35.99,USD,,esimdb.com,https://esimdb.com/south-africa/gomoworld,2026-10-04
maya,AE,united-arab-emirates,United Arab Emirates,3 Days - Unlimited Global Data,0.0,3,unlimited,9.99,USD,,maya.net (official),https://maya.net/esim/uae,2026-10-04
maya,AE,united-arab-emirates,United Arab Emirates,7 Days Unlimited Global Data,0.0,7,unlimited,19.99,USD,,maya.net (official),https://maya.net/esim/uae,2026-10-04
maya,AE,united-arab-emirates,United Arab Emirates,14 Days - Unlimited Global Data,0.0,14,unlimited,27.99,USD,,maya.net (official),https://maya.net/esim/uae,2026-10-04
maya,AE,united-arab-emirates,United Arab Emirates,30 Days Unlimited Global Data,0.0,30,unlimited,49.99,USD,,maya.net (official),https://maya.net/esim/uae,2026-10-04
maya,AE,united-arab-emirates,United Arab Emirates,3 Days - Unlimited Global + Cruise Data,0.0,3,unlimited,49.98,USD,,maya.net (official),https://maya.net/esim/uae,2026-10-04
maya,AE,united-arab-emirates,United Arab Emirates,3 Days Unlimited Global + Cruise Data,0.0,3,unlimited,49.99,USD,,maya.net (official),https://maya.net/esim/uae,2026-10-04
maya,AE,united-arab-emirates,United Arab Emirates,7 Days Unlimited Global + Cruise Data,0.0,7,unlimited,109.99,USD,,maya.net (official),https://maya.net/esim/uae,2026-10-04
maya,AE,united-arab-emirates,United Arab Emirates,14 Days - Unlimited Global + Cruise Data,0.0,14,unlimited,160.98,USD,,maya.net (official),https://maya.net/esim/uae,2026-10-04
maya,AE,united-arab-emirates,United Arab Emirates,14 Days Unlimited Global + Cruise Data,0.0,14,unlimited,160.99,USD,,maya.net (official),https://maya.net/esim/uae,2026-10-04
maya,AE,united-arab-emirates,United Arab Emirates,30 Days Unlimited Global + Cruise Data,0.0,30,unlimited,299.99,USD,,maya.net (official),https://maya.net/esim/uae,2026-10-04
maya,AR,argentina,Argentina,3 Days - Unlimited Global Data,0.0,3,unlimited,9.99,USD,,maya.net (official),https://maya.net/esim/argentina,2026-10-04
maya,AR,argentina,Argentina,7 Days Unlimited Global Data,0.0,7,unlimited,19.99,USD,,maya.net (official),https://maya.net/esim/argentina,2026-10-04
maya,AR,argentina,Argentina,14 Days - Unlimited Global Data,0.0,14,unlimited,27.99,USD,,maya.net (official),https://maya.net/esim/argentina,2026-10-04
maya,AR,argentina,Argentina,30 Days Unlimited Global Data,0.0,30,unlimited,49.99,USD,,maya.net (official),https://maya.net/esim/argentina,2026-10-04
maya,AR,argentina,Argentina,3 Days - Unlimited Global + Cruise Data,0.0,3,unlimited,49.98,USD,,maya.net (official),https://maya.net/esim/argentina,2026-10-04
maya,AR,argentina,Argentina,3 Days Unlimited Global + Cruise Data,0.0,3,unlimited,49.99,USD,,maya.net (official),https://maya.net/esim/argentina,2026-10-04
maya,AR,argentina,Argentina,7 Days Unlimited Global + Cruise Data,0.0,7,unlimited,109.99,USD,,maya.net (official),https://maya.net/esim/argentina,2026-10-04
maya,AR,argentina,Argentina,14 Days - Unlimited Global + Cruise Data,0.0,14,unlimited,160.98,USD,,maya.net (official),https://maya.net/esim/argentina,2026-10-04
maya,AR,argentina,Argentina,14 Days Unlimited Global + Cruise Data,0.0,14,unlimited,160.99,USD,,maya.net (official),https://maya.net/esim/argentina,2026-10-04
maya,AR,argentina,Argentina,30 Days Unlimited Global + Cruise Data,0.0,30,unlimited,299.99,USD,,maya.net (official),https://maya.net/esim/argentina,2026-10-04
maya,AT,austria,Austria,3 Days - Unlimited Global Data,0.0,3,unlimited,9.99,USD,,maya.net (official),https://maya.net/esim/austria,2026-10-04
maya,AT,austria,Austria,7 Days Unlimited Global Data,0.0,7,unlimited,19.99,USD,,maya.net (official),https://maya.net/esim/austria,2026-10-04
maya,AT,austria,Austria,14 Days - Unlimited Global Data,0.0,14,unlimited,27.99,USD,,maya.net (official),https://maya.net/esim/austria,2026-10-04
maya,AT,austria,Austria,30 Days Unlimited Global Data,0.0,30,unlimited,49.99,USD,,maya.net (official),https://maya.net/esim/austria,2026-10-04
maya,AT,austria,Austria,3 Days - Unlimited Global + Cruise Data,0.0,3,unlimited,49.98,USD,,maya.net (official),https://maya.net/esim/austria,2026-10-04
maya,AT,austria,Austria,3 Days Unlimited Global + Cruise Data,0.0,3,unlimited,49.99,USD,,maya.net (official),https://maya.net/esim/austria,2026-10-04
maya,AT,austria,Austria,7 Days Unlimited Global + Cruise Data,0.0,7,unlimited,109.99,USD,,maya.net (official),https://maya.net/esim/austria,2026-10-04
maya,AT,austria,Austria,14 Days - Unlimited Global + Cruise Data,0.0,14,unlimited,160.98,USD,,maya.net (official),https://maya.net/esim/austria,2026-10-04
maya,AT,austria,Austria,14 Days Unlimited Global + Cruise Data,0.0,14,unlimited,160.99,USD,,maya.net (official),https://maya.net/esim/austria,2026-10-04
maya,AT,austria,Austria,30 Days Unlimited Global + Cruise Data,0.0,30,unlimited,299.99,USD,,maya.net (official),https://maya.net/esim/austria,2026-10-04
maya,AU,australia,Australia,3 Days - Unlimited Global Data,0.0,3,unlimited,9.99,USD,,maya.net (official),https://maya.net/esim/australia,2026-10-04
maya,AU,australia,Australia,7 Days Unlimited Global Data,0.0,7,unlimited,19.99,USD,,maya.net (official),https://maya.net/esim/australia,2026-10-04
maya,AU,australia,Australia,14 Days - Unlimited Global Data,0.0,14,unlimited,27.99,USD,,maya.net (official),https://maya.net/esim/australia,2026-10-04
maya,AU,australia,Australia,30 Days Unlimited Global Data,0.0,30,unlimited,49.99,USD,,maya.net (official),https://maya.net/esim/australia,2026-10-04
maya,AU,australia,Australia,3 Days - Unlimited Global + Cruise Data,0.0,3,unlimited,49.98,USD,,maya.net (official),https://maya.net/esim/australia,2026-10-04
maya,AU,australia,Australia,3 Days Unlimited Global + Cruise Data,0.0,3,unlimited,49.99,USD,,maya.net (official),https://maya.net/esim/australia,2026-10-04
maya,AU,australia,Australia,7 Days Unlimited Global + Cruise Data,0.0,7,unlimited,109.99,USD,,maya.net (official),https://maya.net/esim/australia,2026-10-04
maya,AU,australia,Australia,14 Days - Unlimited Global + Cruise Data,0.0,14,unlimited,160.98,USD,,maya.net (official),https://maya.net/esim/australia,2026-10-04
maya,AU,australia,Australia,14 Days Unlimited Global + Cruise Data,0.0,14,unlimited,160.99,USD,,maya.net (official),https://maya.net/esim/australia,2026-10-04
maya,AU,australia,Australia,30 Days Unlimited Global + Cruise Data,0.0,30,unlimited,299.99,USD,,maya.net (official),https://maya.net/esim/australia,2026-10-04
maya,BE,belgium,Belgium,3 Days - Unlimited Global Data,0.0,3,unlimited,9.99,USD,,maya.net (official),https://maya.net/esim/belgium,2026-10-04
maya,BE,belgium,Belgium,7 Days Unlimited Global Data,0.0,7,unlimited,19.99,USD,,maya.net (official),https://maya.net/esim/belgium,2026-10-04
maya,BE,belgium,Belgium,14 Days - Unlimited Global Data,0.0,14,unlimited,27.99,USD,,maya.net (official),https://maya.net/esim/belgium,2026-10-04
maya,BE,belgium,Belgium,30 Days Unlimited Global Data,0.0,30,unlimited,49.99,USD,,maya.net (official),https://maya.net/esim/belgium,2026-10-04
maya,BE,belgium,Belgium,3 Days - Unlimited Global + Cruise Data,0.0,3,unlimited,49.98,USD,,maya.net (official),https://maya.net/esim/belgium,2026-10-04
maya,BE,belgium,Belgium,3 Days Unlimited Global + Cruise Data,0.0,3,unlimited,49.99,USD,,maya.net (official),https://maya.net/esim/belgium,2026-10-04
maya,BE,belgium,Belgium,7 Days Unlimited Global + Cruise Data,0.0,7,unlimited,109.99,USD,,maya.net (official),https://maya.net/esim/belgium,2026-10-04
maya,BE,belgium,Belgium,14 Days - Unlimited Global + Cruise Data,0.0,14,unlimited,160.98,USD,,maya.net (official),https://maya.net/esim/belgium,2026-10-04
maya,BE,belgium,Belgium,14 Days Unlimited Global + Cruise Data,0.0,14,unlimited,160.99,USD,,maya.net (official),https://maya.net/esim/belgium,2026-10-04
maya,BE,belgium,Belgium,30 Days Unlimited Global + Cruise Data,0.0,30,unlimited,299.99,USD,,maya.net (official),https://maya.net/esim/belgium,2026-10-04
maya,BR,brazil,Brazil,3 Days - Unlimited Global Data,0.0,3,unlimited,9.99,USD,,maya.net (official),https://maya.net/esim/brazil,2026-10-04
maya,BR,brazil,Brazil,7 Days Unlimited Global Data,0.0,7,unlimited,19.99,USD,,maya.net (official),https://maya.net/esim/brazil,2026-10-04
maya,BR,brazil,Brazil,14 Days - Unlimited Global Data,0.0,14,unlimited,27.99,USD,,maya.net (official),https://maya.net/esim/brazil,2026-10-04
maya,BR,brazil,Brazil,30 Days Unlimited Global Data,0.0,30,unlimited,49.99,USD,,maya.net (official),https://maya.net/esim/brazil,2026-10-04
maya,BR,brazil,Brazil,3 Days - Unlimited Global + Cruise Data,0.0,3,unlimited,49.98,USD,,maya.net (official),https://maya.net/esim/brazil,2026-10-04
maya,BR,brazil,Brazil,3 Days Unlimited Global + Cruise Data,0.0,3,unlimited,49.99,USD,,maya.net (official),https://maya.net/esim/brazil,2026-10-04
maya,BR,brazil,Brazil,7 Days Unlimited Global + Cruise Data,0.0,7,unlimited,109.99,USD,,maya.net (official),https://maya.net/esim/brazil,2026-10-04
maya,BR,brazil,Brazil,14 Days - Unlimited Global + Cruise Data,0.0,14,unlimited,160.98,USD,,maya.net (official),https://maya.net/esim/brazil,2026-10-04
maya,BR,brazil,Brazil,14 Days Unlimited Global + Cruise Data,0.0,14,unlimited,160.99,USD,,maya.net (official),https://maya.net/esim/brazil,2026-10-04
maya,BR,brazil,Brazil,30 Days Unlimited Global + Cruise Data,0.0,30,unlimited,299.99,USD,,maya.net (official),https://maya.net/esim/brazil,2026-10-04
maya,CA,canada,Canada,3 Days - Unlimited Global Data,0.0,3,unlimited,9.99,USD,,maya.net (official),https://maya.net/esim/canada,2026-10-04
maya,CA,canada,Canada,7 Days Unlimited Global Data,0.0,7,unlimited,19.99,USD,,maya.net (official),https://maya.net/esim/canada,2026-10-04
maya,CA,canada,Canada,14 Days - Unlimited Global Data,0.0,14,unlimited,27.99,USD,,maya.net (official),https://maya.net/esim/canada,2026-10-04
maya,CA,canada,Canada,30 Days Unlimited Global Data,0.0,30,unlimited,49.99,USD,,maya.net (official),https://maya.net/esim/canada,2026-10-04
maya,CA,canada,Canada,3 Days - Unlimited Global + Cruise Data,0.0,3,unlimited,49.98,USD,,maya.net (official),https://maya.net/esim/canada,2026-10-04
maya,CA,canada,Canada,3 Days Unlimited Global + Cruise Data,0.0,3,unlimited,49.99,USD,,maya.net (official),https://maya.net/esim/canada,2026-10-04
maya,CA,canada,Canada,7 Days Unlimited Global + Cruise Data,0.0,7,unlimited,109.99,USD,,maya.net (official),https://maya.net/esim/canada,2026-10-04
maya,CA,canada,Canada,14 Days - Unlimited Global + Cruise Data,0.0,14,unlimited,160.98,USD,,maya.net (official),https://maya.net/esim/canada,2026-10-04
maya,CA,canada,Canada,14 Days Unlimited Global + Cruise Data,0.0,14,unlimited,160.99,USD,,maya.net (official),https://maya.net/esim/canada,2026-10-04
maya,CA,canada,Canada,30 Days Unlimited Global + Cruise Data,0.0,30,unlimited,299.99,USD,,maya.net (official),https://maya.net/esim/canada,2026-10-04
maya,CH,switzerland,Switzerland,3 Days - Unlimited Global Data,0.0,3,unlimited,9.99,USD,,maya.net (official),https://maya.net/esim/switzerland,2026-10-04
maya,CH,switzerland,Switzerland,7 Days Unlimited Global Data,0.0,7,unlimited,19.99,USD,,maya.net (official),https://maya.net/esim/switzerland,2026-10-04
maya,CH,switzerland,Switzerland,14 Days - Unlimited Global Data,0.0,14,unlimited,27.99,USD,,maya.net (official),https://maya.net/esim/switzerland,2026-10-04
maya,CH,switzerland,Switzerland,30 Days Unlimited Global Data,0.0,30,unlimited,49.99,USD,,maya.net (official),https://maya.net/esim/switzerland,2026-10-04
maya,CH,switzerland,Switzerland,3 Days - Unlimited Global + Cruise Data,0.0,3,unlimited,49.98,USD,,maya.net (official),https://maya.net/esim/switzerland,2026-10-04
maya,CH,switzerland,Switzerland,3 Days Unlimited Global + Cruise Data,0.0,3,unlimited,49.99,USD,,maya.net (official),https://maya.net/esim/switzerland,2026-10-04
maya,CH,switzerland,Switzerland,7 Days Unlimited Global + Cruise Data,0.0,7,unlimited,109.99,USD,,maya.net (official),https://maya.net/esim/switzerland,2026-10-04
maya,CH,switzerland,Switzerland,14 Days - Unlimited Global + Cruise Data,0.0,14,unlimited,160.98,USD,,maya.net (official),https://maya.net/esim/switzerland,2026-10-04
maya,CH,switzerland,Switzerland,14 Days Unlimited Global + Cruise Data,0.0,14,unlimited,160.99,USD,,maya.net (official),https://maya.net/esim/switzerland,2026-10-04
maya,CH,switzerland,Switzerland,30 Days Unlimited Global + Cruise Data,0.0,30,unlimited,299.99,USD,,maya.net (official),https://maya.net/esim/switzerland,2026-10-04
maya,CN,china,China,3 Days - Unlimited Global Data,0.0,3,unlimited,9.99,USD,,maya.net (official),https://maya.net/esim/china,2026-10-04
maya,CN,china,China,7 Days Unlimited Global Data,0.0,7,unlimited,19.99,USD,,maya.net (official),https://maya.net/esim/china,2026-10-04
maya,CN,china,China,14 Days - Unlimited Global Data,0.0,14,unlimited,27.99,USD,,maya.net (official),https://maya.net/esim/china,2026-10-04
maya,CN,china,China,30 Days Unlimited Global Data,0.0,30,unlimited,49.99,USD,,maya.net (official),https://maya.net/esim/china,2026-10-04
maya,CN,china,China,3 Days - Unlimited Global + Cruise Data,0.0,3,unlimited,49.98,USD,,maya.net (official),https://maya.net/esim/china,2026-10-04
maya,CN,china,China,3 Days Unlimited Global + Cruise Data,0.0,3,unlimited,49.99,USD,,maya.net (official),https://maya.net/esim/china,2026-10-04
maya,CN,china,China,7 Days Unlimited Global + Cruise Data,0.0,7,unlimited,109.99,USD,,maya.net (official),https://maya.net/esim/china,2026-10-04
maya,CN,china,China,14 Days - Unlimited Global + Cruise Data,0.0,14,unlimited,160.98,USD,,maya.net (official),https://maya.net/esim/china,2026-10-04
maya,CN,china,China,14 Days Unlimited Global + Cruise Data,0.0,14,unlimited,160.99,USD,,maya.net (official),https://maya.net/esim/china,2026-10-04
maya,CN,china,China,30 Days Unlimited Global + Cruise Data,0.0,30,unlimited,299.99,USD,,maya.net (official),https://maya.net/esim/china,2026-10-04
maya,CO,colombia,Colombia,3 Days - Unlimited Global Data,0.0,3,unlimited,9.99,USD,,maya.net (official),https://maya.net/esim/colombia,2026-10-04
maya,CO,colombia,Colombia,7 Days Unlimited Global Data,0.0,7,unlimited,19.99,USD,,maya.net (official),https://maya.net/esim/colombia,2026-10-04
maya,CO,colombia,Colombia,14 Days - Unlimited Global Data,0.0,14,unlimited,27.99,USD,,maya.net (official),https://maya.net/esim/colombia,2026-10-04
maya,CO,colombia,Colombia,30 Days Unlimited Global Data,0.0,30,unlimited,49.99,USD,,maya.net (official),https://maya.net/esim/colombia,2026-10-04
maya,CO,colombia,Colombia,3 Days - Unlimited Global + Cruise Data,0.0,3,unlimited,49.98,USD,,maya.net (official),https://maya.net/esim/colombia,2026-10-04
maya,CO,colombia,Colombia,3 Days Unlimited Global + Cruise Data,0.0,3,unlimited,49.99,USD,,maya.net (official),https://maya.net/esim/colombia,2026-10-04
maya,CO,colombia,Colombia,7 Days Unlimited Global + Cruise Data,0.0,7,unlimited,109.99,USD,,maya.net (official),https://maya.net/esim/colombia,2026-10-04
maya,CO,colombia,Colombia,14 Days - Unlimited Global + Cruise Data,0.0,14,unlimited,160.98,USD,,maya.net (official),https://maya.net/esim/colombia,2026-10-04
maya,CO,colombia,Colombia,14 Days Unlimited Global + Cruise Data,0.0,14,unlimited,160.99,USD,,maya.net (official),https://maya.net/esim/colombia,2026-10-04
maya,CO,colombia,Colombia,30 Days Unlimited Global + Cruise Data,0.0,30,unlimited,299.99,USD,,maya.net (official),https://maya.net/esim/colombia,2026-10-04
maya,CR,costa-rica,Costa Rica,3 Days - Unlimited Global Data,0.0,3,unlimited,9.99,USD,,maya.net (official),https://maya.net/esim/costa-rica,2026-10-04
maya,CR,costa-rica,Costa Rica,7 Days Unlimited Global Data,0.0,7,unlimited,19.99,USD,,maya.net (official),https://maya.net/esim/costa-rica,2026-10-04
maya,CR,costa-rica,Costa Rica,14 Days - Unlimited Global Data,0.0,14,unlimited,27.99,USD,,maya.net (official),https://maya.net/esim/costa-rica,2026-10-04
maya,CR,costa-rica,Costa Rica,30 Days Unlimited Global Data,0.0,30,unlimited,49.99,USD,,maya.net (official),https://maya.net/esim/costa-rica,2026-10-04
maya,CR,costa-rica,Costa Rica,3 Days - Unlimited Global + Cruise Data,0.0,3,unlimited,49.98,USD,,maya.net (official),https://maya.net/esim/costa-rica,2026-10-04
maya,CR,costa-rica,Costa Rica,3 Days Unlimited Global + Cruise Data,0.0,3,unlimited,49.99,USD,,maya.net (official),https://maya.net/esim/costa-rica,2026-10-04
maya,CR,costa-rica,Costa Rica,7 Days Unlimited Global + Cruise Data,0.0,7,unlimited,109.99,USD,,maya.net (official),https://maya.net/esim/costa-rica,2026-10-04
maya,CR,costa-rica,Costa Rica,14 Days - Unlimited Global + Cruise Data,0.0,14,unlimited,160.98,USD,,maya.net (official),https://maya.net/esim/costa-rica,2026-10-04
maya,CR,costa-rica,Costa Rica,14 Days Unlimited Global + Cruise Data,0.0,14,unlimited,160.99,USD,,maya.net (official),https://maya.net/esim/costa-rica,2026-10-04
maya,CR,costa-rica,Costa Rica,30 Days Unlimited Global + Cruise Data,0.0,30,unlimited,299.99,USD,,maya.net (official),https://maya.net/esim/costa-rica,2026-10-04
maya,CZ,czechia,Czechia,3 Days - Unlimited Global Data,0.0,3,unlimited,9.99,USD,,maya.net (official),https://maya.net/esim/czech-republic,2026-10-04
maya,CZ,czechia,Czechia,7 Days Unlimited Global Data,0.0,7,unlimited,19.99,USD,,maya.net (official),https://maya.net/esim/czech-republic,2026-10-04
maya,CZ,czechia,Czechia,14 Days - Unlimited Global Data,0.0,14,unlimited,27.99,USD,,maya.net (official),https://maya.net/esim/czech-republic,2026-10-04
maya,CZ,czechia,Czechia,30 Days Unlimited Global Data,0.0,30,unlimited,49.99,USD,,maya.net (official),https://maya.net/esim/czech-republic,2026-10-04
maya,CZ,czechia,Czechia,3 Days - Unlimited Global + Cruise Data,0.0,3,unlimited,49.98,USD,,maya.net (official),https://maya.net/esim/czech-republic,2026-10-04
maya,CZ,czechia,Czechia,3 Days Unlimited Global + Cruise Data,0.0,3,unlimited,49.99,USD,,maya.net (official),https://maya.net/esim/czech-republic,2026-10-04
maya,CZ,czechia,Czechia,7 Days Unlimited Global + Cruise Data,0.0,7,unlimited,109.99,USD,,maya.net (official),https://maya.net/esim/czech-republic,2026-10-04
maya,CZ,czechia,Czechia,14 Days - Unlimited Global + Cruise Data,0.0,14,unlimited,160.98,USD,,maya.net (official),https://maya.net/esim/czech-republic,2026-10-04
maya,CZ,czechia,Czechia,14 Days Unlimited Global + Cruise Data,0.0,14,unlimited,160.99,USD,,maya.net (official),https://maya.net/esim/czech-republic,2026-10-04
maya,CZ,czechia,Czechia,30 Days Unlimited Global + Cruise Data,0.0,30,unlimited,299.99,USD,,maya.net (official),https://maya.net/esim/czech-republic,2026-10-04
maya,DE,germany,Germany,3 Days - Unlimited Global Data,0.0,3,unlimited,9.99,USD,,maya.net (official),https://maya.net/esim/germany,2026-10-04
maya,DE,germany,Germany,7 Days Unlimited Global Data,0.0,7,unlimited,19.99,USD,,maya.net (official),https://maya.net/esim/germany,2026-10-04
maya,DE,germany,Germany,14 Days - Unlimited Global Data,0.0,14,unlimited,27.99,USD,,maya.net (official),https://maya.net/esim/germany,2026-10-04
maya,DE,germany,Germany,30 Days Unlimited Global Data,0.0,30,unlimited,49.99,USD,,maya.net (official),https://maya.net/esim/germany,2026-10-04
maya,DE,germany,Germany,3 Days - Unlimited Global + Cruise Data,0.0,3,unlimited,49.98,USD,,maya.net (official),https://maya.net/esim/germany,2026-10-04
maya,DE,germany,Germany,3 Days Unlimited Global + Cruise Data,0.0,3,unlimited,49.99,USD,,maya.net (official),https://maya.net/esim/germany,2026-10-04
maya,DE,germany,Germany,7 Days Unlimited Global + Cruise Data,0.0,7,unlimited,109.99,USD,,maya.net (official),https://maya.net/esim/germany,2026-10-04
maya,DE,germany,Germany,14 Days - Unlimited Global + Cruise Data,0.0,14,unlimited,160.98,USD,,maya.net (official),https://maya.net/esim/germany,2026-10-04
maya,DE,germany,Germany,14 Days Unlimited Global + Cruise Data,0.0,14,unlimited,160.99,USD,,maya.net (official),https://maya.net/esim/germany,2026-10-04
maya,DE,germany,Germany,30 Days Unlimited Global + Cruise Data,0.0,30,unlimited,299.99,USD,,maya.net (official),https://maya.net/esim/germany,2026-10-04
maya,EG,egypt,Egypt,3 Days - Unlimited Global Data,0.0,3,unlimited,9.99,USD,,maya.net (official),https://maya.net/esim/egypt,2026-10-04
maya,EG,egypt,Egypt,7 Days Unlimited Global Data,0.0,7,unlimited,19.99,USD,,maya.net (official),https://maya.net/esim/egypt,2026-10-04
maya,EG,egypt,Egypt,14 Days - Unlimited Global Data,0.0,14,unlimited,27.99,USD,,maya.net (official),https://maya.net/esim/egypt,2026-10-04
maya,EG,egypt,Egypt,30 Days Unlimited Global Data,0.0,30,unlimited,49.99,USD,,maya.net (official),https://maya.net/esim/egypt,2026-10-04
maya,EG,egypt,Egypt,3 Days - Unlimited Global + Cruise Data,0.0,3,unlimited,49.98,USD,,maya.net (official),https://maya.net/esim/egypt,2026-10-04
maya,EG,egypt,Egypt,3 Days Unlimited Global + Cruise Data,0.0,3,unlimited,49.99,USD,,maya.net (official),https://maya.net/esim/egypt,2026-10-04
maya,EG,egypt,Egypt,7 Days Unlimited Global + Cruise Data,0.0,7,unlimited,109.99,USD,,maya.net (official),https://maya.net/esim/egypt,2026-10-04
maya,EG,egypt,Egypt,14 Days - Unlimited Global + Cruise Data,0.0,14,unlimited,160.98,USD,,maya.net (official),https://maya.net/esim/egypt,2026-10-04
maya,EG,egypt,Egypt,14 Days Unlimited Global + Cruise Data,0.0,14,unlimited,160.99,USD,,maya.net (official),https://maya.net/esim/egypt,2026-10-04
maya,EG,egypt,Egypt,30 Days Unlimited Global + Cruise Data,0.0,30,unlimited,299.99,USD,,maya.net (official),https://maya.net/esim/egypt,2026-10-04
maya,ES,spain,Spain,3 Days - Unlimited Global Data,0.0,3,unlimited,9.99,USD,,maya.net (official),https://maya.net/esim/spain,2026-10-04
maya,ES,spain,Spain,7 Days Unlimited Global Data,0.0,7,unlimited,19.99,USD,,maya.net (official),https://maya.net/esim/spain,2026-10-04
maya,ES,spain,Spain,14 Days - Unlimited Global Data,0.0,14,unlimited,27.99,USD,,maya.net (official),https://maya.net/esim/spain,2026-10-04
maya,ES,spain,Spain,30 Days Unlimited Global Data,0.0,30,unlimited,49.99,USD,,maya.net (official),https://maya.net/esim/spain,2026-10-04
maya,ES,spain,Spain,3 Days - Unlimited Global + Cruise Data,0.0,3,unlimited,49.98,USD,,maya.net (official),https://maya.net/esim/spain,2026-10-04
maya,ES,spain,Spain,3 Days Unlimited Global + Cruise Data,0.0,3,unlimited,49.99,USD,,maya.net (official),https://maya.net/esim/spain,2026-10-04
maya,ES,spain,Spain,7 Days Unlimited Global + Cruise Data,0.0,7,unlimited,109.99,USD,,maya.net (official),https://maya.net/esim/spain,2026-10-04
maya,ES,spain,Spain,14 Days - Unlimited Global + Cruise Data,0.0,14,unlimited,160.98,USD,,maya.net (official),https://maya.net/esim/spain,2026-10-04
maya,ES,spain,Spain,14 Days Unlimited Global + Cruise Data,0.0,14,unlimited,160.99,USD,,maya.net (official),https://maya.net/esim/spain,2026-10-04
maya,ES,spain,Spain,30 Days Unlimited Global + Cruise Data,0.0,30,unlimited,299.99,USD,,maya.net (official),https://maya.net/esim/spain,2026-10-04
maya,FJ,fiji,Fiji,3 Days - Unlimited Global Data,0.0,3,unlimited,9.99,USD,,maya.net (official),https://maya.net/esim/fiji,2026-10-04
maya,FJ,fiji,Fiji,7 Days Unlimited Global Data,0.0,7,unlimited,19.99,USD,,maya.net (official),https://maya.net/esim/fiji,2026-10-04
maya,FJ,fiji,Fiji,14 Days - Unlimited Global Data,0.0,14,unlimited,27.99,USD,,maya.net (official),https://maya.net/esim/fiji,2026-10-04
maya,FJ,fiji,Fiji,30 Days Unlimited Global Data,0.0,30,unlimited,49.99,USD,,maya.net (official),https://maya.net/esim/fiji,2026-10-04
maya,FJ,fiji,Fiji,3 Days - Unlimited Global + Cruise Data,0.0,3,unlimited,49.98,USD,,maya.net (official),https://maya.net/esim/fiji,2026-10-04
maya,FJ,fiji,Fiji,3 Days Unlimited Global + Cruise Data,0.0,3,unlimited,49.99,USD,,maya.net (official),https://maya.net/esim/fiji,2026-10-04
maya,FJ,fiji,Fiji,7 Days Unlimited Global + Cruise Data,0.0,7,unlimited,109.99,USD,,maya.net (official),https://maya.net/esim/fiji,2026-10-04
maya,FJ,fiji,Fiji,14 Days - Unlimited Global + Cruise Data,0.0,14,unlimited,160.98,USD,,maya.net (official),https://maya.net/esim/fiji,2026-10-04
maya,FJ,fiji,Fiji,14 Days Unlimited Global + Cruise Data,0.0,14,unlimited,160.99,USD,,maya.net (official),https://maya.net/esim/fiji,2026-10-04
maya,FJ,fiji,Fiji,30 Days Unlimited Global + Cruise Data,0.0,30,unlimited,299.99,USD,,maya.net (official),https://maya.net/esim/fiji,2026-10-04
maya,FR,france,France,3 Days - Unlimited Global Data,0.0,3,unlimited,9.99,USD,,maya.net (official),https://maya.net/esim/france,2026-10-04
maya,FR,france,France,7 Days Unlimited Global Data,0.0,7,unlimited,19.99,USD,,maya.net (official),https://maya.net/esim/france,2026-10-04
maya,FR,france,France,14 Days - Unlimited Global Data,0.0,14,unlimited,27.99,USD,,maya.net (official),https://maya.net/esim/france,2026-10-04
maya,FR,france,France,30 Days Unlimited Global Data,0.0,30,unlimited,49.99,USD,,maya.net (official),https://maya.net/esim/france,2026-10-04
maya,FR,france,France,3 Days - Unlimited Global + Cruise Data,0.0,3,unlimited,49.98,USD,,maya.net (official),https://maya.net/esim/france,2026-10-04
maya,FR,france,France,3 Days Unlimited Global + Cruise Data,0.0,3,unlimited,49.99,USD,,maya.net (official),https://maya.net/esim/france,2026-10-04
maya,FR,france,France,7 Days Unlimited Global + Cruise Data,0.0,7,unlimited,109.99,USD,,maya.net (official),https://maya.net/esim/france,2026-10-04
maya,FR,france,France,14 Days - Unlimited Global + Cruise Data,0.0,14,unlimited,160.98,USD,,maya.net (official),https://maya.net/esim/france,2026-10-04
maya,FR,france,France,14 Days Unlimited Global + Cruise Data,0.0,14,unlimited,160.99,USD,,maya.net (official),https://maya.net/esim/france,2026-10-04
maya,FR,france,France,30 Days Unlimited Global + Cruise Data,0.0,30,unlimited,299.99,USD,,maya.net (official),https://maya.net/esim/france,2026-10-04
maya,GB,united-kingdom,United Kingdom,3 Days - Unlimited Global Data,0.0,3,unlimited,9.99,USD,,maya.net (official),https://maya.net/esim/uk,2026-10-04
maya,GB,united-kingdom,United Kingdom,7 Days Unlimited Global Data,0.0,7,unlimited,19.99,USD,,maya.net (official),https://maya.net/esim/uk,2026-10-04
maya,GB,united-kingdom,United Kingdom,14 Days - Unlimited Global Data,0.0,14,unlimited,27.99,USD,,maya.net (official),https://maya.net/esim/uk,2026-10-04
maya,GB,united-kingdom,United Kingdom,30 Days Unlimited Global Data,0.0,30,unlimited,49.99,USD,,maya.net (official),https://maya.net/esim/uk,2026-10-04
maya,GB,united-kingdom,United Kingdom,3 Days - Unlimited Global + Cruise Data,0.0,3,unlimited,49.98,USD,,maya.net (official),https://maya.net/esim/uk,2026-10-04
maya,GB,united-kingdom,United Kingdom,3 Days Unlimited Global + Cruise Data,0.0,3,unlimited,49.99,USD,,maya.net (official),https://maya.net/esim/uk,2026-10-04
maya,GB,united-kingdom,United Kingdom,7 Days Unlimited Global + Cruise Data,0.0,7,unlimited,109.99,USD,,maya.net (official),https://maya.net/esim/uk,2026-10-04
maya,GB,united-kingdom,United Kingdom,14 Days - Unlimited Global + Cruise Data,0.0,14,unlimited,160.98,USD,,maya.net (official),https://maya.net/esim/uk,2026-10-04
maya,GB,united-kingdom,United Kingdom,14 Days Unlimited Global + Cruise Data,0.0,14,unlimited,160.99,USD,,maya.net (official),https://maya.net/esim/uk,2026-10-04
maya,GB,united-kingdom,United Kingdom,30 Days Unlimited Global + Cruise Data,0.0,30,unlimited,299.99,USD,,maya.net (official),https://maya.net/esim/uk,2026-10-04
maya,GE,georgia,Georgia,3 Days - Unlimited Global Data,0.0,3,unlimited,9.99,USD,,maya.net (official),https://maya.net/esim/georgia,2026-10-04
maya,GE,georgia,Georgia,7 Days Unlimited Global Data,0.0,7,unlimited,19.99,USD,,maya.net (official),https://maya.net/esim/georgia,2026-10-04
maya,GE,georgia,Georgia,14 Days - Unlimited Global Data,0.0,14,unlimited,27.99,USD,,maya.net (official),https://maya.net/esim/georgia,2026-10-04
maya,GE,georgia,Georgia,30 Days Unlimited Global Data,0.0,30,unlimited,49.99,USD,,maya.net (official),https://maya.net/esim/georgia,2026-10-04
maya,GE,georgia,Georgia,3 Days - Unlimited Global + Cruise Data,0.0,3,unlimited,49.98,USD,,maya.net (official),https://maya.net/esim/georgia,2026-10-04
maya,GE,georgia,Georgia,3 Days Unlimited Global + Cruise Data,0.0,3,unlimited,49.99,USD,,maya.net (official),https://maya.net/esim/georgia,2026-10-04
maya,GE,georgia,Georgia,7 Days Unlimited Global + Cruise Data,0.0,7,unlimited,109.99,USD,,maya.net (official),https://maya.net/esim/georgia,2026-10-04
maya,GE,georgia,Georgia,14 Days - Unlimited Global + Cruise Data,0.0,14,unlimited,160.98,USD,,maya.net (official),https://maya.net/esim/georgia,2026-10-04
maya,GE,georgia,Georgia,14 Days Unlimited Global + Cruise Data,0.0,14,unlimited,160.99,USD,,maya.net (official),https://maya.net/esim/georgia,2026-10-04
maya,GE,georgia,Georgia,30 Days Unlimited Global + Cruise Data,0.0,30,unlimited,299.99,USD,,maya.net (official),https://maya.net/esim/georgia,2026-10-04
maya,GR,greece,Greece,3 Days - Unlimited Global Data,0.0,3,unlimited,9.99,USD,,maya.net (official),https://maya.net/esim/greece,2026-10-04
maya,GR,greece,Greece,7 Days Unlimited Global Data,0.0,7,unlimited,19.99,USD,,maya.net (official),https://maya.net/esim/greece,2026-10-04
maya,GR,greece,Greece,14 Days - Unlimited Global Data,0.0,14,unlimited,27.99,USD,,maya.net (official),https://maya.net/esim/greece,2026-10-04
maya,GR,greece,Greece,30 Days Unlimited Global Data,0.0,30,unlimited,49.99,USD,,maya.net (official),https://maya.net/esim/greece,2026-10-04
maya,GR,greece,Greece,3 Days - Unlimited Global + Cruise Data,0.0,3,unlimited,49.98,USD,,maya.net (official),https://maya.net/esim/greece,2026-10-04
maya,GR,greece,Greece,3 Days Unlimited Global + Cruise Data,0.0,3,unlimited,49.99,USD,,maya.net (official),https://maya.net/esim/greece,2026-10-04
maya,GR,greece,Greece,7 Days Unlimited Global + Cruise Data,0.0,7,unlimited,109.99,USD,,maya.net (official),https://maya.net/esim/greece,2026-10-04
maya,GR,greece,Greece,14 Days - Unlimited Global + Cruise Data,0.0,14,unlimited,160.98,USD,,maya.net (official),https://maya.net/esim/greece,2026-10-04
maya,GR,greece,Greece,14 Days Unlimited Global + Cruise Data,0.0,14,unlimited,160.99,USD,,maya.net (official),https://maya.net/esim/greece,2026-10-04
maya,GR,greece,Greece,30 Days Unlimited Global + Cruise Data,0.0,30,unlimited,299.99,USD,,maya.net (official),https://maya.net/esim/greece,2026-10-04
maya,HK,hong-kong,Hong Kong,3 Days - Unlimited Global Data,0.0,3,unlimited,9.99,USD,,maya.net (official),https://maya.net/esim/hong-kong,2026-10-04
maya,HK,hong-kong,Hong Kong,7 Days Unlimited Global Data,0.0,7,unlimited,19.99,USD,,maya.net (official),https://maya.net/esim/hong-kong,2026-10-04
maya,HK,hong-kong,Hong Kong,14 Days - Unlimited Global Data,0.0,14,unlimited,27.99,USD,,maya.net (official),https://maya.net/esim/hong-kong,2026-10-04
maya,HK,hong-kong,Hong Kong,30 Days Unlimited Global Data,0.0,30,unlimited,49.99,USD,,maya.net (official),https://maya.net/esim/hong-kong,2026-10-04
maya,HK,hong-kong,Hong Kong,3 Days - Unlimited Global + Cruise Data,0.0,3,unlimited,49.98,USD,,maya.net (official),https://maya.net/esim/hong-kong,2026-10-04
maya,HK,hong-kong,Hong Kong,3 Days Unlimited Global + Cruise Data,0.0,3,unlimited,49.99,USD,,maya.net (official),https://maya.net/esim/hong-kong,2026-10-04
maya,HK,hong-kong,Hong Kong,7 Days Unlimited Global + Cruise Data,0.0,7,unlimited,109.99,USD,,maya.net (official),https://maya.net/esim/hong-kong,2026-10-04
maya,HK,hong-kong,Hong Kong,14 Days - Unlimited Global + Cruise Data,0.0,14,unlimited,160.98,USD,,maya.net (official),https://maya.net/esim/hong-kong,2026-10-04
maya,HK,hong-kong,Hong Kong,14 Days Unlimited Global + Cruise Data,0.0,14,unlimited,160.99,USD,,maya.net (official),https://maya.net/esim/hong-kong,2026-10-04
maya,HK,hong-kong,Hong Kong,30 Days Unlimited Global + Cruise Data,0.0,30,unlimited,299.99,USD,,maya.net (official),https://maya.net/esim/hong-kong,2026-10-04
maya,HR,croatia,Croatia,3 Days - Unlimited Global Data,0.0,3,unlimited,9.99,USD,,maya.net (official),https://maya.net/esim/croatia,2026-10-04
maya,HR,croatia,Croatia,7 Days Unlimited Global Data,0.0,7,unlimited,19.99,USD,,maya.net (official),https://maya.net/esim/croatia,2026-10-04
maya,HR,croatia,Croatia,14 Days - Unlimited Global Data,0.0,14,unlimited,27.99,USD,,maya.net (official),https://maya.net/esim/croatia,2026-10-04
maya,HR,croatia,Croatia,30 Days Unlimited Global Data,0.0,30,unlimited,49.99,USD,,maya.net (official),https://maya.net/esim/croatia,2026-10-04
maya,HR,croatia,Croatia,3 Days - Unlimited Global + Cruise Data,0.0,3,unlimited,49.98,USD,,maya.net (official),https://maya.net/esim/croatia,2026-10-04
maya,HR,croatia,Croatia,3 Days Unlimited Global + Cruise Data,0.0,3,unlimited,49.99,USD,,maya.net (official),https://maya.net/esim/croatia,2026-10-04
maya,HR,croatia,Croatia,7 Days Unlimited Global + Cruise Data,0.0,7,unlimited,109.99,USD,,maya.net (official),https://maya.net/esim/croatia,2026-10-04
maya,HR,croatia,Croatia,14 Days - Unlimited Global + Cruise Data,0.0,14,unlimited,160.98,USD,,maya.net (official),https://maya.net/esim/croatia,2026-10-04
maya,HR,croatia,Croatia,14 Days Unlimited Global + Cruise Data,0.0,14,unlimited,160.99,USD,,maya.net (official),https://maya.net/esim/croatia,2026-10-04
maya,HR,croatia,Croatia,30 Days Unlimited Global + Cruise Data,0.0,30,unlimited,299.99,USD,,maya.net (official),https://maya.net/esim/croatia,2026-10-04
maya,ID,indonesia,Indonesia,3 Days - Unlimited Global Data,0.0,3,unlimited,9.99,USD,,maya.net (official),https://maya.net/esim/indonesia,2026-10-04
maya,ID,indonesia,Indonesia,7 Days Unlimited Global Data,0.0,7,unlimited,19.99,USD,,maya.net (official),https://maya.net/esim/indonesia,2026-10-04
maya,ID,indonesia,Indonesia,14 Days - Unlimited Global Data,0.0,14,unlimited,27.99,USD,,maya.net (official),https://maya.net/esim/indonesia,2026-10-04
maya,ID,indonesia,Indonesia,30 Days Unlimited Global Data,0.0,30,unlimited,49.99,USD,,maya.net (official),https://maya.net/esim/indonesia,2026-10-04
maya,ID,indonesia,Indonesia,3 Days - Unlimited Global + Cruise Data,0.0,3,unlimited,49.98,USD,,maya.net (official),https://maya.net/esim/indonesia,2026-10-04
maya,ID,indonesia,Indonesia,3 Days Unlimited Global + Cruise Data,0.0,3,unlimited,49.99,USD,,maya.net (official),https://maya.net/esim/indonesia,2026-10-04
maya,ID,indonesia,Indonesia,7 Days Unlimited Global + Cruise Data,0.0,7,unlimited,109.99,USD,,maya.net (official),https://maya.net/esim/indonesia,2026-10-04
maya,ID,indonesia,Indonesia,14 Days - Unlimited Global + Cruise Data,0.0,14,unlimited,160.98,USD,,maya.net (official),https://maya.net/esim/indonesia,2026-10-04
maya,ID,indonesia,Indonesia,14 Days Unlimited Global + Cruise Data,0.0,14,unlimited,160.99,USD,,maya.net (official),https://maya.net/esim/indonesia,2026-10-04
maya,ID,indonesia,Indonesia,30 Days Unlimited Global + Cruise Data,0.0,30,unlimited,299.99,USD,,maya.net (official),https://maya.net/esim/indonesia,2026-10-04
maya,IE,ireland,Ireland,3 Days - Unlimited Global Data,0.0,3,unlimited,9.99,USD,,maya.net (official),https://maya.net/esim/ireland,2026-10-04
maya,IE,ireland,Ireland,7 Days Unlimited Global Data,0.0,7,unlimited,19.99,USD,,maya.net (official),https://maya.net/esim/ireland,2026-10-04
maya,IE,ireland,Ireland,14 Days - Unlimited Global Data,0.0,14,unlimited,27.99,USD,,maya.net (official),https://maya.net/esim/ireland,2026-10-04
maya,IE,ireland,Ireland,30 Days Unlimited Global Data,0.0,30,unlimited,49.99,USD,,maya.net (official),https://maya.net/esim/ireland,2026-10-04
maya,IE,ireland,Ireland,3 Days - Unlimited Global + Cruise Data,0.0,3,unlimited,49.98,USD,,maya.net (official),https://maya.net/esim/ireland,2026-10-04
maya,IE,ireland,Ireland,3 Days Unlimited Global + Cruise Data,0.0,3,unlimited,49.99,USD,,maya.net (official),https://maya.net/esim/ireland,2026-10-04
maya,IE,ireland,Ireland,7 Days Unlimited Global + Cruise Data,0.0,7,unlimited,109.99,USD,,maya.net (official),https://maya.net/esim/ireland,2026-10-04
maya,IE,ireland,Ireland,14 Days - Unlimited Global + Cruise Data,0.0,14,unlimited,160.98,USD,,maya.net (official),https://maya.net/esim/ireland,2026-10-04
maya,IE,ireland,Ireland,14 Days Unlimited Global + Cruise Data,0.0,14,unlimited,160.99,USD,,maya.net (official),https://maya.net/esim/ireland,2026-10-04
maya,IE,ireland,Ireland,30 Days Unlimited Global + Cruise Data,0.0,30,unlimited,299.99,USD,,maya.net (official),https://maya.net/esim/ireland,2026-10-04
maya,IL,israel,Israel,3 Days - Unlimited Global Data,0.0,3,unlimited,9.99,USD,,maya.net (official),https://maya.net/esim/israel,2026-10-04
maya,IL,israel,Israel,7 Days Unlimited Global Data,0.0,7,unlimited,19.99,USD,,maya.net (official),https://maya.net/esim/israel,2026-10-04
maya,IL,israel,Israel,14 Days - Unlimited Global Data,0.0,14,unlimited,27.99,USD,,maya.net (official),https://maya.net/esim/israel,2026-10-04
maya,IL,israel,Israel,30 Days Unlimited Global Data,0.0,30,unlimited,49.99,USD,,maya.net (official),https://maya.net/esim/israel,2026-10-04
maya,IL,israel,Israel,3 Days - Unlimited Global + Cruise Data,0.0,3,unlimited,49.98,USD,,maya.net (official),https://maya.net/esim/israel,2026-10-04
maya,IL,israel,Israel,3 Days Unlimited Global + Cruise Data,0.0,3,unlimited,49.99,USD,,maya.net (official),https://maya.net/esim/israel,2026-10-04
maya,IL,israel,Israel,7 Days Unlimited Global + Cruise Data,0.0,7,unlimited,109.99,USD,,maya.net (official),https://maya.net/esim/israel,2026-10-04
maya,IL,israel,Israel,14 Days - Unlimited Global + Cruise Data,0.0,14,unlimited,160.98,USD,,maya.net (official),https://maya.net/esim/israel,2026-10-04
maya,IL,israel,Israel,14 Days Unlimited Global + Cruise Data,0.0,14,unlimited,160.99,USD,,maya.net (official),https://maya.net/esim/israel,2026-10-04
maya,IL,israel,Israel,30 Days Unlimited Global + Cruise Data,0.0,30,unlimited,299.99,USD,,maya.net (official),https://maya.net/esim/israel,2026-10-04
maya,IN,india,India,3 Days - Unlimited Global Data,0.0,3,unlimited,9.99,USD,,maya.net (official),https://maya.net/esim/india,2026-10-04
maya,IN,india,India,7 Days Unlimited Global Data,0.0,7,unlimited,19.99,USD,,maya.net (official),https://maya.net/esim/india,2026-10-04
maya,IN,india,India,14 Days - Unlimited Global Data,0.0,14,unlimited,27.99,USD,,maya.net (official),https://maya.net/esim/india,2026-10-04
maya,IN,india,India,30 Days Unlimited Global Data,0.0,30,unlimited,49.99,USD,,maya.net (official),https://maya.net/esim/india,2026-10-04
maya,IN,india,India,3 Days - Unlimited Global + Cruise Data,0.0,3,unlimited,49.98,USD,,maya.net (official),https://maya.net/esim/india,2026-10-04
maya,IN,india,India,3 Days Unlimited Global + Cruise Data,0.0,3,unlimited,49.99,USD,,maya.net (official),https://maya.net/esim/india,2026-10-04
maya,IN,india,India,7 Days Unlimited Global + Cruise Data,0.0,7,unlimited,109.99,USD,,maya.net (official),https://maya.net/esim/india,2026-10-04
maya,IN,india,India,14 Days - Unlimited Global + Cruise Data,0.0,14,unlimited,160.98,USD,,maya.net (official),https://maya.net/esim/india,2026-10-04
maya,IN,india,India,14 Days Unlimited Global + Cruise Data,0.0,14,unlimited,160.99,USD,,maya.net (official),https://maya.net/esim/india,2026-10-04
maya,IN,india,India,30 Days Unlimited Global + Cruise Data,0.0,30,unlimited,299.99,USD,,maya.net (official),https://maya.net/esim/india,2026-10-04
maya,IS,iceland,Iceland,3 Days - Unlimited Global Data,0.0,3,unlimited,9.99,USD,,maya.net (official),https://maya.net/esim/iceland,2026-10-04
maya,IS,iceland,Iceland,7 Days Unlimited Global Data,0.0,7,unlimited,19.99,USD,,maya.net (official),https://maya.net/esim/iceland,2026-10-04
maya,IS,iceland,Iceland,14 Days - Unlimited Global Data,0.0,14,unlimited,27.99,USD,,maya.net (official),https://maya.net/esim/iceland,2026-10-04
maya,IS,iceland,Iceland,30 Days Unlimited Global Data,0.0,30,unlimited,49.99,USD,,maya.net (official),https://maya.net/esim/iceland,2026-10-04
maya,IS,iceland,Iceland,3 Days - Unlimited Global + Cruise Data,0.0,3,unlimited,49.98,USD,,maya.net (official),https://maya.net/esim/iceland,2026-10-04
maya,IS,iceland,Iceland,3 Days Unlimited Global + Cruise Data,0.0,3,unlimited,49.99,USD,,maya.net (official),https://maya.net/esim/iceland,2026-10-04
maya,IS,iceland,Iceland,7 Days Unlimited Global + Cruise Data,0.0,7,unlimited,109.99,USD,,maya.net (official),https://maya.net/esim/iceland,2026-10-04
maya,IS,iceland,Iceland,14 Days - Unlimited Global + Cruise Data,0.0,14,unlimited,160.98,USD,,maya.net (official),https://maya.net/esim/iceland,2026-10-04
maya,IS,iceland,Iceland,14 Days Unlimited Global + Cruise Data,0.0,14,unlimited,160.99,USD,,maya.net (official),https://maya.net/esim/iceland,2026-10-04
maya,IS,iceland,Iceland,30 Days Unlimited Global + Cruise Data,0.0,30,unlimited,299.99,USD,,maya.net (official),https://maya.net/esim/iceland,2026-10-04
maya,IT,italy,Italy,3 Days - Unlimited Global Data,0.0,3,unlimited,9.99,USD,,maya.net (official),https://maya.net/esim/italy,2026-10-04
maya,IT,italy,Italy,7 Days Unlimited Global Data,0.0,7,unlimited,19.99,USD,,maya.net (official),https://maya.net/esim/italy,2026-10-04
maya,IT,italy,Italy,14 Days - Unlimited Global Data,0.0,14,unlimited,27.99,USD,,maya.net (official),https://maya.net/esim/italy,2026-10-04
maya,IT,italy,Italy,30 Days Unlimited Global Data,0.0,30,unlimited,49.99,USD,,maya.net (official),https://maya.net/esim/italy,2026-10-04
maya,IT,italy,Italy,3 Days - Unlimited Global + Cruise Data,0.0,3,unlimited,49.98,USD,,maya.net (official),https://maya.net/esim/italy,2026-10-04
maya,IT,italy,Italy,3 Days Unlimited Global + Cruise Data,0.0,3,unlimited,49.99,USD,,maya.net (official),https://maya.net/esim/italy,2026-10-04
maya,IT,italy,Italy,7 Days Unlimited Global + Cruise Data,0.0,7,unlimited,109.99,USD,,maya.net (official),https://maya.net/esim/italy,2026-10-04
maya,IT,italy,Italy,14 Days - Unlimited Global + Cruise Data,0.0,14,unlimited,160.98,USD,,maya.net (official),https://maya.net/esim/italy,2026-10-04
maya,IT,italy,Italy,14 Days Unlimited Global + Cruise Data,0.0,14,unlimited,160.99,USD,,maya.net (official),https://maya.net/esim/italy,2026-10-04
maya,IT,italy,Italy,30 Days Unlimited Global + Cruise Data,0.0,30,unlimited,299.99,USD,,maya.net (official),https://maya.net/esim/italy,2026-10-04
maya,JP,japan,Japan,3 Days - Unlimited Global Data,0.0,3,unlimited,9.99,USD,,maya.net (official),https://maya.net/esim/japan,2026-10-04
maya,JP,japan,Japan,7 Days Unlimited Global Data,0.0,7,unlimited,19.99,USD,,maya.net (official),https://maya.net/esim/japan,2026-10-04
maya,JP,japan,Japan,14 Days - Unlimited Global Data,0.0,14,unlimited,27.99,USD,,maya.net (official),https://maya.net/esim/japan,2026-10-04
maya,JP,japan,Japan,30 Days Unlimited Global Data,0.0,30,unlimited,49.99,USD,,maya.net (official),https://maya.net/esim/japan,2026-10-04
maya,JP,japan,Japan,3 Days - Unlimited Global + Cruise Data,0.0,3,unlimited,49.98,USD,,maya.net (official),https://maya.net/esim/japan,2026-10-04
maya,JP,japan,Japan,3 Days Unlimited Global + Cruise Data,0.0,3,unlimited,49.99,USD,,maya.net (official),https://maya.net/esim/japan,2026-10-04
maya,JP,japan,Japan,7 Days Unlimited Global + Cruise Data,0.0,7,unlimited,109.99,USD,,maya.net (official),https://maya.net/esim/japan,2026-10-04
maya,JP,japan,Japan,14 Days - Unlimited Global + Cruise Data,0.0,14,unlimited,160.98,USD,,maya.net (official),https://maya.net/esim/japan,2026-10-04
maya,JP,japan,Japan,14 Days Unlimited Global + Cruise Data,0.0,14,unlimited,160.99,USD,,maya.net (official),https://maya.net/esim/japan,2026-10-04
maya,JP,japan,Japan,30 Days Unlimited Global + Cruise Data,0.0,30,unlimited,299.99,USD,,maya.net (official),https://maya.net/esim/japan,2026-10-04
maya,KE,kenya,Kenya,3 Days - Unlimited Global Data,0.0,3,unlimited,9.99,USD,,maya.net (official),https://maya.net/esim/kenya,2026-10-04
maya,KE,kenya,Kenya,7 Days Unlimited Global Data,0.0,7,unlimited,19.99,USD,,maya.net (official),https://maya.net/esim/kenya,2026-10-04
maya,KE,kenya,Kenya,14 Days - Unlimited Global Data,0.0,14,unlimited,27.99,USD,,maya.net (official),https://maya.net/esim/kenya,2026-10-04
maya,KE,kenya,Kenya,30 Days Unlimited Global Data,0.0,30,unlimited,49.99,USD,,maya.net (official),https://maya.net/esim/kenya,2026-10-04
maya,KE,kenya,Kenya,3 Days - Unlimited Global + Cruise Data,0.0,3,unlimited,49.98,USD,,maya.net (official),https://maya.net/esim/kenya,2026-10-04
maya,KE,kenya,Kenya,3 Days Unlimited Global + Cruise Data,0.0,3,unlimited,49.99,USD,,maya.net (official),https://maya.net/esim/kenya,2026-10-04
maya,KE,kenya,Kenya,7 Days Unlimited Global + Cruise Data,0.0,7,unlimited,109.99,USD,,maya.net (official),https://maya.net/esim/kenya,2026-10-04
maya,KE,kenya,Kenya,14 Days - Unlimited Global + Cruise Data,0.0,14,unlimited,160.98,USD,,maya.net (official),https://maya.net/esim/kenya,2026-10-04
maya,KE,kenya,Kenya,14 Days Unlimited Global + Cruise Data,0.0,14,unlimited,160.99,USD,,maya.net (official),https://maya.net/esim/kenya,2026-10-04
maya,KE,kenya,Kenya,30 Days Unlimited Global + Cruise Data,0.0,30,unlimited,299.99,USD,,maya.net (official),https://maya.net/esim/kenya,2026-10-04
maya,KR,south-korea,South Korea,3 Days - Unlimited Global Data,0.0,3,unlimited,9.99,USD,,maya.net (official),https://maya.net/esim/south-korea,2026-10-04
maya,KR,south-korea,South Korea,7 Days Unlimited Global Data,0.0,7,unlimited,19.99,USD,,maya.net (official),https://maya.net/esim/south-korea,2026-10-04
maya,KR,south-korea,South Korea,14 Days - Unlimited Global Data,0.0,14,unlimited,27.99,USD,,maya.net (official),https://maya.net/esim/south-korea,2026-10-04
maya,KR,south-korea,South Korea,30 Days Unlimited Global Data,0.0,30,unlimited,49.99,USD,,maya.net (official),https://maya.net/esim/south-korea,2026-10-04
maya,KR,south-korea,South Korea,3 Days - Unlimited Global + Cruise Data,0.0,3,unlimited,49.98,USD,,maya.net (official),https://maya.net/esim/south-korea,2026-10-04
maya,KR,south-korea,South Korea,3 Days Unlimited Global + Cruise Data,0.0,3,unlimited,49.99,USD,,maya.net (official),https://maya.net/esim/south-korea,2026-10-04
maya,KR,south-korea,South Korea,7 Days Unlimited Global + Cruise Data,0.0,7,unlimited,109.99,USD,,maya.net (official),https://maya.net/esim/south-korea,2026-10-04
maya,KR,south-korea,South Korea,14 Days - Unlimited Global + Cruise Data,0.0,14,unlimited,160.98,USD,,maya.net (official),https://maya.net/esim/south-korea,2026-10-04
maya,KR,south-korea,South Korea,14 Days Unlimited Global + Cruise Data,0.0,14,unlimited,160.99,USD,,maya.net (official),https://maya.net/esim/south-korea,2026-10-04
maya,KR,south-korea,South Korea,30 Days Unlimited Global + Cruise Data,0.0,30,unlimited,299.99,USD,,maya.net (official),https://maya.net/esim/south-korea,2026-10-04
maya,MA,morocco,Morocco,3 Days - Unlimited Global Data,0.0,3,unlimited,9.99,USD,,maya.net (official),https://maya.net/esim/morocco,2026-10-04
maya,MA,morocco,Morocco,7 Days Unlimited Global Data,0.0,7,unlimited,19.99,USD,,maya.net (official),https://maya.net/esim/morocco,2026-10-04
maya,MA,morocco,Morocco,14 Days - Unlimited Global Data,0.0,14,unlimited,27.99,USD,,maya.net (official),https://maya.net/esim/morocco,2026-10-04
maya,MA,morocco,Morocco,30 Days Unlimited Global Data,0.0,30,unlimited,49.99,USD,,maya.net (official),https://maya.net/esim/morocco,2026-10-04
maya,MA,morocco,Morocco,3 Days - Unlimited Global + Cruise Data,0.0,3,unlimited,49.98,USD,,maya.net (official),https://maya.net/esim/morocco,2026-10-04
maya,MA,morocco,Morocco,3 Days Unlimited Global + Cruise Data,0.0,3,unlimited,49.99,USD,,maya.net (official),https://maya.net/esim/morocco,2026-10-04
maya,MA,morocco,Morocco,7 Days Unlimited Global + Cruise Data,0.0,7,unlimited,109.99,USD,,maya.net (official),https://maya.net/esim/morocco,2026-10-04
maya,MA,morocco,Morocco,14 Days - Unlimited Global + Cruise Data,0.0,14,unlimited,160.98,USD,,maya.net (official),https://maya.net/esim/morocco,2026-10-04
maya,MA,morocco,Morocco,14 Days Unlimited Global + Cruise Data,0.0,14,unlimited,160.99,USD,,maya.net (official),https://maya.net/esim/morocco,2026-10-04
maya,MA,morocco,Morocco,30 Days Unlimited Global + Cruise Data,0.0,30,unlimited,299.99,USD,,maya.net (official),https://maya.net/esim/morocco,2026-10-04
maya,MO,macao,Macao,3 Days - Unlimited Global Data,0.0,3,unlimited,9.99,USD,,maya.net (official),https://maya.net/esim/macau,2026-10-04
maya,MO,macao,Macao,7 Days Unlimited Global Data,0.0,7,unlimited,19.99,USD,,maya.net (official),https://maya.net/esim/macau,2026-10-04
maya,MO,macao,Macao,14 Days - Unlimited Global Data,0.0,14,unlimited,27.99,USD,,maya.net (official),https://maya.net/esim/macau,2026-10-04
maya,MO,macao,Macao,30 Days Unlimited Global Data,0.0,30,unlimited,49.99,USD,,maya.net (official),https://maya.net/esim/macau,2026-10-04
maya,MO,macao,Macao,3 Days - Unlimited Global + Cruise Data,0.0,3,unlimited,49.98,USD,,maya.net (official),https://maya.net/esim/macau,2026-10-04
maya,MO,macao,Macao,3 Days Unlimited Global + Cruise Data,0.0,3,unlimited,49.99,USD,,maya.net (official),https://maya.net/esim/macau,2026-10-04
maya,MO,macao,Macao,7 Days Unlimited Global + Cruise Data,0.0,7,unlimited,109.99,USD,,maya.net (official),https://maya.net/esim/macau,2026-10-04
maya,MO,macao,Macao,14 Days - Unlimited Global + Cruise Data,0.0,14,unlimited,160.98,USD,,maya.net (official),https://maya.net/esim/macau,2026-10-04
maya,MO,macao,Macao,14 Days Unlimited Global + Cruise Data,0.0,14,unlimited,160.99,USD,,maya.net (official),https://maya.net/esim/macau,2026-10-04
maya,MO,macao,Macao,30 Days Unlimited Global + Cruise Data,0.0,30,unlimited,299.99,USD,,maya.net (official),https://maya.net/esim/macau,2026-10-04
maya,MX,mexico,Mexico,3 Days - Unlimited Global Data,0.0,3,unlimited,9.99,USD,,maya.net (official),https://maya.net/esim/mexico,2026-10-04
maya,MX,mexico,Mexico,7 Days Unlimited Global Data,0.0,7,unlimited,19.99,USD,,maya.net (official),https://maya.net/esim/mexico,2026-10-04
maya,MX,mexico,Mexico,14 Days - Unlimited Global Data,0.0,14,unlimited,27.99,USD,,maya.net (official),https://maya.net/esim/mexico,2026-10-04
maya,MX,mexico,Mexico,30 Days Unlimited Global Data,0.0,30,unlimited,49.99,USD,,maya.net (official),https://maya.net/esim/mexico,2026-10-04
maya,MX,mexico,Mexico,3 Days - Unlimited Global + Cruise Data,0.0,3,unlimited,49.98,USD,,maya.net (official),https://maya.net/esim/mexico,2026-10-04
maya,MX,mexico,Mexico,3 Days Unlimited Global + Cruise Data,0.0,3,unlimited,49.99,USD,,maya.net (official),https://maya.net/esim/mexico,2026-10-04
maya,MX,mexico,Mexico,7 Days Unlimited Global + Cruise Data,0.0,7,unlimited,109.99,USD,,maya.net (official),https://maya.net/esim/mexico,2026-10-04
maya,MX,mexico,Mexico,14 Days - Unlimited Global + Cruise Data,0.0,14,unlimited,160.98,USD,,maya.net (official),https://maya.net/esim/mexico,2026-10-04
maya,MX,mexico,Mexico,14 Days Unlimited Global + Cruise Data,0.0,14,unlimited,160.99,USD,,maya.net (official),https://maya.net/esim/mexico,2026-10-04
maya,MX,mexico,Mexico,30 Days Unlimited Global + Cruise Data,0.0,30,unlimited,299.99,USD,,maya.net (official),https://maya.net/esim/mexico,2026-10-04
maya,MY,malaysia,Malaysia,3 Days - Unlimited Global Data,0.0,3,unlimited,9.99,USD,,maya.net (official),https://maya.net/esim/malaysia,2026-10-04
maya,MY,malaysia,Malaysia,7 Days Unlimited Global Data,0.0,7,unlimited,19.99,USD,,maya.net (official),https://maya.net/esim/malaysia,2026-10-04
maya,MY,malaysia,Malaysia,14 Days - Unlimited Global Data,0.0,14,unlimited,27.99,USD,,maya.net (official),https://maya.net/esim/malaysia,2026-10-04
maya,MY,malaysia,Malaysia,30 Days Unlimited Global Data,0.0,30,unlimited,49.99,USD,,maya.net (official),https://maya.net/esim/malaysia,2026-10-04
maya,MY,malaysia,Malaysia,3 Days - Unlimited Global + Cruise Data,0.0,3,unlimited,49.98,USD,,maya.net (official),https://maya.net/esim/malaysia,2026-10-04
maya,MY,malaysia,Malaysia,3 Days Unlimited Global + Cruise Data,0.0,3,unlimited,49.99,USD,,maya.net (official),https://maya.net/esim/malaysia,2026-10-04
maya,MY,malaysia,Malaysia,7 Days Unlimited Global + Cruise Data,0.0,7,unlimited,109.99,USD,,maya.net (official),https://maya.net/esim/malaysia,2026-10-04
maya,MY,malaysia,Malaysia,14 Days - Unlimited Global + Cruise Data,0.0,14,unlimited,160.98,USD,,maya.net (official),https://maya.net/esim/malaysia,2026-10-04
maya,MY,malaysia,Malaysia,14 Days Unlimited Global + Cruise Data,0.0,14,unlimited,160.99,USD,,maya.net (official),https://maya.net/esim/malaysia,2026-10-04
maya,MY,malaysia,Malaysia,30 Days Unlimited Global + Cruise Data,0.0,30,unlimited,299.99,USD,,maya.net (official),https://maya.net/esim/malaysia,2026-10-04
maya,NL,netherlands,Netherlands,3 Days - Unlimited Global Data,0.0,3,unlimited,9.99,USD,,maya.net (official),https://maya.net/esim/netherlands,2026-10-04
maya,NL,netherlands,Netherlands,7 Days Unlimited Global Data,0.0,7,unlimited,19.99,USD,,maya.net (official),https://maya.net/esim/netherlands,2026-10-04
maya,NL,netherlands,Netherlands,14 Days - Unlimited Global Data,0.0,14,unlimited,27.99,USD,,maya.net (official),https://maya.net/esim/netherlands,2026-10-04
maya,NL,netherlands,Netherlands,30 Days Unlimited Global Data,0.0,30,unlimited,49.99,USD,,maya.net (official),https://maya.net/esim/netherlands,2026-10-04
maya,NL,netherlands,Netherlands,3 Days - Unlimited Global + Cruise Data,0.0,3,unlimited,49.98,USD,,maya.net (official),https://maya.net/esim/netherlands,2026-10-04
maya,NL,netherlands,Netherlands,3 Days Unlimited Global + Cruise Data,0.0,3,unlimited,49.99,USD,,maya.net (official),https://maya.net/esim/netherlands,2026-10-04
maya,NL,netherlands,Netherlands,7 Days Unlimited Global + Cruise Data,0.0,7,unlimited,109.99,USD,,maya.net (official),https://maya.net/esim/netherlands,2026-10-04
maya,NL,netherlands,Netherlands,14 Days - Unlimited Global + Cruise Data,0.0,14,unlimited,160.98,USD,,maya.net (official),https://maya.net/esim/netherlands,2026-10-04
maya,NL,netherlands,Netherlands,14 Days Unlimited Global + Cruise Data,0.0,14,unlimited,160.99,USD,,maya.net (official),https://maya.net/esim/netherlands,2026-10-04
maya,NL,netherlands,Netherlands,30 Days Unlimited Global + Cruise Data,0.0,30,unlimited,299.99,USD,,maya.net (official),https://maya.net/esim/netherlands,2026-10-04
maya,NZ,new-zealand,New Zealand,3 Days - Unlimited Global Data,0.0,3,unlimited,9.99,USD,,maya.net (official),https://maya.net/esim/new-zealand,2026-10-04
maya,NZ,new-zealand,New Zealand,7 Days Unlimited Global Data,0.0,7,unlimited,19.99,USD,,maya.net (official),https://maya.net/esim/new-zealand,2026-10-04
maya,NZ,new-zealand,New Zealand,14 Days - Unlimited Global Data,0.0,14,unlimited,27.99,USD,,maya.net (official),https://maya.net/esim/new-zealand,2026-10-04
maya,NZ,new-zealand,New Zealand,30 Days Unlimited Global Data,0.0,30,unlimited,49.99,USD,,maya.net (official),https://maya.net/esim/new-zealand,2026-10-04
maya,NZ,new-zealand,New Zealand,3 Days - Unlimited Global + Cruise Data,0.0,3,unlimited,49.98,USD,,maya.net (official),https://maya.net/esim/new-zealand,2026-10-04
maya,NZ,new-zealand,New Zealand,3 Days Unlimited Global + Cruise Data,0.0,3,unlimited,49.99,USD,,maya.net (official),https://maya.net/esim/new-zealand,2026-10-04
maya,NZ,new-zealand,New Zealand,7 Days Unlimited Global + Cruise Data,0.0,7,unlimited,109.99,USD,,maya.net (official),https://maya.net/esim/new-zealand,2026-10-04
maya,NZ,new-zealand,New Zealand,14 Days - Unlimited Global + Cruise Data,0.0,14,unlimited,160.98,USD,,maya.net (official),https://maya.net/esim/new-zealand,2026-10-04
maya,NZ,new-zealand,New Zealand,14 Days Unlimited Global + Cruise Data,0.0,14,unlimited,160.99,USD,,maya.net (official),https://maya.net/esim/new-zealand,2026-10-04
maya,NZ,new-zealand,New Zealand,30 Days Unlimited Global + Cruise Data,0.0,30,unlimited,299.99,USD,,maya.net (official),https://maya.net/esim/new-zealand,2026-10-04
maya,PE,peru,Peru,3 Days - Unlimited Global Data,0.0,3,unlimited,9.99,USD,,maya.net (official),https://maya.net/esim/peru,2026-10-04
maya,PE,peru,Peru,7 Days Unlimited Global Data,0.0,7,unlimited,19.99,USD,,maya.net (official),https://maya.net/esim/peru,2026-10-04
maya,PE,peru,Peru,14 Days - Unlimited Global Data,0.0,14,unlimited,27.99,USD,,maya.net (official),https://maya.net/esim/peru,2026-10-04
maya,PE,peru,Peru,30 Days Unlimited Global Data,0.0,30,unlimited,49.99,USD,,maya.net (official),https://maya.net/esim/peru,2026-10-04
maya,PE,peru,Peru,3 Days - Unlimited Global + Cruise Data,0.0,3,unlimited,49.98,USD,,maya.net (official),https://maya.net/esim/peru,2026-10-04
maya,PE,peru,Peru,3 Days Unlimited Global + Cruise Data,0.0,3,unlimited,49.99,USD,,maya.net (official),https://maya.net/esim/peru,2026-10-04
maya,PE,peru,Peru,7 Days Unlimited Global + Cruise Data,0.0,7,unlimited,109.99,USD,,maya.net (official),https://maya.net/esim/peru,2026-10-04
maya,PE,peru,Peru,14 Days - Unlimited Global + Cruise Data,0.0,14,unlimited,160.98,USD,,maya.net (official),https://maya.net/esim/peru,2026-10-04
maya,PE,peru,Peru,14 Days Unlimited Global + Cruise Data,0.0,14,unlimited,160.99,USD,,maya.net (official),https://maya.net/esim/peru,2026-10-04
maya,PE,peru,Peru,30 Days Unlimited Global + Cruise Data,0.0,30,unlimited,299.99,USD,,maya.net (official),https://maya.net/esim/peru,2026-10-04
maya,PH,philippines,Philippines,3 Days - Unlimited Global Data,0.0,3,unlimited,9.99,USD,,maya.net (official),https://maya.net/esim/philippines,2026-10-04
maya,PH,philippines,Philippines,7 Days Unlimited Global Data,0.0,7,unlimited,19.99,USD,,maya.net (official),https://maya.net/esim/philippines,2026-10-04
maya,PH,philippines,Philippines,14 Days - Unlimited Global Data,0.0,14,unlimited,27.99,USD,,maya.net (official),https://maya.net/esim/philippines,2026-10-04
maya,PH,philippines,Philippines,30 Days Unlimited Global Data,0.0,30,unlimited,49.99,USD,,maya.net (official),https://maya.net/esim/philippines,2026-10-04
maya,PH,philippines,Philippines,3 Days - Unlimited Global + Cruise Data,0.0,3,unlimited,49.98,USD,,maya.net (official),https://maya.net/esim/philippines,2026-10-04
maya,PH,philippines,Philippines,3 Days Unlimited Global + Cruise Data,0.0,3,unlimited,49.99,USD,,maya.net (official),https://maya.net/esim/philippines,2026-10-04
maya,PH,philippines,Philippines,7 Days Unlimited Global + Cruise Data,0.0,7,unlimited,109.99,USD,,maya.net (official),https://maya.net/esim/philippines,2026-10-04
maya,PH,philippines,Philippines,14 Days - Unlimited Global + Cruise Data,0.0,14,unlimited,160.98,USD,,maya.net (official),https://maya.net/esim/philippines,2026-10-04
maya,PH,philippines,Philippines,14 Days Unlimited Global + Cruise Data,0.0,14,unlimited,160.99,USD,,maya.net (official),https://maya.net/esim/philippines,2026-10-04
maya,PH,philippines,Philippines,30 Days Unlimited Global + Cruise Data,0.0,30,unlimited,299.99,USD,,maya.net (official),https://maya.net/esim/philippines,2026-10-04
maya,PL,poland,Poland,3 Days - Unlimited Global Data,0.0,3,unlimited,9.99,USD,,maya.net (official),https://maya.net/esim/poland,2026-10-04
maya,PL,poland,Poland,7 Days Unlimited Global Data,0.0,7,unlimited,19.99,USD,,maya.net (official),https://maya.net/esim/poland,2026-10-04
maya,PL,poland,Poland,14 Days - Unlimited Global Data,0.0,14,unlimited,27.99,USD,,maya.net (official),https://maya.net/esim/poland,2026-10-04
maya,PL,poland,Poland,30 Days Unlimited Global Data,0.0,30,unlimited,49.99,USD,,maya.net (official),https://maya.net/esim/poland,2026-10-04
maya,PL,poland,Poland,3 Days - Unlimited Global + Cruise Data,0.0,3,unlimited,49.98,USD,,maya.net (official),https://maya.net/esim/poland,2026-10-04
maya,PL,poland,Poland,3 Days Unlimited Global + Cruise Data,0.0,3,unlimited,49.99,USD,,maya.net (official),https://maya.net/esim/poland,2026-10-04
maya,PL,poland,Poland,7 Days Unlimited Global + Cruise Data,0.0,7,unlimited,109.99,USD,,maya.net (official),https://maya.net/esim/poland,2026-10-04
maya,PL,poland,Poland,14 Days - Unlimited Global + Cruise Data,0.0,14,unlimited,160.98,USD,,maya.net (official),https://maya.net/esim/poland,2026-10-04
maya,PL,poland,Poland,14 Days Unlimited Global + Cruise Data,0.0,14,unlimited,160.99,USD,,maya.net (official),https://maya.net/esim/poland,2026-10-04
maya,PL,poland,Poland,30 Days Unlimited Global + Cruise Data,0.0,30,unlimited,299.99,USD,,maya.net (official),https://maya.net/esim/poland,2026-10-04
maya,PT,portugal,Portugal,3 Days - Unlimited Global Data,0.0,3,unlimited,9.99,USD,,maya.net (official),https://maya.net/esim/portugal,2026-10-04
maya,PT,portugal,Portugal,7 Days Unlimited Global Data,0.0,7,unlimited,19.99,USD,,maya.net (official),https://maya.net/esim/portugal,2026-10-04
maya,PT,portugal,Portugal,14 Days - Unlimited Global Data,0.0,14,unlimited,27.99,USD,,maya.net (official),https://maya.net/esim/portugal,2026-10-04
maya,PT,portugal,Portugal,30 Days Unlimited Global Data,0.0,30,unlimited,49.99,USD,,maya.net (official),https://maya.net/esim/portugal,2026-10-04
maya,PT,portugal,Portugal,3 Days - Unlimited Global + Cruise Data,0.0,3,unlimited,49.98,USD,,maya.net (official),https://maya.net/esim/portugal,2026-10-04
maya,PT,portugal,Portugal,3 Days Unlimited Global + Cruise Data,0.0,3,unlimited,49.99,USD,,maya.net (official),https://maya.net/esim/portugal,2026-10-04
maya,PT,portugal,Portugal,7 Days Unlimited Global + Cruise Data,0.0,7,unlimited,109.99,USD,,maya.net (official),https://maya.net/esim/portugal,2026-10-04
maya,PT,portugal,Portugal,14 Days - Unlimited Global + Cruise Data,0.0,14,unlimited,160.98,USD,,maya.net (official),https://maya.net/esim/portugal,2026-10-04
maya,PT,portugal,Portugal,14 Days Unlimited Global + Cruise Data,0.0,14,unlimited,160.99,USD,,maya.net (official),https://maya.net/esim/portugal,2026-10-04
maya,PT,portugal,Portugal,30 Days Unlimited Global + Cruise Data,0.0,30,unlimited,299.99,USD,,maya.net (official),https://maya.net/esim/portugal,2026-10-04
maya,QA,qatar,Qatar,3 Days - Unlimited Global Data,0.0,3,unlimited,9.99,USD,,maya.net (official),https://maya.net/esim/qatar,2026-10-04
maya,QA,qatar,Qatar,7 Days Unlimited Global Data,0.0,7,unlimited,19.99,USD,,maya.net (official),https://maya.net/esim/qatar,2026-10-04
maya,QA,qatar,Qatar,14 Days - Unlimited Global Data,0.0,14,unlimited,27.99,USD,,maya.net (official),https://maya.net/esim/qatar,2026-10-04
maya,QA,qatar,Qatar,30 Days Unlimited Global Data,0.0,30,unlimited,49.99,USD,,maya.net (official),https://maya.net/esim/qatar,2026-10-04
maya,QA,qatar,Qatar,3 Days - Unlimited Global + Cruise Data,0.0,3,unlimited,49.98,USD,,maya.net (official),https://maya.net/esim/qatar,2026-10-04
maya,QA,qatar,Qatar,3 Days Unlimited Global + Cruise Data,0.0,3,unlimited,49.99,USD,,maya.net (official),https://maya.net/esim/qatar,2026-10-04
maya,QA,qatar,Qatar,7 Days Unlimited Global + Cruise Data,0.0,7,unlimited,109.99,USD,,maya.net (official),https://maya.net/esim/qatar,2026-10-04
maya,QA,qatar,Qatar,14 Days - Unlimited Global + Cruise Data,0.0,14,unlimited,160.98,USD,,maya.net (official),https://maya.net/esim/qatar,2026-10-04
maya,QA,qatar,Qatar,14 Days Unlimited Global + Cruise Data,0.0,14,unlimited,160.99,USD,,maya.net (official),https://maya.net/esim/qatar,2026-10-04
maya,QA,qatar,Qatar,30 Days Unlimited Global + Cruise Data,0.0,30,unlimited,299.99,USD,,maya.net (official),https://maya.net/esim/qatar,2026-10-04
maya,SA,saudi-arabia,Saudi Arabia,3 Days - Unlimited Global Data,0.0,3,unlimited,9.99,USD,,maya.net (official),https://maya.net/esim/saudi-arabia,2026-10-04
maya,SA,saudi-arabia,Saudi Arabia,7 Days Unlimited Global Data,0.0,7,unlimited,19.99,USD,,maya.net (official),https://maya.net/esim/saudi-arabia,2026-10-04
maya,SA,saudi-arabia,Saudi Arabia,14 Days - Unlimited Global Data,0.0,14,unlimited,27.99,USD,,maya.net (official),https://maya.net/esim/saudi-arabia,2026-10-04
maya,SA,saudi-arabia,Saudi Arabia,30 Days Unlimited Global Data,0.0,30,unlimited,49.99,USD,,maya.net (official),https://maya.net/esim/saudi-arabia,2026-10-04
maya,SA,saudi-arabia,Saudi Arabia,3 Days - Unlimited Global + Cruise Data,0.0,3,unlimited,49.98,USD,,maya.net (official),https://maya.net/esim/saudi-arabia,2026-10-04
maya,SA,saudi-arabia,Saudi Arabia,3 Days Unlimited Global + Cruise Data,0.0,3,unlimited,49.99,USD,,maya.net (official),https://maya.net/esim/saudi-arabia,2026-10-04
maya,SA,saudi-arabia,Saudi Arabia,7 Days Unlimited Global + Cruise Data,0.0,7,unlimited,109.99,USD,,maya.net (official),https://maya.net/esim/saudi-arabia,2026-10-04
maya,SA,saudi-arabia,Saudi Arabia,14 Days - Unlimited Global + Cruise Data,0.0,14,unlimited,160.98,USD,,maya.net (official),https://maya.net/esim/saudi-arabia,2026-10-04
maya,SA,saudi-arabia,Saudi Arabia,14 Days Unlimited Global + Cruise Data,0.0,14,unlimited,160.99,USD,,maya.net (official),https://maya.net/esim/saudi-arabia,2026-10-04
maya,SA,saudi-arabia,Saudi Arabia,30 Days Unlimited Global + Cruise Data,0.0,30,unlimited,299.99,USD,,maya.net (official),https://maya.net/esim/saudi-arabia,2026-10-04
maya,SG,singapore,Singapore,3 Days - Unlimited Global Data,0.0,3,unlimited,9.99,USD,,maya.net (official),https://maya.net/esim/singapore,2026-10-04
maya,SG,singapore,Singapore,7 Days Unlimited Global Data,0.0,7,unlimited,19.99,USD,,maya.net (official),https://maya.net/esim/singapore,2026-10-04
maya,SG,singapore,Singapore,14 Days - Unlimited Global Data,0.0,14,unlimited,27.99,USD,,maya.net (official),https://maya.net/esim/singapore,2026-10-04
maya,SG,singapore,Singapore,30 Days Unlimited Global Data,0.0,30,unlimited,49.99,USD,,maya.net (official),https://maya.net/esim/singapore,2026-10-04
maya,SG,singapore,Singapore,3 Days - Unlimited Global + Cruise Data,0.0,3,unlimited,49.98,USD,,maya.net (official),https://maya.net/esim/singapore,2026-10-04
maya,SG,singapore,Singapore,3 Days Unlimited Global + Cruise Data,0.0,3,unlimited,49.99,USD,,maya.net (official),https://maya.net/esim/singapore,2026-10-04
maya,SG,singapore,Singapore,7 Days Unlimited Global + Cruise Data,0.0,7,unlimited,109.99,USD,,maya.net (official),https://maya.net/esim/singapore,2026-10-04
maya,SG,singapore,Singapore,14 Days - Unlimited Global + Cruise Data,0.0,14,unlimited,160.98,USD,,maya.net (official),https://maya.net/esim/singapore,2026-10-04
maya,SG,singapore,Singapore,14 Days Unlimited Global + Cruise Data,0.0,14,unlimited,160.99,USD,,maya.net (official),https://maya.net/esim/singapore,2026-10-04
maya,SG,singapore,Singapore,30 Days Unlimited Global + Cruise Data,0.0,30,unlimited,299.99,USD,,maya.net (official),https://maya.net/esim/singapore,2026-10-04
maya,TH,thailand,Thailand,3 Days - Unlimited Global Data,0.0,3,unlimited,9.99,USD,,maya.net (official),https://maya.net/esim/thailand,2026-10-04
maya,TH,thailand,Thailand,7 Days Unlimited Global Data,0.0,7,unlimited,19.99,USD,,maya.net (official),https://maya.net/esim/thailand,2026-10-04
maya,TH,thailand,Thailand,14 Days - Unlimited Global Data,0.0,14,unlimited,27.99,USD,,maya.net (official),https://maya.net/esim/thailand,2026-10-04
maya,TH,thailand,Thailand,30 Days Unlimited Global Data,0.0,30,unlimited,49.99,USD,,maya.net (official),https://maya.net/esim/thailand,2026-10-04
maya,TH,thailand,Thailand,3 Days - Unlimited Global + Cruise Data,0.0,3,unlimited,49.98,USD,,maya.net (official),https://maya.net/esim/thailand,2026-10-04
maya,TH,thailand,Thailand,3 Days Unlimited Global + Cruise Data,0.0,3,unlimited,49.99,USD,,maya.net (official),https://maya.net/esim/thailand,2026-10-04
maya,TH,thailand,Thailand,7 Days Unlimited Global + Cruise Data,0.0,7,unlimited,109.99,USD,,maya.net (official),https://maya.net/esim/thailand,2026-10-04
maya,TH,thailand,Thailand,14 Days - Unlimited Global + Cruise Data,0.0,14,unlimited,160.98,USD,,maya.net (official),https://maya.net/esim/thailand,2026-10-04
maya,TH,thailand,Thailand,14 Days Unlimited Global + Cruise Data,0.0,14,unlimited,160.99,USD,,maya.net (official),https://maya.net/esim/thailand,2026-10-04
maya,TH,thailand,Thailand,30 Days Unlimited Global + Cruise Data,0.0,30,unlimited,299.99,USD,,maya.net (official),https://maya.net/esim/thailand,2026-10-04
maya,TR,turkiye,Turkiye,3 Days - Unlimited Global Data,0.0,3,unlimited,9.99,USD,,maya.net (official),https://maya.net/esim/turkey,2026-10-04
maya,TR,turkiye,Turkiye,7 Days Unlimited Global Data,0.0,7,unlimited,19.99,USD,,maya.net (official),https://maya.net/esim/turkey,2026-10-04
maya,TR,turkiye,Turkiye,14 Days - Unlimited Global Data,0.0,14,unlimited,27.99,USD,,maya.net (official),https://maya.net/esim/turkey,2026-10-04
maya,TR,turkiye,Turkiye,30 Days Unlimited Global Data,0.0,30,unlimited,49.99,USD,,maya.net (official),https://maya.net/esim/turkey,2026-10-04
maya,TR,turkiye,Turkiye,3 Days - Unlimited Global + Cruise Data,0.0,3,unlimited,49.98,USD,,maya.net (official),https://maya.net/esim/turkey,2026-10-04
maya,TR,turkiye,Turkiye,3 Days Unlimited Global + Cruise Data,0.0,3,unlimited,49.99,USD,,maya.net (official),https://maya.net/esim/turkey,2026-10-04
maya,TR,turkiye,Turkiye,7 Days Unlimited Global + Cruise Data,0.0,7,unlimited,109.99,USD,,maya.net (official),https://maya.net/esim/turkey,2026-10-04
maya,TR,turkiye,Turkiye,14 Days - Unlimited Global + Cruise Data,0.0,14,unlimited,160.98,USD,,maya.net (official),https://maya.net/esim/turkey,2026-10-04
maya,TR,turkiye,Turkiye,14 Days Unlimited Global + Cruise Data,0.0,14,unlimited,160.99,USD,,maya.net (official),https://maya.net/esim/turkey,2026-10-04
maya,TR,turkiye,Turkiye,30 Days Unlimited Global + Cruise Data,0.0,30,unlimited,299.99,USD,,maya.net (official),https://maya.net/esim/turkey,2026-10-04
maya,TW,taiwan,Taiwan,3 Days - Unlimited Global Data,0.0,3,unlimited,9.99,USD,,maya.net (official),https://maya.net/esim/taiwan,2026-10-04
maya,TW,taiwan,Taiwan,7 Days Unlimited Global Data,0.0,7,unlimited,19.99,USD,,maya.net (official),https://maya.net/esim/taiwan,2026-10-04
maya,TW,taiwan,Taiwan,14 Days - Unlimited Global Data,0.0,14,unlimited,27.99,USD,,maya.net (official),https://maya.net/esim/taiwan,2026-10-04
maya,TW,taiwan,Taiwan,30 Days Unlimited Global Data,0.0,30,unlimited,49.99,USD,,maya.net (official),https://maya.net/esim/taiwan,2026-10-04
maya,TW,taiwan,Taiwan,3 Days - Unlimited Global + Cruise Data,0.0,3,unlimited,49.98,USD,,maya.net (official),https://maya.net/esim/taiwan,2026-10-04
maya,TW,taiwan,Taiwan,3 Days Unlimited Global + Cruise Data,0.0,3,unlimited,49.99,USD,,maya.net (official),https://maya.net/esim/taiwan,2026-10-04
maya,TW,taiwan,Taiwan,7 Days Unlimited Global + Cruise Data,0.0,7,unlimited,109.99,USD,,maya.net (official),https://maya.net/esim/taiwan,2026-10-04
maya,TW,taiwan,Taiwan,14 Days - Unlimited Global + Cruise Data,0.0,14,unlimited,160.98,USD,,maya.net (official),https://maya.net/esim/taiwan,2026-10-04
maya,TW,taiwan,Taiwan,14 Days Unlimited Global + Cruise Data,0.0,14,unlimited,160.99,USD,,maya.net (official),https://maya.net/esim/taiwan,2026-10-04
maya,TW,taiwan,Taiwan,30 Days Unlimited Global + Cruise Data,0.0,30,unlimited,299.99,USD,,maya.net (official),https://maya.net/esim/taiwan,2026-10-04
maya,US,united-states,United States,3 Days - Unlimited Global Data,0.0,3,unlimited,9.99,USD,,maya.net (official),https://maya.net/esim/usa,2026-10-04
maya,US,united-states,United States,7 Days Unlimited Global Data,0.0,7,unlimited,19.99,USD,,maya.net (official),https://maya.net/esim/usa,2026-10-04
maya,US,united-states,United States,14 Days - Unlimited Global Data,0.0,14,unlimited,27.99,USD,,maya.net (official),https://maya.net/esim/usa,2026-10-04
maya,US,united-states,United States,30 Days Unlimited Global Data,0.0,30,unlimited,49.99,USD,,maya.net (official),https://maya.net/esim/usa,2026-10-04
maya,US,united-states,United States,3 Days - Unlimited Global + Cruise Data,0.0,3,unlimited,49.98,USD,,maya.net (official),https://maya.net/esim/usa,2026-10-04
maya,US,united-states,United States,3 Days Unlimited Global + Cruise Data,0.0,3,unlimited,49.99,USD,,maya.net (official),https://maya.net/esim/usa,2026-10-04
maya,US,united-states,United States,7 Days Unlimited Global + Cruise Data,0.0,7,unlimited,109.99,USD,,maya.net (official),https://maya.net/esim/usa,2026-10-04
maya,US,united-states,United States,14 Days - Unlimited Global + Cruise Data,0.0,14,unlimited,160.98,USD,,maya.net (official),https://maya.net/esim/usa,2026-10-04
maya,US,united-states,United States,14 Days Unlimited Global + Cruise Data,0.0,14,unlimited,160.99,USD,,maya.net (official),https://maya.net/esim/usa,2026-10-04
maya,US,united-states,United States,30 Days Unlimited Global + Cruise Data,0.0,30,unlimited,299.99,USD,,maya.net (official),https://maya.net/esim/usa,2026-10-04
maya,VN,vietnam,Vietnam,3 Days - Unlimited Global Data,0.0,3,unlimited,9.99,USD,,maya.net (official),https://maya.net/esim/vietnam,2026-10-04
maya,VN,vietnam,Vietnam,7 Days Unlimited Global Data,0.0,7,unlimited,19.99,USD,,maya.net (official),https://maya.net/esim/vietnam,2026-10-04
maya,VN,vietnam,Vietnam,14 Days - Unlimited Global Data,0.0,14,unlimited,27.99,USD,,maya.net (official),https://maya.net/esim/vietnam,2026-10-04
maya,VN,vietnam,Vietnam,30 Days Unlimited Global Data,0.0,30,unlimited,49.99,USD,,maya.net (official),https://maya.net/esim/vietnam,2026-10-04
maya,VN,vietnam,Vietnam,3 Days - Unlimited Global + Cruise Data,0.0,3,unlimited,49.98,USD,,maya.net (official),https://maya.net/esim/vietnam,2026-10-04
maya,VN,vietnam,Vietnam,3 Days Unlimited Global + Cruise Data,0.0,3,unlimited,49.99,USD,,maya.net (official),https://maya.net/esim/vietnam,2026-10-04
maya,VN,vietnam,Vietnam,7 Days Unlimited Global + Cruise Data,0.0,7,unlimited,109.99,USD,,maya.net (official),https://maya.net/esim/vietnam,2026-10-04
maya,VN,vietnam,Vietnam,14 Days - Unlimited Global + Cruise Data,0.0,14,unlimited,160.98,USD,,maya.net (official),https://maya.net/esim/vietnam,2026-10-04
maya,VN,vietnam,Vietnam,14 Days Unlimited Global + Cruise Data,0.0,14,unlimited,160.99,USD,,maya.net (official),https://maya.net/esim/vietnam,2026-10-04
maya,VN,vietnam,Vietnam,30 Days Unlimited Global + Cruise Data,0.0,30,unlimited,299.99,USD,,maya.net (official),https://maya.net/esim/vietnam,2026-10-04
maya,ZA,south-africa,South Africa,3 Days - Unlimited Global Data,0.0,3,unlimited,9.99,USD,,maya.net (official),https://maya.net/esim/south-africa,2026-10-04
maya,ZA,south-africa,South Africa,7 Days Unlimited Global Data,0.0,7,unlimited,19.99,USD,,maya.net (official),https://maya.net/esim/south-africa,2026-10-04
maya,ZA,south-africa,South Africa,14 Days - Unlimited Global Data,0.0,14,unlimited,27.99,USD,,maya.net (official),https://maya.net/esim/south-africa,2026-10-04
maya,ZA,south-africa,South Africa,30 Days Unlimited Global Data,0.0,30,unlimited,49.99,USD,,maya.net (official),https://maya.net/esim/south-africa,2026-10-04
maya,ZA,south-africa,South Africa,3 Days - Unlimited Global + Cruise Data,0.0,3,unlimited,49.98,USD,,maya.net (official),https://maya.net/esim/south-africa,2026-10-04
maya,ZA,south-africa,South Africa,3 Days Unlimited Global + Cruise Data,0.0,3,unlimited,49.99,USD,,maya.net (official),https://maya.net/esim/south-africa,2026-10-04
maya,ZA,south-africa,South Africa,7 Days Unlimited Global + Cruise Data,0.0,7,unlimited,109.99,USD,,maya.net (official),https://maya.net/esim/south-africa,2026-10-04
maya,ZA,south-africa,South Africa,14 Days - Unlimited Global + Cruise Data,0.0,14,unlimited,160.98,USD,,maya.net (official),https://maya.net/esim/south-africa,2026-10-04
maya,ZA,south-africa,South Africa,14 Days Unlimited Global + Cruise Data,0.0,14,unlimited,160.99,USD,,maya.net (official),https://maya.net/esim/south-africa,2026-10-04
maya,ZA,south-africa,South Africa,30 Days Unlimited Global + Cruise Data,0.0,30,unlimited,299.99,USD,,maya.net (official),https://maya.net/esim/south-africa,2026-10-04
bnesim,AE,united-arab-emirates,United Arab Emirates,Surf 1 GB in United Arab Emirates,1.0,0,data,5.38,EUR,,bnesim.com (official API),https://www.bnesim.com/plans/ae/,2026-10-04
bnesim,AE,united-arab-emirates,United Arab Emirates,Surf 3 GB in United Arab Emirates,3.0,0,data,15.7,EUR,,bnesim.com (official API),https://www.bnesim.com/plans/ae/,2026-10-04
bnesim,AE,united-arab-emirates,United Arab Emirates,Surf 5 GB in United Arab Emirates,5.0,0,data,25.3,EUR,,bnesim.com (official API),https://www.bnesim.com/plans/ae/,2026-10-04
bnesim,AE,united-arab-emirates,United Arab Emirates,Surf 10 GB in United Arab Emirates,10.0,0,data,48.4,EUR,,bnesim.com (official API),https://www.bnesim.com/plans/ae/,2026-10-04
bnesim,AE,united-arab-emirates,United Arab Emirates,Surf 20 GB in United Arab Emirates,20.0,0,data,94.7,EUR,,bnesim.com (official API),https://www.bnesim.com/plans/ae/,2026-10-04
bnesim,AE,united-arab-emirates,United Arab Emirates,Surf 50 GB in United Arab Emirates,50.0,0,data,226.0,EUR,,bnesim.com (official API),https://www.bnesim.com/plans/ae/,2026-10-04
bnesim,AE,united-arab-emirates,United Arab Emirates,Surf 100 GB in United Arab Emirates,100.0,0,data,419.6,EUR,,bnesim.com (official API),https://www.bnesim.com/plans/ae/,2026-10-04
bnesim,AE,united-arab-emirates,United Arab Emirates,Surf 100 GB in United Arab Emirates for 30 days,100.0,30,data,148.35,EUR,,bnesim.com (official API),https://www.bnesim.com/plans/ae/,2026-10-04
bnesim,AE,united-arab-emirates,United Arab Emirates,Surf 1 GB in United Arab Emirates for 30 days,1.0,30,data,4.79,EUR,,bnesim.com (official API),https://www.bnesim.com/plans/ae/,2026-10-04
bnesim,AE,united-arab-emirates,United Arab Emirates,Surf 3 GB in United Arab Emirates for 30 days,3.0,30,data,13.98,EUR,,bnesim.com (official API),https://www.bnesim.com/plans/ae/,2026-10-04
bnesim,AE,united-arab-emirates,United Arab Emirates,Surf 5 GB in United Arab Emirates for 30 days,5.0,30,data,22.52,EUR,,bnesim.com (official API),https://www.bnesim.com/plans/ae/,2026-10-04
bnesim,AE,united-arab-emirates,United Arab Emirates,Surf 10 GB in United Arab Emirates for 30 days,10.0,30,data,28.75,EUR,,bnesim.com (official API),https://www.bnesim.com/plans/ae/,2026-10-04
bnesim,AE,united-arab-emirates,United Arab Emirates,Surf 20 GB in United Arab Emirates for 30 days,20.0,30,data,33.35,EUR,,bnesim.com (official API),https://www.bnesim.com/plans/ae/,2026-10-04
bnesim,AE,united-arab-emirates,United Arab Emirates,Surf 50 GB in United Arab Emirates for 30 days,50.0,30,data,79.35,EUR,,bnesim.com (official API),https://www.bnesim.com/plans/ae/,2026-10-04
bnesim,AR,argentina,Argentina,Surf 1 GB in Argentina,1.0,0,data,8.09,EUR,,bnesim.com (official API),https://www.bnesim.com/plans/ar/,2026-10-04
bnesim,AR,argentina,Argentina,Surf 3 GB in Argentina,3.0,0,data,23.59,EUR,,bnesim.com (official API),https://www.bnesim.com/plans/ar/,2026-10-04
bnesim,AR,argentina,Argentina,Surf 5 GB in Argentina,5.0,0,data,38.09,EUR,,bnesim.com (official API),https://www.bnesim.com/plans/ar/,2026-10-04
bnesim,AR,argentina,Argentina,Surf 10 GB in Argentina,10.0,0,data,72.89,EUR,,bnesim.com (official API),https://www.bnesim.com/plans/ar/,2026-10-04
bnesim,AR,argentina,Argentina,Surf 20 GB in Argentina,20.0,0,data,142.59,EUR,,bnesim.com (official API),https://www.bnesim.com/plans/ar/,2026-10-04
bnesim,AR,argentina,Argentina,Surf 20 GB in Argentina for 30 days,20.0,30,data,101.95,EUR,,bnesim.com (official API),https://www.bnesim.com/plans/ar/,2026-10-04
bnesim,AR,argentina,Argentina,Surf 1 GB in Argentina for 30 days,1.0,30,data,5.78,EUR,,bnesim.com (official API),https://www.bnesim.com/plans/ar/,2026-10-04
bnesim,AR,argentina,Argentina,Surf 3 GB in Argentina for 30 days,3.0,30,data,16.86,EUR,,bnesim.com (official API),https://www.bnesim.com/plans/ar/,2026-10-04
bnesim,AR,argentina,Argentina,Surf 5 GB in Argentina for 30 days,5.0,30,data,27.23,EUR,,bnesim.com (official API),https://www.bnesim.com/plans/ar/,2026-10-04
bnesim,AR,argentina,Argentina,Surf 10 GB in Argentina for 30 days,10.0,30,data,52.11,EUR,,bnesim.com (official API),https://www.bnesim.com/plans/ar/,2026-10-04
bnesim,AT,austria,Austria,Surf 1 GB in Austria,1.0,0,data,2.08,EUR,,bnesim.com (official API),https://www.bnesim.com/plans/at/,2026-10-04
bnesim,AT,austria,Austria,Surf 3 GB in Austria,3.0,0,data,6.09,EUR,,bnesim.com (official API),https://www.bnesim.com/plans/at/,2026-10-04
bnesim,AT,austria,Austria,Surf 5 GB in Austria,5.0,0,data,9.85,EUR,,bnesim.com (official API),https://www.bnesim.com/plans/at/,2026-10-04
bnesim,AT,austria,Austria,Surf 10 GB in Austria,10.0,0,data,18.88,EUR,,bnesim.com (official API),https://www.bnesim.com/plans/at/,2026-10-04
bnesim,AT,austria,Austria,Surf 20 GB in Austria,20.0,0,data,36.52,EUR,,bnesim.com (official API),https://www.bnesim.com/plans/at/,2026-10-04
bnesim,AT,austria,Austria,Surf 100 GB in Austria for 30 days,100.0,30,data,104.49,EUR,,bnesim.com (official API),https://www.bnesim.com/plans/at/,2026-10-04
bnesim,AT,austria,Austria,Surf 1 GB in Austria for 30 days,1.0,30,data,1.48,EUR,,bnesim.com (official API),https://www.bnesim.com/plans/at/,2026-10-04
bnesim,AT,austria,Austria,Surf 3 GB in Austria for 30 days,3.0,30,data,4.35,EUR,,bnesim.com (official API),https://www.bnesim.com/plans/at/,2026-10-04
bnesim,AT,austria,Austria,Surf 5 GB in Austria for 30 days,5.0,30,data,7.04,EUR,,bnesim.com (official API),https://www.bnesim.com/plans/at/,2026-10-04
bnesim,AT,austria,Austria,Surf 10 GB in Austria for 30 days,10.0,30,data,13.49,EUR,,bnesim.com (official API),https://www.bnesim.com/plans/at/,2026-10-04
bnesim,AT,austria,Austria,Surf 20 GB in Austria for 30 days,20.0,30,data,26.11,EUR,,bnesim.com (official API),https://www.bnesim.com/plans/at/,2026-10-04
bnesim,AT,austria,Austria,Surf 50 GB in Austria for 30 days,50.0,30,data,60.48,EUR,,bnesim.com (official API),https://www.bnesim.com/plans/at/,2026-10-04
bnesim,AU,australia,Australia,Surf 1 GB in Australia,1.0,0,data,3.04,EUR,,bnesim.com (official API),https://www.bnesim.com/plans/au/,2026-10-04
bnesim,AU,australia,Australia,Surf 3 GB in Australia,3.0,0,data,8.89,EUR,,bnesim.com (official API),https://www.bnesim.com/plans/au/,2026-10-04
bnesim,AU,australia,Australia,Surf 5 GB in Australia,5.0,0,data,14.29,EUR,,bnesim.com (official API),https://www.bnesim.com/plans/au/,2026-10-04
bnesim,AU,australia,Australia,Surf 10 GB in Australia,10.0,0,data,27.49,EUR,,bnesim.com (official API),https://www.bnesim.com/plans/au/,2026-10-04
bnesim,AU,australia,Australia,Surf 20 GB in Australia,20.0,0,data,53.69,EUR,,bnesim.com (official API),https://www.bnesim.com/plans/au/,2026-10-04
bnesim,AU,australia,Australia,Surf 20 GB in Australia for 30 days,20.0,30,data,47.79,EUR,,bnesim.com (official API),https://www.bnesim.com/plans/au/,2026-10-04
bnesim,AU,australia,Australia,Surf 1 GB in Australia for 30 days,1.0,30,data,2.71,EUR,,bnesim.com (official API),https://www.bnesim.com/plans/au/,2026-10-04
bnesim,AU,australia,Australia,Surf 3 GB in Australia for 30 days,3.0,30,data,7.91,EUR,,bnesim.com (official API),https://www.bnesim.com/plans/au/,2026-10-04
bnesim,AU,australia,Australia,Surf 5 GB in Australia for 30 days,5.0,30,data,12.72,EUR,,bnesim.com (official API),https://www.bnesim.com/plans/au/,2026-10-04
bnesim,AU,australia,Australia,Surf 10 GB in Australia for 30 days,10.0,30,data,24.47,EUR,,bnesim.com (official API),https://www.bnesim.com/plans/au/,2026-10-04
bnesim,BE,belgium,Belgium,Surf 1 GB in Belgium,1.0,0,data,2.08,EUR,,bnesim.com (official API),https://www.bnesim.com/plans/be/,2026-10-04
bnesim,BE,belgium,Belgium,Surf 3 GB in Belgium,3.0,0,data,6.09,EUR,,bnesim.com (official API),https://www.bnesim.com/plans/be/,2026-10-04
bnesim,BE,belgium,Belgium,Surf 5 GB in Belgium,5.0,0,data,9.85,EUR,,bnesim.com (official API),https://www.bnesim.com/plans/be/,2026-10-04
bnesim,BE,belgium,Belgium,Surf 10 GB in Belgium,10.0,0,data,18.88,EUR,,bnesim.com (official API),https://www.bnesim.com/plans/be/,2026-10-04
bnesim,BE,belgium,Belgium,Surf 20 GB in Belgium,20.0,0,data,36.52,EUR,,bnesim.com (official API),https://www.bnesim.com/plans/be/,2026-10-04
bnesim,BE,belgium,Belgium,Surf 100 GB in Belgium for 30 days,100.0,30,data,104.49,EUR,,bnesim.com (official API),https://www.bnesim.com/plans/be/,2026-10-04
bnesim,BE,belgium,Belgium,Surf 1 GB in Belgium for 30 days,1.0,30,data,1.48,EUR,,bnesim.com (official API),https://www.bnesim.com/plans/be/,2026-10-04
bnesim,BE,belgium,Belgium,Surf 3 GB in Belgium for 30 days,3.0,30,data,4.35,EUR,,bnesim.com (official API),https://www.bnesim.com/plans/be/,2026-10-04
bnesim,BE,belgium,Belgium,Surf 5 GB in Belgium for 30 days,5.0,30,data,7.04,EUR,,bnesim.com (official API),https://www.bnesim.com/plans/be/,2026-10-04
bnesim,BE,belgium,Belgium,Surf 10 GB in Belgium for 30 days,10.0,30,data,13.49,EUR,,bnesim.com (official API),https://www.bnesim.com/plans/be/,2026-10-04
bnesim,BE,belgium,Belgium,Surf 20 GB in Belgium for 30 days,20.0,30,data,26.11,EUR,,bnesim.com (official API),https://www.bnesim.com/plans/be/,2026-10-04
bnesim,BE,belgium,Belgium,Surf 50 GB in Belgium for 30 days,50.0,30,data,60.48,EUR,,bnesim.com (official API),https://www.bnesim.com/plans/be/,2026-10-04
bnesim,BR,brazil,Brazil,Surf 1 GB in Brazil,1.0,0,data,8.09,EUR,,bnesim.com (official API),https://www.bnesim.com/plans/br/,2026-10-04
bnesim,BR,brazil,Brazil,Surf 3 GB in Brazil,3.0,0,data,23.59,EUR,,bnesim.com (official API),https://www.bnesim.com/plans/br/,2026-10-04
bnesim,BR,brazil,Brazil,Surf 5 GB in Brazil,5.0,0,data,38.09,EUR,,bnesim.com (official API),https://www.bnesim.com/plans/br/,2026-10-04
bnesim,BR,brazil,Brazil,Surf 10 GB in Brazil,10.0,0,data,72.89,EUR,,bnesim.com (official API),https://www.bnesim.com/plans/br/,2026-10-04
bnesim,BR,brazil,Brazil,Surf 20 GB in Brazil,20.0,0,data,142.59,EUR,,bnesim.com (official API),https://www.bnesim.com/plans/br/,2026-10-04
bnesim,BR,brazil,Brazil,Surf 20 GB in Brazil for 30 days,20.0,30,data,101.95,EUR,,bnesim.com (official API),https://www.bnesim.com/plans/br/,2026-10-04
bnesim,BR,brazil,Brazil,Surf 1 GB in Brazil for 30 days,1.0,30,data,5.78,EUR,,bnesim.com (official API),https://www.bnesim.com/plans/br/,2026-10-04
bnesim,BR,brazil,Brazil,Surf 3 GB in Brazil for 30 days,3.0,30,data,16.86,EUR,,bnesim.com (official API),https://www.bnesim.com/plans/br/,2026-10-04
bnesim,BR,brazil,Brazil,Surf 5 GB in Brazil for 30 days,5.0,30,data,27.23,EUR,,bnesim.com (official API),https://www.bnesim.com/plans/br/,2026-10-04
bnesim,BR,brazil,Brazil,Surf 10 GB in Brazil for 30 days,10.0,30,data,52.11,EUR,,bnesim.com (official API),https://www.bnesim.com/plans/br/,2026-10-04
bnesim,CA,canada,Canada,Surf 1 GB in Canada,1.0,0,data,4.69,EUR,,bnesim.com (official API),https://www.bnesim.com/plans/ca/,2026-10-04
bnesim,CA,canada,Canada,Surf 3 GB in Canada,3.0,0,data,13.69,EUR,,bnesim.com (official API),https://www.bnesim.com/plans/ca/,2026-10-04
bnesim,CA,canada,Canada,Surf 5 GB in Canada,5.0,0,data,22.09,EUR,,bnesim.com (official API),https://www.bnesim.com/plans/ca/,2026-10-04
bnesim,CA,canada,Canada,Surf 10 GB in Canada,10.0,0,data,42.29,EUR,,bnesim.com (official API),https://www.bnesim.com/plans/ca/,2026-10-04
bnesim,CA,canada,Canada,Surf 20 GB in Canada,20.0,0,data,82.69,EUR,,bnesim.com (official API),https://www.bnesim.com/plans/ca/,2026-10-04
bnesim,CA,canada,Canada,Surf 20 GB in Canada for 30 days,20.0,30,data,59.12,EUR,,bnesim.com (official API),https://www.bnesim.com/plans/ca/,2026-10-04
bnesim,CA,canada,Canada,Surf 1 GB in Canada for 30 days,1.0,30,data,3.35,EUR,,bnesim.com (official API),https://www.bnesim.com/plans/ca/,2026-10-04
bnesim,CA,canada,Canada,Surf 3 GB in Canada for 30 days,3.0,30,data,9.79,EUR,,bnesim.com (official API),https://www.bnesim.com/plans/ca/,2026-10-04
bnesim,CA,canada,Canada,Surf 5 GB in Canada for 30 days,5.0,30,data,15.79,EUR,,bnesim.com (official API),https://www.bnesim.com/plans/ca/,2026-10-04
bnesim,CA,canada,Canada,Surf 10 GB in Canada for 30 days,10.0,30,data,30.23,EUR,,bnesim.com (official API),https://www.bnesim.com/plans/ca/,2026-10-04
bnesim,CH,switzerland,Switzerland,Surf 1 GB in Switzerland,1.0,0,data,2.08,EUR,,bnesim.com (official API),https://www.bnesim.com/plans/ch/,2026-10-04
bnesim,CH,switzerland,Switzerland,Surf 3 GB in Switzerland,3.0,0,data,6.09,EUR,,bnesim.com (official API),https://www.bnesim.com/plans/ch/,2026-10-04
bnesim,CH,switzerland,Switzerland,Surf 5 GB in Switzerland,5.0,0,data,9.85,EUR,,bnesim.com (official API),https://www.bnesim.com/plans/ch/,2026-10-04
bnesim,CH,switzerland,Switzerland,Surf 10 GB in Switzerland,10.0,0,data,18.88,EUR,,bnesim.com (official API),https://www.bnesim.com/plans/ch/,2026-10-04
bnesim,CH,switzerland,Switzerland,Surf 20 GB in Switzerland,20.0,0,data,36.52,EUR,,bnesim.com (official API),https://www.bnesim.com/plans/ch/,2026-10-04
bnesim,CH,switzerland,Switzerland,Surf 100 GB in Switzerland for 30 days,100.0,30,data,104.49,EUR,,bnesim.com (official API),https://www.bnesim.com/plans/ch/,2026-10-04
bnesim,CH,switzerland,Switzerland,Surf 1 GB in Switzerland for 30 days,1.0,30,data,1.48,EUR,,bnesim.com (official API),https://www.bnesim.com/plans/ch/,2026-10-04
bnesim,CH,switzerland,Switzerland,Surf 3 GB in Switzerland for 30 days,3.0,30,data,4.35,EUR,,bnesim.com (official API),https://www.bnesim.com/plans/ch/,2026-10-04
bnesim,CH,switzerland,Switzerland,Surf 5 GB in Switzerland for 30 days,5.0,30,data,7.04,EUR,,bnesim.com (official API),https://www.bnesim.com/plans/ch/,2026-10-04
bnesim,CH,switzerland,Switzerland,Surf 10 GB in Switzerland for 30 days,10.0,30,data,13.49,EUR,,bnesim.com (official API),https://www.bnesim.com/plans/ch/,2026-10-04
bnesim,CH,switzerland,Switzerland,Surf 20 GB in Switzerland for 30 days,20.0,30,data,26.11,EUR,,bnesim.com (official API),https://www.bnesim.com/plans/ch/,2026-10-04
bnesim,CH,switzerland,Switzerland,Surf 50 GB in Switzerland for 30 days,50.0,30,data,60.48,EUR,,bnesim.com (official API),https://www.bnesim.com/plans/ch/,2026-10-04
bnesim,CN,china,China,Surf 1 GB in China,1.0,0,data,3.58,EUR,,bnesim.com (official API),https://www.bnesim.com/plans/cn/,2026-10-04
bnesim,CN,china,China,Surf 3 GB in China,3.0,0,data,10.39,EUR,,bnesim.com (official API),https://www.bnesim.com/plans/cn/,2026-10-04
bnesim,CN,china,China,Surf 5 GB in China,5.0,0,data,16.89,EUR,,bnesim.com (official API),https://www.bnesim.com/plans/cn/,2026-10-04
bnesim,CN,china,China,Surf 10 GB in China,10.0,0,data,32.29,EUR,,bnesim.com (official API),https://www.bnesim.com/plans/cn/,2026-10-04
bnesim,CN,china,China,Surf 20 GB in China,20.0,0,data,63.19,EUR,,bnesim.com (official API),https://www.bnesim.com/plans/cn/,2026-10-04
bnesim,CN,china,China,Surf 100 GB in China for 30 days,100.0,30,data,294.75,EUR,,bnesim.com (official API),https://www.bnesim.com/plans/cn/,2026-10-04
bnesim,CN,china,China,Surf 1 GB in China for 30 days,1.0,30,data,3.19,EUR,,bnesim.com (official API),https://www.bnesim.com/plans/cn/,2026-10-04
bnesim,CN,china,China,Surf 3 GB in China for 30 days,3.0,30,data,9.25,EUR,,bnesim.com (official API),https://www.bnesim.com/plans/cn/,2026-10-04
bnesim,CN,china,China,Surf 5 GB in China for 30 days,5.0,30,data,15.03,EUR,,bnesim.com (official API),https://www.bnesim.com/plans/cn/,2026-10-04
bnesim,CN,china,China,Surf 10 GB in China for 30 days,10.0,30,data,28.74,EUR,,bnesim.com (official API),https://www.bnesim.com/plans/cn/,2026-10-04
bnesim,CN,china,China,Surf 20 GB in China for 30 days,20.0,30,data,56.25,EUR,,bnesim.com (official API),https://www.bnesim.com/plans/cn/,2026-10-04
bnesim,CN,china,China,Surf 50 GB in China for 30 days,50.0,30,data,274.69,EUR,,bnesim.com (official API),https://www.bnesim.com/plans/cn/,2026-10-04
bnesim,CO,colombia,Colombia,Surf 1 GB in Colombia,1.0,0,data,8.09,EUR,,bnesim.com (official API),https://www.bnesim.com/plans/co/,2026-10-04
bnesim,CO,colombia,Colombia,Surf 3 GB in Colombia,3.0,0,data,23.59,EUR,,bnesim.com (official API),https://www.bnesim.com/plans/co/,2026-10-04
bnesim,CO,colombia,Colombia,Surf 5 GB in Colombia,5.0,0,data,38.09,EUR,,bnesim.com (official API),https://www.bnesim.com/plans/co/,2026-10-04
bnesim,CO,colombia,Colombia,Surf 10 GB in Colombia,10.0,0,data,72.89,EUR,,bnesim.com (official API),https://www.bnesim.com/plans/co/,2026-10-04
bnesim,CO,colombia,Colombia,Surf 20 GB in Colombia,20.0,0,data,142.59,EUR,,bnesim.com (official API),https://www.bnesim.com/plans/co/,2026-10-04
bnesim,CO,colombia,Colombia,Surf 20 GB in Colombia for 30 days,20.0,30,data,101.95,EUR,,bnesim.com (official API),https://www.bnesim.com/plans/co/,2026-10-04
bnesim,CO,colombia,Colombia,Surf 1 GB in Colombia for 30 days,1.0,30,data,5.78,EUR,,bnesim.com (official API),https://www.bnesim.com/plans/co/,2026-10-04
bnesim,CO,colombia,Colombia,Surf 3 GB in Colombia for 30 days,3.0,30,data,16.86,EUR,,bnesim.com (official API),https://www.bnesim.com/plans/co/,2026-10-04
bnesim,CO,colombia,Colombia,Surf 5 GB in Colombia for 30 days,5.0,30,data,27.23,EUR,,bnesim.com (official API),https://www.bnesim.com/plans/co/,2026-10-04
bnesim,CO,colombia,Colombia,Surf 10 GB in Colombia for 30 days,10.0,30,data,52.11,EUR,,bnesim.com (official API),https://www.bnesim.com/plans/co/,2026-10-04
bnesim,CR,costa-rica,Costa Rica,Surf 1 GB in Costa Rica,1.0,0,data,8.09,EUR,,bnesim.com (official API),https://www.bnesim.com/plans/cr/,2026-10-04
bnesim,CR,costa-rica,Costa Rica,Surf 3 GB in Costa Rica,3.0,0,data,23.59,EUR,,bnesim.com (official API),https://www.bnesim.com/plans/cr/,2026-10-04
bnesim,CR,costa-rica,Costa Rica,Surf 5 GB in Costa Rica,5.0,0,data,38.09,EUR,,bnesim.com (official API),https://www.bnesim.com/plans/cr/,2026-10-04
bnesim,CR,costa-rica,Costa Rica,Surf 10 GB in Costa Rica,10.0,0,data,72.89,EUR,,bnesim.com (official API),https://www.bnesim.com/plans/cr/,2026-10-04
bnesim,CR,costa-rica,Costa Rica,Surf 20 GB in Costa Rica,20.0,0,data,142.59,EUR,,bnesim.com (official API),https://www.bnesim.com/plans/cr/,2026-10-04
bnesim,CR,costa-rica,Costa Rica,Surf 20 GB in Costa Rica for 30 days,20.0,30,data,101.95,EUR,,bnesim.com (official API),https://www.bnesim.com/plans/cr/,2026-10-04
bnesim,CR,costa-rica,Costa Rica,Surf 1 GB in Costa Rica for 30 days,1.0,30,data,5.78,EUR,,bnesim.com (official API),https://www.bnesim.com/plans/cr/,2026-10-04
bnesim,CR,costa-rica,Costa Rica,Surf 3 GB in Costa Rica for 30 days,3.0,30,data,16.86,EUR,,bnesim.com (official API),https://www.bnesim.com/plans/cr/,2026-10-04
bnesim,CR,costa-rica,Costa Rica,Surf 5 GB in Costa Rica for 30 days,5.0,30,data,27.23,EUR,,bnesim.com (official API),https://www.bnesim.com/plans/cr/,2026-10-04
bnesim,CR,costa-rica,Costa Rica,Surf 10 GB in Costa Rica for 30 days,10.0,30,data,52.11,EUR,,bnesim.com (official API),https://www.bnesim.com/plans/cr/,2026-10-04
bnesim,CZ,czechia,Czechia,Surf 1 GB in Czech Republic,1.0,0,data,2.08,EUR,,bnesim.com (official API),https://www.bnesim.com/plans/cz/,2026-10-04
bnesim,CZ,czechia,Czechia,Surf 3 GB in Czech Republic,3.0,0,data,6.09,EUR,,bnesim.com (official API),https://www.bnesim.com/plans/cz/,2026-10-04
bnesim,CZ,czechia,Czechia,Surf 5 GB in Czech Republic,5.0,0,data,9.85,EUR,,bnesim.com (official API),https://www.bnesim.com/plans/cz/,2026-10-04
bnesim,CZ,czechia,Czechia,Surf 10 GB in Czech Republic,10.0,0,data,18.88,EUR,,bnesim.com (official API),https://www.bnesim.com/plans/cz/,2026-10-04
bnesim,CZ,czechia,Czechia,Surf 20 GB in Czech Republic,20.0,0,data,36.52,EUR,,bnesim.com (official API),https://www.bnesim.com/plans/cz/,2026-10-04
bnesim,CZ,czechia,Czechia,Surf 100 GB in Czech Republic for 30 days,100.0,30,data,104.49,EUR,,bnesim.com (official API),https://www.bnesim.com/plans/cz/,2026-10-04
bnesim,CZ,czechia,Czechia,Surf 1 GB in Czech Republic for 30 days,1.0,30,data,1.48,EUR,,bnesim.com (official API),https://www.bnesim.com/plans/cz/,2026-10-04
bnesim,CZ,czechia,Czechia,Surf 3 GB in Czech Republic for 30 days,3.0,30,data,4.35,EUR,,bnesim.com (official API),https://www.bnesim.com/plans/cz/,2026-10-04
bnesim,CZ,czechia,Czechia,Surf 5 GB in Czech Republic for 30 days,5.0,30,data,7.04,EUR,,bnesim.com (official API),https://www.bnesim.com/plans/cz/,2026-10-04
bnesim,CZ,czechia,Czechia,Surf 10 GB in Czech Republic for 30 days,10.0,30,data,13.49,EUR,,bnesim.com (official API),https://www.bnesim.com/plans/cz/,2026-10-04
bnesim,CZ,czechia,Czechia,Surf 20 GB in Czech Republic for 30 days,20.0,30,data,26.11,EUR,,bnesim.com (official API),https://www.bnesim.com/plans/cz/,2026-10-04
bnesim,CZ,czechia,Czechia,Surf 50 GB in Czech Republic for 30 days,50.0,30,data,60.48,EUR,,bnesim.com (official API),https://www.bnesim.com/plans/cz/,2026-10-04
bnesim,DE,germany,Germany,Surf 1 GB in Germany,1.0,0,data,2.08,EUR,,bnesim.com (official API),https://www.bnesim.com/plans/de/,2026-10-04
bnesim,DE,germany,Germany,Surf 3 GB in Germany,3.0,0,data,6.09,EUR,,bnesim.com (official API),https://www.bnesim.com/plans/de/,2026-10-04
bnesim,DE,germany,Germany,Surf 5 GB in Germany,5.0,0,data,9.85,EUR,,bnesim.com (official API),https://www.bnesim.com/plans/de/,2026-10-04
bnesim,DE,germany,Germany,Surf 10 GB in Germany,10.0,0,data,18.88,EUR,,bnesim.com (official API),https://www.bnesim.com/plans/de/,2026-10-04
bnesim,DE,germany,Germany,Surf 20 GB in Germany,20.0,0,data,36.52,EUR,,bnesim.com (official API),https://www.bnesim.com/plans/de/,2026-10-04
bnesim,DE,germany,Germany,Surf 100 GB in Germany for 30 days,100.0,30,data,101.75,EUR,,bnesim.com (official API),https://www.bnesim.com/plans/de/,2026-10-04
bnesim,DE,germany,Germany,Surf 1 GB in Germany for 30 days,1.0,30,data,1.48,EUR,,bnesim.com (official API),https://www.bnesim.com/plans/de/,2026-10-04
bnesim,DE,germany,Germany,Surf 3 GB in Germany for 30 days,3.0,30,data,4.35,EUR,,bnesim.com (official API),https://www.bnesim.com/plans/de/,2026-10-04
bnesim,DE,germany,Germany,Surf 5 GB in Germany for 30 days,5.0,30,data,7.04,EUR,,bnesim.com (official API),https://www.bnesim.com/plans/de/,2026-10-04
bnesim,DE,germany,Germany,Surf 10 GB in Germany for 30 days,10.0,30,data,13.49,EUR,,bnesim.com (official API),https://www.bnesim.com/plans/de/,2026-10-04
bnesim,DE,germany,Germany,Surf 20 GB in Germany for 30 days,20.0,30,data,26.11,EUR,,bnesim.com (official API),https://www.bnesim.com/plans/de/,2026-10-04
bnesim,DE,germany,Germany,Surf 50 GB in Germany for 30 days,50.0,30,data,60.48,EUR,,bnesim.com (official API),https://www.bnesim.com/plans/de/,2026-10-04
bnesim,EG,egypt,Egypt,Surf 1 GB in Egypt,1.0,0,data,3.58,EUR,,bnesim.com (official API),https://www.bnesim.com/plans/eg/,2026-10-04
bnesim,EG,egypt,Egypt,Surf 3 GB in Egypt,3.0,0,data,10.39,EUR,,bnesim.com (official API),https://www.bnesim.com/plans/eg/,2026-10-04
bnesim,EG,egypt,Egypt,Surf 5 GB in Egypt,5.0,0,data,16.89,EUR,,bnesim.com (official API),https://www.bnesim.com/plans/eg/,2026-10-04
bnesim,EG,egypt,Egypt,Surf 10 GB in Egypt,10.0,0,data,32.29,EUR,,bnesim.com (official API),https://www.bnesim.com/plans/eg/,2026-10-04
bnesim,EG,egypt,Egypt,Surf 20 GB in Egypt,20.0,0,data,63.19,EUR,,bnesim.com (official API),https://www.bnesim.com/plans/eg/,2026-10-04
bnesim,EG,egypt,Egypt,Surf 50 GB in Egypt for 30 days,50.0,30,data,150.79,EUR,,bnesim.com (official API),https://www.bnesim.com/plans/eg/,2026-10-04
bnesim,EG,egypt,Egypt,Surf 1 GB in Egypt for 30 days,1.0,30,data,3.19,EUR,,bnesim.com (official API),https://www.bnesim.com/plans/eg/,2026-10-04
bnesim,EG,egypt,Egypt,Surf 3 GB in Egypt for 30 days,3.0,30,data,9.25,EUR,,bnesim.com (official API),https://www.bnesim.com/plans/eg/,2026-10-04
bnesim,EG,egypt,Egypt,Surf 5 GB in Egypt for 30 days,5.0,30,data,15.03,EUR,,bnesim.com (official API),https://www.bnesim.com/plans/eg/,2026-10-04
bnesim,EG,egypt,Egypt,Surf 10 GB in Egypt for 30 days,10.0,30,data,28.74,EUR,,bnesim.com (official API),https://www.bnesim.com/plans/eg/,2026-10-04
bnesim,EG,egypt,Egypt,Surf 20 GB in Egypt for 30 days,20.0,30,data,56.25,EUR,,bnesim.com (official API),https://www.bnesim.com/plans/eg/,2026-10-04
bnesim,ES,spain,Spain,Surf 1 GB in Spain,1.0,0,data,2.08,EUR,,bnesim.com (official API),https://www.bnesim.com/plans/es/,2026-10-04
bnesim,ES,spain,Spain,Surf 3 GB in Spain,3.0,0,data,6.09,EUR,,bnesim.com (official API),https://www.bnesim.com/plans/es/,2026-10-04
bnesim,ES,spain,Spain,Surf 5 GB in Spain,5.0,0,data,9.85,EUR,,bnesim.com (official API),https://www.bnesim.com/plans/es/,2026-10-04
bnesim,ES,spain,Spain,Surf 10 GB in Spain,10.0,0,data,18.88,EUR,,bnesim.com (official API),https://www.bnesim.com/plans/es/,2026-10-04
bnesim,ES,spain,Spain,Surf 20 GB in Spain,20.0,0,data,36.52,EUR,,bnesim.com (official API),https://www.bnesim.com/plans/es/,2026-10-04
bnesim,ES,spain,Spain,Surf 100 GB in Spain for 30 days,100.0,30,data,104.49,EUR,,bnesim.com (official API),https://www.bnesim.com/plans/es/,2026-10-04
bnesim,ES,spain,Spain,Surf 1 GB in Spain for 30 days,1.0,30,data,1.48,EUR,,bnesim.com (official API),https://www.bnesim.com/plans/es/,2026-10-04
bnesim,ES,spain,Spain,Surf 3 GB in Spain for 30 days,3.0,30,data,4.35,EUR,,bnesim.com (official API),https://www.bnesim.com/plans/es/,2026-10-04
bnesim,ES,spain,Spain,Surf 5 GB in Spain for 30 days,5.0,30,data,7.04,EUR,,bnesim.com (official API),https://www.bnesim.com/plans/es/,2026-10-04
bnesim,ES,spain,Spain,Surf 10 GB in Spain for 30 days,10.0,30,data,13.49,EUR,,bnesim.com (official API),https://www.bnesim.com/plans/es/,2026-10-04
bnesim,ES,spain,Spain,Surf 20 GB in Spain for 30 days,20.0,30,data,26.11,EUR,,bnesim.com (official API),https://www.bnesim.com/plans/es/,2026-10-04
bnesim,ES,spain,Spain,Surf 50 GB in Spain for 30 days,50.0,30,data,60.48,EUR,,bnesim.com (official API),https://www.bnesim.com/plans/es/,2026-10-04
bnesim,FJ,fiji,Fiji,Surf 1 GB in Fiji,1.0,0,data,55.19,EUR,,bnesim.com (official API),https://www.bnesim.com/plans/fj/,2026-10-04
bnesim,FJ,fiji,Fiji,Surf 3 GB in Fiji,3.0,0,data,160.6,EUR,,bnesim.com (official API),https://www.bnesim.com/plans/fj/,2026-10-04
bnesim,FJ,fiji,Fiji,Surf 5 GB in Fiji,5.0,0,data,259.4,EUR,,bnesim.com (official API),https://www.bnesim.com/plans/fj/,2026-10-04
bnesim,FJ,fiji,Fiji,Surf 10 GB in Fiji for 30 days,10.0,30,data,442.15,EUR,,bnesim.com (official API),https://www.bnesim.com/plans/fj/,2026-10-04
bnesim,FJ,fiji,Fiji,Surf 1 GB in Fiji for 30 days,1.0,30,data,49.13,EUR,,bnesim.com (official API),https://www.bnesim.com/plans/fj/,2026-10-04
bnesim,FJ,fiji,Fiji,Surf 3 GB in Fiji for 30 days,3.0,30,data,142.96,EUR,,bnesim.com (official API),https://www.bnesim.com/plans/fj/,2026-10-04
bnesim,FJ,fiji,Fiji,Surf 5 GB in Fiji for 30 days,5.0,30,data,230.91,EUR,,bnesim.com (official API),https://www.bnesim.com/plans/fj/,2026-10-04
bnesim,FR,france,France,Surf 1 GB in France,1.0,0,data,1.99,EUR,,bnesim.com (official API),https://www.bnesim.com/plans/fr/,2026-10-04
bnesim,FR,france,France,Surf 3 GB in France,3.0,0,data,5.79,EUR,,bnesim.com (official API),https://www.bnesim.com/plans/fr/,2026-10-04
bnesim,FR,france,France,Surf 5 GB in France,5.0,0,data,9.39,EUR,,bnesim.com (official API),https://www.bnesim.com/plans/fr/,2026-10-04
bnesim,FR,france,France,Surf 10 GB in France,10.0,0,data,17.99,EUR,,bnesim.com (official API),https://www.bnesim.com/plans/fr/,2026-10-04
bnesim,FR,france,France,Surf 20 GB in France,20.0,0,data,35.19,EUR,,bnesim.com (official API),https://www.bnesim.com/plans/fr/,2026-10-04
bnesim,FR,france,France,Surf 100 GB in France for 30 days,100.0,30,data,104.49,EUR,,bnesim.com (official API),https://www.bnesim.com/plans/fr/,2026-10-04
bnesim,FR,france,France,Surf 1 GB in France for 30 days,1.0,30,data,1.42,EUR,,bnesim.com (official API),https://www.bnesim.com/plans/fr/,2026-10-04
bnesim,FR,france,France,Surf 3 GB in France for 30 days,3.0,30,data,4.14,EUR,,bnesim.com (official API),https://www.bnesim.com/plans/fr/,2026-10-04
bnesim,FR,france,France,Surf 5 GB in France for 30 days,5.0,30,data,6.71,EUR,,bnesim.com (official API),https://www.bnesim.com/plans/fr/,2026-10-04
bnesim,FR,france,France,Surf 10 GB in France for 30 days,10.0,30,data,12.86,EUR,,bnesim.com (official API),https://www.bnesim.com/plans/fr/,2026-10-04
bnesim,FR,france,France,Surf 20 GB in France for 30 days,20.0,30,data,25.16,EUR,,bnesim.com (official API),https://www.bnesim.com/plans/fr/,2026-10-04
bnesim,FR,france,France,Surf 50 GB in France for 30 days,50.0,30,data,60.48,EUR,,bnesim.com (official API),https://www.bnesim.com/plans/fr/,2026-10-04
bnesim,GB,united-kingdom,United Kingdom,Surf 1 GB in United Kingdom,1.0,0,data,2.08,EUR,,bnesim.com (official API),https://www.bnesim.com/plans/gb/,2026-10-04
bnesim,GB,united-kingdom,United Kingdom,Surf 3 GB in United Kingdom,3.0,0,data,6.09,EUR,,bnesim.com (official API),https://www.bnesim.com/plans/gb/,2026-10-04
bnesim,GB,united-kingdom,United Kingdom,Surf 5 GB in United Kingdom,5.0,0,data,9.85,EUR,,bnesim.com (official API),https://www.bnesim.com/plans/gb/,2026-10-04
bnesim,GB,united-kingdom,United Kingdom,Surf 10 GB in United Kingdom,10.0,0,data,18.88,EUR,,bnesim.com (official API),https://www.bnesim.com/plans/gb/,2026-10-04
bnesim,GB,united-kingdom,United Kingdom,Surf 20 GB in United Kingdom,20.0,0,data,36.52,EUR,,bnesim.com (official API),https://www.bnesim.com/plans/gb/,2026-10-04
bnesim,GB,united-kingdom,United Kingdom,Surf 100 GB in United Kingdom for 30 days,100.0,30,data,104.49,EUR,,bnesim.com (official API),https://www.bnesim.com/plans/gb/,2026-10-04
bnesim,GB,united-kingdom,United Kingdom,Surf 1 GB in United Kingdom for 30 days,1.0,30,data,1.48,EUR,,bnesim.com (official API),https://www.bnesim.com/plans/gb/,2026-10-04
bnesim,GB,united-kingdom,United Kingdom,Surf 3 GB in United Kingdom for 30 days,3.0,30,data,4.35,EUR,,bnesim.com (official API),https://www.bnesim.com/plans/gb/,2026-10-04
bnesim,GB,united-kingdom,United Kingdom,Surf 5 GB in United Kingdom for 30 days,5.0,30,data,7.04,EUR,,bnesim.com (official API),https://www.bnesim.com/plans/gb/,2026-10-04
bnesim,GB,united-kingdom,United Kingdom,Surf 10 GB in United Kingdom for 30 days,10.0,30,data,13.49,EUR,,bnesim.com (official API),https://www.bnesim.com/plans/gb/,2026-10-04
bnesim,GB,united-kingdom,United Kingdom,Surf 20 GB in United Kingdom for 30 days,20.0,30,data,26.11,EUR,,bnesim.com (official API),https://www.bnesim.com/plans/gb/,2026-10-04
bnesim,GB,united-kingdom,United Kingdom,Surf 50 GB in United Kingdom for 30 days,50.0,30,data,60.48,EUR,,bnesim.com (official API),https://www.bnesim.com/plans/gb/,2026-10-04
bnesim,GE,georgia,Georgia,Surf 1 GB in Georgia,1.0,0,data,2.19,EUR,,bnesim.com (official API),https://www.bnesim.com/plans/ge/,2026-10-04
bnesim,GE,georgia,Georgia,Surf 3 GB in Georgia,3.0,0,data,6.39,EUR,,bnesim.com (official API),https://www.bnesim.com/plans/ge/,2026-10-04
bnesim,GE,georgia,Georgia,Surf 5 GB in Georgia,5.0,0,data,10.29,EUR,,bnesim.com (official API),https://www.bnesim.com/plans/ge/,2026-10-04
bnesim,GE,georgia,Georgia,Surf 10 GB in Georgia,10.0,0,data,19.79,EUR,,bnesim.com (official API),https://www.bnesim.com/plans/ge/,2026-10-04
bnesim,GE,georgia,Georgia,Surf 20 GB in Georgia,20.0,0,data,38.69,EUR,,bnesim.com (official API),https://www.bnesim.com/plans/ge/,2026-10-04
bnesim,GE,georgia,Georgia,Surf 20 GB in Georgia for 30 days,20.0,30,data,27.66,EUR,,bnesim.com (official API),https://www.bnesim.com/plans/ge/,2026-10-04
bnesim,GE,georgia,Georgia,Surf 1 GB in Georgia for 30 days,1.0,30,data,1.56,EUR,,bnesim.com (official API),https://www.bnesim.com/plans/ge/,2026-10-04
bnesim,GE,georgia,Georgia,Surf 3 GB in Georgia for 30 days,3.0,30,data,4.57,EUR,,bnesim.com (official API),https://www.bnesim.com/plans/ge/,2026-10-04
bnesim,GE,georgia,Georgia,Surf 5 GB in Georgia for 30 days,5.0,30,data,7.35,EUR,,bnesim.com (official API),https://www.bnesim.com/plans/ge/,2026-10-04
bnesim,GE,georgia,Georgia,Surf 10 GB in Georgia for 30 days,10.0,30,data,14.15,EUR,,bnesim.com (official API),https://www.bnesim.com/plans/ge/,2026-10-04
bnesim,GR,greece,Greece,Surf 1 GB in Greece,1.0,0,data,2.08,EUR,,bnesim.com (official API),https://www.bnesim.com/plans/gr/,2026-10-04
bnesim,GR,greece,Greece,Surf 3 GB in Greece,3.0,0,data,6.09,EUR,,bnesim.com (official API),https://www.bnesim.com/plans/gr/,2026-10-04
bnesim,GR,greece,Greece,Surf 5 GB in Greece,5.0,0,data,9.85,EUR,,bnesim.com (official API),https://www.bnesim.com/plans/gr/,2026-10-04
bnesim,GR,greece,Greece,Surf 10 GB in Greece,10.0,0,data,18.88,EUR,,bnesim.com (official API),https://www.bnesim.com/plans/gr/,2026-10-04
bnesim,GR,greece,Greece,Surf 20 GB in Greece,20.0,0,data,36.52,EUR,,bnesim.com (official API),https://www.bnesim.com/plans/gr/,2026-10-04
bnesim,GR,greece,Greece,Surf 100 GB in Greece for 30 days,100.0,30,data,104.49,EUR,,bnesim.com (official API),https://www.bnesim.com/plans/gr/,2026-10-04
bnesim,GR,greece,Greece,Surf 1 GB in Greece for 30 days,1.0,30,data,1.48,EUR,,bnesim.com (official API),https://www.bnesim.com/plans/gr/,2026-10-04
bnesim,GR,greece,Greece,Surf 3 GB in Greece for 30 days,3.0,30,data,4.35,EUR,,bnesim.com (official API),https://www.bnesim.com/plans/gr/,2026-10-04
bnesim,GR,greece,Greece,Surf 5 GB in Greece for 30 days,5.0,30,data,7.04,EUR,,bnesim.com (official API),https://www.bnesim.com/plans/gr/,2026-10-04
bnesim,GR,greece,Greece,Surf 10 GB in Greece for 30 days,10.0,30,data,13.49,EUR,,bnesim.com (official API),https://www.bnesim.com/plans/gr/,2026-10-04
bnesim,GR,greece,Greece,Surf 20 GB in Greece for 30 days,20.0,30,data,26.11,EUR,,bnesim.com (official API),https://www.bnesim.com/plans/gr/,2026-10-04
bnesim,GR,greece,Greece,Surf 50 GB in Greece for 30 days,50.0,30,data,60.48,EUR,,bnesim.com (official API),https://www.bnesim.com/plans/gr/,2026-10-04
bnesim,HR,croatia,Croatia,Surf 1 GB in Croatia,1.0,0,data,1.79,EUR,,bnesim.com (official API),https://www.bnesim.com/plans/hr/,2026-10-04
bnesim,HR,croatia,Croatia,Surf 3 GB in Croatia,3.0,0,data,5.19,EUR,,bnesim.com (official API),https://www.bnesim.com/plans/hr/,2026-10-04
bnesim,HR,croatia,Croatia,Surf 5 GB in Croatia,5.0,0,data,8.49,EUR,,bnesim.com (official API),https://www.bnesim.com/plans/hr/,2026-10-04
bnesim,HR,croatia,Croatia,Surf 10 GB in Croatia,10.0,0,data,16.19,EUR,,bnesim.com (official API),https://www.bnesim.com/plans/hr/,2026-10-04
bnesim,HR,croatia,Croatia,Surf 20 GB in Croatia,20.0,0,data,31.69,EUR,,bnesim.com (official API),https://www.bnesim.com/plans/hr/,2026-10-04
bnesim,HR,croatia,Croatia,Surf 100 GB in Croatia for 30 days,100.0,30,data,104.49,EUR,,bnesim.com (official API),https://www.bnesim.com/plans/hr/,2026-10-04
bnesim,HR,croatia,Croatia,Surf 1 GB in Croatia for 30 days,1.0,30,data,1.28,EUR,,bnesim.com (official API),https://www.bnesim.com/plans/hr/,2026-10-04
bnesim,HR,croatia,Croatia,Surf 3 GB in Croatia for 30 days,3.0,30,data,3.71,EUR,,bnesim.com (official API),https://www.bnesim.com/plans/hr/,2026-10-04
bnesim,HR,croatia,Croatia,Surf 5 GB in Croatia for 30 days,5.0,30,data,6.07,EUR,,bnesim.com (official API),https://www.bnesim.com/plans/hr/,2026-10-04
bnesim,HR,croatia,Croatia,Surf 10 GB in Croatia for 30 days,10.0,30,data,11.57,EUR,,bnesim.com (official API),https://www.bnesim.com/plans/hr/,2026-10-04
bnesim,HR,croatia,Croatia,Surf 20 GB in Croatia for 30 days,20.0,30,data,22.66,EUR,,bnesim.com (official API),https://www.bnesim.com/plans/hr/,2026-10-04
bnesim,HR,croatia,Croatia,Surf 50 GB in Croatia for 30 days,50.0,30,data,60.48,EUR,,bnesim.com (official API),https://www.bnesim.com/plans/hr/,2026-10-04
bnesim,ID,indonesia,Indonesia,Surf 1 GB in Indonesia,1.0,0,data,3.39,EUR,,bnesim.com (official API),https://www.bnesim.com/plans/id/,2026-10-04
bnesim,ID,indonesia,Indonesia,Surf 3 GB in Indonesia,3.0,0,data,9.89,EUR,,bnesim.com (official API),https://www.bnesim.com/plans/id/,2026-10-04
bnesim,ID,indonesia,Indonesia,Surf 5 GB in Indonesia,5.0,0,data,15.99,EUR,,bnesim.com (official API),https://www.bnesim.com/plans/id/,2026-10-04
bnesim,ID,indonesia,Indonesia,Surf 10 GB in Indonesia,10.0,0,data,30.59,EUR,,bnesim.com (official API),https://www.bnesim.com/plans/id/,2026-10-04
bnesim,ID,indonesia,Indonesia,Surf 20 GB in Indonesia,20.0,0,data,59.79,EUR,,bnesim.com (official API),https://www.bnesim.com/plans/id/,2026-10-04
bnesim,ID,indonesia,Indonesia,Surf 20 GB in Indonesia for 30 days,20.0,30,data,42.75,EUR,,bnesim.com (official API),https://www.bnesim.com/plans/id/,2026-10-04
bnesim,ID,indonesia,Indonesia,Surf 1 GB in Indonesia for 30 days,1.0,30,data,2.42,EUR,,bnesim.com (official API),https://www.bnesim.com/plans/id/,2026-10-04
bnesim,ID,indonesia,Indonesia,Surf 3 GB in Indonesia for 30 days,3.0,30,data,7.07,EUR,,bnesim.com (official API),https://www.bnesim.com/plans/id/,2026-10-04
bnesim,ID,indonesia,Indonesia,Surf 5 GB in Indonesia for 30 days,5.0,30,data,11.43,EUR,,bnesim.com (official API),https://www.bnesim.com/plans/id/,2026-10-04
bnesim,ID,indonesia,Indonesia,Surf 10 GB in Indonesia for 30 days,10.0,30,data,21.87,EUR,,bnesim.com (official API),https://www.bnesim.com/plans/id/,2026-10-04
bnesim,IE,ireland,Ireland,Surf 1 GB in Ireland,1.0,0,data,1.79,EUR,,bnesim.com (official API),https://www.bnesim.com/plans/ie/,2026-10-04
bnesim,IE,ireland,Ireland,Surf 3 GB in Ireland,3.0,0,data,5.19,EUR,,bnesim.com (official API),https://www.bnesim.com/plans/ie/,2026-10-04
bnesim,IE,ireland,Ireland,Surf 5 GB in Ireland,5.0,0,data,8.49,EUR,,bnesim.com (official API),https://www.bnesim.com/plans/ie/,2026-10-04
bnesim,IE,ireland,Ireland,Surf 10 GB in Ireland,10.0,0,data,16.19,EUR,,bnesim.com (official API),https://www.bnesim.com/plans/ie/,2026-10-04
bnesim,IE,ireland,Ireland,Surf 20 GB in Ireland,20.0,0,data,31.69,EUR,,bnesim.com (official API),https://www.bnesim.com/plans/ie/,2026-10-04
bnesim,IE,ireland,Ireland,Surf 100 GB in Ireland for 30 days,100.0,30,data,104.49,EUR,,bnesim.com (official API),https://www.bnesim.com/plans/ie/,2026-10-04
bnesim,IE,ireland,Ireland,Surf 1 GB in Ireland for 30 days,1.0,30,data,1.28,EUR,,bnesim.com (official API),https://www.bnesim.com/plans/ie/,2026-10-04
bnesim,IE,ireland,Ireland,Surf 3 GB in Ireland for 30 days,3.0,30,data,3.71,EUR,,bnesim.com (official API),https://www.bnesim.com/plans/ie/,2026-10-04
bnesim,IE,ireland,Ireland,Surf 5 GB in Ireland for 30 days,5.0,30,data,6.07,EUR,,bnesim.com (official API),https://www.bnesim.com/plans/ie/,2026-10-04
bnesim,IE,ireland,Ireland,Surf 10 GB in Ireland for 30 days,10.0,30,data,11.57,EUR,,bnesim.com (official API),https://www.bnesim.com/plans/ie/,2026-10-04
bnesim,IE,ireland,Ireland,Surf 20 GB in Ireland for 30 days,20.0,30,data,22.66,EUR,,bnesim.com (official API),https://www.bnesim.com/plans/ie/,2026-10-04
bnesim,IE,ireland,Ireland,Surf 50 GB in Ireland for 30 days,50.0,30,data,60.48,EUR,,bnesim.com (official API),https://www.bnesim.com/plans/ie/,2026-10-04
bnesim,IL,israel,Israel,Surf 1 GB in Israel,1.0,0,data,2.69,EUR,,bnesim.com (official API),https://www.bnesim.com/plans/il/,2026-10-04
bnesim,IL,israel,Israel,Surf 3 GB in Israel,3.0,0,data,7.89,EUR,,bnesim.com (official API),https://www.bnesim.com/plans/il/,2026-10-04
bnesim,IL,israel,Israel,Surf 5 GB in Israel,5.0,0,data,12.69,EUR,,bnesim.com (official API),https://www.bnesim.com/plans/il/,2026-10-04
bnesim,IL,israel,Israel,Surf 10 GB in Israel,10.0,0,data,24.29,EUR,,bnesim.com (official API),https://www.bnesim.com/plans/il/,2026-10-04
bnesim,IL,israel,Israel,Surf 20 GB in Israel,20.0,0,data,47.49,EUR,,bnesim.com (official API),https://www.bnesim.com/plans/il/,2026-10-04
bnesim,IL,israel,Israel,Surf 100 GB in Israel for 30 days,100.0,30,data,356.3,EUR,,bnesim.com (official API),https://www.bnesim.com/plans/il/,2026-10-04
bnesim,IL,israel,Israel,Surf 1 GB in Israel for 30 days,1.0,30,data,1.92,EUR,,bnesim.com (official API),https://www.bnesim.com/plans/il/,2026-10-04
bnesim,IL,israel,Israel,Surf 3 GB in Israel for 30 days,3.0,30,data,5.64,EUR,,bnesim.com (official API),https://www.bnesim.com/plans/il/,2026-10-04
bnesim,IL,israel,Israel,Surf 5 GB in Israel for 30 days,5.0,30,data,9.07,EUR,,bnesim.com (official API),https://www.bnesim.com/plans/il/,2026-10-04
bnesim,IL,israel,Israel,Surf 10 GB in Israel for 30 days,10.0,30,data,17.36,EUR,,bnesim.com (official API),https://www.bnesim.com/plans/il/,2026-10-04
bnesim,IL,israel,Israel,Surf 20 GB in Israel for 30 days,20.0,30,data,33.95,EUR,,bnesim.com (official API),https://www.bnesim.com/plans/il/,2026-10-04
bnesim,IL,israel,Israel,Surf 50 GB in Israel for 30 days,50.0,30,data,215.83,EUR,,bnesim.com (official API),https://www.bnesim.com/plans/il/,2026-10-04
bnesim,IN,india,India,Surf 1 GB in India,1.0,0,data,3.41,EUR,,bnesim.com (official API),https://www.bnesim.com/plans/in/,2026-10-04
bnesim,IN,india,India,Surf 3 GB in India,3.0,0,data,9.9,EUR,,bnesim.com (official API),https://www.bnesim.com/plans/in/,2026-10-04
bnesim,IN,india,India,Surf 5 GB in India,5.0,0,data,16.0,EUR,,bnesim.com (official API),https://www.bnesim.com/plans/in/,2026-10-04
bnesim,IN,india,India,Surf 10 GB in India,10.0,0,data,30.7,EUR,,bnesim.com (official API),https://www.bnesim.com/plans/in/,2026-10-04
bnesim,IN,india,India,Surf 20 GB in India,20.0,0,data,60.0,EUR,,bnesim.com (official API),https://www.bnesim.com/plans/in/,2026-10-04
bnesim,IN,india,India,Surf 50 GB in India for 30 days,50.0,30,data,95.22,EUR,,bnesim.com (official API),https://www.bnesim.com/plans/in/,2026-10-04
bnesim,IN,india,India,Surf 1 GB in India for 30 days,1.0,30,data,3.04,EUR,,bnesim.com (official API),https://www.bnesim.com/plans/in/,2026-10-04
bnesim,IN,india,India,Surf 3 GB in India for 30 days,3.0,30,data,8.55,EUR,,bnesim.com (official API),https://www.bnesim.com/plans/in/,2026-10-04
bnesim,IN,india,India,Surf 5 GB in India for 30 days,5.0,30,data,13.38,EUR,,bnesim.com (official API),https://www.bnesim.com/plans/in/,2026-10-04
bnesim,IN,india,India,Surf 10 GB in India for 30 days,10.0,30,data,24.6,EUR,,bnesim.com (official API),https://www.bnesim.com/plans/in/,2026-10-04
bnesim,IN,india,India,Surf 20 GB in India for 30 days,20.0,30,data,46.46,EUR,,bnesim.com (official API),https://www.bnesim.com/plans/in/,2026-10-04
bnesim,IS,iceland,Iceland,Surf 1 GB in Iceland,1.0,0,data,1.99,EUR,,bnesim.com (official API),https://www.bnesim.com/plans/is/,2026-10-04
bnesim,IS,iceland,Iceland,Surf 3 GB in Iceland,3.0,0,data,5.79,EUR,,bnesim.com (official API),https://www.bnesim.com/plans/is/,2026-10-04
bnesim,IS,iceland,Iceland,Surf 5 GB in Iceland,5.0,0,data,9.39,EUR,,bnesim.com (official API),https://www.bnesim.com/plans/is/,2026-10-04
bnesim,IS,iceland,Iceland,Surf 10 GB in Iceland,10.0,0,data,17.99,EUR,,bnesim.com (official API),https://www.bnesim.com/plans/is/,2026-10-04
bnesim,IS,iceland,Iceland,Surf 20 GB in Iceland,20.0,0,data,35.19,EUR,,bnesim.com (official API),https://www.bnesim.com/plans/is/,2026-10-04
bnesim,IS,iceland,Iceland,Surf 100 GB in Iceland for 30 days,100.0,30,data,104.49,EUR,,bnesim.com (official API),https://www.bnesim.com/plans/is/,2026-10-04
bnesim,IS,iceland,Iceland,Surf 1 GB in Iceland for 30 days,1.0,30,data,1.42,EUR,,bnesim.com (official API),https://www.bnesim.com/plans/is/,2026-10-04
bnesim,IS,iceland,Iceland,Surf 3 GB in Iceland for 30 days,3.0,30,data,4.14,EUR,,bnesim.com (official API),https://www.bnesim.com/plans/is/,2026-10-04
bnesim,IS,iceland,Iceland,Surf 5 GB in Iceland for 30 days,5.0,30,data,6.71,EUR,,bnesim.com (official API),https://www.bnesim.com/plans/is/,2026-10-04
bnesim,IS,iceland,Iceland,Surf 10 GB in Iceland for 30 days,10.0,30,data,12.86,EUR,,bnesim.com (official API),https://www.bnesim.com/plans/is/,2026-10-04
bnesim,IS,iceland,Iceland,Surf 20 GB in Iceland for 30 days,20.0,30,data,25.16,EUR,,bnesim.com (official API),https://www.bnesim.com/plans/is/,2026-10-04
bnesim,IS,iceland,Iceland,Surf 50 GB in Iceland for 30 days,50.0,30,data,60.48,EUR,,bnesim.com (official API),https://www.bnesim.com/plans/is/,2026-10-04
bnesim,IT,italy,Italy,Surf 1 GB in Italy,1.0,0,data,1.99,EUR,,bnesim.com (official API),https://www.bnesim.com/plans/it/,2026-10-04
bnesim,IT,italy,Italy,Surf 3 GB in Italy,3.0,0,data,5.79,EUR,,bnesim.com (official API),https://www.bnesim.com/plans/it/,2026-10-04
bnesim,IT,italy,Italy,Surf 5 GB in Italy,5.0,0,data,9.39,EUR,,bnesim.com (official API),https://www.bnesim.com/plans/it/,2026-10-04
bnesim,IT,italy,Italy,Surf 10 GB in Italy,10.0,0,data,17.99,EUR,,bnesim.com (official API),https://www.bnesim.com/plans/it/,2026-10-04
bnesim,IT,italy,Italy,Surf 20 GB in Italy,20.0,0,data,35.19,EUR,,bnesim.com (official API),https://www.bnesim.com/plans/it/,2026-10-04
bnesim,IT,italy,Italy,Surf 100 GB in Italy for 30 days,100.0,30,data,104.49,EUR,,bnesim.com (official API),https://www.bnesim.com/plans/it/,2026-10-04
bnesim,IT,italy,Italy,Surf 1 GB in Italy for 30 days,1.0,30,data,1.42,EUR,,bnesim.com (official API),https://www.bnesim.com/plans/it/,2026-10-04
bnesim,IT,italy,Italy,Surf 3 GB in Italy for 30 days,3.0,30,data,4.14,EUR,,bnesim.com (official API),https://www.bnesim.com/plans/it/,2026-10-04
bnesim,IT,italy,Italy,Surf 5 GB in Italy for 30 days,5.0,30,data,6.71,EUR,,bnesim.com (official API),https://www.bnesim.com/plans/it/,2026-10-04
bnesim,IT,italy,Italy,Surf 10 GB in Italy for 30 days,10.0,30,data,12.86,EUR,,bnesim.com (official API),https://www.bnesim.com/plans/it/,2026-10-04
bnesim,IT,italy,Italy,Surf 20 GB in Italy for 30 days,20.0,30,data,25.16,EUR,,bnesim.com (official API),https://www.bnesim.com/plans/it/,2026-10-04
bnesim,IT,italy,Italy,Surf 50 GB in Italy for 30 days,50.0,30,data,60.48,EUR,,bnesim.com (official API),https://www.bnesim.com/plans/it/,2026-10-04
bnesim,JP,japan,Japan,Surf 1 GB in Japan,1.0,0,data,2.69,EUR,,bnesim.com (official API),https://www.bnesim.com/plans/jp/,2026-10-04
bnesim,JP,japan,Japan,Surf 3 GB in Japan,3.0,0,data,7.85,EUR,,bnesim.com (official API),https://www.bnesim.com/plans/jp/,2026-10-04
bnesim,JP,japan,Japan,Surf 5 GB in Japan,5.0,0,data,12.68,EUR,,bnesim.com (official API),https://www.bnesim.com/plans/jp/,2026-10-04
bnesim,JP,japan,Japan,Surf 10 GB in Japan,10.0,0,data,24.29,EUR,,bnesim.com (official API),https://www.bnesim.com/plans/jp/,2026-10-04
bnesim,JP,japan,Japan,Surf 20 GB in Japan,20.0,0,data,46.97,EUR,,bnesim.com (official API),https://www.bnesim.com/plans/jp/,2026-10-04
bnesim,JP,japan,Japan,Surf 20 GB in Japan for 30 days,20.0,30,data,41.81,EUR,,bnesim.com (official API),https://www.bnesim.com/plans/jp/,2026-10-04
bnesim,JP,japan,Japan,Surf 1 GB in Japan for 30 days,1.0,30,data,2.39,EUR,,bnesim.com (official API),https://www.bnesim.com/plans/jp/,2026-10-04
bnesim,JP,japan,Japan,Surf 3 GB in Japan for 30 days,3.0,30,data,6.99,EUR,,bnesim.com (official API),https://www.bnesim.com/plans/jp/,2026-10-04
bnesim,JP,japan,Japan,Surf 5 GB in Japan for 30 days,5.0,30,data,11.29,EUR,,bnesim.com (official API),https://www.bnesim.com/plans/jp/,2026-10-04
bnesim,JP,japan,Japan,Surf 10 GB in Japan for 30 days,10.0,30,data,21.62,EUR,,bnesim.com (official API),https://www.bnesim.com/plans/jp/,2026-10-04
bnesim,KE,kenya,Kenya,Surf 1 GB in Kenya,1.0,0,data,13.29,EUR,,bnesim.com (official API),https://www.bnesim.com/plans/ke/,2026-10-04
bnesim,KE,kenya,Kenya,Surf 3 GB in Kenya,3.0,0,data,38.69,EUR,,bnesim.com (official API),https://www.bnesim.com/plans/ke/,2026-10-04
bnesim,KE,kenya,Kenya,Surf 5 GB in Kenya,5.0,0,data,62.49,EUR,,bnesim.com (official API),https://www.bnesim.com/plans/ke/,2026-10-04
bnesim,KE,kenya,Kenya,Surf 10 GB in Kenya,10.0,0,data,119.69,EUR,,bnesim.com (official API),https://www.bnesim.com/plans/ke/,2026-10-04
bnesim,KE,kenya,Kenya,Surf 20 GB in Kenya,20.0,0,data,234.09,EUR,,bnesim.com (official API),https://www.bnesim.com/plans/ke/,2026-10-04
bnesim,KE,kenya,Kenya,Surf 20 GB in Kenya for 30 days,20.0,30,data,208.39,EUR,,bnesim.com (official API),https://www.bnesim.com/plans/ke/,2026-10-04
bnesim,KE,kenya,Kenya,Surf 1 GB in Kenya for 30 days,1.0,30,data,11.84,EUR,,bnesim.com (official API),https://www.bnesim.com/plans/ke/,2026-10-04
bnesim,KE,kenya,Kenya,Surf 3 GB in Kenya for 30 days,3.0,30,data,34.45,EUR,,bnesim.com (official API),https://www.bnesim.com/plans/ke/,2026-10-04
bnesim,KE,kenya,Kenya,Surf 5 GB in Kenya for 30 days,5.0,30,data,55.64,EUR,,bnesim.com (official API),https://www.bnesim.com/plans/ke/,2026-10-04
bnesim,KE,kenya,Kenya,Surf 10 GB in Kenya for 30 days,10.0,30,data,106.55,EUR,,bnesim.com (official API),https://www.bnesim.com/plans/ke/,2026-10-04
bnesim,KR,south-korea,South Korea,Surf 1 GB in South Korea,1.0,0,data,4.07,EUR,,bnesim.com (official API),https://www.bnesim.com/plans/kr/,2026-10-04
bnesim,KR,south-korea,South Korea,Surf 3 GB in South Korea,3.0,0,data,5.69,EUR,,bnesim.com (official API),https://www.bnesim.com/plans/kr/,2026-10-04
bnesim,KR,south-korea,South Korea,Surf 10 GB in South Korea,10.0,0,data,17.69,EUR,,bnesim.com (official API),https://www.bnesim.com/plans/kr/,2026-10-04
bnesim,KR,south-korea,South Korea,Surf 5 GB in South Korea,5.0,0,data,19.24,EUR,,bnesim.com (official API),https://www.bnesim.com/plans/kr/,2026-10-04
bnesim,KR,south-korea,South Korea,Surf 20 GB in South Korea,20.0,0,data,71.31,EUR,,bnesim.com (official API),https://www.bnesim.com/plans/kr/,2026-10-04
bnesim,KR,south-korea,South Korea,Surf 100 GB in South Korea for 30 days,100.0,30,data,153.69,EUR,,bnesim.com (official API),https://www.bnesim.com/plans/kr/,2026-10-04
bnesim,KR,south-korea,South Korea,Surf 1 GB in South Korea for 30 days,1.0,30,data,3.62,EUR,,bnesim.com (official API),https://www.bnesim.com/plans/kr/,2026-10-04
bnesim,KR,south-korea,South Korea,Surf 3 GB in South Korea for 30 days,3.0,30,data,5.06,EUR,,bnesim.com (official API),https://www.bnesim.com/plans/kr/,2026-10-04
bnesim,KR,south-korea,South Korea,Surf 10 GB in South Korea for 30 days,10.0,30,data,15.75,EUR,,bnesim.com (official API),https://www.bnesim.com/plans/kr/,2026-10-04
bnesim,KR,south-korea,South Korea,Surf 5 GB in South Korea for 30 days,5.0,30,data,17.13,EUR,,bnesim.com (official API),https://www.bnesim.com/plans/kr/,2026-10-04
bnesim,KR,south-korea,South Korea,Surf 20 GB in South Korea for 30 days,20.0,30,data,30.88,EUR,,bnesim.com (official API),https://www.bnesim.com/plans/kr/,2026-10-04
bnesim,KR,south-korea,South Korea,Surf 50 GB in South Korea for 30 days,50.0,30,data,82.69,EUR,,bnesim.com (official API),https://www.bnesim.com/plans/kr/,2026-10-04
bnesim,MA,morocco,Morocco,Surf 1 GB in Morocco,1.0,0,data,4.47,EUR,,bnesim.com (official API),https://www.bnesim.com/plans/ma/,2026-10-04
bnesim,MA,morocco,Morocco,Surf 3 GB in Morocco,3.0,0,data,12.99,EUR,,bnesim.com (official API),https://www.bnesim.com/plans/ma/,2026-10-04
bnesim,MA,morocco,Morocco,Surf 5 GB in Morocco,5.0,0,data,21.09,EUR,,bnesim.com (official API),https://www.bnesim.com/plans/ma/,2026-10-04
bnesim,MA,morocco,Morocco,Surf 10 GB in Morocco,10.0,0,data,40.29,EUR,,bnesim.com (official API),https://www.bnesim.com/plans/ma/,2026-10-04
bnesim,MA,morocco,Morocco,Surf 20 GB in Morocco,20.0,0,data,78.79,EUR,,bnesim.com (official API),https://www.bnesim.com/plans/ma/,2026-10-04
bnesim,MA,morocco,Morocco,Surf 20 GB in Morocco for 30 days,20.0,30,data,70.14,EUR,,bnesim.com (official API),https://www.bnesim.com/plans/ma/,2026-10-04
bnesim,MA,morocco,Morocco,Surf 1 GB in Morocco for 30 days,1.0,30,data,3.98,EUR,,bnesim.com (official API),https://www.bnesim.com/plans/ma/,2026-10-04
bnesim,MA,morocco,Morocco,Surf 3 GB in Morocco for 30 days,3.0,30,data,11.56,EUR,,bnesim.com (official API),https://www.bnesim.com/plans/ma/,2026-10-04
bnesim,MA,morocco,Morocco,Surf 5 GB in Morocco for 30 days,5.0,30,data,18.77,EUR,,bnesim.com (official API),https://www.bnesim.com/plans/ma/,2026-10-04
bnesim,MA,morocco,Morocco,Surf 10 GB in Morocco for 30 days,10.0,30,data,35.86,EUR,,bnesim.com (official API),https://www.bnesim.com/plans/ma/,2026-10-04
bnesim,MX,mexico,Mexico,Surf 1 GB in Mexico,1.0,0,data,7.49,EUR,,bnesim.com (official API),https://www.bnesim.com/plans/mx/,2026-10-04
bnesim,MX,mexico,Mexico,Surf 3 GB in Mexico,3.0,0,data,21.79,EUR,,bnesim.com (official API),https://www.bnesim.com/plans/mx/,2026-10-04
bnesim,MX,mexico,Mexico,Surf 5 GB in Mexico,5.0,0,data,35.29,EUR,,bnesim.com (official API),https://www.bnesim.com/plans/mx/,2026-10-04
bnesim,MX,mexico,Mexico,Surf 10 GB in Mexico,10.0,0,data,67.49,EUR,,bnesim.com (official API),https://www.bnesim.com/plans/mx/,2026-10-04
bnesim,MX,mexico,Mexico,Surf 20 GB in Mexico,20.0,0,data,131.99,EUR,,bnesim.com (official API),https://www.bnesim.com/plans/mx/,2026-10-04
bnesim,MX,mexico,Mexico,Surf 20 GB in Mexico for 30 days,20.0,30,data,94.37,EUR,,bnesim.com (official API),https://www.bnesim.com/plans/mx/,2026-10-04
bnesim,MX,mexico,Mexico,Surf 1 GB in Mexico for 30 days,1.0,30,data,5.35,EUR,,bnesim.com (official API),https://www.bnesim.com/plans/mx/,2026-10-04
bnesim,MX,mexico,Mexico,Surf 3 GB in Mexico for 30 days,3.0,30,data,15.58,EUR,,bnesim.com (official API),https://www.bnesim.com/plans/mx/,2026-10-04
bnesim,MX,mexico,Mexico,Surf 5 GB in Mexico for 30 days,5.0,30,data,25.23,EUR,,bnesim.com (official API),https://www.bnesim.com/plans/mx/,2026-10-04
bnesim,MX,mexico,Mexico,Surf 10 GB in Mexico for 30 days,10.0,30,data,48.25,EUR,,bnesim.com (official API),https://www.bnesim.com/plans/mx/,2026-10-04
bnesim,MY,malaysia,Malaysia,Surf 1 GB in Malaysia,1.0,0,data,4.08,EUR,,bnesim.com (official API),https://www.bnesim.com/plans/my/,2026-10-04
bnesim,MY,malaysia,Malaysia,Surf 3 GB in Malaysia,3.0,0,data,11.91,EUR,,bnesim.com (official API),https://www.bnesim.com/plans/my/,2026-10-04
bnesim,MY,malaysia,Malaysia,Surf 5 GB in Malaysia,5.0,0,data,19.25,EUR,,bnesim.com (official API),https://www.bnesim.com/plans/my/,2026-10-04
bnesim,MY,malaysia,Malaysia,Surf 10 GB in Malaysia,10.0,0,data,36.88,EUR,,bnesim.com (official API),https://www.bnesim.com/plans/my/,2026-10-04
bnesim,MY,malaysia,Malaysia,Surf 20 GB in Malaysia,20.0,0,data,71.32,EUR,,bnesim.com (official API),https://www.bnesim.com/plans/my/,2026-10-04
bnesim,MY,malaysia,Malaysia,Surf 20 GB in Malaysia for 30 days,20.0,30,data,50.99,EUR,,bnesim.com (official API),https://www.bnesim.com/plans/my/,2026-10-04
bnesim,MY,malaysia,Malaysia,Surf 1 GB in Malaysia for 30 days,1.0,30,data,2.91,EUR,,bnesim.com (official API),https://www.bnesim.com/plans/my/,2026-10-04
bnesim,MY,malaysia,Malaysia,Surf 3 GB in Malaysia for 30 days,3.0,30,data,8.51,EUR,,bnesim.com (official API),https://www.bnesim.com/plans/my/,2026-10-04
bnesim,MY,malaysia,Malaysia,Surf 5 GB in Malaysia for 30 days,5.0,30,data,13.76,EUR,,bnesim.com (official API),https://www.bnesim.com/plans/my/,2026-10-04
bnesim,MY,malaysia,Malaysia,Surf 10 GB in Malaysia for 30 days,10.0,30,data,26.36,EUR,,bnesim.com (official API),https://www.bnesim.com/plans/my/,2026-10-04
bnesim,NL,netherlands,Netherlands,Surf 1 GB in Netherlands,1.0,0,data,1.99,EUR,,bnesim.com (official API),https://www.bnesim.com/plans/nl/,2026-10-04
bnesim,NL,netherlands,Netherlands,Surf 3 GB in Netherlands,3.0,0,data,5.79,EUR,,bnesim.com (official API),https://www.bnesim.com/plans/nl/,2026-10-04
bnesim,NL,netherlands,Netherlands,Surf 5 GB in Netherlands,5.0,0,data,9.39,EUR,,bnesim.com (official API),https://www.bnesim.com/plans/nl/,2026-10-04
bnesim,NL,netherlands,Netherlands,Surf 10 GB in Netherlands,10.0,0,data,17.99,EUR,,bnesim.com (official API),https://www.bnesim.com/plans/nl/,2026-10-04
bnesim,NL,netherlands,Netherlands,Surf 20 GB in Netherlands,20.0,0,data,35.19,EUR,,bnesim.com (official API),https://www.bnesim.com/plans/nl/,2026-10-04
bnesim,NL,netherlands,Netherlands,Surf 100 GB in Netherlands for 30 days,100.0,30,data,104.49,EUR,,bnesim.com (official API),https://www.bnesim.com/plans/nl/,2026-10-04
bnesim,NL,netherlands,Netherlands,Surf 1 GB in Netherlands for 30 days,1.0,30,data,1.42,EUR,,bnesim.com (official API),https://www.bnesim.com/plans/nl/,2026-10-04
bnesim,NL,netherlands,Netherlands,Surf 3 GB in Netherlands for 30 days,3.0,30,data,4.14,EUR,,bnesim.com (official API),https://www.bnesim.com/plans/nl/,2026-10-04
bnesim,NL,netherlands,Netherlands,Surf 5 GB in Netherlands for 30 days,5.0,30,data,6.71,EUR,,bnesim.com (official API),https://www.bnesim.com/plans/nl/,2026-10-04
bnesim,NL,netherlands,Netherlands,Surf 10 GB in Netherlands for 30 days,10.0,30,data,12.86,EUR,,bnesim.com (official API),https://www.bnesim.com/plans/nl/,2026-10-04
bnesim,NL,netherlands,Netherlands,Surf 20 GB in Netherlands for 30 days,20.0,30,data,25.16,EUR,,bnesim.com (official API),https://www.bnesim.com/plans/nl/,2026-10-04
bnesim,NL,netherlands,Netherlands,Surf 50 GB in Netherlands for 30 days,50.0,30,data,60.48,EUR,,bnesim.com (official API),https://www.bnesim.com/plans/nl/,2026-10-04
bnesim,NZ,new-zealand,New Zealand,Surf 1 GB in New Zealand,1.0,0,data,2.99,EUR,,bnesim.com (official API),https://www.bnesim.com/plans/nz/,2026-10-04
bnesim,NZ,new-zealand,New Zealand,Surf 3 GB in New Zealand,3.0,0,data,8.69,EUR,,bnesim.com (official API),https://www.bnesim.com/plans/nz/,2026-10-04
bnesim,NZ,new-zealand,New Zealand,Surf 5 GB in New Zealand,5.0,0,data,14.09,EUR,,bnesim.com (official API),https://www.bnesim.com/plans/nz/,2026-10-04
bnesim,NZ,new-zealand,New Zealand,Surf 10 GB in New Zealand,10.0,0,data,26.99,EUR,,bnesim.com (official API),https://www.bnesim.com/plans/nz/,2026-10-04
bnesim,NZ,new-zealand,New Zealand,Surf 20 GB in New Zealand,20.0,0,data,52.79,EUR,,bnesim.com (official API),https://www.bnesim.com/plans/nz/,2026-10-04
bnesim,NZ,new-zealand,New Zealand,Surf 20 GB in New Zealand for 30 days,20.0,30,data,37.74,EUR,,bnesim.com (official API),https://www.bnesim.com/plans/nz/,2026-10-04
bnesim,NZ,new-zealand,New Zealand,Surf 1 GB in New Zealand for 30 days,1.0,30,data,2.14,EUR,,bnesim.com (official API),https://www.bnesim.com/plans/nz/,2026-10-04
bnesim,NZ,new-zealand,New Zealand,Surf 3 GB in New Zealand for 30 days,3.0,30,data,6.21,EUR,,bnesim.com (official API),https://www.bnesim.com/plans/nz/,2026-10-04
bnesim,NZ,new-zealand,New Zealand,Surf 5 GB in New Zealand for 30 days,5.0,30,data,10.07,EUR,,bnesim.com (official API),https://www.bnesim.com/plans/nz/,2026-10-04
bnesim,NZ,new-zealand,New Zealand,Surf 10 GB in New Zealand for 30 days,10.0,30,data,19.3,EUR,,bnesim.com (official API),https://www.bnesim.com/plans/nz/,2026-10-04
bnesim,PE,peru,Peru,Surf 1 GB in Peru,1.0,0,data,8.09,EUR,,bnesim.com (official API),https://www.bnesim.com/plans/pe/,2026-10-04
bnesim,PE,peru,Peru,Surf 3 GB in Peru,3.0,0,data,23.59,EUR,,bnesim.com (official API),https://www.bnesim.com/plans/pe/,2026-10-04
bnesim,PE,peru,Peru,Surf 5 GB in Peru,5.0,0,data,38.09,EUR,,bnesim.com (official API),https://www.bnesim.com/plans/pe/,2026-10-04
bnesim,PE,peru,Peru,Surf 10 GB in Peru,10.0,0,data,72.89,EUR,,bnesim.com (official API),https://www.bnesim.com/plans/pe/,2026-10-04
bnesim,PE,peru,Peru,Surf 20 GB in Peru,20.0,0,data,142.59,EUR,,bnesim.com (official API),https://www.bnesim.com/plans/pe/,2026-10-04
bnesim,PE,peru,Peru,Surf 20 GB in Peru for 30 days,20.0,30,data,101.95,EUR,,bnesim.com (official API),https://www.bnesim.com/plans/pe/,2026-10-04
bnesim,PE,peru,Peru,Surf 1 GB in Peru for 30 days,1.0,30,data,5.78,EUR,,bnesim.com (official API),https://www.bnesim.com/plans/pe/,2026-10-04
bnesim,PE,peru,Peru,Surf 3 GB in Peru for 30 days,3.0,30,data,16.86,EUR,,bnesim.com (official API),https://www.bnesim.com/plans/pe/,2026-10-04
bnesim,PE,peru,Peru,Surf 5 GB in Peru for 30 days,5.0,30,data,27.23,EUR,,bnesim.com (official API),https://www.bnesim.com/plans/pe/,2026-10-04
bnesim,PE,peru,Peru,Surf 10 GB in Peru for 30 days,10.0,30,data,52.11,EUR,,bnesim.com (official API),https://www.bnesim.com/plans/pe/,2026-10-04
bnesim,PH,philippines,Philippines,Surf 1 GB in Philippines,1.0,0,data,4.08,EUR,,bnesim.com (official API),https://www.bnesim.com/plans/ph/,2026-10-04
bnesim,PH,philippines,Philippines,Surf 3 GB in Philippines,3.0,0,data,11.91,EUR,,bnesim.com (official API),https://www.bnesim.com/plans/ph/,2026-10-04
bnesim,PH,philippines,Philippines,Surf 5 GB in Philippines,5.0,0,data,19.25,EUR,,bnesim.com (official API),https://www.bnesim.com/plans/ph/,2026-10-04
bnesim,PH,philippines,Philippines,Surf 10 GB in Philippines,10.0,0,data,36.88,EUR,,bnesim.com (official API),https://www.bnesim.com/plans/ph/,2026-10-04
bnesim,PH,philippines,Philippines,Surf 20 GB in Philippines,20.0,0,data,71.32,EUR,,bnesim.com (official API),https://www.bnesim.com/plans/ph/,2026-10-04
bnesim,PH,philippines,Philippines,Surf 20 GB in Philippines for 30 days,20.0,30,data,50.99,EUR,,bnesim.com (official API),https://www.bnesim.com/plans/ph/,2026-10-04
bnesim,PH,philippines,Philippines,Surf 1 GB in Philippines for 30 days,1.0,30,data,2.91,EUR,,bnesim.com (official API),https://www.bnesim.com/plans/ph/,2026-10-04
bnesim,PH,philippines,Philippines,Surf 3 GB in Philippines for 30 days,3.0,30,data,8.51,EUR,,bnesim.com (official API),https://www.bnesim.com/plans/ph/,2026-10-04
bnesim,PH,philippines,Philippines,Surf 5 GB in Philippines for 30 days,5.0,30,data,13.76,EUR,,bnesim.com (official API),https://www.bnesim.com/plans/ph/,2026-10-04
bnesim,PH,philippines,Philippines,Surf 10 GB in Philippines for 30 days,10.0,30,data,26.36,EUR,,bnesim.com (official API),https://www.bnesim.com/plans/ph/,2026-10-04
bnesim,PL,poland,Poland,Surf 1 GB in Poland,1.0,0,data,1.99,EUR,,bnesim.com (official API),https://www.bnesim.com/plans/pl/,2026-10-04
bnesim,PL,poland,Poland,Surf 3 GB in Poland,3.0,0,data,5.79,EUR,,bnesim.com (official API),https://www.bnesim.com/plans/pl/,2026-10-04
bnesim,PL,poland,Poland,Surf 5 GB in Poland,5.0,0,data,9.39,EUR,,bnesim.com (official API),https://www.bnesim.com/plans/pl/,2026-10-04
bnesim,PL,poland,Poland,Surf 10 GB in Poland,10.0,0,data,17.99,EUR,,bnesim.com (official API),https://www.bnesim.com/plans/pl/,2026-10-04
bnesim,PL,poland,Poland,Surf 20 GB in Poland,20.0,0,data,35.19,EUR,,bnesim.com (official API),https://www.bnesim.com/plans/pl/,2026-10-04
bnesim,PL,poland,Poland,Surf 20 GB in Poland for 30 days,20.0,30,data,25.16,EUR,,bnesim.com (official API),https://www.bnesim.com/plans/pl/,2026-10-04
bnesim,PL,poland,Poland,Surf 1 GB in Poland for 30 days,1.0,30,data,1.42,EUR,,bnesim.com (official API),https://www.bnesim.com/plans/pl/,2026-10-04
bnesim,PL,poland,Poland,Surf 3 GB in Poland for 30 days,3.0,30,data,4.14,EUR,,bnesim.com (official API),https://www.bnesim.com/plans/pl/,2026-10-04
bnesim,PL,poland,Poland,Surf 5 GB in Poland for 30 days,5.0,30,data,6.71,EUR,,bnesim.com (official API),https://www.bnesim.com/plans/pl/,2026-10-04
bnesim,PL,poland,Poland,Surf 10 GB in Poland for 30 days,10.0,30,data,12.86,EUR,,bnesim.com (official API),https://www.bnesim.com/plans/pl/,2026-10-04
bnesim,PT,portugal,Portugal,Surf 1 GB in Portugal,1.0,0,data,1.79,EUR,,bnesim.com (official API),https://www.bnesim.com/plans/pt/,2026-10-04
bnesim,PT,portugal,Portugal,Surf 3 GB in Portugal,3.0,0,data,5.19,EUR,,bnesim.com (official API),https://www.bnesim.com/plans/pt/,2026-10-04
bnesim,PT,portugal,Portugal,Surf 5 GB in Portugal,5.0,0,data,8.49,EUR,,bnesim.com (official API),https://www.bnesim.com/plans/pt/,2026-10-04
bnesim,PT,portugal,Portugal,Surf 10 GB in Portugal,10.0,0,data,16.19,EUR,,bnesim.com (official API),https://www.bnesim.com/plans/pt/,2026-10-04
bnesim,PT,portugal,Portugal,Surf 20 GB in Portugal,20.0,0,data,31.69,EUR,,bnesim.com (official API),https://www.bnesim.com/plans/pt/,2026-10-04
bnesim,PT,portugal,Portugal,Surf 100 GB in Portugal for 30 days,100.0,30,data,104.49,EUR,,bnesim.com (official API),https://www.bnesim.com/plans/pt/,2026-10-04
bnesim,PT,portugal,Portugal,Surf 1 GB in Portugal for 30 days,1.0,30,data,1.28,EUR,,bnesim.com (official API),https://www.bnesim.com/plans/pt/,2026-10-04
bnesim,PT,portugal,Portugal,Surf 3 GB in Portugal for 30 days,3.0,30,data,3.71,EUR,,bnesim.com (official API),https://www.bnesim.com/plans/pt/,2026-10-04
bnesim,PT,portugal,Portugal,Surf 5 GB in Portugal for 30 days,5.0,30,data,6.07,EUR,,bnesim.com (official API),https://www.bnesim.com/plans/pt/,2026-10-04
bnesim,PT,portugal,Portugal,Surf 10 GB in Portugal for 30 days,10.0,30,data,11.57,EUR,,bnesim.com (official API),https://www.bnesim.com/plans/pt/,2026-10-04
bnesim,PT,portugal,Portugal,Surf 20 GB in Portugal for 30 days,20.0,30,data,22.66,EUR,,bnesim.com (official API),https://www.bnesim.com/plans/pt/,2026-10-04
bnesim,PT,portugal,Portugal,Surf 50 GB in Portugal for 30 days,50.0,30,data,60.48,EUR,,bnesim.com (official API),https://www.bnesim.com/plans/pt/,2026-10-04
bnesim,QA,qatar,Qatar,Surf 1 GB in Qatar,1.0,0,data,3.57,EUR,,bnesim.com (official API),https://www.bnesim.com/plans/qa/,2026-10-04
bnesim,QA,qatar,Qatar,Surf 3 GB in Qatar,3.0,0,data,10.39,EUR,,bnesim.com (official API),https://www.bnesim.com/plans/qa/,2026-10-04
bnesim,QA,qatar,Qatar,Surf 5 GB in Qatar,5.0,0,data,16.79,EUR,,bnesim.com (official API),https://www.bnesim.com/plans/qa/,2026-10-04
bnesim,QA,qatar,Qatar,Surf 10 GB in Qatar,10.0,0,data,32.19,EUR,,bnesim.com (official API),https://www.bnesim.com/plans/qa/,2026-10-04
bnesim,QA,qatar,Qatar,Surf 20 GB in Qatar,20.0,0,data,62.99,EUR,,bnesim.com (official API),https://www.bnesim.com/plans/qa/,2026-10-04
bnesim,QA,qatar,Qatar,Surf 100 GB in Qatar for 30 days,100.0,30,data,279.19,EUR,,bnesim.com (official API),https://www.bnesim.com/plans/qa/,2026-10-04
bnesim,QA,qatar,Qatar,Surf 1 GB in Qatar for 30 days,1.0,30,data,3.18,EUR,,bnesim.com (official API),https://www.bnesim.com/plans/qa/,2026-10-04
bnesim,QA,qatar,Qatar,Surf 3 GB in Qatar for 30 days,3.0,30,data,9.25,EUR,,bnesim.com (official API),https://www.bnesim.com/plans/qa/,2026-10-04
bnesim,QA,qatar,Qatar,Surf 5 GB in Qatar for 30 days,5.0,30,data,14.94,EUR,,bnesim.com (official API),https://www.bnesim.com/plans/qa/,2026-10-04
bnesim,QA,qatar,Qatar,Surf 10 GB in Qatar for 30 days,10.0,30,data,28.65,EUR,,bnesim.com (official API),https://www.bnesim.com/plans/qa/,2026-10-04
bnesim,QA,qatar,Qatar,Surf 20 GB in Qatar for 30 days,20.0,30,data,56.07,EUR,,bnesim.com (official API),https://www.bnesim.com/plans/qa/,2026-10-04
bnesim,QA,qatar,Qatar,Surf 50 GB in Qatar for 30 days,50.0,30,data,150.39,EUR,,bnesim.com (official API),https://www.bnesim.com/plans/qa/,2026-10-04
bnesim,SA,saudi-arabia,Saudi Arabia,Surf 1 GB in Saudi Arabia,1.0,0,data,4.11,EUR,,bnesim.com (official API),https://www.bnesim.com/plans/sa/,2026-10-04
bnesim,SA,saudi-arabia,Saudi Arabia,Surf 3 GB in Saudi Arabia,3.0,0,data,11.99,EUR,,bnesim.com (official API),https://www.bnesim.com/plans/sa/,2026-10-04
bnesim,SA,saudi-arabia,Saudi Arabia,Surf 5 GB in Saudi Arabia,5.0,0,data,19.39,EUR,,bnesim.com (official API),https://www.bnesim.com/plans/sa/,2026-10-04
bnesim,SA,saudi-arabia,Saudi Arabia,Surf 10 GB in Saudi Arabia,10.0,0,data,37.09,EUR,,bnesim.com (official API),https://www.bnesim.com/plans/sa/,2026-10-04
bnesim,SA,saudi-arabia,Saudi Arabia,Surf 20 GB in Saudi Arabia,20.0,0,data,72.49,EUR,,bnesim.com (official API),https://www.bnesim.com/plans/sa/,2026-10-04
bnesim,SA,saudi-arabia,Saudi Arabia,Surf 50 GB in Saudi Arabia for 30 days,50.0,30,data,172.99,EUR,,bnesim.com (official API),https://www.bnesim.com/plans/sa/,2026-10-04
bnesim,SA,saudi-arabia,Saudi Arabia,Surf 1 GB in Saudi Arabia for 30 days,1.0,30,data,3.66,EUR,,bnesim.com (official API),https://www.bnesim.com/plans/sa/,2026-10-04
bnesim,SA,saudi-arabia,Saudi Arabia,Surf 3 GB in Saudi Arabia for 30 days,3.0,30,data,10.67,EUR,,bnesim.com (official API),https://www.bnesim.com/plans/sa/,2026-10-04
bnesim,SA,saudi-arabia,Saudi Arabia,Surf 5 GB in Saudi Arabia for 30 days,5.0,30,data,17.26,EUR,,bnesim.com (official API),https://www.bnesim.com/plans/sa/,2026-10-04
bnesim,SA,saudi-arabia,Saudi Arabia,Surf 10 GB in Saudi Arabia for 30 days,10.0,30,data,33.02,EUR,,bnesim.com (official API),https://www.bnesim.com/plans/sa/,2026-10-04
bnesim,SA,saudi-arabia,Saudi Arabia,Surf 20 GB in Saudi Arabia for 30 days,20.0,30,data,64.53,EUR,,bnesim.com (official API),https://www.bnesim.com/plans/sa/,2026-10-04
bnesim,SG,singapore,Singapore,Surf 1 GB in Singapore,1.0,0,data,3.39,EUR,,bnesim.com (official API),https://www.bnesim.com/plans/sg/,2026-10-04
bnesim,SG,singapore,Singapore,Surf 3 GB in Singapore,3.0,0,data,9.89,EUR,,bnesim.com (official API),https://www.bnesim.com/plans/sg/,2026-10-04
bnesim,SG,singapore,Singapore,Surf 5 GB in Singapore,5.0,0,data,15.99,EUR,,bnesim.com (official API),https://www.bnesim.com/plans/sg/,2026-10-04
bnesim,SG,singapore,Singapore,Surf 10 GB in Singapore,10.0,0,data,30.59,EUR,,bnesim.com (official API),https://www.bnesim.com/plans/sg/,2026-10-04
bnesim,SG,singapore,Singapore,Surf 20 GB in Singapore,20.0,0,data,59.79,EUR,,bnesim.com (official API),https://www.bnesim.com/plans/sg/,2026-10-04
bnesim,SG,singapore,Singapore,Surf 20 GB in Singapore for 30 days,20.0,30,data,42.75,EUR,,bnesim.com (official API),https://www.bnesim.com/plans/sg/,2026-10-04
bnesim,SG,singapore,Singapore,Surf 1 GB in Singapore for 30 days,1.0,30,data,2.42,EUR,,bnesim.com (official API),https://www.bnesim.com/plans/sg/,2026-10-04
bnesim,SG,singapore,Singapore,Surf 3 GB in Singapore for 30 days,3.0,30,data,7.07,EUR,,bnesim.com (official API),https://www.bnesim.com/plans/sg/,2026-10-04
bnesim,SG,singapore,Singapore,Surf 5 GB in Singapore for 30 days,5.0,30,data,11.43,EUR,,bnesim.com (official API),https://www.bnesim.com/plans/sg/,2026-10-04
bnesim,SG,singapore,Singapore,Surf 10 GB in Singapore for 30 days,10.0,30,data,21.87,EUR,,bnesim.com (official API),https://www.bnesim.com/plans/sg/,2026-10-04
bnesim,TH,thailand,Thailand,Surf 1 GB in Thailand,1.0,0,data,3.22,EUR,,bnesim.com (official API),https://www.bnesim.com/plans/th/,2026-10-04
bnesim,TH,thailand,Thailand,Surf 3 GB in Thailand,3.0,0,data,9.39,EUR,,bnesim.com (official API),https://www.bnesim.com/plans/th/,2026-10-04
bnesim,TH,thailand,Thailand,Surf 5 GB in Thailand,5.0,0,data,15.19,EUR,,bnesim.com (official API),https://www.bnesim.com/plans/th/,2026-10-04
bnesim,TH,thailand,Thailand,Surf 10 GB in Thailand,10.0,0,data,29.09,EUR,,bnesim.com (official API),https://www.bnesim.com/plans/th/,2026-10-04
bnesim,TH,thailand,Thailand,Surf 20 GB in Thailand,20.0,0,data,56.79,EUR,,bnesim.com (official API),https://www.bnesim.com/plans/th/,2026-10-04
bnesim,TH,thailand,Thailand,Surf 20 GB in Thailand for 30 days,20.0,30,data,50.55,EUR,,bnesim.com (official API),https://www.bnesim.com/plans/th/,2026-10-04
bnesim,TH,thailand,Thailand,Surf 1 GB in Thailand for 30 days,1.0,30,data,2.87,EUR,,bnesim.com (official API),https://www.bnesim.com/plans/th/,2026-10-04
bnesim,TH,thailand,Thailand,Surf 3 GB in Thailand for 30 days,3.0,30,data,8.36,EUR,,bnesim.com (official API),https://www.bnesim.com/plans/th/,2026-10-04
bnesim,TH,thailand,Thailand,Surf 5 GB in Thailand for 30 days,5.0,30,data,13.52,EUR,,bnesim.com (official API),https://www.bnesim.com/plans/th/,2026-10-04
bnesim,TH,thailand,Thailand,Surf 10 GB in Thailand for 30 days,10.0,30,data,25.89,EUR,,bnesim.com (official API),https://www.bnesim.com/plans/th/,2026-10-04
bnesim,TR,turkiye,Turkiye,Surf 1 GB in Turkey,1.0,0,data,1.09,EUR,,bnesim.com (official API),https://www.bnesim.com/plans/tr/,2026-10-04
bnesim,TR,turkiye,Turkiye,Surf 3 GB in Turkey,3.0,0,data,3.19,EUR,,bnesim.com (official API),https://www.bnesim.com/plans/tr/,2026-10-04
bnesim,TR,turkiye,Turkiye,Surf 5 GB in Turkey,5.0,0,data,5.19,EUR,,bnesim.com (official API),https://www.bnesim.com/plans/tr/,2026-10-04
bnesim,TR,turkiye,Turkiye,Surf 10 GB in Turkey,10.0,0,data,9.89,EUR,,bnesim.com (official API),https://www.bnesim.com/plans/tr/,2026-10-04
bnesim,TR,turkiye,Turkiye,Surf 20 GB in Turkey,20.0,0,data,19.39,EUR,,bnesim.com (official API),https://www.bnesim.com/plans/tr/,2026-10-04
bnesim,TR,turkiye,Turkiye,Surf 100 GB in Turkey for 30 days,100.0,30,data,49.07,EUR,,bnesim.com (official API),https://www.bnesim.com/plans/tr/,2026-10-04
bnesim,TR,turkiye,Turkiye,Surf 1 GB in Turkey for 30 days,1.0,30,data,0.78,EUR,,bnesim.com (official API),https://www.bnesim.com/plans/tr/,2026-10-04
bnesim,TR,turkiye,Turkiye,Surf 3 GB in Turkey for 30 days,3.0,30,data,2.28,EUR,,bnesim.com (official API),https://www.bnesim.com/plans/tr/,2026-10-04
bnesim,TR,turkiye,Turkiye,Surf 5 GB in Turkey for 30 days,5.0,30,data,3.71,EUR,,bnesim.com (official API),https://www.bnesim.com/plans/tr/,2026-10-04
bnesim,TR,turkiye,Turkiye,Surf 10 GB in Turkey for 30 days,10.0,30,data,7.07,EUR,,bnesim.com (official API),https://www.bnesim.com/plans/tr/,2026-10-04
bnesim,TR,turkiye,Turkiye,Surf 20 GB in Turkey for 30 days,20.0,30,data,11.38,EUR,,bnesim.com (official API),https://www.bnesim.com/plans/tr/,2026-10-04
bnesim,TR,turkiye,Turkiye,Surf 50 GB in Turkey for 30 days,50.0,30,data,25.49,EUR,,bnesim.com (official API),https://www.bnesim.com/plans/tr/,2026-10-04
bnesim,TW,taiwan,Taiwan,"Surf 1 GB in Taiwan, Province Of China",1.0,0,data,4.3,EUR,,bnesim.com (official API),https://www.bnesim.com/plans/tw/,2026-10-04
bnesim,TW,taiwan,Taiwan,"Surf 3 GB in Taiwan, Province Of China",3.0,0,data,12.5,EUR,,bnesim.com (official API),https://www.bnesim.com/plans/tw/,2026-10-04
bnesim,TW,taiwan,Taiwan,"Surf 5 GB in Taiwan, Province Of China",5.0,0,data,20.2,EUR,,bnesim.com (official API),https://www.bnesim.com/plans/tw/,2026-10-04
bnesim,TW,taiwan,Taiwan,"Surf 10 GB in Taiwan, Province Of China",10.0,0,data,38.7,EUR,,bnesim.com (official API),https://www.bnesim.com/plans/tw/,2026-10-04
bnesim,TW,taiwan,Taiwan,"Surf 20 GB in Taiwan, Province Of China",20.0,0,data,75.7,EUR,,bnesim.com (official API),https://www.bnesim.com/plans/tw/,2026-10-04
bnesim,TW,taiwan,Taiwan,"Surf 50 GB in Taiwan, Province Of China",50.0,0,data,180.6,EUR,,bnesim.com (official API),https://www.bnesim.com/plans/tw/,2026-10-04
bnesim,TW,taiwan,Taiwan,"Surf 100 GB in Taiwan, Province Of China",100.0,0,data,335.4,EUR,,bnesim.com (official API),https://www.bnesim.com/plans/tw/,2026-10-04
bnesim,TW,taiwan,Taiwan,"Surf 100 GB in Taiwan, Province Of China for 30 days",100.0,30,data,238.85,EUR,,bnesim.com (official API),https://www.bnesim.com/plans/tw/,2026-10-04
bnesim,TW,taiwan,Taiwan,"Surf 1 GB in Taiwan, Province Of China for 30 days",1.0,30,data,3.83,EUR,,bnesim.com (official API),https://www.bnesim.com/plans/tw/,2026-10-04
bnesim,TW,taiwan,Taiwan,"Surf 3 GB in Taiwan, Province Of China for 30 days",3.0,30,data,11.13,EUR,,bnesim.com (official API),https://www.bnesim.com/plans/tw/,2026-10-04
bnesim,TW,taiwan,Taiwan,"Surf 5 GB in Taiwan, Province Of China for 30 days",5.0,30,data,17.98,EUR,,bnesim.com (official API),https://www.bnesim.com/plans/tw/,2026-10-04
bnesim,TW,taiwan,Taiwan,"Surf 10 GB in Taiwan, Province Of China for 30 days",10.0,30,data,34.45,EUR,,bnesim.com (official API),https://www.bnesim.com/plans/tw/,2026-10-04
bnesim,TW,taiwan,Taiwan,"Surf 20 GB in Taiwan, Province Of China for 30 days",20.0,30,data,67.39,EUR,,bnesim.com (official API),https://www.bnesim.com/plans/tw/,2026-10-04
bnesim,TW,taiwan,Taiwan,"Surf 50 GB in Taiwan, Province Of China for 30 days",50.0,30,data,144.69,EUR,,bnesim.com (official API),https://www.bnesim.com/plans/tw/,2026-10-04
bnesim,US,united-states,United States,Surf 1 GB in United States,1.0,0,data,2.29,EUR,,bnesim.com (official API),https://www.bnesim.com/plans/us/,2026-10-04
bnesim,US,united-states,United States,Surf 3 GB in United States,3.0,0,data,6.69,EUR,,bnesim.com (official API),https://www.bnesim.com/plans/us/,2026-10-04
bnesim,US,united-states,United States,Surf 5 GB in United States,5.0,0,data,10.79,EUR,,bnesim.com (official API),https://www.bnesim.com/plans/us/,2026-10-04
bnesim,US,united-states,United States,Surf 10 GB in United States,10.0,0,data,20.69,EUR,,bnesim.com (official API),https://www.bnesim.com/plans/us/,2026-10-04
bnesim,US,united-states,United States,Surf 20 GB in United States,20.0,0,data,40.49,EUR,,bnesim.com (official API),https://www.bnesim.com/plans/us/,2026-10-04
bnesim,US,united-states,United States,Surf 20 GB in United States for 30 days,20.0,30,data,28.95,EUR,,bnesim.com (official API),https://www.bnesim.com/plans/us/,2026-10-04
bnesim,US,united-states,United States,Surf 1 GB in United States for 30 days,1.0,30,data,1.63,EUR,,bnesim.com (official API),https://www.bnesim.com/plans/us/,2026-10-04
bnesim,US,united-states,United States,Surf 3 GB in United States for 30 days,3.0,30,data,4.78,EUR,,bnesim.com (official API),https://www.bnesim.com/plans/us/,2026-10-04
bnesim,US,united-states,United States,Surf 5 GB in United States for 30 days,5.0,30,data,7.71,EUR,,bnesim.com (official API),https://www.bnesim.com/plans/us/,2026-10-04
bnesim,US,united-states,United States,Surf 10 GB in United States for 30 days,10.0,30,data,14.79,EUR,,bnesim.com (official API),https://www.bnesim.com/plans/us/,2026-10-04
bnesim,VN,vietnam,Vietnam,Surf 1 GB in Vietnam,1.0,0,data,4.08,EUR,,bnesim.com (official API),https://www.bnesim.com/plans/vn/,2026-10-04
bnesim,VN,vietnam,Vietnam,Surf 3 GB in Vietnam,3.0,0,data,11.91,EUR,,bnesim.com (official API),https://www.bnesim.com/plans/vn/,2026-10-04
bnesim,VN,vietnam,Vietnam,Surf 5 GB in Vietnam,5.0,0,data,19.25,EUR,,bnesim.com (official API),https://www.bnesim.com/plans/vn/,2026-10-04
bnesim,VN,vietnam,Vietnam,Surf 10 GB in Vietnam,10.0,0,data,36.88,EUR,,bnesim.com (official API),https://www.bnesim.com/plans/vn/,2026-10-04
bnesim,VN,vietnam,Vietnam,Surf 20 GB in Vietnam,20.0,0,data,71.32,EUR,,bnesim.com (official API),https://www.bnesim.com/plans/vn/,2026-10-04
bnesim,VN,vietnam,Vietnam,Surf 20 GB in Vietnam for 30 days,20.0,30,data,50.99,EUR,,bnesim.com (official API),https://www.bnesim.com/plans/vn/,2026-10-04
bnesim,VN,vietnam,Vietnam,Surf 1 GB in Vietnam for 30 days,1.0,30,data,2.91,EUR,,bnesim.com (official API),https://www.bnesim.com/plans/vn/,2026-10-04
bnesim,VN,vietnam,Vietnam,Surf 3 GB in Vietnam for 30 days,3.0,30,data,8.51,EUR,,bnesim.com (official API),https://www.bnesim.com/plans/vn/,2026-10-04
bnesim,VN,vietnam,Vietnam,Surf 5 GB in Vietnam for 30 days,5.0,30,data,13.76,EUR,,bnesim.com (official API),https://www.bnesim.com/plans/vn/,2026-10-04
bnesim,VN,vietnam,Vietnam,Surf 10 GB in Vietnam for 30 days,10.0,30,data,26.36,EUR,,bnesim.com (official API),https://www.bnesim.com/plans/vn/,2026-10-04
bnesim,ZA,south-africa,South Africa,Surf 1 GB in South Africa,1.0,0,data,16.31,EUR,,bnesim.com (official API),https://www.bnesim.com/plans/za/,2026-10-04
bnesim,ZA,south-africa,South Africa,Surf 3 GB in South Africa,3.0,0,data,47.5,EUR,,bnesim.com (official API),https://www.bnesim.com/plans/za/,2026-10-04
bnesim,ZA,south-africa,South Africa,Surf 5 GB in South Africa,5.0,0,data,76.7,EUR,,bnesim.com (official API),https://www.bnesim.com/plans/za/,2026-10-04
bnesim,ZA,south-africa,South Africa,Surf 10 GB in South Africa,10.0,0,data,146.8,EUR,,bnesim.com (official API),https://www.bnesim.com/plans/za/,2026-10-04
bnesim,ZA,south-africa,South Africa,Surf 20 GB in South Africa,20.0,0,data,287.1,EUR,,bnesim.com (official API),https://www.bnesim.com/plans/za/,2026-10-04
bnesim,ZA,south-africa,South Africa,Surf 20 GB in South Africa for 30 days,20.0,30,data,255.57,EUR,,bnesim.com (official API),https://www.bnesim.com/plans/za/,2026-10-04
bnesim,ZA,south-africa,South Africa,Surf 1 GB in South Africa for 30 days,1.0,30,data,14.52,EUR,,bnesim.com (official API),https://www.bnesim.com/plans/za/,2026-10-04
bnesim,ZA,south-africa,South Africa,Surf 3 GB in South Africa for 30 days,3.0,30,data,42.28,EUR,,bnesim.com (official API),https://www.bnesim.com/plans/za/,2026-10-04
bnesim,ZA,south-africa,South Africa,Surf 5 GB in South Africa for 30 days,5.0,30,data,68.28,EUR,,bnesim.com (official API),https://www.bnesim.com/plans/za/,2026-10-04
bnesim,ZA,south-africa,South Africa,Surf 10 GB in South Africa for 30 days,10.0,30,data,130.68,EUR,,bnesim.com (official API),https://www.bnesim.com/plans/za/,2026-10-04
firsty,GLOBAL,_global,Global,Firsty Classic (from),1.0,0,data,0.98,EUR,per GB,firsty.app (official),https://www.firsty.app/,2026-10-04
firsty,GLOBAL,_global,Global,Firsty Unlimited (from),0.0,1,unlimited,2.0,EUR,per day; 5 GB high speed then 512 Kbps,firsty.app (official),https://www.firsty.app/,2026-10-04
firsty,GLOBAL,_global,Global,Firsty Classic 1.5 GB,1.5,0,data,4.5,EUR,,firsty.app (official),https://www.firsty.app/,2026-10-04
firsty,GLOBAL,_global,Global,Firsty Classic 5 GB,5.0,0,data,9.5,EUR,,firsty.app (official),https://www.firsty.app/,2026-10-04
firsty,GLOBAL,_global,Global,Firsty Classic 10 GB,10.0,0,data,17.0,EUR,,firsty.app (official),https://www.firsty.app/,2026-10-04
firsty,GLOBAL,_global,Global,Firsty Classic 10 GB,10.0,0,data,19.5,EUR,,firsty.app (official),https://www.firsty.app/,2026-10-04
