keyword,sources,best_rank,markets,best_seed
"can esim be used internationally",209,1,"en-AU|en-GB|en-SG|en-US","is esim available in france"
"esim international number",141,1,"en-AU|en-GB|en-SG|en-US","esim italy airport"
"esim phone plans",117,1,"en-AU|en-GB|en-SG|en-US","esim greece 10gb"
"esim requirements",87,1,"en-AU|en-GB|en-SG|en-US","do i need an esim for colombia"
"cheapest international esim",86,1,"en-AU|en-GB|en-SG|en-US","cheapest esim for belgium"
"does esim work internationally",84,1,"en-AU|en-GB|en-SG|en-US","does esim work in netherlands"
"esim providers in europe",71,1,"en-AU|en-GB|en-SG|en-US","best esim spain 2026"
"which is the best esim",70,1,"en-AU|en-GB|en-SG|en-US","which esim is best for germany"
"esim iphone how many",64,1,"en-AU|en-GB|en-SG|en-US","dubrovnik esim"
"esim explained",61,1,"en-AU|en-GB|en-SG|en-US","esim reykjavik"
"will esim work in roaming",56,2,"en-AU|en-GB|en-SG|en-US","roami esim taiwan"
"esim vs sim card",55,1,"en-AU|en-GB|en-SG|en-US","esim vs sim"
"cheapest esim data plan",51,1,"en-AU|en-GB|en-SG|en-US","unlimited data esim hong kong"
"esim size",51,1,"en-AU|en-GB|en-SG|en-US","esim taiwan 10gb"
"is esim available in portugal",51,1,"en-AU|en-GB|en-SG|en-US","esim portugal 10gb"
"does esim work on international roaming",51,2,"en-AU|en-GB|en-SG|en-US","does esim work in belgium"
"how to apply for an esim",50,1,"en-AU|en-GB|en-SG|en-US","do i need an esim for belgium"
"esim vs sim iphone",49,1,"en-AU|en-GB|en-SG|en-US","nomad esim czech republic"
"ubigi esim price",49,1,"en-AU|en-GB|en-SG|en-US","ubigi esim germany"
"cheap esim data plans",48,1,"en-AU|en-GB|en-SG|en-US","unlimited data esim georgia"
"can i use data from esim",46,1,"en-US","iceland esim unlimited data"
"is there an esim in the philippines",46,1,"en-AU|en-GB|en-SG|en-US","do i need an esim for philippines"
"which network has esim",46,1,"en-AU|en-GB|en-SG|en-US","israel esim unlimited data"
"esim cheapest plan",46,2,"en-AU|en-GB|en-SG|en-US","esim israel plans"
"yesim esim prices",45,1,"de-DE|en-AU|en-GB|en-SG|en-US","yesim esim promo code"
"is esim available in philippines",43,2,"en-AU|en-GB|en-SG|en-US","is esim available in korea"
"can i get an esim",42,1,"en-US","do i need an esim for malaysia"
"esim price",42,1,"en-AU|en-GB|en-SG|en-US","esim netherlands price"
"how does airalo esim work",40,1,"en-AU|en-GB|en-SG|en-US","jetpac esim vs airalo"
"ubigi esim plans",40,1,"en-AU|en-GB|en-SG|en-US","ubigi esim georgia"
"does esim work in china",38,1,"en-AU|en-GB|en-SG|en-US","alosim esim korea"
"esim cheap plans",36,1,"en-AU|en-GB|en-SG|en-US","roamic esim plans"
"is esim available in australia",36,1,"en-AU|en-GB|en-SG|en-US","esim australia 10gb"
"does telcel offer esim",36,2,"en-AU|en-GB|en-SG|en-US","esim colombia unlimited"
"is esim available in canada",35,1,"en-AU|en-GB|en-SG|en-US","best esim canada 2026"
"which provider has esim",35,2,"en-AU|en-GB|en-SG|en-US","is esim available in taiwan"
"yesim esim review",34,1,"en-AU|en-GB|en-SG|en-US","yesim esim"
"esim card vs sim card",33,1,"en-AU|en-GB|en-SG|en-US","austria esim card"
"is esim available in egypt",33,1,"en-AU|en-GB|en-SG|en-US","esim egypt 10gb"
"is esim available in kenya",33,1,"en-AU|en-GB|en-SG|en-US","kenya esim unlimited data"
"is esim available in saudi arabia",33,1,"en-AU|en-GB|en-SG|en-US","esim saudi arabia 10gb"
"does esim work in mexico",32,1,"en-AU|en-GB|en-SG|en-US","esim mexico 10gb"
"is esim available in uae",32,1,"en-AU|en-GB|en-SG|en-US","esim uae 10gb"
"how much is an esim plan",32,2,"en-AU|en-GB|en-SG|en-US","esim netherlands plans"
"is esim available in south africa",31,1,"en-AU|en-GB|en-SG|en-US","esim south africa 10gb"
"esim prepaid plans",30,1,"en-AU|en-GB|en-SG|en-US","esim prepaid"
"why esim is better",30,1,"en-AU|en-GB|en-SG|en-US","which esim is best for georgia"
"is esim dual sim",30,2,"en-AU|en-GB|en-SG|en-US","saily esim israel"
"is esim available in new zealand",29,1,"en-AU|en-GB|en-SG|en-US","esim new zealand 10gb"
"is esim available in singapore",29,1,"en-AU|en-GB|en-SG|en-US","esim singapore 10gb"
"is esim available in turkey",29,1,"en-AU|en-GB|en-SG|en-US","esim turkey 10gb"
"airalo esim not working",28,1,"en-GB|en-SG|en-US","airalo esim israel"
"cheapest esim singapore",27,1,"en-AU|en-GB|en-SG|en-US","cheapest esim"
"is esim available in ireland",27,1,"en-AU|en-GB|en-SG|en-US","which esim is best for ireland"
"cheapest esim canada",27,2,"de-DE|en-AU|en-GB|en-SG|en-US","cheapest esim for poland"
"is esim available in malaysia",26,1,"en-AU|en-GB|en-SG|en-US","esim malaysia 10gb"
"cheapest esim plan singapore",25,2,"en-AU|en-GB|en-SG|en-US","unlimited data esim singapore"
"esim vs normal sim",25,2,"en-AU|en-GB|en-SG|en-US","esim saudi arabia vs sim"
"ubigi esim review",24,1,"en-AU|en-GB|en-SG|en-US","ubigi esim argentina"
"can i activate esim abroad",24,2,"en-AU|en-GB|en-SG|en-US","do i need an esim for belgium"
"how much does a esim cost",24,2,"en-AU|en-GB|en-SG|en-US","esim netherlands price"
"esim country list",23,1,"en-US","alosim esim brazil"
"esim vs physical sim",23,1,"en-SG|en-US","best esim vietnam 2026"
"what is esim card",23,1,"en-US","czech republic esim card"
"esim cost",23,2,"en-AU|en-GB|en-SG|en-US","roamic esim price"
"esim us number",23,2,"en-AU|en-GB|en-SG|en-US","esim usa 10gb"
"does esim use data",22,1,"en-AU|en-GB|en-SG|en-US","belgium esim unlimited data"
"esim near me",22,1,"en-AU|en-GB|en-SG|en-US","holafly esim georgia"
"esim price usa",22,1,"en-AU|en-GB|en-SG|en-US","esim croatia price"
"is esim available in uk",22,1,"en-AU|en-GB|en-SG|en-US","best esim uk 2026"
"can i use esim in philippines",22,2,"en-AU|en-GB|en-SG|en-US","do i need an esim for philippines"
"does telcel support esim",22,3,"en-AU|en-GB|en-SG|en-US","esim for macao"
"does huawei have esim",21,1,"en-AU|en-GB|en-SG|en-US","jetpac esim taiwan"
"is esim available in usa",21,1,"en-AU|en-GB|en-SG|en-US","esim usa airport"
"cheapest esim plan canada",21,2,"en-AU|en-GB|en-SG|en-US","cheapest esim for belgium"
"esim review",21,2,"en-AU|en-GB|en-SG|en-US","esim for taiwan review"
"how to use esim in saudi arabia",21,2,"en-AU|en-GB|en-SG|en-US","esim saudi arabia airport"
"countries that support esim iphone",20,1,"en-AU|en-GB|en-SG|en-US","holafly esim czech republic"
"airalo esim plans",20,4,"en-US","airalo esim croatia"
"esim french number",19,1,"en-AU|en-GB|en-SG|en-US","esim france airport"
"is esim available in japan",19,1,"en-US","alosim esim japan"
"unlimited international data plans",19,1,"en-US","unlimited data esim belgium"
"what is esim singapore",19,1,"en-AU|en-GB|en-SG|en-US","is esim available in singapore"
"where to buy esim in philippines",19,1,"en-AU|en-GB|en-SG|en-US","which esim is best for philippines"
"why no esim in china",19,1,"en-AU|en-GB|en-SG|en-US","esim china airport"
"cheapest us esim",19,2,"en-AU|en-GB|en-SG|en-US","cheapest esim for israel"
"is there prepaid esim",19,2,"en-AU|en-GB|en-SG|en-US","fiji esim card"
"is esim available in thailand",18,1,"en-AU|en-GB|en-SG|en-US","best esim thailand 2026"
"where to buy a esim",18,1,"en-AU|en-GB|en-SG|en-US","which esim is best for iceland"
"does etisalat support esim",18,2,"en-AU|en-GB|en-SG|en-US","esim macao unlimited"
"how to get esim for iphone",18,2,"en-US","how to get an esim for croatia"
"esim in settings",17,1,"en-US","roamic esim greece"
"esim use in india",17,1,"en-AU|en-GB|en-SG|en-US","esim india 10gb"
"esim is good or bad",17,2,"en-AU|en-GB|en-SG|en-US","esim for israel review"
"esim vs digital sim",17,3,"en-AU|en-GB|en-SG|en-US","esim ireland vs sim"
"esim spanish number",16,1,"en-AU|en-GB|en-SG|en-US","esim spain airport"
"what is the cost of esim",16,1,"en-AU|en-GB|en-SG|en-US","esim poland price"
"what's better esim or physical sim",16,1,"en-AU|en-GB|en-SG|en-US","which esim is best for qatar"
"cheapest esim plan usa",16,2,"en-AU|en-GB|en-SG|en-US","esim colombia plans"
"how to get esim in saudi arabia",16,2,"en-AU|en-GB|en-SG|en-US","best esim for riyadh"
"what is esim malaysia",16,2,"en-AU|en-GB|en-SG|en-US","roamic esim malaysia"
"esim price in uae",15,1,"en-AU|en-GB|en-SG|en-US","esim uae price"
"should i get an esim or physical sim",15,1,"en-US","do i need an esim for vietnam"
"does china support esim",15,2,"en-AU|en-GB|en-SG|en-US","esim china 10gb"
"does malaysia have esim",15,2,"en-AU|en-GB|en-SG|en-US","esim malaysia 10gb"
"how to activate airalo esim",15,2,"en-US","airalo esim israel"
"does vodafone egypt support esim",15,3,"en-AU|en-GB|en-SG|en-US","esim egypt airport"
"does philippines have esim",14,1,"en-AU|en-GB|en-SG|en-US","best esim for philippines and vietnam"
"esim providers in canada",14,1,"en-AU|en-GB|en-SG|en-US","esim canada 10gb"
"esim providers in germany",14,1,"en-AU|en-GB|en-SG|en-US","roamic esim germany"
"is esim available for prepaid",14,1,"en-AU|en-GB|en-SG|en-US","ubigi esim fiji"
"does airtel kenya support esim",14,2,"en-AU|en-GB|en-SG|en-US","kenya esim unlimited data"
"esim for apple phone",14,2,"en-US","esim qatar for iphone"
"esim providers in australia",14,2,"en-AU|en-GB|en-SG|en-US","esim australia 10gb"
"where to buy esim for iphone",14,3,"en-AU|en-GB|en-SG|en-US","esim colombia for iphone"
"esim compatible phones australia",13,1,"en-AU|en-GB|en-SG|en-US","esim compatible phones"
"esim features",13,1,"en-AU|en-GB|en-SG|en-US","roamic esim fiji"
"does orange egypt support esim",13,2,"en-AU|en-GB|en-SG|en-US","esim egypt airport"
"which network has esim in india",13,3,"en-AU|en-GB|en-SG|en-US","best esim india 2026"
"does china mobile support esim",13,4,"en-US","esim china airport"
"can you use esim only",12,1,"en-AU|en-GB|en-SG|en-US","do i need an esim for iceland"
"cheapest esim plan australia",12,2,"en-AU|en-GB|en-SG|en-US","cheapest esim for austria"
"does maxis support esim",12,2,"en-US","jetpac esim belgium"
"esim specifications",12,2,"en-AU|en-US","roamic esim germany"
"esim compatible phones canada",12,3,"de-DE|en-US","roamic esim colombia"
"esim free number",12,3,"en-AU|en-GB|en-SG|en-US","roami esim promo code"
"how to get esim at home",12,3,"en-AU|en-GB|en-SG|en-US","how to get an esim for taiwan"
"mikä on esim",12,3,"en-AU|en-GB|en-SG|en-US","holafly esim belgium"
"cheapest esim plan malaysia",11,2,"en-AU|en-GB|en-SG|en-US","esim malaysia plans"
"esim providers in usa",11,2,"en-SG|en-US","esim usa airport"
"esim turkish meaning",11,2,"en-US","alosim esim turkey"
"how to change esim to esim",11,2,"en-AU|en-GB|en-SG|en-US","best esim switzerland 2026"
"esim number",11,3,"en-AU|en-GB|en-SG|en-US","roamic esim egypt"
"airalo esim review",10,1,"en-AU|en-GB|en-SG|en-US","airalo esim"
"cheapest esim plan",10,1,"de-DE|en-AU|en-GB|en-SG|en-US","cheapest esim"
"esim china number",10,1,"en-SG|en-US","esim china 10gb"
"esim set up",10,1,"en-AU|en-GB|en-SG|en-US","holafly esim israel"
"esim vs physical sim iphone",10,1,"en-US","roamic esim vietnam"
"where can i get esim card",10,1,"en-US","netherlands esim card"
"esim canada number",10,2,"en-US","esim canada 10gb"
"esim not working",10,2,"en-AU|en-GB|en-SG|en-US","roamic esim israel"
"what is esim etisalat",10,2,"en-AU|en-GB|en-SG|en-US","esim uae 10gb"
"how to get esim",10,3,"en-AU|en-GB|en-SG|en-US","how to get an esim for poland"
"what is esim australia",10,3,"en-US","alosim esim australia"
"esim englanniksi",9,1,"en-US","roamic esim ireland"
"esim uk number",9,1,"de-DE|en-AU|en-GB|en-SG|en-US","esim uk airport"
"is esim available in uganda",9,1,"en-AU|en-GB|en-SG|en-US","is esim available in kenya"
"does dual sim iphone support esim",9,2,"en-AU|en-GB|en-SG|en-US","alosim esim morocco"
"does huawei support esim",9,2,"en-AU|en-GB|en-SG|en-US","esim macao reddit"
"esim available in india",9,2,"en-AU|en-GB|en-SG|en-US","esim india 10gb"
"esim compatible devices australia",9,2,"en-US","holafly esim austria"
"esim plans comparison",9,2,"en-AU|en-GB|en-SG|en-US","yesim esim plans"
"how to get esim card",9,2,"en-US","netherlands esim card"
"how to have an esim",9,2,"en-AU|en-GB|en-SG|en-US","how to get an esim for israel"
"is esim available in oman",9,2,"en-US","is esim available in israel"
"use esim for data only",9,2,"en-US","unlimited data esim fiji"
"can you roam with esim",9,3,"en-US","roami esim costa rica"
"does ee provide esim",9,3,"en-AU|en-GB|en-SG|en-US","esim coverage in korea"
"esim irish number",9,3,"en-AU|en-GB|en-SG|en-US","esim for ireland review"
"esim showing no sim",9,3,"en-US","nomad esim israel"
"how to get esim in canada",9,3,"en-AU|en-GB|en-SG|en-US","is esim available in canada"
"airalo esim compatible phones",9,4,"en-US","airalo esim vs airalo"
"does tello support esim",8,1,"en-AU|en-GB|en-SG|en-US","jetpac esim argentina"
"how to get esim in uae",8,1,"en-AU|en-GB|en-SG|en-US","is esim available in uae"
"how to get esim in singapore",8,2,"en-AU|en-GB|en-SG|en-US","is esim available in singapore"
"is esim available in india",8,2,"en-AU|en-GB|en-SG|en-US","best esim india 2026"
"meaning of esim card",8,2,"en-US","qatar esim card"
"top 10 esim providers",8,2,"en-AU|en-GB|en-SG|en-US","best esim poland 2026"
"unlimited data sim plans",8,2,"en-US","unlimited data esim belgium"
"cheap esim plans australia",8,3,"de-DE|en-AU|en-GB|en-SG|en-US","cheap esim austria"
"concept of esim in iphone",8,3,"en-US","esim qatar for iphone"
"esim not working on iphone",8,3,"en-AU|en-GB|en-SG|en-US","reykjavik esim"
"how to get a free esim",8,3,"en-US","how to get an esim for belgium"
"is dual sim better than esim",8,3,"en-AU|en-GB|en-SG|en-US","esim usa vs sim"
"cheapest esim plan uk",8,4,"en-AU|en-GB|en-SG|en-US","cheapest esim for kenya"
"is esim or physical sim better",8,4,"en-AU|en-GB|en-SG|en-US","which esim is best for greece"
"what is an esim uk",8,4,"en-AU|en-GB|en-SG|en-US","alosim esim uk"
"do i need a sim card if i have esim",7,1,"en-US","do i need an esim for morocco"
"esim australia unlimited data",7,1,"de-DE|en-AU|en-GB|en-SG|en-US","esim australia unlimited"
"esim mobile number",7,1,"en-US","roamic esim taiwan"
"unlimited data sim card plans",7,1,"en-US","unlimited data esim kenya"
"what is esim in smartwatch",7,1,"en-US","jetpac esim fiji"
"plans for esim",7,2,"en-AU|en-GB|en-SG|en-US","alosim esim plans"
"using esim in australia",7,2,"en-AU|en-GB|en-SG|en-US","is esim available in australia"
"does airtel esim work internationally",7,3,"en-AU|en-GB|en-SG|en-US","which esim is best for argentina"
"esim types",7,3,"en-US","roamic esim portugal"
"how to use the esim",7,3,"en-AU|en-GB|en-SG|en-US","alosim esim turkey"
"which countries support esim",7,3,"en-AU|en-GB|en-SG|en-US","is esim available in brazil"
"how to use esim in philippines",7,5,"en-AU|en-GB|en-SG|en-US","do i need an esim for philippines"
"can i use esim for data",6,1,"en-US","do i need an esim for korea"
"do i need esim for apple watch",6,1,"en-US","do i need an esim for fiji"
"cheapest esim new zealand unlimited data",6,2,"de-DE|en-AU|en-GB|en-SG|en-US","cheap esim new zealand"
"does my iphone support esim",6,2,"en-US","esim poland for iphone"
"esim uk price",6,2,"en-AU|en-GB|en-SG|en-US","esim croatia price"
"how much is a sim card in iceland",6,2,"en-AU|en-GB|en-SG|en-US","cheapest esim for iceland"
"how to get a n esim",6,2,"en-US","how to get an esim for austria"
"how to get esim for vi",6,2,"en-US","how to get an esim for colombia"
"nomad travel insurance phone number",6,2,"en-US","nomad esim croatia"
"should i get esim or physical sim",6,2,"en-AU|en-GB|en-SG|en-US","which esim is best for georgia"
"how to get a new esim",6,3,"en-US","how to get an esim for new zealand"
"which sim card has unlimited data",6,3,"en-US","unlimited data esim poland"
"esim usa phone number",6,4,"en-US","esim usa"
"iphone physical dual sim vs esim",6,4,"en-US","esim germany vs sim"
"best esim for saudi arabia unlimited data",5,1,"de-DE|en-AU|en-GB|en-SG|en-US","saudi arabia esim unlimited data"
"cheapest esim portugal unlimited data",5,1,"de-DE|en-AU|en-GB|en-SG|en-US","cheapest esim for portugal"
"does airtel esim work in usa",5,1,"de-DE|en-AU|en-GB|en-SG|en-US","which esim is best for argentina"
"does giffgaff offer esim",5,1,"en-AU|en-GB|en-SG|en-US","jetpac esim georgia"
"egypt esim unlimited data reddit",5,1,"de-DE|en-AU|en-GB|en-SG|en-US","egypt esim unlimited data"
"esim czech republic unlimited data",5,1,"de-DE|en-AU|en-GB|en-SG|en-US","esim czech republic unlimited"
"esim rio de janeiro reddit",5,1,"de-DE|en-AU|en-GB|en-SG|en-US","esim rio de janeiro"
"esim singapore indonesia malaysia",5,1,"de-DE","esim for singapore and indonesia"
"esim usa tourist",5,1,"de-DE|en-AU|en-GB|en-SG|en-US","esim ksa"
"nachteile esim",5,1,"en-AU|en-GB|en-SG|en-US","saily esim czech republic"
"netherlands esim unlimited data reddit",5,1,"de-DE|en-AU|en-GB|en-SG|en-US","netherlands esim unlimited data"
"uae and qatar esim",5,1,"de-DE","best esim for uae and qatar"
"best esim for czech republic unlimited data",5,2,"de-DE|en-AU|en-GB|en-SG|en-US","esim czech republic unlimited"
"cheapest esim greece unlimited data",5,2,"de-DE|en-AU|en-GB|en-SG|en-US","cheapest esim for greece"
"cheapest esim ireland unlimited data",5,2,"de-DE|en-AU|en-GB|en-SG|en-US","esim ireland unlimited"
"cheapest esim morocco unlimited data",5,2,"de-DE|en-AU|en-GB|en-SG|en-US","cheap esim morocco"
"does spark support esim",5,2,"en-US","jetpac esim argentina"
"esim singapore malaysia unlimited data",5,2,"de-DE|en-AU|en-GB|en-SG|en-US","esim singapore unlimited"
"taiwan esim unlimited data reddit",5,2,"de-DE|en-AU|en-GB|en-SG|en-US","taiwan esim unlimited data"
"vietnam esim unlimited data price",5,2,"de-DE|en-AU|en-GB|en-SG|en-US","vietnam esim unlimited data"
"where to put esim in iphone",5,2,"en-AU|en-GB|en-SG|en-US","which esim is best for costa rica"
"which networks support esim",5,2,"en-AU|en-GB|en-SG|en-US","is esim available in thailand"
"are esim safe",5,3,"en-US","is yesim esim good"
"cheapest esim australia unlimited data",5,3,"de-DE|en-AU|en-GB|en-SG|en-US","australia esim unlimited data"
"cheapest esim france unlimited data",5,3,"de-DE|en-AU|en-GB|en-SG|en-US","cheap esim france"
"cheapest esim italy unlimited data",5,3,"de-DE|en-AU|en-GB|en-SG|en-US","cheapest esim for italy"
"cheapest esim spain unlimited data",5,3,"de-DE|en-AU|en-GB|en-SG|en-US","cheap esim spain"
"cheapest esim uae unlimited data",5,3,"de-DE|en-AU|en-GB|en-SG|en-US","uae esim unlimited data"
"does telstra esim work overseas",5,3,"en-US","roami esim new zealand"
"how can i get esim in uk",5,3,"en-AU|en-GB|en-SG|en-US","esim uk airport"
"is esim reliable",5,3,"en-US","is alosim esim good"
"optus esim qr code",5,3,"en-US","esim fiji reddit"
"phones with esim in kenya",5,3,"en-AU|en-GB|en-SG|en-US","which esim is best for kenya"
"spark esim qr code",5,3,"en-US","roamic esim argentina"
"best esim canada unlimited data",5,4,"de-DE|en-AU|en-GB|en-SG|en-US","unlimited data esim canada"
"does t mobile esim work internationally",5,4,"en-AU|en-GB|en-SG|en-US","japan esim coverage map"
"how to change to an esim",5,4,"en-US","do i need an esim for macao"
"how to use esim in malaysia",5,4,"en-AU|en-GB|en-SG|en-US","is esim available in malaysia"
"cheapest esim watch",5,5,"en-AU|en-GB|en-SG|en-US","best esim japan 2026"
"how to set up an esim ee",5,5,"en-US","how to get an esim for taiwan"
"which companies offer esim in uk",5,5,"en-AU|en-GB|en-SG|en-US","is esim available in uk"
"which is better esim or sim",5,5,"en-AU|en-GB|en-SG|en-US","esim usa vs sim"
"best esim bogota",4,1,"de-DE|en-AU|en-GB|en-SG|en-US","best esim for bogota"
"best esim for denmark sweden and norway",4,1,"de-DE|en-US","best esim for denmark and sweden"
"best esim for italy croatia and greece",4,1,"de-DE|en-US","best esim for croatia and italy"
"best esim for poland unlimited data",4,1,"de-DE|en-AU|en-GB|en-SG|en-US","poland esim unlimited data"
"best esim for prague vienna and budapest",4,1,"de-DE|en-AU|en-GB|en-SG|en-US","best esim for prague"
"best esim for south africa unlimited data",4,1,"de-DE|en-AU|en-GB|en-SG|en-US","south africa esim unlimited data"
"best esim.for prague and vienna",4,1,"de-DE|en-AU|en-GB|en-SG|en-US","best esim for vienna"
"can esim be used for data",4,1,"en-AU|en-GB|en-SG|en-US","jetpac esim netherlands"
"cheapest esim for egypt unlimited data",4,1,"de-DE|en-AU|en-GB|en-SG|en-US","cheapest esim for egypt"
"esim australia tourist unlimited data",4,1,"de-DE|en-AU|en-GB|en-SG|en-US","esim australia tourist"
"esim australia unlimited data telstra",4,1,"de-DE|en-AU|en-GB|en-SG|en-US","australia esim unlimited data"
"esim for usa and canada travel",4,1,"de-DE|en-AU|en-GB|en-SG|en-US","esim for usa and canada"
"esim germany unlimited data prepaid",4,1,"de-DE|en-AU|en-GB|en-SG|en-US","germany esim unlimited data"
"esim morocco unlimited data 7 days",4,1,"de-DE|en-AU|en-GB|en-SG|en-US","morocco esim unlimited data"
"esim not working iphone 12",4,1,"en-US","roamic esim israel"
"esim vergleich",4,1,"en-AU|en-GB|en-SG|en-US","esim dubrovnik"
"esim vietnam",4,1,"de-DE|en-AU","esim viet nam"
"france esim unlimited data free",4,1,"de-DE|en-AU|en-GB|en-SG|en-US","france esim unlimited data"
"greece esim unlimited data reddit",4,1,"de-DE|en-AU|en-GB|en-SG|en-US","greece esim unlimited data"
"hong kong esim card unlimited data",4,1,"de-DE|en-AU|en-GB|en-SG|en-US","hong kong esim unlimited data"
"india esim unlimited data 30 days",4,1,"de-DE|en-AU|en-GB|en-SG|en-US","india esim unlimited data"
"indonesia esim tourist unlimited data",4,1,"de-DE|en-AU|en-GB|en-SG|en-US","indonesia esim unlimited data"
"malaysia esim unlimited data price",4,1,"de-DE|en-AU|en-GB|en-SG|en-US","malaysia esim unlimited data"
"mexico esim unlimited data reddit",4,1,"de-DE|en-AU|en-GB|en-SG|en-US","mexico esim unlimited data"
"new zealand esim tourist unlimited data",4,1,"de-DE|en-AU|en-GB|en-SG|en-US","new zealand esim unlimited data"
"roamic esim reviews",4,1,"de-DE|en-AU|en-GB|en-SG|en-US","roami esim review"
"singapore esim tourist unlimited data",4,1,"de-DE|en-AU|en-GB|en-SG|en-US","singapore esim unlimited data"
"taiwan esim unlimited data klook",4,1,"de-DE|en-AU|en-GB|en-SG|en-US","taiwan esim unlimited data"
"uae esim tourist unlimited data",4,1,"de-DE|en-AU|en-GB|en-SG|en-US","uae esim unlimited data"
"vietnam esim unlimited data viettel",4,1,"de-DE|en-AU|en-GB|en-SG|en-US","vietnam esim unlimited data"
"best esim cape town",4,2,"de-DE|en-AU|en-GB|en-SG|en-US","best esim for cape town"
"best esim for italy greece and turkey",4,2,"de-DE|en-US","best esim for italy and greece"
"best esim for rio de janeiro brazil",4,2,"de-DE|en-AU|en-GB|en-SG|en-US","best esim for rio"
"best esim for uk france and italy",4,2,"de-DE|en-US","best esim for uk and france"
"cheapest esim for singapore and indonesia",4,2,"de-DE|en-AU|en-GB|en-SG|en-US","cheapest esim for singapore"
"china esim unlimited data free",4,2,"de-DE|en-AU|en-GB|en-SG|en-US","china esim unlimited data"
"does du have esim",4,2,"en-AU|en-GB|en-SG|en-US","which esim is best for germany"
"ee activate esim",4,2,"en-US","ubigi esim costa rica"
"esim germany unlimited data reddit",4,2,"de-DE|en-AU|en-GB|en-SG|en-US","germany esim unlimited data"
"esim italy unlimited data hotspot",4,2,"de-DE|en-AU|en-GB|en-SG|en-US","esim italy unlimited"
"esim mexico unlimited data telcel",4,2,"de-DE|en-AU|en-GB|en-SG|en-US","esim mexico unlimited"
"esim philippines unlimited data globe",4,2,"de-DE|en-AU|en-GB|en-SG|en-US","esim philippines unlimited"
"esim spain unlimited data hotspot",4,2,"de-DE|en-GB|en-SG|en-US","spain esim unlimited data"
"esim toevoegen iphone",4,2,"en-US","roamic esim belgium"
"esim turkey unlimited data and calls",4,2,"de-DE|en-AU|en-GB|en-SG|en-US","esim turkey unlimited"
"holafly esim rio de janeiro",4,2,"de-DE","esim rio de janeiro"
"is esim good",4,2,"en-US","is alosim esim good"
"italy esim tourist unlimited data",4,2,"de-DE|en-AU|en-GB|en-SG|en-US","esim italy tourist"
"list of smartwatches with esim",4,2,"en-US","jetpac esim taiwan"
"malaysia esim unlimited data reddit",4,2,"de-DE|en-AU|en-GB|en-SG|en-US","malaysia esim unlimited data"
"optus esim issues",4,2,"en-US","nomad esim fiji"
"unlimited data esim abu dhabi",4,2,"en-AU|en-GB|en-SG|en-US","uae esim unlimited data"
"unlimited internet china esim",4,2,"en-AU|en-GB|en-SG|en-US","esim china unlimited"
"which iphone uses esim",4,2,"en-US","esim germany for iphone"
"who offers esim in uk",4,2,"en-AU|en-GB|en-SG|en-US","is esim available in uk"
"airalo esim thailand vietnam",4,3,"de-DE","airalo esim vietnam"
"bell esim cost",4,3,"en-AU|en-GB|en-SG|en-US","esim belgium price"
"benefits of esim card",4,3,"en-US","belgium esim card"
"best esim for thailand vietnam",4,3,"de-DE","which esim is best for vietnam"
"buy esim new zealand unlimited data",4,3,"de-DE|en-AU|en-GB|en-SG|en-US","new zealand esim unlimited data"
"can i use esim in ipad",4,3,"en-AU|en-GB|en-SG|en-US","is esim available in italy"
"cheapest esim phone",4,3,"de-DE|en-AU|en-GB|en-SG|en-US","cheap esim iceland"
"does digicel support esim",4,3,"en-US","do i need an esim for kenya"
"does rogers support esim for iphone",4,3,"en-US","esim argentina for iphone"
"dual sim vs esim",4,3,"en-AU|en-GB|en-SG|en-US","esim germany vs sim"
"esim charges",4,3,"en-AU|en-GB|en-SG|en-US","esim warsaw"
"esim france unlimited data hotspot",4,3,"de-DE|en-AU|en-SG|en-US","france esim unlimited data"
"esim italy unlimited data and calls",4,3,"de-DE|en-AU|en-GB|en-SG|en-US","italy esim unlimited data"
"esim multiple numbers",4,3,"en-AU|en-GB|en-SG|en-US","roamic esim unlimited"
"esim new number",4,3,"en-AU|en-GB|en-SG|en-US","roamic esim new zealand"
"esim philippines unlimited data smart",4,3,"de-DE|en-AU|en-GB|en-SG|en-US","esim philippines unlimited"
"esim supported iphone models",4,3,"en-US","esim greece for iphone"
"esim telefon",4,3,"en-AU|en-GB|en-SG|en-US","esim dubrovnik"
"how does esim work in singapore",4,3,"en-US","is esim available in singapore"
"is esim available in nepal",4,3,"en-US","esim netherlands tourist"
"malaysia esim tourist unlimited data",4,3,"de-DE|en-AU|en-GB|en-SG|en-US","malaysia esim unlimited data"
"saily esim rio de janeiro",4,3,"de-DE|en-AU|en-GB|en-SG|en-US","esim rio de janeiro"
"should i convert to esim",4,3,"en-AU|en-GB|en-SG|en-US","do i need an esim for india"
"vietnam esim unlimited data 30 days",4,3,"de-DE|en-AU|en-GB|en-SG|en-US","vietnam esim unlimited data"
"what is the esim in iphone",4,3,"en-US","esim peru for iphone"
"best esim for australia unlimited data",4,4,"de-DE","australia esim unlimited data"
"can iphone use esim",4,4,"en-US","esim taiwan for iphone"
"cheap esim plan",4,4,"en-AU|en-GB|en-SG|en-US","best esim for athens"
"cheapest esim germany unlimited data",4,4,"de-DE|en-AU|en-GB|en-SG|en-US","cheapest esim for germany"
"does jio esim work internationally",4,4,"en-AU|en-GB|en-SG|en-US","roami esim belgium"
"esim maksudnya",4,4,"en-US","esim poland tourist"
"esim replacement cost",4,4,"en-US","yesim esim new zealand"
"esim spain unlimited data and calls",4,4,"de-DE|en-AU|en-GB|en-SG|en-US","spain esim unlimited data"
"esim turkey unlimited data uk",4,4,"de-DE|en-AU|en-GB|en-SG|en-US","esim turkey unlimited"
"esim.net reviews",4,4,"en-AU|en-GB|en-SG|en-US","esim for argentina review"
"how many esim can you have on iphone",4,4,"en-AU|en-GB|en-SG|en-US","peru esim unlimited data"
"how to make a esim",4,4,"en-AU|en-GB|en-SG|en-US","how to get an esim for indonesia"
"airalo esim rio de janeiro",4,5,"de-DE|en-AU|en-GB|en-SG|en-US","rio esim"
"esim description",4,5,"en-AU|en-GB|en-SG|en-US","esim for athens"
"cheapest esim canada unlimited data",4,6,"de-DE|en-AU|en-GB|en-SG|en-US","canada esim unlimited data"
"how to request esim",4,6,"en-US","how to get an esim for australia"
"esim turkey unlimited data maya",4,7,"de-DE|en-AU|en-GB|en-SG|en-US","turkey esim unlimited data"
"vivo esim rio de janeiro",4,7,"en-AU|en-GB|en-SG|en-US","esim rio de janeiro"
"best esim croatia unlimited data",3,1,"de-DE|en-AU|en-GB|en-SG|en-US","croatia esim unlimited data"
"best esim for brazil rio",3,1,"de-DE","best esim for brazil"
"best esim for brazil unlimited data",3,1,"de-DE|en-AU|en-GB|en-SG|en-US","brazil esim unlimited data"
"best esim for buenos aires reddit",3,1,"de-DE|en-AU|en-GB|en-SG|en-US","best esim for buenos aires"
"best esim for cairo egypt",3,1,"de-DE|en-AU|en-GB|en-SG|en-US","best esim for cairo"
"best esim for czech republic reddit",3,1,"de-DE|en-AU|en-GB|en-SG|en-US","best esim for czech republic"
"best esim for doha qatar",3,1,"de-DE|en-AU|en-GB|en-SG|en-US","best esim for doha"
"best esim for iceland 2026",3,1,"de-DE|en-AU|en-GB|en-SG|en-US","best esim iceland 2026"
"best esim for ireland and uk reddit",3,1,"de-DE|en-AU|en-GB|en-SG|en-US","best esim for ireland and uk"
"best esim for israel iphone",3,1,"de-DE|en-AU|en-GB|en-SG|en-US","best esim for israel"
"best esim for kenya and tanzania reddit",3,1,"de-DE|en-AU|en-GB|en-SG|en-US","best esim for kenya and tanzania"
"best esim for netherlands and belgium",3,1,"de-DE|en-AU|en-GB|en-SG|en-US","best esim for netherlands"
"best esim for peru bolivia and chile",3,1,"de-DE|en-AU|en-GB|en-SG|en-US","best esim for peru and chile"
"best esim for rio de janeiro",3,1,"de-DE|en-AU|en-GB|en-SG|en-US","best esim for rio"
"best esim for spain and portugal reddit",3,1,"de-DE|en-US","best esim for spain and portugal"
"best esim for switzerland and italy reddit",3,1,"de-DE|en-US","best esim for switzerland and italy"
"best esim for vienna austria",3,1,"de-DE|en-AU|en-GB|en-SG|en-US","best esim for vienna"
"best esim switzerland unlimited data",3,1,"de-DE|en-AU|en-GB|en-SG|en-US","switzerland esim unlimited data"
"bogota airport esim",3,1,"de-DE","esim bogota"
"canada esim unlimited data reddit",3,1,"de-DE|en-AU|en-GB|en-SG|en-US","canada esim unlimited data"
"cheapest esim argentina reddit",3,1,"en-AU|en-GB|en-SG|en-US","cheapest esim for argentina"
"cheapest esim china",3,1,"de-DE|en-SG|en-US","cheap esim china"
"cheapest esim colombia reddit",3,1,"de-DE|en-AU|en-GB|en-SG|en-US","cheapest esim for colombia"
"cheapest esim costa rica reddit",3,1,"de-DE|en-AU|en-GB|en-SG|en-US","cheapest esim for costa rica"
"cheapest esim for greece and turkey",3,1,"de-DE|en-AU|en-GB|en-SG|en-US","cheapest esim for greece"
"cheapest esim for kenya and tanzania",3,1,"de-DE|en-AU|en-GB|en-SG|en-US","cheapest esim for kenya"
"cheapest esim for new zealand and australia",3,1,"de-DE","cheapest esim for new zealand"
"cheapest esim germany",3,1,"de-DE|en-AU|en-GB|en-SG|en-US","cheapest esim"
"cheapest esim hong kong tourist",3,1,"de-DE|en-AU|en-GB|en-SG|en-US","esim hong kong tourist"
"cheapest esim peru reddit",3,1,"de-DE|en-AU|en-GB|en-SG|en-US","cheapest esim for peru"
"cheapest esim philippines reddit",3,1,"de-DE|en-AU|en-GB|en-SG|en-US","cheapest esim for philippines"
"cheapest esim qatar tourist",3,1,"de-DE|en-AU|en-GB|en-SG|en-US","cheapest esim for qatar"
"cheapest esim saudi arabia reddit",3,1,"de-DE|en-AU|en-GB|en-SG|en-US","esim saudi arabia reddit"
"cheapest esim switzerland reddit",3,1,"de-DE|en-AU|en-GB|en-SG|en-US","esim switzerland reddit"
"do i need a sim card for international travel",3,1,"en-AU|en-GB|en-SG|en-US","israel sim card for tourists"
"does telenor support esim",3,1,"en-AU|en-GB|en-SG|en-US","tel aviv esim"
"does vi has esim",3,1,"en-AU|en-GB|en-SG|en-US","is esim available in vietnam"
"esim abu dhabi airport",3,1,"de-DE|en-AU|en-GB|en-SG|en-US","esim uae airport"
"esim abu dhabi reddit",3,1,"de-DE|en-AU|en-GB|en-SG|en-US","esim uae reddit"
"esim abu dhabi tourist",3,1,"de-DE|en-AU|en-GB|en-SG|en-US","esim abu dhabi"
"esim amsterdam airport",3,1,"de-DE|en-AU|en-GB|en-SG|en-US","esim amsterdam"
"esim australia tourist",3,1,"de-DE|en-AU|en-GB|en-SG|en-US","esim australia"
"esim barcelona unlimited",3,1,"de-DE|en-AU|en-GB|en-SG|en-US","esim barcelona"
"esim beijing airport",3,1,"de-DE|en-AU|en-GB|en-SG|en-US","esim beijing"
"esim berlin airport",3,1,"de-DE|en-AU|en-GB|en-SG|en-US","esim berlin"
"esim bogota airport",3,1,"en-AU|en-GB|en-SG|en-US","esim bogota"
"esim brasil unlimited data",3,1,"en-AU|en-GB|en-SG|en-US","brazil esim unlimited data"
"esim brussels airlines",3,1,"de-DE|en-AU|en-GB|en-SG|en-US","esim brussels"
"esim brussels airport",3,1,"de-DE|en-AU|en-GB|en-SG|en-US","brussels esim"
"esim buenos aires argentina",3,1,"de-DE|en-AU|en-GB|en-SG|en-US","esim buenos aires"
"esim buenos aires reddit",3,1,"de-DE|en-AU|en-GB|en-SG|en-US","buenos aires esim"
"esim cancun airport",3,1,"de-DE|en-AU|en-GB|en-SG|en-US","esim cancun"
"esim cape town reddit",3,1,"de-DE|en-AU|en-GB|en-SG|en-US","cape town esim"
"esim chile peru",3,1,"de-DE","esim for peru and chile"
"esim claro rio de janeiro",3,1,"de-DE|en-AU|en-GB|en-SG|en-US","esim for rio de janeiro"
"esim croatia unlimited data",3,1,"de-DE|en-AU|en-GB|en-SG|en-US","esim croatia unlimited"
"esim delhi airport",3,1,"de-DE|en-AU|en-GB|en-SG|en-US","esim delhi"
"esim dublin airport",3,1,"de-DE|en-AU|en-GB|en-SG|en-US","esim dublin"
"esim enabled phones",3,1,"en-US","alosim esim vietnam"
"esim for austria and germany",3,1,"de-DE|en-AU|en-GB|en-SG|en-US","esim for austria"
"esim for prague vienna and budapest",3,1,"de-DE|en-AU|en-GB|en-SG|en-US","esim for prague"
"esim for spain and portugal reddit",3,1,"de-DE|en-US","esim for spain and portugal"
"esim for uk france and italy",3,1,"de-DE|en-US","esim for uk and france"
"esim france italy",3,1,"de-DE","esim for france and italy"
"esim france unlimited internet",3,1,"de-DE|en-AU|en-GB|en-SG|en-US","esim france unlimited"
"esim georgia unlimited internet",3,1,"de-DE|en-AU|en-GB|en-SG|en-US","georgia esim unlimited data"
"esim holland kaufen",3,1,"de-DE|en-AU|en-GB|en-SG|en-US","esim holland"
"esim iphone set up",3,1,"en-US","alosim esim costa rica"
"esim istanbul erfahrungen",3,1,"de-DE","esim istanbul"
"esim lima airport",3,1,"de-DE|en-AU|en-GB|en-SG|en-US","lima esim"
"esim marrakech airalo",3,1,"de-DE|en-AU|en-GB|en-SG|en-US","esim marrakech"
"esim mexico city airport",3,1,"de-DE|en-US","esim mexico airport"
"esim mexico city reddit",3,1,"de-DE|en-US","esim mexico city"
"esim nairobi airport",3,1,"de-DE|en-AU|en-GB|en-SG|en-US","esim nairobi"
"esim rio de janeiro",3,1,"de-DE|en-AU|en-GB|en-SG|en-US","esim rio"
"esim riyadh airport",3,1,"de-DE|en-AU|en-GB|en-SG|en-US","riyadh esim"
"esim switzerland italy",3,1,"de-DE","esim for switzerland and italy"
"esim sydney airport",3,1,"en-AU|en-GB|en-SG|en-US","esim sydney"
"esim tbilisi reddit",3,1,"de-DE|en-AU|en-GB|en-SG|en-US","tbilisi esim"
"esim toronto airport",3,1,"de-DE|en-AU|en-GB|en-SG|en-US","esim toronto"
"esim turkey unlimited data hotspot",3,1,"de-DE|en-US","esim turkey unlimited"
"esim usa travel",3,1,"en-AU|en-GB|en-SG|en-US","esim usa"
"esim usa unlimited data",3,1,"de-DE|en-AU|en-GB|en-SG|en-US","esim usa unlimited"
"esim vietnam unlimited reddit",3,1,"de-DE|en-AU|en-GB|en-SG|en-US","esim vietnam unlimited"
"esim warsaw poland",3,1,"de-DE|en-AU|en-GB|en-SG|en-US","esim warsaw"
"france esim card unlimited data",3,1,"de-DE|en-GB|en-US","france esim card"
"german e sim unlimited data",3,1,"en-AU|en-GB|en-SG|en-US","germany esim unlimited data"
"greece esim card unlimited data",3,1,"de-DE|en-US","greece esim card"
"macau esim unlimited data",3,1,"en-AU|en-GB|en-SG|en-US","esim macao unlimited"
"mexiko esim unlimited data",3,1,"de-DE","unlimited data esim mexico"
"nomad esim singapore malaysia thailand",3,1,"de-DE|en-US","nomad esim singapore"
"philippines esim unlimited data reddit",3,1,"de-DE|en-AU|en-GB|en-SG|en-US","philippines esim unlimited data"
"saily esim holland",3,1,"de-DE|en-AU|en-GB|en-SG|en-US","saily esim netherlands"
"saily turkey esim price",3,1,"de-DE","saily esim turkey"
"swiss international air lines switzerland address",3,1,"en-US","esim switzerland airport"
"tbilisi.airport esim",3,1,"de-DE","esim tbilisi"
"thailand esim unlimited data 15 days",3,1,"de-DE|en-AU|en-GB|en-SG|en-US","thailand esim unlimited data"
"thailand esim unlimited data 30 days",3,1,"de-DE|en-AU|en-GB|en-SG|en-US","thailand esim unlimited data"
"turkey esim unlimited data 7 days",3,1,"de-DE|en-AU|en-GB|en-SG|en-US","turkey esim unlimited data"
"ubigi esim korea price",3,1,"de-DE|en-US","ubigi esim korea"
"uk esim unlimited data and calls",3,1,"de-DE|en-AU|en-GB|en-SG|en-US","uk esim unlimited data"
"unlimited data colombia esim",3,1,"de-DE","colombia esim unlimited data"
"unlimited data esim south africa vodacom",3,1,"de-DE|en-US","unlimited data esim south africa"
"vodafone ireland esim unlimited data",3,1,"de-DE|en-AU|en-GB|en-SG|en-US","ireland esim unlimited data"
"vodafone portugal esim unlimited data",3,1,"de-DE|en-AU|en-SG|en-US","portugal esim unlimited data"
"where to buy smart esim",3,1,"en-AU|en-GB|en-SG|en-US","which esim is best for austria"
"best esim australia unlimited data",3,2,"en-AU|en-GB|en-SG|en-US","australia esim unlimited data"
"best esim for france italy and switzerland",3,2,"de-DE|en-AU|en-GB|en-SG|en-US","best esim for france and italy"
"best esim for iceland iphone",3,2,"de-DE|en-AU|en-GB|en-SG|en-US","esim iceland for iphone"
"best esim for malaysia kuala lumpur",3,2,"de-DE|en-AU|en-GB|en-SG|en-US","best esim for kuala lumpur"
"best esim for singapore malaysia and indonesia",3,2,"de-DE|en-US","best esim for singapore and indonesia"
"best esim for spain and portugal iphone",3,2,"de-DE|en-US","best esim for spain and portugal"
"best esim for usa and mexico",3,2,"de-DE|en-AU|en-GB|en-SG|en-US","esim for usa and mexico"
"best esim for usa and mexico iphone",3,2,"de-DE|en-US","best esim for usa and mexico"
"best esim india unlimited data",3,2,"de-DE|en-AU|en-GB|en-SG|en-US","india esim unlimited data"
"best esim indonesia unlimited data",3,2,"de-DE|en-AU|en-GB|en-SG|en-US","esim indonesia unlimited"
"best esim netherlands unlimited data",3,2,"de-DE|en-AU|en-GB|en-SG|en-US","netherlands esim unlimited data"
"best esim rio de janeiro",3,2,"de-DE|en-AU|en-GB|en-SG|en-US","esim rio de janeiro"
"best esim.for hong kong unlimited data",3,2,"de-DE|en-AU|en-GB|en-SG|en-US","hong kong esim unlimited data"
"canada esim prepaid unlimited data",3,2,"de-DE|en-AU|en-GB|en-SG|en-US","canada esim unlimited data"
"cheapest esim for spain and portugal",3,2,"de-DE|en-AU|en-GB|en-SG|en-US","cheapest esim for spain"
"cheapest esim for thailand and vietnam",3,2,"de-DE|en-AU|en-GB|en-SG|en-US","cheapest esim for thailand"
"cheapest esim germany reddit",3,2,"de-DE|en-AU|en-GB|en-SG|en-US","esim germany reddit"
"cheapest esim netherlands reddit",3,2,"de-DE|en-AU|en-GB|en-SG|en-US","cheapest esim for netherlands"
"cheapest esim new zealand reddit",3,2,"de-DE|en-AU|en-GB|en-SG|en-US","esim new zealand reddit"
"cheapest esim saudi arabia tourist",3,2,"de-DE|en-AU|en-GB|en-SG|en-US","esim saudi arabia tourist"
"cheapest esim south africa reddit",3,2,"de-DE|en-AU|en-GB|en-SG|en-US","cheap esim south africa"
"cheapest esim switzerland tourist",3,2,"de-DE|en-AU|en-GB|en-SG|en-US","cheapest esim for switzerland"
"cheapest esim taiwan reddit",3,2,"de-DE|en-AU|en-GB|en-SG|en-US","cheapest esim for taiwan"
"does ipad has esim",3,2,"en-US","jetpac esim peru"
"esim activate iphone",3,2,"en-AU|en-GB|en-SG|en-US","esim tel aviv"
"esim athens airport",3,2,"de-DE|en-AU|en-GB|en-SG|en-US","esim athens"
"esim australia & new zealand unlimited",3,2,"de-DE|en-AU|en-GB|en-SG|en-US","esim new zealand unlimited"
"esim australia prepaid",3,2,"de-DE|en-AU|en-GB|en-SG|en-US","esim australia"
"esim belgium unlimited",3,2,"de-DE|en-AU|en-GB|en-SG","belgium esim unlimited"
"esim berlin kaufen",3,2,"de-DE","esim berlin"
"esim buenos aires airport",3,2,"de-DE|en-AU|en-GB|en-SG|en-US","esim for buenos aires"
"esim cairo airport",3,2,"de-DE|en-AU|en-GB|en-SG|en-US","esim cairo"
"esim canada unlimited internet",3,2,"de-DE|en-AU|en-GB|en-SG|en-US","esim canada unlimited"
"esim china beijing",3,2,"de-DE","esim beijing"
"esim delhi india",3,2,"de-DE|en-AU|en-GB|en-SG|en-US","esim delhi"
"esim doha airport",3,2,"de-DE|en-AU|en-GB|en-SG|en-US","esim doha"
"esim for georgia tbilisi",3,2,"de-DE|en-AU|en-GB|en-SG|en-US","esim tbilisi"
"esim for singapore malaysia and thailand",3,2,"de-DE|en-US","esim for singapore"
"esim istanbul airport",3,2,"de-DE|en-AU|en-GB|en-SG|en-US","esim istanbul"
"esim japan unlimited data 5g",3,2,"de-DE","japan esim unlimited data"
"esim korea travel unlimited data",3,2,"de-DE|en-US","korea esim unlimited data"
"esim ksa stc",3,2,"de-DE|en-AU|en-GB|en-SG|en-US","esim ksa"
"esim lisbon airport",3,2,"de-DE|en-AU|en-GB|en-SG|en-US","esim lisbon"
"esim malaysia kuala lumpur airport",3,2,"de-DE|en-AU|en-GB|en-SG|en-US","esim malaysia airport"
"esim manila airport",3,2,"en-AU|en-GB|en-SG|en-US","esim manila"
"esim marrakech airport",3,2,"de-DE|en-AU|en-GB|en-SG|en-US","esim marrakech"
"esim marrakesch saily",3,2,"de-DE","esim marrakech"
"esim netherlands unlimited internet",3,2,"de-DE|en-AU|en-GB|en-SG|en-US","esim netherlands unlimited"
"esim portugal unlimited internet",3,2,"de-DE|en-AU|en-GB|en-SG|en-US","esim portugal unlimited"
"esim prague airport",3,2,"de-DE|en-AU|en-GB|en-SG|en-US","esim prague"
"esim rio brazil",3,2,"de-DE|en-AU|en-GB|en-SG|en-US","esim rio"
"esim rome airport",3,2,"de-DE|en-AU|en-GB|en-SG|en-US","esim rome"
"esim same number",3,2,"en-US","esim new zealand 10gb"
"esim seoul airport",3,2,"de-DE|en-AU|en-GB|en-SG|en-US","esim seoul"
"esim switch phones",3,2,"en-US","alosim esim vietnam"
"esim taipei taiwan",3,2,"de-DE","esim taipei"
"esim thailand unlimited data and calls",3,2,"de-DE","esim thailand unlimited"
"esim vienna airport",3,2,"de-DE|en-AU|en-GB|en-SG|en-US","esim vienna"
"esim vivo.rio.de janeiro",3,2,"de-DE","esim for rio de janeiro"
"esim việt nam mobifone",3,2,"de-DE|en-AU|en-GB|en-SG|en-US","esim viet nam"
"esim österreich unlimited data",3,2,"en-AU|en-GB|en-SG|en-US","austria esim unlimited data"
"greek esim unlimited data",3,2,"en-AU|en-GB|en-SG|en-US","greece esim unlimited data"
"hoe werkt esim",3,2,"en-AU|en-GB|en-SG|en-US","dubrovnik esim"
"holafly esim china reddit",3,2,"de-DE|en-SG|en-US","holafly esim china"
"holafly esim india price",3,2,"de-DE|en-AU|en-GB|en-SG|en-US","holafly esim india"
"how much is a sim card in costa rica",3,2,"en-AU|en-GB|en-SG|en-US","costa rica sim card for tourists"
"india esim unlimited internet",3,2,"de-DE|en-AU|en-GB|en-SG|en-US","esim india unlimited"
"iphone esim country list",3,2,"en-US","nomad esim czech republic"
"manila airport esim",3,2,"de-DE","esim manila"
"movistar esim buenos aires",3,2,"de-DE","buenos aires esim"
"nomad esim india price",3,2,"de-DE|en-AU|en-GB|en-SG|en-US","esim india price"
"should i get a sim card in europe",3,2,"en-AU|en-GB|en-SG|en-US","belgium sim card for tourists"
"spanish esim unlimited data",3,2,"en-AU|en-US","spain esim unlimited data"
"switzerland esim tourist plan with unlimited data",3,2,"de-DE|en-AU|en-GB|en-SG|en-US","switzerland esim unlimited data"
"tbilisi airport esim",3,2,"en-AU|en-GB|en-SG|en-US","esim tbilisi"
"uk esim unlimited data reddit",3,2,"de-DE|en-AU|en-GB|en-SG|en-US","uk esim unlimited data"
"vietnam esim unlimited data reddit",3,2,"de-DE|en-AU|en-GB|en-SG|en-US","vietnam esim unlimited data"
"vodafone egypt esim unlimited data",3,2,"de-DE|en-AU|en-GB|en-SG|en-US","egypt esim unlimited data"
"which sim card is best in poland",3,2,"en-AU|en-GB|en-SG|en-US","poland sim card for tourists"
"best esim for rio de janeiro reddit",3,3,"de-DE|en-AU|en-GB|en-SG|en-US","best esim for rio"
"best esim for usa and canada",3,3,"de-DE|en-AU|en-US","best esim for usa"
"best esim greece unlimited data",3,3,"de-DE|en-AU|en-GB|en-SG|en-US","esim greece unlimited"
"best esim kuala lumpur",3,3,"de-DE|en-AU|en-GB|en-SG","esim kuala lumpur"
"best esim mexico unlimited data",3,3,"de-DE|en-AU|en-GB|en-SG|en-US","mexico esim unlimited data"
"best esim morocco unlimited data",3,3,"de-DE|en-AU|en-GB|en-SG|en-US","morocco esim unlimited data"
"best esim new zealand unlimited data",3,3,"de-DE|en-AU|en-GB|en-SG|en-US","new zealand esim unlimited data"
"best esim portugal unlimited data",3,3,"de-DE|en-AU|en-GB|en-SG|en-US","portugal esim unlimited data"
"best esim unlimited data france",3,3,"de-DE","france esim unlimited data"
"best taiwan esim unlimited data",3,3,"de-DE|en-AU|en-GB|en-SG|en-US","taiwan esim unlimited data"
"cheapest esim australia with phone number",3,3,"de-DE|en-AU|en-US","cheap esim australia"
"cheapest esim greece reddit",3,3,"de-DE|en-AU|en-GB|en-SG|en-US","cheapest esim for greece"
"cheapest esim malaysia reddit",3,3,"de-DE|en-AU|en-GB|en-SG|en-US","cheapest esim for malaysia"
"cheapest indonesia esim reddit",3,3,"en-AU|en-GB|en-SG|en-US","esim indonesia reddit"
"does esim work in nepal",3,3,"en-AU|en-GB|en-SG|en-US","alosim esim korea"
"does singtel support esim",3,3,"en-US","esim singapore 10gb"
"does ultra mobile have esim",3,3,"en-AU|en-GB|en-SG|en-US","poland esim unlimited"
"does us mobile have esim",3,3,"en-US","is esim available in usa"
"esim activeren iphone",3,3,"en-AU|en-GB|en-SG|en-US","esim reykjavik"
"esim barcelona airport",3,3,"de-DE|en-AU|en-GB|en-SG|en-US","esim barcelona"
"esim berlin germany",3,3,"de-DE|en-AU|en-GB|en-SG|en-US","esim berlin"
"esim brasil rio de janeiro",3,3,"en-AU|en-GB|en-SG|en-US","esim rio de janeiro"
"esim cairo vodafone",3,3,"de-DE|en-AU|en-GB|en-SG|en-US","esim cairo"
"esim card rio de janeiro",3,3,"de-DE|en-AU|en-US","esim for rio de janeiro"
"esim egypt unlimited internet",3,3,"en-AU|en-GB|en-SG|en-US","esim egypt unlimited"
"esim for thailand vietnam and japan",3,3,"de-DE|en-US","esim for thailand and vietnam"
"esim for usa and canada",3,3,"de-DE|en-AU|en-US","esim for usa"
"esim manila reddit",3,3,"de-DE|en-AU|en-GB|en-SG|en-US","esim manila"
"esim marrakech vodafone",3,3,"de-DE|en-AU|en-GB|en-SG|en-US","esim marrakech"
"esim pros and cons",3,3,"en-US","esim for israel review"
"esim schweiz unlimited data",3,3,"en-AU|en-GB|en-SG|en-US","switzerland esim unlimited data"
"esim south africa cape town",3,3,"de-DE","esim cape town"
"esim tokyo unlimited",3,3,"de-DE|en-US","esim tokyo"
"esim toronto cheap",3,3,"en-AU|en-GB|en-SG|en-US","esim toronto"
"esim uk unlimited data 7 days",3,3,"de-DE|en-AU|en-GB|en-SG|en-US","uk esim unlimited data"
"esim usa canada unlimited data",3,3,"de-DE|en-AU|en-US","esim canada unlimited"
"esim việt nam giá rẻ",3,3,"de-DE|en-AU|en-GB|en-SG|en-US","esim viet nam"
"esim vs physical sim performance",3,3,"en-US","best esim vietnam 2026"
"free esim germany unlimited data",3,3,"de-DE|en-AU|en-GB|en-SG|en-US","germany esim unlimited data"
"getting a sim card in peru",3,3,"en-AU|en-GB|en-SG|en-US","peru sim card for tourists"
"holafly esim lima peru",3,3,"de-DE|en-AU|en-GB|en-SG|en-US","holafly esim peru"
"holafly esim thailand and vietnam",3,3,"de-DE|en-US","holafly esim thailand"
"holafly esim turkey price",3,3,"de-DE|en-AU|en-GB|en-SG|en-US","holafly esim turkey"
"holafly esim usa and mexico",3,3,"de-DE|en-US","esim for usa and mexico"
"holafly esim vietnam price",3,3,"de-DE|en-AU|en-GB|en-SG|en-US","holafly esim price"
"how to get esim to physical sim",3,3,"en-US","how to get an esim for indonesia"
"iphone dual sim price in qatar",3,3,"en-AU|en-GB|en-SG|en-US","esim qatar reddit"
"is esim free",3,3,"en-AU|en-GB|en-SG|en-US","is esim available in georgia"
"new delhi esim",3,3,"de-DE|en-AU|en-GB|en-SG|en-US","delhi esim"
"nomad esim japan price",3,3,"de-DE|en-US","esim japan price"
"saily esim price germany",3,3,"de-DE|en-AU|en-GB|en-SG|en-US","esim germany price"
"singapore esim tourist plan unlimited data",3,3,"de-DE|en-AU|en-GB|en-SG|en-US","singapore esim unlimited data"
"turkey esim unlimited data 10 days",3,3,"de-DE|en-AU|en-GB|en-SG|en-US","turkey esim unlimited data"
"where to buy tourist sim card",3,3,"en-AU|en-GB|en-SG|en-US","georgia sim card for tourists"
"airalo esim for italy and switzerland",3,4,"de-DE|en-US","airalo esim switzerland"
"airalo esim singapore and indonesia",3,4,"de-DE|en-US","airalo esim singapore"
"best esim for turkey unlimited data reddit",3,4,"de-DE","best esim for turkey"
"best esim for uk ireland and france",3,4,"de-DE|en-US","best esim for uk and france"
"best esim germany unlimited data",3,4,"de-DE|en-AU|en-GB|en-SG|en-US","esim germany unlimited"
"best esim philippines unlimited data",3,4,"de-DE|en-AU|en-GB|en-SG|en-US","philippines esim unlimited data"
"best esim vienna",3,4,"de-DE|en-AU|en-GB|en-SG|en-US","esim for vienna"
"buy esim india unlimited data",3,4,"de-DE|en-AU|en-GB|en-SG|en-US","india esim unlimited data"
"cheapest esim for south korea and japan",3,4,"de-DE|en-AU|en-GB|en-SG|en-US","cheapest esim for korea"
"cheapest esim for usa and mexico",3,4,"de-DE|en-AU|en-GB|en-SG|en-US","best esim for usa and mexico"
"cheapest esim france reddit",3,4,"de-DE|en-AU|en-GB|en-SG|en-US","cheap esim france"
"cheapest esim ireland reddit",3,4,"de-DE|en-AU|en-GB|en-SG|en-US","cheap esim ireland"
"cheapest esim uae reddit",3,4,"de-DE|en-AU|en-GB|en-SG|en-US","esim uae reddit"
"cheapest sim card netherlands",3,4,"en-AU|en-GB|en-SG|en-US","cheapest esim for netherlands"
"data sim card indonesia",3,4,"en-US","indonesia esim unlimited data"
"does metropcs support esim",3,4,"en-US","holafly esim poland"
"does vodafone ireland support esim",3,4,"en-AU|en-GB|en-SG|en-US","roami esim ireland"
"esim doha dubai",3,4,"de-DE|en-AU|en-GB|en-SG|en-US","esim doha"
"esim for singapore malaysia and vietnam",3,4,"de-DE|en-US","esim for singapore"
"esim how to",3,4,"en-AU|en-GB|en-SG|en-US","esim for reykjavik"
"esim vs nano sim",3,4,"en-AU|en-GB|en-SG|en-US","esim new zealand vs sim"
"how many esim can be used in iphone xr",3,4,"en-AU|en-GB|en-SG|en-US","which esim is best for costa rica"
"how much is esim globe",3,4,"en-AU|en-GB|en-SG|en-US","esim iceland price"
"nomad esim turkey price",3,4,"de-DE|en-AU|en-GB|en-US","nomad esim turkey"
"using esim abroad",3,4,"en-US","do i need an esim for croatia"
"what is esim in india",3,4,"en-US","alosim esim india"
"what is the best sim card in indonesia",3,4,"en-AU|en-GB|en-SG|en-US","indonesia sim card for tourists"
"airalo esim india plans",3,5,"de-DE|en-US","esim india plans"
"best esim for austria and czech republic",3,5,"de-DE|en-AU|en-GB|en-SG|en-US","best esim for austria"
"best esim france unlimited data",3,5,"en-AU|en-GB|en-SG|en-US","france esim unlimited data"
"best esim philippines unlimited data reddit",3,5,"de-DE|en-AU|en-GB|en-SG|en-US","philippines esim unlimited data"
"cheapest esim australia reddit",3,5,"de-DE|en-US","esim australia reddit"
"cheapest esim australia unlimited data free",3,5,"de-DE|en-AU|en-GB|en-SG|en-US","australia esim unlimited data"
"cheapest esim for uk and france",3,5,"de-DE|en-AU|en-GB|en-SG|en-US","cheapest esim for uk"
"cheapest esim singapore reddit",3,5,"de-DE|en-AU|en-GB|en-SG|en-US","cheap esim singapore"
"esim barcelona orange",3,5,"de-DE|en-AU|en-GB|en-SG|en-US","esim barcelona"
"esim sydney cheap",3,5,"de-DE|en-AU|en-GB|en-SG|en-US","esim sydney"
"esim uk unlimited data pay as you go",3,5,"de-DE|en-AU|en-GB|en-SG|en-US","esim uk unlimited"
"esim usa and mexico",3,5,"en-AU|en-US","esim usa"
"esim việt nam không giới hạn",3,5,"de-DE|en-AU|en-GB|en-SG|en-US","esim for viet nam"
"how to activate esim in uae",3,5,"en-US","esim uae airport"
"klook vietnam esim unlimited data",3,5,"de-DE|en-AU|en-GB|en-SG|en-US","vietnam esim unlimited data"
"nomad vs airalo esim turkey",3,5,"de-DE|en-US","nomad esim turkey"
"orange esim france unlimited data",3,5,"de-DE|en-AU|en-SG|en-US","france esim unlimited data"
"thailand esim unlimited data 10 days",3,5,"de-DE|en-AU|en-GB|en-SG|en-US","thailand esim unlimited data"
"use esim or physical sim",3,5,"en-US","esim saudi arabia vs sim"
"airalo esim for cambodia and vietnam",3,6,"de-DE","airalo esim vietnam"
"airalo vs saily esim italy",3,6,"de-DE|en-US","saily esim italy"
"bangkok esim unlimited",3,6,"de-DE","esim bangkok"
"best esim italy unlimited data",3,6,"en-AU|en-GB|en-SG|en-US","italy esim unlimited data"
"buy esim australia unlimited data",3,6,"de-DE|en-AU|en-GB|en-SG|en-US","australia esim unlimited data"
"buy esim philippines unlimited data",3,6,"de-DE|en-AU|en-GB|en-SG|en-US","philippines esim unlimited data"
"esim keep number",3,6,"en-AU|en-GB|en-SG|en-US","saudi arabia esim unlimited"
"esim sydney data",3,6,"de-DE|en-AU|en-GB|en-SG|en-US","esim sydney"
"esim uk unlimited data 30 days",3,6,"de-DE|en-AU|en-GB|en-SG|en-US","esim uk unlimited"
"esim usa mexico reddit",3,6,"de-DE","esim mexico reddit"
"esim việt nam 30 ngày",3,6,"de-DE|en-AU|en-GB|en-SG|en-US","esim viet nam"
"which smartwatch has esim",3,6,"en-AU|en-GB|en-SG|en-US","jetpac esim australia"
"buy esim france unlimited data",3,7,"de-DE|en-AU|en-GB|en-SG|en-US","france esim unlimited data"
"cheapest esim malaysia price",3,7,"de-DE|en-AU|en-GB|en-SG|en-US","cheapest esim for malaysia"
"does three mobile have esim",3,7,"en-AU|en-GB|en-SG|en-US","taiwan esim unlimited data"
"esim việt nam du lịch",3,7,"de-DE|en-AU|en-GB|en-SG|en-US","esim viet nam"
"5g taiwan unlimited data esim chunghwa telecom",2,1,"de-DE|en-US","unlimited data esim taiwan"
"abu dhabi esim card",2,1,"en-AU|en-GB|en-SG|en-US","uae esim card"
"airalo esim china reddit",2,1,"en-US","airalo esim china"
"airalo esim coverage map",2,1,"de-DE|en-AU|en-GB|en-SG|en-US","airalo esim coverage"
"airalo esim holland",2,1,"de-DE|en-AU|en-GB|en-SG|en-US","airalo esim netherlands"
"airalo esim hong kong review",2,1,"de-DE|en-US","airalo esim hong kong"
"airalo esim iceland reddit",2,1,"de-DE|en-US","esim iceland reddit"
"airalo esim india reddit",2,1,"de-DE|en-US","airalo esim india"
"airalo esim kenya reddit",2,1,"de-DE|en-US","airalo esim kenya"
"airalo esim korea reddit",2,1,"de-DE|en-US","airalo esim korea"
"airalo esim macau",2,1,"de-DE|en-AU|en-GB|en-SG|en-US","airalo esim macao"
"airalo esim malaysia reddit",2,1,"de-DE|en-US","esim malaysia reddit"
"airalo esim new zealand review",2,1,"de-DE|en-US","airalo esim new zealand"
"airalo esim saudi arabia review",2,1,"de-DE|en-US","airalo esim saudi arabia"
"airalo esim south africa reddit",2,1,"de-DE|en-US","esim south africa reddit"
"airalo esim south africa review",2,1,"de-DE|en-US","airalo esim south africa"
"airalo esim taiwan price",2,1,"de-DE|en-AU|en-GB|en-SG|en-US","esim taiwan price"
"airalo esim taiwan reddit",2,1,"en-US","airalo esim taiwan"
"airalo esim uae reddit",2,1,"de-DE|en-US","airalo esim uae"
"airalo esim vietnam reddit",2,1,"de-DE|en-US","airalo esim vietnam"
"amsterdam esim holafly",2,1,"de-DE|en-AU|en-GB|en-SG|en-US","amsterdam esim"
"athens esim",2,1,"de-DE","esim for athens"
"athens esim card",2,1,"de-DE|en-AU|en-GB|en-SG|en-US","athens esim"
"austria unlimited mobile data esim",2,1,"de-DE|en-US","austria esim unlimited data"
"barcelona esim card",2,1,"de-DE|en-AU|en-GB|en-SG|en-US","barcelona esim"
"beijing esim card",2,1,"de-DE|en-AU|en-GB|en-SG|en-US","beijing esim"
"best esim colombia reddit",2,1,"de-DE|en-US","esim colombia reddit"
"best esim for abu dhabi reddit",2,1,"en-AU|en-GB|en-SG|en-US","best esim for abu dhabi"
"best esim for amsterdam reddit",2,1,"de-DE|en-AU|en-GB|en-SG|en-US","best esim for amsterdam"
"best esim for argentina and brazil",2,1,"de-DE|en-AU|en-GB|en-SG|en-US","best esim for argentina"
"best esim for argentina and chile",2,1,"de-DE|en-AU|en-GB|en-SG|en-US","best esim for argentina"
"best esim for argentina iphone",2,1,"de-DE|en-AU|en-GB|en-SG|en-US","esim argentina for iphone"
"best esim for athens greece",2,1,"de-DE|en-AU|en-GB|en-SG|en-US","best esim for athens"
"best esim for auckland",2,1,"de-DE|en-US","esim for auckland"
"best esim for australia and new zealand",2,1,"de-DE|en-AU|en-GB|en-SG|en-US","best esim for australia"
"best esim for australia and new zealand reddit",2,1,"de-DE|en-US","best esim for australia and new zealand"
"best esim for bali from australia",2,1,"de-DE|en-AU|en-GB|en-SG|en-US","best esim for bali"
"best esim for bangkok thailand",2,1,"de-DE|en-AU|en-GB|en-SG|en-US","best esim for bangkok"
"best esim for barcelona reddit",2,1,"de-DE|en-AU|en-GB|en-SG|en-US","best esim for barcelona"
"best esim for beijing china",2,1,"de-DE|en-AU|en-GB|en-SG|en-US","best esim for beijing"
"best esim for belgium and netherlands",2,1,"de-DE|en-AU|en-GB|en-SG|en-US","best esim for belgium"
"best esim for berlin germany",2,1,"de-DE|en-AU|en-GB|en-SG|en-US","best esim for berlin"
"best esim for brazil and argentina",2,1,"de-DE|en-AU|en-GB|en-SG|en-US","esim for brazil and argentina"
"best esim for buenos aires argentina",2,1,"de-DE|en-AU|en-GB|en-SG|en-US","best esim for buenos aires"
"best esim for cancun mexico",2,1,"de-DE|en-AU|en-GB|en-SG|en-US","best esim for cancun"
"best esim for cape town south africa",2,1,"de-DE|en-AU|en-GB|en-SG|en-US","best esim for cape town"
"best esim for colombia reddit",2,1,"en-AU|en-GB|en-SG|en-US","best esim for colombia"
"best esim for costa rica 2026",2,1,"de-DE|en-AU|en-GB|en-SG|en-US","best esim costa rica 2026"
"best esim for costa rica and panama",2,1,"de-DE|en-AU|en-GB|en-SG|en-US","esim for costa rica and panama"
"best esim for croatia and italy",2,1,"de-DE|en-AU|en-GB|en-SG|en-US","esim for croatia and italy"
"best esim for delhi india",2,1,"de-DE|en-AU|en-GB|en-SG|en-US","best esim for delhi"
"best esim for dublin ireland",2,1,"de-DE|en-AU|en-GB|en-SG|en-US","best esim for dublin"
"best esim for egypt and jordan",2,1,"de-DE|en-AU|en-GB|en-SG|en-US","esim for egypt and jordan"
"best esim for egypt unlimited data",2,1,"de-DE|en-AU|en-GB|en-SG|en-US","best esim for egypt"
"best esim for fiji from australia",2,1,"de-DE|en-AU|en-GB|en-SG|en-US","best esim for fiji"
"best esim for france and italy",2,1,"de-DE|en-AU|en-GB|en-SG|en-US","best esim for france"
"best esim for france and italy reddit",2,1,"de-DE|en-US","best esim for france and italy"
"best esim for germany and austria",2,1,"de-DE|en-AU|en-GB|en-SG|en-US","esim for germany and austria"
"best esim for germany austria and italy",2,1,"de-DE|en-US","best esim for germany and austria"
"best esim for great britain",2,1,"de-DE","best esim for britain"
"best esim for greece 2026",2,1,"de-DE|en-GB|en-SG|en-US","best esim greece 2026"
"best esim for hong kong and china",2,1,"de-DE|en-AU|en-GB|en-SG|en-US","best esim for hong kong"
"best esim for hong kong and china reddit",2,1,"de-DE|en-US","best esim for hong kong and china"
"best esim for iceland",2,1,"de-DE|en-AU|en-GB|en-SG|en-US","best esim for reykjavik"
"best esim for iceland reddit",2,1,"de-DE|en-AU|en-GB|en-SG|en-US","best esim for iceland"
"best esim for iceland travel",2,1,"de-DE|en-AU|en-GB|en-SG|en-US","best esim for iceland"
"best esim for india and sri lanka",2,1,"de-DE|en-AU|en-GB|en-SG|en-US","esim for india and sri lanka"
"best esim for indonesia review",2,1,"de-DE|en-AU|en-GB|en-SG|en-US","esim for indonesia review"
"best esim for ireland and uk",2,1,"de-DE|en-AU|en-GB|en-SG|en-US","best esim for ireland"
"best esim for istanbul turkey",2,1,"de-DE|en-AU|en-GB|en-SG|en-US","best esim for istanbul"
"best esim for italy and greece reddit",2,1,"de-DE|en-US","best esim for italy and greece"
"best esim for japan and south korea reddit",2,1,"de-DE|en-US","best esim for japan and south korea"
"best esim for japan and thailand reddit",2,1,"de-DE|en-US","best esim for japan and thailand"
"best esim for japan and vietnam",2,1,"de-DE|en-AU|en-US","esim for japan and vietnam"
"best esim for japan and vietnam reddit",2,1,"de-DE|en-US","best esim for japan and vietnam"
"best esim for kenya and tanzania",2,1,"de-DE|en-AU|en-GB|en-SG|en-US","best esim for kenya"
"best esim for kuala lumpur reddit",2,1,"de-DE|en-AU|en-GB|en-SG|en-US","best esim for kuala lumpur"
"best esim for lima peru",2,1,"de-DE|en-AU|en-GB|en-SG|en-US","best esim for lima"
"best esim for lisbon portugal",2,1,"de-DE|en-AU|en-GB|en-SG|en-US","best esim for lisbon"
"best esim for manila philippines",2,1,"de-DE|en-AU|en-GB|en-SG|en-US","best esim for manila"
"best esim for marrakech morocco",2,1,"de-DE|en-AU|en-GB|en-SG|en-US","best esim for marrakech"
"best esim for marrakech reddit",2,1,"de-DE|en-AU|en-GB|en-SG|en-US","esim for marrakech"
"best esim for mexico city",2,1,"de-DE|en-AU|en-GB|en-SG|en-US","best esim for mexico"
"best esim for nairobi kenya",2,1,"de-DE|en-AU|en-GB|en-SG|en-US","best esim for nairobi"
"best esim for netherlands 2026",2,1,"de-DE|en-AU|en-GB|en-SG|en-US","best esim netherlands 2026"
"best esim for new delhi",2,1,"de-DE|en-AU|en-GB|en-SG|en-US","best esim for delhi"
"best esim for peru and chile",2,1,"de-DE|en-AU|en-GB|en-SG|en-US","esim for peru and chile"
"best esim for peru argentina and brazil",2,1,"de-DE|en-US","best esim for brazil and argentina"
"best esim for peru iphone",2,1,"de-DE|en-AU|en-GB|en-SG|en-US","esim peru for iphone"
"best esim for philippines and vietnam",2,1,"de-DE|en-AU|en-GB|en-SG|en-US","esim for philippines and vietnam"
"best esim for poland 2026",2,1,"de-DE|en-AU|en-GB|en-SG|en-US","best esim poland 2026"
"best esim for poland iphone",2,1,"de-DE|en-AU|en-GB|en-SG|en-US","esim poland for iphone"
"best esim for poland reddit",2,1,"de-DE|en-AU|en-GB|en-SG|en-US","best esim for poland"
"best esim for riyadh",2,1,"de-DE|en-AU|en-GB|en-SG|en-US","esim for riyadh"
"best esim for rome italy",2,1,"de-DE|en-AU|en-GB|en-SG","best esim for rome"
"best esim for rome reddit",2,1,"de-DE|en-AU|en-GB|en-SG|en-US","best esim for rome"
"best esim for saudi arabia umrah",2,1,"de-DE|en-AU|en-GB|en-SG|en-US","best esim for saudi arabia"
"best esim for seoul korea",2,1,"de-DE|en-AU|en-GB|en-SG|en-US","best esim for seoul"
"best esim for singapore and indonesia",2,1,"de-DE|en-AU|en-GB|en-SG|en-US","esim for singapore and indonesia"
"best esim for singapore and indonesia reddit",2,1,"de-DE|en-US","best esim for singapore and indonesia"
"best esim for singapore and malaysia",2,1,"de-DE|en-AU|en-GB|en-SG|en-US","best esim for singapore"
"best esim for south africa from uk",2,1,"de-DE|en-AU|en-GB|en-SG|en-US","best esim for south africa"
"best esim for south africa namibia botswana and zimbabwe",2,1,"de-DE|en-US","best esim for south africa and namibia"
"best esim for spain and portugal",2,1,"de-DE|en-AU|en-GB|en-SG|en-US","best esim for spain"
"best esim for swiss and italy",2,1,"en-US","best esim for switzerland and italy"
"best esim for switzerland and italy",2,1,"de-DE|en-AU|en-GB|en-SG|en-US","best esim for switzerland"
"best esim for sydney australia",2,1,"de-DE|en-AU|en-GB|en-SG|en-US","best esim for sydney"
"best esim for taipei reddit",2,1,"de-DE|en-AU|en-GB|en-SG|en-US","best esim for taipei"
"best esim for tbilisi georgia",2,1,"de-DE|en-AU|en-GB|en-SG|en-US","best esim for tbilisi"
"best esim for tel aviv",2,1,"de-DE|en-AU|en-GB|en-SG|en-US","esim tel aviv"
"best esim for thailand and vietnam reddit",2,1,"de-DE|en-US","best esim for thailand and vietnam"
"best esim for tokyo japan",2,1,"de-DE|en-AU|en-GB|en-SG|en-US","best esim for tokyo"
"best esim for toronto canada",2,1,"de-DE|en-AU|en-GB|en-SG|en-US","best esim for toronto"
"best esim for turkey 2026 reddit",2,1,"de-DE|en-US","best esim turkey 2026"
"best esim for turkey and greece",2,1,"de-DE|en-AU|en-GB|en-SG|en-US","best esim for turkey"
"best esim for uae and qatar",2,1,"de-DE|en-AU|en-GB|en-SG|en-US","esim for uae and qatar"
"best esim for uk and europe",2,1,"de-DE|en-AU|en-GB|en-SG|en-US","best esim for uk"
"best esim for uk and france reddit",2,1,"de-DE|en-US","best esim for uk and france"
"best esim for uk travel",2,1,"de-DE|en-AU|en-GB|en-SG|en-US","best esim for uk"
"best esim for usa",2,1,"de-DE|en-AU|en-GB|en-SG|en-US","best esim for us"
"best esim for usa and canada travel",2,1,"de-DE|en-US","best esim for usa and canada"
"best esim for usa and mexico reddit",2,1,"de-DE|en-US","best esim for usa and mexico"
"best esim for usa from australia",2,1,"en-AU|en-GB|en-SG","best esim for usa"
"best esim for usa from uk",2,1,"en-GB|en-SG|en-US","best esim for usa"
"best esim for usa travel",2,1,"de-DE|en-AU|en-GB|en-SG|en-US","best esim for usa"
"best esim for vietnam and cambodia reddit",2,1,"de-DE|en-US","best esim for vietnam and cambodia"
"best esim indonesia reddit",2,1,"de-DE|en-US","esim indonesia reddit"
"best esim macao",2,1,"de-DE|en-AU|en-GB|en-SG|en-US","best esim for macao"
"best esim.for amsterdam and brussels",2,1,"de-DE|en-AU|en-GB|en-SG|en-US","best esim for brussels"
"brazil esim card for tourist",2,1,"de-DE|en-US","brazil esim card"
"cairo egypt esim",2,1,"de-DE","esim for cairo"
"cairo esim card",2,1,"de-DE|en-AU|en-GB|en-SG|en-US","cairo esim"
"canada esim card unlimited data",2,1,"de-DE|en-US","canada esim card"
"canada esim tourist reddit",2,1,"de-DE","esim canada tourist"
"cheap esim brazil reddit",2,1,"de-DE|en-US","cheap esim brazil"
"cheap esim egypt reddit",2,1,"de-DE|en-US","cheap esim egypt"
"cheap esim for vietnam reddit",2,1,"de-DE","cheap esim vietnam"
"cheap esim germany reddit",2,1,"de-DE|en-US","cheap esim germany"
"cheap esim italy reddit",2,1,"de-DE|en-US","cheap esim italy"
"cheap esim malaysia reddit",2,1,"de-DE|en-US","cheap esim malaysia"
"cheap esim morocco reddit",2,1,"de-DE|en-US","cheap esim morocco"
"cheap esim plans ireland",2,1,"de-DE|en-US","cheap esim ireland"
"cheap esim plans new zealand",2,1,"de-DE|en-US","cheap esim new zealand"
"cheap esim spain reddit",2,1,"de-DE|en-US","cheap esim spain"
"cheap esim taiwan reddit",2,1,"de-DE|en-US","cheap esim taiwan"
"cheap esim uae reddit",2,1,"de-DE|en-US","cheap esim uae"
"cheap esim usa reddit",2,1,"de-DE|en-US","cheap esim usa"
"cheap esim vietnam reddit",2,1,"en-US","cheap esim vietnam"
"cheapest esim australia",2,1,"en-AU|en-GB|en-US","cheapest esim"
"cheapest esim brazil reddit",2,1,"de-DE|en-US","esim brazil reddit"
"cheapest esim egypt reddit",2,1,"de-DE|en-US","esim egypt reddit"
"cheapest esim fiji australia",2,1,"de-DE|en-AU|en-GB|en-SG|en-US","cheapest esim for fiji"
"cheapest esim for hong kong and china",2,1,"de-DE|en-AU|en-GB|en-SG|en-US","cheapest esim for hong kong"
"cheapest esim for india from australia",2,1,"de-DE|en-AU|en-GB|en-SG|en-US","cheapest esim for india"
"cheapest esim for india from uk",2,1,"de-DE|en-AU|en-GB|en-SG|en-US","cheapest esim for india"
"cheapest esim for indonesia from australia",2,1,"de-DE|en-AU|en-GB|en-SG|en-US","cheapest esim for indonesia"
"cheapest esim for ireland and uk",2,1,"de-DE|en-AU|en-GB|en-SG|en-US","cheapest esim for ireland"
"cheapest esim for italy from uk",2,1,"de-DE|en-AU|en-GB|en-SG|en-US","cheapest esim for italy"
"cheapest esim for korea and japan",2,1,"de-DE|en-AU|en-GB|en-SG|en-US","cheapest esim for korea"
"cheapest esim for mexico and usa",2,1,"de-DE|en-AU|en-GB|en-SG|en-US","cheapest esim for mexico"
"cheapest esim for saudi arabia from uk",2,1,"de-DE|en-AU|en-GB|en-SG|en-US","cheapest esim for saudi arabia"
"cheapest esim for singapore and malaysia",2,1,"de-DE|en-AU|en-GB|en-SG|en-US","cheapest esim for singapore"
"cheapest esim for south africa from uk",2,1,"de-DE|en-AU|en-GB|en-SG|en-US","cheapest esim for south africa"
"cheapest esim for spain from uk",2,1,"de-DE|en-AU|en-GB|en-SG|en-US","cheapest esim for spain"
"cheapest esim for taiwan and japan",2,1,"de-DE|en-AU|en-GB|en-SG|en-US","cheapest esim for taiwan"
"cheapest esim for vietnam travel",2,1,"de-DE|en-AU|en-GB|en-SG|en-US","cheapest esim for vietnam"
"cheapest esim georgia tbilisi",2,1,"de-DE|en-AU|en-GB|en-SG|en-US","cheapest esim for georgia"
"cheapest esim indonesia reddit",2,1,"de-DE","esim indonesia reddit"
"cheapest esim netherlands prepaid",2,1,"de-DE|en-AU|en-GB|en-SG|en-US","cheapest esim for netherlands"
"cheapest esim portugal",2,1,"en-AU|en-GB|en-SG|en-US","cheap esim portugal"
"cheapest esim turkey reddit",2,1,"de-DE|en-US","esim turkey reddit"
"cheapest esim uk",2,1,"de-DE|en-GB|en-US","cheapest esim"
"china esim unlimited data reddit",2,1,"de-DE|en-AU|en-GB|en-SG|en-US","china esim unlimited data"
"delhi airport esim",2,1,"de-DE","delhi esim"
"do i need an esim for canada from us",2,1,"de-DE|en-US","do i need an esim for canada"
"do i need an esim for france from uk",2,1,"de-DE|en-US","do i need an esim for france"
"do i need an esim for ireland from uk",2,1,"de-DE|en-US","do i need an esim for ireland"
"do i need an esim for ireland from usa",2,1,"de-DE|en-US","do i need an esim for ireland"
"do i need an esim for new zealand from australia",2,1,"de-DE|en-US","do i need an esim for australia"
"do i need an esim for spain and portugal",2,1,"de-DE|en-US","do i need an esim for portugal"
"do i need an esim for turkey from uk",2,1,"de-DE|en-US","do i need an esim for turkey"
"do i need an esim for usa from uk",2,1,"de-DE|en-US","do i need an esim for usa"
"does airalo esim work in saudi arabia",2,1,"de-DE|en-AU|en-GB|en-SG|en-US","does esim work in saudi arabia"
"does nomad esim work in new zealand",2,1,"de-DE|en-AU|en-GB|en-SG|en-US","does esim work in new zealand"
"does saily esim work in costa rica",2,1,"de-DE|en-AU|en-GB|en-SG|en-US","does esim work in costa rica"
"does saily esim work in south africa",2,1,"de-DE|en-AU|en-GB|en-SG|en-US","does esim work in south africa"
"doha esim card",2,1,"de-DE|en-AU|en-GB|en-SG|en-US","doha esim"
"doha esim tourist",2,1,"de-DE|en-AU|en-GB|en-SG|en-US","doha esim"
"dublin esim card",2,1,"de-DE|en-AU|en-GB|en-SG|en-US","dublin esim"
"egypt esim card for tourist",2,1,"de-DE|en-US","egypt esim card"
"esim athens greece",2,1,"de-DE|en-AU|en-GB|en-SG|en-US","esim athens"
"esim auckland airport",2,1,"de-DE|en-US","esim auckland"
"esim ausland iphone",2,1,"de-DE","esim ireland for iphone"
"esim australia sydney airport",2,1,"de-DE|en-US","esim australia airport"
"esim australia tourist reddit",2,1,"de-DE|en-US","esim australia tourist"
"esim austria unlimited data",2,1,"de-DE|en-AU|en-GB|en-SG|en-US","esim austria"
"esim bangkok airport",2,1,"de-DE|en-AU|en-GB|en-SG|en-US","esim bangkok"
"esim belgium prepaid",2,1,"de-DE|en-AU|en-GB|en-SG|en-US","esim belgium"
"esim belgium unlimited data",2,1,"de-DE|en-AU|en-GB|en-SG|en-US","esim belgium unlimited"
"esim bogota colombia",2,1,"de-DE|en-AU|en-GB|en-SG|en-US","esim bogota"
"esim brazil review",2,1,"de-DE|en-US","esim for brazil review"
"esim brazil tourist reddit",2,1,"de-DE|en-US","esim brazil tourist"
"esim brazil unlimited data",2,1,"de-DE|en-AU|en-GB|en-SG|en-US","esim brazil"
"esim cairo egypt",2,1,"de-DE|en-AU|en-GB|en-SG|en-US","esim cairo"
"esim canada unlimited data",2,1,"de-DE|en-AU|en-GB|en-SG|en-US","esim canada"
"esim cancun mexico",2,1,"en-AU|en-GB|en-SG|en-US","esim cancun"
"esim cape town airport",2,1,"de-DE|en-AU|en-GB|en-SG|en-US","esim cape town"
"esim card iceland reddit",2,1,"de-DE|en-US","iceland esim card"
"esim card sydney",2,1,"de-DE","sydney esim"
"esim china hong kong reddit",2,1,"de-DE|en-US","esim for hong kong and china"
"esim china travel",2,1,"en-AU|en-GB|en-US","esim china tourist"
"esim china unlimited data",2,1,"de-DE|en-AU|en-GB|en-SG|en-US","esim china unlimited"
"esim colombia travel",2,1,"en-AU|en-GB|en-US","esim colombia tourist"
"esim czech republic with phone number",2,1,"de-DE|en-AU|en-GB|en-SG|en-US","esim czech republic"
"esim doha qatar",2,1,"de-DE|en-AU|en-GB|en-SG|en-US","esim doha"
"esim edinburgh airport",2,1,"de-DE|en-US","esim edinburgh"
"esim egypt unlimited data",2,1,"de-DE|en-AU|en-GB|en-SG|en-US","esim egypt unlimited"
"esim england and europe",2,1,"en-AU|en-GB|en-SG|en-US","esim england"
"esim england and ireland",2,1,"en-AU|en-GB|en-SG|en-US","esim england"
"esim england kaufen",2,1,"de-DE","esim england"
"esim fiji unlimited data",2,1,"de-DE|en-AU|en-GB|en-SG|en-US","esim fiji unlimited"
"esim for abu dhabi and dubai",2,1,"de-DE|en-AU|en-GB|en-SG|en-US","esim for abu dhabi"
"esim for brazil and argentina",2,1,"de-DE|en-AU|en-GB|en-SG|en-US","best esim for brazil and argentina"
"esim for britain and europe",2,1,"de-DE|en-AU|en-GB|en-SG|en-US","esim for britain"
"esim for costa rica and panama",2,1,"de-DE|en-AU|en-GB|en-SG|en-US","best esim for costa rica and panama"
"esim for cruise ships",2,1,"de-DE|en-AU|en-GB|en-SG|en-US","esim for cruise"
"esim for doha qatar",2,1,"de-DE|en-AU|en-GB|en-SG|en-US","esim for doha"
"esim for dublin ireland",2,1,"de-DE|en-AU|en-GB|en-SG|en-US","esim for dublin"
"esim for england and france",2,1,"de-DE|en-AU|en-GB|en-SG|en-US","esim for england"
"esim for europe travel from us",2,1,"de-DE","esim for europe and usa"
"esim for france italy and switzerland",2,1,"de-DE|en-US","esim for france and italy"
"esim for germany austria and switzerland",2,1,"de-DE|en-US","esim for germany and austria"
"esim for holland and belgium",2,1,"de-DE|en-AU|en-GB|en-SG|en-US","esim for holland"
"esim for hong kong and china",2,1,"de-DE|en-AU|en-GB|en-SG|en-US","esim for hong kong"
"esim for israel iphone",2,1,"de-DE|en-AU|en-GB|en-SG|en-US","esim israel for iphone"
"esim for mexico city reddit",2,1,"de-DE|en-AU|en-GB|en-SG|en-US","esim for mexico city"
"esim for nairobi kenya",2,1,"de-DE|en-AU|en-GB|en-SG|en-US","esim for nairobi"
"esim for netherlands belgium and france",2,1,"de-DE|en-AU|en-GB|en-SG|en-US","esim for netherlands and belgium"
"esim for norway sweden and denmark",2,1,"de-DE|en-US","esim for norway and sweden"
"esim for philippines and vietnam",2,1,"de-DE|en-AU|en-GB|en-SG|en-US","best esim for philippines and vietnam"
"esim for singapore and indonesia",2,1,"de-DE|en-AU|en-GB|en-SG|en-US","esim for singapore"
"esim for singapore and malaysia",2,1,"de-DE|en-AU|en-GB|en-SG|en-US","esim for singapore"
"esim for spain and portugal",2,1,"de-DE|en-AU|en-GB|en-SG|en-US","esim for spain"
"esim for thailand and vietnam",2,1,"de-DE|en-AU|en-GB|en-SG|en-US","esim for thailand"
"esim for thailand and vietnam reddit",2,1,"de-DE|en-US","esim for thailand and vietnam"
"esim for usa mexico and caribbean",2,1,"de-DE|en-US","esim for usa and mexico"
"esim for usa travel",2,1,"de-DE|en-AU|en-GB|en-SG|en-US","esim for usa"
"esim for vietnam cambodia and thailand",2,1,"de-DE|en-US","esim for vietnam and cambodia"
"esim france travel",2,1,"en-AU|en-GB|en-SG|en-US","esim france tourist"
"esim france unlimited data",2,1,"de-DE|en-AU|en-GB|en-SG|en-US","esim france"
"esim georgia tbilisi airport",2,1,"de-DE|en-AU|en-GB|en-SG|en-US","esim georgia airport"
"esim georgia unlimited data",2,1,"de-DE|en-AU|en-GB|en-SG|en-US","esim georgia unlimited"
"esim germany travel",2,1,"de-DE|en-GB|en-SG|en-US","esim germany"
"esim germany unlimited data",2,1,"de-DE|en-AU|en-US","esim germany unlimited"
"esim greece travel",2,1,"en-US","esim greece tourist"
"esim greece unlimited data",2,1,"de-DE|en-AU|en-GB|en-SG|en-US","esim greece unlimited"
"esim hanoi airport",2,1,"de-DE|en-US","esim hanoi"
"esim hawaii erfahrungen",2,1,"de-DE","esim hawaii"
"esim hollandsnieuwe",2,1,"de-DE|en-AU|en-GB|en-SG|en-US","esim holland"
"esim hong kong iphone",2,1,"de-DE|en-AU|en-GB|en-SG|en-US","esim hong kong for iphone"
"esim hong kong unlimited data",2,1,"de-DE|en-AU|en-GB|en-SG|en-US","esim hong kong unlimited"
"esim hotspot not working",2,1,"en-AU|en-GB|en-SG|en-US","esim hotspot"
"esim iceland unlimited",2,1,"de-DE|en-AU|en-GB|en-SG|en-US","esim iceland"
"esim iceland unlimited data",2,1,"de-DE|en-AU|en-GB|en-SG|en-US","esim iceland unlimited"
"esim india delhi airport",2,1,"de-DE|en-AU|en-GB|en-SG|en-US","esim india airport"
"esim india tourist airtel",2,1,"de-DE|en-US","esim india tourist"
"esim india travel",2,1,"de-DE|en-AU|en-GB|en-SG|en-US","esim india"
"esim india unlimited data",2,1,"de-DE|en-AU|en-GB|en-SG|en-US","esim india unlimited"
"esim indonesia unlimited data",2,1,"de-DE|en-AU|en-GB|en-SG|en-US","esim indonesia unlimited"
"esim ireland unlimited data",2,1,"de-DE|en-AU|en-GB|en-SG|en-US","esim ireland unlimited"
"esim israel unlimited data",2,1,"de-DE|en-AU|en-GB|en-SG|en-US","esim israel"
"esim italy travel",2,1,"de-DE|en-AU|en-GB|en-SG|en-US","esim italy"
"esim italy unlimited data",2,1,"de-DE|en-AU|en-GB|en-SG|en-US","esim italy unlimited"
"esim italy unlimited data reddit",2,1,"de-DE|en-US","esim italy reddit"
"esim japan airport price",2,1,"de-DE|en-US","esim japan airport"
"esim japan alosim",2,1,"de-DE","alosim esim japan"
"esim japan unlimited data",2,1,"de-DE|en-AU|en-GB|en-SG|en-US","esim japan unlimited"
"esim katar saily",2,1,"de-DE","saily esim qatar"
"esim kenya unlimited data",2,1,"de-DE|en-AU|en-GB|en-SG|en-US","esim kenya unlimited"
"esim korea travel",2,1,"de-DE|en-AU|en-GB|en-SG|en-US","esim korea"
"esim korea unlimited data",2,1,"de-DE|en-AU|en-GB|en-SG|en-US","esim korea unlimited"
"esim ksa for visitors",2,1,"de-DE|en-AU|en-GB|en-SG|en-US","esim for ksa"
"esim kuala lumpur airport",2,1,"de-DE|en-AU|en-GB|en-SG|en-US","esim kuala lumpur"
"esim kuala lumpur reddit",2,1,"de-DE|en-AU|en-GB|en-SG|en-US","esim kuala lumpur"
"esim las vegas airport",2,1,"de-DE|en-US","esim las vegas"
"esim latin america reddit",2,1,"de-DE|en-AU|en-GB|en-SG|en-US","esim latin america"
"esim lima peru",2,1,"de-DE|en-AU|en-GB|en-SG|en-US","lima esim"
"esim lisbon portugal",2,1,"de-DE|en-AU|en-GB|en-SG|en-US","esim lisbon"
"esim los angeles airport",2,1,"de-DE|en-US","esim los angeles"
"esim malaysia unlimited data",2,1,"de-DE|en-AU|en-GB|en-SG|en-US","esim malaysia unlimited"
"esim maldives tourist",2,1,"de-DE|en-US","esim maldives"
"esim manila philippines",2,1,"de-DE|en-AU|en-GB|en-SG|en-US","esim manila"
"esim mexico travel",2,1,"en-AU|en-GB|en-SG|en-US","esim mexico tourist"
"esim mexico unlimited data",2,1,"de-DE|en-US","esim mexico unlimited"
"esim miami airport",2,1,"de-DE|en-US","esim miami"
"esim morocco unlimited data",2,1,"de-DE|en-AU|en-GB|en-SG|en-US","esim morocco unlimited"
"esim netherlands travel",2,1,"en-AU|en-GB|en-SG|en-US","esim netherlands tourist"
"esim netherlands unlimited",2,1,"de-DE","esim netherlands"
"esim netherlands unlimited data",2,1,"de-DE|en-AU|en-GB|en-SG|en-US","esim netherlands unlimited"
"esim network not available",2,1,"en-US","nomad esim fiji"
"esim new zealand travel",2,1,"en-AU|en-GB|en-SG|en-US","esim new zealand"
"esim new zealand unlimited data",2,1,"de-DE|en-AU|en-GB|en-SG|en-US","esim new zealand unlimited"
"esim peru travel",2,1,"en-AU|en-GB|en-SG|en-US","esim peru tourist"
"esim philippines manila",2,1,"de-DE","esim for manila"
"esim philippines unlimited data",2,1,"de-DE|en-AU|en-GB|en-SG|en-US","esim philippines unlimited"
"esim plans philippines",2,1,"de-DE|en-US","esim philippines plans"
"esim plans singapore comparison",2,1,"de-DE|en-SG|en-US","esim singapore plans"
"esim poland unlimited data",2,1,"de-DE|en-AU|en-GB|en-SG|en-US","esim poland unlimited"
"esim portugal unlimited data",2,1,"de-DE|en-AU|en-GB|en-SG|en-US","esim portugal unlimited"
"esim promo code free",2,1,"de-DE|en-AU|en-GB|en-SG|en-US","esim promo code"
"esim qatar airways",2,1,"de-DE|en-AU|en-GB|en-SG|en-US","esim qatar airport"
"esim qatar unlimited data",2,1,"de-DE|en-AU|en-GB|en-SG|en-US","esim qatar unlimited"
"esim rome italy",2,1,"de-DE|en-AU|en-GB|en-SG|en-US","esim rome"
"esim saudi arabia unlimited data",2,1,"de-DE|en-AU|en-GB|en-SG|en-US","esim saudi arabia"
"esim seoul korea",2,1,"de-DE|en-AU|en-GB|en-SG|en-US","esim seoul"
"esim south america unlimited data",2,1,"de-DE|en-AU|en-GB|en-SG|en-US","esim south america"
"esim spain travel",2,1,"en-AU|en-GB|en-SG|en-US","esim spain"
"esim spain unlimited data",2,1,"de-DE|en-AU|en-GB|en-SG|en-US","esim spain unlimited"
"esim switzerland unlimited data",2,1,"de-DE|en-US","esim switzerland unlimited"
"esim sydney tourist",2,1,"de-DE|en-AU|en-GB|en-SG|en-US","esim sydney"
"esim taipei airport",2,1,"de-DE|en-AU|en-GB|en-SG|en-US","esim for taipei"
"esim taipei klook",2,1,"de-DE|en-AU|en-GB|en-SG|en-US","esim taipei"
"esim taiwan unlimited data",2,1,"de-DE|en-AU|en-GB|en-SG|en-US","esim taiwan unlimited"
"esim tbilisi georgia",2,1,"en-AU|en-GB|en-SG|en-US","esim tbilisi"
"esim thailand unlimited data",2,1,"de-DE|en-AU|en-GB|en-SG|en-US","esim thailand unlimited"
"esim tokyo airport",2,1,"de-DE|en-AU|en-GB|en-SG|en-US","esim tokyo"
"esim tokyo reddit",2,1,"de-DE|en-AU|en-GB|en-SG|en-US","esim tokyo"
"esim toronto canada",2,1,"de-DE|en-AU|en-GB|en-SG|en-US","esim toronto"
"esim turkey unlimited data",2,1,"de-DE|en-AU|en-GB|en-SG|en-US","esim turkey"
"esim uae unlimited data",2,1,"de-DE|en-AU|en-GB|en-SG|en-US","esim uae"
"esim uk tourist reddit",2,1,"de-DE|en-US","esim uk tourist"
"esim uk travel",2,1,"de-DE|en-AU|en-GB|en-SG|en-US","esim uk"
"esim uk unlimited data",2,1,"de-DE|en-AU|en-GB|en-SG|en-US","esim uk unlimited"
"esim usa",2,1,"de-DE|en-AU|en-GB|en-SG|en-US","esim us"
"esim usa tourist reddit",2,1,"de-DE|en-US","esim usa tourist"
"esim usa vergleich",2,1,"de-DE","esim usa"
"esim vienna austria",2,1,"de-DE|en-AU|en-GB|en-SG|en-US","esim vienna"
"esim vietnam unlimited data",2,1,"de-DE|en-US","esim vietnam unlimited"
"esim vietnam vergleich",2,1,"de-DE","esim vietnam"
"esim việt nam",2,1,"en-AU|en-GB|en-SG|en-US","esim viet nam"
"esim ägypten",2,1,"de-DE","esim egypt"
"france esim unlimited data reddit",2,1,"de-DE|en-AU|en-GB|en-SG|en-US","france esim unlimited data"
"free esim unlimited data egypt",2,1,"de-DE|en-US","unlimited data esim egypt"
"georgia esim tourist reddit",2,1,"de-DE|en-US","esim georgia tourist"
"holafly esim canada reddit",2,1,"de-DE|en-US","holafly esim canada"
"holafly esim china review",2,1,"en-SG|en-US","holafly esim china"
"holafly esim costa rica review",2,1,"de-DE|en-US","holafly esim costa rica"
"holafly esim coverage map",2,1,"de-DE|en-AU|en-GB|en-SG|en-US","holafly esim coverage"
"holafly esim ireland and uk",2,1,"de-DE|en-US","holafly esim ireland"
"holafly esim macau",2,1,"de-DE|en-US","holafly esim macao"
"holafly esim malaysia reddit",2,1,"de-DE|en-US","holafly esim malaysia"
"holafly esim new zealand review",2,1,"de-DE|en-US","holafly esim new zealand"
"holafly esim saudi arabia review",2,1,"de-DE|en-US","holafly esim saudi arabia"
"holafly esim south africa review",2,1,"de-DE|en-US","holafly esim south africa"
"holafly esim vietnam reddit",2,1,"de-DE|en-US","holafly esim vietnam"
"how to get an esim for airtel",2,1,"en-US","how to get an esim for argentina"
"how to get an esim for usa from uk",2,1,"en-US","how to get an esim for usa"
"how to get esim ooredoo qatar",2,1,"de-DE|en-US","how to get an esim for qatar"
"ireland esim card for tourists",2,1,"de-DE|en-US","ireland esim card"
"is esim available in india for iphone",2,1,"de-DE|en-US","is esim available in india"
"is esim available in sri lanka",2,1,"en-US","best esim for india and sri lanka"
"israel esim card for tourists",2,1,"de-DE|en-US","israel esim card"
"israel esim reddit",2,1,"de-DE","esim israel reddit"
"italy esim unlimited data reddit",2,1,"de-DE|en-AU|en-GB|en-SG|en-US","italy esim unlimited data"
"japan esim unlimited data 15 days",2,1,"en-AU|en-GB|en-SG|en-US","japan esim unlimited data"
"japan esim unlimited data 30 days",2,1,"de-DE|en-AU|en-GB|en-SG|en-US","japan esim unlimited data"
"japan korea esim unlimited data",2,1,"de-DE|en-AU|en-GB|en-SG|en-US","korea esim unlimited data"
"jetpac esim costa rica review",2,1,"de-DE|en-US","jetpac esim costa rica"
"jetpac esim coverage map",2,1,"de-DE|en-AU|en-GB|en-SG|en-US","jetpac esim coverage"
"jetpac esim hong kong review",2,1,"de-DE|en-US","jetpac esim hong kong"
"jetpac esim new zealand review",2,1,"de-DE|en-US","jetpac esim new zealand"
"kenya esim mpesa",2,1,"de-DE","esim kenya"
"korea esim unlimited data reddit",2,1,"en-AU|en-GB|en-SG|en-US","korea esim unlimited data"
"lisbon esim card",2,1,"de-DE|en-AU|en-GB|en-SG|en-US","lisbon esim"
"macau esim",2,1,"de-DE|en-AU|en-GB|en-SG|en-US","esim for macao"
"manila esim card",2,1,"de-DE|en-AU|en-GB|en-SG|en-US","manila esim"
"new zealand esim card for tourist",2,1,"de-DE|en-US","new zealand esim card"
"nomad esim china reddit",2,1,"en-US","nomad esim china"
"nomad esim colombia reddit",2,1,"de-DE|en-US","nomad esim colombia"
"nomad esim costa rica review",2,1,"de-DE|en-US","nomad esim costa rica"
"nomad esim coverage map",2,1,"de-DE|en-AU|en-GB|en-SG|en-US","nomad esim coverage"
"nomad esim germany reddit",2,1,"en-US","nomad esim germany"
"nomad esim hong kong review",2,1,"de-DE|en-US","nomad esim hong kong"
"nomad esim india reddit",2,1,"de-DE|en-US","nomad esim india"
"nomad esim italy reddit",2,1,"de-DE|en-US","nomad esim italy"
"nomad esim mexico reddit",2,1,"de-DE|en-US","esim mexico reddit"
"nomad esim new zealand reddit",2,1,"de-DE|en-US","nomad esim new zealand"
"nomad esim new zealand review",2,1,"de-DE|en-US","nomad esim new zealand"
"nomad esim peru reddit",2,1,"de-DE|en-US","nomad esim peru"
"nomad esim promo code 2026",2,1,"de-DE|en-AU|en-GB|en-SG|en-US","nomad esim promo code"
"nomad esim reddit canada",2,1,"de-DE","esim canada reddit"
"nomad esim saudi arabia review",2,1,"de-DE|en-US","nomad esim saudi arabia"
"nomad esim south africa review",2,1,"de-DE|en-US","nomad esim south africa"
"nomad esim switzerland reddit",2,1,"de-DE|en-US","nomad esim switzerland"
"nomad esim taiwan reddit",2,1,"de-DE|en-US","nomad esim taiwan"
"o2 do i need an esim for france and switzerland",2,1,"de-DE|en-US","do i need an esim for switzerland"
"orange morocco esim unlimited data",2,1,"de-DE|en-AU|en-GB|en-SG|en-US","morocco esim unlimited data"
"philippines esim card for tourist",2,1,"de-DE|en-US","philippines esim card"
"philippines esim or sim card",2,1,"en-US","esim philippines vs sim"
"prague esim card",2,1,"de-DE|en-AU|en-GB|en-SG|en-US","prague esim"
"qatar esim tourist reddit",2,1,"de-DE|en-US","esim qatar tourist"
"roamic esim",2,1,"en-AU|en-GB|en-SG|en-US","roami esim"
"roamic esim costa rica review",2,1,"de-DE","roamic esim costa rica"
"roamic esim discount code uk",2,1,"de-DE|en-AU|en-GB|en-SG|en-US","roamic esim promo code"
"roamic esim morocco reddit",2,1,"en-US","roamic esim morocco"
"roamic esim review",2,1,"de-DE","roami esim review"
"roamic esim reviews mexico",2,1,"de-DE|en-US","roamic esim mexico"
"roamic esim reviews spain",2,1,"de-DE|en-US","roamic esim spain"
"roaming esim thailand",2,1,"en-US","roami esim thailand"
"rome esim card",2,1,"de-DE|en-AU|en-GB|en-SG|en-US","rome esim"
"saily esim argentina reddit",2,1,"de-DE|en-US","saily esim argentina"
"saily esim australia review",2,1,"en-AU|en-US","saily esim australia"
"saily esim brazil price",2,1,"de-DE|en-AU|en-GB|en-SG|en-US","saily esim brazil"
"saily esim canada price",2,1,"de-DE|en-AU|en-GB|en-SG|en-US","esim canada price"
"saily esim colombia reddit",2,1,"de-DE|en-US","saily esim colombia"
"saily esim costa rica review",2,1,"de-DE|en-US","saily esim costa rica"
"saily esim coverage map",2,1,"de-DE|en-AU|en-GB|en-SG|en-US","saily esim coverage"
"saily esim hong kong reddit",2,1,"de-DE|en-US","esim hong kong reddit"
"saily esim hong kong review",2,1,"de-DE|en-US","saily esim hong kong"
"saily esim italy plans",2,1,"de-DE|en-US","esim italy plans"
"saily esim korea price",2,1,"de-DE|en-AU|en-GB|en-SG|en-US","esim korea price"
"saily esim korea reddit",2,1,"de-DE|en-US","saily esim korea"
"saily esim malaysia price",2,1,"de-DE|en-AU|en-GB|en-SG|en-US","esim malaysia price"
"saily esim mexico reddit",2,1,"de-DE|en-US","saily esim mexico"
"saily esim new zealand reddit",2,1,"de-DE|en-US","esim new zealand reddit"
"saily esim new zealand review",2,1,"de-DE|en-US","saily esim new zealand"
"saily esim review australia",2,1,"de-DE|en-AU|en-GB|en-SG|en-US","saily esim review"
"saily esim saudi arabia review",2,1,"de-DE|en-US","saily esim saudi arabia"
"saily esim singapore and malaysia",2,1,"de-DE|en-US","saily esim singapore"
"saily esim singapore price",2,1,"de-DE|en-AU|en-GB|en-SG|en-US","esim singapore price"
"saily esim south africa review",2,1,"de-DE|en-US","saily esim south africa"
"saily esim taiwan price",2,1,"de-DE|en-AU|en-GB|en-SG|en-US","esim taiwan price"
"saily esim vs airalo vs holafly",2,1,"de-DE|en-US","saily esim vs airalo"
"saily esim.hong kong price",2,1,"de-DE|en-AU|en-GB|en-SG|en-US","esim hong kong price"
"saily vae esim",2,1,"de-DE","saily esim uae"
"saudi arabia esim unlimited data",2,1,"en-AU|en-GB|en-SG|en-US","saudi arabia esim unlimited"
"spain esim unlimited data reddit",2,1,"de-DE|en-AU|en-GB|en-SG|en-US","spain esim unlimited data"
"sydney esim card",2,1,"en-AU|en-GB|en-SG|en-US","sydney esim"
"taiwan esim card for tourist",2,1,"de-DE|en-US","taiwan esim card"
"taiwan esim tourist reddit",2,1,"de-DE|en-US","esim taiwan tourist"
"tel aviv esim",2,1,"de-DE","esim tel aviv"
"toronto esim card",2,1,"de-DE|en-AU|en-GB|en-SG|en-US","toronto esim"
"ubigi esim brazil reddit",2,1,"de-DE|en-US","ubigi esim brazil"
"ubigi esim costa rica review",2,1,"de-DE|en-US","ubigi esim costa rica"
"ubigi esim france reddit",2,1,"de-DE|en-US","ubigi esim france"
"ubigi esim hong kong reddit",2,1,"de-DE|en-US","ubigi esim hong kong"
"ubigi esim india reddit",2,1,"de-DE|en-US","esim india reddit"
"ubigi esim japan coverage map",2,1,"de-DE|en-AU|en-GB|en-SG|en-US","japan esim coverage map"
"ubigi esim japan erfahrungen",2,1,"de-DE","ubigi esim japan"
"ubigi esim japan review",2,1,"en-AU|en-US","ubigi esim japan"
"ubigi esim japan unlimited",2,1,"de-DE","ubigi esim unlimited"
"ubigi esim portugal reddit",2,1,"de-DE|en-US","ubigi esim portugal"
"ubigi esim south africa review",2,1,"de-DE|en-US","ubigi esim south africa"
"ubigi esim taiwan reddit",2,1,"de-DE|en-US","ubigi esim taiwan"
"unlimited data esim japan and korea",2,1,"de-DE|en-US","unlimited data esim korea"
"unlimited data travel esim new zealand",2,1,"de-DE|en-US","unlimited data esim new zealand"
"usa esim unlimited data and calls",2,1,"de-DE|en-AU|en-GB|en-SG|en-US","usa esim unlimited data"
"vienna esim card",2,1,"de-DE|en-AU|en-GB|en-SG|en-US","vienna esim"
"vietnam esim card for tourist",2,1,"de-DE|en-US","vietnam esim card"
"vietnam esim unlimited data",2,1,"en-AU|en-GB|en-SG|en-US","vietnam esim unlimited"
"which esim is best for australia and new zealand",2,1,"de-DE|en-AU|en-GB|en-SG|en-US","which esim is best for australia"
"which esim is best for canadians in mexico",2,1,"de-DE|en-AU|en-GB|en-SG|en-US","which esim is best for mexico"
"which esim is best for france and italy",2,1,"de-DE|en-AU|en-GB|en-SG|en-US","which esim is best for france"
"which esim is best for japan and korea",2,1,"de-DE|en-AU|en-GB|en-SG|en-US","which esim is best for korea"
"which esim is best for usa and canada",2,1,"de-DE|en-AU|en-GB|en-SG|en-US","which esim is best for usa"
"yesim esim japan unlimited",2,1,"de-DE|en-US","yesim esim japan"
"yesim esim turkey review",2,1,"de-DE|en-AU|en-GB|en-SG|en-US","yesim esim turkey"
"abu dhabi esim unlimited",2,2,"de-DE|en-AU|en-GB|en-SG|en-US","uae esim unlimited"
"airalo esim argentina reddit",2,2,"de-DE|en-US","esim argentina reddit"
"airalo esim australia price",2,2,"de-DE|en-AU|en-GB|en-SG|en-US","esim australia price"
"airalo esim canada price",2,2,"de-DE|en-AU|en-GB|en-SG|en-US","esim canada price"
"airalo esim colombia reddit",2,2,"de-DE|en-US","airalo esim colombia"
"airalo esim costa rica review",2,2,"de-DE|en-US","airalo esim costa rica"
"airalo esim discount code",2,2,"en-AU|en-GB|en-SG|en-US","airalo esim promo code"
"airalo esim egypt price",2,2,"de-DE|en-AU|en-GB|en-SG|en-US","airalo esim egypt"
"airalo esim france price",2,2,"de-DE|en-AU|en-GB|en-SG|en-US","esim france price"
"airalo esim france reddit",2,2,"de-DE|en-US","airalo esim france"
"airalo esim germany reddit",2,2,"en-US","airalo esim germany"
"airalo esim greece price",2,2,"de-DE|en-AU|en-GB|en-SG|en-US","esim greece price"
"airalo esim greece reddit",2,2,"de-DE|en-US","esim greece reddit"
"airalo esim ireland and uk",2,2,"de-DE|en-US","airalo esim ireland"
"airalo esim italy price",2,2,"de-DE|en-AU|en-SG|en-US","esim italy price"
"airalo esim italy reddit",2,2,"de-DE|en-US","airalo esim italy"
"airalo esim mexico reddit",2,2,"de-DE|en-US","airalo esim mexico"
"airalo esim morocco reddit",2,2,"de-DE|en-US","esim morocco reddit"
"airalo esim new zealand reddit",2,2,"de-DE|en-US","airalo esim new zealand"
"airalo esim peru reddit",2,2,"de-DE|en-US","esim peru reddit"
"airalo esim philippines reddit",2,2,"de-DE|en-US","airalo esim philippines"
"airalo esim portugal reddit",2,2,"de-DE|en-US","airalo esim portugal"
"airalo esim saudi arabia reddit",2,2,"de-DE|en-US","esim saudi arabia reddit"
"airalo esim thailand reddit",2,2,"en-US","airalo esim thailand"
"airalo esim usa reddit",2,2,"en-US","airalo esim usa"
"airalo esim vietnam price",2,2,"de-DE|en-AU|en-GB|en-SG|en-US","airalo esim vietnam"
"airalo mexico esim.price",2,2,"de-DE|en-AU|en-GB|en-SG|en-US","esim mexico price"
"america's esim",2,2,"de-DE","esim america"
"amsterdam esim unlimited data",2,2,"de-DE|en-AU|en-GB|en-SG|en-US","amsterdam esim"
"beijing esim reddit",2,2,"de-DE|en-AU|en-GB|en-SG|en-US","beijing esim"
"berlin esim card",2,2,"de-DE|en-AU|en-GB|en-SG|en-US","berlin esim"
"best esim britain",2,2,"de-DE|en-AU|en-GB|en-SG|en-US","esim britain"
"best esim card for ireland and uk",2,2,"de-DE|en-US","best esim for ireland and uk"
"best esim for abu dhabi and dubai",2,2,"en-AU|en-GB|en-SG|en-US","best esim for abu dhabi"
"best esim for australia and new zealand iphone",2,2,"de-DE|en-US","best esim for australia and new zealand"
"best esim for australia travel reddit",2,2,"de-DE","best esim for australia"
"best esim for bangkok reddit",2,2,"en-AU|en-GB|en-SG|en-US","best esim for bangkok"
"best esim for barcelona spain",2,2,"de-DE|en-AU|en-GB|en-SG|en-US","best esim for barcelona"
"best esim for beijing reddit",2,2,"de-DE|en-AU|en-GB|en-SG|en-US","best esim for beijing"
"best esim for belgium and france",2,2,"de-DE|en-AU|en-GB|en-SG|en-US","best esim for belgium"
"best esim for berlin reddit",2,2,"de-DE|en-AU|en-GB|en-SG|en-US","best esim for berlin"
"best esim for brazil iphone",2,2,"de-DE|en-AU|en-GB|en-SG|en-US","esim brazil for iphone"
"best esim for cancun reddit",2,2,"de-DE|en-AU|en-GB|en-SG|en-US","best esim for cancun"
"best esim for colombia iphone",2,2,"de-DE|en-AU|en-GB|en-SG|en-US","esim colombia for iphone"
"best esim for costa rica iphone",2,2,"de-DE|en-AU|en-GB|en-SG|en-US","esim costa rica for iphone"
"best esim for england and france",2,2,"de-DE|en-AU|en-GB|en-SG|en-US","best esim for england"
"best esim for france switzerland and italy",2,2,"de-DE|en-US","best esim for switzerland and italy"
"best esim for germany austria and switzerland",2,2,"de-DE|en-US","best esim for germany and austria"
"best esim for greece and turkey reddit",2,2,"de-DE|en-US","best esim for turkey and greece"
"best esim for hong kong china and japan",2,2,"de-DE|en-US","best esim for hong kong and china"
"best esim for iceland 2025",2,2,"de-DE|en-AU|en-GB|en-SG|en-US","best esim for reykjavik"
"best esim for iceland and norway",2,2,"de-DE|en-AU|en-GB|en-SG|en-US","best esim for iceland"
"best esim for indonesia and singapore",2,2,"de-DE|en-AU|en-GB|en-SG|en-US","esim for singapore and indonesia"
"best esim for istanbul reddit",2,2,"de-DE|en-AU|en-GB|en-SG|en-US","best esim for istanbul"
"best esim for italy and greece",2,2,"de-DE|en-AU|en-GB|en-SG|en-US","esim for italy and greece"
"best esim for lisbon reddit",2,2,"de-DE|en-AU|en-GB|en-SG|en-US","best esim for lisbon"
"best esim for netherlands reddit",2,2,"de-DE|en-AU|en-GB|en-SG|en-US","best esim for netherlands"
"best esim for new zealand iphone",2,2,"de-DE|en-AU|en-GB|en-SG|en-US","esim new zealand for iphone"
"best esim for prague reddit",2,2,"de-DE|en-AU|en-GB|en-SG|en-US","best esim for prague"
"best esim for rome and greece",2,2,"de-DE|en-AU|en-GB|en-SG|en-US","best esim for rome"
"best esim for saudi arabia from uk",2,2,"de-DE|en-AU|en-GB|en-SG|en-US","best esim for saudi arabia"
"best esim for saudi arabia iphone",2,2,"de-DE|en-AU|en-GB|en-SG|en-US","esim saudi arabia for iphone"
"best esim for sydney reddit",2,2,"de-DE|en-AU|en-GB|en-SG|en-US","best esim for sydney"
"best esim for taiwan tourist",2,2,"de-DE|en-US","esim taiwan tourist"
"best esim for thailand and vietnam",2,2,"en-AU|en-GB|en-SG|en-US","best esim for thailand"
"best esim for tokyo reddit",2,2,"de-DE|en-AU|en-GB|en-SG|en-US","best esim for tokyo"
"best esim for toronto reddit",2,2,"de-DE|en-AU|en-GB|en-SG|en-US","best esim for toronto"
"best esim for tourist in germany",2,2,"de-DE","esim germany tourist"
"best esim for uae unlimited data",2,2,"de-DE|en-AU|en-GB|en-SG|en-US","best esim for uae"
"best esim for uk and france",2,2,"de-DE|en-AU|en-GB|en-SG|en-US","esim for uk and france"
"best esim for usa reddit",2,2,"de-DE|en-AU|en-GB|en-SG|en-US","best esim for usa"
"best esim for vietnam and cambodia",2,2,"de-DE|en-AU|en-GB|en-SG|en-US","best esim for vietnam"
"best esim for vietnam cambodia and thailand",2,2,"de-DE|en-AU|en-US","best esim for vietnam and cambodia"
"best esim indonesien bali",2,2,"de-DE","best esim for indonesia"
"best esim uk and ireland",2,2,"de-DE","esim for ireland and uk"
"best esim. for amsterdam and belgium",2,2,"de-DE|en-AU|en-GB|en-SG|en-US","best esim for amsterdam"
"best esim.for hong kong and china",2,2,"de-DE","which esim is best for hong kong"
"bogota esim",2,2,"de-DE","esim for bogota"
"buy esim brussels",2,2,"de-DE|en-AU|en-GB|en-SG|en-US","brussels esim"
"buy esim riyadh",2,2,"de-DE|en-AU|en-GB|en-SG|en-US","esim riyadh"
"can i buy a sim card in switzerland",2,2,"en-AU|en-GB|en-SG|en-US","switzerland esim card"
"cancun esim card",2,2,"de-DE|en-AU|en-GB|en-SG|en-US","cancun esim"
"cheap australian esim",2,2,"de-DE","cheap esim austria"
"cheap esim canada reddit",2,2,"de-DE|en-US","cheap esim canada"
"cheap esim data egypt",2,2,"de-DE","cheap esim egypt"
"cheap esim plans turkey",2,2,"de-DE|en-US","esim turkey plans"
"cheap morocco esim reddit",2,2,"en-AU|en-GB|en-SG|en-US","cheapest esim for morocco"
"cheapest esim canada reddit",2,2,"de-DE|en-US","esim canada reddit"
"cheapest esim for china and hong kong",2,2,"de-DE|en-AU|en-GB|en-SG|en-US","cheapest esim for china"
"cheapest esim for egypt and jordan",2,2,"de-DE|en-AU|en-GB|en-SG|en-US","esim for egypt and jordan"
"cheapest esim for hong kong and macau",2,2,"de-DE|en-AU|en-GB|en-SG|en-US","cheapest esim for hong kong"
"cheapest esim for japan from australia",2,2,"de-DE|en-AU|en-GB|en-SG|en-US","cheapest esim for japan"
"cheapest esim for new zealand from australia",2,2,"en-AU|en-GB|en-SG|en-US","cheapest esim for new zealand"
"cheapest esim for south africa from australia",2,2,"de-DE|en-AU|en-GB|en-SG|en-US","cheapest esim for south africa"
"cheapest esim for usa and canada",2,2,"de-DE|en-AU|en-GB|en-SG|en-US","cheapest esim for usa"
"cheapest esim germany prepaid",2,2,"en-AU|en-GB|en-SG|en-US","cheapest esim for germany"
"cheapest esim india for foreigners",2,2,"de-DE|en-AU|en-GB|en-SG|en-US","cheap esim india"
"cheapest esim india reddit",2,2,"de-DE|en-US","esim india reddit"
"cheapest esim ireland with phone number",2,2,"de-DE|en-AU|en-GB|en-SG|en-US","cheapest esim for ireland"
"cheapest esim italy",2,2,"en-AU|en-SG|en-US","cheap esim italy"
"cheapest esim japan",2,2,"de-DE|en-AU|en-GB|en-US","cheap esim japan"
"cheapest esim malaysia",2,2,"en-SG|en-US","cheap esim malaysia"
"cheapest esim mexico",2,2,"de-DE|en-US","cheap esim mexico"
"cheapest esim phone philippines",2,2,"de-DE|en-AU|en-GB|en-SG|en-US","cheapest esim for philippines"
"cheapest esim plan for brazil",2,2,"de-DE|en-AU|en-GB|en-SG|en-US","cheapest esim for brazil"
"cheapest esim saudi arabia umrah",2,2,"de-DE|en-AU|en-GB|en-SG|en-US","cheap esim saudi arabia"
"cheapest esim usa",2,2,"de-DE|en-US","cheapest esim"
"china esim card for tourist",2,2,"de-DE|en-US","china esim card"
"china esim unlimited 30 days",2,2,"de-DE|en-AU|en-GB|en-SG|en-US","china esim unlimited"
"dhiraagu maldives esim",2,2,"de-DE","esim maldives"
"do i need a sim card for mexico",2,2,"de-DE|en-AU|en-GB|en-SG|en-US","do i need an esim for mexico"
"do i need an esim for australia from uk",2,2,"de-DE|en-US","do i need an esim for australia"
"do i need an esim for new zealand if i live in australia",2,2,"de-DE|en-US","do i need an esim for new zealand"
"do i need an esim for turkey from ireland",2,2,"de-DE|en-US","do i need an esim for turkey"
"do i need an esim.for canada from.uk",2,2,"de-DE|en-US","do i need an esim for canada"
"does airalo esim work in costa rica",2,2,"de-DE|en-AU|en-GB|en-SG|en-US","does esim work in costa rica"
"does apple watch se have esim",2,2,"en-AU|en-GB|en-SG|en-US","esim warsaw"
"does esim requires internet",2,2,"en-US","do i need an esim for argentina"
"does esim work in india for iphone",2,2,"de-DE|en-AU|en-GB|en-SG|en-US","does esim work in india"
"does nomad esim work in saudi arabia",2,2,"de-DE|en-AU|en-GB|en-SG|en-US","does esim work in saudi arabia"
"does nomad esim work in south africa",2,2,"de-DE|en-AU|en-GB|en-SG|en-US","nomad esim south africa"
"does saily esim work in new zealand",2,2,"de-DE|en-AU|en-GB|en-SG|en-US","does esim work in new zealand"
"does saily esim work in saudi arabia",2,2,"de-DE|en-AU|en-GB|en-SG|en-US","saily esim saudi arabia"
"dublin esim reddit",2,2,"de-DE|en-AU|en-GB|en-SG|en-US","dublin esim"
"ee esim uk plans",2,2,"en-US","best esim uk 2026"
"esim abu dhabi 1 day",2,2,"de-DE|en-AU|en-GB|en-SG|en-US","esim abu dhabi"
"esim at sydney airport",2,2,"de-DE","esim sydney"
"esim auckland nz",2,2,"de-DE|en-US","esim auckland"
"esim bangkok ais",2,2,"de-DE|en-AU|en-GB|en-SG|en-US","esim bangkok"
"esim barcelona spain",2,2,"de-DE|en-AU|en-GB|en-SG|en-US","esim barcelona"
"esim beijing china",2,2,"en-AU|en-GB|en-SG|en-US","esim beijing"
"esim belgium free",2,2,"de-DE","esim belgium"
"esim berlin reddit",2,2,"de-DE|en-AU|en-GB|en-SG|en-US","esim berlin"
"esim brazil best price",2,2,"de-DE|en-AU|en-GB|en-SG|en-US","esim brazil price"
"esim canada travel",2,2,"en-AU|en-GB|en-SG|en-US","esim canada tourist"
"esim cancun mexiko",2,2,"de-DE","esim cancun"
"esim colombia tourist",2,2,"de-DE","esim colombia"
"esim connectivity issues",2,2,"en-AU|en-GB|en-SG|en-US","roamic esim argentina"
"esim croatia tourist",2,2,"de-DE|en-AU|en-GB|en-SG|en-US","esim croatia"
"esim data plans australia",2,2,"de-DE|en-AU|en-GB|en-SG|en-US","esim data plan"
"esim doha 1 day",2,2,"de-DE|en-AU|en-GB|en-SG|en-US","esim doha"
"esim dublin ireland",2,2,"de-DE|en-AU|en-GB|en-SG|en-US","esim dublin"
"esim edinburgh reddit",2,2,"de-DE|en-US","esim edinburgh"
"esim egypt unlimited 7 days",2,2,"de-DE|en-AU|en-GB|en-SG|en-US","esim egypt unlimited"
"esim england 7 tage",2,2,"de-DE","esim england"
"esim england reddit",2,2,"en-AU|en-GB|en-SG|en-US","esim uk reddit"
"esim for canada usa and mexico",2,2,"de-DE|en-US","esim for canada"
"esim for cruise ships at sea",2,2,"de-DE|en-AU|en-GB|en-SG|en-US","esim for cruise ship"
"esim for germany austria and italy",2,2,"de-DE|en-US","esim for germany and austria"
"esim for hong kong china and macau",2,2,"de-DE|en-US","esim for hong kong and china"
"esim for japan and thailand",2,2,"de-DE","best esim for japan and thailand"
"esim for japan and vietnam",2,2,"de-DE|en-AU","best esim for japan and vietnam"
"esim for peru bolivia and chile",2,2,"de-DE|en-AU|en-GB|en-SG|en-US","esim for peru and chile"
"esim for singapore malaysia and indonesia",2,2,"en-US","esim for singapore and indonesia"
"esim for spain portugal and morocco",2,2,"de-DE|en-AU|en-US","esim for spain and portugal"
"esim for thailand vietnam and cambodia",2,2,"de-DE|en-US","esim for thailand and vietnam"
"esim for thailand vietnam and philippines",2,2,"de-DE|en-US","esim for philippines and vietnam"
"esim for uk and france",2,2,"de-DE|en-AU|en-GB|en-SG|en-US","best esim for uk and france"
"esim for usa from australia",2,2,"en-AU|en-GB|en-SG","esim for usa"
"esim for usa from canada",2,2,"en-GB|en-SG","esim for usa"
"esim for usa from uk",2,2,"en-AU|en-GB|en-SG|en-US","esim for usa"
"esim for usa tourist",2,2,"de-DE|en-US","esim for usa"
"esim for vietnam and cambodia",2,2,"de-DE|en-AU|en-GB|en-SG|en-US","esim for vietnam"
"esim for vietnam cambodia and laos",2,2,"de-DE|en-US","esim for vietnam and cambodia"
"esim for vietnam cambodia and singapore",2,2,"de-DE|en-US","esim for vietnam and cambodia"
"esim for.prague and.vienna",2,2,"de-DE|en-AU|en-GB|en-SG|en-US","esim for vienna"
"esim hollanda",2,2,"en-AU|en-GB|en-SG|en-US","esim holland"
"esim hrvatska unlimited",2,2,"en-AU|en-GB|en-SG|en-US","esim croatia unlimited"
"esim india tourist reddit",2,2,"de-DE|en-US","esim india tourist"
"esim indonesia tourist reddit",2,2,"de-DE|en-US","esim indonesia tourist"
"esim kenia unlimited",2,2,"de-DE","esim kenya"
"esim korea unlimited 5g",2,2,"de-DE|en-AU|en-GB|en-SG|en-US","esim korea unlimited"
"esim ksa tourist",2,2,"en-AU|en-GB|en-SG|en-US","esim ksa"
"esim latin america",2,2,"en-AU|en-GB|en-SG|en-US","esim central america"
"esim latin america unlimited",2,2,"de-DE|en-AU|en-GB|en-SG|en-US","esim latin america"
"esim limassol",2,2,"en-AU|en-GB|en-SG|en-US","esim lima"
"esim lisbonne",2,2,"de-DE|en-AU|en-GB|en-SG|en-US","esim lisbon"
"esim los angeles california",2,2,"de-DE|en-US","esim los angeles"
"esim los angeles reddit",2,2,"de-DE|en-US","esim los angeles"
"esim macao hong kong",2,2,"de-DE|en-AU|en-GB|en-SG|en-US","esim for macao"
"esim madrid airport",2,2,"de-DE|en-US","esim madrid"
"esim madrid reddit",2,2,"de-DE|en-US","esim madrid"
"esim malaysia and indonesia",2,2,"de-DE|en-AU","esim for indonesia"
"esim malaysia kuala lumpur",2,2,"de-DE|en-AU|en-GB|en-SG|en-US","esim for kuala lumpur"
"esim maldives reddit",2,2,"de-DE|en-US","esim for maldives"
"esim melbourne airport",2,2,"de-DE|en-US","esim melbourne"
"esim mexico unlimited hotspot",2,2,"de-DE|en-AU|en-GB|en-SG|en-US","esim mexico unlimited"
"esim miami beach",2,2,"de-DE|en-US","esim miami"
"esim morocco cheap",2,2,"en-AU|en-GB|en-SG|en-US","esim morocco price"
"esim morocco unlimited",2,2,"de-DE|en-AU|en-GB|en-SG","esim morocco"
"esim netherlands monthly",2,2,"de-DE","esim netherlands"
"esim orlando airport",2,2,"de-DE|en-US","esim orlando"
"esim osaka airport",2,2,"de-DE|en-US","esim osaka"
"esim phuket airport",2,2,"de-DE|en-US","esim phuket"
"esim plans australia cheap",2,2,"en-AU|en-US","esim australia plans"
"esim polen unlimited",2,2,"en-AU|en-GB|en-SG|en-US","poland esim unlimited"
"esim south america reddit",2,2,"de-DE|en-AU|en-GB|en-SG|en-US","esim south america"
"esim spain unlimited hotspot",2,2,"en-AU|en-GB|en-SG|en-US","esim spain unlimited"
"esim sydney australia",2,2,"en-AU|en-GB|en-SG|en-US","esim sydney"
"esim taiwan unlimited 30 days",2,2,"de-DE|en-AU|en-GB|en-SG|en-US","esim taiwan unlimited"
"esim tokyo narita",2,2,"de-DE|en-AU|en-GB|en-SG|en-US","esim tokyo"
"esim toronto reddit",2,2,"de-DE|en-AU|en-GB|en-SG|en-US","esim toronto"
"esim uk deals",2,2,"de-DE|en-GB|en-SG","esim deals"
"esim uk unlimited internet",2,2,"de-DE|en-AU|en-GB|en-SG|en-US","esim uk unlimited"
"esim united arab emirates unlimited",2,2,"en-AU|en-GB|en-SG|en-US","esim uae unlimited"
"esim usa and canada",2,2,"en-AU|en-GB|en-SG","esim usa"
"esim usa erfahrungen",2,2,"de-DE","esim usa"
"esim usa las vegas",2,2,"de-DE|en-US","esim las vegas"
"esim usa los angeles",2,2,"de-DE|en-US","esim for los angeles"
"esim usa prepaid",2,2,"en-AU|en-GB|en-SG|en-US","esim usa"
"esim usa unlimited data 1 month",2,2,"de-DE|en-US","esim usa unlimited"
"esim vancouver bc",2,2,"de-DE|en-US","esim vancouver"
"esim vietnam viettel",2,2,"de-DE|en-AU|en-GB|en-SG|en-US","esim vietnam"
"esim vs physical sim india",2,2,"de-DE|en-US","esim india vs sim"
"esim zanzibar unlimited",2,2,"de-DE|en-US","esim zanzibar"
"esim это",2,2,"en-AU|en-GB|en-SG|en-US","esim dubrovnik"
"germany esim unlimited internet",2,2,"en-AU|en-GB|en-SG|en-US","germany esim unlimited"
"greece esim unlimited internet",2,2,"en-AU|en-GB|en-SG|en-US","greece esim unlimited"
"holafly esim argentina reddit",2,2,"de-DE|en-US","holafly esim argentina"
"holafly esim australia and new zealand",2,2,"de-DE|en-US","holafly esim australia"
"holafly esim brazil reddit",2,2,"de-DE|en-US","holafly esim brazil"
"holafly esim colombia reddit",2,2,"de-DE|en-US","holafly esim colombia"
"holafly esim costa rica reddit",2,2,"de-DE|en-US","holafly esim costa rica"
"holafly esim egypt reddit",2,2,"de-DE|en-US","holafly esim egypt"
"holafly esim hong kong reddit",2,2,"de-DE|en-US","esim hong kong reddit"
"holafly esim hong kong review",2,2,"de-DE|en-US","holafly esim hong kong"
"holafly esim iceland reddit",2,2,"de-DE|en-US","holafly esim iceland"
"holafly esim italy reddit",2,2,"de-DE|en-US","holafly esim italy"
"holafly esim japan reddit",2,2,"de-DE|en-US","holafly esim japan"
"holafly esim new zealand reddit",2,2,"de-DE|en-US","holafly esim new zealand"
"holafly esim peru reddit",2,2,"de-DE|en-US","holafly esim peru"
"holafly esim plans japan",2,2,"de-DE|en-AU|en-GB|en-SG|en-US","holafly esim plans"
"holafly esim singapore malaysia",2,2,"de-DE|en-US","holafly esim singapore"
"holafly esim spain reddit",2,2,"de-DE|en-US","holafly esim spain"
"holafly esim switzerland reddit",2,2,"de-DE|en-US","holafly esim switzerland"
"holafly esim taiwan reddit",2,2,"de-DE|en-US","holafly esim taiwan"
"holafly esim thailand reddit",2,2,"de-DE|en-US","holafly esim thailand"
"holafly esim turkey reddit",2,2,"de-DE|en-US","holafly esim turkey"
"holafly esim vietnam and cambodia",2,2,"de-DE|en-US","holafly esim vietnam"
"how to get esim for india from canada",2,2,"de-DE|en-US","how to get an esim for canada"
"is croatia in europe for travel insurance",2,2,"en-US","best esim for croatia and italy"
"israeli esim unlimited data",2,2,"en-AU|en-US","esim israel unlimited"
"japan esim unlimited data tourist",2,2,"de-DE","esim japan tourist"
"jetpac esim australia and new zealand",2,2,"de-DE|en-US","jetpac esim australia"
"jetpac esim china hong kong",2,2,"en-US","jetpac esim hong kong"
"jetpac esim indonesia reddit",2,2,"de-DE|en-US","jetpac esim indonesia"
"jetpac esim new zealand reddit",2,2,"de-DE|en-US","jetpac esim new zealand"
"jetpac esim review europe",2,2,"de-DE|en-AU|en-GB|en-SG|en-US","jetpac esim review"
"jetpac esim usa reddit",2,2,"de-DE|en-US","jetpac esim usa"
"jetpac esim.china hong kong",2,2,"de-DE","jetpac esim hong kong"
"korea esim card for tourist",2,2,"de-DE|en-US","korea esim card"
"new zealand esim card unlimited data",2,2,"de-DE|en-US","new zealand esim card"
"new zealand esim tourist reddit",2,2,"de-DE","esim new zealand tourist"
"nomad esim brazil reddit",2,2,"de-DE|en-US","nomad esim brazil"
"nomad esim canada reddit",2,2,"en-US","nomad esim canada"
"nomad esim china plans",2,2,"de-DE|en-AU|en-GB|en-SG|en-US","esim china plans"
"nomad esim costa rica reddit",2,2,"de-DE|en-US","nomad esim costa rica"
"nomad esim egypt reddit",2,2,"de-DE|en-US","nomad esim egypt"
"nomad esim greece reddit",2,2,"de-DE|en-US","nomad esim greece"
"nomad esim iceland reddit",2,2,"de-DE|en-US","nomad esim iceland"
"nomad esim indonesia reddit",2,2,"de-DE|en-US","nomad esim indonesia"
"nomad esim morocco reddit",2,2,"de-DE|en-US","nomad esim morocco"
"nomad esim portugal reddit",2,2,"de-DE|en-US","nomad esim portugal"
"nomad esim saudi arabia reddit",2,2,"de-DE|en-US","nomad esim saudi arabia"
"nomad esim spain reddit",2,2,"de-DE|en-US","nomad esim spain"
"nomad esim thailand reddit",2,2,"de-DE|en-US","nomad esim thailand"
"nomad esim turkey reddit",2,2,"de-DE|en-US","nomad esim turkey"
"nomad esim uk and ireland",2,2,"de-DE|en-US","nomad esim ireland"
"nomad esim usa reddit",2,2,"de-DE|en-US","esim usa reddit"
"nomad esim vietnam reddit",2,2,"de-DE|en-US","nomad esim vietnam"
"norway vs sweden military",2,2,"en-US","best esim for norway and sweden"
"poland sms esim",2,2,"de-DE","esim poland"
"reddit best esim costa rica",2,2,"de-DE","esim costa rica reddit"
"rio esim",2,2,"de-DE","esim for rio"
"roamic esim discount code",2,2,"en-AU|en-GB|en-SG|en-US","roamic esim"
"roamic esim reviews turkey",2,2,"de-DE|en-AU|en-GB|en-SG|en-US","roami esim review"
"roamic esim turkey",2,2,"en-AU|en-GB|en-SG|en-US","roamic esim"
"roamic esim turkey reddit",2,2,"de-DE|en-US","roamic esim turkey"
"roaming esim indonesia",2,2,"en-US","roami esim indonesia"
"roaming esim thailand review",2,2,"en-AU|en-GB|en-SG|en-US","roami esim thailand"
"roaming esim usa reviews",2,2,"en-AU|en-GB|en-SG|en-US","roami esim usa"
"safaricom esim nairobi",2,2,"de-DE|en-AU|en-GB|en-SG|en-US","esim nairobi"
"safaricom esim nairobi airport",2,2,"de-DE|en-AU|en-GB|en-SG|en-US","esim nairobi"
"saily esim australia coverage",2,2,"de-DE|en-AU|en-GB|en-SG|en-US","saily esim australia"
"saily esim australia price",2,2,"de-DE|en-AU|en-GB|en-SG|en-US","esim australia price"
"saily esim brazil reddit",2,2,"de-DE|en-US","saily esim brazil"
"saily esim china reddit",2,2,"de-DE|en-US","saily esim china"
"saily esim costa rica reddit",2,2,"de-DE|en-US","esim costa rica reddit"
"saily esim egypt price",2,2,"de-DE|en-US","saily esim egypt"
"saily esim egypt reddit",2,2,"de-DE|en-US","saily esim egypt"
"saily esim france reddit",2,2,"de-DE|en-US","saily esim france"
"saily esim germany reddit",2,2,"en-US","saily esim germany"
"saily esim greece reddit",2,2,"de-DE|en-US","saily esim greece"
"saily esim iceland reddit",2,2,"de-DE|en-US","saily esim iceland"
"saily esim india price",2,2,"de-DE|en-AU|en-GB|en-SG|en-US","esim india price"
"saily esim india reddit",2,2,"de-DE|en-US","saily esim india"
"saily esim ireland reddit",2,2,"de-DE|en-US","saily esim ireland"
"saily esim italy reddit",2,2,"de-DE|en-US","saily esim italy"
"saily esim peru reddit",2,2,"de-DE|en-US","saily esim peru"
"saily esim philippines reddit",2,2,"de-DE|en-US","saily esim philippines"
"saily esim portugal reddit",2,2,"de-DE|en-US","saily esim portugal"
"saily esim south africa reddit",2,2,"de-DE|en-US","esim south africa reddit"
"saily esim spain reddit",2,2,"de-DE|en-US","saily esim spain"
"saily esim switzerland price",2,2,"de-DE|en-AU|en-GB|en-SG|en-US","esim switzerland price"
"saily esim switzerland reddit",2,2,"de-DE|en-US","saily esim switzerland"
"saily esim taiwan reddit",2,2,"de-DE|en-US","saily esim taiwan"
"saily esim thailand reddit",2,2,"de-DE|en-US","saily esim thailand"
"saily esim turkey price",2,2,"en-AU|en-GB|en-SG|en-US","saily esim turkey"
"saily esim uae reddit",2,2,"de-DE|en-US","saily esim uae"
"saily esim uk price",2,2,"de-DE|en-AU|en-GB|en-SG|en-US","esim uk price"
"saily esim uk reddit",2,2,"de-DE|en-US","saily esim uk"
"saily esim usa reddit",2,2,"en-US","saily esim usa"
"saily esim vietnam price",2,2,"de-DE|en-AU|en-GB|en-SG|en-US","saily esim vietnam"
"saily esim vietnam reddit",2,2,"de-DE|en-US","saily esim vietnam"
"singapore esim tourist price",2,2,"de-DE|en-AU|en-GB|en-SG|en-US","esim singapore price"
"south korea esim unlimited data",2,2,"de-DE|en-AU|en-GB|en-SG|en-US","korea esim unlimited data"
"spain esim card for tourist",2,2,"de-DE|en-US","spain esim card"
"stc esim riyadh",2,2,"de-DE|en-AU|en-GB|en-SG|en-US","riyadh esim"
"taipei esim card",2,2,"de-DE|en-AU|en-GB|en-SG|en-US","taipei esim"
"taipei esim data",2,2,"de-DE|en-AU|en-GB|en-SG|en-US","taipei esim"
"tigo esim bogota",2,2,"de-DE|en-AU|en-GB|en-SG|en-US","esim bogota"
"toronto esim with phone number",2,2,"de-DE|en-AU|en-GB|en-SG|en-US","toronto esim"
"turkey esim card tourist",2,2,"de-DE|en-US","turkey esim card"
"turkey esim unlimited data reddit",2,2,"de-DE|en-AU|en-GB|en-SG|en-US","turkey esim unlimited data"
"ubigi esim canada reddit",2,2,"de-DE|en-US","ubigi esim canada"
"ubigi esim hong kong review",2,2,"de-DE|en-US","ubigi esim hong kong"
"ubigi esim iceland reddit",2,2,"de-DE|en-US","esim iceland reddit"
"ubigi esim indonesia reddit",2,2,"de-DE|en-US","ubigi esim indonesia"
"ubigi esim italy reddit",2,2,"de-DE|en-US","ubigi esim italy"
"ubigi esim japan 10gb",2,2,"de-DE|en-US","esim japan 10gb"
"ubigi esim japan promo code",2,2,"de-DE|en-AU|en-GB|en-SG|en-US","ubigi esim japan"
"ubigi esim philippines reddit",2,2,"de-DE|en-US","ubigi esim philippines"
"ubigi esim singapore reddit",2,2,"de-DE|en-US","ubigi esim singapore"
"ubigi esim spain reddit",2,2,"de-DE|en-US","ubigi esim spain"
"ubigi esim switzerland reddit",2,2,"de-DE","esim switzerland reddit"
"ubigi esim uk reddit",2,2,"de-DE|en-US","ubigi esim uk"
"ubigi esim usa reddit",2,2,"de-DE|en-US","ubigi esim usa"
"ubigi esim vietnam reddit",2,2,"de-DE|en-US","ubigi esim vietnam"
"ubigi esim.switzerland reddit",2,2,"en-US","ubigi esim switzerland"
"unlimited data esim japan and south korea",2,2,"de-DE|en-US","unlimited data esim japan"
"unlimited data esim uk 1 month",2,2,"de-DE|en-US","unlimited data esim uk"
"unlimited data esim usa and canada",2,2,"de-DE|en-US","unlimited data esim usa"
"unlimited esim turkey",2,2,"de-DE|en-GB|en-SG|en-US","unlimited esim"
"usa esim unlimited data hotspot",2,2,"de-DE|en-AU|en-GB|en-SG|en-US","usa esim unlimited data"
"vietnam esim tourist price",2,2,"de-DE|en-AU|en-GB|en-SG|en-US","esim vietnam tourist"
"vodafone esim holland",2,2,"de-DE|en-AU|en-GB|en-SG|en-US","holland esim"
"vodafone greece esim unlimited data",2,2,"de-DE|en-AU|en-GB|en-SG|en-US","greece esim unlimited data"
"where to buy globe esim",2,2,"en-AU|en-GB|en-SG|en-US","which esim is best for iceland"
"which esim is best for vietnam cambodia and thailand",2,2,"de-DE|en-AU|en-GB|en-SG|en-US","which esim is best for vietnam"
"yesim esim review japan",2,2,"de-DE|en-AU|en-GB|en-SG|en-US","yesim esim japan"
"a1 esim vienna",2,3,"de-DE|en-AU|en-GB|en-SG|en-US","vienna esim"
"air cairo esim",2,3,"de-DE|en-AU|en-GB|en-SG|en-US","cairo esim"
"airalo esim australia and new zealand",2,3,"de-DE|en-US","airalo esim australia"
"airalo esim brazil reddit",2,3,"de-DE|en-US","airalo esim brazil"
"airalo esim costa rica reddit",2,3,"de-DE|en-US","airalo esim costa rica"
"airalo esim egypt reddit",2,3,"de-DE|en-US","airalo esim egypt"
"airalo esim greece and turkey",2,3,"de-DE|en-US","airalo esim greece"
"airalo esim ireland reddit",2,3,"de-DE|en-US","esim ireland reddit"
"airalo esim japan price",2,3,"de-DE|en-AU|en-GB|en-SG|en-US","airalo esim japan"
"airalo esim price china",2,3,"de-DE|en-US","esim china price"
"airalo esim spain reddit",2,3,"de-DE|en-US","airalo esim spain"
"airalo esim switzerland reddit",2,3,"de-DE|en-US","esim switzerland reddit"
"airalo esim turkey price",2,3,"de-DE|en-AU|en-GB|en-US","airalo esim turkey"
"amsterdam esim card",2,3,"de-DE|en-AU|en-GB|en-SG|en-US","amsterdam esim"
"are norway and sweden similar",2,3,"en-US","best esim for norway and sweden"
"beijing esim klook",2,3,"de-DE|en-AU|en-GB|en-SG|en-US","beijing esim"
"best esim athens",2,3,"de-DE|en-AU|en-GB|en-SG|en-US","athens esim"
"best esim card for berlin",2,3,"de-DE|en-AU|en-GB|en-SG|en-US","best esim for berlin"
"best esim card for italy and greece",2,3,"de-DE|en-US","best esim for italy and greece"
"best esim card for usa and mexico",2,3,"de-DE|en-US","best esim for usa and mexico"
"best esim for amsterdam and paris",2,3,"de-DE|en-AU|en-GB|en-SG|en-US","best esim for amsterdam"
"best esim for austria and hungary",2,3,"de-DE|en-AU|en-GB|en-SG|en-US","best esim for austria"
"best esim for beijing and shanghai",2,3,"de-DE|en-AU|en-GB|en-SG|en-US","best esim for beijing"
"best esim for france italy and spain",2,3,"de-DE|en-US","best esim for france and italy"
"best esim for georgia reddit",2,3,"de-DE|en-AU|en-GB|en-SG|en-US","best esim for georgia"
"best esim for germany switzerland and italy",2,3,"de-DE|en-US","best esim for switzerland and italy"
"best esim for iceland and greenland",2,3,"de-DE|en-AU|en-GB|en-SG|en-US","best esim for iceland"
"best esim for ireland and england",2,3,"de-DE|en-AU|en-GB|en-SG|en-US","best esim for ireland and uk"
"best esim for ireland unlimited data",2,3,"de-DE|en-US","ireland esim unlimited data"
"best esim for japan and korea",2,3,"de-DE|en-AU|en-GB|en-SG|en-US","best esim for japan"
"best esim for marrakech from uk",2,3,"de-DE|en-AU|en-GB|en-SG|en-US","best esim for marrakech"
"best esim for mexico city reddit",2,3,"de-DE|en-AU|en-GB|en-SG|en-US","esim for mexico city"
"best esim for netherlands and germany",2,3,"de-DE|en-AU|en-GB|en-SG|en-US","best esim for netherlands"
"best esim for peru and ecuador",2,3,"en-AU|en-GB|en-SG|en-US","best esim for peru"
"best esim for poland and czech republic",2,3,"de-DE|en-AU|en-GB|en-SG|en-US","best esim for poland"
"best esim for saudi arabia reddit",2,3,"de-DE|en-AU|en-GB|en-SG|en-US","best esim for saudi arabia"
"best esim for saudi arabia tourist",2,3,"de-DE|en-AU|en-GB|en-SG|en-US","esim saudi arabia tourist"
"best esim for seoul reddit",2,3,"en-AU|en-GB|en-SG|en-US","best esim for seoul"
"best esim for spain portugal and morocco",2,3,"de-DE|en-AU|en-US","best esim for spain and portugal"
"best esim for tokyo disney",2,3,"de-DE|en-AU|en-GB|en-SG|en-US","best esim for tokyo"
"best esim for usa canada and mexico",2,3,"de-DE|en-US","best esim for usa and canada"
"best esim for usa from canada",2,3,"en-GB|en-SG","best esim for usa"
"best esim for usa tourist",2,3,"de-DE|en-US","best esim for usa"
"best esim in czech republic",2,3,"de-DE","best esim for czech republic"
"best esim mexico city",2,3,"de-DE|en-US","esim for mexico city"
"best esim nairobi",2,3,"de-DE|en-AU|en-GB|en-SG|en-US","esim nairobi"
"best esim osaka",2,3,"de-DE|en-US","esim for osaka"
"best esim riyadh",2,3,"de-DE|en-AU|en-GB|en-SG|en-US","riyadh esim"
"best esim.for cancun mexico reddit",2,3,"de-DE|en-AU|en-GB|en-SG|en-US","best esim for cancun"
"can i buy a sim card in portugal",2,3,"en-AU|en-GB|en-SG|en-US","portugal sim card for tourists"
"canada esim unlimited calls",2,3,"de-DE|en-AU|en-GB|en-SG|en-US","canada esim unlimited"
"cancun esim",2,3,"en-AU|en-GB|en-SG|en-US","esim for cancun"
"cheap esim plans spain",2,3,"de-DE|en-US","esim spain plans"
"cheap esim usa canada",2,3,"de-DE","cheap esim usa"
"cheap esim usa data",2,3,"de-DE|en-US","cheap esim usa"
"cheapest esim for australia and new zealand",2,3,"en-AU|en-GB|en-SG|en-US","cheapest esim for australia"
"cheapest esim for hong kong and japan",2,3,"de-DE|en-AU|en-GB|en-SG|en-US","cheapest esim for hong kong"
"cheapest esim for mexico city",2,3,"de-DE|en-GB|en-SG|en-US","cheapest esim for mexico"
"cheapest esim for vietnam and cambodia",2,3,"de-DE|en-AU|en-GB|en-SG|en-US","cheapest esim for vietnam"
"cheapest esim hong kong reddit",2,3,"de-DE|en-AU|en-GB|en-SG|en-US","cheap esim hong kong"
"cheapest esim korea reddit",2,3,"de-DE|en-US","cheap esim korea"
"cheapest esim mexico reddit",2,3,"en-US","cheap esim mexico"
"cheapest esim new zealand data and calls",2,3,"de-DE|en-AU|en-GB|en-SG|en-US","cheap esim new zealand"
"cheapest esim plan netherlands",2,3,"de-DE|en-AU|en-GB|en-SG|en-US","cheapest esim for netherlands"
"cheapest esim plan taiwan",2,3,"de-DE|en-AU|en-GB|en-SG|en-US","cheapest esim for taiwan"
"cheapest esim singapore tourist",2,3,"en-SG|en-US","cheap esim singapore"
"cheapest esim spain reddit",2,3,"de-DE|en-US","esim spain reddit"
"cheapest esim uae tourist",2,3,"de-DE|en-US","cheap esim uae"
"cheapest unlimited data esim turkey",2,3,"de-DE|en-US","unlimited data esim turkey"
"china esim unlimited hotspot",2,3,"de-DE|en-AU|en-GB|en-SG|en-US","china esim unlimited"
"claro esim bogota",2,3,"en-AU|en-GB|en-SG|en-US","esim bogota"
"cosmote greece esim unlimited data",2,3,"de-DE|en-AU|en-GB|en-SG|en-US","greece esim unlimited data"
"do argentina and brazil share a border",2,3,"en-US","esim for brazil and argentina"
"do sweden and denmark use the same currency",2,3,"en-US","best esim for denmark and sweden"
"does holafly esim work in costa rica",2,3,"de-DE|en-AU|en-GB|en-SG|en-US","holafly esim costa rica"
"does holafly esim work in south africa",2,3,"de-DE|en-AU|en-GB|en-SG|en-US","holafly esim south africa"
"does metro by t mobile support esim",2,3,"en-AU|en-GB|en-SG|en-US","holafly esim georgia"
"does nomad esim work in costa rica",2,3,"de-DE|en-AU|en-GB|en-SG|en-US","does esim work in costa rica"
"does verizon support esim",2,3,"en-US","holafly esim iceland"
"doha esim trip com",2,3,"de-DE|en-AU|en-GB|en-SG|en-US","doha esim"
"esim activation code",2,3,"en-AU|en-GB|en-SG|en-US","roamic esim promo code"
"esim amsterdam 1 day",2,3,"de-DE|en-AU|en-GB|en-SG|en-US","esim amsterdam"
"esim australia unlimited calls",2,3,"de-DE|en-AU|en-GB|en-SG|en-US","esim australia unlimited"
"esim bali indonesia unlimited data",2,3,"de-DE|en-US","esim indonesia unlimited"
"esim bangkok tourist",2,3,"de-DE|en-AU|en-GB|en-SG|en-US","esim bangkok"
"esim card india reddit",2,3,"de-DE","esim india reddit"
"esim card kuala lumpur",2,3,"de-DE|en-AU|en-GB|en-SG|en-US","esim kuala lumpur"
"esim card los angeles",2,3,"de-DE|en-US","esim for los angeles"
"esim card morocco reddit",2,3,"de-DE|en-US","esim morocco reddit"
"esim colombia ecuador",2,3,"de-DE","esim for colombia"
"esim compatible watches",2,3,"en-US","esim for fiji review"
"esim czech republic vodafone",2,3,"de-DE","esim czech republic"
"esim data croatia",2,3,"de-DE","esim croatia"
"esim dublino",2,3,"de-DE|en-AU|en-GB|en-SG|en-US","esim dublin"
"esim england erfahrungen",2,3,"de-DE","esim england"
"esim europe unlimited data 5g",2,3,"de-DE|en-AU","esim europe"
"esim fiji trip com",2,3,"de-DE|en-US","esim fiji tourist"
"esim for amsterdam and brussels",2,3,"de-DE|en-AU|en-GB|en-SG|en-US","esim for brussels"
"esim for cruise ships australia",2,3,"de-DE|en-AU|en-GB|en-SG|en-US","esim for cruise ship"
"esim for cruise ships europe",2,3,"de-DE|en-AU|en-GB|en-SG|en-US","esim for cruise ship"
"esim for cruise ships mediterranean",2,3,"de-DE|en-AU|en-GB|en-SG|en-US","esim for cruise ship"
"esim for great britain and ireland",2,3,"de-DE|en-AU|en-GB|en-SG|en-US","esim for britain"
"esim for hong kong china and taiwan",2,3,"de-DE|en-US","esim for hong kong and china"
"esim for singapore thailand and vietnam",2,3,"de-DE|en-US","esim for thailand and vietnam"
"esim for south africa namibia botswana and zimbabwe",2,3,"de-DE|en-AU|en-GB|en-SG|en-US","esim for south africa and namibia"
"esim for usa canada and alaska",2,3,"en-AU|en-US","esim for usa and canada"
"esim for usa canada and mexico",2,3,"de-DE|en-US","esim for usa and canada"
"esim for usa unlimited data",2,3,"de-DE|en-US","esim for usa"
"esim hanoi reddit",2,3,"de-DE|en-US","esim hanoi"
"esim hollandse nieuwe",2,3,"en-AU|en-GB|en-SG|en-US","esim holland"
"esim italy cheap",2,3,"en-AU|en-GB|en-SG|en-US","esim italy price"
"esim korea travel reddit",2,3,"en-US","esim korea tourist"
"esim latin america airalo",2,3,"de-DE|en-AU|en-GB|en-SG|en-US","esim latin america"
"esim latin america unlimited data",2,3,"de-DE|en-AU|en-GB|en-SG|en-US","esim latin america"
"esim lisbon reddit",2,3,"de-DE|en-AU|en-GB|en-SG|en-US","esim lisbon"
"esim madrid orange",2,3,"de-DE|en-US","esim madrid"
"esim maldives 10 days",2,3,"de-DE|en-US","esim maldives"
"esim marrakech orange",2,3,"en-AU|en-GB|en-SG|en-US","esim marrakech"
"esim melbourne reddit",2,3,"de-DE|en-US","esim melbourne"
"esim melbourne tourist",2,3,"de-DE|en-US","esim melbourne"
"esim mexico city airalo",2,3,"de-DE|en-US","esim mexico city"
"esim netherlands 1 day",2,3,"de-DE","esim netherlands"
"esim orlando diferente",2,3,"de-DE|en-US","esim orlando"
"esim osaka klook",2,3,"de-DE|en-US","esim osaka"
"esim rio grande do sul",2,3,"de-DE|en-AU|en-GB|en-SG|en-US","esim rio"
"esim rogers cost",2,3,"en-US","nomad esim georgia"
"esim romeo",2,3,"de-DE|en-AU|en-GB|en-SG|en-US","esim rome"
"esim serial number",2,3,"en-US","roamic esim south africa"
"esim settings",2,3,"en-US","alosim esim spain"
"esim shanghai 1 day",2,3,"de-DE|en-US","esim shanghai"
"esim switzerland travel",2,3,"de-DE|en-US","esim switzerland tourist"
"esim usa und kanada",2,3,"de-DE","esim usa"
"esim usa unlimited data 15 days",2,3,"en-US","esim usa unlimited"
"esim vancouver airport",2,3,"en-US","esim vancouver"
"esim vietnam 30 tage",2,3,"de-DE","esim vietnam"
"esim vietnam review",2,3,"de-DE|en-AU","esim for vietnam review"
"esim zanzibar tigo",2,3,"de-DE|en-US","esim zanzibar"
"fiji tourism numbers",2,3,"en-AU|en-GB|en-SG|en-US","fiji sim card for tourists"
"free esim spain unlimited data",2,3,"de-DE","spain esim unlimited data"
"globe esim manila airport",2,3,"de-DE","manila esim"
"hello rome esim",2,3,"de-DE|en-AU|en-GB|en-SG|en-US","rome esim"
"holafly esim dublin",2,3,"de-DE","dublin esim"
"holafly esim mexico reddit",2,3,"de-DE|en-US","holafly esim mexico"
"holafly esim morocco reddit",2,3,"de-DE|en-US","holafly esim morocco"
"holafly esim portugal reddit",2,3,"de-DE|en-US","holafly esim portugal"
"hollandsnieuwe esim werkt. niet",2,3,"de-DE","esim holland"
"india travel esim unlimited data",2,3,"de-DE|en-AU|en-GB|en-SG|en-US","india esim unlimited data"
"indonesia esim tourist price",2,3,"de-DE|en-AU|en-GB|en-SG|en-US","esim indonesia tourist"
"is esim available for airtel prepaid",2,3,"en-US","jetpac esim fiji"
"is esim available in india for iphone 17 pro",2,3,"de-DE|en-US","is esim available in india"
"is esim available in pakistan",2,3,"en-US","is esim available in uae"
"italy esim unlimited internet",2,3,"en-AU|en-GB|en-SG|en-US","italy esim unlimited"
"japan esim unlimited data reddit",2,3,"en-AU|en-GB|en-SG|en-US","japan esim unlimited data"
"japan esim unlimited data with phone number",2,3,"de-DE|en-AU|en-GB|en-SG|en-US","japan esim unlimited data"
"klook esim korea unlimited",2,3,"de-DE|en-AU|en-GB|en-SG|en-US","esim korea unlimited"
"lebara esim holland",2,3,"de-DE|en-AU|en-GB|en-SG|en-US","holland esim"
"limassol esim",2,3,"de-DE","esim lima"
"magticom esim tbilisi",2,3,"de-DE|en-AU|en-GB|en-SG|en-US","tbilisi esim"
"malaysia esim tourist price",2,3,"de-DE|en-AU|en-GB|en-SG|en-US","esim malaysia tourist"
"nomad esim australia reddit",2,3,"de-DE|en-US","nomad esim australia"
"nomad esim canada coverage",2,3,"de-DE|en-AU|en-GB|en-SG|en-US","nomad esim canada"
"nomad esim hong kong reddit",2,3,"de-DE|en-US","nomad esim hong kong"
"nomad esim malaysia reddit",2,3,"de-DE|en-US","nomad esim malaysia"
"nomad esim singapore thailand",2,3,"de-DE|en-US","nomad esim singapore"
"nomad esim thailand coverage",2,3,"de-DE|en-AU|en-GB|en-SG|en-US","nomad esim thailand"
"nomad esim usa plans",2,3,"de-DE|en-AU|en-GB|en-SG|en-US","nomad esim plans"
"numero esim review",2,3,"en-US","esim for brazil review"
"optus esim prepaid plans",2,3,"en-AU|en-GB|en-SG|en-US","esim fiji unlimited"
"orange esim brussels",2,3,"de-DE|en-AU|en-GB|en-SG|en-US","brussels esim"
"prague esim data",2,3,"de-DE|en-AU|en-GB|en-SG|en-US","esim prague"
"prague esim tourist",2,3,"de-DE|en-AU|en-GB|en-SG|en-US","prague esim"
"prepaid esim for usa and canada",2,3,"de-DE","best esim for usa and canada"
"roamic esim australia",2,3,"en-AU","roamic esim"
"roamic esim reddit",2,3,"en-US","roamic esim"
"roamic esim reviews egypt",2,3,"de-DE|en-AU|en-GB|en-SG|en-US","roami esim review"
"roamic esim reviews korea",2,3,"de-DE|en-US","roamic esim korea"
"saily esim beijing",2,3,"de-DE|en-GB","esim beijing"
"saily esim canada reddit",2,3,"de-DE|en-US","esim canada reddit"
"saily esim china price",2,3,"de-DE|en-AU|en-GB|en-SG|en-US","esim china price"
"saily esim indonesia price",2,3,"de-DE|en-AU|en-GB|en-SG|en-US","esim indonesia price"
"saily esim ireland and uk",2,3,"de-DE|en-US","saily esim ireland"
"saily esim italy price",2,3,"de-DE|en-AU|en-GB|en-SG|en-US","saily esim italy"
"saily esim japan and south korea",2,3,"de-DE","esim for japan and south korea"
"saily esim japan price",2,3,"de-DE|en-AU|en-GB|en-SG|en-US","saily esim japan"
"saily esim malaysia reddit",2,3,"de-DE|en-US","saily esim malaysia"
"saily esim mexico price",2,3,"de-DE|en-AU|en-GB|en-SG|en-US","esim mexico price"
"saily esim philippines price",2,3,"de-DE|en-AU|en-GB|en-SG|en-US","esim philippines price"
"saily esim philippines review reddit",2,3,"de-DE|en-US","saily esim philippines"
"saily esim south africa price",2,3,"de-DE|en-AU|en-GB|en-SG|en-US","esim south africa price"
"saily esim spain and portugal",2,3,"de-DE|en-US","saily esim spain"
"saily esim thailand price",2,3,"de-DE|en-AU|en-GB|en-SG|en-US","saily esim thailand"
"saily esim turkey reddit",2,3,"de-DE|en-US","saily esim turkey"
"saily esim usa plans",2,3,"en-US","esim usa plans"
"saudi arabia esim tourist price",2,3,"de-DE|en-AU|en-GB|en-SG|en-US","esim saudi arabia price"
"spain esim unlimited internet",2,3,"en-AU|en-GB|en-SG|en-US","spain esim unlimited"
"taipei tourist esim",2,3,"de-DE","taipei esim"
"thailand esim unlimited data 60 days",2,3,"de-DE","thailand esim unlimited data"
"thailand esim unlimited data 7 days",2,3,"de-DE|en-AU|en-GB|en-SG|en-US","thailand esim unlimited data"
"travel esim australia unlimited data",2,3,"de-DE|en-US","australia esim unlimited data"
"uae unlimited data plan esim",2,3,"de-DE|en-US","unlimited data esim uae"
"ubigi esim korea reddit",2,3,"de-DE|en-US","ubigi esim korea"
"ubigi esim schweiz",2,3,"de-DE|en-US","ubigi esim switzerland"
"ubigi esim usa price",2,3,"de-DE|en-US","ubigi esim price"
"usa esim unlimited data 30 days",2,3,"de-DE|en-AU|en-GB|en-SG|en-US","usa esim unlimited data"
"vancouver airport esim",2,3,"de-DE","esim vancouver"
"vietnam esim card price",2,3,"de-DE|en-US","vietnam esim card"
"vietnam esim card unlimited data",2,3,"de-DE|en-US","vietnam esim card"
"vodafone esim italy unlimited data",2,3,"de-DE|en-US","italy esim unlimited data"
"vodafone portugal esim unlimited",2,3,"de-DE|en-AU|en-SG","esim portugal unlimited"
"which esim is best for japan and south korea",2,3,"de-DE|en-AU|en-GB|en-SG|en-US","which esim is best for korea"
"airalo brazil esim price",2,4,"de-DE|en-AU|en-GB|en-SG|en-US","esim brazil price"
"airalo esim cairo",2,4,"de-DE|en-AU|en-GB|en-SG|en-US","esim cairo"
"airalo esim china price",2,4,"en-AU|en-GB|en-US","esim china price"
"airalo esim for hong kong and china",2,4,"de-DE","esim for hong kong and china"
"airalo esim for singapore and malaysia",2,4,"de-DE","best esim for singapore and malaysia"
"airalo esim hong kong reddit",2,4,"de-DE|en-US","airalo esim hong kong"
"airalo esim india price",2,4,"de-DE|en-AU|en-GB|en-SG|en-US","esim india price"
"airalo esim morocco price",2,4,"de-DE|en-AU|en-GB|en-SG|en-US","airalo esim morocco"
"airalo esim philippines price",2,4,"de-DE|en-AU|en-GB|en-SG|en-US","esim philippines price"
"airalo esim price south africa",2,4,"de-DE|en-AU|en-GB|en-SG|en-US","airalo esim south africa"
"airalo esim thailand price",2,4,"en-AU|en-GB|en-SG|en-US","airalo esim thailand"
"airalo esim turkey reddit",2,4,"de-DE|en-US","airalo esim turkey"
"airtel esim delhi airport",2,4,"de-DE|en-AU|en-GB|en-SG|en-US","esim delhi"
"amsterdam esim data",2,4,"de-DE|en-AU|en-GB|en-SG|en-US","amsterdam esim"
"are austria and germany similar",2,4,"en-US","best esim for germany and austria"
"are norway sweden and denmark in the eu",2,4,"en-US","best esim for denmark and sweden"
"best esim brussels",2,4,"de-DE|en-AU|en-GB|en-SG|en-US","brussels esim"
"best esim card for rome",2,4,"de-DE|en-AU|en-GB|en-SG|en-US","best esim for rome"
"best esim china 2026",2,4,"de-DE|en-AU|en-GB|en-SG|en-US","best esim 2026"
"best esim for japan and south korea",2,4,"de-DE|en-AU|en-GB|en-SG|en-US","esim for japan and south korea"
"best esim for netherlands travel",2,4,"de-DE|en-AU|en-GB|en-SG|en-US","best esim for netherlands"
"best esim for tokyo and osaka",2,4,"de-DE|en-AU|en-GB|en-SG|en-US","best esim for tokyo"
"best esim for us to uk",2,4,"de-DE","best esim for us"
"best esim for usa unlimited data",2,4,"de-DE|en-US","best esim for usa"
"best esim holland",2,4,"de-DE|en-AU|en-GB|en-SG|en-US","holland esim"
"best esim lisbon",2,4,"de-DE|en-AU|en-GB|en-SG|en-US","lisbon esim"
"best esim south korea unlimited data",2,4,"de-DE|en-US","korea esim unlimited data"
"best vae esim tourist",2,4,"de-DE","best esim for uae"
"buy esim tbilisi",2,4,"de-DE|en-AU|en-GB|en-SG|en-US","esim tbilisi"
"can esim work as dual sim",2,4,"en-AU|en-GB|en-SG|en-US","which esim is best for morocco"
"can i buy a sim card in italy",2,4,"en-AU|en-GB|en-SG|en-US","austria sim card for tourists"
"change to esim optus",2,4,"en-US","holafly esim croatia"
"cheap data esim thailand",2,4,"de-DE","cheap esim thailand"
"cheap esim usa plans",2,4,"de-DE|en-US","esim usa plans"
"cheapest esim for abu dhabi",2,4,"en-AU|en-GB|en-SG|en-US","cheapest esim for uae"
"cheapest esim italy with phone number",2,4,"de-DE|en-AU|en-GB|en-SG|en-US","cheapest esim for italy"
"cheapest esim malaysia prepaid",2,4,"de-DE|en-AU|en-GB|en-SG|en-US","cheapest esim for malaysia"
"cheapest esim malaysia with phone number",2,4,"de-DE|en-AU|en-GB|en-SG|en-US","cheapest esim for malaysia"
"cheapest esim morocco 7 days",2,4,"de-DE|en-AU|en-GB|en-SG|en-US","cheap esim morocco"
"cheapest esim phone south africa",2,4,"de-DE|en-AU|en-GB|en-SG|en-US","cheap esim south africa"
"cheapest esim plan switzerland",2,4,"de-DE|en-AU|en-GB|en-SG|en-US","cheapest esim for switzerland"
"cheapest esim plans",2,4,"en-AU|en-GB|en-SG|en-US","cheapest esim for georgia"
"cheapest esim singapore with number",2,4,"en-AU|en-GB|en-SG|en-US","cheap esim singapore"
"cheapest esim thailand reddit",2,4,"de-DE|en-US","esim thailand reddit"
"cheapest esim toronto",2,4,"de-DE","esim toronto"
"cheapest esim turkey",2,4,"de-DE|en-US","cheap esim turkey"
"cheapest prepaid esim",2,4,"en-AU|en-GB|en-SG|en-US","cheapest esim for poland"
"cheapest sim card in switzerland",2,4,"en-AU|en-GB|en-SG|en-US","switzerland sim card for tourists"
"does airalo esim work in south africa",2,4,"de-DE|en-AU|en-GB|en-SG|en-US","does esim work in south africa"
"does an australian esim.work in new zealand",2,4,"de-DE|en-AU|en-GB|en-SG|en-US","does esim work in new zealand"
"does ipad use esim",2,4,"en-US","is esim available in indonesia"
"does iphone 12 pro support esim",2,4,"en-US","esim poland for iphone"
"does iphone use esim",2,4,"en-US","esim germany for iphone"
"does nomad esim work.in hong kong",2,4,"en-AU|en-GB|en-SG|en-US","does esim work in hong kong"
"doha esim data",2,4,"de-DE|en-AU|en-GB|en-SG|en-US","doha esim"
"doha esim reddit",2,4,"de-DE|en-AU|en-GB|en-SG|en-US","doha esim"
"e sim unlimited data france",2,4,"en-US","unlimited data esim france"
"esim abu dhabi holafly",2,4,"de-DE|en-AU|en-GB|en-SG|en-US","esim abu dhabi"
"esim bangkok trip com",2,4,"de-DE|en-AU|en-GB|en-SG|en-US","esim bangkok"
"esim belgium calls",2,4,"de-DE","esim belgium"
"esim berlino",2,4,"de-DE|en-AU|en-GB|en-SG|en-US","esim berlin"
"esim canada usa unlimited data",2,4,"de-DE|en-AU|en-GB|en-SG|en-US","canada esim unlimited data"
"esim card brazil reddit",2,4,"de-DE|en-US","brazil esim card"
"esim card buenos aires",2,4,"de-DE|en-AU|en-GB|en-SG|en-US","esim for buenos aires"
"esim card supported phones",2,4,"en-US","macao esim card"
"esim cost uk",2,4,"en-US","yesim esim uk"
"esim fiji airport",2,4,"de-DE","esim fiji"
"esim for prague vienna and budapest airalo",2,4,"de-DE|en-AU|en-GB|en-SG|en-US","esim for prague"
"esim for thailand cambodia laos and vietnam",2,4,"de-DE","esim for vietnam and cambodia"
"esim for usa reddit",2,4,"de-DE|en-AU","esim for usa"
"esim for usa travel from india",2,4,"en-AU|en-GB|en-SG","esim for usa"
"esim for usa with phone number",2,4,"en-GB|en-SG|en-US","esim for usa"
"esim germany unlimited sms",2,4,"en-AU|en-GB|en-SG|en-US","esim germany unlimited"
"esim hanoi klook",2,4,"de-DE|en-US","esim hanoi"
"esim hawaii unlimited data",2,4,"de-DE|en-US","esim hawaii"
"esim hollandia",2,4,"de-DE|en-AU|en-GB|en-SG|en-US","esim holland"
"esim indonesia travel",2,4,"en-AU|en-GB|en-SG|en-US","esim indonesia"
"esim istanbul airalo",2,4,"de-DE|en-AU|en-SG|en-US","esim istanbul"
"esim istanbul saily",2,4,"de-DE|en-AU|en-GB|en-SG|en-US","esim istanbul"
"esim kenia safaricom",2,4,"de-DE","esim kenya"
"esim ksa data",2,4,"de-DE|en-AU|en-GB|en-SG|en-US","esim ksa"
"esim ksa online",2,4,"de-DE|en-AU|en-GB|en-SG|en-US","esim ksa"
"esim latin america saily",2,4,"de-DE|en-AU|en-GB|en-SG|en-US","esim latin america"
"esim madrid españa",2,4,"de-DE","esim madrid"
"esim miami 1 day",2,4,"de-DE|en-US","esim miami"
"esim netherlands antilles",2,4,"de-DE","esim netherlands"
"esim number example",2,4,"en-US","nomad esim egypt"
"esim phuket trip com",2,4,"de-DE","esim phuket"
"esim riot",2,4,"de-DE|en-AU|en-GB|en-SG|en-US","esim rio"
"esim seoul unlimited",2,4,"de-DE|en-AU|en-GB|en-SG|en-US","esim seoul"
"esim shanghai trip com",2,4,"de-DE|en-US","esim shanghai"
"esim singapore 1 day unlimited",2,4,"de-DE|en-AU|en-GB|en-SG|en-US","esim singapore unlimited"
"esim south america review",2,4,"de-DE|en-AU|en-GB|en-SG|en-US","esim south america"
"esim sydney reddit",2,4,"de-DE|en-AU|en-GB|en-SG|en-US","esim sydney"
"esim tokyo holafly",2,4,"de-DE","esim tokyo"
"esim travel morocco reddit",2,4,"de-DE|en-US","esim morocco tourist"
"esim uk ireland",2,4,"de-DE","esim ireland"
"esim usa telekom",2,4,"de-DE","esim usa"
"esim usa unlimited data 7 days",2,4,"de-DE|en-US","esim usa unlimited"
"esim vancouver reddit",2,4,"de-DE|en-US","esim vancouver"
"esim vietnam erfahrungen",2,4,"de-DE","esim vietnam"
"esim việt nam 7 ngày",2,4,"en-AU|en-GB|en-SG|en-US","esim viet nam"
"esim việt nam có số điện thoại",2,4,"de-DE","esim for viet nam"
"esim österreich unlimited datenvolumen",2,4,"en-AU|en-GB|en-SG|en-US","esim austria unlimited"
"french esim unlimited",2,4,"en-GB|en-US","france esim unlimited"
"holafly esim bogota",2,4,"de-DE|en-AU|en-GB|en-SG|en-US","esim bogota"
"holafly esim canada price",2,4,"de-DE|en-AU|en-GB|en-SG|en-US","holafly esim canada"
"holafly esim discount code australia",2,4,"de-DE|en-AU|en-GB|en-SG|en-US","holafly esim promo code"
"holafly esim mexico city",2,4,"de-DE|en-US","holafly esim mexico"
"holafly esim schweiz",2,4,"de-DE|en-US","holafly esim switzerland"
"hollandsnieuwe esim werkt niet",2,4,"en-AU|en-GB|en-SG|en-US","esim holland"
"hong kong china esim tourist",2,4,"de-DE|en-US","esim china tourist"
"hong kong esim tourist price",2,4,"de-DE|en-AU|en-GB|en-SG|en-US","esim hong kong price"
"how much is a sim card in portugal",2,4,"en-AU|en-GB|en-SG|en-US","portugal sim card for tourists"
"how to use esim when traveling",2,4,"en-AU|en-GB|en-SG|en-US","esim for road trip"
"india unlimited data plan esim",2,4,"de-DE|en-US","unlimited data esim india"
"internet esim paris",2,4,"de-DE","esim paris"
"is esim available in india for iphone 14",2,4,"de-DE|en-US","is esim available in india"
"is jetpac esim good in new zealand",2,4,"de-DE|en-US","jetpac esim new zealand"
"is switzerland in europe for travel insurance",2,4,"en-US","esim belgium tourist"
"italy esim unlimited sms",2,4,"de-DE|en-AU|en-GB|en-SG|en-US","italy esim unlimited"
"klook esim indonesia unlimited",2,4,"en-AU|en-GB|en-SG|en-US","esim indonesia unlimited"
"klook unlimited data esim japan",2,4,"de-DE|en-US","japan esim unlimited data"
"magti tbilisi esim",2,4,"de-DE|en-AU|en-GB|en-SG|en-US","tbilisi esim"
"mexico unlimited data plan esim",2,4,"de-DE|en-US","mexico esim unlimited data"
"movistar esim spain unlimited data",2,4,"de-DE","spain esim unlimited data"
"qatar internet esim",2,4,"de-DE","esim qatar"
"roamic esim not activating",2,4,"en-AU","roamic esim"
"roamic esim not working",2,4,"en-AU|en-GB|en-SG|en-US","roamic esim"
"roamic esim reviews albania",2,4,"de-DE|en-AU|en-GB|en-SG|en-US","roami esim review"
"saily esim australia and new zealand",2,4,"de-DE|en-US","saily esim new zealand"
"saily esim australia reddit",2,4,"de-DE|en-US","esim australia reddit"
"saily esim dublin",2,4,"de-DE","dublin esim"
"saily esim india plans",2,4,"de-DE|en-US","esim india plans"
"saily esim indonesia reddit",2,4,"de-DE|en-US","saily esim indonesia"
"saily esim prague",2,4,"de-DE","esim prague"
"saily esim price morocco",2,4,"de-DE|en-AU|en-GB|en-SG|en-US","saily esim morocco"
"saily esim usa price",2,4,"de-DE|en-AU|en-GB|en-SG|en-US","esim usa price"
"should i switch to esim",2,4,"en-US","do i need an esim for korea"
"south korea esim unlimited",2,4,"de-DE|en-AU|en-GB|en-SG","esim korea unlimited"
"south korea esim unlimited data reddit",2,4,"de-DE|en-AU|en-GB|en-SG|en-US","korea esim unlimited data"
"spanish esim unlimited",2,4,"en-AU|en-GB|en-SG|en-US","spain esim unlimited"
"sydney esim klook",2,4,"de-DE|en-AU|en-GB|en-SG|en-US","sydney esim"
"thailand esim unlimited data 5g",2,4,"de-DE|en-AU|en-GB|en-SG|en-US","thailand esim unlimited data"
"thailand esim unlimited data ais",2,4,"de-DE|en-AU|en-GB|en-SG|en-US","thailand esim unlimited data"
"toronto esim data",2,4,"de-DE|en-AU|en-GB|en-SG|en-US","toronto esim"
"turkey esim unlimited internet",2,4,"en-AU|en-GB|en-SG|en-US","turkey esim unlimited"
"unlimited canadian esim",2,4,"en-AU|en-GB|en-SG|en-US","canada esim unlimited"
"us esim card",2,4,"en-AU|en-GB|en-SG|en-US","us esim"
"usa canada esim card",2,4,"de-DE|en-US","canada esim card"
"usa esim unlimited data reddit",2,4,"de-DE|en-AU|en-GB|en-SG|en-US","usa esim unlimited data"
"vietnam tourist esim unlimited data 10 days",2,4,"de-DE|en-US","esim vietnam tourist"
"vodacom cape town esim",2,4,"de-DE|en-AU|en-GB|en-SG|en-US","cape town esim"
"vodafone esim athens",2,4,"de-DE|en-AU|en-GB|en-SG|en-US","athens esim"
"where to buy sim card in iceland",2,4,"en-AU|en-GB|en-SG|en-US","iceland sim card for tourists"
"which esim is best for thailand and vietnam",2,4,"en-AU|en-GB|en-SG|en-US","which esim is best for thailand"
"which is the best esim for usa from australia",2,4,"en-AU|en-GB|en-SG|en-US","which esim is best for australia"
"airalo esim australia reddit",2,5,"de-DE|en-US","airalo esim australia"
"airalo esim bogota",2,5,"de-DE|en-AU|en-GB|en-SG|en-US","esim bogota"
"airalo esim brussels",2,5,"de-DE|en-AU|en-GB|en-SG|en-US","brussels esim"
"airalo esim france and italy",2,5,"de-DE|en-US","airalo esim france"
"airalo esim lisbon",2,5,"de-DE|en-AU|en-GB|en-SG|en-US","lisbon esim"
"airalo esim schweiz",2,5,"de-DE|en-US","airalo esim switzerland"
"airalo esim spain price",2,5,"de-DE|en-AU|en-GB|en-SG|en-US","esim spain price"
"amsterdam esim with phone number",2,5,"de-DE|en-AU|en-GB|en-SG|en-US","amsterdam esim"
"best esim cairo",2,5,"de-DE|en-AU|en-GB|en-SG|en-US","esim cairo"
"best esim for india and thailand",2,5,"de-DE","best esim for thailand"
"best esim for malaysia unlimited data",2,5,"de-DE|en-US","malaysia esim unlimited data"
"best esim for netherlands and france",2,5,"de-DE|en-AU|en-GB|en-SG|en-US","best esim for netherlands"
"best esim for portugal spain and italy",2,5,"de-DE|en-AU|en-GB|en-SG|en-US","best esim for portugal"
"best esim for switzerland and austria",2,5,"de-DE|en-AU|en-GB|en-SG|en-US","best esim for germany and austria"
"best esim for thailand laos and vietnam",2,5,"en-AU|en-US","best esim for thailand and vietnam"
"best esim for usa travel from australia",2,5,"en-AU","best esim for usa"
"best esim for usa travel from uk",2,5,"en-GB|en-SG","best esim for usa"
"best esim tbilisi",2,5,"de-DE|en-AU|en-GB|en-SG|en-US","esim tbilisi"
"bsnl sim delhi",2,5,"de-DE|en-AU|en-GB|en-SG|en-US","delhi esim"
"buy esim athens",2,5,"de-DE|en-AU|en-GB|en-SG|en-US","athens esim"
"can you have an esim and physical sim",2,5,"en-US","do i need an esim for taiwan"
"cheap esim plans usa",2,5,"en-US","best esim usa 2026"
"cheapest esim australia prepaid",2,5,"de-DE|en-US","cheap esim australia"
"cheapest esim canada plans",2,5,"de-DE|en-US","esim canada plans"
"cheapest esim data south africa",2,5,"en-AU|en-GB|en-SG|en-US","cheap esim south africa"
"cheapest esim france data only",2,5,"de-DE|en-AU|en-GB|en-SG|en-US","cheap esim france"
"cheapest esim germany internet",2,5,"de-DE|en-AU|en-GB|en-SG|en-US","cheapest esim for germany"
"cheapest esim ireland free",2,5,"de-DE|en-AU|en-GB|en-SG|en-US","cheap esim ireland"
"cheapest esim italy tourist",2,5,"de-DE|en-AU|en-GB|en-SG|en-US","cheapest esim for italy"
"cheapest esim new zealand travel",2,5,"en-US","cheap esim new zealand"
"cheapest esim plan philippines",2,5,"de-DE|en-AU|en-GB|en-SG|en-US","cheapest esim for philippines"
"cheapest esim turkey unlimited data",2,5,"en-US","cheap esim turkey"
"china esim card unlimited data",2,5,"de-DE|en-US","china esim unlimited data"
"comprar esim bogota",2,5,"de-DE|en-AU|en-GB|en-SG|en-US","bogota esim"
"does airalo esim work in hong kong",2,5,"de-DE|en-AU|en-GB|en-SG|en-US","does esim work in hong kong"
"does airalo portugal esim work in madeira",2,5,"de-DE|en-AU|en-GB|en-SG|en-US","airalo esim portugal"
"does eir support esim",2,5,"en-AU|en-GB|en-SG|en-US","esim for ireland review"
"does esim have better signal",2,5,"en-US","is yesim esim good"
"does iphone has esim",2,5,"en-US","esim germany for iphone"
"does italy esim work in switzerland",2,5,"de-DE|en-AU|en-GB|en-SG|en-US","does esim work in switzerland"
"does nomad esim work in hong kong",2,5,"de-DE","does esim work in hong kong"
"does verizon prepaid support esim",2,5,"en-US","holafly esim poland"
"does zong have esim",2,5,"en-US","jetpac esim vietnam"
"esim abu dhabi free",2,5,"de-DE|en-AU|en-GB|en-SG|en-US","esim abu dhabi"
"esim argentina buenos aires",2,5,"de-DE|en-AU|en-GB|en-SG|en-US","esim for buenos aires"
"esim canada and uk",2,5,"de-DE","esim for canada"
"esim card cape town",2,5,"de-DE|en-AU|en-GB|en-SG|en-US","esim for cape town"
"esim card germany tourist",2,5,"en-US","esim germany tourist"
"esim card las vegas",2,5,"de-DE|en-US","esim las vegas"
"esim claro buenos aires",2,5,"de-DE|en-AU|en-GB|en-SG|en-US","esim for buenos aires"
"esim england vodafone",2,5,"en-AU|en-GB|en-SG|en-US","esim england"
"esim for cruise ships uk",2,5,"de-DE|en-AU|en-GB|en-SG|en-US","esim for cruise ship"
"esim for ireland and england",2,5,"de-DE|en-AU|en-GB|en-SG|en-US","esim for ireland and uk"
"esim for saudi arabia airalo",2,5,"de-DE","best esim for saudi arabia"
"esim for usa airalo",2,5,"de-DE","esim for usa"
"esim globe price",2,5,"en-US","esim italy 10gb"
"esim hawaii vergleich",2,5,"de-DE","esim hawaii"
"esim india travel reddit",2,5,"de-DE|en-US","esim india reddit"
"esim istanbul holafly",2,5,"de-DE|en-AU|en-GB|en-SG|en-US","esim istanbul"
"esim kaufen berlin",2,5,"en-AU|en-GB|en-SG|en-US","esim berlin"
"esim ksamil",2,5,"de-DE","esim ksa"
"esim latin america cheap",2,5,"de-DE|en-AU|en-GB|en-SG|en-US","esim latin america"
"esim madrid 1 dia",2,5,"de-DE|en-US","esim madrid"
"esim maldives compare",2,5,"de-DE","esim maldives"
"esim marrakech saily",2,5,"en-AU|en-GB|en-SG|en-US","esim marrakech"
"esim miami airalo",2,5,"de-DE|en-US","esim miami"
"esim schweiz unlimited prepaid",2,5,"en-AU|en-GB|en-SG|en-US","esim switzerland unlimited"
"esim seoul holafly",2,5,"de-DE|en-AU|en-GB|en-SG|en-US","esim seoul"
"esim tokyo haneda",2,5,"de-DE","esim tokyo"
"esim turkey trip com",2,5,"de-DE|en-US","esim turkey tourist"
"esim türkei internet",2,5,"de-DE","esim for turkey"
"esim usa kaufen",2,5,"de-DE","esim usa"
"esim usa number",2,5,"en-GB|en-SG|en-US","esim usa"
"esim usa travel reddit",2,5,"en-US","esim usa reddit"
"esim vietnam mit telefonnummer",2,5,"de-DE","esim vietnam"
"esim việt nam klook",2,5,"en-AU|en-GB|en-SG|en-US","esim viet nam"
"esim vs sim battery",2,5,"de-DE|en-US","esim malaysia vs sim"
"esim zanzibar reddit",2,5,"en-US","esim zanzibar"
"holafly esim china price",2,5,"de-DE|en-AU|en-GB|en-SG|en-US","esim china price"
"holafly esim for hong kong and china",2,5,"de-DE","esim for hong kong and china"
"holafly esim for usa and canada",2,5,"de-DE","best esim for usa and canada"
"holafly esim rome",2,5,"de-DE","esim rome"
"holafly esim toronto",2,5,"de-DE","esim toronto"
"holafly esim uk price",2,5,"de-DE|en-US","holafly esim uk"
"holafly esim usa coverage",2,5,"de-DE|en-AU|en-GB|en-SG|en-US","holafly esim coverage"
"holafly esim usa plans",2,5,"de-DE|en-AU|en-GB|en-SG|en-US","esim usa plans"
"holafly esim usa price",2,5,"de-DE|en-US","holafly esim usa"
"holafly japan esim unlimited",2,5,"de-DE","holafly esim japan"
"how do i get an esim on o2",2,5,"en-US","how to get an esim for georgia"
"how much is a sim card in morocco",2,5,"en-AU|en-GB|en-SG|en-US","morocco sim card for tourists"
"how to get esim in malaysia",2,5,"en-AU|en-GB|en-SG|en-US","esim malaysia airport"
"is esim available in india for iphone 17",2,5,"de-DE|en-US","is esim available in india"
"is greece and italy in europe",2,5,"en-US","best esim for italy and greece"
"japan esim unlimited data 5g",2,5,"en-AU|en-GB|en-SG|en-US","japan esim unlimited data"
"jio esim delhi airport",2,5,"de-DE|en-AU|en-GB|en-SG|en-US","esim delhi"
"low cost esim portugal",2,5,"en-AU|en-GB|en-SG|en-US","cheap esim portugal"
"nomad esim promo code canada",2,5,"de-DE|en-US","nomad esim canada"
"nomad esim usa price",2,5,"de-DE|en-US","nomad esim price"
"roamic esim canada",2,5,"en-US","roamic esim"
"roamic esim indonesia",2,5,"en-AU","roamic esim"
"roamic esim morocco",2,5,"en-GB|en-SG|en-US","roamic esim"
"saily esim cancun",2,5,"de-DE","esim cancun"
"saily esim mexico city",2,5,"de-DE|en-US","saily esim mexico"
"saily esim schweiz",2,5,"de-DE|en-US","saily esim"
"saily esim.plans thailand",2,5,"de-DE|en-AU|en-GB|en-SG|en-US","esim thailand plans"
"saudi arabia esim tourist reddit",2,5,"de-DE|en-US","esim saudi arabia reddit"
"shanghai airport esim",2,5,"de-DE","esim shanghai"
"singapore malaysia esim card",2,5,"de-DE","malaysia esim card"
"sydney esim plans",2,5,"de-DE|en-AU|en-GB|en-SG|en-US","sydney esim"
"taipei esim with phone number",2,5,"de-DE|en-AU|en-GB|en-SG|en-US","esim taipei"
"taiwan esim 5g unlimited",2,5,"de-DE|en-AU|en-GB|en-SG|en-US","taiwan esim unlimited"
"thailand esim unlimited internet",2,5,"de-DE|en-AU|en-GB|en-SG","thailand esim unlimited"
"uae esim tourist reddit",2,5,"de-DE|en-US","esim uae tourist"
"ubigi esim south korea reddit",2,5,"de-DE|en-US","ubigi esim korea"
"uk esim prepaid unlimited data",2,5,"de-DE","uk esim unlimited data"
"unlimited international roaming plans",2,5,"en-US","unlimited data esim belgium"
"vietnam esim unlimited 30 days",2,5,"de-DE|en-AU|en-GB|en-SG|en-US","esim vietnam unlimited"
"will my holafly esim work in new zealand if i got it for australia",2,5,"de-DE|en-AU|en-GB|en-SG|en-US","does esim work in new zealand"
"airalo esim china hong kong macau",2,6,"de-DE|en-US","airalo esim hong kong"
"airalo esim price korea",2,6,"de-DE|en-AU|en-GB|en-SG|en-US","airalo esim korea"
"airalo esim uk price",2,6,"de-DE|en-US","airalo esim uk"
"airalo esim vienna",2,6,"de-DE|en-AU|en-GB|en-SG|en-US","esim vienna"
"best esim card japan",2,6,"de-DE","which esim is best for japan"
"best esim for iceland and europe",2,6,"de-DE|en-AU|en-GB|en-SG|en-US","best esim for iceland"
"best esim for netherlands and italy",2,6,"de-DE|en-AU|en-GB|en-SG|en-US","best esim for netherlands"
"best esim for tokyo japan reddit",2,6,"de-DE|en-AU|en-GB|en-SG|en-US","best esim for tokyo"
"best esim for uk",2,6,"en-AU|en-GB|en-SG|en-US","best esim for britain"
"best esim korea unlimited data",2,6,"de-DE|en-US","korea esim unlimited data"
"best esim mexico unlimited",2,6,"de-DE|en-AU|en-GB|en-SG|en-US","esim mexico unlimited"
"best esim spain unlimited data",2,6,"de-DE|en-US","spain esim unlimited data"
"best travel.esim for uk and france",2,6,"de-DE|en-US","best esim for uk and france"
"cheap esim barcelona",2,6,"de-DE","barcelona esim"
"cheap esim.abu dhabi",2,6,"en-AU|en-GB|en-SG|en-US","cheap esim uae"
"cheapest esim canada for tourist",2,6,"de-DE|en-AU|en-GB|en-SG|en-US","cheapest esim for canada"
"cheapest esim malaysia tourist",2,6,"de-DE|en-AU|en-GB|en-SG|en-US","cheapest esim for malaysia"
"cheapest esim phone philippines reddit",2,6,"de-DE|en-AU|en-GB|en-SG|en-US","cheapest esim for philippines"
"cheapest esim plan indonesia",2,6,"de-DE|en-AU|en-GB|en-SG|en-US","cheapest esim for indonesia"
"cheapest esim plan ireland",2,6,"de-DE|en-AU|en-GB|en-SG|en-US","cheapest esim for ireland"
"cheapest esim plan saudi arabia",2,6,"de-DE|en-AU|en-GB|en-SG|en-US","cheapest esim for saudi arabia"
"china esim unlimited 10 days",2,6,"de-DE|en-AU|en-GB|en-SG|en-US","china esim unlimited"
"esim barcelona data",2,6,"de-DE|en-AU|en-GB|en-SG|en-US","esim barcelona"
"esim england and france",2,6,"en-AU|en-GB|en-SG|en-US","esim england"
"esim for saudi arabia with number",2,6,"de-DE","best esim for saudi arabia"
"esim marrakech unlimited data",2,6,"en-AU|en-GB|en-SG|en-US","esim marrakech"
"esim paris and london",2,6,"en-AU|en-GB|en-SG|en-US","esim paris"
"esim seoul kt",2,6,"de-DE|en-AU|en-GB|en-SG|en-US","esim seoul"
"esim seoul tourist",2,6,"de-DE|en-AU|en-GB|en-SG|en-US","seoul esim"
"esim shanghai vpn",2,6,"de-DE|en-US","esim shanghai"
"esim usa free",2,6,"en-US","esim usa"
"esim usa testsieger",2,6,"de-DE","esim usa"
"esim usa with phone number",2,6,"en-AU|en-GB|en-SG","esim usa"
"esim vietnam kaufen",2,6,"de-DE","esim vietnam"
"esim zanzibar airport",2,6,"de-DE|en-US","esim for zanzibar"
"holafly esim beijing",2,6,"de-DE|en-AU|en-GB|en-SG|en-US","esim beijing"
"holafly esim lisbon",2,6,"de-DE|en-AU|en-GB|en-SG|en-US","lisbon esim"
"japan esim unlimited data 10 days",2,6,"en-AU|en-GB|en-SG|en-US","japan esim unlimited data"
"lyca esim unlimited data uk",2,6,"de-DE","uk esim unlimited data"
"nomad esim china japan korea",2,6,"de-DE|en-US","nomad esim korea"
"nomad esim for usa and canada",2,6,"de-DE","best esim for usa and canada"
"o2 esim berlin",2,6,"de-DE|en-AU|en-GB|en-SG|en-US","esim berlin"
"orange esim cairo",2,6,"en-AU|en-GB|en-SG|en-US","esim cairo"
"roamic esim albania",2,6,"en-GB|en-SG|en-US","roamic esim"
"roamic esim bali",2,6,"en-AU","roamic esim"
"roamic esim check balance",2,6,"en-US","roamic esim"
"saily esim for hong kong and china",2,6,"de-DE","esim for hong kong and china"
"saily esim hong kong iphone",2,6,"de-DE|en-US","saily esim hong kong"
"saily esim thailand unlimited data",2,6,"de-DE|en-US","saily esim thailand"
"saily esim toronto",2,6,"de-DE","esim toronto"
"thailand esim unlimited data reddit",2,6,"de-DE|en-AU|en-GB|en-SG|en-US","thailand esim unlimited data"
"ubigi esim asia unlimited",2,6,"de-DE|en-GB|en-US","ubigi esim unlimited"
"ubigi esim promo code",2,6,"de-DE|en-GB|en-US","ubigi esim"
"vodafone esim delhi",2,6,"de-DE|en-AU|en-GB|en-SG|en-US","delhi esim"
"vodafone spain esim unlimited data",2,6,"de-DE|en-AU|en-GB|en-SG|en-US","spain esim unlimited data"
"which company provide esim in india",2,6,"en-AU|en-US","esim for india review"
"which is the best esim for india from usa",2,6,"de-DE|en-AU|en-GB|en-SG|en-US","which esim is best for india"
"airalo esim beijing",2,7,"en-AU|en-GB|en-SG|en-US","esim beijing"
"airalo esim thailand coverage",2,7,"de-DE|en-AU|en-GB|en-SG|en-US","airalo esim coverage"
"best esim app for saudi arabia",2,7,"de-DE|en-AU|en-GB|en-SG|en-US","best esim for saudi arabia"
"best esim delhi",2,7,"de-DE|en-AU|en-GB|en-SG|en-US","delhi esim"
"best esim for australians travelling to new zealand",2,7,"en-AU|en-GB|en-SG|en-US","best esim for australia and new zealand"
"best esim for netherlands and uk",2,7,"de-DE|en-AU|en-GB|en-SG|en-US","best esim for netherlands"
"best esim for tokyo kyoto and osaka",2,7,"de-DE|en-AU|en-GB|en-SG|en-US","best esim for tokyo"
"best esim for usa from australia reddit",2,7,"en-AU","best esim for usa"
"best esim for usa with phone number",2,7,"de-DE|en-AU|en-GB|en-SG|en-US","best esim for usa"
"best esim unlimited data uk",2,7,"de-DE","uk esim unlimited data"
"best vietnam esim unlimited data",2,7,"de-DE|en-AU|en-GB|en-SG|en-US","vietnam esim unlimited data"
"buy esim canada unlimited data",2,7,"de-DE|en-US","canada esim unlimited data"
"buy esim vienna",2,7,"de-DE|en-AU|en-GB|en-SG|en-US","esim vienna"
"change my sim card to esim",2,7,"en-AU|en-GB|en-SG","switzerland esim unlimited"
"cheap esim for usa and canada",2,7,"de-DE","best esim for usa and canada"
"cheap esim unlimited data uk",2,7,"de-DE","cheap esim uk"
"cheap unlimited data esim thailand",2,7,"de-DE|en-US","unlimited data esim thailand"
"cheapest esim data saudi arabia",2,7,"de-DE|en-AU|en-GB|en-SG|en-US","cheapest esim for saudi arabia"
"cheapest esim plan morocco",2,7,"de-DE|en-US","cheap esim morocco"
"cheapest esim plan south africa",2,7,"de-DE|en-AU|en-GB|en-SG|en-US","cheap esim south africa"
"does esim work without internet",2,7,"en-AU|en-GB|en-SG|en-US","does esim work in georgia"
"does saily esim work in hong kong",2,7,"de-DE|en-AU|en-GB|en-SG|en-US","does esim work in hong kong"
"does telstra support esim for iphone",2,7,"en-US","esim new zealand for iphone"
"esim abu dhabi saily",2,7,"de-DE|en-AU|en-GB|en-SG|en-US","esim abu dhabi"
"esim bangkok 1 day",2,7,"de-DE|en-AU|en-GB|en-SG|en-US","esim bangkok"
"esim card turkey price",2,7,"de-DE|en-SG","esim turkey price"
"esim england cheap",2,7,"en-AU|en-GB|en-SG|en-US","esim england"
"esim for usa comparison",2,7,"de-DE","esim for us"
"esim for usa data",2,7,"en-US","esim for usa"
"esim istanbul internet",2,7,"de-DE|en-AU|en-GB|en-SG|en-US","esim istanbul"
"esim marrakech cheap",2,7,"en-AU|en-GB|en-SG|en-US","esim marrakech"
"esim para las vegas",2,7,"de-DE|en-US","esim for las vegas"
"esim turkey unlimited data reddit",2,7,"de-DE|en-US","esim turkey unlimited"
"esim united kingdom unlimited data",2,7,"en-US","esim uk unlimited"
"esim usa data",2,7,"en-US","esim us"
"esim usa mit telefonie",2,7,"de-DE","esim usa"
"esim usa unlimited data 14 days",2,7,"de-DE|en-US","usa esim unlimited data"
"esim vietnam airalo",2,7,"de-DE","esim vietnam"
"esim zanzibar vodafone",2,7,"de-DE|en-US","esim for zanzibar"
"free esim australia unlimited data",2,7,"de-DE|en-US","australia esim unlimited data"
"holafly esim cairo",2,7,"de-DE","esim cairo"
"holafly esim prague",2,7,"de-DE","esim prague"
"how to get an 02 esim",2,7,"en-US","how to get an esim for ireland"
"how to get esim philippines",2,7,"en-US","holafly esim philippines"
"japan esim unlimited data kddi",2,7,"en-AU|en-GB|en-SG|en-US","japan esim unlimited data"
"korea esim reddit unlimited data",2,7,"de-DE|en-US","korea esim unlimited data"
"magti esim tbilisi airport",2,7,"de-DE|en-AU|en-GB|en-SG|en-US","esim tbilisi"
"nomad esim for hong kong and china",2,7,"de-DE","esim for hong kong and china"
"nomad esim promo code uk",2,7,"de-DE|en-AU|en-GB|en-SG|en-US","nomad esim promo code"
"nomad. esim uk price",2,7,"de-DE|en-US","nomad esim uk"
"prepaid esim barcelona",2,7,"de-DE","barcelona esim"
"prepaid esim berlin",2,7,"de-DE|en-AU|en-GB|en-SG|en-US","esim berlin"
"roamic esim china",2,7,"en-AU","roamic esim"
"roamic esim europe",2,7,"en-GB|en-SG","roamic esim"
"saily esim amsterdam",2,7,"de-DE","esim amsterdam"
"taipei esim tourist",2,7,"en-AU|en-GB|en-SG|en-US","esim taipei"
"turkey tourist esim card price",2,7,"de-DE|en-US","turkey esim card"
"ubigi esim japan south korea",2,7,"de-DE","ubigi esim korea"
"using dual sim with an esim apple",2,7,"en-SG|en-US","jetpac esim vietnam"
"where to buy sim card in vietnam",2,7,"en-US","best esim for thailand and vietnam"
"airalo esim dublin",2,8,"en-AU|en-GB|en-SG|en-US","esim dublin"
"airalo esim prague",2,8,"en-AU|en-GB|en-SG|en-US","esim prague"
"best esim for caribbean and us",2,8,"de-DE","best esim for us"
"best esim for iceland and uk",2,8,"en-AU|en-GB|en-SG|en-US","best esim for iceland"
"best esim for tokyo travel",2,8,"de-DE|en-AU|en-GB|en-SG|en-US","best esim for tokyo"
"can iphone xr support esim",2,8,"en-AU|en-GB|en-SG|en-US","best esim for rome"
"cheapest data esim new zealand",2,8,"de-DE|en-US","cheap esim new zealand"
"cheapest esim phone in saudi arabia",2,8,"de-DE|en-AU|en-GB|en-SG|en-US","cheapest esim for saudi arabia"
"chinese esim unlimited",2,8,"en-AU|en-GB|en-SG|en-US","china esim unlimited"
"does airalo france esim work in monaco",2,8,"de-DE|en-AU|en-GB|en-SG|en-US","airalo esim france"
"does esim work",2,8,"en-AU|en-GB|en-SG|en-US","does esim work in kenya"
"does holafly esim.work in hong kong",2,8,"de-DE|en-AU|en-GB|en-SG|en-US","does esim work in hong kong"
"does three ireland support esim",2,8,"en-US","saily esim ireland"
"esim abu dhabi one day",2,8,"de-DE","esim abu dhabi"
"esim england unlimited",2,8,"de-DE","england esim"
"esim for usa and mexico",2,8,"en-GB|en-SG|en-US","esim for usa"
"esim no service iphone",2,8,"en-US","nomad esim costa rica"
"esim telcel cancun",2,8,"de-DE","esim cancun"
"esim usa airalo",2,8,"de-DE","esim usa"
"esim usa unlimited data t mobile",2,8,"de-DE","usa esim unlimited data"
"esim vietnam vodafone",2,8,"de-DE","esim vietnam"
"esim việt nam 1 ngày",2,8,"de-DE|en-AU|en-GB|en-SG|en-US","esim viet nam"
"holafly esim berlin",2,8,"de-DE","berlin esim"
"holafly esim vienna",2,8,"de-DE|en-AU|en-GB|en-SG|en-US","esim vienna"
"how to use esim in uk",2,8,"en-AU|en-GB|en-SG|en-US","best esim for uk and france"
"roamic esim egypt",2,8,"en-GB|en-SG","roamic esim"
"roamless esim",2,8,"en-AU|en-GB|en-SG|en-US","esim rome"
"smart. esim manila airport",2,8,"de-DE|en-AU|en-GB|en-SG|en-US","esim manila"
"taipei esim with number",2,8,"de-DE|en-AU|en-GB|en-SG|en-US","esim taipei"
"best esim for england",2,9,"en-AU|en-GB|en-SG|en-US","best esim for britain"
"buy esim dublin airport",2,9,"en-AU|en-GB|en-SG|en-US","esim dublin"
"esim abu dhabi vergleich",2,9,"de-DE","esim abu dhabi"
"esim usa cheap",2,9,"en-US","esim usa"
"esim vietnam und thailand",2,9,"de-DE","esim vietnam"
"globe esim manila",2,9,"de-DE|en-AU|en-GB|en-SG|en-US","esim manila"
"japan esim.unlimited hotspot",2,9,"en-AU|en-GB|en-SG|en-US","esim japan unlimited"
"10gb esim vietnam",1,1,"en-US","esim vietnam 10gb"
"3 uk esim plans",1,1,"de-DE","esim uk plans"
"5g indonesia bali unlimited data esim telkomsel",1,1,"de-DE|en-US","unlimited data esim indonesia"
"a1 tourist sim croatia",1,1,"de-DE","esim croatia tourist"
"abu dhabi esim tourist",1,1,"de-DE|en-AU|en-GB|en-SG|en-US","abu dhabi esim"
"airalo czech republic o2 esim",1,1,"de-DE|en-US","airalo esim czech republic"
"airalo esim argentina not working",1,1,"en-US","airalo esim argentina"
"airalo esim australia review",1,1,"de-DE|en-US","airalo esim australia"
"airalo esim belgique",1,1,"en-US","airalo esim belgium"
"airalo esim brazil review",1,1,"de-DE|en-US","airalo esim brazil"
"airalo esim canada phone number",1,1,"de-DE|en-US","airalo esim canada"
"airalo esim canada review",1,1,"de-DE|en-US","airalo esim canada"
"airalo esim china erfahrungen",1,1,"de-DE","airalo esim china"
"airalo esim china plans",1,1,"de-DE|en-US","esim china plans"
"airalo esim colombia review",1,1,"de-DE|en-US","airalo esim colombia"
"airalo esim costa rica not working",1,1,"de-DE|en-US","airalo esim costa rica"
"airalo esim egypt review",1,1,"de-DE|en-US","airalo esim egypt"
"airalo esim fiji review",1,1,"de-DE|en-US","airalo esim fiji"
"airalo esim france not working",1,1,"de-DE|en-US","airalo esim france"
"airalo esim germany review",1,1,"de-DE|en-US","airalo esim germany"
"airalo esim greece not working",1,1,"de-DE|en-US","airalo esim greece"
"airalo esim hrvatska",1,1,"en-US","airalo esim croatia"
"airalo esim iceland not working",1,1,"de-DE|en-US","airalo esim iceland"
"airalo esim india review",1,1,"de-DE|en-US","airalo esim india"
"airalo esim indonesia review",1,1,"de-DE|en-US","airalo esim indonesia"
"airalo esim ireland review",1,1,"de-DE|en-US","airalo esim ireland"
"airalo esim italy review",1,1,"de-DE|en-US","airalo esim italy"
"airalo esim japan and thailand",1,1,"de-DE|en-US","esim for japan and thailand"
"airalo esim japan erfahrungen",1,1,"de-DE","airalo esim japan"
"airalo esim japan review",1,1,"en-US","airalo esim japan"
"airalo esim korea review",1,1,"de-DE|en-US","airalo esim korea"
"airalo esim malaysia review",1,1,"de-DE|en-US","airalo esim malaysia"
"airalo esim malaysia singapore",1,1,"de-DE|en-US","airalo esim malaysia"
"airalo esim mexico review",1,1,"de-DE|en-US","airalo esim mexico"
"airalo esim morocco not working",1,1,"de-DE|en-US","airalo esim morocco"
"airalo esim not working in austria",1,1,"de-DE|en-US","airalo esim austria"
"airalo esim peru review",1,1,"de-DE|en-US","airalo esim peru"
"airalo esim philippines review",1,1,"de-DE|en-US","airalo esim philippines"
"airalo esim plans europe",1,1,"de-DE|en-AU|en-GB|en-SG|en-US","airalo esim plans"
"airalo esim polska",1,1,"en-US","airalo esim poland"
"airalo esim portugal not working",1,1,"de-DE|en-US","airalo esim portugal"
"airalo esim portugal review",1,1,"de-DE|en-US","airalo esim portugal"
"airalo esim price europe",1,1,"de-DE|en-US","airalo esim price"
"airalo esim price japan",1,1,"de-DE|en-US","airalo esim price"
"airalo esim promo code reddit",1,1,"de-DE|en-AU|en-GB|en-SG|en-US","airalo esim promo code"
"airalo esim review reddit",1,1,"de-DE|en-AU|en-GB|en-SG","airalo esim review"
"airalo esim reviews europe",1,1,"de-DE|en-AU|en-GB|en-SG|en-US","airalo esim review"
"airalo esim reviews reddit",1,1,"en-US","airalo esim review"
"airalo esim singapore malaysia",1,1,"de-DE|en-US","airalo esim singapore"
"airalo esim spain review",1,1,"de-DE|en-US","airalo esim spain"
"airalo esim switzerland review",1,1,"de-DE|en-US","airalo esim switzerland"
"airalo esim thailand aktivieren",1,1,"de-DE","airalo esim thailand"
"airalo esim thailand plans",1,1,"de-DE|en-US","esim thailand plans"
"airalo esim thailand review",1,1,"en-US","airalo esim thailand"
"airalo esim turkey review",1,1,"de-DE|en-US","airalo esim turkey"
"airalo esim türkei",1,1,"de-DE","airalo esim"
"airalo esim uk reddit",1,1,"de-DE|en-US","airalo esim uk"
"airalo esim ukraine",1,1,"de-DE|en-US","airalo esim uk"
"airalo esim unlimited data",1,1,"de-DE|en-US","airalo esim unlimited"
"airalo esim usa erfahrungen",1,1,"de-DE","airalo esim usa"
"airalo esim usa not working",1,1,"en-US","airalo esim usa"
"airalo esim vietnam erfahrungen",1,1,"de-DE|en-US","airalo esim vietnam"
"airalo vs airalo esim",1,1,"de-DE|en-US","airalo esim vs airalo"
"airport in iceland reykjavik code",1,1,"en-US","esim iceland airport"
"airtel esim india plans",1,1,"de-DE|en-US","esim india plans"
"airtel esim india price",1,1,"en-AU|en-GB|en-SG|en-US","esim india price"
"airtel esim kenya price",1,1,"de-DE|en-AU|en-GB|en-SG|en-US","esim kenya price"
"ais esim thailand airport",1,1,"de-DE|en-US","esim thailand airport"
"alosim esim canada",1,1,"de-DE|en-AU|en-GB|en-SG|en-US","alosim esim"
"alosim esim europe review",1,1,"de-DE|en-AU|en-GB|en-SG|en-US","alosim esim review"
"alosim esim review",1,1,"en-AU|en-GB|en-SG|en-US","alosim esim"
"alosim vs airalo esim",1,1,"de-DE|en-US","alosim esim vs airalo"
"america esim travel",1,1,"de-DE|en-AU|en-GB|en-SG|en-US","america esim"
"america esim unlimited data",1,1,"de-DE|en-AU|en-GB|en-SG|en-US","america esim"
"amsterdam esim reddit",1,1,"de-DE|en-AU|en-GB|en-SG|en-US","amsterdam esim"
"argentina esim plans",1,1,"de-DE|en-US","esim argentina plans"
"argentina esim unlimited data",1,1,"en-AU|en-GB|en-SG","argentina esim unlimited"
"asia esim unlimited data",1,1,"de-DE|en-AU|en-GB|en-SG|en-US","asia esim unlimited"
"asia oceania esim",1,1,"de-DE","esim oceania"
"at&t usa sim card for tourists",1,1,"de-DE|en-AU|en-GB|en-SG|en-US","usa sim card for tourists"
"australia buy esim",1,1,"de-DE","how to get an esim for australia"
"australia esim card for tourist",1,1,"de-DE|en-US","australia esim card"
"australia esim unlimited data",1,1,"en-AU|en-GB|en-SG","australia esim unlimited"
"australia sim card for tourist at airport",1,1,"en-AU|en-GB|en-SG|en-US","australia sim card for tourists"
"austria esim plans",1,1,"de-DE|en-US","esim austria plans"
"austria esim price",1,1,"en-AU|en-GB|en-SG|en-US","esim austria price"
"austria esim unlimited data",1,1,"en-AU|en-GB|en-SG","austria esim unlimited"
"austria sim card for tourist",1,1,"en-AU|en-GB|en-SG|en-US","austria sim card for tourists"
"backpacking esim",1,1,"de-DE","esim for backpacking"
"bali esim card",1,1,"en-AU|en-GB|en-SG|en-US","bali esim"
"bali esim erfahrungen",1,1,"de-DE","bali esim"
"bangkok esim reddit",1,1,"en-AU|en-GB|en-SG|en-US","bangkok esim"
"bangkok esim tourist",1,1,"de-DE|en-AU|en-GB|en-SG|en-US","bangkok esim"
"belgian e-sim card",1,1,"en-US","belgium esim card"
"belgium esim price",1,1,"de-DE|en-AU|en-GB|en-SG|en-US","esim belgium price"
"belgium esim tourist",1,1,"de-DE|en-US","esim belgium tourist"
"belgium esim unlimited data",1,1,"en-AU|en-GB|en-SG","belgium esim unlimited"
"belgium sim card for tourist",1,1,"en-AU|en-GB|en-SG|en-US","belgium sim card for tourists"
"berlin esim reddit",1,1,"de-DE|en-AU|en-GB|en-SG|en-US","berlin esim"
"best cheap esim belgium",1,1,"de-DE|en-US","cheap esim belgium"
"best cheap esim costa rica",1,1,"de-DE|en-US","cheap esim costa rica"
"best cheap esim for colombia",1,1,"de-DE|en-US","cheap esim colombia"
"best cheap esim mexico",1,1,"de-DE|en-US","cheap esim mexico"
"best cheapest esim.for.switzerland",1,1,"de-DE|en-AU|en-GB|en-SG|en-US","cheapest esim for switzerland"
"best coverage esim costa rica",1,1,"de-DE","esim coverage in costa rica"
"best esim 2026 reddit",1,1,"de-DE|en-AU|en-GB|en-SG|en-US","best esim 2026"
"best esim app for ksa",1,1,"de-DE|en-AU|en-GB|en-SG|en-US","best esim for ksa"
"best esim argentina reddit",1,1,"de-DE|en-US","esim argentina reddit"
"best esim austria reddit",1,1,"de-DE|en-US","esim austria reddit"
"best esim belgium reddit",1,1,"en-US","esim belgium reddit"
"best esim canada reddit",1,1,"de-DE|en-US","esim canada reddit"
"best esim card indonesia",1,1,"de-DE","which esim is best for indonesia"
"best esim china tourist",1,1,"de-DE|en-US","esim china tourist"
"best esim costa rica reddit",1,1,"en-US","esim costa rica reddit"
"best esim coverage for new zealand",1,1,"de-DE","esim coverage in new zealand"
"best esim coverage in australia",1,1,"de-DE|en-US","esim coverage in australia"
"best esim coverage in brazil",1,1,"de-DE|en-US","esim coverage in brazil"
"best esim coverage in canada",1,1,"de-DE|en-US","esim coverage in canada"
"best esim coverage in costa rica",1,1,"en-US","esim coverage in costa rica"
"best esim coverage in france",1,1,"de-DE|en-US","esim coverage in france"
"best esim coverage in greece",1,1,"de-DE|en-US","esim coverage in greece"
"best esim coverage in iceland",1,1,"de-DE|en-US","esim coverage in iceland"
"best esim coverage in india",1,1,"de-DE|en-US","esim coverage in india"
"best esim coverage in italy",1,1,"de-DE|en-US","esim coverage in italy"
"best esim coverage in japan",1,1,"de-DE|en-US","esim coverage in japan"
"best esim coverage in malaysia",1,1,"de-DE|en-US","esim coverage in malaysia"
"best esim coverage in mexico",1,1,"de-DE|en-US","esim coverage in mexico"
"best esim coverage in morocco",1,1,"de-DE|en-US","esim coverage in morocco"
"best esim coverage in new zealand",1,1,"en-US","esim coverage in new zealand"
"best esim coverage in philippines",1,1,"de-DE|en-US","esim coverage in philippines"
"best esim coverage in portugal",1,1,"de-DE|en-US","esim coverage in portugal"
"best esim coverage in south africa",1,1,"de-DE|en-US","esim coverage in south africa"
"best esim coverage in spain",1,1,"de-DE|en-US","esim coverage in spain"
"best esim coverage in thailand",1,1,"de-DE|en-US","esim coverage in thailand"
"best esim coverage in turkey",1,1,"de-DE|en-US","esim coverage in turkey"
"best esim coverage in uk",1,1,"de-DE|en-US","esim coverage in uk"
"best esim coverage in usa",1,1,"de-DE|en-US","esim coverage in usa"
"best esim coverage in vietnam",1,1,"de-DE|en-US","esim coverage in vietnam"
"best esim croatia reddit",1,1,"de-DE|en-US","esim croatia reddit"
"best esim deals australia",1,1,"de-DE|en-AU|en-GB|en-SG|en-US","best esim deals"
"best esim deals uk",1,1,"de-DE|en-AU|en-GB|en-SG|en-US","best esim deals"
"best esim deals usa",1,1,"de-DE|en-AU|en-GB|en-SG|en-US","best esim deals"
"best esim fiji for iphone",1,1,"de-DE|en-US","esim fiji for iphone"
"best esim fiji reddit",1,1,"de-DE|en-US","esim fiji reddit"
"best esim for africa travel",1,1,"de-DE|en-AU|en-GB|en-SG|en-US","best esim for africa"
"best esim for america and canada",1,1,"de-DE|en-AU|en-GB|en-SG|en-US","best esim for america"
"best esim for america from uk",1,1,"de-DE|en-AU|en-GB|en-SG|en-US","best esim for america"
"best esim for american samoa",1,1,"de-DE|en-AU|en-GB|en-SG|en-US","best esim for america"
"best esim for asia and china",1,1,"de-DE","best esim for asia"
"best esim for asia travel",1,1,"de-DE|en-AU|en-GB|en-SG|en-US","best esim for asia"
"best esim for australia 2026",1,1,"de-DE|en-US","best esim australia 2026"
"best esim for australia from uk",1,1,"en-GB|en-SG|en-US","best esim for australia"
"best esim for australia telstra",1,1,"de-DE","best esim for australia"
"best esim for australia travel",1,1,"de-DE|en-GB|en-SG|en-US","best esim for australia"
"best esim for australians travelling to europe",1,1,"en-AU|en-GB|en-SG|en-US","best esim for australia"
"best esim for austria and germany",1,1,"de-DE|en-AU|en-GB|en-SG|en-US","best esim for austria"
"best esim for bali 5 days",1,1,"de-DE","best esim for bali"
"best esim for bali indonesia",1,1,"en-AU|en-GB|en-SG|en-US","best esim for bali"
"best esim for brazil and chile",1,1,"en-AU|en-GB|en-SG|en-US","best esim for brazil"
"best esim for brazil reddit",1,1,"de-DE|en-AU|en-GB|en-SG|en-US","best esim for brazil"
"best esim for british virgin islands",1,1,"en-AU|en-GB|en-SG|en-US","best esim for britain"
"best esim for brussels",1,1,"de-DE|en-AU|en-GB|en-SG|en-US","esim for brussels"
"best esim for buenos aires",1,1,"de-DE|en-AU|en-GB|en-SG|en-US","esim for buenos aires"
"best esim for business travel",1,1,"de-DE|en-AU|en-GB|en-SG|en-US","esim for business travel"
"best esim for cairo",1,1,"de-DE|en-AU|en-GB|en-SG|en-US","esim for cairo"
"best esim for canada and usa",1,1,"de-DE|en-AU|en-GB|en-SG|en-US","best esim for canada"
"best esim for canada from uk",1,1,"en-AU|en-GB|en-SG|en-US","best esim for canada"
"best esim for canada tourist",1,1,"de-DE","best esim for canada"
"best esim for china 2026 reddit",1,1,"de-DE|en-US","best esim china 2026"
"best esim for china with vpn",1,1,"de-DE|en-AU|en-GB|en-SG|en-US","best esim for china"
"best esim for costa rica and nicaragua",1,1,"de-DE|en-AU|en-GB|en-SG|en-US","best esim for costa rica"
"best esim for costa rica reddit",1,1,"en-AU|en-GB|en-SG|en-US","best esim for costa rica"
"best esim for croatia reddit",1,1,"de-DE|en-AU|en-GB|en-SG|en-US","best esim for croatia"
"best esim for delhi",1,1,"de-DE|en-AU|en-GB|en-SG|en-US","esim for delhi"
"best esim for denmark and sweden",1,1,"de-DE|en-US","esim for denmark and sweden"
"best esim for dubai from uk",1,1,"de-DE|en-AU|en-GB|en-SG|en-US","best esim for dubai"
"best esim for dubrovnik",1,1,"de-DE|en-AU|en-GB|en-SG|en-US","esim for dubrovnik"
"best esim for edinburgh",1,1,"de-DE|en-US","esim for edinburgh"
"best esim for egypt vodafone",1,1,"de-DE","best esim for egypt"
"best esim for england and europe",1,1,"de-DE|en-AU|en-GB|en-SG|en-US","best esim for england"
"best esim for england and scotland",1,1,"de-DE|en-AU|en-GB|en-SG|en-US","best esim for england"
"best esim for europe",1,1,"en-AU|en-GB|en-SG|en-US","best esim"
"best esim for europe and usa",1,1,"de-DE|en-AU|en-GB|en-SG|en-US","esim for europe and usa"
"best esim for europe from australia",1,1,"en-AU|en-GB|en-SG","best esim for europe"
"best esim for europe travel",1,1,"de-DE|en-AU|en-GB|en-SG|en-US","best esim for europe"
"best esim for europe unlimited data",1,1,"de-DE|en-AU|en-GB|en-SG|en-US","best esim for europe"
"best esim for france 2026",1,1,"de-DE|en-US","best esim france 2026"
"best esim for france reddit",1,1,"de-DE|en-AU|en-GB|en-SG|en-US","best esim for france"
"best esim for france reviews",1,1,"de-DE|en-US","esim for france review"
"best esim for france unlimited data",1,1,"de-DE|en-AU|en-GB|en-SG|en-US","best esim for france"
"best esim for georgia and armenia",1,1,"de-DE|en-AU|en-GB|en-SG|en-US","best esim for georgia"
"best esim for georgia country",1,1,"de-DE|en-AU|en-GB|en-SG|en-US","best esim for georgia"
"best esim for germany data",1,1,"de-DE","best esim for germany"
"best esim for germany iphone",1,1,"en-US","esim germany for iphone"
"best esim for germany reddit",1,1,"de-DE|en-AU|en-GB|en-SG|en-US","best esim for germany"
"best esim for germany travel",1,1,"de-DE|en-AU|en-GB|en-SG|en-US","best esim for germany"
"best esim for greece and turkey",1,1,"de-DE|en-AU|en-GB|en-SG|en-US","best esim for greece"
"best esim for hotspot tethering",1,1,"de-DE|en-AU|en-GB|en-SG|en-US","esim hotspot tethering"
"best esim for india 2026",1,1,"de-DE|en-US","best esim india 2026"
"best esim for india from uk",1,1,"en-AU|en-GB|en-SG|en-US","best esim for india"
"best esim for india from usa",1,1,"en-AU|en-GB|en-SG|en-US","best esim for india"
"best esim for india travel",1,1,"en-AU|en-GB|en-SG|en-US","best esim for india"
"best esim for india with phone number",1,1,"de-DE","best esim for india"
"best esim for indonesia and australia",1,1,"de-DE","best esim for indonesia"
"best esim for indonesia from australia",1,1,"en-AU|en-GB|en-SG|en-US","best esim for indonesia"
"best esim for indonesia reddit",1,1,"en-AU|en-GB|en-SG|en-US","best esim for indonesia"
"best esim for israel reddit",1,1,"de-DE|en-AU|en-GB|en-SG|en-US","best esim for israel"
"best esim for italy from australia",1,1,"en-AU|en-GB|en-SG","best esim for italy"
"best esim for italy travel",1,1,"de-DE|en-GB|en-SG|en-US","best esim for italy"
"best esim for japan",1,1,"de-DE|en-AU|en-GB|en-SG|en-US","best esim"
"best esim for japan 2026 reddit",1,1,"de-DE","best esim japan 2026"
"best esim for japan and thailand",1,1,"en-US","esim for japan and thailand"
"best esim for japan from australia",1,1,"en-AU|en-GB|en-SG","best esim for japan"
"best esim for japan reddit",1,1,"de-DE|en-AU|en-GB|en-SG|en-US","best esim for japan"
"best esim for japan travel",1,1,"de-DE|en-AU|en-GB|en-SG|en-US","best esim for japan"
"best esim for korea 2026",1,1,"de-DE|en-US","best esim korea 2026"
"best esim for korea and japan",1,1,"de-DE|en-AU|en-GB|en-SG|en-US","best esim for korea"
"best esim for kuala lumpur",1,1,"en-AU|en-GB|en-SG|en-US","esim for kuala lumpur"
"best esim for las vegas",1,1,"de-DE|en-US","esim for las vegas"
"best esim for long stay in japan",1,1,"de-DE|en-AU|en-GB|en-SG|en-US","esim for long stay"
"best esim for los angeles",1,1,"de-DE|en-US","esim for los angeles"
"best esim for macau",1,1,"en-AU|en-GB|en-SG|en-US","best esim for macao"
"best esim for malaysia 2026",1,1,"de-DE|en-US","best esim malaysia 2026"
"best esim for malaysia and singapore",1,1,"de-DE|en-AU|en-GB|en-SG|en-US","best esim for malaysia"
"best esim for malaysia review",1,1,"de-DE|en-US","esim for malaysia review"
"best esim for marrakech",1,1,"de-DE|en-AU|en-GB|en-SG|en-US","esim for marrakech"
"best esim for mexico and usa",1,1,"de-DE|en-AU|en-GB|en-SG|en-US","best esim for mexico"
"best esim for mexico from uk",1,1,"de-DE|en-AU|en-GB|en-SG|en-US","best esim for mexico"
"best esim for mexico iphone",1,1,"de-DE|en-US","esim mexico for iphone"
"best esim for morocco 2026",1,1,"de-DE|en-US","best esim morocco 2026"
"best esim for morocco and europe",1,1,"de-DE|en-AU|en-GB|en-SG|en-US","best esim for morocco"
"best esim for morocco and spain",1,1,"de-DE|en-AU|en-GB|en-SG|en-US","best esim for morocco"
"best esim for morocco from uk",1,1,"de-DE|en-AU|en-GB|en-SG|en-US","best esim for morocco"
"best esim for morocco review",1,1,"de-DE|en-US","esim for morocco review"
"best esim for netherlands",1,1,"en-AU|en-GB|en-SG|en-US","best esim for holland"
"best esim for new zealand 2026",1,1,"de-DE|en-US","best esim new zealand 2026"
"best esim for new zealand and australia",1,1,"en-US","best esim for new zealand"
"best esim for new zealand from australia",1,1,"de-DE|en-AU|en-GB|en-SG","best esim for new zealand"
"best esim for new zealand review",1,1,"de-DE|en-US","esim for new zealand review"
"best esim for new zealand south island",1,1,"de-DE|en-AU|en-GB|en-SG|en-US","best esim for new zealand"
"best esim for nz and australia",1,1,"en-US","best esim for nz"
"best esim for nz travel",1,1,"de-DE|en-AU|en-GB|en-SG|en-US","best esim for nz"
"best esim for paris and london",1,1,"de-DE|en-AU|en-GB|en-SG|en-US","best esim for paris"
"best esim for paris france",1,1,"de-DE|en-AU|en-SG|en-US","best esim for paris"
"best esim for peru reddit",1,1,"de-DE|en-AU|en-GB|en-SG|en-US","best esim for peru"
"best esim for philippines 2026",1,1,"de-DE|en-US","best esim philippines 2026"
"best esim for philippines from australia",1,1,"de-DE|en-AU|en-GB|en-SG|en-US","best esim for philippines"
"best esim for philippines travel",1,1,"de-DE|en-AU|en-GB|en-SG|en-US","best esim for philippines"
"best esim for portugal 2026",1,1,"de-DE|en-US","best esim portugal 2026"
"best esim for portugal and spain",1,1,"de-DE|en-AU|en-GB|en-SG|en-US","best esim for portugal"
"best esim for qatar and dubai",1,1,"de-DE|en-AU|en-GB|en-SG|en-US","best esim for qatar"
"best esim for qatar reddit",1,1,"de-DE|en-AU|en-GB|en-SG|en-US","best esim for qatar"
"best esim for saudi arabia",1,1,"en-AU|en-GB|en-SG|en-US","best esim for ksa"
"best esim for singapore and malaysia reddit",1,1,"de-DE|en-US","best esim for singapore and malaysia"
"best esim for singapore tourist",1,1,"de-DE|en-AU|en-GB|en-SG|en-US","best esim for singapore"
"best esim for south africa and namibia",1,1,"de-DE|en-US","esim for south africa and namibia"
"best esim for south africa and zimbabwe",1,1,"de-DE|en-AU|en-GB|en-SG|en-US","best esim for south africa"
"best esim for south africa botswana and zimbabwe",1,1,"de-DE|en-AU|en-GB|en-SG|en-US","best esim for south africa"
"best esim for south america reddit",1,1,"de-DE|en-AU|en-GB|en-SG|en-US","best esim for south america"
"best esim for spain from uk",1,1,"de-DE|en-AU|en-GB|en-SG","best esim for spain"
"best esim for switzerland 2026",1,1,"de-DE|en-US","best esim switzerland 2026"
"best esim for taiwan and hong kong",1,1,"de-DE|en-AU|en-GB|en-SG|en-US","best esim for taiwan"
"best esim for taiwan and japan",1,1,"de-DE|en-AU|en-GB|en-SG|en-US","best esim for taiwan"
"best esim for taiwan reddit",1,1,"de-DE|en-AU|en-GB|en-SG|en-US","best esim for taiwan"
"best esim for thailand 30 days",1,1,"de-DE","best esim for thailand"
"best esim for thailand from australia",1,1,"en-AU|en-GB|en-SG|en-US","best esim for thailand"
"best esim for thailand from uk",1,1,"en-GB|en-SG|en-US","best esim for thailand"
"best esim for thailand reddit",1,1,"de-DE|en-AU|en-GB|en-SG|en-US","best esim for thailand"
"best esim for turkey egypt.greece london",1,1,"de-DE|en-US","best esim for turkey and greece"
"best esim for turkey from uk",1,1,"en-AU|en-GB|en-SG|en-US","best esim for turkey"
"best esim for turkey reddit",1,1,"de-DE|en-AU|en-GB|en-SG|en-US","best esim for turkey"
"best esim for turkey travel",1,1,"en-AU|en-GB|en-SG|en-US","best esim for turkey"
"best esim for uae from uk",1,1,"de-DE|en-AU|en-GB|en-SG|en-US","best esim for uae"
"best esim for usa road trip",1,1,"de-DE|en-AU|en-GB|en-SG|en-US","esim for road trip"
"best esim for vietnam from australia",1,1,"en-AU|en-GB|en-SG|en-US","best esim for vietnam"
"best esim for vietnam klook",1,1,"de-DE","best esim for vietnam"
"best esim for vietnam reddit",1,1,"de-DE|en-AU|en-GB|en-SG|en-US","best esim for vietnam"
"best esim for zanzibar",1,1,"de-DE|en-US","esim for zanzibar"
"best esim france reddit",1,1,"de-DE|en-US","esim france reddit"
"best esim georgia reddit",1,1,"de-DE|en-US","esim georgia reddit"
"best esim germany reddit",1,1,"de-DE|en-US","esim germany reddit"
"best esim greece reddit",1,1,"de-DE","esim greece reddit"
"best esim hong kong reddit",1,1,"de-DE|en-US","esim hong kong reddit"
"best esim iceland reddit",1,1,"de-DE","esim iceland reddit"
"best esim ireland reddit",1,1,"de-DE|en-US","esim ireland reddit"
"best esim israel reddit",1,1,"de-DE|en-US","esim israel reddit"
"best esim italy for iphone",1,1,"de-DE|en-US","esim italy for iphone"
"best esim japan 2026 reddit",1,1,"en-US","best esim japan 2026"
"best esim katar",1,1,"de-DE","which esim is best for qatar"
"best esim kenya reddit",1,1,"de-DE|en-US","esim kenya reddit"
"best esim mexico reddit",1,1,"de-DE|en-US","esim mexico reddit"
"best esim network in singapore",1,1,"en-US","esim coverage in singapore"
"best esim new zealand reddit",1,1,"de-DE|en-US","esim new zealand reddit"
"best esim peru reddit",1,1,"de-DE|en-US","esim peru reddit"
"best esim philippines reddit",1,1,"de-DE|en-US","esim philippines reddit"
"best esim plans germany",1,1,"de-DE|en-US","esim germany plans"
"best esim plans malaysia",1,1,"de-DE|en-US","esim malaysia plans"
"best esim plans mexico",1,1,"de-DE|en-US","esim mexico plans"
"best esim plans netherlands",1,1,"de-DE|en-US","esim netherlands plans"
"best esim plans uae",1,1,"de-DE|en-US","esim uae plans"
"best esim poland reddit",1,1,"de-DE|en-US","esim poland reddit"
"best esim portugal reddit",1,1,"de-DE|en-US","esim portugal reddit"
"best esim qatar reddit",1,1,"de-DE|en-US","esim qatar reddit"
"best esim saudi arabia reddit",1,1,"de-DE|en-US","esim saudi arabia reddit"
"best esim singapore",1,1,"en-SG","best esim"
"best esim south africa reddit",1,1,"de-DE|en-US","esim south africa reddit"
"best esim unlimited data uae",1,1,"de-DE|en-US","uae esim unlimited data"
"best esim usa for iphone",1,1,"de-DE|en-US","esim usa for iphone"
"best esim.coverage china",1,1,"de-DE|en-US","esim coverage in china"
"best esim.coverage in peru",1,1,"de-DE|en-US","esim coverage in peru"
"best italy esim plans",1,1,"de-DE|en-US","esim italy plans"
"best japan sim card for tourists",1,1,"de-DE","japan sim card for tourists"
"best mexico sim card for tourists",1,1,"de-DE|en-AU|en-GB|en-SG|en-US","mexico sim card for tourists"
"best roaming esim indonesia",1,1,"en-US","roami esim indonesia"
"best sim card for tourists australia",1,1,"de-DE","australia sim card for tourists"
"best sim card for tourists in brazil",1,1,"de-DE|en-AU|en-GB|en-SG|en-US","brazil sim card for tourists"
"best sim card for tourists in greece",1,1,"de-DE|en-AU|en-GB|en-SG|en-US","greece sim card for tourists"
"best sim card for tourists in new zealand",1,1,"de-DE","new zealand sim card for tourists"
"best sim card for tourists in peru",1,1,"de-DE|en-AU|en-GB|en-SG|en-US","peru sim card for tourists"
"best sim card for tourists in philippines",1,1,"de-DE","philippines sim card for tourists"
"best sim card for tourists in singapore",1,1,"de-DE","singapore sim card for tourists"
"best sim card for tourists in switzerland",1,1,"de-DE|en-GB|en-SG|en-US","switzerland sim card for tourists"
"best sim card for tourists malaysia",1,1,"de-DE","malaysia sim card for tourists"
"best sim card for tourists vietnam",1,1,"de-DE","vietnam sim card for tourists"
"best sim card in morocco for tourists",1,1,"de-DE|en-AU|en-GB|en-SG|en-US","morocco sim card for tourists"
"best sim card in spain for tourists",1,1,"de-DE|en-AU|en-GB|en-SG|en-US","spain sim card for tourists"
"best uk sim card for tourists",1,1,"de-DE|en-AU|en-GB|en-SG|en-US","uk sim card for tourists"
"best unlimited data esim brazil",1,1,"de-DE|en-US","unlimited data esim brazil"
"best unlimited data esim for uae",1,1,"de-DE|en-US","unlimited data esim uae"
"best unlimited data esim indonesia",1,1,"de-DE|en-US","unlimited data esim indonesia"
"best unlimited data esim ireland",1,1,"de-DE|en-US","unlimited data esim ireland"
"best unlimited data esim malaysia",1,1,"de-DE|en-US","unlimited data esim malaysia"
"best unlimited data esim new zealand",1,1,"de-DE|en-US","unlimited data esim new zealand"
"best unlimited data esim singapore",1,1,"de-DE|en-US","unlimited data esim singapore"
"best unlimited data esim switzerland",1,1,"de-DE|en-US","unlimited data esim switzerland"
"best unlimited data esim taiwan",1,1,"de-DE|en-US","unlimited data esim taiwan"
"boost esim australia reddit",1,1,"de-DE|en-US","esim australia reddit"
"brazil esim for iphone",1,1,"de-DE|en-US","esim brazil for iphone"
"brazil esim unlimited data",1,1,"en-AU|en-GB|en-SG","brazil esim unlimited"
"brazil sim card for tourist reddit",1,1,"en-AU|en-GB|en-SG|en-US","brazil sim card for tourists"
"british esim",1,1,"en-AU|en-GB|en-SG|en-US","britain esim"
"buenos aires esim reddit",1,1,"en-AU|en-GB|en-SG|en-US","buenos aires esim"
"buy esim for mexico",1,1,"de-DE","how to get an esim for mexico"
"buy esim for saudi arabia",1,1,"de-DE","how to get an esim for saudi arabia"
"buy esim hong kong airport",1,1,"de-DE|en-US","esim hong kong airport"
"buy esim in brazil",1,1,"de-DE","how to get an esim for brazil"
"buy uae esim card online",1,1,"de-DE|en-US","uae esim card"
"can esim work in kenya",1,1,"en-AU|en-GB|en-SG|en-US","does esim work in kenya"
"can esim work in philippines",1,1,"en-AU|en-GB|en-SG|en-US","does esim work in philippines"
"can esim work in vietnam",1,1,"en-AU","does esim work in vietnam"
"can i buy a sim card in ireland",1,1,"en-AU|en-GB|en-SG|en-US","ireland sim card for tourists"
"can i get an esim for south africa",1,1,"en-US","do i need an esim for south africa"
"canada esim card tourist",1,1,"de-DE","canada esim card"
"canada esim unlimited data",1,1,"en-AU|en-GB|en-SG","canada esim unlimited"
"canadian sim card for tourists",1,1,"en-AU|en-GB|en-SG|en-US","canada sim card for tourists"
"cancun esim reddit",1,1,"de-DE|en-AU|en-GB|en-SG|en-US","cancun esim"
"cape town esim card",1,1,"de-DE|en-AU|en-GB|en-SG|en-US","cape town esim"
"cellcom esim israel price",1,1,"de-DE|en-AU|en-GB|en-SG|en-US","esim israel price"
"cheap austria esim",1,1,"de-DE","cheap esim austria"
"cheap data esim greece",1,1,"de-DE|en-US","cheap esim greece"
"cheap data esim netherlands",1,1,"de-DE|en-US","cheap esim netherlands"
"cheap data esim saudi arabia",1,1,"de-DE|en-US","cheap esim saudi arabia"
"cheap data esim south africa",1,1,"de-DE|en-US","cheap esim south africa"
"cheap esim australia prepaid",1,1,"de-DE|en-US","cheap esim australia"
"cheap esim canada data",1,1,"de-DE|en-US","cheap esim canada"
"cheap esim for qatar",1,1,"de-DE","cheap esim qatar"
"cheap esim france reddit",1,1,"de-DE|en-US","cheap esim france"
"cheap esim indonesia reddit",1,1,"de-DE|en-US","cheap esim indonesia"
"cheap esim japan and korea",1,1,"de-DE","cheap esim japan"
"cheap esim japan reddit",1,1,"en-US","cheap esim japan"
"cheap esim korea reddit",1,1,"de-DE|en-US","cheap esim korea"
"cheap esim mexico reddit",1,1,"en-US","cheap esim mexico"
"cheap esim philippines reddit",1,1,"de-DE|en-US","cheap esim philippines"
"cheap esim singapore plan",1,1,"de-DE|en-US","cheap esim singapore"
"cheap esim switzerland reddit",1,1,"de-DE|en-US","cheap esim switzerland"
"cheap esim thailand 30 days",1,1,"de-DE","cheap esim thailand"
"cheap esim thailand reddit",1,1,"de-DE|en-US","cheap esim thailand"
"cheap esim turkey reddit",1,1,"de-DE|en-US","cheap esim turkey"
"cheap esim uk pay as you go",1,1,"de-DE|en-US","cheap esim uk"
"cheap esim ukraine",1,1,"de-DE","cheap esim uk"
"cheap esim usa travel",1,1,"de-DE|en-US","cheap esim usa"
"cheap israeli esim",1,1,"de-DE","cheap esim israel"
"cheap portugal esim data",1,1,"de-DE|en-US","cheap esim portugal"
"cheap uae esim",1,1,"de-DE","cheap esim uae"
"cheapest esim argentina",1,1,"en-US","cheap esim argentina"
"cheapest esim austria",1,1,"en-US","cheap esim austria"
"cheapest esim belgium",1,1,"en-US","cheap esim belgium"
"cheapest esim colombia",1,1,"en-US","cheap esim colombia"
"cheapest esim costa rica",1,1,"en-US","cheap esim costa rica"
"cheapest esim croatia",1,1,"en-US","cheap esim croatia"
"cheapest esim czech republic",1,1,"en-US","cheap esim czech republic"
"cheapest esim fiji",1,1,"en-US","cheap esim fiji"
"cheapest esim for australia travel",1,1,"de-DE|en-AU|en-GB|en-SG|en-US","cheapest esim for australia"
"cheapest esim for brazil reddit",1,1,"de-DE|en-AU|en-GB|en-SG|en-US","cheapest esim for brazil"
"cheapest esim for canada and usa",1,1,"de-DE|en-AU|en-GB|en-SG|en-US","cheapest esim for canada"
"cheapest esim for canada from uk",1,1,"de-DE|en-AU|en-GB|en-SG|en-US","cheapest esim for canada"
"cheapest esim for china travel",1,1,"de-DE|en-AU|en-GB|en-SG|en-US","cheapest esim for china"
"cheapest esim for france and uk",1,1,"de-DE|en-AU|en-GB|en-SG|en-US","cheapest esim for france"
"cheapest esim for japan reddit",1,1,"de-DE|en-AU|en-GB|en-SG|en-US","cheapest esim for japan"
"cheapest esim for malaysia and singapore",1,1,"de-DE|en-AU|en-GB|en-SG|en-US","cheapest esim for malaysia"
"cheapest esim for mexico reddit",1,1,"de-DE|en-AU|en-GB|en-SG|en-US","cheapest esim for mexico"
"cheapest esim for morocco from uk",1,1,"de-DE|en-AU|en-GB|en-SG|en-US","cheapest esim for morocco"
"cheapest esim for new zealand travel",1,1,"de-DE|en-AU|en-GB|en-SG|en-US","cheapest esim for new zealand"
"cheapest esim for seafarers philippines",1,1,"de-DE|en-AU|en-GB|en-SG|en-US","cheapest esim for philippines"
"cheapest esim for thailand from india",1,1,"de-DE|en-AU|en-GB|en-SG|en-US","cheapest esim for thailand"
"cheapest esim for thailand reddit",1,1,"de-DE|en-AU|en-GB|en-SG|en-US","cheapest esim for thailand"
"cheapest esim for turkey from uk",1,1,"de-DE|en-AU|en-GB|en-US","cheapest esim for turkey"
"cheapest esim for turkey reddit",1,1,"de-DE|en-AU|en-GB|en-SG|en-US","cheapest esim for turkey"
"cheapest esim for uae tourist",1,1,"de-DE|en-AU|en-GB|en-SG|en-US","cheapest esim for uae"
"cheapest esim for uk and europe",1,1,"de-DE|en-AU|en-GB|en-SG|en-US","cheapest esim for uk"
"cheapest esim for usa from uk",1,1,"de-DE|en-AU|en-GB|en-SG|en-US","cheapest esim for usa"
"cheapest esim georgia",1,1,"en-US","cheap esim georgia"
"cheapest esim greece",1,1,"en-US","cheap esim greece"
"cheapest esim hong kong",1,1,"en-US","cheap esim hong kong"
"cheapest esim iceland",1,1,"en-US","cheap esim iceland"
"cheapest esim india",1,1,"en-US","cheap esim india"
"cheapest esim ireland",1,1,"en-US","cheap esim ireland"
"cheapest esim israel",1,1,"en-US","cheap esim israel"
"cheapest esim kenya",1,1,"en-US","cheap esim kenya"
"cheapest esim netherlands",1,1,"en-US","cheap esim netherlands"
"cheapest esim new zealand",1,1,"en-US","cheap esim new zealand"
"cheapest esim peru",1,1,"en-US","cheap esim peru"
"cheapest esim poland",1,1,"en-US","cheap esim poland"
"cheapest esim qatar",1,1,"en-US","cheap esim qatar"
"cheapest esim saudi arabia",1,1,"en-US","cheap esim saudi arabia"
"cheapest esim south africa",1,1,"en-US","cheap esim south africa"
"cheapest travel esim for germany",1,1,"de-DE|en-AU|en-GB|en-SG|en-US","cheapest esim for germany"
"cheapest unlimited data esim germany",1,1,"de-DE|en-US","unlimited data esim germany"
"cheapest unlimited data esim morocco",1,1,"de-DE|en-US","unlimited data esim morocco"
"china esim available",1,1,"de-DE","is esim available in china"
"china esim card with phone number",1,1,"de-DE|en-US","china esim card"
"china esim iphone 16",1,1,"de-DE","esim china for iphone"
"china esim unlimited data",1,1,"en-AU|en-GB|en-SG","china esim unlimited"
"china esim vs sim",1,1,"de-DE|en-US","esim china vs sim"
"china mobile sim card for tourists",1,1,"de-DE|en-AU|en-GB|en-SG|en-US","china sim card for tourists"
"china sim card for tourist price",1,1,"en-AU|en-GB|en-SG|en-US","china sim card for tourists"
"chunghwa esim taiwan airport",1,1,"de-DE|en-US","esim taiwan airport"
"claro argentina esim card",1,1,"de-DE|en-US","argentina esim card"
"claro argentina esim price",1,1,"de-DE|en-AU|en-GB|en-SG|en-US","esim argentina price"
"claro colombia esim card",1,1,"de-DE|en-US","colombia esim card"
"claro colombia esim tourist",1,1,"de-DE","esim colombia tourist"
"claro esim argentina reddit",1,1,"de-DE|en-US","esim argentina reddit"
"claro esim colombia price",1,1,"de-DE|en-AU|en-GB|en-SG|en-US","esim colombia price"
"claro esim peru price",1,1,"en-AU|en-GB|en-SG|en-US","esim peru price"
"claro esim peru tourist",1,1,"de-DE|en-US","esim peru tourist"
"colombia esim for iphone",1,1,"de-DE|en-US","esim colombia for iphone"
"colombia esim unlimited data",1,1,"en-AU|en-GB|en-SG","colombia esim unlimited"
"colombia sim card for tourist",1,1,"en-AU|en-GB|en-SG|en-US","colombia sim card for tourists"
"compare esim plans ireland",1,1,"de-DE|en-US","esim ireland plans"
"compare esim plans singapore",1,1,"de-DE","esim singapore plans"
"compare esim plans turkey",1,1,"de-DE|en-US","esim turkey plans"
"compare esim plans vietnam",1,1,"de-DE|en-US","esim vietnam plans"
"cosmote esim greece price",1,1,"de-DE|en-AU|en-GB|en-SG|en-US","esim greece price"
"costa rica airport esim",1,1,"de-DE","esim costa rica airport"
"costa rica esim 10gb",1,1,"en-US","esim costa rica 10gb"
"costa rica esim card reddit",1,1,"de-DE|en-US","costa rica esim card"
"costa rica esim price",1,1,"en-AU|en-GB|en-SG|en-US","esim costa rica price"
"costa rica esim unlimited data",1,1,"en-AU|en-GB|en-SG","costa rica esim unlimited"
"costa rica sim card tourist",1,1,"en-AU|en-GB|en-SG|en-US","costa rica sim card for tourists"
"costa rica tourist esim",1,1,"de-DE","esim costa rica tourist"
"croatia esim unlimited data",1,1,"en-AU|en-GB|en-SG","croatia esim unlimited"
"croatia sim card for tourist",1,1,"en-AU|en-GB|en-SG|en-US","croatia sim card for tourists"
"digi esim malaysia price",1,1,"de-DE|en-AU|en-GB|en-SG|en-US","esim malaysia price"
"do esims work in argentina",1,1,"en-US","does esim work in argentina"
"do esims work in canada",1,1,"en-AU|en-GB|en-SG|en-US","does esim work in canada"
"do esims work in colombia",1,1,"en-AU|en-GB|en-SG|en-US","does esim work in colombia"
"do esims work in costa rica",1,1,"en-SG","does esim work in costa rica"
"do esims work in iceland",1,1,"en-AU","does esim work in iceland"
"do esims work in indonesia",1,1,"en-AU|en-GB|en-SG|en-US","does esim work in indonesia"
"do esims work in morocco",1,1,"en-AU|en-GB|en-SG|en-US","does esim work in morocco"
"do esims work in peru",1,1,"en-US","does esim work in peru"
"do esims work in qatar",1,1,"en-AU","does esim work in qatar"
"do esims work in saudi arabia",1,1,"en-AU|en-GB|en-SG|en-US","does esim work in saudi arabia"
"do esims work in singapore",1,1,"en-US","does esim work in singapore"
"do i need a different esim for hong kong and china",1,1,"de-DE|en-US","do i need an esim for hong kong"
"do i need an esim and vpn for china",1,1,"de-DE|en-US","do i need an esim for china"
"do i need an esim for abu dhabi",1,1,"en-US","do i need an esim for uae"
"do i need an esim for australia from nz",1,1,"de-DE","do i need an esim for australia"
"do i need an esim for china travel",1,1,"de-DE","do i need an esim for china"
"do i need an esim for egypt from uk",1,1,"de-DE|en-US","do i need an esim for egypt"
"do i need an esim for england",1,1,"en-US","do i need an esim for uk"
"do i need an esim for italy if i have t mobile",1,1,"de-DE|en-US","do i need an esim for italy"
"do i need an esim for italy travel",1,1,"de-DE|en-US","do i need an esim for italy"
"do i need an esim for japan if i have t-mobile",1,1,"de-DE|en-US","do i need an esim for japan"
"do i need an esim for macau",1,1,"en-US","do i need an esim for macao"
"do i need an esim for mexico city",1,1,"de-DE|en-US","do i need an esim for mexico"
"do i need an esim for spain from uk",1,1,"de-DE|en-US","do i need an esim for spain"
"do you need an esim for brazil",1,1,"en-US","do i need an esim for brazil"
"do you need an esim for south korea",1,1,"de-DE","do i need an esim for korea"
"do you need an esim for thailand",1,1,"de-DE","do i need an esim for thailand"
"do you need esim for philippines",1,1,"de-DE","do i need an esim for philippines"
"does a german esim work in austria",1,1,"de-DE|en-AU|en-GB|en-SG|en-US","does esim work in austria"
"does airalo esim work in qatar",1,1,"de-DE|en-AU|en-GB|en-SG|en-US","does esim work in qatar"
"does airalo esim work in switzerland",1,1,"de-DE|en-AU|en-GB|en-SG|en-US","does esim work in switzerland"
"does china esim work in taiwan",1,1,"de-DE|en-AU|en-GB|en-SG|en-US","does esim work in taiwan"
"does esim work in abu dhabi",1,1,"en-AU|en-GB|en-SG|en-US","does esim work in uae"
"does esim work in china without vpn",1,1,"de-DE|en-AU|en-GB|en-SG|en-US","does esim work in china"
"does esim work in doha",1,1,"en-AU|en-GB|en-SG|en-US","does esim work in qatar"
"does esim work in hong kong iphone",1,1,"de-DE|en-AU|en-GB|en-SG|en-US","does esim work in hong kong"
"does esim work in india properly",1,1,"de-DE|en-AU|en-GB|en-SG|en-US","does esim work in india"
"does esim work in seoul",1,1,"en-AU|en-GB|en-SG|en-US","does esim work in korea"
"does esim work in ukraine",1,1,"de-DE|en-AU|en-GB|en-SG|en-US","does esim work in uk"
"does holafly europe esim work in switzerland",1,1,"de-DE","does esim work in switzerland"
"does jetpac esim cover singapore",1,1,"de-DE|en-US","jetpac esim singapore"
"does jetpac esim work in singapore",1,1,"de-DE|en-AU|en-GB|en-SG|en-US","does esim work in singapore"
"does malaysia esim work in singapore",1,1,"de-DE|en-AU|en-GB|en-SG|en-US","does esim work in singapore"
"does nomad esim work in japan",1,1,"de-DE|en-AU|en-GB|en-SG|en-US","does esim work in japan"
"does nomad esim work in morocco",1,1,"de-DE|en-AU|en-GB|en-SG|en-US","does esim work in morocco"
"does nomad esim work in south korea",1,1,"de-DE","does esim work in korea"
"does orange esim work in italy",1,1,"de-DE|en-AU|en-GB|en-SG|en-US","does esim work in italy"
"does orange esim work in turkey",1,1,"de-DE","does esim work in turkey"
"does revolut esim work in brazil",1,1,"de-DE|en-AU|en-GB|en-SG|en-US","does esim work in brazil"
"does revolut esim work in georgia",1,1,"de-DE|en-AU|en-GB|en-SG|en-US","does esim work in georgia"
"does saily esim work in australia",1,1,"de-DE|en-AU|en-GB|en-SG|en-US","does esim work in australia"
"does saily esim work in colombia",1,1,"de-DE|en-AU|en-GB|en-SG|en-US","does esim work in colombia"
"does saily esim work in croatia",1,1,"de-DE|en-AU|en-GB|en-SG|en-US","does esim work in croatia"
"does saily esim work in fiji",1,1,"de-DE|en-AU|en-GB|en-SG|en-US","does esim work in fiji"
"does saily esim work in france",1,1,"de-DE|en-AU|en-GB|en-SG|en-US","does esim work in france"
"does saily esim work in greece",1,1,"de-DE|en-AU|en-GB|en-SG|en-US","does esim work in greece"
"does saily esim work in iceland",1,1,"de-DE|en-AU|en-GB|en-SG|en-US","does esim work in iceland"
"does saily esim work in indonesia",1,1,"de-DE|en-AU|en-GB|en-SG|en-US","does esim work in indonesia"
"does saily esim work in israel",1,1,"de-DE|en-AU|en-GB|en-SG|en-US","does esim work in israel"
"does saily esim work in japan",1,1,"de-DE|en-AU|en-GB|en-SG|en-US","does esim work in japan"
"does saily esim work in kenya",1,1,"de-DE|en-AU|en-GB|en-SG|en-US","does esim work in kenya"
"does saily esim work in mexico",1,1,"de-DE|en-AU|en-GB|en-SG|en-US","does esim work in mexico"
"does saily esim work in peru",1,1,"de-DE|en-AU|en-GB|en-SG|en-US","does esim work in peru"
"does saily esim work in philippines",1,1,"de-DE|en-AU|en-GB|en-SG|en-US","does esim work in philippines"
"does saily esim work in poland",1,1,"de-DE|en-AU|en-GB|en-SG|en-US","does esim work in poland"
"does saily esim work in spain",1,1,"de-DE|en-AU|en-GB|en-SG|en-US","does esim work in spain"
"does saily esim work in thailand",1,1,"de-DE|en-AU|en-GB|en-SG|en-US","does esim work in thailand"
"does saily esim work in uae",1,1,"de-DE|en-AU|en-GB|en-SG|en-US","does esim work in uae"
"does saily esim work in usa",1,1,"de-DE|en-AU|en-GB|en-SG|en-US","does esim work in usa"
"does saily esim work in vietnam",1,1,"de-DE|en-AU|en-GB|en-SG|en-US","does esim work in vietnam"
"does saily esim work.in germany",1,1,"en-AU|en-GB|en-SG|en-US","does esim work in germany"
"does singapore esim work in malaysia",1,1,"de-DE|en-AU|en-GB|en-SG|en-US","does esim work in malaysia"
"does spain esim work in portugal",1,1,"de-DE|en-AU|en-GB|en-SG|en-US","does esim work in portugal"
"does thailand esim work in laos",1,1,"de-DE","does esim work in thailand"
"does uk esim work in ireland",1,1,"de-DE|en-AU|en-GB|en-SG|en-US","does esim work in ireland"
"does us esim work in canada",1,1,"de-DE|en-AU|en-GB|en-SG|en-US","does esim work in canada"
"does vodafone esim work in egypt",1,1,"de-DE","does esim work in egypt"
"does.esim.work.in macau",1,1,"en-AU|en-GB|en-US","does esim work in macao"
"dubai esim tourist",1,1,"de-DE|en-AU|en-GB|en-SG|en-US","dubai esim"
"e sim available in ireland",1,1,"en-US","is esim available in ireland"
"e sim brasil reddit",1,1,"en-US","esim brazil reddit"
"e sim price italy",1,1,"en-AU|en-GB|en-SG|en-US","esim italy price"
"egypt airport esim",1,1,"de-DE","esim egypt airport"
"egypt esim for iphone",1,1,"de-DE|en-US","esim egypt for iphone"
"egypt esim reddit",1,1,"en-US","esim egypt reddit"
"egypt esim unlimited data",1,1,"en-AU|en-GB|en-SG","egypt esim unlimited"
"egypt sim card for tourist price",1,1,"en-AU|en-GB|en-SG|en-US","egypt sim card for tourists"
"england esim card",1,1,"de-DE|en-AU|en-GB|en-SG|en-US","england esim"
"england esim travel",1,1,"de-DE|en-AU|en-GB|en-SG|en-US","england esim"
"esim 10gb indonesia",1,1,"en-US","esim indonesia 10gb"
"esim 4g router",1,1,"de-DE|en-AU|en-GB|en-SG|en-US","esim 4g"
"esim 5g hotspot",1,1,"de-DE|en-AU|en-GB|en-SG|en-US","esim 5g"
"esim 5g router",1,1,"de-DE|en-AU|en-GB|en-SG|en-US","esim 5g"
"esim abu dhabi roamic",1,1,"en-US","roamic esim uae"
"esim africa vodafone",1,1,"de-DE|en-AU|en-GB|en-SG|en-US","esim africa"
"esim african countries",1,1,"de-DE|en-AU|en-GB|en-SG|en-US","esim africa"
"esim america travel",1,1,"en-AU|en-GB|en-SG|en-US","esim america"
"esim america unlimited data",1,1,"de-DE","esim america"
"esim american number",1,1,"en-AU|en-GB|en-SG|en-US","esim america"
"esim amsterdam reddit",1,1,"de-DE|en-AU|en-GB|en-SG|en-US","esim amsterdam"
"esim argentina claro",1,1,"de-DE|en-AU|en-GB|en-SG|en-US","esim argentina"
"esim argentina iphone",1,1,"de-DE|en-US","esim argentina for iphone"
"esim argentina reddit",1,1,"en-AU|en-GB|en-SG|en-US","esim argentina"
"esim argentina review",1,1,"de-DE|en-US","esim for argentina review"
"esim argentina travel",1,1,"en-US","esim argentina tourist"
"esim argentina unlimited data",1,1,"de-DE|en-US","esim argentina unlimited"
"esim asia 30 days",1,1,"de-DE|en-AU|en-GB|en-SG","esim asia"
"esim asia travel",1,1,"en-AU|en-GB|en-SG","esim asia"
"esim asia unlimited",1,1,"de-DE|en-AU|en-GB|en-SG","esim asia"
"esim asian countries",1,1,"en-GB|en-SG|en-US","esim asia"
"esim aus reddit",1,1,"en-US","esim australia reddit"
"esim australia",1,1,"en-AU|en-GB|en-SG","esim"
"esim australia iphone",1,1,"de-DE","esim australia for iphone"
"esim australia iphone 17",1,1,"de-DE|en-US","esim australia for iphone"
"esim australia price comparison",1,1,"de-DE|en-AU|en-GB|en-SG|en-US","esim australia price"
"esim australia telstra",1,1,"de-DE|en-AU|en-GB|en-US","esim australia"
"esim australia travel",1,1,"en-AU|en-GB|en-SG|en-US","esim australia"
"esim austria travel",1,1,"en-US","esim austria tourist"
"esim austrian airlines",1,1,"de-DE","esim austria"
"esim bali indonesia",1,1,"en-AU|en-GB|en-SG|en-US","esim bali"
"esim bali telkomsel",1,1,"de-DE|en-AU|en-GB|en-SG|en-US","esim bali"
"esim balkans kosovo",1,1,"de-DE|en-AU|en-GB|en-SG|en-US","esim balkans"
"esim balkans unlimited",1,1,"de-DE|en-AU|en-GB|en-SG|en-US","esim balkans"
"esim bangkok flughafen",1,1,"de-DE","esim bangkok"
"esim barcelona reddit",1,1,"de-DE|en-AU|en-GB|en-SG|en-US","esim barcelona"
"esim belgium reddit",1,1,"en-AU|en-GB|en-SG|en-US","esim belgium"
"esim brasil 10gb",1,1,"en-US","esim brazil 10gb"
"esim brazil cost",1,1,"en-AU|en-GB|en-SG|en-US","esim brazil price"
"esim brazil prices",1,1,"de-DE","esim brazil price"
"esim brazil tourist",1,1,"de-DE|en-AU|en-GB|en-SG|en-US","esim brazil"
"esim canada and usa",1,1,"en-AU|en-GB|en-SG|en-US","esim canada"
"esim canada best price",1,1,"de-DE|en-AU|en-GB|en-SG|en-US","esim canada price"
"esim canada iphone 17",1,1,"de-DE|en-US","esim canada for iphone"
"esim canada plans with phone number",1,1,"de-DE|en-US","esim canada plans"
"esim canada prepaid",1,1,"de-DE|en-AU|en-GB|en-SG|en-US","esim canada"
"esim canada tourist",1,1,"de-DE","esim canada"
"esim canada tourist reddit",1,1,"en-US","esim canada tourist"
"esim card",1,1,"en-GB|en-US","esim"
"esim card for netherlands",1,1,"de-DE","netherlands esim card"
"esim card for saudi arabia",1,1,"de-DE","saudi arabia esim card"
"esim caribbean cruise",1,1,"de-DE|en-AU|en-GB|en-SG|en-US","esim caribbean"
"esim central america reddit",1,1,"de-DE|en-AU|en-GB|en-SG|en-US","esim central america"
"esim cheap data only",1,1,"de-DE|en-AU|en-GB|en-SG|en-US","esim cheap data"
"esim china mit vpn",1,1,"de-DE","esim china"
"esim china price comparison",1,1,"de-DE|en-AU|en-GB|en-SG|en-US","esim china price"
"esim china reddit vpn",1,1,"de-DE|en-US","esim china reddit"
"esim china vpn",1,1,"en-AU|en-GB|en-SG|en-US","esim china"
"esim colombia claro",1,1,"de-DE|en-AU|en-GB|en-US","esim colombia"
"esim colombia prepago",1,1,"de-DE|en-AU|en-GB|en-SG|en-US","esim colombia"
"esim colombia review",1,1,"de-DE|en-US","esim for colombia review"
"esim colombia unlimited data",1,1,"en-US","esim colombia unlimited"
"esim compatible phones in india",1,1,"de-DE|en-AU|en-GB|en-SG|en-US","esim compatible phones"
"esim compatible phones unlocked",1,1,"en-AU|en-GB|en-SG|en-US","esim compatible phones"
"esim cost at malaysia airport",1,1,"de-DE|en-US","esim malaysia airport"
"esim costa rica best price",1,1,"de-DE|en-AU|en-GB|en-SG|en-US","esim costa rica price"
"esim costa rica iphone",1,1,"de-DE|en-US","esim costa rica for iphone"
"esim costa rica reddit",1,1,"en-AU|en-GB|en-SG|en-US","esim costa rica"
"esim costa rica reviews",1,1,"de-DE|en-US","esim for costa rica review"
"esim costa rica travel",1,1,"en-US","esim costa rica tourist"
"esim costa rica unlimited data",1,1,"de-DE|en-US","esim costa rica unlimited"
"esim costa rica vergleich",1,1,"de-DE","esim costa rica"
"esim coverage area",1,1,"en-AU|en-GB|en-SG|en-US","esim coverage map"
"esim coverage australia",1,1,"de-DE|en-US","esim coverage in australia"
"esim coverage china",1,1,"de-DE|en-US","esim coverage in china"
"esim coverage indonesia",1,1,"de-DE|en-US","esim coverage in indonesia"
"esim coverage thailand",1,1,"de-DE|en-US","esim coverage in thailand"
"esim coverage vietnam",1,1,"de-DE|en-US","esim coverage in vietnam"
"esim croatia holafly",1,1,"de-DE","holafly esim croatia"
"esim croatia reddit",1,1,"en-AU|en-GB|en-SG|en-US","esim croatia"
"esim data only australia",1,1,"de-DE|en-AU|en-GB|en-SG|en-US","esim data only"
"esim data only germany",1,1,"de-DE","esim data only"
"esim data only plan",1,1,"de-DE|en-GB|en-SG|en-US","esim data only"
"esim data plan singapore",1,1,"en-SG","esim data plan"
"esim data plans",1,1,"en-AU","esim data plan"
"esim data plans canada",1,1,"de-DE|en-AU|en-GB|en-SG|en-US","esim data plan"
"esim data plans india",1,1,"de-DE|en-US","esim india plans"
"esim data plans usa",1,1,"de-DE|en-AU|en-GB|en-SG|en-US","esim data plan"
"esim deals australia",1,1,"de-DE|en-AU|en-GB|en-SG|en-US","esim deals"
"esim deals uk",1,1,"en-AU|en-GB|en-SG|en-US","esim deals"
"esim deals usa",1,1,"de-DE|en-AU|en-GB|en-SG|en-US","esim deals"
"esim digital nomads",1,1,"de-DE","esim for digital nomad"
"esim discount code klook",1,1,"de-DE|en-AU|en-GB|en-SG|en-US","esim discount code"
"esim dubai kaufen",1,1,"de-DE","esim dubai"
"esim dubai tourist",1,1,"de-DE|en-AU|en-GB|en-SG|en-US","esim dubai"
"esim egypt and jordan",1,1,"en-AU","esim egypt"
"esim egypt price comparison",1,1,"de-DE|en-AU|en-GB|en-SG|en-US","esim egypt price"
"esim egypt review",1,1,"de-DE|en-US","esim for egypt review"
"esim egypt travel",1,1,"en-US","esim egypt tourist"
"esim egypt vodafone",1,1,"de-DE|en-AU|en-GB|en-SG|en-US","esim egypt"
"esim esim iphone",1,1,"de-DE|en-AU|en-GB|en-SG|en-US","esim esim"
"esim europe",1,1,"en-AU|en-GB|en-US","esim"
"esim europe & uk 10gb",1,1,"de-DE|en-US","esim uk 10gb"
"esim europe and uk",1,1,"de-DE|en-AU|en-GB|en-SG|en-US","esim europe"
"esim europe travel",1,1,"de-DE|en-AU|en-GB|en-SG|en-US","esim europe"
"esim europe unlimited data",1,1,"de-DE|en-AU|en-GB|en-SG|en-US","esim europe"
"esim fiji holafly",1,1,"de-DE|en-AU|en-GB|en-SG|en-US","esim fiji"
"esim fiji review",1,1,"de-DE|en-US","esim for fiji review"
"esim fiji vodafone",1,1,"de-DE|en-AU|en-GB|en-SG|en-US","esim fiji"
"esim for 1 month usa",1,1,"de-DE|en-AU|en-GB|en-SG|en-US","esim for 1 month"
"esim for 1 week usa",1,1,"de-DE|en-AU|en-GB|en-SG|en-US","esim for 1 week"
"esim for 2 weeks in europe",1,1,"de-DE|en-AU|en-GB|en-SG|en-US","esim for 2 weeks"
"esim for 3 days usa",1,1,"en-AU|en-GB|en-SG|en-US","esim for 3 days"
"esim for abu dhabi",1,1,"de-DE","best esim for abu dhabi"
"esim for america and canada",1,1,"de-DE|en-AU|en-GB|en-SG|en-US","esim for america"
"esim for america and europe",1,1,"en-US","esim for usa and europe"
"esim for america from uk",1,1,"de-DE|en-AU|en-GB|en-SG|en-US","esim for america"
"esim for american samoa",1,1,"de-DE|en-AU|en-GB|en-SG|en-US","esim for america"
"esim for amsterdam and belgium",1,1,"de-DE|en-AU|en-GB|en-SG|en-US","esim for amsterdam"
"esim for android phone",1,1,"de-DE|en-AU|en-GB|en-SG|en-US","esim for android"
"esim for argentina and brazil",1,1,"de-DE|en-AU|en-GB|en-SG|en-US","esim for argentina"
"esim for argentina and chile",1,1,"de-DE|en-AU|en-GB|en-SG|en-US","esim for argentina"
"esim for asia travel",1,1,"de-DE|en-AU|en-GB|en-SG|en-US","esim for asia"
"esim for athens greece",1,1,"de-DE|en-GB|en-SG|en-US","esim for athens"
"esim for australia and new zealand",1,1,"de-DE|en-AU|en-GB|en-SG|en-US","esim for australia"
"esim for australia and new zealand reddit",1,1,"de-DE|en-US","esim for australia and new zealand"
"esim for australia data and calls",1,1,"de-DE","esim for australia"
"esim for australia reviews",1,1,"de-DE|en-US","esim for australia review"
"esim for australia tourist",1,1,"en-AU|en-GB|en-SG|en-US","esim for australia"
"esim for australia travel",1,1,"de-DE|en-AU|en-GB|en-SG|en-US","esim for australia"
"esim for backpacking asia",1,1,"de-DE|en-AU|en-GB|en-SG|en-US","esim for backpacking"
"esim for bali from australia",1,1,"de-DE|en-AU|en-GB|en-SG|en-US","esim for bali"
"esim for bali indonesia",1,1,"de-DE|en-AU|en-GB|en-SG|en-US","esim for bali"
"esim for bangkok thailand",1,1,"de-DE|en-AU|en-GB|en-SG|en-US","esim for bangkok"
"esim for barcelona spain",1,1,"de-DE|en-AU|en-GB|en-SG|en-US","esim for barcelona"
"esim for beijing china",1,1,"de-DE|en-AU|en-GB|en-SG|en-US","esim for beijing"
"esim for belgium and netherlands",1,1,"de-DE|en-AU|en-GB|en-SG|en-US","esim for belgium"
"esim for bogota colombia",1,1,"de-DE|en-AU|en-GB|en-SG|en-US","esim for bogota"
"esim for brazil from uk",1,1,"de-DE|en-AU|en-GB|en-SG|en-US","esim for brazil"
"esim for brazil reddit",1,1,"de-DE|en-AU|en-SG|en-US","esim for brazil"
"esim for brazil travel",1,1,"de-DE|en-AU|en-SG|en-US","esim for brazil"
"esim for cairo egypt",1,1,"en-AU|en-US","esim for cairo"
"esim for canada and usa",1,1,"de-DE|en-AU|en-GB|en-SG|en-US","esim for canada"
"esim for canada reviews",1,1,"de-DE|en-US","esim for canada review"
"esim for canada tourist",1,1,"de-DE","esim for canada"
"esim for canada travel",1,1,"de-DE|en-AU|en-GB|en-SG|en-US","esim for canada"
"esim for cancun mexico",1,1,"de-DE|en-AU|en-GB|en-SG|en-US","esim for cancun"
"esim for cape town south africa",1,1,"de-DE|en-AU|en-GB|en-SG|en-US","esim for cape town"
"esim for china iphone 17",1,1,"en-US","esim china for iphone"
"esim for china reviews",1,1,"de-DE|en-US","esim for china review"
"esim for china travel",1,1,"en-AU|en-GB|en-SG|en-US","esim for china"
"esim for china with vpn",1,1,"de-DE|en-AU|en-GB|en-SG|en-US","esim for china"
"esim for colombia reddit",1,1,"de-DE|en-AU|en-GB|en-SG|en-US","esim for colombia"
"esim for costa rica from uk",1,1,"de-DE|en-AU|en-GB|en-SG|en-US","esim for costa rica"
"esim for costa rica travel",1,1,"de-DE|en-AU|en-GB|en-SG|en-US","esim for costa rica"
"esim for croatia and montenegro",1,1,"de-DE|en-AU|en-GB|en-SG|en-US","esim for croatia"
"esim for czech republic and germany",1,1,"de-DE|en-AU|en-GB|en-SG|en-US","esim for czech republic"
"esim for digital nomads",1,1,"en-AU|en-GB|en-SG|en-US","esim for digital nomad"
"esim for dubai from uk",1,1,"de-DE|en-AU|en-GB|en-SG|en-US","esim for dubai"
"esim for egypt and jordan",1,1,"de-DE|en-AU|en-GB|en-SG|en-US","esim for egypt"
"esim for egypt travel",1,1,"de-DE|en-AU|en-GB|en-SG|en-US","esim for egypt"
"esim for england and europe",1,1,"de-DE|en-AU|en-GB|en-SG|en-US","esim for england"
"esim for europe travel",1,1,"de-DE|en-AU|en-GB|en-SG|en-US","esim for europe"
"esim for europe unlimited",1,1,"de-DE","esim for europe"
"esim for family mobile",1,1,"de-DE|en-AU|en-GB|en-SG|en-US","esim for family"
"esim for fiji from australia",1,1,"de-DE|en-AU|en-GB|en-SG|en-US","esim for fiji"
"esim for france and switzerland",1,1,"de-DE|en-AU|en-GB|en-SG|en-US","esim for france"
"esim for france and uk",1,1,"de-DE|en-AU|en-GB|en-SG|en-US","esim for france"
"esim for france travel",1,1,"de-DE|en-AU|en-GB|en-SG|en-US","esim for france"
"esim for georgia and armenia",1,1,"de-DE|en-AU|en-GB|en-SG|en-US","esim for georgia"
"esim for georgia country",1,1,"de-DE|en-AU|en-GB|en-SG|en-US","esim for georgia"
"esim for germany travel",1,1,"de-DE|en-AU|en-GB|en-SG|en-US","esim for germany"
"esim for greece and turkey",1,1,"de-DE|en-AU|en-GB|en-SG|en-US","esim for greece"
"esim for greece travel",1,1,"de-DE|en-AU|en-GB|en-SG|en-US","esim for greece"
"esim for hanoi vietnam",1,1,"de-DE|en-US","esim for hanoi"
"esim for hawaii reddit",1,1,"de-DE|en-US","esim for hawaii"
"esim for hong kong and china reddit",1,1,"en-US","esim for hong kong and china"
"esim for hong kong and macau",1,1,"de-DE|en-AU|en-GB|en-SG|en-US","esim for hong kong"
"esim for iceland reddit",1,1,"de-DE|en-AU|en-GB|en-SG|en-US","esim for iceland"
"esim for india from australia",1,1,"de-DE|en-AU|en-GB|en-SG|en-US","esim for india"
"esim for india reviews",1,1,"de-DE|en-US","esim for india review"
"esim for india travel",1,1,"de-DE|en-AU|en-GB|en-SG|en-US","esim for india"
"esim for indonesia and singapore",1,1,"de-DE|en-AU|en-GB|en-SG|en-US","esim for indonesia"
"esim for indonesia bali",1,1,"en-AU|en-GB|en-SG|en-US","esim for indonesia"
"esim for indonesia from australia",1,1,"en-AU|en-GB|en-SG|en-US","esim for indonesia"
"esim for indonesia price",1,1,"de-DE","esim indonesia price"
"esim for international travel from australia",1,1,"de-DE|en-AU|en-GB|en-SG","esim for international travel"
"esim for international travel iphone",1,1,"de-DE|en-AU|en-GB|en-SG|en-US","esim for international travel"
"esim for iphone 11",1,1,"de-DE|en-AU|en-GB|en-SG|en-US","esim for iphone"
"esim for iphone 13",1,1,"de-DE|en-AU|en-GB|en-SG|en-US","esim for iphone"
"esim for iphone 17",1,1,"de-DE|en-AU|en-GB|en-SG|en-US","esim for iphone"
"esim for ireland and uk",1,1,"de-DE|en-AU|en-GB|en-SG|en-US","esim for ireland"
"esim for ireland and uk reddit",1,1,"de-DE|en-US","esim for ireland and uk"
"esim for ireland iphone",1,1,"en-US","esim ireland for iphone"
"esim for israel travel",1,1,"de-DE|en-AU|en-GB|en-SG|en-US","esim for israel"
"esim for istanbul turkey",1,1,"de-DE|en-AU|en-GB|en-SG|en-US","esim for istanbul"
"esim for italy and greece",1,1,"en-AU|en-GB|en-SG|en-US","esim for italy"
"esim for italy greece and turkey",1,1,"de-DE|en-US","esim for italy and greece"
"esim for italy reviews",1,1,"de-DE|en-US","esim for italy review"
"esim for italy travel",1,1,"de-DE|en-AU|en-GB|en-SG|en-US","esim for italy"
"esim for italy unlimited",1,1,"de-DE","esim for italy"
"esim for japan and korea",1,1,"de-DE|en-AU|en-GB|en-SG|en-US","esim for japan"
"esim for japan and south korea reddit",1,1,"en-US","esim for japan and south korea"
"esim for japan from australia",1,1,"en-AU|en-GB|en-SG","esim for japan"
"esim for japan korea and vietnam",1,1,"de-DE|en-US","esim for japan and vietnam"
"esim for japan reviews",1,1,"de-DE|en-US","esim for japan review"
"esim for japan travel",1,1,"en-AU|en-GB|en-SG|en-US","esim for japan"
"esim for kenya and tanzania",1,1,"de-DE|en-AU|en-GB|en-SG|en-US","esim for kenya"
"esim for kids apple watch",1,1,"de-DE|en-AU|en-GB|en-SG|en-US","esim for kids"
"esim for korea and japan",1,1,"de-DE|en-AU|en-GB|en-SG|en-US","esim for korea"
"esim for korea travel",1,1,"de-DE|en-AU|en-GB|en-SG|en-US","esim for korea"
"esim for lima peru",1,1,"de-DE|en-AU|en-GB|en-SG|en-US","esim for lima"
"esim for lisbon portugal",1,1,"de-DE|en-GB|en-SG|en-US","esim for lisbon"
"esim for london and paris",1,1,"de-DE|en-US","esim for london"
"esim for madrid spain",1,1,"de-DE|en-US","esim for madrid"
"esim for malaysia and singapore",1,1,"de-DE|en-AU|en-GB|en-SG|en-US","esim for malaysia"
"esim for malaysia travel",1,1,"de-DE|en-AU|en-GB|en-SG|en-US","esim for malaysia"
"esim for maldives and sri lanka",1,1,"de-DE|en-US","esim for maldives"
"esim for manila philippines",1,1,"en-AU|en-GB|en-SG|en-US","esim for manila"
"esim for melbourne australia",1,1,"de-DE|en-US","esim for melbourne"
"esim for mexico and usa",1,1,"de-DE|en-AU|en-GB|en-SG|en-US","esim for mexico"
"esim for mexico reviews",1,1,"de-DE|en-US","esim for mexico review"
"esim for mexico travel",1,1,"de-DE|en-AU|en-GB|en-SG|en-US","esim for mexico"
"esim for miami and caribbean",1,1,"de-DE|en-US","esim for miami"
"esim for miami usa",1,1,"de-DE|en-US","esim for miami"
"esim for morocco and spain",1,1,"de-DE|en-AU|en-GB|en-SG|en-US","esim for morocco"
"esim for morocco from uk",1,1,"de-DE|en-AU|en-GB|en-SG|en-US","esim for morocco"
"esim for netherlands and belgium",1,1,"de-DE|en-AU|en-GB|en-SG|en-US","esim for netherlands"
"esim for new york from uk",1,1,"de-DE|en-US","esim for new york"
"esim for new zealand and australia",1,1,"en-US","esim for new zealand"
"esim for new zealand from australia",1,1,"de-DE|en-AU|en-GB|en-SG","esim for new zealand"
"esim for norway and sweden",1,1,"de-DE","best esim for norway and sweden"
"esim for nz from australia",1,1,"de-DE|en-AU|en-GB|en-SG|en-US","esim for nz"
"esim for nz travel",1,1,"de-DE|en-AU|en-GB|en-SG|en-US","esim for nz"
"esim for orlando florida",1,1,"de-DE|en-US","esim for orlando"
"esim for osaka japan",1,1,"en-US","esim for osaka"
"esim for paris france",1,1,"de-DE|en-AU|en-GB|en-SG|en-US","esim for paris"
"esim for peru and ecuador",1,1,"de-DE|en-AU|en-GB|en-SG|en-US","esim for peru"
"esim for peru reddit",1,1,"de-DE|en-AU|en-GB|en-SG|en-US","esim for peru"
"esim for philippines and japan",1,1,"de-DE|en-AU|en-GB|en-SG|en-US","esim for philippines"
"esim for philippines travel",1,1,"de-DE|en-AU|en-SG|en-US","esim for philippines"
"esim for phuket thailand",1,1,"de-DE|en-US","esim for phuket"
"esim for poland and slovakia",1,1,"de-DE|en-AU|en-GB|en-SG|en-US","esim for poland"
"esim for poland reddit",1,1,"de-DE|en-AU|en-GB|en-SG|en-US","esim for poland"
"esim for portugal and spain",1,1,"en-AU|en-GB|en-SG|en-US","esim for portugal"
"esim for portugal from canada",1,1,"de-DE|en-AU|en-GB|en-SG|en-US","esim for portugal"
"esim for qatar and saudi arabia",1,1,"de-DE|en-AU|en-GB|en-SG|en-US","esim for qatar"
"esim for rio de janeiro",1,1,"de-DE|en-AU|en-GB|en-SG|en-US","esim for rio"
"esim for rome italy",1,1,"de-DE|en-AU|en-GB|en-SG","esim for rome"
"esim for rome reddit",1,1,"de-DE|en-AU|en-GB|en-SG|en-US","esim for rome"
"esim for saudi arabia from uk",1,1,"de-DE|en-AU|en-GB|en-SG|en-US","esim for saudi arabia"
"esim for seoul korea",1,1,"de-DE|en-AU|en-GB|en-SG|en-US","esim for seoul"
"esim for shanghai china",1,1,"de-DE|en-US","esim for shanghai"
"esim for singapore and malaysia reddit",1,1,"de-DE|en-US","esim for singapore and malaysia"
"esim for south africa and zimbabwe",1,1,"de-DE|en-AU|en-GB|en-SG|en-US","esim for south africa"
"esim for south africa from uk",1,1,"de-DE|en-AU|en-GB|en-SG|en-US","esim for south africa"
"esim for spain reviews",1,1,"de-DE|en-US","esim for spain review"
"esim for spain travel",1,1,"de-DE|en-AU|en-GB|en-SG|en-US","esim for spain"
"esim for students uk",1,1,"de-DE|en-AU|en-GB|en-SG|en-US","esim for students"
"esim for swiss and italy",1,1,"en-US","esim for switzerland and italy"
"esim for switzerland and italy",1,1,"en-AU|en-GB|en-SG|en-US","esim for switzerland"
"esim for switzerland travel",1,1,"de-DE|en-AU|en-GB|en-SG|en-US","esim for switzerland"
"esim for sydney australia",1,1,"de-DE|en-AU|en-GB|en-SG|en-US","esim for sydney"
"esim for taipei reddit",1,1,"de-DE|en-AU|en-GB|en-US","esim for taipei"
"esim for taiwan and china",1,1,"de-DE|en-AU|en-GB|en-SG|en-US","esim for taiwan"
"esim for taiwan and japan",1,1,"de-DE|en-AU|en-GB|en-SG|en-US","esim for taiwan"
"esim for tbilisi georgia",1,1,"de-DE|en-AU|en-GB|en-SG|en-US","esim for tbilisi"
"esim for thailand from india",1,1,"en-AU|en-GB|en-SG|en-US","esim for thailand"
"esim for thailand reviews",1,1,"de-DE|en-US","esim for thailand review"
"esim for thailand travel",1,1,"en-AU|en-GB|en-SG|en-US","esim for thailand"
"esim for tokyo japan",1,1,"de-DE|en-AU|en-GB|en-SG","esim for tokyo"
"esim for tokyo reddit",1,1,"en-AU|en-GB|en-SG|en-US","esim for tokyo"
"esim for toronto canada",1,1,"de-DE|en-AU|en-GB|en-SG|en-US","esim for toronto"
"esim for tourists in india",1,1,"de-DE|en-AU|en-GB|en-SG|en-US","esim for tourists"
"esim for tourists usa",1,1,"en-US","esim for tourists"
"esim for turkey and europe",1,1,"en-AU","esim for turkey"
"esim for turkey and greece",1,1,"en-AU|en-GB|en-SG|en-US","esim for turkey"
"esim for turkey from uk",1,1,"en-AU|en-GB|en-SG|en-US","esim for turkey"
"esim for turkey greece and italy",1,1,"de-DE|en-US","esim for turkey and greece"
"esim for turkey reddit",1,1,"de-DE|en-AU|en-GB|en-SG|en-US","esim for turkey"
"esim for turkey reviews",1,1,"de-DE|en-US","esim for turkey review"
"esim for uae tourist",1,1,"de-DE|en-AU|en-GB|en-SG|en-US","esim for uae"
"esim for uk and europe",1,1,"de-DE|en-AU|en-GB|en-SG|en-US","esim for uk"
"esim for uk reviews",1,1,"en-US","esim for uk review"
"esim for uk travel",1,1,"de-DE|en-AU|en-GB|en-SG|en-US","esim for uk"
"esim for ukraine",1,1,"de-DE|en-GB|en-SG|en-US","esim for uk"
"esim for usa",1,1,"de-DE|en-AU|en-GB|en-SG|en-US","esim for us"
"esim for usa reviews",1,1,"de-DE|en-US","esim for usa review"
"esim for vancouver canada",1,1,"de-DE|en-US","esim for vancouver"
"esim for vienna austria",1,1,"de-DE|en-AU|en-GB|en-SG|en-US","esim for vienna"
"esim for vietnam from australia",1,1,"de-DE|en-AU|en-GB|en-SG|en-US","esim for vietnam"
"esim for vietnam from india",1,1,"de-DE|en-GB|en-SG|en-US","esim for vietnam"
"esim for vietnam reviews",1,1,"de-DE|en-US","esim for vietnam review"
"esim for vietnam travel",1,1,"de-DE|en-AU|en-GB|en-SG|en-US","esim for vietnam"
"esim france cheapest",1,1,"en-AU|en-GB|en-SG|en-US","esim france price"
"esim france iphone 15",1,1,"de-DE|en-US","esim france for iphone"
"esim france prices",1,1,"de-DE","esim france price"
"esim france unlimited",1,1,"de-DE","esim france"
"esim free trial 1gb",1,1,"de-DE","esim free trial"
"esim free trial australia",1,1,"en-AU","esim free trial"
"esim free trial usa",1,1,"de-DE|en-AU|en-GB|en-SG|en-US","esim free trial"
"esim georgia and armenia",1,1,"en-AU|en-GB|en-SG|en-US","esim georgia"
"esim georgia country",1,1,"en-AU|en-GB|en-SG","esim georgia"
"esim georgien",1,1,"de-DE","esim georgia"
"esim germany cheap",1,1,"en-AU|en-GB|en-SG|en-US","esim germany price"
"esim germany prepaid",1,1,"de-DE|en-AU|en-GB|en-SG|en-US","esim germany"
"esim germany prepaid tourist",1,1,"de-DE|en-US","esim germany tourist"
"esim germany review",1,1,"en-US","esim for germany review"
"esim germany tourist reddit",1,1,"en-US","esim germany tourist"
"esim great britain",1,1,"de-DE|en-AU|en-GB|en-SG|en-US","esim britain"
"esim greece iphone",1,1,"de-DE|en-US","esim greece for iphone"
"esim greece reddit",1,1,"en-AU|en-GB|en-SG|en-US","esim greece"
"esim greece review",1,1,"de-DE|en-US","esim for greece review"
"esim hawaii 14 days",1,1,"en-US","esim hawaii"
"esim hong kong and china",1,1,"de-DE|en-AU|en-GB|en-SG|en-US","esim hong kong"
"esim hong kong plan",1,1,"en-US","esim hong kong plans"
"esim hong kong review",1,1,"de-DE|en-US","esim for hong kong review"
"esim hong kong travel",1,1,"en-US","esim hong kong tourist"
"esim hong kong with phone number",1,1,"en-AU|en-GB|en-SG|en-US","esim hong kong"
"esim hotspot device",1,1,"en-AU|en-GB|en-SG|en-US","esim hotspot"
"esim hotspot router",1,1,"de-DE|en-AU|en-GB|en-SG|en-US","esim hotspot"
"esim hrvatska reddit",1,1,"en-US","esim croatia reddit"
"esim hrvatska tourist",1,1,"en-US","esim croatia tourist"
"esim iceland reddit",1,1,"de-DE|en-AU|en-GB|en-SG|en-US","esim iceland"
"esim iceland reviews",1,1,"de-DE|en-US","esim for iceland review"
"esim iceland travel",1,1,"en-US","esim iceland tourist"
"esim icelandair",1,1,"de-DE|en-AU|en-GB|en-SG|en-US","esim iceland"
"esim incheon airport",1,1,"en-US","esim korea airport"
"esim india best price",1,1,"de-DE|en-AU|en-GB|en-SG|en-US","esim india price"
"esim india tourist",1,1,"de-DE|en-AU|en-GB|en-SG|en-US","esim india"
"esim india with phone number",1,1,"de-DE|en-GB|en-SG|en-US","esim india"
"esim indonesia bali",1,1,"en-AU|en-GB|en-SG|en-US","esim indonesia"
"esim indonesia cost",1,1,"en-AU|en-GB|en-SG|en-US","esim indonesia price"
"esim indonesia for tourist",1,1,"en-AU|en-US","esim indonesia"
"esim indonesia iphone",1,1,"de-DE|en-US","esim indonesia for iphone"
"esim indonesia reviews",1,1,"de-DE","esim for indonesia review"
"esim indonesia telkomsel",1,1,"de-DE|en-AU|en-GB|en-SG|en-US","esim indonesia"
"esim indonesia tourist telkomsel",1,1,"de-DE|en-US","esim indonesia tourist"
"esim indonesien 10gb",1,1,"de-DE","esim indonesia 10gb"
"esim iphone 13 japan",1,1,"de-DE","esim japan for iphone"
"esim iphone kanada",1,1,"de-DE","esim canada for iphone"
"esim iphone türkei",1,1,"de-DE","esim turkey for iphone"
"esim ireland and uk",1,1,"en-AU|en-GB|en-SG|en-US","esim ireland"
"esim ireland prepaid",1,1,"de-DE","esim ireland"
"esim ireland prices",1,1,"de-DE","esim ireland price"
"esim ireland reviews",1,1,"de-DE|en-US","esim for ireland review"
"esim ireland travel",1,1,"en-US","esim ireland tourist"
"esim israel review",1,1,"de-DE|en-US","esim for israel review"
"esim israel travel",1,1,"en-US","esim israel tourist"
"esim israel vergleich",1,1,"de-DE","esim israel"
"esim istanbul reddit",1,1,"de-DE|en-AU|en-GB|en-SG|en-US","esim istanbul"
"esim italia 10gb",1,1,"en-US","esim italy 10gb"
"esim italia reddit",1,1,"en-US","esim italy reddit"
"esim italy tourist",1,1,"en-AU|en-GB|en-SG|en-US","esim italy"
"esim japan 10gb 30 days",1,1,"de-DE|en-US","esim japan 10gb"
"esim japan for iphone 17",1,1,"de-DE|en-US","esim japan for iphone"
"esim japan long stay",1,1,"de-DE|en-AU|en-GB|en-SG|en-US","esim for long stay"
"esim japan osaka",1,1,"de-DE","esim for osaka"
"esim japan price comparison",1,1,"de-DE|en-AU|en-GB|en-US","esim japan price"
"esim japan price reddit",1,1,"de-DE|en-AU|en-GB|en-SG|en-US","esim japan price"
"esim japan reddit",1,1,"en-AU|en-GB|en-SG|en-US","esim japan"
"esim japan reddit 2026",1,1,"de-DE|en-US","esim japan reddit"
"esim japan reddit ph",1,1,"en-US","esim japan reddit"
"esim japan tourist reddit",1,1,"de-DE|en-US","esim japan tourist"
"esim japan travel",1,1,"en-AU|en-GB|en-SG|en-US","esim japan"
"esim japan unlimited",1,1,"en-GB|en-SG","esim japan"
"esim japan vergleich",1,1,"de-DE","esim japan"
"esim katar holafly",1,1,"de-DE","holafly esim qatar"
"esim kenia iphone",1,1,"de-DE","esim kenya for iphone"
"esim kenya and tanzania",1,1,"de-DE|en-AU|en-GB|en-SG|en-US","esim kenya"
"esim kenya cost",1,1,"en-AU|en-GB|en-SG|en-US","esim kenya price"
"esim kenya iphone",1,1,"en-US","esim kenya for iphone"
"esim kenya review",1,1,"de-DE|en-US","esim for kenya review"
"esim kenya safaricom",1,1,"en-AU|en-GB|en-SG|en-US","esim kenya"
"esim korea and japan",1,1,"en-AU|en-GB|en-SG|en-US","esim korea"
"esim korea incheon airport",1,1,"de-DE","esim korea airport"
"esim korea japan",1,1,"de-DE","esim korea"
"esim korea review",1,1,"en-US","esim for korea review"
"esim korea reviews",1,1,"de-DE","esim for korea review"
"esim london uk",1,1,"de-DE|en-US","esim london"
"esim london vergleich",1,1,"de-DE","esim london"
"esim low latency",1,1,"de-DE|en-AU|en-GB|en-SG|en-US","esim latency"
"esim macau",1,1,"en-AU|en-GB|en-SG|en-US","esim macao"
"esim macau reddit",1,1,"en-US","esim macao reddit"
"esim madrid spain",1,1,"de-DE|en-US","esim madrid"
"esim malaysia and singapore",1,1,"de-DE|en-AU|en-GB|en-SG|en-US","esim malaysia"
"esim malaysia iphone",1,1,"de-DE","esim malaysia for iphone"
"esim malaysia prepaid",1,1,"en-AU|en-GB|en-SG|en-US","esim malaysia"
"esim malaysia review",1,1,"de-DE|en-US","esim for malaysia review"
"esim malaysia tourist reddit",1,1,"de-DE|en-US","esim malaysia tourist"
"esim malaysia und singapur",1,1,"de-DE","esim malaysia"
"esim maroc tourist",1,1,"en-US","esim morocco tourist"
"esim marrakech reddit",1,1,"de-DE|en-AU|en-GB|en-SG|en-US","esim marrakech"
"esim melbourne australia",1,1,"de-DE|en-US","esim melbourne"
"esim mexico and usa",1,1,"en-AU|en-GB|en-SG","esim mexico"
"esim mexico best price",1,1,"de-DE|en-AU|en-GB|en-SG|en-US","esim mexico price"
"esim mexico city",1,1,"en-AU|en-GB|en-SG|en-US","esim mexico"
"esim mexico prices",1,1,"de-DE","esim mexico price"
"esim mexico roaming",1,1,"en-US","esim mexico plans"
"esim mexiko",1,1,"de-DE","esim mexico"
"esim mexiko iphone",1,1,"de-DE","esim mexico for iphone"
"esim miami usa",1,1,"de-DE","esim miami"
"esim middle east unlimited data",1,1,"de-DE|en-AU|en-GB|en-SG|en-US","esim middle east"
"esim morocco and europe",1,1,"en-AU","esim morocco"
"esim morocco iphone",1,1,"en-US","esim morocco for iphone"
"esim morocco orange",1,1,"en-AU|en-GB|en-SG|en-US","esim morocco"
"esim morocco price comparison",1,1,"de-DE|en-AU|en-GB|en-SG|en-US","esim morocco price"
"esim morocco prices",1,1,"de-DE","esim morocco price"
"esim morocco reddit",1,1,"en-AU|en-GB|en-SG|en-US","esim morocco"
"esim morocco review",1,1,"de-DE|en-US","esim for morocco review"
"esim morocco roamic",1,1,"de-DE","esim morocco"
"esim nadi airport",1,1,"en-US","esim fiji airport"
"esim nederland reddit",1,1,"en-US","esim netherlands reddit"
"esim netherlands iphone",1,1,"de-DE|en-US","esim netherlands for iphone"
"esim netherlands reddit",1,1,"en-AU|en-GB|en-SG|en-US","esim netherlands"
"esim network in india",1,1,"en-US","esim coverage in india"
"esim network in uk",1,1,"en-US","esim coverage in uk"
"esim network in usa",1,1,"en-US","esim coverage in usa"
"esim network ireland",1,1,"en-US","esim coverage in ireland"
"esim new york 7 tage",1,1,"de-DE","esim new york"
"esim new york reddit",1,1,"de-DE|en-US","esim new york"
"esim new zealand cheap",1,1,"en-AU|en-GB|en-SG|en-US","esim new zealand price"
"esim new zealand iphone",1,1,"de-DE|en-US","esim new zealand for iphone"
"esim new zealand prices",1,1,"de-DE","esim new zealand price"
"esim new zealand simify",1,1,"en-US","esim new zealand vs sim"
"esim new zealand spark",1,1,"de-DE|en-AU|en-GB|en-SG|en-US","esim new zealand"
"esim no contract uk",1,1,"de-DE|en-AU|en-GB|en-SG|en-US","esim no contract"
"esim north america 30 days",1,1,"de-DE|en-AU|en-GB|en-SG|en-US","esim north america"
"esim north america data and calls",1,1,"de-DE|en-AU|en-GB|en-SG|en-US","esim north america"
"esim nz spark",1,1,"de-DE|en-GB|en-SG|en-US","esim nz"
"esim nz travel",1,1,"de-DE|en-AU|en-GB|en-SG|en-US","esim nz"
"esim oceania and asia",1,1,"en-AU|en-GB|en-SG|en-US","esim oceania"
"esim orlando florida",1,1,"de-DE|en-US","esim orlando"
"esim osaka japan",1,1,"de-DE|en-US","esim osaka"
"esim paris france",1,1,"de-DE|en-AU|en-GB|en-SG|en-US","esim paris"
"esim pay as you go australia",1,1,"en-AU|en-GB|en-SG|en-US","esim pay as you go"
"esim pay as you go italia",1,1,"de-DE","esim pay as you go"
"esim pay as you go uk",1,1,"de-DE|en-AU|en-GB|en-SG|en-US","esim pay as you go"
"esim pay as you go usa",1,1,"en-AU|en-GB|en-SG|en-US","esim pay as you go"
"esim peru reddit",1,1,"de-DE|en-AU|en-GB|en-SG|en-US","esim peru"
"esim peru review",1,1,"de-DE|en-US","esim for peru review"
"esim peru unlimited data",1,1,"de-DE|en-US","esim peru unlimited"
"esim peru vergleich",1,1,"de-DE","esim peru"
"esim philippines globe",1,1,"en-AU|en-GB|en-SG|en-US","esim philippines"
"esim philippines iphone 14",1,1,"de-DE|en-US","esim philippines for iphone"
"esim philippines iphone 17",1,1,"de-DE|en-US","esim philippines for iphone"
"esim philippines prices",1,1,"de-DE","esim philippines price"
"esim philippines review",1,1,"de-DE|en-US","esim for philippines review"
"esim philippines smart",1,1,"de-DE|en-AU|en-GB|en-SG|en-US","esim philippines"
"esim philippines tourist reddit",1,1,"en-US","esim philippines tourist"
"esim phuket thailand",1,1,"de-DE|en-US","esim phuket"
"esim plans australia",1,1,"de-DE|en-AU|en-GB|en-SG","esim plans"
"esim plans australia telstra network",1,1,"de-DE|en-US","esim australia plans"
"esim plans belgium",1,1,"de-DE|en-US","esim belgium plans"
"esim plans brazil",1,1,"de-DE|en-US","esim brazil plans"
"esim plans colombia",1,1,"de-DE|en-US","esim colombia plans"
"esim plans costa rica",1,1,"de-DE|en-US","esim costa rica plans"
"esim plans indonesia",1,1,"de-DE|en-US","esim indonesia plans"
"esim plans japan reddit",1,1,"de-DE|en-US","esim japan plans"
"esim plans poland",1,1,"de-DE|en-US","esim poland plans"
"esim plans portugal",1,1,"de-DE|en-US","esim portugal plans"
"esim plans saudi arabia",1,1,"de-DE|en-US","esim saudi arabia plans"
"esim plans singapore",1,1,"de-DE|en-GB|en-SG","esim plans"
"esim plans switzerland",1,1,"de-DE|en-US","esim switzerland plans"
"esim plans usa",1,1,"de-DE|en-AU|en-GB|en-SG|en-US","esim plans"
"esim plans usa unlimited data",1,1,"en-US","esim usa plans"
"esim poland free",1,1,"de-DE|en-AU|en-GB|en-SG|en-US","esim poland"
"esim portugal and spain",1,1,"en-AU|en-GB|en-SG|en-US","esim portugal"
"esim portugal cheapest",1,1,"de-DE","cheapest esim for portugal"
"esim portugal review",1,1,"de-DE|en-US","esim for portugal review"
"esim portugal travel",1,1,"en-US","esim portugal tourist"
"esim prague reddit",1,1,"de-DE|en-AU|en-GB|en-SG|en-US","esim prague"
"esim prepaid australia",1,1,"en-AU|en-GB|en-SG","esim prepaid"
"esim prepaid singapore",1,1,"en-GB|en-SG","esim prepaid"
"esim prepaid sofort",1,1,"de-DE","esim prepaid"
"esim price in germany",1,1,"en-SG","esim germany price"
"esim promo code klook",1,1,"de-DE|en-AU|en-GB|en-SG|en-US","esim promo code"
"esim qatar iphone",1,1,"de-DE|en-US","esim qatar for iphone"
"esim qatar tourist",1,1,"de-DE|en-AU|en-GB|en-SG|en-US","esim qatar"
"esim reykjavik",1,1,"de-DE|en-AU|en-GB|en-SG|en-US","esim for reykjavik"
"esim roaming austria",1,1,"en-US","roami esim austria"
"esim roaming belgium",1,1,"en-US","roami esim belgium"
"esim roaming costa rica",1,1,"en-US","roami esim costa rica"
"esim roaming in japan",1,1,"en-US","esim coverage in japan"
"esim roaming israel",1,1,"en-US","roami esim israel"
"esim roaming korea",1,1,"en-US","esim coverage in korea"
"esim roaming netherlands",1,1,"en-US","roami esim netherlands"
"esim roaming poland",1,1,"en-US","roami esim poland"
"esim saudi arabia iphone",1,1,"de-DE|en-US","esim saudi arabia for iphone"
"esim saudi arabia review",1,1,"de-DE|en-US","esim for saudi arabia review"
"esim saudi arabia stc",1,1,"de-DE|en-AU|en-GB|en-SG|en-US","esim saudi arabia"
"esim saudi arabia stc price",1,1,"de-DE|en-AU|en-GB|en-SG|en-US","esim saudi arabia price"
"esim saudi arabia tourist",1,1,"en-AU|en-SG|en-US","esim saudi arabia"
"esim saudi arabia tourist stc",1,1,"de-DE|en-US","esim saudi arabia tourist"
"esim saudi arabia umrah",1,1,"en-AU|en-GB|en-SG|en-US","esim saudi arabia"
"esim scandinavian countries",1,1,"de-DE|en-AU|en-GB|en-SG|en-US","esim scandinavia"
"esim schweiz 10gb",1,1,"en-US","esim switzerland 10gb"
"esim schweiz yesim",1,1,"en-US","yesim esim switzerland"
"esim sgn airport",1,1,"en-US","esim vietnam airport"
"esim shanghai china",1,1,"de-DE|en-US","esim shanghai"
"esim singapore",1,1,"en-SG","esim"
"esim singapore and malaysia",1,1,"en-AU|en-US","esim singapore"
"esim singapore changi airport",1,1,"de-DE|en-US","esim singapore airport"
"esim singapore iphone",1,1,"de-DE","esim singapore for iphone"
"esim singapore reddit ph",1,1,"de-DE|en-US","esim singapore reddit"
"esim singapore review",1,1,"en-US","esim for singapore review"
"esim singapore tourist",1,1,"de-DE|en-AU|en-GB|en-SG|en-US","esim singapore"
"esim singapore tourist reddit",1,1,"de-DE|en-US","esim singapore tourist"
"esim singapore unlimited data",1,1,"de-DE|en-US","esim singapore unlimited"
"esim sms empfangen",1,1,"de-DE","esim sms"
"esim sms free",1,1,"en-AU|en-GB|en-SG|en-US","esim sms"
"esim sms not working",1,1,"de-DE|en-AU|en-GB|en-SG|en-US","esim sms"
"esim south africa and zimbabwe",1,1,"en-AU|en-GB|en-SG|en-US","esim south africa"
"esim south africa iphone",1,1,"de-DE|en-US","esim south africa for iphone"
"esim south africa namibia botswana",1,1,"de-DE|en-US","esim for south africa and namibia"
"esim south africa prepaid",1,1,"de-DE|en-AU|en-GB|en-SG|en-US","esim south africa"
"esim south africa prices",1,1,"de-DE","esim south africa price"
"esim south africa reddit",1,1,"de-DE|en-AU|en-GB|en-SG|en-US","esim south africa"
"esim south africa review",1,1,"de-DE","esim for south africa review"
"esim south africa reviews",1,1,"en-US","esim for south africa review"
"esim south africa telkom",1,1,"en-AU|en-GB|en-SG|en-US","esim south africa"
"esim south africa travel",1,1,"en-US","esim south africa tourist"
"esim south africa unlimited data",1,1,"de-DE|en-US","esim south africa unlimited"
"esim south america 30 days",1,1,"de-DE|en-AU|en-GB|en-SG|en-US","esim south america"
"esim south korea 10gb",1,1,"de-DE|en-US","esim korea 10gb"
"esim south korea reddit",1,1,"de-DE|en-US","esim korea reddit"
"esim south korea tourist",1,1,"de-DE|en-US","esim korea tourist"
"esim southeast asia unlimited data",1,1,"de-DE|en-AU|en-GB|en-SG|en-US","esim southeast asia"
"esim spain and portugal",1,1,"en-AU|en-GB|en-SG|en-US","esim spain"
"esim speed test",1,1,"de-DE|en-AU|en-GB|en-SG|en-US","esim speed"
"esim suvarnabhumi airport",1,1,"en-US","esim thailand airport"
"esim switzerland cost",1,1,"en-AU","esim switzerland price"
"esim switzerland iphone",1,1,"de-DE|en-US","esim switzerland for iphone"
"esim switzerland reddit",1,1,"en-AU|en-GB|en-SG|en-US","esim switzerland"
"esim switzerland review",1,1,"de-DE|en-US","esim for switzerland review"
"esim switzerland tourist",1,1,"en-AU|en-GB|en-SG|en-US","esim switzerland"
"esim switzerland tourist reddit",1,1,"de-DE|en-US","esim switzerland tourist"
"esim taiwan and japan",1,1,"en-AU|en-GB|en-SG|en-US","esim taiwan"
"esim taiwan reddit",1,1,"en-AU|en-GB|en-SG|en-US","esim taiwan"
"esim taiwan reddit ph",1,1,"de-DE|en-US","esim taiwan reddit"
"esim taiwan review",1,1,"de-DE|en-US","esim for taiwan review"
"esim taiwan roaming",1,1,"de-DE","roamic esim taiwan"
"esim taiwan unlimited",1,1,"de-DE|en-AU|en-GB|en-SG|en-US","esim taiwan"
"esim taiwan vergleich",1,1,"de-DE","esim taiwan"
"esim taoyuan airport",1,1,"en-US","esim taiwan airport"
"esim thailand 15 days",1,1,"en-AU|en-GB|en-SG|en-US","esim thailand"
"esim thailand 30 days 10gb",1,1,"de-DE|en-US","esim thailand 10gb"
"esim thailand 30 tage",1,1,"de-DE","esim thailand"
"esim thailand iphone 13",1,1,"de-DE|en-US","esim thailand for iphone"
"esim thailand price comparison",1,1,"de-DE|en-AU|en-GB|en-SG|en-US","esim thailand price"
"esim thailand reddit",1,1,"en-GB|en-SG|en-US","esim thailand"
"esim thailand reddit ph",1,1,"de-DE|en-US","esim thailand reddit"
"esim thailand tourist",1,1,"en-AU|en-GB|en-SG|en-US","esim thailand"
"esim thailand tourist 30 days",1,1,"de-DE|en-US","esim thailand tourist"
"esim top up icc",1,1,"de-DE|en-AU|en-GB|en-SG|en-US","esim top up"
"esim top up uk",1,1,"de-DE|en-AU|en-GB|en-SG|en-US","esim top up"
"esim turkey and europe",1,1,"en-AU","esim turkey"
"esim turkey iphone 15",1,1,"de-DE|en-US","esim turkey for iphone"
"esim turkey istanbul airport",1,1,"de-DE|en-US","esim turkey airport"
"esim turkey price comparison",1,1,"de-DE|en-AU|en-GB|en-SG|en-US","esim turkey price"
"esim turkey reddit",1,1,"de-DE|en-AU|en-GB|en-SG|en-US","esim turkey"
"esim turkey tourist turkcell",1,1,"de-DE|en-US","esim turkey tourist"
"esim türkei",1,1,"de-DE","esim"
"esim uae best price",1,1,"de-DE|en-AU|en-GB|en-SG|en-US","esim uae price"
"esim uae iphone",1,1,"de-DE|en-US","esim uae for iphone"
"esim uae review",1,1,"de-DE|en-US","esim for uae review"
"esim uae tourist",1,1,"de-DE|en-AU|en-GB|en-SG|en-US","esim uae"
"esim uk and europe",1,1,"en-AU|en-GB|en-SG|en-US","esim uk"
"esim uk pay as you go",1,1,"en-AU|en-GB|en-SG|en-US","esim uk"
"esim uk price comparison",1,1,"de-DE|en-AU|en-GB|en-SG|en-US","esim uk price"
"esim ukraine",1,1,"de-DE|en-GB|en-SG|en-US","esim uk"
"esim united states reddit",1,1,"en-US","esim usa reddit"
"esim usa europe",1,1,"de-DE","best esim for usa and europe"
"esim usa price comparison",1,1,"de-DE|en-AU|en-GB|en-SG|en-US","esim usa price"
"esim vancouver canada",1,1,"de-DE|en-US","esim vancouver"
"esim vancouver island",1,1,"de-DE|en-US","esim vancouver"
"esim vietnam hanoi airport",1,1,"de-DE|en-US","esim vietnam airport"
"esim vietnam iphone 13",1,1,"de-DE|en-US","esim vietnam for iphone"
"esim vietnam iphone 15",1,1,"de-DE|en-US","esim vietnam for iphone"
"esim vietnam prices",1,1,"de-DE","esim vietnam price"
"esim vietnam reddit",1,1,"en-AU|en-GB|en-SG|en-US","esim vietnam"
"esim vietnam reddit 2025",1,1,"de-DE|en-US","esim vietnam reddit"
"esim vietnam reddit ph",1,1,"de-DE|en-US","esim vietnam reddit"
"esim vietnam unlimited",1,1,"en-AU|en-GB|en-SG|en-US","esim vietnam"
"esim voice calls europe",1,1,"de-DE|en-AU|en-GB|en-SG|en-US","esim voice calls"
"esim vs local sim india",1,1,"de-DE|en-US","esim india vs sim"
"esim vs local sim indonesia",1,1,"de-DE|en-US","esim indonesia vs sim"
"esim vs physical sim australia",1,1,"de-DE|en-US","esim australia vs sim"
"esim vs physical sim costa rica",1,1,"de-DE|en-US","esim costa rica vs sim"
"esim vs physical sim egypt",1,1,"de-DE|en-US","esim egypt vs sim"
"esim vs physical sim france",1,1,"de-DE|en-US","esim france vs sim"
"esim vs physical sim germany",1,1,"en-US","esim germany vs sim"
"esim vs physical sim hong kong",1,1,"de-DE|en-US","esim hong kong vs sim"
"esim vs physical sim ireland",1,1,"de-DE|en-US","esim ireland vs sim"
"esim vs physical sim italy",1,1,"de-DE|en-US","esim italy vs sim"
"esim vs physical sim malaysia",1,1,"de-DE|en-US","esim malaysia vs sim"
"esim vs physical sim morocco",1,1,"de-DE|en-US","esim morocco vs sim"
"esim vs physical sim new zealand",1,1,"de-DE|en-US","esim new zealand vs sim"
"esim vs physical sim peru",1,1,"de-DE|en-US","esim peru vs sim"
"esim vs physical sim philippines",1,1,"de-DE|en-US","esim philippines vs sim"
"esim vs physical sim portugal",1,1,"de-DE|en-US","esim portugal vs sim"
"esim vs physical sim saudi arabia",1,1,"de-DE|en-US","esim saudi arabia vs sim"
"esim vs physical sim south africa",1,1,"de-DE|en-US","esim south africa vs sim"
"esim vs physical sim turkey",1,1,"de-DE|en-US","esim turkey vs sim"
"esim vs physical sim usa",1,1,"de-DE|en-US","esim usa vs sim"
"esim vs pocket wifi japan",1,1,"de-DE|en-AU|en-GB|en-SG|en-US","esim vs pocket wifi"
"esim vs sim australia",1,1,"de-DE|en-US","esim australia vs sim"
"esim vs sim canada",1,1,"de-DE|en-US","esim canada vs sim"
"esim vs sim card india",1,1,"de-DE|en-US","esim india vs sim"
"esim vs sim card singapore",1,1,"de-DE","esim singapore vs sim"
"esim vs sim karte",1,1,"de-DE","esim vs sim"
"esim vs sim taiwan",1,1,"de-DE|en-US","esim taiwan vs sim"
"esim vs sim uk",1,1,"de-DE|en-US","esim uk vs sim"
"esim with phone number australia",1,1,"en-AU|en-GB|en-SG","esim with phone number"
"esim with phone number korea",1,1,"de-DE|en-GB|en-SG|en-US","esim with phone number"
"esim with phone number singapore",1,1,"en-SG","esim with phone number"
"esim with phone number usa",1,1,"de-DE|en-AU|en-GB|en-SG|en-US","esim with phone number"
"esim worldwide",1,1,"de-DE|en-AU|en-GB|en-SG|en-US","esim world"
"esim zanzibar tanzania",1,1,"de-DE|en-US","esim zanzibar"
"esim.canada airport",1,1,"de-DE|en-US","esim canada airport"
"esim.colombia airport",1,1,"de-DE","esim colombia airport"
"esim.south korea and japan.reddit",1,1,"de-DE","esim for japan and south korea"
"europe esim unlimited data",1,1,"de-DE|en-AU|en-GB|en-SG|en-US","europe esim unlimited"
"fiji esim plans",1,1,"de-DE|en-US","esim fiji plans"
"fiji esim price",1,1,"de-DE|en-AU|en-GB|en-SG|en-US","esim fiji price"
"fiji esim tourist",1,1,"de-DE|en-US","esim fiji tourist"
"fiji esim unlimited data",1,1,"en-AU|en-GB|en-SG","fiji esim unlimited"
"fiji sim card esim",1,1,"de-DE|en-US","fiji esim card"
"fiji sim card tourist",1,1,"en-AU|en-GB|en-SG|en-US","fiji sim card for tourists"
"france esim unlimited data",1,1,"en-AU|en-GB|en-SG","france esim unlimited"
"french esim for.iphone",1,1,"en-US","esim france for iphone"
"french esim reddit",1,1,"en-US","esim france reddit"
"french sim card for tourists",1,1,"en-AU|en-GB|en-SG|en-US","france sim card for tourists"
"georgia esim unlimited data",1,1,"en-AU|en-GB|en-SG","georgia esim unlimited"
"georgia sim card esim",1,1,"de-DE|en-US","georgia esim card"
"georgia sim card price",1,1,"en-AU|en-GB|en-SG|en-US","georgia sim card for tourists"
"georgian esim.card",1,1,"en-US","georgia esim card"
"german esim card with phone number",1,1,"en-US","germany esim card"
"germany esim 10gb",1,1,"en-US","esim germany 10gb"
"germany esim unlimited data",1,1,"en-AU|en-GB|en-SG","germany esim unlimited"
"germany prepaid esim card",1,1,"de-DE|en-US","germany esim card"
"get esim peru",1,1,"de-DE","how to get an esim for peru"
"global esim erfahrungen",1,1,"de-DE","global esim"
"global esim plans",1,1,"en-AU|en-GB|en-US","global esim"
"global esim unlimited data",1,1,"de-DE|en-AU|en-GB|en-SG|en-US","global esim"
"globe esim philippines price",1,1,"de-DE|en-AU|en-GB|en-SG|en-US","esim philippines price"
"gomo esim philippines reddit",1,1,"de-DE|en-US","esim philippines reddit"
"great britain esim",1,1,"de-DE|en-AU|en-GB|en-SG|en-US","britain esim"
"greece esim plans",1,1,"de-DE|en-US","esim greece plans"
"greece esim unlimited data",1,1,"en-AU|en-GB|en-SG","greece esim unlimited"
"greece sim cards for tourists",1,1,"en-AU|en-GB|en-SG|en-US","greece sim card for tourists"
"holafly esim aktivieren",1,1,"de-DE","holafly esim"
"holafly esim argentina review",1,1,"de-DE|en-US","holafly esim argentina"
"holafly esim australia review",1,1,"de-DE|en-US","holafly esim australia"
"holafly esim belgique",1,1,"en-US","holafly esim belgium"
"holafly esim brazil review",1,1,"de-DE|en-US","holafly esim brazil"
"holafly esim canada review",1,1,"de-DE|en-US","holafly esim canada"
"holafly esim china vpn",1,1,"de-DE|en-US","holafly esim china"
"holafly esim colombia review",1,1,"de-DE|en-US","holafly esim colombia"
"holafly esim discount code reddit",1,1,"en-AU|en-GB|en-SG|en-US","holafly esim promo code"
"holafly esim doha qatar",1,1,"de-DE|en-US","holafly esim qatar"
"holafly esim egypt review",1,1,"de-DE|en-US","holafly esim egypt"
"holafly esim fiji review",1,1,"de-DE","holafly esim fiji"
"holafly esim france review",1,1,"de-DE|en-US","holafly esim france"
"holafly esim germany review",1,1,"en-US","holafly esim germany"
"holafly esim greece review",1,1,"de-DE|en-US","holafly esim greece"
"holafly esim hong kong china",1,1,"de-DE|en-US","holafly esim hong kong"
"holafly esim hrvatska",1,1,"en-US","holafly esim croatia"
"holafly esim iceland review",1,1,"de-DE|en-US","holafly esim iceland"
"holafly esim india review",1,1,"de-DE|en-US","holafly esim india"
"holafly esim indonesia review",1,1,"de-DE|en-US","holafly esim indonesia"
"holafly esim italy review",1,1,"de-DE|en-US","holafly esim italy"
"holafly esim japan erfahrungen",1,1,"de-DE","holafly esim japan"
"holafly esim japan review",1,1,"en-US","holafly esim japan"
"holafly esim kenya review",1,1,"de-DE|en-US","holafly esim kenya"
"holafly esim korea and japan",1,1,"de-DE|en-US","holafly esim korea"
"holafly esim korea reddit",1,1,"de-DE|en-US","holafly esim korea"
"holafly esim malaysia review",1,1,"de-DE|en-US","holafly esim malaysia"
"holafly esim mexico review",1,1,"de-DE|en-US","holafly esim mexico"
"holafly esim morocco not working",1,1,"de-DE|en-US","holafly esim morocco"
"holafly esim peru review",1,1,"de-DE|en-US","holafly esim peru"
"holafly esim philippines review",1,1,"de-DE|en-US","holafly esim philippines"
"holafly esim plans europe",1,1,"de-DE|en-AU|en-GB|en-SG|en-US","holafly esim plans"
"holafly esim polska",1,1,"en-US","holafly esim poland"
"holafly esim portugal review",1,1,"de-DE|en-US","holafly esim portugal"
"holafly esim price japan",1,1,"en-US","holafly esim price"
"holafly esim promo codes",1,1,"de-DE","holafly esim promo code"
"holafly esim review",1,1,"en-AU|en-GB|en-SG|en-US","holafly esim"
"holafly esim review costa rica",1,1,"de-DE","holafly esim review"
"holafly esim review reddit",1,1,"de-DE|en-AU|en-GB|en-SG|en-US","holafly esim review"
"holafly esim reviews australia",1,1,"en-AU|en-GB|en-SG|en-US","holafly esim review"
"holafly esim singapore",1,1,"en-SG","holafly esim"
"holafly esim singapore review",1,1,"de-DE|en-US","holafly esim singapore"
"holafly esim spain review",1,1,"de-DE|en-US","holafly esim spain"
"holafly esim speed test",1,1,"de-DE|en-AU|en-GB|en-SG|en-US","esim speed test"
"holafly esim switzerland review",1,1,"de-DE|en-US","holafly esim switzerland"
"holafly esim taiwan review",1,1,"de-DE|en-US","holafly esim taiwan"
"holafly esim thailand erfahrungen",1,1,"de-DE|en-US","holafly esim thailand"
"holafly esim thailand review",1,1,"en-US","holafly esim thailand"
"holafly esim turkey review",1,1,"de-DE|en-US","holafly esim turkey"
"holafly esim uae review",1,1,"de-DE|en-US","holafly esim uae"
"holafly esim uk reddit",1,1,"de-DE|en-US","holafly esim uk"
"holafly esim ukraine",1,1,"de-DE|en-US","holafly esim uk"
"holafly esim unlimited data",1,1,"de-DE|en-US","holafly esim unlimited"
"holafly esim usa erfahrungen",1,1,"de-DE","holafly esim usa"
"holafly esim usa review",1,1,"en-US","holafly esim usa"
"holafly esim vietnam review",1,1,"de-DE|en-US","holafly esim vietnam"
"holafly esim vs airalo reddit",1,1,"de-DE|en-US","holafly esim vs airalo"
"holafly esim österreich",1,1,"en-US","holafly esim austria"
"holafly esim.fiji.review",1,1,"en-US","holafly esim fiji"
"holafly japan esim price",1,1,"de-DE","holafly esim price"
"holafly spain esim",1,1,"de-DE","holafly esim spain"
"hong kong cheapest esim",1,1,"de-DE","cheapest esim for hong kong"
"hong kong esim card with phone number",1,1,"de-DE|en-US","hong kong esim card"
"hong kong esim plans",1,1,"de-DE","esim hong kong plans"
"hong kong esim unlimited data",1,1,"en-AU|en-GB|en-SG","hong kong esim unlimited"
"hong kong sim card for tourist reddit",1,1,"en-AU|en-GB|en-SG|en-US","hong kong sim card for tourists"
"how do i get an esim for turkey",1,1,"en-US","how to get an esim for turkey"
"how many international airports are in colombia",1,1,"en-US","esim colombia airport"
"how many international airports are in peru",1,1,"en-US","esim peru airport"
"how many international airports in costa rica",1,1,"en-US","esim costa rica airport"
"how to activate esim on iphone",1,1,"de-DE|en-AU|en-GB|en-SG|en-US","how to activate esim"
"how to activate esim ooredoo qatar",1,1,"en-US","saily esim qatar"
"how to buy an esim for australia",1,1,"en-US","how to get an esim for australia"
"how to buy an esim for brazil",1,1,"en-US","how to get an esim for brazil"
"how to buy an esim for canada",1,1,"en-US","how to get an esim for canada"
"how to buy an esim for china",1,1,"de-DE|en-US","how to get an esim for china"
"how to buy an esim for colombia",1,1,"de-DE|en-US","how to get an esim for colombia"
"how to buy an esim for costa rica",1,1,"de-DE|en-US","how to get an esim for costa rica"
"how to buy an esim for egypt",1,1,"en-US","how to get an esim for egypt"
"how to buy an esim for france",1,1,"de-DE|en-US","how to get an esim for france"
"how to buy an esim for germany",1,1,"de-DE|en-US","how to get an esim for germany"
"how to buy an esim for greece",1,1,"de-DE|en-US","how to get an esim for greece"
"how to buy an esim for iceland",1,1,"de-DE|en-US","how to get an esim for iceland"
"how to buy an esim for india",1,1,"en-US","how to get an esim for india"
"how to buy an esim for indonesia",1,1,"en-US","how to get an esim for indonesia"
"how to buy an esim for ireland",1,1,"de-DE|en-US","how to get an esim for ireland"
"how to buy an esim for italy",1,1,"en-US","how to get an esim for italy"
"how to buy an esim for kenya",1,1,"de-DE|en-US","how to get an esim for kenya"
"how to buy an esim for korea",1,1,"de-DE|en-US","how to get an esim for korea"
"how to buy an esim for mexico",1,1,"en-US","how to get an esim for mexico"
"how to buy an esim for morocco",1,1,"de-DE|en-US","how to get an esim for morocco"
"how to buy an esim for new zealand",1,1,"de-DE|en-US","how to get an esim for new zealand"
"how to buy an esim for peru",1,1,"de-DE|en-US","how to get an esim for peru"
"how to buy an esim for portugal",1,1,"de-DE|en-US","how to get an esim for portugal"
"how to buy an esim for singapore",1,1,"en-US","how to get an esim for singapore"
"how to buy an esim for south africa",1,1,"en-US","how to get an esim for south africa"
"how to buy an esim for spain",1,1,"de-DE|en-US","how to get an esim for spain"
"how to buy an esim for switzerland",1,1,"de-DE|en-US","how to get an esim for switzerland"
"how to buy an esim for taiwan",1,1,"de-DE|en-US","how to get an esim for taiwan"
"how to buy an esim for thailand",1,1,"de-DE|en-US","how to get an esim for thailand"
"how to buy an esim for turkey",1,1,"de-DE","how to get an esim for turkey"
"how to buy an esim for vietnam",1,1,"de-DE|en-US","how to get an esim for vietnam"
"how to buy esim for georgia",1,1,"en-US","how to get an esim for georgia"
"how to buy esim for hong kong",1,1,"de-DE|en-US","how to get an esim for hong kong"
"how to buy esim for malaysia",1,1,"en-US","how to get an esim for malaysia"
"how to buy esim for netherlands",1,1,"en-US","how to get an esim for netherlands"
"how to buy esim for philippines",1,1,"en-US","how to get an esim for philippines"
"how to buy esim for qatar",1,1,"en-US","how to get an esim for qatar"
"how to buy esim for saudi arabia",1,1,"en-US","how to get an esim for saudi arabia"
"how to buy esim for uae",1,1,"en-US","how to get an esim for uae"
"how to buy esim poland",1,1,"en-US","how to get an esim for poland"
"how to get a singapore esim",1,1,"de-DE","how to get an esim for singapore"
"how to get airtel esim india",1,1,"de-DE","how to get an esim for india"
"how to get an esim card for italy",1,1,"de-DE","how to get an esim for italy"
"how to get an esim for europe from canada",1,1,"de-DE|en-US","how to get an esim for canada"
"how to get an esim for japan travel",1,1,"de-DE|en-US","how to get an esim for japan"
"how to get an esim for south korea",1,1,"de-DE|en-US","how to get an esim for korea"
"how to get an esim for uk and europe",1,1,"de-DE|en-US","how to get an esim for uk"
"how to get an esim in belgium",1,1,"de-DE|en-US","how to get an esim for belgium"
"how to get an esim in georgia",1,1,"de-DE","how to get an esim for georgia"
"how to get an esim three ireland",1,1,"de-DE|en-US","how to get an esim for ireland"
"how to get esim china number",1,1,"de-DE|en-US","how to get an esim for china"
"how to get esim for austria",1,1,"de-DE","how to get an esim for austria"
"how to get esim for south africa",1,1,"de-DE","how to get an esim for south africa"
"how to get esim for thailand trip",1,1,"de-DE","how to get an esim for thailand"
"how to get esim in croatia",1,1,"de-DE|en-US","how to get an esim for croatia"
"how to get esim smart philippines",1,1,"de-DE|en-US","how to get an esim for philippines"
"how to get esim usa free",1,1,"de-DE|en-US","how to get an esim for usa"
"how to get esim virgin uae",1,1,"de-DE|en-US","how to get an esim for uae"
"how to get esim vodafone egypt",1,1,"de-DE|en-US","how to get an esim for egypt"
"how to get indonesia esim",1,1,"de-DE","how to get an esim for indonesia"
"how to get lebara esim netherlands",1,1,"de-DE|en-US","how to get an esim for netherlands"
"how to get malaysia esim online",1,1,"de-DE","how to get an esim for malaysia"
"how to get o2 esim germany",1,1,"de-DE|en-US","how to get an esim for germany"
"how to install esim on iphone",1,1,"de-DE|en-AU|en-GB|en-SG|en-US","how to install esim"
"iceland esim cheap",1,1,"en-AU|en-GB|en-SG|en-US","esim iceland price"
"iceland esim for iphone",1,1,"de-DE|en-US","esim iceland for iphone"
"iceland esim plans",1,1,"de-DE|en-US","esim iceland plans"
"iceland esim unlimited data",1,1,"en-AU|en-GB|en-SG","iceland esim unlimited"
"iceland sim card for tourist",1,1,"en-AU|en-GB|en-SG|en-US","iceland sim card for tourists"
"iceland tourist esim",1,1,"de-DE|en-US","esim iceland tourist"
"iliad italia esim tourist",1,1,"de-DE","esim italy tourist"
"india esim card for tourists",1,1,"de-DE|en-US","india esim card"
"india esim card online",1,1,"de-DE|en-US","india esim card"
"india esim cheap reddit",1,1,"de-DE","cheap esim india"
"india esim unlimited data",1,1,"en-AU|en-GB|en-SG","india esim unlimited"
"india sim card for tourists price",1,1,"de-DE|en-AU|en-GB|en-SG|en-US","india sim card for tourists"
"indian esim reddit",1,1,"en-US","esim india reddit"
"indonesia esim airport",1,1,"de-DE|en-US","esim indonesia airport"
"indonesia esim card for tourist",1,1,"de-DE|en-US","indonesia esim card"
"indonesia esim unlimited data",1,1,"en-AU|en-GB|en-SG","indonesia esim unlimited"
"indonesia sim card for tourist price",1,1,"en-AU|en-GB|en-SG|en-US","indonesia sim card for tourists"
"international esim australia",1,1,"en-AU","international esim"
"international esim for travel",1,1,"de-DE|en-AU|en-GB|en-SG|en-US","international esim"
"international esim plans",1,1,"de-DE|en-GB|en-SG|en-US","international esim"
"iphone 15 pro esim usa",1,1,"de-DE","esim usa for iphone"
"iphone esim india",1,1,"de-DE","esim india for iphone"
"ireland esim unlimited data",1,1,"en-AU|en-GB|en-SG","ireland esim unlimited"
"is airalo esim good for china",1,1,"de-DE|en-US","is airalo esim good"
"is airalo esim good for japan",1,1,"de-DE|en-US","is airalo esim good"
"is bmw esim available in australia",1,1,"de-DE","is esim available in australia"
"is esim available in egypt vodafone",1,1,"de-DE|en-US","is esim available in egypt"
"is esim available in hong kong iphone",1,1,"de-DE|en-US","is esim available in hong kong"
"is esim available in malaysia airport",1,1,"de-DE|en-US","is esim available in malaysia"
"is esim available in ph",1,1,"en-US","is esim available in philippines"
"is esim available in smart philippines",1,1,"de-DE|en-US","is esim available in philippines"
"is esim available in south korea",1,1,"de-DE|en-US","is esim available in korea"
"is esim available in uk for lebara",1,1,"de-DE|en-US","is esim available in uk"
"is esim in australia",1,1,"en-US","is esim available in australia"
"is esim in japan good",1,1,"en-US","is esim available in japan"
"is esim supported in saudi arabia",1,1,"en-US","is esim available in saudi arabia"
"is esim supported in south africa",1,1,"en-US","is esim available in south africa"
"is esim working in egypt",1,1,"en-AU|en-GB|en-SG|en-US","does esim work in egypt"
"is esim worth it for travel",1,1,"de-DE|en-AU|en-GB|en-SG|en-US","is esim worth it"
"is esim worth it reddit",1,1,"de-DE|en-AU|en-GB|en-SG|en-US","is esim worth it"
"is holafly esim good for china",1,1,"de-DE|en-US","is holafly esim good"
"is holafly esim good for europe",1,1,"de-DE|en-US","is holafly esim good"
"is jetpac esim good in china",1,1,"de-DE|en-US","is jetpac esim good"
"is lyca esim available in usa",1,1,"de-DE|en-US","is esim available in usa"
"is nomad esim good for china",1,1,"de-DE|en-US","is nomad esim good"
"is nomad esim israeli",1,1,"de-DE|en-US","nomad esim israel"
"is roamic esim good in turkey",1,1,"de-DE|en-US","is roamic esim good"
"is saily esim available in canada",1,1,"de-DE|en-US","is esim available in canada"
"is saily esim good for japan",1,1,"en-US","is saily esim good"
"is saily esim good for malaysia",1,1,"de-DE","is saily esim good"
"is ubigi esim good for japan",1,1,"de-DE|en-US","is ubigi esim good"
"israel esim plans",1,1,"de-DE|en-US","esim israel plans"
"israel esim unlimited data",1,1,"en-AU|en-GB|en-SG","israel esim unlimited"
"israeli sim card for tourists",1,1,"en-GB","israel sim card for tourists"
"istanbul esim tourist",1,1,"de-DE|en-AU|en-GB|en-SG|en-US","istanbul esim"
"italy esim card with phone number",1,1,"de-DE|en-US","italy esim card"
"italy esim price comparison",1,1,"de-DE","esim italy price"
"italy esim tourist reddit",1,1,"de-DE|en-US","esim italy tourist"
"italy esim unlimited data",1,1,"en-AU|en-GB|en-SG","italy esim unlimited"
"italy sim card for tourist price",1,1,"en-AU|en-GB|en-SG|en-US","italy sim card for tourists"
"japan esim card for tourist",1,1,"de-DE|en-US","japan esim card"
"japan esim unlimited data",1,1,"en-AU|en-GB|en-SG","japan esim unlimited"
"japan esim vs sim",1,1,"de-DE|en-US","esim japan vs sim"
"japanese sim card for tourists reddit",1,1,"en-AU|en-GB|en-SG|en-US","japan sim card for tourists"
"jetpac esim abu dhabi",1,1,"en-US","jetpac esim uae"
"jetpac esim australia review",1,1,"de-DE|en-US","jetpac esim australia"
"jetpac esim brasil",1,1,"en-US","jetpac esim brazil"
"jetpac esim canada review",1,1,"de-DE|en-US","jetpac esim canada"
"jetpac esim china review",1,1,"de-DE|en-US","jetpac esim china"
"jetpac esim colombia review",1,1,"de-DE|en-US","jetpac esim colombia"
"jetpac esim data plans",1,1,"de-DE|en-AU|en-GB|en-SG|en-US","jetpac esim plans"
"jetpac esim germany reddit",1,1,"de-DE|en-US","jetpac esim germany"
"jetpac esim greece review",1,1,"de-DE|en-US","jetpac esim greece"
"jetpac esim india review",1,1,"de-DE|en-US","jetpac esim india"
"jetpac esim indonesia review",1,1,"de-DE|en-US","jetpac esim indonesia"
"jetpac esim italy review",1,1,"de-DE|en-US","jetpac esim italy"
"jetpac esim japan review",1,1,"de-DE|en-US","jetpac esim japan"
"jetpac esim korea review",1,1,"de-DE|en-US","jetpac esim korea"
"jetpac esim malaysia review",1,1,"de-DE|en-US","jetpac esim malaysia"
"jetpac esim mexico review",1,1,"de-DE|en-US","jetpac esim mexico"
"jetpac esim morocco review",1,1,"de-DE|en-US","jetpac esim morocco"
"jetpac esim peru review",1,1,"de-DE|en-US","jetpac esim peru"
"jetpac esim philippines review",1,1,"de-DE|en-US","jetpac esim philippines"
"jetpac esim promo code reddit",1,1,"de-DE|en-AU|en-GB|en-SG|en-US","jetpac esim promo code"
"jetpac esim review",1,1,"en-AU|en-GB|en-SG|en-US","jetpac esim"
"jetpac esim review bali",1,1,"de-DE|en-AU|en-GB|en-SG|en-US","jetpac esim review"
"jetpac esim review reddit",1,1,"de-DE|en-AU|en-GB|en-SG|en-US","jetpac esim review"
"jetpac esim spain review",1,1,"de-DE|en-US","jetpac esim spain"
"jetpac esim thailand review",1,1,"de-DE|en-US","jetpac esim thailand"
"jetpac esim turkey review",1,1,"de-DE|en-US","jetpac esim turkey"
"jetpac esim türkei",1,1,"de-DE","jetpac esim"
"jetpac esim uk review",1,1,"de-DE|en-US","jetpac esim uk"
"jetpac esim unlimited data",1,1,"de-DE|en-US","jetpac esim unlimited"
"jetpac esim usa review",1,1,"de-DE|en-US","jetpac esim usa"
"jetpac esim vietnam review",1,1,"de-DE|en-US","jetpac esim vietnam"
"jetpac esim vpn china",1,1,"de-DE","jetpac esim china"
"jetpac esim.mexico telcel",1,1,"de-DE","jetpac esim mexico"
"jetpac esim.taiwan",1,1,"de-DE","jetpac esim taiwan"
"jetpack esim france",1,1,"en-US","jetpac esim france"
"jetpack esim price",1,1,"en-US","jetpac esim price"
"jetpack esim switzerland",1,1,"en-US","jetpac esim switzerland"
"kenya esim plans",1,1,"de-DE|en-US","esim kenya plans"
"kenya esim tourist",1,1,"de-DE|en-US","esim kenya tourist"
"kenya esim unlimited data",1,1,"en-AU|en-GB|en-SG","kenya esim unlimited"
"kenya sim card for tourist",1,1,"en-AU|en-GB|en-SG|en-US","kenya sim card for tourists"
"klook esim for hong kong review",1,1,"de-DE|en-US","esim for hong kong review"
"klook esim singapore price",1,1,"en-AU|en-GB|en-SG|en-US","esim singapore price"
"kolbi esim costa rica reddit",1,1,"de-DE|en-US","esim costa rica reddit"
"koodo esim qr code",1,1,"en-US","jetpac esim qatar"
"korea esim card with phone number",1,1,"de-DE|en-US","korea esim card"
"korea esim for iphone",1,1,"de-DE|en-US","esim korea for iphone"
"korea esim price comparison",1,1,"de-DE|en-AU|en-GB|en-SG|en-US","esim korea price"
"korea esim tourist reddit",1,1,"de-DE|en-US","esim korea tourist"
"korea esim unlimited data",1,1,"en-AU|en-GB|en-SG","korea esim unlimited"
"korea esim vs sim",1,1,"de-DE|en-US","esim korea vs sim"
"korean esim plan",1,1,"en-US","esim korea plans"
"korean esim reddit",1,1,"en-US","esim korea reddit"
"korean sim card for tourists",1,1,"en-AU|en-GB|en-SG|en-US","korea sim card for tourists"
"ksa esim for visitors",1,1,"de-DE|en-AU|en-GB|en-SG|en-US","ksa esim"
"kuala lumpur esim tourist",1,1,"de-DE|en-AU|en-GB|en-SG|en-US","kuala lumpur esim"
"lisbon esim reddit",1,1,"de-DE|en-AU|en-GB|en-SG|en-US","lisbon esim"
"lyca esim uk reddit",1,1,"de-DE|en-US","esim uk reddit"
"macau esim card",1,1,"en-US","macao esim card"
"macau sim card for tourist",1,1,"en-AU|en-GB|en-SG|en-US","macao sim card for tourists"
"magti georgia esim tourist",1,1,"de-DE|en-US","esim georgia tourist"
"malaysia esim at airport",1,1,"de-DE","esim malaysia airport"
"malaysia esim card for tourist",1,1,"de-DE|en-US","malaysia esim card"
"malaysia esim for iphone",1,1,"en-US","esim malaysia for iphone"
"malaysia esim reddit singapore",1,1,"de-DE|en-US","esim malaysia reddit"
"malaysia esim unlimited data",1,1,"en-AU|en-GB|en-SG","malaysia esim unlimited"
"malaysia sim card for tourist price",1,1,"en-AU|en-GB|en-SG|en-US","malaysia sim card for tourists"
"marrakech esim card",1,1,"de-DE|en-AU|en-GB|en-SG|en-US","marrakech esim"
"maya esim coverage map",1,1,"de-DE|en-AU|en-GB|en-SG|en-US","esim coverage map"
"mexican sim card for tourists",1,1,"en-AU|en-GB|en-SG|en-US","mexico sim card for tourists"
"mexico esim card unlimited data",1,1,"de-DE|en-US","mexico esim card"
"mexico esim unlimited data",1,1,"en-AU|en-GB|en-SG","mexico esim unlimited"
"mexico esim vs sim",1,1,"de-DE|en-US","esim mexico vs sim"
"mexiko esim 10gb",1,1,"de-DE","esim mexico 10gb"
"moroccan esim reddit",1,1,"en-US","esim morocco reddit"
"morocco esim card unlimited data",1,1,"de-DE|en-US","morocco esim card"
"morocco esim data plans",1,1,"de-DE|en-US","esim morocco plans"
"morocco esim iphone",1,1,"de-DE","esim morocco for iphone"
"morocco esim tourist",1,1,"de-DE","esim morocco tourist"
"morocco esim unlimited data",1,1,"en-AU|en-GB|en-SG","morocco esim unlimited"
"morocco sim card for tourist prepaid",1,1,"en-AU|en-GB|en-SG|en-US","morocco sim card for tourists"
"morocco sim vs esim",1,1,"de-DE|en-US","esim morocco vs sim"
"movistar argentina esim card",1,1,"de-DE|en-US","argentina esim card"
"movistar argentina esim tourist",1,1,"de-DE|en-US","esim argentina tourist"
"nairobi esim reddit",1,1,"de-DE|en-AU|en-GB|en-SG|en-US","nairobi esim"
"netherlands esim unlimited data",1,1,"en-AU|en-GB|en-SG","netherlands esim unlimited"
"netherlands sim card for tourist",1,1,"en-AU|en-GB|en-SG|en-US","netherlands sim card for tourists"
"new zealand esim unlimited data",1,1,"en-AU|en-GB|en-SG","new zealand esim unlimited"
"new zealand sim card for tourist australia",1,1,"en-AU|en-GB|en-SG|en-US","new zealand sim card for tourists"
"nomad esim argentina review",1,1,"de-DE|en-US","nomad esim argentina"
"nomad esim australia review",1,1,"de-DE|en-US","nomad esim australia"
"nomad esim brazil review",1,1,"de-DE|en-US","nomad esim brazil"
"nomad esim canada review",1,1,"de-DE|en-US","nomad esim canada"
"nomad esim china erfahrungen",1,1,"de-DE","nomad esim china"
"nomad esim egypt review",1,1,"de-DE|en-US","nomad esim egypt"
"nomad esim erfahrungen",1,1,"de-DE","nomad esim"
"nomad esim france review",1,1,"de-DE|en-US","nomad esim france"
"nomad esim greece review",1,1,"de-DE|en-US","nomad esim greece"
"nomad esim hrvatska",1,1,"en-US","nomad esim croatia"
"nomad esim iceland review",1,1,"de-DE|en-US","nomad esim iceland"
"nomad esim india review",1,1,"de-DE|en-US","nomad esim india"
"nomad esim indonesia review",1,1,"de-DE|en-US","nomad esim indonesia"
"nomad esim ireland review",1,1,"de-DE|en-US","nomad esim ireland"
"nomad esim japan reddit",1,1,"de-DE|en-US","nomad esim japan"
"nomad esim japan review",1,1,"de-DE|en-US","nomad esim japan"
"nomad esim kenya review",1,1,"de-DE|en-US","nomad esim kenya"
"nomad esim korea review",1,1,"de-DE|en-US","nomad esim korea"
"nomad esim macau",1,1,"en-US","nomad esim macao"
"nomad esim malaysia singapore",1,1,"de-DE|en-US","nomad esim malaysia"
"nomad esim mexico review",1,1,"de-DE|en-US","nomad esim mexico"
"nomad esim morocco review",1,1,"de-DE|en-US","nomad esim morocco"
"nomad esim netherlands antilles",1,1,"de-DE|en-US","nomad esim netherlands"
"nomad esim peru review",1,1,"de-DE|en-US","nomad esim peru"
"nomad esim philippines reddit",1,1,"de-DE|en-US","nomad esim philippines"
"nomad esim plans europe",1,1,"de-DE|en-AU|en-GB|en-SG|en-US","nomad esim plans"
"nomad esim polska",1,1,"en-US","nomad esim poland"
"nomad esim portugal review",1,1,"de-DE|en-US","nomad esim portugal"
"nomad esim prices",1,1,"de-DE|en-US","nomad esim price"
"nomad esim promo code",1,1,"de-DE|en-AU|en-GB|en-SG|en-US","nomad esim"
"nomad esim review",1,1,"en-AU|en-GB|en-SG|en-US","nomad esim"
"nomad esim review europe",1,1,"en-AU|en-GB|en-SG","nomad esim review"
"nomad esim review japan",1,1,"de-DE|en-AU|en-GB|en-SG|en-US","nomad esim review"
"nomad esim review reddit",1,1,"de-DE|en-AU|en-GB|en-SG|en-US","nomad esim review"
"nomad esim singapore",1,1,"en-SG","nomad esim"
"nomad esim spain review",1,1,"de-DE|en-US","nomad esim spain"
"nomad esim switzerland review",1,1,"de-DE|en-US","nomad esim switzerland"
"nomad esim thailand erfahrungen",1,1,"de-DE|en-US","nomad esim thailand"
"nomad esim thailand review",1,1,"de-DE|en-US","nomad esim thailand"
"nomad esim turkey review",1,1,"de-DE|en-US","nomad esim turkey"
"nomad esim uae review",1,1,"de-DE|en-US","nomad esim uae"
"nomad esim uk reddit",1,1,"de-DE|en-US","nomad esim uk"
"nomad esim uk review",1,1,"de-DE|en-US","nomad esim uk"
"nomad esim unlimited data",1,1,"de-DE|en-US","nomad esim unlimited"
"nomad esim usa erfahrungen",1,1,"de-DE","nomad esim usa"
"nomad esim usa not working",1,1,"de-DE|en-US","nomad esim usa"
"nomad esim vietnam review",1,1,"de-DE|en-US","nomad esim vietnam"
"nomad esim vs airalo reddit",1,1,"de-DE|en-US","nomad esim vs airalo"
"nomad esim österreich",1,1,"en-US","nomad esim austria"
"nz esim travel",1,1,"de-DE|en-AU|en-GB|en-SG|en-US","nz esim"
"o2 esim germany plans",1,1,"en-US","esim germany plans"
"orange esim egypt tourist",1,1,"de-DE|en-US","esim egypt tourist"
"orange esim france tourist",1,1,"de-DE|en-US","esim france tourist"
"orange esim plans france",1,1,"de-DE|en-US","esim france plans"
"paris esim card",1,1,"de-DE|en-AU|en-GB|en-SG|en-US","paris esim"
"peru esim card reddit",1,1,"de-DE|en-US","peru esim card"
"peru esim plans",1,1,"de-DE|en-US","esim peru plans"
"peru esim prices",1,1,"de-DE","esim peru price"
"peru esim unlimited data",1,1,"en-AU|en-GB|en-SG","peru esim unlimited"
"peru sim card for tourist claro",1,1,"en-AU|en-GB|en-SG|en-US","peru sim card for tourists"
"philippines airport esim",1,1,"de-DE","esim philippines airport"
"philippines esim 10gb",1,1,"de-DE|en-US","esim philippines 10gb"
"philippines esim airport",1,1,"en-US","esim philippines airport"
"philippines esim tourist smart",1,1,"de-DE|en-US","esim philippines tourist"
"philippines esim unlimited data",1,1,"en-AU|en-GB|en-SG","philippines esim unlimited"
"philippines sim card for tourist price",1,1,"en-AU|en-GB|en-SG|en-US","philippines sim card for tourists"
"philips best netherlands address",1,1,"en-US","best esim for netherlands and belgium"
"poland esim unlimited data",1,1,"en-AU|en-GB|en-SG","poland esim unlimited"
"poland sim card for tourist",1,1,"en-AU|en-GB|en-SG|en-US","poland sim card for tourists"
"polish esim card",1,1,"en-US","poland esim card"
"portugal esim for iphone",1,1,"de-DE|en-US","esim portugal for iphone"
"portugal esim price",1,1,"de-DE|en-AU|en-GB|en-SG|en-US","esim portugal price"
"portugal esim unlimited data",1,1,"en-AU|en-GB|en-SG","portugal esim unlimited"
"portugal sim card for tourist",1,1,"en-AU|en-GB|en-SG|en-US","portugal sim card for tourists"
"portuguese esim card",1,1,"en-US","portugal esim card"
"prepaid sim card canada for tourists",1,1,"de-DE","canada sim card for tourists"
"qatar esim plans",1,1,"de-DE|en-US","esim qatar plans"
"qatar esim unlimited data",1,1,"en-AU|en-GB|en-SG","qatar esim unlimited"
"qatar sim card for tourist",1,1,"en-AU|en-GB|en-SG|en-US","qatar sim card for tourists"
"reddit best esim spain",1,1,"de-DE","esim spain reddit"
"reddit cheap esim china",1,1,"de-DE","cheap esim china"
"revolut esim peru reddit",1,1,"de-DE|en-US","esim peru reddit"
"revolut esim switzerland price",1,1,"de-DE|en-AU|en-GB|en-SG|en-US","esim switzerland price"
"roamic esim app",1,1,"de-DE","roami esim"
"roamic esim australia review",1,1,"de-DE|en-US","roamic esim australia"
"roamic esim belgique",1,1,"en-US","roamic esim belgium"
"roamic esim brasil",1,1,"en-US","roamic esim brazil"
"roamic esim canada reviews",1,1,"de-DE|en-US","roamic esim canada"
"roamic esim china review",1,1,"de-DE|en-US","roamic esim china"
"roamic esim egypt reviews",1,1,"de-DE|en-US","roamic esim egypt"
"roamic esim erfahrungen",1,1,"de-DE","roamic esim"
"roamic esim india review",1,1,"de-DE|en-US","roamic esim india"
"roamic esim indonesia review",1,1,"de-DE|en-US","roamic esim indonesia"
"roamic esim italy review",1,1,"de-DE|en-US","roamic esim italy"
"roamic esim japan erfahrungen",1,1,"de-DE","roamic esim japan"
"roamic esim japan review",1,1,"de-DE|en-US","roamic esim japan"
"roamic esim mexiko",1,1,"de-DE","roamic esim mexico"
"roamic esim morocco review",1,1,"de-DE","roamic esim morocco"
"roamic esim peru review",1,1,"de-DE|en-US","roamic esim peru"
"roamic esim promo code",1,1,"de-DE|en-AU|en-GB|en-SG|en-US","roami esim promo code"
"roamic esim reviews costa rica",1,1,"en-US","roamic esim costa rica"
"roamic esim reviews new zealand",1,1,"de-DE|en-US","roamic esim new zealand"
"roamic esim saudi arabien",1,1,"en-US","roamic esim saudi arabia"
"roamic esim swiss",1,1,"en-US","roamic esim switzerland"
"roamic esim thailand erfahrungen",1,1,"de-DE|en-US","roamic esim thailand"
"roamic esim thailand review",1,1,"de-DE|en-US","roamic esim thailand"
"roamic esim turkey reviews",1,1,"de-DE|en-US","roamic esim turkey"
"roamic esim uk reviews",1,1,"de-DE|en-US","roamic esim uk"
"roamic esim unlimited data",1,1,"de-DE|en-US","roamic esim unlimited"
"roamic esim usa reviews",1,1,"de-DE|en-US","roamic esim usa"
"roamic esim österreich",1,1,"en-US","roamic esim austria"
"roamic esim.korea",1,1,"de-DE|en-US","roamic esim korea"
"roamic iceland esim",1,1,"de-DE|en-US","roamic esim iceland"
"roamic israel esim",1,1,"de-DE","roamic esim israel"
"roamic katar esim",1,1,"de-DE","roamic esim qatar"
"roamic vs airalo esim",1,1,"de-DE|en-US","roamic esim vs airalo"
"roaming esim argentina",1,1,"en-US","roami esim argentina"
"roaming esim australia",1,1,"en-US","roami esim australia"
"roaming esim brazil",1,1,"en-US","roami esim brazil"
"roaming esim canada",1,1,"en-US","roami esim canada"
"roaming esim china",1,1,"en-US","roami esim china"
"roaming esim colombia",1,1,"en-US","roami esim colombia"
"roaming esim egypt",1,1,"en-US","roami esim egypt"
"roaming esim france",1,1,"en-US","roami esim france"
"roaming esim georgia",1,1,"en-US","roami esim georgia"
"roaming esim germany",1,1,"en-US","roami esim germany"
"roaming esim greece",1,1,"en-US","roami esim greece"
"roaming esim hong kong",1,1,"en-US","roami esim hong kong"
"roaming esim india",1,1,"en-US","roami esim india"
"roaming esim ireland",1,1,"en-US","roami esim ireland"
"roaming esim italy",1,1,"en-US","roami esim italy"
"roaming esim japan",1,1,"en-US","roami esim japan"
"roaming esim kenya",1,1,"en-US","roami esim kenya"
"roaming esim korea",1,1,"en-US","roami esim korea"
"roaming esim malaysia",1,1,"en-US","roami esim malaysia"
"roaming esim mexico",1,1,"en-US","roami esim mexico"
"roaming esim morocco",1,1,"en-US","roami esim morocco"
"roaming esim new zealand",1,1,"en-US","roami esim new zealand"
"roaming esim peru",1,1,"en-US","roami esim peru"
"roaming esim philippines",1,1,"en-US","roami esim philippines"
"roaming esim plans",1,1,"en-AU|en-GB|en-SG|en-US","roami esim plans"
"roaming esim portugal",1,1,"en-US","roami esim portugal"
"roaming esim price",1,1,"en-US","roami esim price"
"roaming esim qatar",1,1,"en-US","roami esim qatar"
"roaming esim saudi arabia",1,1,"en-US","roami esim saudi arabia"
"roaming esim singapore",1,1,"en-US","roami esim singapore"
"roaming esim south africa",1,1,"en-US","roami esim south africa"
"roaming esim spain",1,1,"en-US","roami esim spain"
"roaming esim switzerland",1,1,"en-US","roami esim switzerland"
"roaming esim taiwan",1,1,"en-US","roami esim taiwan"
"roaming esim turkey",1,1,"en-US","roami esim turkey"
"roaming esim uae",1,1,"en-US","roami esim uae"
"roaming esim uk",1,1,"en-US","roami esim uk"
"roaming esim unlimited",1,1,"en-US","roami esim unlimited"
"roaming esim usa",1,1,"en-US","roami esim usa"
"roaming esim vietnam",1,1,"en-US","roami esim vietnam"
"safaricom esim kenya airport",1,1,"de-DE|en-US","esim kenya airport"
"safaricom kenya esim card",1,1,"de-DE|en-US","kenya esim card"
"saily esim argentina review",1,1,"de-DE|en-US","saily esim argentina"
"saily esim australia network",1,1,"de-DE|en-US","saily esim australia"
"saily esim austria review",1,1,"de-DE|en-US","saily esim austria"
"saily esim belgique",1,1,"en-US","saily esim belgium"
"saily esim brazil review",1,1,"de-DE|en-US","saily esim brazil"
"saily esim canada provider",1,1,"de-DE|en-US","saily esim canada"
"saily esim canada review",1,1,"de-DE|en-US","saily esim canada"
"saily esim china erfahrungen",1,1,"de-DE","saily esim china"
"saily esim china review",1,1,"de-DE|en-US","saily esim china"
"saily esim egypt review",1,1,"de-DE|en-US","saily esim egypt"
"saily esim erfahrungen",1,1,"de-DE","saily esim"
"saily esim france review",1,1,"de-DE|en-US","saily esim france"
"saily esim germany review",1,1,"de-DE|en-US","saily esim germany"
"saily esim greece review",1,1,"de-DE|en-US","saily esim greece"
"saily esim iceland review",1,1,"de-DE|en-US","saily esim iceland"
"saily esim india review",1,1,"de-DE|en-US","saily esim india"
"saily esim indonesia not working",1,1,"de-DE|en-US","saily esim indonesia"
"saily esim indonesia review",1,1,"de-DE|en-US","saily esim indonesia"
"saily esim ireland review",1,1,"de-DE|en-US","saily esim ireland"
"saily esim israel review",1,1,"de-DE|en-US","saily esim israel"
"saily esim italy review",1,1,"de-DE|en-US","saily esim italy"
"saily esim japan erfahrungen",1,1,"de-DE","saily esim japan"
"saily esim japan reddit",1,1,"en-US","saily esim japan"
"saily esim kenya review",1,1,"de-DE|en-US","saily esim kenya"
"saily esim macau",1,1,"en-US","saily esim macao"
"saily esim malaysia review",1,1,"de-DE|en-US","saily esim malaysia"
"saily esim mexico provider",1,1,"de-DE|en-US","saily esim mexico"
"saily esim morocco review",1,1,"de-DE|en-US","saily esim morocco"
"saily esim peru erfahrungen",1,1,"de-DE|en-US","saily esim peru"
"saily esim peru review",1,1,"de-DE|en-US","saily esim peru"
"saily esim philippines review",1,1,"de-DE|en-US","saily esim philippines"
"saily esim plans for europe",1,1,"de-DE|en-AU|en-GB|en-SG|en-US","saily esim plans"
"saily esim poland review",1,1,"de-DE|en-US","saily esim poland"
"saily esim portugal review",1,1,"de-DE|en-US","saily esim portugal"
"saily esim price japan",1,1,"de-DE|en-US","saily esim price"
"saily esim promo code 2025",1,1,"de-DE|en-AU|en-GB|en-SG|en-US","saily esim promo code"
"saily esim promo code free",1,1,"de-DE|en-AU|en-GB|en-SG|en-US","saily esim promo code"
"saily esim review",1,1,"en-AU|en-GB|en-SG|en-US","saily esim"
"saily esim review costa rica",1,1,"de-DE","saily esim review"
"saily esim review netherlands",1,1,"de-DE|en-US","saily esim netherlands"
"saily esim review reddit",1,1,"de-DE|en-AU|en-GB|en-SG|en-US","saily esim review"
"saily esim singapore review",1,1,"de-DE|en-US","saily esim singapore"
"saily esim spain review",1,1,"de-DE|en-US","saily esim spain"
"saily esim switzerland review",1,1,"de-DE|en-US","saily esim switzerland"
"saily esim taiwan review",1,1,"de-DE|en-US","saily esim taiwan"
"saily esim thailand erfahrungen",1,1,"de-DE","saily esim thailand"
"saily esim thailand review",1,1,"en-US","saily esim thailand"
"saily esim turkey review",1,1,"de-DE|en-US","saily esim turkey"
"saily esim uae review",1,1,"de-DE|en-US","saily esim uae"
"saily esim uk review",1,1,"de-DE|en-US","saily esim uk"
"saily esim ukraine",1,1,"de-DE|en-US","saily esim uk"
"saily esim unlimited data",1,1,"de-DE|en-US","saily esim unlimited"
"saily esim unlimited plan",1,1,"de-DE|en-US","saily esim unlimited"
"saily esim usa erfahrungen",1,1,"de-DE","saily esim usa"
"saily esim usa review",1,1,"en-US","saily esim usa"
"saily esim vietnam erfahrungen",1,1,"de-DE","saily esim vietnam"
"saily esim vietnam review",1,1,"de-DE|en-US","saily esim vietnam"
"saudi arabia e sim card",1,1,"en-US","saudi arabia esim card"
"saudi arabia sim card for tourist",1,1,"en-AU|en-GB|en-SG|en-US","saudi arabia sim card for tourists"
"seoul esim card",1,1,"de-DE|en-AU|en-GB|en-SG|en-US","seoul esim"
"seoul esim reddit",1,1,"de-DE|en-AU|en-GB|en-SG|en-US","seoul esim"
"should i get an esim for costa rica",1,1,"en-US","do i need an esim for costa rica"
"sim card for tourists in austria",1,1,"de-DE","austria sim card for tourists"
"sim card for tourists in hong kong",1,1,"de-DE","hong kong sim card for tourists"
"sim card for tourists in south korea",1,1,"de-DE","korea sim card for tourists"
"sim card for tourists netherlands",1,1,"de-DE","netherlands sim card for tourists"
"sim card for.tourists germany",1,1,"de-DE","germany sim card for tourists"
"sim card in france for tourists",1,1,"de-DE","france sim card for tourists"
"sim nieuwe esim",1,1,"de-DE|en-AU|en-GB|en-SG|en-US","holland esim"
"singapore esim card for tourist",1,1,"de-DE|en-US","singapore esim card"
"singapore esim for iphone",1,1,"en-US","esim singapore for iphone"
"singapore esim review",1,1,"de-DE","esim for singapore review"
"singapore esim unlimited data",1,1,"en-AU|en-GB|en-SG","singapore esim unlimited"
"singapore esim vs physical sim",1,1,"de-DE|en-US","esim singapore vs sim"
"singapore sim card for tourist airport",1,1,"en-AU|en-GB|en-SG|en-US","singapore sim card for tourists"
"singtel esim singapore airport",1,1,"de-DE|en-US","esim singapore airport"
"south africa esim unlimited data",1,1,"en-AU|en-GB|en-SG","south africa esim unlimited"
"south africa sim card for tourist price",1,1,"en-AU|en-GB|en-SG|en-US","south africa sim card for tourists"
"south african e sim card",1,1,"en-US","south africa esim card"
"south korea esim plans",1,1,"de-DE|en-US","esim korea plans"
"spain esim card with phone number",1,1,"de-DE|en-US","spain esim card"
"spain esim for iphone",1,1,"de-DE|en-US","esim spain for iphone"
"spain esim price comparison",1,1,"de-DE|en-AU|en-GB|en-SG|en-US","esim spain price"
"spain esim unlimited data",1,1,"en-AU|en-GB|en-SG","spain esim unlimited"
"spanish esim reddit",1,1,"en-US","esim spain reddit"
"spanish sim card for tourists",1,1,"en-AU|en-GB|en-SG|en-US","spain sim card for tourists"
"spark esim new zealand review",1,1,"de-DE|en-US","esim for new zealand review"
"spark esim new zealand tourist",1,1,"de-DE|en-US","esim new zealand tourist"
"spark esim setup",1,1,"en-US","roamic esim argentina"
"spark new zealand esim plans",1,1,"de-DE|en-US","esim new zealand plans"
"swiss sim card for travellers",1,1,"en-GB|en-SG|en-US","switzerland sim card for tourists"
"swisscom prepaid sim card for tourist",1,1,"en-AU|en-GB|en-SG|en-US","switzerland sim card for tourists"
"switzerland esim reddit",1,1,"en-US","esim switzerland reddit"
"switzerland esim unlimited data",1,1,"en-AU|en-GB|en-SG","switzerland esim unlimited"
"switzerland sim card esim",1,1,"de-DE|en-US","switzerland esim card"
"t mobile esim usa plans",1,1,"de-DE","esim usa plans"
"t mobile poland esim tourist",1,1,"de-DE|en-US","esim poland tourist"
"taipei esim airport",1,1,"de-DE|en-AU|en-GB|en-SG|en-US","taipei esim"
"taipei esim reddit",1,1,"de-DE|en-AU|en-GB|en-SG|en-US","taipei esim"
"taiwan esim for iphone",1,1,"de-DE|en-US","esim taiwan for iphone"
"taiwan esim plans",1,1,"de-DE|en-US","esim taiwan plans"
"taiwan esim unlimited data",1,1,"en-AU|en-GB|en-SG","taiwan esim unlimited"
"taiwan esim vs sim card",1,1,"de-DE|en-US","esim taiwan vs sim"
"taiwan sim card for tourist price",1,1,"en-AU|en-GB|en-SG|en-US","taiwan sim card for tourists"
"telcel esim mexico tourist",1,1,"de-DE|en-US","esim mexico tourist"
"tello esim usa reddit",1,1,"de-DE|en-US","esim usa reddit"
"thailand esim card for tourist",1,1,"de-DE|en-US","thailand esim card"
"thailand esim unlimited data",1,1,"en-AU|en-GB|en-SG","thailand esim unlimited"
"thailand esim vs sim",1,1,"de-DE|en-US","esim thailand vs sim"
"thailand prepaid sim card for tourists",1,1,"de-DE","thailand sim card for tourists"
"thailand sim card for tourist price",1,1,"en-AU|en-GB|en-SG|en-US","thailand sim card for tourists"
"tokyo esim card",1,1,"de-DE|en-AU|en-GB|en-SG|en-US","tokyo esim"
"tokyo esim unlimited data",1,1,"de-DE|en-AU|en-GB|en-SG|en-US","tokyo esim"
"tourist esim spain",1,1,"de-DE","esim spain tourist"
"travel dealz esim",1,1,"de-DE","esim deals"
"travel esim australia",1,1,"en-AU|en-GB|en-SG","travel esim"
"travel esim europe",1,1,"en-AU|en-GB|en-SG|en-US","travel esim"
"travel esim singapore",1,1,"en-SG","travel esim"
"travel esim usa",1,1,"de-DE|en-AU|en-GB|en-US","travel esim"
"travel esim vodafone",1,1,"de-DE","travel esim"
"turkey esim card unlimited data",1,1,"de-DE|en-US","turkey esim card"
"turkey esim reddit",1,1,"en-US","esim turkey reddit"
"turkey esim unlimited data",1,1,"en-AU|en-GB|en-SG","turkey esim unlimited"
"turkey sim card for tourists price",1,1,"de-DE|en-AU|en-GB|en-SG|en-US","turkey sim card for tourists"
"uae e sim plans",1,1,"en-US","esim uae plans"
"uae esim tourist free",1,1,"de-DE|en-US","esim uae tourist"
"uae esim tourist with phone number",1,1,"de-DE|en-US","esim uae tourist"
"uae esim unlimited data",1,1,"en-AU|en-GB|en-SG","uae esim unlimited"
"uae sim card for tourist airport",1,1,"en-AU|en-GB|en-SG|en-US","uae sim card for tourists"
"ubigi esim australia to japan",1,1,"de-DE|en-US","ubigi esim australia"
"ubigi esim belgique",1,1,"en-US","ubigi esim belgium"
"ubigi esim canada review",1,1,"de-DE|en-US","ubigi esim canada"
"ubigi esim canada usa",1,1,"de-DE|en-US","ubigi esim canada"
"ubigi esim china review",1,1,"de-DE|en-US","ubigi esim china"
"ubigi esim china vpn",1,1,"de-DE|en-US","ubigi esim china"
"ubigi esim coverage japan",1,1,"de-DE|en-AU|en-GB|en-SG|en-US","ubigi esim coverage"
"ubigi esim egypt review",1,1,"de-DE|en-US","ubigi esim egypt"
"ubigi esim france review",1,1,"de-DE|en-US","ubigi esim france"
"ubigi esim greece review",1,1,"de-DE|en-US","ubigi esim greece"
"ubigi esim iceland review",1,1,"de-DE|en-US","ubigi esim iceland"
"ubigi esim india review",1,1,"de-DE|en-US","ubigi esim india"
"ubigi esim indonesia review",1,1,"de-DE|en-US","ubigi esim indonesia"
"ubigi esim ireland review",1,1,"de-DE|en-US","ubigi esim ireland"
"ubigi esim italy review",1,1,"de-DE|en-US","ubigi esim italy"
"ubigi esim japan",1,1,"de-DE|en-AU|en-GB|en-SG|en-US","ubigi esim"
"ubigi esim japan plans",1,1,"de-DE|en-US","esim japan plans"
"ubigi esim korea and japan",1,1,"de-DE|en-US","ubigi esim korea"
"ubigi esim macau",1,1,"en-US","ubigi esim macao"
"ubigi esim malaysia singapore",1,1,"de-DE|en-US","ubigi esim malaysia"
"ubigi esim mexico review",1,1,"de-DE|en-US","ubigi esim mexico"
"ubigi esim morocco reviews",1,1,"de-DE|en-US","ubigi esim morocco"
"ubigi esim philippines review",1,1,"de-DE|en-US","ubigi esim philippines"
"ubigi esim plans japan",1,1,"de-DE|en-AU|en-GB|en-SG|en-US","ubigi esim plans"
"ubigi esim polska",1,1,"en-US","ubigi esim poland"
"ubigi esim price japan",1,1,"de-DE|en-US","ubigi esim price"
"ubigi esim promo code 2025",1,1,"de-DE|en-AU|en-GB|en-SG|en-US","ubigi esim promo code"
"ubigi esim promo code 2026",1,1,"de-DE|en-AU|en-GB|en-SG|en-US","ubigi esim promo code"
"ubigi esim review europe",1,1,"de-DE|en-AU|en-GB|en-SG|en-US","ubigi esim review"
"ubigi esim review trustpilot",1,1,"de-DE","ubigi esim review"
"ubigi esim singapore malaysia",1,1,"de-DE|en-US","ubigi esim singapore"
"ubigi esim spain review",1,1,"de-DE|en-US","ubigi esim spain"
"ubigi esim switzerland review",1,1,"de-DE|en-US","ubigi esim switzerland"
"ubigi esim thailand review",1,1,"de-DE|en-US","ubigi esim thailand"
"ubigi esim turkey review",1,1,"de-DE|en-US","ubigi esim turkey"
"ubigi esim uk review",1,1,"de-DE|en-US","ubigi esim uk"
"ubigi esim ukraine",1,1,"de-DE|en-US","ubigi esim uk"
"ubigi esim unlimited japan",1,1,"en-US","ubigi esim unlimited"
"ubigi esim usa erfahrungen",1,1,"de-DE|en-US","ubigi esim usa"
"ubigi esim usa review",1,1,"de-DE|en-US","ubigi esim usa"
"ubigi esim vietnam review",1,1,"de-DE|en-US","ubigi esim vietnam"
"ubigi esim vs airalo japan",1,1,"de-DE|en-US","ubigi esim vs airalo"
"ubigi esim österreich",1,1,"en-US","ubigi esim austria"
"uk esim 10gb",1,1,"de-DE","esim uk 10gb"
"uk esim card with phone number",1,1,"de-DE|en-US","uk esim card"
"uk esim for iphone 17",1,1,"en-US","esim uk for iphone"
"uk esim iphone 17",1,1,"de-DE","esim uk for iphone"
"uk esim plans with phone number",1,1,"de-DE|en-US","esim uk plans"
"uk esim reddit travel",1,1,"de-DE|en-US","esim uk reddit"
"uk esim reviews",1,1,"de-DE","esim for uk review"
"uk esim unlimited data",1,1,"en-AU|en-GB|en-SG","uk esim unlimited"
"uk esim yesim",1,1,"de-DE","yesim esim uk"
"uk sim card for travellers",1,1,"en-AU|en-GB|en-SG|en-US","uk sim card for tourists"
"unlimited data esim australia reddit",1,1,"de-DE|en-US","unlimited data esim australia"
"unlimited data esim canada free",1,1,"de-DE|en-US","unlimited data esim canada"
"unlimited data esim china reddit",1,1,"de-DE|en-US","unlimited data esim china"
"unlimited data esim france reddit",1,1,"de-DE|en-US","unlimited data esim france"
"unlimited data esim italy reddit",1,1,"de-DE|en-US","unlimited data esim italy"
"unlimited data esim japan reddit",1,1,"de-DE|en-US","unlimited data esim japan"
"unlimited data esim korea reddit",1,1,"en-US","unlimited data esim korea"
"unlimited data esim philippines reddit",1,1,"de-DE|en-US","unlimited data esim philippines"
"unlimited data esim spain reddit",1,1,"de-DE|en-US","unlimited data esim spain"
"unlimited data esim swiss",1,1,"en-US","unlimited data esim switzerland"
"unlimited data esim thailand ais",1,1,"de-DE|en-US","unlimited data esim thailand"
"unlimited data esim thailand reddit",1,1,"de-DE|en-US","unlimited data esim thailand"
"unlimited data esim uk pay as you go",1,1,"de-DE|en-US","unlimited data esim uk"
"unlimited data esim usa 1 month",1,1,"de-DE|en-US","unlimited data esim usa"
"unlimited data esim vietnam reddit",1,1,"de-DE|en-US","unlimited data esim vietnam"
"unlimited esim europe",1,1,"de-DE|en-AU|en-GB|en-SG|en-US","unlimited esim"
"unlimited esim plans",1,1,"en-GB|en-SG|en-US","unlimited esim"
"unlimited esim prepaid",1,1,"de-DE","unlimited esim"
"unlimited esim singapore",1,1,"en-SG","unlimited esim"
"unlimited internet esim austria",1,1,"en-US","unlimited data esim austria"
"unlimited internet esim brazil",1,1,"en-US","unlimited data esim brazil"
"unlimited internet esim croatia",1,1,"en-US","unlimited data esim croatia"
"unlimited internet esim egypt",1,1,"en-US","unlimited data esim egypt"
"unlimited internet esim germany",1,1,"en-US","unlimited data esim germany"
"unlimited internet esim greece",1,1,"en-US","unlimited data esim greece"
"unlimited internet esim india",1,1,"en-US","unlimited data esim india"
"unlimited internet esim mexico",1,1,"en-US","unlimited data esim mexico"
"unlimited internet esim morocco",1,1,"en-US","unlimited data esim morocco"
"unlimited internet esim netherlands",1,1,"en-US","unlimited data esim netherlands"
"unlimited internet esim poland",1,1,"en-US","unlimited data esim poland"
"unlimited internet esim portugal",1,1,"en-US","unlimited data esim portugal"
"unlimited internet esim turkey",1,1,"en-US","unlimited data esim turkey"
"unlimited internet esim uae",1,1,"en-US","unlimited data esim uae"
"us esim prepaid",1,1,"de-DE|en-AU|en-GB|en-SG|en-US","us esim"
"us esim travel",1,1,"de-DE|en-AU|en-GB|en-SG|en-US","us esim"
"us esim with phone number",1,1,"de-DE|en-AU|en-GB|en-SG|en-US","us esim"
"us sim card for tourists",1,1,"en-AU|en-GB|en-SG|en-US","usa sim card for tourists"
"usa e sim 10gb",1,1,"en-US","esim usa 10gb"
"usa esim 3 days",1,1,"de-DE","esim for 3 days"
"usa esim card for tourists",1,1,"en-US","usa esim card"
"usa esim card with phone number",1,1,"de-DE|en-US","usa esim card"
"usa esim unlimited data",1,1,"en-AU|en-GB|en-SG","usa esim unlimited"
"vietnam e sim plan",1,1,"en-US","esim vietnam plans"
"vietnam esim",1,1,"de-DE|en-AU|en-GB|en-SG|en-US","viet nam esim"
"vietnam esim price",1,1,"en-AU|en-GB|en-SG|en-US","esim vietnam price"
"vietnam esim tourist viettel",1,1,"de-DE|en-US","esim vietnam tourist"
"vietnam esim vs sim",1,1,"de-DE|en-US","esim vietnam vs sim"
"vietnam sim card for tourist price",1,1,"en-AU|en-GB|en-SG|en-US","vietnam sim card for tourists"
"vodacom esim south africa price",1,1,"de-DE|en-AU|en-GB|en-SG|en-US","esim south africa price"
"vodacom esim south africa tourist",1,1,"de-DE|en-US","esim south africa tourist"
"vodafone esim fiji price",1,1,"de-DE|en-AU|en-GB|en-SG|en-US","esim fiji price"
"vodafone esim greece reddit",1,1,"de-DE|en-US","esim greece reddit"
"vodafone esim india for iphone",1,1,"de-DE|en-US","esim india for iphone"
"vodafone esim ireland plans",1,1,"de-DE|en-US","esim ireland plans"
"vodafone esim ireland price",1,1,"de-DE|en-AU|en-GB|en-SG|en-US","esim ireland price"
"vodafone esim plans egypt",1,1,"de-DE|en-US","esim egypt plans"
"vodafone esim qatar price",1,1,"de-DE|en-AU|en-GB|en-SG|en-US","esim qatar price"
"vodafone esim spain price",1,1,"de-DE|en-AU|en-GB|en-SG|en-US","esim spain price"
"vodafone fiji esim plans",1,1,"de-DE|en-US","esim fiji plans"
"vodafone germany sim card for tourists",1,1,"de-DE|en-AU|en-GB|en-SG|en-US","germany sim card for tourists"
"vodafone greece tourist esim",1,1,"de-DE","esim greece tourist"
"vodafone greece unlimited data esim",1,1,"de-DE|en-US","unlimited data esim greece"
"vodafone ireland esim tourist",1,1,"de-DE|en-US","esim ireland tourist"
"vodafone italy sim card for tourists",1,1,"de-DE|en-AU|en-GB|en-SG|en-US","italy sim card for tourists"
"vodafone portugal esim card",1,1,"de-DE|en-US","portugal esim card"
"vodafone portugal esim tourist",1,1,"de-DE|en-US","esim portugal tourist"
"vodafone portugal unlimited data esim",1,1,"de-DE|en-US","unlimited data esim portugal"
"vodafone spain esim plans",1,1,"de-DE|en-US","esim spain plans"
"what airlines fly out of morocco",1,1,"en-US","esim morocco airport"
"what is an esim and how does it work",1,1,"en-AU|en-GB|en-SG|en-US","what is an esim"
"what is an esim card",1,1,"en-AU|en-GB|en-SG|en-US","what is an esim"
"what is an esim iphone",1,1,"de-DE|en-US","what is an esim"
"which card is available in argentina",1,1,"en-AU|en-GB|en-SG|en-US","argentina sim card for tourists"
"which esim card is best for italy",1,1,"de-DE|en-AU|en-GB|en-US","which esim is best for italy"
"which esim for costa rica",1,1,"de-DE","which esim is best for costa rica"
"which esim is best for abu dhabi",1,1,"en-AU|en-GB|en-SG|en-US","which esim is best for uae"
"which esim is best for canada and alaska",1,1,"de-DE|en-AU|en-GB|en-SG|en-US","which esim is best for canada"
"which esim is best for china and hong kong",1,1,"de-DE|en-AU|en-GB|en-SG|en-US","which esim is best for china"
"which esim is best for china reddit",1,1,"de-DE|en-AU|en-GB|en-SG|en-US","which esim is best for china"
"which esim is best for hong kong travel",1,1,"de-DE|en-AU|en-GB|en-SG|en-US","which esim is best for hong kong"
"which esim is best for india travel",1,1,"de-DE|en-GB|en-SG|en-US","which esim is best for india"
"which esim is best for japan travel",1,1,"de-DE|en-AU|en-GB|en-SG|en-US","which esim is best for japan"
"which esim is best for malaysia and singapore",1,1,"de-DE|en-AU|en-GB|en-SG|en-US","which esim is best for malaysia"
"which esim is best for portugal and spain",1,1,"de-DE|en-AU|en-GB|en-SG|en-US","which esim is best for portugal"
"which esim is best for singapore and malaysia",1,1,"de-DE|en-AU|en-GB|en-SG|en-US","which esim is best for singapore"
"which esim is best for south korea",1,1,"de-DE|en-AU|en-SG|en-US","which esim is best for korea"
"which esim is best for spain and portugal",1,1,"de-DE|en-AU|en-GB|en-SG|en-US","which esim is best for spain"
"which esim is best for thailand tourists",1,1,"de-DE|en-AU|en-GB|en-SG|en-US","which esim is best for thailand"
"which esim is best for uk and europe",1,1,"de-DE|en-AU|en-GB|en-SG|en-US","which esim is best for uk"
"which esim is best for uk travel",1,1,"de-DE|en-AU|en-GB|en-SG|en-US","which esim is best for uk"
"which esim is best for usa travel",1,1,"de-DE|en-AU|en-GB|en-SG|en-US","which esim is best for usa"
"which esim is best for vietnam tourists",1,1,"de-DE|en-AU|en-GB|en-SG|en-US","which esim is best for vietnam"
"which esim is better for india",1,1,"en-AU|en-GB|en-SG|en-US","which esim is best for india"
"which esim is good for korea",1,1,"en-AU|en-SG|en-US","which esim is best for korea"
"which esim is good for morocco",1,1,"en-AU|en-GB|en-SG|en-US","which esim is best for morocco"
"which esim is good for saudi arabia",1,1,"en-AU|en-GB|en-SG|en-US","which esim is best for saudi arabia"
"which esim is good for taiwan",1,1,"en-AU|en-GB|en-SG|en-US","which esim is best for taiwan"
"which esim is good for turkey",1,1,"en-AU|en-GB|en-SG|en-US","which esim is best for turkey"
"which esim provider is best for turkey",1,1,"de-DE|en-AU|en-GB|en-SG|en-US","which esim is best for turkey"
"which esim provider is best in greece",1,1,"de-DE|en-AU|en-GB|en-SG|en-US","which esim is best for greece"
"which esim works best in saudi arabia",1,1,"de-DE|en-AU|en-GB|en-SG|en-US","which esim is best for saudi arabia"
"which esim.works best in south africa",1,1,"de-DE|en-AU|en-GB|en-SG|en-US","which esim is best for south africa"
"which is the best esim card for indonesia",1,1,"en-AU|en-GB|en-SG|en-US","which esim is best for indonesia"
"which sim card is best in egypt for tourists",1,1,"de-DE","egypt sim card for tourists"
"which sim card is best in indonesia for tourists",1,1,"de-DE","indonesia sim card for tourists"
"why is esim not available in china",1,1,"de-DE|en-US","is esim available in china"
"will esim work in turkey",1,1,"en-AU|en-GB|en-SG|en-US","does esim work in turkey"
"yesim esim brasil",1,1,"en-US","yesim esim brazil"
"yesim esim china reddit",1,1,"de-DE|en-US","yesim esim china"
"yesim esim china vpn",1,1,"de-DE|en-US","yesim esim china"
"yesim esim erfahrungen",1,1,"de-DE","yesim esim"
"yesim esim mexiko",1,1,"de-DE","yesim esim mexico"
"yesim esim review reddit",1,1,"en-AU|en-GB|en-SG|en-US","yesim esim review"
"yesim esim review thailand",1,1,"de-DE|en-AU|en-GB|en-SG|en-US","yesim esim review"
"yesim esim saudi arabien",1,1,"en-US","yesim esim saudi arabia"
"yesim esim south korea",1,1,"de-DE|en-US","yesim esim korea"
"yesim esim thailand erfahrungen",1,1,"de-DE|en-US","yesim esim thailand"
"yesim esim thailand review",1,1,"de-DE|en-US","yesim esim thailand"
"yesim esim unlimited data",1,1,"de-DE|en-US","yesim esim unlimited"
"yesim esim usa erfahrungen",1,1,"de-DE|en-US","yesim esim usa"
"yesim esim usa review",1,1,"de-DE|en-US","yesim esim usa"
"zanzibar esim",1,1,"en-US","esim for zanzibar"
"a1 austria esim tourist",1,2,"de-DE|en-US","esim austria tourist"
"abu dhabi esim free",1,2,"de-DE|en-AU|en-GB|en-SG|en-US","abu dhabi esim"
"airalo esim aktivieren",1,2,"de-DE","airalo esim"
"airalo esim argentina review",1,2,"en-US","airalo esim argentina"
"airalo esim australia not working",1,2,"de-DE|en-US","airalo esim australia"
"airalo esim brazil not working",1,2,"de-DE|en-US","airalo esim brazil"
"airalo esim brazilie",1,2,"de-DE|en-US","airalo esim brazil"
"airalo esim canada reviews",1,2,"de-DE","airalo esim canada"
"airalo esim china review",1,2,"en-US","airalo esim china"
"airalo esim china vpn",1,2,"de-DE|en-US","airalo esim china"
"airalo esim coverage japan",1,2,"de-DE|en-AU|en-GB|en-SG|en-US","airalo esim coverage"
"airalo esim europe",1,2,"en-AU|en-GB|en-SG|en-US","airalo esim"
"airalo esim for thailand review",1,2,"de-DE|en-US","esim for thailand review"
"airalo esim for vietnam review",1,2,"de-DE|en-US","esim for vietnam review"
"airalo esim for zanzibar",1,2,"de-DE|en-US","esim for zanzibar"
"airalo esim greece review",1,2,"de-DE|en-US","airalo esim greece"
"airalo esim hong kong and china",1,2,"de-DE|en-US","airalo esim hong kong"
"airalo esim hong kong not working",1,2,"de-DE|en-US","airalo esim hong kong"
"airalo esim iceland review",1,2,"de-DE|en-US","airalo esim iceland"
"airalo esim indonesia not working",1,2,"de-DE|en-US","airalo esim indonesia"
"airalo esim japan aktivieren",1,2,"de-DE","airalo esim japan"
"airalo esim japan reddit",1,2,"en-US","airalo esim japan"
"airalo esim kenya review",1,2,"de-DE|en-US","airalo esim kenya"
"airalo esim korea and japan",1,2,"de-DE|en-US","airalo esim korea"
"airalo esim korea not working",1,2,"de-DE|en-US","airalo esim korea"
"airalo esim morocco review",1,2,"de-DE|en-US","airalo esim morocco"
"airalo esim not working netherlands",1,2,"en-US","airalo esim netherlands"
"airalo esim peru not working",1,2,"de-DE|en-US","airalo esim peru"
"airalo esim plans japan",1,2,"de-DE|en-AU|en-GB|en-SG|en-US","airalo esim plans"
"airalo esim plans thailand",1,2,"de-DE|en-AU|en-GB|en-SG|en-US","airalo esim plans"
"airalo esim review australia",1,2,"de-DE|en-AU|en-GB|en-SG|en-US","airalo esim review"
"airalo esim review japan",1,2,"de-DE|en-AU|en-GB|en-SG|en-US","airalo esim review"
"airalo esim singapore review",1,2,"de-DE|en-US","airalo esim singapore"
"airalo esim south africa not working",1,2,"de-DE|en-US","airalo esim south africa"
"airalo esim spain and portugal",1,2,"de-DE|en-US","airalo esim spain"
"airalo esim switzerland not working",1,2,"de-DE|en-US","airalo esim switzerland"
"airalo esim taiwan review",1,2,"en-US","airalo esim taiwan"
"airalo esim thailand erfahrungen",1,2,"de-DE","airalo esim thailand"
"airalo esim turkey not working",1,2,"de-DE|en-US","airalo esim turkey"
"airalo esim uk number",1,2,"de-DE|en-US","airalo esim uk"
"airalo esim uk review",1,2,"de-DE|en-US","airalo esim uk"
"airalo esim unlimited data japan",1,2,"de-DE|en-US","airalo esim unlimited"
"airalo esim unlimited data reddit",1,2,"de-DE|en-US","airalo esim unlimited"
"airalo esim usa funktioniert nicht",1,2,"de-DE","airalo esim usa"
"airalo esim vietnam review",1,2,"de-DE|en-US","airalo esim vietnam"
"airalo esim österreich",1,2,"en-US","airalo esim austria"
"airalo japan esim promo code",1,2,"de-DE|en-AU|en-GB|en-SG|en-US","airalo esim promo code"
"airalo uae esim not working",1,2,"en-US","airalo esim uae"
"airalo vs holafly esim japan",1,2,"de-DE|en-US","holafly esim vs airalo"
"ais esim thailand plans",1,2,"de-DE|en-US","esim thailand plans"
"alosim esim not working",1,2,"en-AU|en-GB|en-SG|en-US","alosim esim"
"apple watch esim qr code",1,2,"en-US","airalo esim czech republic"
"asia esim unlimited 30 days",1,2,"de-DE|en-AU|en-SG|en-US","asia esim unlimited"
"asia esim unlimited data reddit",1,2,"de-DE|en-AU|en-GB|en-SG|en-US","asia esim unlimited"
"australia cheap esim reddit",1,2,"de-DE","cheap esim australia"
"australia esim card with phone number",1,2,"de-DE|en-US","australia esim card"
"australia sim card for tourist reddit",1,2,"en-AU|en-GB|en-SG|en-US","australia sim card for tourists"
"austria prepaid sim card for tourist",1,2,"en-AU|en-SG|en-US","austria sim card for tourists"
"bali esim for australians",1,2,"en-AU|en-GB|en-SG|en-US","bali esim"
"bali esim reddit",1,2,"en-AU|en-GB|en-SG|en-US","bali esim"
"bali esim telkomsel",1,2,"de-DE|en-AU|en-GB|en-SG|en-US","bali esim"
"bali esim tourist",1,2,"de-DE|en-AU|en-GB|en-SG|en-US","bali esim"
"bangkok esim trip com",1,2,"de-DE|en-AU|en-GB|en-SG|en-US","bangkok esim"
"barcelona esim reddit",1,2,"de-DE|en-AU|en-GB|en-SG|en-US","barcelona esim"
"bell esim not working",1,2,"en-US","nomad esim belgium"
"best and cheap esim for saudi arabia",1,2,"de-DE","cheap esim saudi arabia"
"best and cheapest esim for costa rica",1,2,"de-DE|en-AU|en-GB|en-SG|en-US","cheapest esim for costa rica"
"best and cheapest esim for qatar",1,2,"de-DE|en-AU|en-GB|en-SG|en-US","cheapest esim for qatar"
"best cheap esim brazil",1,2,"de-DE|en-US","cheap esim brazil"
"best cheap esim for greece",1,2,"de-DE|en-US","cheap esim greece"
"best cheap esim for italy",1,2,"de-DE|en-US","cheap esim italy"
"best cheap esim for south africa",1,2,"de-DE","cheap esim south africa"
"best cheap esim for taiwan",1,2,"de-DE|en-US","cheap esim taiwan"
"best cheap esim morocco",1,2,"de-DE","cheap esim morocco"
"best cheap esim netherlands",1,2,"de-DE|en-US","cheap esim netherlands"
"best cheap esim spain",1,2,"de-DE|en-US","cheap esim spain"
"best cheap esim switzerland",1,2,"de-DE|en-US","cheap esim switzerland"
"best cheapest esim for indonesia",1,2,"de-DE|en-AU|en-GB|en-SG|en-US","cheapest esim for indonesia"
"best costa rica esim card",1,2,"de-DE|en-US","costa rica esim card"
"best esim 2026 japan",1,2,"de-DE|en-AU|en-GB|en-SG|en-US","best esim 2026"
"best esim australia reddit",1,2,"de-DE|en-US","esim australia reddit"
"best esim brazil reddit",1,2,"de-DE|en-US","esim brazil reddit"
"best esim canada tourist",1,2,"de-DE|en-US","esim canada tourist"
"best esim deals for europe",1,2,"de-DE|en-AU|en-GB|en-SG|en-US","best esim deals"
"best esim egypt reddit",1,2,"de-DE|en-US","esim egypt reddit"
"best esim for abu dhabi",1,2,"en-AU|en-GB|en-SG|en-US","esim for abu dhabi"
"best esim for africa reddit",1,2,"de-DE|en-AU|en-GB|en-SG|en-US","best esim for africa"
"best esim for african countries",1,2,"de-DE|en-AU|en-GB|en-SG|en-US","best esim for africa"
"best esim for america travel",1,2,"de-DE|en-AU|en-GB|en-SG|en-US","best esim for america"
"best esim for argentina reddit",1,2,"de-DE|en-AU|en-GB|en-SG|en-US","best esim for argentina"
"best esim for asia from australia",1,2,"en-AU|en-GB|en-SG|en-US","best esim for asia"
"best esim for asia unlimited data",1,2,"de-DE|en-AU|en-GB|en-SG|en-US","best esim for asia"
"best esim for australians travelling to bali",1,2,"en-AU|en-GB|en-SG|en-US","best esim for australia"
"best esim for austria reddit",1,2,"de-DE|en-AU|en-GB|en-SG|en-US","best esim for austria"
"best esim for bali",1,2,"en-AU|en-GB","best esim"
"best esim for bali for australians",1,2,"en-AU|en-GB|en-SG|en-US","best esim for bali"
"best esim for bali reddit",1,2,"de-DE|en-AU|en-GB|en-SG|en-US","best esim for bali"
"best esim for bangkok and koh samui",1,2,"de-DE|en-AU|en-GB|en-SG|en-US","best esim for bangkok"
"best esim for berlin",1,2,"de-DE|en-AU|en-GB|en-US","esim for berlin"
"best esim for brazil airalo",1,2,"de-DE","best esim for brazil"
"best esim for brazil from uk",1,2,"de-DE|en-AU|en-GB|en-SG|en-US","best esim for brazil"
"best esim for britain",1,2,"en-AU|en-GB|en-SG|en-US","esim for britain"
"best esim for british columbia",1,2,"en-AU|en-GB|en-SG|en-US","best esim for britain"
"best esim for canada from australia",1,2,"en-AU|en-GB|en-SG|en-US","best esim for canada"
"best esim for canada reddit",1,2,"de-DE|en-AU|en-GB|en-SG|en-US","best esim for canada"
"best esim for canada review",1,2,"de-DE|en-US","esim for canada review"
"best esim for cape town",1,2,"en-AU|en-GB|en-SG|en-US","esim for cape town"
"best esim for china",1,2,"de-DE|en-AU|en-GB|en-SG|en-US","best esim"
"best esim for china from australia",1,2,"en-AU|en-GB|en-SG","best esim for china"
"best esim for china from singapore",1,2,"de-DE|en-SG","best esim for china"
"best esim for china japan and south korea",1,2,"de-DE|en-US","best esim for japan and south korea"
"best esim for china reddit",1,2,"de-DE|en-AU|en-GB|en-SG|en-US","best esim for china"
"best esim for china travel",1,2,"de-DE|en-AU|en-GB|en-SG|en-US","best esim for china"
"best esim for china travel 2026",1,2,"de-DE|en-US","best esim china 2026"
"best esim for colombia travel",1,2,"de-DE|en-AU|en-GB|en-SG|en-US","best esim for colombia"
"best esim for costa rica airalo",1,2,"de-DE|en-AU|en-GB|en-SG|en-US","best esim for costa rica"
"best esim for costa rica from uk",1,2,"de-DE|en-AU|en-GB|en-SG|en-US","best esim for costa rica"
"best esim for croatia and bosnia",1,2,"de-DE|en-AU|en-GB|en-SG|en-US","best esim for croatia"
"best esim for croatia and slovenia",1,2,"de-DE|en-AU|en-GB|en-SG|en-US","best esim for croatia"
"best esim for digital nomad",1,2,"de-DE","esim for digital nomad"
"best esim for digital nomads",1,2,"en-AU|en-GB|en-SG|en-US","esim for digital nomad"
"best esim for doha",1,2,"de-DE|en-AU|en-GB|en-SG|en-US","esim for doha"
"best esim for dubai tourist",1,2,"de-DE|en-AU|en-GB|en-SG|en-US","best esim for dubai"
"best esim for edinburgh reddit",1,2,"de-DE|en-US","esim for edinburgh"
"best esim for egypt from uk",1,2,"en-AU|en-GB|en-SG|en-US","best esim for egypt"
"best esim for egypt iphone",1,2,"de-DE|en-US","esim egypt for iphone"
"best esim for egypt travel",1,2,"en-AU|en-GB|en-SG|en-US","best esim for egypt"
"best esim for fiji travel",1,2,"de-DE|en-AU|en-GB|en-SG|en-US","best esim for fiji"
"best esim for france and uk",1,2,"en-AU|en-US","best esim for france"
"best esim for france from uk",1,2,"de-DE|en-GB|en-SG","best esim for france"
"best esim for greece from australia",1,2,"de-DE|en-AU|en-GB|en-SG|en-US","best esim for greece"
"best esim for greece iphone",1,2,"de-DE|en-US","esim greece for iphone"
"best esim for greece reddit",1,2,"de-DE|en-AU|en-GB|en-SG|en-US","best esim for greece"
"best esim for greece travel",1,2,"de-DE|en-AU|en-GB|en-SG|en-US","best esim for greece"
"best esim for hanoi vietnam",1,2,"de-DE|en-US","esim for hanoi"
"best esim for hawaii from australia",1,2,"en-US","esim for hawaii"
"best esim for hong kong and japan",1,2,"de-DE|en-AU|en-GB|en-SG|en-US","best esim for hong kong"
"best esim for hong kong and macau",1,2,"de-DE|en-AU|en-GB|en-SG|en-US","best esim for hong kong"
"best esim for hong kong china and macau",1,2,"en-US","best esim for hong kong and china"
"best esim for indonesia bali",1,2,"en-AU|en-GB|en-SG|en-US","best esim for indonesia"
"best esim for ireland and northern ireland",1,2,"de-DE|en-AU|en-GB|en-SG|en-US","best esim for ireland"
"best esim for ireland iphone",1,2,"de-DE|en-US","esim ireland for iphone"
"best esim for italy 2025 iphone",1,2,"de-DE|en-US","esim italy for iphone"
"best esim for italy reddit",1,2,"de-DE|en-AU|en-GB|en-SG|en-US","best esim for italy"
"best esim for italy reviews",1,2,"de-DE|en-US","esim for italy review"
"best esim for japan travel 2026",1,2,"de-DE|en-US","best esim japan 2026"
"best esim for japan unlimited data",1,2,"de-DE|en-AU|en-GB|en-SG|en-US","best esim for japan"
"best esim for kenya safari",1,2,"de-DE|en-AU|en-GB|en-SG|en-US","best esim for kenya"
"best esim for korea reddit",1,2,"de-DE|en-AU|en-GB|en-SG|en-US","best esim for korea"
"best esim for ksa",1,2,"de-DE|en-AU|en-GB|en-SG|en-US","esim for ksa"
"best esim for las vegas reddit",1,2,"de-DE|en-US","esim for las vegas"
"best esim for london and dublin",1,2,"de-DE|en-AU|en-GB|en-SG|en-US","best esim for dublin"
"best esim for long stay in europe",1,2,"de-DE|en-AU|en-GB|en-SG|en-US","esim for long stay"
"best esim for los angeles reddit",1,2,"de-DE|en-US","esim for los angeles"
"best esim for macau and hong kong",1,2,"en-AU|en-GB|en-SG|en-US","best esim for macao"
"best esim for madrid",1,2,"de-DE|en-US","esim for madrid"
"best esim for malaysia from australia",1,2,"de-DE|en-AU|en-GB|en-SG|en-US","best esim for malaysia"
"best esim for malaysia reddit",1,2,"en-AU|en-GB|en-SG|en-US","best esim for malaysia"
"best esim for malaysia tourist",1,2,"de-DE|en-AU|en-GB|en-SG|en-US","best esim for malaysia"
"best esim for manila",1,2,"de-DE|en-AU|en-GB|en-SG|en-US","esim for manila"
"best esim for mexico reddit",1,2,"de-DE|en-AU|en-GB|en-SG|en-US","best esim for mexico"
"best esim for mexico reviews",1,2,"de-DE|en-US","esim for mexico review"
"best esim for morocco iphone",1,2,"de-DE|en-US","esim morocco for iphone"
"best esim for morocco reddit",1,2,"de-DE|en-AU|en-GB|en-SG|en-US","best esim for morocco"
"best esim for nairobi",1,2,"de-DE|en-AU|en-GB|en-SG|en-US","esim for nairobi"
"best esim for new zealand travel",1,2,"de-DE|en-AU|en-GB|en-SG|en-US","best esim for new zealand"
"best esim for norway and sweden",1,2,"de-DE|en-US","esim for norway and sweden"
"best esim for nz south island",1,2,"de-DE|en-AU|en-GB|en-SG|en-US","best esim for nz"
"best esim for orlando",1,2,"de-DE|en-US","esim for orlando"
"best esim for orlando florida",1,2,"de-DE|en-US","esim for orlando"
"best esim for osaka",1,2,"en-US","esim for osaka"
"best esim for paris reddit",1,2,"de-DE|en-AU|en-GB|en-SG|en-US","best esim for paris"
"best esim for peru and bolivia",1,2,"de-DE|en-AU|en-GB|en-SG|en-US","best esim for peru"
"best esim for peru travel",1,2,"en-AU|en-GB|en-SG|en-US","best esim for peru"
"best esim for philippines and japan",1,2,"de-DE|en-AU|en-GB|en-SG|en-US","best esim for philippines"
"best esim for philippines reddit",1,2,"de-DE|en-AU|en-GB|en-SG|en-US","best esim for philippines"
"best esim for portugal from canada",1,2,"de-DE|en-AU|en-GB|en-SG|en-US","best esim for portugal"
"best esim for portugal iphone",1,2,"de-DE|en-US","esim portugal for iphone"
"best esim for portugal reddit",1,2,"de-DE|en-AU|en-GB|en-SG|en-US","best esim for portugal"
"best esim for qatar from uk",1,2,"de-DE|en-AU|en-GB|en-SG|en-US","best esim for qatar"
"best esim for seoul korea reddit",1,2,"de-DE|en-AU|en-GB|en-SG|en-US","best esim for seoul"
"best esim for singapore and bali",1,2,"de-DE|en-AU|en-GB|en-SG|en-US","best esim for singapore"
"best esim for singapore and vietnam",1,2,"de-DE|en-AU|en-GB|en-SG|en-US","best esim for singapore"
"best esim for singapore malaysia and thailand",1,2,"de-DE|en-US","best esim for singapore and malaysia"
"best esim for south africa from australia",1,2,"de-DE|en-AU|en-GB|en-SG|en-US","best esim for south africa"
"best esim for south africa iphone",1,2,"de-DE|en-US","esim south africa for iphone"
"best esim for south america iphone",1,2,"de-DE|en-AU|en-GB|en-SG|en-US","best esim for south america"
"best esim for south america travel",1,2,"de-DE|en-AU|en-GB|en-SG|en-US","best esim for south america"
"best esim for spain and france",1,2,"de-DE|en-AU|en-GB|en-SG|en-US","best esim for spain"
"best esim for spain reviews",1,2,"de-DE|en-US","esim for spain review"
"best esim for spain travel",1,2,"de-DE|en-AU|en-GB|en-SG|en-US","best esim for spain"
"best esim for switzerland iphone",1,2,"de-DE|en-US","esim switzerland for iphone"
"best esim for switzerland reddit",1,2,"de-DE|en-AU|en-GB|en-SG|en-US","best esim for switzerland"
"best esim for taipei",1,2,"de-DE|en-AU|en-GB|en-US","esim for taipei"
"best esim for taiwan iphone",1,2,"de-DE|en-US","esim taiwan for iphone"
"best esim for taiwan travel",1,2,"de-DE|en-AU|en-GB|en-SG|en-US","best esim for taiwan"
"best esim for thailand review",1,2,"de-DE|en-US","esim for thailand review"
"best esim for thailand unlimited data",1,2,"de-DE|en-AU|en-GB|en-SG|en-US","best esim for thailand"
"best esim for thailand vietnam and cambodia",1,2,"de-DE|en-US","best esim for thailand and vietnam"
"best esim for thailand with phone number",1,2,"de-DE","best esim for thailand"
"best esim for toronto",1,2,"de-DE|en-AU|en-GB|en-SG|en-US","esim for toronto"
"best esim for turkey 2026",1,2,"en-AU|en-GB|en-SG","best esim for turkey"
"best esim for turkey 7 days",1,2,"de-DE","best esim for turkey"
"best esim for turkey and europe",1,2,"de-DE|en-AU|en-GB|en-SG|en-US","best esim for turkey"
"best esim for turkey iphone",1,2,"de-DE|en-US","esim turkey for iphone"
"best esim for turkey reviews",1,2,"de-DE|en-US","esim for turkey review"
"best esim for uk from australia",1,2,"en-AU|en-GB|en-SG","best esim for uk"
"best esim for uk reviews",1,2,"de-DE|en-US","esim for uk review"
"best esim for usa and canada reddit",1,2,"de-DE|en-US","best esim for usa and canada"
"best esim for usa and europe",1,2,"de-DE|en-US","esim for usa and europe"
"best esim for usa reviews",1,2,"de-DE|en-US","esim for usa review"
"best esim for vietnam and thailand",1,2,"en-AU|en-GB|en-SG|en-US","best esim for vietnam"
"best esim for vietnam review",1,2,"de-DE|en-US","esim for vietnam review"
"best esim hong kong tourist",1,2,"de-DE|en-US","esim hong kong tourist"
"best esim india for iphone",1,2,"de-DE|en-US","esim india for iphone"
"best esim india reddit",1,2,"de-DE|en-US","esim india reddit"
"best esim italy reddit",1,2,"de-DE|en-US","esim italy reddit"
"best esim japan and thailand",1,2,"de-DE","esim for japan and thailand"
"best esim korea reddit",1,2,"de-DE|en-US","esim korea reddit"
"best esim las vegas",1,2,"de-DE|en-US","esim las vegas"
"best esim morocco reddit",1,2,"de-DE|en-US","esim morocco reddit"
"best esim netherlands reddit",1,2,"de-DE|en-US","esim netherlands reddit"
"best esim network in france",1,2,"en-US","esim coverage in france"
"best esim network in malaysia",1,2,"en-US","esim coverage in malaysia"
"best esim network in philippines",1,2,"en-US","esim coverage in philippines"
"best esim network in turkey",1,2,"en-US","esim coverage in turkey"
"best esim plans singapore",1,2,"de-DE|en-US","esim singapore plans"
"best esim plans vietnam",1,2,"de-DE|en-US","esim vietnam plans"
"best esim scandinavia",1,2,"de-DE|en-AU|en-GB|en-SG|en-US","esim scandinavia"
"best esim spain for iphone",1,2,"de-DE|en-US","esim spain for iphone"
"best esim spain reddit",1,2,"en-US","esim spain reddit"
"best esim switzerland reddit",1,2,"de-DE|en-US","esim switzerland reddit"
"best esim uae reddit",1,2,"de-DE|en-US","esim uae reddit"
"best french sim card for tourists",1,2,"en-AU|en-GB|en-SG|en-US","france sim card for tourists"
"best indonesia sim card for tourist",1,2,"en-AU|en-GB|en-SG|en-US","indonesia sim card for tourists"
"best roaming esim canada",1,2,"en-US","roami esim canada"
"best roaming esim egypt",1,2,"en-US","roami esim egypt"
"best roaming esim france",1,2,"en-US","roami esim france"
"best roaming esim malaysia",1,2,"en-US","roami esim malaysia"
"best roaming esim mexico",1,2,"en-US","roami esim mexico"
"best roaming esim morocco",1,2,"en-US","roami esim morocco"
"best roaming esim philippines",1,2,"en-US","roami esim philippines"
"best roaming esim saudi arabia",1,2,"en-US","roami esim saudi arabia"
"best sim card for tourists in china",1,2,"de-DE","china sim card for tourists"
"best sim card for tourists in india",1,2,"de-DE|en-AU|en-GB|en-SG|en-US","india sim card for tourists"
"best sim card for tourists thailand",1,2,"de-DE","thailand sim card for tourists"
"best sim card in kenya for tourists",1,2,"en-AU|en-GB|en-SG|en-US","kenya sim card for tourists"
"best travel esim india",1,2,"de-DE","best esim for india"
"best unlimited data esim china",1,2,"de-DE","unlimited data esim china"
"best unlimited data esim germany",1,2,"de-DE|en-US","unlimited data esim germany"
"best unlimited data esim greece",1,2,"de-DE|en-US","unlimited data esim greece"
"best unlimited data esim india",1,2,"de-DE|en-US","unlimited data esim india"
"best unlimited data esim mexico",1,2,"de-DE|en-US","unlimited data esim mexico"
"best unlimited data esim morocco",1,2,"de-DE|en-US","unlimited data esim morocco"
"best unlimited data esim netherlands",1,2,"de-DE|en-US","unlimited data esim netherlands"
"best unlimited data esim philippines",1,2,"de-DE|en-US","unlimited data esim philippines"
"best unlimited data esim portugal",1,2,"de-DE|en-US","unlimited data esim portugal"
"best unlimited data esim south africa",1,2,"de-DE|en-US","unlimited data esim south africa"
"best unlimited data esim turkey",1,2,"de-DE|en-US","unlimited data esim turkey"
"best unlimited esim costa rica",1,2,"de-DE|en-US","esim costa rica unlimited"
"best unlimited esim south africa",1,2,"de-DE|en-US","esim south africa unlimited"
"brazil e sim plan",1,2,"en-US","esim brazil plans"
"brazil sim card for tourist price",1,2,"en-AU|en-GB|en-SG|en-US","brazil sim card for tourists"
"brazil vs argentina size",1,2,"en-US","best esim for brazil and argentina"
"british esim with phone number",1,2,"en-AU|en-GB|en-SG|en-US","britain esim"
"buy esim singapore airport",1,2,"de-DE|en-US","esim singapore airport"
"buy esim thailand airport",1,2,"de-DE|en-US","esim thailand airport"
"buy uae esim card",1,2,"de-DE|en-US","uae esim card"
"can esim work in indonesia",1,2,"en-US","does esim work in indonesia"
"can i buy an esim for south africa",1,2,"en-US","do i need an esim for south africa"
"can i convert my normal sim to esim",1,2,"en-US","do i need an esim for macao"
"can i get an esim for costa rica",1,2,"en-US","do i need an esim for costa rica"
"canada esim card prepaid",1,2,"de-DE|en-US","canada esim card"
"canada sim card for tourist prepaid",1,2,"en-AU|en-GB|en-SG|en-US","canada sim card for tourists"
"cape town esim reddit",1,2,"en-AU|en-GB|en-SG|en-US","cape town esim"
"carte esim france pour touriste",1,2,"de-DE|en-US","esim france tourist"
"central america esim",1,2,"en-AU|en-GB|en-US","esim central america"
"change to esim iphone",1,2,"en-AU|en-GB|en-SG|en-US","reykjavik esim"
"change to esim on iphone",1,2,"en-US","esim netherlands for iphone"
"cheap data esim france",1,2,"de-DE|en-US","cheap esim france"
"cheap data esim germany",1,2,"de-DE|en-US","cheap esim germany"
"cheap data esim ireland",1,2,"de-DE|en-US","cheap esim ireland"
"cheap esim phone philippines",1,2,"de-DE|en-US","cheap esim philippines"
"cheap esim roaming qatar",1,2,"de-DE|en-US","cheap esim qatar"
"cheap esim singapore reddit",1,2,"de-DE","cheap esim singapore"
"cheap esim turkey online",1,2,"de-DE|en-US","cheap esim turkey"
"cheap esim uk no contract",1,2,"de-DE|en-US","cheap esim uk"
"cheap indian esim",1,2,"de-DE","cheap esim india"
"cheap indonesian esim",1,2,"de-DE","cheap esim indonesia"
"cheap korean esim",1,2,"de-DE","cheap esim korea"
"cheap malaysian esim",1,2,"de-DE","cheap esim malaysia"
"cheap travel esim new zealand",1,2,"de-DE|en-US","cheap esim new zealand"
"cheap unlimited esim china",1,2,"de-DE","cheap esim china"
"cheap vietnamese esim",1,2,"de-DE","cheap esim vietnam"
"cheapest data esim for uae",1,2,"de-DE|en-AU|en-GB|en-SG|en-US","cheapest esim for uae"
"cheapest esim brazil",1,2,"en-US","cheap esim brazil"
"cheapest esim china reddit",1,2,"en-US","cheap esim china"
"cheapest esim egypt",1,2,"en-US","cheap esim egypt"
"cheapest esim europe",1,2,"en-GB","cheapest esim"
"cheapest esim for australia from uk",1,2,"de-DE|en-AU|en-GB|en-SG|en-US","cheapest esim for australia"
"cheapest esim for doha",1,2,"de-DE","esim for doha"
"cheapest esim for egypt uk",1,2,"de-DE|en-AU|en-GB|en-SG|en-US","cheapest esim for egypt"
"cheapest esim for french polynesia",1,2,"en-AU|en-GB|en-SG|en-US","cheapest esim for france"
"cheapest esim for italy reddit",1,2,"de-DE|en-AU|en-GB|en-SG|en-US","cheapest esim for italy"
"cheapest esim for japan and korea",1,2,"de-DE|en-AU|en-GB|en-SG|en-US","cheapest esim for japan"
"cheapest esim for korea reddit",1,2,"de-DE|en-AU|en-GB|en-SG|en-US","cheapest esim for korea"
"cheapest esim for malaysia and thailand",1,2,"de-DE|en-AU|en-GB|en-SG|en-US","cheapest esim for malaysia"
"cheapest esim for mexico from uk",1,2,"de-DE|en-AU|en-GB|en-SG|en-US","cheapest esim for mexico"
"cheapest esim for spain reddit",1,2,"de-DE|en-AU|en-GB|en-SG|en-US","cheapest esim for spain"
"cheapest esim for thailand from uk",1,2,"de-DE|en-AU|en-GB|en-SG|en-US","cheapest esim for thailand"
"cheapest esim for toronto",1,2,"de-DE|en-AU|en-GB|en-SG|en-US","esim for toronto"
"cheapest esim for turkey travel",1,2,"de-DE|en-AU|en-GB|en-SG|en-US","cheapest esim for turkey"
"cheapest esim for turkey unlimited data",1,2,"de-DE|en-AU|en-GB|en-US","cheapest esim for turkey"
"cheapest esim for uk from australia",1,2,"de-DE|en-AU|en-GB|en-SG|en-US","cheapest esim for uk"
"cheapest esim for uk travel",1,2,"de-DE|en-SG|en-US","cheapest esim for uk"
"cheapest esim for usa travel",1,2,"de-DE|en-AU|en-GB|en-SG","cheapest esim for usa"
"cheapest esim for vietnam reddit",1,2,"de-DE|en-AU|en-GB|en-SG|en-US","cheapest esim for vietnam"
"cheapest esim france",1,2,"en-US","cheap esim france"
"cheapest esim indonesia",1,2,"en-US","cheap esim indonesia"
"cheapest esim korea",1,2,"en-US","cheap esim korea"
"cheapest esim morocco reddit",1,2,"de-DE","cheapest esim for morocco"
"cheapest esim philippines",1,2,"en-US","cheap esim philippines"
"cheapest esim prepaid germany",1,2,"de-DE","cheapest esim for germany"
"cheapest esim spain",1,2,"en-US","cheap esim spain"
"cheapest esim switzerland",1,2,"en-US","cheap esim switzerland"
"cheapest esim taiwan",1,2,"en-US","cheap esim taiwan"
"cheapest esim thailand",1,2,"en-US","cheap esim thailand"
"cheapest esim uae",1,2,"en-US","cheap esim uae"
"cheapest esim vietnam",1,2,"en-US","cheap esim vietnam"
"cheapest polish esim",1,2,"en-US","cheap esim poland"
"cheapest travel esim for france",1,2,"de-DE|en-AU|en-GB|en-SG|en-US","cheapest esim for france"
"cheapest uae esim",1,2,"de-DE","cheapest esim for uae"
"cheapest unlimited data esim egypt",1,2,"de-DE|en-US","unlimited data esim egypt"
"cheapest unlimited data esim uae",1,2,"de-DE|en-US","unlimited data esim uae"
"cheapest unlimited data esim vietnam",1,2,"de-DE","unlimited data esim vietnam"
"cheapest unlimited data esim.vietnam",1,2,"en-US","unlimited data esim vietnam"
"china esim for iphone 16",1,2,"en-US","esim china for iphone"
"china esim or sim card",1,2,"en-US","esim china vs sim"
"china esim price reddit",1,2,"de-DE|en-AU|en-GB|en-SG|en-US","esim china price"
"china esim vs local sim",1,2,"de-DE|en-US","esim china vs sim"
"china sim card for tourist shanghai",1,2,"en-AU|en-GB|en-SG|en-US","china sim card for tourists"
"claro esim argentina tourist",1,2,"en-US","esim argentina tourist"
"claro esim colombia tourist",1,2,"en-US","esim colombia tourist"
"claro esim costa rica tourist",1,2,"de-DE|en-US","esim costa rica tourist"
"claro peru esim card",1,2,"de-DE|en-US","peru esim card"
"claro.peru esim price",1,2,"de-DE","esim peru price"
"compare esim plans indonesia",1,2,"de-DE|en-US","esim indonesia plans"
"compare esim plans morocco",1,2,"de-DE|en-US","esim morocco plans"
"cosmote esim greece tourist",1,2,"de-DE|en-US","esim greece tourist"
"cosmote greece esim plans",1,2,"de-DE|en-US","esim greece plans"
"costa rica esim prices",1,2,"de-DE","esim costa rica price"
"csl hong kong tourist esim",1,2,"de-DE|en-US","esim hong kong tourist"
"data roaming esim spain",1,2,"en-US","roami esim spain"
"do esims work in hong kong",1,2,"en-AU|en-GB|en-SG|en-US","does esim work in hong kong"
"do i need a separate esim for hong kong",1,2,"de-DE|en-US","do i need an esim for hong kong"
"do i need an esim for china if i have a vpn",1,2,"de-DE|en-US","do i need an esim for china"
"do i need an esim for japan if i have verizon",1,2,"de-DE|en-US","do i need an esim for japan"
"do you need an esim for france",1,2,"de-DE","do i need an esim for france"
"do you need an esim for the uk",1,2,"de-DE","do i need an esim for uk"
"does airalo esim work in australia",1,2,"de-DE|en-AU|en-GB|en-SG|en-US","does esim work in australia"
"does airalo esim work in egypt",1,2,"de-DE|en-AU|en-GB|en-SG|en-US","does esim work in egypt"
"does airalo esim work in fiji",1,2,"de-DE|en-AU|en-GB|en-SG|en-US","does esim work in fiji"
"does airalo esim work in iceland",1,2,"de-DE|en-AU|en-GB|en-SG|en-US","does esim work in iceland"
"does airalo esim work in peru",1,2,"de-DE|en-AU|en-GB|en-SG|en-US","does esim work in peru"
"does airalo esim work in vietnam",1,2,"de-DE|en-AU|en-GB|en-SG|en-US","does esim work in vietnam"
"does airalo esim work.in philippines",1,2,"de-DE|en-AU|en-GB|en-SG|en-US","does esim work in philippines"
"does chinacom esim work in hong kong",1,2,"de-DE|en-AU|en-GB|en-SG|en-US","does esim work in hong kong"
"does esim work in china iphone",1,2,"de-DE|en-AU|en-GB|en-SG|en-US","does esim work in china"
"does esim work in england",1,2,"en-AU|en-GB|en-SG|en-US","does esim work in uk"
"does esim work in south korea",1,2,"de-DE|en-AU|en-GB|en-SG|en-US","does esim work in korea"
"does hk esim work in macau",1,2,"en-AU|en-GB|en-US","does esim work in macao"
"does iphone 12 has esim",1,2,"en-US","best esim greece 2026"
"does japan esim work in korea",1,2,"de-DE|en-AU|en-GB|en-SG|en-US","does esim work in korea"
"does mexico have esim for iphone",1,2,"de-DE|en-US","esim mexico for iphone"
"does nomad esim work in france",1,2,"de-DE|en-AU|en-GB|en-SG|en-US","does esim work in france"
"does nomad esim work in italy",1,2,"de-DE|en-AU|en-GB|en-SG|en-US","does esim work in italy"
"does nomad esim work in mexico",1,2,"de-DE|en-AU|en-GB|en-SG|en-US","does esim work in mexico"
"does orange esim work in greece",1,2,"de-DE|en-AU|en-GB|en-SG|en-US","does esim work in greece"
"does orange esim work in switzerland",1,2,"de-DE|en-AU|en-GB|en-SG|en-US","does esim work in switzerland"
"does portugal esim work in spain",1,2,"de-DE|en-AU|en-GB|en-SG|en-US","does esim work in spain"
"does revolut esim work in indonesia",1,2,"de-DE|en-AU|en-GB|en-SG|en-US","does esim work in indonesia"
"does revolut esim work in japan",1,2,"de-DE|en-AU|en-GB|en-SG|en-US","does esim work in japan"
"does revolut esim work in kenya",1,2,"de-DE|en-AU|en-GB|en-SG|en-US","does esim work in kenya"
"does revolut esim work in south africa",1,2,"de-DE|en-AU|en-GB|en-SG|en-US","does esim work in south africa"
"does revolut esim work in thailand",1,2,"de-DE|en-AU|en-GB|en-SG|en-US","does esim work in thailand"
"does saily esim work in brazil",1,2,"de-DE|en-AU|en-GB|en-SG|en-US","does esim work in brazil"
"does saily esim work in canada",1,2,"de-DE|en-AU|en-GB|en-SG|en-US","does esim work in canada"
"does saily esim work in egypt",1,2,"de-DE|en-AU|en-GB|en-SG|en-US","does esim work in egypt"
"does saily esim work in georgia",1,2,"de-DE|en-AU|en-GB|en-SG|en-US","does esim work in georgia"
"does saily esim work in ireland",1,2,"de-DE|en-AU|en-GB|en-SG|en-US","does esim work in ireland"
"does saily esim work in morocco",1,2,"de-DE|en-AU|en-GB|en-SG|en-US","does esim work in morocco"
"does saily esim work in portugal",1,2,"de-DE|en-AU|en-GB|en-SG|en-US","does esim work in portugal"
"does saily esim work in qatar",1,2,"de-DE|en-AU|en-GB|en-SG|en-US","does esim work in qatar"
"does saily esim work in singapore",1,2,"de-DE|en-AU|en-GB|en-SG|en-US","does esim work in singapore"
"does saily esim work in taiwan",1,2,"de-DE|en-AU|en-GB|en-SG|en-US","does esim work in taiwan"
"does saily esim work in turkey",1,2,"de-DE|en-AU|en-GB|en-SG|en-US","does esim work in turkey"
"does singtel esim work in malaysia",1,2,"de-DE|en-AU|en-GB|en-SG|en-US","does esim work in malaysia"
"does telstra support esim",1,2,"en-AU|en-GB|en-SG|en-US","tel aviv esim"
"does uk esim work in scotland",1,2,"de-DE","does esim work in uk"
"does virgin have esim",1,2,"en-US","jetpac esim brazil"
"does vodafone esim work in germany",1,2,"en-AU|en-GB|en-SG|en-US","does esim work in germany"
"does.nomad esim.work.in.uae",1,2,"de-DE|en-AU|en-GB|en-SG|en-US","does esim work in uae"
"doha esim 1 day",1,2,"de-DE|en-AU|en-GB|en-SG|en-US","doha esim"
"dubai esim kaufen",1,2,"de-DE","dubai esim"
"dubai esim unlimited data",1,2,"de-DE|en-AU|en-GB|en-SG|en-US","dubai esim"
"dutch esim unlimited data",1,2,"en-US","netherlands esim unlimited data"
"e sim costa rica panama",1,2,"en-US","esim for costa rica and panama"
"e sim india sri lanka",1,2,"en-US","esim for india and sri lanka"
"e sim roaming turkey",1,2,"en-US","roami esim turkey"
"ee esim uk tourist",1,2,"de-DE","esim uk tourist"
"egypt sim card for tourist reddit",1,2,"en-AU|en-GB|en-SG|en-US","egypt sim card for tourists"
"eight esim singapore reddit",1,2,"de-DE","esim singapore reddit"
"england esim reddit",1,2,"en-AU|en-GB|en-SG|en-US","england esim"
"esim 4g modem",1,2,"de-DE|en-AU|en-GB|en-SG|en-US","esim 4g"
"esim 4g viettel",1,2,"de-DE|en-AU|en-GB|en-SG|en-US","esim 4g"
"esim 5g phones",1,2,"en-AU|en-GB|en-SG|en-US","esim 5g"
"esim 5gb",1,2,"de-DE|en-AU|en-GB|en-SG|en-US","esim 5g"
"esim 5gb free",1,2,"de-DE|en-US","esim 5g"
"esim abu dhabi price",1,2,"en-AU|en-GB|en-SG|en-US","esim uae price"
"esim africa apple",1,2,"de-DE","esim africa"
"esim africa best",1,2,"de-DE|en-AU|en-GB|en-SG|en-US","esim africa"
"esim africa pass",1,2,"de-DE|en-AU|en-GB|en-SG|en-US","esim africa"
"esim america and canada",1,2,"en-AU|en-GB|en-SG|en-US","esim america"
"esim argentina airalo",1,2,"de-DE|en-AU|en-GB|en-SG|en-US","esim argentina"
"esim argentina personal",1,2,"en-AU|en-GB|en-SG|en-US","esim argentina"
"esim argentina turista",1,2,"en-AU|en-GB|en-SG|en-US","esim argentina"
"esim asia unlimited data",1,2,"en-AU|en-GB|en-SG|en-US","esim asia"
"esim australia and new zealand",1,2,"en-GB|en-SG|en-US","esim australia"
"esim australia iphone 16",1,2,"de-DE|en-US","esim australia for iphone"
"esim australia melbourne airport",1,2,"de-DE|en-US","esim australia airport"
"esim australia tourist telstra",1,2,"de-DE|en-US","esim australia tourist"
"esim austria prepaid",1,2,"en-AU|en-GB|en-SG|en-US","esim austria"
"esim bali empfehlung",1,2,"de-DE","esim bali"
"esim bali reddit",1,2,"en-AU|en-GB|en-SG|en-US","esim bali"
"esim bali unlimited data",1,2,"en-AU|en-GB|en-SG|en-US","esim bali"
"esim balkans holafly",1,2,"de-DE|en-AU|en-GB|en-SG|en-US","esim balkans"
"esim balkans reddit",1,2,"de-DE|en-AU|en-GB|en-SG|en-US","esim balkans"
"esim bangkok thailand",1,2,"de-DE|en-AU|en-SG|en-US","esim bangkok"
"esim belgium travel",1,2,"en-US","esim belgium tourist"
"esim brazil reddit",1,2,"en-AU|en-GB|en-SG|en-US","esim brazil"
"esim brazil travel",1,2,"en-US","esim brazil tourist"
"esim brazilië unlimited data",1,2,"de-DE|en-US","unlimited data esim brazil"
"esim canada iphone 13",1,2,"de-DE|en-US","esim canada for iphone"
"esim canada iphone 16",1,2,"de-DE|en-US","esim canada for iphone"
"esim canada plans rogers",1,2,"de-DE|en-US","esim canada plans"
"esim canada review",1,2,"de-DE","esim for canada review"
"esim canada vancouver airport",1,2,"de-DE|en-US","esim canada airport"
"esim cancun reddit",1,2,"de-DE|en-AU|en-GB|en-SG|en-US","esim cancun"
"esim cape town south africa",1,2,"en-AU|en-GB|en-SG|en-US","esim cape town"
"esim card for japan and thailand",1,2,"de-DE|en-US","esim for japan and thailand"
"esim card for turkey and greece",1,2,"de-DE|en-US","esim for turkey and greece"
"esim card great britain",1,2,"de-DE|en-AU|en-GB|en-SG|en-US","esim britain"
"esim card hong kong airport",1,2,"de-DE|en-US","esim hong kong airport"
"esim caribbean 14 days",1,2,"en-AU|en-GB|en-SG|en-US","esim caribbean"
"esim caribbean islands",1,2,"de-DE|en-AU|en-SG|en-US","esim caribbean"
"esim caribbean unlimited data",1,2,"de-DE|en-AU|en-SG|en-US","esim caribbean"
"esim cheap data uk",1,2,"de-DE|en-AU|en-GB|en-SG|en-US","esim cheap data"
"esim china erfahrungen",1,2,"de-DE","esim china"
"esim china reddit",1,2,"en-AU|en-GB|en-SG|en-US","esim china"
"esim china reddit trip com",1,2,"de-DE|en-US","esim china reddit"
"esim china travel reddit",1,2,"en-US","esim china tourist"
"esim china unlimited internet",1,2,"de-DE","esim china unlimited"
"esim china with phone number",1,2,"en-AU|en-GB|en-SG|en-US","esim china"
"esim colombia best price",1,2,"de-DE|en-AU|en-GB|en-SG|en-US","esim colombia price"
"esim colombia reddit",1,2,"en-AU|en-GB|en-SG|en-US","esim colombia"
"esim company for travel",1,2,"en-AU|en-GB|en-SG|en-US","esim for business travel"
"esim compatible phones samsung",1,2,"de-DE|en-AU|en-GB|en-SG|en-US","esim compatible phones"
"esim compatible phones uk",1,2,"en-AU|en-GB|en-SG|en-US","esim compatible phones"
"esim costa rica 10 gb",1,2,"en-US","esim costa rica 10gb"
"esim costa rica cheap",1,2,"en-AU|en-GB|en-SG|en-US","esim costa rica price"
"esim costa rica claro",1,2,"en-AU|en-GB|en-SG|en-US","esim costa rica"
"esim costa rica erfahrungen",1,2,"de-DE","esim costa rica"
"esim costa rica iphone 17",1,2,"de-DE|en-US","esim costa rica for iphone"
"esim coverage canada",1,2,"de-DE|en-US","esim coverage in canada"
"esim coverage uk",1,2,"de-DE|en-US","esim coverage in uk"
"esim coverage usa",1,2,"de-DE|en-US","esim coverage in usa"
"esim czech republic reddit",1,2,"de-DE|en-AU|en-GB|en-SG|en-US","esim czech republic"
"esim data only plans",1,2,"en-AU","esim data only"
"esim data only thailand",1,2,"de-DE","esim data only"
"esim data only uk",1,2,"de-DE|en-AU|en-GB|en-SG|en-US","esim data only"
"esim data only usa",1,2,"en-AU|en-GB|en-SG|en-US","esim data only"
"esim data plan international",1,2,"de-DE|en-AU|en-GB|en-SG|en-US","esim data plan"
"esim data plans spain",1,2,"de-DE|en-US","esim spain plans"
"esim deals europe",1,2,"de-DE|en-AU|en-GB|en-SG|en-US","esim deals"
"esim deals for saudi arabia",1,2,"en-AU|en-GB|en-SG|en-US","cheapest esim for saudi arabia"
"esim discount code airalo",1,2,"de-DE|en-AU|en-GB|en-SG|en-US","esim discount code"
"esim dubai unlimited data",1,2,"de-DE|en-AU|en-GB|en-SG|en-US","esim dubai"
"esim dubai vergleich",1,2,"de-DE","esim dubai"
"esim egypt best",1,2,"en-AU|en-GB|en-SG|en-US","esim egypt"
"esim egypt buy",1,2,"de-DE","how to get an esim for egypt"
"esim egypt cost",1,2,"en-AU|en-GB|en-SG|en-US","esim egypt price"
"esim egypt reddit",1,2,"en-AU|en-GB|en-SG|en-US","esim egypt"
"esim england travel",1,2,"de-DE|en-AU|en-GB|en-SG|en-US","esim england"
"esim esim card",1,2,"en-AU|en-GB|en-SG|en-US","esim esim"
"esim esim iphone 17 pro max",1,2,"de-DE|en-AU|en-GB|en-SG|en-US","esim esim"
"esim europe unlimited",1,2,"de-DE|en-GB|en-SG|en-US","esim europe"
"esim fiji cheap",1,2,"de-DE","esim fiji"
"esim fiji digicel",1,2,"en-AU|en-GB|en-SG|en-US","esim fiji"
"esim fiji travel",1,2,"en-US","esim fiji tourist"
"esim for 1 month only",1,2,"en-AU|en-GB|en-SG|en-US","esim for 1 month"
"esim for 1 week in italy",1,2,"de-DE|en-AU|en-GB|en-SG|en-US","esim for 1 week"
"esim for 2 weeks usa",1,2,"de-DE|en-AU|en-GB|en-SG|en-US","esim for 2 weeks"
"esim for 3 days uk",1,2,"de-DE|en-AU|en-GB|en-SG|en-US","esim for 3 days"
"esim for amsterdam reddit",1,2,"de-DE|en-AU|en-GB|en-SG|en-US","esim for amsterdam"
"esim for android samsung",1,2,"de-DE|en-AU|en-GB|en-SG|en-US","esim for android"
"esim for android tablet",1,2,"de-DE|en-AU|en-GB|en-SG|en-US","esim for android"
"esim for asian countries",1,2,"de-DE|en-AU|en-GB|en-SG|en-US","esim for asia"
"esim for australia from uk",1,2,"en-AU|en-GB|en-SG|en-US","esim for australia"
"esim for australia telstra",1,2,"de-DE","esim for australia"
"esim for austria and hungary",1,2,"en-AU|en-GB|en-SG|en-US","esim for austria"
"esim for austria travel",1,2,"de-DE|en-AU|en-GB|en-SG|en-US","esim for austria"
"esim for backpacking europe",1,2,"de-DE|en-AU|en-GB|en-SG|en-US","esim for backpacking"
"esim for bangkok reddit",1,2,"de-DE|en-AU|en-GB|en-SG|en-US","esim for bangkok"
"esim for barcelona reddit",1,2,"de-DE|en-AU|en-GB|en-SG|en-US","esim for barcelona"
"esim for beijing with or without vpn",1,2,"de-DE|en-AU|en-GB|en-SG|en-US","esim for beijing"
"esim for belgium and france",1,2,"de-DE|en-AU|en-GB|en-SG|en-US","esim for belgium"
"esim for belgium reddit",1,2,"de-DE|en-AU|en-GB|en-SG|en-US","esim for belgium"
"esim for both australia and new zealand",1,2,"de-DE|en-US","esim for australia and new zealand"
"esim for canada from australia",1,2,"en-AU|en-GB|en-SG|en-US","esim for canada"
"esim for cancun reddit",1,2,"de-DE|en-AU|en-GB|en-SG|en-US","esim for cancun"
"esim for china and hong kong",1,2,"de-DE|en-AU|en-GB|en-SG|en-US","esim for china"
"esim for colombia travel",1,2,"de-DE|en-AU|en-GB|en-SG|en-US","esim for colombia"
"esim for costa rica reddit",1,2,"de-DE|en-AU|en-GB|en-SG|en-US","esim for costa rica"
"esim for croatia and bosnia",1,2,"de-DE|en-AU|en-GB|en-SG|en-US","esim for croatia"
"esim for cruises",1,2,"de-DE|en-AU|en-GB|en-US","esim for cruise"
"esim for czech republic and austria",1,2,"de-DE|en-AU|en-GB|en-SG|en-US","esim for czech republic"
"esim for denmark and sweden",1,2,"de-DE","best esim for denmark and sweden"
"esim for denmark norway and sweden",1,2,"de-DE|en-US","esim for denmark and sweden"
"esim for dubai tourist",1,2,"de-DE|en-AU|en-GB|en-SG|en-US","esim for dubai"
"esim for dublin reddit",1,2,"de-DE|en-AU|en-GB|en-SG|en-US","esim for dublin"
"esim for egypt uk",1,2,"de-DE|en-AU|en-GB|en-SG|en-US","esim for egypt"
"esim for egypt unlimited data",1,2,"de-DE|en-AU|en-GB|en-SG|en-US","esim for egypt"
"esim for england and ireland",1,2,"de-DE|en-AU|en-GB|en-SG|en-US","esim for england"
"esim for europe and uk",1,2,"de-DE|en-AU|en-GB|en-SG|en-US","esim for europe"
"esim for europe and us",1,2,"en-AU|en-GB|en-SG|en-US","esim for europe and usa"
"esim for europe from australia",1,2,"de-DE|en-AU|en-GB|en-SG","esim for europe"
"esim for europe from australia reviews",1,2,"de-DE|en-US","esim for australia review"
"esim for europe reddit",1,2,"de-DE|en-AU|en-GB|en-SG|en-US","esim for europe"
"esim for family travel",1,2,"de-DE|en-AU|en-GB|en-SG|en-US","esim for family"
"esim for fiji from nz",1,2,"de-DE|en-AU|en-GB|en-SG|en-US","esim for fiji"
"esim for france and spain",1,2,"de-DE|en-AU|en-GB|en-SG|en-US","esim for france"
"esim for germany and austria",1,2,"en-AU|en-GB|en-SG|en-US","esim for germany"
"esim for germany tourist",1,2,"de-DE","esim for germany"
"esim for greece and italy",1,2,"de-DE|en-AU|en-GB|en-SG|en-US","esim for greece"
"esim for hawaii usa",1,2,"de-DE","esim for hawaii"
"esim for holland america",1,2,"en-AU|en-GB|en-SG|en-US","esim for holland"
"esim for holland america cruise",1,2,"de-DE|en-AU|en-GB|en-SG|en-US","esim for holland"
"esim for hong kong and japan",1,2,"de-DE|en-AU|en-GB|en-SG|en-US","esim for hong kong"
"esim for iceland and uk",1,2,"de-DE|en-AU|en-GB|en-SG|en-US","esim for iceland"
"esim for iceland travel",1,2,"de-DE|en-AU|en-GB|en-US","esim for iceland"
"esim for india from uk",1,2,"de-DE|en-AU|en-GB|en-SG|en-US","esim for india"
"esim for india from usa",1,2,"de-DE|en-GB|en-SG|en-US","esim for india"
"esim for international travel reddit",1,2,"de-DE|en-AU|en-GB|en-SG|en-US","esim for international travel"
"esim for ireland and northern ireland",1,2,"de-DE|en-AU|en-GB|en-SG|en-US","esim for ireland"
"esim for israel and europe",1,2,"de-DE|en-AU|en-GB|en-SG|en-US","esim for israel"
"esim for istanbul reddit",1,2,"de-DE|en-AU|en-GB|en-SG|en-US","esim for istanbul"
"esim for italy and croatia",1,2,"en-AU","esim for italy"
"esim for italy from canada",1,2,"en-AU|en-GB|en-SG","esim for italy"
"esim for italy reddit",1,2,"de-DE|en-GB|en-SG|en-US","esim for italy"
"esim for japan and china",1,2,"de-DE|en-US","esim for japan"
"esim for japan reddit",1,2,"en-AU|en-GB|en-SG|en-US","esim for japan"
"esim for japan south korea and china",1,2,"de-DE","esim for japan and south korea"
"esim for kenya from uk",1,2,"de-DE|en-AU|en-GB|en-SG|en-US","esim for kenya"
"esim for kids apple watch australia",1,2,"de-DE|en-AU|en-GB|en-SG|en-US","esim for kids"
"esim for kids phone",1,2,"de-DE|en-AU|en-GB|en-SG|en-US","esim for kids"
"esim for kuala lumpur",1,2,"de-DE","best esim for kuala lumpur"
"esim for london travel",1,2,"de-DE|en-US","esim for london"
"esim for london uk",1,2,"de-DE|en-US","esim for london"
"esim for maldives reddit",1,2,"en-US","esim for maldives"
"esim for mexico city",1,2,"de-DE|en-AU|en-GB|en-SG|en-US","esim for mexico"
"esim for mexico from uk",1,2,"de-DE|en-AU|en-GB|en-SG|en-US","esim for mexico"
"esim for morocco travel",1,2,"de-DE|en-AU|en-GB|en-SG|en-US","esim for morocco"
"esim for netherlands and germany",1,2,"de-DE|en-AU|en-GB|en-SG|en-US","esim for netherlands"
"esim for new delhi",1,2,"en-AU|en-GB|en-SG|en-US","esim for delhi"
"esim for new york city",1,2,"de-DE|en-US","esim for new york"
"esim for new zealand travel",1,2,"de-DE|en-AU|en-GB|en-SG|en-US","esim for new zealand"
"esim for paris and london",1,2,"de-DE|en-AU|en-GB|en-SG|en-US","esim for paris"
"esim for peru travel",1,2,"de-DE|en-GB|en-SG|en-US","esim for peru"
"esim for philippines and thailand",1,2,"de-DE|en-AU|en-GB|en-SG|en-US","esim for philippines"
"esim for philippines reddit",1,2,"de-DE|en-AU|en-SG|en-US","esim for philippines"
"esim for phuket and krabi",1,2,"de-DE|en-US","esim for phuket"
"esim for phuket reddit",1,2,"de-DE|en-US","esim for phuket"
"esim for portugal reddit",1,2,"de-DE|en-AU|en-GB|en-SG|en-US","esim for portugal"
"esim for qatar and uae",1,2,"en-AU|en-GB|en-SG|en-US","esim for qatar"
"esim for rome and greece",1,2,"de-DE|en-AU|en-GB|en-SG|en-US","esim for rome"
"esim for saudi arabia from india",1,2,"de-DE|en-AU|en-GB|en-SG|en-US","esim for saudi arabia"
"esim for seoul and japan",1,2,"de-DE|en-AU|en-GB|en-SG|en-US","esim for seoul"
"esim for shanghai reddit",1,2,"de-DE|en-US","esim for shanghai"
"esim for singapore and malaysia klook",1,2,"de-DE|en-US","esim for singapore and malaysia"
"esim for singapore and thailand",1,2,"de-DE|en-AU|en-GB|en-SG|en-US","esim for singapore"
"esim for singapore tourist",1,2,"en-AU|en-GB|en-US","esim for singapore"
"esim for south africa botswana and zimbabwe",1,2,"de-DE|en-AU|en-GB|en-SG|en-US","esim for south africa"
"esim for spain and italy",1,2,"de-DE|en-AU|en-GB|en-SG|en-US","esim for spain"
"esim for students in usa",1,2,"de-DE|en-AU|en-GB|en-SG|en-US","esim for students"
"esim for switzerland and europe",1,2,"de-DE|en-AU|en-GB|en-SG|en-US","esim for switzerland"
"esim for switzerland and france",1,2,"de-DE|en-AU|en-GB|en-SG|en-US","esim for switzerland"
"esim for switzerland data",1,2,"de-DE|en-AU|en-GB|en-SG|en-US","esim for switzerland"
"esim for taiwan and hong kong",1,2,"de-DE|en-AU|en-GB|en-SG|en-US","esim for taiwan"
"esim for taiwan and vietnam",1,2,"de-DE|en-AU|en-GB|en-SG|en-US","esim for taiwan"
"esim for thailand and singapore",1,2,"en-AU|en-GB|en-SG|en-US","esim for thailand"
"esim for thailand reddit",1,2,"de-DE|en-AU|en-GB|en-SG|en-US","esim for thailand"
"esim for tokyo and seoul",1,2,"de-DE|en-AU|en-GB|en-SG|en-US","esim for tokyo"
"esim for tourists in usa",1,2,"de-DE|en-AU|en-GB|en-SG","esim for tourists"
"esim for turkey unlimited data",1,2,"de-DE|en-AU|en-GB|en-SG|en-US","esim for turkey"
"esim for turkey with phone number",1,2,"de-DE","esim for turkey"
"esim for uae travel",1,2,"de-DE|en-AU|en-GB|en-SG|en-US","esim for uae"
"esim for uk from australia",1,2,"en-AU|en-GB|en-SG","esim for uk"
"esim for uk tourist",1,2,"de-DE","esim for uk"
"esim for usa and canada from uk",1,2,"de-DE|en-US","esim for usa and canada"
"esim for vancouver island",1,2,"de-DE|en-US","esim for vancouver"
"esim for vietnam reddit",1,2,"de-DE|en-AU|en-GB|en-SG|en-US","esim for vietnam"
"esim france and uk",1,2,"en-AU","esim france"
"esim france free",1,2,"de-DE|en-AU|en-GB|en-SG|en-US","esim france"
"esim france iphone 13",1,2,"de-DE|en-US","esim france for iphone"
"esim france orange",1,2,"de-DE|en-AU|en-GB|en-SG|en-US","esim france"
"esim france reviews",1,2,"de-DE|en-US","esim for france review"
"esim france travel reddit",1,2,"en-US","esim france tourist"
"esim france unlimited data reddit",1,2,"de-DE|en-US","esim france unlimited"
"esim free trial",1,2,"en-US","esim"
"esim free trial unlimited data",1,2,"de-DE|en-AU|en-GB|en-SG|en-US","esim free trial"
"esim georgia reddit",1,2,"en-AU|en-GB|en-SG|en-US","esim georgia"
"esim georgia travel",1,2,"en-US","esim georgia tourist"
"esim georgien magti",1,2,"de-DE","esim georgia"
"esim germany unlimited internet",1,2,"de-DE|en-US","esim germany unlimited"
"esim greece and turkey",1,2,"en-AU|en-GB|en-SG|en-US","esim greece"
"esim greece cosmote",1,2,"de-DE|en-AU|en-GB|en-SG|en-US","esim greece"
"esim greece unlimited internet",1,2,"en-US","esim greece unlimited"
"esim hanoi vietnam",1,2,"de-DE|en-US","esim hanoi"
"esim hawaii 10 days",1,2,"en-US","esim hawaii"
"esim hawaii airalo",1,2,"de-DE|en-US","esim hawaii"
"esim hong kong and japan",1,2,"en-AU|en-GB|en-SG|en-US","esim hong kong"
"esim hong kong and macau",1,2,"de-DE|en-AU|en-GB|en-SG|en-US","esim hong kong"
"esim hong kong china macau",1,2,"de-DE|en-AU|en-GB|en-SG|en-US","esim hong kong"
"esim hong kong iphone 17",1,2,"en-US","esim hong kong for iphone"
"esim hotspot möglich",1,2,"de-DE","esim hotspot"
"esim hotspot plans",1,2,"en-AU|en-GB|en-SG|en-US","esim hotspot"
"esim india e sri lanka",1,2,"de-DE|en-US","esim for india and sri lanka"
"esim india mumbai airport",1,2,"de-DE|en-US","esim india airport"
"esim india prepaid",1,2,"en-AU|en-GB|en-SG|en-US","esim india"
"esim india recharge plans",1,2,"de-DE|en-US","esim india plans"
"esim india tourist jio",1,2,"de-DE|en-US","esim india tourist"
"esim indonesia harga",1,2,"en-AU|en-GB|en-SG|en-US","esim indonesia price"
"esim indonesia iphone 16",1,2,"de-DE|en-US","esim indonesia for iphone"
"esim indonesia review",1,2,"de-DE|en-US","esim for indonesia review"
"esim indonesia telkomsel price",1,2,"de-DE|en-AU|en-GB|en-SG|en-US","esim indonesia price"
"esim indonesia tourist",1,2,"en-GB|en-SG","esim indonesia"
"esim indonesien",1,2,"de-DE","esim indonesia"
"esim internet kenya",1,2,"en-US","esim kenya unlimited"
"esim ireland and northern ireland",1,2,"en-AU|en-GB|en-SG|en-US","esim ireland"
"esim ireland unlimited",1,2,"de-DE","esim ireland"
"esim israel erfahrungen",1,2,"de-DE","esim israel"
"esim israel with phone number",1,2,"en-AU|en-GB|en-SG|en-US","esim israel"
"esim italy reddit",1,2,"en-AU|en-GB|en-SG|en-US","esim italy"
"esim italy review",1,2,"de-DE","esim for italy review"
"esim italy unlimited",1,2,"de-DE","esim italy"
"esim japan airport reddit",1,2,"de-DE|en-US","esim japan airport"
"esim japan cheap reddit",1,2,"de-DE","cheap esim japan"
"esim japan cost reddit",1,2,"en-SG","esim japan price"
"esim japan erfahrungen",1,2,"de-DE","esim japan"
"esim japan for iphone 13",1,2,"en-US","esim japan for iphone"
"esim japan reddit 2025",1,2,"de-DE|en-US","esim japan reddit"
"esim japan unlimited 30 days",1,2,"de-DE|en-US","esim japan unlimited"
"esim japan unlimited data hotspot",1,2,"de-DE|en-US","esim japan unlimited"
"esim kenya travel",1,2,"en-US","esim kenya tourist"
"esim korea best price",1,2,"de-DE|en-AU|en-GB|en-SG|en-US","esim korea price"
"esim korea unlimited",1,2,"en-SG","esim korea"
"esim korea unlimited data reddit",1,2,"en-US","esim korea unlimited"
"esim korea vergleich",1,2,"de-DE","esim korea"
"esim korea with phone number",1,2,"de-DE|en-AU|en-GB|en-SG|en-US","esim korea"
"esim london iphone",1,2,"de-DE","esim london"
"esim london reddit",1,2,"en-US","esim london"
"esim low latency meaning",1,2,"de-DE|en-AU|en-GB|en-SG|en-US","esim latency"
"esim macau hong kong",1,2,"en-AU|en-GB|en-SG|en-US","esim macao"
"esim malaysia",1,2,"en-SG","esim"
"esim malaysia 1 day",1,2,"en-SG","esim malaysia"
"esim malaysia best price",1,2,"de-DE|en-AU|en-GB|en-SG|en-US","esim malaysia price"
"esim malaysia iphone 11",1,2,"de-DE|en-US","esim malaysia for iphone"
"esim malaysia tourist",1,2,"de-DE|en-AU|en-GB|en-SG|en-US","esim malaysia"
"esim malaysia vergleich",1,2,"de-DE","esim malaysia"
"esim maldives dhiraagu",1,2,"en-US","esim maldives"
"esim melbourne",1,2,"en-US","esim for melbourne"
"esim mexico iphone 17 pro max",1,2,"de-DE|en-US","esim mexico for iphone"
"esim mexico telcel",1,2,"de-DE|en-AU|en-GB|en-SG|en-US","esim mexico"
"esim mexico travel reddit",1,2,"en-US","esim mexico tourist"
"esim mexiko vergleich",1,2,"de-DE","esim mexico"
"esim middle east reddit",1,2,"de-DE|en-AU|en-GB|en-SG|en-US","esim middle east"
"esim middle east unlimited",1,2,"de-DE|en-AU|en-GB|en-SG|en-US","esim middle east"
"esim morocco travel",1,2,"en-US","esim morocco tourist"
"esim netherlands prepaid",1,2,"de-DE|en-AU|en-GB|en-SG|en-US","esim netherlands"
"esim new york 1 week",1,2,"de-DE|en-US","esim new york"
"esim new york erfahrungen",1,2,"de-DE","esim new york"
"esim new zealand best price",1,2,"de-DE|en-AU|en-GB|en-SG|en-US","esim new zealand price"
"esim new zealand travel reddit",1,2,"en-US","esim new zealand tourist"
"esim new zealand with phone number",1,2,"de-DE","esim new zealand"
"esim no contract singapore",1,2,"de-DE|en-AU|en-GB|en-SG|en-US","esim no contract"
"esim no contract usa",1,2,"de-DE|en-AU|en-GB|en-SG|en-US","esim no contract"
"esim north america compare",1,2,"de-DE|en-AU|en-GB|en-SG|en-US","esim north america"
"esim north america unlimited data",1,2,"de-DE|en-AU|en-GB|en-SG|en-US","esim north america"
"esim nz number",1,2,"de-DE","esim nz"
"esim nz prepaid",1,2,"de-DE|en-GB|en-SG|en-US","esim nz"
"esim nz unlimited data",1,2,"de-DE|en-AU|en-GB|en-SG|en-US","esim nz"
"esim paris reddit",1,2,"de-DE|en-AU|en-GB|en-SG|en-US","esim paris"
"esim pay as you go canada",1,2,"de-DE|en-AU|en-GB|en-SG|en-US","esim pay as you go"
"esim peru best price",1,2,"de-DE|en-AU|en-GB|en-SG|en-US","esim peru price"
"esim peru claro",1,2,"de-DE|en-AU|en-GB|en-SG|en-US","esim peru"
"esim peru erfahrungen",1,2,"de-DE","esim peru"
"esim peru iphone",1,2,"de-DE|en-US","esim peru for iphone"
"esim peru trip com",1,2,"en-US","esim peru tourist"
"esim philippines iphone 16",1,2,"de-DE|en-US","esim philippines for iphone"
"esim philippines prepaid",1,2,"en-AU|en-GB|en-SG|en-US","esim philippines"
"esim philippines trip com",1,2,"de-DE","esim philippines"
"esim phone calls",1,2,"en-AU|en-GB|en-SG|en-US","esim voice calls"
"esim phone plans france",1,2,"de-DE|en-US","esim france plans"
"esim phone plans ireland",1,2,"de-DE|en-US","esim ireland plans"
"esim phones in india",1,2,"en-US","alosim esim india"
"esim plans australia compare",1,2,"de-DE|en-US","esim australia plans"
"esim plans cheap",1,2,"de-DE|en-AU|en-GB|en-SG|en-US","esim plans"
"esim plans uk",1,2,"de-DE|en-GB|en-SG|en-US","esim plans"
"esim poland orange",1,2,"de-DE|en-AU|en-GB|en-SG|en-US","esim poland"
"esim portugal internet",1,2,"de-DE","esim portugal"
"esim portugal reddit",1,2,"en-AU|en-GB|en-SG|en-US","esim portugal"
"esim portugal trip com",1,2,"en-US","esim portugal tourist"
"esim prepaid amerika",1,2,"de-DE","america esim"
"esim prepaid malaysia",1,2,"en-AU|en-GB|en-SG","esim prepaid"
"esim prepaid sofort ohne vertrag",1,2,"de-DE","esim prepaid"
"esim prepaid usa",1,2,"en-GB|en-SG|en-US","esim prepaid"
"esim price comparison italy",1,2,"en-AU|en-GB|en-SG|en-US","esim italy price"
"esim price in turkey",1,2,"en-SG","esim turkey price"
"esim promo code 2026",1,2,"de-DE|en-AU|en-GB|en-SG|en-US","esim promo code"
"esim roaming peru",1,2,"en-US","esim coverage in peru"
"esim roaming singapore malaysia",1,2,"en-US","roami esim singapore"
"esim roaming ukraine",1,2,"en-US","roami esim uk"
"esim roaming vietnam",1,2,"en-US","roami esim vietnam"
"esim saudi arabia visitor",1,2,"en-US","esim saudi arabia tourist"
"esim saudi arabia with number",1,2,"de-DE|en-GB","esim saudi arabia"
"esim scandinavian",1,2,"en-AU|en-GB|en-SG|en-US","esim scandinavia"
"esim shanghai airport",1,2,"en-US","esim shanghai"
"esim shanghai reddit",1,2,"de-DE|en-US","esim shanghai"
"esim singapore 1 day",1,2,"en-GB|en-SG|en-US","esim singapore"
"esim singapore indonesia",1,2,"de-DE|en-GB|en-US","esim singapore"
"esim singapore malaysia",1,2,"en-GB|en-SG","esim singapore"
"esim singapore reddit",1,2,"en-AU|en-US","esim singapore"
"esim singapore tourist singtel",1,2,"de-DE|en-US","esim singapore tourist"
"esim sm egypt review",1,2,"de-DE|en-US","esim for egypt review"
"esim sm turkey review",1,2,"de-DE|en-US","esim for turkey review"
"esim sms aktivieren",1,2,"de-DE","esim sms"
"esim sms verification",1,2,"en-AU|en-GB|en-SG|en-US","esim sms"
"esim south africa botswana zimbabwe",1,2,"en-AU|en-GB|en-SG|en-US","esim south africa"
"esim south africa mtn",1,2,"de-DE|en-AU|en-GB|en-SG|en-US","esim south africa"
"esim south africa vodacom",1,2,"en-AU|en-GB|en-SG|en-US","esim south africa"
"esim south korea review",1,2,"de-DE|en-US","esim for korea review"
"esim south korea/japan",1,2,"en-US","esim for japan and south korea"
"esim southeast asia reddit",1,2,"de-DE|en-AU|en-GB|en-SG|en-US","esim southeast asia"
"esim spain data",1,2,"de-DE|en-AU|en-GB|en-SG|en-US","esim spain"
"esim spain iphone",1,2,"en-AU|en-GB|en-SG|en-US","esim spain"
"esim spain portugal morocco",1,2,"en-AU","esim spain"
"esim spain prepaid",1,2,"de-DE|en-AU|en-GB|en-SG","esim spain"
"esim spain travel reddit",1,2,"en-US","esim spain tourist"
"esim speed vs physical sim",1,2,"de-DE|en-AU|en-GB|en-SG|en-US","esim speed"
"esim switzerland and italy",1,2,"en-US","esim switzerland"
"esim switzerland data",1,2,"de-DE|en-AU|en-GB|en-SG|en-US","esim switzerland"
"esim taiwan klook",1,2,"en-AU|en-GB|en-SG|en-US","esim taiwan"
"esim taiwan travel",1,2,"en-US","esim taiwan tourist"
"esim taiwan with phone number",1,2,"en-SG|en-US","esim taiwan"
"esim tel aviv",1,2,"en-AU|en-GB|en-SG|en-US","esim for tel aviv"
"esim thailand 7 days",1,2,"en-AU|en-GB|en-SG|en-US","esim thailand"
"esim thailand iphone 16",1,2,"de-DE|en-US","esim thailand for iphone"
"esim thailand tourist ais",1,2,"de-DE|en-US","esim thailand tourist"
"esim thailand tourist reddit",1,2,"de-DE|en-US","esim thailand tourist"
"esim thailand unlimited data & calls",1,2,"en-US","esim thailand unlimited"
"esim thailand vergleich",1,2,"de-DE","esim thailand"
"esim thailand with phone number",1,2,"en-SG|en-US","esim thailand"
"esim tokyo japan",1,2,"de-DE|en-AU|en-GB|en-SG","esim tokyo"
"esim travel croatia",1,2,"en-US","esim croatia tourist"
"esim turkey cost",1,2,"en-AU|en-GB|en-SG|en-US","esim turkey price"
"esim turkey tourist",1,2,"en-AU|en-GB|en-SG|en-US","esim turkey"
"esim turkey tourist reddit",1,2,"de-DE|en-US","esim turkey tourist"
"esim turkey unlimited",1,2,"de-DE","esim turkey"
"esim uae dubai",1,2,"de-DE","esim uae"
"esim uk 1 month",1,2,"de-DE","esim for 1 month"
"esim uk tourist",1,2,"de-DE","esim uk"
"esim unlimited malaysia",1,2,"de-DE","esim malaysia unlimited"
"esim us reddit",1,2,"en-US","esim usa reddit"
"esim usa iphone 15 pro",1,2,"en-US","esim usa for iphone"
"esim usa iphone se",1,2,"de-DE|en-US","esim usa for iphone"
"esim usa tourist saily",1,2,"de-DE|en-US","esim usa tourist"
"esim vietnam 10 gb",1,2,"en-US","esim vietnam 10gb"
"esim vietnam klook",1,2,"en-GB|en-SG|en-US","esim vietnam"
"esim vs physical sim canada",1,2,"de-DE|en-US","esim canada vs sim"
"esim vs physical sim mexico",1,2,"de-DE|en-US","esim mexico vs sim"
"esim vs physical sim philippines reddit",1,2,"de-DE|en-US","esim philippines vs sim"
"esim vs physical sim uk",1,2,"en-US","esim uk vs sim"
"esim vs pocket wifi korea",1,2,"de-DE|en-AU|en-GB|en-SG|en-US","esim vs pocket wifi"
"esim vs sim card hong kong",1,2,"de-DE|en-US","esim hong kong vs sim"
"esim vs sim card korea",1,2,"de-DE|en-US","esim korea vs sim"
"esim vs sim card pros and cons",1,2,"en-AU|en-GB|en-SG|en-US","esim vs sim"
"esim vs sim card uk",1,2,"de-DE","esim uk vs sim"
"esim vs sim card which is better",1,2,"en-AU|en-GB|en-SG|en-US","esim vs sim"
"esim vs sim singapore",1,2,"de-DE|en-US","esim singapore vs sim"
"esim vs sim vor und nachteile",1,2,"de-DE","esim vs sim"
"esim with phone number china",1,2,"en-AU|en-GB|en-SG|en-US","esim with phone number"
"esim with phone number europe",1,2,"de-DE|en-AU|en-GB|en-SG|en-US","esim with phone number"
"esim with phone number india",1,2,"de-DE","esim with phone number"
"esim world reviews",1,2,"en-AU|en-GB|en-SG|en-US","esim world"
"esim worldwide unlimited data",1,2,"de-DE|en-AU|en-GB|en-SG|en-US","esim world"
"esim zanzibar airalo",1,2,"de-DE|en-US","esim zanzibar"
"esim österreich reddit",1,2,"en-US","esim austria reddit"
"esim österreich unlimited",1,2,"en-US","esim austria unlimited"
"esims for hong kong and china with number",1,2,"en-US","esim for hong kong and china"
"etisalat esim plans uae",1,2,"de-DE|en-US","esim uae plans"
"europe esim unlimited data 30 days",1,2,"de-DE|en-AU|en-GB|en-SG|en-US","europe esim unlimited"
"fiji airport contact",1,2,"en-US","esim fiji airport"
"fiji sim card price",1,2,"en-AU|en-GB|en-SG|en-US","fiji sim card for tourists"
"france esim card with phone number",1,2,"de-DE|en-US","france esim card"
"free esim speed test",1,2,"de-DE|en-AU|en-GB|en-SG|en-US","esim speed test"
"friendi sim to esim saudi arabia price",1,2,"de-DE|en-AU|en-GB|en-SG|en-US","esim saudi arabia price"
"german e sim card",1,2,"en-US","germany esim card"
"germany prepaid sim card for tourist",1,2,"en-AU|en-GB|en-SG|en-US","germany sim card for tourists"
"get korean number esim",1,2,"de-DE","how to get an esim for korea"
"get uk number esim",1,2,"de-DE","how to get an esim for uk"
"global esim providers",1,2,"en-AU|en-GB|en-SG|en-US","global esim"
"global esim with phone number",1,2,"en-GB|en-SG|en-US","global esim"
"globe esim card philippines",1,2,"de-DE","philippines esim card"
"globe esim philippines tourist",1,2,"de-DE|en-US","esim philippines tourist"
"globe philippines esim card",1,2,"en-US","philippines esim card"
"globe philippines esim plans",1,2,"de-DE|en-US","esim philippines plans"
"great britain esim card",1,2,"de-DE|en-AU|en-GB|en-SG|en-US","britain esim"
"greek sim card for travellers",1,2,"en-AU|en-GB|en-SG|en-US","greece sim card for tourists"
"holafly asia esim coverage",1,2,"de-DE|en-AU|en-GB|en-SG|en-US","holafly esim coverage"
"holafly esim belgie",1,2,"en-US","holafly esim belgium"
"holafly esim canada and usa",1,2,"en-US","holafly esim canada"
"holafly esim canada usa",1,2,"de-DE","holafly esim canada"
"holafly esim central america",1,2,"de-DE|en-SG","esim central america"
"holafly esim china",1,2,"de-DE|en-AU|en-GB|en-SG|en-US","holafly esim"
"holafly esim china whatsapp",1,2,"de-DE","holafly esim china"
"holafly esim discount code 2026",1,2,"en-AU|en-GB|en-SG|en-US","holafly esim promo code"
"holafly esim erfahrungen",1,2,"de-DE","holafly esim"
"holafly esim europe",1,2,"en-AU|en-GB|en-SG|en-US","holafly esim"
"holafly esim europe coverage",1,2,"de-DE|en-AU|en-GB|en-SG|en-US","holafly esim coverage"
"holafly esim french polynesia",1,2,"en-US","holafly esim france"
"holafly esim greece reddit",1,2,"de-DE|en-US","holafly esim greece"
"holafly esim hong kong macau china",1,2,"de-DE|en-US","holafly esim hong kong"
"holafly esim indonesia reddit",1,2,"de-DE|en-US","holafly esim indonesia"
"holafly esim kenya hotspot",1,2,"de-DE|en-US","holafly esim kenya"
"holafly esim malaysia not working",1,2,"de-DE|en-US","holafly esim malaysia"
"holafly esim mexico not working",1,2,"de-DE|en-US","holafly esim mexico"
"holafly esim morocco reviews",1,2,"de-DE|en-US","holafly esim morocco"
"holafly esim northern ireland",1,2,"de-DE|en-US","holafly esim ireland"
"holafly esim not working fiji",1,2,"de-DE|en-US","holafly esim fiji"
"holafly esim oceania",1,2,"de-DE|en-AU|en-GB|en-SG|en-US","esim oceania"
"holafly esim or airalo",1,2,"en-US","holafly esim vs airalo"
"holafly esim orange france",1,2,"de-DE|en-US","holafly esim france"
"holafly esim philippines reddit",1,2,"de-DE|en-US","holafly esim philippines"
"holafly esim polen",1,2,"en-US","holafly esim poland"
"holafly esim portugal and spain",1,2,"de-DE|en-US","holafly esim portugal"
"holafly esim price usa",1,2,"de-DE|en-US","holafly esim price"
"holafly esim review europe",1,2,"de-DE|en-AU|en-GB|en-SG","holafly esim review"
"holafly esim reviews europe",1,2,"en-US","holafly esim review"
"holafly esim reviews uk",1,2,"de-DE","holafly esim review"
"holafly esim rules browsing south africa",1,2,"de-DE|en-US","holafly esim south africa"
"holafly esim saudi arabien",1,2,"en-US","holafly esim saudi arabia"
"holafly esim uk review",1,2,"de-DE|en-US","holafly esim uk"
"holafly esim uk reviews",1,2,"de-DE","holafly esim uk"
"holafly esim united arab emirates",1,2,"en-US","holafly esim uae"
"holafly esim unlimited data speed",1,2,"de-DE|en-US","holafly esim unlimited"
"holafly esim usa funktioniert nicht",1,2,"de-DE","holafly esim usa"
"holafly esim usa reddit",1,2,"en-US","holafly esim usa"
"holafly fiji esim",1,2,"en-US","holafly esim fiji"
"holafly kenya e sim",1,2,"en-US","holafly esim kenya"
"hong kong esim card for tourist",1,2,"de-DE|en-US","hong kong esim card"
"hong kong esim data plans",1,2,"de-DE|en-US","esim hong kong plans"
"hong kong sim card for tourist price",1,2,"en-AU|en-GB|en-SG|en-US","hong kong sim card for tourists"
"how do i get an esim for france",1,2,"de-DE|en-US","how to get an esim for france"
"how do i get an esim for indonesia",1,2,"de-DE","how to get an esim for indonesia"
"how do i get an esim for italy",1,2,"de-DE|en-US","how to get an esim for italy"
"how do i get an esim for morocco",1,2,"de-DE","how to get an esim for morocco"
"how do.i get an esim.for.germany",1,2,"de-DE|en-US","how to get an esim for germany"
"how many international airports in iceland",1,2,"en-US","esim iceland airport"
"how many international airports in paris",1,2,"en-US","esim france airport"
"how much is a sim card in ireland",1,2,"en-AU|en-GB|en-SG|en-US","ireland sim card for tourists"
"how to activate esim on android",1,2,"de-DE|en-AU|en-GB|en-SG|en-US","how to activate esim"
"how to activate esim on samsung",1,2,"de-DE|en-AU|en-GB|en-SG|en-US","how to activate esim"
"how to buy an esim for japan",1,2,"de-DE|en-US","how to get an esim for japan"
"how to buy an esim for uk",1,2,"en-US","how to get an esim for uk"
"how to buy an esim for usa",1,2,"de-DE|en-US","how to get an esim for usa"
"how to buy esim for china travel",1,2,"en-US","how to get an esim for china"
"how to buy esim italy",1,2,"de-DE","how to get an esim for italy"
"how to buy esim malaysia online",1,2,"en-US","how to get an esim for malaysia"
"how to esim for japan",1,2,"de-DE|en-US","how to get an esim for japan"
"how to get a esim for airtel",1,2,"en-US","how to get an esim for fiji"
"how to get ais esim thailand",1,2,"de-DE","how to get an esim for thailand"
"how to get an airtel esim in kenya",1,2,"de-DE|en-US","how to get an esim for kenya"
"how to get an esim card for costa rica",1,2,"de-DE","how to get an esim for costa rica"
"how to get an esim card for portugal",1,2,"de-DE","how to get an esim for portugal"
"how to get an esim for airtel india",1,2,"en-US","how to get an esim for india"
"how to get an esim for apple watch",1,2,"en-AU|en-GB|en-SG|en-US","esim for warsaw"
"how to get an esim for iphone south africa",1,2,"de-DE|en-US","how to get an esim for south africa"
"how to get an esim in south africa online",1,2,"de-DE|en-US","how to get an esim for south africa"
"how to get an esim vodafone australia",1,2,"de-DE","how to get an esim for australia"
"how to get an esim vodafone ireland",1,2,"de-DE|en-US","how to get an esim for ireland"
"how to get an esim while in turkey",1,2,"de-DE","how to get an esim for turkey"
"how to get esim card for turkey",1,2,"en-US","how to get an esim for turkey"
"how to get esim china with phone number",1,2,"de-DE|en-US","how to get an esim for china"
"how to get esim for indian number",1,2,"de-DE|en-US","how to get an esim for india"
"how to get esim for iphone philippines",1,2,"de-DE|en-US","how to get an esim for philippines"
"how to get esim for singapore from india",1,2,"de-DE|en-US","how to get an esim for singapore"
"how to get esim for thailand from india",1,2,"de-DE|en-US","how to get an esim for thailand"
"how to get esim for vietnam from india",1,2,"de-DE|en-US","how to get an esim for vietnam"
"how to get esim for vodafone qatar",1,2,"en-US","how to get an esim for qatar"
"how to get esim in saudi arabia online",1,2,"de-DE|en-US","how to get an esim for saudi arabia"
"how to get esim uae number",1,2,"de-DE|en-US","how to get an esim for uae"
"how to get esim vodafone spain",1,2,"de-DE|en-US","how to get an esim for spain"
"how to get hong kong esim with phone number",1,2,"de-DE|en-US","how to get an esim for hong kong"
"how to get uae esim online",1,2,"de-DE|en-US","how to get an esim for uae"
"how to get vodafone esim netherlands",1,2,"de-DE|en-US","how to get an esim for netherlands"
"how to install esim on android",1,2,"de-DE|en-AU|en-GB|en-SG|en-US","how to install esim"
"iceland esim trip com",1,2,"en-US","esim iceland tourist"
"iceland sim card for tourist price",1,2,"en-AU|en-GB|en-SG|en-US","iceland sim card for tourists"
"india roaming esim",1,2,"en-US","roami esim india"
"indonesia sim card esim",1,2,"de-DE|en-US","indonesia esim card"
"international esim card",1,2,"de-DE|en-GB|en-SG|en-US","international esim"
"international esim europe",1,2,"en-AU|en-GB|en-SG","international esim"
"international esim internet",1,2,"de-DE","international esim"
"international esim iphone",1,2,"de-DE|en-GB|en-SG|en-US","international esim"
"international roaming esim australia",1,2,"en-US","roami esim australia"
"international roaming esim plans",1,2,"en-AU|en-GB|en-SG|en-US","roami esim plans"
"inwi morocco esim tourist",1,2,"de-DE|en-US","esim morocco tourist"
"iphone 15 esim china",1,2,"de-DE","esim china for iphone"
"iphone 17 hong kong esim",1,2,"de-DE","esim hong kong for iphone"
"iphone esim vs physical sim",1,2,"en-US","peru esim unlimited data"
"ireland esim card unlimited data",1,2,"de-DE|en-US","ireland esim card"
"is bmw esim available in canada",1,2,"de-DE|en-US","is esim available in canada"
"is columbia airport international",1,2,"en-US","esim colombia airport"
"is esim available in china iphone",1,2,"de-DE","is esim available in china"
"is esim available in india for airtel",1,2,"de-DE|en-US","is esim available in india"
"is esim available in india for jio",1,2,"de-DE","is esim available in india"
"is esim free in south africa",1,2,"en-US","is esim available in south africa"
"is esim in china",1,2,"en-US","is esim available in china"
"is esim in egypt",1,2,"en-US","is esim available in egypt"
"is esim working in philippines",1,2,"en-AU|en-GB|en-SG|en-US","does esim work in philippines"
"is esim working in turkey",1,2,"en-AU|en-GB|en-SG|en-US","does esim work in turkey"
"is holafly esim good for japan",1,2,"de-DE|en-US","is holafly esim good"
"is jetpac esim good in europe",1,2,"de-DE|en-US","is jetpac esim good"
"is nomad esim good in europe",1,2,"de-DE|en-US","is nomad esim good"
"is prepaid esim available in philippines",1,2,"de-DE|en-US","is esim available in philippines"
"is qatar airport open for international flights",1,2,"en-US","esim qatar airport"
"is roamic esim good for morocco",1,2,"de-DE|en-US","is roamic esim good"
"is saily esim available in australia",1,2,"de-DE","is esim available in australia"
"is saily esim good for europe",1,2,"en-US","is saily esim good"
"is saily esim good for japan reddit",1,2,"de-DE","is saily esim good"
"is ubigi esim good for europe",1,2,"de-DE|en-US","is ubigi esim good"
"israel tourist visa requirements",1,2,"en-AU|en-GB|en-SG|en-US","israel sim card for tourists"
"israeli e sim card",1,2,"en-US","israel esim card"
"istanbul esim card",1,2,"de-DE|en-AU|en-GB|en-SG|en-US","istanbul esim"
"istanbul esim reddit",1,2,"de-DE|en-AU|en-GB|en-SG|en-US","istanbul esim"
"italy esim card for tourist",1,2,"de-DE|en-US","italy esim card"
"japan e sim card for tourists",1,2,"de-DE","japan sim card for tourists"
"japan esim 10gb 15 days",1,2,"de-DE|en-US","esim japan 10gb"
"japan esim card reddit",1,2,"de-DE|en-US","japan esim card"
"japan esim vs local sim",1,2,"de-DE|en-US","esim japan vs sim"
"japan esim vs sim reddit",1,2,"de-DE|en-US","esim japan vs sim"
"japanese sim card for tourists price",1,2,"en-AU|en-GB|en-SG|en-US","japan sim card for tourists"
"jetpac esim bali",1,2,"en-AU|en-GB|en-SG","jetpac esim"
"jetpac esim china reddit",1,2,"de-DE|en-US","jetpac esim china"
"jetpac esim colombia reddit",1,2,"de-DE","jetpac esim colombia"
"jetpac esim europe coverage",1,2,"de-DE|en-AU|en-GB|en-SG|en-US","jetpac esim coverage"
"jetpac esim how to activate",1,2,"en-SG","jetpac esim"
"jetpac esim india reddit",1,2,"de-DE|en-US","jetpac esim india"
"jetpac esim indien",1,2,"de-DE","jetpac esim"
"jetpac esim italy reddit",1,2,"de-DE|en-US","jetpac esim italy"
"jetpac esim japan reddit",1,2,"de-DE|en-US","jetpac esim japan"
"jetpac esim mexico reddit",1,2,"de-DE|en-US","jetpac esim mexico"
"jetpac esim promo code first order",1,2,"de-DE|en-AU|en-GB|en-SG|en-US","jetpac esim promo code"
"jetpac esim reddit",1,2,"en-GB|en-US","jetpac esim"
"jetpac esim schweiz",1,2,"en-US","jetpac esim switzerland"
"jetpac esim south korea",1,2,"en-US","jetpac esim korea"
"jetpac esim thailand reddit",1,2,"de-DE|en-US","jetpac esim thailand"
"jetpac esim turkey reddit",1,2,"de-DE|en-US","jetpac esim turkey"
"jetpac esim uk and europe",1,2,"de-DE|en-US","jetpac esim uk"
"jetpac esim usa erfahrungen",1,2,"de-DE|en-US","jetpac esim usa"
"jetpac vietnam esim",1,2,"en-US","jetpac esim vietnam"
"jetpack esim morocco",1,2,"en-US","jetpac esim morocco"
"jetpack esim spain",1,2,"en-US","jetpac esim spain"
"kenya sim card esim",1,2,"de-DE|en-US","kenya esim card"
"klook esim hong kong reddit",1,2,"en-US","esim hong kong reddit"
"klook esim indonesia reddit",1,2,"en-US","esim indonesia reddit"
"klook esim indonesien unlimited",1,2,"de-DE","esim indonesia unlimited"
"klook esim kuala lumpur",1,2,"en-AU|en-GB|en-SG|en-US","esim kuala lumpur"
"klook esim taiwan price",1,2,"de-DE|en-AU|en-GB|en-SG|en-US","esim taiwan price"
"klook esim taiwan reddit",1,2,"de-DE|en-US","esim taiwan reddit"
"korea esim or sim card",1,2,"en-US","esim korea vs sim"
"korea esim price reddit",1,2,"de-DE|en-AU|en-GB|en-SG|en-US","esim korea price"
"korea sim card for tourist price",1,2,"en-AU|en-GB|en-SG|en-US","korea sim card for tourists"
"korean esim for iphone",1,2,"en-US","esim korea for iphone"
"korean esim unlimited data",1,2,"de-DE","unlimited data esim korea"
"ksa esim online",1,2,"de-DE|en-AU|en-GB|en-SG|en-US","ksa esim"
"kt roaming esim korea",1,2,"en-US","roami esim korea"
"kuala lumpur esim airport",1,2,"de-DE|en-AU|en-GB|en-SG|en-US","kuala lumpur esim"
"kuala lumpur esim reddit",1,2,"de-DE|en-AU|en-GB|en-SG|en-US","kuala lumpur esim"
"lg esim korea reddit",1,2,"de-DE|en-US","esim korea reddit"
"lyca esim usa plans",1,2,"en-US","esim usa plans"
"lycamobile usa esim plans",1,2,"de-DE","esim usa plans"
"malaysia esim card online",1,2,"de-DE|en-US","malaysia esim card"
"malaysia esim card with phone number",1,2,"de-DE|en-US","malaysia esim card"
"malaysia esim tourist celcom",1,2,"de-DE|en-US","esim malaysia tourist"
"malaysia esim tourist with number",1,2,"de-DE|en-US","esim malaysia tourist"
"malaysia sim card for tourist reddit",1,2,"en-AU|en-GB|en-SG|en-US","malaysia sim card for tourists"
"malaysian esim reddit",1,2,"en-US","esim malaysia reddit"
"marrakech esim data",1,2,"de-DE|en-AU|en-GB|en-SG|en-US","marrakech esim"
"mejor esim argentina reddit",1,2,"de-DE|en-US","esim argentina reddit"
"melbourne airport esim",1,2,"de-DE","esim for melbourne"
"meo esim portugal price",1,2,"de-DE|en-AU|en-GB|en-SG|en-US","esim portugal price"
"meo portugal esim card",1,2,"de-DE|en-US","portugal esim card"
"mexico esim card canada",1,2,"de-DE|en-US","mexico esim card"
"mexico esim card reddit",1,2,"de-DE|en-US","mexico esim card"
"moroccan esim card",1,2,"en-US","morocco esim card"
"morocco airport codes",1,2,"en-US","esim morocco airport"
"morocco sim card for tourist price",1,2,"en-AU|en-GB|en-SG|en-US","morocco sim card for tourists"
"movistar colombia esim card",1,2,"de-DE|en-US","colombia esim card"
"movistar colombia esim tourist",1,2,"de-DE|en-US","esim colombia tourist"
"movistar mexico esim tourist",1,2,"de-DE|en-US","esim mexico tourist"
"movistar spain tourist esim",1,2,"de-DE","esim spain tourist"
"mtn esim south africa price",1,2,"de-DE|en-AU|en-GB|en-SG|en-US","esim south africa price"
"mtn esim south africa tourist",1,2,"de-DE|en-US","esim south africa tourist"
"netherlands mobile number format",1,2,"en-US","best esim for netherlands and belgium"
"netherlands sim card for tourist no registration",1,2,"en-AU|en-GB|en-SG|en-US","netherlands sim card for tourists"
"new zealand esim data plans",1,2,"de-DE|en-US","esim new zealand plans"
"new zealand mobile plans esim",1,2,"de-DE|en-US","esim new zealand plans"
"new zealand sim card for tourist prepaid",1,2,"en-AU|en-GB|en-SG|en-US","new zealand sim card for tourists"
"nomad esim australia and new zealand",1,2,"de-DE|en-US","nomad esim australia"
"nomad esim australia new zealand",1,2,"de-DE|en-US","nomad esim new zealand"
"nomad esim canada and usa",1,2,"de-DE|en-US","nomad esim canada"
"nomad esim china review",1,2,"en-US","nomad esim china"
"nomad esim china vpn",1,2,"de-DE|en-US","nomad esim china"
"nomad esim coverage in sri lanka",1,2,"de-DE|en-AU|en-GB|en-SG|en-US","nomad esim coverage"
"nomad esim data plans",1,2,"de-DE|en-AU|en-SG|en-US","nomad esim plans"
"nomad esim for china review",1,2,"de-DE|en-US","esim for china review"
"nomad esim for japan review",1,2,"de-DE|en-US","esim for japan review"
"nomad esim france reddit",1,2,"de-DE|en-US","nomad esim france"
"nomad esim germany review",1,2,"en-US","nomad esim germany"
"nomad esim hong kong and china",1,2,"de-DE|en-US","nomad esim hong kong"
"nomad esim italy review",1,2,"de-DE|en-US","nomad esim italy"
"nomad esim japan korea",1,2,"de-DE|en-US","nomad esim japan"
"nomad esim korea japan",1,2,"de-DE|en-US","nomad esim korea"
"nomad esim korea reddit",1,2,"de-DE|en-US","nomad esim korea"
"nomad esim malaysia review",1,2,"de-DE|en-US","nomad esim malaysia"
"nomad esim philippines review",1,2,"de-DE|en-US","nomad esim philippines"
"nomad esim plan not yet started",1,2,"en-AU|en-GB|en-SG|en-US","nomad esim plans"
"nomad esim price china",1,2,"de-DE|en-US","nomad esim price"
"nomad esim promo code 2025",1,2,"de-DE","nomad esim promo code"
"nomad esim promo code first order",1,2,"en-AU|en-GB|en-SG|en-US","nomad esim promo code"
"nomad esim review china",1,2,"en-AU|en-GB|en-SG|en-US","nomad esim review"
"nomad esim review mexico",1,2,"de-DE","nomad esim review"
"nomad esim singapore malaysia",1,2,"de-DE|en-US","nomad esim singapore"
"nomad esim taiwan review",1,2,"de-DE|en-US","nomad esim taiwan"
"nomad esim ukraine",1,2,"de-DE|en-US","nomad esim uk"
"nomad esim united arab emirates",1,2,"en-US","nomad esim uae"
"nomad esim unlimited plan",1,2,"de-DE|en-US","nomad esim unlimited"
"nomad esim usa review",1,2,"de-DE|en-US","nomad esim usa"
"nomad esim vs airalo china",1,2,"de-DE|en-US","nomad esim vs airalo"
"nomad esim works well in uae",1,2,"de-DE|en-US","nomad esim uae"
"norway sweden denmark which is best",1,2,"en-US","best esim for denmark and sweden"
"nos esim portugal price",1,2,"de-DE|en-AU|en-GB|en-SG|en-US","esim portugal price"
"nz esim plans",1,2,"de-DE|en-AU|en-GB|en-SG|en-US","nz esim"
"nz esim unlimited data",1,2,"de-DE|en-AU|en-GB|en-SG|en-US","nz esim"
"oceania esim review",1,2,"de-DE|en-AU|en-GB|en-SG|en-US","esim oceania"
"ooredoo esim qatar price",1,2,"de-DE|en-AU|en-GB|en-SG|en-US","esim qatar price"
"ooredoo esim qatar tourist",1,2,"de-DE|en-US","esim qatar tourist"
"optus qr code for esim",1,2,"en-US","holafly esim qatar"
"orange egypt esim plans",1,2,"de-DE|en-US","esim egypt plans"
"orange esim egypt reddit",1,2,"de-DE|en-US","esim egypt reddit"
"orange morocco esim card",1,2,"de-DE|en-US","morocco esim card"
"paris esim reddit",1,2,"de-DE|en-AU|en-GB|en-US","paris esim"
"paris esim unlimited data",1,2,"de-DE|en-AU|en-GB|en-SG|en-US","paris esim"
"personal argentina esim tourist",1,2,"de-DE","esim argentina tourist"
"philippines sim card for tourist prepaid",1,2,"en-AU|en-GB|en-SG|en-US","philippines sim card for tourists"
"portugal esim for tourists",1,2,"de-DE","esim portugal tourist"
"portugal sim card for tourist prepaid",1,2,"en-AU|en-GB|en-SG|en-US","portugal sim card for tourists"
"prague esim reddit",1,2,"de-DE|en-AU|en-GB|en-SG|en-US","prague esim"
"prepaid sim card germany for tourists",1,2,"de-DE","germany sim card for tourists"
"prepaid sim card usa and canada for tourists",1,2,"de-DE","canada sim card for tourists"
"qatar esim tourist online",1,2,"de-DE|en-US","esim qatar tourist"
"qatar sim card for tourist price",1,2,"en-AU|en-GB|en-SG","qatar sim card for tourists"
"revolut esim china price",1,2,"de-DE|en-AU|en-GB|en-US","esim china price"
"revolut esim mexico reddit",1,2,"de-DE","esim mexico reddit"
"revolut esim saudi arabia review",1,2,"de-DE|en-US","esim for saudi arabia review"
"revolut esim uae price",1,2,"de-DE|en-AU|en-GB|en-SG|en-US","esim uae price"
"roamic esim china reddit",1,2,"en-US","roamic esim china"
"roamic esim china vpn",1,2,"de-DE|en-US","roamic esim china"
"roamic esim españa",1,2,"en-US","roamic esim spain"
"roamic esim italia",1,2,"en-US","roamic esim italy"
"roamic esim maroc",1,2,"en-US","roamic esim morocco"
"roamic esim schweiz",1,2,"en-US","roamic esim switzerland"
"roamic esim south korea",1,2,"en-US","roamic esim korea"
"roamic esim turkey not working",1,2,"de-DE|en-US","roamic esim turkey"
"roamic esim türkei erfahrungen",1,2,"de-DE","roamic esim"
"roamic esim türkei unlimited",1,2,"de-DE|en-US","roamic esim unlimited"
"roamic esim united kingdom",1,2,"en-US","roamic esim uk"
"roamic esim usage",1,2,"de-DE|en-US","roamic esim usa"
"roamic esim voucher code",1,2,"en-AU|en-GB|en-SG|en-US","roamic esim promo code"
"roamic south korea esim",1,2,"de-DE","roamic esim korea"
"roaming esim promo code",1,2,"en-AU|en-GB|en-SG|en-US","roami esim promo code"
"roaming esim unlimited data",1,2,"en-US","roami esim unlimited"
"roaming vs esim china",1,2,"en-US","roami esim china"
"roaming vs esim japan",1,2,"en-US","roami esim japan"
"rome esim reddit",1,2,"de-DE|en-AU|en-GB|en-SG|en-US","rome esim"
"safaricom kenya esim price",1,2,"de-DE","esim kenya price"
"saily esim australia",1,2,"en-AU|en-GB","saily esim"
"saily esim canada",1,2,"en-GB","saily esim"
"saily esim china vpn",1,2,"de-DE|en-US","saily esim china"
"saily esim colombia review",1,2,"de-DE|en-US","saily esim colombia"
"saily esim coverage canada",1,2,"de-DE|en-AU|en-GB|en-SG|en-US","saily esim coverage"
"saily esim coverage in japan",1,2,"de-DE|en-US","esim coverage in japan"
"saily esim coverage japan",1,2,"de-DE|en-AU|en-GB|en-SG|en-US","saily esim coverage"
"saily esim europe",1,2,"en-AU|en-GB|en-US","saily esim"
"saily esim for india review",1,2,"de-DE|en-US","esim for india review"
"saily esim for japan review",1,2,"de-DE|en-US","esim for japan review"
"saily esim hong kong and china",1,2,"de-DE|en-US","saily esim hong kong"
"saily esim indonesia network",1,2,"de-DE|en-US","saily esim indonesia"
"saily esim japan not working",1,2,"de-DE|en-US","saily esim japan"
"saily esim japan review",1,2,"en-US","saily esim japan"
"saily esim korea review",1,2,"de-DE|en-US","saily esim korea"
"saily esim mexico network",1,2,"de-DE|en-US","saily esim mexico"
"saily esim mexico review",1,2,"de-DE|en-US","saily esim mexico"
"saily esim morocco uk",1,2,"de-DE|en-US","saily esim morocco"
"saily esim plans uk",1,2,"de-DE|en-AU|en-GB|en-SG|en-US","saily esim plans"
"saily esim polska",1,2,"en-US","saily esim poland"
"saily esim portugal and spain",1,2,"de-DE|en-US","saily esim portugal"
"saily esim price europe",1,2,"de-DE|en-US","saily esim price"
"saily esim promo code reddit",1,2,"de-DE|en-AU|en-GB|en-SG|en-US","saily esim promo code"
"saily esim review europe",1,2,"en-AU","saily esim review"
"saily esim review new york",1,2,"de-DE","saily esim review"
"saily esim reviews europe",1,2,"en-GB|en-SG|en-US","saily esim review"
"saily esim singapore",1,2,"en-SG","saily esim"
"saily esim south africa network",1,2,"de-DE|en-US","saily esim south africa"
"saily esim switzerland network",1,2,"de-DE|en-US","saily esim switzerland"
"saily esim thailand kosten",1,2,"de-DE","saily esim thailand"
"saily esim turkey not working",1,2,"de-DE|en-US","saily esim turkey"
"saily esim türkei",1,2,"de-DE","saily esim"
"saily esim unlimited data plan",1,2,"de-DE|en-US","saily esim unlimited"
"saily esim unlimited hotspot",1,2,"de-DE|en-US","saily esim unlimited"
"saily esim usa aktivieren",1,2,"de-DE","saily esim usa"
"saily esim voice calls",1,2,"de-DE","esim voice calls"
"saily esim vs airalo japan",1,2,"en-US","saily esim vs airalo"
"saily esim österreich",1,2,"en-US","saily esim austria"
"saily vs. airalo esim japan",1,2,"de-DE","saily esim vs airalo"
"saudi arabia sim card companies",1,2,"en-AU|en-GB|en-SG|en-US","saudi arabia sim card for tourists"
"saudi arabia sim card esim",1,2,"de-DE|en-US","saudi arabia esim card"
"sim card for tourists spain",1,2,"de-DE","spain sim card for tourists"
"sim card for travellers india",1,2,"en-AU|en-GB|en-SG|en-US","india sim card for tourists"
"sim card in france for tourists price",1,2,"de-DE|en-AU|en-GB|en-SG|en-US","france sim card for tourists"
"singapore buy esim",1,2,"de-DE","how to get an esim for singapore"
"singapore esim card with number",1,2,"de-DE|en-US","singapore esim card"
"singapore esim card with phone.number",1,2,"en-US","singapore esim card"
"singapore esim iphone 17",1,2,"de-DE|en-US","esim singapore for iphone"
"singapore esim reddit",1,2,"en-US","esim singapore reddit"
"singapore sim card for tourist price",1,2,"en-AU|en-GB|en-SG|en-US","singapore sim card for tourists"
"singapore unlimited esim",1,2,"de-DE","esim singapore unlimited"
"smart esim philippines airport",1,2,"de-DE|en-US","esim philippines airport"
"smart esim philippines price",1,2,"de-DE|en-AU|en-GB|en-SG|en-US","esim philippines price"
"smart esim philippines reddit",1,2,"de-DE|en-US","esim philippines reddit"
"smartone esim hong kong price",1,2,"de-DE|en-AU|en-GB|en-SG|en-US","esim hong kong price"
"south africa sim card for tourist prepaid",1,2,"en-AU|en-GB|en-SG|en-US","south africa sim card for tourists"
"south korea esim airport",1,2,"de-DE","esim korea airport"
"south korea esim for iphone",1,2,"de-DE|en-US","esim korea for iphone"
"spain e sim price",1,2,"en-AU|en-GB|en-SG|en-US","esim spain price"
"spain sim card for tourist",1,2,"en-AU|en-GB|en-SG|en-US","spain sim card for tourists"
"spanish esim for iphone",1,2,"en-US","esim spain for iphone"
"spark esim new zealand reddit",1,2,"de-DE|en-US","esim new zealand reddit"
"switzerland data sim card for tourist",1,2,"en-GB|en-SG|en-US","switzerland sim card for tourists"
"sydney esim tourist",1,2,"de-DE|en-AU|en-GB|en-SG|en-US","sydney esim"
"taiwan esim card with phone number",1,2,"de-DE|en-US","taiwan esim card"
"taiwan esim or sim card",1,2,"en-US","esim taiwan vs sim"
"taiwan esim taoyuan airport",1,2,"de-DE|en-US","esim taiwan airport"
"taiwan sim card for traveller",1,2,"en-AU|en-GB|en-SG|en-US","taiwan sim card for tourists"
"telcel mexico esim plans",1,2,"de-DE|en-US","esim mexico plans"
"telekom germany esim plans",1,2,"de-DE|en-US","esim germany plans"
"telekom germany esim price",1,2,"en-AU|en-GB|en-SG|en-US","esim germany price"
"tesco esim ireland price",1,2,"de-DE|en-AU|en-GB|en-SG|en-US","esim ireland price"
"thai esim airport",1,2,"en-US","esim thailand airport"
"thailand esim card agoda",1,2,"de-DE|en-US","thailand esim card"
"thailand esim or sim card",1,2,"en-US","esim thailand vs sim"
"thailand esim price reddit",1,2,"de-DE|en-AU|en-GB|en-SG|en-US","esim thailand price"
"thailand esim reddit india",1,2,"en-US","esim thailand reddit"
"thailand esim vs local sim",1,2,"de-DE|en-US","esim thailand vs sim"
"thailand sim card for tourist reddit",1,2,"en-AU|en-GB|en-SG|en-US","thailand sim card for tourists"
"three ireland esim plans",1,2,"de-DE|en-US","esim ireland plans"
"tokyo esim reddit",1,2,"de-DE|en-AU|en-GB|en-SG|en-US","tokyo esim"
"tourist esim japan",1,2,"en-US","esim japan tourist"
"travel esim australia reddit",1,2,"de-DE","esim australia reddit"
"travel esim malaysia",1,2,"en-SG","travel esim"
"travel esim türkei",1,2,"de-DE","travel esim"
"trip com esim for china review",1,2,"de-DE|en-US","esim for china review"
"turkey sim card for tourists reddit",1,2,"de-DE|en-AU|en-GB|en-SG|en-US","turkey sim card for tourists"
"turkish esim reddit",1,2,"en-US","esim turkey reddit"
"uae esim tourist online",1,2,"de-DE|en-US","esim uae tourist"
"uae sim card for visitors",1,2,"en-AU|en-GB|en-SG|en-US","uae sim card for tourists"
"ubigi esim australia review",1,2,"de-DE|en-US","ubigi esim australia"
"ubigi esim bmw price",1,2,"de-DE|en-US","ubigi esim price"
"ubigi esim china firewall",1,2,"de-DE|en-US","ubigi esim china"
"ubigi esim china reddit",1,2,"de-DE|en-US","ubigi esim china"
"ubigi esim coverage map",1,2,"de-DE|en-AU|en-GB|en-SG|en-US","ubigi esim coverage"
"ubigi esim data plans",1,2,"de-DE|en-AU|en-GB|en-SG|en-US","ubigi esim plans"
"ubigi esim erfahrungen",1,2,"de-DE","ubigi esim"
"ubigi esim europe",1,2,"en-AU|en-GB|en-SG|en-US","ubigi esim"
"ubigi esim italia",1,2,"en-US","ubigi esim italy"
"ubigi esim japan reddit",1,2,"en-US","ubigi esim japan"
"ubigi esim korea review",1,2,"de-DE|en-US","ubigi esim korea"
"ubigi esim malaysia review",1,2,"de-DE|en-US","ubigi esim malaysia"
"ubigi esim maroc",1,2,"en-US","ubigi esim morocco"
"ubigi esim mexico city",1,2,"de-DE|en-US","ubigi esim mexico"
"ubigi esim mexico reddit",1,2,"de-DE","ubigi esim mexico"
"ubigi esim or airalo",1,2,"en-US","ubigi esim vs airalo"
"ubigi esim portugal review",1,2,"de-DE|en-US","ubigi esim portugal"
"ubigi esim promo code reddit",1,2,"de-DE|en-AU|en-GB|en-SG|en-US","ubigi esim promo code"
"ubigi esim rates",1,2,"en-US","ubigi esim price"
"ubigi esim review costa rica",1,2,"de-DE","ubigi esim review"
"ubigi esim review japan",1,2,"de-DE|en-AU|en-GB|en-SG|en-US","ubigi esim review"
"ubigi esim review reddit",1,2,"de-DE|en-AU|en-GB|en-SG|en-US","ubigi esim review"
"ubigi esim singapore",1,2,"en-SG","ubigi esim"
"ubigi esim taiwan reviews",1,2,"de-DE|en-US","ubigi esim taiwan"
"ubigi esim thailand reddit",1,2,"de-DE|en-US","ubigi esim thailand"
"ubigi esim unlimited data",1,2,"de-DE|en-US","ubigi esim unlimited"
"ubigi vs airalo esim japan reddit",1,2,"de-DE|en-US","ubigi esim vs airalo"
"uk esim card for tourist",1,2,"de-DE|en-US","uk esim card"
"uk esim for iphone 16",1,2,"de-DE|en-US","esim uk for iphone"
"uk esim plans unlimited data",1,2,"en-US","esim uk plans"
"uk esim price",1,2,"en-SG","esim uk price"
"uk esim price in pakistan",1,2,"de-DE|en-AU|en-GB|en-SG|en-US","esim uk price"
"uk sim card for visitors",1,2,"en-AU|en-GB|en-SG|en-US","uk sim card for tourists"
"uk tourist esim",1,2,"en-US","esim uk tourist"
"united states sim card for tourists",1,2,"en-AU|en-GB|en-SG|en-US","usa sim card for tourists"
"unlimited data esim canada reddit",1,2,"de-DE|en-US","unlimited data esim canada"
"unlimited data esim holland",1,2,"en-US","unlimited data esim netherlands"
"unlimited data esim seoul",1,2,"de-DE","seoul esim"
"unlimited data esim south korea",1,2,"de-DE|en-US","unlimited data esim korea"
"unlimited data esim usa travel",1,2,"de-DE|en-US","unlimited data esim usa"
"unlimited data only esim australia",1,2,"de-DE|en-US","unlimited data esim australia"
"unlimited data plan malaysia esim",1,2,"de-DE|en-US","unlimited data esim malaysia"
"unlimited esim hong kong",1,2,"de-DE","esim hong kong unlimited"
"unlimited esim japan",1,2,"de-DE|en-AU|en-GB|en-SG|en-US","unlimited esim"
"unlimited esim qatar",1,2,"de-DE","esim qatar unlimited"
"unlimited esim türkei",1,2,"de-DE","unlimited esim"
"unlimited internet esim australia",1,2,"en-US","unlimited data esim australia"
"unlimited internet esim france",1,2,"en-US","unlimited data esim france"
"unlimited internet esim italy",1,2,"en-US","unlimited data esim italy"
"unlimited internet esim philippines",1,2,"en-US","unlimited data esim philippines"
"unlimited internet esim spain",1,2,"en-US","unlimited data esim spain"
"usa esim card tourist",1,2,"de-DE","usa esim card"
"usa esim price",1,2,"de-DE","esim usa price"
"usa esim price in pakistan",1,2,"en-AU|en-GB|en-SG|en-US","esim usa price"
"usa prepaid data sim card for tourists",1,2,"de-DE","usa sim card for tourists"
"vienna esim reddit",1,2,"de-DE|en-AU|en-GB|en-SG|en-US","vienna esim"
"vietnam esim card viettel",1,2,"de-DE|en-US","vietnam esim card"
"vietnam esim for tourist",1,2,"en-US","viet nam esim"
"vietnam esim or sim card",1,2,"en-US","esim vietnam vs sim"
"vietnam esim price reddit",1,2,"en-AU|en-GB|en-SG|en-US","esim vietnam price"
"vietnam esim tourist",1,2,"en-AU|en-GB|en-SG","viet nam esim"
"vietnam esim tourist reddit",1,2,"de-DE|en-US","esim vietnam tourist"
"vietnam esim vs local sim",1,2,"de-DE|en-US","esim vietnam vs sim"
"vietnam sim card for tourist viettel",1,2,"en-AU|en-GB|en-SG|en-US","vietnam sim card for tourists"
"viettel esim vietnam airport",1,2,"de-DE|en-US","esim vietnam airport"
"viettel esim vietnam price",1,2,"de-DE|en-AU|en-GB|en-SG|en-US","esim vietnam price"
"vivo brazil esim card",1,2,"de-DE|en-US","brazil esim card"
"vivo esim brazil tourist",1,2,"de-DE|en-US","esim brazil tourist"
"vodafone brazil esim",1,2,"de-DE","esim brazil"
"vodafone egypt esim card for tourist",1,2,"de-DE|en-US","egypt esim card"
"vodafone egypt sim card for tourists",1,2,"de-DE","egypt sim card for tourists"
"vodafone esim egypt price",1,2,"de-DE|en-AU|en-GB|en-SG|en-US","esim egypt price"
"vodafone esim egypt tourist",1,2,"de-DE|en-US","esim egypt tourist"
"vodafone esim greece tourist",1,2,"en-US","esim greece tourist"
"vodafone esim greece unlimited data",1,2,"de-DE|en-US","esim greece unlimited"
"vodafone esim ireland reddit",1,2,"de-DE|en-US","esim ireland reddit"
"vodafone esim new zealand price",1,2,"de-DE|en-AU|en-GB|en-SG|en-US","esim new zealand price"
"vodafone esim portugal reddit",1,2,"de-DE|en-US","esim portugal reddit"
"vodafone fiji esim tourist",1,2,"de-DE|en-US","esim fiji tourist"
"vodafone greece esim card",1,2,"de-DE|en-US","greece esim card"
"vodafone italy sim card for tourists where to buy",1,2,"de-DE|en-AU|en-GB|en-SG|en-US","italy sim card for tourists"
"vodafone portugal esim plans",1,2,"de-DE|en-US","esim portugal plans"
"vodafone qatar esim plans",1,2,"de-DE|en-US","esim qatar plans"
"what esim to use in hong kong",1,2,"de-DE","how to get an esim for hong kong"
"what is an esim for travel",1,2,"de-DE|en-AU|en-GB|en-SG|en-US","what is an esim"
"what is an esim in a vehicle",1,2,"en-AU|en-GB|en-SG|en-US","esim for road trip"
"what is the best europe esim for business travelers",1,2,"de-DE|en-AU|en-GB|en-SG|en-US","esim for business travel"
"what is the international airport in costa rica",1,2,"en-US","esim costa rica airport"
"where to buy sim card in macau",1,2,"en-AU|en-GB|en-SG|en-US","macao sim card for tourists"
"where to buy sim card in vienna",1,2,"en-AU|en-GB|en-SG|en-US","austria sim card for tourists"
"which card does colombia use",1,2,"en-AU|en-GB|en-SG|en-US","colombia sim card for tourists"
"which esim has best coverage in india",1,2,"de-DE|en-US","esim coverage in india"
"which esim has the best coverage in costa rica",1,2,"de-DE","esim coverage in costa rica"
"which esim has the best coverage in new zealand",1,2,"de-DE|en-US","esim coverage in new zealand"
"which esim is best for hong kong and china",1,2,"en-AU|en-GB|en-SG|en-US","which esim is best for hong kong"
"which esim is best for japan reddit",1,2,"de-DE|en-AU|en-GB|en-SG|en-US","which esim is best for japan"
"which esim is best for paris france",1,2,"de-DE|en-AU|en-GB|en-SG|en-US","which esim is best for france"
"which esim is best for thailand travel",1,2,"de-DE|en-AU|en-GB|en-SG|en-US","which esim is best for thailand"
"which esim is best for travel to australia",1,2,"de-DE|en-AU|en-SG|en-US","which esim is best for australia"
"which esim is best in india for iphone",1,2,"de-DE|en-AU|en-GB|en-SG|en-US","which esim is best for india"
"which esim is better for turkey",1,2,"en-AU|en-GB|en-SG|en-US","which esim is best for turkey"
"which esim is better in singapore",1,2,"en-AU|en-GB|en-SG|en-US","which esim is best for singapore"
"which esim is good for australia",1,2,"en-AU|en-SG|en-US","which esim is best for australia"
"which esim is good for canada",1,2,"en-AU|en-GB|en-SG|en-US","which esim is best for canada"
"which esim is good for india",1,2,"en-GB|en-SG|en-US","which esim is best for india"
"which esim is good for malaysia",1,2,"de-DE|en-AU|en-GB|en-SG|en-US","which esim is best for malaysia"
"which esim is good for portugal",1,2,"de-DE|en-AU|en-GB|en-SG|en-US","which esim is best for portugal"
"which esim is good for spain",1,2,"en-GB|en-SG|en-US","which esim is best for spain"
"which is the best esim card for new zealand travellers",1,2,"de-DE|en-AU|en-GB|en-SG|en-US","which esim is best for new zealand"
"which is the best esim card in korea for tourist",1,2,"en-AU|en-GB|en-SG|en-US","which esim is best for korea"
"which is the best esim for australian travellers",1,2,"de-DE|en-AU|en-GB|en-SG|en-US","which esim is best for australia"
"which is the best esim for tourists in turkey",1,2,"de-DE|en-AU|en-GB|en-SG|en-US","which esim is best for turkey"
"which sim card is best in qatar",1,2,"en-AU|en-GB|en-SG|en-US","qatar sim card for tourists"
"why is esim not available in hong kong",1,2,"de-DE|en-US","is esim available in hong kong"
"will my german esim work in austria",1,2,"en-SG","does esim work in austria"
"yesim esim reddit",1,2,"en-AU|en-GB|en-SG|en-US","yesim esim"
"yesim esim review china",1,2,"de-DE|en-AU|en-GB|en-SG|en-US","yesim esim review"
"yesim esim türkei",1,2,"de-DE","yesim esim"
"yesim unlimited esim",1,2,"en-US","yesim esim unlimited"
"österreich esim unlimited",1,2,"en-AU|en-GB|en-SG","austria esim unlimited"
"5g south korea unlimited data esim skt",1,3,"de-DE|en-US","unlimited data esim korea"
"a1 croatia esim tourist",1,3,"en-US","esim croatia tourist"
"abu dhabi esim 1 day",1,3,"de-DE|en-AU|en-GB|en-SG|en-US","abu dhabi esim"
"abu dhabi sim card for tourist",1,3,"en-AU|en-GB|en-SG|en-US","uae sim card for tourists"
"airalo esim canada and usa",1,3,"de-DE|en-US","airalo esim canada"
"airalo esim china",1,3,"de-DE|en-AU|en-GB|en-SG|en-US","airalo esim"
"airalo esim china firewall",1,3,"de-DE|en-US","airalo esim china"
"airalo esim china whatsapp",1,3,"de-DE|en-US","airalo esim china"
"airalo esim erfahrungen",1,3,"de-DE","airalo esim"
"airalo esim for hawaii",1,3,"de-DE|en-US","esim for hawaii"
"airalo esim for india review",1,3,"de-DE|en-US","esim for india review"
"airalo esim for japan review",1,3,"de-DE|en-US","esim for japan review"
"airalo esim france review",1,3,"de-DE|en-US","airalo esim france"
"airalo esim germany not working",1,3,"en-US","airalo esim germany"
"airalo esim global coverage",1,3,"de-DE|en-AU|en-GB|en-SG|en-US","airalo esim coverage"
"airalo esim india not working",1,3,"de-DE|en-US","airalo esim india"
"airalo esim italy not working",1,3,"de-DE|en-US","airalo esim italy"
"airalo esim japan",1,3,"de-DE|en-AU|en-GB|en-SG|en-US","airalo esim"
"airalo esim japan funktioniert nicht",1,3,"de-DE","airalo esim japan"
"airalo esim korea phone number",1,3,"de-DE|en-US","airalo esim korea"
"airalo esim malaysia not working",1,3,"de-DE|en-US","airalo esim malaysia"
"airalo esim mexico not working",1,3,"de-DE|en-US","airalo esim mexico"
"airalo esim peru erfahrungen",1,3,"de-DE|en-US","airalo esim peru"
"airalo esim philippines not working",1,3,"de-DE|en-US","airalo esim philippines"
"airalo esim plans usa",1,3,"de-DE|en-AU|en-GB|en-SG|en-US","airalo esim plans"
"airalo esim portugal and spain",1,3,"de-DE|en-US","airalo esim portugal"
"airalo esim price india",1,3,"de-DE|en-US","airalo esim price"
"airalo esim review italy",1,3,"de-DE|en-AU|en-GB|en-SG|en-US","airalo esim review"
"airalo esim scandinavia",1,3,"de-DE|en-AU|en-GB|en-SG|en-US","esim scandinavia"
"airalo esim singapore not working",1,3,"de-DE|en-US","airalo esim singapore"
"airalo esim thailand not working",1,3,"de-DE|en-US","airalo esim thailand"
"airalo esim uk and europe",1,3,"de-DE|en-US","airalo esim uk"
"airalo esim uk not working",1,3,"de-DE|en-US","airalo esim uk"
"airalo esim united arab emirates",1,3,"en-US","airalo esim uae"
"airalo esim unlimited data speed",1,3,"de-DE","airalo esim unlimited"
"airalo esim usa coverage",1,3,"de-DE|en-AU|en-GB|en-SG|en-US","airalo esim coverage"
"airalo esim usa review",1,3,"en-US","airalo esim usa"
"airalo esim usa und kanada",1,3,"de-DE","airalo esim usa"
"airalo esim vietnam and cambodia",1,3,"en-US","airalo esim vietnam"
"airalo esim voucher code",1,3,"en-AU|en-GB|en-SG|en-US","airalo esim promo code"
"airalo vs saily esim usa",1,3,"de-DE|en-US","saily esim vs airalo"
"airalo vs ubigi esim reddit",1,3,"de-DE|en-US","ubigi esim vs airalo"
"airalo.esim indonesia reddit",1,3,"de-DE|en-US","airalo esim indonesia"
"airtel esim price india",1,3,"de-DE","esim india price"
"airtel sim card for tourists in india",1,3,"de-DE|en-AU|en-GB|en-SG|en-US","india sim card for tourists"
"ais esim thailand price",1,3,"de-DE|en-AU|en-GB|en-SG|en-US","esim thailand price"
"alosim esim europe",1,3,"en-AU|en-GB|en-SG|en-US","alosim esim"
"alosim esim usa",1,3,"de-DE|en-AU|en-GB|en-SG|en-US","alosim esim"
"america esim data",1,3,"de-DE|en-AU|en-GB|en-SG|en-US","america esim"
"america esim unlimited",1,3,"de-DE","america esim"
"at&t mexico esim tourist",1,3,"de-DE|en-US","esim mexico tourist"
"au esim card",1,3,"en-US","australia esim card"
"australia prepaid esim card",1,3,"de-DE|en-US","australia esim card"
"australia sim card for tourist telstra",1,3,"en-AU|en-GB|en-SG|en-US","australia sim card for tourists"
"bali esim unlimited data",1,3,"en-AU|en-GB|en-SG|en-US","bali esim"
"bangkok esim ais",1,3,"de-DE|en-AU|en-GB|en-SG|en-US","bangkok esim"
"bangkok esim online",1,3,"de-DE|en-AU|en-GB|en-SG|en-US","bangkok esim"
"barcelona esim data",1,3,"de-DE|en-AU|en-GB|en-SG|en-US","barcelona esim"
"best and cheapest esim for brazil",1,3,"de-DE|en-AU|en-GB|en-SG|en-US","cheapest esim for brazil"
"best and cheapest esim for philippines",1,3,"de-DE|en-AU|en-GB|en-SG|en-US","cheapest esim for philippines"
"best and cheapest esim for south africa",1,3,"de-DE|en-AU|en-GB|en-SG|en-US","cheapest esim for south africa"
"best and cheapest esim for uae",1,3,"de-DE|en-AU|en-GB|en-SG|en-US","cheapest esim for uae"
"best asia esim unlimited data",1,3,"de-DE|en-AU|en-GB|en-SG|en-US","asia esim unlimited"
"best cheap esim china",1,3,"de-DE|en-US","cheap esim china"
"best cheap esim egypt",1,3,"de-DE","cheap esim egypt"
"best cheap esim for malaysia",1,3,"de-DE","cheap esim malaysia"
"best cheap esim for new zealand",1,3,"de-DE","cheap esim new zealand"
"best cheap esim france",1,3,"de-DE|en-US","cheap esim france"
"best cheap esim indonesia",1,3,"de-DE|en-US","cheap esim indonesia"
"best cheap esim philippines",1,3,"de-DE|en-US","cheap esim philippines"
"best cheap esim vietnam",1,3,"de-DE|en-US","cheap esim vietnam"
"best china esim unlimited data",1,3,"de-DE|en-US","china esim unlimited data"
"best esim auckland",1,3,"de-DE","esim auckland"
"best esim card for australia and new zealand",1,3,"de-DE|en-US","best esim for australia and new zealand"
"best esim card for barcelona",1,3,"de-DE|en-AU|en-GB|en-SG|en-US","best esim for barcelona"
"best esim card for czech republic",1,3,"de-DE|en-AU|en-GB|en-SG|en-US","best esim for czech republic"
"best esim card for istanbul",1,3,"de-DE|en-AU|en-GB|en-SG|en-US","best esim for istanbul"
"best esim card for japan and south korea",1,3,"de-DE|en-US","best esim for japan and south korea"
"best esim card for rome italy",1,3,"en-US","best esim for rome"
"best esim edinburgh",1,3,"de-DE|en-US","esim edinburgh"
"best esim for argentina and uruguay",1,3,"de-DE|en-AU|en-GB|en-SG|en-US","best esim for argentina"
"best esim for asia reddit",1,3,"de-DE|en-AU|en-GB|en-SG|en-US","best esim for asia"
"best esim for athens",1,3,"en-GB|en-SG|en-US","esim for athens"
"best esim for australia reddit",1,3,"de-DE|en-GB|en-SG|en-US","best esim for australia"
"best esim for australians in europe",1,3,"en-AU","best esim for australia"
"best esim for austria travel",1,3,"de-DE|en-AU|en-GB|en-SG|en-US","best esim for austria"
"best esim for backpacking asia",1,3,"de-DE|en-AU|en-GB|en-SG|en-US","esim for backpacking"
"best esim for bangkok and phuket",1,3,"de-DE|en-AU|en-GB|en-SG|en-US","best esim for bangkok"
"best esim for barcelona",1,3,"de-DE|en-AU|en-GB|en-SG|en-US","esim for barcelona"
"best esim for beijing",1,3,"de-DE|en-AU|en-GB|en-SG|en-US","esim for beijing"
"best esim for belgium reddit",1,3,"de-DE|en-AU|en-GB|en-SG|en-US","best esim for belgium"
"best esim for brazil travel",1,3,"en-AU|en-GB|en-SG|en-US","best esim for brazil"
"best esim for british isles",1,3,"en-AU|en-GB|en-SG|en-US","best esim for britain"
"best esim for canada and alaska",1,3,"de-DE|en-AU|en-GB|en-SG|en-US","best esim for canada"
"best esim for canada travel",1,3,"en-AU|en-GB|en-SG|en-US","best esim for canada"
"best esim for china holafly",1,3,"de-DE","best esim for china"
"best esim for costa rica from canada",1,3,"de-DE|en-AU|en-GB|en-SG","best esim for costa rica"
"best esim for czech republic",1,3,"en-AU|en-GB|en-SG|en-US","esim for czech republic"
"best esim for dubai from india",1,3,"de-DE|en-AU|en-GB|en-SG|en-US","best esim for dubai"
"best esim for dublin",1,3,"de-DE|en-AU|en-US","esim for dublin"
"best esim for edinburgh scotland",1,3,"de-DE|en-US","esim for edinburgh"
"best esim for egypt reddit",1,3,"de-DE|en-AU|en-GB|en-SG|en-US","best esim for egypt"
"best esim for europe and uk",1,3,"de-DE|en-AU|en-GB|en-SG|en-US","best esim for europe"
"best esim for europe reddit",1,3,"de-DE|en-AU|en-GB|en-SG|en-US","best esim for europe"
"best esim for europe singapore",1,3,"en-SG","best esim for europe"
"best esim for fiji reddit",1,3,"de-DE|en-AU|en-GB|en-SG|en-US","best esim for fiji"
"best esim for france and spain",1,3,"de-DE|en-AU|en-GB|en-SG|en-US","best esim for france"
"best esim for france iphone",1,3,"de-DE|en-US","esim france for iphone"
"best esim for germany long term",1,3,"de-DE","best esim for germany"
"best esim for greece and italy",1,3,"de-DE|en-AU|en-GB|en-SG|en-US","best esim for greece"
"best esim for hanoi",1,3,"de-DE|en-US","esim for hanoi"
"best esim for hawaii reddit",1,3,"en-US","esim for hawaii"
"best esim for hong kong reddit",1,3,"de-DE|en-AU|en-GB|en-SG|en-US","best esim for hong kong"
"best esim for india from australia",1,3,"en-AU","best esim for india"
"best esim for india reddit",1,3,"de-DE|en-AU|en-GB|en-SG|en-US","best esim for india"
"best esim for indonesia iphone",1,3,"de-DE|en-US","esim indonesia for iphone"
"best esim for international travel",1,3,"en-AU|en-GB|en-US","best esim"
"best esim for ireland with phone number",1,3,"de-DE|en-AU|en-GB|en-SG|en-US","best esim for ireland"
"best esim for israel travel",1,3,"de-DE|en-AU|en-GB|en-SG|en-US","best esim for israel"
"best esim for italy 2025",1,3,"de-DE","best esim for italy"
"best esim for italy and france",1,3,"de-DE|en-AU|en-US","best esim for italy"
"best esim for italy with phone number",1,3,"en-GB|en-SG|en-US","best esim for italy"
"best esim for japan from uk",1,3,"en-GB|en-SG","best esim for japan"
"best esim for kenya reddit",1,3,"de-DE|en-AU|en-GB|en-SG|en-US","best esim for kenya"
"best esim for korea travel",1,3,"de-DE|en-AU|en-GB|en-SG","best esim for korea"
"best esim for korea with phone number",1,3,"de-DE|en-AU|en-GB|en-SG|en-US","best esim for korea"
"best esim for lima",1,3,"de-DE|en-AU|en-GB|en-SG|en-US","esim for lima"
"best esim for lisbon",1,3,"de-DE|en-GB|en-SG|en-US","esim for lisbon"
"best esim for macau reddit",1,3,"en-AU|en-GB|en-SG|en-US","best esim for macao"
"best esim for madrid spain",1,3,"de-DE|en-US","esim for madrid"
"best esim for malaysia borneo",1,3,"de-DE|en-AU|en-GB|en-SG|en-US","best esim for malaysia"
"best esim for malaysia iphone",1,3,"de-DE|en-US","esim malaysia for iphone"
"best esim for melbourne",1,3,"de-DE|en-US","esim for melbourne"
"best esim for mexico from canada",1,3,"de-DE|en-AU|en-GB|en-SG|en-US","best esim for mexico"
"best esim for mexico travel",1,3,"de-DE|en-AU|en-GB|en-SG|en-US","best esim for mexico"
"best esim for morocco uk iphone",1,3,"de-DE|en-US","esim morocco for iphone"
"best esim for morocco unlimited data",1,3,"de-DE|en-AU|en-GB|en-SG","best esim for morocco"
"best esim for new zealand reddit",1,3,"de-DE|en-AU|en-GB|en-SG|en-US","best esim for new zealand"
"best esim for nz from australia",1,3,"de-DE|en-AU|en-GB|en-SG","best esim for nz"
"best esim for osaka japan",1,3,"de-DE|en-US","esim for osaka"
"best esim for poland and germany",1,3,"de-DE|en-AU|en-GB|en-SG|en-US","best esim for poland"
"best esim for portugal travel",1,3,"de-DE|en-AU|en-GB|en-SG|en-US","best esim for portugal"
"best esim for qatar and saudi arabia",1,3,"de-DE|en-AU|en-GB|en-SG|en-US","best esim for qatar"
"best esim for rio",1,3,"de-DE|en-AU|en-GB|en-SG|en-US","esim for rio"
"best esim for rome",1,3,"de-DE|en-AU|en-GB|en-SG|en-US","esim for rome"
"best esim for spain and italy",1,3,"de-DE|en-AU|en-GB|en-SG|en-US","best esim for spain"
"best esim for spain reddit",1,3,"de-DE|en-AU|en-GB|en-SG|en-US","best esim for spain"
"best esim for switzerland and france",1,3,"de-DE|en-AU|en-GB|en-SG|en-US","best esim for switzerland"
"best esim for switzerland travel",1,3,"de-DE|en-AU|en-GB|en-SG|en-US","best esim for switzerland"
"best esim for sydney",1,3,"de-DE|en-AU|en-GB|en-SG|en-US","esim for sydney"
"best esim for tbilisi",1,3,"de-DE|en-AU|en-GB|en-SG|en-US","esim for tbilisi"
"best esim for thailand and singapore",1,3,"de-DE|en-AU|en-GB|en-SG","best esim for thailand"
"best esim for thailand travel",1,3,"de-DE|en-AU|en-GB|en-SG|en-US","best esim for thailand"
"best esim for thailand vietnam and bali",1,3,"de-DE|en-US","best esim for thailand and vietnam"
"best esim for travel to ireland and uk",1,3,"de-DE|en-US","best esim for ireland and uk"
"best esim for turkey",1,3,"de-DE|en-GB","best esim"
"best esim for turkey saily",1,3,"de-DE","best esim for turkey"
"best esim for turkey uk iphone",1,3,"de-DE|en-US","esim turkey for iphone"
"best esim for turkey unlimited data",1,3,"de-DE|en-AU|en-GB|en-SG|en-US","best esim for turkey"
"best esim for uae tourist",1,3,"de-DE|en-AU|en-GB|en-SG|en-US","best esim for uae"
"best esim for uk and europe from australia",1,3,"en-AU|en-GB|en-SG","best esim for uk"
"best esim for uk and ireland",1,3,"en-AU|en-GB|en-SG|en-US","best esim for uk"
"best esim for vancouver canada",1,3,"de-DE|en-US","esim for vancouver"
"best esim for vancouver island",1,3,"de-DE|en-US","esim for vancouver"
"best esim for vietnam 2026",1,3,"en-AU|en-GB|en-SG|en-US","best esim for vietnam"
"best esim for vietnam cambodia and laos",1,3,"de-DE|en-US","best esim for vietnam and cambodia"
"best esim for vietnam from india",1,3,"en-GB|en-SG|en-US","best esim for vietnam"
"best esim for vietnam iphone",1,3,"de-DE|en-US","esim vietnam for iphone"
"best esim for vietnam travel",1,3,"de-DE|en-GB|en-SG|en-US","best esim for vietnam"
"best esim for zanzibar reddit",1,3,"de-DE|en-US","esim for zanzibar"
"best esim japan",1,3,"en-AU|en-GB|en-SG|en-US","which esim is best for japan"
"best esim malaysia reddit",1,3,"de-DE|en-US","esim malaysia reddit"
"best esim network in china",1,3,"en-US","esim coverage in china"
"best esim network in india",1,3,"en-US","esim coverage in india"
"best esim network in thailand",1,3,"en-US","esim coverage in thailand"
"best esim network in vietnam",1,3,"en-US","esim coverage in vietnam"
"best esim philippines tourist",1,3,"de-DE|en-US","esim philippines tourist"
"best esim plans for.new zealand",1,3,"de-DE|en-US","esim new zealand plans"
"best esim plans ireland",1,3,"de-DE|en-US","esim ireland plans"
"best esim prices usa",1,3,"de-DE","esim usa price"
"best esim saily vs airalo",1,3,"de-DE|en-US","saily esim vs airalo"
"best esim seoul reddit",1,3,"de-DE","best esim for seoul"
"best esim singapore reddit",1,3,"de-DE|en-US","esim singapore reddit"
"best esim switzerland tourist",1,3,"de-DE|en-US","esim switzerland tourist"
"best esim sydney australia",1,3,"de-DE","esim for sydney"
"best esim taiwan reddit",1,3,"de-DE|en-US","esim taiwan reddit"
"best esim thailand reddit",1,3,"en-US","esim thailand reddit"
"best esim turkey reddit",1,3,"de-DE|en-US","esim turkey reddit"
"best esim uk reddit",1,3,"de-DE|en-US","esim uk reddit"
"best esim usa 2026",1,3,"de-DE|en-AU|en-GB|en-SG|en-US","best esim 2026"
"best esim vietnam reddit",1,3,"en-US","esim vietnam reddit"
"best ireland esim card",1,3,"de-DE|en-US","ireland esim card"
"best price esim for morocco",1,3,"en-AU|en-GB|en-SG|en-US","cheapest esim for morocco"
"best price esim for turkey",1,3,"en-AU|en-GB|en-SG|en-US","cheapest esim for turkey"
"best roaming esim australia",1,3,"en-US","roami esim australia"
"best roaming esim japan",1,3,"en-US","roami esim japan"
"best roaming esim plans",1,3,"en-AU|en-GB|en-SG|en-US","roami esim plans"
"best roaming esim spain",1,3,"en-US","roami esim spain"
"best sim card for tourists in germany",1,3,"de-DE|en-AU|en-GB|en-SG|en-US","germany sim card for tourists"
"best sim card in turkey for tourists reddit",1,3,"de-DE|en-AU|en-GB|en-SG|en-US","turkey sim card for tourists"
"best taiwan sim card for tourist",1,3,"en-AU|en-GB|en-SG|en-US","taiwan sim card for tourists"
"best tourist esim abu dhabi",1,3,"en-AU|en-GB|en-SG|en-US","best esim for abu dhabi"
"best tourist esim south africa",1,3,"de-DE|en-US","esim south africa tourist"
"best travel esim peru",1,3,"de-DE","best esim for peru"
"best turkey sim card for tourists",1,3,"de-DE|en-AU|en-GB|en-SG|en-US","turkey sim card for tourists"
"best unlimited data esim egypt",1,3,"de-DE|en-US","unlimited data esim egypt"
"best unlimited data esim france",1,3,"en-US","unlimited data esim france"
"best unlimited data esim korea",1,3,"de-DE|en-US","unlimited data esim korea"
"best unlimited data esim spain",1,3,"de-DE|en-US","unlimited data esim spain"
"best unlimited data esim vietnam",1,3,"de-DE|en-US","unlimited data esim vietnam"
"best unlimited esim hong kong",1,3,"de-DE|en-US","esim hong kong unlimited"
"best unlimited esim saudi arabia",1,3,"de-DE|en-US","esim saudi arabia unlimited"
"brazil esim with number",1,3,"de-DE","esim brazil"
"brazil sim card esim",1,3,"de-DE|en-US","brazil esim card"
"breeze esim coverage map",1,3,"de-DE","esim coverage map"
"british esim card",1,3,"en-AU|en-GB|en-SG|en-US","britain esim"
"buy esim auckland airport",1,3,"de-DE|en-US","esim auckland"
"buy esim for abu dhabi",1,3,"en-AU|en-GB|en-SG|en-US","esim for abu dhabi"
"buy esim uae tourist",1,3,"de-DE","esim uae tourist"
"buying a sim card for travel in europe",1,3,"en-AU|en-GB|en-SG|en-US","belgium sim card for tourists"
"buying a sim card in ireland",1,3,"en-AU|en-GB|en-SG|en-US","ireland sim card for tourists"
"canada sim card for travellers",1,3,"en-AU|en-GB|en-SG|en-US","canada sim card for tourists"
"canadian e sim card",1,3,"en-US","canada esim card"
"cape town airport esim",1,3,"de-DE|en-AU|en-GB|en-SG|en-US","cape town esim"
"caribbean esim reddit",1,3,"de-DE|en-AU|en-GB|en-SG|en-US","esim caribbean"
"celcom esim qr code",1,3,"en-US","holafly esim czech republic"
"cheap data esim morocco",1,3,"de-DE|en-US","cheap esim morocco"
"cheap data esim spain",1,3,"de-DE|en-US","cheap esim spain"
"cheap data esim switzerland",1,3,"de-DE|en-US","cheap esim switzerland"
"cheap data esim uae",1,3,"de-DE|en-US","cheap esim uae"
"cheap esim australia no data",1,3,"de-DE","cheap esim australia"
"cheap esim data for turkey",1,3,"de-DE|en-US","cheap esim turkey"
"cheap esim for india travel",1,3,"de-DE|en-US","cheap esim india"
"cheap esim for ksa",1,3,"de-DE|en-AU|en-GB|en-SG|en-US","esim for ksa"
"cheap esim japan unlimited",1,3,"de-DE","cheap esim japan"
"cheap esim phone number canada",1,3,"de-DE","cheap esim canada"
"cheap esim south korea",1,3,"de-DE|en-US","cheap esim korea"
"cheap esim uk data",1,3,"de-DE|en-US","cheap esim uk"
"cheap prepaid esim germany",1,3,"de-DE","cheap esim germany"
"cheap tourist esim singapore",1,3,"de-DE","cheap esim singapore"
"cheap unlimited esim thailand",1,3,"de-DE","cheap esim thailand"
"cheap.esim data italy",1,3,"de-DE|en-US","cheap esim italy"
"cheapest data esim for france",1,3,"en-AU|en-GB|en-SG|en-US","cheapest esim for france"
"cheapest esim card malaysia",1,3,"de-DE","cheapest esim for malaysia"
"cheapest esim china travel",1,3,"en-US","cheap esim china"
"cheapest esim egypt uk",1,3,"en-US","cheap esim egypt"
"cheapest esim for bali indonesia",1,3,"de-DE|en-AU|en-GB|en-SG|en-US","cheapest esim for indonesia"
"cheapest esim for canada reddit",1,3,"de-DE|en-AU|en-SG|en-US","cheapest esim for canada"
"cheapest esim for canada travel",1,3,"de-DE|en-AU|en-GB|en-SG|en-US","cheapest esim for canada"
"cheapest esim for china reddit",1,3,"de-DE|en-AU|en-GB|en-SG|en-US","cheapest esim for china"
"cheapest esim for egypt reddit",1,3,"de-DE|en-AU|en-GB|en-SG|en-US","cheapest esim for egypt"
"cheapest esim for india travel",1,3,"en-AU|en-GB|en-SG|en-US","cheapest esim for india"
"cheapest esim for ksa",1,3,"de-DE|en-AU|en-GB|en-SG|en-US","esim for ksa"
"cheapest esim for las vegas",1,3,"de-DE|en-US","esim for las vegas"
"cheapest esim for marrakech",1,3,"en-AU|en-GB|en-SG|en-US","esim for marrakech"
"cheapest esim for mexico from canada",1,3,"de-DE|en-AU|en-GB|en-SG|en-US","cheapest esim for mexico"
"cheapest esim for singapore and thailand",1,3,"de-DE|en-AU|en-GB|en-SG|en-US","cheapest esim for singapore"
"cheapest esim for south korea",1,3,"de-DE|en-AU|en-GB|en-SG|en-US","cheapest esim for korea"
"cheapest esim for thailand from australia",1,3,"de-DE|en-AU|en-GB|en-SG|en-US","cheapest esim for thailand"
"cheapest esim for uk data",1,3,"de-DE|en-SG|en-US","cheapest esim for uk"
"cheapest esim for ukraine",1,3,"de-DE|en-AU|en-GB|en-SG|en-US","cheapest esim for uk"
"cheapest esim for usa travel from uk",1,3,"en-US","cheapest esim for usa"
"cheapest esim for vietnam and thailand",1,3,"de-DE|en-AU|en-GB|en-SG|en-US","cheapest esim for vietnam"
"cheapest esim india travel",1,3,"en-US","cheap esim india"
"cheapest esim japan reddit",1,3,"en-US","cheap esim japan"
"cheapest esim morocco uk",1,3,"en-US","cheap esim morocco"
"cheapest esim plans singapore",1,3,"de-DE|en-US","esim singapore plans"
"cheapest esim provider switzerland",1,3,"de-DE|en-AU|en-GB|en-SG|en-US","cheapest esim for switzerland"
"cheapest esim thailand 30 days",1,3,"en-US","cheap esim thailand"
"cheapest esim vietnam reddit",1,3,"en-US","cheap esim vietnam"
"cheapest esim.india",1,3,"de-DE","cheapest esim for india"
"cheapest travel esim for uae",1,3,"de-DE|en-AU|en-GB|en-SG|en-US","cheapest esim for uae"
"cheapest unlimited data esim australia",1,3,"de-DE|en-US","unlimited data esim australia"
"cheapest unlimited data esim for india",1,3,"de-DE|en-US","unlimited data esim india"
"cheapest unlimited data esim italy",1,3,"de-DE|en-US","unlimited data esim italy"
"china esim card with number",1,3,"de-DE|en-US","china esim card"
"china esim data plans",1,3,"de-DE|en-US","esim china plans"
"china esim for tourist reddit",1,3,"de-DE|en-US","esim china tourist"
"china esim reddit singapore",1,3,"en-US","esim china reddit"
"china esim vs physical sim",1,3,"de-DE|en-US","esim china vs sim"
"china sim card for tourist prepaid",1,3,"en-AU|en-SG","china sim card for tourists"
"china sim card for tourist with vpn",1,3,"en-AU|en-GB|en-SG|en-US","china sim card for tourists"
"china travel esim unlimited data",1,3,"de-DE|en-US","china esim unlimited data"
"chinese esim plan",1,3,"en-US","esim china plans"
"chinese esim price",1,3,"en-SG","esim china price"
"chunghwa esim taiwan tourist",1,3,"de-DE|en-US","esim taiwan tourist"
"claro argentina esim tourist",1,3,"de-DE","esim argentina tourist"
"claro bogota esim",1,3,"de-DE","bogota esim"
"claro brasil esim tourist",1,3,"de-DE","esim brazil tourist"
"claro esim central america",1,3,"de-DE|en-SG","esim central america"
"claro esim peru reddit",1,3,"de-DE|en-US","esim peru reddit"
"colombia airport codes",1,3,"en-US","esim colombia airport"
"compare esim plans egypt",1,3,"de-DE|en-US","esim egypt plans"
"compare esim plans thailand",1,3,"de-DE|en-US","esim thailand plans"
"costa rica sim card esim",1,3,"de-DE|en-US","costa rica esim card"
"data roaming esim china",1,3,"en-US","roami esim china"
"data roaming esim malaysia",1,3,"en-US","roami esim malaysia"
"data roaming esim turkey",1,3,"en-US","roami esim turkey"
"digicel esim fiji price",1,3,"de-DE|en-AU|en-GB|en-SG|en-US","esim fiji price"
"do i need a separate esim for hong kong and china",1,3,"de-DE","do i need an esim for hong kong"
"do i need an esim for japan with t mobile",1,3,"de-DE|en-US","do i need an esim for japan"
"do i need an esim for northern ireland",1,3,"de-DE|en-US","do i need an esim for ireland"
"do i need an esim to travel to spain",1,3,"de-DE|en-US","do i need an esim for spain"
"do i need e sim for canada",1,3,"en-US","do i need an esim for canada"
"do i need esim for mexico t mobile",1,3,"de-DE","do i need an esim for mexico"
"do i need to get an esim for canada",1,3,"de-DE","do i need an esim for canada"
"do you need an esim for usa",1,3,"de-DE","do i need an esim for usa"
"does airalo esim work in italy",1,3,"de-DE|en-AU|en-GB|en-SG|en-US","does esim work in italy"
"does airalo esim work in mexico",1,3,"de-DE|en-AU|en-GB|en-SG|en-US","does esim work in mexico"
"does airalo esim work in singapore",1,3,"de-DE|en-AU|en-GB|en-SG|en-US","does esim work in singapore"
"does airalo esim work in turkey",1,3,"de-DE|en-AU|en-GB|en-SG|en-US","does esim work in turkey"
"does airalo esim work in uae",1,3,"de-DE|en-AU|en-GB|en-SG|en-US","does esim work in uae"
"does china esim work in hong kong",1,3,"de-DE|en-AU|en-GB|en-SG|en-US","does esim work in hong kong"
"does china esim work in macau",1,3,"en-AU|en-GB|en-US","does esim work in macao"
"does egypt have esim for iphone",1,3,"de-DE|en-US","esim egypt for iphone"
"does esim iphone work in philippines",1,3,"de-DE|en-AU|en-GB|en-SG|en-US","does esim work in philippines"
"does esim work in china reddit",1,3,"de-DE|en-AU|en-GB|en-SG|en-US","does esim work in china"
"does esim work in india airtel",1,3,"de-DE|en-AU|en-GB|en-SG|en-US","does esim work in india"
"does europe esim work in uk",1,3,"de-DE|en-AU|en-GB|en-SG|en-US","does esim work in uk"
"does holafly esim work in switzerland",1,3,"de-DE|en-AU|en-GB|en-SG|en-US","does esim work in switzerland"
"does ipad mini have esim",1,3,"en-US","jetpac esim peru"
"does iphone 8 have a esim",1,3,"en-US","esim netherlands for iphone"
"does iphone have hotspot tethering",1,3,"en-AU|en-GB|en-SG|en-US","esim hotspot tethering"
"does jetpac esim work in. fiji",1,3,"de-DE|en-AU|en-GB|en-SG|en-US","does esim work in fiji"
"does klook esim work in japan",1,3,"de-DE|en-AU|en-GB|en-SG|en-US","does esim work in japan"
"does my hong kong esim work in macau",1,3,"de-DE","does esim work in hong kong"
"does nomad esim work in australia",1,3,"de-DE|en-AU|en-GB|en-SG|en-US","does esim work in australia"
"does nomad esim work in brazil",1,3,"de-DE|en-AU|en-GB|en-SG|en-US","does esim work in brazil"
"does nomad esim work in germany",1,3,"en-AU|en-GB|en-SG|en-US","does esim work in germany"
"does nomad esim work in greece",1,3,"de-DE|en-AU|en-GB|en-SG|en-US","does esim work in greece"
"does nomad esim work in iceland",1,3,"de-DE|en-AU|en-GB|en-SG|en-US","does esim work in iceland"
"does nomad esim work in indonesia",1,3,"de-DE|en-AU|en-GB|en-SG|en-US","does esim work in indonesia"
"does nomad esim work in kenya",1,3,"de-DE|en-AU|en-GB|en-SG|en-US","does esim work in kenya"
"does nomad esim work in taiwan",1,3,"de-DE|en-AU|en-GB|en-SG|en-US","does esim work in taiwan"
"does nomad esim work in thailand",1,3,"de-DE|en-AU|en-GB|en-SG|en-US","does esim work in thailand"
"does nomad esim work in vietnam",1,3,"de-DE|en-AU|en-GB|en-SG|en-US","does esim work in vietnam"
"does orange esim work in ireland",1,3,"de-DE|en-AU|en-GB|en-SG|en-US","does esim work in ireland"
"does orange esim work in portugal",1,3,"de-DE|en-AU|en-GB|en-SG|en-US","does esim work in portugal"
"does orange esim work in spain",1,3,"de-DE|en-AU|en-GB|en-SG|en-US","does esim work in spain"
"does revolut esim work in morocco",1,3,"de-DE|en-AU|en-GB|en-SG|en-US","does esim work in morocco"
"does revolut esim work in saudi arabia",1,3,"de-DE|en-AU|en-GB|en-SG|en-US","does esim work in saudi arabia"
"does revolut esim work in turkey",1,3,"de-DE|en-AU|en-GB|en-SG|en-US","does esim work in turkey"
"does revolut esim work in usa",1,3,"de-DE|en-AU|en-GB|en-SG|en-US","does esim work in usa"
"does saily esim work in korea",1,3,"de-DE|en-AU|en-GB|en-SG|en-US","does esim work in korea"
"does saily esim work in malaysia",1,3,"de-DE|en-AU|en-GB|en-SG|en-US","does esim work in malaysia"
"does saily esim work in south korea",1,3,"de-DE","does esim work in korea"
"does saily esim work well in peru",1,3,"de-DE|en-AU|en-GB|en-SG|en-US","does esim work in peru"
"does tello esim work in canada",1,3,"de-DE|en-AU|en-GB|en-SG|en-US","does esim work in canada"
"does telstra esim work in new zealand",1,3,"de-DE|en-AU|en-GB|en-SG|en-US","does esim work in new zealand"
"does venice have an international airport",1,3,"en-US","esim italy airport"
"does vodafone esim work in france",1,3,"de-DE|en-AU|en-GB|en-SG|en-US","does esim work in france"
"dubai esim data",1,3,"en-AU|en-GB|en-SG|en-US","dubai esim"
"e sim cairo egypt",1,3,"en-US","esim cairo"
"e sim roaming singapore",1,3,"en-US","roami esim singapore"
"e sim roaming thailand",1,3,"en-US","roami esim thailand"
"e sim roaming uk",1,3,"en-US","roami esim uk"
"e sim roaming usa",1,3,"en-US","roami esim usa"
"e sim uk unlimited data",1,3,"en-US","uk esim unlimited data"
"england esim data",1,3,"de-DE","england esim"
"esim 4g or 5g",1,3,"en-AU|en-GB|en-SG|en-US","esim 4g"
"esim 4g thailand",1,3,"de-DE|en-AU|en-GB|en-SG|en-US","esim 4g"
"esim 5g modem",1,3,"de-DE|en-AU|en-GB|en-SG|en-US","esim 5g"
"esim africa reddit",1,3,"de-DE|en-AU|en-GB|en-SG|en-US","esim africa"
"esim africa safari",1,3,"de-DE","esim africa"
"esim airtel not working",1,3,"en-US","jetpac esim argentina"
"esim american express",1,3,"de-DE","esim america"
"esim american samoa",1,3,"en-AU|en-GB|en-SG|en-US","esim america"
"esim argentina holafly",1,3,"de-DE","esim argentina"
"esim argentina movistar",1,3,"en-AU|en-GB|en-SG|en-US","esim argentina"
"esim argentina prepago",1,3,"en-AU|en-GB|en-SG|en-US","esim argentina"
"esim asia pacific",1,3,"de-DE|en-GB|en-SG","esim asia"
"esim asia reddit",1,3,"en-US","esim asia"
"esim australia and new zealand unlimited",1,3,"de-DE","esim for australia and new zealand"
"esim australia best price",1,3,"de-DE|en-AU|en-GB|en-SG|en-US","esim australia price"
"esim australia iphone 15",1,3,"de-DE|en-US","esim australia for iphone"
"esim australia prepaid 365 days",1,3,"en-AU|en-GB|en-SG|en-US","esim australia"
"esim australia sydney",1,3,"de-DE","esim sydney"
"esim australia tourist with phone number",1,3,"de-DE|en-US","esim australia tourist"
"esim austria with phone number",1,3,"en-AU|en-GB|en-SG|en-US","esim austria"
"esim bali",1,3,"en-AU","esim"
"esim bali australia",1,3,"en-AU|en-GB|en-SG|en-US","esim bali"
"esim bali easy",1,3,"de-DE|en-AU|en-GB|en-SG|en-US","esim bali"
"esim bali vergleich",1,3,"de-DE","esim bali"
"esim balkans 30 days",1,3,"de-DE|en-AU|en-GB|en-SG|en-US","esim balkans"
"esim balkans unlimited data",1,3,"en-AU|en-GB|en-SG|en-US","esim balkans"
"esim bangkok klook",1,3,"en-AU|en-GB|en-SG|en-US","esim bangkok"
"esim bangkok reddit",1,3,"en-AU|en-SG|en-US","esim bangkok"
"esim belgium orange",1,3,"de-DE|en-AU|en-GB|en-SG|en-US","esim belgium"
"esim canada and alaska",1,3,"en-AU","esim canada"
"esim canada plans",1,3,"en-GB|en-SG|en-US","esim canada"
"esim canada plans reddit",1,3,"de-DE|en-US","esim canada plans"
"esim canada rogers",1,3,"de-DE","esim canada"
"esim canada travel reddit",1,3,"en-US","esim canada tourist"
"esim card colombia prepago",1,3,"de-DE|en-US","colombia esim card"
"esim card edinburgh",1,3,"de-DE|en-US","esim edinburgh"
"esim card for australia and new zealand",1,3,"de-DE|en-US","esim for australia and new zealand"
"esim card for great britain",1,3,"de-DE|en-AU|en-GB|en-SG|en-US","esim for britain"
"esim card for istanbul",1,3,"de-DE|en-AU|en-GB|en-SG|en-US","esim for istanbul"
"esim card for italy and greece",1,3,"de-DE|en-US","esim for italy and greece"
"esim card korea airport",1,3,"de-DE|en-US","esim korea airport"
"esim change phone",1,3,"en-US","alosim esim vietnam"
"esim cheap data plan",1,3,"de-DE","esim cheap data"
"esim cheapest data",1,3,"en-AU|en-GB|en-SG|en-US","esim cheap data"
"esim china",1,3,"en-AU|en-SG","esim"
"esim china and hong kong",1,3,"en-AU|en-GB|en-US","esim china"
"esim china iphone 13",1,3,"de-DE|en-US","esim china for iphone"
"esim china kaufen",1,3,"de-DE","esim china"
"esim china travel airalo",1,3,"en-US","esim china tourist"
"esim china trip.com",1,3,"en-AU|en-GB|en-US","esim china"
"esim china unlimited data reddit",1,3,"de-DE|en-US","esim china unlimited"
"esim china unlimited reddit",1,3,"de-DE|en-US","esim china unlimited"
"esim colombia precio",1,3,"en-AU","esim colombia price"
"esim colombia tigo",1,3,"en-AU|en-GB|en-SG|en-US","esim colombia"
"esim colombia vodafone",1,3,"de-DE","esim colombia"
"esim compatible phones iphone",1,3,"de-DE","esim compatible phones"
"esim compatible phones officeworks",1,3,"en-AU","esim compatible phones"
"esim costa rica airalo",1,3,"de-DE|en-AU|en-GB|en-SG|en-US","esim costa rica"
"esim costa rica kolbi",1,3,"en-AU|en-GB|en-SG|en-US","esim costa rica"
"esim costa rica y panama",1,3,"en-US","esim for costa rica and panama"
"esim czech republic and austria",1,3,"de-DE|en-AU|en-GB|en-SG|en-US","esim czech republic"
"esim data only plan usa",1,3,"en-US","esim data only"
"esim data only plans australia",1,3,"en-AU","esim data only"
"esim data only switzerland",1,3,"de-DE","esim data only"
"esim data plan free trial",1,3,"en-US","esim data plan"
"esim data plan only",1,3,"en-AU","esim data plan"
"esim deals bali",1,3,"en-AU","esim deals"
"esim deals for new zealand",1,3,"en-AU|en-GB|en-SG|en-US","cheapest esim for new zealand"
"esim discount code reddit",1,3,"en-AU|en-GB|en-SG|en-US","esim discount code"
"esim discount code youtube",1,3,"de-DE|en-AU|en-GB|en-SG|en-US","esim discount code"
"esim dubai free",1,3,"en-GB|en-SG|en-US","esim dubai"
"esim dubai thailand",1,3,"de-DE","esim for dubai"
"esim dubai uae",1,3,"en-AU|en-GB|en-SG|en-US","esim dubai"
"esim dubai und malediven",1,3,"de-DE","esim dubai"
"esim egypt unlimited",1,3,"en-AU|en-GB|en-SG|en-US","esim egypt"
"esim england tourist",1,3,"en-US","esim uk tourist"
"esim esim sm",1,3,"de-DE","esim esim"
"esim europe 30 days",1,3,"de-DE|en-AU|en-GB|en-SG","esim europe"
"esim europe reddit",1,3,"de-DE|en-AU|en-GB|en-SG|en-US","esim europe"
"esim fiji and samoa",1,3,"de-DE","esim fiji"
"esim fiji reddit",1,3,"en-AU|en-GB|en-SG|en-US","esim fiji"
"esim for 1 month uk",1,3,"en-AU|en-GB|en-SG|en-US","esim for 1 month"
"esim for 1 week uk",1,3,"de-DE|en-AU|en-GB|en-SG|en-US","esim for 1 week"
"esim for 2 weeks in japan",1,3,"de-DE|en-AU|en-GB|en-SG|en-US","esim for 2 weeks"
"esim for america travel",1,3,"de-DE|en-AU|en-GB|en-SG|en-US","esim for america"
"esim for amsterdam and paris",1,3,"de-DE|en-AU|en-GB|en-SG|en-US","esim for amsterdam"
"esim for argentina and uruguay",1,3,"de-DE|en-AU|en-GB|en-SG|en-US","esim for argentina"
"esim for asia reddit",1,3,"de-DE|en-AU|en-GB|en-SG|en-US","esim for asia"
"esim for australia 30 days",1,3,"de-DE","esim for australia"
"esim for austria and switzerland",1,3,"de-DE|en-AU|en-GB|en-SG|en-US","esim for austria"
"esim for bali from nz",1,3,"de-DE|en-AU|en-GB|en-SG|en-US","esim for bali"
"esim for bali reddit",1,3,"de-DE|en-AU|en-GB|en-SG|en-US","esim for bali"
"esim for bangkok and vietnam",1,3,"de-DE|en-AU|en-GB|en-SG|en-US","esim for bangkok"
"esim for brazil unlimited data",1,3,"de-DE|en-AU|en-GB|en-SG|en-US","esim for brazil"
"esim for buenos aires",1,3,"de-DE","best esim for buenos aires"
"esim for canada and alaska",1,3,"de-DE|en-AU|en-GB|en-SG|en-US","esim for canada"
"esim for canada from uk",1,3,"en-AU|en-GB|en-SG|en-US","esim for canada"
"esim for canada nomad",1,3,"de-DE","esim for canada"
"esim for canada reddit",1,3,"en-AU|en-GB|en-SG|en-US","esim for canada"
"esim for cape town",1,3,"de-DE","best esim for cape town"
"esim for china and japan",1,3,"de-DE|en-AU|en-GB|en-SG|en-US","esim for china"
"esim for china reddit",1,3,"en-AU|en-GB|en-SG|en-US","esim for china"
"esim for china to use whatsapp",1,3,"en-SG","esim for china"
"esim for chinese iphone",1,3,"en-US","esim china for iphone"
"esim for colombia and panama",1,3,"de-DE|en-AU|en-GB|en-SG|en-US","esim for colombia"
"esim for croatia and slovenia",1,3,"de-DE|en-AU|en-GB|en-SG|en-US","esim for croatia"
"esim for cruise and land",1,3,"de-DE|en-AU|en-GB|en-SG|en-US","esim for cruise"
"esim for dubai travel",1,3,"en-AU|en-GB|en-SG|en-US","esim for dubai"
"esim for egypt reddit",1,3,"de-DE|en-AU|en-GB|en-SG|en-US","esim for egypt"
"esim for europe from canada",1,3,"en-GB|en-SG","esim for europe"
"esim for europe travel from usa",1,3,"en-AU|en-GB|en-SG|en-US","esim for europe and usa"
"esim for family apple watch",1,3,"de-DE|en-AU|en-GB|en-SG|en-US","esim for family"
"esim for fiji and new zealand",1,3,"de-DE|en-AU|en-GB|en-SG|en-US","esim for fiji"
"esim for fiji travel",1,3,"de-DE|en-AU|en-GB|en-US","esim for fiji"
"esim for france and italy",1,3,"de-DE|en-AU|en-GB|en-SG|en-US","esim for france"
"esim for france switzerland and italy",1,3,"de-DE|en-US","esim for switzerland and italy"
"esim for georgia and azerbaijan",1,3,"de-DE|en-AU|en-GB|en-SG|en-US","esim for georgia"
"esim for germany and switzerland",1,3,"de-DE|en-AU|en-GB|en-SG|en-US","esim for germany"
"esim for germany from india",1,3,"de-DE|en-AU|en-GB|en-SG|en-US","esim for germany"
"esim for germany trip",1,3,"de-DE","esim for germany"
"esim for greece reddit",1,3,"de-DE|en-AU|en-GB|en-SG|en-US","esim for greece"
"esim for greece unlimited data",1,3,"de-DE|en-AU|en-GB|en-SG|en-US","esim for greece"
"esim for hong kong and taiwan",1,3,"de-DE|en-AU|en-GB|en-SG|en-US","esim for hong kong"
"esim for hong kong china and japan",1,3,"en-US","esim for hong kong and china"
"esim for iceland and norway",1,3,"de-DE|en-AU|en-GB|en-SG|en-US","esim for iceland"
"esim for india airtel",1,3,"en-US","esim for india"
"esim for india and sri lanka",1,3,"de-DE|en-AU|en-GB|en-SG","esim for india"
"esim for indonesia and thailand",1,3,"de-DE|en-AU|en-GB|en-SG|en-US","esim for indonesia"
"esim for indonesia travel",1,3,"en-AU|en-GB|en-SG|en-US","esim for indonesia"
"esim for international travel verizon",1,3,"de-DE|en-AU|en-GB|en-SG|en-US","esim for international travel"
"esim for iphone 12",1,3,"de-DE|en-AU|en-GB|en-SG|en-US","esim for iphone"
"esim for ireland and scotland",1,3,"de-DE|en-AU|en-GB|en-SG|en-US","esim for ireland"
"esim for ireland travel",1,3,"de-DE|en-AU|en-GB|en-SG|en-US","esim for ireland"
"esim for israel reddit",1,3,"en-AU|en-GB|en-SG|en-US","esim for israel"
"esim for istanbul how to get",1,3,"en-AU|en-GB|en-SG|en-US","esim for istanbul"
"esim for italy from uk",1,3,"de-DE|en-AU|en-GB|en-SG","esim for italy"
"esim for japan 1 month",1,3,"de-DE","esim for 1 month"
"esim for japan and s korea",1,3,"en-US","esim for japan and south korea"
"esim for japan and south korea",1,3,"en-AU|en-GB|en-SG|en-US","esim for japan"
"esim for japan from uk",1,3,"en-GB|en-SG","esim for japan"
"esim for japan iphone 15",1,3,"en-US","esim japan for iphone"
"esim for japan trip",1,3,"de-DE|en-AU|en-GB|en-SG|en-US","esim for japan"
"esim for kenya and south africa",1,3,"de-DE|en-AU|en-GB|en-SG|en-US","esim for kenya"
"esim for kids watch",1,3,"de-DE|en-AU|en-GB|en-SG|en-US","esim for kids"
"esim for korea and taiwan",1,3,"de-DE|en-AU|en-GB|en-SG|en-US","esim for korea"
"esim for korea with phone number",1,3,"de-DE|en-AU|en-GB|en-SG|en-US","esim for korea"
"esim for london and europe",1,3,"de-DE|en-US","esim for london"
"esim for long term travel",1,3,"en-AU|en-GB|en-SG|en-US","esim for long stay"
"esim for malaysia and thailand",1,3,"de-DE|en-AU|en-GB|en-SG|en-US","esim for malaysia"
"esim for maldives and dubai",1,3,"de-DE|en-US","esim for maldives"
"esim for maldives and singapore",1,3,"en-US","esim for maldives"
"esim for mexico reddit",1,3,"de-DE|en-AU|en-GB|en-SG|en-US","esim for mexico"
"esim for miami and bahamas",1,3,"de-DE|en-US","esim for miami"
"esim for morocco from ireland",1,3,"de-DE|en-AU|en-GB|en-SG|en-US","esim for morocco"
"esim for netherlands reddit",1,3,"de-DE|en-AU|en-GB|en-SG|en-US","esim for netherlands"
"esim for new york reddit",1,3,"de-DE|en-US","esim for new york"
"esim for new zealand from uk",1,3,"de-DE|en-AU|en-GB|en-SG|en-US","esim for new zealand"
"esim for new zealand reddit",1,3,"de-DE|en-AU|en-GB|en-SG|en-US","esim for new zealand"
"esim for norway finland and sweden",1,3,"de-DE|en-US","esim for norway and sweden"
"esim for nz reddit",1,3,"de-DE|en-AU|en-GB|en-SG|en-US","esim for nz"
"esim for paris and switzerland",1,3,"de-DE|en-AU|en-GB|en-SG|en-US","esim for paris"
"esim for peru and brazil",1,3,"de-DE|en-GB|en-SG|en-US","esim for peru"
"esim for peru claro",1,3,"de-DE|en-AU|en-GB|en-SG|en-US","esim for peru"
"esim for poland and germany",1,3,"en-AU|en-GB|en-SG|en-US","esim for poland"
"esim for poland with phone number",1,3,"de-DE|en-AU|en-GB|en-SG|en-US","esim for poland"
"esim for portugal travel",1,3,"de-DE|en-AU|en-GB|en-SG|en-US","esim for portugal"
"esim for prague and budapest",1,3,"de-DE|en-GB|en-SG|en-US","esim for prague"
"esim for prague reddit",1,3,"de-DE|en-AU|en-GB|en-SG|en-US","esim for prague"
"esim for qatar reddit",1,3,"de-DE|en-AU|en-GB|en-SG|en-US","esim for qatar"
"esim for qatar tourist",1,3,"de-DE|en-AU|en-GB|en-SG|en-US","esim for qatar"
"esim for saudi arabia from canada",1,3,"de-DE|en-AU|en-GB|en-SG|en-US","esim for saudi arabia"
"esim for seoul and tokyo",1,3,"de-DE|en-AU|en-GB|en-SG|en-US","esim for seoul"
"esim for shanghai and hong kong",1,3,"de-DE|en-US","esim for shanghai"
"esim for singapore and bali",1,3,"en-AU|en-GB|en-SG|en-US","esim for singapore"
"esim for singapore and vietnam",1,3,"en-AU|en-GB|en-SG|en-US","esim for singapore"
"esim for south africa from australia",1,3,"de-DE|en-AU|en-GB|en-SG|en-US","esim for south africa"
"esim for spain and france",1,3,"de-DE|en-AU|en-GB|en-SG|en-US","esim for spain"
"esim for spain france and italy",1,3,"en-US","esim for france and italy"
"esim for spain from uk",1,3,"de-DE|en-AU|en-GB|en-SG","esim for spain"
"esim for students canada",1,3,"de-DE|en-AU|en-GB|en-SG|en-US","esim for students"
"esim for switzerland cheap",1,3,"de-DE","esim for switzerland"
"esim for switzerland reddit",1,3,"de-DE|en-AU|en-GB|en-SG|en-US","esim for switzerland"
"esim for taiwan reddit",1,3,"de-DE|en-AU|en-GB|en-SG|en-US","esim for taiwan"
"esim for taiwan trip",1,3,"de-DE","esim for taiwan"
"esim for thailand from australia",1,3,"en-AU","esim for thailand"
"esim for thailand unlimited data",1,3,"de-DE|en-AU|en-GB|en-SG|en-US","esim for thailand"
"esim for tokyo and osaka",1,3,"de-DE|en-AU|en-GB|en-SG|en-US","esim for tokyo"
"esim for tourists in canada",1,3,"de-DE|en-AU|en-GB|en-SG|en-US","esim for tourists"
"esim for turkey holiday",1,3,"en-AU|en-GB|en-SG|en-US","esim for turkey"
"esim for turkey travel",1,3,"de-DE|en-GB|en-SG|en-US","esim for turkey"
"esim for turkey turkcell",1,3,"de-DE","esim for turkey"
"esim for uae and saudi arabia",1,3,"de-DE|en-AU|en-GB|en-SG|en-US","esim for uae"
"esim for uk and ireland",1,3,"en-AU|en-GB|en-SG|en-US","esim for uk"
"esim for uk mobile number",1,3,"de-DE","esim for uk"
"esim for us travel",1,3,"en-AU|en-GB|en-SG|en-US","esim for us"
"esim for usa travel from europe",1,3,"en-US","esim for usa and europe"
"esim for use in china",1,3,"en-AU|en-SG","esim for us"
"esim for vienna and budapest",1,3,"de-DE|en-AU|en-GB|en-SG|en-US","esim for vienna"
"esim for vietnam and japan",1,3,"de-DE|en-AU|en-GB|en-SG|en-US","esim for vietnam"
"esim france iphone 17",1,3,"de-DE|en-US","esim france for iphone"
"esim france prepaid",1,3,"de-DE","esim france"
"esim france reddit",1,3,"en-AU|en-GB|en-SG|en-US","esim france"
"esim france with phone number",1,3,"en-AU|en-GB|en-SG|en-US","esim france"
"esim free trial 30 days",1,3,"de-DE|en-AU|en-GB|en-SG|en-US","esim free trial"
"esim für great britain",1,3,"de-DE","esim britain"
"esim für las vegas",1,3,"de-DE","esim for las vegas"
"esim georgia magti",1,3,"en-AU|en-GB|en-SG","esim georgia"
"esim georgien armenien",1,3,"de-DE","esim georgia"
"esim germany cost",1,3,"en-SG","esim germany price"
"esim germany internet",1,3,"de-DE|en-AU|en-GB|en-SG|en-US","esim germany"
"esim germany reddit",1,3,"en-AU|en-GB|en-SG|en-US","esim germany"
"esim germany travel reddit",1,3,"en-US","esim germany tourist"
"esim germany with number",1,3,"de-DE|en-AU|en-GB|en-SG|en-US","esim germany"
"esim greece and italy",1,3,"en-AU","esim greece"
"esim greece internet",1,3,"en-AU|en-GB|en-SG|en-US","esim greece"
"esim greece unlimited",1,3,"de-DE","esim greece"
"esim hawaii reddit",1,3,"en-US","esim hawaii"
"esim hawaii usa",1,3,"de-DE|en-US","esim hawaii"
"esim high latency",1,3,"de-DE|en-AU|en-GB|en-SG|en-US","esim latency"
"esim hong kong holafly",1,3,"de-DE","esim hong kong"
"esim hong kong iphone 16",1,3,"de-DE|en-US","esim hong kong for iphone"
"esim hong kong reddit",1,3,"de-DE|en-AU|en-GB|en-SG|en-US","esim hong kong"
"esim hongkong macao",1,3,"de-DE","esim macao"
"esim hotspot free trial",1,3,"en-AU|en-GB|en-SG|en-US","esim hotspot"
"esim hotspot geben",1,3,"de-DE","esim hotspot"
"esim iceland and europe",1,3,"en-AU|en-GB|en-SG|en-US","esim iceland"
"esim incheon airport price",1,3,"en-US","esim korea airport"
"esim india 5g",1,3,"de-DE","esim india"
"esim india airtel",1,3,"de-DE|en-AU|en-GB|en-SG|en-US","esim india"
"esim india iphone 17",1,3,"de-DE|en-US","esim india for iphone"
"esim indonesia best price",1,3,"de-DE|en-AU|en-GB|en-SG|en-US","esim indonesia price"
"esim indonesia reddit",1,3,"en-AU|en-GB|en-SG|en-US","esim indonesia"
"esim indonesien vergleich",1,3,"de-DE","esim indonesia"
"esim iphone 15 japan",1,3,"de-DE","esim japan for iphone"
"esim ireland comparison",1,3,"de-DE","esim ireland"
"esim ireland with phone number",1,3,"en-AU|en-GB|en-SG|en-US","esim ireland"
"esim israel partner",1,3,"en-AU|en-GB|en-SG|en-US","esim israel"
"esim israel reddit",1,3,"en-AU|en-GB|en-SG|en-US","esim israel"
"esim israel tourist",1,3,"de-DE","esim israel"
"esim istanbul turkey",1,3,"en-AU|en-GB|en-SG|en-US","esim istanbul"
"esim italia iphone",1,3,"en-US","esim italy for iphone"
"esim italia prepaid",1,3,"de-DE","esim italy"
"esim italy unlimited internet",1,3,"en-US","esim italy unlimited"
"esim italy with calls",1,3,"en-AU","esim italy"
"esim japan 10g",1,3,"en-US","esim japan 10gb"
"esim japan from australia",1,3,"en-AU","esim japan"
"esim japan narita airport",1,3,"de-DE|en-US","esim japan airport"
"esim japan rates",1,3,"en-AU|en-GB|en-SG|en-US","esim japan price"
"esim japan reddit australia",1,3,"en-US","esim japan reddit"
"esim japan reddit ubigi",1,3,"de-DE|en-US","esim japan reddit"
"esim japan speed test",1,3,"de-DE|en-AU|en-GB|en-SG|en-US","esim speed test"
"esim japan unbegrenzt",1,3,"de-DE","esim japan"
"esim japan unlimited data reddit",1,3,"en-US","esim japan unlimited"
"esim kanada iphone 12",1,3,"de-DE","esim canada for iphone"
"esim kenya maya",1,3,"de-DE","esim kenya"
"esim korea cheap",1,3,"en-AU|en-GB|en-SG|en-US","esim korea price"
"esim korea iphone 16",1,3,"de-DE|en-US","esim korea for iphone"
"esim korea mit telefonnummer",1,3,"de-DE","esim korea"
"esim korean",1,3,"en-AU|en-GB|en-SG|en-US","esim korea"
"esim london and paris",1,3,"en-US","esim london"
"esim london tourist",1,3,"de-DE|en-US","esim london"
"esim london uk reddit",1,3,"de-DE","esim uk reddit"
"esim macau 1 day",1,3,"en-AU|en-GB|en-SG|en-US","esim macao"
"esim malaysia erfahrungen",1,3,"de-DE","esim malaysia"
"esim malaysia travel",1,3,"en-AU","esim malaysia"
"esim malaysia trip.com",1,3,"en-GB|en-SG|en-US","esim malaysia"
"esim maldives 7 days",1,3,"en-US","esim maldives"
"esim mexico iphone 17",1,3,"de-DE|en-US","esim mexico for iphone"
"esim mexiko erfahrungen",1,3,"de-DE","esim mexico"
"esim miami and caribbean",1,3,"de-DE|en-US","esim miami"
"esim morocco 7 days",1,3,"en-AU|en-GB|en-SG|en-US","esim morocco"
"esim morocco vodafone",1,3,"de-DE","esim morocco"
"esim netherlands with number",1,3,"de-DE|en-AU|en-GB|en-SG|en-US","esim netherlands"
"esim network philippines",1,3,"en-US","esim coverage in philippines"
"esim new delhi",1,3,"en-AU|en-GB|en-SG|en-US","esim delhi"
"esim new york tourist",1,3,"de-DE|en-US","esim new york"
"esim new york vergleich",1,3,"de-DE","esim new york"
"esim new zealand 7 days",1,3,"en-AU|en-GB|en-SG|en-US","esim new zealand"
"esim new zealand tourist",1,3,"de-DE","esim new zealand"
"esim no contract australia",1,3,"de-DE|en-AU|en-GB|en-SG|en-US","esim no contract"
"esim nz data",1,3,"de-DE|en-AU|en-GB|en-SG|en-US","esim nz"
"esim nz tourist",1,3,"de-DE","esim nz"
"esim or chinese sim",1,3,"en-US","esim china vs sim"
"esim paris airalo",1,3,"de-DE|en-AU|en-GB|en-SG|en-US","esim paris"
"esim peru best",1,3,"en-AU|en-GB|en-SG|en-US","esim peru"
"esim peru precio",1,3,"en-AU|en-GB|en-SG|en-US","esim peru price"
"esim peru vodafone",1,3,"de-DE","esim peru"
"esim philippines unlimited",1,3,"de-DE","esim philippines"
"esim phone calls not working",1,3,"en-AU|en-GB|en-SG|en-US","esim voice calls"
"esim phuket reddit",1,3,"de-DE|en-US","esim phuket"
"esim plans canada",1,3,"de-DE|en-GB|en-SG","esim plans"
"esim plans europe",1,3,"en-AU","esim plans"
"esim plans for europe",1,3,"de-DE|en-GB|en-SG|en-US","esim plans"
"esim plans uk ee",1,3,"de-DE|en-US","esim uk plans"
"esim poland reddit",1,3,"en-AU|en-GB|en-SG|en-US","esim poland"
"esim poland unlimited",1,3,"de-DE","esim poland"
"esim portugal mit telefonnummer",1,3,"de-DE","esim portugal"
"esim prepaid att",1,3,"en-US","esim prepaid"
"esim prepaid card",1,3,"en-SG","esim prepaid"
"esim prepaid plans australia",1,3,"en-AU","esim prepaid"
"esim prepaid sofort kostenlos",1,3,"de-DE","esim prepaid"
"esim promo code nomad",1,3,"de-DE|en-AU|en-GB|en-SG|en-US","esim promo code"
"esim promo code trip com",1,3,"en-AU|en-GB|en-SG|en-US","esim promo code"
"esim qatar doha",1,3,"de-DE","esim qatar"
"esim qatar visitor",1,3,"en-US","esim qatar tourist"
"esim qr speed test",1,3,"de-DE|en-AU|en-GB|en-SG|en-US","esim speed test"
"esim roaming arab saudi",1,3,"en-US","roami esim saudi arabia"
"esim roaming indonesia murah",1,3,"en-US","roami esim indonesia"
"esim saudi arabia airalo",1,3,"de-DE","esim saudi arabia"
"esim saudi arabia cheapest",1,3,"en-AU|en-GB|en-SG|en-US","esim saudi arabia"
"esim saudi arabia travel",1,3,"en-US","esim saudi arabia tourist"
"esim schweiz",1,3,"de-DE","esim"
"esim schweiz unlimited",1,3,"en-US","esim switzerland unlimited"
"esim seoul and japan",1,3,"de-DE|en-AU|en-GB|en-SG|en-US","esim seoul"
"esim seoul reddit",1,3,"de-DE|en-AU|en-GB|en-SG|en-US","esim seoul"
"esim singapore 3 days",1,3,"de-DE","esim singapore"
"esim singapore for 3 days",1,3,"de-DE|en-AU|en-GB|en-SG|en-US","esim for 3 days"
"esim singapore singtel",1,3,"en-GB|en-SG|en-US","esim singapore"
"esim singapore thailand",1,3,"en-AU","esim singapore"
"esim sms kommen nicht an 1&1",1,3,"de-DE","esim sms"
"esim sms receive",1,3,"en-AU|en-GB|en-SG|en-US","esim sms"
"esim south africa calls and data",1,3,"de-DE|en-AU","esim south africa"
"esim southeast asia klook",1,3,"de-DE|en-AU|en-GB|en-SG|en-US","esim southeast asia"
"esim spain france italy",1,3,"de-DE","esim for france and italy"
"esim spain unlimited",1,3,"de-DE","esim spain"
"esim spain unlimited data reddit",1,3,"de-DE|en-US","esim spain unlimited"
"esim spain unlimited internet",1,3,"en-US","esim spain unlimited"
"esim speed slow",1,3,"de-DE|en-AU|en-GB|en-SG|en-US","esim speed"
"esim switzerland best price",1,3,"de-DE|en-AU|en-GB|en-SG|en-US","esim switzerland price"
"esim switzerland prepaid",1,3,"de-DE|en-AU|en-GB|en-SG|en-US","esim switzerland"
"esim taipei reddit",1,3,"de-DE|en-AU|en-GB|en-SG|en-US","esim taipei"
"esim taiwan airport",1,3,"en-AU|en-GB|en-SG|en-US","esim taiwan"
"esim taiwan trip com",1,3,"de-DE","esim taiwan"
"esim thailand 10 days",1,3,"en-AU","esim thailand"
"esim thailand 14 tage",1,3,"de-DE","esim thailand"
"esim thailand 30 days",1,3,"de-DE|en-AU|en-GB|en-SG|en-US","esim thailand"
"esim thailand bangkok airport",1,3,"de-DE|en-US","esim thailand airport"
"esim thailand iphone 15",1,3,"de-DE|en-US","esim thailand for iphone"
"esim thailand singapore",1,3,"en-SG","esim thailand"
"esim thailand tourist dtac",1,3,"de-DE|en-US","esim thailand tourist"
"esim thailand unlimited data 30 days",1,3,"de-DE|en-US","esim thailand unlimited"
"esim tokyo unlimited data",1,3,"de-DE|en-AU|en-GB|en-SG|en-US","esim tokyo"
"esim top up vodafone",1,3,"de-DE|en-AU|en-GB|en-SG|en-US","esim top up"
"esim tourist maroc telecom",1,3,"en-US","esim morocco tourist"
"esim travel portugal and europe",1,3,"en-US","esim portugal tourist"
"esim turkey and greece",1,3,"en-AU","esim turkey"
"esim turkey best price",1,3,"de-DE|en-AU|en-GB|en-SG|en-US","esim turkey price"
"esim turkey sms",1,3,"de-DE","esim turkey"
"esim turkey uk",1,3,"en-AU|en-GB|en-SG|en-US","esim turkey"
"esim uae data",1,3,"en-AU|en-GB|en-SG|en-US","esim uae"
"esim uae oman",1,3,"de-DE","esim for uae"
"esim uae unlimited",1,3,"de-DE","esim uae"
"esim uk and ireland",1,3,"en-AU|en-US","esim uk"
"esim uk cheap",1,3,"en-AU|en-GB|en-SG|en-US","esim uk price"
"esim uk unlimited calls",1,3,"de-DE|en-US","esim uk unlimited"
"esim usa aktivieren iphone",1,3,"de-DE","esim usa for iphone"
"esim usa from canada",1,3,"en-GB|en-SG","esim usa"
"esim usa mexiko",1,3,"de-DE","best esim for usa and mexico"
"esim usa prepaid plans",1,3,"de-DE|en-US","esim usa plans"
"esim usa tourist verizon",1,3,"de-DE|en-US","esim usa tourist"
"esim usa unlimited data hotspot",1,3,"de-DE|en-US","esim usa unlimited"
"esim usa voice calls",1,3,"de-DE","esim voice calls"
"esim vienna reddit",1,3,"de-DE|en-AU|en-GB|en-SG|en-US","esim vienna"
"esim vietnam and cambodia",1,3,"en-AU|en-GB|en-SG","esim vietnam"
"esim vietnam singapore",1,3,"en-SG","esim vietnam"
"esim vietnam with phone number",1,3,"en-AU|en-GB|en-SG|en-US","esim vietnam"
"esim vs local sim philippines",1,3,"de-DE","esim philippines vs sim"
"esim vs physical sim australia reddit",1,3,"de-DE|en-US","esim australia vs sim"
"esim vs physical sim canada reddit",1,3,"de-DE|en-US","esim canada vs sim"
"esim vs physical sim india reddit",1,3,"de-DE|en-US","esim india vs sim"
"esim vs physical sim korea",1,3,"de-DE|en-US","esim korea vs sim"
"esim vs physical sim singapore reddit",1,3,"de-DE|en-US","esim singapore vs sim"
"esim vs physical sim taiwan",1,3,"de-DE|en-US","esim taiwan vs sim"
"esim vs physical sim uk reddit",1,3,"de-DE|en-US","esim uk vs sim"
"esim vs pocket wifi japan reddit",1,3,"de-DE|en-AU|en-GB|en-SG|en-US","esim vs pocket wifi"
"esim vs sim stromverbrauch",1,3,"de-DE","esim vs sim"
"esim with phone number japan",1,3,"de-DE|en-AU|en-GB|en-SG|en-US","esim with phone number"
"esim with phone number turkey",1,3,"de-DE","esim with phone number"
"esim with phone number uk",1,3,"de-DE|en-AU|en-GB|en-SG|en-US","esim with phone number"
"esim worldwide apple",1,3,"en-AU|en-GB|en-SG|en-US","esim world"
"esim worldwide data",1,3,"de-DE|en-AU|en-GB|en-SG|en-US","esim world"
"esim ägypten vergleich",1,3,"de-DE","esim egypt"
"esim.for belgium and germany",1,3,"en-AU|en-GB|en-SG|en-US","esim for belgium"
"esimpro berlin",1,3,"de-DE","berlin esim"
"etisalat egypt esim tourist",1,3,"de-DE|en-US","esim egypt tourist"
"etisalat esim price uae",1,3,"de-DE|en-AU|en-GB|en-SG|en-US","esim uae price"
"europe esim unlimited data and calls",1,3,"de-DE|en-GB|en-SG|en-US","europe esim unlimited"
"europe esim unlimited data reddit",1,3,"de-DE|en-AU|en-GB|en-SG|en-US","europe esim unlimited"
"france data sim card for tourist",1,3,"en-AU|en-GB|en-SG|en-US","france sim card for tourists"
"france prepaid esim card",1,3,"de-DE|en-US","france esim card"
"french e sim card",1,3,"en-US","france esim card"
"global esim vergleich",1,3,"de-DE","global esim"
"greece internet esim card",1,3,"de-DE|en-US","greece esim card"
"holafly china unlimited data esim",1,3,"de-DE|en-US","unlimited data esim china"
"holafly esim abu dhabi",1,3,"en-US","holafly esim uae"
"holafly esim argentine",1,3,"en-US","holafly esim argentina"
"holafly esim australia reddit",1,3,"de-DE|en-US","holafly esim australia"
"holafly esim brazilie",1,3,"de-DE|en-US","holafly esim brazil"
"holafly esim china erfahrungen",1,3,"de-DE","holafly esim china"
"holafly esim cost",1,3,"en-US","holafly esim price"
"holafly esim data plans",1,3,"de-DE|en-AU|en-GB|en-SG|en-US","holafly esim plans"
"holafly esim egypt hotspot",1,3,"de-DE|en-US","holafly esim egypt"
"holafly esim for china review",1,3,"de-DE|en-US","esim for china review"
"holafly esim hong kong macau",1,3,"de-DE|en-US","holafly esim hong kong"
"holafly esim india reddit",1,3,"de-DE|en-US","holafly esim india"
"holafly esim japan not working",1,3,"de-DE|en-US","holafly esim japan"
"holafly esim korea review",1,3,"de-DE|en-US","holafly esim korea"
"holafly esim kuala lumpur",1,3,"de-DE|en-AU|en-GB|en-SG|en-US","esim kuala lumpur"
"holafly esim las vegas",1,3,"de-DE|en-US","esim las vegas"
"holafly esim mexiko not working",1,3,"de-DE","holafly esim mexico"
"holafly esim not working",1,3,"en-GB|en-SG|en-US","holafly esim"
"holafly esim not working in philippines",1,3,"de-DE|en-US","holafly esim philippines"
"holafly esim not working in singapore",1,3,"de-DE|en-US","holafly esim singapore"
"holafly esim not working in switzerland",1,3,"de-DE|en-US","holafly esim switzerland"
"holafly esim not working indonesia",1,3,"de-DE|en-US","holafly esim indonesia"
"holafly esim not working taiwan",1,3,"de-DE|en-US","holafly esim taiwan"
"holafly esim para argentina",1,3,"de-DE","holafly esim argentina"
"holafly esim para colombia",1,3,"de-DE|en-US","holafly esim colombia"
"holafly esim review china",1,3,"de-DE|en-AU|en-GB|en-SG|en-US","holafly esim review"
"holafly esim review peru",1,3,"de-DE","holafly esim review"
"holafly esim reviews costa rica",1,3,"de-DE","holafly esim costa rica"
"holafly esim spain and portugal",1,3,"de-DE|en-US","holafly esim spain"
"holafly esim türkei",1,3,"de-DE","holafly esim"
"holafly esim uk and europe",1,3,"de-DE|en-US","holafly esim uk"
"holafly esim unlimited data limit",1,3,"en-US","holafly esim unlimited"
"holafly esim unlimited hotspot",1,3,"de-DE|en-US","holafly esim unlimited"
"holafly esim usa telefonieren",1,3,"de-DE","holafly esim usa"
"holafly esim usa unlimited data",1,3,"de-DE|en-US","holafly esim usa"
"holafly esim vietnam reviews",1,3,"de-DE","holafly esim vietnam"
"holafly esim voucher code",1,3,"en-AU|en-GB|en-SG|en-US","holafly esim promo code"
"holafly irish esim",1,3,"en-US","holafly esim ireland"
"holafly italy esim",1,3,"en-US","holafly esim italy"
"holafly vs airalo esim europe",1,3,"de-DE|en-US","holafly esim vs airalo"
"holland america esim",1,3,"en-AU|en-GB|en-SG|en-US","holland esim"
"hong kong esim tourist reddit",1,3,"de-DE|en-US","esim hong kong tourist"
"hong kong sim card for travellers",1,3,"en-AU|en-GB|en-SG|en-US","hong kong sim card for tourists"
"how can i get an esim for morocco",1,3,"de-DE","how to get an esim for morocco"
"how can i get an esim in south africa",1,3,"de-DE","how to get an esim for south africa"
"how do i get an esim for portugal",1,3,"de-DE","how to get an esim for portugal"
"how many international airports in france",1,3,"en-US","esim france airport"
"how much is a sim card in kenya",1,3,"en-AU|en-GB|en-SG|en-US","kenya sim card for tourists"
"how much is a sim card in qatar",1,3,"en-AU|en-GB|en-SG|en-US","qatar sim card for tourists"
"how to activate esim for hong kong",1,3,"de-DE|en-US","how to get an esim for hong kong"
"how to activate esim in iphone 13",1,3,"de-DE","how to activate esim"
"how to activate esim on iphone 17",1,3,"de-DE|en-AU|en-GB|en-SG|en-US","how to activate esim"
"how to activate esim optus",1,3,"en-AU","how to activate esim"
"how to activate esim singtel",1,3,"en-SG","how to activate esim"
"how to apply esim malaysia",1,3,"en-US","how to get an esim for malaysia"
"how to buy an esim for south korea",1,3,"en-US","how to get an esim for korea"
"how to buy esim for singapore from india",1,3,"en-US","how to get an esim for singapore"
"how to buy esim for thailand from india",1,3,"en-US","how to get an esim for thailand"
"how to buy esim online for vietnam",1,3,"en-US","how to get an esim for vietnam"
"how to buy ubigi esim for japan",1,3,"en-US","how to get an esim for japan"
"how to find your esim",1,3,"en-US","how to get an esim for fiji"
"how to get a vodafone esim uk",1,3,"de-DE","how to get an esim for uk"
"how to get an australian esim number",1,3,"de-DE","how to get an esim for australia"
"how to get an esim for iphone in india",1,3,"de-DE|en-US","how to get an esim for india"
"how to get an esim for iphone uk",1,3,"de-DE|en-US","how to get an esim for uk"
"how to get e sim turkey",1,3,"en-US","how to get an esim for turkey"
"how to get esim bell canada",1,3,"de-DE|en-US","how to get an esim for canada"
"how to get esim for india travel",1,3,"de-DE|en-US","how to get an esim for india"
"how to get esim for iphone italy",1,3,"de-DE|en-US","how to get an esim for italy"
"how to get esim for usa travel",1,3,"en-US","how to get an esim for usa"
"how to get esim in uae etisalat",1,3,"de-DE|en-US","how to get an esim for uae"
"how to get esim orange egypt",1,3,"de-DE|en-US","how to get an esim for egypt"
"how to get esim philippines globe",1,3,"de-DE|en-US","how to get an esim for philippines"
"how to get esim spanish number",1,3,"en-US","how to get an esim for spain"
"how to get esim vodafone germany",1,3,"de-DE|en-US","how to get an esim for germany"
"how to get esim with japanese phone number",1,3,"de-DE|en-US","how to get an esim for japan"
"how to get esim with korean phone number",1,3,"de-DE|en-US","how to get an esim for korea"
"how to get orange esim france",1,3,"de-DE|en-US","how to get an esim for france"
"how to install esim on samsung",1,3,"de-DE|en-AU|en-GB|en-SG|en-US","how to install esim"
"how to make esim du",1,3,"en-AU|en-GB|en-SG|en-US","which esim is best for croatia"
"how to port esim",1,3,"en-US","jetpac esim portugal"
"how to purchase an esim for usa",1,3,"de-DE","how to get an esim for usa"
"how to use esim for hong kong",1,3,"en-US","how to get an esim for hong kong"
"hur fungerar esim",1,3,"en-US","jetpac esim costa rica"
"i need an esim for italy",1,3,"en-US","do i need an esim for italy"
"i need an esim for turkey",1,3,"en-US","do i need an esim for turkey"
"india prepaid esim card",1,3,"de-DE|en-US","india esim card"
"india prepaid sim card for tourist",1,3,"en-AU|en-GB|en-SG|en-US","india sim card for tourists"
"indian sim card for travellers",1,3,"en-US","india sim card for tourists"
"indonesia international airport iata code",1,3,"en-US","esim indonesia airport"
"indonesia sim card registration tourist",1,3,"en-AU|en-GB|en-SG|en-US","indonesia sim card for tourists"
"international esim mexico",1,3,"de-DE","international esim"
"international esim with talk and text",1,3,"de-DE|en-AU|en-GB|en-SG|en-US","international esim"
"international roaming esim canada",1,3,"en-US","roami esim canada"
"international roaming esim india",1,3,"en-US","roami esim india"
"iphone esim transfer not supported",1,3,"en-US","yesim esim peru"
"irish e sim card",1,3,"en-US","ireland esim card"
"is airalo esim good in europe",1,3,"de-DE|en-US","is airalo esim good"
"is esim allowed in hong kong",1,3,"en-US","is esim available in hong kong"
"is esim available in china now",1,3,"de-DE","is esim available in china"
"is esim worth it in japan",1,3,"de-DE|en-AU|en-GB|en-SG|en-US","is esim worth it"
"is gomo esim available in philippines",1,3,"de-DE|en-US","is esim available in philippines"
"is jetpac esim good in india",1,3,"de-DE","is jetpac esim good"
"is jetpac esim good in japan",1,3,"de-DE|en-US","is jetpac esim good"
"is nomad esim good for japan",1,3,"de-DE|en-US","is nomad esim good"
"is nomad esim good for saudi arabia",1,3,"de-DE|en-US","nomad esim saudi arabia"
"is nomad esim good in costa rica",1,3,"de-DE|en-US","nomad esim costa rica"
"is poland in europe for travel insurance",1,3,"en-US","esim poland tourist"
"is roamic esim good reddit",1,3,"de-DE|en-US","is roamic esim good"
"is saily esim good for china",1,3,"de-DE|en-US","is saily esim good"
"is saily good esim for japan",1,3,"de-DE","is saily esim good"
"is there a starbucks in iceland airport",1,3,"en-US","esim iceland airport"
"is there esim in iphone xr",1,3,"en-AU|en-GB|en-SG|en-US","which esim is best for costa rica"
"is ubigi esim good for morocco",1,3,"de-DE|en-US","is ubigi esim good"
"italy esim card unlimited data",1,3,"de-DE|en-US","italy esim card"
"japan esim australia reddit",1,3,"en-US","esim australia reddit"
"japan esim card with phone number",1,3,"de-DE|en-US","japan esim card"
"japan esim or sim card",1,3,"en-US","esim japan vs sim"
"japan esim tourist airalo",1,3,"de-DE|en-US","esim japan tourist"
"japan esim tourist unlimited data",1,3,"en-US","esim japan tourist"
"japan sim card for tourist australia",1,3,"en-AU|en-GB|en-SG|en-US","japan sim card for tourists"
"japanese esim price",1,3,"en-AU|en-GB|en-US","esim japan price"
"jet pack esim usa",1,3,"en-US","jetpac esim usa"
"jetpac esim australia reddit",1,3,"de-DE|en-US","jetpac esim australia"
"jetpac esim china",1,3,"de-DE|en-AU|en-GB|en-SG|en-US","jetpac esim"
"jetpac esim china vpn",1,3,"en-US","jetpac esim china"
"jetpac esim españa",1,3,"en-US","jetpac esim spain"
"jetpac esim kanada",1,3,"de-DE","jetpac esim"
"jetpac esim mexico telcel",1,3,"en-US","jetpac esim mexico"
"jetpac esim new zealand",1,3,"en-AU|en-GB|en-SG","jetpac esim"
"jetpac esim promo code",1,3,"en-AU|en-GB|en-SG|en-US","jetpac esim"
"jetpac esim review australia",1,3,"de-DE|en-AU|en-GB|en-SG|en-US","jetpac esim review"
"jetpac esim review china",1,3,"de-DE|en-AU|en-GB|en-SG|en-US","jetpac esim review"
"jetpac esim suisse",1,3,"en-US","jetpac esim switzerland"
"jetpac esim uk reddit",1,3,"de-DE|en-US","jetpac esim uk"
"jetpac esim voucher code",1,3,"en-AU|en-GB|en-SG|en-US","jetpac esim promo code"
"jetpac global esim japan",1,3,"de-DE|en-US","jetpac esim japan"
"jetpac global esim promo code",1,3,"de-DE|en-AU|en-GB|en-SG|en-US","jetpac esim promo code"
"jetpack esim italy",1,3,"en-US","jetpac esim italy"
"jetpack esim japan",1,3,"en-US","jetpac esim japan"
"jetpack esim new zealand",1,3,"en-US","jetpac esim new zealand"
"jetpack esim thailand",1,3,"en-US","jetpac esim thailand"
"jio esim india plans",1,3,"de-DE|en-US","esim india plans"
"jio esim india price",1,3,"de-DE|en-AU|en-GB|en-SG|en-US","esim india price"
"kenya esim prices",1,3,"de-DE","esim kenya price"
"kenya vs tanzania development",1,3,"en-US","best esim for kenya and tanzania"
"klook esim hong kong price",1,3,"de-DE|en-AU|en-GB|en-SG|en-US","esim hong kong price"
"klook esim malaysia price",1,3,"de-DE|en-AU|en-GB|en-SG|en-US","esim malaysia price"
"korea esim card unlimited data",1,3,"de-DE|en-US","korea esim card"
"korea sim card for tourist reddit",1,3,"en-AU|en-GB|en-SG|en-US","korea sim card for tourists"
"korean esim price",1,3,"en-SG","esim korea price"
"ksa esim data",1,3,"de-DE|en-AU|en-GB|en-SG|en-US","ksa esim"
"ksa esim tourist",1,3,"en-AU|en-GB|en-SG|en-US","ksa esim"
"kuala lumpur esim klook",1,3,"de-DE|en-AU|en-GB|en-SG|en-US","kuala lumpur esim"
"lebara esim netherlands reddit",1,3,"de-DE|en-US","esim netherlands reddit"
"lebara esim spain price",1,3,"de-DE|en-AU|en-GB|en-SG|en-US","esim spain price"
"magenta austria esim tourist",1,3,"de-DE|en-US","esim austria tourist"
"malaysia esim tourist hotlink",1,3,"de-DE|en-US","esim malaysia tourist"
"malaysia sim card for tourist airport",1,3,"en-AU|en-GB|en-SG|en-US","malaysia sim card for tourists"
"maroc telecom sim card for tourist",1,3,"en-AU|en-GB|en-SG|en-US","morocco sim card for tourists"
"marrakech esim reddit",1,3,"de-DE|en-AU|en-GB|en-SG|en-US","marrakech esim"
"matrix esim for vietnam review",1,3,"de-DE|en-US","esim for vietnam review"
"meo portugal esim tourist",1,3,"de-DE|en-US","esim portugal tourist"
"mexico airport codes list",1,3,"en-US","esim mexico airport"
"mexico esim data plans",1,3,"de-DE|en-US","esim mexico plans"
"mobifone vietnam esim tourist",1,3,"de-DE|en-US","esim vietnam tourist"
"mobily esim price",1,3,"en-US","jetpac esim saudi arabia"
"mobimatter esim indonesia reddit",1,3,"de-DE","esim indonesia reddit"
"movistar esim lima",1,3,"de-DE|en-AU|en-GB|en-SG|en-US","lima esim"
"movistar esim spain tourist",1,3,"en-US","esim spain tourist"
"movistar spain esim card",1,3,"de-DE|en-US","spain esim card"
"netherlands sim card for tourist price",1,3,"en-AU|en-GB|en-SG|en-US","netherlands sim card for tourists"
"new zealand sim card esim",1,3,"de-DE|en-US","new zealand esim card"
"new zealand sim card for tourist price",1,3,"en-AU|en-GB|en-SG|en-US","new zealand sim card for tourists"
"new zealand travel esim card",1,3,"de-DE|en-US","new zealand esim card"
"nomad esim abu dhabi",1,3,"en-US","nomad esim uae"
"nomad esim brazilie",1,3,"de-DE|en-US","nomad esim brazil"
"nomad esim china",1,3,"de-DE|en-AU|en-GB|en-SG|en-US","nomad esim"
"nomad esim china firewall",1,3,"de-DE|en-US","nomad esim china"
"nomad esim cost",1,3,"en-US","nomad esim price"
"nomad esim coverage japan",1,3,"de-DE|en-AU|en-GB|en-SG|en-US","nomad esim coverage"
"nomad esim espana",1,3,"en-US","nomad esim spain"
"nomad esim europe",1,3,"en-AU|en-GB|en-SG|en-US","nomad esim"
"nomad esim india not working",1,3,"de-DE|en-US","nomad esim india"
"nomad esim italia",1,3,"en-US","nomad esim italy"
"nomad esim maroc",1,3,"en-US","nomad esim morocco"
"nomad esim mexico city",1,3,"de-DE|en-US","nomad esim mexico"
"nomad esim oceania",1,3,"de-DE","esim oceania"
"nomad esim philippines erfahrungen",1,3,"de-DE|en-US","nomad esim philippines"
"nomad esim plan not started",1,3,"en-AU|en-GB|en-SG|en-US","nomad esim plans"
"nomad esim promo code add on",1,3,"de-DE|en-AU|en-GB|en-SG|en-US","nomad esim promo code"
"nomad esim promo code for existing users",1,3,"en-AU|en-GB|en-SG|en-US","nomad esim promo code"
"nomad esim promo code reddit",1,3,"en-AU|en-GB|en-SG|en-US","nomad esim promo code"
"nomad esim review vietnam",1,3,"de-DE","nomad esim review"
"nomad esim reviews europe",1,3,"en-US","nomad esim review"
"nomad esim singapore review",1,3,"de-DE|en-US","nomad esim singapore"
"nomad esim swiss",1,3,"en-US","nomad esim switzerland"
"nomad esim turkey not working",1,3,"de-DE|en-US","nomad esim turkey"
"nomad esim uk and europe",1,3,"de-DE|en-US","nomad esim uk"
"nomad esim uk network",1,3,"de-DE|en-US","nomad esim uk"
"nomad esim unlimited hotspot",1,3,"de-DE|en-US","nomad esim unlimited"
"nomad esim usa promo code",1,3,"de-DE|en-US","nomad esim usa"
"nomad esim vietnam and cambodia",1,3,"de-DE|en-US","nomad esim vietnam"
"nomad esim vietnam erfahrungen",1,3,"de-DE|en-US","nomad esim vietnam"
"nomad esim vs airalo japan",1,3,"de-DE|en-US","nomad esim vs airalo"
"nomad esim.french polynesia",1,3,"en-US","nomad esim france"
"north america esim unlimited",1,3,"de-DE","esim north america"
"nos portugal esim card",1,3,"de-DE|en-US","portugal esim card"
"o2 esim uk tourist",1,3,"de-DE","esim uk tourist"
"oceania esim maya",1,3,"de-DE|en-AU|en-GB|en-SG|en-US","esim oceania"
"orange egypt esim card",1,3,"de-DE|en-US","egypt esim card"
"orange esim egypt price",1,3,"de-DE|en-AU|en-GB|en-SG|en-US","esim egypt price"
"orange esim france price",1,3,"de-DE|en-AU|en-GB|en-SG|en-US","esim france price"
"orange esim france reddit",1,3,"de-DE|en-US","esim france reddit"
"orange esim morocco reddit",1,3,"de-DE|en-US","esim morocco reddit"
"orange morocco esim tourist",1,3,"de-DE|en-US","esim morocco tourist"
"paris esim with phone number",1,3,"en-AU|en-GB|en-SG|en-US","paris esim"
"personal argentina esim card",1,3,"de-DE|en-US","argentina esim card"
"philippines esim tourist price",1,3,"de-DE|en-US","esim philippines tourist"
"philippines sim card for tourist globe",1,3,"en-AU|en-GB|en-SG|en-US","philippines sim card for tourists"
"prepaid esim canada reddit",1,3,"de-DE|en-US","esim canada reddit"
"prepaid esim canada tourist",1,3,"de-DE|en-US","esim canada tourist"
"prepaid esim philippines reddit",1,3,"de-DE","esim philippines reddit"
"prepaid sim card in france for tourists",1,3,"de-DE","france sim card for tourists"
"prepaid sim card usa for tourists t mobile",1,3,"de-DE","usa sim card for tourists"
"revolut esim ireland price",1,3,"de-DE|en-AU|en-GB|en-SG|en-US","esim ireland price"
"revolut esim morocco price",1,3,"de-DE|en-AU|en-GB|en-SG|en-US","esim morocco price"
"roami esim promo code",1,3,"de-DE","roami esim"
"roamic esim data usage",1,3,"de-DE|en-US","roamic esim usa"
"roamic esim japan reddit",1,3,"de-DE","roamic esim japan"
"roamic esim suisse",1,3,"en-US","roamic esim switzerland"
"roamic esim türkei",1,3,"de-DE","roamic esim"
"roamic esim united states",1,3,"en-US","roamic esim usa"
"roaming esim south korea",1,3,"en-US","roami esim korea"
"safaricom esim kenya price",1,3,"en-AU|en-GB|en-SG|en-US","esim kenya price"
"saily esim abu dhabi",1,3,"en-US","saily esim uae"
"saily esim aktivieren",1,3,"de-DE","saily esim"
"saily esim argentine",1,3,"en-US","saily esim argentina"
"saily esim australia provider",1,3,"en-US","saily esim australia"
"saily esim australia telstra",1,3,"de-DE","saily esim australia"
"saily esim canada network",1,3,"de-DE|en-US","saily esim canada"
"saily esim china whatsapp",1,3,"de-DE|en-US","saily esim china"
"saily esim coupon code",1,3,"en-SG|en-US","saily esim"
"saily esim coverage usa",1,3,"de-DE|en-AU|en-GB|en-SG|en-US","saily esim coverage"
"saily esim erfahrungen costa rica",1,3,"de-DE|en-US","saily esim costa rica"
"saily esim for thailand review",1,3,"de-DE|en-US","esim for thailand review"
"saily esim for uk review",1,3,"de-DE|en-US","esim for uk review"
"saily esim for usa review",1,3,"de-DE|en-US","esim for usa review"
"saily esim france cost",1,3,"de-DE|en-US","saily esim france"
"saily esim greece network",1,3,"de-DE|en-US","saily esim greece"
"saily esim india not working",1,3,"de-DE|en-US","saily esim india"
"saily esim japan network",1,3,"de-DE|en-US","saily esim japan"
"saily esim japan plans",1,3,"de-DE|en-US","esim japan plans"
"saily esim korea and japan",1,3,"de-DE|en-US","saily esim korea"
"saily esim malaysia singapore",1,3,"de-DE|en-US","saily esim malaysia"
"saily esim mexico not working",1,3,"de-DE|en-US","saily esim mexico"
"saily esim mexico reviews",1,3,"de-DE","saily esim mexico"
"saily esim morocco reddit",1,3,"de-DE|en-US","saily esim morocco"
"saily esim new zealand network",1,3,"de-DE|en-US","saily esim new zealand"
"saily esim plans usa",1,3,"de-DE|en-AU|en-GB|en-SG|en-US","saily esim plans"
"saily esim prices uk",1,3,"de-DE|en-US","saily esim price"
"saily esim promo code 2026",1,3,"de-DE|en-AU|en-GB|en-SG|en-US","saily esim promo code"
"saily esim review japan",1,3,"de-DE|en-AU|en-GB|en-SG|en-US","saily esim review"
"saily esim review montenegro",1,3,"de-DE","saily esim review"
"saily esim review uk",1,3,"en-GB|en-SG|en-US","saily esim review"
"saily esim singapore reddit",1,3,"de-DE|en-US","saily esim singapore"
"saily esim uk and europe",1,3,"de-DE|en-US","saily esim uk"
"saily esim uk network",1,3,"de-DE|en-US","saily esim uk"
"saily esim usa and canada",1,3,"en-US","saily esim usa"
"saily esim usa welches netz",1,3,"de-DE","saily esim usa"
"saily esim vietnam provider",1,3,"de-DE|en-US","saily esim vietnam"
"scandinavia esim card",1,3,"de-DE|en-AU|en-GB|en-SG|en-US","esim scandinavia"
"seoul esim tourist",1,3,"de-DE","seoul esim"
"seoul esim with number",1,3,"de-DE|en-AU|en-GB|en-SG|en-US","seoul esim"
"sfr esim france tourist",1,3,"de-DE|en-US","esim france tourist"
"should i get an esim for hong kong",1,3,"en-US","do i need an esim for hong kong"
"should i get an esim for new zealand",1,3,"en-US","do i need an esim for new zealand"
"should i get an esim for south africa",1,3,"en-US","do i need an esim for south africa"
"sim card philippines esim",1,3,"de-DE","philippines esim card"
"singapore esim card price",1,3,"de-DE|en-US","singapore esim card"
"singapore esim card with phone number",1,3,"de-DE","singapore esim card"
"singapore sim card for tourist reddit",1,3,"en-AU|en-GB|en-SG|en-US","singapore sim card for tourists"
"singapore tourist esim klook",1,3,"de-DE|en-US","esim singapore tourist"
"skt esim korea tourist",1,3,"de-DE|en-US","esim korea tourist"
"smart philippines esim plans",1,3,"de-DE|en-US","esim philippines plans"
"spain sim card esim",1,3,"de-DE|en-US","spain esim card"
"spark esim new zealand price",1,3,"de-DE|en-AU|en-GB|en-SG|en-US","esim new zealand price"
"sydney esim reddit",1,3,"de-DE|en-AU|en-GB|en-SG|en-US","sydney esim"
"taipei esim klook",1,3,"de-DE|en-AU|en-GB|en-SG|en-US","taipei esim"
"taiwan airport esim price",1,3,"de-DE|en-US","esim taiwan airport"
"taiwan esim card unlimited data",1,3,"de-DE|en-US","taiwan esim card"
"telcel esim mexico reddit",1,3,"de-DE|en-US","esim mexico reddit"
"telcel esim mexiko price",1,3,"de-DE","esim mexico price"
"thailand e sim plan",1,3,"en-US","esim thailand plans"
"thailand esim card unlimited data",1,3,"de-DE|en-US","thailand esim card"
"thailand esim or sim card reddit",1,3,"en-US","esim thailand vs sim"
"thailand esim vs physical sim",1,3,"de-DE|en-US","esim thailand vs sim"
"thailand sim card for tourist 7 eleven",1,3,"en-AU|en-GB|en-SG|en-US","thailand sim card for tourists"
"three ireland esim tourist",1,3,"en-US","esim ireland tourist"
"tigo esim colombia reddit",1,3,"de-DE|en-US","esim colombia reddit"
"tim tourist sim italy",1,3,"de-DE","esim italy tourist"
"top esim 2026",1,3,"en-AU|en-GB|en-SG|en-US","best esim 2026"
"toronto esim reddit",1,3,"de-DE|en-AU|en-GB|en-SG|en-US","toronto esim"
"travel esim china",1,3,"en-AU|en-GB|en-SG|en-US","travel esim"
"travel esim japan",1,3,"en-AU|en-US","travel esim"
"travel esim new zealand",1,3,"en-AU","travel esim"
"travel esim vergleich",1,3,"de-DE","travel esim"
"turkey esim card uk",1,3,"de-DE|en-US","turkey esim card"
"turkey esim data plans",1,3,"de-DE|en-US","esim turkey plans"
"turkey esim tourist price",1,3,"de-DE|en-US","esim turkey tourist"
"turkey esim unlimited hotspot",1,3,"en-AU|en-GB|en-SG","turkey esim unlimited"
"turkish esim price",1,3,"en-SG","esim turkey price"
"uae sim card esim",1,3,"de-DE|en-US","uae esim card"
"ubigi esim au",1,3,"en-US","ubigi esim australia"
"ubigi esim cost uk",1,3,"en-US","ubigi esim price"
"ubigi esim data plans in 200+ destinations worldwide",1,3,"de-DE","ubigi esim plans"
"ubigi esim españa",1,3,"en-US","ubigi esim spain"
"ubigi esim french polynesia",1,3,"en-US","ubigi esim france"
"ubigi esim india not working",1,3,"de-DE|en-US","ubigi esim india"
"ubigi esim japan 10gb 30 days",1,3,"de-DE|en-US","esim japan 10gb"
"ubigi esim japan and hong kong",1,3,"de-DE|en-US","ubigi esim hong kong"
"ubigi esim japan australia review",1,3,"de-DE|en-US","ubigi esim australia"
"ubigi esim japan philippines",1,3,"de-DE|en-US","ubigi esim philippines"
"ubigi esim japan taiwan",1,3,"de-DE|en-US","ubigi esim taiwan"
"ubigi esim malaysia reddit",1,3,"de-DE|en-US","ubigi esim malaysia"
"ubigi esim singapore review",1,3,"de-DE|en-US","ubigi esim singapore"
"ubigi esim uk and europe",1,3,"de-DE","ubigi esim uk"
"ubigi esim uk bmw",1,3,"de-DE|en-US","ubigi esim uk"
"ubigi esim unlimited europe",1,3,"de-DE|en-US","ubigi esim unlimited"
"ubigi esim usa canada",1,3,"de-DE|en-US","ubigi esim usa"
"uk esim card prepaid",1,3,"de-DE|en-US","uk esim card"
"uk esim for iphone 14",1,3,"de-DE|en-US","esim uk for iphone"
"uk esim plans reddit",1,3,"en-US","esim uk plans"
"uk esim unlimited calls",1,3,"en-AU|en-GB|en-SG","uk esim unlimited"
"unlimited data esim italia",1,3,"en-US","unlimited data esim italy"
"unlimited data esim japan 30 days",1,3,"de-DE|en-US","unlimited data esim japan"
"unlimited data esim uk and europe",1,3,"de-DE|en-US","unlimited data esim uk"
"unlimited data esim usa reddit",1,3,"de-DE|en-US","unlimited data esim usa"
"unlimited data esim usa t mobile",1,3,"de-DE|en-US","unlimited data esim usa"
"unlimited data plan esim thailand",1,3,"de-DE|en-US","unlimited data esim thailand"
"unlimited esim australia",1,3,"en-AU","unlimited esim"
"unlimited esim sofort",1,3,"de-DE","unlimited esim"
"unlimited esim usa",1,3,"de-DE|en-GB|en-SG|en-US","unlimited esim"
"unlimited internet esim canada",1,3,"en-US","unlimited data esim canada"
"unlimited internet esim thailand",1,3,"en-US","unlimited data esim thailand"
"unlimited internet switzerland esim",1,3,"en-US","unlimited data esim switzerland"
"us esim reddit",1,3,"en-US","esim usa reddit"
"us esim tourist",1,3,"en-US","us esim"
"us esim with sms",1,3,"de-DE","us esim"
"us pay as you go esim",1,3,"de-DE","esim pay as you go"
"us sim card for tourists reddit",1,3,"en-AU|en-GB|en-SG|en-US","usa sim card for tourists"
"usa esim card travel",1,3,"de-DE|en-US","usa esim card"
"usa esim card unlimited data",1,3,"de-DE|en-US","usa esim card"
"usa esim price in bd",1,3,"en-AU|en-GB|en-SG|en-US","esim usa price"
"usa esim unlimited text",1,3,"en-AU|en-GB|en-SG","usa esim unlimited"
"viet nam co esim khong",1,3,"de-DE","viet nam esim"
"vietnam esim card",1,3,"en-AU|en-GB|en-SG|en-US","viet nam esim"
"vietnam esim viettel",1,3,"en-AU|en-GB|en-SG|en-US","viet nam esim"
"vietnam esim with phone number",1,3,"en-AU|en-GB|en-SG|en-US","viet nam esim"
"vietnam sim card for tourist prepaid",1,3,"en-AU|en-GB|en-SG|en-US","vietnam sim card for tourists"
"vodacom esim for zanzibar",1,3,"de-DE|en-US","esim for zanzibar"
"vodafone australia esim plans",1,3,"de-DE","esim australia plans"
"vodafone egypt esim card",1,3,"de-DE|en-US","egypt esim card"
"vodafone egypt sim card for tourist",1,3,"en-AU|en-GB|en-SG|en-US","egypt sim card for tourists"
"vodafone esim australia price",1,3,"de-DE|en-AU|en-GB|en-SG|en-US","esim australia price"
"vodafone esim card india",1,3,"de-DE","india esim card"
"vodafone esim greece price",1,3,"de-DE|en-AU|en-GB|en-SG|en-US","esim greece price"
"vodafone esim plans italy",1,3,"de-DE|en-US","esim italy plans"
"vodafone esim spain reddit",1,3,"de-DE|en-US","esim spain reddit"
"vodafone esim spain tourist",1,3,"de-DE|en-US","esim spain tourist"
"vodafone esim thailand price",1,3,"de-DE|en-AU|en-GB|en-SG|en-US","esim thailand price"
"vodafone esim turkey price",1,3,"de-DE|en-AU|en-GB|en-SG|en-US","esim turkey price"
"vodafone esim uk price",1,3,"de-DE|en-AU|en-GB|en-SG|en-US","esim uk price"
"vodafone germany esim plans",1,3,"de-DE|en-US","esim germany plans"
"vodafone italy sim card for tourists price",1,3,"de-DE|en-AU|en-GB|en-SG|en-US","italy sim card for tourists"
"vodafone lisbon esim",1,3,"de-DE|en-AU|en-GB|en-SG|en-US","lisbon esim"
"vodafone qatar esim tourist",1,3,"de-DE|en-US","esim qatar tourist"
"vodafone tourist esim turkey",1,3,"de-DE","esim turkey tourist"
"what is an esim australia",1,3,"en-AU","what is an esim"
"what is an esim for a phone",1,3,"de-DE|en-US","what is an esim"
"what is an esim on iphone",1,3,"en-AU|en-GB|en-SG","what is an esim"
"what is esim in iphone",1,3,"en-US","esim germany for iphone"
"what is needed to buy a sim card in south africa",1,3,"en-AU|en-GB|en-SG|en-US","south africa sim card for tourists"
"what is the international airport in portugal",1,3,"en-US","esim portugal airport"
"what to know when traveling to austria",1,3,"en-AU|en-GB|en-SG|en-US","austria sim card for tourists"
"where to buy sim card in canada for tourists",1,3,"de-DE","canada sim card for tourists"
"where to buy sim card in japan for tourist",1,3,"en-AU|en-GB|en-SG|en-US","macao sim card for tourists"
"where to buy sim card in switzerland",1,3,"en-AU|en-GB|en-SG|en-US","switzerland sim card for tourists"
"where to get esim in hong kong airport",1,3,"de-DE|en-US","esim hong kong airport"
"which apple watch support esim",1,3,"en-AU|en-GB|en-SG|en-US","warsaw esim"
"which esim card is best for uk and europe",1,3,"de-DE|en-AU|en-GB|en-SG|en-US","which esim is best for uk"
"which esim has best coverage in japan",1,3,"de-DE|en-US","esim coverage in japan"
"which esim has the best coverage in thailand",1,3,"de-DE|en-US","esim coverage in thailand"
"which esim is best for china travel",1,3,"de-DE|en-AU|en-GB|en-SG|en-US","which esim is best for china"
"which esim is best for data in the usa",1,3,"de-DE|en-AU|en-GB|en-SG|en-US","which esim is best for usa"
"which esim is best for thailand reddit",1,3,"de-DE|en-AU|en-GB|en-SG|en-US","which esim is best for thailand"
"which esim is best for tourists in france",1,3,"de-DE|en-AU|en-GB|en-SG|en-US","which esim is best for france"
"which esim is best in india jio or airtel",1,3,"de-DE|en-AU|en-GB|en-SG|en-US","which esim is best for india"
"which esim is best to use in turkey",1,3,"de-DE|en-AU|en-GB|en-SG|en-US","which esim is best for turkey"
"which esim is better for vietnam",1,3,"de-DE|en-AU|en-GB|en-SG|en-US","which esim is best for vietnam"
"which esim is good for uk",1,3,"en-AU|en-GB|en-SG|en-US","which esim is best for uk"
"which esim is good for usa",1,3,"de-DE|en-AU|en-GB|en-SG|en-US","which esim is best for usa"
"which huawei phone support esim",1,3,"en-US","jetpac esim belgium"
"which is the best esim for europe from australia",1,3,"en-AU|en-GB|en-SG|en-US","which esim is best for australia"
"which phones have esim support",1,3,"en-AU|en-GB|en-SG|en-US","which esim is best for georgia"
"which sim card is best in saudi",1,3,"en-AU|en-GB|en-SG|en-US","saudi arabia sim card for tourists"
"wim esim mexico reddit",1,3,"de-DE","esim mexico reddit"
"yesim china esim review",1,3,"de-DE|en-US","yesim esim china"
"yesim esim aktivieren",1,3,"de-DE","yesim esim"
"yesim esim für thailand",1,3,"en-US","yesim esim thailand"
"yesim esim review usa",1,3,"de-DE|en-AU|en-GB|en-SG|en-US","yesim esim review"
"yesim esim turkey",1,3,"en-AU|en-GB|en-SG|en-US","yesim esim"
"zeus street greek discount code",1,3,"en-US","jetpac esim greece"
"abu dhabi esim reddit",1,4,"en-AU|en-GB|en-SG|en-US","abu dhabi esim"
"abu dhabi sim card for tourist price",1,4,"en-AU|en-GB|en-SG|en-US","uae sim card for tourists"
"activate esim iphone 14",1,4,"de-DE","how to activate esim"
"affordable esim brazil",1,4,"en-AU|en-GB|en-SG|en-US","cheapest esim for brazil"
"affordable esim for turkey",1,4,"en-AU|en-GB|en-SG|en-US","cheapest esim for turkey"
"airalo asia esim unlimited data",1,4,"de-DE|en-AU|en-GB|en-SG|en-US","asia esim unlimited"
"airalo esim abu dhabi",1,4,"en-US","airalo esim uae"
"airalo esim argentina and chile",1,4,"en-US","airalo esim argentina"
"airalo esim australia",1,4,"en-AU","airalo esim"
"airalo esim bali indonesia",1,4,"de-DE|en-US","airalo esim indonesia"
"airalo esim canada not working",1,4,"en-US","airalo esim canada"
"airalo esim cape town",1,4,"de-DE|en-AU|en-GB|en-SG|en-US","esim cape town"
"airalo esim card costa rica",1,4,"en-US","airalo esim costa rica"
"airalo esim discount code 2026",1,4,"en-AU|en-GB|en-SG|en-US","airalo esim promo code"
"airalo esim edinburgh",1,4,"de-DE|en-US","esim edinburgh"
"airalo esim europe coverage",1,4,"de-DE|en-AU|en-GB|en-SG|en-US","airalo esim coverage"
"airalo esim for shanghai",1,4,"de-DE|en-US","esim for shanghai"
"airalo esim for uk review",1,4,"de-DE|en-US","esim for uk review"
"airalo esim for usa review",1,4,"de-DE|en-US","esim for usa review"
"airalo esim japan cost",1,4,"en-US","airalo esim japan"
"airalo esim japan geht nicht",1,4,"de-DE","airalo esim japan"
"airalo esim japan plans",1,4,"de-DE|en-US","esim japan plans"
"airalo esim kuala lumpur",1,4,"de-DE|en-AU|en-GB|en-SG|en-US","esim kuala lumpur"
"airalo esim las vegas",1,4,"de-DE|en-US","esim las vegas"
"airalo esim mexico city",1,4,"de-DE|en-US","airalo esim mexico"
"airalo esim mexico reviews",1,4,"de-DE","airalo esim mexico"
"airalo esim not working egypt",1,4,"de-DE|en-US","airalo esim egypt"
"airalo esim not working new zealand",1,4,"de-DE|en-US","airalo esim new zealand"
"airalo esim peru network",1,4,"de-DE|en-US","airalo esim peru"
"airalo esim price in australia",1,4,"de-DE","airalo esim price"
"airalo esim price usa",1,4,"en-US","airalo esim price"
"airalo esim review china",1,4,"de-DE|en-AU|en-GB|en-SG|en-US","airalo esim review"
"airalo esim saudi arabien",1,4,"en-US","airalo esim saudi arabia"
"airalo esim spain not working",1,4,"de-DE|en-US","airalo esim spain"
"airalo esim taiwan not working",1,4,"en-US","airalo esim taiwan"
"airalo esim thailand 30 days",1,4,"de-DE","airalo esim thailand"
"airalo esim uk and ireland",1,4,"de-DE|en-US","airalo esim uk"
"airalo esim unlimited japan",1,4,"de-DE|en-US","airalo esim unlimited"
"airalo esim usa",1,4,"de-DE|en-GB|en-US","airalo esim"
"airalo esim usa aktivieren",1,4,"de-DE","airalo esim usa"
"airalo esim usa and canada",1,4,"en-US","airalo esim usa"
"airalo esim vietnam not working",1,4,"de-DE|en-US","airalo esim vietnam"
"airalo esim zambia zimbabwe south africa",1,4,"de-DE|en-US","airalo esim south africa"
"airalo esim.buenos aires",1,4,"de-DE","esim buenos aires"
"airalo esim.plans canada",1,4,"de-DE|en-AU|en-GB|en-SG|en-US","airalo esim plans"
"airalo germany esim",1,4,"en-US","airalo esim germany"
"airalo india esim not working",1,4,"de-DE","airalo esim india"
"airalo ireland esim not working",1,4,"de-DE|en-US","airalo esim ireland"
"airalo unlimited esim hotspot",1,4,"de-DE|en-US","airalo esim unlimited"
"airtel install esim profile",1,4,"de-DE","how to install esim"
"alipay esim china reddit",1,4,"de-DE","esim china reddit"
"alosim esim vietnam",1,4,"de-DE","alosim esim"
"america esim card",1,4,"de-DE|en-AU|en-GB|en-SG|en-US","america esim"
"amsterdam esim travel",1,4,"de-DE|en-AU|en-GB|en-SG|en-US","amsterdam esim"
"are brazil and argentina rivals",1,4,"en-US","esim for brazil and argentina"
"asia esim card unlimited data",1,4,"de-DE","asia esim unlimited"
"au unlimited esim",1,4,"en-AU|en-GB|en-SG","australia esim unlimited"
"australia prepaid esim card for tourist",1,4,"de-DE|en-US","australia esim card"
"australia sim card for tourist price",1,4,"en-AU|en-GB|en-SG|en-US","australia sim card for tourists"
"australian esim card plans",1,4,"en-US","australia esim card"
"avis holafly esim egypte",1,4,"de-DE|en-US","holafly esim egypt"
"bali esim vergleich",1,4,"de-DE","bali esim"
"bangkok esim airport",1,4,"de-DE","bangkok esim"
"bangkok esim klook",1,4,"en-AU|en-GB|en-SG|en-US","bangkok esim"
"barca esim",1,4,"en-AU|en-GB|en-SG|en-US","barcelona esim"
"best and cheapest esim for greece",1,4,"de-DE|en-AU|en-GB|en-SG|en-US","cheapest esim for greece"
"best and cheapest esim for portugal",1,4,"de-DE|en-AU|en-GB|en-SG|en-US","cheapest esim for portugal"
"best cheap esim korea",1,4,"de-DE|en-US","cheap esim korea"
"best cheap esim singapore",1,4,"de-DE","cheap esim singapore"
"best cheap esim turkey",1,4,"de-DE","cheap esim turkey"
"best cheap esim uae",1,4,"de-DE|en-US","cheap esim uae"
"best data esim for israel",1,4,"de-DE|en-AU|en-GB|en-SG|en-US","best esim for israel"
"best esim app for barcelona",1,4,"de-DE|en-AU|en-GB|en-SG|en-US","best esim for barcelona"
"best esim app for czech republic",1,4,"de-DE|en-AU|en-GB|en-SG|en-US","best esim for czech republic"
"best esim app for istanbul",1,4,"de-DE|en-AU|en-GB|en-SG|en-US","best esim for istanbul"
"best esim australia tourist reddit",1,4,"de-DE","esim australia reddit"
"best esim beijing",1,4,"de-DE|en-AU|en-GB|en-SG|en-US","esim beijing"
"best esim buenos aires",1,4,"en-AU|en-GB|en-SG|en-US","esim buenos aires"
"best esim canada plans",1,4,"en-US","esim canada plans"
"best esim card for belgium",1,4,"de-DE|en-AU|en-GB|en-SG|en-US","best esim for belgium"
"best esim card for greece and turkey",1,4,"de-DE|en-US","best esim for turkey and greece"
"best esim card for hong kong and china",1,4,"en-US","best esim for hong kong and china"
"best esim card for singapore and malaysia",1,4,"de-DE|en-US","best esim for singapore and malaysia"
"best esim card for spain and portugal",1,4,"de-DE|en-US","best esim for spain and portugal"
"best esim card for the us",1,4,"de-DE","which esim is best for usa"
"best esim card for.thailand and vietnam",1,4,"de-DE|en-US","best esim for thailand and vietnam"
"best esim deals for turkey",1,4,"de-DE|en-AU|en-GB|en-SG|en-US","best esim deals"
"best esim dubai reddit",1,4,"de-DE","best esim for dubai"
"best esim for 1 week in usa",1,4,"en-AU|en-GB|en-SG|en-US","esim for 1 week"
"best esim for africa and europe",1,4,"de-DE|en-AU|en-GB|en-SG|en-US","best esim for africa"
"best esim for america reddit",1,4,"de-DE|en-AU|en-GB|en-SG|en-US","best esim for america"
"best esim for argentina patagonia",1,4,"de-DE|en-AU|en-GB|en-SG|en-US","best esim for argentina"
"best esim for asia and europe",1,4,"de-DE|en-AU|en-GB|en-SG|en-US","best esim for asia"
"best esim for asia travel reddit",1,4,"en-AU|en-GB|en-SG|en-US","best esim for asia"
"best esim for australia from nz",1,4,"en-GB|en-SG|en-US","best esim for australia"
"best esim for australian travellers",1,4,"en-AU|en-GB|en-SG|en-US","best esim for australia"
"best esim for austria and switzerland",1,4,"de-DE|en-AU|en-GB|en-SG|en-US","best esim for austria"
"best esim for backpacking europe",1,4,"de-DE|en-AU|en-GB|en-SG|en-US","esim for backpacking"
"best esim for bali 7 days",1,4,"en-AU|en-GB|en-SG|en-US","best esim for bali"
"best esim for bali from nz",1,4,"en-GB|en-SG|en-US","best esim for bali"
"best esim for bangkok",1,4,"en-AU|en-GB|en-SG|en-US","esim for bangkok"
"best esim for bangkok travel",1,4,"de-DE|en-AU|en-GB|en-SG|en-US","best esim for bangkok"
"best esim for british columbia canada",1,4,"en-AU|en-GB|en-SG|en-US","best esim for britain"
"best esim for canada and alaska cruise",1,4,"en-AU|en-GB|en-SG|en-US","best esim for canada"
"best esim for cancun",1,4,"de-DE|en-AU|en-GB|en-SG|en-US","esim for cancun"
"best esim for china and hong kong",1,4,"en-AU|en-GB|en-SG|en-US","best esim for china"
"best esim for colombia and panama",1,4,"de-DE|en-AU|en-GB|en-SG|en-US","best esim for colombia"
"best esim for costa rica travel",1,4,"de-DE|en-AU|en-GB|en-SG","best esim for costa rica"
"best esim for croatia and montenegro",1,4,"de-DE|en-AU|en-GB|en-SG|en-US","best esim for croatia"
"best esim for dubai reddit",1,4,"en-AU|en-GB|en-SG|en-US","best esim for dubai"
"best esim for egypt hurghada",1,4,"de-DE|en-AU|en-GB|en-SG|en-US","best esim for egypt"
"best esim for england and ireland",1,4,"de-DE|en-AU|en-GB|en-SG|en-US","best esim for england"
"best esim for europe and uk from australia",1,4,"en-AU|en-GB","best esim for europe"
"best esim for europe with phone number",1,4,"de-DE|en-AU|en-GB|en-SG|en-US","best esim for europe"
"best esim for fiji and new zealand",1,4,"de-DE|en-AU|en-GB|en-SG|en-US","best esim for fiji"
"best esim for france and switzerland",1,4,"de-DE|en-AU|en-GB|en-SG|en-US","best esim for france"
"best esim for georgia and turkey",1,4,"de-DE|en-AU|en-GB|en-SG|en-US","best esim for georgia"
"best esim for germany and switzerland",1,4,"de-DE|en-AU|en-GB|en-SG|en-US","best esim for germany"
"best esim for greece unlimited data",1,4,"de-DE|en-AU|en-GB|en-SG|en-US","best esim for greece"
"best esim for hanoi and sapa",1,4,"de-DE|en-US","esim for hanoi"
"best esim for holland",1,4,"de-DE|en-AU|en-GB|en-SG|en-US","esim for holland"
"best esim for hong kong and vietnam",1,4,"de-DE|en-AU|en-GB|en-SG|en-US","best esim for hong kong"
"best esim for iceland ring road",1,4,"de-DE|en-AU|en-GB|en-SG|en-US","best esim for iceland"
"best esim for india reviews",1,4,"de-DE|en-US","esim for india review"
"best esim for india unlimited data",1,4,"de-DE|en-AU|en-GB|en-SG|en-US","best esim for india"
"best esim for ireland and scotland",1,4,"de-DE|en-AU|en-GB|en-SG|en-US","best esim for ireland"
"best esim for istanbul",1,4,"en-AU|en-GB|en-SG|en-US","esim for istanbul"
"best esim for italy",1,4,"en-US","best esim"
"best esim for italy 2026",1,4,"de-DE|en-GB|en-SG|en-US","best esim for italy"
"best esim for italy and malta",1,4,"en-AU","best esim for italy"
"best esim for italy and switzerland",1,4,"de-DE|en-AU|en-US","best esim for italy"
"best esim for italy from canada",1,4,"en-GB|en-SG","best esim for italy"
"best esim for japan review",1,4,"en-US","esim for japan review"
"best esim for japan south korea and hong kong",1,4,"de-DE|en-US","best esim for japan and south korea"
"best esim for jeddah",1,4,"en-AU|en-GB|en-SG|en-US","best esim for ksa"
"best esim for kenya and zanzibar",1,4,"de-DE|en-AU|en-GB|en-SG|en-US","best esim for kenya"
"best esim for korea and china",1,4,"de-DE|en-AU|en-GB|en-SG|en-US","best esim for korea"
"best esim for long term stay",1,4,"de-DE|en-AU|en-GB|en-SG|en-US","esim for long stay"
"best esim for madrid reddit",1,4,"de-DE|en-US","esim for madrid"
"best esim for malaysia",1,4,"en-SG","best esim"
"best esim for malaysia and thailand",1,4,"de-DE|en-AU|en-GB|en-SG|en-US","best esim for malaysia"
"best esim for melbourne australia",1,4,"de-DE|en-US","esim for melbourne"
"best esim for miami",1,4,"de-DE|en-US","esim for miami"
"best esim for morocco 7 days",1,4,"de-DE|en-AU|en-GB|en-SG|en-US","best esim for morocco"
"best esim for morocco travel",1,4,"de-DE|en-AU|en-GB|en-SG","best esim for morocco"
"best esim for nz reddit",1,4,"de-DE|en-AU|en-GB|en-SG|en-US","best esim for nz"
"best esim for orlando usa",1,4,"de-DE|en-US","esim for orlando"
"best esim for paris and italy",1,4,"de-DE|en-AU|en-GB|en-SG|en-US","best esim for paris"
"best esim for phuket",1,4,"de-DE|en-US","esim for phuket"
"best esim for portugal unlimited data",1,4,"de-DE|en-AU|en-GB|en-SG|en-US","best esim for portugal"
"best esim for prague and budapest",1,4,"de-DE|en-AU|en-GB|en-SG|en-US","best esim for prague"
"best esim for singapore and thailand",1,4,"de-DE|en-AU|en-GB|en-SG|en-US","best esim for singapore"
"best esim for south africa and botswana",1,4,"de-DE|en-AU|en-GB|en-SG|en-US","best esim for south africa"
"best esim for south america reviews",1,4,"de-DE|en-AU|en-GB|en-SG|en-US","best esim for south america"
"best esim for taiwan and china",1,4,"de-DE|en-AU|en-GB|en-SG|en-US","best esim for taiwan"
"best esim for thailand from india",1,4,"en-GB|en-SG|en-US","best esim for thailand"
"best esim for tokyo",1,4,"en-AU|en-GB|en-SG|en-US","esim for tokyo"
"best esim for travel to australia and new zealand",1,4,"de-DE","best esim for australia and new zealand"
"best esim for turkey unlimited data iphone",1,4,"de-DE|en-US","esim turkey for iphone"
"best esim for uae travel",1,4,"de-DE|en-AU|en-GB|en-SG|en-US","best esim for uae"
"best esim for uk reddit",1,4,"de-DE|en-AU|en-GB|en-SG|en-US","best esim for uk"
"best esim for usa canada and alaska",1,4,"en-US","best esim for usa and canada"
"best esim for vancouver",1,4,"en-US","esim for vancouver"
"best esim for vietnam",1,4,"en-AU|en-SG","best esim"
"best esim for vietnam cambodia and singapore",1,4,"de-DE|en-US","best esim for vietnam and cambodia"
"best esim hong kong travel",1,4,"en-US","esim hong kong tourist"
"best esim india tourist",1,4,"de-DE|en-US","esim india tourist"
"best esim middle east",1,4,"en-AU|en-GB|en-SG|en-US","esim middle east"
"best esim network in japan",1,4,"en-US","esim coverage in japan"
"best esim network in uk",1,4,"en-US","esim coverage in uk"
"best esim network in usa",1,4,"en-US","esim coverage in usa"
"best esim orlando",1,4,"de-DE|en-US","esim orlando"
"best esim plans egypt",1,4,"de-DE|en-US","esim egypt plans"
"best esim plans thailand",1,4,"de-DE|en-US","esim thailand plans"
"best esim provider 2026",1,4,"de-DE","best esim 2026"
"best esim provider indonesia reddit",1,4,"de-DE","esim indonesia reddit"
"best esim unlimited data egypt",1,4,"de-DE|en-US","egypt esim unlimited data"
"best esim usa reddit",1,4,"en-US","esim usa reddit"
"best esim vienna reddit",1,4,"de-DE|en-AU|en-SG","best esim for vienna"
"best esim.for seoul and japan",1,4,"de-DE|en-AU|en-GB|en-SG|en-US","best esim for seoul"
"best new zealand esim card",1,4,"de-DE|en-US","new zealand esim card"
"best portugal esim card",1,4,"de-DE|en-US","portugal esim card"
"best price esim for spain",1,4,"en-AU|en-GB|en-SG|en-US","cheapest esim for spain"
"best roaming esim india",1,4,"en-US","roami esim india"
"best roaming esim singapore",1,4,"en-US","roami esim singapore"
"best roaming esim thailand",1,4,"en-US","roami esim thailand"
"best roaming esim turkey",1,4,"en-US","roami esim turkey"
"best roaming esim uk",1,4,"en-US","roami esim uk"
"best roaming esim usa",1,4,"en-US","roami esim usa"
"best sim card in canada for tourists",1,4,"de-DE","canada sim card for tourists"
"best sim card in italy for tourists",1,4,"de-DE","italy sim card for tourists"
"best spain esim card",1,4,"de-DE|en-US","spain esim card"
"best tourist esim korea",1,4,"de-DE|en-US","esim korea tourist"
"best travel esim for australia and new zealand",1,4,"en-US","best esim for australia and new zealand"
"best travel esim poland",1,4,"de-DE","best esim for poland"
"best turkey esim card",1,4,"de-DE|en-US","turkey esim card"
"best unlimited data esim australia",1,4,"en-US","unlimited data esim australia"
"best unlimited data esim canada",1,4,"en-US","unlimited data esim canada"
"best unlimited data esim italy",1,4,"en-US","unlimited data esim italy"
"best unlimited data esim thailand",1,4,"en-US","unlimited data esim thailand"
"buy cheap esim germany",1,4,"de-DE","cheap esim germany"
"buy esim for cape town",1,4,"de-DE|en-AU|en-GB|en-SG|en-US","esim for cape town"
"buy esim for doha",1,4,"de-DE|en-AU|en-GB|en-SG|en-US","esim for doha"
"buy esim for ksa",1,4,"de-DE|en-AU|en-GB|en-SG|en-US","esim for ksa"
"buy esim for marrakech",1,4,"de-DE|en-AU|en-GB|en-SG|en-US","esim for marrakech"
"buy india esim card online",1,4,"en-US","india esim card"
"buying esim at taiwan airport",1,4,"de-DE|en-US","esim taiwan airport"
"can e sim work in india",1,4,"en-AU|en-GB|en-SG|en-US","does esim work in india"
"can i buy a sim card in germany",1,4,"en-AU|en-GB|en-SG|en-US","germany sim card for tourists"
"can i buy a sim card in greece",1,4,"en-AU|en-GB|en-SG|en-US","greece sim card for tourists"
"can i buy a sim card in mexico",1,4,"en-AU|en-GB|en-SG|en-US","mexico sim card for tourists"
"can i buy a sim card in spain",1,4,"en-AU|en-GB|en-SG|en-US","spain sim card for tourists"
"can i buy esim at hong kong airport",1,4,"de-DE|en-US","esim hong kong airport"
"can i change my nano sim to esim",1,4,"en-US","nomad esim macao"
"can i get airtel prepaid esim",1,4,"en-AU|en-GB|en-SG","argentina esim unlimited"
"can i get an esim for hong kong",1,4,"en-US","do i need an esim for hong kong"
"can i get an esim for new zealand",1,4,"en-US","do i need an esim for new zealand"
"can i travel to georgia without visa",1,4,"en-AU|en-GB|en-SG|en-US","georgia sim card for tourists"
"can you get pay as you go esim",1,4,"en-AU|en-GB|en-SG","poland esim unlimited"
"canada esim for 3 days",1,4,"en-AU|en-GB|en-SG|en-US","esim for 3 days"
"canada sim card for visitors",1,4,"en-AU|en-GB|en-SG|en-US","canada sim card for tourists"
"celcomdigi tourist esim malaysia",1,4,"de-DE","esim malaysia tourist"
"cheap china esim with vpn",1,4,"de-DE","cheap esim china"
"cheap data esim india",1,4,"de-DE|en-US","cheap esim india"
"cheap data esim vietnam",1,4,"de-DE|en-US","cheap esim vietnam"
"cheap esim australia with number",1,4,"de-DE","cheap esim australia"
"cheap esim brasil",1,4,"en-US","cheap esim brazil"
"cheap esim data germany",1,4,"de-DE","esim cheap data"
"cheap esim japan unlimited data",1,4,"de-DE","cheap esim japan"
"cheap esim phone malaysia",1,4,"de-DE","cheap esim malaysia"
"cheap esim plans singapore",1,4,"de-DE|en-US","esim singapore plans"
"cheap esim uk deals",1,4,"de-DE|en-US","cheap esim uk"
"cheap esim usa prepaid",1,4,"en-US","cheap esim usa"
"cheap esim usa unlimited data",1,4,"de-DE","cheap esim usa"
"cheap unlimited esim egypt",1,4,"de-DE|en-US","cheap esim egypt"
"cheap unlimited esim italy",1,4,"de-DE|en-US","cheap esim italy"
"cheap unlimited esim morocco",1,4,"de-DE|en-US","cheap esim morocco"
"cheapest esim australia for international travel",1,4,"en-AU|en-GB|en-SG|en-US","cheapest esim for australia"
"cheapest esim bali",1,4,"en-AU","cheapest esim"
"cheapest esim canada with phone number",1,4,"en-US","cheap esim canada"
"cheapest esim card for morocco",1,4,"de-DE|en-AU|en-GB|en-SG|en-US","cheapest esim for morocco"
"cheapest esim card portugal",1,4,"en-US","cheap esim portugal"
"cheapest esim card spain",1,4,"de-DE","cheapest esim for spain"
"cheapest esim data morocco",1,4,"de-DE","cheapest esim for morocco"
"cheapest esim for canada from australia",1,4,"de-DE|en-AU|en-GB|en-SG|en-US","cheapest esim for canada"
"cheapest esim for china and japan",1,4,"de-DE|en-AU|en-GB|en-SG|en-US","cheapest esim for china"
"cheapest esim for data when travelling to taiwan",1,4,"de-DE|en-AU|en-GB|en-SG|en-US","cheapest esim for taiwan"
"cheapest esim for hawaii",1,4,"en-US","esim for hawaii"
"cheapest esim for india from canada",1,4,"de-DE|en-AU|en-GB|en-SG|en-US","cheapest esim for india"
"cheapest esim for japan travel",1,4,"de-DE|en-AU|en-GB|en-SG|en-US","cheapest esim for japan"
"cheapest esim for singapore and australia",1,4,"de-DE|en-AU|en-GB|en-SG|en-US","cheapest esim for singapore"
"cheapest esim for uk reddit",1,4,"de-DE|en-AU|en-GB|en-SG|en-US","cheapest esim for uk"
"cheapest esim for usa reddit",1,4,"de-DE|en-AU|en-GB|en-SG|en-US","cheapest esim for usa"
"cheapest esim for vietnam from australia",1,4,"de-DE|en-AU|en-GB|en-SG|en-US","cheapest esim for vietnam"
"cheapest esim for zanzibar",1,4,"de-DE|en-US","esim for zanzibar"
"cheapest esim indonesia bali",1,4,"en-US","cheap esim indonesia"
"cheapest esim ireland providers",1,4,"de-DE|en-AU|en-SG|en-US","cheapest esim for ireland"
"cheapest esim italy reddit",1,4,"en-US","cheap esim italy"
"cheapest esim japan unlimited",1,4,"en-US","cheap esim japan"
"cheapest esim provider australia",1,4,"de-DE","cheapest esim for australia"
"cheapest esim thailand unlimited data",1,4,"en-US","cheap esim thailand"
"cheapest esim vietnam and cambodia",1,4,"en-US","cheap esim vietnam"
"cheapest sim card in france for tourists",1,4,"de-DE|en-AU|en-GB|en-SG|en-US","france sim card for tourists"
"cheapest sim card ireland",1,4,"en-AU|en-GB|en-SG|en-US","ireland sim card for tourists"
"cheapest travel esim for india",1,4,"de-DE","cheapest esim for india"
"cheapest travel esim usa",1,4,"de-DE","cheapest esim for usa"
"cheapest unlimited data esim spain",1,4,"de-DE|en-US","unlimited data esim spain"
"china esim card with vpn",1,4,"de-DE|en-US","china esim card"
"china esim reddit sg",1,4,"en-US","esim china reddit"
"china sim card for travellers",1,4,"en-AU|en-GB|en-SG|en-US","china sim card for tourists"
"chunghwa esim taiwan price",1,4,"de-DE|en-AU|en-GB|en-SG|en-US","esim taiwan price"
"claro esim brazil tourist",1,4,"en-US","esim brazil tourist"
"compare esim plans new zealand",1,4,"de-DE|en-US","esim new zealand plans"
"cosmote esim greece reddit",1,4,"de-DE|en-US","esim greece reddit"
"cosmote esim greece unlimited data",1,4,"de-DE|en-US","esim greece unlimited"
"cosmote greece esim card",1,4,"de-DE|en-US","greece esim card"
"daily egypt esim",1,4,"en-US","saily esim egypt"
"daily esim france",1,4,"en-US","saily esim france"
"daily esim morocco",1,4,"en-US","saily esim morocco"
"data roaming esim australia",1,4,"en-US","roami esim australia"
"data roaming esim japan",1,4,"en-US","roami esim japan"
"did qatar airport open",1,4,"en-US","esim qatar airport"
"disadvantages of esim in iphone",1,4,"en-US","esim qatar reddit"
"do i need a vpn if i get an esim for china",1,4,"de-DE","do i need an esim for china"
"do i need an esim for canada if i'm from the us",1,4,"de-DE|en-US","do i need an esim for canada"
"do i need an esim for japan if i have att",1,4,"de-DE|en-US","do i need an esim for japan"
"do i need an esim to go to mexico",1,4,"de-DE","do i need an esim for mexico"
"do i need an international plan for mexico",1,4,"en-US","do i need an esim for mexico"
"do i need to register esim in hong kong",1,4,"de-DE|en-US","do i need an esim for hong kong"
"do ipad have esim",1,4,"en-US","jetpac esim peru"
"does airalo esim work in brazil",1,4,"de-DE|en-AU|en-GB|en-SG|en-US","does esim work in brazil"
"does airalo esim work in indonesia",1,4,"de-DE|en-AU|en-GB|en-SG|en-US","does esim work in indonesia"
"does airalo esim work in japan",1,4,"de-DE|en-AU|en-GB|en-SG|en-US","does esim work in japan"
"does airalo esim work in korea",1,4,"de-DE|en-AU|en-GB|en-SG|en-US","does esim work in korea"
"does airalo esim work in morocco",1,4,"de-DE|en-AU|en-GB|en-SG|en-US","does esim work in morocco"
"does airalo esim work in taiwan",1,4,"de-DE|en-AU|en-GB|en-SG|en-US","does esim work in taiwan"
"does airalo esim work in thailand",1,4,"de-DE|en-AU|en-GB|en-SG|en-US","does esim work in thailand"
"does esim work in china with vpn",1,4,"de-DE|en-AU|en-GB|en-SG|en-US","does esim work in china"
"does holafly esim work in germany",1,4,"en-AU|en-GB|en-SG|en-US","does esim work in germany"
"does holafly esim.work in iceland",1,4,"de-DE|en-AU|en-GB|en-SG|en-US","does esim work in iceland"
"does hong kong esim work in macau",1,4,"en-GB|en-US","does esim work in macao"
"does iceland have an airport",1,4,"en-US","esim iceland airport"
"does iphone 6s support esim",1,4,"en-US","esim israel for iphone"
"does jetpac esim work in india",1,4,"de-DE","does esim work in india"
"does jio esim work in usa",1,4,"de-DE|en-AU|en-GB|en-SG|en-US","does esim work in usa"
"does koho esim work in canada",1,4,"de-DE|en-AU|en-GB|en-SG|en-US","does esim work in canada"
"does mtn uganda support esim",1,4,"en-US","jetpac esim kenya"
"does nomad esim work in egypt",1,4,"de-DE|en-AU|en-GB|en-SG|en-US","does esim work in egypt"
"does nomad esim work in ireland",1,4,"de-DE|en-AU|en-GB|en-SG|en-US","does esim work in ireland"
"does nomad esim work in malaysia",1,4,"de-DE|en-AU|en-GB|en-SG|en-US","does esim work in malaysia"
"does nomad esim work in philippines",1,4,"de-DE|en-AU|en-GB|en-SG|en-US","does esim work in philippines"
"does nomad esim work in portugal",1,4,"de-DE|en-AU|en-GB|en-SG|en-US","does esim work in portugal"
"does nomad esim work in singapore",1,4,"de-DE|en-AU|en-GB|en-SG|en-US","does esim work in singapore"
"does orange esim work in uk",1,4,"de-DE|en-AU|en-GB|en-SG|en-US","does esim work in uk"
"does revolut esim work in australia",1,4,"de-DE|en-AU|en-GB|en-SG|en-US","does esim work in australia"
"does revolut esim.work in uae",1,4,"de-DE|en-AU|en-GB|en-SG|en-US","does esim work in uae"
"does revolut esim.work.in vietnam",1,4,"de-DE|en-AU|en-GB|en-SG|en-US","does esim work in vietnam"
"does roamless esim work in turkey",1,4,"de-DE","does esim work in turkey"
"does saily esim work in italy",1,4,"de-DE|en-AU|en-GB|en-SG|en-US","does esim work in italy"
"does saily esim work in switzerland",1,4,"de-DE|en-AU|en-GB|en-SG|en-US","does esim work in switzerland"
"does ubigi esim work in japan",1,4,"de-DE","does esim work in japan"
"does uk esim work in france",1,4,"de-DE|en-AU|en-GB|en-SG|en-US","does esim work in france"
"does us esim work in mexico",1,4,"de-DE|en-AU|en-GB|en-SG|en-US","does esim work in mexico"
"does vodafone esim work in greece",1,4,"de-DE|en-AU|en-GB|en-SG|en-US","does esim work in greece"
"does vodafone esim work in spain",1,4,"de-DE|en-AU|en-GB|en-SG|en-US","does esim work in spain"
"dubai esim card",1,4,"de-DE|en-AU|en-GB|en-SG|en-US","dubai esim"
"dubai sim card for tourists india",1,4,"de-DE|en-AU|en-GB|en-SG|en-US","india sim card for tourists"
"e sim toronto canada",1,4,"en-US","esim toronto"
"egypt sim card esim",1,4,"de-DE|en-US","egypt esim card"
"england esim with phone number",1,4,"de-DE","england esim"
"england internet esim",1,4,"en-AU|en-GB|en-SG|en-US","england esim"
"esim 4gb",1,4,"de-DE|en-AU|en-GB|en-SG|en-US","esim 4g"
"esim 5g japan",1,4,"de-DE","esim 5g"
"esim 5g mobile",1,4,"en-AU|en-GB|en-SG|en-US","esim 5g"
"esim abu dhabi unlimited",1,4,"en-US","esim uae unlimited"
"esim africa do sul",1,4,"de-DE","esim africa"
"esim america reddit",1,4,"en-US","esim america"
"esim america unlimited",1,4,"de-DE","esim america"
"esim amsterdam trip com",1,4,"de-DE|en-AU|en-GB|en-SG|en-US","esim amsterdam"
"esim anbieter",1,4,"en-AU|en-GB|en-SG|en-US","esim dubrovnik"
"esim argentina uruguay",1,4,"de-DE","esim argentina"
"esim asia holafly",1,4,"de-DE","esim asia"
"esim asia klook",1,4,"en-US","esim asia"
"esim asiacell",1,4,"en-AU|en-GB|en-SG|en-US","esim asia"
"esim australia and new zealand tourist",1,4,"de-DE|en-US","esim new zealand tourist"
"esim australia from nz",1,4,"en-GB|en-SG|en-US","esim australia"
"esim australia iphone 11",1,4,"de-DE|en-US","esim australia for iphone"
"esim australia prepaid plans",1,4,"de-DE|en-US","esim australia plans"
"esim australia reddit",1,4,"en-US","esim australia"
"esim australia tourist optus",1,4,"de-DE|en-US","esim australia tourist"
"esim australia with phone number",1,4,"de-DE|en-AU|en-GB|en-US","esim australia"
"esim austria tourist",1,4,"en-AU|en-GB|en-SG|en-US","esim austria"
"esim available network in india",1,4,"en-US","esim coverage in india"
"esim bali indonesia reddit",1,4,"de-DE|en-US","esim indonesia reddit"
"esim bali saily",1,4,"de-DE","esim bali"
"esim balkans airalo",1,4,"de-DE|en-AU|en-GB|en-SG|en-US","esim balkans"
"esim balkanstaaten",1,4,"de-DE","esim balkans"
"esim brazil 30 days",1,4,"en-AU|en-GB|en-SG|en-US","esim brazil"
"esim brazil internet",1,4,"de-DE","esim brazil"
"esim canada for tourist",1,4,"en-AU|en-GB|en-SG|en-US","esim canada"
"esim canada holiday",1,4,"en-US","esim canada tourist"
"esim canada iphone 12",1,4,"en-US","esim canada for iphone"
"esim canada reddit",1,4,"en-AU|en-GB|en-SG|en-US","esim canada"
"esim canada usa",1,4,"de-DE","esim canada"
"esim card canada tourist",1,4,"de-DE","esim canada tourist"
"esim card colombia reddit",1,4,"de-DE|en-US","colombia esim card"
"esim card for mexico city",1,4,"de-DE|en-US","esim for mexico city"
"esim card for miami",1,4,"de-DE|en-US","esim for miami"
"esim card for uk and france",1,4,"de-DE|en-US","esim for uk and france"
"esim card for usa and canada",1,4,"de-DE|en-US","esim for usa and canada"
"esim card india jio",1,4,"de-DE","india esim card"
"esim card philippines smart",1,4,"de-DE|en-US","philippines esim card"
"esim card uae tourist",1,4,"de-DE|en-US","uae esim card"
"esim caribbean and usa",1,4,"de-DE|en-AU|en-SG|en-US","esim caribbean"
"esim caribbean nomad",1,4,"en-AU|en-GB|en-SG|en-US","esim caribbean"
"esim china cost",1,4,"en-SG","esim china price"
"esim china iphone 14",1,4,"de-DE|en-US","esim china for iphone"
"esim china iphone air",1,4,"en-US","esim china for iphone"
"esim china whatsapp",1,4,"de-DE","esim china"
"esim colombia comparison",1,4,"de-DE|en-AU|en-GB|en-SG|en-US","esim colombia"
"esim colombia movistar",1,4,"en-AU|en-GB|en-SG|en-US","esim colombia"
"esim compatible iphones",1,4,"en-US","esim fiji for iphone"
"esim compatible phones check",1,4,"de-DE|en-US","esim compatible phones"
"esim compatible phones optus",1,4,"en-AU","esim compatible phones"
"esim costa rica liberty",1,4,"en-AU|en-GB|en-SG|en-US","esim costa rica"
"esim costa rica saily",1,4,"de-DE|en-AU|en-GB|en-SG|en-US","esim costa rica"
"esim croatia a1",1,4,"de-DE|en-AU|en-GB|en-SG|en-US","esim croatia"
"esim croatia data",1,4,"en-AU|en-GB|en-SG|en-US","esim croatia"
"esim czech republic data",1,4,"de-DE|en-AU|en-GB|en-SG|en-US","esim czech republic"
"esim data only canada",1,4,"en-AU|en-GB|en-SG|en-US","esim data only"
"esim data only europe",1,4,"en-AU|en-GB|en-SG","esim data only"
"esim data only korea",1,4,"de-DE","esim data only"
"esim data only vs voice and data",1,4,"en-AU|en-GB|en-SG|en-US","esim data only"
"esim data plan europe",1,4,"de-DE|en-AU|en-GB|en-SG|en-US","esim data plan"
"esim data plan reddit",1,4,"en-US","esim data plan"
"esim data plans for ipad",1,4,"de-DE|en-AU|en-GB|en-SG|en-US","esim data plan"
"esim data plans italy",1,4,"de-DE|en-US","esim italy plans"
"esim deals for greece",1,4,"en-AU|en-GB|en-SG|en-US","cheapest esim for greece"
"esim deals japan",1,4,"en-AU","esim deals"
"esim discount code holafly",1,4,"de-DE|en-AU|en-GB|en-SG|en-US","esim discount code"
"esim dubai erfahrungen",1,4,"de-DE","esim dubai"
"esim dubai holafly",1,4,"en-AU|en-GB|en-SG|en-US","esim dubai"
"esim egypt best price",1,4,"de-DE|en-AU|en-GB|en-SG|en-US","esim egypt price"
"esim egypt price",1,4,"en-AU|en-GB|en-SG|en-US","esim egypt"
"esim email id",1,4,"en-US","esim south africa airport"
"esim enabled samsung phones",1,4,"en-US","alosim esim korea"
"esim england telekom",1,4,"de-DE","esim england"
"esim esim me",1,4,"de-DE|en-AU|en-GB|en-SG|en-US","esim esim"
"esim fiji australia",1,4,"de-DE|en-AU|en-GB|en-SG|en-US","esim fiji"
"esim for 1 month europe",1,4,"en-AU|en-GB|en-SG|en-US","esim for 1 month"
"esim for 2 weeks in australia",1,4,"de-DE|en-AU|en-GB|en-SG|en-US","esim for 2 weeks"
"esim for america and mexico",1,4,"de-DE|en-AU|en-GB|en-SG|en-US","esim for america"
"esim for amsterdam and germany",1,4,"de-DE|en-AU|en-GB|en-SG|en-US","esim for amsterdam"
"esim for android in india",1,4,"de-DE|en-AU|en-GB|en-SG|en-US","esim for android"
"esim for argentina and peru",1,4,"de-DE|en-AU|en-GB|en-SG|en-US","esim for argentina"
"esim for argentina reddit",1,4,"de-DE|en-AU|en-GB|en-SG|en-US","esim for argentina"
"esim for asia pacific",1,4,"de-DE|en-AU|en-GB|en-SG|en-US","esim for asia"
"esim for asia unlimited data",1,4,"de-DE|en-AU|en-GB|en-SG|en-US","esim for asia"
"esim for australia from nz",1,4,"de-DE|en-AU|en-GB|en-SG|en-US","esim for australia"
"esim for austria and italy",1,4,"de-DE|en-AU|en-GB|en-SG|en-US","esim for austria"
"esim for bali airalo",1,4,"de-DE|en-AU|en-GB|en-SG|en-US","esim for bali"
"esim for bali from uk",1,4,"de-DE|en-GB|en-SG|en-US","esim for bali"
"esim for belgium and uk",1,4,"en-AU|en-GB|en-SG|en-US","esim for belgium"
"esim for brazil nomad",1,4,"de-DE|en-AU|en-GB|en-SG|en-US","esim for brazil"
"esim for canada telus",1,4,"de-DE","esim for canada"
"esim for china from australia",1,4,"en-AU","esim for china"
"esim for china trip",1,4,"de-DE","esim for china"
"esim for colombia and peru",1,4,"en-AU|en-GB|en-SG|en-US","esim for colombia"
"esim for croatia bosnia and montenegro",1,4,"de-DE|en-AU|en-GB|en-SG|en-US","esim for croatia"
"esim for cruise at sea",1,4,"de-DE|en-AU|en-GB|en-SG|en-US","esim for cruise"
"esim for czech republic",1,4,"de-DE","best esim for czech republic"
"esim for dubai from india",1,4,"en-AU|en-GB|en-SG|en-US","esim for dubai"
"esim for dubai reddit",1,4,"de-DE|en-AU|en-GB|en-SG|en-US","esim for dubai"
"esim for england and scotland",1,4,"de-DE|en-AU|en-GB|en-SG|en-US","esim for england"
"esim for europe with phone number",1,4,"de-DE|en-US","esim for europe"
"esim for fiji and samoa",1,4,"de-DE|en-AU|en-GB|en-SG|en-US","esim for fiji"
"esim for germany and france",1,4,"en-AU|en-GB|en-SG|en-US","esim for germany"
"esim for iceland and greenland",1,4,"de-DE|en-AU|en-GB|en-SG|en-US","esim for iceland"
"esim for india and singapore",1,4,"en-AU","esim for india"
"esim for india travel from uk",1,4,"de-DE|en-AU|en-GB|en-SG|en-US","esim for india"
"esim for india travel from usa",1,4,"en-US","esim for india"
"esim for indonesia telkomsel",1,4,"de-DE|en-AU|en-GB|en-SG|en-US","esim for indonesia"
"esim for international travel from india",1,4,"de-DE|en-AU|en-GB|en-SG","esim for international travel"
"esim for international travel tmobile",1,4,"de-DE|en-AU|en-GB|en-SG|en-US","esim for international travel"
"esim for iphone 14",1,4,"de-DE|en-AU|en-GB|en-SG|en-US","esim for iphone"
"esim for iphone 17 pro max",1,4,"de-DE|en-AU|en-GB|en-SG|en-US","esim for iphone"
"esim for israel and jordan",1,4,"de-DE|en-AU|en-GB|en-SG|en-US","esim for israel"
"esim for italy and france",1,4,"en-AU|en-GB|en-SG|en-US","esim for italy"
"esim for japan 1 week",1,4,"de-DE|en-AU|en-GB|en-SG|en-US","esim for 1 week"
"esim for japan airalo",1,4,"de-DE","esim for japan"
"esim for japan iphone 14",1,4,"de-DE|en-US","esim japan for iphone"
"esim for japan iphone 16",1,4,"en-US","esim japan for iphone"
"esim for japan south korea and thailand",1,4,"de-DE|en-US","esim for japan and thailand"
"esim for kenya reddit",1,4,"de-DE|en-AU|en-GB|en-SG|en-US","esim for kenya"
"esim for korea reddit",1,4,"de-DE|en-AU|en-GB|en-SG|en-US","esim for korea"
"esim for london and dublin",1,4,"de-DE|en-AU|en-GB|en-SG|en-US","esim for dublin"
"esim for london reddit",1,4,"de-DE|en-US","esim for london"
"esim for long term",1,4,"en-AU|en-GB|en-SG|en-US","esim for long stay"
"esim for malaysia and indonesia",1,4,"de-DE|en-AU|en-GB|en-SG|en-US","esim for malaysia"
"esim for morocco orange",1,4,"de-DE|en-AU|en-GB|en-SG|en-US","esim for morocco"
"esim for netherlands and uk",1,4,"en-AU|en-GB|en-SG|en-US","esim for netherlands"
"esim for netherlands travel",1,4,"de-DE|en-AU|en-GB|en-SG|en-US","esim for netherlands"
"esim for new york and canada",1,4,"de-DE|en-US","esim for new york"
"esim for new zealand with calls",1,4,"de-DE|en-AU|en-GB|en-SG|en-US","esim for new zealand"
"esim for nz data",1,4,"de-DE|en-AU|en-GB|en-SG|en-US","esim for nz"
"esim for nz holiday",1,4,"en-AU|en-GB|en-SG|en-US","esim for nz"
"esim for paris reddit",1,4,"de-DE|en-AU|en-GB|en-SG|en-US","esim for paris"
"esim for paris trip",1,4,"de-DE","esim for paris"
"esim for peru and chile",1,4,"de-DE|en-AU|en-GB|en-SG|en-US","esim for peru"
"esim for philippines with phone number",1,4,"en-AU|en-GB|en-SG|en-US","esim for philippines"
"esim for poland and ukraine",1,4,"en-AU|en-GB|en-SG|en-US","esim for poland"
"esim for portugal and uk",1,4,"de-DE|en-AU|en-GB|en-SG|en-US","esim for portugal"
"esim for qatar and dubai",1,4,"de-DE|en-AU|en-GB|en-SG|en-US","esim for qatar"
"esim for saudi arabia and dubai",1,4,"de-DE|en-AU|en-GB|en-SG|en-US","esim for saudi arabia"
"esim for seoul reddit",1,4,"de-DE|en-AU|en-GB|en-SG|en-US","esim for seoul"
"esim for singapore and japan",1,4,"en-AU|en-GB|en-SG|en-US","esim for singapore"
"esim for south africa and botswana",1,4,"de-DE|en-AU|en-GB|en-SG|en-US","esim for south africa"
"esim for spain reddit",1,4,"de-DE|en-AU|en-GB|en-SG|en-US","esim for spain"
"esim for spain unlimited data",1,4,"de-DE|en-AU|en-GB|en-SG","esim for spain"
"esim for students australia",1,4,"de-DE|en-AU|en-GB|en-SG|en-US","esim for students"
"esim for students netherlands",1,4,"de-DE|en-AU|en-GB|en-SG|en-US","esim for students"
"esim for taiwan hong kong and china",1,4,"de-DE","esim for taiwan"
"esim for thailand and malaysia",1,4,"de-DE|en-AU|en-GB|en-SG|en-US","esim for thailand"
"esim for thailand laos and vietnam",1,4,"de-DE","esim for thailand and vietnam"
"esim for tourists in italy",1,4,"de-DE|en-AU|en-GB|en-SG|en-US","esim for tourists"
"esim for turkey from ireland",1,4,"en-AU|en-GB|en-SG|en-US","esim for turkey"
"esim for turkey unlimited",1,4,"de-DE","esim for turkey"
"esim for uae and oman",1,4,"en-AU|en-GB|en-SG|en-US","esim for uae"
"esim for vietnam and japan reddit",1,4,"de-DE|en-US","esim for japan and vietnam"
"esim for vietnam and singapore",1,4,"de-DE|en-AU|en-GB|en-SG","esim for vietnam"
"esim for walmart family mobile",1,4,"en-AU|en-GB|en-SG|en-US","esim for family"
"esim france and spain",1,4,"en-US","esim france"
"esim france best price",1,4,"de-DE|en-AU|en-GB|en-SG|en-US","esim france price"
"esim france data",1,4,"de-DE|en-AU|en-GB|en-SG","esim france"
"esim france number",1,4,"de-DE","esim france"
"esim free trial with number",1,4,"en-AU|en-GB|en-SG|en-US","esim free trial"
"esim georgia tbilisi",1,4,"en-AU|en-GB|en-SG|en-US","esim georgia"
"esim georgien saily",1,4,"de-DE","esim georgia"
"esim germany and austria",1,4,"en-US","esim germany"
"esim germany tourist",1,4,"de-DE|en-AU|en-GB|en-SG|en-US","esim germany"
"esim greece number",1,4,"de-DE","esim greece"
"esim greece with phone number",1,4,"en-AU|en-GB|en-SG|en-US","esim greece"
"esim hawaii 7 days",1,4,"en-US","esim hawaii"
"esim holiday portugal",1,4,"en-US","esim portugal tourist"
"esim hong kong iphone 15",1,4,"de-DE|en-US","esim hong kong for iphone"
"esim hong kong nomad",1,4,"de-DE","esim hong kong"
"esim hotspot 5g",1,4,"de-DE|en-AU|en-GB|en-SG|en-US","esim hotspot"
"esim hotspot funktioniert nicht",1,4,"de-DE","esim hotspot"
"esim hotspot iphone",1,4,"de-DE|en-AU|en-GB|en-SG|en-US","esim hotspot"
"esim iceland siminn",1,4,"en-AU|en-GB|en-SG|en-US","esim iceland"
"esim incheon airport reddit",1,4,"en-US","esim korea airport"
"esim india comparison",1,4,"de-DE","esim india"
"esim india iphone 16",1,4,"de-DE|en-US","esim india for iphone"
"esim india jio",1,4,"en-AU|en-GB|en-SG|en-US","esim india"
"esim indonesien erfahrungen",1,4,"de-DE","esim indonesia"
"esim io turkey reviews",1,4,"de-DE|en-US","esim for turkey review"
"esim iphone 11 uk",1,4,"de-DE","esim uk for iphone"
"esim iphone egypt",1,4,"en-US","esim egypt for iphone"
"esim iphone south africa travel",1,4,"en-US","esim south africa tourist"
"esim ireland and scotland",1,4,"en-US","esim ireland"
"esim ireland pay as you go",1,4,"de-DE|en-AU|en-GB|en-SG|en-US","esim ireland"
"esim israel prepaid",1,4,"de-DE|en-AU|en-GB|en-SG|en-US","esim israel"
"esim italy 1 day",1,4,"de-DE","esim italy"
"esim italy best price",1,4,"de-DE|en-AU|en-GB|en-SG|en-US","esim italy price"
"esim italy cheapest",1,4,"en-AU|en-GB|en-SG|en-US","esim italy price"
"esim italy iphone 16",1,4,"en-US","esim italy for iphone"
"esim italy travel reddit",1,4,"en-US","esim italy tourist"
"esim italy unlimited hotspot",1,4,"de-DE","esim italy unlimited"
"esim italy with phone number",1,4,"en-AU|en-GB|en-SG|en-US","esim italy"
"esim japan",1,4,"de-DE|en-AU|en-GB|en-SG|en-US","esim"
"esim japan cost",1,4,"en-US","esim japan"
"esim japan haneda airport",1,4,"de-DE|en-US","esim japan airport"
"esim japan kaufen",1,4,"de-DE","esim japan"
"esim japan reddit klook",1,4,"de-DE|en-US","esim japan reddit"
"esim japan singapore",1,4,"en-SG","esim japan"
"esim japan tourist",1,4,"en-GB","esim japan"
"esim japan unlimited 5g",1,4,"de-DE|en-US","esim japan unlimited"
"esim kanada iphone 14",1,4,"de-DE","esim canada for iphone"
"esim kenya reddit",1,4,"de-DE|en-AU|en-GB|en-SG|en-US","esim kenya"
"esim korea iphone 17",1,4,"de-DE|en-US","esim korea for iphone"
"esim korean phone number",1,4,"en-SG|en-US","esim korea"
"esim london england",1,4,"en-US","esim london"
"esim malaysia number",1,4,"en-SG","esim malaysia"
"esim malaysia und indonesien",1,4,"de-DE","esim malaysia"
"esim maldives data",1,4,"de-DE","esim maldives"
"esim maldives ooredoo",1,4,"en-US","esim maldives"
"esim maroc iphone",1,4,"en-US","esim morocco for iphone"
"esim mexico iphone 16",1,4,"de-DE|en-US","esim mexico for iphone"
"esim mexico reddit",1,4,"en-AU|en-GB|en-SG|en-US","esim mexico"
"esim mexiko 30 tage",1,4,"de-DE","esim mexico"
"esim middle east north africa",1,4,"de-DE|en-AU|en-GB","esim middle east"
"esim morocco comparison",1,4,"de-DE","esim morocco"
"esim netherlands tourist",1,4,"en-AU|en-GB|en-SG|en-US","esim netherlands"
"esim network issues",1,4,"en-AU|en-GB|en-SG|en-US","esim latency"
"esim new york airalo",1,4,"de-DE|en-US","esim new york"
"esim new york telekom",1,4,"de-DE","esim new york"
"esim new zealand airalo",1,4,"en-AU|en-GB|en-SG|en-US","esim new zealand"
"esim new zealand prepaid",1,4,"de-DE","esim new zealand"
"esim no contract canada",1,4,"de-DE|en-AU|en-GB|en-SG|en-US","esim no contract"
"esim no contract unlimited data",1,4,"de-DE|en-AU|en-GB|en-SG|en-US","esim no contract"
"esim north america and canada",1,4,"de-DE|en-AU|en-GB|en-SG|en-US","esim north america"
"esim north america travel",1,4,"de-DE|en-AU|en-GB|en-SG|en-US","esim north america"
"esim not working on iphone 11",1,4,"en-US","esim israel reddit"
"esim nz 2degrees",1,4,"de-DE|en-AU|en-GB|en-SG|en-US","esim nz"
"esim nz data only",1,4,"en-AU|en-GB|en-SG|en-US","esim nz"
"esim para bogota",1,4,"de-DE|en-AU|en-GB|en-SG|en-US","esim bogota"
"esim para lima peru",1,4,"de-DE|en-AU|en-GB|en-SG|en-US","esim lima"
"esim paris unlimited data",1,4,"de-DE|en-AU|en-GB|en-SG|en-US","esim paris"
"esim pay as you go ee",1,4,"de-DE|en-AU|en-GB|en-SG|en-US","esim pay as you go"
"esim peru online",1,4,"en-AU|en-GB|en-SG|en-US","esim peru"
"esim philippines 30 days",1,4,"de-DE","esim philippines"
"esim philippines for tourist",1,4,"en-GB|en-SG|en-US","esim philippines"
"esim philippines iphone 17 pro max",1,4,"de-DE|en-US","esim philippines for iphone"
"esim philippines tourist",1,4,"en-AU","esim philippines"
"esim philippines travel",1,4,"en-US","esim philippines tourist"
"esim phone calls europe",1,4,"en-AU|en-GB|en-SG|en-US","esim voice calls"
"esim phuket klook",1,4,"de-DE|en-US","esim phuket"
"esim plans australia no upfront cost",1,4,"en-US","esim australia plans"
"esim plans japan",1,4,"en-US","esim plans"
"esim plans telstra",1,4,"en-AU","esim plans"
"esim poland data",1,4,"en-AU|en-GB|en-SG|en-US","esim poland"
"esim poland prepaid",1,4,"de-DE","esim poland"
"esim portugal vodafone",1,4,"de-DE|en-AU|en-GB|en-SG|en-US","esim portugal"
"esim prepaid ohne vertrag",1,4,"de-DE","esim prepaid"
"esim prepaid telstra",1,4,"en-AU","esim prepaid"
"esim prepaid verizon",1,4,"en-US","esim prepaid"
"esim price in thailand airport",1,4,"de-DE|en-US","esim thailand airport"
"esim problems in india",1,4,"en-US","roamic esim india"
"esim promo code free data",1,4,"de-DE|en-AU|en-GB|en-SG|en-US","esim promo code"
"esim promo code reddit",1,4,"en-AU|en-GB|en-SG|en-US","esim promo code"
"esim qatar price",1,4,"en-AU|en-GB|en-SG|en-US","esim qatar"
"esim roaming indonesia telkomsel",1,4,"en-US","roami esim indonesia"
"esim rome reddit",1,4,"de-DE|en-AU|en-GB|en-SG|en-US","esim rome"
"esim saudi arabia zain",1,4,"de-DE|en-AU|en-SG|en-US","esim saudi arabia"
"esim saudi arabien unlimited",1,4,"en-US","esim saudi arabia unlimited"
"esim seoul klook",1,4,"de-DE|en-AU|en-GB|en-SG|en-US","esim seoul"
"esim settings in iphone",1,4,"en-US","esim argentina for iphone"
"esim shanghai",1,4,"en-US","esim for shanghai"
"esim singapore airlines",1,4,"en-US","esim singapore"
"esim singapore cheapest",1,4,"en-GB|en-SG","esim singapore"
"esim singapore klook",1,4,"en-AU|en-GB|en-US","esim singapore"
"esim singapore malaysia thailand",1,4,"de-DE","esim singapore"
"esim singapore travel",1,4,"en-AU","esim singapore"
"esim sms kommt nicht an",1,4,"de-DE","esim sms"
"esim south africa tourist",1,4,"de-DE","esim south africa"
"esim south korea price",1,4,"en-AU|en-GB|en-SG|en-US","esim korea price"
"esim southeast asia trip com",1,4,"de-DE|en-AU|en-GB|en-SG|en-US","esim southeast asia"
"esim spain internet",1,4,"de-DE","esim spain"
"esim spain reddit",1,4,"en-AU|en-GB|en-SG|en-US","esim spain"
"esim spain unlimited sms",1,4,"de-DE|en-US","esim spain unlimited"
"esim spain vodafone",1,4,"en-AU|en-GB|en-SG|en-US","esim spain"
"esim speedtalk",1,4,"en-AU|en-GB|en-SG|en-US","esim speed"
"esim speedtest travel",1,4,"de-DE","esim speed"
"esim store near me",1,4,"en-US","esim georgia reddit"
"esim switzerland 1 day",1,4,"de-DE|en-AU|en-GB|en-SG|en-US","esim switzerland"
"esim taiwan mobile",1,4,"de-DE","esim taiwan"
"esim thailand ais",1,4,"de-DE|en-AU|en-GB|en-US","esim thailand"
"esim thailand best price",1,4,"de-DE|en-AU|en-GB|en-SG|en-US","esim thailand price"
"esim thailand erfahrungen",1,4,"de-DE","esim thailand"
"esim thailand iphone 17",1,4,"de-DE|en-US","esim thailand for iphone"
"esim thailand tourist 15 days",1,4,"de-DE|en-US","esim thailand tourist"
"esim thailand unlimited 15 days",1,4,"de-DE|en-US","esim thailand unlimited"
"esim tokyo klook",1,4,"en-AU|en-GB|en-SG|en-US","esim tokyo"
"esim top up ireland",1,4,"de-DE|en-AU|en-GB|en-SG|en-US","esim top up"
"esim top up online",1,4,"en-AU|en-GB|en-SG|en-US","esim top up"
"esim turkey 7 days",1,4,"en-AU|en-GB|en-SG|en-US","esim turkey"
"esim turkey roamic",1,4,"en-US","roamic esim turkey"
"esim turkey unlimited internet",1,4,"de-DE|en-US","esim turkey unlimited"
"esim turkey with phone number",1,4,"de-DE","esim turkey"
"esim uae holafly",1,4,"de-DE","esim uae"
"esim uae number",1,4,"en-AU|en-GB|en-SG|en-US","esim uae"
"esim uk",1,4,"en-GB","esim"
"esim uk cheap data",1,4,"en-AU|en-GB|en-US","esim uk price"
"esim uk vergleich",1,4,"de-DE","esim uk"
"esim uk with phone number",1,4,"en-AU|en-GB|en-SG|en-US","esim uk"
"esim usa für iphone",1,4,"de-DE","esim usa for iphone"
"esim usa mexiko bahamas",1,4,"de-DE","esim for usa and mexico"
"esim usa orlando",1,4,"de-DE","esim orlando"
"esim usa tourist t mobile",1,4,"de-DE|en-US","esim usa tourist"
"esim vienna",1,4,"en-AU|en-GB|en-SG","esim for vienna"
"esim vietnam travel",1,4,"en-AU|en-US","esim vietnam"
"esim vietnam trip com",1,4,"en-US","esim vietnam tourist"
"esim vs physical sim thailand reddit",1,4,"de-DE|en-US","esim thailand vs sim"
"esim vs pocket wifi europe",1,4,"de-DE|en-AU|en-GB|en-SG|en-US","esim vs pocket wifi"
"esim vs pocket wifi south korea",1,4,"de-DE","esim vs pocket wifi"
"esim vs sim card reddit",1,4,"en-AU|en-GB|en-SG|en-US","esim vs sim"
"esim vs sim fisica",1,4,"en-AU|en-GB|en-SG|en-US","esim vs sim"
"esim vs sim reddit",1,4,"de-DE|en-AU|en-GB|en-SG|en-US","esim vs sim"
"esim vs sim speed test",1,4,"de-DE|en-AU|en-GB|en-SG|en-US","esim speed test"
"esim vs virtual sim",1,4,"en-AU|en-GB|en-SG","fiji esim unlimited"
"esim with phone number new zealand",1,4,"de-DE","esim with phone number"
"esim working in qatar",1,4,"en-AU|en-GB|en-SG|en-US","does esim work in qatar"
"esim world travel",1,4,"de-DE|en-AU|en-GB|en-SG|en-US","esim world"
"esim ägypten erfahrungen",1,4,"de-DE","esim egypt"
"esim österreich tourist",1,4,"en-US","esim austria tourist"
"europe esim unlimited data 14 days",1,4,"de-DE|en-AU|en-GB|en-SG|en-US","europe esim unlimited"
"explain ubigi esim global coverage benefits for international travel",1,4,"de-DE","ubigi esim coverage"
"expo osaka esim",1,4,"de-DE","esim osaka"
"fiji tourist visa requirements",1,4,"en-AU|en-GB|en-SG|en-US","fiji sim card for tourists"
"france prepaid sim card for tourist",1,4,"en-AU|en-GB|en-SG|en-US","france sim card for tourists"
"free mobile france esim tourist",1,4,"de-DE|en-US","esim france tourist"
"giffgaff esim uk plans",1,4,"de-DE|en-US","esim uk plans"
"giffgaff esim uk reddit",1,4,"de-DE","esim uk reddit"
"global esim 365 days",1,4,"de-DE|en-AU|en-GB|en-US","global esim"
"global esim for travel",1,4,"en-GB|en-US","global esim"
"global esim review",1,4,"en-GB|en-SG|en-US","global esim"
"global esim reviews",1,4,"en-AU","global esim"
"globe esim for osaka japan",1,4,"de-DE|en-US","esim for osaka"
"gomo esim ireland reddit",1,4,"de-DE|en-US","esim ireland reddit"
"good esim for israel",1,4,"en-AU|en-GB|en-SG|en-US","best esim for israel"
"greece esim unlimited",1,4,"en-US","esim greece unlimited"
"holafly cancun esim",1,4,"de-DE|en-AU|en-GB|en-SG|en-US","cancun esim"
"holafly comprar esim colombia",1,4,"de-DE|en-US","holafly esim colombia"
"holafly esim au",1,4,"en-US","holafly esim australia"
"holafly esim bali",1,4,"en-AU","holafly esim"
"holafly esim brasil",1,4,"en-US","holafly esim brazil"
"holafly esim canada reviews",1,4,"de-DE","holafly esim canada"
"holafly esim cancun",1,4,"de-DE|en-AU|en-GB|en-SG|en-US","esim cancun"
"holafly esim china and hong kong",1,4,"en-US","holafly esim china"
"holafly esim china und hongkong",1,4,"de-DE","holafly esim china"
"holafly esim egypten",1,4,"en-US","holafly esim egypt"
"holafly esim espana",1,4,"en-US","holafly esim spain"
"holafly esim europe price",1,4,"de-DE|en-US","holafly esim price"
"holafly esim for hawaii",1,4,"de-DE","esim for hawaii"
"holafly esim italia",1,4,"en-US","holafly esim italy"
"holafly esim japan korea",1,4,"de-DE|en-US","holafly esim japan"
"holafly esim maroc",1,4,"en-US","holafly esim morocco"
"holafly esim mexico reviews",1,4,"de-DE","holafly esim mexico"
"holafly esim not working turkey",1,4,"de-DE|en-US","holafly esim turkey"
"holafly esim para peru",1,4,"de-DE|en-US","holafly esim peru"
"holafly esim per india",1,4,"de-DE|en-US","holafly esim india"
"holafly esim perú",1,4,"de-DE","holafly esim peru"
"holafly esim rates",1,4,"en-US","holafly esim price"
"holafly esim review trustpilot",1,4,"de-DE|en-AU|en-GB|en-SG|en-US","holafly esim review"
"holafly esim review uk",1,4,"en-AU|en-GB|en-SG|en-US","holafly esim review"
"holafly esim reviews mexico",1,4,"de-DE","holafly esim review"
"holafly esim south korea",1,4,"de-DE|en-US","holafly esim korea"
"holafly esim thailand not working",1,4,"de-DE|en-US","holafly esim thailand"
"holafly esim thailand reviews",1,4,"de-DE","holafly esim thailand"
"holafly esim unlimited data review",1,4,"en-US","holafly esim unlimited"
"holafly esim unlimited plan",1,4,"de-DE|en-US","holafly esim unlimited"
"holafly esim usa and canada",1,4,"de-DE|en-US","holafly esim usa"
"holafly esim usa rabattcode",1,4,"de-DE","holafly esim usa"
"holafly esim vietnam erfahrungen",1,4,"de-DE|en-US","holafly esim vietnam"
"holafly esim.not working in new zealand",1,4,"de-DE|en-US","holafly esim new zealand"
"holafly global esim coverage",1,4,"de-DE|en-AU|en-GB|en-SG|en-US","holafly esim coverage"
"holafly international esim plans for travel abroad",1,4,"de-DE|en-AU|en-GB|en-SG|en-US","holafly esim plans"
"holafly new zealand e sim",1,4,"en-US","holafly esim new zealand"
"holafly thailand unlimited data esim",1,4,"de-DE|en-US","unlimited data esim thailand"
"holafly turkish esim",1,4,"en-US","holafly esim turkey"
"holafly vs airalo esim china",1,4,"de-DE|en-US","holafly esim vs airalo"
"hong kong data sim card for tourist",1,4,"en-AU|en-GB|en-SG|en-US","hong kong sim card for tourists"
"hong kong esim card reddit",1,4,"de-DE|en-US","hong kong esim card"
"how many international airports in vietnam",1,4,"en-US","esim vietnam airport"
"how many tourists visit peru each year",1,4,"en-US","esim peru tourist"
"how much is a sim card in brazil",1,4,"en-AU|en-GB|en-SG|en-US","brazil sim card for tourists"
"how much is a sim card in south africa",1,4,"en-AU|en-GB|en-SG|en-US","south africa sim card for tourists"
"how to buy esim online for thailand",1,4,"en-US","how to get an esim for thailand"
"how to get a sim card in kenya",1,4,"en-AU|en-GB|en-SG|en-US","kenya sim card for tourists"
"how to get airtel esim in australia",1,4,"de-DE","how to get an esim for australia"
"how to get airtel esim in canada",1,4,"de-DE|en-US","how to get an esim for canada"
"how to get an esim card for thailand",1,4,"de-DE","how to get an esim for thailand"
"how to get an esim uk number",1,4,"en-US","how to get an esim for uk"
"how to get an mtn esim south africa",1,4,"de-DE|en-US","how to get an esim for south africa"
"how to get esim etisalat egypt",1,4,"de-DE|en-US","how to get an esim for egypt"
"how to get esim for airtel in usa",1,4,"de-DE|en-US","how to get an esim for usa"
"how to get esim for india from usa",1,4,"de-DE|en-US","how to get an esim for india"
"how to get esim for lebara uk",1,4,"de-DE","how to get an esim for uk"
"how to get esim for usa from india",1,4,"en-US","how to get an esim for usa"
"how to get esim french number",1,4,"en-US","how to get an esim for france"
"how to get esim from uae pass",1,4,"de-DE|en-US","how to get an esim for uae"
"how to get esim in india for iphone",1,4,"de-DE","esim india for iphone"
"how to get esim italy with phone number",1,4,"de-DE|en-US","how to get an esim for italy"
"how to get esim korea with phone number",1,4,"de-DE|en-US","how to get an esim for korea"
"how to get esim singapore number",1,4,"de-DE|en-US","how to get an esim for singapore"
"how to get esim tm philippines",1,4,"de-DE|en-US","how to get an esim for philippines"
"how to get esim turkish number",1,4,"en-US","how to get an esim for turkey"
"how to get lebara esim germany",1,4,"de-DE|en-US","how to get an esim for germany"
"how to get vodafone esim india",1,4,"de-DE","how to get an esim for india"
"how to install esim airalo",1,4,"de-DE|en-AU|en-GB|en-US","how to install esim"
"how to install esim mint mobile",1,4,"en-US","how to install esim"
"how to install esim on oppo",1,4,"en-SG","how to install esim"
"how to use an esim for china",1,4,"de-DE|en-US","how to get an esim for china"
"india esim tourist price",1,4,"de-DE|en-US","esim india tourist"
"indian esim unlimited data",1,4,"en-US","esim india unlimited"
"indian sim card for uk travellers",1,4,"en-AU|en-GB|en-SG|en-US","india sim card for tourists"
"indonesia esim tourist online",1,4,"de-DE|en-US","esim indonesia tourist"
"international esim providers",1,4,"de-DE|en-GB|en-SG|en-US","international esim"
"international roaming esim china",1,4,"en-US","roami esim china"
"iphone esim vs dual sim",1,4,"en-AU|en-GB|en-SG","peru esim unlimited"
"is airalo esim good for thailand",1,4,"de-DE|en-US","is airalo esim good"
"is airtel esim better than physical sim",1,4,"en-US","jetpac esim vs airalo"
"is esim banned in hong kong",1,4,"en-US","is esim available in hong kong"
"is esim permanent",1,4,"en-US","best esim poland 2026"
"is esim stable",1,4,"en-US","best esim greece 2026"
"is esim worth it in india",1,4,"de-DE|en-AU|en-GB|en-SG|en-US","is esim worth it"
"is esim.me available in philippines",1,4,"de-DE","is esim available in philippines"
"is holafly esim good in turkey",1,4,"de-DE|en-US","is holafly esim good"
"is holafly esim good reddit",1,4,"en-US","is holafly esim good"
"is jetpac esim good japan",1,4,"de-DE|en-US","jetpac esim japan"
"is jetpac esim good reddit",1,4,"de-DE|en-US","is jetpac esim good"
"is nomad esim good for new zealand",1,4,"de-DE|en-US","nomad esim new zealand"
"is nomad esim good for turkey",1,4,"de-DE|en-US","is nomad esim good"
"is roamic esim good for europe",1,4,"de-DE|en-US","is roamic esim good"
"is saily esim good for costa rica",1,4,"de-DE|en-US","saily esim costa rica"
"is saily esim good reddit",1,4,"de-DE|en-US","is saily esim good"
"is there esim in nepal",1,4,"en-US","esim netherlands tourist"
"is ubigi esim good for china",1,4,"de-DE|en-US","is ubigi esim good"
"istanbul esim airalo",1,4,"de-DE|en-AU|en-GB|en-US","istanbul esim"
"istanbul esim data",1,4,"en-AU|en-GB|en-SG|en-US","istanbul esim"
"italy esim card reddit",1,4,"de-DE|en-US","italy esim card"
"japan esim card unlimited data",1,4,"de-DE|en-US","japan esim card"
"japan esim or sim reddit",1,4,"en-US","esim japan vs sim"
"japan esim osaka airport",1,4,"de-DE","esim japan airport"
"japan esim tourist ubigi",1,4,"de-DE|en-US","esim japan tourist"
"japan esim vs sim card",1,4,"de-DE","esim japan vs sim"
"japan sim card for tourist with phone number",1,4,"en-AU|en-GB|en-SG|en-US","japan sim card for tourists"
"japanese e sim price",1,4,"en-SG","esim japan price"
"jetpac australia esim",1,4,"en-US","jetpac esim australia"
"jetpac esim aktivieren",1,4,"de-DE","jetpac esim"
"jetpac esim data usage",1,4,"de-DE|en-US","jetpac esim usa"
"jetpac esim europe",1,4,"en-AU|en-GB|en-SG|en-US","jetpac esim"
"jetpac esim italia",1,4,"en-US","jetpac esim italy"
"jetpac esim united states",1,4,"en-US","jetpac esim usa"
"kenya or tanzania which is better",1,4,"en-US","best esim for kenya and tanzania"
"klook esim korea reddit",1,4,"de-DE|en-US","esim korea reddit"
"klook esim malaysia reddit",1,4,"de-DE|en-US","esim malaysia reddit"
"klook esim philippines reddit",1,4,"de-DE|en-US","esim philippines reddit"
"klook esim singapore reddit",1,4,"de-DE|en-US","esim singapore reddit"
"klook esim thailand price",1,4,"de-DE","esim thailand price"
"klook esim thailand reddit",1,4,"en-US","esim thailand reddit"
"klook esim vietnam reddit",1,4,"en-US","esim vietnam reddit"
"klook malaysia esim card",1,4,"de-DE|en-US","malaysia esim card"
"klook taiwan esim card",1,4,"de-DE|en-US","taiwan esim card"
"korea esim card reddit",1,4,"de-DE|en-US","korea esim card"
"korean esim unlimited",1,4,"en-US","esim korea unlimited"
"kt esim korea reddit",1,4,"de-DE","esim korea reddit"
"lebara esim uk reddit",1,4,"en-US","esim uk reddit"
"lycamobile uk esim tourist",1,4,"de-DE","esim uk tourist"
"malaysia esim tourist digi",1,4,"de-DE|en-US","esim malaysia tourist"
"malaysia prepaid esim card",1,4,"de-DE|en-US","malaysia esim card"
"malaysia sim card for tourist online",1,4,"en-AU|en-GB|en-SG|en-US","malaysia sim card for tourists"
"maxis esim charges",1,4,"en-US","jetpac esim malaysia"
"maya esim australia and new zealand",1,4,"de-DE","esim for australia and new zealand"
"maya esim central america",1,4,"de-DE","esim central america"
"mexican esim card",1,4,"en-US","mexico esim card"
"mexico esim phone plans",1,4,"de-DE|en-US","esim mexico plans"
"mexico prepaid esim card",1,4,"de-DE|en-US","mexico esim card"
"morocco sim card esim",1,4,"de-DE|en-US","morocco esim card"
"most international goals for argentina",1,4,"en-US","best esim for brazil and argentina"
"movistar bogota esim",1,4,"de-DE|en-AU|en-GB|en-SG|en-US","bogota esim"
"movistar buenos aires esim",1,4,"en-AU|en-GB|en-SG|en-US","buenos aires esim"
"movistar esim mexico reddit",1,4,"de-DE","esim mexico reddit"
"movistar esim spain price",1,4,"de-DE|en-AU|en-GB|en-SG|en-US","esim spain price"
"new zealand prepaid esim card",1,4,"de-DE|en-US","new zealand esim card"
"new zealand sim card for tourist reddit",1,4,"en-AU|en-GB|en-SG|en-US","new zealand sim card for tourists"
"nomad caribbean esim",1,4,"de-DE","esim caribbean"
"nomad esim australia network",1,4,"de-DE|en-US","nomad esim australia"
"nomad esim china hong kong macau",1,4,"de-DE|en-US","nomad esim hong kong"
"nomad esim china price",1,4,"de-DE|en-AU|en-GB|en-SG|en-US","esim china price"
"nomad esim china whatsapp",1,4,"de-DE|en-US","nomad esim china"
"nomad esim coverage usa",1,4,"de-DE|en-AU|en-GB|en-SG|en-US","nomad esim coverage"
"nomad esim europe price",1,4,"de-DE|en-US","nomad esim price"
"nomad esim for thailand review",1,4,"de-DE|en-US","esim for thailand review"
"nomad esim japan china",1,4,"de-DE|en-US","nomad esim japan"
"nomad esim japan not working",1,4,"de-DE|en-US","nomad esim japan"
"nomad esim mexico not working",1,4,"de-DE|en-US","nomad esim mexico"
"nomad esim or airalo",1,4,"en-US","nomad esim vs airalo"
"nomad esim promo code 30",1,4,"de-DE","nomad esim promo code"
"nomad esim review bali",1,4,"en-AU|en-GB|en-SG|en-US","nomad esim review"
"nomad esim review indonesia",1,4,"de-DE","nomad esim review"
"nomad esim review usa",1,4,"de-DE|en-AU|en-GB|en-SG|en-US","nomad esim review"
"nomad esim schweiz",1,4,"en-US","nomad esim switzerland"
"nomad esim singapore reddit",1,4,"de-DE|en-US","nomad esim singapore"
"nomad esim south korea",1,4,"de-DE|en-US","nomad esim korea"
"nomad esim thailand network",1,4,"de-DE|en-US","nomad esim thailand"
"nomad esim unlimited reddit",1,4,"de-DE|en-US","nomad esim unlimited"
"nomad esim usa",1,4,"de-DE|en-GB|en-US","nomad esim"
"nomad esim usa and canada",1,4,"de-DE|en-US","nomad esim usa"
"nomad esim usage",1,4,"en-US","nomad esim usa"
"nomad vs airalo esim asia",1,4,"de-DE|en-US","nomad esim vs airalo"
"norway vs sweden vs switzerland",1,4,"en-US","best esim for norway and sweden"
"nz esim data",1,4,"de-DE|en-AU|en-GB|en-SG|en-US","nz esim"
"nz esim with phone number",1,4,"de-DE|en-GB|en-SG|en-US","nz esim"
"o2 germany esim card",1,4,"en-US","germany esim card"
"oceania esim card",1,4,"en-AU|en-GB|en-SG|en-US","esim oceania"
"orange egypt sim card for tourist",1,4,"en-AU|en-GB|en-SG|en-US","egypt sim card for tourists"
"orange esim morocco price",1,4,"de-DE|en-AU|en-GB|en-SG|en-US","esim morocco price"
"orange esim spain reddit",1,4,"de-DE|en-US","esim spain reddit"
"orange france esim card",1,4,"de-DE|en-US","france esim card"
"orange spain esim plans",1,4,"de-DE|en-US","esim spain plans"
"orange spain esim tourist",1,4,"de-DE|en-US","esim spain tourist"
"orange travel esim morocco reddit",1,4,"de-DE","esim morocco reddit"
"osaka esim reddit",1,4,"de-DE|en-US","esim osaka"
"paid holidays in costa rica",1,4,"en-US","esim for costa rica and panama"
"paris esim data",1,4,"en-AU|en-GB|en-SG|en-US","paris esim"
"personal argentina tourist esim",1,4,"en-US","esim argentina tourist"
"philippines sim card for tourist reddit",1,4,"en-AU|en-GB|en-SG|en-US","philippines sim card for tourists"
"poland tourist visa requirements",1,4,"en-AU|en-GB|en-SG|en-US","poland sim card for tourists"
"portugal digital nomad visa requirements",1,4,"en-US","nomad esim portugal"
"prepaid esim card usa",1,4,"de-DE","usa esim card"
"prepaid esim holland",1,4,"de-DE","holland esim"
"prepaid esim malaysia price",1,4,"de-DE|en-AU|en-GB|en-SG|en-US","esim malaysia price"
"prepaid esim netherlands reddit",1,4,"de-DE|en-US","esim netherlands reddit"
"prepaid sim card usa for tourists 30 days",1,4,"de-DE","usa sim card for tourists"
"redteago esim turkey reddit",1,4,"de-DE","esim turkey reddit"
"revolut esim australia price",1,4,"de-DE|en-AU|en-GB|en-SG|en-US","esim australia price"
"revolut esim turkey price",1,4,"de-DE|en-AU|en-GB|en-US","esim turkey price"
"roami free esim",1,4,"de-DE","roami esim"
"roamic esim aktivieren",1,4,"de-DE","roamic esim"
"roamic esim check usage",1,4,"de-DE","roamic esim usa"
"roamic esim china erfahrungen",1,4,"en-US","roamic esim china"
"roamic esim schweiz funktioniert nicht",1,4,"en-US","roamic esim switzerland"
"roamic esim south korea review",1,4,"de-DE|en-US","roamic esim korea"
"roamic esim us",1,4,"en-US","roamic esim usa"
"rogers esim qr code",1,4,"en-AU|en-GB|en-SG|en-US","roami esim promo code"
"roman esim",1,4,"en-AU|en-GB|en-SG|en-US","rome esim"
"rome less esim",1,4,"de-DE","rome esim"
"saily esim australian dollars",1,4,"de-DE|en-US","saily esim australia"
"saily esim brasil",1,4,"en-US","saily esim brazil"
"saily esim coverage thailand",1,4,"de-DE|en-AU|en-GB|en-SG|en-US","saily esim coverage"
"saily esim discount code",1,4,"en-AU|en-GB","saily esim"
"saily esim for china review",1,4,"de-DE|en-US","esim for china review"
"saily esim for family",1,4,"de-DE|en-AU|en-GB|en-SG|en-US","esim for family"
"saily esim hong kong and macau",1,4,"de-DE|en-US","saily esim hong kong"
"saily esim india network",1,4,"de-DE|en-US","saily esim india"
"saily esim italy coverage",1,4,"de-DE|en-US","saily esim italy"
"saily esim japan",1,4,"de-DE|en-AU|en-GB|en-SG|en-US","saily esim"
"saily esim japan and korea",1,4,"de-DE|en-US","saily esim japan"
"saily esim japan phone number",1,4,"en-US","saily esim japan"
"saily esim mexico coverage",1,4,"de-DE|en-US","saily esim mexico"
"saily esim northern ireland",1,4,"de-DE|en-US","saily esim ireland"
"saily esim not working",1,4,"en-SG","saily esim"
"saily esim not working in germany",1,4,"en-US","saily esim germany"
"saily esim not working thailand",1,4,"de-DE","saily esim thailand"
"saily esim philippines network",1,4,"de-DE|en-US","saily esim philippines"
"saily esim plans japan",1,4,"de-DE|en-AU|en-GB|en-SG|en-US","saily esim plans"
"saily esim price australia",1,4,"de-DE|en-US","saily esim price"
"saily esim promo code free reddit",1,4,"de-DE|en-AU|en-GB|en-SG|en-US","saily esim promo code"
"saily esim reviews brazil",1,4,"de-DE","saily esim brazil"
"saily esim scandinavia",1,4,"de-DE|en-AU|en-GB|en-SG|en-US","esim scandinavia"
"saily esim spain cost",1,4,"de-DE|en-US","saily esim spain"
"saily esim speed test",1,4,"de-DE|en-AU|en-GB|en-SG|en-US","esim speed test"
"saily esim taiwan network",1,4,"de-DE|en-US","saily esim taiwan"
"saily esim thailand not working",1,4,"en-US","saily esim thailand"
"saily esim uk and france",1,4,"de-DE|en-US","saily esim france"
"saily esim usa",1,4,"de-DE|en-US","saily esim"
"saily esim usa network",1,4,"de-DE|en-US","saily esim usa"
"saily esim usa telefonieren",1,4,"de-DE","saily esim usa"
"saily esim vietnam not working",1,4,"de-DE|en-US","saily esim vietnam"
"saily greece esim",1,4,"en-US","saily esim greece"
"saily vs airalo esim review",1,4,"de-DE|en-US","saily esim vs airalo"
"samsung devices that support esim",1,4,"en-US","holafly esim argentina"
"schweiz esim unlimited",1,4,"en-AU|en-GB|en-SG","switzerland esim unlimited"
"seoul esim airport",1,4,"de-DE|en-AU|en-GB|en-SG|en-US","seoul esim"
"seoul esim klook",1,4,"de-DE|en-AU|en-GB|en-SG|en-US","seoul esim"
"siminn iceland esim",1,4,"de-DE","esim iceland"
"singapore esim card online",1,4,"de-DE|en-US","singapore esim card"
"singapore esim tourist 3 days",1,4,"de-DE|en-US","esim singapore tourist"
"singapore esim tourist 7 days",1,4,"de-DE|en-US","esim singapore tourist"
"singapore sim card for tourist klook",1,4,"en-AU|en-GB|en-SG|en-US","singapore sim card for tourists"
"south korea esim prices",1,4,"de-DE","esim korea price"
"south korea sim card for tourist",1,4,"en-AU|en-GB|en-SG|en-US","korea sim card for tourists"
"southeast asia esim unlimited data",1,4,"de-DE|en-AU|en-SG|en-US","asia esim unlimited"
"sunrise esim switzerland tourist",1,4,"de-DE|en-US","esim switzerland tourist"
"taiwan data sim card for tourist",1,4,"en-AU|en-GB|en-SG|en-US","taiwan sim card for tourists"
"taiwan travel esim card",1,4,"de-DE|en-US","taiwan esim card"
"tarjeta esim holafly costa rica",1,4,"de-DE|en-US","holafly esim costa rica"
"tel aviv menu",1,4,"en-AU|en-GB|en-SG|en-US","tel aviv esim"
"telcel esim mexico price",1,4,"en-AU|en-GB|en-SG|en-US","esim mexico price"
"tello usa esim",1,4,"de-DE","us esim"
"telus esim canada price",1,4,"de-DE|en-AU|en-GB|en-SG|en-US","esim canada price"
"telus esim plans canada",1,4,"de-DE","esim canada plans"
"thailand esim card ais",1,4,"de-DE|en-US","thailand esim card"
"thailand esim card price",1,4,"de-DE|en-US","thailand esim card"
"thailand esim for 3 days",1,4,"de-DE|en-AU|en-GB|en-SG|en-US","esim for 3 days"
"thailand sim card for tourist airport",1,4,"en-AU|en-GB|en-SG|en-US","thailand sim card for tourists"
"tim esim brazil tourist",1,4,"de-DE|en-US","esim brazil tourist"
"tokyo esim or pocket wifi",1,4,"de-DE|en-AU|en-GB|en-SG|en-US","tokyo esim"
"tourist esim singapore reddit",1,4,"de-DE|en-US","esim singapore reddit"
"travel esim bali",1,4,"en-AU","travel esim"
"travel esim for maldives",1,4,"de-DE","esim for maldives"
"travel esim germany reddit",1,4,"en-US","esim germany reddit"
"travel esim new zealand reddit",1,4,"de-DE|en-US","esim new zealand reddit"
"travel esim uk",1,4,"en-GB|en-US","travel esim"
"travel esim with voice calls",1,4,"de-DE","esim voice calls"
"turkish e sim card",1,4,"en-US","turkey esim card"
"turkish esim tourist",1,4,"en-US","esim turkey tourist"
"ubigi esim australia",1,4,"en-AU","ubigi esim"
"ubigi esim china",1,4,"en-SG","ubigi esim"
"ubigi esim japan 15 days",1,4,"en-US","ubigi esim japan"
"ubigi esim japan canada",1,4,"de-DE|en-US","ubigi esim canada"
"ubigi esim japan for australians",1,4,"de-DE|en-US","ubigi esim australia"
"ubigi esim japan hotspot",1,4,"de-DE","ubigi esim japan"
"ubigi esim promo code for existing users",1,4,"de-DE|en-AU|en-GB|en-SG|en-US","ubigi esim promo code"
"ubigi esim promo codes",1,4,"de-DE","ubigi esim promo code"
"ubigi esim reddit",1,4,"en-GB|en-US","ubigi esim"
"ubigi esim review italy",1,4,"de-DE|en-AU|en-GB|en-SG|en-US","ubigi esim review"
"ubigi esim south korea",1,4,"de-DE|en-US","ubigi esim korea"
"ubigi esim suisse",1,4,"en-US","ubigi esim switzerland"
"ubigi esim uk",1,4,"en-GB|en-SG","ubigi esim"
"ubigi esim unlimited data japan",1,4,"de-DE|en-US","ubigi esim unlimited"
"ubigi esim usa",1,4,"de-DE|en-GB|en-US","ubigi esim"
"uk esim card for travellers",1,4,"de-DE","uk esim card"
"uk esim card pay as you go",1,4,"de-DE|en-US","uk esim card"
"uk esim for iphone 11",1,4,"en-US","esim uk for iphone"
"uk prepaid sim card for tourist",1,4,"en-AU|en-GB|en-SG|en-US","uk sim card for tourists"
"uk travel esim unlimited data",1,4,"de-DE|en-US","uk esim unlimited data"
"unlimited data esim for egypt",1,4,"en-US","unlimited data esim egypt"
"unlimited data esim uk no contract",1,4,"de-DE|en-US","unlimited data esim uk"
"unlimited data esim usa 7 days",1,4,"de-DE","unlimited data esim usa"
"unlimited data plan germany esim",1,4,"de-DE|en-US","unlimited data esim germany"
"unlimited data turkish esim",1,4,"en-US","unlimited data esim turkey"
"unlimited esim china",1,4,"en-AU|en-GB|en-SG|en-US","unlimited esim"
"unlimited internet vietnam esim",1,4,"en-US","unlimited data esim vietnam"
"us esim data",1,4,"en-AU|en-GB|en-SG|en-US","us esim"
"us esim for 1 month",1,4,"de-DE","esim for 1 month"
"us esim for iphone",1,4,"en-US","esim usa for iphone"
"us esim plans",1,4,"en-AU|en-GB|en-SG|en-US","us esim"
"usa esim price in nigeria",1,4,"en-AU|en-GB|en-SG|en-US","esim usa price"
"usa sim card for travellers",1,4,"en-AU|en-GB|en-SG|en-US","usa sim card for tourists"
"vietnam esim card reddit",1,4,"de-DE|en-US","vietnam esim card"
"vietnam esim iphone 17",1,4,"de-DE|en-US","esim vietnam for iphone"
"vietnam esim reddit",1,4,"en-AU|en-GB|en-SG|en-US","viet nam esim"
"vietnam esim vs physical sim",1,4,"en-US","esim vietnam vs sim"
"vietnam sim card for tourist reddit",1,4,"en-AU|en-GB|en-SG|en-US","vietnam sim card for tourists"
"virgin esim uae price",1,4,"de-DE|en-AU|en-GB|en-SG|en-US","esim uae price"
"virgin tourist sim uae",1,4,"de-DE","esim uae tourist"
"vodafone esim canada reddit",1,4,"de-DE","esim canada reddit"
"vodafone esim egypt reddit",1,4,"de-DE|en-US","esim egypt reddit"
"vodafone esim italy reddit",1,4,"de-DE|en-US","esim italy reddit"
"vodafone esim oceania",1,4,"de-DE","esim oceania"
"vodafone esim portugal price",1,4,"de-DE|en-AU|en-GB|en-SG|en-US","esim portugal price"
"vodafone esim portugal unlimited",1,4,"en-US","esim portugal unlimited"
"vodafone esim prepaid australia price",1,4,"de-DE","esim australia price"
"vodafone esim south africa price",1,4,"de-DE|en-AU|en-GB|en-SG|en-US","esim south africa price"
"vodafone ireland esim card",1,4,"de-DE|en-US","ireland esim card"
"vodafone turkey sim card for tourists",1,4,"de-DE|en-AU|en-GB|en-SG|en-US","turkey sim card for tourists"
"wadi esim price saudi arabia",1,4,"de-DE|en-AU|en-GB|en-SG|en-US","esim saudi arabia price"
"we egypt esim tourist",1,4,"de-DE|en-US","esim egypt tourist"
"what adapter do i need for kenya and tanzania",1,4,"en-US","esim for kenya and tanzania"
"what is an esim adapter",1,4,"de-DE","what is an esim"
"what is an esim card and how does it work",1,4,"en-AU|en-GB|en-SG","what is an esim"
"what is digital esim",1,4,"en-AU|en-GB|en-SG|en-US","esim for digital nomad"
"what is mobile hotspot tethering",1,4,"en-AU|en-GB|en-SG|en-US","esim hotspot tethering"
"where can i buy esim in uk",1,4,"en-US","is esim available in uk"
"where can i buy smart esim",1,4,"en-AU|en-GB|en-SG|en-US","which esim is best for austria"
"where to buy esim card",1,4,"en-US","south africa esim card"
"where to buy sim card in netherlands",1,4,"en-AU|en-GB|en-SG|en-US","netherlands sim card for tourists"
"where to buy sim card in saudi arabia",1,4,"en-AU|en-GB|en-SG|en-US","saudi arabia sim card for tourists"
"which apple watch has esim",1,4,"en-AU|en-GB|en-SG|en-US","warsaw esim"
"which company sim is best in india",1,4,"de-DE|en-AU|en-GB|en-SG|en-US","which esim is best for india"
"which esim is best for us",1,4,"en-AU|en-GB|en-SG|en-US","which esim is best for usa"
"which esim is good for china",1,4,"de-DE|en-AU|en-GB|en-SG|en-US","which esim is best for china"
"which esim is good for south korea",1,4,"en-AU|en-SG|en-US","which esim is best for korea"
"which esim provider is best for china",1,4,"de-DE|en-AU|en-GB|en-SG|en-US","which esim is best for china"
"which korean esim is best",1,4,"de-DE|en-AU|en-SG|en-US","which esim is best for korea"
"windtre esim italy tourist",1,4,"de-DE|en-US","esim italy tourist"
"yesim esim thailand",1,4,"de-DE|en-AU|en-GB|en-SG|en-US","yesim esim"
"4g/lte esim",1,5,"de-DE","esim 4g"
"activate esim for iphone",1,5,"en-US","ubigi esim greece"
"affordable esim for china",1,5,"en-AU|en-GB|en-SG|en-US","cheapest esim for china"
"airalo esim 10gb japan",1,5,"de-DE|en-US","esim japan 10gb"
"airalo esim asia coverage",1,5,"de-DE|en-AU|en-GB|en-SG|en-US","airalo esim coverage"
"airalo esim bali",1,5,"en-AU","airalo esim"
"airalo esim buenos aires",1,5,"en-AU|en-GB|en-SG|en-US","esim buenos aires"
"airalo esim canada reddit",1,5,"de-DE|en-US","airalo esim canada"
"airalo esim card italy",1,5,"en-US","airalo esim italy"
"airalo esim china and hong kong",1,5,"de-DE|en-US","airalo esim china"
"airalo esim discount code 2025",1,5,"en-AU|en-GB|en-SG|en-US","airalo esim promo code"
"airalo esim hong kong and macau",1,5,"de-DE|en-US","airalo esim hong kong"
"airalo esim installation",1,5,"en-SG","airalo esim"
"airalo esim installieren",1,5,"de-DE","airalo esim"
"airalo esim japan and korea",1,5,"en-US","airalo esim japan"
"airalo esim japan and taiwan",1,5,"en-US","airalo esim taiwan"
"airalo esim japan phone number",1,5,"de-DE|en-US","airalo esim japan"
"airalo esim mexico telcel",1,5,"de-DE|en-US","airalo esim mexico"
"airalo esim northern ireland",1,5,"de-DE|en-US","airalo esim ireland"
"airalo esim philippines how to activate",1,5,"de-DE|en-US","airalo esim philippines"
"airalo esim plans china",1,5,"de-DE|en-AU|en-GB|en-SG|en-US","airalo esim plans"
"airalo esim price",1,5,"en-AU|en-GB|en-US","airalo esim"
"airalo esim price turkey",1,5,"de-DE|en-US","airalo esim price"
"airalo esim prices usa",1,5,"de-DE","airalo esim price"
"airalo esim singapore reddit",1,5,"de-DE|en-US","airalo esim singapore"
"airalo esim spain cost",1,5,"en-US","airalo esim spain"
"airalo esim thailand unlimited data",1,5,"de-DE|en-US","airalo esim thailand"
"airalo esim top up",1,5,"de-DE","esim top up"
"airalo esim unlimited reddit",1,5,"en-US","airalo esim unlimited"
"airalo esim usa unlimited data",1,5,"de-DE|en-US","airalo esim usa"
"airalo esim voice calls",1,5,"de-DE","esim voice calls"
"airalo esim works in turkey",1,5,"de-DE","airalo esim turkey"
"airalo esim.unlimited",1,5,"de-DE","airalo esim unlimited"
"airalo free esim turkey",1,5,"de-DE|en-US","airalo esim turkey"
"airalo vs nomad esim usa",1,5,"de-DE|en-US","nomad esim vs airalo"
"ais esim thailand reddit",1,5,"en-US","esim thailand reddit"
"alosim esim not active",1,5,"en-AU|en-GB|en-SG|en-US","alosim esim"
"alosim esim turkey",1,5,"de-DE","alosim esim"
"america esim reddit",1,5,"de-DE|en-AU|en-GB|en-SG|en-US","america esim"
"att prepaid sim card usa for tourists",1,5,"de-DE","usa sim card for tourists"
"australia and new zealand esim card",1,5,"de-DE|en-US","new zealand esim card"
"australia sim card for tourist optus",1,5,"en-AU|en-GB|en-SG|en-US","australia sim card for tourists"
"australian e sim card",1,5,"en-US","australia esim card"
"bali esim oder sim karte",1,5,"de-DE","bali esim"
"bangkok esim card",1,5,"en-AU|en-GB|en-SG|en-US","bangkok esim"
"bangkok esim thailand",1,5,"de-DE","bangkok esim"
"bell canada esim card",1,5,"en-US","canada esim card"
"bell esim canada tourist",1,5,"de-DE|en-US","esim canada tourist"
"best and cheapest esim for malaysia",1,5,"de-DE|en-AU|en-GB|en-SG|en-US","cheapest esim for malaysia"
"best and cheapest esim for saudi arabia",1,5,"de-DE|en-AU|en-GB|en-SG|en-US","cheapest esim for saudi arabia"
"best cancun esim",1,5,"de-DE|en-AU|en-GB|en-SG|en-US","cancun esim"
"best cheap esim for canada",1,5,"de-DE","cheap esim canada"
"best cheap esim germany",1,5,"de-DE|en-US","cheap esim germany"
"best cheap esim japan reddit",1,5,"de-DE","cheap esim japan"
"best cheap esim thailand reddit",1,5,"de-DE","cheap esim thailand"
"best cheapest esim for spain",1,5,"de-DE|en-AU|en-GB|en-SG|en-US","cheapest esim for spain"
"best egypt esim card",1,5,"de-DE|en-US","egypt esim card"
"best esim app for belgium",1,5,"de-DE|en-AU|en-GB|en-SG|en-US","best esim for belgium"
"best esim app for israel",1,5,"de-DE|en-AU|en-GB|en-SG|en-US","best esim for israel"
"best esim app for prague",1,5,"de-DE|en-AU|en-GB|en-SG|en-US","best esim for prague"
"best esim canada",1,5,"de-DE","best esim"
"best esim card china",1,5,"de-DE","which esim is best for china"
"best esim card for amsterdam",1,5,"de-DE|en-AU|en-GB|en-SG|en-US","best esim for amsterdam"
"best esim card for france and italy",1,5,"de-DE|en-US","best esim for france and italy"
"best esim card for uk and france",1,5,"de-DE|en-US","best esim for uk and france"
"best esim card for usa and canada",1,5,"en-US","best esim for usa and canada"
"best esim central america",1,5,"de-DE","esim central america"
"best esim china reddit",1,5,"en-US","esim china reddit"
"best esim egypt travel",1,5,"de-DE","best esim for egypt"
"best esim for 3 days",1,5,"de-DE|en-AU|en-GB|en-SG|en-US","esim for 3 days"
"best esim for africa iphone",1,5,"de-DE|en-AU|en-GB|en-SG|en-US","best esim for africa"
"best esim for asia from uk",1,5,"de-DE|en-AU|en-GB|en-SG|en-US","best esim for asia"
"best esim for asian travel",1,5,"en-US","best esim for asia"
"best esim for australians travelling to vietnam",1,5,"en-AU","best esim for australia"
"best esim for backpacking",1,5,"de-DE|en-AU|en-SG","esim for backpacking"
"best esim for backpacking southeast asia",1,5,"de-DE|en-AU|en-GB|en-SG|en-US","esim for backpacking"
"best esim for bali 2025",1,5,"de-DE","best esim for bali"
"best esim for bangkok and vietnam",1,5,"de-DE|en-AU|en-GB|en-SG|en-US","best esim for bangkok"
"best esim for british virgin islands iphone",1,5,"en-AU|en-GB|en-SG|en-US","best esim for britain"
"best esim for china 2026",1,5,"en-AU|en-GB|en-SG|en-US","best esim for china"
"best esim for china from uk",1,5,"en-GB|en-SG","best esim for china"
"best esim for colombia and peru",1,5,"de-DE|en-AU|en-GB|en-SG|en-US","best esim for colombia"
"best esim for dubai travel",1,5,"de-DE|en-AU|en-GB|en-SG|en-US","best esim for dubai"
"best esim for dubai unlimited data",1,5,"de-DE|en-AU|en-GB|en-SG|en-US","best esim for dubai"
"best esim for england scotland and ireland",1,5,"de-DE|en-AU|en-GB|en-SG|en-US","best esim for england"
"best esim for europe 2026",1,5,"de-DE|en-AU|en-GB|en-SG|en-US","best esim for europe"
"best esim for family",1,5,"en-AU|en-GB|en-SG|en-US","esim for family"
"best esim for fiji iphone",1,5,"de-DE|en-AU|en-GB|en-SG|en-US","best esim for fiji"
"best esim for france tourist",1,5,"de-DE|en-US","esim france tourist"
"best esim for france travel",1,5,"de-DE|en-AU|en-GB|en-SG|en-US","best esim for france"
"best esim for georgia and azerbaijan",1,5,"de-DE|en-AU|en-GB|en-SG|en-US","best esim for georgia"
"best esim for germany and czech republic",1,5,"de-DE|en-AU|en-GB|en-SG|en-US","best esim for czech republic"
"best esim for germany and france",1,5,"en-AU|en-GB|en-SG|en-US","best esim for germany"
"best esim for germany and italy",1,5,"en-AU|en-GB|en-SG|en-US","best esim for germany"
"best esim for greece and croatia",1,5,"en-AU","best esim for greece"
"best esim for greece islands",1,5,"de-DE|en-AU|en-GB|en-SG|en-US","best esim for greece"
"best esim for hong kong and mainland china",1,5,"en-US","best esim for hong kong and china"
"best esim for hong kong and taiwan",1,5,"de-DE|en-AU|en-GB|en-SG|en-US","best esim for hong kong"
"best esim for india and nepal",1,5,"de-DE","best esim for india"
"best esim for indonesia from uk",1,5,"en-AU|en-GB|en-SG|en-US","best esim for indonesia"
"best esim for indonesia travel",1,5,"de-DE|en-AU|en-GB|en-SG|en-US","best esim for indonesia"
"best esim for ireland reddit",1,5,"de-DE|en-AU|en-GB|en-SG|en-US","best esim for ireland"
"best esim for ireland travel",1,5,"de-DE|en-AU|en-GB|en-SG|en-US","best esim for ireland"
"best esim for italy unlimited data",1,5,"en-AU|en-GB|en-SG|en-US","best esim for italy"
"best esim for japan 2026",1,5,"de-DE|en-AU|en-GB|en-SG|en-US","best esim for japan"
"best esim for kenya and uganda",1,5,"de-DE|en-AU|en-GB|en-SG|en-US","best esim for kenya"
"best esim for kenya nairobi",1,5,"de-DE|en-AU|en-GB|en-SG|en-US","best esim for kenya"
"best esim for korea and japan reddit",1,5,"de-DE|en-AU|en-GB|en-SG","best esim for korea"
"best esim for korea and taiwan",1,5,"de-DE|en-AU|en-GB|en-SG|en-US","best esim for korea"
"best esim for korea iphone",1,5,"de-DE|en-US","esim korea for iphone"
"best esim for long term stay in europe",1,5,"de-DE|en-AU|en-GB|en-SG|en-US","esim for long stay"
"best esim for malaysia and indonesia",1,5,"de-DE|en-AU|en-GB|en-SG|en-US","best esim for malaysia"
"best esim for malaysia and vietnam",1,5,"de-DE|en-AU|en-GB|en-SG|en-US","best esim for malaysia"
"best esim for mexico unlimited data",1,5,"de-DE|en-AU|en-GB|en-SG|en-US","best esim for mexico"
"best esim for miami and caribbean",1,5,"en-US","esim for miami"
"best esim for morocco agadir",1,5,"de-DE|en-AU|en-GB|en-SG","best esim for morocco"
"best esim for new york city",1,5,"de-DE|en-US","esim for new york"
"best esim for new zealand",1,5,"en-AU","best esim"
"best esim for new zealand for australians",1,5,"en-US","best esim for new zealand"
"best esim for new zealand from uk",1,5,"de-DE|en-AU|en-GB|en-SG|en-US","best esim for new zealand"
"best esim for new zealand queenstown",1,5,"de-DE|en-AU|en-GB|en-SG|en-US","best esim for new zealand"
"best esim for new zealand tourist",1,5,"de-DE|en-US","esim new zealand tourist"
"best esim for nz data",1,5,"de-DE|en-AU|en-GB|en-SG|en-US","best esim for nz"
"best esim for osaka and kyoto",1,5,"de-DE|en-US","esim for osaka"
"best esim for philippines iphone",1,5,"de-DE|en-US","esim philippines for iphone"
"best esim for phuket thailand",1,5,"en-US","esim for phuket"
"best esim for poland and ukraine",1,5,"de-DE|en-AU|en-GB|en-SG|en-US","best esim for poland"
"best esim for prague",1,5,"de-DE|en-AU|en-GB|en-SG|en-US","esim for prague"
"best esim for qatar and uae",1,5,"de-DE|en-AU|en-GB|en-SG|en-US","best esim for qatar"
"best esim for saudi arabia and pakistan",1,5,"en-AU|en-GB|en-SG|en-US","best esim for saudi arabia"
"best esim for seoul",1,5,"en-AU|en-GB|en-SG|en-US","esim for seoul"
"best esim for seoul and busan",1,5,"de-DE|en-AU|en-GB|en-SG|en-US","best esim for seoul"
"best esim for shanghai",1,5,"de-DE|en-US","esim for shanghai"
"best esim for singapore australia and new zealand",1,5,"de-DE|en-US","best esim for australia and new zealand"
"best esim for singapore from australia",1,5,"de-DE|en-AU|en-GB|en-SG|en-US","best esim for singapore"
"best esim for south africa and mauritius",1,5,"de-DE|en-AU|en-GB|en-SG|en-US","best esim for south africa"
"best esim for south america saily",1,5,"de-DE|en-AU|en-GB|en-SG|en-US","best esim for south america"
"best esim for switzerland and germany",1,5,"de-DE|en-AU|en-GB|en-SG|en-US","best esim for switzerland"
"best esim for switzerland and paris",1,5,"de-DE|en-AU|en-GB|en-SG|en-US","best esim for paris"
"best esim for thailand and japan",1,5,"en-US","best esim for thailand"
"best esim for tokyo and kyoto",1,5,"de-DE|en-AU|en-GB|en-SG|en-US","best esim for tokyo"
"best esim for turkey and egypt",1,5,"en-US","best esim for turkey"
"best esim for turkey and italy",1,5,"en-AU","best esim for turkey"
"best esim for uae reddit",1,5,"de-DE|en-AU|en-GB|en-SG|en-US","best esim for uae"
"best esim for uk from canada",1,5,"en-GB|en-SG","best esim for uk"
"best esim for uk ireland and europe",1,5,"de-DE|en-US","best esim for ireland and uk"
"best esim for vienna",1,5,"en-AU|en-GB|en-SG","esim for vienna"
"best esim for vietnam 2025",1,5,"de-DE","best esim for vietnam"
"best esim for vietnam and singapore",1,5,"de-DE|en-AU|en-GB|en-SG","best esim for vietnam"
"best esim japan review",1,5,"de-DE","esim for japan review"
"best esim los angeles",1,5,"de-DE|en-US","esim los angeles"
"best esim manila",1,5,"de-DE|en-AU|en-GB|en-SG|en-US","esim manila"
"best esim mexico city reddit",1,5,"de-DE|en-US","esim mexico city"
"best esim plans australia",1,5,"de-DE|en-US","esim australia plans"
"best esim plans japan",1,5,"de-DE|en-US","esim japan plans"
"best esim plans singapore reddit",1,5,"de-DE|en-US","esim singapore plans"
"best esim prague",1,5,"de-DE|en-AU|en-GB|en-SG|en-US","esim prague"
"best esim thailand airport",1,5,"de-DE|en-US","esim thailand airport"
"best esim uk tourist",1,5,"de-DE","esim uk tourist"
"best esim ukraine",1,5,"de-DE","best esim for uk"
"best esim vietnam tourist",1,5,"en-US","esim vietnam tourist"
"best esim.for.france spain and portugal",1,5,"de-DE|en-US","best esim for spain and portugal"
"best global esim 2026",1,5,"de-DE","best esim 2026"
"best hong kong sim card for tourist",1,5,"en-AU|en-GB|en-SG|en-US","hong kong sim card for tourists"
"best italian sim card for tourists",1,5,"en-AU|en-GB|en-SG|en-US","italy sim card for tourists"
"best korea sim card for tourist",1,5,"en-AU|en-GB|en-SG|en-US","korea sim card for tourists"
"best prepaid sim card canada for tourists",1,5,"de-DE","canada sim card for tourists"
"best price esim for mexico",1,5,"en-AU|en-GB|en-SG|en-US","cheapest esim for mexico"
"best price esim vietnam",1,5,"de-DE","esim vietnam price"
"best roaming esim china",1,5,"en-US","roami esim china"
"best sim card for tourists in france",1,5,"de-DE","france sim card for tourists"
"best travel esim 2026",1,5,"en-AU|en-GB|en-SG|en-US","best esim 2026"
"best travel esim brazil",1,5,"de-DE","best esim for brazil"
"best travel esim for canada",1,5,"de-DE","best esim for canada"
"best travel esim for istanbul",1,5,"de-DE|en-AU|en-GB|en-SG|en-US","best esim for istanbul"
"best travel esim for malaysia and singapore",1,5,"en-US","best esim for singapore and malaysia"
"best travel esim for vietnam and cambodia",1,5,"en-US","best esim for vietnam and cambodia"
"best unlimited data esim south korea",1,5,"de-DE|en-US","unlimited data esim korea"
"brazil or argentina who is better",1,5,"en-US","best esim for brazil and argentina"
"breeze esim oceania",1,5,"de-DE","esim oceania"
"buy cheap esim malaysia",1,5,"de-DE","cheap esim malaysia"
"buy esim for mexico city",1,5,"de-DE|en-US","esim for mexico city"
"buying a sim card in portugal",1,5,"en-AU|en-GB|en-SG|en-US","portugal sim card for tourists"
"can i buy an esim for new zealand",1,5,"en-US","do i need an esim for new zealand"
"canada prepaid esim card for tourist",1,5,"de-DE|en-US","canada esim card"
"canadian sim card for travellers",1,5,"en-AU|en-GB|en-SG|en-US","canada sim card for tourists"
"cape town best esim",1,5,"en-AU|en-GB|en-SG|en-US","cape town esim"
"cheap data esim china",1,5,"de-DE","cheap esim china"
"cheap esim cards australia",1,5,"de-DE","cheap esim australia"
"cheap esim data canada",1,5,"de-DE|en-AU|en-GB|en-SG|en-US","esim cheap data"
"cheap esim for korea and japan",1,5,"de-DE","cheap esim korea"
"cheap esim phone india",1,5,"de-DE","cheap esim india"
"cheap esim phone singapore",1,5,"de-DE","cheap esim singapore"
"cheap esim plans",1,5,"en-AU|en-GB|en-SG|en-US","cheapest esim for georgia"
"cheap esim swiss",1,5,"en-US","cheap esim switzerland"
"cheap esim to use in morocco",1,5,"de-DE","cheap esim morocco"
"cheap esim uk unlimited data",1,5,"en-US","cheap esim uk"
"cheap unlimited esim spain",1,5,"de-DE","cheap esim spain"
"cheapest data esim for spain",1,5,"de-DE|en-AU|en-GB|en-SG|en-US","cheapest esim for spain"
"cheapest data esim for turkey",1,5,"de-DE|en-AU|en-GB|en-SG|en-US","cheapest esim for turkey"
"cheapest data esim greece",1,5,"en-US","cheap esim greece"
"cheapest data esim south africa",1,5,"de-DE","cheapest esim for south africa"
"cheapest egyptian esim",1,5,"en-US","cheap esim egypt"
"cheapest esim australia for europe",1,5,"en-AU|en-GB|en-SG|en-US","cheapest esim for australia"
"cheapest esim data greece",1,5,"de-DE|en-AU|en-GB|en-SG|en-US","cheapest esim for greece"
"cheapest esim doha",1,5,"en-AU|en-GB|en-SG|en-US","esim for doha"
"cheapest esim for canada data",1,5,"de-DE|en-AU|en-SG|en-US","cheapest esim for canada"
"cheapest esim for egypt travel",1,5,"de-DE|en-AU|en-GB|en-SG|en-US","cheapest esim for egypt"
"cheapest esim for europe",1,5,"en-AU|en-US","cheapest esim"
"cheapest esim for japan and south korea",1,5,"de-DE","esim for japan and south korea"
"cheapest esim for japan from uk",1,5,"de-DE|en-AU|en-GB|en-SG|en-US","cheapest esim for japan"
"cheapest esim for singapore and bali",1,5,"de-DE|en-AU|en-GB|en-SG|en-US","cheapest esim for singapore"
"cheapest esim for travel to south africa",1,5,"de-DE|en-AU|en-GB|en-SG|en-US","cheapest esim for south africa"
"cheapest esim for usa",1,5,"en-GB","cheapest esim"
"cheapest esim for usa data",1,5,"en-AU|en-GB|en-SG","cheapest esim for usa"
"cheapest esim for usa unlimited data",1,5,"de-DE|en-AU|en-GB|en-SG|en-US","cheapest esim for usa"
"cheapest esim japan unlimited data",1,5,"en-US","cheap esim japan"
"cheapest esim korea travel",1,5,"de-DE|en-AU|en-GB|en-SG|en-US","cheapest esim for korea"
"cheapest esim middle east",1,5,"en-AU|en-GB|en-SG|en-US","esim middle east"
"cheapest esim phone singapore",1,5,"en-SG","cheapest esim"
"cheapest esim plan for australia",1,5,"de-DE|en-AU|en-GB|en-SG|en-US","cheapest esim for australia"
"cheapest esim provider turkey",1,5,"de-DE","cheapest esim for turkey"
"cheapest esim spain data",1,5,"en-US","cheap esim spain"
"cheapest esim uk reddit",1,5,"de-DE|en-US","esim uk reddit"
"cheapest mobile plan switzerland",1,5,"en-AU|en-GB|en-SG|en-US","cheapest esim for belgium"
"cheapest unlimited data esim canada",1,5,"de-DE|en-US","unlimited data esim canada"
"cheapest unlimited data esim thailand",1,5,"en-US","unlimited data esim thailand"
"cheapest unlimited esim for morocco",1,5,"de-DE|en-AU|en-GB|en-SG|en-US","cheapest esim for morocco"
"cheapest vietnam esim",1,5,"en-US","cheap esim vietnam"
"china 7 day unlimited data esim",1,5,"de-DE|en-US","unlimited data esim china"
"china esim card with local number",1,5,"de-DE|en-US","china esim card"
"claro esim lima",1,5,"de-DE|en-AU|en-GB|en-SG|en-US","lima esim"
"daily esim singapore",1,5,"en-US","saily esim singapore"
"daily esim switzerland",1,5,"en-US","saily esim switzerland"
"daily turkish esim",1,5,"en-US","saily esim turkey"
"data esim for maldives",1,5,"de-DE","esim for maldives"
"data plans usa esim",1,5,"de-DE","esim usa plans"
"data roaming esim india",1,5,"en-US","roami esim india"
"data roaming esim singapore",1,5,"en-US","roami esim singapore"
"data roaming esim thailand",1,5,"en-US","roami esim thailand"
"data roaming esim usa",1,5,"en-US","roami esim usa"
"denmark sim card companies",1,5,"en-US","best esim for denmark and sweden"
"do esim work in china",1,5,"en-AU|en-GB|en-SG|en-US","does esim work in china"
"do i need an esim for albania from ireland",1,5,"de-DE|en-US","do i need an esim for ireland"
"do i need an esim for dublin from uk",1,5,"de-DE|en-US","do i need an esim for uk"
"do i need an esim for japan reddit",1,5,"de-DE","do i need an esim for japan"
"do i need an esim to go to canada",1,5,"de-DE|en-US","do i need an esim for canada"
"do i need an esim to use alipay in china",1,5,"de-DE","do i need an esim for china"
"do i need yellow card to travel to kenya",1,5,"en-AU|en-GB|en-SG|en-US","kenya sim card for tourists"
"does airalo esim work in france",1,5,"de-DE|en-AU|en-GB|en-SG|en-US","does esim work in france"
"does airalo esim work in greece",1,5,"de-DE|en-AU|en-GB|en-SG|en-US","does esim work in greece"
"does airalo esim work in india",1,5,"de-DE|en-AU|en-GB|en-SG|en-US","does esim work in india"
"does airalo esim work in ireland",1,5,"de-DE|en-AU|en-GB|en-SG|en-US","does esim work in ireland"
"does airalo esim work in mainland china",1,5,"de-DE","does esim work in china"
"does holafly esim work in morocco",1,5,"de-DE|en-AU|en-GB|en-SG|en-US","does esim work in morocco"
"does holafly esim work in vietnam",1,5,"de-DE|en-AU|en-GB|en-SG|en-US","does esim work in vietnam"
"does huawei p30 pro support esim",1,5,"en-US","esim macao reddit"
"does indian esim work in usa",1,5,"de-DE|en-AU|en-GB|en-SG|en-US","does esim work in usa"
"does indonesia esim work in bali",1,5,"de-DE|en-AU|en-GB|en-SG|en-US","does esim work in indonesia"
"does klook esim work in philippines",1,5,"de-DE|en-AU|en-GB|en-SG|en-US","does esim work in philippines"
"does klook esim work in taiwan",1,5,"de-DE|en-AU|en-GB|en-SG|en-US","does esim work in taiwan"
"does klook esim work in thailand",1,5,"de-DE|en-AU|en-GB|en-SG|en-US","does esim work in thailand"
"does korea esim work in japan",1,5,"de-DE","does esim work in japan"
"does maya esim work in egypt",1,5,"de-DE|en-AU|en-GB|en-SG|en-US","does esim work in egypt"
"does maya esim work in saudi arabia",1,5,"de-DE|en-AU|en-GB|en-SG|en-US","does esim work in saudi arabia"
"does nomad esim work in spain",1,5,"de-DE|en-AU|en-GB|en-SG|en-US","does esim work in spain"
"does nomad esim work in turkey",1,5,"de-DE|en-AU|en-GB|en-SG|en-US","does esim work in turkey"
"does orange esim work in germany",1,5,"en-AU|en-GB|en-SG|en-US","does esim work in germany"
"does orange esim work in iceland",1,5,"de-DE|en-AU|en-GB|en-SG|en-US","does esim work in iceland"
"does revolut esim work in canada",1,5,"de-DE|en-AU|en-GB|en-SG|en-US","does esim work in canada"
"does revolut esim work in mexico",1,5,"de-DE|en-AU|en-GB|en-SG|en-US","does esim work in mexico"
"does safaricom support esim",1,5,"en-US","jetpac esim kenya"
"does saily esim work in india",1,5,"de-DE|en-AU|en-GB|en-SG|en-US","does esim work in india"
"does saily esim.work in uk",1,5,"de-DE|en-AU|en-GB|en-SG|en-US","does esim work in uk"
"does spark esim work in australia",1,5,"de-DE|en-AU|en-GB|en-SG|en-US","does esim work in australia"
"does telenor have esim",1,5,"en-US","jetpac esim turkey"
"does thailand esim work in malaysia",1,5,"de-DE|en-AU|en-GB|en-SG|en-US","does esim work in malaysia"
"does verizon support esim on iphone",1,5,"en-US","esim greece for iphone"
"does vietnam have esim for iphone",1,5,"de-DE|en-US","esim vietnam for iphone"
"does vodafone esim work in italy",1,5,"de-DE|en-AU|en-GB|en-SG|en-US","does esim work in italy"
"does vodafone esim work in portugal",1,5,"de-DE|en-AU|en-GB|en-SG|en-US","does esim work in portugal"
"du vae esim tourist",1,5,"de-DE","esim uae tourist"
"dubai esim karte",1,5,"de-DE","dubai esim"
"dubai esim price",1,5,"en-AU|en-GB|en-SG|en-US","dubai esim"
"e sim for us and canada",1,5,"en-US","esim for usa and canada"
"e sim unlimited data germany",1,5,"en-US","unlimited data esim germany"
"england esim internet",1,5,"de-DE","england esim"
"esim 1 month unlimited",1,5,"de-DE","esim for 1 month"
"esim 4g vietnam",1,5,"en-AU|en-GB|en-SG|en-US","esim 4g"
"esim 5g viettel",1,5,"en-AU|en-GB|en-SG|en-US","esim 5g"
"esim africa holafly",1,5,"en-AU|en-GB|en-SG|en-US","esim africa"
"esim americana",1,5,"en-AU|en-GB|en-SG|en-US","esim america"
"esim argentina saily",1,5,"de-DE","esim argentina"
"esim asia airalo",1,5,"de-DE","esim asia"
"esim asia best",1,5,"en-AU|en-GB|en-SG|en-US","esim asia"
"esim australia iphone 13",1,5,"de-DE|en-US","esim australia for iphone"
"esim australia optus",1,5,"de-DE|en-SG","esim australia"
"esim australia tourist airalo",1,5,"de-DE|en-US","esim australia tourist"
"esim australia tourist amaysim",1,5,"de-DE|en-US","esim australia tourist"
"esim austria reddit",1,5,"en-AU|en-GB|en-SG|en-US","esim austria"
"esim austrian",1,5,"de-DE|en-AU|en-GB|en-SG|en-US","esim austria"
"esim bali best",1,5,"en-AU|en-GB|en-SG|en-US","esim bali"
"esim bali erfahrungen",1,5,"de-DE","esim bali"
"esim balkans roaming",1,5,"de-DE","esim balkans"
"esim belgium proximus",1,5,"en-AU|en-GB|en-SG|en-US","esim belgium"
"esim brazil comparison",1,5,"de-DE","esim brazil"
"esim brazil vivo",1,5,"en-AU|en-GB|en-SG|en-US","esim brazil"
"esim canada iphone 11",1,5,"de-DE|en-US","esim canada for iphone"
"esim canada iphone 14",1,5,"en-US","esim canada for iphone"
"esim canada unlimited",1,5,"de-DE","esim canada"
"esim canada visitor",1,5,"en-US","esim canada tourist"
"esim card for abu dhabi",1,5,"en-AU|en-GB|en-SG|en-US","esim for abu dhabi"
"esim card for barcelona",1,5,"de-DE|en-AU|en-GB|en-SG|en-US","esim for barcelona"
"esim card for france and italy",1,5,"de-DE|en-US","esim for france and italy"
"esim card for holland",1,5,"de-DE|en-AU|en-GB|en-SG|en-US","esim for holland"
"esim card for rome",1,5,"de-DE|en-AU|en-GB|en-SG|en-US","esim for rome"
"esim card for seoul",1,5,"de-DE|en-AU|en-GB|en-SG|en-US","esim for seoul"
"esim card for spain and portugal",1,5,"de-DE|en-US","esim for spain and portugal"
"esim card philippines price",1,5,"de-DE|en-US","philippines esim card"
"esim card portugal and spain",1,5,"de-DE|en-US","portugal esim card"
"esim caribbean maya",1,5,"en-AU|en-GB|en-SG|en-US","esim caribbean"
"esim caribbean sea",1,5,"de-DE|en-AU|en-GB|en-SG|en-US","esim caribbean"
"esim change number",1,5,"en-US","roamic esim saudi arabia"
"esim china hongkong macao",1,5,"de-DE","esim macao"
"esim china iphone 12",1,5,"de-DE|en-US","esim china for iphone"
"esim china iphone 15",1,5,"en-US","esim china for iphone"
"esim china shopee",1,5,"en-SG","esim china"
"esim china vergleich",1,5,"de-DE","esim china"
"esim china vietnam",1,5,"de-DE","esim for china"
"esim claro bogota",1,5,"de-DE","esim bogota"
"esim colombia airalo",1,5,"en-AU|en-GB|en-SG|en-US","esim colombia"
"esim compatible phones motorola",1,5,"de-DE|en-US","esim compatible phones"
"esim costa rica best",1,5,"en-AU|en-GB|en-SG|en-US","esim costa rica"
"esim costa rica kölbi",1,5,"de-DE","esim costa rica"
"esim croatia montenegro",1,5,"en-AU|en-GB|en-SG|en-US","esim croatia"
"esim czech republic with number",1,5,"de-DE|en-AU|en-GB|en-SG|en-US","esim czech republic"
"esim data only 365 days",1,5,"de-DE","esim data only"
"esim data only meaning",1,5,"en-GB|en-SG|en-US","esim data only"
"esim data only prepaid",1,5,"de-DE|en-AU|en-GB|en-SG","esim data only"
"esim data plans germany",1,5,"en-US","esim germany plans"
"esim deals turkey",1,5,"de-DE|en-AU|en-GB|en-SG|en-US","esim deals"
"esim discount code first order",1,5,"en-AU|en-GB|en-SG|en-US","esim discount code"
"esim dubai 1 week",1,5,"de-DE","esim for 1 week"
"esim dubai cheap",1,5,"en-AU|en-GB|en-SG|en-US","esim dubai"
"esim dubai telefonieren",1,5,"de-DE","esim dubai"
"esim england urlaub",1,5,"de-DE","esim england"
"esim esim thailand",1,5,"de-DE|en-AU|en-GB|en-SG|en-US","esim esim"
"esim etisalat egypt price",1,5,"de-DE|en-AU|en-GB|en-SG|en-US","esim egypt price"
"esim europe calls and data",1,5,"en-AU|en-GB|en-SG|en-US","esim europe"
"esim for 2 weeks canada",1,5,"de-DE|en-AU|en-GB|en-SG|en-US","esim for 2 weeks"
"esim for android japan",1,5,"de-DE|en-AU|en-GB|en-SG|en-US","esim for android"
"esim for argentina travel",1,5,"de-DE|en-AU|en-GB|en-SG|en-US","esim for argentina"
"esim for asia trip",1,5,"de-DE|en-AU|en-GB|en-SG|en-US","esim for asia"
"esim for australian in europe",1,5,"en-AU","esim for australia"
"esim for austria and czech republic",1,5,"en-AU|en-GB|en-SG|en-US","esim for austria"
"esim for austria reddit",1,5,"de-DE|en-AU|en-GB|en-SG|en-US","esim for austria"
"esim for bali and vietnam",1,5,"de-DE|en-AU|en-GB|en-SG|en-US","esim for bali"
"esim for brazil and peru",1,5,"en-AU|en-GB|en-SG|en-US","esim for brazil"
"esim for canada and us",1,5,"en-AU","esim for canada"
"esim for china and philippines",1,5,"de-DE","esim for philippines"
"esim for china travel with vpn",1,5,"en-GB|en-SG|en-US","esim for china"
"esim for colombia and ecuador",1,5,"en-AU|en-GB|en-SG|en-US","esim for colombia"
"esim for colombia claro",1,5,"de-DE","esim for colombia"
"esim for costa rica and nicaragua",1,5,"de-DE|en-AU|en-GB|en-SG|en-US","esim for costa rica"
"esim for croatia and italy",1,5,"en-AU|en-GB|en-SG|en-US","esim for croatia"
"esim for croatia reddit",1,5,"de-DE|en-AU|en-GB|en-SG|en-US","esim for croatia"
"esim for cruise europe",1,5,"de-DE|en-AU|en-GB|en-SG|en-US","esim for cruise"
"esim for dubai and abu dhabi",1,5,"de-DE|en-AU|en-GB|en-SG|en-US","esim for dubai"
"esim for dubai and europe",1,5,"en-AU|en-GB|en-SG|en-US","esim for dubai"
"esim for england and spain",1,5,"en-AU|en-GB|en-SG|en-US","esim for england"
"esim for england travel",1,5,"de-DE|en-AU|en-GB|en-SG|en-US","esim for england"
"esim for europe data and calls",1,5,"en-AU|en-GB|en-SG|en-US","esim for europe"
"esim for europe from.canada",1,5,"de-DE","esim for europe"
"esim for europe iphone",1,5,"en-US","esim for europe"
"esim for fiji reddit",1,5,"de-DE|en-AU|en-GB|en-SG|en-US","esim for fiji"
"esim for france with phone number",1,5,"de-DE|en-AU|en-GB|en-SG|en-US","esim for france"
"esim for georgia reddit",1,5,"de-DE|en-AU|en-GB|en-SG|en-US","esim for georgia"
"esim for germany reddit",1,5,"de-DE|en-AU|en-GB|en-SG|en-US","esim for germany"
"esim for hong kong reddit",1,5,"de-DE|en-AU|en-GB|en-SG|en-US","esim for hong kong"
"esim for iceland and europe",1,5,"de-DE|en-AU|en-GB|en-US","esim for iceland"
"esim for iceland and ireland",1,5,"en-AU|en-GB|en-SG|en-US","esim for iceland"
"esim for india from canada",1,5,"de-DE|en-AU|en-GB|en-SG|en-US","esim for india"
"esim for india reddit",1,5,"en-US","esim for india"
"esim for india travel from australia",1,5,"en-AU","esim for india"
"esim for indonesia and malaysia",1,5,"en-AU|en-GB|en-SG|en-US","esim for indonesia"
"esim for indonesia jakarta",1,5,"de-DE","esim for indonesia"
"esim for international travel how does it work",1,5,"de-DE|en-AU|en-GB|en-SG|en-US","esim for international travel"
"esim for iphone 15",1,5,"de-DE|en-GB|en-SG|en-US","esim for iphone"
"esim for iphone 16",1,5,"de-DE|en-GB|en-SG|en-US","esim for iphone"
"esim for ireland reddit",1,5,"de-DE|en-AU|en-GB|en-SG|en-US","esim for ireland"
"esim for israel with phone number",1,5,"de-DE|en-AU|en-GB|en-SG|en-US","esim for israel"
"esim for italy and switzerland",1,5,"en-AU|en-GB|en-SG|en-US","esim for italy"
"esim for japan 3 days",1,5,"en-AU|en-GB|en-SG|en-US","esim for 3 days"
"esim for japan and singapore",1,5,"en-AU","esim for japan"
"esim for japan cost",1,5,"en-US","esim for japan"
"esim for japan ubigi",1,5,"de-DE","esim for japan"
"esim for kenya and uganda",1,5,"de-DE|en-AU|en-GB|en-SG|en-US","esim for kenya"
"esim for kids smart watch",1,5,"en-AU|en-GB|en-SG|en-US","esim for kids"
"esim for korea and china",1,5,"de-DE|en-AU|en-GB|en-SG|en-US","esim for korea"
"esim for korea trip",1,5,"de-DE|en-AU|en-GB|en-SG|en-US","esim for korea"
"esim for london england",1,5,"de-DE|en-US","esim for london"
"esim for long term use",1,5,"en-AU|en-GB|en-SG|en-US","esim for long stay"
"esim for malaysia from india",1,5,"de-DE|en-AU|en-GB|en-SG|en-US","esim for malaysia"
"esim for mexico telcel",1,5,"de-DE|en-AU|en-GB|en-SG|en-US","esim for mexico"
"esim for morocco reddit",1,5,"de-DE|en-AU|en-GB|en-SG|en-US","esim for morocco"
"esim for netherlands and france",1,5,"en-AU|en-GB|en-SG|en-US","esim for netherlands"
"esim for netherlands data",1,5,"de-DE|en-AU|en-GB|en-SG|en-US","esim for netherlands"
"esim for new york from ireland",1,5,"en-US","esim for new york"
"esim for one month usa",1,5,"en-AU|en-GB|en-SG|en-US","esim for 1 month"
"esim for paris and amsterdam",1,5,"de-DE|en-AU|en-GB|en-SG|en-US","esim for paris"
"esim for peru and bolivia",1,5,"de-DE|en-AU|en-GB|en-SG|en-US","esim for peru"
"esim for philippines and taiwan",1,5,"en-AU|en-GB|en-SG|en-US","esim for philippines"
"esim for portugal and morocco",1,5,"de-DE|en-AU|en-GB|en-SG|en-US","esim for portugal"
"esim for saudi arabia reddit",1,5,"de-DE|en-AU|en-GB|en-SG|en-US","esim for saudi arabia"
"esim for saudi arabia stc",1,5,"de-DE|en-AU|en-GB|en-SG|en-US","esim for saudi arabia"
"esim for singapore and kuala lumpur",1,5,"de-DE|en-AU|en-GB|en-SG|en-US","esim for kuala lumpur"
"esim for taiwan and korea",1,5,"en-AU|en-GB|en-SG|en-US","esim for taiwan"
"esim for taiwan travel",1,5,"en-AU|en-GB|en-SG|en-US","esim for taiwan"
"esim for thailand tourist",1,5,"de-DE|en-GB|en-SG|en-US","esim for thailand"
"esim for tourists australia",1,5,"de-DE","esim for tourists"
"esim for tourists uk",1,5,"en-AU|en-GB|en-SG|en-US","esim for tourists"
"esim for uae and qatar",1,5,"en-AU|en-GB|en-SG|en-US","esim for uae"
"esim for uae residents",1,5,"de-DE","esim for uae"
"esim for uk and europe reviews",1,5,"de-DE|en-US","esim for uk review"
"esim for uk and europe travel",1,5,"en-AU|en-GB|en-SG","esim for uk"
"esim for uk from canada",1,5,"en-GB|en-SG","esim for uk"
"esim for uk with phone number",1,5,"en-AU|en-GB|en-SG|en-US","esim for uk"
"esim for vietnam and thailand",1,5,"de-DE|en-AU|en-GB|en-SG|en-US","esim for vietnam"
"esim france pas cher",1,5,"de-DE","esim france"
"esim free trial android",1,5,"en-AU|en-GB|en-SG|en-US","esim free trial"
"esim für holland",1,5,"de-DE","esim holland"
"esim georgia airalo",1,5,"en-AU|en-GB|en-SG|en-US","esim georgia"
"esim georgien unlimited",1,5,"de-DE","esim georgia"
"esim greece nova",1,5,"de-DE","esim greece"
"esim hong kong android",1,5,"de-DE","esim hong kong"
"esim hong kong iphone 14",1,5,"en-US","esim hong kong for iphone"
"esim iceland best",1,5,"de-DE|en-AU|en-GB|en-SG|en-US","esim iceland"
"esim india from australia",1,5,"en-AU","esim india"
"esim india sms",1,5,"de-DE","esim india"
"esim indonesien und singapur",1,5,"de-DE","esim indonesia"
"esim internet croatia",1,5,"de-DE","esim croatia"
"esim iphone",1,5,"en-GB|en-US","esim"
"esim israel cellcom",1,5,"de-DE|en-AU|en-GB|en-SG|en-US","esim israel"
"esim israel iphone",1,5,"en-AU|en-GB|en-SG|en-US","esim israel"
"esim italy 5g",1,5,"de-DE","esim italy"
"esim italy calls and data",1,5,"en-AU|en-GB|en-SG|en-US","esim italy"
"esim italy cost",1,5,"en-GB","esim italy price"
"esim japan and korea",1,5,"en-AU|en-GB|en-SG|en-US","esim japan"
"esim japan iphone 12",1,5,"de-DE","esim japan for iphone"
"esim japan kansai airport",1,5,"de-DE|en-US","esim japan airport"
"esim japan osaka airport",1,5,"en-US","esim japan airport"
"esim japan reddit best",1,5,"en-US","esim japan reddit"
"esim japan und südkorea",1,5,"de-DE","esim japan"
"esim japan unlimited data airalo",1,5,"de-DE|en-US","esim japan unlimited"
"esim japan with phone number",1,5,"en-AU|en-GB|en-SG|en-US","esim japan"
"esim karte",1,5,"de-DE","esim"
"esim kenya best",1,5,"en-AU|en-GB|en-SG|en-US","esim kenya"
"esim kenya migliore",1,5,"de-DE","esim kenya"
"esim korea cost",1,5,"en-SG","esim korea price"
"esim korea kt",1,5,"en-AU|en-GB|en-US","esim korea"
"esim ksa price",1,5,"de-DE|en-AU|en-GB|en-SG|en-US","esim ksa"
"esim location iphone",1,5,"en-US","japan esim coverage map"
"esim london and europe",1,5,"en-US","esim london"
"esim london unlimited data",1,5,"de-DE|en-US","esim london"
"esim malaysia empfehlung",1,5,"de-DE","esim malaysia"
"esim malaysia singapore reddit",1,5,"de-DE","esim singapore reddit"
"esim malaysia thailand",1,5,"en-AU|en-GB|en-US","esim malaysia"
"esim maroc iphone 16",1,5,"en-US","esim morocco for iphone"
"esim marrakesch holafly",1,5,"de-DE","esim marrakech"
"esim mexico data",1,5,"en-US","esim mexico"
"esim mexico iphone 15",1,5,"de-DE|en-US","esim mexico for iphone"
"esim mexico prepago",1,5,"en-AU|en-GB|en-SG","esim mexico"
"esim mexiko günstig",1,5,"de-DE","esim mexico"
"esim miami florida",1,5,"de-DE|en-US","esim miami"
"esim mobile plans ireland",1,5,"de-DE|en-US","esim ireland plans"
"esim morocco airport",1,5,"de-DE","esim morocco"
"esim morocco uk",1,5,"en-AU|en-GB|en-SG|en-US","esim morocco"
"esim netherlands 6 months",1,5,"de-DE","esim netherlands"
"esim network issues in india",1,5,"en-US","esim coverage in india"
"esim new york city",1,5,"de-DE|en-US","esim new york"
"esim new zealand",1,5,"en-AU","esim"
"esim new zealand one nz",1,5,"de-DE","esim new zealand"
"esim new zealand reddit",1,5,"en-AU|en-GB|en-SG|en-US","esim new zealand"
"esim nomad colombia",1,5,"de-DE","esim colombia"
"esim north america reddit",1,5,"de-DE|en-AU|en-GB|en-SG|en-US","esim north america"
"esim nz cheap",1,5,"en-AU","esim nz"
"esim para lima",1,5,"de-DE|en-AU|en-GB|en-SG|en-US","esim lima"
"esim para mexico reddit",1,5,"de-DE","esim mexico reddit"
"esim paris internet",1,5,"en-AU|en-GB|en-SG|en-US","esim paris"
"esim paris one day",1,5,"de-DE|en-AU|en-GB|en-SG|en-US","esim paris"
"esim pay as you go vodafone",1,5,"en-AU|en-GB|en-SG|en-US","esim pay as you go"
"esim peru airalo",1,5,"de-DE","esim peru"
"esim philippines and thailand",1,5,"de-DE","esim philippines"
"esim philippines iphone",1,5,"en-US","esim philippines for iphone"
"esim philippines reddit",1,5,"en-AU|en-GB|en-SG|en-US","esim philippines"
"esim phone calls and data",1,5,"en-AU|en-GB|en-SG|en-US","esim voice calls"
"esim plans for ipad",1,5,"en-AU|en-US","esim plans"
"esim plans no upfront cost",1,5,"en-AU","esim plans"
"esim poland with phone number",1,5,"en-AU|en-GB|en-SG|en-US","esim poland"
"esim portugal meo",1,5,"de-DE|en-AU|en-GB|en-SG|en-US","esim portugal"
"esim portugal with phone number",1,5,"en-AU|en-GB|en-SG|en-US","esim portugal"
"esim prepaid 365 days",1,5,"en-AU","esim prepaid"
"esim prepaid netherlands",1,5,"en-GB|en-SG","esim prepaid"
"esim prepaid sofort unlimited",1,5,"de-DE","esim prepaid"
"esim prepaid t mobile",1,5,"en-US","esim prepaid"
"esim price in india",1,5,"en-US","roamic esim price"
"esim prices for greece",1,5,"en-AU|en-GB|en-SG|en-US","cheapest esim for greece"
"esim qatar reddit",1,5,"en-AU|en-GB|en-SG|en-US","esim qatar"
"esim saudi arabia holafly",1,5,"de-DE","esim saudi arabia"
"esim saudi arabia price",1,5,"en-AU|en-GB|en-SG|en-US","esim saudi arabia"
"esim singapore 7 days",1,5,"en-AU|en-GB|en-SG|en-US","esim singapore"
"esim singapore and indonesia",1,5,"en-AU","esim singapore"
"esim sm turkey reddit",1,5,"de-DE","esim turkey reddit"
"esim sms empfangen iphone",1,5,"de-DE","esim sms"
"esim sms not working android",1,5,"en-US","esim sms"
"esim sms not working jio",1,5,"en-AU|en-GB|en-SG|en-US","esim sms"
"esim south africa free",1,5,"en-AU|en-GB|en-SG|en-US","esim south africa"
"esim south africa vodafone",1,5,"de-DE","esim south africa"
"esim south america best",1,5,"de-DE|en-AU|en-GB|en-SG|en-US","esim south america"
"esim south america compare",1,5,"en-AU|en-GB|en-SG|en-US","esim south america"
"esim spain sms",1,5,"de-DE","esim spain"
"esim speed comparison",1,5,"en-AU|en-GB|en-SG|en-US","esim speed"
"esim speed japan",1,5,"de-DE","esim speed"
"esim switzerland swisscom",1,5,"de-DE|en-AU|en-GB|en-SG","esim switzerland"
"esim taiwan airalo",1,5,"de-DE","esim taiwan"
"esim taiwan chunghwa",1,5,"en-AU|en-GB|en-SG|en-US","esim taiwan"
"esim taiwan phone number",1,5,"en-AU|en-GB","esim taiwan"
"esim thailand iphone 11",1,5,"de-DE|en-US","esim thailand for iphone"
"esim thailand iphone 14",1,5,"de-DE|en-US","esim thailand for iphone"
"esim thailand klook",1,5,"en-GB|en-SG|en-US","esim thailand"
"esim thailand tourist true",1,5,"de-DE","esim thailand tourist"
"esim thailand unlimited internet",1,5,"en-US","esim thailand unlimited"
"esim tokyo airalo",1,5,"en-AU|en-GB|en-SG|en-US","esim tokyo"
"esim top up not working",1,5,"en-AU|en-GB|en-SG|en-US","esim top up"
"esim turkey data",1,5,"en-AU|en-GB|en-SG|en-US","esim turkey"
"esim turkey turkcell",1,5,"de-DE|en-GB|en-SG|en-US","esim turkey"
"esim uae price",1,5,"en-AU|en-GB|en-SG|en-US","esim uae"
"esim uk cheap reddit",1,5,"en-AU|en-GB|en-SG|en-US","esim uk price"
"esim uk cost",1,5,"en-SG","esim uk price"
"esim uk iphone 13",1,5,"de-DE","esim uk for iphone"
"esim uk travel reddit",1,5,"en-US","esim uk tourist"
"esim usa and canada unlimited",1,5,"de-DE","esim canada unlimited"
"esim usa einrichten iphone",1,5,"de-DE","esim usa for iphone"
"esim usa mexiko honduras",1,5,"de-DE","esim for usa and mexico"
"esim usa rates",1,5,"en-AU|en-GB|en-SG|en-US","esim usa price"
"esim usa unlimited data 30 days",1,5,"de-DE|en-US","esim usa unlimited"
"esim usa unlimited data and calls",1,5,"de-DE|en-US","esim usa unlimited"
"esim usbekistan",1,5,"de-DE","esim us"
"esim vietnam 30 days",1,5,"en-US","esim vietnam"
"esim vietnam trip.com",1,5,"en-AU|en-GB|en-SG","esim vietnam"
"esim visit china",1,5,"en-US","esim china tourist"
"esim vs pocket wifi reddit",1,5,"de-DE|en-AU|en-GB|en-SG|en-US","esim vs pocket wifi"
"esim vs pocket wifi taiwan",1,5,"de-DE|en-AU|en-GB|en-SG|en-US","esim vs pocket wifi"
"esim vs roaming in japan",1,5,"en-US","esim coverage in japan"
"esim vs sim battery life",1,5,"de-DE","esim vs sim"
"esim vs sim card difference",1,5,"en-AU|en-GB|en-SG|en-US","esim vs sim"
"esim with phone number south africa",1,5,"de-DE","esim with phone number"
"esim world. cup",1,5,"de-DE","esim world"
"esim zanzibar vodacom",1,5,"de-DE|en-US","esim zanzibar"
"esim ägypten vodafone",1,5,"de-DE","esim egypt"
"eu roaming esim uk",1,5,"en-US","roami esim uk"
"europe esim unlimited data 10 days",1,5,"de-DE|en-AU|en-GB|en-SG|en-US","europe esim unlimited"
"europe esim unlimited data hotspot",1,5,"de-DE","europe esim unlimited"
"ezy esim southeast asia",1,5,"de-DE","esim southeast asia"
"family link esim",1,5,"de-DE","esim for family"
"fido esim plans canada",1,5,"de-DE","esim canada plans"
"fiji visa requirements",1,5,"en-AU|en-GB|en-SG|en-US","fiji sim card for tourists"
"free esim for poland",1,5,"de-DE","esim for poland"
"free esim trial with number",1,5,"de-DE","esim free trial"
"free france esim card",1,5,"de-DE|en-US","france esim card"
"free usa esim for iphone",1,5,"en-US","esim usa for iphone"
"get free uk esim",1,5,"de-DE","how to get an esim for uk"
"getting a sim card in indonesia",1,5,"en-AU|en-GB|en-SG|en-US","indonesia sim card for tourists"
"global esim app",1,5,"de-DE","global esim"
"global esim australia",1,5,"en-AU","global esim"
"global esim card",1,5,"en-GB|en-US","global esim"
"global esim mongolia",1,5,"en-GB|en-SG","global esim"
"global roaming esim australia",1,5,"en-US","roami esim australia"
"gomo esim philippines price",1,5,"en-AU|en-GB|en-SG|en-US","esim philippines price"
"greece sim card esim",1,5,"de-DE|en-US","greece esim card"
"greece sim card price",1,5,"en-AU|en-GB|en-SG|en-US","greece sim card for tourists"
"hanoi esim card",1,5,"de-DE|en-US","esim hanoi"
"holafly amerika esim",1,5,"de-DE","esim america"
"holafly asia esim unlimited data",1,5,"de-DE|en-AU|en-GB|en-SG|en-US","asia esim unlimited"
"holafly barcelona esim",1,5,"de-DE|en-AU|en-GB|en-SG|en-US","barcelona esim"
"holafly china esim unlimited data",1,5,"de-DE|en-US","china esim unlimited data"
"holafly esim china hong kong macau",1,5,"de-DE|en-US","holafly esim china"
"holafly esim cost china",1,5,"en-US","holafly esim price"
"holafly esim discount code",1,5,"en-AU|en-GB|en-SG|en-US","holafly esim"
"holafly esim europe discount code",1,5,"en-AU|en-GB|en-SG|en-US","holafly esim promo code"
"holafly esim hong kong registration",1,5,"de-DE|en-US","holafly esim hong kong"
"holafly esim hotspot",1,5,"en-SG","holafly esim"
"holafly esim japan review reddit",1,5,"en-US","holafly esim japan"
"holafly esim maroc avis",1,5,"en-US","holafly esim morocco"
"holafly esim mexiko",1,5,"de-DE|en-US","holafly esim mexico"
"holafly esim middle east",1,5,"de-DE|en-AU|en-GB|en-SG|en-US","esim middle east"
"holafly esim not working in canada",1,5,"de-DE|en-US","holafly esim canada"
"holafly esim review japan",1,5,"de-DE|en-AU|en-GB|en-SG|en-US","holafly esim review"
"holafly esim south korea review",1,5,"de-DE|en-US","holafly esim korea"
"holafly esim suisse",1,5,"en-US","holafly esim switzerland"
"holafly esim thailand price",1,5,"de-DE|en-US","holafly esim thailand"
"holafly esim unlimited data reddit",1,5,"de-DE|en-US","holafly esim unlimited"
"holafly esim usa",1,5,"de-DE|en-GB|en-US","holafly esim"
"holafly esim usa aktivieren",1,5,"de-DE","holafly esim usa"
"holafly esim zuid korea",1,5,"de-DE","holafly esim korea"
"holafly esim.los angeles",1,5,"de-DE","esim los angeles"
"holafly spanish esim",1,5,"en-US","holafly esim spain"
"holafly vs airalo esim review",1,5,"de-DE|en-US","holafly esim vs airalo"
"hong kong prepaid esim card",1,5,"de-DE|en-US","hong kong esim card"
"hong kong tourist esim card",1,5,"de-DE|en-US","esim hong kong tourist"
"hotlink esim malaysia price",1,5,"de-DE|en-AU|en-GB|en-SG|en-US","esim malaysia price"
"how do i get an esim for south africa",1,5,"de-DE","how to get an esim for south africa"
"how many tourists visit argentina each year",1,5,"en-US","esim argentina tourist"
"how much is a sim card in australia",1,5,"en-AU|en-GB|en-SG|en-US","austria sim card for tourists"
"how much is a sim card in mexico",1,5,"en-AU|en-GB|en-SG|en-US","mexico sim card for tourists"
"how to activate esim in airtel",1,5,"en-GB","how to activate esim"
"how to activate esim on samsung phone",1,5,"en-AU","how to activate esim"
"how to activate esim simba",1,5,"en-SG","how to activate esim"
"how to activate esim verizon",1,5,"en-US","how to activate esim"
"how to add an esim for italy on saily",1,5,"de-DE|en-US","how to get an esim for italy"
"how to buy esim online for japan",1,5,"en-US","how to get an esim for japan"
"how to change esim",1,5,"en-US","best esim turkey 2026"
"how to create a esim",1,5,"en-US","how to get an esim for indonesia"
"how to get an esim usa number",1,5,"en-US","how to get an esim for usa"
"how to get an esim with chinese phone number",1,5,"en-US","how to get an esim for china"
"how to get esim for uk travel",1,5,"de-DE|en-US","how to get an esim for uk"
"how to get esim idea",1,5,"en-US","how to get an esim for colombia"
"how to get esim in india",1,5,"en-AU|en-GB|en-SG|en-US","best esim for delhi"
"how to get esim in philippines online",1,5,"de-DE|en-US","how to get an esim for philippines"
"how to get esim india online",1,5,"de-DE","how to get an esim for india"
"how to get esim korean number",1,5,"en-US","how to get an esim for korea"
"how to get esim optus",1,5,"en-US","how to get an esim for croatia"
"how to get free esim singapore airlines",1,5,"de-DE|en-US","how to get an esim for singapore"
"how to get free esim south africa",1,5,"de-DE|en-US","how to get an esim for south africa"
"how to get free esim usa number",1,5,"de-DE","how to get an esim for usa"
"how to get hong kong number esim",1,5,"de-DE|en-US","how to get an esim for hong kong"
"how to get indian esim in australia",1,5,"de-DE","how to get an esim for australia"
"how to get indian esim in canada",1,5,"de-DE|en-US","how to get an esim for canada"
"how to install esim on iphone 17",1,5,"en-GB|en-US","how to install esim"
"how to install esim on new phone",1,5,"en-AU|en-SG","how to install esim"
"how to install esim profile in iphone",1,5,"de-DE","how to install esim"
"how to install esim simify",1,5,"en-AU","how to install esim"
"how to register an esim",1,5,"en-US","how to get an esim for mexico"
"how to use an esim for japan",1,5,"de-DE|en-US","how to get an esim for japan"
"india esim online tourist",1,5,"de-DE","esim india tourist"
"india travel esim card",1,5,"de-DE|en-US","india esim card"
"international esim app",1,5,"de-DE|en-GB|en-SG|en-US","international esim"
"international esim japan",1,5,"en-AU","international esim"
"international roaming esim japan",1,5,"en-US","roami esim japan"
"iphone 14 hong kong esim",1,5,"de-DE","esim hong kong for iphone"
"is airalo esim good in vietnam",1,5,"de-DE|en-US","is airalo esim good"
"is esim better than physical sim in india",1,5,"en-US","esim india vs sim"
"is esim supported in hong kong",1,5,"en-US","is esim available in hong kong"
"is esim worth it in philippines",1,5,"de-DE|en-AU|en-GB|en-SG|en-US","is esim worth it"
"is holafly esim good for thailand",1,5,"de-DE|en-US","is holafly esim good"
"is hotspot tethering",1,5,"en-AU|en-GB|en-SG|en-US","esim hotspot tethering"
"is iceland included in o2 roaming",1,5,"en-US","esim coverage in iceland"
"is iphone 10 compatible with esim",1,5,"en-US","esim taiwan for iphone"
"is iphone esim available in the philippines",1,5,"de-DE|en-US","is esim available in philippines"
"is jetpac esim good in thailand",1,5,"de-DE|en-US","is jetpac esim good"
"is nomad esim an australian company",1,5,"de-DE|en-US","nomad esim australia"
"is nomad esim good for bali",1,5,"de-DE|en-US","is nomad esim good"
"is roamic esim good for egypt",1,5,"de-DE|en-US","is roamic esim good"
"is saily esim good for new zealand",1,5,"de-DE|en-US","saily esim new zealand"
"is saily esim good for turkey",1,5,"de-DE|en-US","is saily esim good"
"is sweden connected to denmark",1,5,"en-US","esim for denmark and sweden"
"is there esim available in china",1,5,"de-DE","is esim available in china"
"is ubigi esim good reddit",1,5,"de-DE|en-US","is ubigi esim good"
"istanbul esim internet",1,5,"de-DE|en-AU|en-GB|en-SG|en-US","istanbul esim"
"istanbul esim unlimited data",1,5,"en-AU|en-GB|en-SG|en-US","istanbul esim"
"italian esim card",1,5,"en-US","italy esim card"
"italy sim card esim",1,5,"de-DE","italy esim card"
"japan esim card airalo",1,5,"de-DE|en-US","japan esim card"
"japan esim card australia",1,5,"en-US","japan esim card"
"japan esim singapore reddit",1,5,"de-DE|en-US","esim singapore reddit"
"japan esim tourist 5g",1,5,"de-DE","esim japan tourist"
"japan esim unlimited data 14 days",1,5,"de-DE","japan esim unlimited data"
"japan esim vs physical sim",1,5,"de-DE|en-US","esim japan vs sim"
"japan sim card for tourist unlimited data",1,5,"en-AU|en-GB|en-SG|en-US","japan sim card for tourists"
"jetpac esim albanien",1,5,"de-DE","jetpac esim"
"jetpac esim china firewall",1,5,"de-DE|en-US","jetpac esim china"
"jetpac esim indonesia",1,5,"en-AU|en-GB|en-SG","jetpac esim"
"jetpac esim not working",1,5,"en-GB|en-SG|en-US","jetpac esim"
"jetpac esim review japan",1,5,"de-DE|en-AU|en-GB|en-SG|en-US","jetpac esim review"
"journey japan esim price",1,5,"de-DE","esim japan price"
"kenya vs tanzania results",1,5,"en-US","best esim for kenya and tanzania"
"klook esim for china review",1,5,"de-DE|en-US","esim for china review"
"klook esim taiwan unlimited",1,5,"de-DE|en-US","esim taiwan unlimited"
"klook manila esim",1,5,"de-DE|en-AU|en-GB|en-SG|en-US","manila esim"
"korea esim card with number",1,5,"de-DE|en-US","korea esim card"
"korea esim incheon airport",1,5,"en-US","esim korea airport"
"korea esim red reddit",1,5,"de-DE","esim korea reddit"
"kpn nl esim airalo malaysia",1,5,"de-DE|en-US","airalo esim malaysia"
"kpn nl esim airalo portugal",1,5,"de-DE|en-US","airalo esim portugal"
"ksa esim number",1,5,"de-DE|en-AU|en-GB|en-SG|en-US","ksa esim"
"lg u+ esim korea price",1,5,"de-DE","esim korea price"
"lyca esim uk plans",1,5,"de-DE|en-US","esim uk plans"
"malaysia kuala lumpur esim",1,5,"de-DE|en-AU|en-GB|en-SG|en-US","kuala lumpur esim"
"malaysia sim card for tourist digi",1,5,"en-AU|en-GB|en-SG|en-US","malaysia sim card for tourists"
"malaysia travel esim card",1,5,"de-DE|en-US","malaysia esim card"
"maldives esim malaysia",1,5,"en-US","esim for maldives"
"maroc telecom esim unlimited data",1,5,"en-US","morocco esim unlimited data"
"melbourne esim card",1,5,"de-DE|en-US","esim melbourne"
"mexico sim card",1,5,"en-US","mexico esim card"
"mexico sim card esim",1,5,"de-DE","mexico esim card"
"mobimatter esim china reddit",1,5,"de-DE","esim china reddit"
"movistar spain esim plans",1,5,"de-DE|en-US","esim spain plans"
"my roamic esim",1,5,"de-DE","roami esim"
"new zealand sim card for travellers",1,5,"en-AU|en-GB|en-SG|en-US","new zealand sim card for tourists"
"nomad esim add on price",1,5,"de-DE|en-US","nomad esim price"
"nomad esim au",1,5,"en-US","nomad esim australia"
"nomad esim bali",1,5,"en-AU","nomad esim"
"nomad esim china and hong kong",1,5,"en-US","nomad esim china"
"nomad esim china hong kong",1,5,"de-DE","nomad esim china"
"nomad esim china korea",1,5,"de-DE|en-US","nomad esim korea"
"nomad esim china unlimited",1,5,"de-DE|en-US","nomad esim unlimited"
"nomad esim discount code",1,5,"en-AU|en-GB|en-SG|en-US","nomad esim"
"nomad esim for usa review",1,5,"de-DE|en-US","esim for usa review"
"nomad esim india network",1,5,"de-DE|en-US","nomad esim india"
"nomad esim japan review reddit",1,5,"de-DE|en-US","nomad esim japan"
"nomad esim offers affordable data plans for international travelers",1,5,"de-DE","nomad esim plans"
"nomad esim promo code 40",1,5,"en-AU|en-GB|en-SG|en-US","nomad esim promo code"
"nomad esim promo.code thailand",1,5,"en-US","nomad esim thailand"
"nomad esim reddit",1,5,"en-US","nomad esim"
"nomad esim review philippines",1,5,"de-DE","nomad esim review"
"nomad esim singapore office",1,5,"de-DE|en-US","nomad esim singapore"
"nomad esim south korea review",1,5,"en-US","nomad esim korea"
"nomad esim suisse",1,5,"en-US","nomad esim switzerland"
"nomad esim türkei",1,5,"de-DE","nomad esim"
"nomad free shipping code",1,5,"en-US","nomad esim france"
"nomad vs airalo esim for europe",1,5,"de-DE|en-US","nomad esim vs airalo"
"norway vs sweden language",1,5,"en-US","best esim for norway and sweden"
"nz esim card",1,5,"de-DE|en-AU|en-GB|en-SG|en-US","nz esim"
"o2 esim uk price",1,5,"de-DE|en-AU|en-GB|en-SG|en-US","esim uk price"
"oceania esim with phone number",1,5,"en-AU|en-GB|en-SG|en-US","esim oceania"
"optus esim cost",1,5,"en-AU|en-GB|en-SG|en-US","cheapest esim for kenya"
"orange esim morocco unlimited data",1,5,"de-DE|en-US","esim morocco unlimited"
"orange spain esim card",1,5,"de-DE|en-US","spain esim card"
"osaka esim card",1,5,"en-US","esim osaka"
"paris esim holafly",1,5,"de-DE|en-SG","paris esim"
"paris esim internet",1,5,"en-AU|en-GB|en-SG|en-US","paris esim"
"personal esim buenos aires",1,5,"de-DE|en-AU|en-GB|en-SG|en-US","esim buenos aires"
"philippines sim card for tourist smart",1,5,"en-AU|en-GB|en-SG|en-US","philippines sim card for tourists"
"phuket esim card",1,5,"de-DE|en-US","esim phuket"
"prepaid esim usa tourist",1,5,"de-DE","esim usa tourist"
"revolut esim south africa cost",1,5,"en-AU|en-GB|en-SG|en-US","esim south africa price"
"revolut esim south africa reddit",1,5,"de-DE|en-US","esim south africa reddit"
"revolut esim switzerland reddit",1,5,"de-DE|en-US","esim switzerland reddit"
"revolut esim usa price",1,5,"de-DE|en-AU|en-GB|en-SG|en-US","esim usa price"
"roamic esim corea",1,5,"en-US","roamic esim korea"
"roamic esim rabatt code",1,5,"de-DE","roamic esim"
"roamic esim reviews bali",1,5,"de-DE","roamic esim review"
"roamic esim reviews morocco",1,5,"en-AU|en-GB|en-SG|en-US","roamic esim review"
"roamic turkish esim",1,5,"en-US","roamic esim turkey"
"roaming esim review",1,5,"en-AU|en-GB|en-SG|en-US","roami esim review"
"rogers esim canada price",1,5,"de-DE|en-AU|en-GB|en-SG|en-US","esim canada price"
"saily esim bali",1,5,"en-AU","saily esim"
"saily esim brazilie",1,5,"de-DE|en-US","saily esim brazil"
"saily esim canada phone number",1,5,"de-DE|en-US","saily esim canada"
"saily esim china",1,5,"en-SG|en-US","saily esim"
"saily esim coverage vietnam",1,5,"de-DE|en-AU|en-GB|en-SG|en-US","saily esim coverage"
"saily esim espana",1,5,"en-US","saily esim spain"
"saily esim for hawaii",1,5,"de-DE|en-US","esim for hawaii"
"saily esim france price",1,5,"de-DE|en-AU|en-GB|en-SG|en-US","esim france price"
"saily esim french polynesia",1,5,"en-US","saily esim france"
"saily esim japan and taiwan",1,5,"de-DE|en-US","saily esim taiwan"
"saily esim japan review reddit",1,5,"de-DE|en-US","saily esim japan"
"saily esim korea reviews",1,5,"de-DE","saily esim korea"
"saily esim las vegas",1,5,"de-DE|en-US","esim las vegas"
"saily esim malaysia not working",1,5,"de-DE|en-US","saily esim malaysia"
"saily esim not working in france",1,5,"de-DE|en-US","saily esim france"
"saily esim not working in singapore",1,5,"de-DE|en-US","saily esim singapore"
"saily esim orlando",1,5,"de-DE|en-US","esim orlando"
"saily esim plans australia",1,5,"de-DE|en-AU|en-GB|en-SG|en-US","saily esim plans"
"saily esim price canada",1,5,"de-DE|en-US","saily esim price"
"saily esim reddit",1,5,"en-SG|en-US","saily esim"
"saily esim review bali",1,5,"en-AU","saily esim review"
"saily esim review philippines",1,5,"en-US","saily esim review"
"saily esim thailand aktivieren",1,5,"de-DE","saily esim thailand"
"saily esim thailand uk",1,5,"en-US","saily esim thailand"
"saily esim turkey reviews",1,5,"de-DE","saily esim turkey"
"saily esim uk not working",1,5,"de-DE","saily esim uk"
"saily esim uk phone number",1,5,"en-US","saily esim uk"
"saily esim usa phone number",1,5,"de-DE|en-US","saily esim usa"
"saily esim vietnam viettel",1,5,"de-DE|en-US","saily esim vietnam"
"saily greek esim",1,5,"en-US","saily esim greece"
"saily korea esim",1,5,"en-US","saily esim korea"
"saily unlimited esim review",1,5,"de-DE|en-US","saily esim unlimited"
"saily vs airalo esim india",1,5,"de-DE|en-US","saily esim vs airalo"
"salt esim switzerland tourist",1,5,"de-DE|en-US","esim switzerland tourist"
"saudi arabia sim card list",1,5,"en-AU|en-GB|en-SG|en-US","saudi arabia sim card for tourists"
"seoul esim unlimited data",1,5,"en-AU|en-GB|en-SG|en-US","seoul esim"
"set up an esim",1,5,"en-US","how to get an esim for costa rica"
"singapore esim tourist 1 day",1,5,"de-DE|en-US","esim singapore tourist"
"singapore esim tourist m1",1,5,"de-DE","esim singapore tourist"
"singapore sim card for tourist 7 days",1,5,"en-AU|en-GB|en-SG|en-US","singapore sim card for tourists"
"smart esim philippines tourist reddit",1,5,"de-DE|en-US","esim philippines tourist"
"smart manila esim",1,5,"de-DE|en-AU|en-GB|en-SG|en-US","manila esim"
"smartwatch kids esim",1,5,"de-DE","esim for kids"
"southeast asia esim",1,5,"en-AU|en-GB|en-SG|en-US","esim southeast asia"
"spark esim auckland airport",1,5,"de-DE|en-US","esim auckland"
"spark esim for nz",1,5,"de-DE","esim for nz"
"spark esim new zealand travel",1,5,"en-US","esim new zealand tourist"
"swiss esim price",1,5,"en-AU","esim switzerland price"
"taiwan esim registration reddit",1,5,"de-DE","esim taiwan reddit"
"taiwan prepaid esim card",1,5,"de-DE|en-US","taiwan esim card"
"tarjeta esim holafly colombia",1,5,"en-US","holafly esim colombia"
"tarjeta esim holafly peru",1,5,"en-US","holafly esim peru"
"telstra australia esim card",1,5,"de-DE|en-US","australia esim card"
"telstra esim melbourne",1,5,"de-DE","esim melbourne"
"thailand esim card trip com",1,5,"de-DE|en-US","thailand esim card"
"thailand esim phuket airport",1,5,"de-DE|en-US","esim thailand airport"
"thailand sim card for tourist 60 days",1,5,"en-AU|en-GB|en-SG|en-US","thailand sim card for tourists"
"three ireland esim card",1,5,"de-DE|en-US","ireland esim card"
"tim esim italy price",1,5,"de-DE|en-AU|en-GB|en-SG|en-US","esim italy price"
"tim esim italy tourist",1,5,"en-US","esim italy tourist"
"tokyo esim with phone number",1,5,"en-AU|en-GB|en-SG|en-US","tokyo esim"
"travel esim apps",1,5,"en-US","travel esim"
"travel esim canada",1,5,"en-GB|en-US","travel esim"
"travel esim for ksa",1,5,"en-AU|en-GB|en-SG|en-US","esim for ksa"
"travel esim telekom",1,5,"de-DE","travel esim"
"trip com esim beijing",1,5,"de-DE","esim beijing"
"trip.com china esim price",1,5,"de-DE","esim china price"
"true esim thailand price",1,5,"de-DE","esim thailand price"
"turkey sim card esim",1,5,"de-DE|en-US","turkey esim card"
"uae sim card price for tourist",1,5,"en-AU|en-GB|en-SG|en-US","uae sim card for tourists"
"ubigi esim china and japan",1,5,"de-DE|en-US","ubigi esim china"
"ubigi esim discount code",1,5,"en-AU|en-GB|en-SG|en-US","ubigi esim promo code"
"ubigi esim europe and uk",1,5,"en-US","ubigi esim uk"
"ubigi esim europe price",1,5,"de-DE|en-US","ubigi esim price"
"ubigi esim for japan review",1,5,"de-DE|en-US","esim for japan review"
"ubigi esim italy",1,5,"en-GB|en-US","ubigi esim"
"ubigi esim japan 20gb",1,5,"de-DE","ubigi esim japan"
"ubigi esim japan cost",1,5,"en-US","ubigi esim japan"
"ubigi esim japan price",1,5,"de-DE|en-AU|en-GB|en-SG|en-US","esim japan price"
"ubigi esim new zealand",1,5,"en-AU","ubigi esim"
"ubigi esim not working",1,5,"en-SG","ubigi esim"
"ubigi esim review usa",1,5,"de-DE|en-AU|en-GB|en-SG|en-US","ubigi esim review"
"ubigi esim scandinavia",1,5,"de-DE|en-AU|en-GB|en-SG|en-US","esim scandinavia"
"ubigi esim schweiz erfahrungen",1,5,"en-US","ubigi esim switzerland"
"ubigi esim south korea and japan",1,5,"en-US","ubigi esim korea"
"ubigi esim unlimited reddit",1,5,"de-DE|en-US","ubigi esim unlimited"
"ubigi esim usa reviews",1,5,"de-DE","ubigi esim usa"
"ubigi esim usage",1,5,"de-DE|en-US","ubigi esim usa"
"uk esim card online",1,5,"de-DE|en-US","uk esim card"
"uk esim for iphone 13",1,5,"en-US","esim uk for iphone"
"uk esim unlimited roaming",1,5,"en-AU|en-GB|en-SG","uk esim unlimited"
"uk ireland esim card",1,5,"de-DE|en-US","ireland esim card"
"uk prepaid sim card for tourist unlimited data",1,5,"en-AU|en-GB|en-SG|en-US","uk sim card for tourists"
"unlimited data esim plans australia",1,5,"de-DE|en-US","unlimited data esim australia"
"unlimited data esim uk monthly",1,5,"de-DE|en-US","unlimited data esim uk"
"unlimited data plan esim canada",1,5,"de-DE|en-US","unlimited data esim canada"
"unlimited data spanish esim",1,5,"en-US","unlimited data esim spain"
"unlimited esim data",1,5,"en-AU|en-GB|en-SG|en-US","unlimited esim"
"unlimited esim indonesia",1,5,"en-AU","unlimited esim"
"unlimited internet esim japan",1,5,"en-US","unlimited data esim japan"
"unlimited internet sim plans",1,5,"en-US","unlimited data esim argentina"
"us esim at&t",1,5,"de-DE","us esim"
"us esim for tourists",1,5,"en-AU|en-GB|en-SG","us esim"
"us esim unlimited data",1,5,"en-US","usa esim unlimited data"
"usa esim card prepaid",1,5,"en-US","usa esim card"
"usa esim unlimited sms",1,5,"en-AU|en-GB|en-SG","usa esim unlimited"
"usa sim card for visitors",1,5,"en-AU|en-GB|en-SG|en-US","usa sim card for tourists"
"using dual sim with an esim",1,5,"en-AU|en-GB|en-SG|en-US","best esim for vienna"
"via esim discount code",1,5,"de-DE","esim discount code"
"vietnam esim australia",1,5,"en-AU","viet nam esim"
"vietnam sim card for tourist klook",1,5,"en-AU|en-GB|en-SG|en-US","vietnam sim card for tourists"
"viettel esim hanoi",1,5,"de-DE|en-US","esim hanoi"
"viettel esim vietnam reddit",1,5,"de-DE|en-US","esim vietnam reddit"
"vivo esim brazil tourist plan",1,5,"de-DE|en-US","esim brazil tourist"
"vodacom esim south africa travel",1,5,"en-US","esim south africa tourist"
"vodafone berlin esim",1,5,"en-AU|en-GB|en-SG|en-US","berlin esim"
"vodafone dublin esim",1,5,"de-DE|en-AU|en-GB|en-SG|en-US","dublin esim"
"vodafone egypt sim card for tourist price",1,5,"en-AU|en-GB|en-SG|en-US","egypt sim card for tourists"
"vodafone esim australia plans",1,5,"en-US","esim australia plans"
"vodafone esim cape town",1,5,"de-DE|en-AU|en-GB|en-SG|en-US","esim cape town"
"vodafone esim france reddit",1,5,"de-DE|en-US","esim france reddit"
"vodafone esim netherlands reddit",1,5,"de-DE|en-US","esim netherlands reddit"
"vodafone esim south africa review",1,5,"de-DE|en-US","esim for south africa review"
"vodafone esim turkey reddit",1,5,"en-US","esim turkey reddit"
"vodafone germany esim card",1,5,"en-US","germany esim card"
"vodafone italy tourist esim",1,5,"de-DE","esim italy tourist"
"vodafone turkey esim tourist price",1,5,"de-DE","esim turkey tourist"
"vodafone turkey prepaid sim card for tourists",1,5,"de-DE|en-AU|en-GB|en-SG|en-US","turkey sim card for tourists"
"what do i need to buy a sim card in south africa",1,5,"en-AU|en-GB|en-SG|en-US","south africa sim card for tourists"
"what esims work in costa rica",1,5,"en-AU|en-GB|en-SG|en-US","does esim work in costa rica"
"what is an esim app",1,5,"de-DE|en-AU","what is an esim"
"what is an esim update",1,5,"en-GB|en-SG|en-US","what is an esim"
"what is sim in brazil",1,5,"en-AU|en-GB|en-SG|en-US","brazil sim card for tourists"
"what is the cheapest esim for use in portugal",1,5,"en-AU|en-GB|en-SG|en-US","cheapest esim for portugal"
"what percentage of south america does brazil cover",1,5,"en-US","esim for brazil and argentina"
"what's the best esim.for israel",1,5,"de-DE","best esim for israel"
"where to buy a sim card in germany",1,5,"en-AU|en-GB|en-SG|en-US","germany sim card for tourists"
"where to buy a sim card in reykjavik",1,5,"en-AU|en-GB|en-SG|en-US","iceland sim card for tourists"
"where to buy sim card in amsterdam",1,5,"en-AU|en-GB|en-SG|en-US","netherlands sim card for tourists"
"where to buy sim card in hong kong airport",1,5,"en-US","esim hong kong airport"
"where to buy sim card in spain",1,5,"en-AU|en-GB|en-SG|en-US","spain sim card for tourists"
"where to buy taiwan sim card",1,5,"en-AU|en-GB|en-SG|en-US","taiwan sim card for tourists"
"where to get jazz esim",1,5,"en-US","best esim for japan and vietnam"
"which esim app is best for thailand",1,5,"de-DE|en-AU|en-GB|en-SG|en-US","which esim is best for thailand"
"which esim card is best for china",1,5,"en-AU|en-GB|en-SG|en-US","which esim is best for china"
"which esim is best for england",1,5,"en-AU|en-GB|en-SG|en-US","which esim is best for uk"
"which esim is best for japan iphone",1,5,"de-DE|en-AU|en-GB|en-SG|en-US","which esim is best for japan"
"which esim is good for thailand",1,5,"en-AU|en-GB|en-SG|en-US","which esim is best for thailand"
"which ipad models have esim",1,5,"en-AU|en-GB|en-SG|en-US","which esim is best for peru"
"which is better sim or esim",1,5,"en-US","esim turkey vs sim"
"which network is best for esim in india",1,5,"de-DE|en-AU|en-GB|en-SG|en-US","which esim is best for india"
"will saily esim for spain work in mallorca",1,5,"de-DE|en-US","saily esim spain"
"xl indonesia esim tourist",1,5,"de-DE|en-US","esim indonesia tourist"
"yesim esim installieren",1,5,"de-DE","yesim esim"
"yesim esim promo code",1,5,"en-AU|en-GB|en-SG|en-US","yesim esim"
"yesim esim reviews",1,5,"de-DE","yesim esim review"
"5g esim plans singapore",1,6,"de-DE","esim singapore plans"
"abu dhabi esim data",1,6,"de-DE|en-AU|en-GB|en-SG|en-US","abu dhabi esim"
"abu dhabi free sim card for tourist",1,6,"en-AU|en-GB|en-SG|en-US","uae sim card for tourists"
"activate esim card iphone",1,6,"en-US","iceland esim card"
"affordable esim for india",1,6,"en-AU|en-GB|en-SG|en-US","cheapest esim for india"
"affordable esim for vietnam",1,6,"en-AU|en-GB|en-SG|en-US","cheapest esim for vietnam"
"airalo brazil esim",1,6,"en-US","airalo esim brazil"
"airalo esim australia network",1,6,"de-DE|en-US","airalo esim australia"
"airalo esim card france",1,6,"de-DE|en-US","airalo esim france"
"airalo esim card turkey",1,6,"de-DE|en-US","airalo esim turkey"
"airalo esim china vpn reddit",1,6,"de-DE","airalo esim china"
"airalo esim discount code canada",1,6,"en-AU|en-GB|en-SG|en-US","airalo esim promo code"
"airalo esim espana",1,6,"en-US","airalo esim spain"
"airalo esim for australia and new zealand",1,6,"de-DE|en-US","esim for australia and new zealand"
"airalo esim for china review",1,6,"de-DE|en-US","esim for china review"
"airalo esim for japan and south korea",1,6,"de-DE|en-US","esim for japan and south korea"
"airalo esim for vietnam and cambodia",1,6,"en-US","esim for vietnam and cambodia"
"airalo esim french polynesia",1,6,"en-US","airalo esim france"
"airalo esim india network",1,6,"de-DE|en-US","airalo esim india"
"airalo esim japan and south korea",1,6,"en-US","airalo esim japan"
"airalo esim japan apn",1,6,"de-DE","airalo esim japan"
"airalo esim los angeles",1,6,"de-DE|en-US","esim los angeles"
"airalo esim price philippines",1,6,"de-DE|en-US","airalo esim price"
"airalo esim review usa",1,6,"de-DE|en-AU|en-GB|en-SG|en-US","airalo esim review"
"airalo esim suisse",1,6,"en-US","airalo esim switzerland"
"airalo esim thailand and vietnam",1,6,"en-US","airalo esim thailand"
"airalo esim turkey",1,6,"en-GB","airalo esim"
"airalo esim unlimited vs standard",1,6,"de-DE|en-US","airalo esim unlimited"
"airalo esim usa phone number",1,6,"de-DE|en-US","airalo esim usa"
"airalo esim usa plans",1,6,"en-US","esim usa plans"
"airalo esim usa price",1,6,"de-DE|en-AU|en-GB|en-SG|en-US","esim usa price"
"airalo esim vietnam review reddit",1,6,"de-DE|en-US","airalo esim vietnam"
"airalo esim.unlimited data speed",1,6,"en-US","airalo esim unlimited"
"airalo irish esim",1,6,"en-US","airalo esim ireland"
"airalo kanada esim not working",1,6,"de-DE","airalo esim canada"
"airalo ksa esim",1,6,"de-DE","ksa esim"
"airalo south africa e sim",1,6,"en-US","airalo esim south africa"
"airalo turkey esim prices",1,6,"de-DE","airalo esim turkey"
"airalo vs klook esim taiwan",1,6,"en-US","airalo esim taiwan"
"airalo vs vodafone esim italy",1,6,"de-DE|en-US","airalo esim italy"
"airtel india esim card",1,6,"de-DE|en-US","india esim card"
"ais thailand unlimited esim",1,6,"de-DE","esim thailand unlimited"
"alosim esim installation",1,6,"de-DE","alosim esim"
"alosim esim reddit",1,6,"en-AU|en-GB|en-SG|en-US","alosim esim"
"america esim with number",1,6,"en-AU|en-GB|en-SG|en-US","america esim"
"are greece and italy similar",1,6,"en-US","best esim for italy and greece"
"australia sim card for tourist singapore",1,6,"en-AU|en-GB|en-SG|en-US","australia sim card for tourists"
"bali esim airalo",1,6,"de-DE","bali esim"
"bangkok esim 1 day",1,6,"de-DE","bangkok esim"
"bangkok esim with phone number",1,6,"en-AU|en-GB|en-SG|en-US","bangkok esim"
"best and cheapest esim for france",1,6,"de-DE|en-AU|en-GB|en-SG|en-US","cheapest esim for france"
"best and cheapest esim for germany",1,6,"de-DE|en-AU|en-GB|en-SG|en-US","cheapest esim for germany"
"best and cheapest esim for hong kong",1,6,"de-DE|en-AU|en-GB|en-SG|en-US","cheapest esim for hong kong"
"best and cheapest esim for italy",1,6,"de-DE|en-AU|en-GB|en-SG|en-US","cheapest esim for italy"
"best and cheapest esim for korea",1,6,"de-DE|en-AU|en-GB|en-SG|en-US","cheapest esim for korea"
"best and cheapest esim for new zealand",1,6,"de-DE|en-AU|en-GB|en-SG|en-US","cheapest esim for new zealand"
"best beijing esim",1,6,"de-DE|en-AU|en-GB|en-SG|en-US","beijing esim"
"best berlin esim",1,6,"en-AU|en-GB|en-SG|en-US","berlin esim"
"best canadian sim card for tourists",1,6,"en-AU|en-GB|en-SG|en-US","canada sim card for tourists"
"best cheap esim for egypt",1,6,"en-US","cheap esim egypt"
"best cheap esim japan",1,6,"en-US","cheap esim japan"
"best cheap esim south korea",1,6,"de-DE|en-US","cheap esim korea"
"best cheap esim thailand",1,6,"de-DE|en-US","cheap esim thailand"
"best cheapest esim for china",1,6,"de-DE|en-AU|en-GB|en-SG|en-US","cheapest esim for china"
"best cheapest esim for turkey",1,6,"en-AU|en-GB|en-SG|en-US","cheapest esim for turkey"
"best cheapest esim vietnam",1,6,"de-DE","cheapest esim for vietnam"
"best china sim card for tourist",1,6,"en-AU|en-GB|en-SG|en-US","china sim card for tourists"
"best e sim istanbul",1,6,"en-AU|en-GB|en-SG|en-US","best esim for istanbul"
"best egypt sim card for tourist",1,6,"en-AU|en-GB|en-SG|en-US","egypt sim card for tourists"
"best esim apps 2026",1,6,"de-DE","best esim 2026"
"best esim apps for peru",1,6,"de-DE","best esim for peru"
"best esim cancun",1,6,"de-DE|en-AU|en-GB|en-SG|en-US","esim cancun"
"best esim card for prague",1,6,"de-DE|en-AU|en-GB|en-SG|en-US","best esim for prague"
"best esim card for seoul",1,6,"de-DE|en-AU|en-GB|en-SG|en-US","best esim for seoul"
"best esim card for vietnam and cambodia",1,6,"en-US","best esim for vietnam and cambodia"
"best esim deals canada",1,6,"de-DE|en-AU|en-GB|en-SG|en-US","best esim deals"
"best esim dublin",1,6,"de-DE|en-AU|en-GB|en-SG|en-US","esim dublin"
"best esim europe 2026",1,6,"de-DE|en-AU|en-GB|en-SG|en-US","best esim 2026"
"best esim for africa safari",1,6,"de-DE|en-AU|en-GB|en-SG|en-US","best esim for africa"
"best esim for america and mexico",1,6,"de-DE|en-AU|en-GB|en-SG|en-US","best esim for america"
"best esim for amsterdam",1,6,"de-DE|en-AU|en-GB|en-SG|en-US","esim for amsterdam"
"best esim for asia and australia",1,6,"de-DE","best esim for asia"
"best esim for australia tourist",1,6,"de-DE","best esim for australia"
"best esim for australians in new zealand",1,6,"en-US","best esim for australia and new zealand"
"best esim for australians travelling to japan",1,6,"en-AU","best esim for australia"
"best esim for austria and italy",1,6,"de-DE|en-AU|en-GB|en-SG|en-US","best esim for austria"
"best esim for backpacking south america",1,6,"de-DE|en-AU|en-GB|en-SG|en-US","esim for backpacking"
"best esim for bali from australia reddit",1,6,"en-AU","best esim for bali"
"best esim for bali from uk",1,6,"en-GB|en-SG|en-US","best esim for bali"
"best esim for bangkok and chiang mai",1,6,"de-DE|en-AU|en-GB|en-SG|en-US","best esim for bangkok"
"best esim for belgium",1,6,"en-AU|en-GB|en-SG|en-US","esim for belgium"
"best esim for canada with phone number",1,6,"de-DE","best esim for canada"
"best esim for china and japan",1,6,"de-DE|en-AU|en-GB|en-US","best esim for china"
"best esim for china hong kong and taiwan",1,6,"en-US","best esim for hong kong and china"
"best esim for china to use whatsapp",1,6,"en-SG","best esim for china"
"best esim for china with vpn reddit",1,6,"de-DE|en-GB|en-US","best esim for china"
"best esim for croatia and greece",1,6,"de-DE|en-AU|en-GB|en-SG|en-US","best esim for croatia"
"best esim for dubai and abu dhabi",1,6,"de-DE|en-AU|en-GB|en-SG|en-US","best esim for dubai"
"best esim for dutch st maarten",1,6,"en-AU|en-GB|en-SG|en-US","best esim for holland"
"best esim for egypt and turkey",1,6,"de-DE","best esim for egypt"
"best esim for egypt holiday",1,6,"en-AU|en-GB|en-SG|en-US","best esim for egypt"
"best esim for england reddit",1,6,"de-DE|en-AU|en-GB|en-SG|en-US","best esim for england"
"best esim for europe from canada",1,6,"de-DE|en-GB|en-SG","best esim for europe"
"best esim for fiji from nz",1,6,"de-DE|en-AU|en-GB|en-SG|en-US","best esim for fiji"
"best esim for georgia tbilisi",1,6,"de-DE|en-AU|en-GB|en-SG|en-US","best esim for georgia"
"best esim for india from canada",1,6,"en-AU|en-GB|en-SG|en-US","best esim for india"
"best esim for indonesia and malaysia",1,6,"de-DE|en-AU|en-GB|en-SG|en-US","best esim for indonesia"
"best esim for italy and austria",1,6,"de-DE","best esim for germany and austria"
"best esim for italy and uk",1,6,"en-AU","best esim for italy"
"best esim for italy from uk",1,6,"en-GB|en-SG","best esim for italy"
"best esim for japan 2025",1,6,"de-DE","best esim for japan"
"best esim for kenya from uk",1,6,"de-DE|en-AU|en-GB|en-SG|en-US","best esim for kenya"
"best esim for korea trip",1,6,"de-DE|en-AU|en-GB|en-SG|en-US","best esim for korea"
"best esim for korean",1,6,"de-DE","best esim for korea"
"best esim for london and amsterdam",1,6,"de-DE|en-AU|en-GB|en-SG|en-US","best esim for amsterdam"
"best esim for miami florida",1,6,"en-US","esim for miami"
"best esim for morocco ubigi",1,6,"de-DE|en-AU|en-GB|en-SG|en-US","best esim for morocco"
"best esim for new york",1,6,"en-US","esim for new york"
"best esim for nz and aus",1,6,"en-AU|en-GB|en-SG","best esim for nz"
"best esim for nz iphone",1,6,"de-DE|en-AU|en-GB|en-SG|en-US","best esim for nz"
"best esim for oman and uae",1,6,"de-DE|en-AU|en-GB|en-SG|en-US","best esim for uae"
"best esim for osaka reddit",1,6,"de-DE|en-US","esim for osaka"
"best esim for paris and spain",1,6,"de-DE|en-AU|en-GB|en-SG|en-US","best esim for paris"
"best esim for philippines 2025",1,6,"de-DE|en-AU|en-GB|en-SG|en-US","best esim for philippines"
"best esim for philippines and bali",1,6,"de-DE","best esim for philippines"
"best esim for portugal and morocco",1,6,"de-DE|en-AU|en-GB|en-SG|en-US","best esim for portugal"
"best esim for saudi arabia hajj",1,6,"en-AU|en-GB|en-SG|en-US","best esim for saudi arabia"
"best esim for shanghai china",1,6,"en-US","esim for shanghai"
"best esim for south american",1,6,"de-DE|en-AU|en-GB|en-SG|en-US","best esim for south america"
"best esim for spain unlimited data",1,6,"de-DE|en-AU|en-GB|en-SG|en-US","best esim for spain"
"best esim for switzerland unlimited data",1,6,"de-DE|en-AU|en-GB|en-SG|en-US","best esim for switzerland"
"best esim for taiwan and vietnam",1,6,"de-DE|en-AU|en-GB|en-SG|en-US","best esim for taiwan"
"best esim for thailand",1,6,"de-DE|en-GB|en-SG","best esim"
"best esim for thailand and bali",1,6,"en-US","best esim for thailand"
"best esim for thailand tourist",1,6,"de-DE|en-GB|en-SG","best esim for thailand"
"best esim for travel to usa and canada from australia",1,6,"en-US","best esim for usa and canada"
"best esim for turkey antalya",1,6,"de-DE|en-AU|en-GB|en-SG|en-US","best esim for turkey"
"best esim for uk and ireland iphone",1,6,"de-DE|en-US","best esim for ireland and uk"
"best esim for uk tourist",1,6,"de-DE","best esim for uk"
"best esim for ukraine",1,6,"en-GB|en-SG|en-US","best esim for uk"
"best esim for us travel",1,6,"en-GB|en-SG|en-US","best esim for us"
"best esim for vietnam from uk",1,6,"en-GB|en-SG|en-US","best esim for vietnam"
"best esim for vietnam with phone number",1,6,"en-US","best esim for vietnam"
"best esim for voice calls",1,6,"de-DE","esim voice calls"
"best esim for.vancouver reddit",1,6,"de-DE|en-US","esim for vancouver"
"best esim germany tourist",1,6,"en-US","esim germany tourist"
"best esim in singapore for tourist",1,6,"en-SG","best esim"
"best esim in vancouver",1,6,"de-DE","esim for vancouver"
"best esim indonesia tourist",1,6,"de-DE|en-US","esim indonesia tourist"
"best esim melbourne",1,6,"de-DE|en-US","esim melbourne"
"best esim new zealand travel",1,6,"en-US","esim new zealand tourist"
"best esim plan for israel",1,6,"de-DE|en-AU|en-GB|en-SG|en-US","best esim for israel"
"best esim plans for colombia",1,6,"de-DE","best esim for colombia"
"best esim plans spain",1,6,"de-DE|en-US","esim spain plans"
"best esim southeast asia",1,6,"de-DE|en-AU|en-GB|en-SG|en-US","esim southeast asia"
"best esim thailand phuket",1,6,"de-DE","esim for phuket"
"best esim turkey for tourists",1,6,"de-DE","esim turkey tourist"
"best esim usa tourist",1,6,"de-DE","esim usa tourist"
"best esim.plans canada",1,6,"de-DE","esim canada plans"
"best france esim card",1,6,"de-DE|en-US","france esim card"
"best holafly esim discount code",1,6,"en-AU|en-GB|en-SG|en-US","holafly esim promo code"
"best italy esim card",1,6,"de-DE|en-US","italy esim card"
"best malaysia esim card",1,6,"de-DE|en-US","malaysia esim card"
"best manila esim",1,6,"en-AU|en-GB|en-SG|en-US","manila esim"
"best new zealand sim card for tourist",1,6,"en-AU|en-GB|en-SG|en-US","new zealand sim card for tourists"
"best philippines sim card for tourist",1,6,"en-AU|en-GB|en-US","philippines sim card for tourists"
"best price esim for china",1,6,"en-AU|en-GB|en-SG|en-US","cheapest esim for china"
"best sim card in turkey for tourists prepaid",1,6,"de-DE|en-AU|en-GB|en-SG|en-US","turkey sim card for tourists"
"best tourist esim vietnam",1,6,"de-DE","esim vietnam tourist"
"best travel esim bali",1,6,"de-DE","best esim for bali"
"best travel esim for belgium",1,6,"de-DE|en-AU|en-GB|en-SG|en-US","best esim for belgium"
"best travel esim for spain and portugal",1,6,"de-DE|en-US","best esim for spain and portugal"
"best travel esim for turkey",1,6,"de-DE","best esim for turkey"
"best unlimited data esim usa",1,6,"en-US","unlimited data esim usa"
"best vietnam esim card",1,6,"de-DE|en-US","vietnam esim card"
"better roaming esim review",1,6,"en-AU|en-GB|en-SG|en-US","roami esim review"
"boost esim melbourne",1,6,"de-DE","esim melbourne"
"breeze esim canada reddit",1,6,"de-DE|en-US","esim canada reddit"
"brussels airlines breeze esim",1,6,"de-DE|en-AU|en-GB|en-SG|en-US","brussels esim"
"buy esim edinburgh",1,6,"de-DE|en-US","esim edinburgh"
"buy esim for barcelona",1,6,"en-AU|en-GB|en-SG|en-US","esim for barcelona"
"buy esim for czech republic",1,6,"en-AU|en-GB|en-SG|en-US","esim for czech republic"
"buy esim for hawaii",1,6,"en-US","esim for hawaii"
"buy malaysia esim card",1,6,"en-US","malaysia esim card"
"buy taiwan esim card",1,6,"de-DE|en-US","taiwan esim card"
"buying a sim card in morocco",1,6,"en-AU|en-GB|en-SG|en-US","morocco sim card for tourists"
"can i buy a sim card at lisbon airport",1,6,"en-AU|en-GB|en-SG|en-US","portugal sim card for tourists"
"can i get an esim on o2",1,6,"en-US","how to get an esim for georgia"
"canada unlimited data plan esim",1,6,"de-DE|en-US","canada esim unlimited data"
"cheap 5g esim japan",1,6,"de-DE","cheap esim japan"
"cheap canada esim plans",1,6,"de-DE","cheap esim canada"
"cheap data esim singapore",1,6,"de-DE","cheap esim singapore"
"cheap esim data uae",1,6,"de-DE","esim cheap data"
"cheap esim data usa",1,6,"en-AU|en-GB|en-SG|en-US","esim cheap data"
"cheap esim for japan and korea",1,6,"en-US","cheap esim korea"
"cheap esim french polynesia",1,6,"en-US","cheap esim france"
"cheap esim phones india",1,6,"en-US","cheap esim india"
"cheap esim plans india",1,6,"de-DE","cheap esim india"
"cheap esim to use in china",1,6,"de-DE","cheap esim china"
"cheap esim uk payg",1,6,"en-US","cheap esim uk"
"cheap esim uk travel",1,6,"de-DE","cheap esim uk"
"cheap prepaid esim malaysia",1,6,"de-DE","cheap esim malaysia"
"cheap prepaid esim spain",1,6,"de-DE","cheap esim spain"
"cheap travel esim turkey",1,6,"de-DE","cheap esim turkey"
"cheap unlimited data esim canada",1,6,"de-DE|en-US","unlimited data esim canada"
"cheapest data esim for egypt",1,6,"de-DE|en-AU|en-GB|en-SG|en-US","cheapest esim for egypt"
"cheapest esim australia prepaid 365 days",1,6,"en-US","cheap esim australia"
"cheapest esim data usa",1,6,"de-DE","cheapest esim for usa"
"cheapest esim for bangkok",1,6,"en-AU|en-GB|en-SG|en-US","esim for bangkok"
"cheapest esim for japan trip",1,6,"de-DE|en-AU|en-GB|en-SG|en-US","cheapest esim for japan"
"cheapest esim for phuket",1,6,"de-DE|en-US","esim for phuket"
"cheapest esim for rome",1,6,"en-AU|en-GB|en-SG|en-US","esim for rome"
"cheapest esim for thailand travel",1,6,"de-DE|en-AU|en-GB|en-SG|en-US","cheapest esim for thailand"
"cheapest esim for uk and ireland",1,6,"de-DE|en-AU|en-GB|en-SG|en-US","cheapest esim for uk"
"cheapest esim new york",1,6,"de-DE","esim for new york"
"cheapest esim phone unlocked",1,6,"en-US","cheapest esim"
"cheapest esim plan for mexico",1,6,"de-DE|en-AU|en-GB|en-SG|en-US","cheapest esim for mexico"
"cheapest esim plans ireland",1,6,"de-DE|en-US","esim ireland plans"
"cheapest esim prepaid",1,6,"de-DE","cheap esim usa"
"cheapest esim singapore and malaysia",1,6,"en-US","cheap esim singapore"
"cheapest esim singapore for tourist",1,6,"de-DE|en-AU|en-GB|en-SG|en-US","cheapest esim for singapore"
"cheapest esim spain and portugal",1,6,"en-US","cheap esim spain"
"cheapest esim thailand 15 days",1,6,"en-US","cheap esim thailand"
"cheapest esim usa reddit",1,6,"en-US","esim usa reddit"
"cheapest roaming esim singapore",1,6,"en-US","roami esim singapore"
"cheapest roaming esim usa",1,6,"en-US","roami esim usa"
"cheapest unlimited esim for spain",1,6,"de-DE|en-AU|en-GB|en-SG|en-US","cheapest esim for spain"
"china esim card data",1,6,"de-DE|en-US","china esim card"
"china esim with vpn unlimited data",1,6,"de-DE|en-US","china esim unlimited data"
"china mobile esim unlimited data",1,6,"de-DE|en-US","china esim unlimited data"
"come attivare esim airalo indonesia su iphone 13",1,6,"de-DE","airalo esim indonesia"
"cricket esim free trial",1,6,"de-DE","esim free trial"
"daily french esim",1,6,"en-US","saily esim france"
"data esim for poland",1,6,"de-DE","esim poland"
"difference between esim and euicc",1,6,"en-US","alosim esim vs airalo"
"do i need a uk esim for northern ireland",1,6,"de-DE|en-US","do i need an esim for ireland"
"do i need an esim for japan att",1,6,"de-DE","do i need an esim for japan"
"do i need an idp for switzerland",1,6,"en-US","esim belgium tourist"
"do i need to get an esim for hk if i have china mobile",1,6,"de-DE","do i need an esim for china"
"do iphone 11 support esim",1,6,"en-AU|en-GB|en-SG|en-US","athens esim"
"does airalo china esim work in hong kong",1,6,"de-DE","does esim work in hong kong"
"does airalo esim work in germany",1,6,"en-AU|en-GB|en-SG|en-US","does esim work in germany"
"does airalo esim work in spain",1,6,"de-DE|en-AU|en-GB|en-SG|en-US","does esim work in spain"
"does airalo esim work in uk",1,6,"de-DE|en-AU|en-GB|en-SG|en-US","does esim work in uk"
"does airtel esim work in australia",1,6,"de-DE|en-AU|en-GB|en-SG|en-US","does esim work in australia"
"does digi support esim",1,6,"en-AU|en-GB|en-SG|en-US","esim for digital nomad"
"does e sim available in india",1,6,"en-US","is esim available in india"
"does eskimo esim work in singapore",1,6,"de-DE|en-AU|en-GB|en-SG|en-US","does esim work in singapore"
"does holafly esim work in japan",1,6,"de-DE|en-AU|en-GB|en-SG|en-US","does esim work in japan"
"does holafly esim work in thailand",1,6,"de-DE|en-AU|en-GB|en-SG|en-US","does esim work in thailand"
"does klook esim work in malaysia",1,6,"de-DE|en-AU|en-GB|en-SG|en-US","does esim work in malaysia"
"does maya esim work in iceland",1,6,"de-DE|en-AU|en-GB|en-SG|en-US","does esim work in iceland"
"does maya esim work in italy",1,6,"de-DE|en-AU|en-GB|en-SG|en-US","does esim work in italy"
"does maya esim work in philippines",1,6,"de-DE|en-AU|en-GB|en-SG|en-US","does esim work in philippines"
"does maya esim work in south africa",1,6,"de-DE|en-AU|en-GB|en-SG|en-US","does esim work in south africa"
"does maya esim work in turkey",1,6,"de-DE|en-AU|en-GB|en-SG|en-US","does esim work in turkey"
"does maya esim work in vietnam",1,6,"de-DE|en-AU|en-GB|en-SG|en-US","does esim work in vietnam"
"does mint mobile offer esim",1,6,"en-US","jetpac esim morocco"
"does nomad esim china work in hong kong",1,6,"de-DE|en-US","nomad esim hong kong"
"does nomad esim route through hong kong",1,6,"de-DE|en-US","nomad esim hong kong"
"does nomad esim work in canada",1,6,"de-DE|en-AU|en-GB|en-SG|en-US","does esim work in canada"
"does nomad esim work in china",1,6,"de-DE|en-AU|en-GB|en-SG|en-US","does esim work in china"
"does nomad esim work in india",1,6,"de-DE|en-AU|en-GB|en-SG|en-US","does esim work in india"
"does nomad esim work in switzerland",1,6,"de-DE|en-AU|en-GB|en-SG|en-US","does esim work in switzerland"
"does nomad esim work in usa",1,6,"de-DE|en-AU|en-GB|en-SG|en-US","does esim work in usa"
"does orange esim work in france",1,6,"de-DE|en-AU|en-GB|en-SG|en-US","does esim work in france"
"does orange esim work in morocco",1,6,"de-DE|en-AU|en-GB|en-SG|en-US","does esim work in morocco"
"does philippines have esim card",1,6,"de-DE|en-US","philippines esim card"
"does philippines have esim for iphone",1,6,"de-DE|en-US","esim philippines for iphone"
"does portugal esim work in azores",1,6,"de-DE|en-AU|en-GB|en-SG|en-US","does esim work in portugal"
"does revolut esim work in egypt",1,6,"de-DE|en-AU|en-GB|en-SG|en-US","does esim work in egypt"
"does tello esim work in mexico",1,6,"de-DE|en-AU|en-GB|en-SG|en-US","does esim work in mexico"
"does ubigi esim work in korea",1,6,"de-DE|en-AU|en-GB|en-SG|en-US","does esim work in korea"
"does ultra mobile support esim",1,6,"en-US","holafly esim poland"
"does virgin mobile support esim",1,6,"en-US","holafly esim brazil"
"does vodafone esim work in ireland",1,6,"de-DE|en-AU|en-GB|en-SG|en-US","does esim work in ireland"
"dubai esim online",1,6,"de-DE|en-AU|en-GB|en-SG|en-US","dubai esim"
"dubai esim reddit",1,6,"de-DE","dubai esim"
"dublin airport esim card",1,6,"de-DE|en-AU|en-GB|en-SG|en-US","dublin esim"
"e sim airalo peru",1,6,"en-US","airalo esim peru"
"e sim for amsterdam netherlands",1,6,"en-AU|en-GB|en-SG|en-US","esim for amsterdam"
"e& uae tourist esim",1,6,"de-DE","esim uae tourist"
"ee esim edinburgh",1,6,"de-DE|en-US","esim edinburgh"
"embedded sim vs esim",1,6,"en-US","jetpac esim indonesia"
"esim 1 month thailand",1,6,"de-DE","esim for 1 month"
"esim 4g module",1,6,"de-DE","esim 4g"
"esim 4g singapore",1,6,"en-AU|en-GB|en-SG|en-US","esim 4g"
"esim 5g unlimited",1,6,"de-DE","esim 5g"
"esim abu dhabi dubai",1,6,"de-DE|en-AU|en-GB|en-SG|en-US","esim abu dhabi"
"esim america t mobile",1,6,"de-DE","esim america"
"esim american",1,6,"en-AU|en-GB|en-SG|en-US","esim america"
"esim argentina comparison",1,6,"de-DE","esim argentina"
"esim asialink",1,6,"de-DE","esim asia"
"esim asian",1,6,"en-AU|en-US","esim asia"
"esim australia 30 days",1,6,"de-DE","esim australia"
"esim australia iphone 12",1,6,"de-DE|en-US","esim australia for iphone"
"esim australia tourist prepaid",1,6,"de-DE|en-US","esim australia tourist"
"esim austria a1",1,6,"en-AU|en-GB|en-SG|en-US","esim austria"
"esim bali airalo",1,6,"en-AU|en-GB|en-SG|en-US","esim bali"
"esim belgium number",1,6,"de-DE|en-AU|en-GB|en-SG|en-US","esim belgium"
"esim brazil airalo",1,6,"en-AU|en-GB|en-SG|en-US","esim brazil"
"esim brazil sms",1,6,"de-DE","esim brazil"
"esim canada airalo",1,6,"de-DE","esim canada"
"esim canada from australia",1,6,"en-AU","esim canada"
"esim card auckland",1,6,"de-DE|en-US","esim auckland"
"esim card britain",1,6,"de-DE","esim britain"
"esim card brussels",1,6,"de-DE|en-AU|en-GB|en-SG|en-US","esim brussels"
"esim card canada fido",1,6,"de-DE","canada esim card"
"esim card for austria",1,6,"de-DE","esim for austria"
"esim card for central america",1,6,"de-DE","esim central america"
"esim card for england",1,6,"de-DE","esim for england"
"esim card for japan and south korea",1,6,"de-DE","esim for japan and south korea"
"esim card for marrakech",1,6,"de-DE|en-AU|en-GB|en-SG","esim for marrakech"
"esim card for thailand and vietnam",1,6,"en-US","esim for thailand and vietnam"
"esim card japan airport",1,6,"de-DE|en-US","esim japan airport"
"esim card madrid",1,6,"en-US","esim madrid"
"esim card nairobi",1,6,"de-DE|en-AU|en-GB|en-SG|en-US","esim nairobi"
"esim card orlando",1,6,"en-US","esim orlando"
"esim card thailand review",1,6,"de-DE","esim for thailand review"
"esim card vietnam unlimited data",1,6,"de-DE","esim vietnam unlimited"
"esim cards for hawaii",1,6,"de-DE","esim for hawaii"
"esim cards uk review",1,6,"de-DE|en-US","esim for uk review"
"esim caribbean netherlands",1,6,"de-DE|en-GB","esim caribbean"
"esim china iphone 11",1,6,"de-DE|en-US","esim china for iphone"
"esim china mit vpn erfahrungen",1,6,"de-DE","esim china"
"esim china singapore",1,6,"en-SG","esim china"
"esim colombia and peru",1,6,"de-DE","esim for colombia"
"esim colombia maya",1,6,"de-DE","esim colombia"
"esim comparison netherlands",1,6,"de-DE","esim netherlands"
"esim compatible phones in philippines",1,6,"en-AU|en-GB|en-SG|en-US","esim compatible phones"
"esim confirmation code",1,6,"en-AU|en-GB|en-SG|en-US","roamic esim promo code"
"esim costa rica vodafone",1,6,"de-DE|en-AU|en-GB|en-SG|en-US","esim costa rica"
"esim croatia unlimited",1,6,"de-DE|en-AU|en-GB|en-SG|en-US","esim croatia"
"esim czech republic o2",1,6,"de-DE|en-AU|en-GB|en-SG|en-US","esim czech republic"
"esim data austria",1,6,"de-DE","esim austria"
"esim data only or voice and data",1,6,"en-US","esim data only"
"esim data paris",1,6,"de-DE","paris esim"
"esim data plan uk",1,6,"de-DE|en-AU|en-GB|en-SG|en-US","esim data plan"
"esim deals canada",1,6,"de-DE|en-AU|en-GB|en-SG|en-US","esim deals"
"esim deals for italy",1,6,"en-AU|en-GB|en-SG|en-US","cheapest esim for italy"
"esim deals travel",1,6,"en-GB|en-SG|en-US","esim deals"
"esim dubai 7 tage",1,6,"de-DE","esim dubai"
"esim dubai price",1,6,"en-AU|en-GB|en-SG|en-US","esim dubai"
"esim egypt airalo",1,6,"en-AU|en-GB|en-SG|en-US","esim egypt"
"esim england o2",1,6,"de-DE","esim england"
"esim esim iphone 17",1,6,"de-DE|en-AU|en-GB|en-SG|en-US","esim esim"
"esim europe compare",1,6,"en-AU|en-GB|en-SG|en-US","esim europe"
"esim family mart",1,6,"de-DE","esim for family"
"esim fiji airalo",1,6,"en-AU|en-GB|en-SG|en-US","esim fiji"
"esim fiji one week",1,6,"de-DE","esim fiji"
"esim for 2 weeks in uk",1,6,"de-DE|en-AU|en-GB|en-SG|en-US","esim for 2 weeks"
"esim for america and caribbean",1,6,"de-DE|en-AU|en-GB|en-SG|en-US","esim for america"
"esim for android app",1,6,"de-DE|en-GB|en-SG|en-US","esim for android"
"esim for android free",1,6,"de-DE|en-AU|en-GB|en-SG|en-US","esim for android"
"esim for argentina and antarctica",1,6,"en-AU|en-GB|en-SG|en-US","esim for argentina"
"esim for australia from canada",1,6,"en-AU|en-GB|en-SG|en-US","esim for australia"
"esim for australians travelling to europe",1,6,"en-AU","esim for australia"
"esim for bali and singapore",1,6,"de-DE|en-AU|en-GB|en-SG|en-US","esim for bali"
"esim for brazil from canada",1,6,"en-AU|en-GB|en-SG|en-US","esim for brazil"
"esim for canada from ireland",1,6,"en-AU|en-GB|en-SG|en-US","esim for canada"
"esim for china and taiwan",1,6,"de-DE|en-AU|en-US","esim for china"
"esim for colombia iphone",1,6,"de-DE|en-AU|en-GB|en-SG|en-US","esim for colombia"
"esim for costa rica airalo",1,6,"de-DE|en-AU|en-GB|en-SG|en-US","esim for costa rica"
"esim for croatia and greece",1,6,"en-AU|en-GB|en-SG|en-US","esim for croatia"
"esim for cruise reddit",1,6,"de-DE|en-AU|en-GB|en-SG|en-US","esim for cruise"
"esim for dubai and thailand",1,6,"en-AU|en-GB|en-SG|en-US","esim for dubai"
"esim for dubai unlimited data",1,6,"de-DE","esim for dubai"
"esim for egypt ee",1,6,"de-DE|en-AU|en-GB|en-SG|en-US","esim for egypt"
"esim for england and italy",1,6,"en-GB|en-SG|en-US","esim for england"
"esim for europe 1 week",1,6,"en-AU|en-GB|en-SG|en-US","esim for 1 week"
"esim for europe and turkey",1,6,"en-AU","esim for europe"
"esim for europe travel from india",1,6,"en-GB|en-SG","esim for europe"
"esim for europe trip",1,6,"en-US","esim for europe"
"esim for france reddit",1,6,"de-DE|en-AU|en-GB|en-SG|en-US","esim for france"
"esim for georgia and turkey",1,6,"de-DE|en-AU|en-GB|en-SG|en-US","esim for georgia"
"esim for germany and italy",1,6,"en-AU|en-GB|en-SG|en-US","esim for germany"
"esim for greece and egypt",1,6,"de-DE|en-AU|en-GB|en-SG|en-US","esim for greece"
"esim for hong kong and singapore",1,6,"de-DE|en-AU|en-GB|en-SG|en-US","esim for hong kong"
"esim for hong kong and vietnam",1,6,"de-DE|en-AU|en-GB|en-SG|en-US","esim for hong kong"
"esim for iceland with phone number",1,6,"de-DE|en-AU|en-GB|en-SG|en-US","esim for iceland"
"esim for india unlimited data",1,6,"de-DE|en-AU|en-GB|en-SG","esim for india"
"esim for indonesia reddit",1,6,"de-DE|en-AU|en-GB|en-SG|en-US","esim for indonesia"
"esim for indonesia unlimited",1,6,"de-DE","esim for indonesia"
"esim for international students singapore",1,6,"de-DE","esim for students"
"esim for international travel att",1,6,"de-DE|en-AU|en-GB|en-SG|en-US","esim for international travel"
"esim for italy and malta",1,6,"en-AU","esim for italy"
"esim for italy and spain",1,6,"en-GB|en-SG|en-US","esim for italy"
"esim for kenya and zanzibar",1,6,"de-DE|en-AU|en-GB|en-SG|en-US","esim for kenya"
"esim for kids iphone",1,6,"de-DE|en-AU|en-GB|en-SG|en-US","esim for kids"
"esim for long term japan",1,6,"en-AU|en-GB|en-SG|en-US","esim for long stay"
"esim for malaysia singapore and indonesia",1,6,"de-DE|en-AU|en-GB|en-SG|en-US","esim for malaysia"
"esim for mexico unlimited data",1,6,"de-DE|en-AU|en-GB|en-SG|en-US","esim for mexico"
"esim for new zealand spark",1,6,"de-DE|en-AU|en-GB|en-SG|en-US","esim for new zealand"
"esim for new zealand unlimited data",1,6,"de-DE|en-AU|en-GB|en-SG|en-US","esim for new zealand"
"esim for nz to bali",1,6,"en-AU|en-GB|en-SG|en-US","esim for nz"
"esim for one month only",1,6,"en-AU|en-GB|en-SG|en-US","esim for 1 month"
"esim for paris and italy",1,6,"de-DE|en-AU|en-GB|en-SG|en-US","esim for paris"
"esim for philippines and indonesia",1,6,"en-AU|en-GB|en-SG|en-US","esim for philippines"
"esim for philippines and malaysia",1,6,"de-DE","esim for philippines"
"esim for philippines and singapore",1,6,"en-AU|en-SG|en-US","esim for philippines"
"esim for portugal with calls",1,6,"de-DE|en-AU|en-GB|en-SG|en-US","esim for portugal"
"esim for qatar and europe",1,6,"en-AU|en-GB|en-SG|en-US","esim for qatar"
"esim for saudi arabia and pakistan",1,6,"en-AU|en-GB|en-SG|en-US","esim for saudi arabia"
"esim for singapore 3 days",1,6,"de-DE","esim for singapore"
"esim for singapore from india",1,6,"en-GB|en-SG|en-US","esim for singapore"
"esim for spain and morocco",1,6,"de-DE|en-AU|en-GB|en-SG|en-US","esim for spain"
"esim for switzerland and germany",1,6,"de-DE|en-AU|en-GB|en-SG|en-US","esim for switzerland"
"esim for taiwan with phone number",1,6,"de-DE|en-AU|en-GB|en-SG|en-US","esim for taiwan"
"esim for thailand and cambodia",1,6,"de-DE","esim for thailand"
"esim for tourist nz",1,6,"de-DE","esim for nz"
"esim for tourists in australia",1,6,"en-AU|en-GB|en-SG|en-US","esim for tourists"
"esim for turkey airalo",1,6,"en-AU|en-GB|en-SG|en-US","esim for turkey"
"esim for turkey maya",1,6,"de-DE","esim for turkey"
"esim for uae dubai",1,6,"de-DE","esim for uae"
"esim for uae reddit",1,6,"de-DE|en-AU|en-GB|en-SG|en-US","esim for uae"
"esim for uk and eu",1,6,"en-US","esim for uk"
"esim for usa and bahamas",1,6,"de-DE","esim for usa"
"esim for usa travel from australia",1,6,"en-AU","esim for usa"
"esim for vietnam and bali",1,6,"en-AU","esim for vietnam"
"esim for vietnam with phone number",1,6,"en-US","esim for vietnam"
"esim free trial phone service",1,6,"en-AU|en-GB|en-SG|en-US","esim free trial"
"esim für dublin",1,6,"de-DE","esim dublin"
"esim georgia compare",1,6,"en-AU|en-GB|en-SG|en-US","esim georgia"
"esim georgien günstig",1,6,"de-DE","esim georgia"
"esim germany 1 week",1,6,"de-DE","esim for 1 week"
"esim germany data",1,6,"de-DE|en-AU|en-GB|en-SG|en-US","esim germany"
"esim greece data",1,6,"en-AU|en-GB|en-SG|en-US","esim greece"
"esim greece roamic",1,6,"de-DE","esim greece"
"esim hawaii t mobile",1,6,"de-DE","esim hawaii"
"esim holland",1,6,"de-DE|en-US","esim for holland"
"esim hong kong iphone 13",1,6,"de-DE|en-US","esim hong kong for iphone"
"esim hong kong macao china",1,6,"de-DE","esim macao"
"esim hong kong macau reddit",1,6,"de-DE","esim hong kong reddit"
"esim hotspot funktioniert nicht iphone",1,6,"de-DE","esim hotspot"
"esim hotspot not working iphone",1,6,"de-DE|en-AU|en-GB|en-SG|en-US","esim hotspot"
"esim iceland with phone number",1,6,"de-DE|en-AU|en-GB|en-SG|en-US","esim iceland"
"esim in vegas",1,6,"en-US","esim for las vegas"
"esim india reddit",1,6,"en-AU|en-US","esim india"
"esim india travel jio",1,6,"en-US","esim india tourist"
"esim indonesia",1,6,"en-AU|en-SG","esim"
"esim indonesia murah",1,6,"en-GB|en-SG|en-US","esim indonesia"
"esim indonesien unbegrenzt",1,6,"de-DE","esim indonesia"
"esim internet amsterdam",1,6,"de-DE","esim amsterdam"
"esim io usa review",1,6,"de-DE|en-US","esim for usa review"
"esim iphone france",1,6,"en-US","esim france for iphone"
"esim iphone thailand",1,6,"en-US","esim thailand for iphone"
"esim ireland tourist",1,6,"en-AU|en-GB|en-SG|en-US","esim ireland"
"esim israel data and calls",1,6,"de-DE","esim israel"
"esim israel pelephone",1,6,"en-AU|en-GB|en-SG|en-US","esim israel"
"esim istanbul unlimited data",1,6,"en-AU|en-GB|en-SG|en-US","esim istanbul"
"esim italy best",1,6,"en-US","esim italy"
"esim italy data",1,6,"en-AU|en-GB|en-SG|en-US","esim italy"
"esim japan airalo",1,6,"de-DE|en-AU|en-US","esim japan"
"esim japan iphone 11",1,6,"de-DE","esim japan for iphone"
"esim japan klook",1,6,"en-GB|en-SG|en-US","esim japan"
"esim japan korea unlimited data",1,6,"de-DE|en-US","esim korea unlimited"
"esim japan reddit singapore",1,6,"en-US","esim japan reddit"
"esim japan speed",1,6,"en-AU|en-GB|en-SG|en-US","esim speed"
"esim japan ubigi",1,6,"de-DE|en-GB|en-US","esim japan"
"esim japan unlimited data 30 days",1,6,"de-DE|en-US","esim japan unlimited"
"esim katar 7 days",1,6,"de-DE","esim qatar"
"esim kenya saily",1,6,"en-AU|en-GB|en-SG|en-US","esim kenya"
"esim korea klook",1,6,"en-AU|en-GB|en-SG","esim korea"
"esim korea reddit",1,6,"de-DE|en-AU|en-GB|en-SG|en-US","esim korea"
"esim ksa number",1,6,"de-DE|en-AU|en-GB|en-SG|en-US","esim ksa"
"esim london airalo",1,6,"de-DE|en-US","esim london"
"esim malaysia price",1,6,"en-GB|en-US","esim malaysia"
"esim malaysia reddit",1,6,"en-AU|en-GB|en-US","esim malaysia"
"esim maldives airalo",1,6,"en-US","esim maldives"
"esim maldives comparison",1,6,"de-DE","esim maldives"
"esim maroc iphone 17",1,6,"en-US","esim morocco for iphone"
"esim mexico cancun",1,6,"en-AU|en-GB|en-SG","esim mexico"
"esim mexico iphone 14",1,6,"de-DE|en-US","esim mexico for iphone"
"esim mexico movistar",1,6,"en-US","esim mexico"
"esim mexiko telekom",1,6,"de-DE","esim mexico"
"esim miami bahamas",1,6,"de-DE|en-US","esim miami"
"esim mobile plans australia",1,6,"de-DE|en-US","esim australia plans"
"esim morocco 20gb",1,6,"de-DE","esim morocco"
"esim morocco airalo",1,6,"en-AU|en-GB|en-SG|en-US","esim morocco"
"esim movistar lima",1,6,"de-DE|en-AU|en-GB|en-SG|en-US","esim lima"
"esim netherlands lebara",1,6,"en-AU|en-GB|en-SG|en-US","esim netherlands"
"esim network provider in india",1,6,"en-US","esim coverage in india"
"esim new york vodafone",1,6,"en-US","esim new york"
"esim new zealand and australia",1,6,"en-GB|en-SG|en-US","esim new zealand"
"esim new zealand calls and data",1,6,"en-AU|en-GB|en-SG|en-US","esim new zealand"
"esim new zealand unlimited",1,6,"de-DE","esim new zealand"
"esim no contract plan",1,6,"de-DE|en-AU|en-GB|en-SG|en-US","esim no contract"
"esim nz to australia",1,6,"en-AU|en-GB|en-SG|en-US","esim nz"
"esim of simkaart",1,6,"en-AU|en-GB|en-SG|en-US","esim for macao"
"esim orange marrakech",1,6,"de-DE","esim marrakech"
"esim paris 5 days",1,6,"de-DE","esim paris"
"esim pay as you go o2",1,6,"en-AU|en-GB|en-SG|en-US","esim pay as you go"
"esim peru 30 tage",1,6,"de-DE","esim peru"
"esim peru prepago",1,6,"en-AU|en-GB|en-SG|en-US","esim peru"
"esim philippines nomad",1,6,"de-DE","esim philippines"
"esim philippines with phone number",1,6,"en-AU|en-GB|en-SG|en-US","esim philippines"
"esim phone calls usa",1,6,"en-AU|en-GB|en-SG|en-US","esim voice calls"
"esim phone plans usa",1,6,"de-DE","esim usa plans"
"esim plans vodafone",1,6,"en-AU","esim plans"
"esim poland for sms",1,6,"en-AU|en-GB|en-SG|en-US","esim for poland"
"esim portugal online",1,6,"de-DE","esim portugal"
"esim prepago bogota",1,6,"de-DE|en-AU|en-GB|en-SG|en-US","esim bogota"
"esim prepaid canada",1,6,"en-GB|en-SG","esim prepaid"
"esim prepaid plans 365 days",1,6,"en-AU","esim prepaid"
"esim prepaid plans india",1,6,"de-DE|en-US","esim india plans"
"esim prepaid plans usa",1,6,"en-US","esim prepaid"
"esim prepaid telekom",1,6,"de-DE","esim prepaid"
"esim qatar 1 day",1,6,"en-AU|en-GB|en-SG|en-US","esim qatar"
"esim qatar oman",1,6,"de-DE","esim for qatar"
"esim qr code t-mobile",1,6,"en-US","holafly esim taiwan"
"esim saudi arabia comparison",1,6,"de-DE","esim saudi arabia"
"esim saudi arabia mobily",1,6,"en-AU|en-GB|en-SG|en-US","esim saudi arabia"
"esim seoul trip com",1,6,"en-AU|en-GB|en-SG|en-US","esim seoul"
"esim singapore 5 days",1,6,"de-DE","esim singapore"
"esim sms not working iphone",1,6,"en-AU|en-GB|en-SG|en-US","esim sms"
"esim sms usa",1,6,"de-DE","esim sms"
"esim south africa with calls",1,6,"de-DE","esim south africa"
"esim south america",1,6,"en-AU|en-GB|en-SG|en-US","esim latin america"
"esim south america cheap",1,6,"de-DE|en-AU|en-GB|en-SG|en-US","esim south america"
"esim south east asia unlimited",1,6,"en-AU|en-GB|en-SG|en-US","esim southeast asia"
"esim south korea airport",1,6,"en-US","esim korea airport"
"esim spain 3 days",1,6,"de-DE","esim spain"
"esim spain and france",1,6,"en-US","esim spain"
"esim speedtest qr",1,6,"de-DE","esim speed"
"esim switzerland and france",1,6,"en-AU|en-GB|en-SG|en-US","esim switzerland"
"esim switzerland cheap",1,6,"de-DE","esim switzerland"
"esim taiwan 5g",1,6,"de-DE","esim taiwan"
"esim thailand and vietnam",1,6,"en-AU|en-GB","esim thailand"
"esim thailand kaufen",1,6,"de-DE","esim thailand"
"esim thailand tourist price",1,6,"de-DE|en-US","esim thailand tourist"
"esim thailand unlimited ais",1,6,"en-US","esim thailand unlimited"
"esim tokyo cheapo",1,6,"en-AU|en-GB|en-SG","esim tokyo"
"esim tokyo haneda airport",1,6,"de-DE","esim tokyo"
"esim tokyo ubigi",1,6,"en-AU|en-GB|en-SG|en-US","esim tokyo"
"esim top up meaning",1,6,"en-AU|en-GB|en-SG|en-US","esim top up"
"esim turkey",1,6,"en-GB","esim"
"esim turkey airalo",1,6,"en-AU|en-GB|en-SG|en-US","esim turkey"
"esim turkey for 3 days",1,6,"de-DE","esim for 3 days"
"esim turkey travel",1,6,"en-US","esim turkey tourist"
"esim turkey unlimited data 7 days",1,6,"de-DE|en-US","esim turkey unlimited"
"esim uae abu dhabi",1,6,"de-DE","esim uae"
"esim uae free",1,6,"en-AU|en-GB|en-SG|en-US","esim uae"
"esim uk and france reddit",1,6,"de-DE|en-US","esim for uk and france"
"esim uk prepaid",1,6,"de-DE","esim uk"
"esim uk visitor",1,6,"en-US","esim uk tourist"
"esim unlimited germany",1,6,"en-US","esim germany unlimited"
"esim usa reviews",1,6,"en-US","esim for usa review"
"esim usa travel unlimited data",1,6,"en-US","esim usa tourist"
"esim vs physical sim reception",1,6,"en-US","esim coverage in vietnam"
"esim vs physical sim speed test",1,6,"de-DE|en-AU|en-GB|en-SG|en-US","esim speed test"
"esim vs physical sim.japan reddit",1,6,"de-DE|en-US","esim japan vs sim"
"esim vs sim iphone 17 pro",1,6,"de-DE","esim vs sim"
"esim with phone number and data",1,6,"en-US","esim with phone number"
"esim with phone number canada",1,6,"en-AU|en-GB|en-SG","esim with phone number"
"esim work in taiwan",1,6,"en-AU|en-GB|en-SG|en-US","does esim work in taiwan"
"esim working in uae",1,6,"en-AU|en-GB|en-SG|en-US","does esim work in uae"
"esim worldwide internet",1,6,"de-DE","esim world"
"esim ägypten unbegrenzt",1,6,"de-DE","esim egypt"
"esim ở việt nam",1,6,"de-DE|en-AU|en-GB|en-SG|en-US","esim for viet nam"
"esim.card portugal reddit",1,6,"de-DE|en-US","portugal esim card"
"esimfo",1,6,"de-DE","esim"
"etisalat cairo esim",1,6,"de-DE|en-AU|en-GB|en-SG|en-US","cairo esim"
"europe esim unlimited hotspot",1,6,"de-DE|en-AU|en-GB|en-SG|en-US","europe esim unlimited"
"free esim for students",1,6,"en-AU|en-GB|en-SG|en-US","esim for students"
"free esim number usa for iphone",1,6,"en-US","esim usa for iphone"
"free esim qatar tourist",1,6,"de-DE|en-US","esim qatar tourist"
"get o2 esim uk",1,6,"de-DE","how to get an esim for uk"
"getting a sim card in taiwan",1,6,"en-AU|en-GB|en-SG|en-US","taiwan sim card for tourists"
"getting a sim card in usa for tourist",1,6,"en-AU|en-GB|en-SG|en-US","peru sim card for tourists"
"giffgaff esim uk price",1,6,"de-DE|en-AU|en-GB|en-US","esim uk price"
"global esim airalo",1,6,"de-DE|en-AU","global esim"
"global esim store",1,6,"en-SG","global esim"
"good esim for argentina",1,6,"en-AU|en-GB|en-SG|en-US","best esim for argentina"
"good esim for colombia",1,6,"en-AU|en-GB|en-SG|en-US","best esim for colombia"
"good esim for qatar",1,6,"en-AU|en-GB|en-SG|en-US","best esim for qatar"
"greek esim card",1,6,"en-US","greece esim card"
"holafly esim china firewall",1,6,"en-US","holafly esim china"
"holafly esim china hong kong",1,6,"de-DE","holafly esim china"
"holafly esim for japan review",1,6,"de-DE|en-US","esim for japan review"
"holafly esim hong kong not working",1,6,"de-DE|en-US","holafly esim hong kong"
"holafly esim japan",1,6,"de-DE|en-AU|en-GB|en-US","holafly esim"
"holafly esim japan china",1,6,"de-DE|en-US","holafly esim japan"
"holafly esim japan coverage",1,6,"de-DE|en-AU|en-GB|en-SG|en-US","holafly esim coverage"
"holafly esim japan unlimited",1,6,"en-US","holafly esim japan"
"holafly esim los angeles",1,6,"en-US","esim los angeles"
"holafly esim not working vietnam",1,6,"de-DE|en-US","holafly esim vietnam"
"holafly esim orlando",1,6,"de-DE","esim orlando"
"holafly esim para canada",1,6,"de-DE|en-US","holafly esim canada"
"holafly esim para mexico",1,6,"de-DE|en-US","holafly esim mexico"
"holafly esim reddit",1,6,"en-US","holafly esim"
"holafly esim schweiz erfahrungen",1,6,"en-US","holafly esim switzerland"
"holafly esim south korea and japan",1,6,"de-DE|en-US","holafly esim korea"
"holafly esim thailandia",1,6,"de-DE|en-US","holafly esim thailand"
"holafly esim turkey",1,6,"en-GB","holafly esim"
"holafly esim uk number",1,6,"de-DE|en-US","holafly esim uk"
"holafly esim unlimited europe",1,6,"de-DE|en-US","holafly esim unlimited"
"holafly esim usa not working",1,6,"en-US","holafly esim usa"
"holafly global esim plans",1,6,"de-DE|en-AU|en-GB|en-SG|en-US","holafly esim plans"
"hong kong data esim card",1,6,"de-DE|en-US","hong kong esim card"
"hong kong data sim card for tourist price",1,6,"en-AU|en-GB|en-US","hong kong sim card for tourists"
"hong kong macau esim",1,6,"en-AU|en-GB|en-SG|en-US","esim macao"
"hong kong macau esim card",1,6,"de-DE|en-US","hong kong esim card"
"hong kong physical sim card for tourist",1,6,"en-AU|en-GB|en-SG|en-US","hong kong sim card for tourists"
"how do i activate my ee esim",1,6,"en-US","ubigi esim thailand"
"how do i get an esim for thailand",1,6,"de-DE","how to get an esim for thailand"
"how many sim card allowed in saudi arabia",1,6,"en-AU|en-GB|en-SG|en-US","saudi arabia sim card for tourists"
"how to activate esim airtel",1,6,"de-DE","how to activate esim"
"how to activate esim from klook",1,6,"en-SG","how to activate esim"
"how to activate esim on iphone 13",1,6,"en-AU|en-GB|en-US","how to activate esim"
"how to activate esim on iphone 14",1,6,"en-GB|en-US","how to activate esim"
"how to activate esim on iphone etisalat",1,6,"en-US","ubigi esim macao"
"how to buy esim card",1,6,"en-US","kenya esim card"
"how to buy esim online for china",1,6,"en-US","how to get an esim for china"
"how to buy new esim",1,6,"en-US","how to get an esim for new zealand"
"how to check roamic esim usage",1,6,"en-US","roamic esim usa"
"how to get a sim card in germany",1,6,"en-AU|en-GB|en-SG|en-US","germany sim card for tourists"
"how to get a vodacom esim south africa",1,6,"de-DE|en-US","how to get an esim for south africa"
"how to get an esim uk ee",1,6,"de-DE|en-US","how to get an esim for uk"
"how to get an indian esim online",1,6,"de-DE","how to get an esim for india"
"how to get esim for idea",1,6,"en-AU|en-GB|en-SG|en-US","which esim is best for south africa"
"how to get esim for iphone in korea",1,6,"de-DE|en-US","how to get an esim for korea"
"how to get esim globe philippines online",1,6,"de-DE|en-US","how to get an esim for philippines"
"how to get esim in uae du",1,6,"de-DE|en-US","how to get an esim for uae"
"how to get esim in vi",1,6,"en-AU|en-GB|en-SG|en-US","esim for bogota"
"how to get gomo esim singapore",1,6,"de-DE|en-US","how to get an esim for singapore"
"how to get japanese esim",1,6,"de-DE","how to get an esim for japan"
"how to get jio esim in canada",1,6,"de-DE|en-US","how to get an esim for canada"
"how to get usa esim in nigeria",1,6,"de-DE","how to get an esim for usa"
"how to install esim gomo",1,6,"en-SG","how to install esim"
"how to install esim on iphone 13",1,6,"en-GB","how to install esim"
"how to install esim profile",1,6,"de-DE","how to install esim"
"hubby esim promo code",1,6,"de-DE","esim promo code"
"iceland tourist numbers",1,6,"en-US","esim iceland tourist"
"international esim telstra",1,6,"en-AU","international esim"
"iphone 12 esim thailand",1,6,"de-DE","esim thailand for iphone"
"iphone 17 pro hong kong esim",1,6,"de-DE","esim hong kong for iphone"
"ireland esim providers",1,6,"de-DE","esim ireland"
"is airalo esim good for bali",1,6,"de-DE|en-US","is airalo esim good"
"is esim better than physical sim",1,6,"en-US","esim india vs sim"
"is esim popular in hong kong",1,6,"en-US","is esim available in hong kong"
"is esim the future",1,6,"en-US","best esim korea 2026"
"is esim worth it reddit ph",1,6,"de-DE|en-AU|en-GB|en-SG|en-US","is esim worth it"
"is holafly esim good for vietnam",1,6,"de-DE|en-US","is holafly esim good"
"is jetpac esim good for vietnam",1,6,"de-DE|en-US","is jetpac esim good"
"is nomad esim good in thailand",1,6,"de-DE|en-US","is nomad esim good"
"is roamic esim good in albania",1,6,"de-DE|en-US","is roamic esim good"
"is saily esim good for south africa",1,6,"de-DE|en-US","saily esim south africa"
"is saily esim good for thailand",1,6,"de-DE|en-US","is saily esim good"
"is saily esim good for usa",1,6,"de-DE|en-US","is saily esim good"
"is ubigi esim good for usa",1,6,"de-DE|en-US","is ubigi esim good"
"is ubigi esim good for vietnam",1,6,"de-DE","is ubigi esim good"
"istanbul esim trip",1,6,"de-DE|en-AU|en-GB|en-SG|en-US","istanbul esim"
"italy data sim card for tourist",1,6,"en-AU|en-GB|en-SG|en-US","italy sim card for tourists"
"italy esim 3 days",1,6,"de-DE","esim italy"
"japan esim card ubigi",1,6,"de-DE|en-US","japan esim card"
"japan esim data plans",1,6,"de-DE|en-US","esim japan plans"
"japan esim for iphone 17 pro max",1,6,"en-US","esim japan for iphone"
"japan esim tourist price",1,6,"en-US","esim japan tourist"
"japan sim card for tourist where to buy",1,6,"en-AU|en-GB|en-SG|en-US","japan sim card for tourists"
"jetpac esim indonesien",1,6,"de-DE","jetpac esim"
"jetpac esim review indonesia",1,6,"de-DE|en-AU|en-GB|en-SG|en-US","jetpac esim review"
"jetpack esim china",1,6,"en-US","jetpac esim china"
"kenya tourism numbers",1,6,"en-AU|en-GB|en-SG|en-US","kenya sim card for tourists"
"klook esim vietnam price",1,6,"en-AU|en-GB|en-SG|en-US","esim vietnam price"
"klook singapore esim card",1,6,"de-DE|en-US","singapore esim card"
"klook vietnam esim card",1,6,"de-DE|en-US","vietnam esim card"
"knowroaming esim review",1,6,"en-AU|en-GB|en-SG|en-US","alosim esim review"
"kolbi esim costa rica review",1,6,"de-DE|en-US","esim for costa rica review"
"korea data sim card for tourist",1,6,"en-AU|en-GB|en-SG|en-US","korea sim card for tourists"
"korean e sim card",1,6,"en-US","korea esim card"
"kpn nl esim airalo philippines",1,6,"de-DE|en-US","airalo esim philippines"
"kpn nl esim airalo spain",1,6,"de-DE|en-US","airalo esim spain"
"kuala lumpur best esim",1,6,"en-AU|en-GB|en-SG|en-US","kuala lumpur esim"
"lebara esim uk plans",1,6,"de-DE|en-US","esim uk plans"
"magti esim tbilisi",1,6,"de-DE","esim tbilisi"
"malaysia sim card for tourist in india",1,6,"en-AU|en-GB|en-SG|en-US","malaysia sim card for tourists"
"maldives esim",1,6,"en-US","esim for maldives"
"maroc esim card",1,6,"en-US","morocco esim card"
"maya esim costa rica review",1,6,"de-DE|en-US","esim for costa rica review"
"maya esim new zealand review",1,6,"de-DE|en-US","esim for new zealand review"
"maya esim saudi arabia review",1,6,"de-DE|en-US","esim for saudi arabia review"
"maya esim south africa review",1,6,"de-DE|en-US","esim for south africa review"
"mobimatter esim turkey reddit",1,6,"de-DE","esim turkey reddit"
"morocco esim best price",1,6,"de-DE|en-AU|en-GB|en-SG|en-US","esim morocco price"
"national parks in kenya and tanzania",1,6,"en-US","esim for kenya and tanzania"
"nomad esim australia",1,6,"en-AU","nomad esim"
"nomad esim canada",1,6,"en-GB|en-US","nomad esim"
"nomad esim china coverage",1,6,"de-DE|en-AU|en-GB|en-SG|en-US","nomad esim coverage"
"nomad esim europe coverage",1,6,"de-DE|en-AU|en-GB|en-SG|en-US","nomad esim coverage"
"nomad esim europe unlimited data",1,6,"de-DE|en-US","nomad esim unlimited"
"nomad esim promo code july 2026",1,6,"en-AU|en-GB|en-SG|en-US","nomad esim promo code"
"nomad esim promo code thailand",1,6,"de-DE","nomad esim promo code"
"nomad esim rabattcode",1,6,"de-DE","nomad esim"
"nomad esim review canada",1,6,"en-AU|en-GB|en-SG|en-US","nomad esim review"
"nomad esim review nepal",1,6,"de-DE","nomad esim review"
"nomad esim south korea reddit",1,6,"de-DE|en-US","nomad esim korea"
"nomad esim thailandia",1,6,"de-DE|en-US","nomad esim thailand"
"nomad esim usa network",1,6,"de-DE|en-US","nomad esim usa"
"nomad esim work in india",1,6,"de-DE|en-US","nomad esim india"
"nomad vs airalo esim review",1,6,"de-DE|en-US","nomad esim vs airalo"
"nz esim reddit",1,6,"de-DE|en-AU|en-GB|en-SG|en-US","nz esim"
"o2 esim prague",1,6,"de-DE","esim prague"
"oceania esim reddit",1,6,"en-AU|en-GB|en-SG|en-US","esim oceania"
"optus sydney esim",1,6,"de-DE","sydney esim"
"orange esim spain price",1,6,"de-DE|en-AU|en-GB|en-SG|en-US","esim spain price"
"orange top up esim",1,6,"de-DE","esim top up"
"paris esim trip com",1,6,"de-DE|en-AU|en-GB|en-SG|en-US","paris esim"
"philippine sim card near me",1,6,"en-AU|en-GB|en-SG|en-US","philippines sim card for tourists"
"phuket esim tourist",1,6,"en-US","esim phuket"
"prague esim",1,6,"en-GB|en-SG|en-US","esim for prague"
"prepaid esim for poland",1,6,"de-DE","esim for poland"
"prepaid esim vancouver",1,6,"de-DE|en-US","esim vancouver"
"quality esim discount code",1,6,"de-DE","esim discount code"
"revolut esim canada price",1,6,"de-DE|en-AU|en-GB|en-SG|en-US","esim canada price"
"revolut esim japan reddit",1,6,"de-DE","esim japan reddit"
"revolut esim thailand price",1,6,"de-DE|en-AU|en-GB|en-SG|en-US","esim thailand price"
"roamic esim installieren",1,6,"de-DE","roamic esim"
"roamic esim reviews australia",1,6,"en-AU|en-GB|en-SG|en-US","roamic esim review"
"roaming esim отзывы",1,6,"de-DE","roami esim"
"saily esim brasil review",1,6,"en-US","saily esim brazil"
"saily esim breaking italy",1,6,"de-DE|en-US","saily esim italy"
"saily esim canada not working",1,6,"de-DE|en-US","saily esim canada"
"saily esim canada plans",1,6,"en-US","esim canada plans"
"saily esim canada usa",1,6,"de-DE|en-US","saily esim canada"
"saily esim china firewall",1,6,"de-DE|en-US","saily esim china"
"saily esim coverage india",1,6,"de-DE|en-AU|en-GB|en-SG|en-US","saily esim coverage"
"saily esim india cost",1,6,"de-DE","saily esim india"
"saily esim japan 5g",1,6,"de-DE","saily esim japan"
"saily esim japan promo code",1,6,"de-DE","saily esim promo code"
"saily esim kuala lumpur",1,6,"de-DE|en-US","esim kuala lumpur"
"saily esim maroc",1,6,"en-US","saily esim morocco"
"saily esim not working in spain",1,6,"de-DE|en-US","saily esim spain"
"saily esim not working philippines",1,6,"de-DE|en-US","saily esim philippines"
"saily esim plans for india",1,6,"de-DE|en-AU|en-GB|en-SG|en-US","saily esim plans"
"saily esim preise",1,6,"de-DE","saily esim"
"saily esim price",1,6,"en-AU|en-GB|en-US","saily esim"
"saily esim price usa",1,6,"en-US","saily esim price"
"saily esim price vietnam",1,6,"de-DE","saily esim price"
"saily esim promotion code",1,6,"en-AU|en-GB|en-SG|en-US","saily esim promo code"
"saily esim review indonesia",1,6,"en-AU","saily esim review"
"saily esim review spain",1,6,"en-US","saily esim review"
"saily esim review trustpilot",1,6,"de-DE|en-AU|en-GB|en-SG|en-US","saily esim review"
"saily esim thailand welches netz",1,6,"de-DE","saily esim thailand"
"saily esim uk number",1,6,"de-DE|en-US","saily esim uk"
"saily esim unlimited data reddit",1,6,"de-DE|en-US","saily esim unlimited"
"saily esim usa coverage",1,6,"en-US","saily esim usa"
"saily esim usa hotspot",1,6,"de-DE","saily esim usa"
"saily esim vietnam network",1,6,"en-US","saily esim vietnam"
"saily esim works in turkey",1,6,"de-DE|en-US","saily esim turkey"
"saily korea esim 90 days",1,6,"de-DE|en-US","saily esim korea"
"saily korean esim",1,6,"de-DE","saily esim korea"
"saily vs airalo esim vietnam",1,6,"de-DE|en-US","saily esim vs airalo"
"saudi arabia esim",1,6,"en-AU|en-GB|en-SG|en-US","ksa esim"
"sims & prepaid phone cards sim card usa for tourists",1,6,"de-DE","usa sim card for tourists"
"singapore esim data plans",1,6,"de-DE|en-US","esim singapore plans"
"singapore malaysia bali esim",1,6,"en-US","esim for singapore and malaysia"
"singapore prepaid esim card",1,6,"de-DE|en-US","singapore esim card"
"singapore sim card for tourist free",1,6,"en-AU|en-GB|en-SG|en-US","singapore sim card for tourists"
"singapore tourist esim with number",1,6,"de-DE","esim singapore tourist"
"smart esim manila",1,6,"de-DE|en-AU|en-GB|en-SG|en-US","esim manila"
"softbank esim japan tourist",1,6,"de-DE","esim japan tourist"
"south africa cape town esim",1,6,"en-AU|en-GB|en-SG|en-US","cape town esim"
"southeast asia esim unlimited",1,6,"en-AU|en-SG|en-US","asia esim unlimited"
"spain prepaid esim card",1,6,"de-DE|en-US","spain esim card"
"sparks esim greece reddit",1,6,"de-DE|en-US","esim greece reddit"
"starlink esim philippines price",1,6,"de-DE|en-AU|en-GB|en-SG|en-US","esim philippines price"
"switzerland esim for tourists",1,6,"de-DE","esim for tourists"
"taiwan airport policy",1,6,"en-US","esim taiwan airport"
"taiwan sim card esim",1,6,"de-DE","taiwan esim card"
"telcel mexico esim card",1,6,"de-DE|en-US","mexico esim card"
"telcel mexico prepaid esim card",1,6,"de-DE","mexico esim card"
"telekom germany esim card",1,6,"en-US","germany esim card"
"thailand esim card reddit",1,6,"de-DE|en-US","thailand esim card"
"thailand sim card for tourist ais",1,6,"en-AU|en-GB|en-SG|en-US","thailand sim card for tourists"
"tokyo esim klook",1,6,"de-DE|en-AU|en-GB|en-SG|en-US","tokyo esim"
"travel esim for croatia",1,6,"de-DE","esim for croatia"
"travel esim freenet",1,6,"de-DE","travel esim"
"travel esim turkey",1,6,"en-GB","travel esim"
"travel esim with phone number",1,6,"en-SG|en-US","travel esim"
"trazy korea esim card",1,6,"de-DE","korea esim card"
"true esim thailand reddit",1,6,"de-DE","esim thailand reddit"
"tsimtech esim china reddit",1,6,"de-DE","esim china reddit"
"uae esim tourist best",1,6,"en-US","esim uae tourist"
"ubigi chinese esim",1,6,"en-US","ubigi esim china"
"ubigi esim bali",1,6,"en-AU","ubigi esim"
"ubigi esim europe review",1,6,"en-AU|en-SG","ubigi esim"
"ubigi esim japan iphone",1,6,"de-DE","ubigi esim japan"
"ubigi esim japan unlimited data",1,6,"en-US","ubigi esim japan"
"ubigi esim japan unlimited data reddit",1,6,"de-DE|en-US","ubigi esim unlimited"
"ubigi esim kanada",1,6,"de-DE","ubigi esim"
"ubigi esim morocco",1,6,"en-GB","ubigi esim"
"ubigi esim not working china",1,6,"de-DE|en-US","ubigi esim china"
"ubigi esim review uk",1,6,"en-AU|en-GB|en-SG|en-US","ubigi esim review"
"ubigi esim south korea review",1,6,"de-DE|en-US","ubigi esim korea"
"ubigi esim uk cost",1,6,"de-DE|en-US","ubigi esim uk"
"ubigi esim uk price",1,6,"de-DE|en-US","ubigi esim price"
"ubigi esim usa network",1,6,"de-DE|en-US","ubigi esim usa"
"ubigi esim voucher code",1,6,"en-AU|en-GB|en-SG|en-US","ubigi esim promo code"
"uk data sim card for tourist",1,6,"en-AU|en-GB|en-SG|en-US","uk sim card for tourists"
"uk esim card unlimited data",1,6,"en-US","uk esim card"
"uk esim for iphone 15",1,6,"de-DE|en-US","esim uk for iphone"
"unlimited data esim uk reddit",1,6,"de-DE|en-US","unlimited data esim uk"
"unlimited data japanese esim",1,6,"en-US","unlimited data esim japan"
"unlimited data plans in mexico",1,6,"en-US","unlimited data esim mexico"
"unlimited esim bangkok",1,6,"en-AU|en-GB|en-SG|en-US","esim bangkok"
"unlimited esim germany",1,6,"de-DE","unlimited esim"
"unlimited esim vietnam",1,6,"en-AU","unlimited esim"
"us esim data only",1,6,"en-US","us esim"
"us esim with phone number prepaid",1,6,"de-DE","us esim"
"usa e sim card tourist",1,6,"en-US","usa esim card"
"usa prepaid sim card for tourists",1,6,"de-DE|en-AU|en-GB|en-SG|en-US","usa sim card for tourists"
"vancouver esim card",1,6,"en-US","esim vancouver"
"vietnam esim hanoi airport",1,6,"de-DE|en-US","esim hanoi"
"vietnam esim klook",1,6,"en-AU|en-GB|en-SG|en-US","viet nam esim"
"vietnam sim card for travellers",1,6,"en-AU|en-GB|en-SG|en-US","vietnam sim card for tourists"
"viettel esim hanoi airport",1,6,"de-DE|en-US","esim hanoi"
"vodafone australia esim card",1,6,"de-DE","australia esim card"
"vodafone esim germany reddit",1,6,"en-US","esim germany reddit"
"vodafone esim india price",1,6,"de-DE|en-AU|en-GB|en-SG|en-US","esim india price"
"vodafone esim india reddit",1,6,"en-US","esim india reddit"
"vodafone esim ireland and uk",1,6,"de-DE|en-US","esim for ireland and uk"
"vodafone esim italy price",1,6,"de-DE|en-AU|en-GB|en-SG|en-US","esim italy price"
"vodafone esim middle east",1,6,"de-DE|en-AU|en-GB|en-SG|en-US","esim middle east"
"vodafone esim uk tourist",1,6,"de-DE","esim uk tourist"
"vodafone pay as you go esim",1,6,"de-DE","esim pay as you go"
"vodafone prague esim",1,6,"en-AU|en-GB|en-SG|en-US","prague esim"
"vodafone roaming esim uk",1,6,"en-US","roami esim uk"
"vodafone turkey esim card",1,6,"de-DE|en-US","turkey esim card"
"what is an esim card for iphone",1,6,"en-GB|en-SG","what is an esim"
"what is an esim on ipad",1,6,"de-DE|en-US","what is an esim"
"what is esim activation code",1,6,"en-AU|en-GB|en-SG|en-US","roami esim promo code"
"what is the relationship between norway and sweden",1,6,"en-US","esim for norway and sweden"
"what sim card to buy in bali",1,6,"en-AU|en-GB|en-SG|en-US","indonesia sim card for tourists"
"what terminal is cathay pacific in hong kong airport",1,6,"en-US","esim hong kong airport"
"where to buy a sim card in south africa",1,6,"en-AU|en-GB|en-SG|en-US","south africa sim card for tourists"
"where to buy sim card in france for tourists",1,6,"de-DE|en-AU|en-GB|en-SG|en-US","france sim card for tourists"
"which esim app is best for china",1,6,"de-DE|en-AU|en-GB|en-SG|en-US","which esim is best for china"
"which esim card is best in usa",1,6,"en-AU|en-GB|en-SG|en-US","which esim is best for usa"
"which esim is better for thailand",1,6,"en-AU|en-GB|en-SG|en-US","which esim is best for thailand"
"which is the best esim for data in turkey",1,6,"en-AU|en-GB|en-SG|en-US","which esim is best for turkey"
"yesim esim russia",1,6,"en-AU|en-GB|en-SG|en-US","yesim esim"
"yesim esim ägypten",1,6,"de-DE","yesim esim"
"zero esim las vegas",1,6,"de-DE|en-US","esim las vegas"
"02 esim qr code",1,7,"en-US","holafly esim egypt"
"abu dhabi e sim reddit",1,7,"en-US","esim uae reddit"
"abu dhabi esim online",1,7,"de-DE|en-AU|en-GB|en-SG|en-US","abu dhabi esim"
"activate esim iphone 15",1,7,"de-DE","how to activate esim"
"airalo asia esim not working in hong kong",1,7,"de-DE","airalo esim hong kong"
"airalo esim activation",1,7,"en-SG","airalo esim"
"airalo esim australia cost",1,7,"de-DE","airalo esim australia"
"airalo esim australia to japan",1,7,"de-DE|en-US","airalo esim australia"
"airalo esim canada and alaska",1,7,"de-DE|en-US","airalo esim canada"
"airalo esim cancun",1,7,"en-AU|en-GB|en-SG|en-US","esim cancun"
"airalo esim central america",1,7,"de-DE","esim central america"
"airalo esim china alipay",1,7,"en-US","airalo esim china"
"airalo esim china google",1,7,"de-DE","airalo esim china"
"airalo esim discount code first order",1,7,"en-AU|en-GB|en-SG|en-US","airalo esim promo code"
"airalo esim for family",1,7,"en-AU|en-GB|en-SG|en-US","esim for family"
"airalo esim for israel",1,7,"de-DE","esim for israel"
"airalo esim india",1,7,"en-GB","airalo esim"
"airalo esim japan 5g",1,7,"de-DE","airalo esim japan"
"airalo esim japan and hong kong",1,7,"de-DE|en-US","airalo esim hong kong"
"airalo esim japan not working",1,7,"en-US","airalo esim japan"
"airalo esim perú",1,7,"en-US","airalo esim peru"
"airalo esim price italy",1,7,"de-DE|en-US","airalo esim price"
"airalo esim schweiz funktioniert nicht",1,7,"en-US","airalo esim switzerland"
"airalo esim south korea",1,7,"de-DE|en-US","airalo esim korea"
"airalo esim thailand installieren",1,7,"de-DE","airalo esim thailand"
"airalo esim thailand phone number",1,7,"de-DE|en-US","airalo esim thailand"
"airalo esim usa telefonieren",1,7,"de-DE","airalo esim usa"
"airalo esim usage",1,7,"en-US","airalo esim usa"
"airalo esim vietnam",1,7,"en-AU","airalo esim"
"airalo esim vietnam network",1,7,"de-DE|en-US","airalo esim vietnam"
"airalo esim work in turkey",1,7,"en-US","airalo esim turkey"
"airalo esim.plans uk",1,7,"de-DE|en-AU|en-GB|en-SG|en-US","airalo esim plans"
"airalo free esim spain",1,7,"de-DE|en-US","airalo esim spain"
"airalo india esim",1,7,"en-US","airalo esim india"
"airalo italia esim",1,7,"en-US","airalo esim italy"
"airalo korean esim",1,7,"de-DE","airalo esim korea"
"airalo mexico esim",1,7,"en-US","airalo esim mexico"
"airalo vs orange esim france",1,7,"de-DE|en-US","airalo esim france"
"airalo vs saily esim europe",1,7,"de-DE|en-US","saily esim vs airalo"
"albania esim 3 days",1,7,"de-DE","esim for 3 days"
"alosim esim aktivieren",1,7,"de-DE","alosim esim"
"alosim esim japan",1,7,"en-AU|en-GB|en-SG|en-US","alosim esim"
"america esim prepaid",1,7,"en-AU|en-GB|en-SG|en-US","america esim"
"are esims worth it for international travel",1,7,"en-AU|en-GB|en-SG|en-US","is esim worth it"
"are norway and sweden allies",1,7,"en-US","esim for norway and sweden"
"att esim usa tourist",1,7,"de-DE","esim usa tourist"
"australia sim card esim",1,7,"de-DE","australia esim card"
"australia sim card for tourist prepaid",1,7,"en-AU|en-GB|en-SG|en-US","australia sim card for tourists"
"australia singapore esim",1,7,"de-DE","esim for australia"
"bali esim online",1,7,"en-GB|en-SG|en-US","bali esim"
"bali esim review",1,7,"en-AU|en-GB|en-SG|en-US","bali esim"
"bali esim trip com",1,7,"de-DE","bali esim"
"best cheap esim for china reddit",1,7,"de-DE","cheap esim china"
"best cheap esim india",1,7,"de-DE","cheap esim india"
"best cheapest esim for vietnam",1,7,"en-AU|en-GB|en-SG|en-US","cheapest esim for vietnam"
"best dublin esim",1,7,"de-DE|en-AU|en-GB|en-SG|en-US","dublin esim"
"best esim app",1,7,"de-DE|en-US","best esim"
"best esim app 2026",1,7,"en-AU|en-GB|en-SG|en-US","best esim 2026"
"best esim app for argentina",1,7,"de-DE|en-GB","best esim for argentina"
"best esim app for nz",1,7,"de-DE","best esim for nz"
"best esim app for paris",1,7,"en-GB","best esim for paris"
"best esim app for qatar",1,7,"de-DE|en-AU|en-GB|en-SG|en-US","best esim for qatar"
"best esim bangkok airport",1,7,"de-DE","best esim for bangkok"
"best esim berlin",1,7,"en-AU|en-GB|en-SG|en-US","esim berlin"
"best esim card for argentina",1,7,"de-DE|en-AU|en-GB|en-SG|en-US","best esim for argentina"
"best esim card for colombia",1,7,"de-DE|en-AU|en-GB|en-SG|en-US","best esim for colombia"
"best esim deals for spain",1,7,"de-DE|en-AU|en-GB|en-SG|en-US","best esim deals"
"best esim europe and switzerland",1,7,"de-DE","best esim for switzerland"
"best esim for 1 week in japan",1,7,"en-AU|en-GB|en-SG|en-US","esim for 1 week"
"best esim for americans in europe",1,7,"de-DE|en-AU|en-GB|en-SG|en-US","best esim for america"
"best esim for asian countries",1,7,"en-AU|en-GB|en-SG|en-US","best esim for asia"
"best esim for australia and singapore",1,7,"de-DE","best esim for australia"
"best esim for australia iphone",1,7,"de-DE|en-US","esim australia for iphone"
"best esim for bali for 10 days",1,7,"en-AU","best esim for bali"
"best esim for bali telkomsel",1,7,"de-DE","best esim for bali"
"best esim for canada from ireland",1,7,"en-AU|en-GB|en-SG|en-US","best esim for canada"
"best esim for canada iphone",1,7,"de-DE|en-US","esim canada for iphone"
"best esim for china and hong kong with vpn",1,7,"en-US","best esim for hong kong and china"
"best esim for colombia",1,7,"en-AU|en-GB|en-SG|en-US","esim for colombia"
"best esim for costa rica and usa",1,7,"en-US","best esim for costa rica"
"best esim for croatia bosnia and montenegro",1,7,"de-DE|en-AU|en-GB|en-SG|en-US","best esim for croatia"
"best esim for data in egypt",1,7,"de-DE","best esim for egypt"
"best esim for dubai and thailand",1,7,"de-DE|en-AU|en-GB|en-SG|en-US","best esim for dubai"
"best esim for egypt sharm el sheikh",1,7,"en-AU|en-GB|en-SG|en-US","best esim for egypt"
"best esim for england and italy",1,7,"de-DE|en-AU|en-GB|en-SG|en-US","best esim for england"
"best esim for england iphone",1,7,"de-DE","best esim for england"
"best esim for europe travel reddit",1,7,"en-US","best esim for europe"
"best esim for fiji",1,7,"en-AU|en-GB|en-US","esim for fiji"
"best esim for france and amsterdam",1,7,"de-DE|en-AU|en-GB|en-SG|en-US","best esim for amsterdam"
"best esim for georgia europe",1,7,"de-DE|en-AU|en-GB|en-SG|en-US","best esim for georgia"
"best esim for germany and europe",1,7,"en-AU|en-GB|en-SG|en-US","best esim for germany"
"best esim for hong kong and singapore",1,7,"de-DE|en-AU|en-GB|en-SG|en-US","best esim for hong kong"
"best esim for india and singapore",1,7,"de-DE","best esim for india"
"best esim for indonesia and thailand",1,7,"de-DE","best esim for indonesia"
"best esim for ireland and europe",1,7,"de-DE|en-AU|en-GB|en-SG|en-US","best esim for ireland"
"best esim for israel",1,7,"en-AU|en-GB|en-SG|en-US","esim for israel"
"best esim for italy and spain",1,7,"de-DE","best esim for italy"
"best esim for japan and taiwan",1,7,"en-US","best esim for japan"
"best esim for japan travel from australia",1,7,"en-AU","best esim for japan"
"best esim for kenya travel",1,7,"de-DE|en-AU|en-GB|en-SG|en-US","best esim for kenya"
"best esim for korea and vietnam",1,7,"en-AU|en-GB|en-SG|en-US","best esim for korea"
"best esim for maldives",1,7,"en-US","esim for maldives"
"best esim for new zealand unlimited data",1,7,"de-DE|en-AU|en-GB|en-SG|en-US","best esim for new zealand"
"best esim for north america and canada",1,7,"en-US","best esim for usa and canada"
"best esim for nz",1,7,"de-DE","esim for nz"
"best esim for osaka and tokyo",1,7,"de-DE|en-US","esim for osaka"
"best esim for paris travel",1,7,"de-DE|en-AU|en-SG|en-US","best esim for paris"
"best esim for philippines and thailand",1,7,"en-AU|en-GB|en-SG|en-US","best esim for philippines"
"best esim for poland",1,7,"en-AU|en-GB|en-SG|en-US","esim for poland"
"best esim for poland travel",1,7,"en-AU|en-GB|en-SG|en-US","best esim for poland"
"best esim for portugal and madeira",1,7,"de-DE|en-AU|en-GB|en-SG|en-US","best esim for portugal"
"best esim for shanghai reddit",1,7,"en-US","esim for shanghai"
"best esim for singapore and uk",1,7,"en-AU","best esim for singapore"
"best esim for south africa and mozambique",1,7,"de-DE|en-AU|en-GB|en-SG|en-US","best esim for south africa"
"best esim for spain",1,7,"en-US","best esim"
"best esim for taiwan and south korea",1,7,"de-DE|en-AU|en-GB|en-SG|en-US","best esim for taiwan"
"best esim for thailand and malaysia",1,7,"en-AU","best esim for thailand"
"best esim for thailand iphone",1,7,"de-DE|en-US","esim thailand for iphone"
"best esim for uae and saudi arabia",1,7,"de-DE|en-AU|en-GB|en-SG|en-US","best esim for uae"
"best esim for uk and italy",1,7,"en-AU|en-US","best esim for uk"
"best esim for uk and republic of ireland",1,7,"de-DE|en-US","best esim for ireland and uk"
"best esim for uk data",1,7,"de-DE","best esim for uk"
"best esim for usa from india",1,7,"en-GB|en-SG","best esim for usa"
"best esim for usa las vegas",1,7,"de-DE|en-US","esim for las vegas"
"best esim for use in japan",1,7,"en-AU","best esim for us"
"best esim for vancouver bc",1,7,"de-DE|en-US","esim for vancouver"
"best esim italy tourist",1,7,"de-DE|en-US","esim italy tourist"
"best esim osaka reddit",1,7,"en-US","esim osaka"
"best esim peru review",1,7,"de-DE","best esim for peru"
"best esim provider for israel",1,7,"de-DE|en-AU|en-GB|en-SG|en-US","best esim for israel"
"best esim provider for south america",1,7,"de-DE","best esim for south america"
"best esim rio",1,7,"de-DE|en-AU|en-GB|en-SG|en-US","rio esim"
"best esim seoul",1,7,"en-AU|en-GB|en-SG|en-US","best esim for seoul"
"best esim south africa reviews",1,7,"de-DE|en-US","esim for south africa review"
"best esim uk for iphone",1,7,"de-DE|en-US","esim uk for iphone"
"best esim vancouver",1,7,"en-US","esim vancouver"
"best esim.for.s america",1,7,"en-AU|en-GB|en-SG|en-US","best esim for south america"
"best international esim for africa",1,7,"de-DE","best esim for africa"
"best new zealand sim card for travellers",1,7,"en-AU|en-GB|en-SG|en-US","new zealand sim card for tourists"
"best prague esim",1,7,"de-DE|en-AU|en-GB|en-SG|en-US","prague esim"
"best rome esim",1,7,"de-DE|en-AU|en-GB|en-SG|en-US","rome esim"
"best sim card for spain and portugal",1,7,"en-AU|en-GB|en-SG|en-US","portugal sim card for tourists"
"best taiwan esim card",1,7,"de-DE|en-US","taiwan esim card"
"best travel esim new zealand reddit",1,7,"de-DE","esim new zealand reddit"
"best unlimited data esim japan",1,7,"en-US","unlimited data esim japan"
"best unlimited esim new zealand",1,7,"de-DE|en-US","esim new zealand unlimited"
"best usa sim card for tourists",1,7,"de-DE|en-AU|en-GB|en-SG|en-US","usa sim card for tourists"
"best value esim for fiji",1,7,"de-DE|en-AU|en-GB|en-SG|en-US","best esim for fiji"
"best vietnam sim card for tourist",1,7,"en-AU|en-GB|en-SG|en-US","vietnam sim card for tourists"
"beste esim japan reddit",1,7,"de-DE","esim japan reddit"
"beste esim thailand reddit",1,7,"de-DE","esim thailand reddit"
"buy cheap esim thailand",1,7,"de-DE","cheap esim thailand"
"buy esim at japan airport",1,7,"de-DE|en-US","esim japan airport"
"buy esim for bangkok",1,7,"en-AU|en-GB|en-SG|en-US","esim for bangkok"
"buy esim for phuket",1,7,"en-US","esim for phuket"
"buy esim for rome",1,7,"en-AU|en-GB|en-SG|en-US","esim for rome"
"buy esim holland",1,7,"de-DE|en-AU|en-GB|en-SG|en-US","holland esim"
"buy esim in phuket",1,7,"de-DE","esim for phuket"
"buy esim indonesia tourist",1,7,"de-DE|en-US","esim indonesia tourist"
"buy esim kuala lumpur",1,7,"en-AU|en-GB|en-SG|en-US","esim kuala lumpur"
"buy esim turkey cheap",1,7,"de-DE","cheap esim turkey"
"buy esim.india tourist",1,7,"de-DE","esim india tourist"
"buy german esim card online",1,7,"en-US","germany esim card"
"can you have esim and physical sim",1,7,"en-AU|en-GB|en-SG","hong kong esim unlimited"
"canada data sim card for tourist",1,7,"en-AU|en-GB|en-SG|en-US","canada sim card for tourists"
"canada travel esim card",1,7,"de-DE|en-US","canada esim card"
"cancun travel esim",1,7,"de-DE|en-AU|en-GB|en-SG|en-US","cancun esim"
"carte esim holafly canada",1,7,"de-DE|en-US","holafly esim canada"
"cheap data esim egypt",1,7,"en-US","cheap esim egypt"
"cheap esim for argentina",1,7,"de-DE","esim for argentina"
"cheap esim for fiji",1,7,"de-DE|en-SG","esim for fiji"
"cheap esim for marrakech",1,7,"en-AU|en-GB|en-SG|en-US","esim for marrakech"
"cheap esim phones australia",1,7,"de-DE","cheap esim australia"
"cheap esim uk plans",1,7,"en-US","cheap esim uk"
"cheap japan esim data",1,7,"de-DE","cheap esim japan"
"cheap prepaid esim singapore",1,7,"de-DE","cheap esim singapore"
"cheap sim card netherlands",1,7,"en-AU|en-GB|en-SG|en-US","netherlands sim card for tourists"
"cheap travel esim canada",1,7,"de-DE","cheap esim canada"
"cheapest and best esim for turkey",1,7,"de-DE","cheapest esim for turkey"
"cheapest data esim brazil",1,7,"en-US","cheap esim brazil"
"cheapest data esim netherlands",1,7,"en-US","cheap esim netherlands"
"cheapest esim app for canada",1,7,"de-DE|en-GB","cheapest esim for canada"
"cheapest esim australia tourist",1,7,"en-US","cheap esim australia"
"cheapest esim card for mexico",1,7,"de-DE|en-AU|en-GB|en-SG|en-US","cheapest esim for mexico"
"cheapest esim card for turkey",1,7,"en-SG","cheapest esim for turkey"
"cheapest esim card france",1,7,"de-DE","cheapest esim for france"
"cheapest esim data italy",1,7,"de-DE|en-GB","cheapest esim for italy"
"cheapest esim data philippines",1,7,"de-DE|en-AU|en-GB|en-SG|en-US","cheapest esim for philippines"
"cheapest esim for 3 days",1,7,"en-AU|en-GB|en-SG|en-US","esim for 3 days"
"cheapest esim for barcelona",1,7,"en-AU|en-GB|en-SG|en-US","esim for barcelona"
"cheapest esim for canadians going to america",1,7,"en-GB","cheapest esim for canada"
"cheapest esim for czech republic",1,7,"en-AU|en-GB|en-SG|en-US","esim for czech republic"
"cheapest esim for fiji",1,7,"en-AU|en-GB|en-SG|en-US","esim for fiji"
"cheapest esim for ipad singapore",1,7,"de-DE|en-AU|en-GB|en-SG|en-US","cheapest esim for singapore"
"cheapest esim for istanbul",1,7,"en-AU|en-GB|en-SG|en-US","esim for istanbul"
"cheapest esim for japan",1,7,"en-US","cheapest esim"
"cheapest esim for japan 15 days",1,7,"de-DE|en-AU|en-GB|en-SG|en-US","cheapest esim for japan"
"cheapest esim for thailand and singapore",1,7,"de-DE|en-AU|en-GB|en-SG|en-US","cheapest esim for thailand"
"cheapest esim for turkey",1,7,"en-GB","cheapest esim"
"cheapest esim for usa and caribbean",1,7,"en-AU|en-GB|en-SG|en-US","cheapest esim for usa"
"cheapest esim for watch australia",1,7,"en-AU|en-GB|en-SG|en-US","cheapest esim for australia"
"cheapest esim french polynesia",1,7,"en-US","cheap esim france"
"cheapest esim germany travel",1,7,"en-US","cheap esim germany"
"cheapest esim malaysia singapore",1,7,"en-US","cheap esim malaysia"
"cheapest esim phone germany",1,7,"de-DE","cheapest esim for germany"
"cheapest esim phone indonesia",1,7,"de-DE|en-AU|en-GB|en-SG|en-US","cheapest esim for indonesia"
"cheapest esim phone ireland",1,7,"de-DE|en-AU|en-GB|en-SG|en-US","cheapest esim for ireland"
"cheapest esim plan for india",1,7,"en-AU|en-GB|en-SG|en-US","cheapest esim for india"
"cheapest esim plan new zealand",1,7,"de-DE|en-AU|en-GB|en-SG|en-US","cheapest esim for new zealand"
"cheapest esim plan vietnam",1,7,"de-DE|en-AU|en-GB|en-SG|en-US","cheapest esim for vietnam"
"cheapest esim rome",1,7,"de-DE","esim for rome"
"cheapest esim singapore local",1,7,"en-US","cheap esim singapore"
"cheapest esim singapore plan",1,7,"de-DE","cheapest esim for singapore"
"cheapest esim south korea",1,7,"en-US","cheap esim korea"
"cheapest esim south korea reddit",1,7,"de-DE|en-AU|en-GB|en-SG|en-US","cheapest esim for korea"
"cheapest esim thailand tourist",1,7,"en-US","cheap esim thailand"
"cheapest esim turkey uk",1,7,"en-US","cheap esim turkey"
"cheapest esim uk for tourists",1,7,"en-AU|en-GB|en-SG|en-US","cheapest esim for uk"
"cheapest esim usa unlimited data",1,7,"en-US","cheap esim usa"
"cheapest roaming esim uk",1,7,"en-US","roami esim uk"
"cheapest unlimited data esim usa",1,7,"en-US","unlimited data esim usa"
"cheapest unlimited esim for china",1,7,"de-DE|en-AU|en-GB|en-SG|en-US","cheapest esim for china"
"cheapest unlimited esim for egypt",1,7,"de-DE|en-AU|en-GB|en-SG|en-US","cheapest esim for egypt"
"cheapest unlimited esim for turkey",1,7,"de-DE|en-AU|en-GB|en-US","cheapest esim for turkey"
"cheapest unlimited.esim. indonesia",1,7,"en-US","cheap esim indonesia"
"cheapest.unlimited data esim.south korea",1,7,"de-DE|en-US","unlimited data esim korea"
"china esim card reddit",1,7,"de-DE|en-US","china esim card"
"china esim card trip com",1,7,"de-DE|en-US","china esim card"
"china esim singapore reddit",1,7,"de-DE|en-US","esim singapore reddit"
"china esim unlimited reddit",1,7,"en-AU|en-GB|en-SG","china esim unlimited"
"china mobile sim card for tourist price",1,7,"en-AU|en-GB|en-SG|en-US","china sim card for tourists"
"chunghwa esim taiwan reddit",1,7,"en-US","esim taiwan reddit"
"claro esim colombia reddit",1,7,"de-DE|en-US","esim colombia reddit"
"cmlink esim china reddit",1,7,"de-DE","esim china reddit"
"compare esim plans japan",1,7,"de-DE|en-US","esim japan plans"
"compare usa esim plans",1,7,"de-DE","esim usa plans"
"difference between greece and italy",1,7,"en-US","best esim for italy and greece"
"discover hong kong tourist esim",1,7,"de-DE|en-US","esim hong kong tourist"
"do i need an esim for japan travel",1,7,"de-DE","do i need an esim for japan"
"do indonesian esims work in bali",1,7,"en-AU|en-GB|en-SG|en-US","does esim work in indonesia"
"does a south african esim work in namibia",1,7,"de-DE|en-AU|en-GB|en-SG|en-US","does esim work in south africa"
"does airalo esim work in usa",1,7,"de-DE|en-AU|en-GB|en-SG|en-US","does esim work in usa"
"does airtel esim work in germany",1,7,"en-AU|en-GB|en-SG|en-US","does esim work in germany"
"does bmw esim work in australia",1,7,"de-DE|en-AU|en-GB|en-SG|en-US","does esim work in australia"
"does ee esim work in ireland",1,7,"de-DE|en-AU|en-GB|en-SG|en-US","does esim work in ireland"
"does ee work in iceland",1,7,"en-AU|en-GB|en-SG|en-US","does esim work in iceland"
"does egypt have esim card",1,7,"de-DE|en-US","egypt esim card"
"does holafly esim work in france",1,7,"de-DE|en-AU|en-GB|en-SG|en-US","does esim work in france"
"does holafly esim work in italy",1,7,"de-DE|en-AU|en-GB|en-SG|en-US","does esim work in italy"
"does holafly esim work in singapore",1,7,"de-DE|en-AU|en-GB|en-SG|en-US","does esim work in singapore"
"does iphone esim work in egypt",1,7,"de-DE|en-AU|en-GB|en-SG|en-US","does esim work in egypt"
"does jio esim work in thailand",1,7,"de-DE|en-AU|en-GB|en-SG|en-US","does esim work in thailand"
"does malaysia esim work in borneo",1,7,"de-DE|en-AU|en-GB|en-SG|en-US","does esim work in malaysia"
"does maya esim work in japan",1,7,"de-DE|en-AU|en-GB|en-SG|en-US","does esim work in japan"
"does nomad china esim work in hong kong",1,7,"de-DE","does esim work in hong kong"
"does nomad esim have unlimited data",1,7,"de-DE|en-US","nomad esim unlimited"
"does nomad esim work in uk",1,7,"de-DE|en-AU|en-GB|en-SG|en-US","does esim work in uk"
"does philippines have esim for iphone 14",1,7,"de-DE|en-US","esim philippines for iphone"
"does portugal esim work in madeira",1,7,"de-DE|en-AU|en-GB|en-SG|en-US","does esim work in portugal"
"does revolut esim work in korea",1,7,"de-DE|en-AU|en-GB|en-SG|en-US","does esim work in korea"
"does revolut esim work.in switzerland",1,7,"de-DE|en-AU|en-GB|en-SG|en-US","does esim work in switzerland"
"does roamless esim work in mexico",1,7,"de-DE|en-AU|en-GB|en-SG|en-US","does esim work in mexico"
"does roamless esim work in philippines",1,7,"de-DE|en-AU|en-GB|en-SG|en-US","does esim work in philippines"
"does saily esim work in china",1,7,"de-DE|en-AU|en-GB|en-SG|en-US","does esim work in china"
"does spain esim work in canary islands",1,7,"de-DE|en-AU|en-GB|en-SG|en-US","does esim work in spain"
"does thailand esim work in vietnam",1,7,"de-DE|en-AU|en-GB|en-SG|en-US","does esim work in vietnam"
"does ubigi china esim work in hong kong",1,7,"de-DE","ubigi esim china"
"does visible esim work in canada",1,7,"de-DE|en-AU|en-GB|en-SG|en-US","does esim work in canada"
"does vodafone esim work in morocco",1,7,"de-DE|en-AU|en-GB|en-SG|en-US","does esim work in morocco"
"dubai esim free",1,7,"en-AU|en-GB|en-SG|en-US","dubai esim"
"dubai esim holafly",1,7,"de-DE","dubai esim"
"e sim unlimited spain",1,7,"en-US","esim spain unlimited"
"ee apple watch esim cost",1,7,"en-US","esim iceland reddit"
"esim 4g not working",1,7,"en-AU|en-GB|en-SG|en-US","esim 4g"
"esim 5g not working",1,7,"en-AU|en-GB|en-SG|en-US","esim 5g"
"esim abbreviation",1,7,"en-AU|en-GB|en-SG|en-US","esim for lima"
"esim africa kenya",1,7,"en-AU|en-GB|en-SG|en-US","esim africa"
"esim albanien",1,7,"de-DE","esim"
"esim america latina",1,7,"en-AU|en-GB|en-SG|en-US","esim america"
"esim america new york",1,7,"de-DE","esim america"
"esim and nano sim difference",1,7,"en-US","esim new zealand vs sim"
"esim argentina and chile",1,7,"en-AU|en-GB|en-SG|en-US","esim argentina"
"esim argentina sms",1,7,"de-DE","esim argentina"
"esim asia 15 days",1,7,"en-AU|en-GB|en-SG","esim asia"
"esim asia 60 days",1,7,"de-DE","esim asia"
"esim australia calls and data",1,7,"de-DE","esim australia"
"esim australia tourist 7 days",1,7,"en-US","esim australia tourist"
"esim australia tourist vodafone",1,7,"de-DE","esim australia tourist"
"esim austria germany",1,7,"en-AU|en-GB|en-SG|en-US","esim austria"
"esim austria magenta",1,7,"de-DE","esim austria"
"esim bali 10 days",1,7,"en-AU","esim bali"
"esim bali kaufen",1,7,"de-DE","esim bali"
"esim belgium data",1,7,"en-AU|en-GB|en-SG|en-US","esim belgium"
"esim brazil and peru",1,7,"de-DE","esim for brazil"
"esim brazil claro",1,7,"en-AU|en-GB|en-SG|en-US","esim brazil"
"esim canada lucky mobile",1,7,"en-AU","esim canada"
"esim canada phone plans",1,7,"en-US","esim canada plans"
"esim canada with phone number",1,7,"de-DE|en-GB|en-SG","esim canada"
"esim card canada telus",1,7,"de-DE","canada esim card"
"esim card costa rica reddit",1,7,"de-DE|en-US","esim costa rica reddit"
"esim card for amsterdam",1,7,"de-DE","esim for amsterdam"
"esim card for cancun mexico",1,7,"de-DE|en-AU|en-GB|en-SG|en-US","esim for cancun"
"esim card for czech republic",1,7,"de-DE|en-AU|en-GB|en-SG|en-US","esim for czech republic"
"esim card for italy and switzerland",1,7,"de-DE","esim for switzerland and italy"
"esim card for new york",1,7,"de-DE","esim for new york"
"esim card for usa and mexico",1,7,"en-US","esim for usa and mexico"
"esim card for vietnam and cambodia",1,7,"de-DE|en-US","esim for vietnam and cambodia"
"esim card indonesia for tourist",1,7,"de-DE","esim indonesia tourist"
"esim card philippines reddit",1,7,"de-DE|en-US","philippines esim card"
"esim card thailand price",1,7,"en-AU|en-GB|en-SG|en-US","esim thailand price"
"esim china best price",1,7,"de-DE|en-AU|en-GB|en-SG|en-US","esim china price"
"esim china iphone 16 pro",1,7,"de-DE","esim china for iphone"
"esim china mit telefonnummer",1,7,"de-DE","esim china"
"esim china mobile",1,7,"en-GB|en-SG|en-US","esim china"
"esim cho việt nam",1,7,"de-DE|en-AU|en-GB|en-SG|en-US","esim for viet nam"
"esim colombia 10gb",1,7,"de-DE","esim colombia"
"esim colombia para extranjeros",1,7,"en-AU|en-GB|en-SG|en-US","esim colombia"
"esim compatible phones in pakistan",1,7,"en-AU|en-GB|en-SG|en-US","esim compatible phones"
"esim compatible phones xiaomi",1,7,"de-DE","esim compatible phones"
"esim costa rica kaufen",1,7,"de-DE","esim costa rica"
"esim croatia telekom",1,7,"de-DE","esim croatia"
"esim czech republic free",1,7,"de-DE|en-AU|en-GB|en-SG|en-US","esim czech republic"
"esim data việt nam",1,7,"en-AU|en-GB|en-SG|en-US","esim for viet nam"
"esim deals ireland",1,7,"de-DE","esim deals"
"esim deals unlimited data",1,7,"en-AU|en-GB|en-SG|en-US","esim deals"
"esim discount japan",1,7,"en-US","cheap esim japan"
"esim dubai 10 tage",1,7,"de-DE","esim dubai"
"esim dubai airport",1,7,"en-AU|en-GB|en-SG|en-US","esim dubai"
"esim england telefonieren",1,7,"de-DE","esim england"
"esim esim app",1,7,"de-DE|en-AU|en-GB|en-SG|en-US","esim esim"
"esim europe data",1,7,"de-DE|en-GB|en-SG","esim europe"
"esim family setup",1,7,"de-DE","esim for family"
"esim fiji klook",1,7,"en-AU|en-GB|en-SG|en-US","esim fiji"
"esim for 2 weeks in france",1,7,"de-DE|en-AU|en-GB|en-SG|en-US","esim for 2 weeks"
"esim for america holiday",1,7,"en-AU|en-GB|en-SG|en-US","esim for america"
"esim for america unlimited data",1,7,"de-DE","esim for america"
"esim for android emulator",1,7,"de-DE","esim for android"
"esim for android free trial",1,7,"en-AU|en-GB|en-SG|en-US","esim for android"
"esim for asia and australia",1,7,"de-DE|en-AU|en-GB|en-SG|en-US","esim for asia"
"esim for australia and singapore",1,7,"en-GB|en-SG|en-US","esim for australia"
"esim for australian travellers",1,7,"en-AU","esim for australia"
"esim for bali trip",1,7,"de-DE|en-AU|en-GB|en-SG|en-US","esim for bali"
"esim for brazil and chile",1,7,"en-AU|en-GB|en-SG|en-US","esim for brazil"
"esim for canada with phone number",1,7,"de-DE|en-AU|en-GB|en-SG|en-US","esim for canada"
"esim for china and korea",1,7,"de-DE|en-US","esim for china"
"esim for china with phone number",1,7,"en-AU|en-GB|en-SG|en-US","esim for china"
"esim for costa rica from canada",1,7,"en-AU|en-GB|en-SG|en-US","esim for costa rica"
"esim for costa rica unlimited data",1,7,"de-DE|en-AU|en-GB|en-SG|en-US","esim for costa rica"
"esim for cruise ships reddit",1,7,"de-DE|en-AU|en-GB|en-SG|en-US","esim for cruise ship"
"esim for egypt hurghada",1,7,"de-DE|en-AU|en-GB|en-SG|en-US","esim for egypt"
"esim for england reddit",1,7,"en-AU|en-GB|en-SG|en-US","esim for england"
"esim for europe unlimited data",1,7,"de-DE|en-AU|en-GB|en-SG|en-US","esim for europe"
"esim for georgia travel",1,7,"en-AU|en-GB|en-SG|en-US","esim for georgia"
"esim for greece and albania",1,7,"de-DE|en-AU|en-GB|en-SG|en-US","esim for greece"
"esim for hong kong and mainland china",1,7,"en-US","esim for hong kong and china"
"esim for iceland and denmark",1,7,"en-AU|en-GB|en-SG|en-US","esim for iceland"
"esim for international travel",1,7,"en-US","esim"
"esim for international travel unlimited data",1,7,"de-DE|en-AU|en-GB|en-SG|en-US","esim for international travel"
"esim for international.students",1,7,"en-AU|en-GB|en-SG|en-US","esim for students"
"esim for iphone 15 pro max",1,7,"en-AU","esim for iphone"
"esim for ireland scotland and england",1,7,"de-DE|en-AU|en-GB|en-SG|en-US","esim for ireland"
"esim for ireland with phone number",1,7,"de-DE","esim ireland"
"esim for italy from australia",1,7,"en-AU","esim for italy"
"esim for italy with phone number",1,7,"en-GB|en-SG|en-US","esim for italy"
"esim for japan and taiwan",1,7,"en-US","esim for japan"
"esim for japan from india",1,7,"en-GB|en-SG","esim for japan"
"esim for japan long term",1,7,"de-DE","esim for japan"
"esim for kenya safaricom",1,7,"en-AU|en-GB|en-SG|en-US","esim for kenya"
"esim for kids australia",1,7,"de-DE|en-AU|en-GB|en-SG|en-US","esim for kids"
"esim for korea and japan reddit",1,7,"de-DE|en-GB|en-US","esim for korea"
"esim for london and ireland",1,7,"de-DE|en-US","esim for london"
"esim for long term international travel",1,7,"en-AU|en-GB|en-SG|en-US","esim for long stay"
"esim for malaysia and china",1,7,"de-DE|en-AU|en-GB|en-SG|en-US","esim for malaysia"
"esim for morocco airalo",1,7,"de-DE|en-AU|en-GB|en-SG|en-US","esim for morocco"
"esim for netherlands and switzerland",1,7,"en-AU|en-GB|en-SG|en-US","esim for netherlands"
"esim for new zealand and singapore",1,7,"de-DE|en-AU|en-GB|en-SG|en-US","esim for new zealand"
"esim for nz and fiji",1,7,"en-AU|en-GB|en-SG|en-US","esim for nz"
"esim for one month europe",1,7,"en-AU|en-GB|en-SG|en-US","esim for 1 month"
"esim for paris and spain",1,7,"de-DE|en-AU|en-GB|en-SG|en-US","esim for paris"
"esim for peru from uk",1,7,"en-AU","esim for peru"
"esim for philippines and hong kong",1,7,"en-GB","esim for philippines"
"esim for philippines and south korea",1,7,"de-DE","esim for philippines"
"esim for portugal and madeira",1,7,"de-DE","esim for portugal"
"esim for qatar and thailand",1,7,"en-AU|en-GB|en-SG|en-US","esim for qatar"
"esim for singapore 5 days",1,7,"de-DE","esim for singapore"
"esim for south africa reddit",1,7,"de-DE","esim for south africa"
"esim for south africa travel",1,7,"en-AU|en-GB|en-SG|en-US","esim for south africa"
"esim for spain study abroad",1,7,"de-DE|en-GB|en-SG|en-US","esim for spain"
"esim for switzerland and austria",1,7,"de-DE|en-AU|en-GB|en-SG|en-US","esim for switzerland"
"esim for thailand and japan",1,7,"de-DE","esim for thailand"
"esim for thailand calls and data",1,7,"en-AU","esim for thailand"
"esim for tourists in israel",1,7,"de-DE","esim for tourists"
"esim for tourists in singapore",1,7,"en-AU|en-GB|en-SG|en-US","esim for tourists"
"esim for turkey trip",1,7,"de-DE","esim for turkey"
"esim for uae from india",1,7,"en-AU|en-GB|en-SG|en-US","esim for uae"
"esim for uk and italy",1,7,"en-AU","esim for uk"
"esim for us and canada",1,7,"en-GB|en-SG","esim for us"
"esim for usa data and calls",1,7,"en-GB|en-SG","esim for usa"
"esim for usa holiday",1,7,"de-DE","esim for usa"
"esim for vietnam and philippines",1,7,"en-US","esim for vietnam"
"esim france pour touriste",1,7,"en-US","esim france tourist"
"esim france sans engagement",1,7,"de-DE|en-AU|en-GB|en-SG","esim france"
"esim free trial cricket",1,7,"en-AU|en-GB|en-SG|en-US","esim free trial"
"esim free trial uk",1,7,"en-AU|en-GB|en-SG","esim free trial"
"esim georgien vergleich",1,7,"de-DE","esim georgia"
"esim germany with phone number",1,7,"en-GB|en-SG|en-US","esim germany"
"esim greece prepaid",1,7,"de-DE","esim greece"
"esim hawaii saily",1,7,"de-DE","esim hawaii"
"esim hawaii travel",1,7,"de-DE|en-US","esim hawaii"
"esim hong kong iphone 15 pro",1,7,"de-DE|en-US","esim hong kong for iphone"
"esim hong kong iphone 17 pro",1,7,"en-US","esim hong kong for iphone"
"esim hotspot holafly",1,7,"de-DE","esim hotspot"
"esim iceland airalo",1,7,"de-DE|en-AU|en-GB|en-SG|en-US","esim iceland"
"esim india roamic",1,7,"de-DE","esim india"
"esim indonesia airalo",1,7,"en-AU","esim indonesia"
"esim indonesia and australia",1,7,"de-DE","esim for indonesia"
"esim indonesia klook",1,7,"en-GB|en-SG|en-US","esim indonesia"
"esim indonesien bali",1,7,"de-DE","esim indonesia"
"esim internet great britain",1,7,"de-DE","esim britain"
"esim ireland reddit",1,7,"de-DE|en-AU|en-GB|en-SG","esim ireland"
"esim israel airalo",1,7,"de-DE","esim israel"
"esim israel hot mobile",1,7,"en-AU|en-GB|en-SG|en-US","esim israel"
"esim italy and greece",1,7,"en-US","esim italy"
"esim italy one day",1,7,"de-DE","esim italy"
"esim japan and south korea",1,7,"en-AU","esim japan"
"esim japan icc",1,7,"en-SG","esim japan"
"esim japan iphone se",1,7,"de-DE","esim japan for iphone"
"esim japan saily",1,7,"de-DE","esim japan"
"esim japan unlimited 15 days",1,7,"de-DE|en-US","esim japan unlimited"
"esim kanada toronto",1,7,"de-DE","esim toronto"
"esim kenya holafly",1,7,"de-DE|en-AU|en-GB|en-SG|en-US","esim kenya"
"esim korea kaufen",1,7,"de-DE","esim korea"
"esim london vodafone",1,7,"de-DE|en-US","esim london"
"esim malaysia klook",1,7,"en-GB|en-US","esim malaysia"
"esim maldives 100gb",1,7,"de-DE","esim maldives"
"esim maldives klook",1,7,"en-US","esim maldives"
"esim marrakech roamic",1,7,"de-DE","esim marrakech"
"esim mexico att",1,7,"en-US","esim mexico"
"esim mexiko airalo",1,7,"de-DE","esim mexico"
"esim miami e bahamas",1,7,"en-US","esim miami"
"esim morocco 5gb",1,7,"de-DE","esim morocco"
"esim new york t mobile",1,7,"en-US","esim new york"
"esim new zealand skinny",1,7,"de-DE","esim new zealand"
"esim no contract pay as you go",1,7,"de-DE|en-AU|en-GB|en-SG|en-US","esim no contract"
"esim north america data",1,7,"de-DE|en-AU|en-GB|en-SG|en-US","esim north america"
"esim number iphone",1,7,"en-US","esim indonesia for iphone"
"esim oman dubai",1,7,"de-DE","esim for dubai"
"esim only plans singapore",1,7,"de-DE|en-US","esim singapore plans"
"esim para orlando",1,7,"de-DE","esim orlando"
"esim paris 3 days",1,7,"de-DE","esim paris"
"esim paris airport",1,7,"en-AU|en-GB|en-SG|en-US","esim paris"
"esim pay as you go ireland",1,7,"de-DE","esim pay as you go"
"esim pay as you go three",1,7,"en-AU|en-GB|en-SG|en-US","esim pay as you go"
"esim peru movistar",1,7,"en-AU|en-GB|en-SG|en-US","esim peru"
"esim philippines best price",1,7,"de-DE|en-AU|en-GB|en-SG|en-US","esim philippines price"
"esim philippines holafly",1,7,"de-DE","esim philippines"
"esim phone calls japan",1,7,"en-AU|en-GB|en-SG|en-US","esim voice calls"
"esim plans with call and text services",1,7,"en-US","esim plans"
"esim poland with number",1,7,"en-AU|en-GB|en-SG|en-US","esim poland"
"esim portugal data",1,7,"de-DE|en-AU|en-GB|en-SG|en-US","esim portugal"
"esim prepago lima",1,7,"de-DE|en-AU|en-GB|en-SG|en-US","esim lima"
"esim prepaid deals",1,7,"en-AU","esim prepaid"
"esim prepaid phone plans",1,7,"en-US","esim prepaid"
"esim prepaid vodafone",1,7,"de-DE|en-AU","esim prepaid"
"esim prices for italy",1,7,"en-AU|en-GB|en-SG|en-US","cheapest esim for italy"
"esim promo codes",1,7,"en-AU|en-GB|en-SG|en-US","esim discount code"
"esim pros and cons india",1,7,"en-US","esim for india review"
"esim qatar vodafone",1,7,"en-AU|en-GB|en-SG|en-US","esim qatar"
"esim saudi arabia for tourist",1,7,"en-GB","esim saudi arabia"
"esim saudi arabia saily",1,7,"de-DE","esim saudi arabia"
"esim se asia",1,7,"en-AU|en-GB|en-SG|en-US","esim southeast asia"
"esim shanghai klook",1,7,"de-DE|en-US","esim shanghai"
"esim sim com edinburgh",1,7,"de-DE|en-US","esim edinburgh"
"esim singapore comparison",1,7,"de-DE","esim singapore"
"esim singapore with number",1,7,"en-GB|en-SG","esim singapore"
"esim sms jio",1,7,"en-AU|en-GB|en-SG|en-US","esim sms"
"esim sms problem",1,7,"de-DE","esim sms"
"esim south america saily",1,7,"de-DE|en-AU|en-GB|en-SG|en-US","esim south america"
"esim south korea unlimited data",1,7,"de-DE","esim korea unlimited"
"esim spain roamic",1,7,"de-DE","esim spain"
"esim spain with phone number",1,7,"en-US","esim spain"
"esim speedtalk mobile",1,7,"en-AU|en-GB|en-SG|en-US","esim speed"
"esim switzerland compare",1,7,"de-DE","esim switzerland"
"esim switzerland saily",1,7,"en-AU|en-GB|en-SG|en-US","esim switzerland"
"esim taiwan china",1,7,"de-DE","esim taiwan"
"esim thailand",1,7,"de-DE|en-AU","esim"
"esim thailand 1 week",1,7,"de-DE","esim for 1 week"
"esim thailand günstig",1,7,"de-DE","esim thailand"
"esim thailand tourist 10 days",1,7,"de-DE|en-US","esim thailand tourist"
"esim thailand unlimited data 15 days",1,7,"de-DE|en-US","esim thailand unlimited"
"esim travel portugal and europe ii",1,7,"en-US","esim portugal tourist"
"esim travel qatar",1,7,"en-US","esim qatar tourist"
"esim turkey 2026 reddit",1,7,"de-DE","esim turkey reddit"
"esim uae prepaid",1,7,"de-DE","esim uae"
"esim uae reddit",1,7,"en-AU|en-GB|en-SG|en-US","esim uae"
"esim uk and europe with calls",1,7,"en-AU","esim uk"
"esim uk free",1,7,"en-GB|en-SG","esim uk"
"esim uk iphone 12",1,7,"de-DE|en-US","esim uk for iphone"
"esim uk travel vodafone",1,7,"en-US","esim uk tourist"
"esim usa best price",1,7,"en-AU|en-GB|en-SG|en-US","esim usa price"
"esim usa iphone 12",1,7,"de-DE","esim usa for iphone"
"esim usa mexico unlimited",1,7,"de-DE|en-US","esim mexico unlimited"
"esim usa travel with calls",1,7,"en-US","esim usa tourist"
"esim usa unlimited hotspot",1,7,"de-DE","esim usa unlimited"
"esim uses",1,7,"en-GB|en-SG","esim us"
"esim vietnam and thailand",1,7,"en-AU|en-GB|en-US","esim vietnam"
"esim vietnam best price",1,7,"en-AU|en-GB|en-SG|en-US","esim vietnam price"
"esim vietnam for tourist",1,7,"en-GB|en-SG","esim vietnam"
"esim vs nano sim speed test",1,7,"de-DE|en-AU|en-GB|en-SG|en-US","esim speed test"
"esim vs pocket wifi hong kong",1,7,"de-DE|en-AU|en-GB|en-SG|en-US","esim vs pocket wifi"
"esim vs sim card iphone",1,7,"en-AU|en-GB|en-SG|en-US","esim vs sim"
"esim with phone number bali",1,7,"en-AU","esim with phone number"
"esim with phone number free trial",1,7,"en-US","esim with phone number"
"esim with phone number italy",1,7,"de-DE","esim for italy"
"esim working in saudi arabia",1,7,"en-AU|en-GB|en-SG|en-US","does esim work in saudi arabia"
"esim world cup",1,7,"en-AU|en-GB|en-SG|en-US","esim world"
"esim world japan",1,7,"de-DE","esim world"
"esim ägypten 14 tage",1,7,"de-DE","esim egypt"
"europe esim unlimited 30 days",1,7,"de-DE|en-AU|en-GB|en-SG|en-US","europe esim unlimited"
"france travel esim card",1,7,"de-DE|en-US","france esim card"
"free esim italy unlimited data",1,7,"de-DE|en-US","italy esim unlimited data"
"georgia travel esim",1,7,"de-DE","esim for georgia"
"global esim holafly",1,7,"de-DE|en-AU","global esim"
"global esim uk",1,7,"en-SG","global esim"
"globe esim philippines reddit",1,7,"en-US","esim philippines reddit"
"good esim for africa",1,7,"en-AU|en-GB|en-SG|en-US","best esim for africa"
"good esim for nz",1,7,"en-AU|en-GB|en-SG|en-US","best esim for nz"
"good esim in. thailand",1,7,"de-DE","which esim is best for thailand"
"holafly asia unlimited esim",1,7,"de-DE|en-GB","asia esim unlimited"
"holafly esim australia",1,7,"en-AU","holafly esim"
"holafly esim barcelona",1,7,"de-DE","esim barcelona"
"holafly esim china not working",1,7,"en-US","holafly esim china"
"holafly esim for austria",1,7,"de-DE","esim for austria"
"holafly esim japan cost",1,7,"en-US","holafly esim japan"
"holafly esim japan hotspot",1,7,"de-DE","holafly esim japan"
"holafly esim latin america",1,7,"de-DE","esim latin america"
"holafly esim macao",1,7,"en-AU|en-GB|en-SG|en-US","esim macao"
"holafly esim madrid",1,7,"de-DE|en-US","esim madrid"
"holafly esim plan mensual",1,7,"en-AU|en-GB|en-SG|en-US","holafly esim plans"
"holafly esim review turkey",1,7,"en-AU|en-GB|en-SG|en-US","holafly esim review"
"holafly esim rio",1,7,"de-DE|en-AU|en-GB|en-SG|en-US","rio esim"
"holafly esim scandinavia",1,7,"de-DE|en-AU|en-GB|en-SG|en-US","esim scandinavia"
"holafly esim south korea reddit",1,7,"de-DE|en-US","holafly esim korea"
"holafly esim store worldwide coverage for travelers",1,7,"de-DE|en-AU|en-GB|en-SG|en-US","holafly esim coverage"
"holafly esim thailande",1,7,"de-DE","holafly esim thailand"
"holafly esim uk not working",1,7,"de-DE|en-US","holafly esim uk"
"holafly esim usa hotspot",1,7,"de-DE","holafly esim usa"
"holafly esim usage",1,7,"en-US","holafly esim usa"
"holafly esim vietnam y camboya",1,7,"de-DE|en-US","holafly esim vietnam"
"holafly esim voice calls",1,7,"de-DE","esim voice calls"
"holafly esim ägypten",1,7,"de-DE","holafly esim"
"holafly global esim discount code",1,7,"en-AU|en-GB|en-SG|en-US","holafly esim promo code"
"hong kong airport esim card",1,7,"de-DE|en-US","hong kong esim card"
"hong kong sim card tourist airport",1,7,"en-AU|en-GB|en-SG|en-US","hong kong sim card for tourists"
"how do i get an esim card for italy",1,7,"de-DE","how to get an esim for italy"
"how many international airports in taiwan",1,7,"en-US","esim taiwan airport"
"how much is sim card in germany",1,7,"en-AU|en-GB|en-SG|en-US","germany sim card for tourists"
"how to activate esim telstra",1,7,"en-AU","how to activate esim"
"how to apply esim singapore",1,7,"en-US","how to get an esim for singapore"
"how to get an esim for england",1,7,"en-US","how to get an esim for uk"
"how to get esim globe",1,7,"en-US","ubigi esim iceland"
"how to get esim usa unlimited data",1,7,"en-US","how to get an esim for usa"
"how to get free esim in singapore",1,7,"de-DE","how to get an esim for singapore"
"how to get free esim in uae",1,7,"de-DE|en-US","how to get an esim for uae"
"how to get gomo esim philippines",1,7,"de-DE|en-US","how to get an esim for philippines"
"how to get jio esim in usa",1,7,"de-DE","how to get an esim for usa"
"how to get new esim india",1,7,"de-DE","how to get an esim for india"
"how to get telkom esim in south africa",1,7,"de-DE|en-US","how to get an esim for south africa"
"how to install esim holafly",1,7,"en-AU","how to install esim"
"how to install esim on apple watch",1,7,"en-GB|en-US","how to install esim"
"how to install esim singtel",1,7,"en-SG","how to install esim"
"how to top up lyca esim",1,7,"de-DE","esim top up"
"how to use esim card",1,7,"en-US","kenya esim card"
"indonesia sim card price",1,7,"en-AU|en-GB|en-SG|en-US","indonesia sim card for tourists"
"international esim china",1,7,"en-AU|en-US","international esim"
"international esim for europe",1,7,"en-US","international esim"
"international roaming esim singapore",1,7,"en-US","roami esim singapore"
"international roaming esim usa",1,7,"en-US","roami esim usa"
"iphone 17 esim hong kong reddit",1,7,"de-DE","esim hong kong reddit"
"iphone esim for usa travel",1,7,"en-US","esim usa for iphone"
"iphone yang support esim",1,7,"en-AU|en-GB|en-SG|en-US","athens esim"
"ireland sim card esim",1,7,"de-DE|en-US","ireland esim card"
"is airalo.esim good.for india",1,7,"de-DE","is airalo esim good"
"is bsnl esim available in india",1,7,"de-DE|en-US","is esim available in india"
"is esim chargeable",1,7,"en-US","esim poland unlimited"
"is holafly esim good in usa",1,7,"de-DE","is holafly esim good"
"is nomad esim good for hong kong",1,7,"de-DE|en-US","nomad esim hong kong"
"is nomad esim good in morocco",1,7,"de-DE|en-US","is nomad esim good"
"is revolut esim worth it",1,7,"de-DE","is esim worth it"
"is roamic a good esim provider",1,7,"de-DE","is roamic esim good"
"is roamic esim any good",1,7,"de-DE|en-US","is roamic esim good"
"is saily esim good for hong kong",1,7,"de-DE|en-US","saily esim hong kong"
"is saily esim good for india",1,7,"en-US","is saily esim good"
"is vodafone esim available in india",1,7,"de-DE","is esim available in india"
"istanbul esim price",1,7,"en-AU|en-GB|en-SG|en-US","istanbul esim"
"istanbul resim 1 day",1,7,"de-DE","istanbul esim"
"japan esim card travel",1,7,"de-DE","japan esim card"
"japan esim for iphone 16 pro max",1,7,"en-US","esim japan for iphone"
"japan esim tourist klook",1,7,"en-US","esim japan tourist"
"japan esim unlimited data airalo",1,7,"de-DE","japan esim unlimited data"
"japan esim unlimited data australia",1,7,"de-DE|en-US","unlimited data esim australia"
"japan sim card for tourist narita airport",1,7,"en-AU|en-GB|en-SG|en-US","japan sim card for tourists"
"jetpac esim activation",1,7,"en-US","jetpac esim"
"jetpac esim cina",1,7,"en-US","jetpac esim china"
"jetpac esim erfahrungen",1,7,"de-DE","jetpac esim"
"jetpac esim for china review",1,7,"de-DE|en-US","esim for china review"
"klook esim for japan review",1,7,"de-DE|en-US","esim for japan review"
"klook esim manila",1,7,"de-DE|en-AU|en-GB|en-SG|en-US","esim manila"
"klook esim melbourne",1,7,"en-US","esim melbourne"
"klook taiwan esim unlimited",1,7,"en-AU|en-GB|en-SG","taiwan esim unlimited"
"korea wifi sim card for tourist",1,7,"en-AU|en-GB|en-SG|en-US","korea sim card for tourists"
"latin america esim",1,7,"en-AU|en-SG|en-US","esim latin america"
"lg korea esim card",1,7,"de-DE","korea esim card"
"mainland china esim unlimited data",1,7,"de-DE|en-US","china esim unlimited data"
"malaysia data esim card",1,7,"en-US","malaysia esim card"
"malaysia esim tourist maxis",1,7,"en-US","esim malaysia tourist"
"malaysia sim card for travellers",1,7,"en-AU|en-GB|en-SG|en-US","malaysia sim card for tourists"
"maya esim middle east",1,7,"de-DE|en-SG|en-US","esim middle east"
"meo esim unlimited portugal",1,7,"de-DE|en-US","esim portugal unlimited"
"mexico city esim card",1,7,"de-DE|en-US","mexico esim card"
"mint mobile esim for 1 month",1,7,"de-DE","esim for 1 month"
"mobile esim ksa",1,7,"de-DE","ksa esim"
"most used sim card in philippines",1,7,"en-AU|en-GB|en-SG|en-US","philippines sim card for tourists"
"nomad esim china google",1,7,"de-DE|en-US","nomad esim china"
"nomad esim kanada",1,7,"de-DE","nomad esim"
"nomad esim not working",1,7,"en-SG","nomad esim"
"nomad esim orlando",1,7,"en-US","esim orlando"
"nomad esim promo code august 2025",1,7,"de-DE","nomad esim promo code"
"nomad esim reviews",1,7,"de-DE","nomad esim review"
"nomad esim singapore not working",1,7,"de-DE|en-US","nomad esim singapore"
"nomad esim south korea and japan",1,7,"de-DE|en-US","nomad esim korea"
"nomad esim usa number",1,7,"de-DE","nomad esim usa"
"nomad marrakech esim",1,7,"de-DE","marrakech esim"
"nz esim with calls",1,7,"de-DE|en-AU|en-GB|en-SG|en-US","nz esim"
"oceania esim airalo",1,7,"de-DE|en-AU|en-GB|en-SG|en-US","esim oceania"
"optus esim melbourne",1,7,"de-DE","esim melbourne"
"osaka esim povo",1,7,"de-DE","esim osaka"
"paris esim orange",1,7,"de-DE|en-AU|en-GB|en-US","paris esim"
"paris esim travel",1,7,"de-DE|en-AU|en-GB|en-SG|en-US","paris esim"
"phuket esim data",1,7,"de-DE|en-US","esim phuket"
"poland best esim",1,7,"de-DE","esim for poland"
"precio esim holafly mexico",1,7,"en-US","holafly esim mexico"
"rakuten esim japan tourist",1,7,"de-DE","esim japan tourist"
"revolut esim coverage map",1,7,"de-DE|en-AU|en-GB|en-SG|en-US","esim coverage map"
"revolut esim india price",1,7,"de-DE|en-AU|en-GB|en-SG|en-US","esim india price"
"revolut esim uk price",1,7,"de-DE","esim uk price"
"roamic esim reviews indonesia",1,7,"en-AU|en-GB|en-SG|en-US","roamic esim review"
"roamic esim reviews usa",1,7,"de-DE","roamic esim review"
"roamic esim seriös",1,7,"de-DE","roamic esim"
"roaming man esim review",1,7,"en-AU|en-GB|en-SG|en-US","roami esim review"
"rogers esim plans",1,7,"en-AU|en-GB|en-SG|en-US","nomad esim plans"
"romero esim",1,7,"de-DE|en-AU|en-GB|en-SG|en-US","esim rome"
"saily esim buenos aires",1,7,"en-AU|en-GB|en-SG|en-US","esim buenos aires"
"saily esim canada coupon code",1,7,"en-US","saily esim canada"
"saily esim cape town",1,7,"de-DE","esim cape town"
"saily esim china hong kong",1,7,"de-DE|en-US","saily esim china"
"saily esim code promo squeezie",1,7,"de-DE","saily esim promo code"
"saily esim for england",1,7,"de-DE","esim for england"
"saily esim india provider",1,7,"de-DE|en-US","saily esim india"
"saily esim italia",1,7,"en-US","saily esim italy"
"saily esim italy",1,7,"en-US","saily esim"
"saily esim japan provider",1,7,"de-DE","saily esim japan"
"saily esim malaysia",1,7,"en-SG","saily esim"
"saily esim maroc avis",1,7,"en-US","saily esim morocco"
"saily esim nz",1,7,"en-GB","saily esim"
"saily esim price spain",1,7,"de-DE|en-AU|en-GB|en-SG|en-US","esim spain price"
"saily esim price thailand",1,7,"en-US","saily esim price"
"saily esim review usa",1,7,"de-DE|en-AU|en-GB|en-SG|en-US","saily esim review"
"saily esim south korea",1,7,"de-DE|en-US","saily esim korea"
"saily esim suisse",1,7,"en-US","saily esim switzerland"
"saily esim taipei",1,7,"de-DE","esim taipei"
"saily esim thailand review reddit",1,7,"en-US","saily esim thailand"
"saily esim usa kosten",1,7,"de-DE","saily esim usa"
"saily esim vancouver",1,7,"de-DE","esim vancouver"
"saily esim vietnam",1,7,"en-AU","saily esim"
"saily esim vietnam and thailand",1,7,"de-DE|en-US","saily esim vietnam"
"saily esim voucher code",1,7,"en-AU|en-GB|en-SG|en-US","saily esim promo code"
"saily unlimited esim reddit",1,7,"de-DE|en-US","saily esim unlimited"
"saudi arabia esim tourist",1,7,"en-AU|en-GB|en-SG|en-US","ksa esim"
"seoul esim with phone number",1,7,"en-AU|en-GB|en-SG|en-US","seoul esim"
"sim card malaysia esim",1,7,"de-DE","malaysia esim card"
"sim card to use in morocco",1,7,"en-AU|en-GB|en-SG|en-US","morocco sim card for tourists"
"sim card usa esim",1,7,"de-DE","usa esim card"
"singapore esim for students",1,7,"de-DE","esim for students"
"singapore sim card for tourist from india",1,7,"en-AU|en-GB|en-SG|en-US","singapore sim card for tourists"
"singapore tourist esim eight",1,7,"de-DE","esim singapore tourist"
"south korea esim card",1,7,"de-DE|en-US","korea esim card"
"speed test esim qr kod",1,7,"de-DE","esim speed test"
"speedtest esim ookla",1,7,"de-DE","esim speed"
"stafftraveler esim discount code",1,7,"de-DE","esim discount code"
"telkomsel esim indonesia reddit",1,7,"de-DE|en-US","esim indonesia reddit"
"telstra esim australia price",1,7,"de-DE|en-AU|en-GB|en-SG|en-US","esim australia price"
"thailand sim card for tourist dtac",1,7,"en-AU|en-GB|en-SG|en-US","thailand sim card for tourists"
"three esim ireland reddit",1,7,"de-DE|en-US","esim ireland reddit"
"three esim uk plans",1,7,"de-DE|en-US","esim uk plans"
"three uk esim tourist",1,7,"de-DE","esim uk tourist"
"tokyo esim data",1,7,"en-AU|en-GB|en-SG|en-US","tokyo esim"
"tokyo esim ubigi",1,7,"de-DE","tokyo esim"
"tourist esim kuala lumpur",1,7,"de-DE|en-US","esim kuala lumpur"
"tourist esim malaysia reddit",1,7,"de-DE|en-US","esim malaysia reddit"
"tourist esim phuket",1,7,"de-DE","esim phuket"
"travel esim for hawaii",1,7,"en-US","esim for hawaii"
"travel esim for india",1,7,"en-US","travel esim"
"travel esim for qatar",1,7,"de-DE","esim for qatar"
"travel esim india",1,7,"en-GB","travel esim"
"travel esim schweiz",1,7,"de-DE","travel esim"
"travel esim singtel",1,7,"en-SG","travel esim"
"travel esim southeast asia",1,7,"de-DE","esim southeast asia"
"trip esim macao",1,7,"de-DE","esim macao"
"ubigi esim europe unlimited data",1,7,"de-DE|en-US","ubigi esim unlimited"
"ubigi esim installieren",1,7,"de-DE","ubigi esim"
"ubigi esim japan and korea",1,7,"en-US","ubigi esim japan"
"ubigi esim japan code",1,7,"de-DE","ubigi esim japan"
"ubigi esim japan promo code reddit",1,7,"de-DE|en-AU|en-GB|en-SG|en-US","ubigi esim promo code"
"ubigi esim japan unlimited 30 days",1,7,"de-DE|en-US","ubigi esim unlimited"
"ubigi esim not showing up",1,7,"en-SG","ubigi esim"
"ubigi esim review france",1,7,"en-AU|en-GB|en-SG|en-US","ubigi esim review"
"ubigi esim review india",1,7,"de-DE","ubigi esim review"
"ubigi esim top up price",1,7,"de-DE|en-US","ubigi esim price"
"ubigi esim uk reviews",1,7,"de-DE","ubigi esim uk"
"ubigi esim uk to japan",1,7,"de-DE|en-US","ubigi esim uk"
"uk esim card plans",1,7,"en-US","uk esim card"
"uk esim card travel",1,7,"de-DE|en-US","uk esim card"
"uk free trial esim",1,7,"de-DE","esim free trial"
"uk prepaid sim card for tourist price",1,7,"en-AU|en-GB|en-SG|en-US","uk sim card for tourists"
"unlimited data and calls esim usa",1,7,"de-DE|en-US","unlimited data esim usa"
"unlimited data esim uk free",1,7,"de-DE|en-US","unlimited data esim uk"
"unlimited data travel esim japan",1,7,"de-DE","unlimited data esim japan"
"unlimited esim data plan",1,7,"en-US","unlimited esim"
"unlimited esim deutschland",1,7,"de-DE","unlimited esim"
"unlimited esim nz",1,7,"en-AU","unlimited esim"
"unlimited esim uk",1,7,"en-GB|en-SG","unlimited esim"
"unlimited esim usa reddit",1,7,"de-DE","esim usa reddit"
"us esim prepaid number",1,7,"de-DE","us esim"
"usa esim card price",1,7,"en-US","usa esim card"
"usa esim unlimited calls",1,7,"en-AU|en-GB|en-SG","usa esim unlimited"
"vietnam esim online",1,7,"en-GB|en-SG|en-US","viet nam esim"
"vietnam esim with local number",1,7,"en-US","viet nam esim"
"vietnam sim card esim",1,7,"de-DE|en-US","vietnam esim card"
"vodafone egypt sim card for tourist prepaid",1,7,"en-AU|en-GB|en-SG|en-US","egypt sim card for tourists"
"vodafone esim dublin",1,7,"en-AU|en-GB|en-SG|en-US","esim dublin"
"vodafone esim for spain and portugal",1,7,"de-DE|en-US","esim for spain and portugal"
"vodafone esim italy tourist",1,7,"en-US","esim italy tourist"
"vodafone esim lisbon",1,7,"de-DE|en-AU|en-GB|en-SG|en-US","esim lisbon"
"vodafone esim madrid",1,7,"en-US","esim madrid"
"vodafone esim turkey tourist",1,7,"en-US","esim turkey tourist"
"vodafone esim usa price",1,7,"de-DE","esim usa price"
"vodafone germany esim tourist",1,7,"en-US","esim germany tourist"
"vodafone india esim card",1,7,"en-US","india esim card"
"vodafone italy esim card",1,7,"de-DE|en-US","italy esim card"
"vodafone rome esim",1,7,"de-DE","rome esim"
"vodafone spain esim card",1,7,"de-DE|en-US","spain esim card"
"vodafone sydney esim",1,7,"de-DE","sydney esim"
"we esim egypt price",1,7,"de-DE|en-AU|en-GB|en-SG|en-US","esim egypt price"
"welche esim für las vegas",1,7,"de-DE","esim las vegas"
"what adapter do i need for vietnam and cambodia",1,7,"en-US","best esim for vietnam and cambodia"
"what esims work in south africa",1,7,"en-AU|en-GB|en-SG|en-US","does esim work in south africa"
"what is an esim on a car",1,7,"en-US","what is an esim"
"what is an esim optus",1,7,"en-AU","what is an esim"
"what is an esim phone",1,7,"en-GB|en-SG","what is an esim"
"what is an esim vodafone",1,7,"de-DE","what is an esim"
"what is the difference between esim and physical sim",1,7,"en-US","esim hong kong vs sim"
"where to buy sim card in taipei",1,7,"en-AU|en-GB|en-SG|en-US","taiwan sim card for tourists"
"where to get esim in korea reddit",1,7,"de-DE|en-US","how to get an esim for korea"
"which esim is good for japan",1,7,"en-AU|en-GB|en-SG|en-US","which esim is best for japan"
"which esim provider is best for japan",1,7,"de-DE","which esim is best for japan"
"which esim works best for china",1,7,"de-DE|en-AU|en-GB|en-SG|en-US","which esim is best for china"
"which iphone has esim",1,7,"en-US","esim turkey for iphone"
"which is the best esim for usa travel from canada",1,7,"en-AU|en-GB|en-SG|en-US","which esim is best for usa"
"which sim card is best in uae",1,7,"en-AU|en-GB|en-SG|en-US","uae sim card for tourists"
"which sim is best for esim in india",1,7,"de-DE|en-AU|en-GB|en-SG|en-US","which esim is best for india"
"yesim esim activation",1,7,"en-AU|en-GB|en-SG|en-US","yesim esim"
"yesim esim rabattcode",1,7,"de-DE","yesim esim"
"yesim international esim review",1,7,"de-DE|en-AU|en-GB|en-SG|en-US","yesim esim review"
"1 month esim germany",1,8,"de-DE","esim for 1 month"
"7 days esim new york",1,8,"en-US","esim new york"
"abu dhabi esim holafly",1,8,"de-DE","abu dhabi esim"
"affordable esim for thailand",1,8,"en-AU|en-GB|en-SG|en-US","cheapest esim for thailand"
"affordable esim indonesia",1,8,"en-AU|en-GB|en-SG|en-US","cheapest esim for indonesia"
"affordable esim korea",1,8,"en-AU|en-GB|en-SG|en-US","cheapest esim for korea"
"affordable esim philippines",1,8,"en-AU|en-GB|en-SG|en-US","cheapest esim for philippines"
"airalo asia esim unlimited",1,8,"en-AU|en-SG|en-US","asia esim unlimited"
"airalo cancun esim",1,8,"en-AU|en-GB|en-SG|en-US","cancun esim"
"airalo china esim coverage",1,8,"de-DE|en-AU|en-GB|en-SG|en-US","airalo esim coverage"
"airalo esim australia phone number",1,8,"de-DE|en-US","airalo esim australia"
"airalo esim canada prices",1,8,"de-DE","esim canada price"
"airalo esim canadian dollars",1,8,"en-US","airalo esim canada"
"airalo esim card india",1,8,"de-DE","airalo esim india"
"airalo esim card mexico",1,8,"de-DE","airalo esim mexico"
"airalo esim for argentina",1,8,"de-DE","esim for argentina"
"airalo esim for england",1,8,"de-DE","esim for england"
"airalo esim japan tiktok",1,8,"de-DE","airalo esim japan"
"airalo esim orlando",1,8,"en-US","esim orlando"
"airalo esim plan price",1,8,"en-AU|en-GB|en-SG|en-US","airalo esim plans"
"airalo esim reddit",1,8,"en-US","airalo esim"
"airalo esim review turkey",1,8,"de-DE|en-AU|en-GB|en-SG|en-US","airalo esim review"
"airalo esim schweiz aktivieren",1,8,"en-US","airalo esim switzerland"
"airalo esim south korea review",1,8,"en-US","airalo esim korea"
"airalo esim thailand",1,8,"de-DE|en-AU","airalo esim"
"airalo esim thailand kosten",1,8,"de-DE","airalo esim thailand"
"airalo esim uk network",1,8,"de-DE|en-US","airalo esim uk"
"airalo esim unlimited plan",1,8,"de-DE|en-US","airalo esim unlimited"
"airalo esim usa apn settings",1,8,"de-DE|en-US","airalo esim usa"
"airalo esim usa hotspot",1,8,"de-DE","airalo esim usa"
"airalo esim vietnam and thailand",1,8,"en-US","airalo esim vietnam"
"airalo esim.card mexico",1,8,"en-US","airalo esim mexico"
"airalo france esim",1,8,"en-US","airalo esim france"
"airalo vs klook esim korea",1,8,"de-DE","airalo esim korea"
"airalo vs orange esim italy",1,8,"de-DE","airalo esim italy"
"ais esim thailand and vietnam",1,8,"de-DE","esim for thailand and vietnam"
"alosim esim dubai",1,8,"de-DE","alosim esim"
"alosim esim india",1,8,"en-AU|en-GB|en-SG|en-US","alosim esim"
"america esim app",1,8,"de-DE","america esim"
"america esim with phone number",1,8,"de-DE|en-AU|en-GB|en-SG|en-US","america esim"
"are esims worth it in europe",1,8,"en-AU|en-GB|en-SG|en-US","is esim worth it"
"at&t esim plans usa",1,8,"de-DE","esim usa plans"
"australia sim card for travellers",1,8,"en-AU|en-GB|en-SG|en-US","australia sim card for tourists"
"australia travel esim card",1,8,"de-DE|en-US","australia esim card"
"bali esim australia",1,8,"en-AU","bali esim"
"bali esim klook",1,8,"en-AU|en-GB|en-SG|en-US","bali esim"
"bali esim saily",1,8,"de-DE","bali esim"
"bangkok esim saily",1,8,"de-DE","bangkok esim"
"belgium esim data",1,8,"de-DE","esim belgium"
"best and cheapest esim for mexico",1,8,"de-DE|en-AU","cheapest esim for mexico"
"best and cheapest esim for morocco",1,8,"de-DE|en-AU|en-GB|en-SG|en-US","cheapest esim for morocco"
"best and cheapest esim for south korea",1,8,"de-DE|en-AU|en-GB|en-SG|en-US","cheapest esim for korea"
"best cheap esim for japan",1,8,"de-DE","cheap esim japan"
"best cheap esim plans australia",1,8,"de-DE","cheap esim australia"
"best cheapest esim for canada",1,8,"de-DE|en-GB","cheapest esim for canada"
"best e sim in amsterdam",1,8,"en-AU|en-GB|en-SG|en-US","best esim for amsterdam"
"best esim app for bangkok",1,8,"de-DE|en-AU|en-GB|en-SG|en-US","best esim for bangkok"
"best esim app for colombia",1,8,"de-DE|en-AU|en-GB|en-SG|en-US","best esim for colombia"
"best esim app japan",1,8,"de-DE","which esim is best for japan"
"best esim asia unlimited",1,8,"en-GB","asia esim unlimited"
"best esim barcelona",1,8,"en-AU|en-GB|en-SG|en-US","esim barcelona"
"best esim belgium",1,8,"de-DE","esim for belgium"
"best esim card for georgia",1,8,"en-AU|en-GB|en-SG|en-US","best esim for georgia"
"best esim card for saudi arabia",1,8,"de-DE","best esim for saudi arabia"
"best esim card mexico",1,8,"de-DE","mexico esim card"
"best esim card peru",1,8,"de-DE","best esim for peru"
"best esim deals for japan",1,8,"de-DE|en-AU|en-GB|en-SG|en-US","best esim deals"
"best esim for 10 days in egypt",1,8,"de-DE","best esim for egypt"
"best esim for 2 weeks in japan",1,8,"en-AU|en-GB|en-SG|en-US","esim for 2 weeks"
"best esim for america and caribbean",1,8,"de-DE|en-AU|en-GB|en-SG|en-US","best esim for america"
"best esim for argentina",1,8,"en-AU|en-GB|en-SG","esim for argentina"
"best esim for asian",1,8,"de-DE","best esim for asia"
"best esim for australia",1,8,"en-SG","best esim"
"best esim for australia and bali",1,8,"de-DE","best esim for australia"
"best esim for australians travelling to uk and europe",1,8,"en-AU","best esim for australia"
"best esim for backpacking europe reddit",1,8,"de-DE|en-AU|en-SG","esim for backpacking"
"best esim for bali airalo",1,8,"en-AU","best esim for bali"
"best esim for bali and singapore",1,8,"de-DE|en-GB|en-SG|en-US","best esim for bali"
"best esim for brazil and peru",1,8,"de-DE|en-AU|en-GB|en-SG|en-US","best esim for brazil"
"best esim for canada and usa for iphone",1,8,"en-US","esim usa for iphone"
"best esim for canada data",1,8,"de-DE","best esim for canada"
"best esim for canada unlimited data",1,8,"en-AU|en-GB|en-SG|en-US","best esim for canada"
"best esim for central south america",1,8,"de-DE","best esim for south america"
"best esim for china and taiwan",1,8,"en-US","best esim for china"
"best esim for china and vietnam",1,8,"en-AU","best esim for china"
"best esim for china review",1,8,"de-DE|en-US","esim for china review"
"best esim for costa rica la fortuna",1,8,"en-US","best esim for costa rica"
"best esim for disneyland paris",1,8,"en-GB","best esim for paris"
"best esim for dubai and europe",1,8,"de-DE|en-AU|en-GB|en-SG|en-US","best esim for dubai"
"best esim for england and spain",1,8,"de-DE|en-AU|en-GB|en-SG|en-US","best esim for england"
"best esim for europe cruise",1,8,"en-US","best esim for europe"
"best esim for europe from canada for iphone",1,8,"de-DE|en-US","esim canada for iphone"
"best esim for europe nz",1,8,"de-DE|en-AU|en-GB|en-SG|en-US","best esim for nz"
"best esim for germany unlimited data",1,8,"de-DE|en-AU|en-GB|en-SG|en-US","best esim for germany"
"best esim for greece and albania",1,8,"de-DE|en-AU|en-GB|en-SG|en-US","best esim for greece"
"best esim for hong kong and thailand",1,8,"de-DE|en-AU|en-GB|en-SG|en-US","best esim for hong kong"
"best esim for india calls and data",1,8,"en-AU|en-GB|en-SG|en-US","best esim for india"
"best esim for india tourist",1,8,"de-DE","best esim for india"
"best esim for indonesian",1,8,"de-DE","best esim for indonesia"
"best esim for iphone philippines reddit",1,8,"de-DE|en-US","esim philippines for iphone"
"best esim for italy and croatia",1,8,"en-AU","best esim for italy"
"best esim for italy data",1,8,"de-DE","best esim for italy"
"best esim for italy unlimited data reddit",1,8,"de-DE","italy esim unlimited data"
"best esim for japan 2 weeks",1,8,"en-US","best esim for japan"
"best esim for japan and china",1,8,"de-DE","best esim for japan"
"best esim for korea 2025",1,8,"en-US","best esim for korea"
"best esim for latin america",1,8,"en-AU|en-GB|en-SG|en-US","best esim for south america"
"best esim for malaysia from india",1,8,"de-DE|en-GB|en-SG|en-US","best esim for malaysia"
"best esim for medellin colombia",1,8,"en-AU|en-GB|en-SG|en-US","best esim for colombia"
"best esim for mexico cancun",1,8,"de-DE|en-AU|en-GB|en-SG|en-US","best esim for mexico"
"best esim for new york from uk",1,8,"en-US","esim for new york"
"best esim for new zealand with calls",1,8,"de-DE|en-AU|en-GB|en-SG","best esim for new zealand"
"best esim for peru and brazil",1,8,"en-AU|en-GB|en-SG|en-US","best esim for peru"
"best esim for philippines and hong kong",1,8,"de-DE","best esim for philippines"
"best esim for philippines and singapore",1,8,"en-AU|en-GB|en-SG|en-US","best esim for philippines"
"best esim for phuket reddit",1,8,"en-US","esim for phuket"
"best esim for singapore reddit",1,8,"de-DE|en-GB|en-SG|en-US","best esim for singapore"
"best esim for south africa",1,8,"de-DE|en-AU|en-GB|en-SG|en-US","best esim for africa"
"best esim for south africa reddit",1,8,"de-DE|en-AU|en-GB|en-SG|en-US","best esim for south africa"
"best esim for spain and morocco",1,8,"de-DE|en-GB|en-SG|en-US","best esim for spain"
"best esim for spain from canada",1,8,"de-DE|en-AU|en-GB|en-SG","best esim for spain"
"best esim for students in uk",1,8,"en-AU|en-GB|en-SG|en-US","esim for students"
"best esim for switzerland and europe",1,8,"en-AU|en-GB|en-SG|en-US","best esim for switzerland"
"best esim for taiwan and thailand",1,8,"en-AU|en-GB|en-SG|en-US","best esim for taiwan"
"best esim for thailand cambodia and vietnam",1,8,"en-AU","best esim for thailand"
"best esim for travel from canada to us",1,8,"en-US","best esim for usa and canada"
"best esim for uk and belgium",1,8,"de-DE|en-AU|en-GB|en-SG|en-US","best esim for belgium"
"best esim for uk and europe travel",1,8,"de-DE","best esim for uk"
"best esim for uk long term",1,8,"en-US","best esim for uk"
"best esim for usa and japan",1,8,"en-AU","best esim for usa"
"best esim for usa travel reddit",1,8,"en-US","best esim for usa"
"best esim for vietnam from australia reddit",1,8,"en-AU","best esim for vietnam"
"best esim for vietnam unlimited data",1,8,"de-DE","best esim for vietnam"
"best esim hanoi",1,8,"en-US","esim hanoi"
"best esim madrid",1,8,"en-US","esim madrid"
"best esim oceania",1,8,"de-DE|en-AU|en-GB|en-SG|en-US","esim oceania"
"best esim provider",1,8,"de-DE","best esim"
"best esim provider for argentina",1,8,"de-DE","best esim for argentina"
"best esim provider for croatia",1,8,"de-DE","best esim for croatia"
"best esim provider for fiji",1,8,"de-DE|en-AU|en-GB|en-SG|en-US","best esim for fiji"
"best esim providers for africa",1,8,"de-DE","best esim for africa"
"best esim to use in spain and portugal",1,8,"en-US","best esim for spain and portugal"
"best esim toronto",1,8,"en-AU|en-GB|en-SG|en-US","esim toronto"
"best esim turkey 2026",1,8,"en-AU|en-GB|en-SG|en-US","best esim 2026"
"best esim turkey unlimited data",1,8,"de-DE","turkey esim unlimited data"
"best esim usa tourist reddit",1,8,"de-DE","esim usa tourist"
"best esim vietnam unlimited data",1,8,"de-DE|en-US","esim vietnam unlimited"
"best price esim for uk",1,8,"en-AU|en-GB","cheapest esim for uk"
"best toronto esim",1,8,"en-AU|en-GB|en-SG|en-US","toronto esim"
"best travel esim europe reddit",1,8,"de-DE","best esim for europe"
"best travel esim for georgia",1,8,"de-DE","best esim for georgia"
"best travel esim for qatar",1,8,"de-DE|en-AU|en-GB|en-SG|en-US","best esim for qatar"
"best travel esim nz",1,8,"de-DE","esim for nz"
"best value esim for israel",1,8,"de-DE|en-AU|en-GB|en-SG|en-US","best esim for israel"
"buy esim cairo",1,8,"en-AU|en-GB|en-SG|en-US","esim cairo"
"buy esim delhi",1,8,"de-DE|en-AU|en-GB|en-SG|en-US","delhi esim"
"buy esim for belgium",1,8,"de-DE|en-AU|en-GB|en-SG|en-US","esim for belgium"
"buy esim for shanghai",1,8,"en-US","esim for shanghai"
"buy esim las vegas",1,8,"en-US","esim las vegas"
"buy esim los angeles",1,8,"en-US","esim los angeles"
"buy esim melbourne",1,8,"en-US","esim melbourne"
"buy esim uk tourist",1,8,"de-DE","esim uk tourist"
"buy indian esim card",1,8,"en-US","india esim card"
"buy spanish esim card",1,8,"en-US","spain esim card"
"buy turkish esim card",1,8,"en-US","turkey esim card"
"can i buy a sim card in turkey",1,8,"en-AU|en-GB|en-SG|en-US","turkey sim card for tourists"
"can i get a sim card in india",1,8,"en-AU|en-GB|en-SG|en-US","india sim card for tourists"
"canada data esim card",1,8,"en-US","canada esim card"
"canada esim prepaid price",1,8,"de-DE|en-AU|en-GB|en-SG|en-US","esim canada price"
"canada phone plans esim",1,8,"de-DE","esim canada plans"
"canada prepaid sim card for tourist reddit",1,8,"en-AU|en-GB|en-SG|en-US","canada sim card for tourists"
"caribbean and mexico esim",1,8,"en-GB","esim caribbean"
"carte esim france touriste",1,8,"en-US","esim france tourist"
"cheap esim card thailand",1,8,"de-DE","cheap esim thailand"
"cheap esim uk reddit",1,8,"de-DE","cheap esim uk"
"cheap esim usa phone number",1,8,"de-DE","cheap esim usa"
"cheap irish esim",1,8,"en-US","cheap esim ireland"
"cheap prepaid esim canada",1,8,"de-DE","cheap esim canada"
"cheap unlimited data esim usa",1,8,"en-US","unlimited data esim usa"
"cheap unlimited esim india",1,8,"de-DE","cheap esim india"
"cheap unlimited esim turkey",1,8,"de-DE","cheap esim turkey"
"cheapest data esim for india",1,8,"en-AU|en-GB|en-SG|en-US","cheapest esim for india"
"cheapest data esim morocco",1,8,"en-US","cheap esim morocco"
"cheapest e sim vietnam",1,8,"en-AU|en-GB|en-SG|en-US","cheapest esim for vietnam"
"cheapest esim app for turkey",1,8,"de-DE|en-SG","cheapest esim for turkey"
"cheapest esim app vietnam",1,8,"de-DE","cheapest esim for vietnam"
"cheapest esim canada 30 days",1,8,"en-US","cheap esim canada"
"cheapest esim cape town",1,8,"de-DE","esim cape town"
"cheapest esim card for egypt",1,8,"de-DE|en-AU|en-GB|en-SG|en-US","cheapest esim for egypt"
"cheapest esim card ireland",1,8,"de-DE|en-AU|en-GB|en-SG|en-US","cheapest esim for ireland"
"cheapest esim card new zealand",1,8,"de-DE|en-AU|en-GB|en-SG|en-US","cheapest esim for new zealand"
"cheapest esim card singapore",1,8,"de-DE","cheapest esim for singapore"
"cheapest esim data only",1,8,"en-AU|en-GB|en-SG|en-US","esim cheap data"
"cheapest esim for canada",1,8,"en-US","cheapest esim"
"cheapest esim for ipad australia",1,8,"en-AU|en-GB|en-SG|en-US","cheapest esim for australia"
"cheapest esim for maldives",1,8,"en-US","esim for maldives"
"cheapest esim for usa from australia",1,8,"en-AU|en-GB|en-SG|en-US","cheapest esim for usa"
"cheapest esim phone for android philippines",1,8,"de-DE|en-AU|en-GB|en-SG|en-US","cheapest esim for philippines"
"cheapest esim phone india",1,8,"en-US","cheap esim india"
"cheapest esim phone uae",1,8,"de-DE|en-AU|en-GB|en-SG|en-US","cheapest esim for uae"
"cheapest esim plan for china",1,8,"de-DE|en-AU|en-GB|en-SG|en-US","cheapest esim for china"
"cheapest esim plan france",1,8,"de-DE","cheapest esim for france"
"cheapest esim plan germany",1,8,"de-DE|en-AU|en-GB|en-SG|en-US","cheapest esim for germany"
"cheapest esim plan italy",1,8,"de-DE","cheapest esim for italy"
"cheapest esim plans australia",1,8,"en-US","esim australia plans"
"cheapest esim provider for japan",1,8,"de-DE","cheapest esim for japan"
"cheapest esim singapore prepaid",1,8,"en-US","cheap esim singapore"
"cheapest esim thailand 30 days unlimited",1,8,"en-US","cheap esim thailand"
"cheapest esim turkey data",1,8,"en-US","cheap esim turkey"
"cheapest esim turkey tourist",1,8,"de-DE|en-US","esim turkey tourist"
"cheapest esim usa travel",1,8,"en-US","cheap esim usa"
"cheapest unlimited data esim japan",1,8,"en-US","unlimited data esim japan"
"cheapest unlimited esim for india",1,8,"de-DE","cheapest esim for india"
"cheapest unlimited esim for thailand",1,8,"de-DE","cheapest esim for thailand"
"cheapest unlimited esim philippines",1,8,"en-US","cheap esim philippines"
"china mobile sim card for tourist australia",1,8,"en-GB|en-US","china sim card for tourists"
"citylife madrid esim",1,8,"de-DE","esim madrid"
"claro esim costa rica reddit",1,8,"de-DE|en-US","esim costa rica reddit"
"code promo saily esim maroc",1,8,"de-DE","saily esim promo code"
"comprar esim buenos aires",1,8,"de-DE","esim buenos aires"
"comprar esim holafly mexico",1,8,"en-US","holafly esim mexico"
"demerits of esim",1,8,"en-US","saily esim indonesia"
"digital republic esim switzerland reddit",1,8,"de-DE","esim switzerland reddit"
"do esims work well in italy",1,8,"en-AU|en-GB|en-SG|en-US","does esim work in italy"
"do i need an esim for albania from uk",1,8,"de-DE|en-US","do i need an esim for uk"
"do thailand and vietnam have the same plugs",1,8,"en-US","best esim for thailand and vietnam"
"do you need an esim for japan",1,8,"de-DE","do i need an esim for japan"
"docomo esim japan tourist",1,8,"de-DE","esim japan tourist"
"does airalo esim work in china",1,8,"en-AU|en-GB|en-SG|en-US","does esim work in china"
"does airalo uk esim work in ireland",1,8,"de-DE|en-AU|en-GB|en-SG|en-US","does esim work in ireland"
"does aldi mobile have esim",1,8,"en-US","holafly esim morocco"
"does an airalo esim work in china",1,8,"de-DE","does esim work in china"
"does china airalo esim work in hong kong",1,8,"de-DE","airalo esim hong kong"
"does eastlink support esim",1,8,"en-AU|en-GB|en-SG|en-US","cape town esim"
"does esim work everywhere in india",1,8,"de-DE|en-AU|en-GB|en-SG|en-US","does esim work in india"
"does esim work in north korea",1,8,"de-DE|en-AU|en-GB|en-SG|en-US","does esim work in korea"
"does europe esim work in morocco",1,8,"de-DE|en-AU|en-GB|en-SG|en-US","does esim work in morocco"
"does france esim work in monaco",1,8,"de-DE|en-AU|en-GB|en-SG|en-US","does esim work in france"
"does holafly china esim work in hong kong",1,8,"de-DE","does esim work in hong kong"
"does holafly esim work in egypt",1,8,"de-DE|en-AU|en-GB|en-SG|en-US","does esim work in egypt"
"does holafly esim work in mexico",1,8,"de-DE|en-AU|en-GB|en-SG|en-US","does esim work in mexico"
"does jio esim work in australia",1,8,"de-DE|en-AU|en-GB|en-SG|en-US","does esim work in australia"
"does jio esim work in canada",1,8,"de-DE|en-AU|en-GB|en-SG|en-US","does esim work in canada"
"does klook esim work in singapore",1,8,"de-DE|en-AU|en-GB|en-SG|en-US","does esim work in singapore"
"does malaysian esim work in singapore",1,8,"de-DE|en-AU|en-GB|en-SG|en-US","does esim work in malaysia"
"does maya esim work in switzerland",1,8,"de-DE|en-AU|en-GB|en-SG|en-US","does esim work in switzerland"
"does maya esim work in uk",1,8,"de-DE|en-AU|en-GB|en-SG|en-US","does esim work in uk"
"does revolut esim work in philippines",1,8,"de-DE","does esim work in philippines"
"does roamless esim work in japan",1,8,"en-AU|en-GB|en-SG|en-US","does esim work in japan"
"does roamless esim work in vietnam",1,8,"de-DE|en-AU|en-GB|en-SG|en-US","does esim work in vietnam"
"does spain esim work in gibraltar",1,8,"de-DE|en-AU|en-GB|en-SG|en-US","does esim work in spain"
"does ubigi esim bypass china firewall",1,8,"de-DE","ubigi esim china"
"does viettel esim work in thailand",1,8,"de-DE|en-AU|en-GB|en-SG|en-US","does esim work in thailand"
"does vodafone esim work in turkey",1,8,"de-DE|en-AU|en-GB|en-SG|en-US","does esim work in turkey"
"does vodafone esim work in usa",1,8,"de-DE|en-AU|en-GB|en-SG|en-US","does esim work in usa"
"dubai esim cheap",1,8,"en-AU|en-GB|en-SG|en-US","dubai esim"
"e sim airalo india",1,8,"en-US","airalo esim india"
"e sim speed test qr",1,8,"en-AU|en-GB|en-SG|en-US","esim speed test"
"esim 4g/5g",1,8,"de-DE","esim 4g"
"esim 5g usa",1,8,"de-DE","esim 5g"
"esim abu dhabi airalo",1,8,"en-AU|en-GB|en-SG|en-US","esim abu dhabi"
"esim aeropuerto bogota",1,8,"de-DE|en-SG","esim bogota"
"esim africa namibia",1,8,"en-AU|en-GB|en-SG|en-US","esim africa"
"esim america do sul",1,8,"en-AU|en-GB|en-SG|en-US","esim america"
"esim american express platinum",1,8,"de-DE","esim america"
"esim argentina tuenti",1,8,"en-AU|en-GB|en-SG|en-US","esim argentina"
"esim asia tenggara",1,8,"en-US","esim asia"
"esim asia with phone number",1,8,"en-AU","esim asia"
"esim asiacell iraq",1,8,"de-DE","esim asia"
"esim australia cheapest",1,8,"en-AU|en-SG","esim australia"
"esim australia nomad",1,8,"de-DE","esim australia"
"esim austria unlimited",1,8,"de-DE","esim austria"
"esim balisim",1,8,"de-DE","esim bali"
"esim balkans review",1,8,"en-AU|en-GB|en-SG|en-US","esim balkans"
"esim bangkok 3 days",1,8,"de-DE|en-GB","esim bangkok"
"esim baywatch berlin",1,8,"de-DE","esim berlin"
"esim belgium lyca",1,8,"en-AU|en-GB|en-SG|en-US","esim belgium"
"esim brazil data",1,8,"en-AU|en-GB|en-SG|en-US","esim brazil"
"esim brazil maya",1,8,"de-DE","esim brazil"
"esim canada data plans",1,8,"en-US","esim canada plans"
"esim canada price",1,8,"en-US","esim canada"
"esim canada telus",1,8,"de-DE","esim canada"
"esim card australia and new zealand",1,8,"de-DE","australia esim card"
"esim card for israel",1,8,"en-AU|en-GB|en-SG|en-US","esim for israel"
"esim card for prague",1,8,"en-AU","esim for prague"
"esim card mexico city",1,8,"de-DE|en-US","esim mexico city"
"esim china airalo",1,8,"de-DE","esim china"
"esim china iphone 17 pro",1,8,"de-DE","esim china for iphone"
"esim china mainland",1,8,"en-AU|en-GB|en-US","esim china"
"esim claro lima peru",1,8,"de-DE|en-AU|en-GB|en-SG|en-US","esim lima"
"esim compatible phones list",1,8,"en-GB|en-SG","esim compatible phones"
"esim compatible phones oneplus",1,8,"de-DE","esim compatible phones"
"esim cost in india",1,8,"en-AU|en-GB|en-SG|en-US","esim for delhi"
"esim costa rica empfehlung",1,8,"de-DE","esim costa rica"
"esim costa rica unlimited",1,8,"en-AU|en-GB|en-SG|en-US","esim costa rica"
"esim croatia 7 days",1,8,"de-DE","esim croatia"
"esim croatia slovenia",1,8,"en-AU|en-GB|en-SG|en-US","esim croatia"
"esim data kenya",1,8,"de-DE","esim for kenya"
"esim data plan malaysia",1,8,"de-DE|en-AU|en-GB|en-SG","esim data plan"
"esim deals for france",1,8,"en-AU|en-GB|en-SG|en-US","cheapest esim for france"
"esim deals for mexico",1,8,"en-AU|en-GB|en-SG|en-US","cheapest esim for mexico"
"esim deals for morocco",1,8,"en-AU|en-GB|en-SG|en-US","cheapest esim for morocco"
"esim deals south africa",1,8,"en-GB|en-SG|en-US","esim deals"
"esim dubai 1 day",1,8,"en-AU|en-GB|en-SG|en-US","esim dubai"
"esim egypt data",1,8,"en-AU|en-GB|en-SG|en-US","esim egypt"
"esim el cairo",1,8,"de-DE","esim cairo"
"esim england best",1,8,"en-AU|en-GB|en-SG|en-US","esim england"
"esim esim usa",1,8,"de-DE|en-AU|en-GB|en-SG|en-US","esim esim"
"esim europa internet",1,8,"de-DE","esim europe"
"esim europe from australia",1,8,"en-AU","esim europe"
"esim europe plans",1,8,"en-US","esim europe"
"esim family pack",1,8,"de-DE","esim for family"
"esim fiji 7 days",1,8,"en-AU|en-GB|en-SG|en-US","esim fiji"
"esim for america reddit",1,8,"en-AU|en-GB|en-SG|en-US","esim for america"
"esim for android mobile",1,8,"en-AU","esim for android"
"esim for android oppo",1,8,"en-AU|en-GB|en-SG|en-US","esim for android"
"esim for android watch",1,8,"de-DE","esim for android"
"esim for asia 30 days",1,8,"de-DE","esim for asia"
"esim for asian",1,8,"en-AU|en-GB|en-SG|en-US","esim for asia"
"esim for australia reddit",1,8,"de-DE|en-GB|en-SG|en-US","esim for australia"
"esim for australia with phone number",1,8,"en-GB|en-SG|en-US","esim for australia"
"esim for austria and croatia",1,8,"en-AU|en-GB|en-SG|en-US","esim for austria"
"esim for bali and lombok",1,8,"en-AU","esim for bali"
"esim for both japan and south korea",1,8,"en-US","esim for japan and south korea"
"esim for brazil cheap",1,8,"de-DE","esim for brazil"
"esim for brazil from south africa",1,8,"en-GB","esim for brazil"
"esim for china hong kong macau",1,8,"de-DE","esim for china"
"esim for china travel from australia",1,8,"en-AU","esim for china"
"esim for china trip.com",1,8,"en-GB|en-SG","esim for china"
"esim for cruise ship internet",1,8,"de-DE|en-AU|en-GB|en-SG|en-US","esim for cruise ship"
"esim for dubai and qatar",1,8,"de-DE","esim for dubai"
"esim for dubai and saudi",1,8,"en-AU|en-GB|en-SG|en-US","esim for dubai"
"esim for egypt airalo",1,8,"de-DE|en-AU|en-GB|en-SG|en-US","esim for egypt"
"esim for england and portugal",1,8,"en-AU|en-GB|en-SG|en-US","esim for england"
"esim for europe and uk travel",1,8,"en-AU","esim for europe"
"esim for europe travel reddit",1,8,"en-US","esim for europe"
"esim for european travel",1,8,"de-DE","esim for europe"
"esim for france and belgium",1,8,"en-US","esim for france"
"esim for france unlimited data",1,8,"de-DE|en-AU|en-GB|en-SG","esim for france"
"esim for germany with phone number",1,8,"de-DE|en-AU|en-GB|en-SG|en-US","esim for germany"
"esim for greece unlimited",1,8,"de-DE","esim for greece"
"esim for greece with phone number",1,8,"de-DE|en-AU|en-GB|en-SG|en-US","esim for greece"
"esim for hong kong and south korea",1,8,"de-DE|en-AU|en-GB|en-SG|en-US","esim for hong kong"
"esim for iceland trip",1,8,"en-SG","esim for iceland"
"esim for india travel from canada",1,8,"de-DE|en-GB|en-SG","esim for india"
"esim for indonesia from uk",1,8,"en-AU|en-GB|en-SG|en-US","esim for indonesia"
"esim for international travel in usa",1,8,"en-US","esim for international travel"
"esim for iphone 8",1,8,"en-AU","esim for iphone"
"esim for ireland and europe",1,8,"en-AU|en-GB|en-SG|en-US","esim for ireland"
"esim for italy and germany",1,8,"en-US","esim for italy"
"esim for italy with calls",1,8,"de-DE","esim for italy"
"esim for japan holafly",1,8,"de-DE","esim for japan"
"esim for japan iphone",1,8,"en-US","esim for japan"
"esim for japan unlimited data",1,8,"en-GB|en-SG","esim for japan"
"esim for kenya nairobi",1,8,"en-AU|en-GB|en-SG|en-US","esim for kenya"
"esim for kids ipad",1,8,"de-DE|en-AU|en-GB|en-SG|en-US","esim for kids"
"esim for korea and hong kong",1,8,"en-AU|en-SG","esim for korea"
"esim for london and scotland",1,8,"en-US","esim for london"
"esim for london trip",1,8,"de-DE|en-US","esim for london"
"esim for malaysia and vietnam",1,8,"de-DE|en-AU|en-GB|en-SG|en-US","esim for malaysia"
"esim for mexico from canada",1,8,"de-DE|en-AU|en-GB|en-SG|en-US","esim for mexico"
"esim for morocco unlimited data",1,8,"de-DE|en-AU|en-GB|en-SG|en-US","esim for morocco"
"esim for nz phone",1,8,"en-AU|en-GB|en-SG|en-US","esim for nz"
"esim for one month canada",1,8,"en-AU|en-GB|en-SG|en-US","esim for 1 month"
"esim for paris and uk",1,8,"en-AU|en-GB|en-SG|en-US","esim for paris"
"esim for peru airalo",1,8,"en-AU","esim for peru"
"esim for peru and colombia",1,8,"en-GB|en-SG|en-US","esim for peru"
"esim for philippines and china",1,8,"en-GB","esim for philippines"
"esim for portugal and europe",1,8,"de-DE|en-AU|en-GB|en-SG|en-US","esim for portugal"
"esim for qatar and oman",1,8,"en-AU|en-GB|en-SG|en-US","esim for qatar"
"esim for saudi arabia umrah",1,8,"de-DE|en-AU|en-GB|en-SG|en-US","esim for saudi arabia"
"esim for singapore and hong kong",1,8,"en-GB|en-SG|en-US","esim for singapore"
"esim for singapore and maldives",1,8,"en-AU","esim for singapore"
"esim for singapore australia and new zealand",1,8,"en-US","esim for australia and new zealand"
"esim for south africa and eswatini",1,8,"de-DE","esim for south africa"
"esim for south africa and mauritius",1,8,"en-AU|en-GB|en-SG|en-US","esim for south africa"
"esim for thailand 2 weeks",1,8,"de-DE","esim for 2 weeks"
"esim for thailand and laos",1,8,"de-DE","esim for thailand"
"esim for tourists in germany",1,8,"de-DE","esim for tourists"
"esim for tourists in japan",1,8,"en-AU|en-GB|en-SG|en-US","esim for tourists"
"esim for turkey and croatia",1,8,"en-AU|en-GB|en-SG|en-US","esim for croatia"
"esim for turkey calls and data",1,8,"en-AU|en-GB|en-SG|en-US","esim for turkey"
"esim for uae and europe",1,8,"en-AU|en-GB|en-SG|en-US","esim for uae"
"esim for uk and spain",1,8,"en-US","esim for uk"
"esim for usa new york",1,8,"de-DE","esim for new york"
"esim for usa roaming",1,8,"de-DE","esim for us"
"esim for usa trip",1,8,"de-DE","esim for usa"
"esim for use in usa",1,8,"en-AU|en-US","esim for us"
"esim for vietnam and china",1,8,"en-AU","esim for vietnam"
"esim france and italy",1,8,"en-US","esim france"
"esim free trial no credit card",1,8,"de-DE|en-US","esim free trial"
"esim free trial with hotspot",1,8,"en-US","esim free trial"
"esim georgia for tourist",1,8,"en-AU|en-GB|en-SG|en-US","esim for georgia"
"esim georgien erfahrungen",1,8,"de-DE","esim georgia"
"esim germany free",1,8,"de-DE","esim germany"
"esim germany lyca",1,8,"en-AU","esim germany"
"esim globe philippines",1,8,"de-DE","global esim"
"esim greece vodafone",1,8,"en-AU|en-GB|en-SG|en-US","esim greece"
"esim hong kong klook",1,8,"en-AU|en-GB|en-SG|en-US","esim hong kong"
"esim india from uk",1,8,"en-AU|en-GB|en-SG|en-US","esim india"
"esim indonesia and singapore",1,8,"en-AU","esim indonesia"
"esim indonesien 30 tage",1,8,"de-DE","esim indonesia"
"esim internet greece",1,8,"de-DE","esim greece"
"esim internet holland",1,8,"de-DE","esim holland"
"esim internet worldwide",1,8,"en-AU|en-GB|en-SG|en-US","esim world"
"esim ireland tesco",1,8,"en-AU|en-GB|en-SG|en-US","esim ireland"
"esim istanbul kaufen",1,8,"de-DE","esim istanbul"
"esim istanbul roamic",1,8,"de-DE|en-AU|en-GB|en-SG|en-US","esim istanbul"
"esim italy airalo",1,8,"en-AU|en-GB|en-SG","esim italy"
"esim italy with italian number",1,8,"de-DE","esim italy"
"esim japan for family",1,8,"en-AU|en-GB|en-SG|en-US","esim for family"
"esim japan iphone 8",1,8,"de-DE","esim japan for iphone"
"esim japan recommendation reddit",1,8,"de-DE","esim japan reddit"
"esim japan unlimited hotspot",1,8,"de-DE","esim japan unlimited"
"esim kenya airalo",1,8,"en-AU|en-GB|en-SG|en-US","esim kenya"
"esim korea exchange student",1,8,"de-DE","esim korea"
"esim korea how does it work",1,8,"en-US","esim korea"
"esim korea selatan",1,8,"en-AU|en-GB","esim korea"
"esim ksa free",1,8,"de-DE|en-AU|en-GB|en-SG|en-US","esim ksa"
"esim london holafly",1,8,"de-DE","esim london"
"esim malaysia airalo",1,8,"de-DE","esim malaysia"
"esim malaysia for 3 days",1,8,"de-DE","esim for 3 days"
"esim malaysia icc",1,8,"en-SG","esim malaysia"
"esim marrakech best",1,8,"de-DE|en-AU|en-GB|en-SG|en-US","esim marrakech"
"esim mexico sin registro",1,8,"en-AU|en-GB|en-SG","esim mexico"
"esim miami holafly",1,8,"de-DE|en-US","esim miami"
"esim morocco 1 week",1,8,"de-DE","esim for 1 week"
"esim morocco inwi",1,8,"en-AU|en-GB|en-SG|en-US","esim morocco"
"esim morocco jetpac",1,8,"de-DE","esim morocco"
"esim netherlands with phone number",1,8,"en-AU|en-GB|en-SG|en-US","esim netherlands"
"esim new zealand 10 days",1,8,"en-AU","esim new zealand"
"esim new zealand 2 degrees",1,8,"de-DE","esim new zealand"
"esim north america unlimited",1,8,"en-AU|en-GB|en-SG|en-US","esim north america"
"esim nz skinny",1,8,"de-DE|en-AU|en-GB|en-SG|en-US","esim nz"
"esim operators in india",1,8,"en-US","nomad esim india"
"esim para buenos aires",1,8,"en-GB","esim for buenos aires"
"esim para colombia reddit",1,8,"de-DE|en-US","esim colombia reddit"
"esim para los angeles",1,8,"de-DE|en-US","esim for los angeles"
"esim paris holafly",1,8,"de-DE","esim paris"
"esim paris orange",1,8,"en-AU|en-GB|en-SG|en-US","esim paris"
"esim pay as you go deals",1,8,"en-AU|en-GB|en-SG|en-US","esim pay as you go"
"esim peru bolivia",1,8,"de-DE","esim peru"
"esim peru price",1,8,"en-AU|en-GB|en-SG|en-US","esim peru"
"esim philippines and japan",1,8,"en-US","esim philippines"
"esim philippines cebu",1,8,"de-DE","esim philippines"
"esim philippines klook",1,8,"en-AU|en-GB|en-SG|en-US","esim philippines"
"esim phone calls australia",1,8,"en-AU|en-GB|en-SG|en-US","esim voice calls"
"esim phone price philippines",1,8,"de-DE|en-AU|en-GB|en-SG|en-US","esim philippines price"
"esim plans for italy",1,8,"en-US","esim plans"
"esim plans ireland",1,8,"de-DE|en-GB|en-SG","esim plans"
"esim poland play",1,8,"de-DE|en-AU|en-GB|en-SG|en-US","esim poland"
"esim portugal airalo",1,8,"en-AU|en-GB|en-SG|en-US","esim portugal"
"esim portugal prepaid",1,8,"de-DE","esim portugal"
"esim prepaid aldi",1,8,"de-DE","esim prepaid"
"esim prepaid mobile travel app",1,8,"en-GB|en-SG","esim prepaid"
"esim prepaid plans att",1,8,"en-US","esim prepaid"
"esim price in kuwait",1,8,"en-AU|en-GB|en-SG|en-US","esim fiji price"
"esim promo code redtag",1,8,"en-AU|en-GB|en-SG|en-US","esim promo code"
"esim qatar compare",1,8,"de-DE","esim qatar"
"esim qatar ooredoo",1,8,"en-AU|en-GB|en-SG|en-US","esim qatar"
"esim saudi arabia reddit",1,8,"en-AU|en-GB|en-SG|en-US","esim saudi arabia"
"esim saudi arabia unlimited",1,8,"de-DE","esim saudi arabia"
"esim se asia reddit",1,8,"en-AU|en-GB|en-SG|en-US","esim southeast asia"
"esim second number",1,8,"en-US","esim austria unlimited"
"esim shanghai unlimited",1,8,"de-DE|en-US","esim shanghai"
"esim singapore and vietnam",1,8,"en-AU","esim singapore"
"esim singapore holafly",1,8,"de-DE","esim singapore"
"esim singapore prepaid",1,8,"en-SG","esim singapore"
"esim singtel",1,8,"en-SG","esim"
"esim sms airtel",1,8,"en-AU|en-GB|en-SG|en-US","esim sms"
"esim south africa unlimited",1,8,"de-DE","esim south africa"
"esim south korea incheon airport",1,8,"en-US","esim korea airport"
"esim spain 14 days",1,8,"de-DE","esim spain"
"esim switzerland holafly",1,8,"de-DE","esim switzerland"
"esim switzerland orange",1,8,"en-AU|en-GB|en-SG|en-US","esim switzerland"
"esim taiwan and korea",1,8,"de-DE","esim for taiwan"
"esim taiwan nomad",1,8,"de-DE","esim taiwan"
"esim taiwan trip.com",1,8,"en-AU|en-GB|en-SG|en-US","esim taiwan"
"esim thailand and singapore",1,8,"en-AU","esim thailand"
"esim thailand iphone 8",1,8,"de-DE","esim thailand for iphone"
"esim thailand tourist klook",1,8,"de-DE|en-US","esim thailand tourist"
"esim thailand unlimited data ais",1,8,"de-DE|en-US","esim thailand unlimited"
"esim thailand unlimited hotspot",1,8,"de-DE","esim thailand unlimited"
"esim that works in turkey reddit",1,8,"de-DE","esim turkey reddit"
"esim tokyo station",1,8,"en-US","esim tokyo"
"esim top up airalo",1,8,"en-AU|en-GB|en-SG|en-US","esim top up"
"esim turkey maya",1,8,"de-DE","esim turkey"
"esim uae cheapest",1,8,"en-AU|en-GB|en-SG|en-US","esim uae"
"esim uae travel",1,8,"en-US","esim uae tourist"
"esim uk and france",1,8,"en-AU","esim uk"
"esim uk best price",1,8,"de-DE","esim uk price"
"esim uk kaufen",1,8,"de-DE","esim uk"
"esim uk phone plans",1,8,"de-DE","esim uk plans"
"esim uk reddit",1,8,"en-US","esim uk"
"esim uk travel best",1,8,"en-US","esim uk tourist"
"esim unlimited data hotspot usa",1,8,"de-DE","unlimited data esim usa"
"esim usa from uk",1,8,"en-GB|en-SG","esim usa"
"esim usa iphone 13",1,8,"de-DE","esim usa for iphone"
"esim usa unlimited text and calls",1,8,"en-US","esim usa unlimited"
"esim using same number",1,8,"en-AU","esim us"
"esim vs pocket wifi vietnam",1,8,"de-DE|en-AU|en-GB|en-SG|en-US","esim vs pocket wifi"
"esim vs sim japan",1,8,"de-DE","esim vs sim"
"esim vs sim1",1,8,"en-US","esim vs sim"
"esim with phone number hong kong",1,8,"en-AU","esim with phone number"
"esim with phone number vietnam",1,8,"en-US","esim with phone number"
"esim world cup 2026",1,8,"de-DE","esim world"
"esim zanzibar revolut",1,8,"de-DE","esim zanzibar"
"esim ägypten testsieger",1,8,"de-DE","esim egypt"
"esim.io israel",1,8,"de-DE","esim israel"
"europe esim unlimited data plan",1,8,"en-AU|en-GB|en-SG|en-US","europe esim unlimited"
"explain holafly esim pricing coverage and unlimited data policies",1,8,"de-DE","holafly esim coverage"
"france sim card esim",1,8,"de-DE","france esim card"
"free esim france reddit",1,8,"de-DE|en-US","esim france reddit"
"germany sim card esim",1,8,"en-US","germany esim card"
"global esim 30 days",1,8,"en-AU","global esim"
"global esim philippines",1,8,"en-SG|en-US","global esim"
"good esim for croatia",1,8,"en-AU|en-GB|en-SG|en-US","best esim for croatia"
"holafly afrika esim",1,8,"de-DE","esim africa"
"holafly esim china hotspot",1,8,"de-DE","holafly esim china"
"holafly esim doha",1,8,"de-DE","esim doha"
"holafly esim for fiji",1,8,"de-DE","esim for fiji"
"holafly esim how to use",1,8,"en-GB","holafly esim"
"holafly esim japan and south korea",1,8,"en-US","holafly esim japan"
"holafly esim japan discount code",1,8,"en-AU|en-GB|en-SG|en-US","holafly esim promo code"
"holafly esim japan tiktok",1,8,"de-DE","holafly esim japan"
"holafly esim new zealand",1,8,"en-AU","holafly esim"
"holafly esim not working korea",1,8,"de-DE|en-US","holafly esim korea"
"holafly esim rabattcode",1,8,"de-DE","holafly esim"
"holafly esim review usa",1,8,"en-AU|en-GB|en-SG|en-US","holafly esim review"
"holafly esim southeast asia",1,8,"de-DE","esim southeast asia"
"holafly esim taipei",1,8,"de-DE","esim taipei"
"holafly esim thai",1,8,"en-US","holafly esim thailand"
"holafly esim united kingdom",1,8,"en-US","holafly esim uk"
"holafly esim unlimited asia",1,8,"de-DE","holafly esim unlimited"
"holafly esim unlimited data hotspot",1,8,"en-US","holafly esim unlimited"
"holafly esim usa e canada",1,8,"de-DE|en-US","holafly esim canada"
"holafly global esim price",1,8,"de-DE|en-US","holafly esim price"
"holafly sydney esim",1,8,"de-DE","sydney esim"
"hong kong esim reddit tourist",1,8,"de-DE","esim hong kong reddit"
"hong kong sim card registration tourist",1,8,"en-SG","hong kong sim card for tourists"
"hong kong travel esim card",1,8,"de-DE|en-US","hong kong esim card"
"how do i get an esim for south korea",1,8,"de-DE","how to get an esim for korea"
"how far apart is italy and greece",1,8,"en-US","best esim for italy and greece"
"how many sim card in philippines",1,8,"en-AU|en-GB|en-SG|en-US","philippines sim card for tourists"
"how many tourists visit brazil each year",1,8,"en-US","esim brazil tourist"
"how much does a sim card cost in france",1,8,"en-AU|en-GB|en-SG|en-US","france sim card for tourists"
"how much does a sim card in italy cost",1,8,"en-AU|en-GB|en-SG|en-US","italy sim card for tourists"
"how much esim cost",1,8,"en-AU|en-GB|en-US","esim germany price"
"how much sim card in uae",1,8,"en-AU|en-GB|en-SG|en-US","uae sim card for tourists"
"how to activate esim in jio",1,8,"en-GB","how to activate esim"
"how to activate esim on ipad",1,8,"en-AU|en-US","how to activate esim"
"how to activate esim on iphone 15",1,8,"en-GB|en-US","how to activate esim"
"how to activate esim starhub",1,8,"en-SG","how to activate esim"
"how to buy an esim online usa",1,8,"en-US","how to get an esim for usa"
"how to buy esim for india from usa",1,8,"en-US","how to get an esim for india"
"how to get esim card in south africa",1,8,"en-US","how to get an esim for south africa"
"how to get esim dito in philippines",1,8,"de-DE","how to get an esim for philippines"
"how to get esim india tourist",1,8,"de-DE","esim india tourist"
"how to get indian esim in usa",1,8,"de-DE","how to get an esim for usa"
"how to get jio esim in uae",1,8,"de-DE|en-US","how to get an esim for uae"
"how to install esim on another phone",1,8,"en-SG","how to install esim"
"how to install esim on ipad",1,8,"de-DE|en-AU|en-GB|en-US","how to install esim"
"iliad esim italy tourist",1,8,"en-US","esim italy tourist"
"india sim card esim",1,8,"de-DE","india esim card"
"install esim iphone 17",1,8,"de-DE","how to install esim"
"international esim for calls and data",1,8,"en-AU","international esim"
"international esim plans japan",1,8,"de-DE|en-US","esim japan plans"
"international roaming esim uk",1,8,"en-US","roami esim uk"
"internet vae esim",1,8,"de-DE","esim uae"
"iphone esim benefits",1,8,"en-US","esim iceland reddit"
"is airalo esim good for turkey",1,8,"de-DE","is airalo esim good"
"is bmw esim worth it",1,8,"de-DE","is esim worth it"
"is holafly esim good in morocco",1,8,"de-DE","is holafly esim good"
"is jetpac esim good for india",1,8,"en-US","is jetpac esim good"
"is nomad esim good for australia",1,8,"de-DE|en-US","is nomad esim good"
"is there esim available in india",1,8,"de-DE","is esim available in india"
"is ubigi esim good for south korea",1,8,"de-DE","is ubigi esim good"
"is vi esim available in india",1,8,"en-US","is esim available in india"
"italy travel esim card",1,8,"de-DE|en-US","italy esim card"
"japan esim card cost",1,8,"en-US","japan esim card"
"japan esim for iphone 17 pro",1,8,"en-US","esim japan for iphone"
"japan esim tourist review",1,8,"en-US","esim japan tourist"
"japan esim unlimited data hotspot",1,8,"de-DE","japan esim unlimited data"
"japan sim card for tourist airport",1,8,"en-AU|en-GB|en-SG|en-US","japan sim card for tourists"
"jetpac esim app",1,8,"en-US","jetpac esim"
"jetpac esim for colombia",1,8,"de-DE","esim for colombia"
"jetpac esim review usa",1,8,"de-DE","jetpac esim review"
"jetpac esim usa",1,8,"de-DE","jetpac esim"
"klook esim australia price",1,8,"de-DE|en-AU|en-GB|en-SG|en-US","esim australia price"
"klook esim china price",1,8,"en-AU|en-GB|en-SG|en-US","esim china price"
"klook esim hong kong review reddit",1,8,"de-DE|en-US","esim for hong kong review"
"klook esim japan price",1,8,"en-AU|en-GB|en-SG|en-US","esim japan price"
"klook esim new zealand review",1,8,"de-DE|en-US","esim for new zealand review"
"klook esim osaka japan",1,8,"en-US","esim osaka"
"klook korea esim card",1,8,"en-US","korea esim card"
"korea prepaid esim card",1,8,"de-DE","korea esim card"
"korea sim card with number for tourist",1,8,"en-AU|en-GB|en-SG|en-US","korea sim card for tourists"
"list of sim card in germany",1,8,"en-AU|en-GB|en-SG|en-US","germany sim card for tourists"
"lyca esim holland",1,8,"en-AU|en-GB|en-SG|en-US","holland esim"
"lycamobile esim portugal reddit",1,8,"de-DE|en-US","esim portugal reddit"
"malaysia esim tourist best",1,8,"en-US","esim malaysia tourist"
"malaysia prepaid card for tourist",1,8,"en-AU|en-GB|en-SG|en-US","malaysia sim card for tourists"
"maldives unlimited esim",1,8,"de-DE","esim maldives"
"maxis malaysia tourist esim",1,8,"de-DE","esim malaysia tourist"
"maya esim china reddit",1,8,"de-DE","esim china reddit"
"maya esim promo code",1,8,"de-DE","esim promo code"
"mint usa esim",1,8,"de-DE","us esim"
"mtn esim cape town",1,8,"en-AU|en-GB|en-SG|en-US","esim cape town"
"nadelen esim",1,8,"en-US","holafly esim new zealand"
"new zealand data sim card tourist",1,8,"en-AU|en-GB|en-SG|en-US","new zealand sim card for tourists"
"nomad esim beijing",1,8,"en-AU|en-GB|en-SG|en-US","esim beijing"
"nomad esim china tiktok",1,8,"de-DE","nomad esim china"
"nomad esim coupon code",1,8,"en-US","nomad esim"
"nomad esim japan",1,8,"en-AU","nomad esim"
"nomad esim japan network",1,8,"de-DE|en-US","nomad esim japan"
"nomad esim middle east",1,8,"de-DE|en-SG|en-US","esim middle east"
"nomad esim promo",1,8,"en-SG","nomad esim"
"nomad esim promo code europe",1,8,"en-AU|en-GB|en-SG|en-US","nomad esim promo code"
"nomad esim promo code japan",1,8,"de-DE","nomad esim promo code"
"nomad esim review thailand",1,8,"en-AU|en-GB|en-SG|en-US","nomad esim review"
"nomad esim singapore and malaysia",1,8,"de-DE","esim for singapore and malaysia"
"nomad esim turkey",1,8,"en-GB","nomad esim"
"nomad esim usa hotspot",1,8,"de-DE","nomad esim usa"
"nomad esim vancouver",1,8,"de-DE","esim vancouver"
"nomad esim ägypten",1,8,"de-DE","nomad esim"
"nomad latin america esim",1,8,"de-DE","esim latin america"
"northern ireland esim reddit",1,8,"de-DE|en-US","esim ireland reddit"
"numero esim ksa",1,8,"de-DE","ksa esim"
"nz esim 7 days",1,8,"en-AU","nz esim"
"o2 prague esim",1,8,"de-DE|en-AU|en-GB|en-SG|en-US","prague esim"
"o2 qr code esim",1,8,"en-US","holafly esim egypt"
"optus esim for students",1,8,"de-DE","esim for students"
"orange egypt sim card for tourist price",1,8,"en-AU|en-GB|en-SG|en-US","egypt sim card for tourists"
"orange egypt tourist esim card",1,8,"de-DE|en-US","egypt esim card"
"orange esim coverage map",1,8,"de-DE|en-AU|en-GB|en-SG|en-US","esim coverage map"
"orange esim greece reddit",1,8,"de-DE|en-US","esim greece reddit"
"orange esim south america",1,8,"de-DE","esim south america"
"osaka esim povo2 0",1,8,"de-DE","esim osaka"
"pay as you go australia esim",1,8,"de-DE","esim pay as you go"
"phuket esim buy",1,8,"en-US","esim phuket"
"poland esim with number",1,8,"de-DE","esim poland"
"prepaid esim germany reddit",1,8,"en-US","esim germany reddit"
"reddit esim hawaii",1,8,"de-DE","esim hawaii"
"revolut esim egypt price",1,8,"de-DE|en-AU|en-GB|en-SG|en-US","esim egypt price"
"revolut esim voice calls",1,8,"de-DE","esim voice calls"
"roamic esim reviews japan",1,8,"en-AU|en-GB|en-SG|en-US","roamic esim review"
"roamic esim ägypten erfahrungen",1,8,"de-DE","roamic esim"
"rome free esim",1,8,"en-AU|en-GB|en-SG|en-US","rome esim"
"saily esim australia not working",1,8,"de-DE|en-US","saily esim australia"
"saily esim canada cost",1,8,"de-DE","saily esim canada"
"saily esim central america",1,8,"de-DE","esim central america"
"saily esim china google",1,8,"de-DE|en-US","saily esim china"
"saily esim coverage uk",1,8,"de-DE|en-AU|en-GB|en-SG|en-US","saily esim coverage"
"saily esim discount code youtube",1,8,"en-AU|en-GB|en-SG|en-US","saily esim promo code"
"saily esim europe unlimited",1,8,"en-US","saily esim unlimited"
"saily esim for costa rica",1,8,"de-DE","esim for costa rica"
"saily esim for israel",1,8,"de-DE","esim for israel"
"saily esim india from uk",1,8,"de-DE|en-US","saily esim india"
"saily esim japan carrier",1,8,"de-DE","saily esim japan"
"saily esim japan discount code",1,8,"en-US","saily esim japan"
"saily esim japan unlimited data",1,8,"de-DE","saily esim unlimited"
"saily esim kanada",1,8,"de-DE","saily esim"
"saily esim plans canada",1,8,"de-DE|en-AU|en-GB|en-SG|en-US","saily esim plans"
"saily esim price philippines",1,8,"en-US","saily esim price"
"saily esim review thailand",1,8,"de-DE","saily esim review"
"saily esim review turkey",1,8,"en-GB|en-SG","saily esim review"
"saily esim schweiz erfahrungen",1,8,"en-US","saily esim switzerland"
"saily esim south korea review",1,8,"en-US","saily esim korea"
"saily esim thailand coverage",1,8,"en-US","saily esim thailand"
"saily esim thailand speed",1,8,"de-DE|en-US","saily esim thailand"
"saily esim uk",1,8,"en-GB|en-SG","saily esim"
"saily esim vietnam reviews",1,8,"de-DE","saily esim vietnam"
"saudi arabia esim with phone number",1,8,"en-AU|en-GB|en-SG|en-US","ksa esim"
"seoul esim price",1,8,"en-AU|en-GB|en-SG|en-US","seoul esim"
"seoul esim trip com",1,8,"de-DE","seoul esim"
"singapore esim tourist simba",1,8,"en-US","esim singapore tourist"
"singapore sim card esim",1,8,"de-DE","singapore esim card"
"singapore sim card for tourist 1 day",1,8,"en-AU|en-GB|en-SG|en-US","singapore sim card for tourists"
"singapore travel esim card",1,8,"en-US","singapore esim card"
"skt esim korea price",1,8,"de-DE|en-AU|en-GB|en-US","esim korea price"
"smartwatch esim plans australia",1,8,"de-DE","esim australia plans"
"sosim esim hong kong reddit",1,8,"en-US","esim hong kong reddit"
"speedtest esim download",1,8,"de-DE","esim speed"
"speedtest esim pricing",1,8,"en-AU|en-GB|en-SG|en-US","esim speed"
"t mobile esim card usa",1,8,"de-DE","usa esim card"
"taiwan sim card price",1,8,"en-AU|en-GB|en-SG|en-US","taiwan sim card for tourists"
"telekom germany esim tourist",1,8,"en-US","esim germany tourist"
"telstra esim sydney airport",1,8,"de-DE","esim sydney"
"thailand e sim card for tourist reddit",1,8,"en-US","thailand esim card"
"thailand esim unlimited data and calls",1,8,"en-US","thailand esim unlimited data"
"thailand prepaid esim card",1,8,"de-DE","thailand esim card"
"thailand sim card for tourist online",1,8,"en-AU|en-GB|en-SG|en-US","thailand sim card for tourists"
"three top up esim",1,8,"de-DE","esim top up"
"tokyo esim tourist",1,8,"en-AU|en-GB|en-SG|en-US","tokyo esim"
"tokyo esim trip com",1,8,"de-DE","tokyo esim"
"travel esim canada unlimited data",1,8,"de-DE|en-US","canada esim unlimited data"
"travel esim comparison",1,8,"en-GB|en-SG","travel esim"
"travel esim deutschland",1,8,"de-DE","travel esim"
"travel esim nz",1,8,"en-AU","travel esim"
"travel esim scandinavia",1,8,"de-DE|en-AU|en-GB|en-SG|en-US","esim scandinavia"
"travel esim thailand reddit",1,8,"de-DE","esim thailand reddit"
"trip com beijing esim",1,8,"de-DE|en-AU|en-GB|en-SG|en-US","beijing esim"
"trip esim china unlimited",1,8,"de-DE","esim china unlimited"
"ubigi esim aktivieren",1,8,"de-DE","ubigi esim"
"ubigi esim cina",1,8,"en-US","ubigi esim china"
"ubigi esim japan how to use",1,8,"en-US","ubigi esim japan"
"ubigi esim korea",1,8,"en-US","ubigi esim"
"ubigi esim review china",1,8,"de-DE","ubigi esim review"
"ubigi esim review morocco",1,8,"en-AU|en-GB|en-SG|en-US","ubigi esim review"
"ubigi esim united kingdom",1,8,"en-US","ubigi esim uk"
"ubigi esim united states",1,8,"en-US","ubigi esim usa"
"ubigi esim zuid korea",1,8,"de-DE|en-US","ubigi esim korea"
"uk esim card buy",1,8,"de-DE","uk esim card"
"uk esim iphone 17 pro",1,8,"de-DE","esim uk for iphone"
"uk number esim",1,8,"en-AU|en-GB|en-SG|en-US","britain esim"
"uk prepaid sim card for tourist reddit",1,8,"en-AU|en-GB|en-SG|en-US","uk sim card for tourists"
"united states e sim card",1,8,"en-US","usa esim card"
"unlimited data esim japan",1,8,"en-US","japan esim unlimited data"
"unlimited data only esim canada",1,8,"de-DE|en-US","unlimited data esim canada"
"unlimited esim free trial",1,8,"en-US","unlimited esim"
"unlimited esim japan korea",1,8,"de-DE","esim korea unlimited"
"unlimited high speed data esim japan",1,8,"de-DE","unlimited data esim japan"
"unlimited internet esim uk",1,8,"en-US","unlimited data esim uk"
"us esim for 1 week",1,8,"en-AU|en-GB|en-SG|en-US","esim for 1 week"
"us esim number",1,8,"en-AU|en-GB|en-SG","us esim"
"usa esim unlimited plan",1,8,"en-AU|en-GB|en-SG","usa esim unlimited"
"vi esim plans india",1,8,"de-DE|en-US","esim india plans"
"vietnam data esim card",1,8,"de-DE|en-US","vietnam esim card"
"vietnam physical sim card for tourist",1,8,"en-AU|en-GB|en-SG|en-US","vietnam sim card for tourists"
"vietnam tourist esim 90gb 30 days",1,8,"de-DE","esim vietnam tourist"
"vodafone esim berlin",1,8,"en-AU|en-GB|en-SG|en-US","esim berlin"
"vodafone esim for fiji",1,8,"en-SG","esim for fiji"
"vodafone esim peru reddit",1,8,"de-DE|en-US","esim peru reddit"
"vodafone esim rome",1,8,"de-DE","esim rome"
"vodafone esim uk plans",1,8,"en-US","esim uk plans"
"what is an esim for international travel",1,8,"en-GB|en-SG","what is an esim"
"what is an esim only iphone",1,8,"en-AU","what is an esim"
"what is an esim vs sim",1,8,"de-DE","what is an esim"
"what plugs are used in vietnam and cambodia",1,8,"en-US","best esim for vietnam and cambodia"
"which esim is best to use in china",1,8,"de-DE|en-AU|en-GB|en-SG|en-US","which esim is best for china"
"which esim is recommended for japan",1,8,"en-AU|en-GB|en-SG|en-US","which esim is best for japan"
"will my airalo spain esim work in morocco",1,8,"de-DE","airalo esim spain"
"yesim egypt esim review",1,8,"en-AU|en-GB|en-SG|en-US","yesim esim review"
"yesim esim not working",1,8,"en-AU|en-GB|en-SG|en-US","yesim esim"
"yesim esim türkei erfahrungen",1,8,"de-DE","yesim esim"
"yoho esim discount code",1,8,"de-DE","esim discount code"
"zero esim marrakech",1,8,"de-DE","marrakech esim"
"abu dhabi esim trip com",1,9,"de-DE","abu dhabi esim"
"abu dhabi esim with phone number",1,9,"en-AU|en-GB|en-SG|en-US","abu dhabi esim"
"activate esim ipad",1,9,"de-DE","how to activate esim"
"add esim hong kong iphone",1,9,"de-DE|en-US","esim hong kong for iphone"
"affordable esim for canada",1,9,"en-AU|en-SG|en-US","cheapest esim for canada"
"affordable esim for japan",1,9,"en-AU|en-GB|en-SG|en-US","cheapest esim for japan"
"affordable esim for uk",1,9,"en-AU|en-GB","cheapest esim for uk"
"affordable esim malaysia",1,9,"en-US","cheap esim malaysia"
"airalo australian esim",1,9,"en-US","airalo esim australia"
"airalo china esim work in hong kong",1,9,"en-US","airalo esim hong kong"
"airalo esim canada cost",1,9,"de-DE","airalo esim canada"
"airalo esim china instagram",1,9,"de-DE","airalo esim china"
"airalo esim china not working",1,9,"en-US","airalo esim china"
"airalo esim cost mexico",1,9,"en-US","airalo esim mexico"
"airalo esim data plans",1,9,"en-AU|en-GB|en-SG|en-US","airalo esim plans"
"airalo esim doha",1,9,"de-DE","esim doha"
"airalo esim for india travel",1,9,"en-US","airalo esim india"
"airalo esim for london",1,9,"de-DE","esim for london"
"airalo esim for new york",1,9,"de-DE","esim for new york"
"airalo esim italy",1,9,"en-US","airalo esim"
"airalo esim japan discount code",1,9,"en-AU|en-GB|en-SG|en-US","airalo esim promo code"
"airalo esim japan how to activate",1,9,"en-US","airalo esim japan"
"airalo esim japan unlimited",1,9,"de-DE","airalo esim japan"
"airalo esim para mexico",1,9,"de-DE","airalo esim mexico"
"airalo esim price canada",1,9,"en-US","airalo esim price"
"airalo esim promo code",1,9,"en-SG","airalo esim"
"airalo esim review canada",1,9,"de-DE|en-AU|en-GB|en-SG|en-US","airalo esim review"
"airalo esim schweiz kaufen",1,9,"en-US","airalo esim switzerland"
"airalo esim south korea reddit",1,9,"en-US","airalo esim korea"
"airalo esim usa apn",1,9,"en-US","airalo esim usa"
"airalo esim vancouver",1,9,"de-DE","esim vancouver"
"airalo esim.thailand unlimited",1,9,"en-US","airalo esim thailand"
"airalo indian esim",1,9,"de-DE","airalo esim india"
"airalo us esim plans",1,9,"de-DE","airalo esim plans"
"airalo vs nomad esim thailand",1,9,"de-DE","nomad esim vs airalo"
"airtel esim delhi",1,9,"en-AU|en-GB","delhi esim"
"ais esim phuket",1,9,"de-DE","esim phuket"
"alosim esim hotspot",1,9,"de-DE","alosim esim"
"america esim cheap",1,9,"en-AU|en-GB|en-SG|en-US","america esim"
"australia esim tourist price",1,9,"en-AU|en-GB|en-SG|en-US","esim australia price"
"australia unlimited data plan esim",1,9,"de-DE|en-US","australia esim unlimited data"
"australian sim card for visitors",1,9,"en-AU|en-GB|en-SG|en-US","australia sim card for tourists"
"avis esim holafly thailande",1,9,"de-DE","holafly esim thailand"
"bali esim holafly",1,9,"de-DE","bali esim"
"bangkok esim agoda",1,9,"en-AU|en-GB|en-SG|en-US","bangkok esim"
"best canada esim card",1,9,"de-DE|en-US","canada esim card"
"best cheapest esim for egypt",1,9,"de-DE|en-AU|en-GB|en-SG|en-US","cheapest esim for egypt"
"best cheapest esim for india",1,9,"en-AU|en-GB|en-SG|en-US","cheapest esim for india"
"best cheapest esim for thailand",1,9,"en-AU|en-GB|en-SG|en-US","cheapest esim for thailand"
"best cheapest esim japan",1,9,"en-US","cheap esim japan"
"best data esim for argentina",1,9,"en-GB","best esim for argentina"
"best data esim for paris",1,9,"en-GB","best esim for paris"
"best data esim for poland",1,9,"de-DE","best esim for poland"
"best esim app for georgia",1,9,"en-AU|en-GB|en-SG|en-US","best esim for georgia"
"best esim app for indonesia",1,9,"de-DE","best esim for indonesia"
"best esim australia",1,9,"en-AU","best esim"
"best esim cancun reddit",1,9,"en-AU|en-GB|en-SG|en-US","esim cancun"
"best esim card for austria",1,9,"de-DE|en-AU|en-GB|en-SG|en-US","best esim for austria"
"best esim card for bangkok",1,9,"de-DE|en-AU|en-GB|en-SG|en-US","best esim for bangkok"
"best esim card for croatia",1,9,"en-GB","best esim for croatia"
"best esim card for mexico city",1,9,"de-DE|en-US","esim for mexico city"
"best esim card for paris",1,9,"de-DE","best esim for paris"
"best esim card for qatar",1,9,"de-DE","best esim for qatar"
"best esim card kenya",1,9,"de-DE","best esim for kenya"
"best esim central america reddit",1,9,"de-DE","esim central america"
"best esim deals for morocco",1,9,"de-DE|en-AU|en-GB|en-SG|en-US","best esim deals"
"best esim deals for south africa",1,9,"en-AU|en-GB|en-SG|en-US","cheapest esim for south africa"
"best esim discount code",1,9,"de-DE","esim discount code"
"best esim for 1 week",1,9,"en-AU|en-GB|en-SG|en-US","esim for 1 week"
"best esim for 2 weeks in usa",1,9,"en-AU|en-GB|en-SG|en-US","esim for 2 weeks"
"best esim for 3 days in singapore",1,9,"en-AU|en-GB|en-SG|en-US","esim for 3 days"
"best esim for america unlimited data",1,9,"de-DE|en-AU|en-GB|en-SG|en-US","best esim for america"
"best esim for asia pacific",1,9,"en-AU|en-GB|en-SG","best esim for asia"
"best esim for asia unlimited",1,9,"de-DE","best esim for asia"
"best esim for austria",1,9,"en-AU|en-GB|en-SG|en-US","esim for austria"
"best esim for bali and lombok",1,9,"de-DE","best esim for bali"
"best esim for bali from india",1,9,"en-GB|en-SG|en-US","best esim for bali"
"best esim for bali travel",1,9,"en-AU","best esim for bali"
"best esim for brazil nomad",1,9,"en-AU|en-GB|en-SG|en-US","best esim for brazil"
"best esim for canada and europe",1,9,"de-DE","best esim for canada"
"best esim for canada and usa from uk",1,9,"en-US","best esim for usa and canada"
"best esim for china and hong kong reddit",1,9,"de-DE","esim hong kong reddit"
"best esim for china and korea",1,9,"en-US","best esim for china"
"best esim for china for australians",1,9,"en-AU","best esim for china"
"best esim for costa rica",1,9,"en-AU|en-GB|en-SG|en-US","esim for costa rica"
"best esim for croatia",1,9,"en-AU|en-GB|en-SG|en-US","esim for croatia"
"best esim for england travel",1,9,"en-AU|en-GB|en-SG|en-US","best esim for england"
"best esim for europe and turkey",1,9,"de-DE","best esim for europe"
"best esim for europe study abroad",1,9,"en-US","best esim for europe"
"best esim for europe travel from australia",1,9,"en-AU","best esim for europe"
"best esim for france and belgium",1,9,"de-DE|en-AU|en-GB|en-SG","best esim for france"
"best esim for france and england",1,9,"en-US","best esim for france"
"best esim for france unlimited",1,9,"de-DE|en-US","esim france unlimited"
"best esim for georgia",1,9,"en-AU|en-GB|en-SG|en-US","esim for georgia"
"best esim for germany and belgium",1,9,"de-DE|en-AU|en-GB|en-SG|en-US","best esim for belgium"
"best esim for germany and netherlands",1,9,"en-AU|en-GB|en-SG|en-US","best esim for germany"
"best esim for germany and poland",1,9,"de-DE","best esim for germany"
"best esim for guanacaste costa rica",1,9,"en-US","best esim for costa rica"
"best esim for hawaii iphone",1,9,"en-US","esim for hawaii"
"best esim for hong kong macau and china",1,9,"de-DE|en-AU|en-GB|en-SG|en-US","best esim for hong kong"
"best esim for iceland and ireland",1,9,"en-AU","best esim for iceland"
"best esim for india roaming",1,9,"de-DE","best esim for india"
"best esim for india travel from usa",1,9,"en-GB|en-SG|en-US","best esim for india"
"best esim for indonesia telkomsel",1,9,"en-AU|en-GB|en-SG|en-US","best esim for indonesia"
"best esim for italy dolomites",1,9,"en-US","best esim for italy"
"best esim for italy unlimited",1,9,"de-DE","best esim for italy"
"best esim for japan from canada",1,9,"en-GB|en-SG","best esim for japan"
"best esim for japan trip",1,9,"en-US","best esim for japan"
"best esim for kids",1,9,"en-AU|en-GB|en-SG|en-US","esim for kids"
"best esim for korea and thailand",1,9,"en-US","best esim for korea"
"best esim for latin america reddit",1,9,"en-AU|en-GB|en-SG|en-US","best esim for south america"
"best esim for malaysia travel",1,9,"de-DE","best esim for malaysia"
"best esim for new york reddit",1,9,"en-US","esim for new york"
"best esim for peru and colombia",1,9,"en-AU|en-GB|en-SG|en-US","best esim for peru"
"best esim for philippines tourist",1,9,"de-DE","best esim for philippines"
"best esim for phuket and krabi",1,9,"en-US","esim for phuket"
"best esim for portugal with phone number",1,9,"de-DE|en-AU|en-GB|en-SG|en-US","best esim for portugal"
"best esim for saudi arabia and dubai",1,9,"en-AU|en-GB|en-SG|en-US","best esim for saudi arabia"
"best esim for singapore and japan",1,9,"de-DE|en-AU|en-GB|en-SG|en-US","best esim for singapore"
"best esim for south korea",1,9,"de-DE","best esim"
"best esim for students",1,9,"en-AU|en-GB|en-SG|en-US","esim for students"
"best esim for switzerland from uk",1,9,"en-AU|en-GB|en-SG|en-US","best esim for switzerland"
"best esim for taiwan and korea",1,9,"en-AU|en-GB|en-SG|en-US","best esim for taiwan"
"best esim for tokyo disneyland",1,9,"de-DE|en-AU|en-GB|en-SG|en-US","best esim for tokyo"
"best esim for travel to croatia",1,9,"de-DE|en-AU|en-SG|en-US","best esim for croatia"
"best esim for turkey airalo",1,9,"en-GB|en-SG|en-US","best esim for turkey"
"best esim for turkey and saudi arabia",1,9,"de-DE","best esim for saudi arabia"
"best esim for uae and india",1,9,"en-AU|en-GB|en-SG|en-US","best esim for uae"
"best esim for uk and spain",1,9,"en-AU","best esim for uk"
"best esim for uk with phone number",1,9,"de-DE|en-US","best esim for uk"
"best esim for usa data only",1,9,"en-US","best esim for usa"
"best esim for use in uk",1,9,"en-AU","best esim for us"
"best esim for use in usa",1,9,"en-GB|en-SG|en-US","best esim for us"
"best esim for vietnam and japan",1,9,"en-AU","best esim for vietnam"
"best esim in hanoi",1,9,"de-DE","esim hanoi"
"best esim japan tourist reddit",1,9,"de-DE","esim japan tourist"
"best esim los angeles reddit",1,9,"de-DE","esim los angeles"
"best esim netherlands",1,9,"en-AU|en-GB|en-SG|en-US","best esim for netherlands"
"best esim phuket",1,9,"en-US","esim phuket"
"best esim plan for fiji",1,9,"de-DE|en-AU|en-GB|en-SG|en-US","best esim for fiji"
"best esim provider for colombia",1,9,"de-DE","best esim for colombia"
"best esim provider for peru",1,9,"de-DE","best esim for peru"
"best esim provider georgia",1,9,"de-DE","best esim for georgia"
"best esim provider switzerland",1,9,"de-DE","best esim for switzerland"
"best esim taipei",1,9,"en-AU|en-GB|en-SG|en-US","esim taipei"
"best esim turkey tourist",1,9,"en-US","esim turkey tourist"
"best esim.provider for taiwan",1,9,"de-DE","best esim for taiwan"
"best mexico esim card",1,9,"en-US","mexico esim card"
"best prepaid esim for netherlands",1,9,"de-DE","best esim for netherlands"
"best prepaid esim plans usa",1,9,"de-DE","esim usa plans"
"best taipei esim",1,9,"en-AU|en-GB|en-SG|en-US","taipei esim"
"best tourist esim in malaysia",1,9,"de-DE","esim malaysia tourist"
"best tourist esim japan",1,9,"de-DE","best esim for japan"
"best travel esim for argentina",1,9,"en-AU|en-SG|en-US","best esim for argentina"
"best travel esim philippines reddit",1,9,"en-AU|en-GB|en-SG|en-US","best esim for philippines"
"best unlimited esim usa reddit",1,9,"de-DE","esim usa reddit"
"best value esim for nz",1,9,"de-DE|en-US","best esim for nz"
"buy cheap esim canada",1,9,"de-DE","cheap esim canada"
"buy cheap esim india",1,9,"de-DE","cheap esim india"
"buy esim berlin",1,9,"en-AU|en-GB|en-SG|en-US","berlin esim"
"buy esim for amsterdam",1,9,"en-AU|en-GB|en-SG|en-US","esim for amsterdam"
"buy esim for istanbul",1,9,"en-AU|en-GB|en-SG|en-US","esim for istanbul"
"buy esim for maldives",1,9,"en-US","esim for maldives"
"buy esim for prague",1,9,"en-AU","esim for prague"
"buy esim for singapore and malaysia",1,9,"en-US","esim for singapore and malaysia"
"buy esim marrakech airport",1,9,"de-DE","marrakech esim"
"buy esim orlando",1,9,"en-US","esim orlando"
"buy esim spain unlimited data",1,9,"de-DE|en-US","spain esim unlimited data"
"buy esim vancouver",1,9,"en-US","esim vancouver"
"buy singapore esim card",1,9,"en-US","singapore esim card"
"can esim be prepaid",1,9,"en-US","is ubigi esim good"
"can foreigners buy sim card in india",1,9,"en-AU|en-GB|en-SG","india sim card for tourists"
"can i use my iphone in costa rica",1,9,"en-AU|en-GB|en-US","does esim work in costa rica"
"canada esim travel plan",1,9,"en-US","esim canada tourist"
"canada physical sim card for tourist",1,9,"en-AU|en-GB|en-SG|en-US","canada sim card for tourists"
"cancun data esim",1,9,"en-AU|en-GB|en-SG|en-US","cancun esim"
"cheap esim internet turkey",1,9,"de-DE","cheap esim turkey"
"cheap esim uk number",1,9,"de-DE","cheap esim uk"
"cheap esim usa number",1,9,"de-DE","cheap esim usa"
"cheap travel esim japan",1,9,"de-DE","cheap esim japan"
"cheapest data esim for china",1,9,"de-DE","cheapest esim for china"
"cheapest data esim uae",1,9,"en-US","cheap esim uae"
"cheapest esim australia data",1,9,"en-US","cheap esim australia"
"cheapest esim canada prepaid",1,9,"en-US","cheap esim canada"
"cheapest esim card italy",1,9,"de-DE","cheapest esim for italy"
"cheapest esim data canada",1,9,"en-AU|en-GB|en-SG|en-US","esim cheap data"
"cheapest esim data germany",1,9,"de-DE|en-AU|en-GB|en-SG|en-US","cheapest esim for germany"
"cheapest esim for argentina",1,9,"en-US","esim for argentina"
"cheapest esim for cancun",1,9,"de-DE|en-AU|en-GB|en-SG|en-US","esim for cancun"
"cheapest esim for colombia",1,9,"en-AU|en-GB|en-SG|en-US","esim for colombia"
"cheapest esim for new zealand",1,9,"en-AU","cheapest esim"
"cheapest esim for nz",1,9,"de-DE","esim for nz"
"cheapest esim for poland",1,9,"de-DE","esim for poland"
"cheapest esim for seoul",1,9,"en-AU|en-GB|en-SG|en-US","esim for seoul"
"cheapest esim for usa tourist",1,9,"de-DE","cheapest esim for usa"
"cheapest esim for usa travel from canada",1,9,"en-US","cheapest esim for usa"
"cheapest esim japan 30 days",1,9,"de-DE","cheapest esim for japan"
"cheapest esim melbourne",1,9,"en-US","esim melbourne"
"cheapest esim mexico city",1,9,"de-DE|en-US","esim mexico city"
"cheapest esim northern ireland",1,9,"en-GB","cheapest esim for ireland"
"cheapest esim plan for canada",1,9,"de-DE","cheapest esim for canada"
"cheapest esim plan for turkey",1,9,"en-SG","cheapest esim for turkey"
"cheapest esim plan singapore monthly",1,9,"en-SG","cheapest esim"
"cheapest esim plan spain",1,9,"de-DE","cheapest esim for spain"
"cheapest esim plan with phone number",1,9,"en-US","cheapest esim"
"cheapest esim plans uk",1,9,"de-DE","esim uk plans"
"cheapest esim singapore 1 day",1,9,"en-US","cheap esim singapore"
"cheapest esim thailand 7 days",1,9,"de-DE","cheapest esim for thailand"
"cheapest esim turkey 7 days",1,9,"en-US","cheap esim turkey"
"cheapest esim uk 30 days",1,9,"de-DE","cheapest esim for uk"
"cheapest esim uk pay as you go",1,9,"en-US","cheap esim uk"
"cheapest esim uk unlimited data",1,9,"de-DE","esim uk unlimited"
"cheapest esim usa prepaid",1,9,"en-US","cheap esim usa"
"cheapest phone with esim in india",1,9,"de-DE","cheapest esim for india"
"cheapest prepaid esim switzerland",1,9,"en-US","cheap esim switzerland"
"cheapest prepaid sim card switzerland",1,9,"en-AU|en-GB|en-SG|en-US","cheapest esim for switzerland"
"cheapest travel esim indonesia",1,9,"en-US","cheap esim indonesia"
"cheapest travel esim morocco",1,9,"en-US","cheap esim morocco"
"cheapest unlimited esim for australia",1,9,"en-AU|en-GB|en-SG|en-US","cheapest esim for australia"
"cheapest unlimited esim vietnam",1,9,"en-US","cheap esim vietnam"
"china physical sim card for tourist",1,9,"en-AU|en-SG","china sim card for tourists"
"china unicom sim card for tourist",1,9,"en-GB|en-US","china sim card for tourists"
"chip esim orlando",1,9,"de-DE","esim orlando"
"claro esim south america",1,9,"de-DE","esim south america"
"data esim card japan",1,9,"de-DE","japan esim card"
"data roaming esim uk",1,9,"en-US","roami esim uk"
"do i need to buy an esim for japan",1,9,"de-DE","do i need an esim for japan"
"do italy and greece have the same outlets",1,9,"en-US","esim for italy and greece"
"does airtel esim work in uk",1,9,"de-DE|en-AU|en-GB|en-SG|en-US","does esim work in uk"
"does esim io work in egypt",1,9,"de-DE|en-AU|en-GB|en-SG|en-US","does esim work in egypt"
"does esim work well in japan",1,9,"en-AU|en-GB|en-SG|en-US","does esim work in japan"
"does eskimo esim work in morocco",1,9,"de-DE","does esim work in morocco"
"does europe esim work in switzerland",1,9,"en-AU|en-GB|en-SG|en-US","does esim work in switzerland"
"does holafly china esim cover hong kong",1,9,"de-DE|en-US","holafly esim hong kong"
"does holafly esim work in india",1,9,"de-DE|en-AU|en-GB|en-SG|en-US","does esim work in india"
"does holafly esim work in the philippines",1,9,"de-DE","does esim work in philippines"
"does holafly esim work in turkey",1,9,"de-DE|en-AU|en-GB|en-SG|en-US","does esim work in turkey"
"does klook esim work in hong kong",1,9,"en-AU|en-GB|en-SG|en-US","does esim work in hong kong"
"does maya esim work in thailand",1,9,"en-AU|en-GB|en-SG|en-US","does esim work in thailand"
"does maya esim work in usa",1,9,"de-DE|en-AU|en-GB|en-SG|en-US","does esim work in usa"
"does nomad china esim include hong kong",1,9,"de-DE|en-US","nomad esim hong kong"
"does nomad esim work in korea",1,9,"en-AU|en-GB|en-SG|en-US","does esim work in korea"
"does revolut esim work in china",1,9,"de-DE|en-AU|en-GB|en-SG|en-US","does esim work in china"
"does revolut esim work in singapore",1,9,"de-DE|en-AU|en-GB|en-SG","does esim work in singapore"
"does saily china esim work in hong kong",1,9,"de-DE","does esim work in hong kong"
"does saily esim work well in italy",1,9,"de-DE","does esim work in italy"
"does saily uk esim work in ireland",1,9,"de-DE|en-AU|en-GB|en-SG|en-US","does esim work in ireland"
"does spain esim work in tenerife",1,9,"de-DE|en-AU|en-GB|en-SG|en-US","does esim work in spain"
"does textnow esim work in canada",1,9,"de-DE","does esim work in canada"
"does ubigi esim work in vietnam",1,9,"de-DE|en-GB|en-SG|en-US","does esim work in vietnam"
"does.maya esim.work in mexico",1,9,"de-DE|en-AU|en-GB|en-SG|en-US","does esim work in mexico"
"dubai esim from india",1,9,"en-AU|en-GB|en-SG|en-US","dubai esim"
"dubai esim vergleich",1,9,"de-DE","dubai esim"
"e sim uk iphone",1,9,"en-US","esim uk for iphone"
"ee esim uk reddit",1,9,"en-US","esim uk reddit"
"esim 3 days korea",1,9,"de-DE","esim for 3 days"
"esim 4g 1 năm",1,9,"de-DE","esim 4g"
"esim 5g singapore",1,9,"en-AU|en-GB|en-SG","esim 5g"
"esim africa unlimited data",1,9,"en-AU|en-GB|en-SG|en-US","esim africa"
"esim airalo canada",1,9,"en-US","airalo esim canada"
"esim america 2 weeks",1,9,"de-DE","esim america"
"esim american phone number",1,9,"en-AU|en-GB|en-SG","esim america"
"esim argentina nomad",1,9,"de-DE","esim argentina"
"esim asia 90 days",1,9,"de-DE","esim asia"
"esim asia trip.com",1,9,"en-US","esim asia"
"esim australia 6 months",1,9,"de-DE","esim australia"
"esim australia and new zealand reddit",1,9,"de-DE","esim australia reddit"
"esim australia vodafone",1,9,"en-AU","esim australia"
"esim austria data",1,9,"en-AU|en-GB|en-SG|en-US","esim austria"
"esim austria holafly",1,9,"de-DE","esim austria"
"esim bali klook",1,9,"en-GB|en-SG|en-US","esim bali"
"esim bali singapur",1,9,"de-DE","esim bali"
"esim balkans best",1,9,"de-DE|en-AU|en-GB|en-SG|en-US","esim balkans"
"esim bangkok airalo",1,9,"de-DE|en-GB","esim bangkok"
"esim belgium internet",1,9,"en-AU|en-GB|en-SG|en-US","esim belgium"
"esim brazil saily",1,9,"en-AU|en-GB|en-SG|en-US","esim brazil"
"esim canada",1,9,"en-GB","esim"
"esim canada 5g",1,9,"de-DE","esim 5g"
"esim canada bell",1,9,"de-DE","esim canada"
"esim canada data",1,9,"en-GB|en-SG","esim canada"
"esim canada prepaid plans",1,9,"de-DE|en-US","esim canada plans"
"esim card for bangkok",1,9,"en-AU|en-GB|en-SG|en-US","esim for bangkok"
"esim card for georgia",1,9,"de-DE","esim for georgia"
"esim card for hong kong and china",1,9,"en-US","esim for hong kong and china"
"esim card for middle east",1,9,"de-DE","esim middle east"
"esim card france reddit",1,9,"de-DE","france esim card"
"esim card holland",1,9,"en-AU|en-GB|en-SG|en-US","esim holland"
"esim card india tourist",1,9,"en-US","esim india tourist"
"esim card italy reddit",1,9,"en-US","esim italy reddit"
"esim card spain and portugal",1,9,"de-DE","spain esim card"
"esim card turkey reddit",1,9,"de-DE","turkey esim card"
"esim caribbean reviews",1,9,"en-GB","esim caribbean"
"esim china and japan",1,9,"en-AU","esim china"
"esim china klook",1,9,"en-SG","esim china"
"esim china und hongkong",1,9,"de-DE","esim china"
"esim china vpn iphone",1,9,"de-DE","esim china for iphone"
"esim compatible phones android",1,9,"de-DE","esim compatible phones"
"esim compatible phones south africa",1,9,"en-GB|en-SG","esim compatible phones"
"esim contract no upfront cost",1,9,"en-AU|en-GB|en-SG|en-US","esim no contract"
"esim costa rica mit telefonieren",1,9,"de-DE","esim costa rica"
"esim cruise ship caribbean",1,9,"de-DE","esim for cruise ship"
"esim czech republic sms",1,9,"en-AU|en-GB|en-SG|en-US","esim czech republic"
"esim data plan india",1,9,"de-DE|en-GB","esim data plan"
"esim data uae",1,9,"de-DE","esim for uae"
"esim deals for japan",1,9,"de-DE","esim deals"
"esim deals for spain",1,9,"en-AU|en-GB|en-SG|en-US","cheapest esim for spain"
"esim discount code",1,9,"en-AU|en-GB|en-SG|en-US","esim promo code"
"esim dubai du",1,9,"en-AU","esim dubai"
"esim egypt orange",1,9,"en-GB|en-SG|en-US","esim egypt"
"esim em buenos aires",1,9,"en-AU|en-SG|en-US","esim for buenos aires"
"esim england and scotland",1,9,"en-AU|en-GB|en-SG|en-US","esim england"
"esim esim android",1,9,"de-DE","esim esim"
"esim esim plus",1,9,"en-AU|en-GB|en-SG|en-US","esim esim"
"esim europe 45 days",1,9,"en-AU","esim europe"
"esim europe with phone number",1,9,"en-US","esim europe"
"esim family plan usa",1,9,"de-DE","esim for family"
"esim for america trip",1,9,"de-DE","esim for america"
"esim for american",1,9,"en-AU|en-GB|en-SG|en-US","esim for america"
"esim for asia and oceania",1,9,"en-AU|en-GB|en-SG|en-US","esim for asia"
"esim for asia holafly",1,9,"de-DE","esim for asia"
"esim for australia and bali",1,9,"de-DE","esim for australia"
"esim for brazil airalo",1,9,"de-DE","esim for brazil"
"esim for brazil and colombia",1,9,"en-GB","esim for brazil"
"esim for canada unlimited data",1,9,"en-GB|en-SG|en-US","esim for canada"
"esim for china and thailand",1,9,"de-DE","esim for china"
"esim for china from india",1,9,"en-GB","esim for china"
"esim for china hong kong and vietnam",1,9,"de-DE","esim for hong kong and china"
"esim for cruise ships caribbean",1,9,"en-AU|en-GB|en-SG|en-US","esim for cruise ship"
"esim for egypt calls and data",1,9,"de-DE|en-AU|en-GB|en-SG|en-US","esim for egypt"
"esim for europe and singapore",1,9,"en-AU","esim for europe"
"esim for europe cruise",1,9,"en-GB|en-SG","esim for europe"
"esim for france and germany",1,9,"de-DE|en-AU|en-GB|en-SG|en-US","esim for france"
"esim for france spain and portugal",1,9,"en-US","esim for spain and portugal"
"esim for germany and netherlands",1,9,"de-DE|en-AU|en-GB|en-SG|en-US","esim for germany"
"esim for greece from australia",1,9,"en-AU|en-GB|en-SG|en-US","esim for greece"
"esim for hong kong and philippines",1,9,"de-DE|en-AU|en-GB|en-SG|en-US","esim for hong kong"
"esim for iceland and sweden",1,9,"en-SG","esim for iceland"
"esim for international travel reviews",1,9,"en-US","esim for international travel"
"esim for iphone 17 pro",1,9,"de-DE|en-US","esim for iphone"
"esim for iphone x",1,9,"en-GB|en-SG","esim for iphone"
"esim for iphone xs",1,9,"en-AU","esim for iphone"
"esim for ireland and spain",1,9,"en-AU|en-GB|en-SG|en-US","esim for ireland"
"esim for ireland data",1,9,"de-DE","esim for ireland"
"esim for italy travel reddit",1,9,"en-US","esim for italy"
"esim for italy unlimited data",1,9,"de-DE","esim for italy"
"esim for japan and hong kong",1,9,"en-AU","esim for japan"
"esim for japan comparison",1,9,"de-DE","esim for japan"
"esim for japan iphone reddit",1,9,"en-US","esim japan for iphone"
"esim for kenya data",1,9,"en-AU|en-GB|en-SG|en-US","esim for kenya"
"esim for korea and thailand",1,9,"en-AU|en-SG","esim for korea"
"esim for korea and vietnam",1,9,"de-DE|en-GB|en-US","esim for korea"
"esim for malaysia reddit",1,9,"de-DE|en-AU|en-GB|en-SG|en-US","esim for malaysia"
"esim for middle east countries",1,9,"en-AU|en-GB","esim middle east"
"esim for morocco and france",1,9,"de-DE|en-AU|en-GB|en-SG|en-US","esim for morocco"
"esim for new zealand data and calls",1,9,"de-DE|en-AU|en-GB|en-SG|en-US","esim for new zealand"
"esim for paris and barcelona",1,9,"en-AU|en-GB|en-SG|en-US","esim for paris"
"esim for philippines and korea",1,9,"en-GB","esim for philippines"
"esim for portugal and france",1,9,"en-AU|en-GB|en-SG|en-US","esim for portugal"
"esim for portugal trip",1,9,"de-DE","esim for portugal"
"esim for qatar from uk",1,9,"en-AU|en-GB|en-SG|en-US","esim for qatar"
"esim for saudi arabia from usa",1,9,"en-AU|en-GB|en-SG|en-US","esim for saudi arabia"
"esim for singapore from australia",1,9,"en-AU","esim for singapore"
"esim for singapore reddit",1,9,"en-SG","esim for singapore"
"esim for south africa and namibia",1,9,"en-AU|en-GB|en-SG|en-US","esim for south africa"
"esim for south africa with calls",1,9,"de-DE","esim for south africa"
"esim for south america",1,9,"de-DE","best esim for south america"
"esim for switzerland and spain",1,9,"en-AU|en-GB|en-SG|en-US","esim for switzerland"
"esim for taiwan and singapore",1,9,"en-AU|en-GB|en-SG|en-US","esim for taiwan"
"esim for thailand cambodia and vietnam",1,9,"de-DE","esim for thailand"
"esim for thailand from uk",1,9,"en-GB|en-SG|en-US","esim for thailand"
"esim for tourists malaysia",1,9,"de-DE","esim for tourists"
"esim for uae data",1,9,"en-AU|en-GB|en-SG|en-US","esim for uae"
"esim for uk and greece",1,9,"en-AU","esim for uk"
"esim for uk and ireland reddit",1,9,"de-DE|en-US","esim ireland reddit"
"esim for uk from india",1,9,"de-DE","esim for uk"
"esim for uk phone in usa",1,9,"en-US","esim for uk"
"esim for usa nomad",1,9,"de-DE","esim for us"
"esim for use in bali",1,9,"en-AU","esim for us"
"esim for vietnam 2 weeks",1,9,"de-DE","esim for 2 weeks"
"esim for vietnam viettel",1,9,"de-DE|en-GB|en-SG","esim for vietnam"
"esim france data only",1,9,"en-GB|en-SG","esim france"
"esim france with local number",1,9,"en-US","esim france"
"esim free trial canada",1,9,"en-GB|en-SG","esim free trial"
"esim free trial t mobile",1,9,"de-DE","esim free trial"
"esim für edinburgh",1,9,"en-US","esim edinburgh"
"esim georgien 7 tage",1,9,"de-DE","esim georgia"
"esim germany no contract",1,9,"de-DE","esim no contract"
"esim germany unlimited",1,9,"de-DE","esim germany"
"esim germany vodafone",1,9,"en-AU|en-GB|en-SG","esim germany"
"esim greece airalo",1,9,"en-GB|en-SG","esim greece"
"esim hawaii klook",1,9,"en-US","esim hawaii"
"esim hong kong tourist",1,9,"de-DE","esim hong kong"
"esim hotspot unlimited",1,9,"en-AU|en-GB|en-SG|en-US","esim hotspot"
"esim iceland and uk",1,9,"de-DE","esim iceland"
"esim india online",1,9,"en-GB|en-SG","esim india"
"esim indonesia best",1,9,"en-AU","esim indonesia"
"esim indonesia trip.com",1,9,"en-GB|en-SG|en-US","esim indonesia"
"esim indonesien airalo",1,9,"de-DE","esim indonesia"
"esim iphone philippines reddit",1,9,"de-DE","esim philippines reddit"
"esim ireland vodafone",1,9,"en-AU|en-GB|en-SG|en-US","esim ireland"
"esim israel maya",1,9,"de-DE","esim israel"
"esim istanbul trip com",1,9,"en-GB","esim istanbul"
"esim italy",1,9,"en-US","esim"
"esim japan 15 days",1,9,"en-AU","esim japan"
"esim japan best price",1,9,"de-DE|en-AU|en-GB|en-US","esim japan price"
"esim japan iphone 12 mini",1,9,"de-DE","esim japan for iphone"
"esim japan korea unlimited",1,9,"en-US","esim korea unlimited"
"esim japan telekom",1,9,"de-DE","esim japan"
"esim japan voice calls",1,9,"de-DE","esim voice calls"
"esim kenya airtel",1,9,"en-AU|en-GB|en-SG|en-US","esim kenya"
"esim korea and japan unlimited data",1,9,"en-US","esim korea"
"esim lisbon",1,9,"en-AU|en-GB|en-US","lisbon esim"
"esim london internet",1,9,"de-DE","esim london"
"esim malaisie kuala lumpur",1,9,"de-DE","esim for kuala lumpur"
"esim malaysia digi",1,9,"en-AU","esim malaysia"
"esim malaysia shopee",1,9,"en-SG","esim malaysia"
"esim maldives 5gb",1,9,"de-DE","esim maldives"
"esim maldives airport",1,9,"en-US","esim maldives"
"esim me price philippines",1,9,"de-DE|en-AU|en-GB|en-SG|en-US","esim philippines price"
"esim mexico calls and data",1,9,"en-AU|en-GB|en-SG","esim mexico"
"esim mexiko 14 tage",1,9,"de-DE","esim mexico"
"esim morocco 1 day",1,9,"de-DE","esim morocco"
"esim morocco revolut",1,9,"en-GB|en-SG|en-US","esim morocco"
"esim netherlands data only",1,9,"en-AU|en-GB|en-SG|en-US","esim netherlands"
"esim new york nomad",1,9,"en-US","esim new york"
"esim new zealand with calls",1,9,"en-AU|en-GB|en-SG|en-US","esim new zealand"
"esim nz for europe",1,9,"en-AU|en-GB|en-SG|en-US","esim for nz"
"esim nz plans",1,9,"en-AU","esim nz"
"esim para cancun",1,9,"de-DE","esim cancun"
"esim para rio de janeiro",1,9,"de-DE","esim rio de janeiro"
"esim per los angeles",1,9,"en-US","esim for los angeles"
"esim peru and chile",1,9,"en-AU|en-GB|en-SG|en-US","esim peru"
"esim peru holafly",1,9,"de-DE","esim peru"
"esim philippines 20gb",1,9,"de-DE","esim philippines"
"esim philippines price",1,9,"en-AU|en-GB|en-SG","esim philippines"
"esim phone calls only",1,9,"en-AU|en-GB|en-SG|en-US","esim voice calls"
"esim plans in india",1,9,"en-US","esim india unlimited"
"esim plans india",1,9,"de-DE|en-GB","esim plans"
"esim plans with unlimited hotspot",1,9,"en-US","esim plans"
"esim poland buy",1,9,"en-AU|en-GB|en-SG|en-US","esim poland"
"esim portugal holafly",1,9,"de-DE","esim portugal"
"esim portugal nos",1,9,"en-AU|en-GB|en-SG|en-US","esim portugal"
"esim pour los angeles",1,9,"de-DE","esim for los angeles"
"esim prepaid deutschland",1,9,"de-DE","esim prepaid"
"esim prepaid germany",1,9,"en-GB","esim prepaid"
"esim prepaid phones",1,9,"en-US","esim prepaid"
"esim promotion code",1,9,"en-AU|en-GB|en-SG|en-US","esim discount code"
"esim qatar and dubai",1,9,"de-DE","esim qatar"
"esim qatar cheap",1,9,"en-AU|en-GB|en-SG|en-US","esim qatar"
"esim saudi arabia internet",1,9,"de-DE","esim saudi arabia"
"esim simba",1,9,"en-SG","esim"
"esim singapore 30 days",1,9,"de-DE","esim singapore"
"esim singapore with phone number",1,9,"en-SG","esim singapore"
"esim smartwatch for kids",1,9,"de-DE","esim for kids"
"esim sms only",1,9,"de-DE|en-AU|en-GB|en-SG","esim sms"
"esim south africa cell c",1,9,"en-GB|en-SG|en-US","esim south africa"
"esim south africa cheap",1,9,"de-DE","esim south africa"
"esim spain cheap",1,9,"en-GB|en-SG","esim spain"
"esim taiwan holafly",1,9,"de-DE","esim taiwan"
"esim thailand 15 tage",1,9,"de-DE","esim thailand"
"esim thailand iphone 12",1,9,"en-US","esim thailand for iphone"
"esim thailand unlimited data price",1,9,"en-US","esim thailand unlimited"
"esim thailand vietnam kambodscha",1,9,"de-DE","esim for thailand and vietnam"
"esim top up digicel",1,9,"de-DE","esim top up"
"esim top up malaysia",1,9,"en-AU|en-GB|en-SG|en-US","esim top up"
"esim turkey free",1,9,"de-DE","esim turkey"
"esim turkey vodafone",1,9,"en-GB|en-SG|en-US","esim turkey"
"esim uae 1 day",1,9,"de-DE","esim uae"
"esim uae pass",1,9,"en-AU|en-GB|en-SG|en-US","esim uae"
"esim uae visitor",1,9,"en-US","esim uae tourist"
"esim uk airalo",1,9,"de-DE","esim uk"
"esim uk from australia",1,9,"en-AU","esim uk"
"esim uk to usa",1,9,"en-US","esim uk"
"esim uk travel o2",1,9,"en-US","esim uk tourist"
"esim usa and canada unlimited data",1,9,"de-DE","esim for usa and canada"
"esim usa comparison",1,9,"en-AU","esim usa"
"esim usa daten und telefonieren",1,9,"de-DE","esim usa"
"esim usa en mexico",1,9,"en-GB|en-SG","esim usa"
"esim usa travel data and calls",1,9,"en-US","esim usa tourist"
"esim usa unlimited data 10 days",1,9,"de-DE","usa esim unlimited data"
"esim vietnam 1 month",1,9,"de-DE","esim for 1 month"
"esim vietnam 1 week",1,9,"de-DE","esim for 1 week"
"esim việt nam 3 ngày",1,9,"en-AU|en-GB|en-SG|en-US","esim viet nam"
"esim vs pocket wifi japan cost",1,9,"en-AU|en-GB|en-SG|en-US","esim vs pocket wifi"
"esim vs sim power consumption",1,9,"de-DE","esim vs sim"
"esim with phone number france",1,9,"en-GB","esim with phone number"
"esim work in malaysia",1,9,"en-AU|en-GB|en-SG|en-US","does esim work in malaysia"
"esim world 8",1,9,"en-AU|en-GB|en-SG|en-US","esim world"
"esim world net",1,9,"de-DE","esim world"
"esim zanzibar holafly",1,9,"de-DE","esim zanzibar"
"esim zanzibar price",1,9,"en-US","esim zanzibar"
"esim ägypten günstig",1,9,"de-DE","esim egypt"
"eskimo esim promo code",1,9,"de-DE","esim promo code"
"eu esim unlimited data",1,9,"en-AU","europe esim unlimited"
"free esim for 1 month",1,9,"en-AU|en-GB|en-SG|en-US","esim for 1 month"
"free esim trial unlimited data canada",1,9,"de-DE","unlimited data esim canada"
"french polynesia esim card",1,9,"en-US","france esim card"
"get indian esim card online",1,9,"en-US","india esim card"
"gigsky esim costa rica review",1,9,"en-US","esim for costa rica review"
"global esim no expiry",1,9,"en-SG","global esim"
"global plan esim",1,9,"de-DE","global esim"
"good esim for paris",1,9,"en-AU|en-SG|en-US","best esim for paris"
"good esim for poland",1,9,"en-AU|en-GB|en-SG|en-US","best esim for poland"
"holafly china esim firewall",1,9,"de-DE","holafly esim china"
"holafly esim cape town",1,9,"de-DE","esim cape town"
"holafly esim china discount code",1,9,"en-AU|en-GB|en-SG|en-US","holafly esim promo code"
"holafly esim corea del sur",1,9,"en-US","holafly esim korea"
"holafly esim for costa rica",1,9,"de-DE","esim for costa rica"
"holafly esim for israel",1,9,"de-DE","esim for israel"
"holafly esim for paris",1,9,"de-DE","esim for paris"
"holafly esim italy",1,9,"en-US","holafly esim"
"holafly esim japan speed",1,9,"de-DE","holafly esim japan"
"holafly esim shanghai",1,9,"de-DE","esim shanghai"
"holafly esim unlimited data throttling",1,9,"de-DE","holafly esim unlimited"
"holafly esim usa new york",1,9,"de-DE","holafly esim usa"
"holafly esim vietnam",1,9,"en-AU","holafly esim"
"holafly thailand e sim",1,9,"en-US","holafly esim thailand"
"holafly unlimited uk esim",1,9,"de-DE|en-US","holafly esim uk"
"holafly usa unlimited data esim",1,9,"de-DE","unlimited data esim usa"
"holiday esim.dubai",1,9,"de-DE","esim for dubai"
"hong kong china sim card tourist",1,9,"en-SG","hong kong sim card for tourists"
"hong kong prepaid sim card for travellers",1,9,"en-AU|en-GB|en-US","hong kong sim card for tourists"
"how much are sim cards in turkey",1,9,"en-AU|en-GB|en-SG|en-US","turkey sim card for tourists"
"how much does a sim card cost in uae",1,9,"en-AU|en-GB|en-SG|en-US","uae sim card for tourists"
"how much is a sim card in italy",1,9,"en-AU|en-GB|en-SG|en-US","italy sim card for tourists"
"how to activate esim on new phone",1,9,"en-SG","how to activate esim"
"how to buy esim for india online",1,9,"en-US","how to get an esim for india"
"how to get airtel esim in uae",1,9,"de-DE","how to get an esim for uae"
"how to get an esim vodafone uk",1,9,"en-US","how to get an esim for uk"
"how to get esim globe postpaid philippines",1,9,"de-DE","how to get an esim for philippines"
"how to have an esim in the philippines",1,9,"en-US","how to get an esim for philippines"
"how to install esim in iphone 15",1,9,"en-GB","how to install esim"
"how to install esim on iphone 14",1,9,"en-US","how to install esim"
"how to install esim on new iphone",1,9,"en-SG","how to install esim"
"how to install esim without activating",1,9,"en-AU","how to install esim"
"hvad er esim",1,9,"en-AU|en-GB|en-SG|en-US","lima esim"
"indonesia travel esim",1,9,"de-DE","esim for indonesia"
"international esim bali",1,9,"en-AU","international esim"
"international esim for pakistan",1,9,"en-GB|en-SG","international esim"
"iphone 16 esim usa",1,9,"de-DE","esim usa for iphone"
"is airalo esim good for italy",1,9,"de-DE","is airalo esim good"
"is esim facility available in india",1,9,"en-US","is esim available in india"
"is esim worth getting",1,9,"en-AU|en-GB|en-SG|en-US","is esim worth it"
"is holafly esim good for bali",1,9,"de-DE","is holafly esim good"
"is honest esim worth it",1,9,"de-DE","is esim worth it"
"is jetpac esim good for bali",1,9,"de-DE|en-US","is jetpac esim good"
"is nomad esim good for uk",1,9,"de-DE|en-US","is nomad esim good"
"is nomad esim good thailand",1,9,"de-DE","nomad esim thailand"
"is saily esim good for bali",1,9,"de-DE","is saily esim good"
"is saily esim good for vietnam",1,9,"en-US","is saily esim good"
"is ubigi esim good for italy",1,9,"de-DE","is ubigi esim good"
"istanbul esim 1 day",1,9,"en-SG","istanbul esim"
"japan and korea esim unlimited",1,9,"en-AU|en-GB|en-SG","korea esim unlimited"
"japan esim card for iphone",1,9,"en-US","japan esim card"
"japan esim reddit sg",1,9,"en-US","esim japan reddit"
"japan esim tourist best",1,9,"en-US","esim japan tourist"
"japan esim unlimited data best",1,9,"en-US","japan esim unlimited data"
"japan esim unlimited data cost",1,9,"de-DE","japan esim unlimited data"
"japan sim card for tourist osaka airport",1,9,"en-AU|en-GB|en-SG|en-US","japan sim card for tourists"
"japan unlimited data esim ntt docomo",1,9,"de-DE","unlimited data esim japan"
"jetpac esim for japan review",1,9,"de-DE|en-US","esim for japan review"
"jetpac esim italy",1,9,"en-US","jetpac esim"
"jetpac esim japan",1,9,"en-AU","jetpac esim"
"jetpac esim review thailand",1,9,"de-DE","jetpac esim review"
"kkday taiwan esim card",1,9,"en-US","taiwan esim card"
"klook esim china unlimited",1,9,"de-DE","esim china unlimited"
"klook esim korea price",1,9,"en-AU|en-GB|en-US","esim korea price"
"klook esim los angeles",1,9,"en-US","esim los angeles"
"korea travel esim card",1,9,"en-US","korea esim card"
"lebara esim france reddit",1,9,"de-DE","esim france reddit"
"lyca belgium esim",1,9,"de-DE","esim belgium"
"lyca esim uk tourist",1,9,"de-DE","esim uk tourist"
"madrid esim card",1,9,"de-DE","esim madrid"
"maew esim thailand reddit",1,9,"de-DE","esim thailand reddit"
"malaysia e sim card for tourist",1,9,"en-AU|en-GB|en-SG|en-US","malaysia sim card for tourists"
"maxis esim price malaysia",1,9,"de-DE|en-AU|en-GB|en-SG|en-US","esim malaysia price"
"maya esim caribbean",1,9,"de-DE","esim caribbean"
"maya esim greece reddit",1,9,"en-US","esim greece reddit"
"maya esim latin america",1,9,"de-DE","esim latin america"
"mobiles that support esim",1,9,"en-US","holafly esim morocco"
"mobimatter new zealand esim",1,9,"de-DE","esim new zealand"
"nomad esim aktivieren",1,9,"de-DE","nomad esim"
"nomad esim china japan",1,9,"de-DE","nomad esim china"
"nomad esim china promo code",1,9,"en-US","nomad esim china"
"nomad esim discount code uk",1,9,"en-US","nomad esim uk"
"nomad esim for australia and new zealand",1,9,"de-DE|en-US","esim for australia and new zealand"
"nomad esim for england",1,9,"de-DE","esim for england"
"nomad esim for japan and south korea",1,9,"en-US","esim for japan and south korea"
"nomad esim indonesia",1,9,"en-AU","nomad esim"
"nomad esim japan speed",1,9,"de-DE|en-US","nomad esim japan"
"nomad esim kuala lumpur",1,9,"de-DE","esim kuala lumpur"
"nomad esim not working in korea",1,9,"de-DE","nomad esim korea"
"nomad esim promo code 25",1,9,"de-DE","nomad esim promo code"
"nomad esim taipei",1,9,"de-DE","esim taipei"
"nomad esim usa coverage",1,9,"en-US","nomad esim usa"
"nomad southeast asia esim",1,9,"de-DE","esim southeast asia"
"nz esim providers",1,9,"de-DE|en-GB|en-SG|en-US","nz esim"
"nz esim spark",1,9,"en-AU","nz esim"
"o2 germany esim tourist",1,9,"en-US","esim germany tourist"
"o2 pay as you go esim",1,9,"de-DE","esim pay as you go"
"optus australia esim plans",1,9,"de-DE","esim australia plans"
"orange egypt sim card for tourist prepaid",1,9,"en-AU|en-GB|en-SG|en-US","egypt sim card for tourists"
"orange esim portugal reddit",1,9,"de-DE|en-US","esim portugal reddit"
"orange esim scandinavia",1,9,"de-DE","esim scandinavia"
"osaka esim promo code",1,9,"de-DE","esim osaka"
"prepaid esim toronto",1,9,"en-AU|en-GB|en-SG|en-US","esim toronto"
"prepaid sim card usa for tourists unlimited data",1,9,"de-DE","usa sim card for tourists"
"reddit esim for greece",1,9,"de-DE","esim greece"
"redteago esim china reddit",1,9,"de-DE","esim china reddit"
"review holafly esim pricing coverage and setup for international travel",1,9,"de-DE","holafly esim coverage"
"revolut esim india reddit",1,9,"en-US","esim india reddit"
"revolut esim japan price",1,9,"en-SG","esim japan price"
"revolut esim macau",1,9,"de-DE|en-AU|en-GB|en-SG|en-US","esim macao"
"roafly esim costa rica review",1,9,"de-DE","esim for costa rica review"
"roamic esim activation",1,9,"en-GB|en-SG","roamic esim"
"roamic esim aktivieren iphone",1,9,"de-DE","roamic esim"
"roamic esim reviews europe",1,9,"en-AU|en-GB|en-SG|en-US","roamic esim review"
"romeless esim",1,9,"en-AU|en-GB|en-SG|en-US","esim rome"
"saily esim china not working",1,9,"de-DE|en-US","saily esim china"
"saily esim data plans",1,9,"de-DE","saily esim plans"
"saily esim discount code first order",1,9,"en-AU|en-GB|en-SG|en-US","saily esim promo code"
"saily esim for argentina",1,9,"de-DE","esim for argentina"
"saily esim india coverage",1,9,"en-US","saily esim india"
"saily esim japan hotspot",1,9,"de-DE","saily esim japan"
"saily esim mexico telcel",1,9,"en-US","saily esim mexico"
"saily esim plan not activating",1,9,"en-AU|en-GB|en-SG|en-US","saily esim plans"
"saily esim price brazil",1,9,"de-DE","saily esim price"
"saily esim price india",1,9,"en-US","saily esim price"
"saily esim rabattcode",1,9,"de-DE","saily esim"
"saily esim review canada",1,9,"en-AU|en-GB|en-SG","saily esim review"
"saily esim schweiz kosten",1,9,"en-US","saily esim switzerland"
"saily esim south korea reddit",1,9,"en-US","saily esim korea"
"saily esim thailand which network",1,9,"de-DE","saily esim thailand"
"saily esim uk to usa",1,9,"de-DE|en-US","saily esim uk"
"saily esim usa not working",1,9,"de-DE|en-US","saily esim usa"
"saily esim vietnam and cambodia",1,9,"en-US","saily esim vietnam"
"shanghai esim card",1,9,"en-US","esim shanghai"
"sim card to use in new zealand",1,9,"en-AU|en-GB|en-SG|en-US","new zealand sim card for tourists"
"sim only plans ireland",1,9,"de-DE|en-US","esim ireland plans"
"singapore and philippines esim",1,9,"de-DE","esim for philippines"
"singapore sim card for travellers",1,9,"en-AU|en-GB|en-SG|en-US","singapore sim card for tourists"
"spain connect esim unlimited",1,9,"en-AU|en-GB|en-SG","spain esim unlimited"
"speedtalk esim activation",1,9,"en-AU|en-GB|en-SG|en-US","esim speed"
"speedtest esim review",1,9,"de-DE","esim speed"
"switzerland tourism numbers",1,9,"en-US","esim switzerland tourist"
"t mobile croatia esim",1,9,"de-DE","esim croatia"
"t mobile esim las vegas",1,9,"en-US","esim las vegas"
"t mobile usa esim card tourist",1,9,"de-DE","usa esim card"
"t mobile usa esim price",1,9,"de-DE","esim usa price"
"t mobile usa sim card for tourists",1,9,"en-AU|en-GB|en-SG|en-US","usa sim card for tourists"
"tello esim usa tourist",1,9,"de-DE","esim usa tourist"
"telstra sydney esim",1,9,"de-DE","sydney esim"
"thai esim card for tourist",1,9,"en-US","thailand esim card"
"thailand esim for tourists",1,9,"en-AU|en-GB|en-SG|en-US","esim for tourists"
"thailand esim tourist agoda",1,9,"en-US","esim thailand tourist"
"thailand esim unlimited data klook",1,9,"en-US","thailand esim unlimited data"
"thailand sim card esim",1,9,"de-DE","thailand esim card"
"thailand sim card for tourist 30 days",1,9,"en-AU|en-GB|en-SG|en-US","thailand sim card for tourists"
"tim italy esim card",1,9,"de-DE|en-US","italy esim card"
"tmobile esim usa plans",1,9,"en-US","esim usa plans"
"tokyo esim best",1,9,"de-DE","tokyo esim"
"tokyo esim price",1,9,"en-AU|en-GB|en-SG|en-US","tokyo esim"
"toronto travel esim",1,9,"en-AU|en-GB|en-SG|en-US","toronto esim"
"travel esim berlin",1,9,"de-DE","berlin esim"
"travel esim maybank",1,9,"en-SG","travel esim"
"travel esim mexico reddit",1,9,"en-US","esim mexico reddit"
"travel esim o2",1,9,"de-DE","travel esim"
"travel esim turkey unlimited data",1,9,"de-DE","turkey esim unlimited data"
"travel esim usa and mexico",1,9,"de-DE","esim for usa and mexico"
"travel esim vietnam",1,9,"en-AU","travel esim"
"uae sim card plans",1,9,"en-US","uae esim unlimited data"
"ubigi esim corea",1,9,"en-US","ubigi esim korea"
"ubigi esim data usage",1,9,"de-DE|en-US","ubigi esim usa"
"ubigi esim family",1,9,"en-AU|en-GB|en-SG|en-US","esim for family"
"ubigi esim japan 10 days",1,9,"en-US","ubigi esim japan"
"ubigi esim japan 14 days",1,9,"de-DE","ubigi esim japan"
"ubigi esim malaysia",1,9,"en-AU","ubigi esim"
"ubigi esim marokko",1,9,"de-DE","ubigi esim"
"ubigi esim osaka",1,9,"en-US","esim osaka"
"ubigi esim singapore and malaysia",1,9,"de-DE","esim for singapore and malaysia"
"uk esim card data",1,9,"de-DE","uk esim card"
"uk esim card for us phone",1,9,"en-US","uk esim card"
"uk prepaid sim card for tourist ee",1,9,"en-AU|en-GB|en-SG|en-US","uk sim card for tourists"
"ukraine esim unlimited data",1,9,"de-DE","unlimited data esim uk"
"unlimited asia esim 10 countries",1,9,"en-GB","asia esim unlimited"
"unlimited data esim united kingdom",1,9,"en-US","unlimited data esim uk"
"unlimited esim asia",1,9,"en-AU|en-US","unlimited esim"
"unlimited esim egypt",1,9,"en-GB","unlimited esim"
"unlimited esim japan reddit",1,9,"de-DE","esim japan reddit"
"us esim for students",1,9,"de-DE","esim for students"
"us esim free trial",1,9,"en-AU|en-GB|en-SG|en-US","us esim"
"vietnam esim for indians",1,9,"en-GB|en-SG","viet nam esim"
"vietnam esim online reddit",1,9,"de-DE","esim vietnam reddit"
"vietnam esim trip.com",1,9,"en-AU|en-GB","viet nam esim"
"vietnam sim card for indian tourist",1,9,"en-AU|en-GB|en-SG|en-US","vietnam sim card for tourists"
"viettel esim for vietnam and cambodia",1,9,"en-US","esim for vietnam and cambodia"
"virgin esim ksa",1,9,"en-AU|en-GB|en-SG|en-US","esim ksa"
"vodacom esim cape town",1,9,"en-AU|en-GB|en-SG|en-US","esim cape town"
"vodafone esim barcelona",1,9,"en-AU|en-GB|en-SG|en-US","esim barcelona"
"vodafone esim cairo airport",1,9,"en-AU|en-GB|en-SG|en-US","esim cairo"
"vodafone esim coverage map",1,9,"en-AU|en-GB|en-SG|en-US","esim coverage map"
"vodafone esim plans india",1,9,"de-DE|en-US","esim india plans"
"vodafone esim prague",1,9,"en-AU|en-GB|en-SG|en-US","esim prague"
"vodafone esim.doha",1,9,"en-AU|en-GB|en-SG|en-US","doha esim"
"vodafone italy esim tourist review",1,9,"de-DE","esim italy tourist"
"vodafone uk esim unlimited data",1,9,"en-US","uk esim unlimited data"
"what card does morocco use",1,9,"en-AU|en-GB|en-SG|en-US","morocco sim card for tourists"
"what is an esim o2",1,9,"de-DE","what is an esim"
"what is an esim verizon",1,9,"en-US","what is an esim"
"what is better esim or sim card",1,9,"en-US","esim vietnam vs sim"
"what is the best esim to use in the usa",1,9,"de-DE","best esim for us"
"where to buy sim card in france",1,9,"en-AU|en-GB|en-SG|en-US","france sim card for tourists"
"where to buy sim card in korea",1,9,"en-AU|en-GB|en-SG|en-US","korea sim card for tourists"
"where to buy sim card philippines",1,9,"en-SG","philippines sim card for tourists"
"which esim company is best for japan",1,9,"de-DE","which esim is best for japan"
"which esim is better for japan",1,9,"en-AU|en-GB|en-SG|en-US","which esim is best for japan"
"which network support esim in india",1,9,"en-US","esim coverage in india"
"which uk networks support esim",1,9,"en-AU|en-GB|en-SG|en-US","britain esim"
"yesim esim balkan",1,9,"de-DE","yesim esim"
"yesim esim installation",1,9,"en-GB","yesim esim"
"ở việt nam có esim không",1,9,"de-DE","viet nam esim"
"airalo unlimited esim china",1,10,"de-DE","airalo esim unlimited"
"best esim for cruise ship",1,10,"de-DE|en-AU|en-GB|en-SG|en-US","esim for cruise ship"
"best esim for indonesia",1,10,"en-SG","best esim"
"csl esim hong kong review",1,10,"de-DE|en-US","esim for hong kong review"
"esim esim iphone 17 pro",1,10,"de-DE","esim esim"
"esim for tourists in korea",1,10,"de-DE","esim for tourists"
"esim for usa prepaid",1,10,"de-DE","esim for us"
"esim for use in australia",1,10,"en-AU","esim for us"
"esim mexiko kosten",1,10,"de-DE","esim mexico"
"esim movistar bogota",1,10,"de-DE","esim bogota"
"holafly esim for china reviews",1,10,"de-DE","esim for china review"
"is airalo esim good for hong kong",1,10,"en-US","airalo esim hong kong"
"nomad esim cairo",1,10,"en-US","esim cairo"
"nomad esim china prices",1,10,"de-DE","nomad esim price"
"revolut esim south africa review",1,10,"de-DE|en-US","esim for south africa review"
"roamic esim reviews china",1,10,"en-AU|en-GB|en-SG|en-US","roamic esim review"
"roamic esim reviews reddit",1,10,"de-DE","roamic esim review"
"should i use esim or physical sim",1,10,"en-US","esim china vs sim"
"simify esim for japan review",1,10,"de-DE|en-US","esim for japan review"
"vietnam esim best",1,10,"en-AU","viet nam esim"
"what is esim and dual sim",1,10,"en-GB","asia esim unlimited"
"where to buy sim card in paris",1,10,"en-AU|en-GB|en-SG|en-US","france sim card for tourists"
"yesim esim usa",1,10,"de-DE","yesim esim"
