keyword,词型,主题,落点页型,落点位置,综合分,相对热度,语言,站内现状
how to buy ubigi esim for japan,品牌×国家,使用·激活,品牌×国家子页,新 FAQ Q8：开通与安装步骤,38.9,,en,已覆盖
airalo esim philippines how to activate,品牌×国家,使用·激活,品牌×国家子页,新 FAQ Q8：开通与安装步骤,31.4,,en,已覆盖
how to add an esim for italy on saily,品牌×国家,使用·激活,品牌×国家子页,新 FAQ Q8：开通与安装步骤,29.5,,en,已覆盖
airalo esim japan apn,品牌×国家,使用·激活,品牌×国家子页,新 FAQ Q8：开通与安装步骤,27.6,,en,已覆盖
airalo esim thailand installieren,品牌×国家,使用·激活,品牌×国家子页,新 FAQ Q8：开通与安装步骤,23.9,,en,已覆盖
ubigi esim japan how to use,品牌×国家,使用·激活,品牌×国家子页,新 FAQ Q8：开通与安装步骤,20.1,,en,已覆盖
airalo esim usa apn settings,品牌×国家,使用·激活,品牌×国家子页,新 FAQ Q8：开通与安装步骤,18.2,,en,已覆盖
airalo esim japan how to activate,品牌×国家,使用·激活,品牌×国家子页,新 FAQ Q8：开通与安装步骤,16.4,,en,已覆盖
airalo esim usa apn,品牌×国家,使用·激活,品牌×国家子页,新 FAQ Q8：开通与安装步骤,16.4,,en,已覆盖
saily esim south africa network,品牌×国家,使用·网络,品牌×国家子页,已有 #hostnetwork + FAQ Q4,42.6,,en,已覆盖
saily esim indonesia network,品牌×国家,使用·网络,品牌×国家子页,已有 #hostnetwork + FAQ Q4,40.8,,en,已覆盖
saily esim switzerland network,品牌×国家,使用·网络,品牌×国家子页,已有 #hostnetwork + FAQ Q4,40.8,,en,已覆盖
saily esim greece network,品牌×国家,使用·网络,品牌×国家子页,已有 #hostnetwork + FAQ Q4,38.9,,en,已覆盖
saily esim new zealand network,品牌×国家,使用·网络,品牌×国家子页,已有 #hostnetwork + FAQ Q4,38.9,,en,已覆盖
saily esim australia network,品牌×国家,使用·网络,品牌×国家子页,已有 #hostnetwork + FAQ Q4,37.0,,en,已覆盖
saily esim canada network,品牌×国家,使用·网络,品牌×国家子页,已有 #hostnetwork + FAQ Q4,37.0,,en,已覆盖
nomad esim australia network,品牌×国家,使用·网络,品牌×国家子页,已有 #hostnetwork + FAQ Q4,35.1,,en,已覆盖
nomad esim thailand network,品牌×国家,使用·网络,品牌×国家子页,已有 #hostnetwork + FAQ Q4,35.1,,en,已覆盖
saily esim mexico network,品牌×国家,使用·网络,品牌×国家子页,已有 #hostnetwork + FAQ Q4,35.1,,en,已覆盖
saily esim taiwan network,品牌×国家,使用·网络,品牌×国家子页,已有 #hostnetwork + FAQ Q4,35.1,,en,已覆盖
airalo esim peru network,品牌×国家,使用·网络,品牌×国家子页,已有 #hostnetwork + FAQ Q4,33.2,,en,已覆盖
nomad esim uk network,品牌×国家,使用·网络,品牌×国家子页,已有 #hostnetwork + FAQ Q4,33.2,,en,已覆盖
saily esim india network,品牌×国家,使用·网络,品牌×国家子页,已有 #hostnetwork + FAQ Q4,33.2,,en,已覆盖
saily esim japan network,品牌×国家,使用·网络,品牌×国家子页,已有 #hostnetwork + FAQ Q4,33.2,,en,已覆盖
saily esim philippines network,品牌×国家,使用·网络,品牌×国家子页,已有 #hostnetwork + FAQ Q4,33.2,,en,已覆盖
saily esim usa network,品牌×国家,使用·网络,品牌×国家子页,已有 #hostnetwork + FAQ Q4,33.2,,en,已覆盖
nomad esim india network,品牌×国家,使用·网络,品牌×国家子页,已有 #hostnetwork + FAQ Q4,31.4,,en,已覆盖
saily esim uk network,品牌×国家,使用·网络,品牌×国家子页,已有 #hostnetwork + FAQ Q4,31.4,,en,已覆盖
airalo esim australia network,品牌×国家,使用·网络,品牌×国家子页,已有 #hostnetwork + FAQ Q4,27.6,,en,已覆盖
saily esim japan 5g,品牌×国家,使用·网络,品牌×国家子页,已有 #hostnetwork + FAQ Q4,27.6,,en,已覆盖
saily esim vietnam network,品牌×国家,使用·网络,品牌×国家子页,已有 #hostnetwork + FAQ Q4,27.6,,en,已覆盖
airalo esim india network,品牌×国家,使用·网络,品牌×国家子页,已有 #hostnetwork + FAQ Q4,25.8,,en,已覆盖
airalo esim japan 5g,品牌×国家,使用·网络,品牌×国家子页,已有 #hostnetwork + FAQ Q4,23.9,,en,已覆盖
nomad esim usa network,品牌×国家,使用·网络,品牌×国家子页,已有 #hostnetwork + FAQ Q4,23.9,,en,已覆盖
ubigi esim usa network,品牌×国家,使用·网络,品牌×国家子页,已有 #hostnetwork + FAQ Q4,23.9,,en,已覆盖
airalo esim vietnam network,品牌×国家,使用·网络,品牌×国家子页,已有 #hostnetwork + FAQ Q4,20.1,,en,已覆盖
nomad esim japan network,品牌×国家,使用·网络,品牌×国家子页,已有 #hostnetwork + FAQ Q4,20.1,,en,已覆盖
saily esim japan carrier,品牌×国家,使用·网络,品牌×国家子页,已有 #hostnetwork + FAQ Q4,20.1,,en,已覆盖
airalo esim uk network,品牌×国家,使用·网络,品牌×国家子页,已有 #hostnetwork + FAQ Q4,18.2,,en,已覆盖
saily esim thailand speed,品牌×国家,使用·网络,品牌×国家子页,已有 #hostnetwork + FAQ Q4,18.2,,en,已覆盖
holafly esim japan speed,品牌×国家,使用·网络,品牌×国家子页,已有 #hostnetwork + FAQ Q4,16.4,,en,已覆盖
nomad esim japan speed,品牌×国家,使用·网络,品牌×国家子页,已有 #hostnetwork + FAQ Q4,16.4,,en,已覆盖
saily esim thailand which network,品牌×国家,使用·网络,品牌×国家子页,已有 #hostnetwork + FAQ Q4,16.4,,en,已覆盖
esim providers in europe,区域,区域,（无区域页）,建议：区域枢纽页 / 现有区域指南,85.0,0.0,en,已覆盖
esim for austria and germany,区域,区域,（无区域页）,建议：区域枢纽页 / 现有区域指南,49.1,0.0,en,缺口
uae and qatar esim,区域,区域,（无区域页）,建议：区域枢纽页 / 现有区域指南,48.1,0.0,en,缺口
best esim for australia and new zealand reddit,区域,区域,（无区域页）,建议：区域枢纽页 / 现有区域指南,47.8,0.0,en,缺口
best esim for belgium and netherlands,区域,区域,（无区域页）,建议：区域枢纽页 / 现有区域指南,47.8,0.0,en,缺口
best esim for croatia and italy,区域,区域,（无区域页）,建议：区域枢纽页 / 现有区域指南,47.8,0.0,en,缺口
best esim for fiji from australia,区域,区域,（无区域页）,建议：区域枢纽页 / 现有区域指南,47.8,0.0,en,缺口
best esim for hong kong and china,区域,区域,（无区域页）,建议：区域枢纽页 / 现有区域指南,47.8,0.0,en,缺口
best esim for hong kong and china reddit,区域,区域,（无区域页）,建议：区域枢纽页 / 现有区域指南,47.8,,en,缺口
best esim for ireland and uk,区域,区域,（无区域页）,建议：区域枢纽页 / 现有区域指南,47.8,,en,缺口
best esim for singapore and malaysia,区域,区域,（无区域页）,建议：区域枢纽页 / 现有区域指南,47.8,,en,缺口
best esim for switzerland and italy,区域,区域,（无区域页）,建议：区域枢纽页 / 现有区域指南,47.8,,en,缺口
best esim for thailand and vietnam reddit,区域,区域,（无区域页）,建议：区域枢纽页 / 现有区域指南,47.8,,en,缺口
best esim for usa and canada travel,区域,区域,（无区域页）,建议：区域枢纽页 / 现有区域指南,47.8,,en,缺口
best esim for usa and mexico reddit,区域,区域,（无区域页）,建议：区域枢纽页 / 现有区域指南,47.8,,en,缺口
cheapest esim fiji australia,区域,区域,（无区域页）,建议：区域枢纽页 / 现有区域指南,47.8,,en,缺口
cheapest esim for hong kong and china,区域,区域,（无区域页）,建议：区域枢纽页 / 现有区域指南,47.8,,en,缺口
cheapest esim for india from uk,区域,区域,（无区域页）,建议：区域枢纽页 / 现有区域指南,47.8,,en,缺口
cheapest esim for indonesia from australia,区域,区域,（无区域页）,建议：区域枢纽页 / 现有区域指南,47.8,,en,缺口
cheapest esim for ireland and uk,区域,区域,（无区域页）,建议：区域枢纽页 / 现有区域指南,47.8,,en,缺口
cheapest esim for italy from uk,区域,区域,（无区域页）,建议：区域枢纽页 / 现有区域指南,47.8,,en,缺口
cheapest esim for korea and japan,区域,区域,（无区域页）,建议：区域枢纽页 / 现有区域指南,47.8,,en,缺口
cheapest esim for saudi arabia from uk,区域,区域,（无区域页）,建议：区域枢纽页 / 现有区域指南,47.8,,en,缺口
cheapest esim for singapore and malaysia,区域,区域,（无区域页）,建议：区域枢纽页 / 现有区域指南,47.8,,en,缺口
cheapest esim for south africa from uk,区域,区域,（无区域页）,建议：区域枢纽页 / 现有区域指南,47.8,,en,已覆盖
cheapest esim for spain from uk,区域,区域,（无区域页）,建议：区域枢纽页 / 现有区域指南,47.8,,en,缺口
cheapest esim for taiwan and japan,区域,区域,（无区域页）,建议：区域枢纽页 / 现有区域指南,47.8,,en,缺口
do i need an esim for new zealand from australia,区域,区域,（无区域页）,建议：区域枢纽页 / 现有区域指南,47.8,,en,缺口
do i need an esim for usa from uk,区域,区域,（无区域页）,建议：区域枢纽页 / 现有区域指南,47.8,,en,缺口
esim for holland and belgium,区域,区域,（无区域页）,建议：区域枢纽页 / 现有区域指南,47.8,,en,缺口
esim for hong kong and china,区域,区域,（无区域页）,建议：区域枢纽页 / 现有区域指南,47.8,,en,缺口
esim for singapore and malaysia,区域,区域,（无区域页）,建议：区域枢纽页 / 现有区域指南,47.8,,en,缺口
esim for thailand and vietnam reddit,区域,区域,（无区域页）,建议：区域枢纽页 / 现有区域指南,47.8,,en,缺口
esim for vietnam cambodia and thailand,区域,区域,（无区域页）,建议：区域枢纽页 / 现有区域指南,47.8,,en,缺口
esim latin america reddit,区域,区域,（无区域页）,建议：区域枢纽页 / 现有区域指南,47.8,,en,已覆盖
holafly esim ireland and uk,区域,区域,（无区域页）,建议：区域枢纽页 / 现有区域指南,47.8,,en,已覆盖
which esim is best for australia and new zealand,区域,区域,（无区域页）,建议：区域枢纽页 / 现有区域指南,47.8,,en,缺口
which esim is best for france and italy,区域,区域,（无区域页）,建议：区域枢纽页 / 现有区域指南,47.8,,en,缺口
airalo esim singapore malaysia,区域,区域,（无区域页）,建议：区域枢纽页 / 现有区域指南,46.4,,en,已覆盖
asia esim unlimited data,区域,区域,（无区域页）,建议：区域枢纽页 / 现有区域指南,46.4,,en,已覆盖
asia oceania esim,区域,区域,（无区域页）,建议：区域枢纽页 / 现有区域指南,46.4,,en,已覆盖
best esim for africa travel,区域,区域,（无区域页）,建议：区域枢纽页 / 现有区域指南,46.4,,en,已覆盖
best esim for asia travel,区域,区域,（无区域页）,建议：区域枢纽页 / 现有区域指南,46.4,,en,已覆盖
best esim for austria and germany,区域,区域,（无区域页）,建议：区域枢纽页 / 现有区域指南,46.4,,en,缺口
best esim for europe unlimited data,区域,区域,（无区域页）,建议：区域枢纽页 / 现有区域指南,46.4,,en,已覆盖
best esim for indonesia and australia,区域,区域,（无区域页）,建议：区域枢纽页 / 现有区域指南,46.4,,en,缺口
best esim for indonesia from australia,区域,区域,（无区域页）,建议：区域枢纽页 / 现有区域指南,46.4,,en,缺口
best esim for japan and thailand,区域,区域,（无区域页）,建议：区域枢纽页 / 现有区域指南,46.4,,en,缺口
best esim for korea and japan,区域,区域,（无区域页）,建议：区域枢纽页 / 现有区域指南,46.4,,en,缺口
best esim for malaysia and singapore,区域,区域,（无区域页）,建议：区域枢纽页 / 现有区域指南,46.4,,en,缺口
best esim for mexico from uk,区域,区域,（无区域页）,建议：区域枢纽页 / 现有区域指南,46.4,,en,缺口
best esim for morocco from uk,区域,区域,（无区域页）,建议：区域枢纽页 / 现有区域指南,46.4,,en,缺口
best esim for new zealand and australia,区域,区域,（无区域页）,建议：区域枢纽页 / 现有区域指南,46.4,,en,缺口
best esim for new zealand from australia,区域,区域,（无区域页）,建议：区域枢纽页 / 现有区域指南,46.4,,en,缺口
best esim for nz and australia,区域,区域,（无区域页）,建议：区域枢纽页 / 现有区域指南,46.4,,en,缺口
best esim for portugal and spain,区域,区域,（无区域页）,建议：区域枢纽页 / 现有区域指南,46.4,,en,缺口
best esim for singapore and malaysia reddit,区域,区域,（无区域页）,建议：区域枢纽页 / 现有区域指南,46.4,,en,缺口
best esim for south america reddit,区域,区域,（无区域页）,建议：区域枢纽页 / 现有区域指南,46.4,,en,已覆盖
best esim for spain from uk,区域,区域,（无区域页）,建议：区域枢纽页 / 现有区域指南,46.4,,en,缺口
best esim for thailand from uk,区域,区域,（无区域页）,建议：区域枢纽页 / 现有区域指南,46.4,,en,缺口
best esim for uae from uk,区域,区域,（无区域页）,建议：区域枢纽页 / 现有区域指南,46.4,,en,缺口
cheap esim japan and korea,区域,区域,（无区域页）,建议：区域枢纽页 / 现有区域指南,46.4,,en,缺口
cheapest esim for canada from uk,区域,区域,（无区域页）,建议：区域枢纽页 / 现有区域指南,46.4,,en,缺口
cheapest esim for france and uk,区域,区域,（无区域页）,建议：区域枢纽页 / 现有区域指南,46.4,,en,缺口
cheapest esim for malaysia and singapore,区域,区域,（无区域页）,建议：区域枢纽页 / 现有区域指南,46.4,,en,缺口
cheapest esim for morocco from uk,区域,区域,（无区域页）,建议：区域枢纽页 / 现有区域指南,46.4,,en,缺口
cheapest esim for thailand from india,区域,区域,（无区域页）,建议：区域枢纽页 / 现有区域指南,46.4,,en,缺口
cheapest esim for usa from uk,区域,区域,（无区域页）,建议：区域枢纽页 / 现有区域指南,46.4,,en,缺口
do i need a different esim for hong kong and china,区域,区域,（无区域页）,建议：区域枢纽页 / 现有区域指南,46.4,,en,缺口
do i need an esim for australia from nz,区域,区域,（无区域页）,建议：区域枢纽页 / 现有区域指南,46.4,,en,缺口
do i need an esim for egypt from uk,区域,区域,（无区域页）,建议：区域枢纽页 / 现有区域指南,46.4,,en,缺口
do i need an esim for spain from uk,区域,区域,（无区域页）,建议：区域枢纽页 / 现有区域指南,46.4,,en,缺口
does china esim work in taiwan,区域,区域,（无区域页）,建议：区域枢纽页 / 现有区域指南,46.4,,en,缺口
does malaysia esim work in singapore,区域,区域,（无区域页）,建议：区域枢纽页 / 现有区域指南,46.4,,en,缺口
does singapore esim work in malaysia,区域,区域,（无区域页）,建议：区域枢纽页 / 现有区域指南,46.4,,en,缺口
does spain esim work in portugal,区域,区域,（无区域页）,建议：区域枢纽页 / 现有区域指南,46.4,,en,缺口
does uk esim work in ireland,区域,区域,（无区域页）,建议：区域枢纽页 / 现有区域指南,46.4,,en,缺口
esim african countries,区域,区域,（无区域页）,建议：区域枢纽页 / 现有区域指南,46.4,,en,已覆盖
esim balkans unlimited,区域,区域,（无区域页）,建议：区域枢纽页 / 现有区域指南,46.4,,en,缺口
esim caribbean cruise,区域,区域,（无区域页）,建议：区域枢纽页 / 现有区域指南,46.4,,en,已覆盖
esim central america reddit,区域,区域,（无区域页）,建议：区域枢纽页 / 现有区域指南,46.4,,en,已覆盖
esim for 2 weeks in europe,区域,区域,（无区域页）,建议：区域枢纽页 / 现有区域指南,46.4,,en,已覆盖
esim for america and europe,区域,区域,（无区域页）,建议：区域枢纽页 / 现有区域指南,46.4,,en,已覆盖
esim for asia travel,区域,区域,（无区域页）,建议：区域枢纽页 / 现有区域指南,46.4,,en,已覆盖
esim for australia and new zealand reddit,区域,区域,（无区域页）,建议：区域枢纽页 / 现有区域指南,46.4,,en,缺口
esim for backpacking asia,区域,区域,（无区域页）,建议：区域枢纽页 / 现有区域指南,46.4,,en,已覆盖
esim for belgium and netherlands,区域,区域,（无区域页）,建议：区域枢纽页 / 现有区域指南,46.4,,en,缺口
esim for costa rica from uk,区域,区域,（无区域页）,建议：区域枢纽页 / 现有区域指南,46.4,,en,缺口
esim for czech republic and germany,区域,区域,（无区域页）,建议：区域枢纽页 / 现有区域指南,46.4,,en,缺口
esim for europe unlimited,区域,区域,（无区域页）,建议：区域枢纽页 / 现有区域指南,46.4,,en,已覆盖
esim for fiji from australia,区域,区域,（无区域页）,建议：区域枢纽页 / 现有区域指南,46.4,,en,缺口
esim for hong kong and china reddit,区域,区域,（无区域页）,建议：区域枢纽页 / 现有区域指南,46.4,,en,缺口
esim for ireland and uk,区域,区域,（无区域页）,建议：区域枢纽页 / 现有区域指南,46.4,,en,缺口
esim for ireland and uk reddit,区域,区域,（无区域页）,建议：区域枢纽页 / 现有区域指南,46.4,,en,缺口
esim for italy greece and turkey,区域,区域,（无区域页）,建议：区域枢纽页 / 现有区域指南,46.4,,en,缺口
esim for japan and south korea reddit,区域,区域,（无区域页）,建议：区域枢纽页 / 现有区域指南,46.4,,en,缺口
esim for korea and japan,区域,区域,（无区域页）,建议：区域枢纽页 / 现有区域指南,46.4,,en,缺口
esim for malaysia and singapore,区域,区域,（无区域页）,建议：区域枢纽页 / 现有区域指南,46.4,,en,缺口
esim for morocco from uk,区域,区域,（无区域页）,建议：区域枢纽页 / 现有区域指南,46.4,,en,缺口
esim for netherlands and belgium,区域,区域,（无区域页）,建议：区域枢纽页 / 现有区域指南,46.4,,en,缺口
esim for new zealand and australia,区域,区域,（无区域页）,建议：区域枢纽页 / 现有区域指南,46.4,,en,缺口
esim for new zealand from australia,区域,区域,（无区域页）,建议：区域枢纽页 / 现有区域指南,46.4,,en,缺口
esim for nz from australia,区域,区域,（无区域页）,建议：区域枢纽页 / 现有区域指南,46.4,,en,缺口
esim for philippines and japan,区域,区域,（无区域页）,建议：区域枢纽页 / 现有区域指南,46.4,,en,缺口
esim for portugal and spain,区域,区域,（无区域页）,建议：区域枢纽页 / 现有区域指南,46.4,,en,缺口
esim for qatar and saudi arabia,区域,区域,（无区域页）,建议：区域枢纽页 / 现有区域指南,46.4,,en,缺口
esim for saudi arabia from uk,区域,区域,（无区域页）,建议：区域枢纽页 / 现有区域指南,46.4,,en,缺口
esim for singapore and malaysia reddit,区域,区域,（无区域页）,建议：区域枢纽页 / 现有区域指南,46.4,,en,缺口
esim for south africa from uk,区域,区域,（无区域页）,建议：区域枢纽页 / 现有区域指南,46.4,,en,已覆盖
esim for switzerland and italy,区域,区域,（无区域页）,建议：区域枢纽页 / 现有区域指南,46.4,,en,缺口
esim for taiwan and japan,区域,区域,（无区域页）,建议：区域枢纽页 / 现有区域指南,46.4,,en,缺口
esim for turkey and europe,区域,区域,（无区域页）,建议：区域枢纽页 / 现有区域指南,46.4,,en,已覆盖
esim hong kong and china,区域,区域,（无区域页）,建议：区域枢纽页 / 现有区域指南,46.4,,en,缺口
esim ireland and uk,区域,区域,（无区域页）,建议：区域枢纽页 / 现有区域指南,46.4,,en,缺口
esim korea japan,区域,区域,（无区域页）,建议：区域枢纽页 / 现有区域指南,46.4,,en,缺口
esim middle east unlimited data,区域,区域,（无区域页）,建议：区域枢纽页 / 现有区域指南,46.4,,en,已覆盖
esim north america 30 days,区域,区域,（无区域页）,建议：区域枢纽页 / 现有区域指南,46.4,,en,已覆盖
esim oceania and asia,区域,区域,（无区域页）,建议：区域枢纽页 / 现有区域指南,46.4,,en,已覆盖
esim scandinavian countries,区域,区域,（无区域页）,建议：区域枢纽页 / 现有区域指南,46.4,,en,缺口
esim south america 30 days,区域,区域,（无区域页）,建议：区域枢纽页 / 现有区域指南,46.4,,en,已覆盖
esim southeast asia unlimited data,区域,区域,（无区域页）,建议：区域枢纽页 / 现有区域指南,46.4,,en,已覆盖
esim turkey and europe,区域,区域,（无区域页）,建议：区域枢纽页 / 现有区域指南,46.4,,en,已覆盖
esim voice calls europe,区域,区域,（无区域页）,建议：区域枢纽页 / 现有区域指南,46.4,,en,已覆盖
europe esim unlimited data,区域,区域,（无区域页）,建议：区域枢纽页 / 现有区域指南,46.4,,en,已覆盖
holafly esim hong kong china,区域,区域,（无区域页）,建议：区域枢纽页 / 现有区域指南,46.4,,en,已覆盖
new zealand sim card for tourist australia,区域,区域,（无区域页）,建议：区域枢纽页 / 现有区域指南,46.4,,en,缺口
nomad esim malaysia singapore,区域,区域,（无区域页）,建议：区域枢纽页 / 现有区域指南,46.4,,en,已覆盖
south african e sim card,区域,区域,（无区域页）,建议：区域枢纽页 / 现有区域指南,46.4,,en,已覆盖
ubigi esim australia to japan,区域,区域,（无区域页）,建议：区域枢纽页 / 现有区域指南,46.4,,en,已覆盖
ubigi esim malaysia singapore,区域,区域,（无区域页）,建议：区域枢纽页 / 现有区域指南,46.4,,en,已覆盖
ubigi esim singapore malaysia,区域,区域,（无区域页）,建议：区域枢纽页 / 现有区域指南,46.4,,en,已覆盖
which esim is best for china and hong kong,区域,区域,（无区域页）,建议：区域枢纽页 / 现有区域指南,46.4,,en,缺口
which esim is best for malaysia and singapore,区域,区域,（无区域页）,建议：区域枢纽页 / 现有区域指南,46.4,,en,缺口
which esim is best for portugal and spain,区域,区域,（无区域页）,建议：区域枢纽页 / 现有区域指南,46.4,,en,缺口
which esim is best for singapore and malaysia,区域,区域,（无区域页）,建议：区域枢纽页 / 现有区域指南,46.4,,en,缺口
which esim is best for spain and portugal,区域,区域,（无区域页）,建议：区域枢纽页 / 现有区域指南,46.4,,en,缺口
best esim for japan and vietnam reddit,区域,区域,（无区域页）,建议：区域枢纽页 / 现有区域指南,45.9,,en,缺口
do i need an esim for canada from us,区域,区域,（无区域页）,建议：区域枢纽页 / 现有区域指南,45.9,,en,缺口
do i need an esim for spain and portugal,区域,区域,（无区域页）,建议：区域枢纽页 / 现有区域指南,45.9,,en,缺口
o2 do i need an esim for france and switzerland,区域,区域,（无区域页）,建议：区域枢纽页 / 现有区域指南,45.9,,en,缺口
best esim for netherlands and belgium,区域,区域,（无区域页）,建议：区域枢纽页 / 现有区域指南,45.4,,en,缺口
cheapest esim for new zealand and australia,区域,区域,（无区域页）,建议：区域枢纽页 / 现有区域指南,45.4,,en,缺口
esim france italy,区域,区域,（无区域页）,建议：区域枢纽页 / 现有区域指南,45.4,,en,缺口
airalo esim malaysia singapore,区域,区域,（无区域页）,建议：区域枢纽页 / 现有区域指南,44.5,,en,已覆盖
best esim for vietnam from australia,区域,区域,（无区域页）,建议：区域枢纽页 / 现有区域指南,44.5,,en,缺口
esim asia 30 days,区域,区域,（无区域页）,建议：区域枢纽页 / 现有区域指南,44.5,,en,已覆盖
esim canada and usa,区域,区域,（无区域页）,建议：区域枢纽页 / 现有区域指南,44.5,,en,缺口
esim for vietnam from india,区域,区域,（无区域页）,建议：区域枢纽页 / 现有区域指南,44.5,,en,缺口
esim portugal and spain,区域,区域,（无区域页）,建议：区域枢纽页 / 现有区域指南,44.5,,en,缺口
holafly esim korea and japan,区域,区域,（无区域页）,建议：区域枢纽页 / 现有区域指南,44.5,,en,已覆盖
ubigi esim korea and japan,区域,区域,（无区域页）,建议：区域枢纽页 / 现有区域指南,44.5,,en,已覆盖
esim singapore indonesia malaysia,区域,区域,（无区域页）,建议：区域枢纽页 / 现有区域指南,44.4,,en,缺口
esim singapore malaysia unlimited data,区域,区域,（无区域页）,建议：区域枢纽页 / 现有区域指南,44.4,,en,缺口
best esim for argentina and brazil,区域,区域,（无区域页）,建议：区域枢纽页 / 现有区域指南,44.0,,en,缺口
best esim for belgium and france,区域,区域,（无区域页）,建议：区域枢纽页 / 现有区域指南,44.0,,en,缺口
best esim for england and france,区域,区域,（无区域页）,建议：区域枢纽页 / 现有区域指南,44.0,,en,缺口
best esim for france and italy,区域,区域,（无区域页）,建议：区域枢纽页 / 现有区域指南,44.0,,en,缺口
best esim for germany and austria,区域,区域,（无区域页）,建议：区域枢纽页 / 现有区域指南,44.0,,en,缺口
best esim for japan and thailand reddit,区域,区域,（无区域页）,建议：区域枢纽页 / 现有区域指南,44.0,,en,缺口
best esim for japan and vietnam,区域,区域,（无区域页）,建议：区域枢纽页 / 现有区域指南,44.0,,en,缺口
best esim for peru argentina and brazil,区域,区域,（无区域页）,建议：区域枢纽页 / 现有区域指南,44.0,,en,缺口
best esim for saudi arabia from uk,区域,区域,（无区域页）,建议：区域枢纽页 / 现有区域指南,44.0,,en,缺口
best esim for spain and portugal,区域,区域,（无区域页）,建议：区域枢纽页 / 现有区域指南,44.0,,en,缺口
best esim for uk and france reddit,区域,区域,（无区域页）,建议：区域枢纽页 / 现有区域指南,44.0,,en,缺口
best esim for usa from uk,区域,区域,（无区域页）,建议：区域枢纽页 / 现有区域指南,44.0,,en,缺口
cheapest esim for china and hong kong,区域,区域,（无区域页）,建议：区域枢纽页 / 现有区域指南,44.0,,en,缺口
cheapest esim for india from australia,区域,区域,（无区域页）,建议：区域枢纽页 / 现有区域指南,44.0,,en,缺口
cheapest esim for japan from australia,区域,区域,（无区域页）,建议：区域枢纽页 / 现有区域指南,44.0,,en,缺口
cheapest esim for new zealand from australia,区域,区域,（无区域页）,建议：区域枢纽页 / 现有区域指南,44.0,,en,缺口
cheapest esim for south africa from australia,区域,区域,（无区域页）,建议：区域枢纽页 / 现有区域指南,44.0,,en,已覆盖
do i need an esim for ireland from uk,区域,区域,（无区域页）,建议：区域枢纽页 / 现有区域指南,44.0,,en,缺口
do i need an esim for new zealand if i live in australia,区域,区域,（无区域页）,建议：区域枢纽页 / 现有区域指南,44.0,,en,缺口
esim for canada usa and mexico,区域,区域,（无区域页）,建议：区域枢纽页 / 现有区域指南,44.0,,en,缺口
esim for england and france,区域,区域,（无区域页）,建议：区域枢纽页 / 现有区域指南,44.0,,en,缺口
esim for germany austria and switzerland,区域,区域,（无区域页）,建议：区域枢纽页 / 现有区域指南,44.0,,en,缺口
esim for spain and portugal,区域,区域,（无区域页）,建议：区域枢纽页 / 现有区域指南,44.0,,en,缺口
esim for thailand and vietnam,区域,区域,（无区域页）,建议：区域枢纽页 / 现有区域指南,44.0,,en,缺口
esim for thailand vietnam and cambodia,区域,区域,（无区域页）,建议：区域枢纽页 / 现有区域指南,44.0,,en,缺口
esim for thailand vietnam and philippines,区域,区域,（无区域页）,建议：区域枢纽页 / 现有区域指南,44.0,,en,缺口
esim latin america unlimited,区域,区域,（无区域页）,建议：区域枢纽页 / 现有区域指南,44.0,,en,已覆盖
esim macao hong kong,区域,区域,（无区域页）,建议：区域枢纽页 / 现有区域指南,44.0,,en,缺口
esim south america reddit,区域,区域,（无区域页）,建议：区域枢纽页 / 现有区域指南,44.0,,en,已覆盖
saily esim singapore and malaysia,区域,区域,（无区域页）,建议：区域枢纽页 / 现有区域指南,44.0,,en,已覆盖
which esim is best for usa and canada,区域,区域,（无区域页）,建议：区域枢纽页 / 现有区域指南,44.0,,en,缺口
esim for singapore malaysia and thailand,区域,区域,（无区域页）,建议：区域枢纽页 / 现有区域指南,43.5,,en,缺口
best esim for italy croatia and greece,区域,区域,（无区域页）,建议：区域枢纽页 / 现有区域指南,43.0,,en,缺口
airalo esim spain and portugal,区域,区域,（无区域页）,建议：区域枢纽页 / 现有区域指南,42.6,,en,已覆盖
asia esim unlimited data reddit,区域,区域,（无区域页）,建议：区域枢纽页 / 现有区域指南,42.6,,en,已覆盖
best esim for africa reddit,区域,区域,（无区域页）,建议：区域枢纽页 / 现有区域指南,42.6,,en,已覆盖
best esim for asia unlimited data,区域,区域,（无区域页）,建议：区域枢纽页 / 现有区域指南,42.6,,en,已覆盖
best esim for australia from uk,区域,区域,（无区域页）,建议：区域枢纽页 / 现有区域指南,42.6,,en,缺口
best esim for canada and usa,区域,区域,（无区域页）,建议：区域枢纽页 / 现有区域指南,42.6,,en,缺口
best esim for china japan and south korea,区域,区域,（无区域页）,建议：区域枢纽页 / 现有区域指南,42.6,,en,缺口
best esim for costa rica from uk,区域,区域,（无区域页）,建议：区域枢纽页 / 现有区域指南,42.6,,en,缺口
best esim for europe travel,区域,区域,（无区域页）,建议：区域枢纽页 / 现有区域指南,42.6,,en,已覆盖
best esim for france from uk,区域,区域,（无区域页）,建议：区域枢纽页 / 现有区域指南,42.6,,en,缺口
best esim for hong kong china and macau,区域,区域,（无区域页）,建议：区域枢纽页 / 现有区域指南,42.6,,en,缺口
best esim for japan from australia,区域,区域,（无区域页）,建议：区域枢纽页 / 现有区域指南,42.6,,en,缺口
best esim for long stay in europe,区域,区域,（无区域页）,建议：区域枢纽页 / 现有区域指南,42.6,,en,已覆盖
best esim for portugal from canada,区域,区域,（无区域页）,建议：区域枢纽页 / 现有区域指南,42.6,,en,缺口
best esim for qatar from uk,区域,区域,（无区域页）,建议：区域枢纽页 / 现有区域指南,42.6,,en,缺口
best esim for south america travel,区域,区域,（无区域页）,建议：区域枢纽页 / 现有区域指南,42.6,,en,已覆盖
best esim for thailand from australia,区域,区域,（无区域页）,建议：区域枢纽页 / 现有区域指南,42.6,,en,缺口
best esim for usa and canada reddit,区域,区域,（无区域页）,建议：区域枢纽页 / 现有区域指南,42.6,,en,缺口
best esim japan and thailand,区域,区域,（无区域页）,建议：区域枢纽页 / 现有区域指南,42.6,,en,缺口
central america esim,区域,区域,（无区域页）,建议：区域枢纽页 / 现有区域指南,42.6,,en,已覆盖
cheapest esim for australia from uk,区域,区域,（无区域页）,建议：区域枢纽页 / 现有区域指南,42.6,,en,缺口
cheapest esim for canada and usa,区域,区域,（无区域页）,建议：区域枢纽页 / 现有区域指南,42.6,,en,缺口
cheapest esim for egypt uk,区域,区域,（无区域页）,建议：区域枢纽页 / 现有区域指南,42.6,,en,缺口
cheapest esim for malaysia and thailand,区域,区域,（无区域页）,建议：区域枢纽页 / 现有区域指南,42.6,,en,缺口
cheapest esim for mexico from uk,区域,区域,（无区域页）,建议：区域枢纽页 / 现有区域指南,42.6,,en,缺口
cheapest esim for thailand from uk,区域,区域,（无区域页）,建议：区域枢纽页 / 现有区域指南,42.6,,en,缺口
does portugal esim work in spain,区域,区域,（无区域页）,建议：区域枢纽页 / 现有区域指南,42.6,,en,缺口
does us esim work in canada,区域,区域,（无区域页）,建议：区域枢纽页 / 现有区域指南,42.6,,en,缺口
esim africa apple,区域,区域,（无区域页）,建议：区域枢纽页 / 现有区域指南,42.6,,en,已覆盖
esim africa pass,区域,区域,（无区域页）,建议：区域枢纽页 / 现有区域指南,42.6,,en,已覆盖
esim asia travel,区域,区域,（无区域页）,建议：区域枢纽页 / 现有区域指南,42.6,,en,已覆盖
esim balkans reddit,区域,区域,（无区域页）,建议：区域枢纽页 / 现有区域指南,42.6,,en,缺口
esim caribbean islands,区域,区域,（无区域页）,建议：区域枢纽页 / 现有区域指南,42.6,,en,已覆盖
esim europe travel,区域,区域,（无区域页）,建议：区域枢纽页 / 现有区域指南,42.6,,en,已覆盖
esim for argentina and brazil,区域,区域,（无区域页）,建议：区域枢纽页 / 现有区域指南,42.6,,en,缺口
esim for asian countries,区域,区域,（无区域页）,建议：区域枢纽页 / 现有区域指南,42.6,,en,已覆盖
esim for backpacking europe,区域,区域,（无区域页）,建议：区域枢纽页 / 现有区域指南,42.6,,en,已覆盖
esim for belgium and france,区域,区域,（无区域页）,建议：区域枢纽页 / 现有区域指南,42.6,,en,缺口
esim for brazil from uk,区域,区域,（无区域页）,建议：区域枢纽页 / 现有区域指南,42.6,,en,缺口
esim for canada and usa,区域,区域,（无区域页）,建议：区域枢纽页 / 现有区域指南,42.6,,en,缺口
esim for czech republic and austria,区域,区域,（无区域页）,建议：区域枢纽页 / 现有区域指南,42.6,,en,缺口
esim for egypt uk,区域,区域,（无区域页）,建议：区域枢纽页 / 现有区域指南,42.6,,en,缺口
esim for fiji from nz,区域,区域,（无区域页）,建议：区域枢纽页 / 现有区域指南,42.6,,en,缺口
esim for france and spain,区域,区域,（无区域页）,建议：区域枢纽页 / 现有区域指南,42.6,,en,缺口
esim for germany and austria,区域,区域,（无区域页）,建议：区域枢纽页 / 现有区域指南,42.6,,en,缺口
esim for india from uk,区域,区域,（无区域页）,建议：区域枢纽页 / 现有区域指南,42.6,,en,缺口
esim for indonesia from australia,区域,区域,（无区域页）,建议：区域枢纽页 / 现有区域指南,42.6,,en,缺口
esim for italy and croatia,区域,区域,（无区域页）,建议：区域枢纽页 / 现有区域指南,42.6,,en,缺口
esim for italy from canada,区域,区域,（无区域页）,建议：区域枢纽页 / 现有区域指南,42.6,,en,缺口
esim for japan from australia,区域,区域,（无区域页）,建议：区域枢纽页 / 现有区域指南,42.6,,en,缺口
esim for japan korea and vietnam,区域,区域,（无区域页）,建议：区域枢纽页 / 现有区域指南,42.6,,en,缺口
esim for japan south korea and china,区域,区域,（无区域页）,建议：区域枢纽页 / 现有区域指南,42.6,,en,缺口
esim for kenya from uk,区域,区域,（无区域页）,建议：区域枢纽页 / 现有区域指南,42.6,,en,缺口
esim for mexico from uk,区域,区域,（无区域页）,建议：区域枢纽页 / 现有区域指南,42.6,,en,缺口
esim for netherlands and germany,区域,区域,（无区域页）,建议：区域枢纽页 / 现有区域指南,42.6,,en,缺口
esim for portugal from canada,区域,区域,（无区域页）,建议：区域枢纽页 / 现有区域指南,42.6,,en,缺口
esim for qatar and uae,区域,区域,（无区域页）,建议：区域枢纽页 / 现有区域指南,42.6,,en,缺口
esim for saudi arabia from india,区域,区域,（无区域页）,建议：区域枢纽页 / 现有区域指南,42.6,,en,缺口
esim for singapore and malaysia klook,区域,区域,（无区域页）,建议：区域枢纽页 / 现有区域指南,42.6,,en,缺口
esim for taiwan and hong kong,区域,区域,（无区域页）,建议：区域枢纽页 / 现有区域指南,42.6,,en,缺口
esim for turkey greece and italy,区域,区域,（无区域页）,建议：区域枢纽页 / 现有区域指南,42.6,,en,缺口
esim for usa and canada from uk,区域,区域,（无区域页）,建议：区域枢纽页 / 现有区域指南,42.6,,en,缺口
esim for vietnam from australia,区域,区域,（无区域页）,建议：区域枢纽页 / 现有区域指南,42.6,,en,缺口
esim france and uk,区域,区域,（无区域页）,建议：区域枢纽页 / 现有区域指南,42.6,,en,缺口
esim middle east unlimited,区域,区域,（无区域页）,建议：区域枢纽页 / 现有区域指南,42.6,,en,已覆盖
esim north america unlimited data,区域,区域,（无区域页）,建议：区域枢纽页 / 现有区域指南,42.6,,en,已覆盖
esim roaming singapore malaysia,区域,区域,（无区域页）,建议：区域枢纽页 / 现有区域指南,42.6,,en,缺口
esim scandinavian,区域,区域,（无区域页）,建议：区域枢纽页 / 现有区域指南,42.6,,en,缺口
esim singapore and malaysia,区域,区域,（无区域页）,建议：区域枢纽页 / 现有区域指南,42.6,,en,缺口
esim southeast asia reddit,区域,区域,（无区域页）,建议：区域枢纽页 / 现有区域指南,42.6,,en,已覆盖
esim spain portugal morocco,区域,区域,（无区域页）,建议：区域枢纽页 / 现有区域指南,42.6,,en,缺口
esim switzerland and italy,区域,区域,（无区域页）,建议：区域枢纽页 / 现有区域指南,42.6,,en,缺口
esim with phone number europe,区域,区域,（无区域页）,建议：区域枢纽页 / 现有区域指南,42.6,,en,已覆盖
europe esim unlimited data 30 days,区域,区域,（无区域页）,建议：区域枢纽页 / 现有区域指南,42.6,,en,已覆盖
holafly esim canada and usa,区域,区域,（无区域页）,建议：区域枢纽页 / 现有区域指南,42.6,,en,已覆盖
holafly esim canada usa,区域,区域,（无区域页）,建议：区域枢纽页 / 现有区域指南,42.6,,en,已覆盖
holafly esim portugal and spain,区域,区域,（无区域页）,建议：区域枢纽页 / 现有区域指南,42.6,,en,已覆盖
how to get esim for vietnam from india,区域,区域,（无区域页）,建议：区域枢纽页 / 现有区域指南,42.6,,en,缺口
nomad esim australia and new zealand,区域,区域,（无区域页）,建议：区域枢纽页 / 现有区域指南,42.6,,en,已覆盖
nomad esim hong kong and china,区域,区域,（无区域页）,建议：区域枢纽页 / 现有区域指南,42.6,,en,已覆盖
nomad esim singapore malaysia,区域,区域,（无区域页）,建议：区域枢纽页 / 现有区域指南,42.6,,en,已覆盖
oceania esim review,区域,区域,（无区域页）,建议：区域枢纽页 / 现有区域指南,42.6,,en,已覆盖
prepaid sim card usa and canada for tourists,区域,区域,（无区域页）,建议：区域枢纽页 / 现有区域指南,42.6,,en,缺口
saily esim hong kong and china,区域,区域,（无区域页）,建议：区域枢纽页 / 现有区域指南,42.6,,en,已覆盖
saily esim morocco uk,区域,区域,（无区域页）,建议：区域枢纽页 / 现有区域指南,42.6,,en,已覆盖
thailand esim reddit india,区域,区域,（无区域页）,建议：区域枢纽页 / 现有区域指南,42.6,,en,缺口
ubigi esim canada usa,区域,区域,（无区域页）,建议：区域枢纽页 / 现有区域指南,42.6,,en,已覆盖
unlimited esim europe,区域,区域,（无区域页）,建议：区域枢纽页 / 现有区域指南,42.6,,en,已覆盖
which esim is best for hong kong and china,区域,区域,（无区域页）,建议：区域枢纽页 / 现有区域指南,42.6,,en,缺口
best esim for australia and new zealand iphone,区域,区域,（无区域页）,建议：区域枢纽页 / 现有区域指南,42.1,,en,缺口
best esim for france and italy reddit,区域,区域,（无区域页）,建议：区域枢纽页 / 现有区域指南,42.1,,en,缺口
best esim for italy and greece reddit,区域,区域,（无区域页）,建议：区域枢纽页 / 现有区域指南,42.1,,en,缺口
best esim for singapore and indonesia reddit,区域,区域,（无区域页）,建议：区域枢纽页 / 现有区域指南,42.1,,en,缺口
best esim uk and ireland,区域,区域,（无区域页）,建议：区域枢纽页 / 现有区域指南,42.1,,en,缺口
do i need an esim for france from uk,区域,区域,（无区域页）,建议：区域枢纽页 / 现有区域指南,42.1,,en,缺口
do i need an esim for ireland from usa,区域,区域,（无区域页）,建议：区域枢纽页 / 现有区域指南,42.1,,en,缺口
esim for singapore and indonesia,区域,区域,（无区域页）,建议：区域枢纽页 / 现有区域指南,42.1,,en,缺口
esim for usa from canada,区域,区域,（无区域页）,建议：区域枢纽页 / 现有区域指南,42.1,,en,缺口
holafly esim australia and new zealand,区域,区域,（无区域页）,建议：区域枢纽页 / 现有区域指南,42.1,,en,已覆盖
jetpac esim australia and new zealand,区域,区域,（无区域页）,建议：区域枢纽页 / 现有区域指南,42.1,,en,已覆盖
unlimited data esim japan and korea,区域,区域,（无区域页）,建议：区域枢纽页 / 现有区域指南,42.1,,en,缺口
best esim for singapore malaysia and indonesia,区域,区域,（无区域页）,建议：区域枢纽页 / 现有区域指南,41.6,,en,缺口
best esim for usa and mexico iphone,区域,区域,（无区域页）,建议：区域枢纽页 / 现有区域指南,41.6,,en,缺口
cheapest esim for spain and portugal,区域,区域,（无区域页）,建议：区域枢纽页 / 现有区域指南,41.6,,en,缺口
should i get a sim card in europe,区域,区域,（无区域页）,建议：区域枢纽页 / 现有区域指南,41.6,,en,已覆盖
airalo esim hong kong and china,区域,区域,（无区域页）,建议：区域枢纽页 / 现有区域指南,40.8,,en,已覆盖
best esim for canada from uk,区域,区域,（无区域页）,建议：区域枢纽页 / 现有区域指南,40.8,,en,缺口
best esim for egypt from uk,区域,区域,（无区域页）,建议：区域枢纽页 / 现有区域指南,40.8,,en,缺口
best esim for india from uk,区域,区域,（无区域页）,建议：区域枢纽页 / 现有区域指南,40.8,,en,缺口
esim card for japan and thailand,区域,区域,（无区域页）,建议：区域枢纽页 / 现有区域指南,40.8,,en,缺口
esim for australia from uk,区域,区域,（无区域页）,建议：区域枢纽页 / 现有区域指南,40.8,,en,缺口
esim korea and japan,区域,区域,（无区域页）,建议：区域枢纽页 / 现有区域指南,40.8,,en,缺口
holafly esim hong kong macau china,区域,区域,（无区域页）,建议：区域枢纽页 / 现有区域指南,40.8,,en,已覆盖
how to get esim for singapore from india,区域,区域,（无区域页）,建议：区域枢纽页 / 现有区域指南,40.8,,en,缺口
malaysia esim reddit singapore,区域,区域,（无区域页）,建议：区域枢纽页 / 现有区域指南,40.8,,en,缺口
mexico esim card canada,区域,区域,（无区域页）,建议：区域枢纽页 / 现有区域指南,40.8,,en,缺口
nomad esim australia new zealand,区域,区域,（无区域页）,建议：区域枢纽页 / 现有区域指南,40.8,,en,已覆盖
nomad esim japan korea,区域,区域,（无区域页）,建议：区域枢纽页 / 现有区域指南,40.8,,en,已覆盖
nomad esim korea japan,区域,区域,（无区域页）,建议：区域枢纽页 / 现有区域指南,40.8,,en,已覆盖
saily esim portugal and spain,区域,区域,（无区域页）,建议：区域枢纽页 / 现有区域指南,40.8,,en,已覆盖
airalo esim australia and new zealand,区域,区域,（无区域页）,建议：区域枢纽页 / 现有区域指南,40.3,,en,已覆盖
best esim for australia and new zealand,区域,区域,（无区域页）,建议：区域枢纽页 / 现有区域指南,40.3,,en,缺口
best esim for brazil and argentina,区域,区域,（无区域页）,建议：区域枢纽页 / 现有区域指南,40.3,,en,缺口
best esim for germany austria and italy,区域,区域,（无区域页）,建议：区域枢纽页 / 现有区域指南,40.3,,en,缺口
best esim for hong kong china and japan,区域,区域,（无区域页）,建议：区域枢纽页 / 现有区域指南,40.3,,en,缺口
best esim for japan and south korea reddit,区域,区域,（无区域页）,建议：区域枢纽页 / 现有区域指南,40.3,,en,缺口
best esim for netherlands and germany,区域,区域,（无区域页）,建议：区域枢纽页 / 现有区域指南,40.3,,en,缺口
cheapest esim for australia and new zealand,区域,区域,（无区域页）,建议：区域枢纽页 / 现有区域指南,40.3,,en,缺口
cheapest esim for hong kong and japan,区域,区域,（无区域页）,建议：区域枢纽页 / 现有区域指南,40.3,,en,缺口
cheapest esim for usa and canada,区域,区域,（无区域页）,建议：区域枢纽页 / 现有区域指南,40.3,,en,缺口
esim for brazil and argentina,区域,区域,（无区域页）,建议：区域枢纽页 / 现有区域指南,40.3,,en,缺口
esim for germany austria and italy,区域,区域,（无区域页）,建议：区域枢纽页 / 现有区域指南,40.3,,en,缺口
esim for great britain and ireland,区域,区域,（无区域页）,建议：区域枢纽页 / 现有区域指南,40.3,,en,缺口
esim for singapore malaysia and indonesia,区域,区域,（无区域页）,建议：区域枢纽页 / 现有区域指南,40.3,,en,缺口
esim south america unlimited data,区域,区域,（无区域页）,建议：区域枢纽页 / 现有区域指南,40.3,,en,已覆盖
holafly esim singapore malaysia,区域,区域,（无区域页）,建议：区域枢纽页 / 现有区域指南,40.3,,en,已覆盖
how to get esim for india from canada,区域,区域,（无区域页）,建议：区域枢纽页 / 现有区域指南,40.3,,en,缺口
jetpac esim china hong kong,区域,区域,（无区域页）,建议：区域枢纽页 / 现有区域指南,40.3,,en,已覆盖
saily esim spain and portugal,区域,区域,（无区域页）,建议：区域枢纽页 / 现有区域指南,40.3,,en,已覆盖
which esim is best for japan and korea,区域,区域,（无区域页）,建议：区域枢纽页 / 现有区域指南,40.3,,en,缺口
best esim for spain and portugal iphone,区域,区域,（无区域页）,建议：区域枢纽页 / 现有区域指南,39.8,,en,缺口
best esim for switzerland and italy reddit,区域,区域,（无区域页）,建议：区域枢纽页 / 现有区域指南,39.8,,en,缺口
esim europe,区域,区域,（无区域页）,建议：区域枢纽页 / 现有区域指南,39.8,,en,已覆盖
best esim for italy greece and turkey,区域,区域,（无区域页）,建议：区域枢纽页 / 现有区域指南,39.2,,en,缺口
best esim for thailand vietnam,区域,区域,（无区域页）,建议：区域枢纽页 / 现有区域指南,39.2,,en,缺口
cheapest esim for singapore and indonesia,区域,区域,（无区域页）,建议：区域枢纽页 / 现有区域指南,39.2,,en,缺口
airalo esim japan and thailand,区域,区域,（无区域页）,建议：区域枢纽页 / 现有区域指南,38.9,,en,已覆盖
asia esim unlimited 30 days,区域,区域,（无区域页）,建议：区域枢纽页 / 现有区域指南,38.9,,en,已覆盖
best esim card for australia and new zealand,区域,区域,（无区域页）,建议：区域枢纽页 / 现有区域指南,38.9,,en,缺口
best esim card for japan and south korea,区域,区域,（无区域页）,建议：区域枢纽页 / 现有区域指南,38.9,,en,缺口
best esim for african countries,区域,区域,（无区域页）,建议：区域枢纽页 / 现有区域指南,38.9,,en,已覆盖
best esim for asia reddit,区域,区域,（无区域页）,建议：区域枢纽页 / 现有区域指南,38.9,,en,已覆盖
best esim for australians in europe,区域,区域,（无区域页）,建议：区域枢纽页 / 现有区域指南,38.9,,en,已覆盖
best esim for backpacking asia,区域,区域,（无区域页）,建议：区域枢纽页 / 现有区域指南,38.9,,en,已覆盖
best esim for brazil from uk,区域,区域,（无区域页）,建议：区域枢纽页 / 现有区域指南,38.9,,en,缺口
best esim for costa rica from canada,区域,区域,（无区域页）,建议：区域枢纽页 / 现有区域指南,38.9,,en,缺口
best esim for hong kong and japan,区域,区域,（无区域页）,建议：区域枢纽页 / 现有区域指南,38.9,,en,缺口
best esim for india from australia,区域,区域,（无区域页）,建议：区域枢纽页 / 现有区域指南,38.9,,en,缺口
best esim for india from usa,区域,区域,（无区域页）,建议：区域枢纽页 / 现有区域指南,38.9,,en,缺口
best esim for italy from australia,区域,区域,（无区域页）,建议：区域枢纽页 / 现有区域指南,38.9,,en,缺口
best esim for mexico from canada,区域,区域,（无区域页）,建议：区域枢纽页 / 现有区域指南,38.9,,en,缺口
best esim for morocco uk iphone,区域,区域,（无区域页）,建议：区域枢纽页 / 现有区域指南,38.9,,en,缺口
best esim for nz from australia,区域,区域,（无区域页）,建议：区域枢纽页 / 现有区域指南,38.9,,en,缺口
best esim for philippines from australia,区域,区域,（无区域页）,建议：区域枢纽页 / 现有区域指南,38.9,,en,缺口
best esim for qatar and saudi arabia,区域,区域,（无区域页）,建议：区域枢纽页 / 现有区域指南,38.9,,en,缺口
best esim for south america iphone,区域,区域,（无区域页）,建议：区域枢纽页 / 现有区域指南,38.9,,en,已覆盖
best esim for taiwan and japan,区域,区域,（无区域页）,建议：区域枢纽页 / 现有区域指南,38.9,,en,缺口
best esim for uk and ireland,区域,区域,（无区域页）,建议：区域枢纽页 / 现有区域指南,38.9,,en,缺口
buying a sim card for travel in europe,区域,区域,（无区域页）,建议：区域枢纽页 / 现有区域指南,38.9,,en,已覆盖
cheapest esim egypt uk,区域,区域,（无区域页）,建议：区域枢纽页 / 现有区域指南,38.9,,en,缺口
cheapest esim for japan and korea,区域,区域,（无区域页）,建议：区域枢纽页 / 现有区域指南,38.9,,en,缺口
cheapest esim for singapore and thailand,区域,区域,（无区域页）,建议：区域枢纽页 / 现有区域指南,38.9,,en,缺口
cheapest esim for thailand from australia,区域,区域,（无区域页）,建议：区域枢纽页 / 现有区域指南,38.9,,en,缺口
cheapest esim for usa travel from uk,区域,区域,（无区域页）,建议：区域枢纽页 / 现有区域指南,38.9,,en,缺口
cheapest esim morocco uk,区域,区域,（无区域页）,建议：区域枢纽页 / 现有区域指南,38.9,,en,缺口
china esim reddit singapore,区域,区域,（无区域页）,建议：区域枢纽页 / 现有区域指南,38.9,,en,缺口
do i need a separate esim for hong kong and china,区域,区域,（无区域页）,建议：区域枢纽页 / 现有区域指南,38.9,,en,缺口
does china esim work in hong kong,区域,区域,（无区域页）,建议：区域枢纽页 / 现有区域指南,38.9,,en,缺口
esim africa best,区域,区域,（无区域页）,建议：区域枢纽页 / 现有区域指南,38.9,,en,已覆盖
esim africa safari,区域,区域,（无区域页）,建议：区域枢纽页 / 现有区域指南,38.9,,en,已覆盖
esim asia reddit,区域,区域,（无区域页）,建议：区域枢纽页 / 现有区域指南,38.9,,en,已覆盖
esim asia unlimited data,区域,区域,（无区域页）,建议：区域枢纽页 / 现有区域指南,38.9,,en,已覆盖
esim australia and new zealand unlimited,区域,区域,（无区域页）,建议：区域枢纽页 / 现有区域指南,38.9,,en,缺口
esim balkans unlimited data,区域,区域,（无区域页）,建议：区域枢纽页 / 现有区域指南,38.9,,en,缺口
esim card for italy and greece,区域,区域,（无区域页）,建议：区域枢纽页 / 现有区域指南,38.9,,en,缺口
esim caribbean unlimited data,区域,区域,（无区域页）,建议：区域枢纽页 / 现有区域指南,38.9,,en,已覆盖
esim czech republic and austria,区域,区域,（无区域页）,建议：区域枢纽页 / 现有区域指南,38.9,,en,缺口
esim deals europe,区域,区域,（无区域页）,建议：区域枢纽页 / 现有区域指南,38.9,,en,已覆盖
esim for asia reddit,区域,区域,（无区域页）,建议：区域枢纽页 / 现有区域指南,38.9,,en,已覆盖
esim for australia and new zealand,区域,区域,（无区域页）,建议：区域枢纽页 / 现有区域指南,38.9,,en,缺口
esim for austria and switzerland,区域,区域,（无区域页）,建议：区域枢纽页 / 现有区域指南,38.9,,en,缺口
esim for china and hong kong,区域,区域,（无区域页）,建议：区域枢纽页 / 现有区域指南,38.9,,en,缺口
esim for england and ireland,区域,区域,（无区域页）,建议：区域枢纽页 / 现有区域指南,38.9,,en,缺口
esim for france and switzerland,区域,区域,（无区域页）,建议：区域枢纽页 / 现有区域指南,38.9,,en,缺口
esim for germany from india,区域,区域,（无区域页）,建议：区域枢纽页 / 现有区域指南,38.9,,en,缺口
esim for hong kong and japan,区域,区域,（无区域页）,建议：区域枢纽页 / 现有区域指南,38.9,,en,缺口
esim for hong kong china and japan,区域,区域,（无区域页）,建议：区域枢纽页 / 现有区域指南,38.9,,en,缺口
esim for iceland and uk,区域,区域,（无区域页）,建议：区域枢纽页 / 现有区域指南,38.9,,en,缺口
esim for india from australia,区域,区域,（无区域页）,建议：区域枢纽页 / 现有区域指南,38.9,,en,缺口
esim for indonesia and singapore,区域,区域,（无区域页）,建议：区域枢纽页 / 现有区域指南,38.9,,en,缺口
esim for japan and s korea,区域,区域,（无区域页）,建议：区域枢纽页 / 现有区域指南,38.9,,en,缺口
esim for kenya and south africa,区域,区域,（无区域页）,建议：区域枢纽页 / 现有区域指南,38.9,,en,已覆盖
esim for malaysia and thailand,区域,区域,（无区域页）,建议：区域枢纽页 / 现有区域指南,38.9,,en,缺口
esim for morocco from ireland,区域,区域,（无区域页）,建议：区域枢纽页 / 现有区域指南,38.9,,en,缺口
esim for new zealand from uk,区域,区域,（无区域页）,建议：区域枢纽页 / 现有区域指南,38.9,,en,缺口
esim for peru and brazil,区域,区域,（无区域页）,建议：区域枢纽页 / 现有区域指南,38.9,,en,缺口
esim for poland and germany,区域,区域,（无区域页）,建议：区域枢纽页 / 现有区域指南,38.9,,en,缺口
esim for saudi arabia from canada,区域,区域,（无区域页）,建议：区域枢纽页 / 现有区域指南,38.9,,en,缺口
esim for spain france and italy,区域,区域,（无区域页）,建议：区域枢纽页 / 现有区域指南,38.9,,en,缺口
esim for spain from uk,区域,区域,（无区域页）,建议：区域枢纽页 / 现有区域指南,38.9,,en,缺口
esim for switzerland and france,区域,区域,（无区域页）,建议：区域枢纽页 / 现有区域指南,38.9,,en,缺口
esim for thailand from australia,区域,区域,（无区域页）,建议：区域枢纽页 / 现有区域指南,38.9,,en,缺口
esim for uae and saudi arabia,区域,区域,（无区域页）,建议：区域枢纽页 / 现有区域指南,38.9,,en,缺口
esim for uk and ireland,区域,区域,（无区域页）,建议：区域枢纽页 / 现有区域指南,38.9,,en,缺口
esim greece and italy,区域,区域,（无区域页）,建议：区域枢纽页 / 现有区域指南,38.9,,en,缺口
esim japan from australia,区域,区域,（无区域页）,建议：区域枢纽页 / 现有区域指南,38.9,,en,缺口
esim japan reddit australia,区域,区域,（无区域页）,建议：区域枢纽页 / 现有区域指南,38.9,,en,缺口
esim malaysia and singapore,区域,区域,（无区域页）,建议：区域枢纽页 / 现有区域指南,38.9,,en,缺口
esim middle east reddit,区域,区域,（无区域页）,建议：区域枢纽页 / 现有区域指南,38.9,,en,已覆盖
esim north america data and calls,区域,区域,（无区域页）,建议：区域枢纽页 / 现有区域指南,38.9,,en,已覆盖
esim plans europe,区域,区域,（无区域页）,建议：区域枢纽页 / 现有区域指南,38.9,,en,已覆盖
esim singapore thailand,区域,区域,（无区域页）,建议：区域枢纽页 / 现有区域指南,38.9,,en,缺口
esim southeast asia klook,区域,区域,（无区域页）,建议：区域枢纽页 / 现有区域指南,38.9,,en,已覆盖
esim spain and portugal,区域,区域,（无区域页）,建议：区域枢纽页 / 现有区域指南,38.9,,en,缺口
esim spain france italy,区域,区域,（无区域页）,建议：区域枢纽页 / 现有区域指南,38.9,,en,缺口
esim thailand singapore,区域,区域,（无区域页）,建议：区域枢纽页 / 现有区域指南,38.9,,en,缺口
esim usa from canada,区域,区域,（无区域页）,建议：区域枢纽页 / 现有区域指南,38.9,,en,缺口
esim vietnam singapore,区域,区域,（无区域页）,建议：区域枢纽页 / 现有区域指南,38.9,,en,缺口
esim.for belgium and germany,区域,区域,（无区域页）,建议：区域枢纽页 / 现有区域指南,38.9,,en,缺口
europe esim unlimited data and calls,区域,区域,（无区域页）,建议：区域枢纽页 / 现有区域指南,38.9,,en,已覆盖
how to buy esim for singapore from india,区域,区域,（无区域页）,建议：区域枢纽页 / 现有区域指南,38.9,,en,缺口
how to buy esim for thailand from india,区域,区域,（无区域页）,建议：区域枢纽页 / 现有区域指南,38.9,,en,缺口
japan esim australia reddit,区域,区域,（无区域页）,建议：区域枢纽页 / 现有区域指南,38.9,,en,缺口
japan sim card for tourist australia,区域,区域,（无区域页）,建议：区域枢纽页 / 现有区域指南,38.9,,en,缺口
nomad esim canada and usa,区域,区域,（无区域页）,建议：区域枢纽页 / 现有区域指南,38.9,,en,已覆盖
north america esim unlimited,区域,区域,（无区域页）,建议：区域枢纽页 / 现有区域指南,38.9,,en,已覆盖
oceania esim maya,区域,区域,（无区域页）,建议：区域枢纽页 / 现有区域指南,38.9,,en,已覆盖
saily esim korea and japan,区域,区域,（无区域页）,建议：区域枢纽页 / 现有区域指南,38.9,,en,已覆盖
saily esim usa and canada,区域,区域,（无区域页）,建议：区域枢纽页 / 现有区域指南,38.9,,en,已覆盖
scandinavia esim card,区域,区域,（无区域页）,建议：区域枢纽页 / 现有区域指南,38.9,,en,缺口
ubigi esim japan and hong kong,区域,区域,（无区域页）,建议：区域枢纽页 / 现有区域指南,38.9,,en,已覆盖
ubigi esim japan philippines,区域,区域,（无区域页）,建议：区域枢纽页 / 现有区域指南,38.9,,en,已覆盖
ubigi esim japan taiwan,区域,区域,（无区域页）,建议：区域枢纽页 / 现有区域指南,38.9,,en,已覆盖
ubigi esim usa canada,区域,区域,（无区域页）,建议：区域枢纽页 / 现有区域指南,38.9,,en,已覆盖
what is the best europe esim for business travelers,区域,区域,（无区域页）,建议：区域枢纽页 / 现有区域指南,38.9,,en,已覆盖
best esim card for ireland and uk,区域,区域,（无区域页）,建议：区域枢纽页 / 现有区域指南,38.4,,en,缺口
best esim for france switzerland and italy,区域,区域,（无区域页）,建议：区域枢纽页 / 现有区域指南,38.4,,en,缺口
best esim for usa from canada,区域,区域,（无区域页）,建议：区域枢纽页 / 现有区域指南,38.4,,en,缺口
best esim.for hong kong and china,区域,区域,（无区域页）,建议：区域枢纽页 / 现有区域指南,38.4,,en,缺口
cheap esim usa canada,区域,区域,（无区域页）,建议：区域枢纽页 / 现有区域指南,38.4,,en,缺口
esim for spain portugal and morocco,区域,区域,（无区域页）,建议：区域枢纽页 / 现有区域指南,38.4,,en,缺口
esim usa and canada,区域,区域,（无区域页）,建议：区域枢纽页 / 现有区域指南,38.4,,en,缺口
nomad esim uk and ireland,区域,区域,（无区域页）,建议：区域枢纽页 / 现有区域指南,38.4,,en,已覆盖
unlimited data esim usa and canada,区域,区域,（无区域页）,建议：区域枢纽页 / 现有区域指南,38.4,,en,缺口
best esim for europe,区域,区域,（无区域页）,建议：区域枢纽页 / 现有区域指南,38.3,,en,已覆盖
best esim for spain and portugal reddit,区域,区域,（无区域页）,建议：区域枢纽页 / 现有区域指南,37.9,,en,缺口
best esim for uk ireland and france,区域,区域,（无区域页）,建议：区域枢纽页 / 现有区域指南,37.9,,en,缺口
cheapest esim for thailand and vietnam,区域,区域,（无区域页）,建议：区域枢纽页 / 现有区域指南,37.9,,en,缺口
esim australia & new zealand unlimited,区域,区域,（无区域页）,建议：区域枢纽页 / 现有区域指南,37.9,,en,缺口
esim for usa and canada,区域,区域,（无区域页）,建议：区域枢纽页 / 现有区域指南,37.9,,en,缺口
esim switzerland italy,区域,区域,（无区域页）,建议：区域枢纽页 / 现有区域指南,37.9,,en,缺口
nomad esim singapore malaysia thailand,区域,区域,（无区域页）,建议：区域枢纽页 / 现有区域指南,37.9,,en,已覆盖
airalo esim thailand vietnam,区域,区域,（无区域页）,建议：区域枢纽页 / 现有区域指南,37.4,,en,已覆盖
airalo esim korea and japan,区域,区域,（无区域页）,建议：区域枢纽页 / 现有区域指南,37.0,,en,已覆盖
airalo esim portugal and spain,区域,区域,（无区域页）,建议：区域枢纽页 / 现有区域指南,37.0,,en,已覆盖
best esim for thailand vietnam and cambodia,区域,区域,（无区域页）,建议：区域枢纽页 / 现有区域指南,37.0,,en,缺口
best esim for travel to ireland and uk,区域,区域,（无区域页）,建议：区域枢纽页 / 现有区域指南,37.0,,en,缺口
esim for both australia and new zealand,区域,区域,（无区域页）,建议：区域枢纽页 / 现有区域指南,37.0,,en,缺口
esim for canada from uk,区域,区域,（无区域页）,建议：区域枢纽页 / 现有区域指南,37.0,,en,缺口
esim for france switzerland and italy,区域,区域,（无区域页）,建议：区域枢纽页 / 现有区域指南,37.0,,en,缺口
esim for italy from uk,区域,区域,（无区域页）,建议：区域枢纽页 / 现有区域指南,37.0,,en,缺口
esim for japan from uk,区域,区域,（无区域页）,建议：区域枢纽页 / 现有区域指南,37.0,,en,缺口
esim for thailand from india,区域,区域,（无区域页）,建议：区域枢纽页 / 现有区域指南,37.0,,en,缺口
holafly esim spain and portugal,区域,区域,（无区域页）,建议：区域枢纽页 / 现有区域指南,37.0,,en,已覆盖
how to get esim for thailand from india,区域,区域,（无区域页）,建议：区域枢纽页 / 现有区域指南,37.0,,en,缺口
saily esim malaysia singapore,区域,区域,（无区域页）,建议：区域枢纽页 / 现有区域指南,37.0,,en,已覆盖
ubigi esim japan australia review,区域,区域,（无区域页）,建议：区域枢纽页 / 现有区域指南,37.0,,en,已覆盖
best esim for germany austria and switzerland,区域,区域,（无区域页）,建议：区域枢纽页 / 现有区域指南,36.5,,en,缺口
best esim for indonesia and singapore,区域,区域,（无区域页）,建议：区域枢纽页 / 现有区域指南,36.5,,en,缺口
best esim for italy and greece,区域,区域,（无区域页）,建议：区域枢纽页 / 现有区域指南,36.5,,en,缺口
best esim for singapore and indonesia,区域,区域,（无区域页）,建议：区域枢纽页 / 现有区域指南,36.5,,en,缺口
best esim for spain portugal and morocco,区域,区域,（无区域页）,建议：区域枢纽页 / 现有区域指南,36.5,,en,缺口
best esim for us to uk,区域,区域,（无区域页）,建议：区域枢纽页 / 现有区域指南,36.5,,en,缺口
best esim for usa canada and mexico,区域,区域,（无区域页）,建议：区域枢纽页 / 现有区域指南,36.5,,en,缺口
best esim for usa from australia,区域,区域,（无区域页）,建议：区域枢纽页 / 现有区域指南,36.5,,en,缺口
esim england and ireland,区域,区域,（无区域页）,建议：区域枢纽页 / 现有区域指南,36.5,,en,缺口
esim for france italy and switzerland,区域,区域,（无区域页）,建议：区域枢纽页 / 现有区域指南,36.5,,en,缺口
esim for hong kong china and macau,区域,区域,（无区域页）,建议：区域枢纽页 / 现有区域指南,36.5,,en,缺口
esim for japan and thailand,区域,区域,（无区域页）,建议：区域枢纽页 / 现有区域指南,36.5,,en,缺口
esim for usa canada and mexico,区域,区域,（无区域页）,建议：区域枢纽页 / 现有区域指南,36.5,,en,缺口
esim for usa from uk,区域,区域,（无区域页）,建议：区域枢纽页 / 现有区域指南,36.5,,en,缺口
esim for usa mexico and caribbean,区域,区域,（无区域页）,建议：区域枢纽页 / 现有区域指南,36.5,,en,已覆盖
esim latin america unlimited data,区域,区域,（无区域页）,建议：区域枢纽页 / 现有区域指南,36.5,,en,已覆盖
esim south america review,区域,区域,（无区域页）,建议：区域枢纽页 / 现有区域指南,36.5,,en,已覆盖
prepaid esim for usa and canada,区域,区域,（无区域页）,建议：区域枢纽页 / 现有区域指南,36.5,,en,缺口
usa canada esim card,区域,区域,（无区域页）,建议：区域枢纽页 / 现有区域指南,36.5,,en,缺口
which esim is best for thailand and vietnam,区域,区域,（无区域页）,建议：区域枢纽页 / 现有区域指南,36.5,,en,缺口
which esim is best for vietnam cambodia and thailand,区域,区域,（无区域页）,建议：区域枢纽页 / 现有区域指南,36.5,,en,缺口
esim for spain and portugal reddit,区域,区域,（无区域页）,建议：区域枢纽页 / 现有区域指南,36.0,,en,缺口
best esim for uk france and italy,区域,区域,（无区域页）,建议：区域枢纽页 / 现有区域指南,35.5,,en,缺口
airalo esim canada and usa,区域,区域,（无区域页）,建议：区域枢纽页 / 现有区域指南,35.1,,en,已覆盖
airalo esim usa and canada,区域,区域,（无区域页）,建议：区域枢纽页 / 现有区域指南,35.1,,en,已覆盖
asia esim card unlimited data,区域,区域,（无区域页）,建议：区域枢纽页 / 现有区域指南,35.1,,en,已覆盖
best esim card for hong kong and china,区域,区域,（无区域页）,建议：区域枢纽页 / 现有区域指南,35.1,,en,缺口
best esim for africa and europe,区域,区域,（无区域页）,建议：区域枢纽页 / 现有区域指南,35.1,,en,已覆盖
best esim for australia from nz,区域,区域,（无区域页）,建议：区域枢纽页 / 现有区域指南,35.1,,en,缺口
best esim for austria and switzerland,区域,区域,（无区域页）,建议：区域枢纽页 / 现有区域指南,35.1,,en,缺口
best esim for backpacking europe,区域,区域,（无区域页）,建议：区域枢纽页 / 现有区域指南,35.1,,en,已覆盖
best esim for china and hong kong,区域,区域,（无区域页）,建议：区域枢纽页 / 现有区域指南,35.1,,en,缺口
best esim for england and ireland,区域,区域,（无区域页）,建议：区域枢纽页 / 现有区域指南,35.1,,en,缺口
best esim for fiji and new zealand,区域,区域,（无区域页）,建议：区域枢纽页 / 现有区域指南,35.1,,en,缺口
best esim for france and spain,区域,区域,（无区域页）,建议：区域枢纽页 / 现有区域指南,35.1,,en,缺口
best esim for germany and switzerland,区域,区域,（无区域页）,建议：区域枢纽页 / 现有区域指南,35.1,,en,缺口
best esim for italy from canada,区域,区域,（无区域页）,建议：区域枢纽页 / 现有区域指南,35.1,,en,缺口
best esim for japan from uk,区域,区域,（无区域页）,建议：区域枢纽页 / 现有区域指南,35.1,,en,缺口
best esim for japan south korea and hong kong,区域,区域,（无区域页）,建议：区域枢纽页 / 现有区域指南,35.1,,en,缺口
best esim for malaysia and thailand,区域,区域,（无区域页）,建议：区域枢纽页 / 现有区域指南,35.1,,en,缺口
best esim for philippines and japan,区域,区域,（无区域页）,建议：区域枢纽页 / 现有区域指南,35.1,,en,缺口
best esim for poland and germany,区域,区域,（无区域页）,建议：区域枢纽页 / 现有区域指南,35.1,,en,缺口
best esim for singapore malaysia and thailand,区域,区域,（无区域页）,建议：区域枢纽页 / 现有区域指南,35.1,,en,缺口
best esim for south america reviews,区域,区域,（无区域页）,建议：区域枢纽页 / 现有区域指南,35.1,,en,已覆盖
best esim for switzerland and france,区域,区域,（无区域页）,建议：区域枢纽页 / 现有区域指南,35.1,,en,缺口
best esim for taiwan and hong kong,区域,区域,（无区域页）,建议：区域枢纽页 / 现有区域指南,35.1,,en,缺口
best esim for thailand from india,区域,区域,（无区域页）,建议：区域枢纽页 / 现有区域指南,35.1,,en,缺口
best esim for travel to australia and new zealand,区域,区域,（无区域页）,建议：区域枢纽页 / 现有区域指南,35.1,,en,缺口
best esim for uk from australia,区域,区域,（无区域页）,建议：区域枢纽页 / 现有区域指南,35.1,,en,缺口
best esim for usa canada and alaska,区域,区域,（无区域页）,建议：区域枢纽页 / 现有区域指南,35.1,,en,缺口
best esim for vietnam from india,区域,区域,（无区域页）,建议：区域枢纽页 / 现有区域指南,35.1,,en,缺口
best esim scandinavia,区域,区域,（无区域页）,建议：区域枢纽页 / 现有区域指南,35.1,,en,缺口
best travel esim for australia and new zealand,区域,区域,（无区域页）,建议：区域枢纽页 / 现有区域指南,35.1,,en,缺口
cheapest esim for china and japan,区域,区域,（无区域页）,建议：区域枢纽页 / 现有区域指南,35.1,,en,缺口
cheapest esim for india from canada,区域,区域,（无区域页）,建议：区域枢纽页 / 现有区域指南,35.1,,en,缺口
cheapest esim for mexico from canada,区域,区域,（无区域页）,建议：区域枢纽页 / 现有区域指南,35.1,,en,缺口
cheapest esim for singapore and australia,区域,区域,（无区域页）,建议：区域枢纽页 / 现有区域指南,35.1,,en,缺口
cheapest esim for uk from australia,区域,区域,（无区域页）,建议：区域枢纽页 / 现有区域指南,35.1,,en,缺口
cheapest esim for vietnam from australia,区域,区域,（无区域页）,建议：区域枢纽页 / 现有区域指南,35.1,,en,缺口
do i need an esim for canada if i'm from the us,区域,区域,（无区域页）,建议：区域枢纽页 / 现有区域指南,35.1,,en,缺口
does uk esim work in france,区域,区域,（无区域页）,建议：区域枢纽页 / 现有区域指南,35.1,,en,缺口
does us esim work in mexico,区域,区域,（无区域页）,建议：区域枢纽页 / 现有区域指南,35.1,,en,缺口
esim africa do sul,区域,区域,（无区域页）,建议：区域枢纽页 / 现有区域指南,35.1,,en,已覆盖
esim africa reddit,区域,区域,（无区域页）,建议：区域枢纽页 / 现有区域指南,35.1,,en,已覆盖
esim asia klook,区域,区域,（无区域页）,建议：区域枢纽页 / 现有区域指南,35.1,,en,已覆盖
esim australia and new zealand tourist,区域,区域,（无区域页）,建议：区域枢纽页 / 现有区域指南,35.1,,en,缺口
esim balkanstaaten,区域,区域,（无区域页）,建议：区域枢纽页 / 现有区域指南,35.1,,en,缺口
esim canada usa,区域,区域,（无区域页）,建议：区域枢纽页 / 现有区域指南,35.1,,en,缺口
esim europe reddit,区域,区域,（无区域页）,建议：区域枢纽页 / 现有区域指南,35.1,,en,已覆盖
esim fiji australia,区域,区域,（无区域页）,建议：区域枢纽页 / 现有区域指南,35.1,,en,缺口
esim for 1 month europe,区域,区域,（无区域页）,建议：区域枢纽页 / 现有区域指南,35.1,,en,已覆盖
esim for asia pacific,区域,区域,（无区域页）,建议：区域枢纽页 / 现有区域指南,35.1,,en,已覆盖
esim for australia from nz,区域,区域,（无区域页）,建议：区域枢纽页 / 现有区域指南,35.1,,en,缺口
esim for austria and italy,区域,区域,（无区域页）,建议：区域枢纽页 / 现有区域指南,35.1,,en,缺口
esim for belgium and uk,区域,区域,（无区域页）,建议：区域枢纽页 / 现有区域指南,35.1,,en,缺口
esim for canada from australia,区域,区域,（无区域页）,建议：区域枢纽页 / 现有区域指南,35.1,,en,缺口
esim for china from australia,区域,区域,（无区域页）,建议：区域枢纽页 / 现有区域指南,35.1,,en,缺口
esim for colombia and peru,区域,区域,（无区域页）,建议：区域枢纽页 / 现有区域指南,35.1,,en,缺口
esim for europe reddit,区域,区域,（无区域页）,建议：区域枢纽页 / 现有区域指南,35.1,,en,已覆盖
esim for fiji and new zealand,区域,区域,（无区域页）,建议：区域枢纽页 / 现有区域指南,35.1,,en,缺口
esim for france and uk,区域,区域,（无区域页）,建议：区域枢纽页 / 现有区域指南,35.1,,en,缺口
esim for germany and switzerland,区域,区域,（无区域页）,建议：区域枢纽页 / 现有区域指南,35.1,,en,缺口
esim for greece and italy,区域,区域,（无区域页）,建议：区域枢纽页 / 现有区域指南,35.1,,en,缺口
esim for hong kong and taiwan,区域,区域,（无区域页）,建议：区域枢纽页 / 现有区域指南,35.1,,en,缺口
esim for india and singapore,区域,区域,（无区域页）,建议：区域枢纽页 / 现有区域指南,35.1,,en,缺口
esim for india travel from uk,区域,区域,（无区域页）,建议：区域枢纽页 / 现有区域指南,35.1,,en,缺口
esim for india travel from usa,区域,区域,（无区域页）,建议：区域枢纽页 / 现有区域指南,35.1,,en,缺口
esim for italy and greece,区域,区域,（无区域页）,建议：区域枢纽页 / 现有区域指南,35.1,,en,缺口
esim for japan and korea,区域,区域,（无区域页）,建议：区域枢纽页 / 现有区域指南,35.1,,en,缺口
esim for malaysia and indonesia,区域,区域,（无区域页）,建议：区域枢纽页 / 现有区域指南,35.1,,en,缺口
esim for mexico and usa,区域,区域,（无区域页）,建议：区域枢纽页 / 现有区域指南,35.1,,en,缺口
esim for netherlands and uk,区域,区域,（无区域页）,建议：区域枢纽页 / 现有区域指南,35.1,,en,缺口
esim for philippines and thailand,区域,区域,（无区域页）,建议：区域枢纽页 / 现有区域指南,35.1,,en,缺口
esim for singapore and thailand,区域,区域,（无区域页）,建议：区域枢纽页 / 现有区域指南,35.1,,en,缺口
esim for taiwan and china,区域,区域,（无区域页）,建议：区域枢纽页 / 现有区域指南,35.1,,en,缺口
esim for taiwan hong kong and china,区域,区域,（无区域页）,建议：区域枢纽页 / 现有区域指南,35.1,,en,缺口
esim for thailand laos and vietnam,区域,区域,（无区域页）,建议：区域枢纽页 / 现有区域指南,35.1,,en,缺口
esim for uk from australia,区域,区域,（无区域页）,建议：区域枢纽页 / 现有区域指南,35.1,,en,缺口
esim for vietnam and japan reddit,区域,区域,（无区域页）,建议：区域枢纽页 / 现有区域指南,35.1,,en,缺口
esim france and spain,区域,区域,（无区域页）,建议：区域枢纽页 / 现有区域指南,35.1,,en,缺口
esim germany and austria,区域,区域,（无区域页）,建议：区域枢纽页 / 现有区域指南,35.1,,en,缺口
esim japan singapore,区域,区域,（无区域页）,建议：区域枢纽页 / 现有区域指南,35.1,,en,缺口
esim middle east north africa,区域,区域,（无区域页）,建议：区域枢纽页 / 现有区域指南,35.1,,en,已覆盖
esim phone calls europe,区域,区域,（无区域页）,建议：区域枢纽页 / 现有区域指南,35.1,,en,已覆盖
esim plans for europe,区域,区域,（无区域页）,建议：区域枢纽页 / 现有区域指南,35.1,,en,已覆盖
esim singapore malaysia,区域,区域,（无区域页）,建议：区域枢纽页 / 现有区域指南,35.1,,en,缺口
esim singapore malaysia thailand,区域,区域,（无区域页）,建议：区域枢纽页 / 现有区域指南,35.1,,en,缺口
esim southeast asia trip com,区域,区域,（无区域页）,建议：区域枢纽页 / 现有区域指南,35.1,,en,已覆盖
esim vs pocket wifi europe,区域,区域,（无区域页）,建议：区域枢纽页 / 现有区域指南,35.1,,en,已覆盖
europe esim unlimited data reddit,区域,区域,（无区域页）,建议：区域枢纽页 / 现有区域指南,35.1,,en,已覆盖
holafly esim china and hong kong,区域,区域,（无区域页）,建议：区域枢纽页 / 现有区域指南,35.1,,en,已覆盖
holafly esim japan korea,区域,区域,（无区域页）,建议：区域枢纽页 / 现有区域指南,35.1,,en,已覆盖
how to get esim for usa from india,区域,区域,（无区域页）,建议：区域枢纽页 / 现有区域指南,35.1,,en,缺口
maya esim australia and new zealand,区域,区域,（无区域页）,建议：区域枢纽页 / 现有区域指南,35.1,,en,缺口
maya esim central america,区域,区域,（无区域页）,建议：区域枢纽页 / 现有区域指南,35.1,,en,已覆盖
nomad esim china hong kong macau,区域,区域,（无区域页）,建议：区域枢纽页 / 现有区域指南,35.1,,en,已覆盖
oceania esim card,区域,区域,（无区域页）,建议：区域枢纽页 / 现有区域指南,35.1,,en,已覆盖
southeast asia esim unlimited data,区域,区域,（无区域页）,建议：区域枢纽页 / 现有区域指南,35.1,,en,已覆盖
ubigi esim japan canada,区域,区域,（无区域页）,建议：区域枢纽页 / 现有区域指南,35.1,,en,已覆盖
vodafone esim oceania,区域,区域,（无区域页）,建议：区域枢纽页 / 现有区域指南,35.1,,en,已覆盖
airalo esim for hong kong and china,区域,区域,（无区域页）,建议：区域枢纽页 / 现有区域指南,34.6,,en,已覆盖
airalo esim ireland and uk,区域,区域,（无区域页）,建议：区域枢纽页 / 现有区域指南,34.6,,en,已覆盖
best esim card for italy and greece,区域,区域,（无区域页）,建议：区域枢纽页 / 现有区域指南,34.6,,en,缺口
best esim for germany switzerland and italy,区域,区域,（无区域页）,建议：区域枢纽页 / 现有区域指南,34.6,,en,缺口
esim for japan and vietnam,区域,区域,（无区域页）,建议：区域枢纽页 / 现有区域指南,34.6,,en,缺口
how to get an esim for usa from uk,区域,区域,（无区域页）,建议：区域枢纽页 / 现有区域指南,34.6,,en,缺口
saily esim australia and new zealand,区域,区域,（无区域页）,建议：区域枢纽页 / 现有区域指南,34.6,,en,已覆盖
airalo esim singapore and indonesia,区域,区域,（无区域页）,建议：区域枢纽页 / 现有区域指南,34.1,,en,已覆盖
best esim for usa and canada,区域,区域,（无区域页）,建议：区域枢纽页 / 现有区域指南,34.1,,en,缺口
cheapest esim for south korea and japan,区域,区域,（无区域页）,建议：区域枢纽页 / 现有区域指南,34.1,,en,缺口
esim for singapore malaysia and vietnam,区域,区域,（无区域页）,建议：区域枢纽页 / 现有区域指南,34.1,,en,缺口
esim for thailand vietnam and japan,区域,区域,（无区域页）,建议：区域枢纽页 / 现有区域指南,34.1,,en,缺口
holafly esim thailand and vietnam,区域,区域,（无区域页）,建议：区域枢纽页 / 现有区域指南,34.1,,en,已覆盖
best esim card for spain and portugal,区域,区域,（无区域页）,建议：区域枢纽页 / 现有区域指南,33.2,,en,缺口
best esim for france and uk,区域,区域,（无区域页）,建议：区域枢纽页 / 现有区域指南,33.2,,en,缺口
best esim middle east,区域,区域,（无区域页）,建议：区域枢纽页 / 现有区域指南,33.2,,en,已覆盖
esim asia unlimited,区域,区域,（无区域页）,建议：区域枢纽页 / 现有区域指南,33.2,,en,已覆盖
esim asiacell,区域,区域,（无区域页）,建议：区域枢纽页 / 现有区域指南,33.2,,en,已覆盖
esim card for australia and new zealand,区域,区域,（无区域页）,建议：区域枢纽页 / 现有区域指南,33.2,,en,缺口
esim card for uk and france,区域,区域,（无区域页）,建议：区域枢纽页 / 现有区域指南,33.2,,en,缺口
esim for japan south korea and thailand,区域,区域,（无区域页）,建议：区域枢纽页 / 现有区域指南,33.2,,en,缺口
esim uk and ireland,区域,区域,（无区域页）,建议：区域枢纽页 / 现有区域指南,33.2,,en,缺口
airalo esim for singapore and malaysia,区域,区域,（无区域页）,建议：区域枢纽页 / 现有区域指南,32.8,,en,已覆盖
best esim card for usa and mexico,区域,区域,（无区域页）,建议：区域枢纽页 / 现有区域指南,32.8,,en,缺口
best esim for japan and korea,区域,区域,（无区域页）,建议：区域枢纽页 / 现有区域指南,32.8,,en,缺口
best esim for japan and south korea,区域,区域,（无区域页）,建议：区域枢纽页 / 现有区域指南,32.8,,en,缺口
best esim for netherlands and france,区域,区域,（无区域页）,建议：区域枢纽页 / 现有区域指南,32.8,,en,缺口
best esim for philippines and vietnam,区域,区域,（无区域页）,建议：区域枢纽页 / 现有区域指南,32.8,,en,缺口
best esim for portugal spain and italy,区域,区域,（无区域页）,建议：区域枢纽页 / 现有区域指南,32.8,,en,缺口
best esim for thailand and vietnam,区域,区域,（无区域页）,建议：区域枢纽页 / 现有区域指南,32.8,,en,缺口
best esim for uk and france,区域,区域,（无区域页）,建议：区域枢纽页 / 现有区域指南,32.8,,en,缺口
cheapest esim for mexico and usa,区域,区域,（无区域页）,建议：区域枢纽页 / 现有区域指南,32.8,,en,缺口
esim china hong kong reddit,区域,区域,（无区域页）,建议：区域枢纽页 / 现有区域指南,32.8,,en,缺口
esim for cruise ships europe,区域,区域,（无区域页）,建议：区域枢纽页 / 现有区域指南,32.8,,en,已覆盖
esim for hong kong china and taiwan,区域,区域,（无区域页）,建议：区域枢纽页 / 现有区域指南,32.8,,en,缺口
esim for philippines and vietnam,区域,区域,（无区域页）,建议：区域枢纽页 / 现有区域指南,32.8,,en,缺口
esim for singapore thailand and vietnam,区域,区域,（无区域页）,建议：区域枢纽页 / 现有区域指南,32.8,,en,缺口
esim for thailand cambodia laos and vietnam,区域,区域,（无区域页）,建议：区域枢纽页 / 现有区域指南,32.8,,en,缺口
esim for usa canada and alaska,区域,区域,（无区域页）,建议：区域枢纽页 / 现有区域指南,32.8,,en,缺口
esim for usa from australia,区域,区域,（无区域页）,建议：区域枢纽页 / 现有区域指南,32.8,,en,缺口
esim for vietnam cambodia and singapore,区域,区域,（无区域页）,建议：区域枢纽页 / 现有区域指南,32.8,,en,缺口
esim malaysia and indonesia,区域,区域,（无区域页）,建议：区域枢纽页 / 现有区域指南,32.8,,en,缺口
esim uk ireland,区域,区域,（无区域页）,建议：区域枢纽页 / 现有区域指南,32.8,,en,缺口
saily esim japan and south korea,区域,区域,（无区域页）,建议：区域枢纽页 / 现有区域指南,32.8,,en,已覆盖
unlimited data esim japan and south korea,区域,区域,（无区域页）,建议：区域枢纽页 / 现有区域指南,32.8,,en,缺口
which esim is best for japan and south korea,区域,区域,（无区域页）,建议：区域枢纽页 / 现有区域指南,32.8,,en,缺口
will my holafly esim work in new zealand if i got it for australia,区域,区域,（无区域页）,建议：区域枢纽页 / 现有区域指南,32.8,,en,已覆盖
airalo esim for italy and switzerland,区域,区域,（无区域页）,建议：区域枢纽页 / 现有区域指南,32.2,,en,已覆盖
airalo esim china and hong kong,区域,区域,（无区域页）,建议：区域枢纽页 / 现有区域指南,31.4,,en,已覆盖
airalo esim japan and korea,区域,区域,（无区域页）,建议：区域枢纽页 / 现有区域指南,31.4,,en,已覆盖
airalo esim japan and taiwan,区域,区域,（无区域页）,建议：区域枢纽页 / 现有区域指南,31.4,,en,已覆盖
best asia esim unlimited data,区域,区域,（无区域页）,建议：区域枢纽页 / 现有区域指南,31.4,,en,已覆盖
best esim card for uk and france,区域,区域,（无区域页）,建议：区域枢纽页 / 现有区域指南,31.4,,en,缺口
best esim card for usa and canada,区域,区域,（无区域页）,建议：区域枢纽页 / 现有区域指南,31.4,,en,缺口
best esim central america,区域,区域,（无区域页）,建议：区域枢纽页 / 现有区域指南,31.4,,en,已覆盖
best esim deals for europe,区域,区域,（无区域页）,建议：区域枢纽页 / 现有区域指南,31.4,,en,已覆盖
best esim for africa iphone,区域,区域,（无区域页）,建议：区域枢纽页 / 现有区域指南,31.4,,en,已覆盖
best esim for asian travel,区域,区域,（无区域页）,建议：区域枢纽页 / 现有区域指南,31.4,,en,已覆盖
best esim for australians travelling to europe,区域,区域,（无区域页）,建议：区域枢纽页 / 现有区域指南,31.4,,en,已覆盖
best esim for china from singapore,区域,区域,（无区域页）,建议：区域枢纽页 / 现有区域指南,31.4,,en,缺口
best esim for colombia and peru,区域,区域,（无区域页）,建议：区域枢纽页 / 现有区域指南,31.4,,en,缺口
best esim for england scotland and ireland,区域,区域,（无区域页）,建议：区域枢纽页 / 现有区域指南,31.4,,en,缺口
best esim for europe reddit,区域,区域,（无区域页）,建议：区域枢纽页 / 现有区域指南,31.4,,en,已覆盖
best esim for germany and czech republic,区域,区域,（无区域页）,建议：区域枢纽页 / 现有区域指南,31.4,,en,缺口
best esim for germany and italy,区域,区域,（无区域页）,建议：区域枢纽页 / 现有区域指南,31.4,,en,缺口
best esim for greece and croatia,区域,区域,（无区域页）,建议：区域枢纽页 / 现有区域指南,31.4,,en,缺口
best esim for greece and italy,区域,区域,（无区域页）,建议：区域枢纽页 / 现有区域指南,31.4,,en,缺口
best esim for hong kong and mainland china,区域,区域,（无区域页）,建议：区域枢纽页 / 现有区域指南,31.4,,en,缺口
best esim for hong kong and taiwan,区域,区域,（无区域页）,建议：区域枢纽页 / 现有区域指南,31.4,,en,缺口
best esim for indonesia from uk,区域,区域,（无区域页）,建议：区域枢纽页 / 现有区域指南,31.4,,en,缺口
best esim for italy and france,区域,区域,（无区域页）,建议：区域枢纽页 / 现有区域指南,31.4,,en,缺口
best esim for italy and switzerland,区域,区域,（无区域页）,建议：区域枢纽页 / 现有区域指南,31.4,,en,缺口
best esim for korea and japan reddit,区域,区域,（无区域页）,建议：区域枢纽页 / 现有区域指南,31.4,,en,缺口
best esim for malaysia and indonesia,区域,区域,（无区域页）,建议：区域枢纽页 / 现有区域指南,31.4,,en,缺口
best esim for new zealand from uk,区域,区域,（无区域页）,建议：区域枢纽页 / 现有区域指南,31.4,,en,缺口
best esim for qatar and uae,区域,区域,（无区域页）,建议：区域枢纽页 / 现有区域指南,31.4,,en,缺口
best esim for singapore and thailand,区域,区域,（无区域页）,建议：区域枢纽页 / 现有区域指南,31.4,,en,缺口
best esim for singapore australia and new zealand,区域,区域,（无区域页）,建议：区域枢纽页 / 现有区域指南,31.4,,en,缺口
best esim for south africa from australia,区域,区域,（无区域页）,建议：区域枢纽页 / 现有区域指南,31.4,,en,已覆盖
best esim for spain and france,区域,区域,（无区域页）,建议：区域枢纽页 / 现有区域指南,31.4,,en,缺口
best esim for switzerland and germany,区域,区域,（无区域页）,建议：区域枢纽页 / 现有区域指南,31.4,,en,缺口
best esim for taiwan and china,区域,区域,（无区域页）,建议：区域枢纽页 / 现有区域指南,31.4,,en,缺口
best esim for thailand and japan,区域,区域,（无区域页）,建议：区域枢纽页 / 现有区域指南,31.4,,en,缺口
best esim for uk from canada,区域,区域,（无区域页）,建议：区域枢纽页 / 现有区域指南,31.4,,en,缺口
best travel esim for malaysia and singapore,区域,区域,（无区域页）,建议：区域枢纽页 / 现有区域指南,31.4,,en,缺口
breeze esim oceania,区域,区域,（无区域页）,建议：区域枢纽页 / 现有区域指南,31.4,,en,已覆盖
cheap esim for korea and japan,区域,区域,（无区域页）,建议：区域枢纽页 / 现有区域指南,31.4,,en,缺口
cheapest esim for canada from australia,区域,区域,（无区域页）,建议：区域枢纽页 / 现有区域指南,31.4,,en,缺口
cheapest esim for japan and south korea,区域,区域,（无区域页）,建议：区域枢纽页 / 现有区域指南,31.4,,en,缺口
cheapest esim for japan from uk,区域,区域,（无区域页）,建议：区域枢纽页 / 现有区域指南,31.4,,en,缺口
cheapest esim for vietnam and thailand,区域,区域,（无区域页）,建议：区域枢纽页 / 现有区域指南,31.4,,en,缺口
does japan esim work in korea,区域,区域,（无区域页）,建议：区域枢纽页 / 现有区域指南,31.4,,en,缺口
does korea esim work in japan,区域,区域,（无区域页）,建议：区域枢纽页 / 现有区域指南,31.4,,en,缺口
does thailand esim work in malaysia,区域,区域,（无区域页）,建议：区域枢纽页 / 现有区域指南,31.4,,en,缺口
e sim for us and canada,区域,区域,（无区域页）,建议：区域枢纽页 / 现有区域指南,31.4,,en,缺口
esim asia best,区域,区域,（无区域页）,建议：区域枢纽页 / 现有区域指南,31.4,,en,已覆盖
esim australia from nz,区域,区域,（无区域页）,建议：区域枢纽页 / 现有区域指南,31.4,,en,缺口
esim balkans kosovo,区域,区域,（无区域页）,建议：区域枢纽页 / 现有区域指南,31.4,,en,缺口
esim balkans roaming,区域,区域,（无区域页）,建议：区域枢纽页 / 现有区域指南,31.4,,en,缺口
esim caribbean 14 days,区域,区域,（无区域页）,建议：区域枢纽页 / 现有区域指南,31.4,,en,已覆盖
esim china and hong kong,区域,区域,（无区域页）,建议：区域枢纽页 / 现有区域指南,31.4,,en,缺口
esim china hongkong macao,区域,区域,（无区域页）,建议：区域枢纽页 / 现有区域指南,31.4,,en,缺口
esim china vietnam,区域,区域,（无区域页）,建议：区域枢纽页 / 现有区域指南,31.4,,en,缺口
esim data plan europe,区域,区域,（无区域页）,建议：区域枢纽页 / 现有区域指南,31.4,,en,已覆盖
esim europe calls and data,区域,区域,（无区域页）,建议：区域枢纽页 / 现有区域指南,31.4,,en,已覆盖
esim europe unlimited,区域,区域,（无区域页）,建议：区域枢纽页 / 现有区域指南,31.4,,en,已覆盖
esim for asia trip,区域,区域,（无区域页）,建议：区域枢纽页 / 现有区域指南,31.4,,en,已覆盖
esim for australian in europe,区域,区域,（无区域页）,建议：区域枢纽页 / 现有区域指南,31.4,,en,已覆盖
esim for austria and czech republic,区域,区域,（无区域页）,建议：区域枢纽页 / 现有区域指南,31.4,,en,缺口
esim for canada and us,区域,区域,（无区域页）,建议：区域枢纽页 / 现有区域指南,31.4,,en,缺口
esim for china and japan,区域,区域,（无区域页）,建议：区域枢纽页 / 现有区域指南,31.4,,en,缺口
esim for china and philippines,区域,区域,（无区域页）,建议：区域枢纽页 / 现有区域指南,31.4,,en,缺口
esim for croatia and italy,区域,区域,（无区域页）,建议：区域枢纽页 / 现有区域指南,31.4,,en,缺口
esim for england and spain,区域,区域,（无区域页）,建议：区域枢纽页 / 现有区域指南,31.4,,en,缺口
esim for europe from.canada,区域,区域,（无区域页）,建议：区域枢纽页 / 现有区域指南,31.4,,en,已覆盖
esim for europe iphone,区域,区域,（无区域页）,建议：区域枢纽页 / 现有区域指南,31.4,,en,已覆盖
esim for india from canada,区域,区域,（无区域页）,建议：区域枢纽页 / 现有区域指南,31.4,,en,缺口
esim for india travel from australia,区域,区域,（无区域页）,建议：区域枢纽页 / 现有区域指南,31.4,,en,缺口
esim for indonesia and malaysia,区域,区域,（无区域页）,建议：区域枢纽页 / 现有区域指南,31.4,,en,缺口
esim for japan and singapore,区域,区域,（无区域页）,建议：区域枢纽页 / 现有区域指南,31.4,,en,缺口
esim for korea and china,区域,区域,（无区域页）,建议：区域枢纽页 / 现有区域指南,31.4,,en,缺口
esim for malaysia from india,区域,区域,（无区域页）,建议：区域枢纽页 / 现有区域指南,31.4,,en,缺口
esim for netherlands and france,区域,区域,（无区域页）,建议：区域枢纽页 / 现有区域指南,31.4,,en,缺口
esim for portugal and uk,区域,区域,（无区域页）,建议：区域枢纽页 / 现有区域指南,31.4,,en,缺口
esim for south africa from australia,区域,区域,（无区域页）,建议：区域枢纽页 / 现有区域指南,31.4,,en,已覆盖
esim for spain and france,区域,区域,（无区域页）,建议：区域枢纽页 / 现有区域指南,31.4,,en,缺口
esim for taiwan and korea,区域,区域,（无区域页）,建议：区域枢纽页 / 现有区域指南,31.4,,en,缺口
esim for thailand and singapore,区域,区域,（无区域页）,建议：区域枢纽页 / 现有区域指南,31.4,,en,缺口
esim for uae and qatar,区域,区域,（无区域页）,建议：区域枢纽页 / 现有区域指南,31.4,,en,缺口
esim for uk from canada,区域,区域,（无区域页）,建议：区域枢纽页 / 现有区域指南,31.4,,en,缺口
esim for vietnam and thailand,区域,区域,（无区域页）,建议：区域枢纽页 / 现有区域指南,31.4,,en,缺口
esim india from australia,区域,区域,（无区域页）,建议：区域枢纽页 / 现有区域指南,31.4,,en,缺口
esim malaysia singapore reddit,区域,区域,（无区域页）,建议：区域枢纽页 / 现有区域指南,31.4,,en,缺口
esim morocco uk,区域,区域,（无区域页）,建议：区域枢纽页 / 现有区域指南,31.4,,en,缺口
esim north america reddit,区域,区域,（无区域页）,建议：区域枢纽页 / 现有区域指南,31.4,,en,已覆盖
esim philippines and thailand,区域,区域,（无区域页）,建议：区域枢纽页 / 现有区域指南,31.4,,en,缺口
esim singapore and indonesia,区域,区域,（无区域页）,建议：区域枢纽页 / 现有区域指南,31.4,,en,缺口
esim south america compare,区域,区域,（无区域页）,建议：区域枢纽页 / 现有区域指南,31.4,,en,已覆盖
esim taiwan and japan,区域,区域,（无区域页）,建议：区域枢纽页 / 现有区域指南,31.4,,en,缺口
esim usa and canada unlimited,区域,区域,（无区域页）,建议：区域枢纽页 / 现有区域指南,31.4,,en,缺口
europe esim unlimited data 14 days,区域,区域,（无区域页）,建议：区域枢纽页 / 现有区域指南,31.4,,en,已覆盖
europe esim unlimited data hotspot,区域,区域,（无区域页）,建议：区域枢纽页 / 现有区域指南,31.4,,en,已覆盖
ezy esim southeast asia,区域,区域,（无区域页）,建议：区域枢纽页 / 现有区域指南,31.4,,en,已覆盖
japan esim card australia,区域,区域,（无区域页）,建议：区域枢纽页 / 现有区域指南,31.4,,en,缺口
nomad esim china and hong kong,区域,区域,（无区域页）,建议：区域枢纽页 / 现有区域指南,31.4,,en,已覆盖
nomad esim china hong kong,区域,区域,（无区域页）,建议：区域枢纽页 / 现有区域指南,31.4,,en,已覆盖
nomad esim japan china,区域,区域,（无区域页）,建议：区域枢纽页 / 现有区域指南,31.4,,en,已覆盖
oceania esim with phone number,区域,区域,（无区域页）,建议：区域枢纽页 / 现有区域指南,31.4,,en,已覆盖
saily esim japan and taiwan,区域,区域,（无区域页）,建议：区域枢纽页 / 现有区域指南,31.4,,en,已覆盖
saily esim thailand uk,区域,区域,（无区域页）,建议：区域枢纽页 / 现有区域指南,31.4,,en,已覆盖
southeast asia esim,区域,区域,（无区域页）,建议：区域枢纽页 / 现有区域指南,31.4,,en,已覆盖
ubigi esim china and japan,区域,区域,（无区域页）,建议：区域枢纽页 / 现有区域指南,31.4,,en,已覆盖
ubigi esim south korea and japan,区域,区域,（无区域页）,建议：区域枢纽页 / 现有区域指南,31.4,,en,已覆盖
vietnam esim australia,区域,区域,（无区域页）,建议：区域枢纽页 / 现有区域指南,31.4,,en,缺口
best esim for india and thailand,区域,区域,（无区域页）,建议：区域枢纽页 / 现有区域指南,30.9,,en,缺口
best esim for poland and czech republic,区域,区域,（无区域页）,建议：区域枢纽页 / 现有区域指南,30.9,,en,缺口
best esim for usa travel from australia,区域,区域,（无区域页）,建议：区域枢纽页 / 现有区域指南,30.9,,en,缺口
best esim for vietnam cambodia and thailand,区域,区域,（无区域页）,建议：区域枢纽页 / 现有区域指南,30.9,,en,缺口
holafly esim for hong kong and china,区域,区域,（无区域页）,建议：区域枢纽页 / 现有区域指南,30.9,,en,已覆盖
holafly esim for usa and canada,区域,区域,（无区域页）,建议：区域枢纽页 / 现有区域指南,30.9,,en,已覆盖
saily esim ireland and uk,区域,区域,（无区域页）,建议：区域枢纽页 / 现有区域指南,30.9,,en,已覆盖
esim for uk france and italy,区域,区域,（无区域页）,建议：区域枢纽页 / 现有区域指南,30.4,,en,缺口
esim usa and mexico,区域,区域,（无区域页）,建议：区域枢纽页 / 现有区域指南,30.4,,en,缺口
esim usa mexico reddit,区域,区域,（无区域页）,建议：区域枢纽页 / 现有区域指南,30.4,,en,缺口
airalo esim uk and ireland,区域,区域,（无区域页）,建议：区域枢纽页 / 现有区域指南,29.5,,en,已覆盖
best esim card for france and italy,区域,区域,（无区域页）,建议：区域枢纽页 / 现有区域指南,29.5,,en,缺口
best esim for thailand vietnam and bali,区域,区域,（无区域页）,建议：区域枢纽页 / 现有区域指南,29.5,,en,缺口
best esim for uk ireland and europe,区域,区域,（无区域页）,建议：区域枢纽页 / 现有区域指南,29.5,,en,已覆盖
best esim.for.france spain and portugal,区域,区域,（无区域页）,建议：区域枢纽页 / 现有区域指南,29.5,,en,缺口
cheapest esim for europe,区域,区域,（无区域页）,建议：区域枢纽页 / 现有区域指南,29.5,,en,已覆盖
cheapest esim middle east,区域,区域,（无区域页）,建议：区域枢纽页 / 现有区域指南,29.5,,en,已覆盖
esim card for france and italy,区域,区域,（无区域页）,建议：区域枢纽页 / 现有区域指南,29.5,,en,缺口
esim card for spain and portugal,区域,区域,（无区域页）,建议：区域枢纽页 / 现有区域指南,29.5,,en,缺口
esim card portugal and spain,区域,区域,（无区域页）,建议：区域枢纽页 / 现有区域指南,29.5,,en,缺口
esim for italy and france,区域,区域,（无区域页）,建议：区域枢纽页 / 现有区域指南,29.5,,en,缺口
esim for italy and switzerland,区域,区域,（无区域页）,建议：区域枢纽页 / 现有区域指南,29.5,,en,缺口
esim for japan and china,区域,区域,（无区域页）,建议：区域枢纽页 / 现有区域指南,29.5,,en,缺口
esim for singapore and vietnam,区域,区域,（无区域页）,建议：区域枢纽页 / 现有区域指南,29.5,,en,缺口
nomad esim usa and canada,区域,区域,（无区域页）,建议：区域枢纽页 / 现有区域指南,29.5,,en,已覆盖
saily esim japan and korea,区域,区域,（无区域页）,建议：区域枢纽页 / 现有区域指南,29.5,,en,已覆盖
saily esim uk and france,区域,区域,（无区域页）,建议：区域枢纽页 / 现有区域指南,29.5,,en,已覆盖
uk ireland esim card,区域,区域,（无区域页）,建议：区域枢纽页 / 现有区域指南,29.5,,en,缺口
airalo esim china hong kong macau,区域,区域,（无区域页）,建议：区域枢纽页 / 现有区域指南,29.0,,en,已覆盖
airalo esim france and italy,区域,区域,（无区域页）,建议：区域枢纽页 / 现有区域指南,29.0,,en,已覆盖
best esim for france italy and spain,区域,区域,（无区域页）,建议：区域枢纽页 / 现有区域指南,29.0,,en,缺口
best esim for south africa from uk,区域,区域,（无区域页）,建议：区域枢纽页 / 现有区域指南,29.0,,en,已覆盖
best esim for usa travel from uk,区域,区域,（无区域页）,建议：区域枢纽页 / 现有区域指南,29.0,,en,缺口
esim for ireland and england,区域,区域,（无区域页）,建议：区域枢纽页 / 现有区域指南,29.0,,en,缺口
esim for uk and france,区域,区域,（无区域页）,建议：区域枢纽页 / 现有区域指南,29.0,,en,缺口
esim for usa travel from india,区域,区域,（无区域页）,建议：区域枢纽页 / 现有区域指南,29.0,,en,缺口
esim latin america,区域,区域,（无区域页）,建议：区域枢纽页 / 现有区域指南,29.0,,en,已覆盖
esim latin america cheap,区域,区域,（无区域页）,建议：区域枢纽页 / 现有区域指南,29.0,,en,已覆盖
japan korea esim unlimited data,区域,区域,（无区域页）,建议：区域枢纽页 / 现有区域指南,29.0,,en,缺口
singapore malaysia esim card,区域,区域,（无区域页）,建议：区域枢纽页 / 现有区域指南,29.0,,en,缺口
cheapest esim for uk and france,区域,区域,（无区域页）,建议：区域枢纽页 / 现有区域指南,28.5,,en,缺口
holafly esim usa and mexico,区域,区域,（无区域页）,建议：区域枢纽页 / 现有区域指南,28.5,,en,已覆盖
esim for usa and canada travel,区域,区域,（无区域页）,建议：区域枢纽页 / 现有区域指南,28.0,,en,缺口
esim for europe travel,区域,区域,（无区域页）,建议：区域枢纽页 / 现有区域指南,27.9,,en,已覆盖
airalo esim japan and south korea,区域,区域,（无区域页）,建议：区域枢纽页 / 现有区域指南,27.6,,en,已覆盖
airalo esim thailand and vietnam,区域,区域,（无区域页）,建议：区域枢纽页 / 现有区域指南,27.6,,en,已覆盖
australia and new zealand esim card,区域,区域,（无区域页）,建议：区域枢纽页 / 现有区域指南,27.6,,en,缺口
australia sim card for tourist singapore,区域,区域,（无区域页）,建议：区域枢纽页 / 现有区域指南,27.6,,en,缺口
best esim card for singapore and malaysia,区域,区域,（无区域页）,建议：区域枢纽页 / 现有区域指南,27.6,,en,缺口
best esim europe 2026,区域,区域,（无区域页）,建议：区域枢纽页 / 现有区域指南,27.6,,en,已覆盖
best esim for africa safari,区域,区域,（无区域页）,建议：区域枢纽页 / 现有区域指南,27.6,,en,已覆盖
best esim for asia travel reddit,区域,区域,（无区域页）,建议：区域枢纽页 / 现有区域指南,27.6,,en,已覆盖
best esim for austria and italy,区域,区域,（无区域页）,建议：区域枢纽页 / 现有区域指南,27.6,,en,缺口
best esim for backpacking southeast asia,区域,区域,（无区域页）,建议：区域枢纽页 / 现有区域指南,27.6,,en,已覆盖
best esim for canada from australia,区域,区域,（无区域页）,建议：区域枢纽页 / 现有区域指南,27.6,,en,缺口
best esim for china from australia,区域,区域,（无区域页）,建议：区域枢纽页 / 现有区域指南,27.6,,en,缺口
best esim for china from uk,区域,区域,（无区域页）,建议：区域枢纽页 / 现有区域指南,27.6,,en,缺口
best esim for china hong kong and taiwan,区域,区域,（无区域页）,建议：区域枢纽页 / 现有区域指南,27.6,,en,缺口
best esim for croatia and greece,区域,区域,（无区域页）,建议：区域枢纽页 / 现有区域指南,27.6,,en,缺口
best esim for europe with phone number,区域,区域,（无区域页）,建议：区域枢纽页 / 现有区域指南,27.6,,en,已覆盖
best esim for fiji from nz,区域,区域,（无区域页）,建议：区域枢纽页 / 现有区域指南,27.6,,en,缺口
best esim for france and switzerland,区域,区域,（无区域页）,建议：区域枢纽页 / 现有区域指南,27.6,,en,缺口
best esim for germany and france,区域,区域,（无区域页）,建议：区域枢纽页 / 现有区域指南,27.6,,en,缺口
best esim for hong kong and vietnam,区域,区域,（无区域页）,建议：区域枢纽页 / 现有区域指南,27.6,,en,缺口
best esim for india from canada,区域,区域,（无区域页）,建议：区域枢纽页 / 现有区域指南,27.6,,en,缺口
best esim for italy and austria,区域,区域,（无区域页）,建议：区域枢纽页 / 现有区域指南,27.6,,en,缺口
best esim for italy and uk,区域,区域,（无区域页）,建议：区域枢纽页 / 现有区域指南,27.6,,en,缺口
best esim for italy from uk,区域,区域,（无区域页）,建议：区域枢纽页 / 现有区域指南,27.6,,en,缺口
best esim for kenya from uk,区域,区域,（无区域页）,建议：区域枢纽页 / 现有区域指南,27.6,,en,缺口
best esim for korea and china,区域,区域,（无区域页）,建议：区域枢纽页 / 现有区域指南,27.6,,en,缺口
best esim for malaysia from australia,区域,区域,（无区域页）,建议：区域枢纽页 / 现有区域指南,27.6,,en,缺口
best esim for mexico and usa,区域,区域,（无区域页）,建议：区域枢纽页 / 现有区域指南,27.6,,en,缺口
best esim for portugal and morocco,区域,区域,（无区域页）,建议：区域枢纽页 / 现有区域指南,27.6,,en,缺口
best esim for singapore from australia,区域,区域,（无区域页）,建议：区域枢纽页 / 现有区域指南,27.6,,en,缺口
best esim for south american,区域,区域,（无区域页）,建议：区域枢纽页 / 现有区域指南,27.6,,en,已覆盖
best esim for taiwan and vietnam,区域,区域,（无区域页）,建议：区域枢纽页 / 现有区域指南,27.6,,en,缺口
best esim for travel to usa and canada from australia,区域,区域,（无区域页）,建议：区域枢纽页 / 现有区域指南,27.6,,en,缺口
best esim for vietnam from uk,区域,区域,（无区域页）,建议：区域枢纽页 / 现有区域指南,27.6,,en,缺口
caribbean esim reddit,区域,区域,（无区域页）,建议：区域枢纽页 / 现有区域指南,27.6,,en,已覆盖
cheap esim for japan and korea,区域,区域,（无区域页）,建议：区域枢纽页 / 现有区域指南,27.6,,en,缺口
cheapest esim singapore and malaysia,区域,区域,（无区域页）,建议：区域枢纽页 / 现有区域指南,27.6,,en,缺口
cheapest esim spain and portugal,区域,区域,（无区域页）,建议：区域枢纽页 / 现有区域指南,27.6,,en,缺口
claro esim central america,区域,区域,（无区域页）,建议：区域枢纽页 / 现有区域指南,27.6,,en,已覆盖
do i need a uk esim for northern ireland,区域,区域,（无区域页）,建议：区域枢纽页 / 现有区域指南,27.6,,en,缺口
does airalo china esim work in hong kong,区域,区域,（无区域页）,建议：区域枢纽页 / 现有区域指南,27.6,,en,已覆盖
esim africa vodafone,区域,区域,（无区域页）,建议：区域枢纽页 / 现有区域指南,27.6,,en,已覆盖
esim asialink,区域,区域,（无区域页）,建议：区域枢纽页 / 现有区域指南,27.6,,en,已覆盖
esim canada from australia,区域,区域,（无区域页）,建议：区域枢纽页 / 现有区域指南,27.6,,en,缺口
esim card for central america,区域,区域,（无区域页）,建议：区域枢纽页 / 现有区域指南,27.6,,en,已覆盖
esim card for japan and south korea,区域,区域,（无区域页）,建议：区域枢纽页 / 现有区域指南,27.6,,en,缺口
esim card for thailand and vietnam,区域,区域,（无区域页）,建议：区域枢纽页 / 现有区域指南,27.6,,en,缺口
esim card for usa and canada,区域,区域,（无区域页）,建议：区域枢纽页 / 现有区域指南,27.6,,en,缺口
esim china singapore,区域,区域,（无区域页）,建议：区域枢纽页 / 现有区域指南,27.6,,en,缺口
esim colombia and peru,区域,区域,（无区域页）,建议：区域枢纽页 / 现有区域指南,27.6,,en,缺口
esim data only europe,区域,区域,（无区域页）,建议：区域枢纽页 / 现有区域指南,27.6,,en,已覆盖
esim for america and caribbean,区域,区域,（无区域页）,建议：区域枢纽页 / 现有区域指南,27.6,,en,已覆盖
esim for asia unlimited data,区域,区域,（无区域页）,建议：区域枢纽页 / 现有区域指南,27.6,,en,已覆盖
esim for australia from canada,区域,区域,（无区域页）,建议：区域枢纽页 / 现有区域指南,27.6,,en,缺口
esim for australians travelling to europe,区域,区域,（无区域页）,建议：区域枢纽页 / 现有区域指南,27.6,,en,已覆盖
esim for croatia and greece,区域,区域,（无区域页）,建议：区域枢纽页 / 现有区域指南,27.6,,en,缺口
esim for cruise europe,区域,区域,（无区域页）,建议：区域枢纽页 / 现有区域指南,27.6,,en,已覆盖
esim for england and italy,区域,区域,（无区域页）,建议：区域枢纽页 / 现有区域指南,27.6,,en,缺口
esim for europe 1 week,区域,区域,（无区域页）,建议：区域枢纽页 / 现有区域指南,27.6,,en,已覆盖
esim for europe and turkey,区域,区域,（无区域页）,建议：区域枢纽页 / 现有区域指南,27.6,,en,已覆盖
esim for europe trip,区域,区域,（无区域页）,建议：区域枢纽页 / 现有区域指南,27.6,,en,已覆盖
esim for france and italy,区域,区域,（无区域页）,建议：区域枢纽页 / 现有区域指南,27.6,,en,缺口
esim for germany and italy,区域,区域,（无区域页）,建议：区域枢纽页 / 现有区域指南,27.6,,en,缺口
esim for greece and egypt,区域,区域,（无区域页）,建议：区域枢纽页 / 现有区域指南,27.6,,en,缺口
esim for hong kong and singapore,区域,区域,（无区域页）,建议：区域枢纽页 / 现有区域指南,27.6,,en,缺口
esim for japan and south korea,区域,区域,（无区域页）,建议：区域枢纽页 / 现有区域指南,27.6,,en,缺口
esim for korea and taiwan,区域,区域,（无区域页）,建议：区域枢纽页 / 现有区域指南,27.6,,en,缺口
esim for malaysia singapore and indonesia,区域,区域,（无区域页）,建议：区域枢纽页 / 现有区域指南,27.6,,en,缺口
esim for morocco and spain,区域,区域,（无区域页）,建议：区域枢纽页 / 现有区域指南,27.6,,en,缺口
esim for philippines and malaysia,区域,区域,（无区域页）,建议：区域枢纽页 / 现有区域指南,27.6,,en,缺口
esim for philippines and singapore,区域,区域,（无区域页）,建议：区域枢纽页 / 现有区域指南,27.6,,en,缺口
esim for portugal and morocco,区域,区域,（无区域页）,建议：区域枢纽页 / 现有区域指南,27.6,,en,缺口
esim for spain and italy,区域,区域,（无区域页）,建议：区域枢纽页 / 现有区域指南,27.6,,en,缺口
esim for switzerland and germany,区域,区域,（无区域页）,建议：区域枢纽页 / 现有区域指南,27.6,,en,缺口
esim for usa travel from australia,区域,区域,（无区域页）,建议：区域枢纽页 / 现有区域指南,27.6,,en,缺口
esim hong kong and japan,区域,区域,（无区域页）,建议：区域枢纽页 / 现有区域指南,27.6,,en,缺口
esim hong kong macao china,区域,区域,（无区域页）,建议：区域枢纽页 / 现有区域指南,27.6,,en,缺口
esim japan reddit singapore,区域,区域,（无区域页）,建议：区域枢纽页 / 现有区域指南,27.6,,en,缺口
esim new zealand and australia,区域,区域,（无区域页）,建议：区域枢纽页 / 现有区域指南,27.6,,en,缺口
esim north america compare,区域,区域,（无区域页）,建议：区域枢纽页 / 现有区域指南,27.6,,en,已覆盖
esim nz to australia,区域,区域,（无区域页）,建议：区域枢纽页 / 现有区域指南,27.6,,en,缺口
esim singapore indonesia,区域,区域,（无区域页）,建议：区域枢纽页 / 现有区域指南,27.6,,en,缺口
esim south america best,区域,区域,（无区域页）,建议：区域枢纽页 / 现有区域指南,27.6,,en,已覆盖
esim south east asia unlimited,区域,区域,（无区域页）,建议：区域枢纽页 / 现有区域指南,27.6,,en,已覆盖
esim spain and france,区域,区域,（无区域页）,建议：区域枢纽页 / 现有区域指南,27.6,,en,缺口
esim switzerland and france,区域,区域,（无区域页）,建议：区域枢纽页 / 现有区域指南,27.6,,en,缺口
europe esim unlimited data 10 days,区域,区域,（无区域页）,建议：区域枢纽页 / 现有区域指南,27.6,,en,已覆盖
holafly esim china hong kong,区域,区域,（无区域页）,建议：区域枢纽页 / 现有区域指南,27.6,,en,已覆盖
holafly esim china hong kong macau,区域,区域,（无区域页）,建议：区域枢纽页 / 现有区域指南,27.6,,en,已覆盖
holafly esim usa and canada,区域,区域,（无区域页）,建议：区域枢纽页 / 现有区域指南,27.6,,en,已覆盖
japan esim singapore reddit,区域,区域,（无区域页）,建议：区域枢纽页 / 现有区域指南,27.6,,en,缺口
malaysia sim card for tourist in india,区域,区域,（无区域页）,建议：区域枢纽页 / 现有区域指南,27.6,,en,缺口
oceania esim reddit,区域,区域,（无区域页）,建议：区域枢纽页 / 现有区域指南,27.6,,en,已覆盖
singapore malaysia bali esim,区域,区域,（无区域页）,建议：区域枢纽页 / 现有区域指南,27.6,,en,缺口
southeast asia esim unlimited,区域,区域,（无区域页）,建议：区域枢纽页 / 现有区域指南,27.6,,en,已覆盖
cheapest esim europe,区域,区域,（无区域页）,建议：区域枢纽页 / 现有区域指南,27.1,,en,已覆盖
esim canada and uk,区域,区域,（无区域页）,建议：区域枢纽页 / 现有区域指南,27.1,,en,缺口
esim europe unlimited data 5g,区域,区域,（无区域页）,建议：区域枢纽页 / 现有区域指南,27.1,,en,已覆盖
nomad esim china japan korea,区域,区域,（无区域页）,建议：区域枢纽页 / 现有区域指南,27.1,,en,已覆盖
nomad esim for usa and canada,区域,区域,（无区域页）,建议：区域枢纽页 / 现有区域指南,27.1,,en,已覆盖
nomad esim singapore thailand,区域,区域,（无区域页）,建议：区域枢纽页 / 现有区域指南,27.1,,en,已覆盖
saily esim for hong kong and china,区域,区域,（无区域页）,建议：区域枢纽页 / 现有区域指南,27.1,,en,已覆盖
best esim for austria and czech republic,区域,区域,（无区域页）,建议：区域枢纽页 / 现有区域指南,26.6,,en,缺口
best esim for ireland and uk reddit,区域,区域,（无区域页）,建议：区域枢纽页 / 现有区域指南,26.6,,en,缺口
best esim for usa and mexico,区域,区域,（无区域页）,建议：区域枢纽页 / 现有区域指南,26.6,,en,缺口
cheapest esim for usa and mexico,区域,区域,（无区域页）,建议：区域枢纽页 / 现有区域指南,26.6,,en,缺口
esim usa canada unlimited data,区域,区域,（无区域页）,建议：区域枢纽页 / 现有区域指南,26.6,,en,缺口
best esim for europe and uk from australia,区域,区域,（无区域页）,建议：区域枢纽页 / 现有区域指南,25.8,,en,已覆盖
best esim for uk and ireland iphone,区域,区域,（无区域页）,建议：区域枢纽页 / 现有区域指南,25.8,,en,缺口
best esim for vietnam and thailand,区域,区域,（无区域页）,建议：区域枢纽页 / 现有区域指南,25.8,,en,缺口
best esim for vietnam cambodia and singapore,区域,区域,（无区域页）,建议：区域枢纽页 / 现有区域指南,25.8,,en,缺口
best travel esim for spain and portugal,区域,区域,（无区域页）,建议：区域枢纽页 / 现有区域指南,25.8,,en,缺口
esim asian,区域,区域,（无区域页）,建议：区域枢纽页 / 现有区域指南,25.8,,en,已覆盖
esim for canada from ireland,区域,区域,（无区域页）,建议：区域枢纽页 / 现有区域指南,25.8,,en,缺口
esim for europe with phone number,区域,区域,（无区域页）,建议：区域枢纽页 / 现有区域指南,25.8,,en,已覆盖
esim uk and france reddit,区域,区域,（无区域页）,建议：区域枢纽页 / 现有区域指南,25.8,,en,缺口
holafly esim south korea and japan,区域,区域,（无区域页）,建议：区域枢纽页 / 现有区域指南,25.8,,en,已覆盖
how to get esim for india from usa,区域,区域,（无区域页）,建议：区域枢纽页 / 现有区域指南,25.8,,en,缺口
nomad esim china korea,区域,区域,（无区域页）,建议：区域枢纽页 / 现有区域指南,25.8,,en,已覆盖
vodafone esim ireland and uk,区域,区域,（无区域页）,建议：区域枢纽页 / 现有区域指南,25.8,,en,缺口
esim europe unlimited data,区域,区域,（无区域页）,建议：区域枢纽页 / 现有区域指南,25.6,,en,已覆盖
best esim for netherlands and italy,区域,区域,（无区域页）,建议：区域枢纽页 / 现有区域指南,25.2,,en,缺口
best esim for switzerland and austria,区域,区域,（无区域页）,建议：区域枢纽页 / 现有区域指南,25.2,,en,缺口
best esim for thailand laos and vietnam,区域,区域,（无区域页）,建议：区域枢纽页 / 现有区域指南,25.2,,en,缺口
best travel.esim for uk and france,区域,区域,（无区域页）,建议：区域枢纽页 / 现有区域指南,25.2,,en,缺口
does italy esim work in switzerland,区域,区域,（无区域页）,建议：区域枢纽页 / 现有区域指南,25.2,,en,缺口
esim canada usa unlimited data,区域,区域,（无区域页）,建议：区域枢纽页 / 现有区域指南,25.2,,en,缺口
esim england and france,区域,区域,（无区域页）,建议：区域枢纽页 / 现有区域指南,25.2,,en,缺口
ubigi esim japan south korea,区域,区域,（无区域页）,建议：区域枢纽页 / 现有区域指南,25.2,,en,已覆盖
which is the best esim for usa from australia,区域,区域,（无区域页）,建议：区域枢纽页 / 现有区域指南,25.2,,en,缺口
travel esim europe,区域,区域,（无区域页）,建议：区域枢纽页 / 现有区域指南,24.4,,en,已覆盖
airalo esim for australia and new zealand,区域,区域,（无区域页）,建议：区域枢纽页 / 现有区域指南,23.9,,en,已覆盖
australia singapore esim,区域,区域,（无区域页）,建议：区域枢纽页 / 现有区域指南,23.9,,en,缺口
best esim for americans in europe,区域,区域,（无区域页）,建议：区域枢纽页 / 现有区域指南,23.9,,en,已覆盖
best esim for australia and singapore,区域,区域,（无区域页）,建议：区域枢纽页 / 现有区域指南,23.9,,en,缺口
best esim for backpacking south america,区域,区域,（无区域页）,建议：区域枢纽页 / 现有区域指南,23.9,,en,已覆盖
best esim for canada from ireland,区域,区域,（无区域页）,建议：区域枢纽页 / 现有区域指南,23.9,,en,缺口
best esim for china and hong kong with vpn,区域,区域,（无区域页）,建议：区域枢纽页 / 现有区域指南,23.9,,en,缺口
best esim for china and japan,区域,区域,（无区域页）,建议：区域枢纽页 / 现有区域指南,23.9,,en,缺口
best esim for costa rica and usa,区域,区域,（无区域页）,建议：区域枢纽页 / 现有区域指南,23.9,,en,缺口
best esim for england and italy,区域,区域,（无区域页）,建议：区域枢纽页 / 现有区域指南,23.9,,en,缺口
best esim for europe travel reddit,区域,区域,（无区域页）,建议：区域枢纽页 / 现有区域指南,23.9,,en,已覆盖
best esim for greece from australia,区域,区域,（无区域页）,建议：区域枢纽页 / 现有区域指南,23.9,,en,缺口
best esim for hong kong and singapore,区域,区域,（无区域页）,建议：区域枢纽页 / 现有区域指南,23.9,,en,缺口
best esim for india and singapore,区域,区域,（无区域页）,建议：区域枢纽页 / 现有区域指南,23.9,,en,缺口
best esim for indonesia and malaysia,区域,区域,（无区域页）,建议：区域枢纽页 / 现有区域指南,23.9,,en,缺口
best esim for indonesia and thailand,区域,区域,（无区域页）,建议：区域枢纽页 / 现有区域指南,23.9,,en,缺口
best esim for italy and spain,区域,区域,（无区域页）,建议：区域枢纽页 / 现有区域指南,23.9,,en,缺口
best esim for japan and taiwan,区域,区域,（无区域页）,建议：区域枢纽页 / 现有区域指南,23.9,,en,缺口
best esim for japan travel from australia,区域,区域,（无区域页）,建议：区域枢纽页 / 现有区域指南,23.9,,en,缺口
best esim for korea and taiwan,区域,区域,（无区域页）,建议：区域枢纽页 / 现有区域指南,23.9,,en,缺口
best esim for morocco and spain,区域,区域,（无区域页）,建议：区域枢纽页 / 现有区域指南,23.9,,en,缺口
best esim for philippines and thailand,区域,区域,（无区域页）,建议：区域枢纽页 / 现有区域指南,23.9,,en,缺口
best esim for singapore and uk,区域,区域,（无区域页）,建议：区域枢纽页 / 现有区域指南,23.9,,en,缺口
best esim for singapore and vietnam,区域,区域,（无区域页）,建议：区域枢纽页 / 现有区域指南,23.9,,en,缺口
best esim for spain and italy,区域,区域,（无区域页）,建议：区域枢纽页 / 现有区域指南,23.9,,en,缺口
best esim for taiwan and south korea,区域,区域,（无区域页）,建议：区域枢纽页 / 现有区域指南,23.9,,en,缺口
best esim for thailand and malaysia,区域,区域,（无区域页）,建议：区域枢纽页 / 现有区域指南,23.9,,en,缺口
best esim for uae and saudi arabia,区域,区域,（无区域页）,建议：区域枢纽页 / 现有区域指南,23.9,,en,缺口
best esim for uk and italy,区域,区域,（无区域页）,建议：区域枢纽页 / 现有区域指南,23.9,,en,缺口
best esim for usa from india,区域,区域,（无区域页）,建议：区域枢纽页 / 现有区域指南,23.9,,en,缺口
best esim provider for south america,区域,区域,（无区域页）,建议：区域枢纽页 / 现有区域指南,23.9,,en,已覆盖
best international esim for africa,区域,区域,（无区域页）,建议：区域枢纽页 / 现有区域指南,23.9,,en,已覆盖
best sim card for spain and portugal,区域,区域,（无区域页）,建议：区域枢纽页 / 现有区域指南,23.9,,en,缺口
cheapest esim for thailand and singapore,区域,区域,（无区域页）,建议：区域枢纽页 / 现有区域指南,23.9,,en,缺口
cheapest esim malaysia singapore,区域,区域,（无区域页）,建议：区域枢纽页 / 现有区域指南,23.9,,en,缺口
does nomad china esim work in hong kong,区域,区域,（无区域页）,建议：区域枢纽页 / 现有区域指南,23.9,,en,已覆盖
does nomad esim china work in hong kong,区域,区域,（无区域页）,建议：区域枢纽页 / 现有区域指南,23.9,,en,已覆盖
does thailand esim work in vietnam,区域,区域,（无区域页）,建议：区域枢纽页 / 现有区域指南,23.9,,en,缺口
does ubigi china esim work in hong kong,区域,区域,（无区域页）,建议：区域枢纽页 / 现有区域指南,23.9,,en,已覆盖
esim asia 15 days,区域,区域,（无区域页）,建议：区域枢纽页 / 现有区域指南,23.9,,en,已覆盖
esim asia 60 days,区域,区域,（无区域页）,建议：区域枢纽页 / 现有区域指南,23.9,,en,已覆盖
esim australia and new zealand,区域,区域,（无区域页）,建议：区域枢纽页 / 现有区域指南,23.9,,en,缺口
esim austria germany,区域,区域,（无区域页）,建议：区域枢纽页 / 现有区域指南,23.9,,en,缺口
esim balkans 30 days,区域,区域,（无区域页）,建议：区域枢纽页 / 现有区域指南,23.9,,en,缺口
esim brazil and peru,区域,区域,（无区域页）,建议：区域枢纽页 / 现有区域指南,23.9,,en,缺口
esim card for italy and switzerland,区域,区域,（无区域页）,建议：区域枢纽页 / 现有区域指南,23.9,,en,缺口
esim card for usa and mexico,区域,区域,（无区域页）,建议：区域枢纽页 / 现有区域指南,23.9,,en,缺口
esim europe 30 days,区域,区域,（无区域页）,建议：区域枢纽页 / 现有区域指南,23.9,,en,已覆盖
esim europe compare,区域,区域,（无区域页）,建议：区域枢纽页 / 现有区域指南,23.9,,en,已覆盖
esim for argentina and peru,区域,区域,（无区域页）,建议：区域枢纽页 / 现有区域指南,23.9,,en,缺口
esim for australia and singapore,区域,区域,（无区域页）,建议：区域枢纽页 / 现有区域指南,23.9,,en,缺口
esim for brazil and peru,区域,区域,（无区域页）,建议：区域枢纽页 / 现有区域指南,23.9,,en,缺口
esim for costa rica from canada,区域,区域,（无区域页）,建议：区域枢纽页 / 现有区域指南,23.9,,en,缺口
esim for europe data and calls,区域,区域,（无区域页）,建议：区域枢纽页 / 现有区域指南,23.9,,en,已覆盖
esim for europe unlimited data,区域,区域,（无区域页）,建议：区域枢纽页 / 现有区域指南,23.9,,en,已覆盖
esim for germany and france,区域,区域,（无区域页）,建议：区域枢纽页 / 现有区域指南,23.9,,en,缺口
esim for hong kong and mainland china,区域,区域,（无区域页）,建议：区域枢纽页 / 现有区域指南,23.9,,en,缺口
esim for hong kong and vietnam,区域,区域,（无区域页）,建议：区域枢纽页 / 现有区域指南,23.9,,en,缺口
esim for iceland and ireland,区域,区域,（无区域页）,建议：区域枢纽页 / 现有区域指南,23.9,,en,缺口
esim for ireland scotland and england,区域,区域,（无区域页）,建议：区域枢纽页 / 现有区域指南,23.9,,en,缺口
esim for italy from australia,区域,区域,（无区域页）,建议：区域枢纽页 / 现有区域指南,23.9,,en,缺口
esim for japan and taiwan,区域,区域,（无区域页）,建议：区域枢纽页 / 现有区域指南,23.9,,en,缺口
esim for japan from india,区域,区域,（无区域页）,建议：区域枢纽页 / 现有区域指南,23.9,,en,缺口
esim for malaysia and china,区域,区域,（无区域页）,建议：区域枢纽页 / 现有区域指南,23.9,,en,缺口
esim for netherlands and switzerland,区域,区域,（无区域页）,建议：区域枢纽页 / 现有区域指南,23.9,,en,缺口
esim for new zealand and singapore,区域,区域,（无区域页）,建议：区域枢纽页 / 现有区域指南,23.9,,en,缺口
esim for nz and fiji,区域,区域,（无区域页）,建议：区域枢纽页 / 现有区域指南,23.9,,en,缺口
esim for one month europe,区域,区域,（无区域页）,建议：区域枢纽页 / 现有区域指南,23.9,,en,已覆盖
esim for peru from uk,区域,区域,（无区域页）,建议：区域枢纽页 / 现有区域指南,23.9,,en,缺口
esim for philippines and hong kong,区域,区域,（无区域页）,建议：区域枢纽页 / 现有区域指南,23.9,,en,缺口
esim for philippines and south korea,区域,区域,（无区域页）,建议：区域枢纽页 / 现有区域指南,23.9,,en,缺口
esim for qatar and thailand,区域,区域,（无区域页）,建议：区域枢纽页 / 现有区域指南,23.9,,en,缺口
esim for singapore from india,区域,区域,（无区域页）,建议：区域枢纽页 / 现有区域指南,23.9,,en,缺口
esim for switzerland and austria,区域,区域,（无区域页）,建议：区域枢纽页 / 现有区域指南,23.9,,en,缺口
esim for thailand and japan,区域,区域,（无区域页）,建议：区域枢纽页 / 现有区域指南,23.9,,en,缺口
esim for thailand and malaysia,区域,区域,（无区域页）,建议：区域枢纽页 / 现有区域指南,23.9,,en,缺口
esim for uae from india,区域,区域,（无区域页）,建议：区域枢纽页 / 现有区域指南,23.9,,en,缺口
esim for uk and italy,区域,区域,（无区域页）,建议：区域枢纽页 / 现有区域指南,23.9,,en,缺口
esim for vietnam and philippines,区域,区域,（无区域页）,建议：区域枢纽页 / 现有区域指南,23.9,,en,缺口
esim for vietnam and singapore,区域,区域,（无区域页）,建议：区域枢纽页 / 现有区域指南,23.9,,en,缺口
esim indonesia and australia,区域,区域,（无区域页）,建议：区域枢纽页 / 现有区域指南,23.9,,en,缺口
esim italy and greece,区域,区域,（无区域页）,建议：区域枢纽页 / 现有区域指南,23.9,,en,缺口
esim japan and korea,区域,区域,（无区域页）,建议：区域枢纽页 / 现有区域指南,23.9,,en,缺口
esim japan and south korea,区域,区域,（无区域页）,建议：区域枢纽页 / 现有区域指南,23.9,,en,缺口
esim japan korea unlimited data,区域,区域,（无区域页）,建议：区域枢纽页 / 现有区域指南,23.9,,en,缺口
esim mexico and usa,区域,区域,（无区域页）,建议：区域枢纽页 / 现有区域指南,23.9,,en,缺口
esim north america data,区域,区域,（无区域页）,建议：区域枢纽页 / 现有区域指南,23.9,,en,已覆盖
esim se asia,区域,区域,（无区域页）,建议：区域枢纽页 / 现有区域指南,23.9,,en,已覆盖
esim south america cheap,区域,区域,（无区域页）,建议：区域枢纽页 / 现有区域指南,23.9,,en,已覆盖
esim taiwan china,区域,区域,（无区域页）,建议：区域枢纽页 / 现有区域指南,23.9,,en,缺口
esim vietnam and thailand,区域,区域,（无区域页）,建议：区域枢纽页 / 现有区域指南,23.9,,en,缺口
europe esim unlimited hotspot,区域,区域,（无区域页）,建议：区域枢纽页 / 现有区域指南,23.9,,en,已覆盖
good esim for africa,区域,区域,（无区域页）,建议：区域枢纽页 / 现有区域指南,23.9,,en,已覆盖
international esim for europe,区域,区域,（无区域页）,建议：区域枢纽页 / 现有区域指南,23.9,,en,已覆盖
japan esim unlimited data australia,区域,区域,（无区域页）,建议：区域枢纽页 / 现有区域指南,23.9,,en,缺口
latin america esim,区域,区域,（无区域页）,建议：区域枢纽页 / 现有区域指南,23.9,,en,已覆盖
saily esim canada usa,区域,区域,（无区域页）,建议：区域枢纽页 / 现有区域指南,23.9,,en,已覆盖
saily esim china hong kong,区域,区域,（无区域页）,建议：区域枢纽页 / 现有区域指南,23.9,,en,已覆盖
singapore sim card for tourist from india,区域,区域,（无区域页）,建议：区域枢纽页 / 现有区域指南,23.9,,en,缺口
travel esim southeast asia,区域,区域,（无区域页）,建议：区域枢纽页 / 现有区域指南,23.9,,en,已覆盖
ubigi esim japan and korea,区域,区域,（无区域页）,建议：区域枢纽页 / 现有区域指南,23.9,,en,已覆盖
vodafone esim middle east,区域,区域,（无区域页）,建议：区域枢纽页 / 现有区域指南,23.9,,en,已覆盖
which is the best esim for usa travel from canada,区域,区域,（无区域页）,建议：区域枢纽页 / 现有区域指南,23.9,,en,缺口
cheap esim for usa and canada,区域,区域,（无区域页）,建议：区域枢纽页 / 现有区域指南,23.4,,en,缺口
nomad esim for hong kong and china,区域,区域,（无区域页）,建议：区域枢纽页 / 现有区域指南,23.4,,en,已覆盖
best esim for france italy and switzerland,区域,区域,（无区域页）,建议：区域枢纽页 / 现有区域指南,22.9,,en,缺口
airalo esim australia to japan,区域,区域,（无区域页）,建议：区域枢纽页 / 现有区域指南,22.0,,en,已覆盖
airalo esim for japan and south korea,区域,区域,（无区域页）,建议：区域枢纽页 / 现有区域指南,22.0,,en,已覆盖
best esim for asian countries,区域,区域,（无区域页）,建议：区域枢纽页 / 现有区域指南,22.0,,en,已覆盖
best esim for uk and republic of ireland,区域,区域,（无区域页）,建议：区域枢纽页 / 现有区域指南,22.0,,en,缺口
esim for china and korea,区域,区域,（无区域页）,建议：区域枢纽页 / 现有区域指南,22.0,,en,缺口
esim for singapore and japan,区域,区域,（无区域页）,建议：区域枢纽页 / 现有区域指南,22.0,,en,缺口
esim for us and canada,区域,区域,（无区域页）,建议：区域枢纽页 / 现有区域指南,22.0,,en,缺口
esim thailand and vietnam,区域,区域,（无区域页）,建议：区域枢纽页 / 现有区域指南,22.0,,en,缺口
esim usa mexico unlimited,区域,区域,（无区域页）,建议：区域枢纽页 / 现有区域指南,22.0,,en,缺口
holafly esim japan china,区域,区域,（无区域页）,建议：区域枢纽页 / 现有区域指南,22.0,,en,已覆盖
nomad esim south korea and japan,区域,区域,（无区域页）,建议：区域枢纽页 / 现有区域指南,22.0,,en,已覆盖
ubigi esim uk to japan,区域,区域,（无区域页）,建议：区域枢纽页 / 现有区域指南,22.0,,en,已覆盖
vodafone esim for spain and portugal,区域,区域,（无区域页）,建议：区域枢纽页 / 现有区域指南,22.0,,en,缺口
best esim for ireland and england,区域,区域,（无区域页）,建议：区域枢纽页 / 现有区域指南,21.5,,en,缺口
best esim for netherlands and uk,区域,区域,（无区域页）,建议：区域枢纽页 / 现有区域指南,21.5,,en,缺口
best esim for uae and qatar,区域,区域,（无区域页）,建议：区域枢纽页 / 现有区域指南,21.5,,en,缺口
esim for usa and mexico,区域,区域,（无区域页）,建议：区域枢纽页 / 现有区域指南,21.5,,en,缺口
hong kong china esim tourist,区域,区域,（无区域页）,建议：区域枢纽页 / 现有区域指南,21.5,,en,缺口
which is the best esim for india from usa,区域,区域,（无区域页）,建议：区域枢纽页 / 现有区域指南,21.5,,en,缺口
airalo esim japan and hong kong,区域,区域,（无区域页）,建议：区域枢纽页 / 现有区域指南,20.1,,en,已覆盖
airalo esim vietnam and thailand,区域,区域,（无区域页）,建议：区域枢纽页 / 现有区域指南,20.1,,en,已覆盖
ais esim thailand and vietnam,区域,区域,（无区域页）,建议：区域枢纽页 / 现有区域指南,20.1,,en,缺口
best esim asia unlimited,区域,区域,（无区域页）,建议：区域枢纽页 / 现有区域指南,20.1,,en,已覆盖
best esim for america and caribbean,区域,区域,（无区域页）,建议：区域枢纽页 / 现有区域指南,20.1,,en,已覆盖
best esim for asia and europe,区域,区域,（无区域页）,建议：区域枢纽页 / 现有区域指南,20.1,,en,已覆盖
best esim for asian,区域,区域,（无区域页）,建议：区域枢纽页 / 现有区域指南,20.1,,en,已覆盖
best esim for backpacking europe reddit,区域,区域,（无区域页）,建议：区域枢纽页 / 现有区域指南,20.1,,en,已覆盖
best esim for brazil and peru,区域,区域,（无区域页）,建议：区域枢纽页 / 现有区域指南,20.1,,en,缺口
best esim for canada and usa for iphone,区域,区域,（无区域页）,建议：区域枢纽页 / 现有区域指南,20.1,,en,缺口
best esim for central south america,区域,区域,（无区域页）,建议：区域枢纽页 / 现有区域指南,20.1,,en,已覆盖
best esim for china and taiwan,区域,区域,（无区域页）,建议：区域枢纽页 / 现有区域指南,20.1,,en,缺口
best esim for china and vietnam,区域,区域,（无区域页）,建议：区域枢纽页 / 现有区域指南,20.1,,en,缺口
best esim for england and spain,区域,区域,（无区域页）,建议：区域枢纽页 / 现有区域指南,20.1,,en,缺口
best esim for europe 2026,区域,区域,（无区域页）,建议：区域枢纽页 / 现有区域指南,20.1,,en,已覆盖
best esim for europe cruise,区域,区域,（无区域页）,建议：区域枢纽页 / 现有区域指南,20.1,,en,已覆盖
best esim for hong kong and thailand,区域,区域,（无区域页）,建议：区域枢纽页 / 现有区域指南,20.1,,en,缺口
best esim for italy and croatia,区域,区域,（无区域页）,建议：区域枢纽页 / 现有区域指南,20.1,,en,缺口
best esim for japan and china,区域,区域,（无区域页）,建议：区域枢纽页 / 现有区域指南,20.1,,en,缺口
best esim for latin america,区域,区域,（无区域页）,建议：区域枢纽页 / 现有区域指南,20.1,,en,已覆盖
best esim for malaysia and vietnam,区域,区域,（无区域页）,建议：区域枢纽页 / 现有区域指南,20.1,,en,缺口
best esim for peru and brazil,区域,区域,（无区域页）,建议：区域枢纽页 / 现有区域指南,20.1,,en,缺口
best esim for philippines and hong kong,区域,区域,（无区域页）,建议：区域枢纽页 / 现有区域指南,20.1,,en,缺口
best esim for philippines and singapore,区域,区域,（无区域页）,建议：区域枢纽页 / 现有区域指南,20.1,,en,缺口
best esim for spain from canada,区域,区域,（无区域页）,建议：区域枢纽页 / 现有区域指南,20.1,,en,缺口
best esim for taiwan and thailand,区域,区域,（无区域页）,建议：区域枢纽页 / 现有区域指南,20.1,,en,缺口
best esim for thailand cambodia and vietnam,区域,区域,（无区域页）,建议：区域枢纽页 / 现有区域指南,20.1,,en,缺口
best esim for travel from canada to us,区域,区域,（无区域页）,建议：区域枢纽页 / 现有区域指南,20.1,,en,缺口
best esim for turkey and europe,区域,区域,（无区域页）,建议：区域枢纽页 / 现有区域指南,20.1,,en,已覆盖
best esim for uk and belgium,区域,区域,（无区域页）,建议：区域枢纽页 / 现有区域指南,20.1,,en,缺口
best esim for uk and europe from australia,区域,区域,（无区域页）,建议：区域枢纽页 / 现有区域指南,20.1,,en,已覆盖
best esim for usa and japan,区域,区域,（无区域页）,建议：区域枢纽页 / 现有区域指南,20.1,,en,缺口
best esim for vietnam and singapore,区域,区域,（无区域页）,建议：区域枢纽页 / 现有区域指南,20.1,,en,缺口
best esim for vietnam from australia reddit,区域,区域,（无区域页）,建议：区域枢纽页 / 现有区域指南,20.1,,en,缺口
best esim oceania,区域,区域,（无区域页）,建议：区域枢纽页 / 现有区域指南,20.1,,en,已覆盖
best esim providers for africa,区域,区域,（无区域页）,建议：区域枢纽页 / 现有区域指南,20.1,,en,已覆盖
best esim to use in spain and portugal,区域,区域,（无区域页）,建议：区域枢纽页 / 现有区域指南,20.1,,en,缺口
best travel esim europe reddit,区域,区域,（无区域页）,建议：区域枢纽页 / 现有区域指南,20.1,,en,已覆盖
cheapest esim for uk and ireland,区域,区域,（无区域页）,建议：区域枢纽页 / 现有区域指南,20.1,,en,缺口
china esim singapore reddit,区域,区域,（无区域页）,建议：区域枢纽页 / 现有区域指南,20.1,,en,缺口
china mobile sim card for tourist australia,区域,区域,（无区域页）,建议：区域枢纽页 / 现有区域指南,20.1,,en,缺口
does a south african esim work in namibia,区域,区域,（无区域页）,建议：区域枢纽页 / 现有区域指南,20.1,,en,已覆盖
does airalo uk esim work in ireland,区域,区域,（无区域页）,建议：区域枢纽页 / 现有区域指南,20.1,,en,已覆盖
does china airalo esim work in hong kong,区域,区域,（无区域页）,建议：区域枢纽页 / 现有区域指南,20.1,,en,已覆盖
does holafly china esim work in hong kong,区域,区域,（无区域页）,建议：区域枢纽页 / 现有区域指南,20.1,,en,已覆盖
esim africa namibia,区域,区域,（无区域页）,建议：区域枢纽页 / 现有区域指南,20.1,,en,已覆盖
esim asia pacific,区域,区域,（无区域页）,建议：区域枢纽页 / 现有区域指南,20.1,,en,已覆盖
esim asia tenggara,区域,区域,（无区域页）,建议：区域枢纽页 / 现有区域指南,20.1,,en,已覆盖
esim asia with phone number,区域,区域,（无区域页）,建议：区域枢纽页 / 现有区域指南,20.1,,en,已覆盖
esim asiacell iraq,区域,区域,（无区域页）,建议：区域枢纽页 / 现有区域指南,20.1,,en,已覆盖
esim balkans review,区域,区域,（无区域页）,建议：区域枢纽页 / 现有区域指南,20.1,,en,缺口
esim card australia and new zealand,区域,区域,（无区域页）,建议：区域枢纽页 / 现有区域指南,20.1,,en,缺口
esim caribbean maya,区域,区域,（无区域页）,建议：区域枢纽页 / 现有区域指南,20.1,,en,已覆盖
esim europe plans,区域,区域,（无区域页）,建议：区域枢纽页 / 现有区域指南,20.1,,en,已覆盖
esim for asia 30 days,区域,区域,（无区域页）,建议：区域枢纽页 / 现有区域指南,20.1,,en,已覆盖
esim for asian,区域,区域,（无区域页）,建议：区域枢纽页 / 现有区域指南,20.1,,en,已覆盖
esim for austria and croatia,区域,区域,（无区域页）,建议：区域枢纽页 / 现有区域指南,20.1,,en,缺口
esim for both japan and south korea,区域,区域,（无区域页）,建议：区域枢纽页 / 现有区域指南,20.1,,en,缺口
esim for brazil from canada,区域,区域,（无区域页）,建议：区域枢纽页 / 现有区域指南,20.1,,en,缺口
esim for brazil from south africa,区域,区域,（无区域页）,建议：区域枢纽页 / 现有区域指南,20.1,,en,已覆盖
esim for china hong kong macau,区域,区域,（无区域页）,建议：区域枢纽页 / 现有区域指南,20.1,,en,缺口
esim for china travel from australia,区域,区域,（无区域页）,建议：区域枢纽页 / 现有区域指南,20.1,,en,缺口
esim for europe travel reddit,区域,区域,（无区域页）,建议：区域枢纽页 / 现有区域指南,20.1,,en,已覆盖
esim for european travel,区域,区域,（无区域页）,建议：区域枢纽页 / 现有区域指南,20.1,,en,已覆盖
esim for france and belgium,区域,区域,（无区域页）,建议：区域枢纽页 / 现有区域指南,20.1,,en,缺口
esim for hong kong and south korea,区域,区域,（无区域页）,建议：区域枢纽页 / 现有区域指南,20.1,,en,缺口
esim for india travel from canada,区域,区域,（无区域页）,建议：区域枢纽页 / 现有区域指南,20.1,,en,缺口
esim for indonesia from uk,区域,区域,（无区域页）,建议：区域枢纽页 / 现有区域指南,20.1,,en,缺口
esim for italy and germany,区域,区域,（无区域页）,建议：区域枢纽页 / 现有区域指南,20.1,,en,缺口
esim for korea and hong kong,区域,区域,（无区域页）,建议：区域枢纽页 / 现有区域指南,20.1,,en,缺口
esim for korea and japan reddit,区域,区域,（无区域页）,建议：区域枢纽页 / 现有区域指南,20.1,,en,缺口
esim for malaysia and vietnam,区域,区域,（无区域页）,建议：区域枢纽页 / 现有区域指南,20.1,,en,缺口
esim for mexico from canada,区域,区域,（无区域页）,建议：区域枢纽页 / 现有区域指南,20.1,,en,缺口
esim for peru and colombia,区域,区域,（无区域页）,建议：区域枢纽页 / 现有区域指南,20.1,,en,缺口
esim for philippines and china,区域,区域,（无区域页）,建议：区域枢纽页 / 现有区域指南,20.1,,en,缺口
esim for philippines and taiwan,区域,区域,（无区域页）,建议：区域枢纽页 / 现有区域指南,20.1,,en,缺口
esim for singapore australia and new zealand,区域,区域,（无区域页）,建议：区域枢纽页 / 现有区域指南,20.1,,en,缺口
esim for spain and morocco,区域,区域,（无区域页）,建议：区域枢纽页 / 现有区域指南,20.1,,en,缺口
esim for taiwan and vietnam,区域,区域,（无区域页）,建议：区域枢纽页 / 现有区域指南,20.1,,en,缺口
esim for uk and spain,区域,区域,（无区域页）,建议：区域枢纽页 / 现有区域指南,20.1,,en,缺口
esim for vietnam and china,区域,区域,（无区域页）,建议：区域枢纽页 / 现有区域指南,20.1,,en,缺口
esim for vietnam and japan,区域,区域,（无区域页）,建议：区域枢纽页 / 现有区域指南,20.1,,en,缺口
esim france and italy,区域,区域,（无区域页）,建议：区域枢纽页 / 现有区域指南,20.1,,en,缺口
esim india from uk,区域,区域,（无区域页）,建议：区域枢纽页 / 现有区域指南,20.1,,en,缺口
esim indonesia and singapore,区域,区域,（无区域页）,建议：区域枢纽页 / 现有区域指南,20.1,,en,缺口
esim north america unlimited,区域,区域,（无区域页）,建议：区域枢纽页 / 现有区域指南,20.1,,en,已覆盖
esim philippines and japan,区域,区域,（无区域页）,建议：区域枢纽页 / 现有区域指南,20.1,,en,缺口
esim se asia reddit,区域,区域,（无区域页）,建议：区域枢纽页 / 现有区域指南,20.1,,en,已覆盖
esim singapore and vietnam,区域,区域,（无区域页）,建议：区域枢纽页 / 现有区域指南,20.1,,en,缺口
esim south america,区域,区域,（无区域页）,建议：区域枢纽页 / 现有区域指南,20.1,,en,已覆盖
esim taiwan and korea,区域,区域,（无区域页）,建议：区域枢纽页 / 现有区域指南,20.1,,en,缺口
esim thailand and singapore,区域,区域,（无区域页）,建议：区域枢纽页 / 现有区域指南,20.1,,en,缺口
esim uk and france,区域,区域,（无区域页）,建议：区域枢纽页 / 现有区域指南,20.1,,en,缺口
esim usa from uk,区域,区域,（无区域页）,建议：区域枢纽页 / 现有区域指南,20.1,,en,缺口
europe esim unlimited 30 days,区域,区域,（无区域页）,建议：区域枢纽页 / 现有区域指南,20.1,,en,已覆盖
holafly esim japan and south korea,区域,区域,（无区域页）,建议：区域枢纽页 / 现有区域指南,20.1,,en,已覆盖
how to buy esim for india from usa,区域,区域,（无区域页）,建议：区域枢纽页 / 现有区域指南,20.1,,en,缺口
international esim europe,区域,区域,（无区域页）,建议：区域枢纽页 / 现有区域指南,20.1,,en,已覆盖
maya esim middle east,区域,区域,（无区域页）,建议：区域枢纽页 / 现有区域指南,20.1,,en,已覆盖
nomad esim singapore and malaysia,区域,区域,（无区域页）,建议：区域枢纽页 / 现有区域指南,20.1,,en,已覆盖
orange esim south america,区域,区域,（无区域页）,建议：区域枢纽页 / 现有区域指南,20.1,,en,已覆盖
saily esim vietnam and thailand,区域,区域,（无区域页）,建议：区域枢纽页 / 现有区域指南,20.1,,en,已覆盖
unlimited esim japan korea,区域,区域,（无区域页）,建议：区域枢纽页 / 现有区域指南,20.1,,en,缺口
will my airalo spain esim work in morocco,区域,区域,（无区域页）,建议：区域枢纽页 / 现有区域指南,20.1,,en,已覆盖
best esim for usa from australia reddit,区域,区域,（无区域页）,建议：区域枢纽页 / 现有区域指南,19.6,,en,缺口
holafly esim usa e canada,区域,区域,（无区域页）,建议：区域枢纽页 / 现有区域指南,18.2,,en,已覆盖
saily esim india from uk,区域,区域,（无区域页）,建议：区域枢纽页 / 现有区域指南,18.2,,en,已覆盖
do i need an esim for australia from uk,区域,区域,（无区域页）,建议：区域枢纽页 / 现有区域指南,17.8,,en,缺口
esim for netherlands belgium and france,区域,区域,（无区域页）,建议：区域枢纽页 / 现有区域指南,17.8,,en,缺口
airalo china esim work in hong kong,区域,区域,（无区域页）,建议：区域枢纽页 / 现有区域指南,16.4,,en,已覆盖
best esim central america reddit,区域,区域,（无区域页）,建议：区域枢纽页 / 现有区域指南,16.4,,en,已覆盖
best esim for asia pacific,区域,区域,（无区域页）,建议：区域枢纽页 / 现有区域指南,16.4,,en,已覆盖
best esim for asia unlimited,区域,区域,（无区域页）,建议：区域枢纽页 / 现有区域指南,16.4,,en,已覆盖
best esim for canada and usa from uk,区域,区域,（无区域页）,建议：区域枢纽页 / 现有区域指南,16.4,,en,缺口
best esim for china and hong kong reddit,区域,区域,（无区域页）,建议：区域枢纽页 / 现有区域指南,16.4,,en,缺口
best esim for china and korea,区域,区域,（无区域页）,建议：区域枢纽页 / 现有区域指南,16.4,,en,缺口
best esim for europe and turkey,区域,区域,（无区域页）,建议：区域枢纽页 / 现有区域指南,16.4,,en,已覆盖
best esim for europe study abroad,区域,区域,（无区域页）,建议：区域枢纽页 / 现有区域指南,16.4,,en,已覆盖
best esim for france and belgium,区域,区域,（无区域页）,建议：区域枢纽页 / 现有区域指南,16.4,,en,缺口
best esim for france and england,区域,区域,（无区域页）,建议：区域枢纽页 / 现有区域指南,16.4,,en,缺口
best esim for germany and belgium,区域,区域,（无区域页）,建议：区域枢纽页 / 现有区域指南,16.4,,en,缺口
best esim for germany and netherlands,区域,区域,（无区域页）,建议：区域枢纽页 / 现有区域指南,16.4,,en,缺口
best esim for germany and poland,区域,区域,（无区域页）,建议：区域枢纽页 / 现有区域指南,16.4,,en,缺口
best esim for hong kong macau and china,区域,区域,（无区域页）,建议：区域枢纽页 / 现有区域指南,16.4,,en,缺口
best esim for iceland and ireland,区域,区域,（无区域页）,建议：区域枢纽页 / 现有区域指南,16.4,,en,缺口
best esim for india travel from usa,区域,区域,（无区域页）,建议：区域枢纽页 / 现有区域指南,16.4,,en,缺口
best esim for japan from canada,区域,区域,（无区域页）,建议：区域枢纽页 / 现有区域指南,16.4,,en,缺口
best esim for korea and thailand,区域,区域,（无区域页）,建议：区域枢纽页 / 现有区域指南,16.4,,en,缺口
best esim for korea and vietnam,区域,区域,（无区域页）,建议：区域枢纽页 / 现有区域指南,16.4,,en,缺口
best esim for latin america reddit,区域,区域,（无区域页）,建议：区域枢纽页 / 现有区域指南,16.4,,en,已覆盖
best esim for malaysia from india,区域,区域,（无区域页）,建议：区域枢纽页 / 现有区域指南,16.4,,en,缺口
best esim for peru and colombia,区域,区域,（无区域页）,建议：区域枢纽页 / 现有区域指南,16.4,,en,缺口
best esim for singapore and japan,区域,区域,（无区域页）,建议：区域枢纽页 / 现有区域指南,16.4,,en,缺口
best esim for spain and morocco,区域,区域,（无区域页）,建议：区域枢纽页 / 现有区域指南,16.4,,en,缺口
best esim for switzerland from uk,区域,区域,（无区域页）,建议：区域枢纽页 / 现有区域指南,16.4,,en,缺口
best esim for taiwan and korea,区域,区域,（无区域页）,建议：区域枢纽页 / 现有区域指南,16.4,,en,缺口
best esim for thailand and singapore,区域,区域,（无区域页）,建议：区域枢纽页 / 现有区域指南,16.4,,en,缺口
best esim for uae and india,区域,区域,（无区域页）,建议：区域枢纽页 / 现有区域指南,16.4,,en,缺口
best esim for uk and spain,区域,区域,（无区域页）,建议：区域枢纽页 / 现有区域指南,16.4,,en,缺口
best esim for vietnam and japan,区域,区域,（无区域页）,建议：区域枢纽页 / 现有区域指南,16.4,,en,缺口
best esim southeast asia,区域,区域,（无区域页）,建议：区域枢纽页 / 现有区域指南,16.4,,en,已覆盖
buy esim for singapore and malaysia,区域,区域,（无区域页）,建议：区域枢纽页 / 现有区域指南,16.4,,en,缺口
cheapest esim for usa from australia,区域,区域,（无区域页）,建议：区域枢纽页 / 现有区域指南,16.4,,en,缺口
cheapest esim for usa travel from canada,区域,区域,（无区域页）,建议：区域枢纽页 / 现有区域指南,16.4,,en,缺口
claro esim south america,区域,区域,（无区域页）,建议：区域枢纽页 / 现有区域指南,16.4,,en,已覆盖
does holafly china esim cover hong kong,区域,区域,（无区域页）,建议：区域枢纽页 / 现有区域指南,16.4,,en,已覆盖
does nomad china esim include hong kong,区域,区域,（无区域页）,建议：区域枢纽页 / 现有区域指南,16.4,,en,已覆盖
does saily china esim work in hong kong,区域,区域,（无区域页）,建议：区域枢纽页 / 现有区域指南,16.4,,en,已覆盖
does saily uk esim work in ireland,区域,区域,（无区域页）,建议：区域枢纽页 / 现有区域指南,16.4,,en,已覆盖
esim africa unlimited data,区域,区域,（无区域页）,建议：区域枢纽页 / 现有区域指南,16.4,,en,已覆盖
esim asia 90 days,区域,区域,（无区域页）,建议：区域枢纽页 / 现有区域指南,16.4,,en,已覆盖
esim asia trip.com,区域,区域,（无区域页）,建议：区域枢纽页 / 现有区域指南,16.4,,en,已覆盖
esim asian countries,区域,区域,（无区域页）,建议：区域枢纽页 / 现有区域指南,16.4,,en,已覆盖
esim australia and new zealand reddit,区域,区域,（无区域页）,建议：区域枢纽页 / 现有区域指南,16.4,,en,缺口
esim balkans best,区域,区域,（无区域页）,建议：区域枢纽页 / 现有区域指南,16.4,,en,缺口
esim card for hong kong and china,区域,区域,（无区域页）,建议：区域枢纽页 / 现有区域指南,16.4,,en,缺口
esim card for middle east,区域,区域,（无区域页）,建议：区域枢纽页 / 现有区域指南,16.4,,en,已覆盖
esim card spain and portugal,区域,区域,（无区域页）,建议：区域枢纽页 / 现有区域指南,16.4,,en,缺口
esim caribbean reviews,区域,区域,（无区域页）,建议：区域枢纽页 / 现有区域指南,16.4,,en,已覆盖
esim caribbean sea,区域,区域,（无区域页）,建议：区域枢纽页 / 现有区域指南,16.4,,en,已覆盖
esim china and japan,区域,区域,（无区域页）,建议：区域枢纽页 / 现有区域指南,16.4,,en,缺口
esim cruise ship caribbean,区域,区域,（无区域页）,建议：区域枢纽页 / 现有区域指南,16.4,,en,已覆盖
esim europe 45 days,区域,区域,（无区域页）,建议：区域枢纽页 / 现有区域指南,16.4,,en,已覆盖
esim europe data,区域,区域,（无区域页）,建议：区域枢纽页 / 现有区域指南,16.4,,en,已覆盖
esim europe with phone number,区域,区域,（无区域页）,建议：区域枢纽页 / 现有区域指南,16.4,,en,已覆盖
esim for asia and oceania,区域,区域,（无区域页）,建议：区域枢纽页 / 现有区域指南,16.4,,en,已覆盖
esim for brazil and colombia,区域,区域,（无区域页）,建议：区域枢纽页 / 现有区域指南,16.4,,en,缺口
esim for china and taiwan,区域,区域,（无区域页）,建议：区域枢纽页 / 现有区域指南,16.4,,en,缺口
esim for china and thailand,区域,区域,（无区域页）,建议：区域枢纽页 / 现有区域指南,16.4,,en,缺口
esim for china from india,区域,区域,（无区域页）,建议：区域枢纽页 / 现有区域指南,16.4,,en,缺口
esim for china hong kong and vietnam,区域,区域,（无区域页）,建议：区域枢纽页 / 现有区域指南,16.4,,en,缺口
esim for cruise ships caribbean,区域,区域,（无区域页）,建议：区域枢纽页 / 现有区域指南,16.4,,en,已覆盖
esim for england and portugal,区域,区域,（无区域页）,建议：区域枢纽页 / 现有区域指南,16.4,,en,缺口
esim for europe cruise,区域,区域,（无区域页）,建议：区域枢纽页 / 现有区域指南,16.4,,en,已覆盖
esim for france and germany,区域,区域,（无区域页）,建议：区域枢纽页 / 现有区域指南,16.4,,en,缺口
esim for france spain and portugal,区域,区域,（无区域页）,建议：区域枢纽页 / 现有区域指南,16.4,,en,缺口
esim for germany and netherlands,区域,区域,（无区域页）,建议：区域枢纽页 / 现有区域指南,16.4,,en,缺口
esim for greece from australia,区域,区域,（无区域页）,建议：区域枢纽页 / 现有区域指南,16.4,,en,缺口
esim for hong kong and philippines,区域,区域,（无区域页）,建议：区域枢纽页 / 现有区域指南,16.4,,en,缺口
esim for india from usa,区域,区域,（无区域页）,建议：区域枢纽页 / 现有区域指南,16.4,,en,缺口
esim for indonesia and thailand,区域,区域,（无区域页）,建议：区域枢纽页 / 现有区域指南,16.4,,en,缺口
esim for ireland and spain,区域,区域,（无区域页）,建议：区域枢纽页 / 现有区域指南,16.4,,en,缺口
esim for italy and spain,区域,区域,（无区域页）,建议：区域枢纽页 / 现有区域指南,16.4,,en,缺口
esim for japan and hong kong,区域,区域,（无区域页）,建议：区域枢纽页 / 现有区域指南,16.4,,en,缺口
esim for korea and thailand,区域,区域,（无区域页）,建议：区域枢纽页 / 现有区域指南,16.4,,en,缺口
esim for korea and vietnam,区域,区域,（无区域页）,建议：区域枢纽页 / 现有区域指南,16.4,,en,缺口
esim for middle east countries,区域,区域,（无区域页）,建议：区域枢纽页 / 现有区域指南,16.4,,en,已覆盖
esim for morocco and france,区域,区域,（无区域页）,建议：区域枢纽页 / 现有区域指南,16.4,,en,缺口
esim for philippines and indonesia,区域,区域,（无区域页）,建议：区域枢纽页 / 现有区域指南,16.4,,en,缺口
esim for philippines and korea,区域,区域,（无区域页）,建议：区域枢纽页 / 现有区域指南,16.4,,en,缺口
esim for portugal and france,区域,区域,（无区域页）,建议：区域枢纽页 / 现有区域指南,16.4,,en,缺口
esim for qatar from uk,区域,区域,（无区域页）,建议：区域枢纽页 / 现有区域指南,16.4,,en,缺口
esim for saudi arabia from usa,区域,区域,（无区域页）,建议：区域枢纽页 / 现有区域指南,16.4,,en,缺口
esim for singapore and hong kong,区域,区域,（无区域页）,建议：区域枢纽页 / 现有区域指南,16.4,,en,缺口
esim for singapore from australia,区域,区域,（无区域页）,建议：区域枢纽页 / 现有区域指南,16.4,,en,缺口
esim for south america,区域,区域,（无区域页）,建议：区域枢纽页 / 现有区域指南,16.4,,en,已覆盖
esim for switzerland and spain,区域,区域,（无区域页）,建议：区域枢纽页 / 现有区域指南,16.4,,en,缺口
esim for taiwan and singapore,区域,区域,（无区域页）,建议：区域枢纽页 / 现有区域指南,16.4,,en,缺口
esim for thailand cambodia and vietnam,区域,区域,（无区域页）,建议：区域枢纽页 / 现有区域指南,16.4,,en,缺口
esim for thailand from uk,区域,区域,（无区域页）,建议：区域枢纽页 / 现有区域指南,16.4,,en,缺口
esim for uk and greece,区域,区域,（无区域页）,建议：区域枢纽页 / 现有区域指南,16.4,,en,缺口
esim for uk and ireland reddit,区域,区域,（无区域页）,建议：区域枢纽页 / 现有区域指南,16.4,,en,缺口
esim for uk from india,区域,区域,（无区域页）,建议：区域枢纽页 / 现有区域指南,16.4,,en,缺口
esim for uk phone in usa,区域,区域,（无区域页）,建议：区域枢纽页 / 现有区域指南,16.4,,en,缺口
esim hong kong china macau,区域,区域,（无区域页）,建议：区域枢纽页 / 现有区域指南,16.4,,en,缺口
esim iceland and uk,区域,区域,（无区域页）,建议：区域枢纽页 / 现有区域指南,16.4,,en,缺口
esim japan korea unlimited,区域,区域,（无区域页）,建议：区域枢纽页 / 现有区域指南,16.4,,en,缺口
esim korea and japan unlimited data,区域,区域,（无区域页）,建议：区域枢纽页 / 现有区域指南,16.4,,en,缺口
esim malaysia thailand,区域,区域,（无区域页）,建议：区域枢纽页 / 现有区域指南,16.4,,en,缺口
esim north america travel,区域,区域,（无区域页）,建议：区域枢纽页 / 现有区域指南,16.4,,en,已覆盖
esim thailand vietnam kambodscha,区域,区域,（无区域页）,建议：区域枢纽页 / 现有区域指南,16.4,,en,缺口
esim uk from australia,区域,区域,（无区域页）,建议：区域枢纽页 / 现有区域指南,16.4,,en,缺口
esim uk to usa,区域,区域,（无区域页）,建议：区域枢纽页 / 现有区域指南,16.4,,en,缺口
esim usa and canada unlimited data,区域,区域,（无区域页）,建议：区域枢纽页 / 现有区域指南,16.4,,en,缺口
esim usa en mexico,区域,区域,（无区域页）,建议：区域枢纽页 / 现有区域指南,16.4,,en,缺口
eu esim unlimited data,区域,区域,（无区域页）,建议：区域枢纽页 / 现有区域指南,16.4,,en,已覆盖
europe esim unlimited data plan,区域,区域,（无区域页）,建议：区域枢纽页 / 现有区域指南,16.4,,en,已覆盖
hong kong china sim card tourist,区域,区域,（无区域页）,建议：区域枢纽页 / 现有区域指南,16.4,,en,缺口
japan and korea esim unlimited,区域,区域,（无区域页）,建议：区域枢纽页 / 现有区域指南,16.4,,en,缺口
maya esim caribbean,区域,区域,（无区域页）,建议：区域枢纽页 / 现有区域指南,16.4,,en,已覆盖
maya esim latin america,区域,区域,（无区域页）,建议：区域枢纽页 / 现有区域指南,16.4,,en,已覆盖
nomad esim china japan,区域,区域,（无区域页）,建议：区域枢纽页 / 现有区域指南,16.4,,en,已覆盖
nomad esim for australia and new zealand,区域,区域,（无区域页）,建议：区域枢纽页 / 现有区域指南,16.4,,en,已覆盖
nomad esim for japan and south korea,区域,区域,（无区域页）,建议：区域枢纽页 / 现有区域指南,16.4,,en,已覆盖
orange esim scandinavia,区域,区域,（无区域页）,建议：区域枢纽页 / 现有区域指南,16.4,,en,缺口
saily esim uk to usa,区域,区域,（无区域页）,建议：区域枢纽页 / 现有区域指南,16.4,,en,已覆盖
singapore and philippines esim,区域,区域,（无区域页）,建议：区域枢纽页 / 现有区域指南,16.4,,en,缺口
travel esim scandinavia,区域,区域,（无区域页）,建议：区域枢纽页 / 现有区域指南,16.4,,en,缺口
travel esim usa and mexico,区域,区域,（无区域页）,建议：区域枢纽页 / 现有区域指南,16.4,,en,缺口
ubigi esim singapore and malaysia,区域,区域,（无区域页）,建议：区域枢纽页 / 现有区域指南,16.4,,en,已覆盖
uk esim card for us phone,区域,区域,（无区域页）,建议：区域枢纽页 / 现有区域指南,16.4,,en,缺口
unlimited asia esim 10 countries,区域,区域,（无区域页）,建议：区域枢纽页 / 现有区域指南,16.4,,en,已覆盖
unlimited esim asia,区域,区域,（无区域页）,建议：区域枢纽页 / 现有区域指南,16.4,,en,已覆盖
esim vietnam und thailand,区域,区域,（无区域页）,建议：区域枢纽页 / 现有区域指南,15.9,,de,缺口
best esim for iceland and uk,区域,区域,（无区域页）,建议：区域枢纽页 / 现有区域指南,14.0,,en,缺口
best esim for long term stay in europe,区域,区域,（无区域页）,建议：区域枢纽页 / 现有区域指南,12.6,,en,已覆盖
yesim esim prices,品牌（全局）,品牌·全局,品牌 Hub 页,已有 6 区块（#reality/#whobeats/…）,100.0,0.0,en,已覆盖
ubigi esim price,品牌（全局）,品牌·全局,品牌 Hub 页,已有 6 区块（#reality/#whobeats/…）,92.5,0.0,en,已覆盖
ubigi esim plans,品牌（全局）,品牌·全局,品牌 Hub 页,已有 6 区块（#reality/#whobeats/…）,88.8,0.0,en,已覆盖
yesim esim review,品牌（全局）,品牌·全局,品牌 Hub 页,已有 6 区块（#reality/#whobeats/…）,88.0,0.0,en,已覆盖
how does airalo esim work,品牌（全局）,品牌·全局,品牌 Hub 页,已有 6 区块（#reality/#whobeats/…）,85.0,0.0,en,已覆盖
roamic esim reviews,品牌（全局）,品牌·全局,品牌 Hub 页,已有 6 区块（#reality/#whobeats/…）,73.0,0.0,en,已覆盖
jetpac esim review,品牌（全局）,品牌·全局,品牌 Hub 页,已有 6 区块（#reality/#whobeats/…）,70.8,,en,已覆盖
saily esim review,品牌（全局）,品牌·全局,品牌 Hub 页,已有 6 区块（#reality/#whobeats/…）,70.8,,en,已覆盖
airalo esim not working,品牌（全局）,品牌·全局,品牌 Hub 页,已有 6 区块（#reality/#whobeats/…）,66.6,,en,已覆盖
airalo esim review,品牌（全局）,品牌·全局,品牌 Hub 页,已有 6 区块（#reality/#whobeats/…）,53.0,,en,已覆盖
airalo esim plans,品牌（全局）,品牌·全局,品牌 Hub 页,已有 6 区块（#reality/#whobeats/…）,48.1,,en,已覆盖
holafly esim macau,品牌（全局）,品牌·全局,品牌 Hub 页,已有 6 区块（#reality/#whobeats/…）,47.8,,en,已覆盖
jetpac esim coverage map,品牌（全局）,品牌·全局,品牌 Hub 页,已有 6 区块（#reality/#whobeats/…）,47.8,,en,已覆盖
nomad esim promo code 2026,品牌（全局）,品牌·全局,品牌 Hub 页,已有 6 区块（#reality/#whobeats/…）,47.8,,en,已覆盖
saily esim.hong kong price,品牌（全局）,品牌·全局,品牌 Hub 页,已有 6 区块（#reality/#whobeats/…）,47.8,,en,已覆盖
ubigi esim review,品牌（全局）,品牌·全局,品牌 Hub 页,已有 6 区块（#reality/#whobeats/…）,47.4,,en,已覆盖
how to activate airalo esim,品牌（全局）,品牌·全局,品牌 Hub 页,已有 6 区块（#reality/#whobeats/…）,46.9,,en,已覆盖
airalo esim belgique,品牌（全局）,品牌·全局,品牌 Hub 页,已有 6 区块（#reality/#whobeats/…）,46.4,,en,已覆盖
airalo esim hrvatska,品牌（全局）,品牌·全局,品牌 Hub 页,已有 6 区块（#reality/#whobeats/…）,46.4,,en,已覆盖
airalo esim plans europe,品牌（全局）,品牌·全局,品牌 Hub 页,已有 6 区块（#reality/#whobeats/…）,46.4,,en,已覆盖
airalo esim polska,品牌（全局）,品牌·全局,品牌 Hub 页,已有 6 区块（#reality/#whobeats/…）,46.4,,en,已覆盖
airalo esim promo code reddit,品牌（全局）,品牌·全局,品牌 Hub 页,已有 6 区块（#reality/#whobeats/…）,46.4,,en,已覆盖
airalo esim review reddit,品牌（全局）,品牌·全局,品牌 Hub 页,已有 6 区块（#reality/#whobeats/…）,46.4,,en,已覆盖
airalo esim reviews reddit,品牌（全局）,品牌·全局,品牌 Hub 页,已有 6 区块（#reality/#whobeats/…）,46.4,,en,已覆盖
airalo esim turkey review,品牌（全局）,品牌·全局,品牌 Hub 页,已有 6 区块（#reality/#whobeats/…）,46.4,,en,已覆盖
airalo esim türkei,品牌（全局）,品牌·全局,品牌 Hub 页,已有 6 区块（#reality/#whobeats/…）,46.4,,en,已覆盖
airalo esim unlimited data,品牌（全局）,品牌·全局,品牌 Hub 页,已有 6 区块（#reality/#whobeats/…）,46.4,,en,已覆盖
airalo vs airalo esim,品牌（全局）,品牌·全局,品牌 Hub 页,已有 6 区块（#reality/#whobeats/…）,46.4,,en,已覆盖
alosim esim europe review,品牌（全局）,品牌·全局,品牌 Hub 页,已有 6 区块（#reality/#whobeats/…）,46.4,,en,已覆盖
alosim esim review,品牌（全局）,品牌·全局,品牌 Hub 页,已有 6 区块（#reality/#whobeats/…）,46.4,,en,已覆盖
esim abu dhabi roamic,品牌（全局）,品牌·全局,品牌 Hub 页,已有 6 区块（#reality/#whobeats/…）,46.4,,en,已覆盖
esim katar holafly,品牌（全局）,品牌·全局,品牌 Hub 页,已有 6 区块（#reality/#whobeats/…）,46.4,,en,已覆盖
esim schweiz yesim,品牌（全局）,品牌·全局,品牌 Hub 页,已有 6 区块（#reality/#whobeats/…）,46.4,,en,已覆盖
holafly esim aktivieren,品牌（全局）,品牌·全局,品牌 Hub 页,已有 6 区块（#reality/#whobeats/…）,46.4,,de,已覆盖
holafly esim belgique,品牌（全局）,品牌·全局,品牌 Hub 页,已有 6 区块（#reality/#whobeats/…）,46.4,,en,已覆盖
holafly esim discount code reddit,品牌（全局）,品牌·全局,品牌 Hub 页,已有 6 区块（#reality/#whobeats/…）,46.4,,en,已覆盖
holafly esim hrvatska,品牌（全局）,品牌·全局,品牌 Hub 页,已有 6 区块（#reality/#whobeats/…）,46.4,,en,已覆盖
holafly esim plans europe,品牌（全局）,品牌·全局,品牌 Hub 页,已有 6 区块（#reality/#whobeats/…）,46.4,,en,已覆盖
holafly esim polska,品牌（全局）,品牌·全局,品牌 Hub 页,已有 6 区块（#reality/#whobeats/…）,46.4,,en,已覆盖
holafly esim promo codes,品牌（全局）,品牌·全局,品牌 Hub 页,已有 6 区块（#reality/#whobeats/…）,46.4,,en,已覆盖
holafly esim review reddit,品牌（全局）,品牌·全局,品牌 Hub 页,已有 6 区块（#reality/#whobeats/…）,46.4,,en,已覆盖
holafly esim speed test,品牌（全局）,品牌·全局,品牌 Hub 页,已有 6 区块（#reality/#whobeats/…）,46.4,,en,已覆盖
holafly esim turkey review,品牌（全局）,品牌·全局,品牌 Hub 页,已有 6 区块（#reality/#whobeats/…）,46.4,,en,已覆盖
holafly esim unlimited data,品牌（全局）,品牌·全局,品牌 Hub 页,已有 6 区块（#reality/#whobeats/…）,46.4,,en,已覆盖
holafly esim österreich,品牌（全局）,品牌·全局,品牌 Hub 页,已有 6 区块（#reality/#whobeats/…）,46.4,,en,已覆盖
holafly esim.fiji.review,品牌（全局）,品牌·全局,品牌 Hub 页,已有 6 区块（#reality/#whobeats/…）,46.4,,en,已覆盖
is nomad esim israeli,品牌（全局）,品牌·全局,品牌 Hub 页,已有 6 区块（#reality/#whobeats/…）,46.4,,en,已覆盖
is roamic esim good in turkey,品牌（全局）,品牌·全局,品牌 Hub 页,已有 6 区块（#reality/#whobeats/…）,46.4,,en,已覆盖
jetpac esim abu dhabi,品牌（全局）,品牌·全局,品牌 Hub 页,已有 6 区块（#reality/#whobeats/…）,46.4,,en,已覆盖
jetpac esim brasil,品牌（全局）,品牌·全局,品牌 Hub 页,已有 6 区块（#reality/#whobeats/…）,46.4,,en,已覆盖
jetpac esim data plans,品牌（全局）,品牌·全局,品牌 Hub 页,已有 6 区块（#reality/#whobeats/…）,46.4,,en,已覆盖
jetpac esim promo code reddit,品牌（全局）,品牌·全局,品牌 Hub 页,已有 6 区块（#reality/#whobeats/…）,46.4,,en,已覆盖
jetpac esim review reddit,品牌（全局）,品牌·全局,品牌 Hub 页,已有 6 区块（#reality/#whobeats/…）,46.4,,en,已覆盖
jetpac esim turkey review,品牌（全局）,品牌·全局,品牌 Hub 页,已有 6 区块（#reality/#whobeats/…）,46.4,,en,已覆盖
jetpac esim türkei,品牌（全局）,品牌·全局,品牌 Hub 页,已有 6 区块（#reality/#whobeats/…）,46.4,,en,已覆盖
jetpac esim unlimited data,品牌（全局）,品牌·全局,品牌 Hub 页,已有 6 区块（#reality/#whobeats/…）,46.4,,en,已覆盖
jetpac esim.mexico telcel,品牌（全局）,品牌·全局,品牌 Hub 页,已有 6 区块（#reality/#whobeats/…）,46.4,,en,已覆盖
jetpac esim.taiwan,品牌（全局）,品牌·全局,品牌 Hub 页,已有 6 区块（#reality/#whobeats/…）,46.4,,en,已覆盖
nomad esim erfahrungen,品牌（全局）,品牌·全局,品牌 Hub 页,已有 6 区块（#reality/#whobeats/…）,46.4,,de,已覆盖
nomad esim hrvatska,品牌（全局）,品牌·全局,品牌 Hub 页,已有 6 区块（#reality/#whobeats/…）,46.4,,en,已覆盖
nomad esim macau,品牌（全局）,品牌·全局,品牌 Hub 页,已有 6 区块（#reality/#whobeats/…）,46.4,,en,已覆盖
nomad esim plans europe,品牌（全局）,品牌·全局,品牌 Hub 页,已有 6 区块（#reality/#whobeats/…）,46.4,,en,已覆盖
nomad esim polska,品牌（全局）,品牌·全局,品牌 Hub 页,已有 6 区块（#reality/#whobeats/…）,46.4,,en,已覆盖
nomad esim prices,品牌（全局）,品牌·全局,品牌 Hub 页,已有 6 区块（#reality/#whobeats/…）,46.4,,en,已覆盖
nomad esim review reddit,品牌（全局）,品牌·全局,品牌 Hub 页,已有 6 区块（#reality/#whobeats/…）,46.4,,en,已覆盖
nomad esim turkey review,品牌（全局）,品牌·全局,品牌 Hub 页,已有 6 区块（#reality/#whobeats/…）,46.4,,en,已覆盖
nomad esim unlimited data,品牌（全局）,品牌·全局,品牌 Hub 页,已有 6 区块（#reality/#whobeats/…）,46.4,,en,已覆盖
nomad esim österreich,品牌（全局）,品牌·全局,品牌 Hub 页,已有 6 区块（#reality/#whobeats/…）,46.4,,en,已覆盖
roamic esim app,品牌（全局）,品牌·全局,品牌 Hub 页,已有 6 区块（#reality/#whobeats/…）,46.4,,en,已覆盖
roamic esim belgique,品牌（全局）,品牌·全局,品牌 Hub 页,已有 6 区块（#reality/#whobeats/…）,46.4,,en,已覆盖
roamic esim brasil,品牌（全局）,品牌·全局,品牌 Hub 页,已有 6 区块（#reality/#whobeats/…）,46.4,,en,已覆盖
roamic esim erfahrungen,品牌（全局）,品牌·全局,品牌 Hub 页,已有 6 区块（#reality/#whobeats/…）,46.4,,de,已覆盖
roamic esim mexiko,品牌（全局）,品牌·全局,品牌 Hub 页,已有 6 区块（#reality/#whobeats/…）,46.4,,en,已覆盖
roamic esim promo code,品牌（全局）,品牌·全局,品牌 Hub 页,已有 6 区块（#reality/#whobeats/…）,46.4,,en,已覆盖
roamic esim saudi arabien,品牌（全局）,品牌·全局,品牌 Hub 页,已有 6 区块（#reality/#whobeats/…）,46.4,,en,已覆盖
roamic esim swiss,品牌（全局）,品牌·全局,品牌 Hub 页,已有 6 区块（#reality/#whobeats/…）,46.4,,en,已覆盖
roamic esim turkey reviews,品牌（全局）,品牌·全局,品牌 Hub 页,已有 6 区块（#reality/#whobeats/…）,46.4,,en,已覆盖
roamic esim unlimited data,品牌（全局）,品牌·全局,品牌 Hub 页,已有 6 区块（#reality/#whobeats/…）,46.4,,en,已覆盖
roamic esim österreich,品牌（全局）,品牌·全局,品牌 Hub 页,已有 6 区块（#reality/#whobeats/…）,46.4,,en,已覆盖
roamic esim.korea,品牌（全局）,品牌·全局,品牌 Hub 页,已有 6 区块（#reality/#whobeats/…）,46.4,,en,已覆盖
roamic katar esim,品牌（全局）,品牌·全局,品牌 Hub 页,已有 6 区块（#reality/#whobeats/…）,46.4,,en,已覆盖
saily esim belgique,品牌（全局）,品牌·全局,品牌 Hub 页,已有 6 区块（#reality/#whobeats/…）,46.4,,en,已覆盖
saily esim erfahrungen,品牌（全局）,品牌·全局,品牌 Hub 页,已有 6 区块（#reality/#whobeats/…）,46.4,,de,已覆盖
saily esim macau,品牌（全局）,品牌·全局,品牌 Hub 页,已有 6 区块（#reality/#whobeats/…）,46.4,,en,已覆盖
saily esim plans for europe,品牌（全局）,品牌·全局,品牌 Hub 页,已有 6 区块（#reality/#whobeats/…）,46.4,,en,已覆盖
saily esim promo code free,品牌（全局）,品牌·全局,品牌 Hub 页,已有 6 区块（#reality/#whobeats/…）,46.4,,en,已覆盖
saily esim review reddit,品牌（全局）,品牌·全局,品牌 Hub 页,已有 6 区块（#reality/#whobeats/…）,46.4,,en,已覆盖
ubigi esim belgique,品牌（全局）,品牌·全局,品牌 Hub 页,已有 6 区块（#reality/#whobeats/…）,46.4,,en,已覆盖
ubigi esim macau,品牌（全局）,品牌·全局,品牌 Hub 页,已有 6 区块（#reality/#whobeats/…）,46.4,,en,已覆盖
ubigi esim polska,品牌（全局）,品牌·全局,品牌 Hub 页,已有 6 区块（#reality/#whobeats/…）,46.4,,en,已覆盖
ubigi esim promo code 2026,品牌（全局）,品牌·全局,品牌 Hub 页,已有 6 区块（#reality/#whobeats/…）,46.4,,en,已覆盖
ubigi esim review europe,品牌（全局）,品牌·全局,品牌 Hub 页,已有 6 区块（#reality/#whobeats/…）,46.4,,en,已覆盖
ubigi esim review trustpilot,品牌（全局）,品牌·全局,品牌 Hub 页,已有 6 区块（#reality/#whobeats/…）,46.4,,en,已覆盖
ubigi esim turkey review,品牌（全局）,品牌·全局,品牌 Hub 页,已有 6 区块（#reality/#whobeats/…）,46.4,,en,已覆盖
ubigi esim österreich,品牌（全局）,品牌·全局,品牌 Hub 页,已有 6 区块（#reality/#whobeats/…）,46.4,,en,已覆盖
yesim esim brasil,品牌（全局）,品牌·全局,品牌 Hub 页,已有 6 区块（#reality/#whobeats/…）,46.4,,en,已覆盖
yesim esim erfahrungen,品牌（全局）,品牌·全局,品牌 Hub 页,已有 6 区块（#reality/#whobeats/…）,46.4,,de,已覆盖
yesim esim mexiko,品牌（全局）,品牌·全局,品牌 Hub 页,已有 6 区块（#reality/#whobeats/…）,46.4,,en,已覆盖
yesim esim review reddit,品牌（全局）,品牌·全局,品牌 Hub 页,已有 6 区块（#reality/#whobeats/…）,46.4,,en,已覆盖
yesim esim saudi arabien,品牌（全局）,品牌·全局,品牌 Hub 页,已有 6 区块（#reality/#whobeats/…）,46.4,,en,已覆盖
yesim esim unlimited data,品牌（全局）,品牌·全局,品牌 Hub 页,已有 6 区块（#reality/#whobeats/…）,46.4,,en,已覆盖
roamic esim review,品牌（全局）,品牌·全局,品牌 Hub 页,已有 6 区块（#reality/#whobeats/…）,45.9,,en,已覆盖
saily esim coverage map,品牌（全局）,品牌·全局,品牌 Hub 页,已有 6 区块（#reality/#whobeats/…）,45.9,,en,已覆盖
saily turkey esim price,品牌（全局）,品牌·全局,品牌 Hub 页,已有 6 区块（#reality/#whobeats/…）,45.4,,en,已覆盖
airalo esim price europe,品牌（全局）,品牌·全局,品牌 Hub 页,已有 6 区块（#reality/#whobeats/…）,44.5,,en,已覆盖
airalo esim discount code,品牌（全局）,品牌·全局,品牌 Hub 页,已有 6 区块（#reality/#whobeats/…）,44.0,,en,已覆盖
holafly esim turkey reddit,品牌（全局）,品牌·全局,品牌 Hub 页,已有 6 区块（#reality/#whobeats/…）,44.0,,en,已覆盖
jetpac esim review europe,品牌（全局）,品牌·全局,品牌 Hub 页,已有 6 区块（#reality/#whobeats/…）,44.0,,en,已覆盖
nomad esim coverage map,品牌（全局）,品牌·全局,品牌 Hub 页,已有 6 区块（#reality/#whobeats/…）,44.0,,en,已覆盖
nomad esim turkey reddit,品牌（全局）,品牌·全局,品牌 Hub 页,已有 6 区块（#reality/#whobeats/…）,44.0,,en,已覆盖
roamic esim reviews turkey,品牌（全局）,品牌·全局,品牌 Hub 页,已有 6 区块（#reality/#whobeats/…）,44.0,,en,已覆盖
airalo esim aktivieren,品牌（全局）,品牌·全局,品牌 Hub 页,已有 6 区块（#reality/#whobeats/…）,42.6,,de,已覆盖
airalo esim reviews europe,品牌（全局）,品牌·全局,品牌 Hub 页,已有 6 区块（#reality/#whobeats/…）,42.6,,en,已覆盖
airalo esim turkey not working,品牌（全局）,品牌·全局,品牌 Hub 页,已有 6 区块（#reality/#whobeats/…）,42.6,,en,已覆盖
airalo esim österreich,品牌（全局）,品牌·全局,品牌 Hub 页,已有 6 区块（#reality/#whobeats/…）,42.6,,en,已覆盖
alosim esim not working,品牌（全局）,品牌·全局,品牌 Hub 页,已有 6 区块（#reality/#whobeats/…）,42.6,,en,已覆盖
best esim for digital nomad,品牌（全局）,品牌·全局,品牌 Hub 页,已有 6 区块（#reality/#whobeats/…）,42.6,,en,已覆盖
esim discount code airalo,品牌（全局）,品牌·全局,品牌 Hub 页,已有 6 区块（#reality/#whobeats/…）,42.6,,en,已覆盖
holafly esim belgie,品牌（全局）,品牌·全局,品牌 Hub 页,已有 6 区块（#reality/#whobeats/…）,42.6,,en,已覆盖
holafly esim discount code 2026,品牌（全局）,品牌·全局,品牌 Hub 页,已有 6 区块（#reality/#whobeats/…）,42.6,,en,已覆盖
holafly esim erfahrungen,品牌（全局）,品牌·全局,品牌 Hub 页,已有 6 区块（#reality/#whobeats/…）,42.6,,de,已覆盖
holafly esim europe coverage,品牌（全局）,品牌·全局,品牌 Hub 页,已有 6 区块（#reality/#whobeats/…）,42.6,,en,已覆盖
holafly esim french polynesia,品牌（全局）,品牌·全局,品牌 Hub 页,已有 6 区块（#reality/#whobeats/…）,42.6,,en,已覆盖
holafly esim polen,品牌（全局）,品牌·全局,品牌 Hub 页,已有 6 区块（#reality/#whobeats/…）,42.6,,en,已覆盖
holafly esim review europe,品牌（全局）,品牌·全局,品牌 Hub 页,已有 6 区块（#reality/#whobeats/…）,42.6,,en,已覆盖
holafly esim reviews europe,品牌（全局）,品牌·全局,品牌 Hub 页,已有 6 区块（#reality/#whobeats/…）,42.6,,en,已覆盖
holafly esim saudi arabien,品牌（全局）,品牌·全局,品牌 Hub 页,已有 6 区块（#reality/#whobeats/…）,42.6,,en,已覆盖
holafly esim unlimited data speed,品牌（全局）,品牌·全局,品牌 Hub 页,已有 6 区块（#reality/#whobeats/…）,42.6,,en,已覆盖
is holafly esim good for europe,品牌（全局）,品牌·全局,品牌 Hub 页,已有 6 区块（#reality/#whobeats/…）,42.6,,en,已覆盖
is jetpac esim good in europe,品牌（全局）,品牌·全局,品牌 Hub 页,已有 6 区块（#reality/#whobeats/…）,42.6,,en,已覆盖
is nomad esim good in europe,品牌（全局）,品牌·全局,品牌 Hub 页,已有 6 区块（#reality/#whobeats/…）,42.6,,en,已覆盖
is saily esim good for europe,品牌（全局）,品牌·全局,品牌 Hub 页,已有 6 区块（#reality/#whobeats/…）,42.6,,en,已覆盖
is ubigi esim good for europe,品牌（全局）,品牌·全局,品牌 Hub 页,已有 6 区块（#reality/#whobeats/…）,42.6,,en,已覆盖
jetpac esim bali,品牌（全局）,品牌·全局,品牌 Hub 页,已有 6 区块（#reality/#whobeats/…）,42.6,,en,已覆盖
jetpac esim europe coverage,品牌（全局）,品牌·全局,品牌 Hub 页,已有 6 区块（#reality/#whobeats/…）,42.6,,en,已覆盖
jetpac esim how to activate,品牌（全局）,品牌·全局,品牌 Hub 页,已有 6 区块（#reality/#whobeats/…）,42.6,,en,已覆盖
jetpac esim indien,品牌（全局）,品牌·全局,品牌 Hub 页,已有 6 区块（#reality/#whobeats/…）,42.6,,en,已覆盖
jetpac esim promo code first order,品牌（全局）,品牌·全局,品牌 Hub 页,已有 6 区块（#reality/#whobeats/…）,42.6,,en,已覆盖
jetpac esim schweiz,品牌（全局）,品牌·全局,品牌 Hub 页,已有 6 区块（#reality/#whobeats/…）,42.6,,en,已覆盖
jetpac esim turkey reddit,品牌（全局）,品牌·全局,品牌 Hub 页,已有 6 区块（#reality/#whobeats/…）,42.6,,en,已覆盖
nomad esim coverage in sri lanka,品牌（全局）,品牌·全局,品牌 Hub 页,已有 6 区块（#reality/#whobeats/…）,42.6,,en,已覆盖
nomad esim plan not yet started,品牌（全局）,品牌·全局,品牌 Hub 页,已有 6 区块（#reality/#whobeats/…）,42.6,,en,已覆盖
nomad esim promo code,品牌（全局）,品牌·全局,品牌 Hub 页,已有 6 区块（#reality/#whobeats/…）,42.6,,en,已覆盖
nomad esim promo code 2025,品牌（全局）,品牌·全局,品牌 Hub 页,已有 6 区块（#reality/#whobeats/…）,42.6,,en,已覆盖
nomad esim promo code first order,品牌（全局）,品牌·全局,品牌 Hub 页,已有 6 区块（#reality/#whobeats/…）,42.6,,en,已覆盖
nomad esim review europe,品牌（全局）,品牌·全局,品牌 Hub 页,已有 6 区块（#reality/#whobeats/…）,42.6,,en,已覆盖
nomad esim unlimited plan,品牌（全局）,品牌·全局,品牌 Hub 页,已有 6 区块（#reality/#whobeats/…）,42.6,,en,已覆盖
roamic esim españa,品牌（全局）,品牌·全局,品牌 Hub 页,已有 6 区块（#reality/#whobeats/…）,42.6,,en,已覆盖
roamic esim italia,品牌（全局）,品牌·全局,品牌 Hub 页,已有 6 区块（#reality/#whobeats/…）,42.6,,en,已覆盖
roamic esim maroc,品牌（全局）,品牌·全局,品牌 Hub 页,已有 6 区块（#reality/#whobeats/…）,42.6,,en,已覆盖
roamic esim schweiz,品牌（全局）,品牌·全局,品牌 Hub 页,已有 6 区块（#reality/#whobeats/…）,42.6,,en,已覆盖
roamic esim türkei erfahrungen,品牌（全局）,品牌·全局,品牌 Hub 页,已有 6 区块（#reality/#whobeats/…）,42.6,,de,已覆盖
roamic esim türkei unlimited,品牌（全局）,品牌·全局,品牌 Hub 页,已有 6 区块（#reality/#whobeats/…）,42.6,,en,已覆盖
roamic esim united kingdom,品牌（全局）,品牌·全局,品牌 Hub 页,已有 6 区块（#reality/#whobeats/…）,42.6,,en,已覆盖
roamic esim usage,品牌（全局）,品牌·全局,品牌 Hub 页,已有 6 区块（#reality/#whobeats/…）,42.6,,en,已覆盖
roamic esim voucher code,品牌（全局）,品牌·全局,品牌 Hub 页,已有 6 区块（#reality/#whobeats/…）,42.6,,en,已覆盖
saily esim polska,品牌（全局）,品牌·全局,品牌 Hub 页,已有 6 区块（#reality/#whobeats/…）,42.6,,en,已覆盖
saily esim price europe,品牌（全局）,品牌·全局,品牌 Hub 页,已有 6 区块（#reality/#whobeats/…）,42.6,,en,已覆盖
saily esim promo code reddit,品牌（全局）,品牌·全局,品牌 Hub 页,已有 6 区块（#reality/#whobeats/…）,42.6,,en,已覆盖
saily esim review europe,品牌（全局）,品牌·全局,品牌 Hub 页,已有 6 区块（#reality/#whobeats/…）,42.6,,en,已覆盖
saily esim review new york,品牌（全局）,品牌·全局,品牌 Hub 页,已有 6 区块（#reality/#whobeats/…）,42.6,,en,已覆盖
saily esim reviews europe,品牌（全局）,品牌·全局,品牌 Hub 页,已有 6 区块（#reality/#whobeats/…）,42.6,,en,已覆盖
saily esim turkey review,品牌（全局）,品牌·全局,品牌 Hub 页,已有 6 区块（#reality/#whobeats/…）,42.6,,en,已覆盖
saily esim türkei,品牌（全局）,品牌·全局,品牌 Hub 页,已有 6 区块（#reality/#whobeats/…）,42.6,,en,已覆盖
saily esim unlimited data,品牌（全局）,品牌·全局,品牌 Hub 页,已有 6 区块（#reality/#whobeats/…）,42.6,,en,已覆盖
saily esim voice calls,品牌（全局）,品牌·全局,品牌 Hub 页,已有 6 区块（#reality/#whobeats/…）,42.6,,en,已覆盖
saily esim österreich,品牌（全局）,品牌·全局,品牌 Hub 页,已有 6 区块（#reality/#whobeats/…）,42.6,,en,已覆盖
ubigi esim coverage map,品牌（全局）,品牌·全局,品牌 Hub 页,已有 6 区块（#reality/#whobeats/…）,42.6,,en,已覆盖
ubigi esim data plans,品牌（全局）,品牌·全局,品牌 Hub 页,已有 6 区块（#reality/#whobeats/…）,42.6,,en,已覆盖
ubigi esim erfahrungen,品牌（全局）,品牌·全局,品牌 Hub 页,已有 6 区块（#reality/#whobeats/…）,42.6,,de,已覆盖
ubigi esim italia,品牌（全局）,品牌·全局,品牌 Hub 页,已有 6 区块（#reality/#whobeats/…）,42.6,,en,已覆盖
ubigi esim maroc,品牌（全局）,品牌·全局,品牌 Hub 页,已有 6 区块（#reality/#whobeats/…）,42.6,,en,已覆盖
ubigi esim promo code reddit,品牌（全局）,品牌·全局,品牌 Hub 页,已有 6 区块（#reality/#whobeats/…）,42.6,,en,已覆盖
ubigi esim rates,品牌（全局）,品牌·全局,品牌 Hub 页,已有 6 区块（#reality/#whobeats/…）,42.6,,en,已覆盖
ubigi esim review reddit,品牌（全局）,品牌·全局,品牌 Hub 页,已有 6 区块（#reality/#whobeats/…）,42.6,,en,已覆盖
ubigi esim unlimited data,品牌（全局）,品牌·全局,品牌 Hub 页,已有 6 区块（#reality/#whobeats/…）,42.6,,en,已覆盖
yesim esim türkei,品牌（全局）,品牌·全局,品牌 Hub 页,已有 6 区块（#reality/#whobeats/…）,42.6,,en,已覆盖
yesim unlimited esim,品牌（全局）,品牌·全局,品牌 Hub 页,已有 6 区块（#reality/#whobeats/…）,42.6,,en,已覆盖
airalo esim coverage map,品牌（全局）,品牌·全局,品牌 Hub 页,已有 6 区块（#reality/#whobeats/…）,42.1,,en,已覆盖
roamic esim turkey reddit,品牌（全局）,品牌·全局,品牌 Hub 页,已有 6 区块（#reality/#whobeats/…）,42.1,,en,已覆盖
esim marrakesch saily,品牌（全局）,品牌·全局,品牌 Hub 页,已有 6 区块（#reality/#whobeats/…）,41.6,,en,已覆盖
holafly esim rio de janeiro,品牌（全局）,品牌·全局,品牌 Hub 页,已有 6 区块（#reality/#whobeats/…）,41.1,,en,已覆盖
airalo esim europe,品牌（全局）,品牌·全局,品牌 Hub 页,已有 6 区块（#reality/#whobeats/…）,40.9,,en,已覆盖
esim zanzibar airalo,品牌（全局）,品牌·全局,品牌 Hub 页,已有 6 区块（#reality/#whobeats/…）,40.8,,en,已覆盖
holafly esim ukraine,品牌（全局）,品牌·全局,品牌 Hub 页,已有 6 区块（#reality/#whobeats/…）,40.8,,en,已覆盖
roamic esim turkey not working,品牌（全局）,品牌·全局,品牌 Hub 页,已有 6 区块（#reality/#whobeats/…）,40.8,,en,已覆盖
saily esim unlimited hotspot,品牌（全局）,品牌·全局,品牌 Hub 页,已有 6 区块（#reality/#whobeats/…）,40.8,,en,已覆盖
saily esim unlimited plan,品牌（全局）,品牌·全局,品牌 Hub 页,已有 6 区块（#reality/#whobeats/…）,40.8,,en,已覆盖
ubigi esim ukraine,品牌（全局）,品牌·全局,品牌 Hub 页,已有 6 区块（#reality/#whobeats/…）,40.8,,en,已覆盖
yesim esim reddit,品牌（全局）,品牌·全局,品牌 Hub 页,已有 6 区块（#reality/#whobeats/…）,40.8,,en,已覆盖
esim katar saily,品牌（全局）,品牌·全局,品牌 Hub 页,已有 6 区块（#reality/#whobeats/…）,40.3,,en,已覆盖
holafly esim coverage map,品牌（全局）,品牌·全局,品牌 Hub 页,已有 6 区块（#reality/#whobeats/…）,40.3,,en,已覆盖
roamic esim discount code,品牌（全局）,品牌·全局,品牌 Hub 页,已有 6 区块（#reality/#whobeats/…）,40.3,,en,已覆盖
saily vae esim,品牌（全局）,品牌·全局,品牌 Hub 页,已有 6 区块（#reality/#whobeats/…）,40.3,,en,已覆盖
ubigi esim schweiz,品牌（全局）,品牌·全局,品牌 Hub 页,已有 6 区块（#reality/#whobeats/…）,40.3,,en,已覆盖
airalo esim brazilie,品牌（全局）,品牌·全局,品牌 Hub 页,已有 6 区块（#reality/#whobeats/…）,38.9,,en,已覆盖
airalo esim erfahrungen,品牌（全局）,品牌·全局,品牌 Hub 页,已有 6 区块（#reality/#whobeats/…）,38.9,,de,已覆盖
airalo esim global coverage,品牌（全局）,品牌·全局,品牌 Hub 页,已有 6 区块（#reality/#whobeats/…）,38.9,,en,已覆盖
airalo esim unlimited data speed,品牌（全局）,品牌·全局,品牌 Hub 页,已有 6 区块（#reality/#whobeats/…）,38.9,,en,已覆盖
airalo esim voucher code,品牌（全局）,品牌·全局,品牌 Hub 页,已有 6 区块（#reality/#whobeats/…）,38.9,,en,已覆盖
alosim esim europe,品牌（全局）,品牌·全局,品牌 Hub 页,已有 6 区块（#reality/#whobeats/…）,38.9,,en,已覆盖
best esim for turkey saily,品牌（全局）,品牌·全局,品牌 Hub 页,已有 6 区块（#reality/#whobeats/…）,38.9,,en,已覆盖
esim paris airalo,品牌（全局）,品牌·全局,品牌 Hub 页,已有 6 区块（#reality/#whobeats/…）,38.9,,en,已覆盖
holafly asia esim coverage,品牌（全局）,品牌·全局,品牌 Hub 页,已有 6 区块（#reality/#whobeats/…）,38.9,,en,已覆盖
holafly esim abu dhabi,品牌（全局）,品牌·全局,品牌 Hub 页,已有 6 区块（#reality/#whobeats/…）,38.9,,en,已覆盖
holafly esim argentine,品牌（全局）,品牌·全局,品牌 Hub 页,已有 6 区块（#reality/#whobeats/…）,38.9,,en,已覆盖
holafly esim brazilie,品牌（全局）,品牌·全局,品牌 Hub 页,已有 6 区块（#reality/#whobeats/…）,38.9,,en,已覆盖
holafly esim cost,品牌（全局）,品牌·全局,品牌 Hub 页,已有 6 区块（#reality/#whobeats/…）,38.9,,en,已覆盖
holafly esim data plans,品牌（全局）,品牌·全局,品牌 Hub 页,已有 6 区块（#reality/#whobeats/…）,38.9,,en,已覆盖
holafly esim las vegas,品牌（全局）,品牌·全局,品牌 Hub 页,已有 6 区块（#reality/#whobeats/…）,38.9,,en,已覆盖
holafly esim mexiko not working,品牌（全局）,品牌·全局,品牌 Hub 页,已有 6 区块（#reality/#whobeats/…）,38.9,,en,已覆盖
holafly esim not working,品牌（全局）,品牌·全局,品牌 Hub 页,已有 6 区块（#reality/#whobeats/…）,38.9,,en,已覆盖
holafly esim türkei,品牌（全局）,品牌·全局,品牌 Hub 页,已有 6 区块（#reality/#whobeats/…）,38.9,,en,已覆盖
holafly esim unlimited data limit,品牌（全局）,品牌·全局,品牌 Hub 页,已有 6 区块（#reality/#whobeats/…）,38.9,,en,已覆盖
holafly esim voucher code,品牌（全局）,品牌·全局,品牌 Hub 页,已有 6 区块（#reality/#whobeats/…）,38.9,,en,已覆盖
holafly irish esim,品牌（全局）,品牌·全局,品牌 Hub 页,已有 6 区块（#reality/#whobeats/…）,38.9,,en,已覆盖
is airalo esim good in europe,品牌（全局）,品牌·全局,品牌 Hub 页,已有 6 区块（#reality/#whobeats/…）,38.9,,en,已覆盖
is roamic esim good reddit,品牌（全局）,品牌·全局,品牌 Hub 页,已有 6 区块（#reality/#whobeats/…）,38.9,,en,已覆盖
jetpac esim españa,品牌（全局）,品牌·全局,品牌 Hub 页,已有 6 区块（#reality/#whobeats/…）,38.9,,en,已覆盖
jetpac esim kanada,品牌（全局）,品牌·全局,品牌 Hub 页,已有 6 区块（#reality/#whobeats/…）,38.9,,en,已覆盖
jetpac esim suisse,品牌（全局）,品牌·全局,品牌 Hub 页,已有 6 区块（#reality/#whobeats/…）,38.9,,en,已覆盖
jetpac esim voucher code,品牌（全局）,品牌·全局,品牌 Hub 页,已有 6 区块（#reality/#whobeats/…）,38.9,,en,已覆盖
nomad esim abu dhabi,品牌（全局）,品牌·全局,品牌 Hub 页,已有 6 区块（#reality/#whobeats/…）,38.9,,en,已覆盖
nomad esim brazilie,品牌（全局）,品牌·全局,品牌 Hub 页,已有 6 区块（#reality/#whobeats/…）,38.9,,en,已覆盖
nomad esim cost,品牌（全局）,品牌·全局,品牌 Hub 页,已有 6 区块（#reality/#whobeats/…）,38.9,,en,已覆盖
nomad esim espana,品牌（全局）,品牌·全局,品牌 Hub 页,已有 6 区块（#reality/#whobeats/…）,38.9,,en,已覆盖
nomad esim italia,品牌（全局）,品牌·全局,品牌 Hub 页,已有 6 区块（#reality/#whobeats/…）,38.9,,en,已覆盖
nomad esim maroc,品牌（全局）,品牌·全局,品牌 Hub 页,已有 6 区块（#reality/#whobeats/…）,38.9,,en,已覆盖
nomad esim oceania,品牌（全局）,品牌·全局,品牌 Hub 页,已有 6 区块（#reality/#whobeats/…）,38.9,,en,已覆盖
nomad esim plan not started,品牌（全局）,品牌·全局,品牌 Hub 页,已有 6 区块（#reality/#whobeats/…）,38.9,,en,已覆盖
nomad esim promo code for existing users,品牌（全局）,品牌·全局,品牌 Hub 页,已有 6 区块（#reality/#whobeats/…）,38.9,,en,已覆盖
nomad esim reviews europe,品牌（全局）,品牌·全局,品牌 Hub 页,已有 6 区块（#reality/#whobeats/…）,38.9,,en,已覆盖
nomad esim swiss,品牌（全局）,品牌·全局,品牌 Hub 页,已有 6 区块（#reality/#whobeats/…）,38.9,,en,已覆盖
nomad esim turkey not working,品牌（全局）,品牌·全局,品牌 Hub 页,已有 6 区块（#reality/#whobeats/…）,38.9,,en,已覆盖
nomad esim ukraine,品牌（全局）,品牌·全局,品牌 Hub 页,已有 6 区块（#reality/#whobeats/…）,38.9,,en,已覆盖
nomad esim unlimited hotspot,品牌（全局）,品牌·全局,品牌 Hub 页,已有 6 区块（#reality/#whobeats/…）,38.9,,en,已覆盖
nomad esim.french polynesia,品牌（全局）,品牌·全局,品牌 Hub 页,已有 6 区块（#reality/#whobeats/…）,38.9,,en,已覆盖
roami esim promo code,品牌（全局）,品牌·全局,品牌 Hub 页,已有 6 区块（#reality/#whobeats/…）,38.9,,en,已覆盖
roamic esim suisse,品牌（全局）,品牌·全局,品牌 Hub 页,已有 6 区块（#reality/#whobeats/…）,38.9,,en,已覆盖
roamic esim türkei,品牌（全局）,品牌·全局,品牌 Hub 页,已有 6 区块（#reality/#whobeats/…）,38.9,,en,已覆盖
roamic esim united states,品牌（全局）,品牌·全局,品牌 Hub 页,已有 6 区块（#reality/#whobeats/…）,38.9,,en,已覆盖
saily esim abu dhabi,品牌（全局）,品牌·全局,品牌 Hub 页,已有 6 区块（#reality/#whobeats/…）,38.9,,en,已覆盖
saily esim aktivieren,品牌（全局）,品牌·全局,品牌 Hub 页,已有 6 区块（#reality/#whobeats/…）,38.9,,de,已覆盖
saily esim argentine,品牌（全局）,品牌·全局,品牌 Hub 页,已有 6 区块（#reality/#whobeats/…）,38.9,,en,已覆盖
saily esim coupon code,品牌（全局）,品牌·全局,品牌 Hub 页,已有 6 区块（#reality/#whobeats/…）,38.9,,en,已覆盖
saily esim promo code 2026,品牌（全局）,品牌·全局,品牌 Hub 页,已有 6 区块（#reality/#whobeats/…）,38.9,,en,已覆盖
saily esim review montenegro,品牌（全局）,品牌·全局,品牌 Hub 页,已有 6 区块（#reality/#whobeats/…）,38.9,,en,已覆盖
saily esim turkey not working,品牌（全局）,品牌·全局,品牌 Hub 页,已有 6 区块（#reality/#whobeats/…）,38.9,,en,已覆盖
saily esim unlimited data plan,品牌（全局）,品牌·全局,品牌 Hub 页,已有 6 区块（#reality/#whobeats/…）,38.9,,en,已覆盖
ubigi esim au,品牌（全局）,品牌·全局,品牌 Hub 页,已有 6 区块（#reality/#whobeats/…）,38.9,,en,已覆盖
ubigi esim bmw price,品牌（全局）,品牌·全局,品牌 Hub 页,已有 6 区块（#reality/#whobeats/…）,38.9,,en,已覆盖
ubigi esim data plans in 200+ destinations worldwide,品牌（全局）,品牌·全局,品牌 Hub 页,已有 6 区块（#reality/#whobeats/…）,38.9,,en,已覆盖
ubigi esim españa,品牌（全局）,品牌·全局,品牌 Hub 页,已有 6 区块（#reality/#whobeats/…）,38.9,,en,已覆盖
ubigi esim europe,品牌（全局）,品牌·全局,品牌 Hub 页,已有 6 区块（#reality/#whobeats/…）,38.9,,en,已覆盖
ubigi esim french polynesia,品牌（全局）,品牌·全局,品牌 Hub 页,已有 6 区块（#reality/#whobeats/…）,38.9,,en,已覆盖
ubigi esim promo code 2025,品牌（全局）,品牌·全局,品牌 Hub 页,已有 6 区块（#reality/#whobeats/…）,38.9,,en,已覆盖
ubigi esim unlimited europe,品牌（全局）,品牌·全局,品牌 Hub 页,已有 6 区块（#reality/#whobeats/…）,38.9,,en,已覆盖
yesim esim aktivieren,品牌（全局）,品牌·全局,品牌 Hub 页,已有 6 区块（#reality/#whobeats/…）,38.9,,de,已覆盖
airalo esim compatible phones,品牌（全局）,品牌·全局,品牌 Hub 页,已有 6 区块（#reality/#whobeats/…）,38.6,,en,已覆盖
holafly esim dublin,品牌（全局）,品牌·全局,品牌 Hub 页,已有 6 区块（#reality/#whobeats/…）,38.4,,en,已覆盖
roamic esim reddit,品牌（全局）,品牌·全局,品牌 Hub 页,已有 6 区块（#reality/#whobeats/…）,38.4,,en,已覆盖
ubigi esim.switzerland reddit,品牌（全局）,品牌·全局,品牌 Hub 页,已有 6 区块（#reality/#whobeats/…）,38.4,,en,已覆盖
esim marrakech airalo,品牌（全局）,品牌·全局,品牌 Hub 页,已有 6 区块（#reality/#whobeats/…）,37.9,,en,已覆盖
holafly esim review,品牌（全局）,品牌·全局,品牌 Hub 页,已有 6 区块（#reality/#whobeats/…）,37.8,,en,已覆盖
airalo esim for zanzibar,品牌（全局）,品牌·全局,品牌 Hub 页,已有 6 区块（#reality/#whobeats/…）,37.0,,en,已覆盖
esim hawaii airalo,品牌（全局）,品牌·全局,品牌 Hub 页,已有 6 区块（#reality/#whobeats/…）,37.0,,en,已覆盖
airalo esim turkey reddit,品牌（全局）,品牌·全局,品牌 Hub 页,已有 6 区块（#reality/#whobeats/…）,36.5,,en,已覆盖
esim abu dhabi holafly,品牌（全局）,品牌·全局,品牌 Hub 页,已有 6 区块（#reality/#whobeats/…）,36.5,,en,已覆盖
esim istanbul airalo,品牌（全局）,品牌·全局,品牌 Hub 页,已有 6 区块（#reality/#whobeats/…）,36.5,,en,已覆盖
holafly esim schweiz,品牌（全局）,品牌·全局,品牌 Hub 页,已有 6 区块（#reality/#whobeats/…）,36.5,,en,已覆盖
roamic esim,品牌（全局）,品牌·全局,品牌 Hub 页,已有 6 区块（#reality/#whobeats/…）,36.5,,en,已覆盖
roamic esim reviews albania,品牌（全局）,品牌·全局,品牌 Hub 页,已有 6 区块（#reality/#whobeats/…）,36.5,,en,已覆盖
saily esim turkey reddit,品牌（全局）,品牌·全局,品牌 Hub 页,已有 6 区块（#reality/#whobeats/…）,36.5,,en,已覆盖
saily esim rio de janeiro,品牌（全局）,品牌·全局,品牌 Hub 页,已有 6 区块（#reality/#whobeats/…）,35.5,,en,已覆盖
airalo esim abu dhabi,品牌（全局）,品牌·全局,品牌 Hub 页,已有 6 区块（#reality/#whobeats/…）,35.1,,en,已覆盖
airalo esim discount code 2026,品牌（全局）,品牌·全局,品牌 Hub 页,已有 6 区块（#reality/#whobeats/…）,35.1,,en,已覆盖
airalo esim europe coverage,品牌（全局）,品牌·全局,品牌 Hub 页,已有 6 区块（#reality/#whobeats/…）,35.1,,en,已覆盖
airalo esim for hawaii,品牌（全局）,品牌·全局,品牌 Hub 页,已有 6 区块（#reality/#whobeats/…）,35.1,,en,已覆盖
airalo esim las vegas,品牌（全局）,品牌·全局,品牌 Hub 页,已有 6 区块（#reality/#whobeats/…）,35.1,,en,已覆盖
airalo esim saudi arabien,品牌（全局）,品牌·全局,品牌 Hub 页,已有 6 区块（#reality/#whobeats/…）,35.1,,en,已覆盖
airalo esim ukraine,品牌（全局）,品牌·全局,品牌 Hub 页,已有 6 区块（#reality/#whobeats/…）,35.1,,en,已覆盖
airalo esim.buenos aires,品牌（全局）,品牌·全局,品牌 Hub 页,已有 6 区块（#reality/#whobeats/…）,35.1,,en,已覆盖
does saily esim work in turkey,品牌（全局）,品牌·全局,品牌 Hub 页,已有 6 区块（#reality/#whobeats/…）,35.1,,en,已覆盖
esim asia holafly,品牌（全局）,品牌·全局,品牌 Hub 页,已有 6 区块（#reality/#whobeats/…）,35.1,,en,已覆盖
esim bali saily,品牌（全局）,品牌·全局,品牌 Hub 页,已有 6 区块（#reality/#whobeats/…）,35.1,,en,已覆盖
esim balkans airalo,品牌（全局）,品牌·全局,品牌 Hub 页,已有 6 区块（#reality/#whobeats/…）,35.1,,en,已覆盖
esim discount code holafly,品牌（全局）,品牌·全局,品牌 Hub 页,已有 6 区块（#reality/#whobeats/…）,35.1,,en,已覆盖
esim georgien saily,品牌（全局）,品牌·全局,品牌 Hub 页,已有 6 区块（#reality/#whobeats/…）,35.1,,en,已覆盖
esim turkey roamic,品牌（全局）,品牌·全局,品牌 Hub 页,已有 6 区块（#reality/#whobeats/…）,35.1,,en,已覆盖
explain ubigi esim global coverage benefits for international travel,品牌（全局）,品牌·全局,品牌 Hub 页,已有 6 区块（#reality/#whobeats/…）,35.1,,en,已覆盖
holafly esim au,品牌（全局）,品牌·全局,品牌 Hub 页,已有 6 区块（#reality/#whobeats/…）,35.1,,en,已覆盖
holafly esim bali,品牌（全局）,品牌·全局,品牌 Hub 页,已有 6 区块（#reality/#whobeats/…）,35.1,,en,已覆盖
holafly esim brasil,品牌（全局）,品牌·全局,品牌 Hub 页,已有 6 区块（#reality/#whobeats/…）,35.1,,en,已覆盖
holafly esim egypten,品牌（全局）,品牌·全局,品牌 Hub 页,已有 6 区块（#reality/#whobeats/…）,35.1,,en,已覆盖
holafly esim espana,品牌（全局）,品牌·全局,品牌 Hub 页,已有 6 区块（#reality/#whobeats/…）,35.1,,en,已覆盖
holafly esim for hawaii,品牌（全局）,品牌·全局,品牌 Hub 页,已有 6 区块（#reality/#whobeats/…）,35.1,,en,已覆盖
holafly esim italia,品牌（全局）,品牌·全局,品牌 Hub 页,已有 6 区块（#reality/#whobeats/…）,35.1,,en,已覆盖
holafly esim maroc,品牌（全局）,品牌·全局,品牌 Hub 页,已有 6 区块（#reality/#whobeats/…）,35.1,,en,已覆盖
holafly esim perú,品牌（全局）,品牌·全局,品牌 Hub 页,已有 6 区块（#reality/#whobeats/…）,35.1,,en,已覆盖
holafly esim rates,品牌（全局）,品牌·全局,品牌 Hub 页,已有 6 区块（#reality/#whobeats/…）,35.1,,en,已覆盖
holafly esim unlimited data review,品牌（全局）,品牌·全局,品牌 Hub 页,已有 6 区块（#reality/#whobeats/…）,35.1,,en,已覆盖
holafly esim unlimited hotspot,品牌（全局）,品牌·全局,品牌 Hub 页,已有 6 区块（#reality/#whobeats/…）,35.1,,en,已覆盖
holafly global esim coverage,品牌（全局）,品牌·全局,品牌 Hub 页,已有 6 区块（#reality/#whobeats/…）,35.1,,en,已覆盖
holafly international esim plans for travel abroad,品牌（全局）,品牌·全局,品牌 Hub 页,已有 6 区块（#reality/#whobeats/…）,35.1,,en,已覆盖
holafly turkish esim,品牌（全局）,品牌·全局,品牌 Hub 页,已有 6 区块（#reality/#whobeats/…）,35.1,,en,已覆盖
is holafly esim good reddit,品牌（全局）,品牌·全局,品牌 Hub 页,已有 6 区块（#reality/#whobeats/…）,35.1,,en,已覆盖
is nomad esim good for turkey,品牌（全局）,品牌·全局,品牌 Hub 页,已有 6 区块（#reality/#whobeats/…）,35.1,,en,已覆盖
is roamic esim good for europe,品牌（全局）,品牌·全局,品牌 Hub 页,已有 6 区块（#reality/#whobeats/…）,35.1,,en,已覆盖
jetpac esim aktivieren,品牌（全局）,品牌·全局,品牌 Hub 页,已有 6 区块（#reality/#whobeats/…）,35.1,,de,已覆盖
jetpac esim italia,品牌（全局）,品牌·全局,品牌 Hub 页,已有 6 区块（#reality/#whobeats/…）,35.1,,en,已覆盖
jetpac esim review bali,品牌（全局）,品牌·全局,品牌 Hub 页,已有 6 区块（#reality/#whobeats/…）,35.1,,en,已覆盖
jetpac esim united states,品牌（全局）,品牌·全局,品牌 Hub 页,已有 6 区块（#reality/#whobeats/…）,35.1,,en,已覆盖
jetpac global esim promo code,品牌（全局）,品牌·全局,品牌 Hub 页,已有 6 区块（#reality/#whobeats/…）,35.1,,en,已覆盖
nomad caribbean esim,品牌（全局）,品牌·全局,品牌 Hub 页,已有 6 区块（#reality/#whobeats/…）,35.1,,en,已覆盖
nomad esim data plans,品牌（全局）,品牌·全局,品牌 Hub 页,已有 6 区块（#reality/#whobeats/…）,35.1,,en,已覆盖
nomad esim promo code 30,品牌（全局）,品牌·全局,品牌 Hub 页,已有 6 区块（#reality/#whobeats/…）,35.1,,en,已覆盖
nomad esim promo code reddit,品牌（全局）,品牌·全局,品牌 Hub 页,已有 6 区块（#reality/#whobeats/…）,35.1,,en,已覆盖
nomad esim schweiz,品牌（全局）,品牌·全局,品牌 Hub 页,已有 6 区块（#reality/#whobeats/…）,35.1,,en,已覆盖
nomad esim unlimited reddit,品牌（全局）,品牌·全局,品牌 Hub 页,已有 6 区块（#reality/#whobeats/…）,35.1,,en,已覆盖
nomad esim usage,品牌（全局）,品牌·全局,品牌 Hub 页,已有 6 区块（#reality/#whobeats/…）,35.1,,en,已覆盖
roami free esim,品牌（全局）,品牌·全局,品牌 Hub 页,已有 6 区块（#reality/#whobeats/…）,35.1,,en,已覆盖
roamic esim aktivieren,品牌（全局）,品牌·全局,品牌 Hub 页,已有 6 区块（#reality/#whobeats/…）,35.1,,de,已覆盖
roamic esim check usage,品牌（全局）,品牌·全局,品牌 Hub 页,已有 6 区块（#reality/#whobeats/…）,35.1,,en,已覆盖
roamic esim data usage,品牌（全局）,品牌·全局,品牌 Hub 页,已有 6 区块（#reality/#whobeats/…）,35.1,,en,已覆盖
roamic esim schweiz funktioniert nicht,品牌（全局）,品牌·全局,品牌 Hub 页,已有 6 区块（#reality/#whobeats/…）,35.1,,de,已覆盖
saily esim brasil,品牌（全局）,品牌·全局,品牌 Hub 页,已有 6 区块（#reality/#whobeats/…）,35.1,,en,已覆盖
saily esim not working,品牌（全局）,品牌·全局,品牌 Hub 页,已有 6 区块（#reality/#whobeats/…）,35.1,,en,已覆盖
saily esim promo code free reddit,品牌（全局）,品牌·全局,品牌 Hub 页,已有 6 区块（#reality/#whobeats/…）,35.1,,en,已覆盖
saily esim speed test,品牌（全局）,品牌·全局,品牌 Hub 页,已有 6 区块（#reality/#whobeats/…）,35.1,,en,已覆盖
ubigi esim promo code for existing users,品牌（全局）,品牌·全局,品牌 Hub 页,已有 6 区块（#reality/#whobeats/…）,35.1,,en,已覆盖
ubigi esim promo codes,品牌（全局）,品牌·全局,品牌 Hub 页,已有 6 区块（#reality/#whobeats/…）,35.1,,en,已覆盖
ubigi esim suisse,品牌（全局）,品牌·全局,品牌 Hub 页,已有 6 区块（#reality/#whobeats/…）,35.1,,en,已覆盖
yesim esim turkey,品牌（全局）,品牌·全局,品牌 Hub 页,已有 6 区块（#reality/#whobeats/…）,35.1,,en,已覆盖
roamic esim not activating,品牌（全局）,品牌·全局,品牌 Hub 页,已有 6 区块（#reality/#whobeats/…）,34.6,,en,已覆盖
saily esim dublin,品牌（全局）,品牌·全局,品牌 Hub 页,已有 6 区块（#reality/#whobeats/…）,34.6,,en,已覆盖
saily esim prague,品牌（全局）,品牌·全局,品牌 Hub 页,已有 6 区块（#reality/#whobeats/…）,34.6,,en,已覆盖
airalo esim edinburgh,品牌（全局）,品牌·全局,品牌 Hub 页,已有 6 区块（#reality/#whobeats/…）,33.2,,en,已覆盖
airalo esim unlimited data reddit,品牌（全局）,品牌·全局,品牌 Hub 页,已有 6 区块（#reality/#whobeats/…）,33.2,,en,已覆盖
avis holafly esim egypte,品牌（全局）,品牌·全局,品牌 Hub 页,已有 6 区块（#reality/#whobeats/…）,33.2,,en,已覆盖
holafly esim not working turkey,品牌（全局）,品牌·全局,品牌 Hub 页,已有 6 区块（#reality/#whobeats/…）,33.2,,en,已覆盖
is holafly esim good in turkey,品牌（全局）,品牌·全局,品牌 Hub 页,已有 6 区块（#reality/#whobeats/…）,33.2,,en,已覆盖
is jetpac esim good reddit,品牌（全局）,品牌·全局,品牌 Hub 页,已有 6 区块（#reality/#whobeats/…）,33.2,,en,已覆盖
is saily esim good reddit,品牌（全局）,品牌·全局,品牌 Hub 页,已有 6 区块（#reality/#whobeats/…）,33.2,,en,已覆盖
jetpac esim data usage,品牌（全局）,品牌·全局,品牌 Hub 页,已有 6 区块（#reality/#whobeats/…）,33.2,,en,已覆盖
jetpac esim promo code,品牌（全局）,品牌·全局,品牌 Hub 页,已有 6 区块（#reality/#whobeats/…）,33.2,,en,已覆盖
saily esim ukraine,品牌（全局）,品牌·全局,品牌 Hub 页,已有 6 区块（#reality/#whobeats/…）,33.2,,en,已覆盖
esim istanbul saily,品牌（全局）,品牌·全局,品牌 Hub 页,已有 6 区块（#reality/#whobeats/…）,32.8,,en,已覆盖
esim latin america airalo,品牌（全局）,品牌·全局,品牌 Hub 页,已有 6 区块（#reality/#whobeats/…）,32.8,,en,已覆盖
esim latin america saily,品牌（全局）,品牌·全局,品牌 Hub 页,已有 6 区块（#reality/#whobeats/…）,32.8,,en,已覆盖
holafly esim rome,品牌（全局）,品牌·全局,品牌 Hub 页,已有 6 区块（#reality/#whobeats/…）,32.8,,en,已覆盖
roamic esim not working,品牌（全局）,品牌·全局,品牌 Hub 页,已有 6 区块（#reality/#whobeats/…）,32.8,,en,已覆盖
roamic esim turkey,品牌（全局）,品牌·全局,品牌 Hub 页,已有 6 区块（#reality/#whobeats/…）,32.8,,en,已覆盖
saily esim beijing,品牌（全局）,品牌·全局,品牌 Hub 页,已有 6 区块（#reality/#whobeats/…）,32.8,,en,已覆盖
saily esim cancun,品牌（全局）,品牌·全局,品牌 Hub 页,已有 6 区块（#reality/#whobeats/…）,32.8,,en,已覆盖
nomad esim review,品牌（全局）,品牌·全局,品牌 Hub 页,已有 6 区块（#reality/#whobeats/…）,32.1,,en,已覆盖
airalo esim rio de janeiro,品牌（全局）,品牌·全局,品牌 Hub 页,已有 6 区块（#reality/#whobeats/…）,31.8,,en,已覆盖
airalo esim asia coverage,品牌（全局）,品牌·全局,品牌 Hub 页,已有 6 区块（#reality/#whobeats/…）,31.4,,en,已覆盖
airalo esim bali,品牌（全局）,品牌·全局,品牌 Hub 页,已有 6 区块（#reality/#whobeats/…）,31.4,,en,已覆盖
airalo esim buenos aires,品牌（全局）,品牌·全局,品牌 Hub 页,已有 6 区块（#reality/#whobeats/…）,31.4,,en,已覆盖
airalo esim cape town,品牌（全局）,品牌·全局,品牌 Hub 页,已有 6 区块（#reality/#whobeats/…）,31.4,,en,已覆盖
airalo esim discount code 2025,品牌（全局）,品牌·全局,品牌 Hub 页,已有 6 区块（#reality/#whobeats/…）,31.4,,en,已覆盖
airalo esim installation,品牌（全局）,品牌·全局,品牌 Hub 页,已有 6 区块（#reality/#whobeats/…）,31.4,,en,已覆盖
airalo esim installieren,品牌（全局）,品牌·全局,品牌 Hub 页,已有 6 区块（#reality/#whobeats/…）,31.4,,en,已覆盖
airalo esim top up,品牌（全局）,品牌·全局,品牌 Hub 页,已有 6 区块（#reality/#whobeats/…）,31.4,,en,已覆盖
airalo esim unlimited reddit,品牌（全局）,品牌·全局,品牌 Hub 页,已有 6 区块（#reality/#whobeats/…）,31.4,,en,已覆盖
airalo esim voice calls,品牌（全局）,品牌·全局,品牌 Hub 页,已有 6 区块（#reality/#whobeats/…）,31.4,,en,已覆盖
airalo esim works in turkey,品牌（全局）,品牌·全局,品牌 Hub 页,已有 6 区块（#reality/#whobeats/…）,31.4,,en,已覆盖
airalo esim.unlimited,品牌（全局）,品牌·全局,品牌 Hub 页,已有 6 区块（#reality/#whobeats/…）,31.4,,en,已覆盖
alosim esim not active,品牌（全局）,品牌·全局,品牌 Hub 页,已有 6 区块（#reality/#whobeats/…）,31.4,,en,已覆盖
alosim esim turkey,品牌（全局）,品牌·全局,品牌 Hub 页,已有 6 区块（#reality/#whobeats/…）,31.4,,en,已覆盖
best esim for south america saily,品牌（全局）,品牌·全局,品牌 Hub 页,已有 6 区块（#reality/#whobeats/…）,31.4,,en,已覆盖
does nomad esim work in turkey,品牌（全局）,品牌·全局,品牌 Hub 页,已有 6 区块（#reality/#whobeats/…）,31.4,,en,已覆盖
esim africa holafly,品牌（全局）,品牌·全局,品牌 Hub 页,已有 6 区块（#reality/#whobeats/…）,31.4,,en,已覆盖
esim asia airalo,品牌（全局）,品牌·全局,品牌 Hub 页,已有 6 区块（#reality/#whobeats/…）,31.4,,en,已覆盖
esim dubai holafly,品牌（全局）,品牌·全局,品牌 Hub 页,已有 6 区块（#reality/#whobeats/…）,31.4,,en,已覆盖
esim marrakesch holafly,品牌（全局）,品牌·全局,品牌 Hub 页,已有 6 区块（#reality/#whobeats/…）,31.4,,en,已覆盖
esim new york airalo,品牌（全局）,品牌·全局,品牌 Hub 页,已有 6 区块（#reality/#whobeats/…）,31.4,,en,已覆盖
holafly amerika esim,品牌（全局）,品牌·全局,品牌 Hub 页,已有 6 区块（#reality/#whobeats/…）,31.4,,en,已覆盖
holafly esim central america,品牌（全局）,品牌·全局,品牌 Hub 页,已有 6 区块（#reality/#whobeats/…）,31.4,,en,已覆盖
holafly esim discount code,品牌（全局）,品牌·全局,品牌 Hub 页,已有 6 区块（#reality/#whobeats/…）,31.4,,en,已覆盖
holafly esim europe discount code,品牌（全局）,品牌·全局,品牌 Hub 页,已有 6 区块（#reality/#whobeats/…）,31.4,,en,已覆盖
holafly esim europe price,品牌（全局）,品牌·全局,品牌 Hub 页,已有 6 区块（#reality/#whobeats/…）,31.4,,en,已覆盖
holafly esim hotspot,品牌（全局）,品牌·全局,品牌 Hub 页,已有 6 区块（#reality/#whobeats/…）,31.4,,en,已覆盖
holafly esim maroc avis,品牌（全局）,品牌·全局,品牌 Hub 页,已有 6 区块（#reality/#whobeats/…）,31.4,,en,已覆盖
holafly esim review trustpilot,品牌（全局）,品牌·全局,品牌 Hub 页,已有 6 区块（#reality/#whobeats/…）,31.4,,en,已覆盖
holafly esim suisse,品牌（全局）,品牌·全局,品牌 Hub 页,已有 6 区块（#reality/#whobeats/…）,31.4,,en,已覆盖
holafly esim unlimited plan,品牌（全局）,品牌·全局,品牌 Hub 页,已有 6 区块（#reality/#whobeats/…）,31.4,,en,已覆盖
holafly esim.los angeles,品牌（全局）,品牌·全局,品牌 Hub 页,已有 6 区块（#reality/#whobeats/…）,31.4,,en,已覆盖
holafly spanish esim,品牌（全局）,品牌·全局,品牌 Hub 页,已有 6 区块（#reality/#whobeats/…）,31.4,,en,已覆盖
how to install esim airalo,品牌（全局）,品牌·全局,品牌 Hub 页,已有 6 区块（#reality/#whobeats/…）,31.4,,en,已覆盖
is nomad esim good for bali,品牌（全局）,品牌·全局,品牌 Hub 页,已有 6 区块（#reality/#whobeats/…）,31.4,,en,已覆盖
is ubigi esim good reddit,品牌（全局）,品牌·全局,品牌 Hub 页,已有 6 区块（#reality/#whobeats/…）,31.4,,en,已覆盖
jetpac esim albanien,品牌（全局）,品牌·全局,品牌 Hub 页,已有 6 区块（#reality/#whobeats/…）,31.4,,en,已覆盖
jetpac esim europe,品牌（全局）,品牌·全局,品牌 Hub 页,已有 6 区块（#reality/#whobeats/…）,31.4,,en,已覆盖
jetpac esim not working,品牌（全局）,品牌·全局,品牌 Hub 页,已有 6 区块（#reality/#whobeats/…）,31.4,,en,已覆盖
my roamic esim,品牌（全局）,品牌·全局,品牌 Hub 页,已有 6 区块（#reality/#whobeats/…）,31.4,,en,已覆盖
nomad esim au,品牌（全局）,品牌·全局,品牌 Hub 页,已有 6 区块（#reality/#whobeats/…）,31.4,,en,已覆盖
nomad esim bali,品牌（全局）,品牌·全局,品牌 Hub 页,已有 6 区块（#reality/#whobeats/…）,31.4,,en,已覆盖
nomad esim offers affordable data plans for international travelers,品牌（全局）,品牌·全局,品牌 Hub 页,已有 6 区块（#reality/#whobeats/…）,31.4,,en,已覆盖
nomad esim promo code add on,品牌（全局）,品牌·全局,品牌 Hub 页,已有 6 区块（#reality/#whobeats/…）,31.4,,en,已覆盖
nomad esim reddit,品牌（全局）,品牌·全局,品牌 Hub 页,已有 6 区块（#reality/#whobeats/…）,31.4,,en,已覆盖
nomad esim suisse,品牌（全局）,品牌·全局,品牌 Hub 页,已有 6 区块（#reality/#whobeats/…）,31.4,,en,已覆盖
nomad esim türkei,品牌（全局）,品牌·全局,品牌 Hub 页,已有 6 区块（#reality/#whobeats/…）,31.4,,en,已覆盖
roamic esim corea,品牌（全局）,品牌·全局,品牌 Hub 页,已有 6 区块（#reality/#whobeats/…）,31.4,,en,已覆盖
roamic esim rabatt code,品牌（全局）,品牌·全局,品牌 Hub 页,已有 6 区块（#reality/#whobeats/…）,31.4,,en,已覆盖
roamic esim reviews bali,品牌（全局）,品牌·全局,品牌 Hub 页,已有 6 区块（#reality/#whobeats/…）,31.4,,en,已覆盖
roamic turkish esim,品牌（全局）,品牌·全局,品牌 Hub 页,已有 6 区块（#reality/#whobeats/…）,31.4,,en,已覆盖
saily esim australian dollars,品牌（全局）,品牌·全局,品牌 Hub 页,已有 6 区块（#reality/#whobeats/…）,31.4,,en,已覆盖
saily esim bali,品牌（全局）,品牌·全局,品牌 Hub 页,已有 6 区块（#reality/#whobeats/…）,31.4,,en,已覆盖
saily esim brazilie,品牌（全局）,品牌·全局,品牌 Hub 页,已有 6 区块（#reality/#whobeats/…）,31.4,,en,已覆盖
saily esim discount code,品牌（全局）,品牌·全局,品牌 Hub 页,已有 6 区块（#reality/#whobeats/…）,31.4,,en,已覆盖
saily esim espana,品牌（全局）,品牌·全局,品牌 Hub 页,已有 6 区块（#reality/#whobeats/…）,31.4,,en,已覆盖
saily esim french polynesia,品牌（全局）,品牌·全局,品牌 Hub 页,已有 6 区块（#reality/#whobeats/…）,31.4,,en,已覆盖
saily esim orlando,品牌（全局）,品牌·全局,品牌 Hub 页,已有 6 区块（#reality/#whobeats/…）,31.4,,en,已覆盖
saily esim promo code 2025,品牌（全局）,品牌·全局,品牌 Hub 页,已有 6 区块（#reality/#whobeats/…）,31.4,,en,已覆盖
saily esim review bali,品牌（全局）,品牌·全局,品牌 Hub 页,已有 6 区块（#reality/#whobeats/…）,31.4,,en,已覆盖
saily esim turkey reviews,品牌（全局）,品牌·全局,品牌 Hub 页,已有 6 区块（#reality/#whobeats/…）,31.4,,en,已覆盖
saily greek esim,品牌（全局）,品牌·全局,品牌 Hub 页,已有 6 区块（#reality/#whobeats/…）,31.4,,en,已覆盖
saily unlimited esim review,品牌（全局）,品牌·全局,品牌 Hub 页,已有 6 区块（#reality/#whobeats/…）,31.4,,en,已覆盖
ubigi esim discount code,品牌（全局）,品牌·全局,品牌 Hub 页,已有 6 区块（#reality/#whobeats/…）,31.4,,en,已覆盖
ubigi esim not working,品牌（全局）,品牌·全局,品牌 Hub 页,已有 6 区块（#reality/#whobeats/…）,31.4,,en,已覆盖
ubigi esim scandinavia,品牌（全局）,品牌·全局,品牌 Hub 页,已有 6 区块（#reality/#whobeats/…）,31.4,,en,已覆盖
ubigi esim schweiz erfahrungen,品牌（全局）,品牌·全局,品牌 Hub 页,已有 6 区块（#reality/#whobeats/…）,31.4,,de,已覆盖
ubigi esim unlimited reddit,品牌（全局）,品牌·全局,品牌 Hub 页,已有 6 区块（#reality/#whobeats/…）,31.4,,en,已覆盖
yesim esim installieren,品牌（全局）,品牌·全局,品牌 Hub 页,已有 6 区块（#reality/#whobeats/…）,31.4,,en,已覆盖
yesim esim reviews,品牌（全局）,品牌·全局,品牌 Hub 页,已有 6 区块（#reality/#whobeats/…）,31.4,,en,已覆盖
airalo esim turkey price,品牌（全局）,品牌·全局,品牌 Hub 页,已有 6 区块（#reality/#whobeats/…）,30.9,,en,已覆盖
esim for prague vienna and budapest airalo,品牌（全局）,品牌·全局,品牌 Hub 页,已有 6 区块（#reality/#whobeats/…）,30.9,,en,已覆盖
saily esim schweiz,品牌（全局）,品牌·全局,品牌 Hub 页,已有 6 区块（#reality/#whobeats/…）,30.9,,en,已覆盖
airalo esim price turkey,品牌（全局）,品牌·全局,品牌 Hub 页,已有 6 区块（#reality/#whobeats/…）,29.5,,en,已覆盖
is nomad esim an australian company,品牌（全局）,品牌·全局,品牌 Hub 页,已有 6 区块（#reality/#whobeats/…）,29.5,,en,已覆盖
jetpac esim reddit,品牌（全局）,品牌·全局,品牌 Hub 页,已有 6 区块（#reality/#whobeats/…）,29.5,,en,已覆盖
nomad esim europe price,品牌（全局）,品牌·全局,品牌 Hub 页,已有 6 区块（#reality/#whobeats/…）,29.5,,en,已覆盖
saily esim las vegas,品牌（全局）,品牌·全局,品牌 Hub 页,已有 6 区块（#reality/#whobeats/…）,29.5,,en,已覆盖
ubigi esim europe price,品牌（全局）,品牌·全局,品牌 Hub 页,已有 6 区块（#reality/#whobeats/…）,29.5,,en,已覆盖
airalo esim schweiz,品牌（全局）,品牌·全局,品牌 Hub 页,已有 6 区块（#reality/#whobeats/…）,29.0,,en,已覆盖
airalo esim vienna,品牌（全局）,品牌·全局,品牌 Hub 页,已有 6 区块（#reality/#whobeats/…）,29.0,,en,已覆盖
amsterdam esim holafly,品牌（全局）,品牌·全局,品牌 Hub 页,已有 6 区块（#reality/#whobeats/…）,29.0,,en,已覆盖
esim istanbul holafly,品牌（全局）,品牌·全局,品牌 Hub 页,已有 6 区块（#reality/#whobeats/…）,29.0,,en,已覆盖
esim marrakech saily,品牌（全局）,品牌·全局,品牌 Hub 页,已有 6 区块（#reality/#whobeats/…）,29.0,,en,已覆盖
esim tokyo holafly,品牌（全局）,品牌·全局,品牌 Hub 页,已有 6 区块（#reality/#whobeats/…）,29.0,,en,已覆盖
holafly esim bogota,品牌（全局）,品牌·全局,品牌 Hub 页,已有 6 区块（#reality/#whobeats/…）,29.0,,en,已覆盖
ubigi esim asia unlimited,品牌（全局）,品牌·全局,品牌 Hub 页,已有 6 区块（#reality/#whobeats/…）,29.0,,en,已覆盖
yesim esim turkey review,品牌（全局）,品牌·全局,品牌 Hub 页,已有 6 区块（#reality/#whobeats/…）,29.0,,en,已覆盖
nomad esim turkey price,品牌（全局）,品牌·全局,品牌 Hub 页,已有 6 区块（#reality/#whobeats/…）,28.5,,en,已覆盖
airalo esim espana,品牌（全局）,品牌·全局,品牌 Hub 页,已有 6 区块（#reality/#whobeats/…）,27.6,,en,已覆盖
airalo esim french polynesia,品牌（全局）,品牌·全局,品牌 Hub 页,已有 6 区块（#reality/#whobeats/…）,27.6,,en,已覆盖
airalo esim scandinavia,品牌（全局）,品牌·全局,品牌 Hub 页,已有 6 区块（#reality/#whobeats/…）,27.6,,en,已覆盖
airalo esim suisse,品牌（全局）,品牌·全局,品牌 Hub 页,已有 6 区块（#reality/#whobeats/…）,27.6,,en,已覆盖
airalo esim turkey,品牌（全局）,品牌·全局,品牌 Hub 页,已有 6 区块（#reality/#whobeats/…）,27.6,,en,已覆盖
airalo esim.unlimited data speed,品牌（全局）,品牌·全局,品牌 Hub 页,已有 6 区块（#reality/#whobeats/…）,27.6,,en,已覆盖
airalo free esim turkey,品牌（全局）,品牌·全局,品牌 Hub 页,已有 6 区块（#reality/#whobeats/…）,27.6,,en,已覆盖
airalo irish esim,品牌（全局）,品牌·全局,品牌 Hub 页,已有 6 区块（#reality/#whobeats/…）,27.6,,en,已覆盖
airalo kanada esim not working,品牌（全局）,品牌·全局,品牌 Hub 页,已有 6 区块（#reality/#whobeats/…）,27.6,,en,已覆盖
airalo turkey esim prices,品牌（全局）,品牌·全局,品牌 Hub 页,已有 6 区块（#reality/#whobeats/…）,27.6,,en,已覆盖
airalo unlimited esim hotspot,品牌（全局）,品牌·全局,品牌 Hub 页,已有 6 区块（#reality/#whobeats/…）,27.6,,en,已覆盖
alosim esim installation,品牌（全局）,品牌·全局,品牌 Hub 页,已有 6 区块（#reality/#whobeats/…）,27.6,,en,已覆盖
alosim esim reddit,品牌（全局）,品牌·全局,品牌 Hub 页,已有 6 区块（#reality/#whobeats/…）,27.6,,en,已覆盖
bali esim airalo,品牌（全局）,品牌·全局,品牌 Hub 页,已有 6 区块（#reality/#whobeats/…）,27.6,,en,已覆盖
best holafly esim discount code,品牌（全局）,品牌·全局,品牌 Hub 页,已有 6 区块（#reality/#whobeats/…）,27.6,,en,已覆盖
esim balkans holafly,品牌（全局）,品牌·全局,品牌 Hub 页,已有 6 区块（#reality/#whobeats/…）,27.6,,en,已覆盖
esim maldives airalo,品牌（全局）,品牌·全局,品牌 Hub 页,已有 6 区块（#reality/#whobeats/…）,27.6,,en,已覆盖
esim promo code nomad,品牌（全局）,品牌·全局,品牌 Hub 页,已有 6 区块（#reality/#whobeats/…）,27.6,,en,已覆盖
holafly cancun esim,品牌（全局）,品牌·全局,品牌 Hub 页,已有 6 区块（#reality/#whobeats/…）,27.6,,en,已覆盖
holafly esim kuala lumpur,品牌（全局）,品牌·全局,品牌 Hub 页,已有 6 区块（#reality/#whobeats/…）,27.6,,en,已覆盖
holafly esim los angeles,品牌（全局）,品牌·全局,品牌 Hub 页,已有 6 区块（#reality/#whobeats/…）,27.6,,en,已覆盖
holafly esim middle east,品牌（全局）,品牌·全局,品牌 Hub 页,已有 6 区块（#reality/#whobeats/…）,27.6,,en,已覆盖
holafly esim orlando,品牌（全局）,品牌·全局,品牌 Hub 页,已有 6 区块（#reality/#whobeats/…）,27.6,,en,已覆盖
holafly esim reddit,品牌（全局）,品牌·全局,品牌 Hub 页,已有 6 区块（#reality/#whobeats/…）,27.6,,en,已覆盖
holafly esim schweiz erfahrungen,品牌（全局）,品牌·全局,品牌 Hub 页,已有 6 区块（#reality/#whobeats/…）,27.6,,de,已覆盖
holafly esim turkey,品牌（全局）,品牌·全局,品牌 Hub 页,已有 6 区块（#reality/#whobeats/…）,27.6,,en,已覆盖
holafly esim unlimited data reddit,品牌（全局）,品牌·全局,品牌 Hub 页,已有 6 区块（#reality/#whobeats/…）,27.6,,en,已覆盖
holafly global esim plans,品牌（全局）,品牌·全局,品牌 Hub 页,已有 6 区块（#reality/#whobeats/…）,27.6,,en,已覆盖
how to check roamic esim usage,品牌（全局）,品牌·全局,品牌 Hub 页,已有 6 区块（#reality/#whobeats/…）,27.6,,en,已覆盖
is airalo esim good for bali,品牌（全局）,品牌·全局,品牌 Hub 页,已有 6 区块（#reality/#whobeats/…）,27.6,,en,已覆盖
is roamic esim good in albania,品牌（全局）,品牌·全局,品牌 Hub 页,已有 6 区块（#reality/#whobeats/…）,27.6,,en,已覆盖
istanbul esim airalo,品牌（全局）,品牌·全局,品牌 Hub 页,已有 6 区块（#reality/#whobeats/…）,27.6,,en,已覆盖
jetpac esim indonesien,品牌（全局）,品牌·全局,品牌 Hub 页,已有 6 区块（#reality/#whobeats/…）,27.6,,en,已覆盖
nomad esim europe coverage,品牌（全局）,品牌·全局,品牌 Hub 页,已有 6 区块（#reality/#whobeats/…）,27.6,,en,已覆盖
nomad esim europe unlimited data,品牌（全局）,品牌·全局,品牌 Hub 页,已有 6 区块（#reality/#whobeats/…）,27.6,,en,已覆盖
nomad esim promo code july 2026,品牌（全局）,品牌·全局,品牌 Hub 页,已有 6 区块（#reality/#whobeats/…）,27.6,,en,已覆盖
nomad esim rabattcode,品牌（全局）,品牌·全局,品牌 Hub 页,已有 6 区块（#reality/#whobeats/…）,27.6,,en,已覆盖
nomad esim review nepal,品牌（全局）,品牌·全局,品牌 Hub 页,已有 6 区块（#reality/#whobeats/…）,27.6,,en,已覆盖
roamic esim installieren,品牌（全局）,品牌·全局,品牌 Hub 页,已有 6 区块（#reality/#whobeats/…）,27.6,,en,已覆盖
saily esim brasil review,品牌（全局）,品牌·全局,品牌 Hub 页,已有 6 区块（#reality/#whobeats/…）,27.6,,en,已覆盖
saily esim for family,品牌（全局）,品牌·全局,品牌 Hub 页,已有 6 区块（#reality/#whobeats/…）,27.6,,en,已覆盖
saily esim maroc,品牌（全局）,品牌·全局,品牌 Hub 页,已有 6 区块（#reality/#whobeats/…）,27.6,,en,已覆盖
saily esim preise,品牌（全局）,品牌·全局,品牌 Hub 页,已有 6 区块（#reality/#whobeats/…）,27.6,,de,已覆盖
saily esim promotion code,品牌（全局）,品牌·全局,品牌 Hub 页,已有 6 区块（#reality/#whobeats/…）,27.6,,en,已覆盖
saily esim unlimited data reddit,品牌（全局）,品牌·全局,品牌 Hub 页,已有 6 区块（#reality/#whobeats/…）,27.6,,en,已覆盖
saily esim works in turkey,品牌（全局）,品牌·全局,品牌 Hub 页,已有 6 区块（#reality/#whobeats/…）,27.6,,en,已覆盖
saily korean esim,品牌（全局）,品牌·全局,品牌 Hub 页,已有 6 区块（#reality/#whobeats/…）,27.6,,en,已覆盖
ubigi chinese esim,品牌（全局）,品牌·全局,品牌 Hub 页,已有 6 区块（#reality/#whobeats/…）,27.6,,en,已覆盖
ubigi esim bali,品牌（全局）,品牌·全局,品牌 Hub 页,已有 6 区块（#reality/#whobeats/…）,27.6,,en,已覆盖
ubigi esim kanada,品牌（全局）,品牌·全局,品牌 Hub 页,已有 6 区块（#reality/#whobeats/…）,27.6,,en,已覆盖
ubigi esim usage,品牌（全局）,品牌·全局,品牌 Hub 页,已有 6 区块（#reality/#whobeats/…）,27.6,,en,已覆盖
ubigi esim voucher code,品牌（全局）,品牌·全局,品牌 Hub 页,已有 6 区块（#reality/#whobeats/…）,27.6,,en,已覆盖
yesim esim promo code,品牌（全局）,品牌·全局,品牌 Hub 页,已有 6 区块（#reality/#whobeats/…）,27.6,,en,已覆盖
yesim esim ägypten,品牌（全局）,品牌·全局,品牌 Hub 页,已有 6 区块（#reality/#whobeats/…）,27.6,,en,已覆盖
airalo esim brussels,品牌（全局）,品牌·全局,品牌 Hub 页,已有 6 区块（#reality/#whobeats/…）,27.1,,en,已覆盖
holafly esim toronto,品牌（全局）,品牌·全局,品牌 Hub 页,已有 6 区块（#reality/#whobeats/…）,27.1,,en,已覆盖
roamic esim bali,品牌（全局）,品牌·全局,品牌 Hub 页,已有 6 区块（#reality/#whobeats/…）,27.1,,en,已覆盖
roamic esim check balance,品牌（全局）,品牌·全局,品牌 Hub 页,已有 6 区块（#reality/#whobeats/…）,27.1,,en,已覆盖
holafly esim europe,品牌（全局）,品牌·全局,品牌 Hub 页,已有 6 区块（#reality/#whobeats/…）,26.6,,en,已覆盖
airalo esim for shanghai,品牌（全局）,品牌·全局,品牌 Hub 页,已有 6 区块（#reality/#whobeats/…）,25.8,,en,已覆盖
airalo esim los angeles,品牌（全局）,品牌·全局,品牌 Hub 页,已有 6 区块（#reality/#whobeats/…）,25.8,,en,已覆盖
esim for turkey airalo,品牌（全局）,品牌·全局,品牌 Hub 页,已有 6 区块（#reality/#whobeats/…）,25.8,,en,已覆盖
esim turkey airalo,品牌（全局）,品牌·全局,品牌 Hub 页,已有 6 区块（#reality/#whobeats/…）,25.8,,en,已覆盖
global esim airalo,品牌（全局）,品牌·全局,品牌 Hub 页,已有 6 区块（#reality/#whobeats/…）,25.8,,en,已覆盖
holafly esim thailandia,品牌（全局）,品牌·全局,品牌 Hub 页,已有 6 区块（#reality/#whobeats/…）,25.8,,en,已覆盖
is saily esim good for turkey,品牌（全局）,品牌·全局,品牌 Hub 页,已有 6 区块（#reality/#whobeats/…）,25.8,,en,已覆盖
nomad esim discount code,品牌（全局）,品牌·全局,品牌 Hub 页,已有 6 区块（#reality/#whobeats/…）,25.8,,en,已覆盖
nomad esim europe,品牌（全局）,品牌·全局,品牌 Hub 页,已有 6 区块（#reality/#whobeats/…）,25.8,,en,已覆盖
nomad esim thailandia,品牌（全局）,品牌·全局,品牌 Hub 页,已有 6 区块（#reality/#whobeats/…）,25.8,,en,已覆盖
paris esim holafly,品牌（全局）,品牌·全局,品牌 Hub 页,已有 6 区块（#reality/#whobeats/…）,25.8,,en,已覆盖
saily esim for hawaii,品牌（全局）,品牌·全局,品牌 Hub 页,已有 6 区块（#reality/#whobeats/…）,25.8,,en,已覆盖
saily esim reddit,品牌（全局）,品牌·全局,品牌 Hub 页,已有 6 区块（#reality/#whobeats/…）,25.8,,en,已覆盖
ubigi esim reddit,品牌（全局）,品牌·全局,品牌 Hub 页,已有 6 区块（#reality/#whobeats/…）,25.8,,en,已覆盖
airalo esim bogota,品牌（全局）,品牌·全局,品牌 Hub 页,已有 6 区块（#reality/#whobeats/…）,25.2,,en,已覆盖
airalo esim cairo,品牌（全局）,品牌·全局,品牌 Hub 页,已有 6 区块（#reality/#whobeats/…）,25.2,,en,已覆盖
esim abu dhabi saily,品牌（全局）,品牌·全局,品牌 Hub 页,已有 6 区块（#reality/#whobeats/…）,25.2,,en,已覆盖
holafly esim beijing,品牌（全局）,品牌·全局,品牌 Hub 页,已有 6 区块（#reality/#whobeats/…）,25.2,,en,已覆盖
holafly esim cairo,品牌（全局）,品牌·全局,品牌 Hub 页,已有 6 区块（#reality/#whobeats/…）,25.2,,en,已覆盖
roamic esim albania,品牌（全局）,品牌·全局,品牌 Hub 页,已有 6 区块（#reality/#whobeats/…）,25.2,,en,已覆盖
saily esim turkey price,品牌（全局）,品牌·全局,品牌 Hub 页,已有 6 区块（#reality/#whobeats/…）,25.2,,en,已覆盖
ubigi esim promo code,品牌（全局）,品牌·全局,品牌 Hub 页,已有 6 区块（#reality/#whobeats/…）,25.2,,en,已覆盖
airalo asia esim unlimited data,品牌（全局）,品牌·全局,品牌 Hub 页,已有 6 区块（#reality/#whobeats/…）,23.9,,en,已覆盖
airalo esim activation,品牌（全局）,品牌·全局,品牌 Hub 页,已有 6 区块（#reality/#whobeats/…）,23.9,,en,已覆盖
airalo esim cancun,品牌（全局）,品牌·全局,品牌 Hub 页,已有 6 区块（#reality/#whobeats/…）,23.9,,en,已覆盖
airalo esim card turkey,品牌（全局）,品牌·全局,品牌 Hub 页,已有 6 区块（#reality/#whobeats/…）,23.9,,en,已覆盖
airalo esim central america,品牌（全局）,品牌·全局,品牌 Hub 页,已有 6 区块（#reality/#whobeats/…）,23.9,,en,已覆盖
airalo esim discount code first order,品牌（全局）,品牌·全局,品牌 Hub 页,已有 6 区块（#reality/#whobeats/…）,23.9,,en,已覆盖
airalo esim for family,品牌（全局）,品牌·全局,品牌 Hub 页,已有 6 区块（#reality/#whobeats/…）,23.9,,en,已覆盖
airalo esim kuala lumpur,品牌（全局）,品牌·全局,品牌 Hub 页,已有 6 区块（#reality/#whobeats/…）,23.9,,en,已覆盖
airalo esim perú,品牌（全局）,品牌·全局,品牌 Hub 页,已有 6 区块（#reality/#whobeats/…）,23.9,,en,已覆盖
airalo esim schweiz funktioniert nicht,品牌（全局）,品牌·全局,品牌 Hub 页,已有 6 区块（#reality/#whobeats/…）,23.9,,de,已覆盖
airalo esim usage,品牌（全局）,品牌·全局,品牌 Hub 页,已有 6 区块（#reality/#whobeats/…）,23.9,,en,已覆盖
airalo esim work in turkey,品牌（全局）,品牌·全局,品牌 Hub 页,已有 6 区块（#reality/#whobeats/…）,23.9,,en,已覆盖
airalo italia esim,品牌（全局）,品牌·全局,品牌 Hub 页,已有 6 区块（#reality/#whobeats/…）,23.9,,en,已覆盖
airalo korean esim,品牌（全局）,品牌·全局,品牌 Hub 页,已有 6 区块（#reality/#whobeats/…）,23.9,,en,已覆盖
alosim esim aktivieren,品牌（全局）,品牌·全局,品牌 Hub 页,已有 6 区块（#reality/#whobeats/…）,23.9,,de,已覆盖
does airalo esim work in turkey,品牌（全局）,品牌·全局,品牌 Hub 页,已有 6 区块（#reality/#whobeats/…）,23.9,,en,已覆盖
does nomad esim have unlimited data,品牌（全局）,品牌·全局,品牌 Hub 页,已有 6 区块（#reality/#whobeats/…）,23.9,,en,已覆盖
dubai esim holafly,品牌（全局）,品牌·全局,品牌 Hub 页,已有 6 区块（#reality/#whobeats/…）,23.9,,en,已覆盖
esim bali airalo,品牌（全局）,品牌·全局,品牌 Hub 页,已有 6 区块（#reality/#whobeats/…）,23.9,,en,已覆盖
esim caribbean nomad,品牌（全局）,品牌·全局,品牌 Hub 页,已有 6 区块（#reality/#whobeats/…）,23.9,,en,已覆盖
esim for bali airalo,品牌（全局）,品牌·全局,品牌 Hub 页,已有 6 区块（#reality/#whobeats/…）,23.9,,en,已覆盖
esim hawaii saily,品牌（全局）,品牌·全局,品牌 Hub 页,已有 6 区块（#reality/#whobeats/…）,23.9,,en,已覆盖
esim hotspot holafly,品牌（全局）,品牌·全局,品牌 Hub 页,已有 6 区块（#reality/#whobeats/…）,23.9,,en,已覆盖
esim london airalo,品牌（全局）,品牌·全局,品牌 Hub 页,已有 6 区块（#reality/#whobeats/…）,23.9,,en,已覆盖
esim marrakech roamic,品牌（全局）,品牌·全局,品牌 Hub 页,已有 6 区块（#reality/#whobeats/…）,23.9,,en,已覆盖
esim mexiko airalo,品牌（全局）,品牌·全局,品牌 Hub 页,已有 6 区块（#reality/#whobeats/…）,23.9,,en,已覆盖
esim tokyo airalo,品牌（全局）,品牌·全局,品牌 Hub 页,已有 6 区块（#reality/#whobeats/…）,23.9,,en,已覆盖
holafly asia unlimited esim,品牌（全局）,品牌·全局,品牌 Hub 页,已有 6 区块（#reality/#whobeats/…）,23.9,,en,已覆盖
holafly esim barcelona,品牌（全局）,品牌·全局,品牌 Hub 页,已有 6 区块（#reality/#whobeats/…）,23.9,,en,已覆盖
holafly esim latin america,品牌（全局）,品牌·全局,品牌 Hub 页,已有 6 区块（#reality/#whobeats/…）,23.9,,en,已覆盖
holafly esim mexiko,品牌（全局）,品牌·全局,品牌 Hub 页,已有 6 区块（#reality/#whobeats/…）,23.9,,en,已覆盖
holafly esim plan mensual,品牌（全局）,品牌·全局,品牌 Hub 页,已有 6 区块（#reality/#whobeats/…）,23.9,,en,已覆盖
holafly esim review turkey,品牌（全局）,品牌·全局,品牌 Hub 页,已有 6 区块（#reality/#whobeats/…）,23.9,,en,已覆盖
holafly esim scandinavia,品牌（全局）,品牌·全局,品牌 Hub 页,已有 6 区块（#reality/#whobeats/…）,23.9,,en,已覆盖
holafly esim store worldwide coverage for travelers,品牌（全局）,品牌·全局,品牌 Hub 页,已有 6 区块（#reality/#whobeats/…）,23.9,,en,已覆盖
holafly esim thailande,品牌（全局）,品牌·全局,品牌 Hub 页,已有 6 区块（#reality/#whobeats/…）,23.9,,en,已覆盖
holafly esim usage,品牌（全局）,品牌·全局,品牌 Hub 页,已有 6 区块（#reality/#whobeats/…）,23.9,,en,已覆盖
holafly esim voice calls,品牌（全局）,品牌·全局,品牌 Hub 页,已有 6 区块（#reality/#whobeats/…）,23.9,,en,已覆盖
holafly esim ägypten,品牌（全局）,品牌·全局,品牌 Hub 页,已有 6 区块（#reality/#whobeats/…）,23.9,,en,已覆盖
holafly global esim discount code,品牌（全局）,品牌·全局,品牌 Hub 页,已有 6 区块（#reality/#whobeats/…）,23.9,,en,已覆盖
how to install esim holafly,品牌（全局）,品牌·全局,品牌 Hub 页,已有 6 区块（#reality/#whobeats/…）,23.9,,en,已覆盖
is roamic a good esim provider,品牌（全局）,品牌·全局,品牌 Hub 页,已有 6 区块（#reality/#whobeats/…）,23.9,,en,已覆盖
jetpac esim activation,品牌（全局）,品牌·全局,品牌 Hub 页,已有 6 区块（#reality/#whobeats/…）,23.9,,en,已覆盖
jetpac esim cina,品牌（全局）,品牌·全局,品牌 Hub 页,已有 6 区块（#reality/#whobeats/…）,23.9,,en,已覆盖
jetpac esim erfahrungen,品牌（全局）,品牌·全局,品牌 Hub 页,已有 6 区块（#reality/#whobeats/…）,23.9,,de,已覆盖
nomad esim kanada,品牌（全局）,品牌·全局,品牌 Hub 页,已有 6 区块（#reality/#whobeats/…）,23.9,,en,已覆盖
nomad esim not working,品牌（全局）,品牌·全局,品牌 Hub 页,已有 6 区块（#reality/#whobeats/…）,23.9,,en,已覆盖
nomad esim orlando,品牌（全局）,品牌·全局,品牌 Hub 页,已有 6 区块（#reality/#whobeats/…）,23.9,,en,已覆盖
nomad esim promo code august 2025,品牌（全局）,品牌·全局,品牌 Hub 页,已有 6 区块（#reality/#whobeats/…）,23.9,,en,已覆盖
nomad esim review bali,品牌（全局）,品牌·全局,品牌 Hub 页,已有 6 区块（#reality/#whobeats/…）,23.9,,en,已覆盖
nomad marrakech esim,品牌（全局）,品牌·全局,品牌 Hub 页,已有 6 区块（#reality/#whobeats/…）,23.9,,en,已覆盖
oceania esim airalo,品牌（全局）,品牌·全局,品牌 Hub 页,已有 6 区块（#reality/#whobeats/…）,23.9,,en,已覆盖
roamic esim seriös,品牌（全局）,品牌·全局,品牌 Hub 页,已有 6 区块（#reality/#whobeats/…）,23.9,,en,已覆盖
saily esim buenos aires,品牌（全局）,品牌·全局,品牌 Hub 页,已有 6 区块（#reality/#whobeats/…）,23.9,,en,已覆盖
saily esim cape town,品牌（全局）,品牌·全局,品牌 Hub 页,已有 6 区块（#reality/#whobeats/…）,23.9,,en,已覆盖
saily esim code promo squeezie,品牌（全局）,品牌·全局,品牌 Hub 页,已有 6 区块（#reality/#whobeats/…）,23.9,,en,已覆盖
saily esim italia,品牌（全局）,品牌·全局,品牌 Hub 页,已有 6 区块（#reality/#whobeats/…）,23.9,,en,已覆盖
saily esim kuala lumpur,品牌（全局）,品牌·全局,品牌 Hub 页,已有 6 区块（#reality/#whobeats/…）,23.9,,en,已覆盖
saily esim maroc avis,品牌（全局）,品牌·全局,品牌 Hub 页,已有 6 区块（#reality/#whobeats/…）,23.9,,en,已覆盖
saily esim review trustpilot,品牌（全局）,品牌·全局,品牌 Hub 页,已有 6 区块（#reality/#whobeats/…）,23.9,,en,已覆盖
saily esim suisse,品牌（全局）,品牌·全局,品牌 Hub 页,已有 6 区块（#reality/#whobeats/…）,23.9,,en,已覆盖
saily esim taipei,品牌（全局）,品牌·全局,品牌 Hub 页,已有 6 区块（#reality/#whobeats/…）,23.9,,en,已覆盖
saily esim vancouver,品牌（全局）,品牌·全局,品牌 Hub 页,已有 6 区块（#reality/#whobeats/…）,23.9,,en,已覆盖
saily esim voucher code,品牌（全局）,品牌·全局,品牌 Hub 页,已有 6 区块（#reality/#whobeats/…）,23.9,,en,已覆盖
tokyo esim ubigi,品牌（全局）,品牌·全局,品牌 Hub 页,已有 6 区块（#reality/#whobeats/…）,23.9,,en,已覆盖
ubigi esim europe review,品牌（全局）,品牌·全局,品牌 Hub 页,已有 6 区块（#reality/#whobeats/…）,23.9,,en,已覆盖
ubigi esim installieren,品牌（全局）,品牌·全局,品牌 Hub 页,已有 6 区块（#reality/#whobeats/…）,23.9,,en,已覆盖
ubigi esim not showing up,品牌（全局）,品牌·全局,品牌 Hub 页,已有 6 区块（#reality/#whobeats/…）,23.9,,en,已覆盖
yesim esim rabattcode,品牌（全局）,品牌·全局,品牌 Hub 页,已有 6 区块（#reality/#whobeats/…）,23.9,,en,已覆盖
yesim esim russia,品牌（全局）,品牌·全局,品牌 Hub 页,已有 6 区块（#reality/#whobeats/…）,23.9,,en,已覆盖
yesim international esim review,品牌（全局）,品牌·全局,品牌 Hub 页,已有 6 区块（#reality/#whobeats/…）,23.9,,en,已覆盖
airalo esim lisbon,品牌（全局）,品牌·全局,品牌 Hub 页,已有 6 区块（#reality/#whobeats/…）,23.4,,en,已覆盖
roamic esim europe,品牌（全局）,品牌·全局,品牌 Hub 页,已有 6 区块（#reality/#whobeats/…）,23.4,,en,已覆盖
saily esim amsterdam,品牌（全局）,品牌·全局,品牌 Hub 页,已有 6 区块（#reality/#whobeats/…）,23.4,,en,已覆盖
saily esim toronto,品牌（全局）,品牌·全局,品牌 Hub 页,已有 6 区块（#reality/#whobeats/…）,23.4,,en,已覆盖
holafly esim turkey price,品牌（全局）,品牌·全局,品牌 Hub 页,已有 6 区块（#reality/#whobeats/…）,22.9,,en,已覆盖
airalo esim reddit,品牌（全局）,品牌·全局,品牌 Hub 页,已有 6 区块（#reality/#whobeats/…）,22.4,,en,已覆盖
airalo esim unlimited vs standard,品牌（全局）,品牌·全局,品牌 Hub 页,已有 6 区块（#reality/#whobeats/…）,22.0,,en,已覆盖
holafly esim unlimited europe,品牌（全局）,品牌·全局,品牌 Hub 页,已有 6 区块（#reality/#whobeats/…）,22.0,,en,已覆盖
is roamic esim any good,品牌（全局）,品牌·全局,品牌 Hub 页,已有 6 区块（#reality/#whobeats/…）,22.0,,en,已覆盖
nomad esim add on price,品牌（全局）,品牌·全局,品牌 Hub 页,已有 6 区块（#reality/#whobeats/…）,22.0,,en,已覆盖
airalo esim dublin,品牌（全局）,品牌·全局,品牌 Hub 页,已有 6 区块（#reality/#whobeats/…）,21.5,,en,已覆盖
airalo esim macau,品牌（全局）,品牌·全局,品牌 Hub 页,已有 6 区块（#reality/#whobeats/…）,21.5,,en,已覆盖
esim miami airalo,品牌（全局）,品牌·全局,品牌 Hub 页,已有 6 区块（#reality/#whobeats/…）,21.5,,en,已覆盖
esim seoul holafly,品牌（全局）,品牌·全局,品牌 Hub 页,已有 6 区块（#reality/#whobeats/…）,21.5,,en,已覆盖
holafly esim prague,品牌（全局）,品牌·全局,品牌 Hub 页,已有 6 区块（#reality/#whobeats/…）,21.5,,en,已覆盖
holafly esim vienna,品牌（全局）,品牌·全局,品牌 Hub 页,已有 6 区块（#reality/#whobeats/…）,21.5,,en,已覆盖
abu dhabi esim holafly,品牌（全局）,品牌·全局,品牌 Hub 页,已有 6 区块（#reality/#whobeats/…）,20.1,,en,已覆盖
airalo asia esim unlimited,品牌（全局）,品牌·全局,品牌 Hub 页,已有 6 区块（#reality/#whobeats/…）,20.1,,en,已覆盖
airalo cancun esim,品牌（全局）,品牌·全局,品牌 Hub 页,已有 6 区块（#reality/#whobeats/…）,20.1,,en,已覆盖
airalo esim canadian dollars,品牌（全局）,品牌·全局,品牌 Hub 页,已有 6 区块（#reality/#whobeats/…）,20.1,,en,已覆盖
airalo esim orlando,品牌（全局）,品牌·全局,品牌 Hub 页,已有 6 区块（#reality/#whobeats/…）,20.1,,en,已覆盖
airalo esim plan price,品牌（全局）,品牌·全局,品牌 Hub 页,已有 6 区块（#reality/#whobeats/…）,20.1,,en,已覆盖
airalo esim price,品牌（全局）,品牌·全局,品牌 Hub 页,已有 6 区块（#reality/#whobeats/…）,20.1,,en,已覆盖
airalo esim review turkey,品牌（全局）,品牌·全局,品牌 Hub 页,已有 6 区块（#reality/#whobeats/…）,20.1,,en,已覆盖
airalo esim schweiz aktivieren,品牌（全局）,品牌·全局,品牌 Hub 页,已有 6 区块（#reality/#whobeats/…）,20.1,,de,已覆盖
alosim esim dubai,品牌（全局）,品牌·全局,品牌 Hub 页,已有 6 区块（#reality/#whobeats/…）,20.1,,en,已覆盖
bali esim saily,品牌（全局）,品牌·全局,品牌 Hub 页,已有 6 区块（#reality/#whobeats/…）,20.1,,en,已覆盖
bangkok esim saily,品牌（全局）,品牌·全局,品牌 Hub 页,已有 6 区块（#reality/#whobeats/…）,20.1,,en,已覆盖
best esim for bali airalo,品牌（全局）,品牌·全局,品牌 Hub 页,已有 6 区块（#reality/#whobeats/…）,20.1,,en,已覆盖
code promo saily esim maroc,品牌（全局）,品牌·全局,品牌 Hub 页,已有 6 区块（#reality/#whobeats/…）,20.1,,en,已覆盖
esim abu dhabi airalo,品牌（全局）,品牌·全局,品牌 Hub 页,已有 6 区块（#reality/#whobeats/…）,20.1,,en,已覆盖
esim london holafly,品牌（全局）,品牌·全局,品牌 Hub 页,已有 6 区块（#reality/#whobeats/…）,20.1,,en,已覆盖
esim miami holafly,品牌（全局）,品牌·全局,品牌 Hub 页,已有 6 区块（#reality/#whobeats/…）,20.1,,en,已覆盖
esim paris holafly,品牌（全局）,品牌·全局,品牌 Hub 页,已有 6 区块（#reality/#whobeats/…）,20.1,,en,已覆盖
esim south america saily,品牌（全局）,品牌·全局,品牌 Hub 页,已有 6 区块（#reality/#whobeats/…）,20.1,,en,已覆盖
esim tokyo ubigi,品牌（全局）,品牌·全局,品牌 Hub 页,已有 6 区块（#reality/#whobeats/…）,20.1,,en,已覆盖
esim top up airalo,品牌（全局）,品牌·全局,品牌 Hub 页,已有 6 区块（#reality/#whobeats/…）,20.1,,en,已覆盖
explain holafly esim pricing coverage and unlimited data policies,品牌（全局）,品牌·全局,品牌 Hub 页,已有 6 区块（#reality/#whobeats/…）,20.1,,en,已覆盖
global esim holafly,品牌（全局）,品牌·全局,品牌 Hub 页,已有 6 区块（#reality/#whobeats/…）,20.1,,en,已覆盖
holafly afrika esim,品牌（全局）,品牌·全局,品牌 Hub 页,已有 6 区块（#reality/#whobeats/…）,20.1,,en,已覆盖
holafly esim cancun,品牌（全局）,品牌·全局,品牌 Hub 页,已有 6 区块（#reality/#whobeats/…）,20.1,,en,已覆盖
holafly esim doha,品牌（全局）,品牌·全局,品牌 Hub 页,已有 6 区块（#reality/#whobeats/…）,20.1,,en,已覆盖
holafly esim how to use,品牌（全局）,品牌·全局,品牌 Hub 页,已有 6 区块（#reality/#whobeats/…）,20.1,,en,已覆盖
holafly esim madrid,品牌（全局）,品牌·全局,品牌 Hub 页,已有 6 区块（#reality/#whobeats/…）,20.1,,en,已覆盖
holafly esim rabattcode,品牌（全局）,品牌·全局,品牌 Hub 页,已有 6 区块（#reality/#whobeats/…）,20.1,,en,已覆盖
holafly esim southeast asia,品牌（全局）,品牌·全局,品牌 Hub 页,已有 6 区块（#reality/#whobeats/…）,20.1,,en,已覆盖
holafly esim taipei,品牌（全局）,品牌·全局,品牌 Hub 页,已有 6 区块（#reality/#whobeats/…）,20.1,,en,已覆盖
holafly esim thai,品牌（全局）,品牌·全局,品牌 Hub 页,已有 6 区块（#reality/#whobeats/…）,20.1,,en,已覆盖
holafly esim united kingdom,品牌（全局）,品牌·全局,品牌 Hub 页,已有 6 区块（#reality/#whobeats/…）,20.1,,en,已覆盖
holafly esim unlimited asia,品牌（全局）,品牌·全局,品牌 Hub 页,已有 6 区块（#reality/#whobeats/…）,20.1,,en,已覆盖
holafly esim unlimited data hotspot,品牌（全局）,品牌·全局,品牌 Hub 页,已有 6 区块（#reality/#whobeats/…）,20.1,,en,已覆盖
holafly sydney esim,品牌（全局）,品牌·全局,品牌 Hub 页,已有 6 区块（#reality/#whobeats/…）,20.1,,en,已覆盖
is airalo esim good for turkey,品牌（全局）,品牌·全局,品牌 Hub 页,已有 6 区块（#reality/#whobeats/…）,20.1,,en,已覆盖
jetpac esim app,品牌（全局）,品牌·全局,品牌 Hub 页,已有 6 区块（#reality/#whobeats/…）,20.1,,en,已覆盖
nomad esim coupon code,品牌（全局）,品牌·全局,品牌 Hub 页,已有 6 区块（#reality/#whobeats/…）,20.1,,en,已覆盖
nomad esim promo,品牌（全局）,品牌·全局,品牌 Hub 页,已有 6 区块（#reality/#whobeats/…）,20.1,,en,已覆盖
nomad esim promo code europe,品牌（全局）,品牌·全局,品牌 Hub 页,已有 6 区块（#reality/#whobeats/…）,20.1,,en,已覆盖
nomad esim turkey,品牌（全局）,品牌·全局,品牌 Hub 页,已有 6 区块（#reality/#whobeats/…）,20.1,,en,已覆盖
nomad esim vancouver,品牌（全局）,品牌·全局,品牌 Hub 页,已有 6 区块（#reality/#whobeats/…）,20.1,,en,已覆盖
nomad esim ägypten,品牌（全局）,品牌·全局,品牌 Hub 页,已有 6 区块（#reality/#whobeats/…）,20.1,,en,已覆盖
nomad latin america esim,品牌（全局）,品牌·全局,品牌 Hub 页,已有 6 区块（#reality/#whobeats/…）,20.1,,en,已覆盖
roamic esim ägypten erfahrungen,品牌（全局）,品牌·全局,品牌 Hub 页,已有 6 区块（#reality/#whobeats/…）,20.1,,de,已覆盖
saily esim central america,品牌（全局）,品牌·全局,品牌 Hub 页,已有 6 区块（#reality/#whobeats/…）,20.1,,en,已覆盖
saily esim discount code youtube,品牌（全局）,品牌·全局,品牌 Hub 页,已有 6 区块（#reality/#whobeats/…）,20.1,,en,已覆盖
saily esim europe unlimited,品牌（全局）,品牌·全局,品牌 Hub 页,已有 6 区块（#reality/#whobeats/…）,20.1,,en,已覆盖
saily esim kanada,品牌（全局）,品牌·全局,品牌 Hub 页,已有 6 区块（#reality/#whobeats/…）,20.1,,en,已覆盖
saily esim price,品牌（全局）,品牌·全局,品牌 Hub 页,已有 6 区块（#reality/#whobeats/…）,20.1,,en,已覆盖
saily esim review turkey,品牌（全局）,品牌·全局,品牌 Hub 页,已有 6 区块（#reality/#whobeats/…）,20.1,,en,已覆盖
saily esim scandinavia,品牌（全局）,品牌·全局,品牌 Hub 页,已有 6 区块（#reality/#whobeats/…）,20.1,,en,已覆盖
saily esim schweiz erfahrungen,品牌（全局）,品牌·全局,品牌 Hub 页,已有 6 区块（#reality/#whobeats/…）,20.1,,de,已覆盖
saily unlimited esim reddit,品牌（全局）,品牌·全局,品牌 Hub 页,已有 6 区块（#reality/#whobeats/…）,20.1,,en,已覆盖
ubigi esim aktivieren,品牌（全局）,品牌·全局,品牌 Hub 页,已有 6 区块（#reality/#whobeats/…）,20.1,,de,已覆盖
ubigi esim cina,品牌（全局）,品牌·全局,品牌 Hub 页,已有 6 区块（#reality/#whobeats/…）,20.1,,en,已覆盖
ubigi esim europe unlimited data,品牌（全局）,品牌·全局,品牌 Hub 页,已有 6 区块（#reality/#whobeats/…）,20.1,,en,已覆盖
ubigi esim top up price,品牌（全局）,品牌·全局,品牌 Hub 页,已有 6 区块（#reality/#whobeats/…）,20.1,,en,已覆盖
ubigi esim united kingdom,品牌（全局）,品牌·全局,品牌 Hub 页,已有 6 区块（#reality/#whobeats/…）,20.1,,en,已覆盖
ubigi esim united states,品牌（全局）,品牌·全局,品牌 Hub 页,已有 6 区块（#reality/#whobeats/…）,20.1,,en,已覆盖
yesim esim activation,品牌（全局）,品牌·全局,品牌 Hub 页,已有 6 区块（#reality/#whobeats/…）,20.1,,en,已覆盖
yesim esim türkei erfahrungen,品牌（全局）,品牌·全局,品牌 Hub 页,已有 6 区块（#reality/#whobeats/…）,20.1,,de,已覆盖
nomad esim reviews,品牌（全局）,品牌·全局,品牌 Hub 页,已有 6 区块（#reality/#whobeats/…）,19.8,,en,已覆盖
airalo esim beijing,品牌（全局）,品牌·全局,品牌 Hub 页,已有 6 区块（#reality/#whobeats/…）,19.6,,en,已覆盖
airalo esim prague,品牌（全局）,品牌·全局,品牌 Hub 页,已有 6 区块（#reality/#whobeats/…）,19.6,,en,已覆盖
holafly esim berlin,品牌（全局）,品牌·全局,品牌 Hub 页,已有 6 区块（#reality/#whobeats/…）,19.6,,en,已覆盖
holafly esim lisbon,品牌（全局）,品牌·全局,品牌 Hub 页,已有 6 区块（#reality/#whobeats/…）,19.6,,en,已覆盖
airalo esim unlimited plan,品牌（全局）,品牌·全局,品牌 Hub 页,已有 6 区块（#reality/#whobeats/…）,18.2,,en,已覆盖
holafly global esim price,品牌（全局）,品牌·全局,品牌 Hub 页,已有 6 区块（#reality/#whobeats/…）,18.2,,en,已覆盖
saily esim europe,品牌（全局）,品牌·全局,品牌 Hub 页,已有 6 区块（#reality/#whobeats/…）,17.7,,en,已覆盖
airalo australian esim,品牌（全局）,品牌·全局,品牌 Hub 页,已有 6 区块（#reality/#whobeats/…）,16.4,,en,已覆盖
airalo esim data plans,品牌（全局）,品牌·全局,品牌 Hub 页,已有 6 区块（#reality/#whobeats/…）,16.4,,en,已覆盖
airalo esim doha,品牌（全局）,品牌·全局,品牌 Hub 页,已有 6 区块（#reality/#whobeats/…）,16.4,,en,已覆盖
airalo esim for london,品牌（全局）,品牌·全局,品牌 Hub 页,已有 6 区块（#reality/#whobeats/…）,16.4,,en,已覆盖
airalo esim for new york,品牌（全局）,品牌·全局,品牌 Hub 页,已有 6 区块（#reality/#whobeats/…）,16.4,,en,已覆盖
airalo esim promo code,品牌（全局）,品牌·全局,品牌 Hub 页,已有 6 区块（#reality/#whobeats/…）,16.4,,en,已覆盖
airalo esim schweiz kaufen,品牌（全局）,品牌·全局,品牌 Hub 页,已有 6 区块（#reality/#whobeats/…）,16.4,,en,已覆盖
airalo esim vancouver,品牌（全局）,品牌·全局,品牌 Hub 页,已有 6 区块（#reality/#whobeats/…）,16.4,,en,已覆盖
airalo esim.thailand unlimited,品牌（全局）,品牌·全局,品牌 Hub 页,已有 6 区块（#reality/#whobeats/…）,16.4,,en,已覆盖
airalo indian esim,品牌（全局）,品牌·全局,品牌 Hub 页,已有 6 区块（#reality/#whobeats/…）,16.4,,en,已覆盖
alosim esim hotspot,品牌（全局）,品牌·全局,品牌 Hub 页,已有 6 区块（#reality/#whobeats/…）,16.4,,en,已覆盖
avis esim holafly thailande,品牌（全局）,品牌·全局,品牌 Hub 页,已有 6 区块（#reality/#whobeats/…）,16.4,,en,已覆盖
bali esim holafly,品牌（全局）,品牌·全局,品牌 Hub 页,已有 6 区块（#reality/#whobeats/…）,16.4,,en,已覆盖
best esim for turkey airalo,品牌（全局）,品牌·全局,品牌 Hub 页,已有 6 区块（#reality/#whobeats/…）,16.4,,en,已覆盖
does holafly esim work in turkey,品牌（全局）,品牌·全局,品牌 Hub 页,已有 6 区块（#reality/#whobeats/…）,16.4,,en,已覆盖
esim bangkok airalo,品牌（全局）,品牌·全局,品牌 Hub 页,已有 6 区块（#reality/#whobeats/…）,16.4,,en,已覆盖
esim for asia holafly,品牌（全局）,品牌·全局,品牌 Hub 页,已有 6 区块（#reality/#whobeats/…）,16.4,,en,已覆盖
esim indonesien airalo,品牌（全局）,品牌·全局,品牌 Hub 页,已有 6 区块（#reality/#whobeats/…）,16.4,,en,已覆盖
esim istanbul roamic,品牌（全局）,品牌·全局,品牌 Hub 页,已有 6 区块（#reality/#whobeats/…）,16.4,,en,已覆盖
esim new york nomad,品牌（全局）,品牌·全局,品牌 Hub 页,已有 6 区块（#reality/#whobeats/…）,16.4,,en,已覆盖
esim zanzibar holafly,品牌（全局）,品牌·全局,品牌 Hub 页,已有 6 区块（#reality/#whobeats/…）,16.4,,en,已覆盖
holafly asia esim unlimited data,品牌（全局）,品牌·全局,品牌 Hub 页,已有 6 区块（#reality/#whobeats/…）,16.4,,en,已覆盖
holafly barcelona esim,品牌（全局）,品牌·全局,品牌 Hub 页,已有 6 区块（#reality/#whobeats/…）,16.4,,en,已覆盖
holafly esim cape town,品牌（全局）,品牌·全局,品牌 Hub 页,已有 6 区块（#reality/#whobeats/…）,16.4,,en,已覆盖
holafly esim corea del sur,品牌（全局）,品牌·全局,品牌 Hub 页,已有 6 区块（#reality/#whobeats/…）,16.4,,en,已覆盖
holafly esim for paris,品牌（全局）,品牌·全局,品牌 Hub 页,已有 6 区块（#reality/#whobeats/…）,16.4,,en,已覆盖
holafly esim oceania,品牌（全局）,品牌·全局,品牌 Hub 页,已有 6 区块（#reality/#whobeats/…）,16.4,,en,已覆盖
holafly esim rio,品牌（全局）,品牌·全局,品牌 Hub 页,已有 6 区块（#reality/#whobeats/…）,16.4,,en,已覆盖
holafly esim shanghai,品牌（全局）,品牌·全局,品牌 Hub 页,已有 6 区块（#reality/#whobeats/…）,16.4,,en,已覆盖
holafly esim unlimited data throttling,品牌（全局）,品牌·全局,品牌 Hub 页,已有 6 区块（#reality/#whobeats/…）,16.4,,en,已覆盖
is holafly esim good for bali,品牌（全局）,品牌·全局,品牌 Hub 页,已有 6 区块（#reality/#whobeats/…）,16.4,,en,已覆盖
is jetpac esim good for bali,品牌（全局）,品牌·全局,品牌 Hub 页,已有 6 区块（#reality/#whobeats/…）,16.4,,en,已覆盖
is saily esim good for bali,品牌（全局）,品牌·全局,品牌 Hub 页,已有 6 区块（#reality/#whobeats/…）,16.4,,en,已覆盖
nomad esim aktivieren,品牌（全局）,品牌·全局,品牌 Hub 页,已有 6 区块（#reality/#whobeats/…）,16.4,,de,已覆盖
nomad esim beijing,品牌（全局）,品牌·全局,品牌 Hub 页,已有 6 区块（#reality/#whobeats/…）,16.4,,en,已覆盖
nomad esim kuala lumpur,品牌（全局）,品牌·全局,品牌 Hub 页,已有 6 区块（#reality/#whobeats/…）,16.4,,en,已覆盖
nomad esim middle east,品牌（全局）,品牌·全局,品牌 Hub 页,已有 6 区块（#reality/#whobeats/…）,16.4,,en,已覆盖
nomad esim promo code 25,品牌（全局）,品牌·全局,品牌 Hub 页,已有 6 区块（#reality/#whobeats/…）,16.4,,en,已覆盖
nomad esim promo code 40,品牌（全局）,品牌·全局,品牌 Hub 页,已有 6 区块（#reality/#whobeats/…）,16.4,,en,已覆盖
nomad esim taipei,品牌（全局）,品牌·全局,品牌 Hub 页,已有 6 区块（#reality/#whobeats/…）,16.4,,en,已覆盖
nomad southeast asia esim,品牌（全局）,品牌·全局,品牌 Hub 页,已有 6 区块（#reality/#whobeats/…）,16.4,,en,已覆盖
review holafly esim pricing coverage and setup for international travel,品牌（全局）,品牌·全局,品牌 Hub 页,已有 6 区块（#reality/#whobeats/…）,16.4,,en,已覆盖
roamic esim activation,品牌（全局）,品牌·全局,品牌 Hub 页,已有 6 区块（#reality/#whobeats/…）,16.4,,en,已覆盖
roamic esim aktivieren iphone,品牌（全局）,品牌·全局,品牌 Hub 页,已有 6 区块（#reality/#whobeats/…）,16.4,,de,已覆盖
roamic esim reviews europe,品牌（全局）,品牌·全局,品牌 Hub 页,已有 6 区块（#reality/#whobeats/…）,16.4,,en,已覆盖
saily esim data plans,品牌（全局）,品牌·全局,品牌 Hub 页,已有 6 区块（#reality/#whobeats/…）,16.4,,en,已覆盖
saily esim discount code first order,品牌（全局）,品牌·全局,品牌 Hub 页,已有 6 区块（#reality/#whobeats/…）,16.4,,en,已覆盖
saily esim plan not activating,品牌（全局）,品牌·全局,品牌 Hub 页,已有 6 区块（#reality/#whobeats/…）,16.4,,en,已覆盖
saily esim rabattcode,品牌（全局）,品牌·全局,品牌 Hub 页,已有 6 区块（#reality/#whobeats/…）,16.4,,en,已覆盖
saily esim schweiz kosten,品牌（全局）,品牌·全局,品牌 Hub 页,已有 6 区块（#reality/#whobeats/…）,16.4,,de,已覆盖
ubigi esim corea,品牌（全局）,品牌·全局,品牌 Hub 页,已有 6 区块（#reality/#whobeats/…）,16.4,,en,已覆盖
ubigi esim data usage,品牌（全局）,品牌·全局,品牌 Hub 页,已有 6 区块（#reality/#whobeats/…）,16.4,,en,已覆盖
ubigi esim family,品牌（全局）,品牌·全局,品牌 Hub 页,已有 6 区块（#reality/#whobeats/…）,16.4,,en,已覆盖
ubigi esim marokko,品牌（全局）,品牌·全局,品牌 Hub 页,已有 6 区块（#reality/#whobeats/…）,16.4,,en,已覆盖
ubigi esim osaka,品牌（全局）,品牌·全局,品牌 Hub 页,已有 6 区块（#reality/#whobeats/…）,16.4,,en,已覆盖
yesim esim balkan,品牌（全局）,品牌·全局,品牌 Hub 页,已有 6 区块（#reality/#whobeats/…）,16.4,,en,已覆盖
yesim esim installation,品牌（全局）,品牌·全局,品牌 Hub 页,已有 6 区块（#reality/#whobeats/…）,16.4,,en,已覆盖
yesim esim not working,品牌（全局）,品牌·全局,品牌 Hub 页,已有 6 区块（#reality/#whobeats/…）,16.4,,en,已覆盖
nomad esim cairo,品牌（全局）,品牌·全局,品牌 Hub 页,已有 6 区块（#reality/#whobeats/…）,12.6,,en,已覆盖
roamic esim reviews reddit,品牌（全局）,品牌·全局,品牌 Hub 页,已有 6 区块（#reality/#whobeats/…）,12.6,,en,已覆盖
alosim vs airalo esim,品牌对决,品牌·对决,品牌 vs 页,#verdict 对照段,46.4,,en,已覆盖
holafly esim vs airalo reddit,品牌对决,品牌·对决,品牌 vs 页,#verdict 对照段,46.4,,en,已覆盖
nomad esim vs airalo reddit,品牌对决,品牌·对决,品牌 vs 页,#verdict 对照段,46.4,,en,已覆盖
roamic vs airalo esim,品牌对决,品牌·对决,品牌 vs 页,#verdict 对照段,46.4,,en,已覆盖
saily esim vs airalo vs holafly,品牌对决,品牌·对决,品牌 vs 页,#verdict 对照段,44.0,,en,已覆盖
holafly esim or airalo,品牌对决,品牌·对决,品牌 vs 页,#verdict 对照段,42.6,,en,已覆盖
ubigi esim or airalo,品牌对决,品牌·对决,品牌 vs 页,#verdict 对照段,42.6,,en,已覆盖
airalo vs ubigi esim reddit,品牌对决,品牌·对决,品牌 vs 页,#verdict 对照段,37.0,,en,已覆盖
best esim saily vs airalo,品牌对决,品牌·对决,品牌 vs 页,#verdict 对照段,37.0,,en,已覆盖
holafly vs airalo esim europe,品牌对决,品牌·对决,品牌 vs 页,#verdict 对照段,35.1,,en,已覆盖
nomad esim or airalo,品牌对决,品牌·对决,品牌 vs 页,#verdict 对照段,35.1,,en,已覆盖
saily vs airalo esim review,品牌对决,品牌·对决,品牌 vs 页,#verdict 对照段,33.2,,en,已覆盖
holafly vs airalo esim review,品牌对决,品牌·对决,品牌 vs 页,#verdict 对照段,29.5,,en,已覆盖
nomad vs airalo esim for europe,品牌对决,品牌·对决,品牌 vs 页,#verdict 对照段,29.5,,en,已覆盖
nomad vs airalo esim asia,品牌对决,品牌·对决,品牌 vs 页,#verdict 对照段,27.6,,en,已覆盖
nomad vs airalo esim turkey,品牌对决,品牌·对决,品牌 vs 页,#verdict 对照段,26.6,,en,已覆盖
nomad vs airalo esim review,品牌对决,品牌·对决,品牌 vs 页,#verdict 对照段,25.8,,en,已覆盖
airalo vs saily esim europe,品牌对决,品牌·对决,品牌 vs 页,#verdict 对照段,22.0,,en,已覆盖
saily esim canada,品牌×国家,品牌×国家·光板词,品牌×国家子页,#verdict + H2 已含品牌与国家名,69.5,0.0052,en,已覆盖
airalo czech republic o2 esim,品牌×国家,品牌×国家·光板词,品牌×国家子页,#verdict + H2 已含品牌与国家名,46.4,0.0,en,已覆盖
does saily esim work.in germany,品牌×国家,品牌×国家·光板词,品牌×国家子页,#verdict + H2 已含品牌与国家名,46.4,,en,已覆盖
esim croatia holafly,品牌×国家,品牌×国家·光板词,品牌×国家子页,#verdict + H2 已含品牌与国家名,46.4,,en,已覆盖
esim morocco roamic,品牌×国家,品牌×国家·光板词,品牌×国家子页,#verdict + H2 已含品牌与国家名,46.4,,en,已覆盖
holafly esim singapore,品牌×国家,品牌×国家·光板词,品牌×国家子页,#verdict + H2 已含品牌与国家名,46.4,,en,已覆盖
holafly spain esim,品牌×国家,品牌×国家·光板词,品牌×国家子页,#verdict + H2 已含品牌与国家名,46.4,,en,已覆盖
is saily esim available in canada,品牌×国家,品牌×国家·光板词,品牌×国家子页,#verdict + H2 已含品牌与国家名,46.4,,en,已覆盖
nomad esim netherlands antilles,品牌×国家,品牌×国家·光板词,品牌×国家子页,#verdict + H2 已含品牌与国家名,46.4,,en,已覆盖
nomad esim singapore,品牌×国家,品牌×国家·光板词,品牌×国家子页,#verdict + H2 已含品牌与国家名,46.4,,en,已覆盖
roamic iceland esim,品牌×国家,品牌×国家·光板词,品牌×国家子页,#verdict + H2 已含品牌与国家名,46.4,,en,已覆盖
roamic israel esim,品牌×国家,品牌×国家·光板词,品牌×国家子页,#verdict + H2 已含品牌与国家名,46.4,,en,已覆盖
ubigi esim vs airalo japan,品牌×国家,品牌×国家·光板词,品牌×国家子页,#verdict + H2 已含品牌与国家名,46.4,,en,已覆盖
uk esim yesim,品牌×国家,品牌×国家·光板词,品牌×国家子页,#verdict + H2 已含品牌与国家名,46.4,,en,已覆盖
yesim esim south korea,品牌×国家,品牌×国家·光板词,品牌×国家子页,#verdict + H2 已含品牌与国家名,46.4,,en,已覆盖
esim japan alosim,品牌×国家,品牌×国家·光板词,品牌×国家子页,#verdict + H2 已含品牌与国家名,45.9,,en,已覆盖
holafly esim doha qatar,品牌×国家,品牌×国家·光板词,品牌×国家子页,#verdict + H2 已含品牌与国家名,44.5,,en,已覆盖
best esim for brazil airalo,品牌×国家,品牌×国家·光板词,品牌×国家子页,#verdict + H2 已含品牌与国家名,42.6,,en,已覆盖
esim usa tourist saily,品牌×国家,品牌×国家·光板词,品牌×国家子页,#verdict + H2 已含品牌与国家名,42.6,,en,已覆盖
holafly esim northern ireland,品牌×国家,品牌×国家·光板词,品牌×国家子页,#verdict + H2 已含品牌与国家名,42.6,,en,已覆盖
holafly esim rules browsing south africa,品牌×国家,品牌×国家·光板词,品牌×国家子页,#verdict + H2 已含品牌与国家名,42.6,,en,已覆盖
holafly esim united arab emirates,品牌×国家,品牌×国家·光板词,品牌×国家子页,#verdict + H2 已含品牌与国家名,42.6,,en,已覆盖
holafly fiji esim,品牌×国家,品牌×国家·光板词,品牌×国家子页,#verdict + H2 已含品牌与国家名,42.6,,en,已覆盖
holafly kenya e sim,品牌×国家,品牌×国家·光板词,品牌×国家子页,#verdict + H2 已含品牌与国家名,42.6,,en,已覆盖
is saily esim available in australia,品牌×国家,品牌×国家·光板词,品牌×国家子页,#verdict + H2 已含品牌与国家名,42.6,,en,已覆盖
jetpac esim south korea,品牌×国家,品牌×国家·光板词,品牌×国家子页,#verdict + H2 已含品牌与国家名,42.6,,en,已覆盖
jetpac esim uk and europe,品牌×国家,品牌×国家·光板词,品牌×国家子页,#verdict + H2 已含品牌与国家名,42.6,,en,已覆盖
jetpac vietnam esim,品牌×国家,品牌×国家·光板词,品牌×国家子页,#verdict + H2 已含品牌与国家名,42.6,,en,已覆盖
nomad esim united arab emirates,品牌×国家,品牌×国家·光板词,品牌×国家子页,#verdict + H2 已含品牌与国家名,42.6,,en,已覆盖
roamic esim south korea,品牌×国家,品牌×国家·光板词,品牌×国家子页,#verdict + H2 已含品牌与国家名,42.6,,en,已覆盖
roamic south korea esim,品牌×国家,品牌×国家·光板词,品牌×国家子页,#verdict + H2 已含品牌与国家名,42.6,,en,已覆盖
saily esim singapore,品牌×国家,品牌×国家·光板词,品牌×国家子页,#verdict + H2 已含品牌与国家名,42.6,,en,已覆盖
saily esim vs airalo japan,品牌×国家,品牌×国家·光板词,品牌×国家子页,#verdict + H2 已含品牌与国家名,42.6,,en,已覆盖
saily vs. airalo esim japan,品牌×国家,品牌×国家·光板词,品牌×国家子页,#verdict + H2 已含品牌与国家名,42.6,,en,已覆盖
ubigi esim singapore,品牌×国家,品牌×国家·光板词,品牌×国家子页,#verdict + H2 已含品牌与国家名,42.6,,en,已覆盖
holafly esim kenya hotspot,品牌×国家,品牌×国家·光板词,品牌×国家子页,#verdict + H2 已含品牌与国家名,40.8,,en,已覆盖
holafly esim orange france,品牌×国家,品牌×国家·光板词,品牌×国家子页,#verdict + H2 已含品牌与国家名,40.8,,en,已覆盖
saily esim mexico provider,品牌×国家,品牌×国家·光板词,品牌×国家子页,#verdict + H2 已含品牌与国家名,40.8,,en,已覆盖
ubigi esim mexico city,品牌×国家,品牌×国家·光板词,品牌×国家子页,#verdict + H2 已含品牌与国家名,40.8,,en,已覆盖
airalo esim japan,品牌×国家,品牌×国家·光板词,品牌×国家子页,#verdict + H2 已含品牌与国家名,40.6,,en,已覆盖
holafly esim vietnam and cambodia,品牌×国家,品牌×国家·光板词,品牌×国家子页,#verdict + H2 已含品牌与国家名,40.3,,en,已覆盖
saily esim usa,品牌×国家,品牌×国家·光板词,品牌×国家子页,#verdict + H2 已含品牌与国家名,40.3,,en,已覆盖
airalo esim united arab emirates,品牌×国家,品牌×国家·光板词,品牌×国家子页,#verdict + H2 已含品牌与国家名,38.9,,en,已覆盖
airalo esim usa und kanada,品牌×国家,品牌×国家·光板词,品牌×国家子页,#verdict + H2 已含品牌与国家名,38.9,,de,已覆盖
airalo esim vietnam and cambodia,品牌×国家,品牌×国家·光板词,品牌×国家子页,#verdict + H2 已含品牌与国家名,38.9,,en,已覆盖
does saily esim work well in peru,品牌×国家,品牌×国家·光板词,品牌×国家子页,#verdict + H2 已含品牌与国家名,38.9,,en,已覆盖
esim argentina holafly,品牌×国家,品牌×国家·光板词,品牌×国家子页,#verdict + H2 已含品牌与国家名,38.9,,en,已覆盖
esim for canada nomad,品牌×国家,品牌×国家·光板词,品牌×国家子页,#verdict + H2 已含品牌与国家名,38.9,,en,已覆盖
esim saudi arabia airalo,品牌×国家,品牌×国家·光板词,品牌×国家子页,#verdict + H2 已含品牌与国家名,38.9,,en,已覆盖
holafly esim egypt hotspot,品牌×国家,品牌×国家·光板词,品牌×国家子页,#verdict + H2 已含品牌与国家名,38.9,,en,已覆盖
holafly esim para argentina,品牌×国家,品牌×国家·光板词,品牌×国家子页,#verdict + H2 已含品牌与国家名,38.9,,en,已覆盖
holafly esim para colombia,品牌×国家,品牌×国家·光板词,品牌×国家子页,#verdict + H2 已含品牌与国家名,38.9,,en,已覆盖
holafly esim usa telefonieren,品牌×国家,品牌×国家·光板词,品牌×国家子页,#verdict + H2 已含品牌与国家名,38.9,,en,已覆盖
holafly italy esim,品牌×国家,品牌×国家·光板词,品牌×国家子页,#verdict + H2 已含品牌与国家名,38.9,,en,已覆盖
jetpac esim mexico telcel,品牌×国家,品牌×国家·光板词,品牌×国家子页,#verdict + H2 已含品牌与国家名,38.9,,en,已覆盖
nomad esim mexico city,品牌×国家,品牌×国家·光板词,品牌×国家子页,#verdict + H2 已含品牌与国家名,38.9,,en,已覆盖
nomad esim vs airalo japan,品牌×国家,品牌×国家·光板词,品牌×国家子页,#verdict + H2 已含品牌与国家名,38.9,,en,已覆盖
nomad esim works well in uae,品牌×国家,品牌×国家·光板词,品牌×国家子页,#verdict + H2 已含品牌与国家名,38.9,,en,已覆盖
saily esim australia provider,品牌×国家,品牌×国家·光板词,品牌×国家子页,#verdict + H2 已含品牌与国家名,38.9,,en,已覆盖
saily esim australia telstra,品牌×国家,品牌×国家·光板词,品牌×国家子页,#verdict + H2 已含品牌与国家名,38.9,,en,已覆盖
saily esim usa welches netz,品牌×国家,品牌×国家·光板词,品牌×国家子页,#verdict + H2 已含品牌与国家名,38.9,,de,已覆盖
ubigi esim uk and europe,品牌×国家,品牌×国家·光板词,品牌×国家子页,#verdict + H2 已含品牌与国家名,38.9,,en,已覆盖
yesim esim für thailand,品牌×国家,品牌×国家·光板词,品牌×国家子页,#verdict + H2 已含品牌与国家名,38.9,,de,已覆盖
roamic esim australia,品牌×国家,品牌×国家·光板词,品牌×国家子页,#verdict + H2 已含品牌与国家名,38.4,,en,已覆盖
holafly esim lima peru,品牌×国家,品牌×国家·光板词,品牌×国家子页,#verdict + H2 已含品牌与国家名,37.9,,en,已覆盖
airalo esim canada phone number,品牌×国家,品牌×国家·光板词,品牌×国家子页,#verdict + H2 已含品牌与国家名,37.0,,en,已覆盖
japan esim tourist airalo,品牌×国家,品牌×国家·光板词,品牌×国家子页,#verdict + H2 已含品牌与国家名,37.0,,en,已覆盖
jetpac global esim japan,品牌×国家,品牌×国家·光板词,品牌×国家子页,#verdict + H2 已含品牌与国家名,37.0,,en,已覆盖
nomad esim uk and europe,品牌×国家,品牌×国家·光板词,品牌×国家子页,#verdict + H2 已含品牌与国家名,37.0,,en,已覆盖
nomad esim vietnam and cambodia,品牌×国家,品牌×国家·光板词,品牌×国家子页,#verdict + H2 已含品牌与国家名,37.0,,en,已覆盖
saily esim australia,品牌×国家,品牌×国家·光板词,品牌×国家子页,#verdict + H2 已含品牌与国家名,37.0,,en,已覆盖
saily esim vietnam provider,品牌×国家,品牌×国家·光板词,品牌×国家子页,#verdict + H2 已含品牌与国家名,37.0,,en,已覆盖
esim mexico city airalo,品牌×国家,品牌×国家·光板词,品牌×国家子页,#verdict + H2 已含品牌与国家名,36.5,,en,已覆盖
ubigi esim japan 10gb,品牌×国家,品牌×国家·光板词,品牌×国家子页,#verdict + H2 已含品牌与国家名,36.5,,en,已覆盖
airalo esim argentina and chile,品牌×国家,品牌×国家·光板词,品牌×国家子页,#verdict + H2 已含品牌与国家名,35.1,,en,已覆盖
airalo esim australia,品牌×国家,品牌×国家·光板词,品牌×国家子页,#verdict + H2 已含品牌与国家名,35.1,,en,已覆盖
airalo esim bali indonesia,品牌×国家,品牌×国家·光板词,品牌×国家子页,#verdict + H2 已含品牌与国家名,35.1,,en,已覆盖
airalo esim japan geht nicht,品牌×国家,品牌×国家·光板词,品牌×国家子页,#verdict + H2 已含品牌与国家名,35.1,,en,已覆盖
airalo esim korea phone number,品牌×国家,品牌×国家·光板词,品牌×国家子页,#verdict + H2 已含品牌与国家名,35.1,,en,已覆盖
airalo esim uk and europe,品牌×国家,品牌×国家·光板词,品牌×国家子页,#verdict + H2 已含品牌与国家名,35.1,,en,已覆盖
airalo germany esim,品牌×国家,品牌×国家·光板词,品牌×国家子页,#verdict + H2 已含品牌与国家名,35.1,,en,已覆盖
airalo vs holafly esim japan,品牌×国家,品牌×国家·光板词,品牌×国家子页,#verdict + H2 已含品牌与国家名,35.1,,en,已覆盖
alosim esim canada,品牌×国家,品牌×国家·光板词,品牌×国家子页,#verdict + H2 已含品牌与国家名,35.1,,en,已覆盖
alosim esim vietnam,品牌×国家,品牌×国家·光板词,品牌×国家子页,#verdict + H2 已含品牌与国家名,35.1,,en,已覆盖
does airalo esim work.in philippines,品牌×国家,品牌×国家·光板词,品牌×国家子页,#verdict + H2 已含品牌与国家名,35.1,,en,已覆盖
esim for japan airalo,品牌×国家,品牌×国家·光板词,品牌×国家子页,#verdict + H2 已含品牌与国家名,35.1,,en,已覆盖
esim uae holafly,品牌×国家,品牌×国家·光板词,品牌×国家子页,#verdict + H2 已含品牌与国家名,35.1,,en,已覆盖
holafly comprar esim colombia,品牌×国家,品牌×国家·光板词,品牌×国家子页,#verdict + H2 已含品牌与国家名,35.1,,en,已覆盖
holafly esim per india,品牌×国家,品牌×国家·光板词,品牌×国家子页,#verdict + H2 已含品牌与国家名,35.1,,en,已覆盖
holafly esim south korea,品牌×国家,品牌×国家·光板词,品牌×国家子页,#verdict + H2 已含品牌与国家名,35.1,,en,已覆盖
holafly esim uk and europe,品牌×国家,品牌×国家·光板词,品牌×国家子页,#verdict + H2 已含品牌与国家名,35.1,,en,已覆盖
holafly esim usa rabattcode,品牌×国家,品牌×国家·光板词,品牌×国家子页,#verdict + H2 已含品牌与国家名,35.1,,en,已覆盖
holafly new zealand e sim,品牌×国家,品牌×国家·光板词,品牌×国家子页,#verdict + H2 已含品牌与国家名,35.1,,en,已覆盖
jetpac australia esim,品牌×国家,品牌×国家·光板词,品牌×国家子页,#verdict + H2 已含品牌与国家名,35.1,,en,已覆盖
nomad esim south korea,品牌×国家,品牌×国家·光板词,品牌×国家子页,#verdict + H2 已含品牌与国家名,35.1,,en,已覆盖
roamic esim us,品牌×国家,品牌×国家·光板词,品牌×国家子页,#verdict + H2 已含品牌与国家名,35.1,,en,已覆盖
saily esim japan phone number,品牌×国家,品牌×国家·光板词,品牌×国家子页,#verdict + H2 已含品牌与国家名,35.1,,en,已覆盖
saily esim northern ireland,品牌×国家,品牌×国家·光板词,品牌×国家子页,#verdict + H2 已含品牌与国家名,35.1,,en,已覆盖
saily esim usa telefonieren,品牌×国家,品牌×国家·光板词,品牌×国家子页,#verdict + H2 已含品牌与国家名,35.1,,en,已覆盖
saily greece esim,品牌×国家,品牌×国家·光板词,品牌×国家子页,#verdict + H2 已含品牌与国家名,35.1,,en,已覆盖
ubigi esim australia,品牌×国家,品牌×国家·光板词,品牌×国家子页,#verdict + H2 已含品牌与国家名,35.1,,en,已覆盖
ubigi esim japan hotspot,品牌×国家,品牌×国家·光板词,品牌×国家子页,#verdict + H2 已含品牌与国家名,35.1,,en,已覆盖
ubigi esim uk bmw,品牌×国家,品牌×国家·光板词,品牌×国家子页,#verdict + H2 已含品牌与国家名,35.1,,en,已覆盖
airalo esim zambia zimbabwe south africa,品牌×国家,品牌×国家·光板词,品牌×国家子页,#verdict + H2 已含品牌与国家名,33.2,,en,已覆盖
holafly esim para peru,品牌×国家,品牌×国家·光板词,品牌×国家子页,#verdict + H2 已含品牌与国家名,33.2,,en,已覆盖
japan esim tourist ubigi,品牌×国家,品牌×国家·光板词,品牌×国家子页,#verdict + H2 已含品牌与国家名,33.2,,en,已覆盖
ubigi esim japan for australians,品牌×国家,品牌×国家·光板词,品牌×国家子页,#verdict + H2 已含品牌与国家名,33.2,,en,已覆盖
airalo esim card italy,品牌×国家,品牌×国家·光板词,品牌×国家子页,#verdict + H2 已含品牌与国家名,31.4,,en,已覆盖
airalo esim mexico city,品牌×国家,品牌×国家·光板词,品牌×国家子页,#verdict + H2 已含品牌与国家名,31.4,,en,已覆盖
airalo esim northern ireland,品牌×国家,品牌×国家·光板词,品牌×国家子页,#verdict + H2 已含品牌与国家名,31.4,,en,已覆盖
esim argentina saily,品牌×国家,品牌×国家·光板词,品牌×国家子页,#verdict + H2 已含品牌与国家名,31.4,,en,已覆盖
esim for japan ubigi,品牌×国家,品牌×国家·光板词,品牌×国家子页,#verdict + H2 已含品牌与国家名,31.4,,en,已覆盖
esim nomad colombia,品牌×国家,品牌×国家·光板词,品牌×国家子页,#verdict + H2 已含品牌与国家名,31.4,,en,已覆盖
esim peru airalo,品牌×国家,品牌×国家·光板词,品牌×国家子页,#verdict + H2 已含品牌与国家名,31.4,,en,已覆盖
esim saudi arabia holafly,品牌×国家,品牌×国家·光板词,品牌×国家子页,#verdict + H2 已含品牌与国家名,31.4,,en,已覆盖
esim taiwan airalo,品牌×国家,品牌×国家·光板词,品牌×国家子页,#verdict + H2 已含品牌与国家名,31.4,,en,已覆盖
holafly esim zuid korea,品牌×国家,品牌×国家·光板词,品牌×国家子页,#verdict + H2 已含品牌与国家名,31.4,,en,已覆盖
kpn nl esim airalo malaysia,品牌×国家,品牌×国家·光板词,品牌×国家子页,#verdict + H2 已含品牌与国家名,31.4,,en,已覆盖
saily esim canada phone number,品牌×国家,品牌×国家·光板词,品牌×国家子页,#verdict + H2 已含品牌与国家名,31.4,,en,已覆盖
saily esim canada provider,品牌×国家,品牌×国家·光板词,品牌×国家子页,#verdict + H2 已含品牌与国家名,31.4,,en,已覆盖
saily esim uk and europe,品牌×国家,品牌×国家·光板词,品牌×国家子页,#verdict + H2 已含品牌与国家名,31.4,,en,已覆盖
saily esim uk phone number,品牌×国家,品牌×国家·光板词,品牌×国家子页,#verdict + H2 已含品牌与国家名,31.4,,en,已覆盖
saily korea esim,品牌×国家,品牌×国家·光板词,品牌×国家子页,#verdict + H2 已含品牌与国家名,31.4,,en,已覆盖
tarjeta esim holafly colombia,品牌×国家,品牌×国家·光板词,品牌×国家子页,#verdict + H2 已含品牌与国家名,31.4,,en,已覆盖
tarjeta esim holafly peru,品牌×国家,品牌×国家·光板词,品牌×国家子页,#verdict + H2 已含品牌与国家名,31.4,,en,已覆盖
ubigi esim europe and uk,品牌×国家,品牌×国家·光板词,品牌×国家子页,#verdict + H2 已含品牌与国家名,31.4,,en,已覆盖
ubigi esim japan 20gb,品牌×国家,品牌×国家·光板词,品牌×国家子页,#verdict + H2 已含品牌与国家名,31.4,,en,已覆盖
ubigi esim new zealand,品牌×国家,品牌×国家·光板词,品牌×国家子页,#verdict + H2 已含品牌与国家名,31.4,,en,已覆盖
ubigi esim south korea,品牌×国家,品牌×国家·光板词,品牌×国家子页,#verdict + H2 已含品牌与国家名,31.4,,en,已覆盖
ubigi esim usa,品牌×国家,品牌×国家·光板词,品牌×国家子页,#verdict + H2 已含品牌与国家名,31.4,,en,已覆盖
yesim esim thailand,品牌×国家,品牌×国家·光板词,品牌×国家子页,#verdict + H2 已含品牌与国家名,31.4,,en,已覆盖
esim for saudi arabia airalo,品牌×国家,品牌×国家·光板词,品牌×国家子页,#verdict + H2 已含品牌与国家名,30.9,,en,已覆盖
esim for usa airalo,品牌×国家,品牌×国家·光板词,品牌×国家子页,#verdict + H2 已含品牌与国家名,30.9,,en,已覆盖
roamic esim canada,品牌×国家,品牌×国家·光板词,品牌×国家子页,#verdict + H2 已含品牌与国家名,30.9,,en,已覆盖
roamic esim indonesia,品牌×国家,品牌×国家·光板词,品牌×国家子页,#verdict + H2 已含品牌与国家名,30.9,,en,已覆盖
airalo esim usa,品牌×国家,品牌×国家·光板词,品牌×国家子页,#verdict + H2 已含品牌与国家名,30.8,,en,已覆盖
airalo esim for cambodia and vietnam,品牌×国家,品牌×国家·光板词,品牌×国家子页,#verdict + H2 已含品牌与国家名,30.4,,en,已覆盖
airalo esim 10gb japan,品牌×国家,品牌×国家·光板词,品牌×国家子页,#verdict + H2 已含品牌与国家名,29.5,,en,已覆盖
airalo esim mexico telcel,品牌×国家,品牌×国家·光板词,品牌×国家子页,#verdict + H2 已含品牌与国家名,29.5,,en,已覆盖
airalo esim uk number,品牌×国家,品牌×国家·光板词,品牌×国家子页,#verdict + H2 已含品牌与国家名,29.5,,en,已覆盖
airalo vs saily esim usa,品牌×国家,品牌×国家·光板词,品牌×国家子页,#verdict + H2 已含品牌与国家名,29.5,,en,已覆盖
japan esim card airalo,品牌×国家,品牌×国家·光板词,品牌×国家子页,#verdict + H2 已含品牌与国家名,29.5,,en,已覆盖
kpn nl esim airalo portugal,品牌×国家,品牌×国家·光板词,品牌×国家子页,#verdict + H2 已含品牌与国家名,29.5,,en,已覆盖
nomad esim singapore office,品牌×国家,品牌×国家·光板词,品牌×国家子页,#verdict + H2 已含品牌与国家名,29.5,,en,已覆盖
saily vs airalo esim india,品牌×国家,品牌×国家·光板词,品牌×国家子页,#verdict + H2 已含品牌与国家名,29.5,,en,已覆盖
holafly esim usa,品牌×国家,品牌×国家·光板词,品牌×国家子页,#verdict + H2 已含品牌与国家名,29.2,,en,已覆盖
airalo esim greece and turkey,品牌×国家,品牌×国家·光板词,品牌×国家子页,#verdict + H2 已含品牌与国家名,29.0,,en,已覆盖
airalo esim holland,品牌×国家,品牌×国家·光板词,品牌×国家子页,#verdict + H2 已含品牌与国家名,29.0,,en,已覆盖
roamic esim morocco,品牌×国家,品牌×国家·光板词,品牌×国家子页,#verdict + H2 已含品牌与国家名,29.0,,en,已覆盖
saily esim mexico city,品牌×国家,品牌×国家·光板词,品牌×国家子页,#verdict + H2 已含品牌与国家名,29.0,,en,已覆盖
ubigi esim japan,品牌×国家,品牌×国家·光板词,品牌×国家子页,#verdict + H2 已含品牌与国家名,27.9,,en,已覆盖
airalo brazil esim,品牌×国家,品牌×国家·光板词,品牌×国家子页,#verdict + H2 已含品牌与国家名,27.6,,en,已覆盖
airalo esim for vietnam and cambodia,品牌×国家,品牌×国家·光板词,品牌×国家子页,#verdict + H2 已含品牌与国家名,27.6,,en,已覆盖
airalo esim usa phone number,品牌×国家,品牌×国家·光板词,品牌×国家子页,#verdict + H2 已含品牌与国家名,27.6,,en,已覆盖
airalo ksa esim,品牌×国家,品牌×国家·光板词,品牌×国家子页,#verdict + H2 已含品牌与国家名,27.6,,en,已覆盖
airalo south africa e sim,品牌×国家,品牌×国家·光板词,品牌×国家子页,#verdict + H2 已含品牌与国家名,27.6,,en,已覆盖
airalo vs klook esim taiwan,品牌×国家,品牌×国家·光板词,品牌×国家子页,#verdict + H2 已含品牌与国家名,27.6,,en,已覆盖
come attivare esim airalo indonesia su iphone 13,品牌×国家,品牌×国家·光板词,品牌×国家子页,#verdict + H2 已含品牌与国家名,27.6,,en,已覆盖
e sim airalo peru,品牌×国家,品牌×国家·光板词,品牌×国家子页,#verdict + H2 已含品牌与国家名,27.6,,en,已覆盖
esim brazil airalo,品牌×国家,品牌×国家·光板词,品牌×国家子页,#verdict + H2 已含品牌与国家名,27.6,,en,已覆盖
esim canada airalo,品牌×国家,品牌×国家·光板词,品牌×国家子页,#verdict + H2 已含品牌与国家名,27.6,,en,已覆盖
esim fiji airalo,品牌×国家,品牌×国家·光板词,品牌×国家子页,#verdict + H2 已含品牌与国家名,27.6,,en,已覆盖
esim for brazil nomad,品牌×国家,品牌×国家·光板词,品牌×国家子页,#verdict + H2 已含品牌与国家名,27.6,,en,已覆盖
esim greece roamic,品牌×国家,品牌×国家·光板词,品牌×国家子页,#verdict + H2 已含品牌与国家名,27.6,,en,已覆盖
esim japan ubigi,品牌×国家,品牌×国家·光板词,品牌×国家子页,#verdict + H2 已含品牌与国家名,27.6,,en,已覆盖
esim kenya saily,品牌×国家,品牌×国家·光板词,品牌×国家子页,#verdict + H2 已含品牌与国家名,27.6,,en,已覆盖
esim morocco airalo,品牌×国家,品牌×国家·光板词,品牌×国家子页,#verdict + H2 已含品牌与国家名,27.6,,en,已覆盖
esim philippines nomad,品牌×国家,品牌×国家·光板词,品牌×国家子页,#verdict + H2 已含品牌与国家名,27.6,,en,已覆盖
holafly esim para canada,品牌×国家,品牌×国家·光板词,品牌×国家子页,#verdict + H2 已含品牌与国家名,27.6,,en,已覆盖
kpn nl esim airalo philippines,品牌×国家,品牌×国家·光板词,品牌×国家子页,#verdict + H2 已含品牌与国家名,27.6,,en,已覆盖
nomad esim australia,品牌×国家,品牌×国家·光板词,品牌×国家子页,#verdict + H2 已含品牌与国家名,27.6,,en,已覆盖
saily esim japan,品牌×国家,品牌×国家·光板词,品牌×国家子页,#verdict + H2 已含品牌与国家名,27.6,,en,已覆盖
saily esim thailand welches netz,品牌×国家,品牌×国家·光板词,品牌×国家子页,#verdict + H2 已含品牌与国家名,27.6,,de,已覆盖
saily esim usa hotspot,品牌×国家,品牌×国家·光板词,品牌×国家子页,#verdict + H2 已含品牌与国家名,27.6,,en,已覆盖
ubigi esim italy,品牌×国家,品牌×国家·光板词,品牌×国家子页,#verdict + H2 已含品牌与国家名,27.6,,en,已覆盖
ubigi esim japan iphone,品牌×国家,品牌×国家·光板词,品牌×国家子页,#verdict + H2 已含品牌与国家名,27.6,,en,已覆盖
ubigi esim morocco,品牌×国家,品牌×国家·光板词,品牌×国家子页,#verdict + H2 已含品牌与国家名,27.6,,en,已覆盖
airalo esim card france,品牌×国家,品牌×国家·光板词,品牌×国家子页,#verdict + H2 已含品牌与国家名,25.8,,en,已覆盖
airalo esim japan phone number,品牌×国家,品牌×国家·光板词,品牌×国家子页,#verdict + H2 已含品牌与国家名,25.8,,en,已覆盖
esim egypt airalo,品牌×国家,品牌×国家·光板词,品牌×国家子页,#verdict + H2 已含品牌与国家名,25.8,,en,已覆盖
holafly esim uk number,品牌×国家,品牌×国家·光板词,品牌×国家子页,#verdict + H2 已含品牌与国家名,25.8,,en,已覆盖
japan esim card ubigi,品牌×国家,品牌×国家·光板词,品牌×国家子页,#verdict + H2 已含品牌与国家名,25.8,,en,已覆盖
saily esim usa phone number,品牌×国家,品牌×国家·光板词,品牌×国家子页,#verdict + H2 已含品牌与国家名,25.8,,en,已覆盖
saily esim vietnam viettel,品牌×国家,品牌×国家·光板词,品牌×国家子页,#verdict + H2 已含品牌与国家名,25.8,,en,已覆盖
saily vs airalo esim vietnam,品牌×国家,品牌×国家·光板词,品牌×国家子页,#verdict + H2 已含品牌与国家名,25.8,,en,已覆盖
ubigi esim uk,品牌×国家,品牌×国家·光板词,品牌×国家子页,#verdict + H2 已含品牌与国家名,25.8,,en,已覆盖
holafly esim mexico city,品牌×国家,品牌×国家·光板词,品牌×国家子页,#verdict + H2 已含品牌与国家名,25.2,,en,已覆盖
airalo esim for israel,品牌×国家,品牌×国家·光板词,品牌×国家子页,#verdict + H2 已含品牌与国家名,23.9,,en,已覆盖
airalo esim india,品牌×国家,品牌×国家·光板词,品牌×国家子页,#verdict + H2 已含品牌与国家名,23.9,,en,已覆盖
airalo esim usa telefonieren,品牌×国家,品牌×国家·光板词,品牌×国家子页,#verdict + H2 已含品牌与国家名,23.9,,en,已覆盖
airalo esim vietnam,品牌×国家,品牌×国家·光板词,品牌×国家子页,#verdict + H2 已含品牌与国家名,23.9,,en,已覆盖
airalo free esim spain,品牌×国家,品牌×国家·光板词,品牌×国家子页,#verdict + H2 已含品牌与国家名,23.9,,en,已覆盖
airalo india esim,品牌×国家,品牌×国家·光板词,品牌×国家子页,#verdict + H2 已含品牌与国家名,23.9,,en,已覆盖
airalo mexico esim,品牌×国家,品牌×国家·光板词,品牌×国家子页,#verdict + H2 已含品牌与国家名,23.9,,en,已覆盖
airalo vs nomad esim usa,品牌×国家,品牌×国家·光板词,品牌×国家子页,#verdict + H2 已含品牌与国家名,23.9,,en,已覆盖
airalo vs vodafone esim italy,品牌×国家,品牌×国家·光板词,品牌×国家子页,#verdict + H2 已含品牌与国家名,23.9,,en,已覆盖
alosim esim japan,品牌×国家,品牌×国家·光板词,品牌×国家子页,#verdict + H2 已含品牌与国家名,23.9,,en,已覆盖
carte esim holafly canada,品牌×国家,品牌×国家·光板词,品牌×国家子页,#verdict + H2 已含品牌与国家名,23.9,,en,已覆盖
esim australia tourist airalo,品牌×国家,品牌×国家·光板词,品牌×国家子页,#verdict + H2 已含品牌与国家名,23.9,,en,已覆盖
esim colombia airalo,品牌×国家,品牌×国家·光板词,品牌×国家子页,#verdict + H2 已含品牌与国家名,23.9,,en,已覆盖
esim for morocco airalo,品牌×国家,品牌×国家·光板词,品牌×国家子页,#verdict + H2 已含品牌与国家名,23.9,,en,已覆盖
esim georgia airalo,品牌×国家,品牌×国家·光板词,品牌×国家子页,#verdict + H2 已含品牌与国家名,23.9,,en,已覆盖
esim india roamic,品牌×国家,品牌×国家·光板词,品牌×国家子页,#verdict + H2 已含品牌与国家名,23.9,,en,已覆盖
esim indonesia airalo,品牌×国家,品牌×国家·光板词,品牌×国家子页,#verdict + H2 已含品牌与国家名,23.9,,en,已覆盖
esim israel airalo,品牌×国家,品牌×国家·光板词,品牌×国家子页,#verdict + H2 已含品牌与国家名,23.9,,en,已覆盖
esim japan saily,品牌×国家,品牌×国家·光板词,品牌×国家子页,#verdict + H2 已含品牌与国家名,23.9,,en,已覆盖
esim kenya holafly,品牌×国家,品牌×国家·光板词,品牌×国家子页,#verdict + H2 已含品牌与国家名,23.9,,en,已覆盖
esim philippines holafly,品牌×国家,品牌×国家·光板词,品牌×国家子页,#verdict + H2 已含品牌与国家名,23.9,,en,已覆盖
esim saudi arabia saily,品牌×国家,品牌×国家·光板词,品牌×国家子页,#verdict + H2 已含品牌与国家名,23.9,,en,已覆盖
esim spain roamic,品牌×国家,品牌×国家·光板词,品牌×国家子页,#verdict + H2 已含品牌与国家名,23.9,,en,已覆盖
esim switzerland saily,品牌×国家,品牌×国家·光板词,品牌×国家子页,#verdict + H2 已含品牌与国家名,23.9,,en,已覆盖
holafly esim australia,品牌×国家,品牌×国家·光板词,品牌×国家子页,#verdict + H2 已含品牌与国家名,23.9,,en,已覆盖
holafly esim for austria,品牌×国家,品牌×国家·光板词,品牌×国家子页,#verdict + H2 已含品牌与国家名,23.9,,en,已覆盖
holafly esim japan hotspot,品牌×国家,品牌×国家·光板词,品牌×国家子页,#verdict + H2 已含品牌与国家名,23.9,,en,已覆盖
holafly esim macao,品牌×国家,品牌×国家·光板词,品牌×国家子页,#verdict + H2 已含品牌与国家名,23.9,,en,已覆盖
holafly esim usa hotspot,品牌×国家,品牌×国家·光板词,品牌×国家子页,#verdict + H2 已含品牌与国家名,23.9,,en,已覆盖
jetpac esim new zealand,品牌×国家,品牌×国家·光板词,品牌×国家子页,#verdict + H2 已含品牌与国家名,23.9,,en,已覆盖
kpn nl esim airalo spain,品牌×国家,品牌×国家·光板词,品牌×国家子页,#verdict + H2 已含品牌与国家名,23.9,,en,已覆盖
nomad esim usa number,品牌×国家,品牌×国家·光板词,品牌×国家子页,#verdict + H2 已含品牌与国家名,23.9,,en,已覆盖
precio esim holafly mexico,品牌×国家,品牌×国家·光板词,品牌×国家子页,#verdict + H2 已含品牌与国家名,23.9,,en,已覆盖
saily esim breaking italy,品牌×国家,品牌×国家·光板词,品牌×国家子页,#verdict + H2 已含品牌与国家名,23.9,,en,已覆盖
saily esim for england,品牌×国家,品牌×国家·光板词,品牌×国家子页,#verdict + H2 已含品牌与国家名,23.9,,en,已覆盖
saily esim italy,品牌×国家,品牌×国家·光板词,品牌×国家子页,#verdict + H2 已含品牌与国家名,23.9,,en,已覆盖
saily esim japan provider,品牌×国家,品牌×国家·光板词,品牌×国家子页,#verdict + H2 已含品牌与国家名,23.9,,en,已覆盖
saily esim malaysia,品牌×国家,品牌×国家·光板词,品牌×国家子页,#verdict + H2 已含品牌与国家名,23.9,,en,已覆盖
saily esim nz,品牌×国家,品牌×国家·光板词,品牌×国家子页,#verdict + H2 已含品牌与国家名,23.9,,en,已覆盖
saily esim uk number,品牌×国家,品牌×国家·光板词,品牌×国家子页,#verdict + H2 已含品牌与国家名,23.9,,en,已覆盖
saily esim vietnam,品牌×国家,品牌×国家·光板词,品牌×国家子页,#verdict + H2 已含品牌与国家名,23.9,,en,已覆盖
esim vietnam airalo,品牌×国家,品牌×国家·光板词,品牌×国家子页,#verdict + H2 已含品牌与国家名,23.4,,en,已覆盖
airalo esim canada and alaska,品牌×国家,品牌×国家·光板词,品牌×国家子页,#verdict + H2 已含品牌与国家名,22.0,,en,已覆盖
holafly esim para mexico,品牌×国家,品牌×国家·光板词,品牌×国家子页,#verdict + H2 已含品牌与国家名,22.0,,en,已覆盖
nomad esim canada,品牌×国家,品牌×国家·光板词,品牌×国家子页,#verdict + H2 已含品牌与国家名,22.0,,en,已覆盖
saily esim india provider,品牌×国家,品牌×国家·光板词,品牌×国家子页,#verdict + H2 已含品牌与国家名,22.0,,en,已覆盖
saily esim south korea,品牌×国家,品牌×国家·光板词,品牌×国家子页,#verdict + H2 已含品牌与国家名,22.0,,en,已覆盖
holafly esim japan,品牌×国家,品牌×国家·光板词,品牌×国家子页,#verdict + H2 已含品牌与国家名,21.8,,en,已覆盖
nomad esim usa,品牌×国家,品牌×国家·光板词,品牌×国家子页,#verdict + H2 已含品牌与国家名,20.5,,en,已覆盖
airalo esim card india,品牌×国家,品牌×国家·光板词,品牌×国家子页,#verdict + H2 已含品牌与国家名,20.1,,en,已覆盖
airalo esim card mexico,品牌×国家,品牌×国家·光板词,品牌×国家子页,#verdict + H2 已含品牌与国家名,20.1,,en,已覆盖
airalo esim for argentina,品牌×国家,品牌×国家·光板词,品牌×国家子页,#verdict + H2 已含品牌与国家名,20.1,,en,已覆盖
airalo esim for england,品牌×国家,品牌×国家·光板词,品牌×国家子页,#verdict + H2 已含品牌与国家名,20.1,,en,已覆盖
airalo esim japan tiktok,品牌×国家,品牌×国家·光板词,品牌×国家子页,#verdict + H2 已含品牌与国家名,20.1,,en,已覆盖
airalo esim south korea,品牌×国家,品牌×国家·光板词,品牌×国家子页,#verdict + H2 已含品牌与国家名,20.1,,en,已覆盖
airalo esim thailand phone number,品牌×国家,品牌×国家·光板词,品牌×国家子页,#verdict + H2 已含品牌与国家名,20.1,,en,已覆盖
airalo esim usa hotspot,品牌×国家,品牌×国家·光板词,品牌×国家子页,#verdict + H2 已含品牌与国家名,20.1,,en,已覆盖
airalo esim.card mexico,品牌×国家,品牌×国家·光板词,品牌×国家子页,#verdict + H2 已含品牌与国家名,20.1,,en,已覆盖
airalo france esim,品牌×国家,品牌×国家·光板词,品牌×国家子页,#verdict + H2 已含品牌与国家名,20.1,,en,已覆盖
airalo vs klook esim korea,品牌×国家,品牌×国家·光板词,品牌×国家子页,#verdict + H2 已含品牌与国家名,20.1,,en,已覆盖
airalo vs orange esim france,品牌×国家,品牌×国家·光板词,品牌×国家子页,#verdict + H2 已含品牌与国家名,20.1,,en,已覆盖
airalo vs orange esim italy,品牌×国家,品牌×国家·光板词,品牌×国家子页,#verdict + H2 已含品牌与国家名,20.1,,en,已覆盖
alosim esim india,品牌×国家,品牌×国家·光板词,品牌×国家子页,#verdict + H2 已含品牌与国家名,20.1,,en,已覆盖
comprar esim holafly mexico,品牌×国家,品牌×国家·光板词,品牌×国家子页,#verdict + H2 已含品牌与国家名,20.1,,en,已覆盖
e sim airalo india,品牌×国家,品牌×国家·光板词,品牌×国家子页,#verdict + H2 已含品牌与国家名,20.1,,en,已覆盖
esim australia nomad,品牌×国家,品牌×国家·光板词,品牌×国家子页,#verdict + H2 已含品牌与国家名,20.1,,en,已覆盖
esim for egypt airalo,品牌×国家,品牌×国家·光板词,品牌×国家子页,#verdict + H2 已含品牌与国家名,20.1,,en,已覆盖
esim for japan holafly,品牌×国家,品牌×国家·光板词,品牌×国家子页,#verdict + H2 已含品牌与国家名,20.1,,en,已覆盖
esim for peru airalo,品牌×国家,品牌×国家·光板词,品牌×国家子页,#verdict + H2 已含品牌与国家名,20.1,,en,已覆盖
esim iceland airalo,品牌×国家,品牌×国家·光板词,品牌×国家子页,#verdict + H2 已含品牌与国家名,20.1,,en,已覆盖
esim italy airalo,品牌×国家,品牌×国家·光板词,品牌×国家子页,#verdict + H2 已含品牌与国家名,20.1,,en,已覆盖
esim japan airalo,品牌×国家,品牌×国家·光板词,品牌×国家子页,#verdict + H2 已含品牌与国家名,20.1,,en,已覆盖
esim kenya airalo,品牌×国家,品牌×国家·光板词,品牌×国家子页,#verdict + H2 已含品牌与国家名,20.1,,en,已覆盖
esim malaysia airalo,品牌×国家,品牌×国家·光板词,品牌×国家子页,#verdict + H2 已含品牌与国家名,20.1,,en,已覆盖
esim morocco jetpac,品牌×国家,品牌×国家·光板词,品牌×国家子页,#verdict + H2 已含品牌与国家名,20.1,,en,已覆盖
esim new zealand airalo,品牌×国家,品牌×国家·光板词,品牌×国家子页,#verdict + H2 已含品牌与国家名,20.1,,en,已覆盖
esim portugal airalo,品牌×国家,品牌×国家·光板词,品牌×国家子页,#verdict + H2 已含品牌与国家名,20.1,,en,已覆盖
esim singapore holafly,品牌×国家,品牌×国家·光板词,品牌×国家子页,#verdict + H2 已含品牌与国家名,20.1,,en,已覆盖
esim switzerland holafly,品牌×国家,品牌×国家·光板词,品牌×国家子页,#verdict + H2 已含品牌与国家名,20.1,,en,已覆盖
esim taiwan nomad,品牌×国家,品牌×国家·光板词,品牌×国家子页,#verdict + H2 已含品牌与国家名,20.1,,en,已覆盖
holafly esim for fiji,品牌×国家,品牌×国家·光板词,品牌×国家子页,#verdict + H2 已含品牌与国家名,20.1,,en,已覆盖
holafly esim japan tiktok,品牌×国家,品牌×国家·光板词,品牌×国家子页,#verdict + H2 已含品牌与国家名,20.1,,en,已覆盖
holafly esim new zealand,品牌×国家,品牌×国家·光板词,品牌×国家子页,#verdict + H2 已含品牌与国家名,20.1,,en,已覆盖
holafly esim vietnam y camboya,品牌×国家,品牌×国家·光板词,品牌×国家子页,#verdict + H2 已含品牌与国家名,20.1,,en,已覆盖
jetpac esim for colombia,品牌×国家,品牌×国家·光板词,品牌×国家子页,#verdict + H2 已含品牌与国家名,20.1,,en,已覆盖
jetpac esim indonesia,品牌×国家,品牌×国家·光板词,品牌×国家子页,#verdict + H2 已含品牌与国家名,20.1,,en,已覆盖
jetpac esim usa,品牌×国家,品牌×国家·光板词,品牌×国家子页,#verdict + H2 已含品牌与国家名,20.1,,en,已覆盖
nomad esim japan,品牌×国家,品牌×国家·光板词,品牌×国家子页,#verdict + H2 已含品牌与国家名,20.1,,en,已覆盖
nomad esim usa hotspot,品牌×国家,品牌×国家·光板词,品牌×国家子页,#verdict + H2 已含品牌与国家名,20.1,,en,已覆盖
saily esim for israel,品牌×国家,品牌×国家·光板词,品牌×国家子页,#verdict + H2 已含品牌与国家名,20.1,,en,已覆盖
ubigi esim korea,品牌×国家,品牌×国家·光板词,品牌×国家子页,#verdict + H2 已含品牌与国家名,20.1,,en,已覆盖
roamic esim egypt,品牌×国家,品牌×国家·光板词,品牌×国家子页,#verdict + H2 已含品牌与国家名,19.6,,en,已覆盖
airalo vs saily esim italy,品牌×国家,品牌×国家·光板词,品牌×国家子页,#verdict + H2 已含品牌与国家名,19.1,,en,已覆盖
saily esim holland,品牌×国家,品牌×国家·光板词,品牌×国家子页,#verdict + H2 已含品牌与国家名,19.1,,en,已覆盖
airalo esim australia phone number,品牌×国家,品牌×国家·光板词,品牌×国家子页,#verdict + H2 已含品牌与国家名,18.2,,en,已覆盖
airalo esim thailand,品牌×国家,品牌×国家·光板词,品牌×国家子页,#verdict + H2 已含品牌与国家名,18.2,,en,已覆盖
saily esim uk,品牌×国家,品牌×国家·光板词,品牌×国家子页,#verdict + H2 已含品牌与国家名,18.2,,en,已覆盖
ubigi esim zuid korea,品牌×国家,品牌×国家·光板词,品牌×国家子页,#verdict + H2 已含品牌与国家名,18.2,,en,已覆盖
esim usa airalo,品牌×国家,品牌×国家·光板词,品牌×国家子页,#verdict + H2 已含品牌与国家名,17.8,,en,已覆盖
airalo esim for india travel,品牌×国家,品牌×国家·光板词,品牌×国家子页,#verdict + H2 已含品牌与国家名,16.4,,en,已覆盖
airalo esim italy,品牌×国家,品牌×国家·光板词,品牌×国家子页,#verdict + H2 已含品牌与国家名,16.4,,en,已覆盖
airalo esim para mexico,品牌×国家,品牌×国家·光板词,品牌×国家子页,#verdict + H2 已含品牌与国家名,16.4,,en,已覆盖
airalo vs nomad esim thailand,品牌×国家,品牌×国家·光板词,品牌×国家子页,#verdict + H2 已含品牌与国家名,16.4,,en,已覆盖
alosim esim usa,品牌×国家,品牌×国家·光板词,品牌×国家子页,#verdict + H2 已含品牌与国家名,16.4,,en,已覆盖
best esim for brazil nomad,品牌×国家,品牌×国家·光板词,品牌×国家子页,#verdict + H2 已含品牌与国家名,16.4,,en,已覆盖
best esim for morocco ubigi,品牌×国家,品牌×国家·光板词,品牌×国家子页,#verdict + H2 已含品牌与国家名,16.4,,en,已覆盖
does saily esim work well in italy,品牌×国家,品牌×国家·光板词,品牌×国家子页,#verdict + H2 已含品牌与国家名,16.4,,en,已覆盖
esim airalo canada,品牌×国家,品牌×国家·光板词,品牌×国家子页,#verdict + H2 已含品牌与国家名,16.4,,en,已覆盖
esim argentina airalo,品牌×国家,品牌×国家·光板词,品牌×国家子页,#verdict + H2 已含品牌与国家名,16.4,,en,已覆盖
esim argentina nomad,品牌×国家,品牌×国家·光板词,品牌×国家子页,#verdict + H2 已含品牌与国家名,16.4,,en,已覆盖
esim austria holafly,品牌×国家,品牌×国家·光板词,品牌×国家子页,#verdict + H2 已含品牌与国家名,16.4,,en,已覆盖
esim brazil saily,品牌×国家,品牌×国家·光板词,品牌×国家子页,#verdict + H2 已含品牌与国家名,16.4,,en,已覆盖
esim fiji holafly,品牌×国家,品牌×国家·光板词,品牌×国家子页,#verdict + H2 已含品牌与国家名,16.4,,en,已覆盖
esim for brazil airalo,品牌×国家,品牌×国家·光板词,品牌×国家子页,#verdict + H2 已含品牌与国家名,16.4,,en,已覆盖
esim for usa nomad,品牌×国家,品牌×国家·光板词,品牌×国家子页,#verdict + H2 已含品牌与国家名,16.4,,en,已覆盖
esim greece airalo,品牌×国家,品牌×国家·光板词,品牌×国家子页,#verdict + H2 已含品牌与国家名,16.4,,en,已覆盖
esim peru holafly,品牌×国家,品牌×国家·光板词,品牌×国家子页,#verdict + H2 已含品牌与国家名,16.4,,en,已覆盖
esim portugal holafly,品牌×国家,品牌×国家·光板词,品牌×国家子页,#verdict + H2 已含品牌与国家名,16.4,,en,已覆盖
esim taiwan holafly,品牌×国家,品牌×国家·光板词,品牌×国家子页,#verdict + H2 已含品牌与国家名,16.4,,en,已覆盖
esim uk airalo,品牌×国家,品牌×国家·光板词,品牌×国家子页,#verdict + H2 已含品牌与国家名,16.4,,en,已覆盖
holafly esim for israel,品牌×国家,品牌×国家·光板词,品牌×国家子页,#verdict + H2 已含品牌与国家名,16.4,,en,已覆盖
holafly esim italy,品牌×国家,品牌×国家·光板词,品牌×国家子页,#verdict + H2 已含品牌与国家名,16.4,,en,已覆盖
holafly esim usa new york,品牌×国家,品牌×国家·光板词,品牌×国家子页,#verdict + H2 已含品牌与国家名,16.4,,en,已覆盖
holafly esim vietnam,品牌×国家,品牌×国家·光板词,品牌×国家子页,#verdict + H2 已含品牌与国家名,16.4,,en,已覆盖
holafly thailand e sim,品牌×国家,品牌×国家·光板词,品牌×国家子页,#verdict + H2 已含品牌与国家名,16.4,,en,已覆盖
jetpac esim italy,品牌×国家,品牌×国家·光板词,品牌×国家子页,#verdict + H2 已含品牌与国家名,16.4,,en,已覆盖
jetpac esim japan,品牌×国家,品牌×国家·光板词,品牌×国家子页,#verdict + H2 已含品牌与国家名,16.4,,en,已覆盖
nomad esim for england,品牌×国家,品牌×国家·光板词,品牌×国家子页,#verdict + H2 已含品牌与国家名,16.4,,en,已覆盖
nomad esim indonesia,品牌×国家,品牌×国家·光板词,品牌×国家子页,#verdict + H2 已含品牌与国家名,16.4,,en,已覆盖
saily esim for argentina,品牌×国家,品牌×国家·光板词,品牌×国家子页,#verdict + H2 已含品牌与国家名,16.4,,en,已覆盖
saily esim japan hotspot,品牌×国家,品牌×国家·光板词,品牌×国家子页,#verdict + H2 已含品牌与国家名,16.4,,en,已覆盖
saily esim mexico telcel,品牌×国家,品牌×国家·光板词,品牌×国家子页,#verdict + H2 已含品牌与国家名,16.4,,en,已覆盖
saily esim vietnam and cambodia,品牌×国家,品牌×国家·光板词,品牌×国家子页,#verdict + H2 已含品牌与国家名,16.4,,en,已覆盖
ubigi esim malaysia,品牌×国家,品牌×国家·光板词,品牌×国家子页,#verdict + H2 已含品牌与国家名,16.4,,en,已覆盖
yesim esim usa,品牌×国家,品牌×国家·光板词,品牌×国家子页,#verdict + H2 已含品牌与国家名,12.6,,en,已覆盖
esim price usa,国家·价格/交易,国家·价格,国家页,#plans 表头 + 价格 FAQ,64.0,0.0059,en,已覆盖
cheapest esim canada,国家·价格/交易,国家·价格,国家页,#plans 表头 + 价格 FAQ,70.9,0.0,en,已覆盖
cheapest esim singapore,国家·价格/交易,国家·价格,国家页,#plans 表头 + 价格 FAQ,63.4,0.0,en,已覆盖
cheapest esim plan singapore,国家·价格/交易,国家·价格,国家页,#plans 表头 + 价格 FAQ,60.6,0.0,en,已覆盖
cheapest us esim,国家·价格/交易,国家·价格,国家页,#plans 表头 + 价格 FAQ,59.9,0.0,en,已覆盖
cheapest esim plan canada,国家·价格/交易,国家·价格,国家页,#plans 表头 + 价格 FAQ,58.9,0.0,en,已覆盖
cheapest esim plan usa,国家·价格/交易,国家·价格,国家页,#plans 表头 + 价格 FAQ,55.8,0.0,en,已覆盖
cheapest esim argentina reddit,国家·价格/交易,国家·价格,国家页,#plans 表头 + 价格 FAQ,49.1,0.0,en,已覆盖
cheapest esim colombia reddit,国家·价格/交易,国家·价格,国家页,#plans 表头 + 价格 FAQ,49.1,,en,已覆盖
cheapest esim costa rica reddit,国家·价格/交易,国家·价格,国家页,#plans 表头 + 价格 FAQ,49.1,,en,已覆盖
cheapest esim for greece and turkey,国家·价格/交易,国家·价格,国家页,#plans 表头 + 价格 FAQ,49.1,,en,已覆盖
cheapest esim for kenya and tanzania,国家·价格/交易,国家·价格,国家页,#plans 表头 + 价格 FAQ,49.1,,en,已覆盖
cheapest esim peru reddit,国家·价格/交易,国家·价格,国家页,#plans 表头 + 价格 FAQ,49.1,,en,已覆盖
cheapest esim qatar tourist,国家·价格/交易,国家·价格,国家页,#plans 表头 + 价格 FAQ,49.1,,en,已覆盖
esim price in uae,国家·价格/交易,国家·价格,国家页,#plans 表头 + 价格 FAQ,48.8,,en,已覆盖
cheapest esim ireland unlimited data,国家·价格/交易,国家·价格,国家页,#plans 表头 + 价格 FAQ,48.1,,en,已覆盖
cheapest esim portugal unlimited data,国家·价格/交易,国家·价格,国家页,#plans 表头 + 价格 FAQ,48.1,,en,已覆盖
cheap esim brazil reddit,国家·价格/交易,国家·价格,国家页,#plans 表头 + 价格 FAQ,47.8,,en,已覆盖
cheap esim egypt reddit,国家·价格/交易,国家·价格,国家页,#plans 表头 + 价格 FAQ,47.8,,en,已覆盖
cheap esim germany reddit,国家·价格/交易,国家·价格,国家页,#plans 表头 + 价格 FAQ,47.8,,en,已覆盖
cheap esim italy reddit,国家·价格/交易,国家·价格,国家页,#plans 表头 + 价格 FAQ,47.8,,en,已覆盖
cheap esim malaysia reddit,国家·价格/交易,国家·价格,国家页,#plans 表头 + 价格 FAQ,47.8,,en,已覆盖
cheap esim morocco reddit,国家·价格/交易,国家·价格,国家页,#plans 表头 + 价格 FAQ,47.8,,en,已覆盖
cheap esim spain reddit,国家·价格/交易,国家·价格,国家页,#plans 表头 + 价格 FAQ,47.8,,en,已覆盖
cheap esim taiwan reddit,国家·价格/交易,国家·价格,国家页,#plans 表头 + 价格 FAQ,47.8,,en,已覆盖
cheapest esim for vietnam travel,国家·价格/交易,国家·价格,国家页,#plans 表头 + 价格 FAQ,47.8,,en,已覆盖
cheapest esim georgia tbilisi,国家·价格/交易,国家·价格,国家页,#plans 表头 + 价格 FAQ,47.8,,en,已覆盖
cheapest esim netherlands prepaid,国家·价格/交易,国家·价格,国家页,#plans 表头 + 价格 FAQ,47.8,,en,已覆盖
how much is a sim card in iceland,国家·价格/交易,国家·价格,国家页,#plans 表头 + 价格 FAQ,47.6,,en,已覆盖
malaysia esim unlimited data price,国家·价格/交易,国家·价格,国家页,#plans 表头 + 价格 FAQ,46.8,,en,已覆盖
airtel esim india price,国家·价格/交易,国家·价格,国家页,#plans 表头 + 价格 FAQ,46.4,,en,已覆盖
austria esim price,国家·价格/交易,国家·价格,国家页,#plans 表头 + 价格 FAQ,46.4,,en,已覆盖
belgium esim price,国家·价格/交易,国家·价格,国家页,#plans 表头 + 价格 FAQ,46.4,,en,已覆盖
best esim deals uk,国家·价格/交易,国家·价格,国家页,#plans 表头 + 价格 FAQ,46.4,,en,已覆盖
cellcom esim israel price,国家·价格/交易,国家·价格,国家页,#plans 表头 + 价格 FAQ,46.4,,en,已覆盖
cheap austria esim,国家·价格/交易,国家·价格,国家页,#plans 表头 + 价格 FAQ,46.4,,en,已覆盖
cheap esim australia prepaid,国家·价格/交易,国家·价格,国家页,#plans 表头 + 价格 FAQ,46.4,,en,已覆盖
cheap esim canada data,国家·价格/交易,国家·价格,国家页,#plans 表头 + 价格 FAQ,46.4,,en,已覆盖
cheap esim for qatar,国家·价格/交易,国家·价格,国家页,#plans 表头 + 价格 FAQ,46.4,,en,已覆盖
cheap esim france reddit,国家·价格/交易,国家·价格,国家页,#plans 表头 + 价格 FAQ,46.4,,en,已覆盖
cheap esim indonesia reddit,国家·价格/交易,国家·价格,国家页,#plans 表头 + 价格 FAQ,46.4,,en,已覆盖
cheap esim japan reddit,国家·价格/交易,国家·价格,国家页,#plans 表头 + 价格 FAQ,46.4,,en,已覆盖
cheap esim korea reddit,国家·价格/交易,国家·价格,国家页,#plans 表头 + 价格 FAQ,46.4,,en,已覆盖
cheap esim mexico reddit,国家·价格/交易,国家·价格,国家页,#plans 表头 + 价格 FAQ,46.4,,en,已覆盖
cheap esim philippines reddit,国家·价格/交易,国家·价格,国家页,#plans 表头 + 价格 FAQ,46.4,,en,已覆盖
cheap esim singapore plan,国家·价格/交易,国家·价格,国家页,#plans 表头 + 价格 FAQ,46.4,,en,已覆盖
cheap esim switzerland reddit,国家·价格/交易,国家·价格,国家页,#plans 表头 + 价格 FAQ,46.4,,en,已覆盖
cheap esim thailand 30 days,国家·价格/交易,国家·价格,国家页,#plans 表头 + 价格 FAQ,46.4,,en,已覆盖
cheap uae esim,国家·价格/交易,国家·价格,国家页,#plans 表头 + 价格 FAQ,46.4,,en,已覆盖
cheapest esim argentina,国家·价格/交易,国家·价格,国家页,#plans 表头 + 价格 FAQ,46.4,,en,已覆盖
cheapest esim austria,国家·价格/交易,国家·价格,国家页,#plans 表头 + 价格 FAQ,46.4,,en,已覆盖
cheapest esim belgium,国家·价格/交易,国家·价格,国家页,#plans 表头 + 价格 FAQ,46.4,,en,已覆盖
cheapest esim colombia,国家·价格/交易,国家·价格,国家页,#plans 表头 + 价格 FAQ,46.4,,en,已覆盖
cheapest esim costa rica,国家·价格/交易,国家·价格,国家页,#plans 表头 + 价格 FAQ,46.4,,en,已覆盖
cheapest esim croatia,国家·价格/交易,国家·价格,国家页,#plans 表头 + 价格 FAQ,46.4,,en,已覆盖
cheapest esim czech republic,国家·价格/交易,国家·价格,国家页,#plans 表头 + 价格 FAQ,46.4,,en,已覆盖
cheapest esim fiji,国家·价格/交易,国家·价格,国家页,#plans 表头 + 价格 FAQ,46.4,,en,已覆盖
cheapest esim for australia travel,国家·价格/交易,国家·价格,国家页,#plans 表头 + 价格 FAQ,46.4,,en,已覆盖
cheapest esim for brazil reddit,国家·价格/交易,国家·价格,国家页,#plans 表头 + 价格 FAQ,46.4,,en,已覆盖
cheapest esim for china travel,国家·价格/交易,国家·价格,国家页,#plans 表头 + 价格 FAQ,46.4,,en,已覆盖
cheapest esim for japan reddit,国家·价格/交易,国家·价格,国家页,#plans 表头 + 价格 FAQ,46.4,,en,已覆盖
cheapest esim for mexico reddit,国家·价格/交易,国家·价格,国家页,#plans 表头 + 价格 FAQ,46.4,,en,已覆盖
cheapest esim for new zealand travel,国家·价格/交易,国家·价格,国家页,#plans 表头 + 价格 FAQ,46.4,,en,已覆盖
cheapest esim for seafarers philippines,国家·价格/交易,国家·价格,国家页,#plans 表头 + 价格 FAQ,46.4,,en,已覆盖
cheapest esim for turkey from uk,国家·价格/交易,国家·价格,国家页,#plans 表头 + 价格 FAQ,46.4,,en,已覆盖
cheapest esim for uae tourist,国家·价格/交易,国家·价格,国家页,#plans 表头 + 价格 FAQ,46.4,,en,已覆盖
cheapest esim for uk and europe,国家·价格/交易,国家·价格,国家页,#plans 表头 + 价格 FAQ,46.4,,en,已覆盖
cheapest esim georgia,国家·价格/交易,国家·价格,国家页,#plans 表头 + 价格 FAQ,46.4,,en,已覆盖
cheapest esim greece,国家·价格/交易,国家·价格,国家页,#plans 表头 + 价格 FAQ,46.4,,en,已覆盖
cheapest esim hong kong,国家·价格/交易,国家·价格,国家页,#plans 表头 + 价格 FAQ,46.4,,en,已覆盖
cheapest esim iceland,国家·价格/交易,国家·价格,国家页,#plans 表头 + 价格 FAQ,46.4,,en,已覆盖
cheapest esim india,国家·价格/交易,国家·价格,国家页,#plans 表头 + 价格 FAQ,46.4,,en,已覆盖
cheapest esim ireland,国家·价格/交易,国家·价格,国家页,#plans 表头 + 价格 FAQ,46.4,,en,已覆盖
cheapest esim israel,国家·价格/交易,国家·价格,国家页,#plans 表头 + 价格 FAQ,46.4,,en,已覆盖
cheapest esim kenya,国家·价格/交易,国家·价格,国家页,#plans 表头 + 价格 FAQ,46.4,,en,已覆盖
cheapest esim netherlands,国家·价格/交易,国家·价格,国家页,#plans 表头 + 价格 FAQ,46.4,,en,已覆盖
cheapest esim new zealand,国家·价格/交易,国家·价格,国家页,#plans 表头 + 价格 FAQ,46.4,,en,已覆盖
cheapest esim peru,国家·价格/交易,国家·价格,国家页,#plans 表头 + 价格 FAQ,46.4,,en,已覆盖
cheapest esim poland,国家·价格/交易,国家·价格,国家页,#plans 表头 + 价格 FAQ,46.4,,en,已覆盖
cheapest esim qatar,国家·价格/交易,国家·价格,国家页,#plans 表头 + 价格 FAQ,46.4,,en,已覆盖
cheapest esim saudi arabia,国家·价格/交易,国家·价格,国家页,#plans 表头 + 价格 FAQ,46.4,,en,已覆盖
cheapest esim south africa,国家·价格/交易,国家·价格,国家页,#plans 表头 + 价格 FAQ,46.4,,en,已覆盖
cheapest travel esim for germany,国家·价格/交易,国家·价格,国家页,#plans 表头 + 价格 FAQ,46.4,,en,已覆盖
china sim card for tourist price,国家·价格/交易,国家·价格,国家页,#plans 表头 + 价格 FAQ,46.4,,en,已覆盖
claro argentina esim price,国家·价格/交易,国家·价格,国家页,#plans 表头 + 价格 FAQ,46.4,,en,已覆盖
claro esim colombia price,国家·价格/交易,国家·价格,国家页,#plans 表头 + 价格 FAQ,46.4,,en,已覆盖
claro esim peru price,国家·价格/交易,国家·价格,国家页,#plans 表头 + 价格 FAQ,46.4,,en,已覆盖
cosmote esim greece price,国家·价格/交易,国家·价格,国家页,#plans 表头 + 价格 FAQ,46.4,,en,已覆盖
costa rica esim price,国家·价格/交易,国家·价格,国家页,#plans 表头 + 价格 FAQ,46.4,,en,已覆盖
digi esim malaysia price,国家·价格/交易,国家·价格,国家页,#plans 表头 + 价格 FAQ,46.4,,en,已覆盖
e sim price italy,国家·价格/交易,国家·价格,国家页,#plans 表头 + 价格 FAQ,46.4,,en,已覆盖
egypt sim card for tourist price,国家·价格/交易,国家·价格,国家页,#plans 表头 + 价格 FAQ,46.4,,en,已覆盖
esim brazil cost,国家·价格/交易,国家·价格,国家页,#plans 表头 + 价格 FAQ,46.4,,en,已覆盖
esim brazil prices,国家·价格/交易,国家·价格,国家页,#plans 表头 + 价格 FAQ,46.4,,en,已覆盖
esim for indonesia price,国家·价格/交易,国家·价格,国家页,#plans 表头 + 价格 FAQ,46.4,,en,已覆盖
esim france cheapest,国家·价格/交易,国家·价格,国家页,#plans 表头 + 价格 FAQ,46.4,,en,已覆盖
esim france prices,国家·价格/交易,国家·价格,国家页,#plans 表头 + 价格 FAQ,46.4,,en,已覆盖
esim germany cheap,国家·价格/交易,国家·价格,国家页,#plans 表头 + 价格 FAQ,46.4,,en,已覆盖
esim indonesia cost,国家·价格/交易,国家·价格,国家页,#plans 表头 + 价格 FAQ,46.4,,en,已覆盖
esim ireland prices,国家·价格/交易,国家·价格,国家页,#plans 表头 + 价格 FAQ,46.4,,en,已覆盖
esim kenya cost,国家·价格/交易,国家·价格,国家页,#plans 表头 + 价格 FAQ,46.4,,en,已覆盖
esim mexico best price,国家·价格/交易,国家·价格,国家页,#plans 表头 + 价格 FAQ,46.4,,en,已覆盖
esim mexico prices,国家·价格/交易,国家·价格,国家页,#plans 表头 + 价格 FAQ,46.4,,en,已覆盖
esim morocco prices,国家·价格/交易,国家·价格,国家页,#plans 表头 + 价格 FAQ,46.4,,en,已覆盖
esim new zealand cheap,国家·价格/交易,国家·价格,国家页,#plans 表头 + 价格 FAQ,46.4,,en,已覆盖
esim new zealand prices,国家·价格/交易,国家·价格,国家页,#plans 表头 + 价格 FAQ,46.4,,en,已覆盖
esim philippines prices,国家·价格/交易,国家·价格,国家页,#plans 表头 + 价格 FAQ,46.4,,en,已覆盖
esim portugal cheapest,国家·价格/交易,国家·价格,国家页,#plans 表头 + 价格 FAQ,46.4,,en,已覆盖
esim price in germany,国家·价格/交易,国家·价格,国家页,#plans 表头 + 价格 FAQ,46.4,,en,已覆盖
esim saudi arabia stc price,国家·价格/交易,国家·价格,国家页,#plans 表头 + 价格 FAQ,46.4,,en,已覆盖
esim south africa prices,国家·价格/交易,国家·价格,国家页,#plans 表头 + 价格 FAQ,46.4,,en,已覆盖
esim switzerland cost,国家·价格/交易,国家·价格,国家页,#plans 表头 + 价格 FAQ,46.4,,en,已覆盖
esim vietnam prices,国家·价格/交易,国家·价格,国家页,#plans 表头 + 价格 FAQ,46.4,,en,已覆盖
fiji esim price,国家·价格/交易,国家·价格,国家页,#plans 表头 + 价格 FAQ,46.4,,en,已覆盖
georgia sim card price,国家·价格/交易,国家·价格,国家页,#plans 表头 + 价格 FAQ,46.4,,en,已覆盖
globe esim philippines price,国家·价格/交易,国家·价格,国家页,#plans 表头 + 价格 FAQ,46.4,,en,已覆盖
hong kong cheapest esim,国家·价格/交易,国家·价格,国家页,#plans 表头 + 价格 FAQ,46.4,,en,已覆盖
iceland esim cheap,国家·价格/交易,国家·价格,国家页,#plans 表头 + 价格 FAQ,46.4,,en,已覆盖
india esim cheap reddit,国家·价格/交易,国家·价格,国家页,#plans 表头 + 价格 FAQ,46.4,,en,已覆盖
india sim card for tourists price,国家·价格/交易,国家·价格,国家页,#plans 表头 + 价格 FAQ,46.4,,en,已覆盖
indonesia sim card for tourist price,国家·价格/交易,国家·价格,国家页,#plans 表头 + 价格 FAQ,46.4,,en,已覆盖
italy sim card for tourist price,国家·价格/交易,国家·价格,国家页,#plans 表头 + 价格 FAQ,46.4,,en,已覆盖
malaysia sim card for tourist price,国家·价格/交易,国家·价格,国家页,#plans 表头 + 价格 FAQ,46.4,,en,已覆盖
peru esim prices,国家·价格/交易,国家·价格,国家页,#plans 表头 + 价格 FAQ,46.4,,en,已覆盖
philippines sim card for tourist price,国家·价格/交易,国家·价格,国家页,#plans 表头 + 价格 FAQ,46.4,,en,已覆盖
portugal esim price,国家·价格/交易,国家·价格,国家页,#plans 表头 + 价格 FAQ,46.4,,en,已覆盖
reddit cheap esim china,国家·价格/交易,国家·价格,国家页,#plans 表头 + 价格 FAQ,46.4,,en,已覆盖
revolut esim switzerland price,国家·价格/交易,国家·价格,国家页,#plans 表头 + 价格 FAQ,46.4,,en,已覆盖
south africa sim card for tourist price,国家·价格/交易,国家·价格,国家页,#plans 表头 + 价格 FAQ,46.4,,en,已覆盖
taiwan sim card for tourist price,国家·价格/交易,国家·价格,国家页,#plans 表头 + 价格 FAQ,46.4,,en,已覆盖
thailand sim card for tourist price,国家·价格/交易,国家·价格,国家页,#plans 表头 + 价格 FAQ,46.4,,en,已覆盖
vietnam esim price,国家·价格/交易,国家·价格,国家页,#plans 表头 + 价格 FAQ,46.4,,en,已覆盖
vietnam sim card for tourist price,国家·价格/交易,国家·价格,国家页,#plans 表头 + 价格 FAQ,46.4,,en,已覆盖
vodacom esim south africa price,国家·价格/交易,国家·价格,国家页,#plans 表头 + 价格 FAQ,46.4,,en,已覆盖
vodafone esim ireland price,国家·价格/交易,国家·价格,国家页,#plans 表头 + 价格 FAQ,46.4,,en,已覆盖
vodafone esim qatar price,国家·价格/交易,国家·价格,国家页,#plans 表头 + 价格 FAQ,46.4,,en,已覆盖
cheapest esim indonesia reddit,国家·价格/交易,国家·价格,国家页,#plans 表头 + 价格 FAQ,45.9,,en,已覆盖
cheapest esim new zealand unlimited data,国家·价格/交易,国家·价格,国家页,#plans 表头 + 价格 FAQ,45.8,,en,已覆盖
cheapest esim netherlands reddit,国家·价格/交易,国家·价格,国家页,#plans 表头 + 价格 FAQ,45.4,,en,已覆盖
cheapest esim philippines reddit,国家·价格/交易,国家·价格,国家页,#plans 表头 + 价格 FAQ,45.4,,en,已覆盖
cheapest esim switzerland reddit,国家·价格/交易,国家·价格,国家页,#plans 表头 + 价格 FAQ,45.4,,en,已覆盖
cheapest esim taiwan reddit,国家·价格/交易,国家·价格,国家页,#plans 表头 + 价格 FAQ,45.4,,en,已覆盖
how much is a sim card in costa rica,国家·价格/交易,国家·价格,国家页,#plans 表头 + 价格 FAQ,45.4,,en,已覆盖
cheapest esim plan australia,国家·价格/交易,国家·价格,国家页,#plans 表头 + 价格 FAQ,44.6,,en,已覆盖
best cheap esim belgium,国家·价格/交易,国家·价格,国家页,#plans 表头 + 价格 FAQ,44.5,,en,已覆盖
cheap esim thailand reddit,国家·价格/交易,国家·价格,国家页,#plans 表头 + 价格 FAQ,44.5,,en,已覆盖
cheap esim uk pay as you go,国家·价格/交易,国家·价格,国家页,#plans 表头 + 价格 FAQ,44.5,,en,已覆盖
cheap esim usa travel,国家·价格/交易,国家·价格,国家页,#plans 表头 + 价格 FAQ,44.5,,en,已覆盖
cheapest unlimited data esim morocco,国家·价格/交易,国家·价格,国家页,#plans 表头 + 价格 FAQ,44.5,,en,已覆盖
esim deals uk,国家·价格/交易,国家·价格,国家页,#plans 表头 + 价格 FAQ,44.5,,en,已覆盖
cheap esim canada reddit,国家·价格/交易,国家·价格,国家页,#plans 表头 + 价格 FAQ,44.0,,en,已覆盖
cheap esim usa reddit,国家·价格/交易,国家·价格,国家页,#plans 表头 + 价格 FAQ,44.0,,en,已覆盖
cheap morocco esim reddit,国家·价格/交易,国家·价格,国家页,#plans 表头 + 价格 FAQ,44.0,,en,已覆盖
cheapest esim australia,国家·价格/交易,国家·价格,国家页,#plans 表头 + 价格 FAQ,44.0,,en,已覆盖
cheapest esim for hong kong and macau,国家·价格/交易,国家·价格,国家页,#plans 表头 + 价格 FAQ,44.0,,en,已覆盖
cheapest esim germany prepaid,国家·价格/交易,国家·价格,国家页,#plans 表头 + 价格 FAQ,44.0,,en,已覆盖
cheapest esim plan for brazil,国家·价格/交易,国家·价格,国家页,#plans 表头 + 价格 FAQ,44.0,,en,已覆盖
cheapest esim portugal,国家·价格/交易,国家·价格,国家页,#plans 表头 + 价格 FAQ,44.0,,en,已覆盖
esim brazil best price,国家·价格/交易,国家·价格,国家页,#plans 表头 + 价格 FAQ,44.0,,en,已覆盖
cheapest esim for egypt unlimited data,国家·价格/交易,国家·价格,国家页,#plans 表头 + 价格 FAQ,43.0,,en,已覆盖
airtel esim kenya price,国家·价格/交易,国家·价格,国家页,#plans 表头 + 价格 FAQ,42.6,,en,已覆盖
australia cheap esim reddit,国家·价格/交易,国家·价格,国家页,#plans 表头 + 价格 FAQ,42.6,,en,已覆盖
best and cheap esim for saudi arabia,国家·价格/交易,国家·价格,国家页,#plans 表头 + 价格 FAQ,42.6,,en,已覆盖
best and cheapest esim for costa rica,国家·价格/交易,国家·价格,国家页,#plans 表头 + 价格 FAQ,42.6,,en,已覆盖
best and cheapest esim for qatar,国家·价格/交易,国家·价格,国家页,#plans 表头 + 价格 FAQ,42.6,,en,已覆盖
best cheap esim costa rica,国家·价格/交易,国家·价格,国家页,#plans 表头 + 价格 FAQ,42.6,,en,已覆盖
best cheap esim for colombia,国家·价格/交易,国家·价格,国家页,#plans 表头 + 价格 FAQ,42.6,,en,已覆盖
best cheap esim for south africa,国家·价格/交易,国家·价格,国家页,#plans 表头 + 价格 FAQ,42.6,,en,已覆盖
best cheap esim morocco,国家·价格/交易,国家·价格,国家页,#plans 表头 + 价格 FAQ,42.6,,en,已覆盖
best cheapest esim for indonesia,国家·价格/交易,国家·价格,国家页,#plans 表头 + 价格 FAQ,42.6,,en,已覆盖
best esim deals australia,国家·价格/交易,国家·价格,国家页,#plans 表头 + 价格 FAQ,42.6,,en,已覆盖
brazil sim card for tourist price,国家·价格/交易,国家·价格,国家页,#plans 表头 + 价格 FAQ,42.6,,en,已覆盖
cheap data esim south africa,国家·价格/交易,国家·价格,国家页,#plans 表头 + 价格 FAQ,42.6,,en,已覆盖
cheap esim singapore reddit,国家·价格/交易,国家·价格,国家页,#plans 表头 + 价格 FAQ,42.6,,en,已覆盖
cheap portugal esim data,国家·价格/交易,国家·价格,国家页,#plans 表头 + 价格 FAQ,42.6,,en,已覆盖
cheap unlimited esim china,国家·价格/交易,国家·价格,国家页,#plans 表头 + 价格 FAQ,42.6,,en,已覆盖
cheapest data esim for uae,国家·价格/交易,国家·价格,国家页,#plans 表头 + 价格 FAQ,42.6,,en,已覆盖
cheapest esim brazil,国家·价格/交易,国家·价格,国家页,#plans 表头 + 价格 FAQ,42.6,,en,已覆盖
cheapest esim china reddit,国家·价格/交易,国家·价格,国家页,#plans 表头 + 价格 FAQ,42.6,,en,已覆盖
cheapest esim egypt,国家·价格/交易,国家·价格,国家页,#plans 表头 + 价格 FAQ,42.6,,en,已覆盖
cheapest esim for italy reddit,国家·价格/交易,国家·价格,国家页,#plans 表头 + 价格 FAQ,42.6,,en,已覆盖
cheapest esim for korea reddit,国家·价格/交易,国家·价格,国家页,#plans 表头 + 价格 FAQ,42.6,,en,已覆盖
cheapest esim for uk travel,国家·价格/交易,国家·价格,国家页,#plans 表头 + 价格 FAQ,42.6,,en,已覆盖
cheapest esim for usa travel,国家·价格/交易,国家·价格,国家页,#plans 表头 + 价格 FAQ,42.6,,en,已覆盖
cheapest esim for vietnam reddit,国家·价格/交易,国家·价格,国家页,#plans 表头 + 价格 FAQ,42.6,,en,已覆盖
cheapest esim france,国家·价格/交易,国家·价格,国家页,#plans 表头 + 价格 FAQ,42.6,,en,已覆盖
cheapest esim indonesia,国家·价格/交易,国家·价格,国家页,#plans 表头 + 价格 FAQ,42.6,,en,已覆盖
cheapest esim korea,国家·价格/交易,国家·价格,国家页,#plans 表头 + 价格 FAQ,42.6,,en,已覆盖
cheapest esim morocco reddit,国家·价格/交易,国家·价格,国家页,#plans 表头 + 价格 FAQ,42.6,,en,已覆盖
cheapest esim philippines,国家·价格/交易,国家·价格,国家页,#plans 表头 + 价格 FAQ,42.6,,en,已覆盖
cheapest esim prepaid germany,国家·价格/交易,国家·价格,国家页,#plans 表头 + 价格 FAQ,42.6,,en,已覆盖
cheapest esim spain,国家·价格/交易,国家·价格,国家页,#plans 表头 + 价格 FAQ,42.6,,en,已覆盖
cheapest esim switzerland,国家·价格/交易,国家·价格,国家页,#plans 表头 + 价格 FAQ,42.6,,en,已覆盖
cheapest esim taiwan,国家·价格/交易,国家·价格,国家页,#plans 表头 + 价格 FAQ,42.6,,en,已覆盖
cheapest esim thailand,国家·价格/交易,国家·价格,国家页,#plans 表头 + 价格 FAQ,42.6,,en,已覆盖
cheapest esim uae,国家·价格/交易,国家·价格,国家页,#plans 表头 + 价格 FAQ,42.6,,en,已覆盖
cheapest esim vietnam,国家·价格/交易,国家·价格,国家页,#plans 表头 + 价格 FAQ,42.6,,en,已覆盖
cheapest uae esim,国家·价格/交易,国家·价格,国家页,#plans 表头 + 价格 FAQ,42.6,,en,已覆盖
cheapest unlimited data esim germany,国家·价格/交易,国家·价格,国家页,#plans 表头 + 价格 FAQ,42.6,,en,已覆盖
cheapest unlimited data esim vietnam,国家·价格/交易,国家·价格,国家页,#plans 表头 + 价格 FAQ,42.6,,en,已覆盖
china esim price reddit,国家·价格/交易,国家·价格,国家页,#plans 表头 + 价格 FAQ,42.6,,en,已覆盖
costa rica esim prices,国家·价格/交易,国家·价格,国家页,#plans 表头 + 价格 FAQ,42.6,,en,已覆盖
esim cheap data uk,国家·价格/交易,国家·价格,国家页,#plans 表头 + 价格 FAQ,42.6,,en,已覆盖
esim colombia best price,国家·价格/交易,国家·价格,国家页,#plans 表头 + 价格 FAQ,42.6,,en,已覆盖
esim costa rica cheap,国家·价格/交易,国家·价格,国家页,#plans 表头 + 价格 FAQ,42.6,,en,已覆盖
esim deals australia,国家·价格/交易,国家·价格,国家页,#plans 表头 + 价格 FAQ,42.6,,en,已覆盖
esim deals for saudi arabia,国家·价格/交易,国家·价格,国家页,#plans 表头 + 价格 FAQ,42.6,,en,已覆盖
esim egypt cost,国家·价格/交易,国家·价格,国家页,#plans 表头 + 价格 FAQ,42.6,,en,已覆盖
esim fiji cheap,国家·价格/交易,国家·价格,国家页,#plans 表头 + 价格 FAQ,42.6,,en,已覆盖
esim japan cheap reddit,国家·价格/交易,国家·价格,国家页,#plans 表头 + 价格 FAQ,42.6,,en,已覆盖
esim japan cost reddit,国家·价格/交易,国家·价格,国家页,#plans 表头 + 价格 FAQ,42.6,,en,已覆盖
esim japan price reddit,国家·价格/交易,国家·价格,国家页,#plans 表头 + 价格 FAQ,42.6,,en,已覆盖
esim new zealand best price,国家·价格/交易,国家·价格,国家页,#plans 表头 + 价格 FAQ,42.6,,en,已覆盖
esim peru best price,国家·价格/交易,国家·价格,国家页,#plans 表头 + 价格 FAQ,42.6,,en,已覆盖
fiji sim card price,国家·价格/交易,国家·价格,国家页,#plans 表头 + 价格 FAQ,42.6,,en,已覆盖
friendi sim to esim saudi arabia price,国家·价格/交易,国家·价格,国家页,#plans 表头 + 价格 FAQ,42.6,,en,已覆盖
hong kong sim card for tourist price,国家·价格/交易,国家·价格,国家页,#plans 表头 + 价格 FAQ,42.6,,en,已覆盖
how much is a sim card in ireland,国家·价格/交易,国家·价格,国家页,#plans 表头 + 价格 FAQ,42.6,,en,已覆盖
iceland sim card for tourist price,国家·价格/交易,国家·价格,国家页,#plans 表头 + 价格 FAQ,42.6,,en,已覆盖
korea esim price reddit,国家·价格/交易,国家·价格,国家页,#plans 表头 + 价格 FAQ,42.6,,en,已覆盖
korea sim card for tourist price,国家·价格/交易,国家·价格,国家页,#plans 表头 + 价格 FAQ,42.6,,en,已覆盖
morocco sim card for tourist price,国家·价格/交易,国家·价格,国家页,#plans 表头 + 价格 FAQ,42.6,,en,已覆盖
mtn esim south africa price,国家·价格/交易,国家·价格,国家页,#plans 表头 + 价格 FAQ,42.6,,en,已覆盖
nos esim portugal price,国家·价格/交易,国家·价格,国家页,#plans 表头 + 价格 FAQ,42.6,,en,已覆盖
ooredoo esim qatar price,国家·价格/交易,国家·价格,国家页,#plans 表头 + 价格 FAQ,42.6,,en,已覆盖
qatar sim card for tourist price,国家·价格/交易,国家·价格,国家页,#plans 表头 + 价格 FAQ,42.6,,en,已覆盖
safaricom kenya esim price,国家·价格/交易,国家·价格,国家页,#plans 表头 + 价格 FAQ,42.6,,en,已覆盖
singapore sim card for tourist price,国家·价格/交易,国家·价格,国家页,#plans 表头 + 价格 FAQ,42.6,,en,已覆盖
smart esim philippines price,国家·价格/交易,国家·价格,国家页,#plans 表头 + 价格 FAQ,42.6,,en,已覆盖
smartone esim hong kong price,国家·价格/交易,国家·价格,国家页,#plans 表头 + 价格 FAQ,42.6,,en,已覆盖
spain e sim price,国家·价格/交易,国家·价格,国家页,#plans 表头 + 价格 FAQ,42.6,,en,已覆盖
telekom germany esim price,国家·价格/交易,国家·价格,国家页,#plans 表头 + 价格 FAQ,42.6,,en,已覆盖
tesco esim ireland price,国家·价格/交易,国家·价格,国家页,#plans 表头 + 价格 FAQ,42.6,,en,已覆盖
thailand esim price reddit,国家·价格/交易,国家·价格,国家页,#plans 表头 + 价格 FAQ,42.6,,en,已覆盖
uk esim price,国家·价格/交易,国家·价格,国家页,#plans 表头 + 价格 FAQ,42.6,,en,已覆盖
uk esim price in pakistan,国家·价格/交易,国家·价格,国家页,#plans 表头 + 价格 FAQ,42.6,,en,已覆盖
usa esim price,国家·价格/交易,国家·价格,国家页,#plans 表头 + 价格 FAQ,42.6,,en,已覆盖
usa esim price in pakistan,国家·价格/交易,国家·价格,国家页,#plans 表头 + 价格 FAQ,42.6,,en,已覆盖
vietnam esim price reddit,国家·价格/交易,国家·价格,国家页,#plans 表头 + 价格 FAQ,42.6,,en,已覆盖
vodafone esim fiji price,国家·价格/交易,国家·价格,国家页,#plans 表头 + 价格 FAQ,42.6,,en,已覆盖
cheap esim for vietnam reddit,国家·价格/交易,国家·价格,国家页,#plans 表头 + 价格 FAQ,42.1,,en,已覆盖
cheapest esim germany reddit,国家·价格/交易,国家·价格,国家页,#plans 表头 + 价格 FAQ,41.6,,en,已覆盖
cheapest esim greece reddit,国家·价格/交易,国家·价格,国家页,#plans 表头 + 价格 FAQ,41.6,,en,已覆盖
cheapest esim malaysia reddit,国家·价格/交易,国家·价格,国家页,#plans 表头 + 价格 FAQ,41.6,,en,已覆盖
cheapest esim south africa reddit,国家·价格/交易,国家·价格,国家页,#plans 表头 + 价格 FAQ,41.6,,en,已覆盖
cheapest esim switzerland tourist,国家·价格/交易,国家·价格,国家页,#plans 表头 + 价格 FAQ,41.6,,en,已覆盖
cheap esim plans australia,国家·价格/交易,国家·价格,国家页,#plans 表头 + 价格 FAQ,41.0,,en,已覆盖
cheapest esim plan uk,国家·价格/交易,国家·价格,国家页,#plans 表头 + 价格 FAQ,41.0,,en,已覆盖
best cheap esim mexico,国家·价格/交易,国家·价格,国家页,#plans 表头 + 价格 FAQ,40.8,,en,已覆盖
cheap data esim greece,国家·价格/交易,国家·价格,国家页,#plans 表头 + 价格 FAQ,40.8,,en,已覆盖
cheap data esim netherlands,国家·价格/交易,国家·价格,国家页,#plans 表头 + 价格 FAQ,40.8,,en,已覆盖
cheap esim roaming qatar,国家·价格/交易,国家·价格,国家页,#plans 表头 + 价格 FAQ,40.8,,en,已覆盖
cheap esim uk no contract,国家·价格/交易,国家·价格,国家页,#plans 表头 + 价格 FAQ,40.8,,en,已覆盖
cheapest unlimited data esim uae,国家·价格/交易,国家·价格,国家页,#plans 表头 + 价格 FAQ,40.8,,en,已覆盖
cheap esim plans spain,国家·价格/交易,国家·价格,国家页,#plans 表头 + 价格 FAQ,40.3,,en,已覆盖
cheapest esim brazil reddit,国家·价格/交易,国家·价格,国家页,#plans 表头 + 价格 FAQ,40.3,,en,已覆盖
cheapest esim egypt reddit,国家·价格/交易,国家·价格,国家页,#plans 表头 + 价格 FAQ,40.3,,en,已覆盖
cheapest esim for egypt and jordan,国家·价格/交易,国家·价格,国家页,#plans 表头 + 价格 FAQ,40.3,,en,已覆盖
cheapest esim for vietnam and cambodia,国家·价格/交易,国家·价格,国家页,#plans 表头 + 价格 FAQ,40.3,,en,已覆盖
cheapest esim ireland with phone number,国家·价格/交易,国家·价格,国家页,#plans 表头 + 价格 FAQ,40.3,,en,已覆盖
cheapest esim korea reddit,国家·价格/交易,国家·价格,国家页,#plans 表头 + 价格 FAQ,40.3,,en,已覆盖
cheapest esim plan netherlands,国家·价格/交易,国家·价格,国家页,#plans 表头 + 价格 FAQ,40.3,,en,已覆盖
cheapest esim plan taiwan,国家·价格/交易,国家·价格,国家页,#plans 表头 + 价格 FAQ,40.3,,en,已覆盖
cheapest esim saudi arabia umrah,国家·价格/交易,国家·价格,国家页,#plans 表头 + 价格 FAQ,40.3,,en,已覆盖
cheapest esim usa,国家·价格/交易,国家·价格,国家页,#plans 表头 + 价格 FAQ,40.3,,en,已覆盖
esim italy cheap,国家·价格/交易,国家·价格,国家页,#plans 表头 + 价格 FAQ,40.3,,en,已覆盖
saudi arabia esim tourist price,国家·价格/交易,国家·价格,国家页,#plans 表头 + 价格 FAQ,40.3,,en,已覆盖
singapore esim tourist price,国家·价格/交易,国家·价格,国家页,#plans 表头 + 价格 FAQ,40.3,,en,已覆盖
cheapest esim germany unlimited data,国家·价格/交易,国家·价格,国家页,#plans 表头 + 价格 FAQ,39.2,,en,已覆盖
airtel esim price india,国家·价格/交易,国家·价格,国家页,#plans 表头 + 价格 FAQ,38.9,,en,已覆盖
ais esim thailand price,国家·价格/交易,国家·价格,国家页,#plans 表头 + 价格 FAQ,38.9,,en,已覆盖
best and cheapest esim for brazil,国家·价格/交易,国家·价格,国家页,#plans 表头 + 价格 FAQ,38.9,,en,已覆盖
best and cheapest esim for philippines,国家·价格/交易,国家·价格,国家页,#plans 表头 + 价格 FAQ,38.9,,en,已覆盖
best cheap esim egypt,国家·价格/交易,国家·价格,国家页,#plans 表头 + 价格 FAQ,38.9,,en,已覆盖
best cheap esim for malaysia,国家·价格/交易,国家·价格,国家页,#plans 表头 + 价格 FAQ,38.9,,en,已覆盖
best cheap esim for new zealand,国家·价格/交易,国家·价格,国家页,#plans 表头 + 价格 FAQ,38.9,,en,已覆盖
best esim deals usa,国家·价格/交易,国家·价格,国家页,#plans 表头 + 价格 FAQ,38.9,,en,已覆盖
best esim prices usa,国家·价格/交易,国家·价格,国家页,#plans 表头 + 价格 FAQ,38.9,,en,已覆盖
best price esim for morocco,国家·价格/交易,国家·价格,国家页,#plans 表头 + 价格 FAQ,38.9,,en,已覆盖
cheap data esim saudi arabia,国家·价格/交易,国家·价格,国家页,#plans 表头 + 价格 FAQ,38.9,,en,已覆盖
cheap esim australia no data,国家·价格/交易,国家·价格,国家页,#plans 表头 + 价格 FAQ,38.9,,en,已覆盖
cheap esim japan unlimited,国家·价格/交易,国家·价格,国家页,#plans 表头 + 价格 FAQ,38.9,,en,已覆盖
cheap esim phone number canada,国家·价格/交易,国家·价格,国家页,#plans 表头 + 价格 FAQ,38.9,,en,已覆盖
cheap esim phone philippines,国家·价格/交易,国家·价格,国家页,#plans 表头 + 价格 FAQ,38.9,,en,已覆盖
cheap prepaid esim germany,国家·价格/交易,国家·价格,国家页,#plans 表头 + 价格 FAQ,38.9,,en,已覆盖
cheap tourist esim singapore,国家·价格/交易,国家·价格,国家页,#plans 表头 + 价格 FAQ,38.9,,en,已覆盖
cheap unlimited esim thailand,国家·价格/交易,国家·价格,国家页,#plans 表头 + 价格 FAQ,38.9,,en,已覆盖
cheapest data esim for france,国家·价格/交易,国家·价格,国家页,#plans 表头 + 价格 FAQ,38.9,,en,已覆盖
cheapest esim card malaysia,国家·价格/交易,国家·价格,国家页,#plans 表头 + 价格 FAQ,38.9,,en,已覆盖
cheapest esim china travel,国家·价格/交易,国家·价格,国家页,#plans 表头 + 价格 FAQ,38.9,,en,已覆盖
cheapest esim for bali indonesia,国家·价格/交易,国家·价格,国家页,#plans 表头 + 价格 FAQ,38.9,,en,已覆盖
cheapest esim for canada reddit,国家·价格/交易,国家·价格,国家页,#plans 表头 + 价格 FAQ,38.9,,en,已覆盖
cheapest esim for china reddit,国家·价格/交易,国家·价格,国家页,#plans 表头 + 价格 FAQ,38.9,,en,已覆盖
cheapest esim for india travel,国家·价格/交易,国家·价格,国家页,#plans 表头 + 价格 FAQ,38.9,,en,已覆盖
cheapest esim for south korea,国家·价格/交易,国家·价格,国家页,#plans 表头 + 价格 FAQ,38.9,,en,已覆盖
cheapest esim for spain reddit,国家·价格/交易,国家·价格,国家页,#plans 表头 + 价格 FAQ,38.9,,en,已覆盖
cheapest esim for uk data,国家·价格/交易,国家·价格,国家页,#plans 表头 + 价格 FAQ,38.9,,en,已覆盖
cheapest esim india travel,国家·价格/交易,国家·价格,国家页,#plans 表头 + 价格 FAQ,38.9,,en,已覆盖
cheapest esim japan reddit,国家·价格/交易,国家·价格,国家页,#plans 表头 + 价格 FAQ,38.9,,en,已覆盖
cheapest esim thailand 30 days,国家·价格/交易,国家·价格,国家页,#plans 表头 + 价格 FAQ,38.9,,en,已覆盖
cheapest esim vietnam reddit,国家·价格/交易,国家·价格,国家页,#plans 表头 + 价格 FAQ,38.9,,en,已覆盖
cheapest travel esim for uae,国家·价格/交易,国家·价格,国家页,#plans 表头 + 价格 FAQ,38.9,,en,已覆盖
cheapest unlimited data esim egypt,国家·价格/交易,国家·价格,国家页,#plans 表头 + 价格 FAQ,38.9,,en,已覆盖
cheapest unlimited data esim for india,国家·价格/交易,国家·价格,国家页,#plans 表头 + 价格 FAQ,38.9,,en,已覆盖
digicel esim fiji price,国家·价格/交易,国家·价格,国家页,#plans 表头 + 价格 FAQ,38.9,,en,已覆盖
esim canada best price,国家·价格/交易,国家·价格,国家页,#plans 表头 + 价格 FAQ,38.9,,en,已覆盖
esim costa rica best price,国家·价格/交易,国家·价格,国家页,#plans 表头 + 价格 FAQ,38.9,,en,已覆盖
esim deals for new zealand,国家·价格/交易,国家·价格,国家页,#plans 表头 + 价格 FAQ,38.9,,en,已覆盖
esim for switzerland cheap,国家·价格/交易,国家·价格,国家页,#plans 表头 + 价格 FAQ,38.9,,en,已覆盖
esim germany cost,国家·价格/交易,国家·价格,国家页,#plans 表头 + 价格 FAQ,38.9,,en,已覆盖
esim korea cheap,国家·价格/交易,国家·价格,国家页,#plans 表头 + 价格 FAQ,38.9,,en,已覆盖
esim switzerland best price,国家·价格/交易,国家·价格,国家页,#plans 表头 + 价格 FAQ,38.9,,en,已覆盖
esim uae best price,国家·价格/交易,国家·价格,国家页,#plans 表头 + 价格 FAQ,38.9,,en,已覆盖
esim uk cheap,国家·价格/交易,国家·价格,国家页,#plans 表头 + 价格 FAQ,38.9,,en,已覆盖
how much is a sim card in kenya,国家·价格/交易,国家·价格,国家页,#plans 表头 + 价格 FAQ,38.9,,en,已覆盖
is esim worth it in japan,国家·价格/交易,国家·价格,国家页,#plans 表头 + 价格 FAQ,38.9,,en,已覆盖
jio esim india price,国家·价格/交易,国家·价格,国家页,#plans 表头 + 价格 FAQ,38.9,,en,已覆盖
kenya esim prices,国家·价格/交易,国家·价格,国家页,#plans 表头 + 价格 FAQ,38.9,,en,已覆盖
lebara esim spain price,国家·价格/交易,国家·价格,国家页,#plans 表头 + 价格 FAQ,38.9,,en,已覆盖
meo esim portugal price,国家·价格/交易,国家·价格,国家页,#plans 表头 + 价格 FAQ,38.9,,en,已覆盖
netherlands sim card for tourist price,国家·价格/交易,国家·价格,国家页,#plans 表头 + 价格 FAQ,38.9,,en,已覆盖
new zealand sim card for tourist price,国家·价格/交易,国家·价格,国家页,#plans 表头 + 价格 FAQ,38.9,,en,已覆盖
orange esim france price,国家·价格/交易,国家·价格,国家页,#plans 表头 + 价格 FAQ,38.9,,en,已覆盖
revolut esim ireland price,国家·价格/交易,国家·价格,国家页,#plans 表头 + 价格 FAQ,38.9,,en,已覆盖
revolut esim morocco price,国家·价格/交易,国家·价格,国家页,#plans 表头 + 价格 FAQ,38.9,,en,已覆盖
safaricom esim kenya price,国家·价格/交易,国家·价格,国家页,#plans 表头 + 价格 FAQ,38.9,,en,已覆盖
spark esim new zealand price,国家·价格/交易,国家·价格,国家页,#plans 表头 + 价格 FAQ,38.9,,en,已覆盖
usa esim price in bd,国家·价格/交易,国家·价格,国家页,#plans 表头 + 价格 FAQ,38.9,,en,已覆盖
viettel esim vietnam price,国家·价格/交易,国家·价格,国家页,#plans 表头 + 价格 FAQ,38.9,,en,已覆盖
vodafone esim australia price,国家·价格/交易,国家·价格,国家页,#plans 表头 + 价格 FAQ,38.9,,en,已覆盖
vodafone esim egypt price,国家·价格/交易,国家·价格,国家页,#plans 表头 + 价格 FAQ,38.9,,en,已覆盖
vodafone esim greece price,国家·价格/交易,国家·价格,国家页,#plans 表头 + 价格 FAQ,38.9,,en,已覆盖
cheap esim data egypt,国家·价格/交易,国家·价格,国家页,#plans 表头 + 价格 FAQ,38.4,,en,已覆盖
cheap esim uae reddit,国家·价格/交易,国家·价格,国家页,#plans 表头 + 价格 FAQ,38.4,,en,已覆盖
cheapest esim for mexico city,国家·价格/交易,国家·价格,国家页,#plans 表头 + 价格 FAQ,38.4,,en,已覆盖
cheapest esim mexico,国家·价格/交易,国家·价格,国家页,#plans 表头 + 价格 FAQ,38.4,,en,已覆盖
cheapest esim china,国家·价格/交易,国家·价格,国家页,#plans 表头 + 价格 FAQ,37.9,,en,已覆盖
cheapest esim hong kong tourist,国家·价格/交易,国家·价格,国家页,#plans 表头 + 价格 FAQ,37.9,,en,已覆盖
cheapest esim saudi arabia tourist,国家·价格/交易,国家·价格,国家页,#plans 表头 + 价格 FAQ,37.9,,en,已覆盖
cheapest indonesia esim reddit,国家·价格/交易,国家·价格,国家页,#plans 表头 + 价格 FAQ,37.9,,en,已覆盖
cheapest esim plan malaysia,国家·价格/交易,国家·价格,国家页,#plans 表头 + 价格 FAQ,37.6,,en,已覆盖
best cheap esim brazil,国家·价格/交易,国家·价格,国家页,#plans 表头 + 价格 FAQ,37.0,,en,已覆盖
best cheap esim china,国家·价格/交易,国家·价格,国家页,#plans 表头 + 价格 FAQ,37.0,,en,已覆盖
best cheap esim netherlands,国家·价格/交易,国家·价格,国家页,#plans 表头 + 价格 FAQ,37.0,,en,已覆盖
cheap esim for india travel,国家·价格/交易,国家·价格,国家页,#plans 表头 + 价格 FAQ,37.0,,en,已覆盖
cheap esim south korea,国家·价格/交易,国家·价格,国家页,#plans 表头 + 价格 FAQ,37.0,,en,已覆盖
cheap esim uk data,国家·价格/交易,国家·价格,国家页,#plans 表头 + 价格 FAQ,37.0,,en,已覆盖
cheapest esim plans singapore,国家·价格/交易,国家·价格,国家页,#plans 表头 + 价格 FAQ,37.0,,en,已覆盖
cheapest unlimited data esim australia,国家·价格/交易,国家·价格,国家页,#plans 表头 + 价格 FAQ,37.0,,en,已覆盖
philippines esim tourist price,国家·价格/交易,国家·价格,国家页,#plans 表头 + 价格 FAQ,37.0,,en,已覆盖
singapore esim card price,国家·价格/交易,国家·价格,国家页,#plans 表头 + 价格 FAQ,37.0,,en,已覆盖
cheapest esim france unlimited data,国家·价格/交易,国家·价格,国家页,#plans 表头 + 价格 FAQ,36.9,,en,已覆盖
cheapest esim italy unlimited data,国家·价格/交易,国家·价格,国家页,#plans 表头 + 价格 FAQ,36.9,,en,已覆盖
cheapest esim morocco unlimited data,国家·价格/交易,国家·价格,国家页,#plans 表头 + 价格 FAQ,36.9,,en,已覆盖
cheapest esim uae unlimited data,国家·价格/交易,国家·价格,国家页,#plans 表头 + 价格 FAQ,36.9,,en,已覆盖
vietnam esim unlimited data price,国家·价格/交易,国家·价格,国家页,#plans 表头 + 价格 FAQ,36.9,,en,已覆盖
cheapest esim italy with phone number,国家·价格/交易,国家·价格,国家页,#plans 表头 + 价格 FAQ,36.5,,en,已覆盖
cheapest esim malaysia,国家·价格/交易,国家·价格,国家页,#plans 表头 + 价格 FAQ,36.5,,en,已覆盖
cheapest esim malaysia with phone number,国家·价格/交易,国家·价格,国家页,#plans 表头 + 价格 FAQ,36.5,,en,已覆盖
cheapest esim phone philippines,国家·价格/交易,国家·价格,国家页,#plans 表头 + 价格 FAQ,36.5,,en,已覆盖
cheapest esim plan switzerland,国家·价格/交易,国家·价格,国家页,#plans 表头 + 价格 FAQ,36.5,,en,已覆盖
cheapest esim spain reddit,国家·价格/交易,国家·价格,国家页,#plans 表头 + 价格 FAQ,36.5,,en,已覆盖
hong kong esim tourist price,国家·价格/交易,国家·价格,国家页,#plans 表头 + 价格 FAQ,36.5,,en,已覆盖
how much is a sim card in portugal,国家·价格/交易,国家·价格,国家页,#plans 表头 + 价格 FAQ,36.5,,en,已覆盖
vietnam esim card price,国家·价格/交易,国家·价格,国家页,#plans 表头 + 价格 FAQ,36.5,,en,已覆盖
esim uk price,国家·价格/交易,国家·价格,国家页,#plans 表头 + 价格 FAQ,36.4,,en,已覆盖
cheapest esim saudi arabia reddit,国家·价格/交易,国家·价格,国家页,#plans 表头 + 价格 FAQ,36.0,,en,已覆盖
affordable esim brazil,国家·价格/交易,国家·价格,国家页,#plans 表头 + 价格 FAQ,35.1,,en,已覆盖
australia sim card for tourist price,国家·价格/交易,国家·价格,国家页,#plans 表头 + 价格 FAQ,35.1,,en,已覆盖
best and cheapest esim for portugal,国家·价格/交易,国家·价格,国家页,#plans 表头 + 价格 FAQ,35.1,,en,已覆盖
best and cheapest esim for south africa,国家·价格/交易,国家·价格,国家页,#plans 表头 + 价格 FAQ,35.1,,en,已覆盖
best cheap esim for italy,国家·价格/交易,国家·价格,国家页,#plans 表头 + 价格 FAQ,35.1,,en,已覆盖
best cheap esim for taiwan,国家·价格/交易,国家·价格,国家页,#plans 表头 + 价格 FAQ,35.1,,en,已覆盖
best cheap esim indonesia,国家·价格/交易,国家·价格,国家页,#plans 表头 + 价格 FAQ,35.1,,en,已覆盖
best cheap esim philippines,国家·价格/交易,国家·价格,国家页,#plans 表头 + 价格 FAQ,35.1,,en,已覆盖
best cheap esim singapore,国家·价格/交易,国家·价格,国家页,#plans 表头 + 价格 FAQ,35.1,,en,已覆盖
best cheap esim switzerland,国家·价格/交易,国家·价格,国家页,#plans 表头 + 价格 FAQ,35.1,,en,已覆盖
best price esim for spain,国家·价格/交易,国家·价格,国家页,#plans 表头 + 价格 FAQ,35.1,,en,已覆盖
buy cheap esim germany,国家·价格/交易,国家·价格,国家页,#plans 表头 + 价格 FAQ,35.1,,en,已覆盖
cheap china esim with vpn,国家·价格/交易,国家·价格,国家页,#plans 表头 + 价格 FAQ,35.1,,en,已覆盖
cheap data esim morocco,国家·价格/交易,国家·价格,国家页,#plans 表头 + 价格 FAQ,35.1,,en,已覆盖
cheap esim australia with number,国家·价格/交易,国家·价格,国家页,#plans 表头 + 价格 FAQ,35.1,,en,已覆盖
cheap esim data germany,国家·价格/交易,国家·价格,国家页,#plans 表头 + 价格 FAQ,35.1,,en,已覆盖
cheap esim japan unlimited data,国家·价格/交易,国家·价格,国家页,#plans 表头 + 价格 FAQ,35.1,,en,已覆盖
cheap esim phone malaysia,国家·价格/交易,国家·价格,国家页,#plans 表头 + 价格 FAQ,35.1,,en,已覆盖
cheap esim usa prepaid,国家·价格/交易,国家·价格,国家页,#plans 表头 + 价格 FAQ,35.1,,en,已覆盖
cheap esim usa unlimited data,国家·价格/交易,国家·价格,国家页,#plans 表头 + 价格 FAQ,35.1,,en,已覆盖
cheapest esim australia for international travel,国家·价格/交易,国家·价格,国家页,#plans 表头 + 价格 FAQ,35.1,,en,已覆盖
cheapest esim canada with phone number,国家·价格/交易,国家·价格,国家页,#plans 表头 + 价格 FAQ,35.1,,en,已覆盖
cheapest esim card for morocco,国家·价格/交易,国家·价格,国家页,#plans 表头 + 价格 FAQ,35.1,,en,已覆盖
cheapest esim card portugal,国家·价格/交易,国家·价格,国家页,#plans 表头 + 价格 FAQ,35.1,,en,已覆盖
cheapest esim card spain,国家·价格/交易,国家·价格,国家页,#plans 表头 + 价格 FAQ,35.1,,en,已覆盖
cheapest esim data morocco,国家·价格/交易,国家·价格,国家页,#plans 表头 + 价格 FAQ,35.1,,en,已覆盖
cheapest esim for canada travel,国家·价格/交易,国家·价格,国家页,#plans 表头 + 价格 FAQ,35.1,,en,已覆盖
cheapest esim for data when travelling to taiwan,国家·价格/交易,国家·价格,国家页,#plans 表头 + 价格 FAQ,35.1,,en,已覆盖
cheapest esim for egypt reddit,国家·价格/交易,国家·价格,国家页,#plans 表头 + 价格 FAQ,35.1,,en,已覆盖
cheapest esim for japan travel,国家·价格/交易,国家·价格,国家页,#plans 表头 + 价格 FAQ,35.1,,en,已覆盖
cheapest esim for uk reddit,国家·价格/交易,国家·价格,国家页,#plans 表头 + 价格 FAQ,35.1,,en,已覆盖
cheapest esim for usa reddit,国家·价格/交易,国家·价格,国家页,#plans 表头 + 价格 FAQ,35.1,,en,已覆盖
cheapest esim indonesia bali,国家·价格/交易,国家·价格,国家页,#plans 表头 + 价格 FAQ,35.1,,en,已覆盖
cheapest esim ireland providers,国家·价格/交易,国家·价格,国家页,#plans 表头 + 价格 FAQ,35.1,,en,已覆盖
cheapest esim italy reddit,国家·价格/交易,国家·价格,国家页,#plans 表头 + 价格 FAQ,35.1,,en,已覆盖
cheapest esim japan unlimited,国家·价格/交易,国家·价格,国家页,#plans 表头 + 价格 FAQ,35.1,,en,已覆盖
cheapest esim provider australia,国家·价格/交易,国家·价格,国家页,#plans 表头 + 价格 FAQ,35.1,,en,已覆盖
cheapest esim thailand unlimited data,国家·价格/交易,国家·价格,国家页,#plans 表头 + 价格 FAQ,35.1,,en,已覆盖
cheapest esim vietnam and cambodia,国家·价格/交易,国家·价格,国家页,#plans 表头 + 价格 FAQ,35.1,,en,已覆盖
cheapest sim card ireland,国家·价格/交易,国家·价格,国家页,#plans 表头 + 价格 FAQ,35.1,,en,已覆盖
cheapest travel esim for france,国家·价格/交易,国家·价格,国家页,#plans 表头 + 价格 FAQ,35.1,,en,已覆盖
cheapest travel esim for india,国家·价格/交易,国家·价格,国家页,#plans 表头 + 价格 FAQ,35.1,,en,已覆盖
cheapest travel esim usa,国家·价格/交易,国家·价格,国家页,#plans 表头 + 价格 FAQ,35.1,,en,已覆盖
cheapest unlimited data esim italy,国家·价格/交易,国家·价格,国家页,#plans 表头 + 价格 FAQ,35.1,,en,已覆盖
cheapest unlimited data esim spain,国家·价格/交易,国家·价格,国家页,#plans 表头 + 价格 FAQ,35.1,,en,已覆盖
chunghwa esim taiwan price,国家·价格/交易,国家·价格,国家页,#plans 表头 + 价格 FAQ,35.1,,en,已覆盖
esim china cost,国家·价格/交易,国家·价格,国家页,#plans 表头 + 价格 FAQ,35.1,,en,已覆盖
esim deals for greece,国家·价格/交易,国家·价格,国家页,#plans 表头 + 价格 FAQ,35.1,,en,已覆盖
esim deals japan,国家·价格/交易,国家·价格,国家页,#plans 表头 + 价格 FAQ,35.1,,en,已覆盖
esim deals usa,国家·价格/交易,国家·价格,国家页,#plans 表头 + 价格 FAQ,35.1,,en,已覆盖
esim france best price,国家·价格/交易,国家·价格,国家页,#plans 表头 + 价格 FAQ,35.1,,en,已覆盖
esim indonesia telkomsel price,国家·价格/交易,国家·价格,国家页,#plans 表头 + 价格 FAQ,35.1,,en,已覆盖
esim italy cheapest,国家·价格/交易,国家·价格,国家页,#plans 表头 + 价格 FAQ,35.1,,en,已覆盖
esim japan cost,国家·价格/交易,国家·价格,国家页,#plans 表头 + 价格 FAQ,35.1,,en,已覆盖
esim plans australia no upfront cost,国家·价格/交易,国家·价格,国家页,#plans 表头 + 价格 FAQ,35.1,,en,已覆盖
esim qatar price,国家·价格/交易,国家·价格,国家页,#plans 表头 + 价格 FAQ,35.1,,en,已覆盖
esim saudi arabia cheapest,国家·价格/交易,国家·价格,国家页,#plans 表头 + 价格 FAQ,35.1,,en,已覆盖
esim south korea price,国家·价格/交易,国家·价格,国家页,#plans 表头 + 价格 FAQ,35.1,,en,已覆盖
esim thailand best price,国家·价格/交易,国家·价格,国家页,#plans 表头 + 价格 FAQ,35.1,,en,已覆盖
esim uk cheap data,国家·价格/交易,国家·价格,国家页,#plans 表头 + 价格 FAQ,35.1,,en,已覆盖
how much is a sim card in brazil,国家·价格/交易,国家·价格,国家页,#plans 表头 + 价格 FAQ,35.1,,en,已覆盖
how much is a sim card in qatar,国家·价格/交易,国家·价格,国家页,#plans 表头 + 价格 FAQ,35.1,,en,已覆盖
how much is a sim card in south africa,国家·价格/交易,国家·价格,国家页,#plans 表头 + 价格 FAQ,35.1,,en,已覆盖
is esim worth it in india,国家·价格/交易,国家·价格,国家页,#plans 表头 + 价格 FAQ,35.1,,en,已覆盖
movistar esim spain price,国家·价格/交易,国家·价格,国家页,#plans 表头 + 价格 FAQ,35.1,,en,已覆盖
orange esim egypt price,国家·价格/交易,国家·价格,国家页,#plans 表头 + 价格 FAQ,35.1,,en,已覆盖
orange esim morocco price,国家·价格/交易,国家·价格,国家页,#plans 表头 + 价格 FAQ,35.1,,en,已覆盖
prepaid esim malaysia price,国家·价格/交易,国家·价格,国家页,#plans 表头 + 价格 FAQ,35.1,,en,已覆盖
revolut esim australia price,国家·价格/交易,国家·价格,国家页,#plans 表头 + 价格 FAQ,35.1,,en,已覆盖
revolut esim uae price,国家·价格/交易,国家·价格,国家页,#plans 表头 + 价格 FAQ,35.1,,en,已覆盖
south korea esim prices,国家·价格/交易,国家·价格,国家页,#plans 表头 + 价格 FAQ,35.1,,en,已覆盖
telcel esim mexico price,国家·价格/交易,国家·价格,国家页,#plans 表头 + 价格 FAQ,35.1,,en,已覆盖
telus esim canada price,国家·价格/交易,国家·价格,国家页,#plans 表头 + 价格 FAQ,35.1,,en,已覆盖
usa esim price in nigeria,国家·价格/交易,国家·价格,国家页,#plans 表头 + 价格 FAQ,35.1,,en,已覆盖
vodafone esim new zealand price,国家·价格/交易,国家·价格,国家页,#plans 表头 + 价格 FAQ,35.1,,en,已覆盖
vodafone esim portugal price,国家·价格/交易,国家·价格,国家页,#plans 表头 + 价格 FAQ,35.1,,en,已覆盖
vodafone esim prepaid australia price,国家·价格/交易,国家·价格,国家页,#plans 表头 + 价格 FAQ,35.1,,en,已覆盖
vodafone esim south africa price,国家·价格/交易,国家·价格,国家页,#plans 表头 + 价格 FAQ,35.1,,en,已覆盖
vodafone italy sim card for tourists price,国家·价格/交易,国家·价格,国家页,#plans 表头 + 价格 FAQ,35.1,,en,已覆盖
wadi esim price saudi arabia,国家·价格/交易,国家·价格,国家页,#plans 表头 + 价格 FAQ,35.1,,en,已覆盖
cheap esim vietnam reddit,国家·价格/交易,国家·价格,国家页,#plans 表头 + 价格 FAQ,34.6,,en,已覆盖
esim morocco cheap,国家·价格/交易,国家·价格,国家页,#plans 表头 + 价格 FAQ,34.6,,en,已覆盖
esim plans australia cheap,国家·价格/交易,国家·价格,国家页,#plans 表头 + 价格 FAQ,34.6,,en,已覆盖
cheapest esim australia with phone number,国家·价格/交易,国家·价格,国家页,#plans 表头 + 价格 FAQ,34.1,,en,已覆盖
cheapest esim ireland reddit,国家·价格/交易,国家·价格,国家页,#plans 表头 + 价格 FAQ,34.1,,en,已覆盖
best cheap esim for greece,国家·价格/交易,国家·价格,国家页,#plans 表头 + 价格 FAQ,33.2,,en,已覆盖
best cheap esim korea,国家·价格/交易,国家·价格,国家页,#plans 表头 + 价格 FAQ,33.2,,en,已覆盖
best cheap esim spain,国家·价格/交易,国家·价格,国家页,#plans 表头 + 价格 FAQ,33.2,,en,已覆盖
best cheap esim vietnam,国家·价格/交易,国家·价格,国家页,#plans 表头 + 价格 FAQ,33.2,,en,已覆盖
cheap data esim india,国家·价格/交易,国家·价格,国家页,#plans 表头 + 价格 FAQ,33.2,,en,已覆盖
cheap data esim ireland,国家·价格/交易,国家·价格,国家页,#plans 表头 + 价格 FAQ,33.2,,en,已覆盖
cheap esim plans singapore,国家·价格/交易,国家·价格,国家页,#plans 表头 + 价格 FAQ,33.2,,en,已覆盖
cheap esim uk deals,国家·价格/交易,国家·价格,国家页,#plans 表头 + 价格 FAQ,33.2,,en,已覆盖
cheap travel esim new zealand,国家·价格/交易,国家·价格,国家页,#plans 表头 + 价格 FAQ,33.2,,en,已覆盖
esim egypt price,国家·价格/交易,国家·价格,国家页,#plans 表头 + 价格 FAQ,33.2,,en,已覆盖
cheapest esim australia unlimited data,国家·价格/交易,国家·价格,国家页,#plans 表头 + 价格 FAQ,33.1,,en,已覆盖
cheapest esim greece unlimited data,国家·价格/交易,国家·价格,国家页,#plans 表头 + 价格 FAQ,33.1,,en,已覆盖
which companies offer esim in uk,国家·价格/交易,国家·价格,国家页,#plans 表头 + 价格 FAQ,33.1,,en,已覆盖
cheap esim usa data,国家·价格/交易,国家·价格,国家页,#plans 表头 + 价格 FAQ,32.8,,en,已覆盖
cheapest esim canada plans,国家·价格/交易,国家·价格,国家页,#plans 表头 + 价格 FAQ,32.8,,en,已覆盖
cheapest esim germany internet,国家·价格/交易,国家·价格,国家页,#plans 表头 + 价格 FAQ,32.8,,en,已覆盖
cheapest esim hong kong reddit,国家·价格/交易,国家·价格,国家页,#plans 表头 + 价格 FAQ,32.8,,en,已覆盖
cheapest esim india for foreigners,国家·价格/交易,国家·价格,国家页,#plans 表头 + 价格 FAQ,32.8,,en,已覆盖
cheapest esim italy tourist,国家·价格/交易,国家·价格,国家页,#plans 表头 + 价格 FAQ,32.8,,en,已覆盖
cheapest esim japan,国家·价格/交易,国家·价格,国家页,#plans 表头 + 价格 FAQ,32.8,,en,已覆盖
cheapest esim malaysia prepaid,国家·价格/交易,国家·价格,国家页,#plans 表头 + 价格 FAQ,32.8,,en,已覆盖
cheapest esim mexico reddit,国家·价格/交易,国家·价格,国家页,#plans 表头 + 价格 FAQ,32.8,,en,已覆盖
cheapest esim new zealand data and calls,国家·价格/交易,国家·价格,国家页,#plans 表头 + 价格 FAQ,32.8,,en,已覆盖
cheapest esim plan philippines,国家·价格/交易,国家·价格,国家页,#plans 表头 + 价格 FAQ,32.8,,en,已覆盖
cheapest esim singapore tourist,国家·价格/交易,国家·价格,国家页,#plans 表头 + 价格 FAQ,32.8,,en,已覆盖
cheapest esim thailand reddit,国家·价格/交易,国家·价格,国家页,#plans 表头 + 价格 FAQ,32.8,,en,已覆盖
esim cost uk,国家·价格/交易,国家·价格,国家页,#plans 表头 + 价格 FAQ,32.8,,en,已覆盖
how much is a sim card in morocco,国家·价格/交易,国家·价格,国家页,#plans 表头 + 价格 FAQ,32.8,,en,已覆盖
affordable esim for china,国家·价格/交易,国家·价格,国家页,#plans 表头 + 价格 FAQ,31.4,,en,已覆盖
best cheap esim for canada,国家·价格/交易,国家·价格,国家页,#plans 表头 + 价格 FAQ,31.4,,en,已覆盖
best cheap esim japan reddit,国家·价格/交易,国家·价格,国家页,#plans 表头 + 价格 FAQ,31.4,,en,已覆盖
best cheap esim thailand reddit,国家·价格/交易,国家·价格,国家页,#plans 表头 + 价格 FAQ,31.4,,en,已覆盖
best cheapest esim for spain,国家·价格/交易,国家·价格,国家页,#plans 表头 + 价格 FAQ,31.4,,en,已覆盖
best price esim vietnam,国家·价格/交易,国家·价格,国家页,#plans 表头 + 价格 FAQ,31.4,,en,已覆盖
buy cheap esim malaysia,国家·价格/交易,国家·价格,国家页,#plans 表头 + 价格 FAQ,31.4,,en,已覆盖
cheap data esim china,国家·价格/交易,国家·价格,国家页,#plans 表头 + 价格 FAQ,31.4,,en,已覆盖
cheap data esim switzerland,国家·价格/交易,国家·价格,国家页,#plans 表头 + 价格 FAQ,31.4,,en,已覆盖
cheap data esim uae,国家·价格/交易,国家·价格,国家页,#plans 表头 + 价格 FAQ,31.4,,en,已覆盖
cheap esim cards australia,国家·价格/交易,国家·价格,国家页,#plans 表头 + 价格 FAQ,31.4,,en,已覆盖
cheap esim data canada,国家·价格/交易,国家·价格,国家页,#plans 表头 + 价格 FAQ,31.4,,en,已覆盖
cheap esim phone india,国家·价格/交易,国家·价格,国家页,#plans 表头 + 价格 FAQ,31.4,,en,已覆盖
cheap esim phone singapore,国家·价格/交易,国家·价格,国家页,#plans 表头 + 价格 FAQ,31.4,,en,已覆盖
cheap esim to use in morocco,国家·价格/交易,国家·价格,国家页,#plans 表头 + 价格 FAQ,31.4,,en,已覆盖
cheap esim uk unlimited data,国家·价格/交易,国家·价格,国家页,#plans 表头 + 价格 FAQ,31.4,,en,已覆盖
cheap unlimited esim morocco,国家·价格/交易,国家·价格,国家页,#plans 表头 + 价格 FAQ,31.4,,en,已覆盖
cheap unlimited esim spain,国家·价格/交易,国家·价格,国家页,#plans 表头 + 价格 FAQ,31.4,,en,已覆盖
cheap.esim data italy,国家·价格/交易,国家·价格,国家页,#plans 表头 + 价格 FAQ,31.4,,en,已覆盖
cheapest data esim greece,国家·价格/交易,国家·价格,国家页,#plans 表头 + 价格 FAQ,31.4,,en,已覆盖
cheapest data esim south africa,国家·价格/交易,国家·价格,国家页,#plans 表头 + 价格 FAQ,31.4,,en,已覆盖
cheapest esim australia for europe,国家·价格/交易,国家·价格,国家页,#plans 表头 + 价格 FAQ,31.4,,en,已覆盖
cheapest esim for egypt travel,国家·价格/交易,国家·价格,国家页,#plans 表头 + 价格 FAQ,31.4,,en,已覆盖
cheapest esim for singapore and bali,国家·价格/交易,国家·价格,国家页,#plans 表头 + 价格 FAQ,31.4,,en,已覆盖
cheapest esim for thailand reddit,国家·价格/交易,国家·价格,国家页,#plans 表头 + 价格 FAQ,31.4,,en,已覆盖
cheapest esim for travel to south africa,国家·价格/交易,国家·价格,国家页,#plans 表头 + 价格 FAQ,31.4,,en,已覆盖
cheapest esim for usa,国家·价格/交易,国家·价格,国家页,#plans 表头 + 价格 FAQ,31.4,,en,已覆盖
cheapest esim for usa data,国家·价格/交易,国家·价格,国家页,#plans 表头 + 价格 FAQ,31.4,,en,已覆盖
cheapest esim japan unlimited data,国家·价格/交易,国家·价格,国家页,#plans 表头 + 价格 FAQ,31.4,,en,已覆盖
cheapest esim korea travel,国家·价格/交易,国家·价格,国家页,#plans 表头 + 价格 FAQ,31.4,,en,已覆盖
cheapest esim phone singapore,国家·价格/交易,国家·价格,国家页,#plans 表头 + 价格 FAQ,31.4,,en,已覆盖
cheapest esim provider switzerland,国家·价格/交易,国家·价格,国家页,#plans 表头 + 价格 FAQ,31.4,,en,已覆盖
cheapest esim spain data,国家·价格/交易,国家·价格,国家页,#plans 表头 + 价格 FAQ,31.4,,en,已覆盖
cheapest unlimited data esim thailand,国家·价格/交易,国家·价格,国家页,#plans 表头 + 价格 FAQ,31.4,,en,已覆盖
cheapest unlimited esim for morocco,国家·价格/交易,国家·价格,国家页,#plans 表头 + 价格 FAQ,31.4,,en,已覆盖
cheapest vietnam esim,国家·价格/交易,国家·价格,国家页,#plans 表头 + 价格 FAQ,31.4,,en,已覆盖
esim card philippines price,国家·价格/交易,国家·价格,国家页,#plans 表头 + 价格 FAQ,31.4,,en,已覆盖
esim egypt best price,国家·价格/交易,国家·价格,国家页,#plans 表头 + 价格 FAQ,31.4,,en,已覆盖
esim for japan cost,国家·价格/交易,国家·价格,国家页,#plans 表头 + 价格 FAQ,31.4,,en,已覆盖
esim indonesia best price,国家·价格/交易,国家·价格,国家页,#plans 表头 + 价格 FAQ,31.4,,en,已覆盖
esim italy cost,国家·价格/交易,国家·价格,国家页,#plans 表头 + 价格 FAQ,31.4,,en,已覆盖
esim korea cost,国家·价格/交易,国家·价格,国家页,#plans 表头 + 价格 FAQ,31.4,,en,已覆盖
esim nz cheap,国家·价格/交易,国家·价格,国家页,#plans 表头 + 价格 FAQ,31.4,,en,已覆盖
esim price in india,国家·价格/交易,国家·价格,国家页,#plans 表头 + 价格 FAQ,31.4,,en,已覆盖
esim prices for greece,国家·价格/交易,国家·价格,国家页,#plans 表头 + 价格 FAQ,31.4,,en,已覆盖
esim uae price,国家·价格/交易,国家·价格,国家页,#plans 表头 + 价格 FAQ,31.4,,en,已覆盖
esim uk cheap reddit,国家·价格/交易,国家·价格,国家页,#plans 表头 + 价格 FAQ,31.4,,en,已覆盖
esim uk cost,国家·价格/交易,国家·价格,国家页,#plans 表头 + 价格 FAQ,31.4,,en,已覆盖
gomo esim philippines price,国家·价格/交易,国家·价格,国家页,#plans 表头 + 价格 FAQ,31.4,,en,已覆盖
greece sim card price,国家·价格/交易,国家·价格,国家页,#plans 表头 + 价格 FAQ,31.4,,en,已覆盖
hotlink esim malaysia price,国家·价格/交易,国家·价格,国家页,#plans 表头 + 价格 FAQ,31.4,,en,已覆盖
how much is a sim card in mexico,国家·价格/交易,国家·价格,国家页,#plans 表头 + 价格 FAQ,31.4,,en,已覆盖
india esim tourist price,国家·价格/交易,国家·价格,国家页,#plans 表头 + 价格 FAQ,31.4,,en,已覆盖
is esim worth it in philippines,国家·价格/交易,国家·价格,国家页,#plans 表头 + 价格 FAQ,31.4,,en,已覆盖
journey japan esim price,国家·价格/交易,国家·价格,国家页,#plans 表头 + 价格 FAQ,31.4,,en,已覆盖
lg u+ esim korea price,国家·价格/交易,国家·价格,国家页,#plans 表头 + 价格 FAQ,31.4,,en,已覆盖
revolut esim south africa cost,国家·价格/交易,国家·价格,国家页,#plans 表头 + 价格 FAQ,31.4,,en,已覆盖
rogers esim canada price,国家·价格/交易,国家·价格,国家页,#plans 表头 + 价格 FAQ,31.4,,en,已覆盖
sim card in france for tourists price,国家·价格/交易,国家·价格,国家页,#plans 表头 + 价格 FAQ,31.4,,en,已覆盖
thailand esim card price,国家·价格/交易,国家·价格,国家页,#plans 表头 + 价格 FAQ,31.4,,en,已覆盖
trip.com china esim price,国家·价格/交易,国家·价格,国家页,#plans 表头 + 价格 FAQ,31.4,,en,已覆盖
true esim thailand price,国家·价格/交易,国家·价格,国家页,#plans 表头 + 价格 FAQ,31.4,,en,已覆盖
uae sim card price for tourist,国家·价格/交易,国家·价格,国家页,#plans 表头 + 价格 FAQ,31.4,,en,已覆盖
virgin esim uae price,国家·价格/交易,国家·价格,国家页,#plans 表头 + 价格 FAQ,31.4,,en,已覆盖
vodafone egypt sim card for tourist price,国家·价格/交易,国家·价格,国家页,#plans 表头 + 价格 FAQ,31.4,,en,已覆盖
what is the cheapest esim for use in portugal,国家·价格/交易,国家·价格,国家页,#plans 表头 + 价格 FAQ,31.4,,en,已覆盖
cheap data esim thailand,国家·价格/交易,国家·价格,国家页,#plans 表头 + 价格 FAQ,30.9,,en,已覆盖
cheap esim plans new zealand,国家·价格/交易,国家·价格,国家页,#plans 表头 + 价格 FAQ,30.9,,en,已覆盖
cheap esim plans usa,国家·价格/交易,国家·价格,国家页,#plans 表头 + 价格 FAQ,30.9,,en,已覆盖
cheapest esim france reddit,国家·价格/交易,国家·价格,国家页,#plans 表头 + 价格 FAQ,30.4,,en,已覆盖
cheapest esim germany,国家·价格/交易,国家·价格,国家页,#plans 表头 + 价格 FAQ,30.4,,en,已覆盖
cheapest esim new zealand reddit,国家·价格/交易,国家·价格,国家页,#plans 表头 + 价格 FAQ,30.4,,en,已覆盖
cheapest esim uae reddit,国家·价格/交易,国家·价格,国家页,#plans 表头 + 价格 FAQ,30.4,,en,已覆盖
cheapest sim card netherlands,国家·价格/交易,国家·价格,国家页,#plans 表头 + 价格 FAQ,30.4,,en,已覆盖
best cheap esim france,国家·价格/交易,国家·价格,国家页,#plans 表头 + 价格 FAQ,29.5,,en,已覆盖
cheap data esim france,国家·价格/交易,国家·价格,国家页,#plans 表头 + 价格 FAQ,29.5,,en,已覆盖
cheap data esim germany,国家·价格/交易,国家·价格,国家页,#plans 表头 + 价格 FAQ,29.5,,en,已覆盖
cheap data esim spain,国家·价格/交易,国家·价格,国家页,#plans 表头 + 价格 FAQ,29.5,,en,已覆盖
cheap data esim vietnam,国家·价格/交易,国家·价格,国家页,#plans 表头 + 价格 FAQ,29.5,,en,已覆盖
cheapest unlimited data esim canada,国家·价格/交易,国家·价格,国家页,#plans 表头 + 价格 FAQ,29.5,,en,已覆盖
cheap esim usa plans,国家·价格/交易,国家·价格,国家页,#plans 表头 + 价格 FAQ,29.0,,en,已覆盖
cheapest esim canada reddit,国家·价格/交易,国家·价格,国家页,#plans 表头 + 价格 FAQ,29.0,,en,已覆盖
cheapest esim india reddit,国家·价格/交易,国家·价格,国家页,#plans 表头 + 价格 FAQ,29.0,,en,已覆盖
cheapest esim ireland free,国家·价格/交易,国家·价格,国家页,#plans 表头 + 价格 FAQ,29.0,,en,已覆盖
cheapest esim malaysia tourist,国家·价格/交易,国家·价格,国家页,#plans 表头 + 价格 FAQ,29.0,,en,已覆盖
cheapest esim new zealand travel,国家·价格/交易,国家·价格,国家页,#plans 表头 + 价格 FAQ,29.0,,en,已覆盖
cheapest esim phone philippines reddit,国家·价格/交易,国家·价格,国家页,#plans 表头 + 价格 FAQ,29.0,,en,已覆盖
cheapest esim phone south africa,国家·价格/交易,国家·价格,国家页,#plans 表头 + 价格 FAQ,29.0,,en,已覆盖
cheapest esim plan indonesia,国家·价格/交易,国家·价格,国家页,#plans 表头 + 价格 FAQ,29.0,,en,已覆盖
cheapest esim uae tourist,国家·价格/交易,国家·价格,国家页,#plans 表头 + 价格 FAQ,29.0,,en,已覆盖
cheapest esim uk,国家·价格/交易,国家·价格,国家页,#plans 表头 + 价格 FAQ,29.0,,en,已覆盖
indonesia esim tourist price,国家·价格/交易,国家·价格,国家页,#plans 表头 + 价格 FAQ,29.0,,en,已覆盖
low cost esim portugal,国家·价格/交易,国家·价格,国家页,#plans 表头 + 价格 FAQ,29.0,,en,已覆盖
affordable esim for india,国家·价格/交易,国家·价格,国家页,#plans 表头 + 价格 FAQ,27.6,,en,已覆盖
affordable esim for vietnam,国家·价格/交易,国家·价格,国家页,#plans 表头 + 价格 FAQ,27.6,,en,已覆盖
best and cheapest esim for greece,国家·价格/交易,国家·价格,国家页,#plans 表头 + 价格 FAQ,27.6,,en,已覆盖
best and cheapest esim for hong kong,国家·价格/交易,国家·价格,国家页,#plans 表头 + 价格 FAQ,27.6,,en,已覆盖
best and cheapest esim for korea,国家·价格/交易,国家·价格,国家页,#plans 表头 + 价格 FAQ,27.6,,en,已覆盖
best and cheapest esim for saudi arabia,国家·价格/交易,国家·价格,国家页,#plans 表头 + 价格 FAQ,27.6,,en,已覆盖
best cheap esim for egypt,国家·价格/交易,国家·价格,国家页,#plans 表头 + 价格 FAQ,27.6,,en,已覆盖
best cheap esim japan,国家·价格/交易,国家·价格,国家页,#plans 表头 + 价格 FAQ,27.6,,en,已覆盖
best cheap esim uae,国家·价格/交易,国家·价格,国家页,#plans 表头 + 价格 FAQ,27.6,,en,已覆盖
best cheapest esim vietnam,国家·价格/交易,国家·价格,国家页,#plans 表头 + 价格 FAQ,27.6,,en,已覆盖
best esim deals canada,国家·价格/交易,国家·价格,国家页,#plans 表头 + 价格 FAQ,27.6,,en,已覆盖
best price esim for china,国家·价格/交易,国家·价格,国家页,#plans 表头 + 价格 FAQ,27.6,,en,已覆盖
best price esim for mexico,国家·价格/交易,国家·价格,国家页,#plans 表头 + 价格 FAQ,27.6,,en,已覆盖
cheap 5g esim japan,国家·价格/交易,国家·价格,国家页,#plans 表头 + 价格 FAQ,27.6,,en,已覆盖
cheap canada esim plans,国家·价格/交易,国家·价格,国家页,#plans 表头 + 价格 FAQ,27.6,,en,已覆盖
cheap data esim singapore,国家·价格/交易,国家·价格,国家页,#plans 表头 + 价格 FAQ,27.6,,en,已覆盖
cheap esim data uae,国家·价格/交易,国家·价格,国家页,#plans 表头 + 价格 FAQ,27.6,,en,已覆盖
cheap esim data usa,国家·价格/交易,国家·价格,国家页,#plans 表头 + 价格 FAQ,27.6,,en,已覆盖
cheap esim phones india,国家·价格/交易,国家·价格,国家页,#plans 表头 + 价格 FAQ,27.6,,en,已覆盖
cheap esim plans india,国家·价格/交易,国家·价格,国家页,#plans 表头 + 价格 FAQ,27.6,,en,已覆盖
cheap esim to use in china,国家·价格/交易,国家·价格,国家页,#plans 表头 + 价格 FAQ,27.6,,en,已覆盖
cheap esim uk payg,国家·价格/交易,国家·价格,国家页,#plans 表头 + 价格 FAQ,27.6,,en,已覆盖
cheap esim uk travel,国家·价格/交易,国家·价格,国家页,#plans 表头 + 价格 FAQ,27.6,,en,已覆盖
cheap prepaid esim malaysia,国家·价格/交易,国家·价格,国家页,#plans 表头 + 价格 FAQ,27.6,,en,已覆盖
cheap prepaid esim spain,国家·价格/交易,国家·价格,国家页,#plans 表头 + 价格 FAQ,27.6,,en,已覆盖
cheap unlimited esim egypt,国家·价格/交易,国家·价格,国家页,#plans 表头 + 价格 FAQ,27.6,,en,已覆盖
cheap unlimited esim italy,国家·价格/交易,国家·价格,国家页,#plans 表头 + 价格 FAQ,27.6,,en,已覆盖
cheapest data esim for egypt,国家·价格/交易,国家·价格,国家页,#plans 表头 + 价格 FAQ,27.6,,en,已覆盖
cheapest data esim for spain,国家·价格/交易,国家·价格,国家页,#plans 表头 + 价格 FAQ,27.6,,en,已覆盖
cheapest esim australia prepaid 365 days,国家·价格/交易,国家·价格,国家页,#plans 表头 + 价格 FAQ,27.6,,en,已覆盖
cheapest esim data usa,国家·价格/交易,国家·价格,国家页,#plans 表头 + 价格 FAQ,27.6,,en,已覆盖
cheapest esim for canada data,国家·价格/交易,国家·价格,国家页,#plans 表头 + 价格 FAQ,27.6,,en,已覆盖
cheapest esim for thailand travel,国家·价格/交易,国家·价格,国家页,#plans 表头 + 价格 FAQ,27.6,,en,已覆盖
cheapest esim for usa unlimited data,国家·价格/交易,国家·价格,国家页,#plans 表头 + 价格 FAQ,27.6,,en,已覆盖
cheapest esim plan for australia,国家·价格/交易,国家·价格,国家页,#plans 表头 + 价格 FAQ,27.6,,en,已覆盖
cheapest esim singapore for tourist,国家·价格/交易,国家·价格,国家页,#plans 表头 + 价格 FAQ,27.6,,en,已覆盖
cheapest esim thailand 15 days,国家·价格/交易,国家·价格,国家页,#plans 表头 + 价格 FAQ,27.6,,en,已覆盖
cheapest esim uk reddit,国家·价格/交易,国家·价格,国家页,#plans 表头 + 价格 FAQ,27.6,,en,已覆盖
cheapest esim usa reddit,国家·价格/交易,国家·价格,国家页,#plans 表头 + 价格 FAQ,27.6,,en,已覆盖
cheapest roaming esim singapore,国家·价格/交易,国家·价格,国家页,#plans 表头 + 价格 FAQ,27.6,,en,已覆盖
cheapest roaming esim usa,国家·价格/交易,国家·价格,国家页,#plans 表头 + 价格 FAQ,27.6,,en,已覆盖
cheapest sim card in france for tourists,国家·价格/交易,国家·价格,国家页,#plans 表头 + 价格 FAQ,27.6,,en,已覆盖
esim australia best price,国家·价格/交易,国家·价格,国家页,#plans 表头 + 价格 FAQ,27.6,,en,已覆盖
esim deals for italy,国家·价格/交易,国家·价格,国家页,#plans 表头 + 价格 FAQ,27.6,,en,已覆盖
esim etisalat egypt price,国家·价格/交易,国家·价格,国家页,#plans 表头 + 价格 FAQ,27.6,,en,已覆盖
esim italy best price,国家·价格/交易,国家·价格,国家页,#plans 表头 + 价格 FAQ,27.6,,en,已覆盖
esim korea best price,国家·价格/交易,国家·价格,国家页,#plans 表头 + 价格 FAQ,27.6,,en,已覆盖
esim malaysia best price,国家·价格/交易,国家·价格,国家页,#plans 表头 + 价格 FAQ,27.6,,en,已覆盖
esim malaysia price,国家·价格/交易,国家·价格,国家页,#plans 表头 + 价格 FAQ,27.6,,en,已覆盖
esim saudi arabia price,国家·价格/交易,国家·价格,国家页,#plans 表头 + 价格 FAQ,27.6,,en,已覆盖
esim singapore cheapest,国家·价格/交易,国家·价格,国家页,#plans 表头 + 价格 FAQ,27.6,,en,已覆盖
esim switzerland cheap,国家·价格/交易,国家·价格,国家页,#plans 表头 + 价格 FAQ,27.6,,en,已覆盖
etisalat esim price uae,国家·价格/交易,国家·价格,国家页,#plans 表头 + 价格 FAQ,27.6,,en,已覆盖
hong kong data sim card for tourist price,国家·价格/交易,国家·价格,国家页,#plans 表头 + 价格 FAQ,27.6,,en,已覆盖
how much is a sim card in australia,国家·价格/交易,国家·价格,国家页,#plans 表头 + 价格 FAQ,27.6,,en,已覆盖
japan esim tourist price,国家·价格/交易,国家·价格,国家页,#plans 表头 + 价格 FAQ,27.6,,en,已覆盖
morocco esim best price,国家·价格/交易,国家·价格,国家页,#plans 表头 + 价格 FAQ,27.6,,en,已覆盖
revolut esim canada price,国家·价格/交易,国家·价格,国家页,#plans 表头 + 价格 FAQ,27.6,,en,已覆盖
revolut esim thailand price,国家·价格/交易,国家·价格,国家页,#plans 表头 + 价格 FAQ,27.6,,en,已覆盖
starlink esim philippines price,国家·价格/交易,国家·价格,国家页,#plans 表头 + 价格 FAQ,27.6,,en,已覆盖
vodafone esim india price,国家·价格/交易,国家·价格,国家页,#plans 表头 + 价格 FAQ,27.6,,en,已覆盖
vodafone esim spain price,国家·价格/交易,国家·价格,国家页,#plans 表头 + 价格 FAQ,27.6,,en,已覆盖
cheapest esim australia prepaid,国家·价格/交易,国家·价格,国家页,#plans 表头 + 价格 FAQ,27.1,,en,已覆盖
cheapest esim australia reddit,国家·价格/交易,国家·价格,国家页,#plans 表头 + 价格 FAQ,26.6,,en,已覆盖
cheapest esim malaysia price,国家·价格/交易,国家·价格,国家页,#plans 表头 + 价格 FAQ,26.6,,en,已覆盖
best cheap esim germany,国家·价格/交易,国家·价格,国家页,#plans 表头 + 价格 FAQ,25.8,,en,已覆盖
cheap unlimited data esim canada,国家·价格/交易,国家·价格,国家页,#plans 表头 + 价格 FAQ,25.8,,en,已覆盖
cheapest esim plans ireland,国家·价格/交易,国家·价格,国家页,#plans 表头 + 价格 FAQ,25.8,,en,已覆盖
esim thailand tourist price,国家·价格/交易,国家·价格,国家页,#plans 表头 + 价格 FAQ,25.8,,en,已覆盖
cheapest esim spain unlimited data,国家·价格/交易,国家·价格,国家页,#plans 表头 + 价格 FAQ,25.6,,en,已覆盖
cheap esim plans ireland,国家·价格/交易,国家·价格,国家页,#plans 表头 + 价格 FAQ,25.2,,en,已覆盖
cheapest esim data south africa,国家·价格/交易,国家·价格,国家页,#plans 表头 + 价格 FAQ,25.2,,en,已覆盖
cheapest esim france data only,国家·价格/交易,国家·价格,国家页,#plans 表头 + 价格 FAQ,25.2,,en,已覆盖
cheapest esim morocco 7 days,国家·价格/交易,国家·价格,国家页,#plans 表头 + 价格 FAQ,25.2,,en,已覆盖
cheapest esim plan ireland,国家·价格/交易,国家·价格,国家页,#plans 表头 + 价格 FAQ,25.2,,en,已覆盖
cheapest esim plan saudi arabia,国家·价格/交易,国家·价格,国家页,#plans 表头 + 价格 FAQ,25.2,,en,已覆盖
cheapest sim card in switzerland,国家·价格/交易,国家·价格,国家页,#plans 表头 + 价格 FAQ,25.2,,en,已覆盖
best and cheapest esim for germany,国家·价格/交易,国家·价格,国家页,#plans 表头 + 价格 FAQ,23.9,,en,已覆盖
best and cheapest esim for new zealand,国家·价格/交易,国家·价格,国家页,#plans 表头 + 价格 FAQ,23.9,,en,已覆盖
best and cheapest esim for uae,国家·价格/交易,国家·价格,国家页,#plans 表头 + 价格 FAQ,23.9,,en,已覆盖
best cheap esim for china reddit,国家·价格/交易,国家·价格,国家页,#plans 表头 + 价格 FAQ,23.9,,en,已覆盖
best cheap esim india,国家·价格/交易,国家·价格,国家页,#plans 表头 + 价格 FAQ,23.9,,en,已覆盖
best cheapest esim for vietnam,国家·价格/交易,国家·价格,国家页,#plans 表头 + 价格 FAQ,23.9,,en,已覆盖
best esim deals for spain,国家·价格/交易,国家·价格,国家页,#plans 表头 + 价格 FAQ,23.9,,en,已覆盖
buy cheap esim thailand,国家·价格/交易,国家·价格,国家页,#plans 表头 + 价格 FAQ,23.9,,en,已覆盖
cheap data esim egypt,国家·价格/交易,国家·价格,国家页,#plans 表头 + 价格 FAQ,23.9,,en,已覆盖
cheap esim for argentina,国家·价格/交易,国家·价格,国家页,#plans 表头 + 价格 FAQ,23.9,,en,已覆盖
cheap esim phones australia,国家·价格/交易,国家·价格,国家页,#plans 表头 + 价格 FAQ,23.9,,en,已覆盖
cheap esim uk plans,国家·价格/交易,国家·价格,国家页,#plans 表头 + 价格 FAQ,23.9,,en,已覆盖
cheap japan esim data,国家·价格/交易,国家·价格,国家页,#plans 表头 + 价格 FAQ,23.9,,en,已覆盖
cheap prepaid esim singapore,国家·价格/交易,国家·价格,国家页,#plans 表头 + 价格 FAQ,23.9,,en,已覆盖
cheap sim card netherlands,国家·价格/交易,国家·价格,国家页,#plans 表头 + 价格 FAQ,23.9,,en,已覆盖
cheap travel esim canada,国家·价格/交易,国家·价格,国家页,#plans 表头 + 价格 FAQ,23.9,,en,已覆盖
cheapest data esim brazil,国家·价格/交易,国家·价格,国家页,#plans 表头 + 价格 FAQ,23.9,,en,已覆盖
cheapest data esim netherlands,国家·价格/交易,国家·价格,国家页,#plans 表头 + 价格 FAQ,23.9,,en,已覆盖
cheapest esim australia tourist,国家·价格/交易,国家·价格,国家页,#plans 表头 + 价格 FAQ,23.9,,en,已覆盖
cheapest esim card france,国家·价格/交易,国家·价格,国家页,#plans 表头 + 价格 FAQ,23.9,,en,已覆盖
cheapest esim data greece,国家·价格/交易,国家·价格,国家页,#plans 表头 + 价格 FAQ,23.9,,en,已覆盖
cheapest esim data philippines,国家·价格/交易,国家·价格,国家页,#plans 表头 + 价格 FAQ,23.9,,en,已覆盖
cheapest esim for czech republic,国家·价格/交易,国家·价格,国家页,#plans 表头 + 价格 FAQ,23.9,,en,已覆盖
cheapest esim for japan,国家·价格/交易,国家·价格,国家页,#plans 表头 + 价格 FAQ,23.9,,en,已覆盖
cheapest esim for japan trip,国家·价格/交易,国家·价格,国家页,#plans 表头 + 价格 FAQ,23.9,,en,已覆盖
cheapest esim germany travel,国家·价格/交易,国家·价格,国家页,#plans 表头 + 价格 FAQ,23.9,,en,已覆盖
cheapest esim phone germany,国家·价格/交易,国家·价格,国家页,#plans 表头 + 价格 FAQ,23.9,,en,已覆盖
cheapest esim phone indonesia,国家·价格/交易,国家·价格,国家页,#plans 表头 + 价格 FAQ,23.9,,en,已覆盖
cheapest esim plan for india,国家·价格/交易,国家·价格,国家页,#plans 表头 + 价格 FAQ,23.9,,en,已覆盖
cheapest esim plan for mexico,国家·价格/交易,国家·价格,国家页,#plans 表头 + 价格 FAQ,23.9,,en,已覆盖
cheapest esim singapore local,国家·价格/交易,国家·价格,国家页,#plans 表头 + 价格 FAQ,23.9,,en,已覆盖
cheapest esim singapore plan,国家·价格/交易,国家·价格,国家页,#plans 表头 + 价格 FAQ,23.9,,en,已覆盖
cheapest esim south korea,国家·价格/交易,国家·价格,国家页,#plans 表头 + 价格 FAQ,23.9,,en,已覆盖
cheapest esim south korea reddit,国家·价格/交易,国家·价格,国家页,#plans 表头 + 价格 FAQ,23.9,,en,已覆盖
cheapest esim thailand tourist,国家·价格/交易,国家·价格,国家页,#plans 表头 + 价格 FAQ,23.9,,en,已覆盖
cheapest esim turkey uk,国家·价格/交易,国家·价格,国家页,#plans 表头 + 价格 FAQ,23.9,,en,已覆盖
cheapest esim usa unlimited data,国家·价格/交易,国家·价格,国家页,#plans 表头 + 价格 FAQ,23.9,,en,已覆盖
cheapest roaming esim uk,国家·价格/交易,国家·价格,国家页,#plans 表头 + 价格 FAQ,23.9,,en,已覆盖
cheapest unlimited data esim usa,国家·价格/交易,国家·价格,国家页,#plans 表头 + 价格 FAQ,23.9,,en,已覆盖
cheapest unlimited esim for china,国家·价格/交易,国家·价格,国家页,#plans 表头 + 价格 FAQ,23.9,,en,已覆盖
cheapest unlimited esim for egypt,国家·价格/交易,国家·价格,国家页,#plans 表头 + 价格 FAQ,23.9,,en,已覆盖
cheapest unlimited esim for spain,国家·价格/交易,国家·价格,国家页,#plans 表头 + 价格 FAQ,23.9,,en,已覆盖
cheapest unlimited.esim. indonesia,国家·价格/交易,国家·价格,国家页,#plans 表头 + 价格 FAQ,23.9,,en,已覆盖
esim card thailand price,国家·价格/交易,国家·价格,国家页,#plans 表头 + 价格 FAQ,23.9,,en,已覆盖
esim china best price,国家·价格/交易,国家·价格,国家页,#plans 表头 + 价格 FAQ,23.9,,en,已覆盖
esim deals canada,国家·价格/交易,国家·价格,国家页,#plans 表头 + 价格 FAQ,23.9,,en,已覆盖
esim deals ireland,国家·价格/交易,国家·价格,国家页,#plans 表头 + 价格 FAQ,23.9,,en,已覆盖
esim discount japan,国家·价格/交易,国家·价格,国家页,#plans 表头 + 价格 FAQ,23.9,,en,已覆盖
esim philippines best price,国家·价格/交易,国家·价格,国家页,#plans 表头 + 价格 FAQ,23.9,,en,已覆盖
esim prices for italy,国家·价格/交易,国家·价格,国家页,#plans 表头 + 价格 FAQ,23.9,,en,已覆盖
esim usa best price,国家·价格/交易,国家·价格,国家页,#plans 表头 + 价格 FAQ,23.9,,en,已覆盖
esim vietnam best price,国家·价格/交易,国家·价格,国家页,#plans 表头 + 价格 FAQ,23.9,,en,已覆盖
how much is sim card in germany,国家·价格/交易,国家·价格,国家页,#plans 表头 + 价格 FAQ,23.9,,en,已覆盖
indonesia sim card price,国家·价格/交易,国家·价格,国家页,#plans 表头 + 价格 FAQ,23.9,,en,已覆盖
o2 esim uk price,国家·价格/交易,国家·价格,国家页,#plans 表头 + 价格 FAQ,23.9,,en,已覆盖
orange esim spain price,国家·价格/交易,国家·价格,国家页,#plans 表头 + 价格 FAQ,23.9,,en,已覆盖
revolut esim india price,国家·价格/交易,国家·价格,国家页,#plans 表头 + 价格 FAQ,23.9,,en,已覆盖
revolut esim uk price,国家·价格/交易,国家·价格,国家页,#plans 表头 + 价格 FAQ,23.9,,en,已覆盖
telstra esim australia price,国家·价格/交易,国家·价格,国家页,#plans 表头 + 价格 FAQ,23.9,,en,已覆盖
uk prepaid sim card for tourist price,国家·价格/交易,国家·价格,国家页,#plans 表头 + 价格 FAQ,23.9,,en,已覆盖
usa esim card price,国家·价格/交易,国家·价格,国家页,#plans 表头 + 价格 FAQ,23.9,,en,已覆盖
vodafone esim usa price,国家·价格/交易,国家·价格,国家页,#plans 表头 + 价格 FAQ,23.9,,en,已覆盖
we esim egypt price,国家·价格/交易,国家·价格,国家页,#plans 表头 + 价格 FAQ,23.9,,en,已覆盖
cheap esim unlimited data uk,国家·价格/交易,国家·价格,国家页,#plans 表头 + 价格 FAQ,23.4,,en,已覆盖
cheapest esim australia unlimited data free,国家·价格/交易,国家·价格,国家页,#plans 表头 + 价格 FAQ,22.9,,en,已覆盖
cheapest esim canada unlimited data,国家·价格/交易,国家·价格,国家页,#plans 表头 + 价格 FAQ,22.4,,en,已覆盖
best cheap esim south korea,国家·价格/交易,国家·价格,国家页,#plans 表头 + 价格 FAQ,22.0,,en,已覆盖
best cheap esim thailand,国家·价格/交易,国家·价格,国家页,#plans 表头 + 价格 FAQ,22.0,,en,已覆盖
cheapest.unlimited data esim.south korea,国家·价格/交易,国家·价格,国家页,#plans 表头 + 价格 FAQ,22.0,,en,已覆盖
china mobile sim card for tourist price,国家·价格/交易,国家·价格,国家页,#plans 表头 + 价格 FAQ,22.0,,en,已覆盖
cheap unlimited data esim thailand,国家·价格/交易,国家·价格,国家页,#plans 表头 + 价格 FAQ,21.5,,en,已覆盖
cheapest esim canada for tourist,国家·价格/交易,国家·价格,国家页,#plans 表头 + 价格 FAQ,21.5,,en,已覆盖
cheapest esim data saudi arabia,国家·价格/交易,国家·价格,国家页,#plans 表头 + 价格 FAQ,21.5,,en,已覆盖
cheapest esim italy,国家·价格/交易,国家·价格,国家页,#plans 表头 + 价格 FAQ,21.5,,en,已覆盖
cheapest esim plan morocco,国家·价格/交易,国家·价格,国家页,#plans 表头 + 价格 FAQ,21.5,,en,已覆盖
cheapest esim plan south africa,国家·价格/交易,国家·价格,国家页,#plans 表头 + 价格 FAQ,21.5,,en,已覆盖
cheapest esim singapore with number,国家·价格/交易,国家·价格,国家页,#plans 表头 + 价格 FAQ,21.5,,en,已覆盖
esim england cheap,国家·价格/交易,国家·价格,国家页,#plans 表头 + 价格 FAQ,21.5,,en,已覆盖
malaysia esim tourist price,国家·价格/交易,国家·价格,国家页,#plans 表头 + 价格 FAQ,21.5,,en,已覆盖
nomad. esim uk price,国家·价格/交易,国家·价格,国家页,#plans 表头 + 价格 FAQ,21.5,,en,已覆盖
affordable esim for thailand,国家·价格/交易,国家·价格,国家页,#plans 表头 + 价格 FAQ,20.1,,en,已覆盖
affordable esim indonesia,国家·价格/交易,国家·价格,国家页,#plans 表头 + 价格 FAQ,20.1,,en,已覆盖
affordable esim korea,国家·价格/交易,国家·价格,国家页,#plans 表头 + 价格 FAQ,20.1,,en,已覆盖
affordable esim philippines,国家·价格/交易,国家·价格,国家页,#plans 表头 + 价格 FAQ,20.1,,en,已覆盖
best and cheapest esim for malaysia,国家·价格/交易,国家·价格,国家页,#plans 表头 + 价格 FAQ,20.1,,en,已覆盖
best cheap esim for japan,国家·价格/交易,国家·价格,国家页,#plans 表头 + 价格 FAQ,20.1,,en,已覆盖
best cheap esim plans australia,国家·价格/交易,国家·价格,国家页,#plans 表头 + 价格 FAQ,20.1,,en,已覆盖
best cheapest esim for canada,国家·价格/交易,国家·价格,国家页,#plans 表头 + 价格 FAQ,20.1,,en,已覆盖
best esim deals for japan,国家·价格/交易,国家·价格,国家页,#plans 表头 + 价格 FAQ,20.1,,en,已覆盖
best price esim for uk,国家·价格/交易,国家·价格,国家页,#plans 表头 + 价格 FAQ,20.1,,en,已覆盖
canada esim prepaid price,国家·价格/交易,国家·价格,国家页,#plans 表头 + 价格 FAQ,20.1,,en,已覆盖
cheap esim card thailand,国家·价格/交易,国家·价格,国家页,#plans 表头 + 价格 FAQ,20.1,,en,已覆盖
cheap esim for fiji,国家·价格/交易,国家·价格,国家页,#plans 表头 + 价格 FAQ,20.1,,en,已覆盖
cheap esim uk reddit,国家·价格/交易,国家·价格,国家页,#plans 表头 + 价格 FAQ,20.1,,en,已覆盖
cheap esim usa phone number,国家·价格/交易,国家·价格,国家页,#plans 表头 + 价格 FAQ,20.1,,en,已覆盖
cheap prepaid esim canada,国家·价格/交易,国家·价格,国家页,#plans 表头 + 价格 FAQ,20.1,,en,已覆盖
cheap unlimited data esim usa,国家·价格/交易,国家·价格,国家页,#plans 表头 + 价格 FAQ,20.1,,en,已覆盖
cheap unlimited esim india,国家·价格/交易,国家·价格,国家页,#plans 表头 + 价格 FAQ,20.1,,en,已覆盖
cheapest data esim for india,国家·价格/交易,国家·价格,国家页,#plans 表头 + 价格 FAQ,20.1,,en,已覆盖
cheapest data esim morocco,国家·价格/交易,国家·价格,国家页,#plans 表头 + 价格 FAQ,20.1,,en,已覆盖
cheapest e sim vietnam,国家·价格/交易,国家·价格,国家页,#plans 表头 + 价格 FAQ,20.1,,en,已覆盖
cheapest esim app for canada,国家·价格/交易,国家·价格,国家页,#plans 表头 + 价格 FAQ,20.1,,en,已覆盖
cheapest esim app vietnam,国家·价格/交易,国家·价格,国家页,#plans 表头 + 价格 FAQ,20.1,,en,已覆盖
cheapest esim canada 30 days,国家·价格/交易,国家·价格,国家页,#plans 表头 + 价格 FAQ,20.1,,en,已覆盖
cheapest esim card for egypt,国家·价格/交易,国家·价格,国家页,#plans 表头 + 价格 FAQ,20.1,,en,已覆盖
cheapest esim card for mexico,国家·价格/交易,国家·价格,国家页,#plans 表头 + 价格 FAQ,20.1,,en,已覆盖
cheapest esim card singapore,国家·价格/交易,国家·价格,国家页,#plans 表头 + 价格 FAQ,20.1,,en,已覆盖
cheapest esim data italy,国家·价格/交易,国家·价格,国家页,#plans 表头 + 价格 FAQ,20.1,,en,已覆盖
cheapest esim for canada,国家·价格/交易,国家·价格,国家页,#plans 表头 + 价格 FAQ,20.1,,en,已覆盖
cheapest esim for japan 15 days,国家·价格/交易,国家·价格,国家页,#plans 表头 + 价格 FAQ,20.1,,en,已覆盖
cheapest esim for usa and caribbean,国家·价格/交易,国家·价格,国家页,#plans 表头 + 价格 FAQ,20.1,,en,已覆盖
cheapest esim phone india,国家·价格/交易,国家·价格,国家页,#plans 表头 + 价格 FAQ,20.1,,en,已覆盖
cheapest esim phone ireland,国家·价格/交易,国家·价格,国家页,#plans 表头 + 价格 FAQ,20.1,,en,已覆盖
cheapest esim phone uae,国家·价格/交易,国家·价格,国家页,#plans 表头 + 价格 FAQ,20.1,,en,已覆盖
cheapest esim plan for china,国家·价格/交易,国家·价格,国家页,#plans 表头 + 价格 FAQ,20.1,,en,已覆盖
cheapest esim plan france,国家·价格/交易,国家·价格,国家页,#plans 表头 + 价格 FAQ,20.1,,en,已覆盖
cheapest esim plan germany,国家·价格/交易,国家·价格,国家页,#plans 表头 + 价格 FAQ,20.1,,en,已覆盖
cheapest esim plan italy,国家·价格/交易,国家·价格,国家页,#plans 表头 + 价格 FAQ,20.1,,en,已覆盖
cheapest esim plan new zealand,国家·价格/交易,国家·价格,国家页,#plans 表头 + 价格 FAQ,20.1,,en,已覆盖
cheapest esim plans australia,国家·价格/交易,国家·价格,国家页,#plans 表头 + 价格 FAQ,20.1,,en,已覆盖
cheapest esim provider for japan,国家·价格/交易,国家·价格,国家页,#plans 表头 + 价格 FAQ,20.1,,en,已覆盖
cheapest esim singapore prepaid,国家·价格/交易,国家·价格,国家页,#plans 表头 + 价格 FAQ,20.1,,en,已覆盖
cheapest esim thailand 30 days unlimited,国家·价格/交易,国家·价格,国家页,#plans 表头 + 价格 FAQ,20.1,,en,已覆盖
cheapest esim uk for tourists,国家·价格/交易,国家·价格,国家页,#plans 表头 + 价格 FAQ,20.1,,en,已覆盖
cheapest esim usa travel,国家·价格/交易,国家·价格,国家页,#plans 表头 + 价格 FAQ,20.1,,en,已覆盖
cheapest unlimited data esim japan,国家·价格/交易,国家·价格,国家页,#plans 表头 + 价格 FAQ,20.1,,en,已覆盖
cheapest unlimited esim for india,国家·价格/交易,国家·价格,国家页,#plans 表头 + 价格 FAQ,20.1,,en,已覆盖
cheapest unlimited esim for thailand,国家·价格/交易,国家·价格,国家页,#plans 表头 + 价格 FAQ,20.1,,en,已覆盖
cheapest unlimited esim philippines,国家·价格/交易,国家·价格,国家页,#plans 表头 + 价格 FAQ,20.1,,en,已覆盖
esim canada price,国家·价格/交易,国家·价格,国家页,#plans 表头 + 价格 FAQ,20.1,,en,已覆盖
esim deals for france,国家·价格/交易,国家·价格,国家页,#plans 表头 + 价格 FAQ,20.1,,en,已覆盖
esim deals for morocco,国家·价格/交易,国家·价格,国家页,#plans 表头 + 价格 FAQ,20.1,,en,已覆盖
esim deals south africa,国家·价格/交易,国家·价格,国家页,#plans 表头 + 价格 FAQ,20.1,,en,已覆盖
esim for brazil cheap,国家·价格/交易,国家·价格,国家页,#plans 表头 + 价格 FAQ,20.1,,en,已覆盖
esim india best price,国家·价格/交易,国家·价格,国家页,#plans 表头 + 价格 FAQ,20.1,,en,已覆盖
esim peru price,国家·价格/交易,国家·价格,国家页,#plans 表头 + 价格 FAQ,20.1,,en,已覆盖
esim phone price philippines,国家·价格/交易,国家·价格,国家页,#plans 表头 + 价格 FAQ,20.1,,en,已覆盖
esim uae cheapest,国家·价格/交易,国家·价格,国家页,#plans 表头 + 价格 FAQ,20.1,,en,已覆盖
esim uk best price,国家·价格/交易,国家·价格,国家页,#plans 表头 + 价格 FAQ,20.1,,en,已覆盖
how much does a sim card cost in france,国家·价格/交易,国家·价格,国家页,#plans 表头 + 价格 FAQ,20.1,,en,已覆盖
how much does a sim card in italy cost,国家·价格/交易,国家·价格,国家页,#plans 表头 + 价格 FAQ,20.1,,en,已覆盖
how much sim card in uae,国家·价格/交易,国家·价格,国家页,#plans 表头 + 价格 FAQ,20.1,,en,已覆盖
japan esim card cost,国家·价格/交易,国家·价格,国家页,#plans 表头 + 价格 FAQ,20.1,,en,已覆盖
orange egypt sim card for tourist price,国家·价格/交易,国家·价格,国家页,#plans 表头 + 价格 FAQ,20.1,,en,已覆盖
revolut esim egypt price,国家·价格/交易,国家·价格,国家页,#plans 表头 + 价格 FAQ,20.1,,en,已覆盖
revolut esim usa price,国家·价格/交易,国家·价格,国家页,#plans 表头 + 价格 FAQ,20.1,,en,已覆盖
skt esim korea price,国家·价格/交易,国家·价格,国家页,#plans 表头 + 价格 FAQ,20.1,,en,已覆盖
taiwan sim card price,国家·价格/交易,国家·价格,国家页,#plans 表头 + 价格 FAQ,20.1,,en,已覆盖
tim esim italy price,国家·价格/交易,国家·价格,国家页,#plans 表头 + 价格 FAQ,20.1,,en,已覆盖
vodafone esim uk price,国家·价格/交易,国家·价格,国家页,#plans 表头 + 价格 FAQ,20.1,,en,已覆盖
cheapest data esim new zealand,国家·价格/交易,国家·价格,国家页,#plans 表头 + 价格 FAQ,19.6,,en,已覆盖
cheapest esim singapore reddit,国家·价格/交易,国家·价格,国家页,#plans 表头 + 价格 FAQ,19.1,,en,已覆盖
best and cheapest esim for mexico,国家·价格/交易,国家·价格,国家页,#plans 表头 + 价格 FAQ,18.2,,en,已覆盖
esim australia cheapest,国家·价格/交易,国家·价格,国家页,#plans 表头 + 价格 FAQ,18.2,,en,已覆盖
cheapest esim phone in saudi arabia,国家·价格/交易,国家·价格,国家页,#plans 表头 + 价格 FAQ,17.8,,en,已覆盖
esim uk deals,国家·价格/交易,国家·价格,国家页,#plans 表头 + 价格 FAQ,17.8,,en,已覆盖
vietnam esim tourist price,国家·价格/交易,国家·价格,国家页,#plans 表头 + 价格 FAQ,17.8,,en,已覆盖
affordable esim for canada,国家·价格/交易,国家·价格,国家页,#plans 表头 + 价格 FAQ,16.4,,en,已覆盖
affordable esim for japan,国家·价格/交易,国家·价格,国家页,#plans 表头 + 价格 FAQ,16.4,,en,已覆盖
affordable esim for uk,国家·价格/交易,国家·价格,国家页,#plans 表头 + 价格 FAQ,16.4,,en,已覆盖
affordable esim malaysia,国家·价格/交易,国家·价格,国家页,#plans 表头 + 价格 FAQ,16.4,,en,已覆盖
australia esim tourist price,国家·价格/交易,国家·价格,国家页,#plans 表头 + 价格 FAQ,16.4,,en,已覆盖
best and cheapest esim for france,国家·价格/交易,国家·价格,国家页,#plans 表头 + 价格 FAQ,16.4,,en,已覆盖
best and cheapest esim for italy,国家·价格/交易,国家·价格,国家页,#plans 表头 + 价格 FAQ,16.4,,en,已覆盖
best and cheapest esim for morocco,国家·价格/交易,国家·价格,国家页,#plans 表头 + 价格 FAQ,16.4,,en,已覆盖
best and cheapest esim for south korea,国家·价格/交易,国家·价格,国家页,#plans 表头 + 价格 FAQ,16.4,,en,已覆盖
best cheapest esim for china,国家·价格/交易,国家·价格,国家页,#plans 表头 + 价格 FAQ,16.4,,en,已覆盖
best cheapest esim for egypt,国家·价格/交易,国家·价格,国家页,#plans 表头 + 价格 FAQ,16.4,,en,已覆盖
best cheapest esim for india,国家·价格/交易,国家·价格,国家页,#plans 表头 + 价格 FAQ,16.4,,en,已覆盖
best cheapest esim for thailand,国家·价格/交易,国家·价格,国家页,#plans 表头 + 价格 FAQ,16.4,,en,已覆盖
best cheapest esim japan,国家·价格/交易,国家·价格,国家页,#plans 表头 + 价格 FAQ,16.4,,en,已覆盖
best esim deals for morocco,国家·价格/交易,国家·价格,国家页,#plans 表头 + 价格 FAQ,16.4,,en,已覆盖
best esim deals for south africa,国家·价格/交易,国家·价格,国家页,#plans 表头 + 价格 FAQ,16.4,,en,已覆盖
buy cheap esim canada,国家·价格/交易,国家·价格,国家页,#plans 表头 + 价格 FAQ,16.4,,en,已覆盖
buy cheap esim india,国家·价格/交易,国家·价格,国家页,#plans 表头 + 价格 FAQ,16.4,,en,已覆盖
cheap esim uk number,国家·价格/交易,国家·价格,国家页,#plans 表头 + 价格 FAQ,16.4,,en,已覆盖
cheap esim usa number,国家·价格/交易,国家·价格,国家页,#plans 表头 + 价格 FAQ,16.4,,en,已覆盖
cheap travel esim japan,国家·价格/交易,国家·价格,国家页,#plans 表头 + 价格 FAQ,16.4,,en,已覆盖
cheapest data esim for china,国家·价格/交易,国家·价格,国家页,#plans 表头 + 价格 FAQ,16.4,,en,已覆盖
cheapest data esim uae,国家·价格/交易,国家·价格,国家页,#plans 表头 + 价格 FAQ,16.4,,en,已覆盖
cheapest esim australia data,国家·价格/交易,国家·价格,国家页,#plans 表头 + 价格 FAQ,16.4,,en,已覆盖
cheapest esim canada prepaid,国家·价格/交易,国家·价格,国家页,#plans 表头 + 价格 FAQ,16.4,,en,已覆盖
cheapest esim card ireland,国家·价格/交易,国家·价格,国家页,#plans 表头 + 价格 FAQ,16.4,,en,已覆盖
cheapest esim card italy,国家·价格/交易,国家·价格,国家页,#plans 表头 + 价格 FAQ,16.4,,en,已覆盖
cheapest esim card new zealand,国家·价格/交易,国家·价格,国家页,#plans 表头 + 价格 FAQ,16.4,,en,已覆盖
cheapest esim data canada,国家·价格/交易,国家·价格,国家页,#plans 表头 + 价格 FAQ,16.4,,en,已覆盖
cheapest esim data germany,国家·价格/交易,国家·价格,国家页,#plans 表头 + 价格 FAQ,16.4,,en,已覆盖
cheapest esim for argentina,国家·价格/交易,国家·价格,国家页,#plans 表头 + 价格 FAQ,16.4,,en,已覆盖
cheapest esim for colombia,国家·价格/交易,国家·价格,国家页,#plans 表头 + 价格 FAQ,16.4,,en,已覆盖
cheapest esim for fiji,国家·价格/交易,国家·价格,国家页,#plans 表头 + 价格 FAQ,16.4,,en,已覆盖
cheapest esim for new zealand,国家·价格/交易,国家·价格,国家页,#plans 表头 + 价格 FAQ,16.4,,en,已覆盖
cheapest esim for nz,国家·价格/交易,国家·价格,国家页,#plans 表头 + 价格 FAQ,16.4,,en,已覆盖
cheapest esim for poland,国家·价格/交易,国家·价格,国家页,#plans 表头 + 价格 FAQ,16.4,,en,已覆盖
cheapest esim for usa tourist,国家·价格/交易,国家·价格,国家页,#plans 表头 + 价格 FAQ,16.4,,en,已覆盖
cheapest esim japan 30 days,国家·价格/交易,国家·价格,国家页,#plans 表头 + 价格 FAQ,16.4,,en,已覆盖
cheapest esim mexico city,国家·价格/交易,国家·价格,国家页,#plans 表头 + 价格 FAQ,16.4,,en,已覆盖
cheapest esim northern ireland,国家·价格/交易,国家·价格,国家页,#plans 表头 + 价格 FAQ,16.4,,en,已覆盖
cheapest esim plan for canada,国家·价格/交易,国家·价格,国家页,#plans 表头 + 价格 FAQ,16.4,,en,已覆盖
cheapest esim plan singapore monthly,国家·价格/交易,国家·价格,国家页,#plans 表头 + 价格 FAQ,16.4,,en,已覆盖
cheapest esim plan spain,国家·价格/交易,国家·价格,国家页,#plans 表头 + 价格 FAQ,16.4,,en,已覆盖
cheapest esim plan vietnam,国家·价格/交易,国家·价格,国家页,#plans 表头 + 价格 FAQ,16.4,,en,已覆盖
cheapest esim plans uk,国家·价格/交易,国家·价格,国家页,#plans 表头 + 价格 FAQ,16.4,,en,已覆盖
cheapest esim singapore 1 day,国家·价格/交易,国家·价格,国家页,#plans 表头 + 价格 FAQ,16.4,,en,已覆盖
cheapest esim thailand 7 days,国家·价格/交易,国家·价格,国家页,#plans 表头 + 价格 FAQ,16.4,,en,已覆盖
cheapest esim uk 30 days,国家·价格/交易,国家·价格,国家页,#plans 表头 + 价格 FAQ,16.4,,en,已覆盖
cheapest esim uk pay as you go,国家·价格/交易,国家·价格,国家页,#plans 表头 + 价格 FAQ,16.4,,en,已覆盖
cheapest esim uk unlimited data,国家·价格/交易,国家·价格,国家页,#plans 表头 + 价格 FAQ,16.4,,en,已覆盖
cheapest esim usa prepaid,国家·价格/交易,国家·价格,国家页,#plans 表头 + 价格 FAQ,16.4,,en,已覆盖
cheapest phone with esim in india,国家·价格/交易,国家·价格,国家页,#plans 表头 + 价格 FAQ,16.4,,en,已覆盖
cheapest prepaid esim switzerland,国家·价格/交易,国家·价格,国家页,#plans 表头 + 价格 FAQ,16.4,,en,已覆盖
cheapest prepaid sim card switzerland,国家·价格/交易,国家·价格,国家页,#plans 表头 + 价格 FAQ,16.4,,en,已覆盖
cheapest travel esim indonesia,国家·价格/交易,国家·价格,国家页,#plans 表头 + 价格 FAQ,16.4,,en,已覆盖
cheapest travel esim morocco,国家·价格/交易,国家·价格,国家页,#plans 表头 + 价格 FAQ,16.4,,en,已覆盖
cheapest unlimited esim for australia,国家·价格/交易,国家·价格,国家页,#plans 表头 + 价格 FAQ,16.4,,en,已覆盖
cheapest unlimited esim vietnam,国家·价格/交易,国家·价格,国家页,#plans 表头 + 价格 FAQ,16.4,,en,已覆盖
esim cost in india,国家·价格/交易,国家·价格,国家页,#plans 表头 + 价格 FAQ,16.4,,en,已覆盖
esim deals for japan,国家·价格/交易,国家·价格,国家页,#plans 表头 + 价格 FAQ,16.4,,en,已覆盖
esim deals for mexico,国家·价格/交易,国家·价格,国家页,#plans 表头 + 价格 FAQ,16.4,,en,已覆盖
esim deals for spain,国家·价格/交易,国家·价格,国家页,#plans 表头 + 价格 FAQ,16.4,,en,已覆盖
esim japan best price,国家·价格/交易,国家·价格,国家页,#plans 表头 + 价格 FAQ,16.4,,en,已覆盖
esim me price philippines,国家·价格/交易,国家·价格,国家页,#plans 表头 + 价格 FAQ,16.4,,en,已覆盖
esim philippines price,国家·价格/交易,国家·价格,国家页,#plans 表头 + 价格 FAQ,16.4,,en,已覆盖
esim qatar cheap,国家·价格/交易,国家·价格,国家页,#plans 表头 + 价格 FAQ,16.4,,en,已覆盖
esim south africa cheap,国家·价格/交易,国家·价格,国家页,#plans 表头 + 价格 FAQ,16.4,,en,已覆盖
esim spain cheap,国家·价格/交易,国家·价格,国家页,#plans 表头 + 价格 FAQ,16.4,,en,已覆盖
esim thailand unlimited data price,国家·价格/交易,国家·价格,国家页,#plans 表头 + 价格 FAQ,16.4,,en,已覆盖
giffgaff esim uk price,国家·价格/交易,国家·价格,国家页,#plans 表头 + 价格 FAQ,16.4,,en,已覆盖
how much does a sim card cost in uae,国家·价格/交易,国家·价格,国家页,#plans 表头 + 价格 FAQ,16.4,,en,已覆盖
how much is a sim card in italy,国家·价格/交易,国家·价格,国家页,#plans 表头 + 价格 FAQ,16.4,,en,已覆盖
japan esim unlimited data cost,国家·价格/交易,国家·价格,国家页,#plans 表头 + 价格 FAQ,16.4,,en,已覆盖
maxis esim price malaysia,国家·价格/交易,国家·价格,国家页,#plans 表头 + 价格 FAQ,16.4,,en,已覆盖
revolut esim china price,国家·价格/交易,国家·价格,国家页,#plans 表头 + 价格 FAQ,16.4,,en,已覆盖
revolut esim japan price,国家·价格/交易,国家·价格,国家页,#plans 表头 + 价格 FAQ,16.4,,en,已覆盖
t mobile usa esim price,国家·价格/交易,国家·价格,国家页,#plans 表头 + 价格 FAQ,16.4,,en,已覆盖
vodafone esim italy price,国家·价格/交易,国家·价格,国家页,#plans 表头 + 价格 FAQ,16.4,,en,已覆盖
vodafone esim thailand price,国家·价格/交易,国家·价格,国家页,#plans 表头 + 价格 FAQ,16.4,,en,已覆盖
esim usa cheap,国家·价格/交易,国家·价格,国家页,#plans 表头 + 价格 FAQ,15.9,,en,已覆盖
esim brazil review,国家·核心,国家·口碑,国家页,新 FAQ：真实用户怎么说（只给入口不印分）,47.8,,en,已覆盖
esim brazil tourist reddit,国家·核心,国家·口碑,国家页,新 FAQ：真实用户怎么说（只给入口不印分）,47.8,,en,已覆盖
esim card iceland reddit,国家·核心,国家·口碑,国家页,新 FAQ：真实用户怎么说（只给入口不印分）,47.8,,en,已覆盖
esim uk tourist reddit,国家·核心,国家·口碑,国家页,新 FAQ：真实用户怎么说（只给入口不印分）,47.8,,en,已覆盖
esim usa tourist reddit,国家·核心,国家·口碑,国家页,新 FAQ：真实用户怎么说（只给入口不印分）,47.8,,en,已覆盖
qatar esim tourist reddit,国家·核心,国家·口碑,国家页,新 FAQ：真实用户怎么说（只给入口不印分）,47.8,,en,已覆盖
taiwan esim tourist reddit,国家·核心,国家·口碑,国家页,新 FAQ：真实用户怎么说（只给入口不印分）,47.8,,en,已覆盖
brazil sim card for tourist reddit,国家·核心,国家·口碑,国家页,新 FAQ：真实用户怎么说（只给入口不印分）,46.4,,en,已覆盖
costa rica esim card reddit,国家·核心,国家·口碑,国家页,新 FAQ：真实用户怎么说（只给入口不印分）,46.4,,en,已覆盖
egypt esim reddit,国家·核心,国家·口碑,国家页,新 FAQ：真实用户怎么说（只给入口不印分）,46.4,,en,已覆盖
esim argentina review,国家·核心,国家·口碑,国家页,新 FAQ：真实用户怎么说（只给入口不印分）,46.4,,en,已覆盖
esim canada tourist reddit,国家·核心,国家·口碑,国家页,新 FAQ：真实用户怎么说（只给入口不印分）,46.4,,en,已覆盖
esim china reddit vpn,国家·核心,国家·口碑,国家页,新 FAQ：真实用户怎么说（只给入口不印分）,46.4,,en,已覆盖
esim colombia review,国家·核心,国家·口碑,国家页,新 FAQ：真实用户怎么说（只给入口不印分）,46.4,,en,已覆盖
esim costa rica reddit,国家·核心,国家·口碑,国家页,新 FAQ：真实用户怎么说（只给入口不印分）,46.4,,en,已覆盖
esim costa rica reviews,国家·核心,国家·口碑,国家页,新 FAQ：真实用户怎么说（只给入口不印分）,46.4,,en,已覆盖
esim egypt review,国家·核心,国家·口碑,国家页,新 FAQ：真实用户怎么说（只给入口不印分）,46.4,,en,已覆盖
esim fiji review,国家·核心,国家·口碑,国家页,新 FAQ：真实用户怎么说（只给入口不印分）,46.4,,en,已覆盖
esim for australia reviews,国家·核心,国家·口碑,国家页,新 FAQ：真实用户怎么说（只给入口不印分）,46.4,,en,已覆盖
esim for canada reviews,国家·核心,国家·口碑,国家页,新 FAQ：真实用户怎么说（只给入口不印分）,46.4,,en,已覆盖
esim for china reviews,国家·核心,国家·口碑,国家页,新 FAQ：真实用户怎么说（只给入口不印分）,46.4,,en,已覆盖
esim for colombia reddit,国家·核心,国家·口碑,国家页,新 FAQ：真实用户怎么说（只给入口不印分）,46.4,,en,已覆盖
esim for iceland reddit,国家·核心,国家·口碑,国家页,新 FAQ：真实用户怎么说（只给入口不印分）,46.4,,en,已覆盖
esim for india reviews,国家·核心,国家·口碑,国家页,新 FAQ：真实用户怎么说（只给入口不印分）,46.4,,en,已覆盖
esim for italy reviews,国家·核心,国家·口碑,国家页,新 FAQ：真实用户怎么说（只给入口不印分）,46.4,,en,已覆盖
esim for japan reviews,国家·核心,国家·口碑,国家页,新 FAQ：真实用户怎么说（只给入口不印分）,46.4,,en,已覆盖
esim for mexico reviews,国家·核心,国家·口碑,国家页,新 FAQ：真实用户怎么说（只给入口不印分）,46.4,,en,已覆盖
esim for peru reddit,国家·核心,国家·口碑,国家页,新 FAQ：真实用户怎么说（只给入口不印分）,46.4,,en,已覆盖
esim for spain reviews,国家·核心,国家·口碑,国家页,新 FAQ：真实用户怎么说（只给入口不印分）,46.4,,en,已覆盖
esim for thailand reviews,国家·核心,国家·口碑,国家页,新 FAQ：真实用户怎么说（只给入口不印分）,46.4,,en,已覆盖
esim for uk reviews,国家·核心,国家·口碑,国家页,新 FAQ：真实用户怎么说（只给入口不印分）,46.4,,en,已覆盖
esim for usa reviews,国家·核心,国家·口碑,国家页,新 FAQ：真实用户怎么说（只给入口不印分）,46.4,,en,已覆盖
esim for vietnam reviews,国家·核心,国家·口碑,国家页,新 FAQ：真实用户怎么说（只给入口不印分）,46.4,,en,已覆盖
esim germany review,国家·核心,国家·口碑,国家页,新 FAQ：真实用户怎么说（只给入口不印分）,46.4,,en,已覆盖
esim germany tourist reddit,国家·核心,国家·口碑,国家页,新 FAQ：真实用户怎么说（只给入口不印分）,46.4,,en,已覆盖
esim greece review,国家·核心,国家·口碑,国家页,新 FAQ：真实用户怎么说（只给入口不印分）,46.4,,en,已覆盖
esim iceland reviews,国家·核心,国家·口碑,国家页,新 FAQ：真实用户怎么说（只给入口不印分）,46.4,,en,已覆盖
esim indonesia reviews,国家·核心,国家·口碑,国家页,新 FAQ：真实用户怎么说（只给入口不印分）,46.4,,en,已覆盖
esim ireland reviews,国家·核心,国家·口碑,国家页,新 FAQ：真实用户怎么说（只给入口不印分）,46.4,,en,已覆盖
esim israel review,国家·核心,国家·口碑,国家页,新 FAQ：真实用户怎么说（只给入口不印分）,46.4,,en,已覆盖
esim japan reddit ph,国家·核心,国家·口碑,国家页,新 FAQ：真实用户怎么说（只给入口不印分）,46.4,,en,已覆盖
esim japan tourist reddit,国家·核心,国家·口碑,国家页,新 FAQ：真实用户怎么说（只给入口不印分）,46.4,,en,已覆盖
esim kenya review,国家·核心,国家·口碑,国家页,新 FAQ：真实用户怎么说（只给入口不印分）,46.4,,en,已覆盖
esim korea review,国家·核心,国家·口碑,国家页,新 FAQ：真实用户怎么说（只给入口不印分）,46.4,,en,已覆盖
esim korea reviews,国家·核心,国家·口碑,国家页,新 FAQ：真实用户怎么说（只给入口不印分）,46.4,,en,已覆盖
esim malaysia tourist reddit,国家·核心,国家·口碑,国家页,新 FAQ：真实用户怎么说（只给入口不印分）,46.4,,en,已覆盖
esim peru reddit,国家·核心,国家·口碑,国家页,新 FAQ：真实用户怎么说（只给入口不印分）,46.4,,en,已覆盖
esim peru review,国家·核心,国家·口碑,国家页,新 FAQ：真实用户怎么说（只给入口不印分）,46.4,,en,已覆盖
esim philippines review,国家·核心,国家·口碑,国家页,新 FAQ：真实用户怎么说（只给入口不印分）,46.4,,en,已覆盖
esim philippines tourist reddit,国家·核心,国家·口碑,国家页,新 FAQ：真实用户怎么说（只给入口不印分）,46.4,,en,已覆盖
esim portugal review,国家·核心,国家·口碑,国家页,新 FAQ：真实用户怎么说（只给入口不印分）,46.4,,en,已覆盖
esim saudi arabia review,国家·核心,国家·口碑,国家页,新 FAQ：真实用户怎么说（只给入口不印分）,46.4,,en,已覆盖
esim singapore reddit ph,国家·核心,国家·口碑,国家页,新 FAQ：真实用户怎么说（只给入口不印分）,46.4,,en,已覆盖
esim singapore review,国家·核心,国家·口碑,国家页,新 FAQ：真实用户怎么说（只给入口不印分）,46.4,,en,已覆盖
esim singapore tourist reddit,国家·核心,国家·口碑,国家页,新 FAQ：真实用户怎么说（只给入口不印分）,46.4,,en,已覆盖
esim south africa review,国家·核心,国家·口碑,国家页,新 FAQ：真实用户怎么说（只给入口不印分）,46.4,,en,已覆盖
esim south africa reviews,国家·核心,国家·口碑,国家页,新 FAQ：真实用户怎么说（只给入口不印分）,46.4,,en,已覆盖
esim switzerland review,国家·核心,国家·口碑,国家页,新 FAQ：真实用户怎么说（只给入口不印分）,46.4,,en,已覆盖
esim switzerland tourist reddit,国家·核心,国家·口碑,国家页,新 FAQ：真实用户怎么说（只给入口不印分）,46.4,,en,已覆盖
esim taiwan reddit ph,国家·核心,国家·口碑,国家页,新 FAQ：真实用户怎么说（只给入口不印分）,46.4,,en,已覆盖
esim taiwan review,国家·核心,国家·口碑,国家页,新 FAQ：真实用户怎么说（只给入口不印分）,46.4,,en,已覆盖
esim thailand reddit ph,国家·核心,国家·口碑,国家页,新 FAQ：真实用户怎么说（只给入口不印分）,46.4,,en,已覆盖
esim uae review,国家·核心,国家·口碑,国家页,新 FAQ：真实用户怎么说（只给入口不印分）,46.4,,en,已覆盖
esim.south korea and japan.reddit,国家·核心,国家·口碑,国家页,新 FAQ：真实用户怎么说（只给入口不印分）,46.4,,en,已覆盖
hong kong sim card for tourist reddit,国家·核心,国家·口碑,国家页,新 FAQ：真实用户怎么说（只给入口不印分）,46.4,,en,已覆盖
peru esim card reddit,国家·核心,国家·口碑,国家页,新 FAQ：真实用户怎么说（只给入口不印分）,46.4,,en,已覆盖
singapore esim review,国家·核心,国家·口碑,国家页,新 FAQ：真实用户怎么说（只给入口不印分）,46.4,,en,已覆盖
switzerland esim reddit,国家·核心,国家·口碑,国家页,新 FAQ：真实用户怎么说（只给入口不印分）,46.4,,en,已覆盖
uk esim reviews,国家·核心,国家·口碑,国家页,新 FAQ：真实用户怎么说（只给入口不印分）,46.4,,en,已覆盖
esim hong kong review,国家·核心,国家·口碑,国家页,新 FAQ：真实用户怎么说（只给入口不印分）,44.5,,en,已覆盖
esim malaysia review,国家·核心,国家·口碑,国家页,新 FAQ：真实用户怎么说（只给入口不印分）,44.5,,en,已覆盖
esim morocco review,国家·核心,国家·口碑,国家页,新 FAQ：真实用户怎么说（只给入口不印分）,44.5,,en,已覆盖
esim vietnam reddit 2025,国家·核心,国家·口碑,国家页,新 FAQ：真实用户怎么说（只给入口不印分）,44.5,,en,已覆盖
esim vietnam reddit ph,国家·核心,国家·口碑,国家页,新 FAQ：真实用户怎么说（只给入口不印分）,44.5,,en,已覆盖
korea esim tourist reddit,国家·核心,国家·口碑,国家页,新 FAQ：真实用户怎么说（只给入口不印分）,44.5,,en,已覆盖
vodafone esim greece reddit,国家·核心,国家·口碑,国家页,新 FAQ：真实用户怎么说（只给入口不印分）,44.5,,en,已覆盖
esim indonesia tourist reddit,国家·核心,国家·口碑,国家页,新 FAQ：真实用户怎么说（只给入口不印分）,44.0,,en,已覆盖
georgia esim tourist reddit,国家·核心,国家·口碑,国家页,新 FAQ：真实用户怎么说（只给入口不印分）,44.0,,en,已覆盖
israel esim reddit,国家·核心,国家·口碑,国家页,新 FAQ：真实用户怎么说（只给入口不印分）,44.0,,en,已覆盖
esim mexico city reddit,国家·核心,国家·口碑,国家页,新 FAQ：真实用户怎么说（只给入口不印分）,43.5,,en,已覆盖
australia sim card for tourist reddit,国家·核心,国家·口碑,国家页,新 FAQ：真实用户怎么说（只给入口不印分）,42.6,,en,已覆盖
egypt sim card for tourist reddit,国家·核心,国家·口碑,国家页,新 FAQ：真实用户怎么说（只给入口不印分）,42.6,,en,已覆盖
eight esim singapore reddit,国家·核心,国家·口碑,国家页,新 FAQ：真实用户怎么说（只给入口不印分）,42.6,,en,已覆盖
england esim reddit,国家·核心,国家·口碑,国家页,新 FAQ：真实用户怎么说（只给入口不印分）,42.6,,en,已覆盖
esim canada review,国家·核心,国家·口碑,国家页,新 FAQ：真实用户怎么说（只给入口不印分）,42.6,,en,已覆盖
esim china reddit trip com,国家·核心,国家·口碑,国家页,新 FAQ：真实用户怎么说（只给入口不印分）,42.6,,en,已覆盖
esim china travel reddit,国家·核心,国家·口碑,国家页,新 FAQ：真实用户怎么说（只给入口不印分）,42.6,,en,已覆盖
esim czech republic reddit,国家·核心,国家·口碑,国家页,新 FAQ：真实用户怎么说（只给入口不印分）,42.6,,en,已覆盖
esim for costa rica reddit,国家·核心,国家·口碑,国家页,新 FAQ：真实用户怎么说（只给入口不印分）,42.6,,en,已覆盖
esim for europe from australia reviews,国家·核心,国家·口碑,国家页,新 FAQ：真实用户怎么说（只给入口不印分）,42.6,,en,已覆盖
esim for poland reddit,国家·核心,国家·口碑,国家页,新 FAQ：真实用户怎么说（只给入口不印分）,42.6,,en,已覆盖
esim france reviews,国家·核心,国家·口碑,国家页,新 FAQ：真实用户怎么说（只给入口不印分）,42.6,,en,已覆盖
esim france travel reddit,国家·核心,国家·口碑,国家页,新 FAQ：真实用户怎么说（只给入口不印分）,42.6,,en,已覆盖
esim iceland reddit,国家·核心,国家·口碑,国家页,新 FAQ：真实用户怎么说（只给入口不印分）,42.6,,en,已覆盖
esim italy review,国家·核心,国家·口碑,国家页,新 FAQ：真实用户怎么说（只给入口不印分）,42.6,,en,已覆盖
esim japan reddit 2025,国家·核心,国家·口碑,国家页,新 FAQ：真实用户怎么说（只给入口不印分）,42.6,,en,已覆盖
esim mexico travel reddit,国家·核心,国家·口碑,国家页,新 FAQ：真实用户怎么说（只给入口不印分）,42.6,,en,已覆盖
esim new zealand travel reddit,国家·核心,国家·口碑,国家页,新 FAQ：真实用户怎么说（只给入口不印分）,42.6,,en,已覆盖
esim sm egypt review,国家·核心,国家·口碑,国家页,新 FAQ：真实用户怎么说（只给入口不印分）,42.6,,en,已覆盖
esim south korea reddit,国家·核心,国家·口碑,国家页,新 FAQ：真实用户怎么说（只给入口不印分）,42.6,,en,已覆盖
esim south korea review,国家·核心,国家·口碑,国家页,新 FAQ：真实用户怎么说（只给入口不印分）,42.6,,en,已覆盖
esim spain travel reddit,国家·核心,国家·口碑,国家页,新 FAQ：真实用户怎么说（只给入口不印分）,42.6,,en,已覆盖
esim us reddit,国家·核心,国家·口碑,国家页,新 FAQ：真实用户怎么说（只给入口不印分）,42.6,,en,已覆盖
japan esim card reddit,国家·核心,国家·口碑,国家页,新 FAQ：真实用户怎么说（只给入口不印分）,42.6,,en,已覆盖
malaysia sim card for tourist reddit,国家·核心,国家·口碑,国家页,新 FAQ：真实用户怎么说（只给入口不印分）,42.6,,en,已覆盖
revolut esim mexico reddit,国家·核心,国家·口碑,国家页,新 FAQ：真实用户怎么说（只给入口不印分）,42.6,,en,已覆盖
singapore esim reddit,国家·核心,国家·口碑,国家页,新 FAQ：真实用户怎么说（只给入口不印分）,42.6,,en,已覆盖
thailand sim card for tourist reddit,国家·核心,国家·口碑,国家页,新 FAQ：真实用户怎么说（只给入口不印分）,42.6,,en,已覆盖
travel esim australia reddit,国家·核心,国家·口碑,国家页,新 FAQ：真实用户怎么说（只给入口不印分）,42.6,,en,已覆盖
vodafone esim ireland reddit,国家·核心,国家·口碑,国家页,新 FAQ：真实用户怎么说（只给入口不印分）,42.6,,en,已覆盖
vodafone esim portugal reddit,国家·核心,国家·口碑,国家页,新 FAQ：真实用户怎么说（只给入口不印分）,42.6,,en,已覆盖
claro esim argentina reddit,国家·核心,国家·口碑,国家页,新 FAQ：真实用户怎么说（只给入口不印分）,40.8,,en,已覆盖
esim indonesia review,国家·核心,国家·口碑,国家页,新 FAQ：真实用户怎么说（只给入口不印分）,40.8,,en,已覆盖
esim japan reddit 2026,国家·核心,国家·口碑,国家页,新 FAQ：真实用户怎么说（只给入口不印分）,40.8,,en,已覆盖
mexico esim card reddit,国家·核心,国家·口碑,国家页,新 FAQ：真实用户怎么说（只给入口不印分）,40.8,,en,已覆盖
canada esim tourist reddit,国家·核心,国家·口碑,国家页,新 FAQ：真实用户怎么说（只给入口不印分）,40.3,,en,已覆盖
esim card morocco reddit,国家·核心,国家·口碑,国家页,新 FAQ：真实用户怎么说（只给入口不印分）,40.3,,en,已覆盖
esim england reddit,国家·核心,国家·口碑,国家页,新 FAQ：真实用户怎么说（只给入口不印分）,40.3,,en,已覆盖
esim india tourist reddit,国家·核心,国家·口碑,国家页,新 FAQ：真实用户怎么说（只给入口不印分）,40.3,,en,已覆盖
new zealand esim tourist reddit,国家·核心,国家·口碑,国家页,新 FAQ：真实用户怎么说（只给入口不印分）,40.3,,en,已覆盖
airalo.esim indonesia reddit,国家·核心,国家·口碑,国家页,新 FAQ：真实用户怎么说（只给入口不印分）,38.9,,en,已覆盖
esim brazil reddit,国家·核心,国家·口碑,国家页,新 FAQ：真实用户怎么说（只给入口不印分）,38.9,,en,已覆盖
esim canada plans reddit,国家·核心,国家·口碑,国家页,新 FAQ：真实用户怎么说（只给入口不印分）,38.9,,en,已覆盖
esim canada travel reddit,国家·核心,国家·口碑,国家页,新 FAQ：真实用户怎么说（只给入口不印分）,38.9,,en,已覆盖
esim colombia reddit,国家·核心,国家·口碑,国家页,新 FAQ：真实用户怎么说（只给入口不印分）,38.9,,en,已覆盖
esim croatia reddit,国家·核心,国家·口碑,国家页,新 FAQ：真实用户怎么说（只给入口不印分）,38.9,,en,已覆盖
esim fiji reddit,国家·核心,国家·口碑,国家页,新 FAQ：真实用户怎么说（只给入口不印分）,38.9,,en,已覆盖
esim for israel reddit,国家·核心,国家·口碑,国家页,新 FAQ：真实用户怎么说（只给入口不印分）,38.9,,en,已覆盖
esim for japan reddit,国家·核心,国家·口碑,国家页,新 FAQ：真实用户怎么说（只给入口不印分）,38.9,,en,已覆盖
esim for netherlands reddit,国家·核心,国家·口碑,国家页,新 FAQ：真实用户怎么说（只给入口不印分）,38.9,,en,已覆盖
esim for nz reddit,国家·核心,国家·口碑,国家页,新 FAQ：真实用户怎么说（只给入口不印分）,38.9,,en,已覆盖
esim for philippines reddit,国家·核心,国家·口碑,国家页,新 FAQ：真实用户怎么说（只给入口不印分）,38.9,,en,已覆盖
esim for portugal reddit,国家·核心,国家·口碑,国家页,新 FAQ：真实用户怎么说（只给入口不印分）,38.9,,en,已覆盖
esim for qatar reddit,国家·核心,国家·口碑,国家页,新 FAQ：真实用户怎么说（只给入口不印分）,38.9,,en,已覆盖
esim for taiwan reddit,国家·核心,国家·口碑,国家页,新 FAQ：真实用户怎么说（只给入口不印分）,38.9,,en,已覆盖
esim germany travel reddit,国家·核心,国家·口碑,国家页,新 FAQ：真实用户怎么说（只给入口不印分）,38.9,,en,已覆盖
esim japan reddit,国家·核心,国家·口碑,国家页,新 FAQ：真实用户怎么说（只给入口不印分）,38.9,,en,已覆盖
esim london uk reddit,国家·核心,国家·口碑,国家页,新 FAQ：真实用户怎么说（只给入口不印分）,38.9,,en,已覆盖
esim poland reddit,国家·核心,国家·口碑,国家页,新 FAQ：真实用户怎么说（只给入口不印分）,38.9,,en,已覆盖
esim portugal reddit,国家·核心,国家·口碑,国家页,新 FAQ：真实用户怎么说（只给入口不印分）,38.9,,en,已覆盖
esim switzerland reddit,国家·核心,国家·口碑,国家页,新 FAQ：真实用户怎么说（只给入口不印分）,38.9,,en,已覆盖
korea sim card for tourist reddit,国家·核心,国家·口碑,国家页,新 FAQ：真实用户怎么说（只给入口不印分）,38.9,,en,已覆盖
lebara esim netherlands reddit,国家·核心,国家·口碑,国家页,新 FAQ：真实用户怎么说（只给入口不印分）,38.9,,en,已覆盖
mobimatter esim indonesia reddit,国家·核心,国家·口碑,国家页,新 FAQ：真实用户怎么说（只给入口不印分）,38.9,,en,已覆盖
orange esim france reddit,国家·核心,国家·口碑,国家页,新 FAQ：真实用户怎么说（只给入口不印分）,38.9,,en,已覆盖
prepaid esim philippines reddit,国家·核心,国家·口碑,国家页,新 FAQ：真实用户怎么说（只给入口不印分）,38.9,,en,已覆盖
singapore sim card for tourist reddit,国家·核心,国家·口碑,国家页,新 FAQ：真实用户怎么说（只给入口不印分）,38.9,,en,已覆盖
uk esim reddit travel,国家·核心,国家·口碑,国家页,新 FAQ：真实用户怎么说（只给入口不印分）,38.9,,en,已覆盖
us esim reddit,国家·核心,国家·口碑,国家页,新 FAQ：真实用户怎么说（只给入口不印分）,38.9,,en,已覆盖
us sim card for tourists reddit,国家·核心,国家·口碑,国家页,新 FAQ：真实用户怎么说（只给入口不印分）,38.9,,en,已覆盖
wim esim mexico reddit,国家·核心,国家·口碑,国家页,新 FAQ：真实用户怎么说（只给入口不印分）,38.9,,en,已覆盖
esim for italy reddit,国家·核心,国家·口碑,国家页,新 FAQ：真实用户怎么说（只给入口不印分）,37.0,,en,已覆盖
italy esim tourist reddit,国家·核心,国家·口碑,国家页,新 FAQ：真实用户怎么说（只给入口不印分）,37.0,,en,已覆盖
tigo esim colombia reddit,国家·核心,国家·口碑,国家页,新 FAQ：真实用户怎么说（只给入口不印分）,37.0,,en,已覆盖
vietnam esim tourist reddit,国家·核心,国家·口碑,国家页,新 FAQ：真实用户怎么说（只给入口不印分）,37.0,,en,已覆盖
vodafone esim spain reddit,国家·核心,国家·口碑,国家页,新 FAQ：真实用户怎么说（只给入口不印分）,37.0,,en,已覆盖
esim card brazil reddit,国家·核心,国家·口碑,国家页,新 FAQ：真实用户怎么说（只给入口不印分）,36.5,,en,已覆盖
esim card india reddit,国家·核心,国家·口碑,国家页,新 FAQ：真实用户怎么说（只给入口不印分）,36.5,,en,已覆盖
alipay esim china reddit,国家·核心,国家·口碑,国家页,新 FAQ：真实用户怎么说（只给入口不印分）,35.1,,en,已覆盖
china esim reddit sg,国家·核心,国家·口碑,国家页,新 FAQ：真实用户怎么说（只给入口不印分）,35.1,,en,已覆盖
claro esim peru reddit,国家·核心,国家·口碑,国家页,新 FAQ：真实用户怎么说（只给入口不印分）,35.1,,en,已覆盖
esim argentina reddit,国家·核心,国家·口碑,国家页,新 FAQ：真实用户怎么说（只给入口不印分）,35.1,,en,已覆盖
esim australia reddit,国家·核心,国家·口碑,国家页,新 FAQ：真实用户怎么说（只给入口不印分）,35.1,,en,已覆盖
esim belgium reddit,国家·核心,国家·口碑,国家页,新 FAQ：真实用户怎么说（只给入口不印分）,35.1,,en,已覆盖
esim card colombia reddit,国家·核心,国家·口碑,国家页,新 FAQ：真实用户怎么说（只给入口不印分）,35.1,,en,已覆盖
esim for argentina reddit,国家·核心,国家·口碑,国家页,新 FAQ：真实用户怎么说（只给入口不印分）,35.1,,en,已覆盖
esim for brazil reddit,国家·核心,国家·口碑,国家页,新 FAQ：真实用户怎么说（只给入口不印分）,35.1,,en,已覆盖
esim for kenya reddit,国家·核心,国家·口碑,国家页,新 FAQ：真实用户怎么说（只给入口不印分）,35.1,,en,已覆盖
esim for korea reddit,国家·核心,国家·口碑,国家页,新 FAQ：真实用户怎么说（只给入口不印分）,35.1,,en,已覆盖
esim for new zealand reddit,国家·核心,国家·口碑,国家页,新 FAQ：真实用户怎么说（只给入口不印分）,35.1,,en,已覆盖
esim for switzerland reddit,国家·核心,国家·口碑,国家页,新 FAQ：真实用户怎么说（只给入口不印分）,35.1,,en,已覆盖
esim georgia reddit,国家·核心,国家·口碑,国家页,新 FAQ：真实用户怎么说（只给入口不印分）,35.1,,en,已覆盖
esim greece reddit,国家·核心,国家·口碑,国家页,新 FAQ：真实用户怎么说（只给入口不印分）,35.1,,en,已覆盖
esim italy reddit,国家·核心,国家·口碑,国家页,新 FAQ：真实用户怎么说（只给入口不印分）,35.1,,en,已覆盖
esim italy travel reddit,国家·核心,国家·口碑,国家页,新 FAQ：真实用户怎么说（只给入口不印分）,35.1,,en,已覆盖
esim kenya reddit,国家·核心,国家·口碑,国家页,新 FAQ：真实用户怎么说（只给入口不印分）,35.1,,en,已覆盖
esim mexico reddit,国家·核心,国家·口碑,国家页,新 FAQ：真实用户怎么说（只给入口不印分）,35.1,,en,已覆盖
esim morocco reddit,国家·核心,国家·口碑,国家页,新 FAQ：真实用户怎么说（只给入口不印分）,35.1,,en,已覆盖
esim singapore reddit,国家·核心,国家·口碑,国家页,新 FAQ：真实用户怎么说（只给入口不印分）,35.1,,en,已覆盖
esim thailand tourist reddit,国家·核心,国家·口碑,国家页,新 FAQ：真实用户怎么说（只给入口不印分）,35.1,,en,已覆盖
giffgaff esim uk reddit,国家·核心,国家·口碑,国家页,新 FAQ：真实用户怎么说（只给入口不印分）,35.1,,en,已覆盖
gomo esim ireland reddit,国家·核心,国家·口碑,国家页,新 FAQ：真实用户怎么说（只给入口不印分）,35.1,,en,已覆盖
hong kong esim card reddit,国家·核心,国家·口碑,国家页,新 FAQ：真实用户怎么说（只给入口不印分）,35.1,,en,已覆盖
hong kong esim tourist reddit,国家·核心,国家·口碑,国家页,新 FAQ：真实用户怎么说（只给入口不印分）,35.1,,en,已覆盖
italy esim card reddit,国家·核心,国家·口碑,国家页,新 FAQ：真实用户怎么说（只给入口不印分）,35.1,,en,已覆盖
korea esim card reddit,国家·核心,国家·口碑,国家页,新 FAQ：真实用户怎么说（只给入口不印分）,35.1,,en,已覆盖
kt esim korea reddit,国家·核心,国家·口碑,国家页,新 FAQ：真实用户怎么说（只给入口不印分）,35.1,,en,已覆盖
lebara esim uk reddit,国家·核心,国家·口碑,国家页,新 FAQ：真实用户怎么说（只给入口不印分）,35.1,,en,已覆盖
lyca esim uk reddit,国家·核心,国家·口碑,国家页,新 FAQ：真实用户怎么说（只给入口不印分）,35.1,,en,已覆盖
matrix esim for vietnam review,国家·核心,国家·口碑,国家页,新 FAQ：真实用户怎么说（只给入口不印分）,35.1,,en,已覆盖
mejor esim argentina reddit,国家·核心,国家·口碑,国家页,新 FAQ：真实用户怎么说（只给入口不印分）,35.1,,en,已覆盖
movistar esim mexico reddit,国家·核心,国家·口碑,国家页,新 FAQ：真实用户怎么说（只给入口不印分）,35.1,,en,已覆盖
new zealand sim card for tourist reddit,国家·核心,国家·口碑,国家页,新 FAQ：真实用户怎么说（只给入口不印分）,35.1,,en,已覆盖
orange travel esim morocco reddit,国家·核心,国家·口碑,国家页,新 FAQ：真实用户怎么说（只给入口不印分）,35.1,,en,已覆盖
philippines sim card for tourist reddit,国家·核心,国家·口碑,国家页,新 FAQ：真实用户怎么说（只给入口不印分）,35.1,,en,已覆盖
prepaid esim netherlands reddit,国家·核心,国家·口碑,国家页,新 FAQ：真实用户怎么说（只给入口不印分）,35.1,,en,已覆盖
smart esim philippines reddit,国家·核心,国家·口碑,国家页,新 FAQ：真实用户怎么说（只给入口不印分）,35.1,,en,已覆盖
travel esim germany reddit,国家·核心,国家·口碑,国家页,新 FAQ：真实用户怎么说（只给入口不印分）,35.1,,en,已覆盖
vietnam sim card for tourist reddit,国家·核心,国家·口碑,国家页,新 FAQ：真实用户怎么说（只给入口不印分）,35.1,,en,已覆盖
vodafone esim canada reddit,国家·核心,国家·口碑,国家页,新 FAQ：真实用户怎么说（只给入口不印分）,35.1,,en,已覆盖
china esim for tourist reddit,国家·核心,国家·口碑,国家页,新 FAQ：真实用户怎么说（只给入口不印分）,33.2,,en,已覆盖
cosmote esim greece reddit,国家·核心,国家·口碑,国家页,新 FAQ：真实用户怎么说（只给入口不印分）,33.2,,en,已覆盖
esim for china reddit,国家·核心,国家·口碑,国家页,新 FAQ：真实用户怎么说（只给入口不印分）,33.2,,en,已覆盖
esim taiwan reddit,国家·核心,国家·口碑,国家页,新 FAQ：真实用户怎么说（只给入口不印分）,33.2,,en,已覆盖
esim vietnam reddit,国家·核心,国家·口碑,国家页,新 FAQ：真实用户怎么说（只给入口不印分）,33.2,,en,已覆盖
gomo esim philippines reddit,国家·核心,国家·口碑,国家页,新 FAQ：真实用户怎么说（只给入口不印分）,33.2,,en,已覆盖
orange esim morocco reddit,国家·核心,国家·口碑,国家页,新 FAQ：真实用户怎么说（只给入口不印分）,33.2,,en,已覆盖
orange esim spain reddit,国家·核心,国家·口碑,国家页,新 FAQ：真实用户怎么说（只给入口不印分）,33.2,,en,已覆盖
revolut esim saudi arabia review,国家·核心,国家·口碑,国家页,新 FAQ：真实用户怎么说（只给入口不印分）,33.2,,en,已覆盖
tello esim usa reddit,国家·核心,国家·口碑,国家页,新 FAQ：真实用户怎么说（只给入口不印分）,33.2,,en,已覆盖
vietnam esim card reddit,国家·核心,国家·口碑,国家页,新 FAQ：真实用户怎么说（只给入口不印分）,33.2,,en,已覆盖
esim for usa reddit,国家·核心,国家·口碑,国家页,新 FAQ：真实用户怎么说（只给入口不印分）,32.8,,en,已覆盖
saudi arabia esim tourist reddit,国家·核心,国家·口碑,国家页,新 FAQ：真实用户怎么说（只给入口不印分）,32.8,,en,已覆盖
ais esim thailand reddit,国家·核心,国家·口碑,国家页,新 FAQ：真实用户怎么说（只给入口不印分）,31.4,,en,已覆盖
boost esim australia reddit,国家·核心,国家·口碑,国家页,新 FAQ：真实用户怎么说（只给入口不印分）,31.4,,en,已覆盖
esim austria reddit,国家·核心,国家·口碑,国家页,新 FAQ：真实用户怎么说（只给入口不印分）,31.4,,en,已覆盖
esim for belgium reddit,国家·核心,国家·口碑,国家页,新 FAQ：真实用户怎么说（只给入口不印分）,31.4,,en,已覆盖
esim for egypt reddit,国家·核心,国家·口碑,国家页,新 FAQ：真实用户怎么说（只给入口不印分）,31.4,,en,已覆盖
esim for georgia reddit,国家·核心,国家·口碑,国家页,新 FAQ：真实用户怎么说（只给入口不印分）,31.4,,en,已覆盖
esim for germany reddit,国家·核心,国家·口碑,国家页,新 FAQ：真实用户怎么说（只给入口不印分）,31.4,,en,已覆盖
esim for greece reddit,国家·核心,国家·口碑,国家页,新 FAQ：真实用户怎么说（只给入口不印分）,31.4,,en,已覆盖
esim for hong kong reddit,国家·核心,国家·口碑,国家页,新 FAQ：真实用户怎么说（只给入口不印分）,31.4,,en,已覆盖
esim for india reddit,国家·核心,国家·口碑,国家页,新 FAQ：真实用户怎么说（只给入口不印分）,31.4,,en,已覆盖
esim for ireland reddit,国家·核心,国家·口碑,国家页,新 FAQ：真实用户怎么说（只给入口不印分）,31.4,,en,已覆盖
esim for mexico reddit,国家·核心,国家·口碑,国家页,新 FAQ：真实用户怎么说（只给入口不印分）,31.4,,en,已覆盖
esim for morocco reddit,国家·核心,国家·口碑,国家页,新 FAQ：真实用户怎么说（只给入口不印分）,31.4,,en,已覆盖
esim for saudi arabia reddit,国家·核心,国家·口碑,国家页,新 FAQ：真实用户怎么说（只给入口不印分）,31.4,,en,已覆盖
esim for thailand reddit,国家·核心,国家·口碑,国家页,新 FAQ：真实用户怎么说（只给入口不印分）,31.4,,en,已覆盖
esim for uk and europe reviews,国家·核心,国家·口碑,国家页,新 FAQ：真实用户怎么说（只给入口不印分）,31.4,,en,已覆盖
esim indonesia reddit,国家·核心,国家·口碑,国家页,新 FAQ：真实用户怎么说（只给入口不印分）,31.4,,en,已覆盖
esim japan reddit best,国家·核心,国家·口碑,国家页,新 FAQ：真实用户怎么说（只给入口不印分）,31.4,,en,已覆盖
esim netherlands reddit,国家·核心,国家·口碑,国家页,新 FAQ：真实用户怎么说（只给入口不印分）,31.4,,en,已覆盖
esim new zealand reddit,国家·核心,国家·口碑,国家页,新 FAQ：真实用户怎么说（只给入口不印分）,31.4,,en,已覆盖
esim para mexico reddit,国家·核心,国家·口碑,国家页,新 FAQ：真实用户怎么说（只给入口不印分）,31.4,,en,已覆盖
esim qatar reddit,国家·核心,国家·口碑,国家页,新 FAQ：真实用户怎么说（只给入口不印分）,31.4,,en,已覆盖
esim uk travel reddit,国家·核心,国家·口碑,国家页,新 FAQ：真实用户怎么说（只给入口不印分）,31.4,,en,已覆盖
kolbi esim costa rica reddit,国家·核心,国家·口碑,国家页,新 FAQ：真实用户怎么说（只给入口不印分）,31.4,,en,已覆盖
korea esim red reddit,国家·核心,国家·口碑,国家页,新 FAQ：真实用户怎么说（只给入口不印分）,31.4,,en,已覆盖
lg esim korea reddit,国家·核心,国家·口碑,国家页,新 FAQ：真实用户怎么说（只给入口不印分）,31.4,,en,已覆盖
mobimatter esim china reddit,国家·核心,国家·口碑,国家页,新 FAQ：真实用户怎么说（只给入口不印分）,31.4,,en,已覆盖
revolut esim peru reddit,国家·核心,国家·口碑,国家页,新 FAQ：真实用户怎么说（只给入口不印分）,31.4,,en,已覆盖
revolut esim south africa reddit,国家·核心,国家·口碑,国家页,新 FAQ：真实用户怎么说（只给入口不印分）,31.4,,en,已覆盖
spark esim new zealand reddit,国家·核心,国家·口碑,国家页,新 FAQ：真实用户怎么说（只给入口不印分）,31.4,,en,已覆盖
spark esim new zealand review,国家·核心,国家·口碑,国家页,新 FAQ：真实用户怎么说（只给入口不印分）,31.4,,en,已覆盖
taiwan esim registration reddit,国家·核心,国家·口碑,国家页,新 FAQ：真实用户怎么说（只给入口不印分）,31.4,,en,已覆盖
travel esim new zealand reddit,国家·核心,国家·口碑,国家页,新 FAQ：真实用户怎么说（只给入口不印分）,31.4,,en,已覆盖
vodafone esim egypt reddit,国家·核心,国家·口碑,国家页,新 FAQ：真实用户怎么说（只给入口不印分）,31.4,,en,已覆盖
vodafone esim italy reddit,国家·核心,国家·口碑,国家页,新 FAQ：真实用户怎么说（只给入口不印分）,31.4,,en,已覆盖
vodafone esim netherlands reddit,国家·核心,国家·口碑,国家页,新 FAQ：真实用户怎么说（只给入口不印分）,31.4,,en,已覆盖
esim bali indonesia reddit,国家·核心,国家·口碑,国家页,新 FAQ：真实用户怎么说（只给入口不印分）,29.5,,en,已覆盖
esim china reddit,国家·核心,国家·口碑,国家页,新 FAQ：真实用户怎么说（只给入口不印分）,29.5,,en,已覆盖
esim philippines reddit,国家·核心,国家·口碑,国家页,新 FAQ：真实用户怎么说（只给入口不印分）,29.5,,en,已覆盖
orange esim egypt reddit,国家·核心,国家·口碑,国家页,新 FAQ：真实用户怎么说（只给入口不印分）,29.5,,en,已覆盖
trip com esim for china review,国家·核心,国家·口碑,国家页,新 FAQ：真实用户怎么说（只给入口不印分）,29.5,,en,已覆盖
vietnam esim reddit,国家·核心,国家·口碑,国家页,新 FAQ：真实用户怎么说（只给入口不印分）,29.5,,en,已覆盖
vodafone esim france reddit,国家·核心,国家·口碑,国家页,新 FAQ：真实用户怎么说（只给入口不印分）,29.5,,en,已覆盖
vodafone esim south africa review,国家·核心,国家·口碑,国家页,新 FAQ：真实用户怎么说（只给入口不印分）,29.5,,en,已覆盖
esim india travel reddit,国家·核心,国家·口碑,国家页,新 FAQ：真实用户怎么说（只给入口不印分）,29.0,,en,已覆盖
esim korea travel reddit,国家·核心,国家·口碑,国家页,新 FAQ：真实用户怎么说（只给入口不印分）,29.0,,en,已覆盖
esim vietnam review,国家·核心,国家·口碑,国家页,新 FAQ：真实用户怎么说（只给入口不印分）,29.0,,en,已覆盖
uae esim tourist reddit,国家·核心,国家·口碑,国家页,新 FAQ：真实用户怎么说（只给入口不印分）,29.0,,en,已覆盖
esim card thailand review,国家·核心,国家·口碑,国家页,新 FAQ：真实用户怎么说（只给入口不印分）,27.6,,en,已覆盖
esim cards uk review,国家·核心,国家·口碑,国家页,新 FAQ：真实用户怎么说（只给入口不印分）,27.6,,en,已覆盖
esim for fiji reddit,国家·核心,国家·口碑,国家页,新 FAQ：真实用户怎么说（只给入口不印分）,27.6,,en,已覆盖
esim for indonesia reddit,国家·核心,国家·口碑,国家页,新 FAQ：真实用户怎么说（只给入口不印分）,27.6,,en,已覆盖
esim for uae reddit,国家·核心,国家·口碑,国家页,新 FAQ：真实用户怎么说（只给入口不印分）,27.6,,en,已覆盖
esim for vietnam reddit,国家·核心,国家·口碑,国家页,新 FAQ：真实用户怎么说（只给入口不印分）,27.6,,en,已覆盖
esim hong kong macau reddit,国家·核心,国家·口碑,国家页,新 FAQ：真实用户怎么说（只给入口不印分）,27.6,,en,已覆盖
esim spain reddit,国家·核心,国家·口碑,国家页,新 FAQ：真实用户怎么说（只给入口不印分）,27.6,,en,已覆盖
esim thailand reddit,国家·核心,国家·口碑,国家页,新 FAQ：真实用户怎么说（只给入口不印分）,27.6,,en,已覆盖
esim usa reviews,国家·核心,国家·口碑,国家页,新 FAQ：真实用户怎么说（只给入口不印分）,27.6,,en,已覆盖
prepaid esim canada reddit,国家·核心,国家·口碑,国家页,新 FAQ：真实用户怎么说（只给入口不印分）,27.6,,en,已覆盖
revolut esim japan reddit,国家·核心,国家·口碑,国家页,新 FAQ：真实用户怎么说（只给入口不印分）,27.6,,en,已覆盖
smart esim philippines tourist reddit,国家·核心,国家·口碑,国家页,新 FAQ：真实用户怎么说（只给入口不印分）,27.6,,en,已覆盖
telcel esim mexico reddit,国家·核心,国家·口碑,国家页,新 FAQ：真实用户怎么说（只给入口不印分）,27.6,,en,已覆盖
tourist esim singapore reddit,国家·核心,国家·口碑,国家页,新 FAQ：真实用户怎么说（只给入口不印分）,27.6,,en,已覆盖
true esim thailand reddit,国家·核心,国家·口碑,国家页,新 FAQ：真实用户怎么说（只给入口不印分）,27.6,,en,已覆盖
tsimtech esim china reddit,国家·核心,国家·口碑,国家页,新 FAQ：真实用户怎么说（只给入口不印分）,27.6,,en,已覆盖
vodafone esim germany reddit,国家·核心,国家·口碑,国家页,新 FAQ：真实用户怎么说（只给入口不印分）,27.6,,en,已覆盖
vodafone esim india reddit,国家·核心,国家·口碑,国家页,新 FAQ：真实用户怎么说（只给入口不印分）,27.6,,en,已覆盖
esim australia tourist reddit,国家·核心,国家·口碑,国家页,新 FAQ：真实用户怎么说（只给入口不印分）,27.1,,en,已覆盖
esim usa travel reddit,国家·核心,国家·口碑,国家页,新 FAQ：真实用户怎么说（只给入口不印分）,27.1,,en,已覆盖
esim canada reddit,国家·核心,国家·口碑,国家页,新 FAQ：真实用户怎么说（只给入口不印分）,25.8,,en,已覆盖
esim io usa review,国家·核心,国家·口碑,国家页,新 FAQ：真实用户怎么说（只给入口不印分）,25.8,,en,已覆盖
esim.card portugal reddit,国家·核心,国家·口碑,国家页,新 FAQ：真实用户怎么说（只给入口不印分）,25.8,,en,已覆盖
maya esim new zealand review,国家·核心,国家·口碑,国家页,新 FAQ：真实用户怎么说（只给入口不印分）,25.8,,en,已覆盖
maya esim saudi arabia review,国家·核心,国家·口碑,国家页,新 FAQ：真实用户怎么说（只给入口不印分）,25.8,,en,已覆盖
sparks esim greece reddit,国家·核心,国家·口碑,国家页,新 FAQ：真实用户怎么说（只给入口不印分）,25.8,,en,已覆盖
thailand esim card reddit,国家·核心,国家·口碑,国家页,新 FAQ：真实用户怎么说（只给入口不印分）,25.8,,en,已覆盖
esim for mexico city reddit,国家·核心,国家·口碑,国家页,新 FAQ：真实用户怎么说（只给入口不印分）,25.2,,en,已覆盖
beste esim japan reddit,国家·核心,国家·口碑,国家页,新 FAQ：真实用户怎么说（只给入口不印分）,23.9,,de,已覆盖
beste esim thailand reddit,国家·核心,国家·口碑,国家页,新 FAQ：真实用户怎么说（只给入口不印分）,23.9,,de,已覆盖
breeze esim canada reddit,国家·核心,国家·口碑,国家页,新 FAQ：真实用户怎么说（只给入口不印分）,23.9,,en,已覆盖
chunghwa esim taiwan reddit,国家·核心,国家·口碑,国家页,新 FAQ：真实用户怎么说（只给入口不印分）,23.9,,en,已覆盖
claro esim colombia reddit,国家·核心,国家·口碑,国家页,新 FAQ：真实用户怎么说（只给入口不印分）,23.9,,en,已覆盖
cmlink esim china reddit,国家·核心,国家·口碑,国家页,新 FAQ：真实用户怎么说（只给入口不印分）,23.9,,en,已覆盖
esim card philippines reddit,国家·核心,国家·口碑,国家页,新 FAQ：真实用户怎么说（只给入口不印分）,23.9,,en,已覆盖
esim egypt reddit,国家·核心,国家·口碑,国家页,新 FAQ：真实用户怎么说（只给入口不印分）,23.9,,en,已覆盖
esim for austria reddit,国家·核心,国家·口碑,国家页,新 FAQ：真实用户怎么说（只给入口不印分）,23.9,,en,已覆盖
esim for croatia reddit,国家·核心,国家·口碑,国家页,新 FAQ：真实用户怎么说（只给入口不印分）,23.9,,en,已覆盖
esim for france reddit,国家·核心,国家·口碑,国家页,新 FAQ：真实用户怎么说（只给入口不印分）,23.9,,en,已覆盖
esim for south africa reddit,国家·核心,国家·口碑,国家页,新 FAQ：真实用户怎么说（只给入口不印分）,23.9,,en,已覆盖
esim for spain reddit,国家·核心,国家·口碑,国家页,新 FAQ：真实用户怎么说（只给入口不印分）,23.9,,en,已覆盖
esim france reddit,国家·核心,国家·口碑,国家页,新 FAQ：真实用户怎么说（只给入口不印分）,23.9,,en,已覆盖
esim hong kong reddit,国家·核心,国家·口碑,国家页,新 FAQ：真实用户怎么说（只给入口不印分）,23.9,,en,已覆盖
esim ireland reddit,国家·核心,国家·口碑,国家页,新 FAQ：真实用户怎么说（只给入口不印分）,23.9,,en,已覆盖
esim korea reddit,国家·核心,国家·口碑,国家页,新 FAQ：真实用户怎么说（只给入口不印分）,23.9,,en,已覆盖
esim south africa reddit,国家·核心,国家·口碑,国家页,新 FAQ：真实用户怎么说（只给入口不印分）,23.9,,en,已覆盖
esim uae reddit,国家·核心,国家·口碑,国家页,新 FAQ：真实用户怎么说（只给入口不印分）,23.9,,en,已覆盖
globe esim philippines reddit,国家·核心,国家·口碑,国家页,新 FAQ：真实用户怎么说（只给入口不印分）,23.9,,en,已覆盖
maya esim costa rica review,国家·核心,国家·口碑,国家页,新 FAQ：真实用户怎么说（只给入口不印分）,23.9,,en,已覆盖
maya esim south africa review,国家·核心,国家·口碑,国家页,新 FAQ：真实用户怎么说（只给入口不印分）,23.9,,en,已覆盖
revolut esim switzerland reddit,国家·核心,国家·口碑,国家页,新 FAQ：真实用户怎么说（只给入口不印分）,23.9,,en,已覆盖
three esim ireland reddit,国家·核心,国家·口碑,国家页,新 FAQ：真实用户怎么说（只给入口不印分）,23.9,,en,已覆盖
viettel esim vietnam reddit,国家·核心,国家·口碑,国家页,新 FAQ：真实用户怎么说（只给入口不印分）,23.9,,en,已覆盖
esim card costa rica reddit,国家·核心,国家·口碑,国家页,新 FAQ：真实用户怎么说（只给入口不印分）,22.0,,en,已覆盖
esim germany reddit,国家·核心,国家·口碑,国家页,新 FAQ：真实用户怎么说（只给入口不印分）,22.0,,en,已覆盖
esim india reddit,国家·核心,国家·口碑,国家页,新 FAQ：真实用户怎么说（只给入口不印分）,22.0,,en,已覆盖
where to get esim in korea reddit,国家·核心,国家·口碑,国家页,新 FAQ：真实用户怎么说（只给入口不印分）,22.0,,en,已覆盖
roaming esim thailand review,国家·核心,国家·口碑,国家页,新 FAQ：真实用户怎么说（只给入口不印分）,21.5,,en,已覆盖
canada prepaid sim card for tourist reddit,国家·核心,国家·口碑,国家页,新 FAQ：真实用户怎么说（只给入口不印分）,20.1,,en,已覆盖
china esim card reddit,国家·核心,国家·口碑,国家页,新 FAQ：真实用户怎么说（只给入口不印分）,20.1,,en,已覆盖
digital republic esim switzerland reddit,国家·核心,国家·口碑,国家页,新 FAQ：真实用户怎么说（只给入口不印分）,20.1,,en,已覆盖
esim for canada reddit,国家·核心,国家·口碑,国家页,新 FAQ：真实用户怎么说（只给入口不印分）,20.1,,en,已覆盖
esim for england reddit,国家·核心,国家·口碑,国家页,新 FAQ：真实用户怎么说（只给入口不印分）,20.1,,en,已覆盖
esim japan recommendation reddit,国家·核心,国家·口碑,国家页,新 FAQ：真实用户怎么说（只给入口不印分）,20.1,,en,已覆盖
esim malaysia reddit,国家·核心,国家·口碑,国家页,新 FAQ：真实用户怎么说（只给入口不印分）,20.1,,en,已覆盖
esim para colombia reddit,国家·核心,国家·口碑,国家页,新 FAQ：真实用户怎么说（只给入口不印分）,20.1,,en,已覆盖
esim saudi arabia reddit,国家·核心,国家·口碑,国家页,新 FAQ：真实用户怎么说（只给入口不印分）,20.1,,en,已覆盖
esim uk reddit,国家·核心,国家·口碑,国家页,新 FAQ：真实用户怎么说（只给入口不印分）,20.1,,en,已覆盖
hong kong esim reddit tourist,国家·核心,国家·口碑,国家页,新 FAQ：真实用户怎么说（只给入口不印分）,20.1,,en,已覆盖
japan esim tourist review,国家·核心,国家·口碑,国家页,新 FAQ：真实用户怎么说（只给入口不印分）,20.1,,en,已覆盖
kolbi esim costa rica review,国家·核心,国家·口碑,国家页,新 FAQ：真实用户怎么说（只给入口不印分）,20.1,,en,已覆盖
lycamobile esim portugal reddit,国家·核心,国家·口碑,国家页,新 FAQ：真实用户怎么说（只给入口不印分）,20.1,,en,已覆盖
maya esim china reddit,国家·核心,国家·口碑,国家页,新 FAQ：真实用户怎么说（只给入口不印分）,20.1,,en,已覆盖
northern ireland esim reddit,国家·核心,国家·口碑,国家页,新 FAQ：真实用户怎么说（只给入口不印分）,20.1,,en,已覆盖
nz esim reddit,国家·核心,国家·口碑,国家页,新 FAQ：真实用户怎么说（只给入口不印分）,20.1,,en,已覆盖
prepaid esim germany reddit,国家·核心,国家·口碑,国家页,新 FAQ：真实用户怎么说（只给入口不印分）,20.1,,en,已覆盖
sosim esim hong kong reddit,国家·核心,国家·口碑,国家页,新 FAQ：真实用户怎么说（只给入口不印分）,20.1,,en,已覆盖
telkomsel esim indonesia reddit,国家·核心,国家·口碑,国家页,新 FAQ：真实用户怎么说（只给入口不印分）,20.1,,en,已覆盖
thailand e sim card for tourist reddit,国家·核心,国家·口碑,国家页,新 FAQ：真实用户怎么说（只给入口不印分）,20.1,,en,已覆盖
tourist esim malaysia reddit,国家·核心,国家·口碑,国家页,新 FAQ：真实用户怎么说（只给入口不印分）,20.1,,en,已覆盖
travel esim thailand reddit,国家·核心,国家·口碑,国家页,新 FAQ：真实用户怎么说（只给入口不印分）,20.1,,en,已覆盖
uk prepaid sim card for tourist reddit,国家·核心,国家·口碑,国家页,新 FAQ：真实用户怎么说（只给入口不印分）,20.1,,en,已覆盖
claro esim costa rica reddit,国家·核心,国家·口碑,国家页,新 FAQ：真实用户怎么说（只给入口不印分）,18.2,,en,已覆盖
free esim france reddit,国家·核心,国家·口碑,国家页,新 FAQ：真实用户怎么说（只给入口不印分）,18.2,,en,已覆盖
orange esim greece reddit,国家·核心,国家·口碑,国家页,新 FAQ：真实用户怎么说（只给入口不印分）,18.2,,en,已覆盖
vodafone esim peru reddit,国家·核心,国家·口碑,国家页,新 FAQ：真实用户怎么说（只给入口不印分）,18.2,,en,已覆盖
esim travel morocco reddit,国家·核心,国家·口碑,国家页,新 FAQ：真实用户怎么说（只给入口不印分）,17.8,,en,已覆盖
roaming esim usa reviews,国家·核心,国家·口碑,国家页,新 FAQ：真实用户怎么说（只给入口不印分）,17.8,,en,已覆盖
ee esim uk reddit,国家·核心,国家·口碑,国家页,新 FAQ：真实用户怎么说（只给入口不印分）,16.4,,en,已覆盖
esim card france reddit,国家·核心,国家·口碑,国家页,新 FAQ：真实用户怎么说（只给入口不印分）,16.4,,en,已覆盖
esim card italy reddit,国家·核心,国家·口碑,国家页,新 FAQ：真实用户怎么说（只给入口不印分）,16.4,,en,已覆盖
esim for australia reddit,国家·核心,国家·口碑,国家页,新 FAQ：真实用户怎么说（只给入口不印分）,16.4,,en,已覆盖
esim for italy travel reddit,国家·核心,国家·口碑,国家页,新 FAQ：真实用户怎么说（只给入口不印分）,16.4,,en,已覆盖
esim for malaysia reddit,国家·核心,国家·口碑,国家页,新 FAQ：真实用户怎么说（只给入口不印分）,16.4,,en,已覆盖
esim for singapore reddit,国家·核心,国家·口碑,国家页,新 FAQ：真实用户怎么说（只给入口不印分）,16.4,,en,已覆盖
esim israel reddit,国家·核心,国家·口碑,国家页,新 FAQ：真实用户怎么说（只给入口不印分）,16.4,,en,已覆盖
gigsky esim costa rica review,国家·核心,国家·口碑,国家页,新 FAQ：真实用户怎么说（只给入口不印分）,16.4,,en,已覆盖
japan esim reddit sg,国家·核心,国家·口碑,国家页,新 FAQ：真实用户怎么说（只给入口不印分）,16.4,,en,已覆盖
lebara esim france reddit,国家·核心,国家·口碑,国家页,新 FAQ：真实用户怎么说（只给入口不印分）,16.4,,en,已覆盖
maew esim thailand reddit,国家·核心,国家·口碑,国家页,新 FAQ：真实用户怎么说（只给入口不印分）,16.4,,en,已覆盖
maya esim greece reddit,国家·核心,国家·口碑,国家页,新 FAQ：真实用户怎么说（只给入口不印分）,16.4,,en,已覆盖
orange esim portugal reddit,国家·核心,国家·口碑,国家页,新 FAQ：真实用户怎么说（只给入口不印分）,16.4,,en,已覆盖
reddit esim for greece,国家·核心,国家·口碑,国家页,新 FAQ：真实用户怎么说（只给入口不印分）,16.4,,en,已覆盖
redteago esim china reddit,国家·核心,国家·口碑,国家页,新 FAQ：真实用户怎么说（只给入口不印分）,16.4,,en,已覆盖
revolut esim india reddit,国家·核心,国家·口碑,国家页,新 FAQ：真实用户怎么说（只给入口不印分）,16.4,,en,已覆盖
roafly esim costa rica review,国家·核心,国家·口碑,国家页,新 FAQ：真实用户怎么说（只给入口不印分）,16.4,,en,已覆盖
travel esim mexico reddit,国家·核心,国家·口碑,国家页,新 FAQ：真实用户怎么说（只给入口不印分）,16.4,,en,已覆盖
vietnam esim online reddit,国家·核心,国家·口碑,国家页,新 FAQ：真实用户怎么说（只给入口不印分）,16.4,,en,已覆盖
vodafone italy esim tourist review,国家·核心,国家·口碑,国家页,新 FAQ：真实用户怎么说（只给入口不印分）,16.4,,en,已覆盖
csl esim hong kong review,国家·核心,国家·口碑,国家页,新 FAQ：真实用户怎么说（只给入口不印分）,12.6,,en,已覆盖
revolut esim south africa review,国家·核心,国家·口碑,国家页,新 FAQ：真实用户怎么说（只给入口不印分）,12.6,,en,已覆盖
simify esim for japan review,国家·核心,国家·口碑,国家页,新 FAQ：真实用户怎么说（只给入口不印分）,12.6,,en,已覆盖
is esim available in portugal,国家·核心,国家·可用性问答,国家页,新 FAQ：这个国家能用 eSIM 吗,88.8,0.0,en,已覆盖
is esim available in philippines,国家·核心,国家·可用性问答,国家页,新 FAQ：这个国家能用 eSIM 吗,85.0,0.0,en,已覆盖
is there an esim in the philippines,国家·核心,国家·可用性问答,国家页,新 FAQ：这个国家能用 eSIM 吗,85.0,0.0,en,已覆盖
is esim available in egypt,国家·核心,国家·可用性问答,国家页,新 FAQ：这个国家能用 eSIM 吗,82.9,0.0,en,已覆盖
is esim available in kenya,国家·核心,国家·可用性问答,国家页,新 FAQ：这个国家能用 eSIM 吗,82.9,0.0,en,已覆盖
is esim available in saudi arabia,国家·核心,国家·可用性问答,国家页,新 FAQ：这个国家能用 eSIM 吗,82.9,0.0,en,已覆盖
does esim work in china,国家·核心,国家·可用性问答,国家页,新 FAQ：这个国家能用 eSIM 吗,82.2,0.0,en,已覆盖
is esim available in australia,国家·核心,国家·可用性问答,国家页,新 FAQ：这个国家能用 eSIM 吗,79.5,0.0,en,已覆盖
is esim available in canada,国家·核心,国家·可用性问答,国家页,新 FAQ：这个国家能用 eSIM 吗,78.1,0.0,en,已覆盖
is esim available in south africa,国家·核心,国家·可用性问答,国家页,新 FAQ：这个国家能用 eSIM 吗,76.4,0.0,en,已覆盖
does esim work in mexico,国家·核心,国家·可用性问答,国家页,新 FAQ：这个国家能用 eSIM 吗,74.0,0.0,en,已覆盖
is esim available in uae,国家·核心,国家·可用性问答,国家页,新 FAQ：这个国家能用 eSIM 吗,74.0,0.0,en,已覆盖
is esim available in singapore,国家·核心,国家·可用性问答,国家页,新 FAQ：这个国家能用 eSIM 吗,73.6,0.0,en,已覆盖
is esim available in ireland,国家·核心,国家·可用性问答,国家页,新 FAQ：这个国家能用 eSIM 吗,70.9,0.0,en,已覆盖
is esim available in new zealand,国家·核心,国家·可用性问答,国家页,新 FAQ：这个国家能用 eSIM 吗,69.9,0.0,en,已覆盖
is esim available in malaysia,国家·核心,国家·可用性问答,国家页,新 FAQ：这个国家能用 eSIM 吗,65.8,0.0,en,已覆盖
is esim available in usa,国家·核心,国家·可用性问答,国家页,新 FAQ：这个国家能用 eSIM 吗,60.8,,en,已覆盖
is esim available in uk,国家·核心,国家·可用性问答,国家页,新 FAQ：这个国家能用 eSIM 吗,60.2,,en,已覆盖
is esim available in japan,国家·核心,国家·可用性问答,国家页,新 FAQ：这个国家能用 eSIM 吗,56.1,,en,已覆盖
is esim available in thailand,国家·核心,国家·可用性问答,国家页,新 FAQ：这个国家能用 eSIM 吗,54.8,,en,已覆盖
can i get an esim for south africa,国家·核心,国家·可用性问答,国家页,新 FAQ：这个国家能用 eSIM 吗,46.4,,en,已覆盖
do i need an esim for china travel,国家·核心,国家·可用性问答,国家页,新 FAQ：这个国家能用 eSIM 吗,46.4,,en,已覆盖
do i need an esim for england,国家·核心,国家·可用性问答,国家页,新 FAQ：这个国家能用 eSIM 吗,46.4,,en,已覆盖
do i need an esim for japan if i have t-mobile,国家·核心,国家·可用性问答,国家页,新 FAQ：这个国家能用 eSIM 吗,46.4,,en,已覆盖
do i need an esim for mexico city,国家·核心,国家·可用性问答,国家页,新 FAQ：这个国家能用 eSIM 吗,46.4,,en,已覆盖
does esim work in china without vpn,国家·核心,国家·可用性问答,国家页,新 FAQ：这个国家能用 eSIM 吗,46.4,,en,已覆盖
does esim work in india properly,国家·核心,国家·可用性问答,国家页,新 FAQ：这个国家能用 eSIM 吗,46.4,,en,已覆盖
is esim available in egypt vodafone,国家·核心,国家·可用性问答,国家页,新 FAQ：这个国家能用 eSIM 吗,46.4,,en,已覆盖
is esim available in south korea,国家·核心,国家·可用性问答,国家页,新 FAQ：这个国家能用 eSIM 吗,46.4,,en,已覆盖
is esim available in uk for lebara,国家·核心,国家·可用性问答,国家页,新 FAQ：这个国家能用 eSIM 吗,46.4,,en,已覆盖
do i need an esim and vpn for china,国家·核心,国家·可用性问答,国家页,新 FAQ：这个国家能用 eSIM 吗,44.5,,en,已覆盖
do i need an esim for italy if i have t mobile,国家·核心,国家·可用性问答,国家页,新 FAQ：这个国家能用 eSIM 吗,44.5,,en,已覆盖
do i need an esim for italy travel,国家·核心,国家·可用性问答,国家页,新 FAQ：这个国家能用 eSIM 吗,44.5,,en,已覆盖
is esim available in smart philippines,国家·核心,国家·可用性问答,国家页,新 FAQ：这个国家能用 eSIM 吗,44.5,,en,已覆盖
do i need an esim for turkey from uk,国家·核心,国家·可用性问答,国家页,新 FAQ：这个国家能用 eSIM 吗,44.0,,en,已覆盖
can i get an esim for costa rica,国家·核心,国家·可用性问答,国家页,新 FAQ：这个国家能用 eSIM 吗,42.6,,en,已覆盖
do i need a separate esim for hong kong,国家·核心,国家·可用性问答,国家页,新 FAQ：这个国家能用 eSIM 吗,42.6,,en,已覆盖
do i need an esim for japan if i have verizon,国家·核心,国家·可用性问答,国家页,新 FAQ：这个国家能用 eSIM 吗,42.6,,en,已覆盖
does esim work in england,国家·核心,国家·可用性问答,国家页,新 FAQ：这个国家能用 eSIM 吗,42.6,,en,已覆盖
does esim work in south korea,国家·核心,国家·可用性问答,国家页,新 FAQ：这个国家能用 eSIM 吗,42.6,,en,已覆盖
is esim available in india for jio,国家·核心,国家·可用性问答,国家页,新 FAQ：这个国家能用 eSIM 吗,42.6,,en,已覆盖
how does esim work in singapore,国家·核心,国家·可用性问答,国家页,新 FAQ：这个国家能用 eSIM 吗,41.1,,en,已覆盖
do i need an esim for china if i have a vpn,国家·核心,国家·可用性问答,国家页,新 FAQ：这个国家能用 eSIM 吗,40.8,,en,已覆盖
is esim available in india for airtel,国家·核心,国家·可用性问答,国家页,新 FAQ：这个国家能用 eSIM 吗,40.8,,en,已覆盖
do i need a sim card for mexico,国家·核心,国家·可用性问答,国家页,新 FAQ：这个国家能用 eSIM 吗,40.3,,en,已覆盖
do i need an esim for turkey from ireland,国家·核心,国家·可用性问答,国家页,新 FAQ：这个国家能用 eSIM 吗,40.3,,en,已覆盖
do i need an esim for japan with t mobile,国家·核心,国家·可用性问答,国家页,新 FAQ：这个国家能用 eSIM 吗,38.9,,en,已覆盖
do i need an esim for northern ireland,国家·核心,国家·可用性问答,国家页,新 FAQ：这个国家能用 eSIM 吗,38.9,,en,已覆盖
do i need an esim to travel to spain,国家·核心,国家·可用性问答,国家页,新 FAQ：这个国家能用 eSIM 吗,38.9,,en,已覆盖
do i need e sim for canada,国家·核心,国家·可用性问答,国家页,新 FAQ：这个国家能用 eSIM 吗,38.9,,en,已覆盖
do i need esim for mexico t mobile,国家·核心,国家·可用性问答,国家页,新 FAQ：这个国家能用 eSIM 吗,38.9,,en,已覆盖
do i need to get an esim for canada,国家·核心,国家·可用性问答,国家页,新 FAQ：这个国家能用 eSIM 吗,38.9,,en,已覆盖
does esim work in china reddit,国家·核心,国家·可用性问答,国家页,新 FAQ：这个国家能用 eSIM 吗,38.9,,en,已覆盖
does esim work in india airtel,国家·核心,国家·可用性问答,国家页,新 FAQ：这个国家能用 eSIM 吗,38.9,,en,已覆盖
how can i get an esim for morocco,国家·核心,国家·可用性问答,国家页,新 FAQ：这个国家能用 eSIM 吗,38.9,,en,已覆盖
how can i get an esim in south africa,国家·核心,国家·可用性问答,国家页,新 FAQ：这个国家能用 eSIM 吗,38.9,,en,已覆盖
is esim available in china now,国家·核心,国家·可用性问答,国家页,新 FAQ：这个国家能用 eSIM 吗,38.9,,en,已覆盖
is esim available in india,国家·核心,国家·可用性问答,国家页,新 FAQ：这个国家能用 eSIM 吗,37.2,,en,已覆盖
can i get an esim for hong kong,国家·核心,国家·可用性问答,国家页,新 FAQ：这个国家能用 eSIM 吗,35.1,,en,已覆盖
can i get an esim for new zealand,国家·核心,国家·可用性问答,国家页,新 FAQ：这个国家能用 eSIM 吗,35.1,,en,已覆盖
do i need a vpn if i get an esim for china,国家·核心,国家·可用性问答,国家页,新 FAQ：这个国家能用 eSIM 吗,35.1,,en,已覆盖
do i need an esim for japan if i have att,国家·核心,国家·可用性问答,国家页,新 FAQ：这个国家能用 eSIM 吗,35.1,,en,已覆盖
do i need an esim to go to mexico,国家·核心,国家·可用性问答,国家页,新 FAQ：这个国家能用 eSIM 吗,35.1,,en,已覆盖
does esim work in china with vpn,国家·核心,国家·可用性问答,国家页,新 FAQ：这个国家能用 eSIM 吗,35.1,,en,已覆盖
do i need an esim.for canada from.uk,国家·核心,国家·可用性问答,国家页,新 FAQ：这个国家能用 eSIM 吗,34.6,,en,已覆盖
do i need to register esim in hong kong,国家·核心,国家·可用性问答,国家页,新 FAQ：这个国家能用 eSIM 吗,33.2,,en,已覆盖
do i need an esim for albania from ireland,国家·核心,国家·可用性问答,国家页,新 FAQ：这个国家能用 eSIM 吗,31.4,,en,已覆盖
do i need an esim for japan reddit,国家·核心,国家·可用性问答,国家页,新 FAQ：这个国家能用 eSIM 吗,31.4,,en,已覆盖
do i need an esim to go to canada,国家·核心,国家·可用性问答,国家页,新 FAQ：这个国家能用 eSIM 吗,31.4,,en,已覆盖
do i need an esim to use alipay in china,国家·核心,国家·可用性问答,国家页,新 FAQ：这个国家能用 eSIM 吗,31.4,,en,已覆盖
is there esim available in china,国家·核心,国家·可用性问答,国家页,新 FAQ：这个国家能用 eSIM 吗,31.4,,en,已覆盖
what do i need to buy a sim card in south africa,国家·核心,国家·可用性问答,国家页,新 FAQ：这个国家能用 eSIM 吗,31.4,,en,已覆盖
how can i get esim in uk,国家·核心,国家·可用性问答,国家页,新 FAQ：这个国家能用 eSIM 吗,31.2,,en,已覆盖
do i need an esim for dublin from uk,国家·核心,国家·可用性问答,国家页,新 FAQ：这个国家能用 eSIM 吗,29.5,,en,已覆盖
do i need an esim for japan att,国家·核心,国家·可用性问答,国家页,新 FAQ：这个国家能用 eSIM 吗,27.6,,en,已覆盖
do i need to get an esim for hk if i have china mobile,国家·核心,国家·可用性问答,国家页,新 FAQ：这个国家能用 eSIM 吗,27.6,,en,已覆盖
do i need an esim for japan travel,国家·核心,国家·可用性问答,国家页,新 FAQ：这个国家能用 eSIM 吗,23.9,,en,已覆盖
can i get a sim card in india,国家·核心,国家·可用性问答,国家页,新 FAQ：这个国家能用 eSIM 吗,20.1,,en,已覆盖
do i need an esim for albania from uk,国家·核心,国家·可用性问答,国家页,新 FAQ：这个国家能用 eSIM 吗,20.1,,en,已覆盖
does esim work everywhere in india,国家·核心,国家·可用性问答,国家页,新 FAQ：这个国家能用 eSIM 吗,20.1,,en,已覆盖
does esim work in north korea,国家·核心,国家·可用性问答,国家页,新 FAQ：这个国家能用 eSIM 吗,20.1,,en,已覆盖
is there esim available in india,国家·核心,国家·可用性问答,国家页,新 FAQ：这个国家能用 eSIM 吗,20.1,,en,已覆盖
do i need to buy an esim for japan,国家·核心,国家·可用性问答,国家页,新 FAQ：这个国家能用 eSIM 吗,16.4,,en,已覆盖
does esim work well in japan,国家·核心,国家·可用性问答,国家页,新 FAQ：这个国家能用 eSIM 吗,16.4,,en,已覆盖
best esim for india with phone number,国家·规格/流量,国家·号码与通话,国家页,新 FAQ：要不要本地号码,46.4,,en,已覆盖
china esim card with phone number,国家·规格/流量,国家·号码与通话,国家页,新 FAQ：要不要本地号码,46.4,,en,已覆盖
esim canada plans with phone number,国家·规格/流量,国家·号码与通话,国家页,新 FAQ：要不要本地号码,46.4,,en,已覆盖
esim with phone number singapore,国家·规格/流量,国家·号码与通话,国家页,新 FAQ：要不要本地号码,46.4,,en,已覆盖
hong kong esim card with phone number,国家·规格/流量,国家·号码与通话,国家页,新 FAQ：要不要本地号码,46.4,,en,已覆盖
italy esim card with phone number,国家·规格/流量,国家·号码与通话,国家页,新 FAQ：要不要本地号码,46.4,,en,已覆盖
korea esim card with phone number,国家·规格/流量,国家·号码与通话,国家页,新 FAQ：要不要本地号码,46.4,,en,已覆盖
spain esim card with phone number,国家·规格/流量,国家·号码与通话,国家页,新 FAQ：要不要本地号码,46.4,,en,已覆盖
uk esim card with phone number,国家·规格/流量,国家·号码与通话,国家页,新 FAQ：要不要本地号码,46.4,,en,已覆盖
us esim with phone number,国家·规格/流量,国家·号码与通话,国家页,新 FAQ：要不要本地号码,46.4,,en,已覆盖
uk esim plans with phone number,国家·规格/流量,国家·号码与通话,国家页,新 FAQ：要不要本地号码,44.5,,en,已覆盖
usa esim card with phone number,国家·规格/流量,国家·号码与通话,国家页,新 FAQ：要不要本地号码,44.5,,en,已覆盖
australia esim card with phone number,国家·规格/流量,国家·号码与通话,国家页,新 FAQ：要不要本地号码,42.6,,en,已覆盖
best esim for thailand with phone number,国家·规格/流量,国家·号码与通话,国家页,新 FAQ：要不要本地号码,42.6,,en,已覆盖
esim israel with phone number,国家·规格/流量,国家·号码与通话,国家页,新 FAQ：要不要本地号码,42.6,,en,已覆盖
esim new zealand with phone number,国家·规格/流量,国家·号码与通话,国家页,新 FAQ：要不要本地号码,42.6,,en,已覆盖
esim taiwan with phone number,国家·规格/流量,国家·号码与通话,国家页,新 FAQ：要不要本地号码,42.6,,en,已覆盖
esim with phone number india,国家·规格/流量,国家·号码与通话,国家页,新 FAQ：要不要本地号码,42.6,,en,已覆盖
france esim card with phone number,国家·规格/流量,国家·号码与通话,国家页,新 FAQ：要不要本地号码,42.6,,en,已覆盖
taiwan esim card with phone number,国家·规格/流量,国家·号码与通话,国家页,新 FAQ：要不要本地号码,42.6,,en,已覆盖
esim hong kong with phone number,国家·规格/流量,国家·号码与通话,国家页,新 FAQ：要不要本地号码,40.8,,en,已覆盖
malaysia esim card with phone number,国家·规格/流量,国家·号码与通话,国家页,新 FAQ：要不要本地号码,40.8,,en,已覆盖
poland sms esim,国家·规格/流量,国家·号码与通话,国家页,新 FAQ：要不要本地号码,40.3,,en,已覆盖
esim usa phone number,国家·规格/流量,国家·号码与通话,国家页,新 FAQ：要不要本地号码,40.1,,en,已覆盖
best esim for ireland with phone number,国家·规格/流量,国家·号码与通话,国家页,新 FAQ：要不要本地号码,38.9,,en,已覆盖
esim austria with phone number,国家·规格/流量,国家·号码与通话,国家页,新 FAQ：要不要本地号码,38.9,,en,已覆盖
esim for korea with phone number,国家·规格/流量,国家·号码与通话,国家页,新 FAQ：要不要本地号码,38.9,,en,已覆盖
esim ireland with phone number,国家·规格/流量,国家·号码与通话,国家页,新 FAQ：要不要本地号码,38.9,,en,已覆盖
esim korea with phone number,国家·规格/流量,国家·号码与通话,国家页,新 FAQ：要不要本地号码,38.9,,en,已覆盖
esim usa voice calls,国家·规格/流量,国家·号码与通话,国家页,新 FAQ：要不要本地号码,38.9,,en,已覆盖
esim with phone number usa,国家·规格/流量,国家·号码与通话,国家页,新 FAQ：要不要本地号码,38.9,,en,已覆盖
how to get esim china with phone number,国家·规格/流量,国家·号码与通话,国家页,新 FAQ：要不要本地号码,38.9,,en,已覆盖
how to get hong kong esim with phone number,国家·规格/流量,国家·号码与通话,国家页,新 FAQ：要不要本地号码,38.9,,en,已覆盖
japan esim card with phone number,国家·规格/流量,国家·号码与通话,国家页,新 FAQ：要不要本地号码,38.9,,en,已覆盖
singapore esim card with phone number,国家·规格/流量,国家·号码与通话,国家页,新 FAQ：要不要本地号码,38.9,,en,已覆盖
us esim with sms,国家·规格/流量,国家·号码与通话,国家页,新 FAQ：要不要本地号码,38.9,,en,已覆盖
esim australia tourist with phone number,国家·规格/流量,国家·号码与通话,国家页,新 FAQ：要不要本地号码,37.0,,en,已覆盖
esim thailand with phone number,国家·规格/流量,国家·号码与通话,国家页,新 FAQ：要不要本地号码,37.0,,en,已覆盖
esim with phone number china,国家·规格/流量,国家·号码与通话,国家页,新 FAQ：要不要本地号码,37.0,,en,已覆盖
best esim for korea with phone number,国家·规格/流量,国家·号码与通话,国家页,新 FAQ：要不要本地号码,35.1,,en,已覆盖
england esim with phone number,国家·规格/流量,国家·号码与通话,国家页,新 FAQ：要不要本地号码,35.1,,en,已覆盖
esim with phone number japan,国家·规格/流量,国家·号码与通话,国家页,新 FAQ：要不要本地号码,35.1,,en,已覆盖
esim with phone number new zealand,国家·规格/流量,国家·号码与通话,国家页,新 FAQ：要不要本地号码,35.1,,en,已覆盖
japan sim card for tourist with phone number,国家·规格/流量,国家·号码与通话,国家页,新 FAQ：要不要本地号码,35.1,,en,已覆盖
nz esim with phone number,国家·规格/流量,国家·号码与通话,国家页,新 FAQ：要不要本地号码,35.1,,en,已覆盖
uae esim tourist with phone number,国家·规格/流量,国家·号码与通话,国家页,新 FAQ：要不要本地号码,35.1,,en,已覆盖
vietnam esim with phone number,国家·规格/流量,国家·号码与通话,国家页,新 FAQ：要不要本地号码,35.1,,en,已覆盖
esim australia with phone number,国家·规格/流量,国家·号码与通话,国家页,新 FAQ：要不要本地号码,33.2,,en,已覆盖
how to get esim italy with phone number,国家·规格/流量,国家·号码与通话,国家页,新 FAQ：要不要本地号码,33.2,,en,已覆盖
how to get esim korea with phone number,国家·规格/流量,国家·号码与通话,国家页,新 FAQ：要不要本地号码,33.2,,en,已覆盖
esim czech republic with phone number,国家·规格/流量,国家·号码与通话,国家页,新 FAQ：要不要本地号码,32.8,,en,已覆盖
best esim for italy with phone number,国家·规格/流量,国家·号码与通话,国家页,新 FAQ：要不要本地号码,31.4,,en,已覆盖
esim for france with phone number,国家·规格/流量,国家·号码与通话,国家页,新 FAQ：要不要本地号码,31.4,,en,已覆盖
esim for israel with phone number,国家·规格/流量,国家·号码与通话,国家页,新 FAQ：要不要本地号码,31.4,,en,已覆盖
esim for poland with phone number,国家·规格/流量,国家·号码与通话,国家页,新 FAQ：要不要本地号码,31.4,,en,已覆盖
esim greece with phone number,国家·规格/流量,国家·号码与通话,国家页,新 FAQ：要不要本地号码,31.4,,en,已覆盖
esim india sms,国家·规格/流量,国家·号码与通话,国家页,新 FAQ：要不要本地号码,31.4,,en,已覆盖
esim italy with phone number,国家·规格/流量,国家·号码与通话,国家页,新 FAQ：要不要本地号码,31.4,,en,已覆盖
esim japan with phone number,国家·规格/流量,国家·号码与通话,国家页,新 FAQ：要不要本地号码,31.4,,en,已覆盖
esim poland with phone number,国家·规格/流量,国家·号码与通话,国家页,新 FAQ：要不要本地号码,31.4,,en,已覆盖
esim portugal with phone number,国家·规格/流量,国家·号码与通话,国家页,新 FAQ：要不要本地号码,31.4,,en,已覆盖
esim spain sms,国家·规格/流量,国家·号码与通话,国家页,新 FAQ：要不要本地号码,31.4,,en,已覆盖
esim with phone number south africa,国家·规格/流量,国家·号码与通话,国家页,新 FAQ：要不要本地号码,31.4,,en,已覆盖
esim taiwan phone number,国家·规格/流量,国家·号码与通话,国家页,新 FAQ：要不要本地号码,29.5,,en,已覆盖
esim uk with phone number,国家·规格/流量,国家·号码与通话,国家页,新 FAQ：要不要本地号码,29.5,,en,已覆盖
best esim for canada with phone number,国家·规格/流量,国家·号码与通话,国家页,新 FAQ：要不要本地号码,27.6,,en,已覆盖
best esim for vietnam with phone number,国家·规格/流量,国家·号码与通话,国家页,新 FAQ：要不要本地号码,27.6,,en,已覆盖
esim brazil sms,国家·规格/流量,国家·号码与通话,国家页,新 FAQ：要不要本地号码,27.6,,en,已覆盖
esim for taiwan with phone number,国家·规格/流量,国家·号码与通话,国家页,新 FAQ：要不要本地号码,27.6,,en,已覆盖
esim for vietnam with phone number,国家·规格/流量,国家·号码与通话,国家页,新 FAQ：要不要本地号码,27.6,,en,已覆盖
esim france with phone number,国家·规格/流量,国家·号码与通话,国家页,新 FAQ：要不要本地号码,27.6,,en,已覆盖
esim iceland with phone number,国家·规格/流量,国家·号码与通话,国家页,新 FAQ：要不要本地号码,27.6,,en,已覆盖
esim poland for sms,国家·规格/流量,国家·号码与通话,国家页,新 FAQ：要不要本地号码,27.6,,en,已覆盖
esim sms usa,国家·规格/流量,国家·号码与通话,国家页,新 FAQ：要不要本地号码,27.6,,en,已覆盖
esim with phone number uk,国家·规格/流量,国家·号码与通话,国家页,新 FAQ：要不要本地号码,27.6,,en,已覆盖
us esim with phone number prepaid,国家·规格/流量,国家·号码与通话,国家页,新 FAQ：要不要本地号码,27.6,,en,已覆盖
esim for usa with phone number,国家·规格/流量,国家·号码与通话,国家页,新 FAQ：要不要本地号码,27.1,,en,已覆盖
esim usa with phone number,国家·规格/流量,国家·号码与通话,国家页,新 FAQ：要不要本地号码,27.1,,en,已覆盖
esim china with phone number,国家·规格/流量,国家·号码与通话,国家页,新 FAQ：要不要本地号码,25.8,,en,已覆盖
esim with phone number korea,国家·规格/流量,国家·号码与通话,国家页,新 FAQ：要不要本地号码,25.8,,en,已覆盖
esim argentina sms,国家·规格/流量,国家·号码与通话,国家页,新 FAQ：要不要本地号码,23.9,,en,已覆盖
esim canada with phone number,国家·规格/流量,国家·号码与通话,国家页,新 FAQ：要不要本地号码,23.9,,en,已覆盖
esim for china with phone number,国家·规格/流量,国家·号码与通话,国家页,新 FAQ：要不要本地号码,23.9,,en,已覆盖
esim for ireland with phone number,国家·规格/流量,国家·号码与通话,国家页,新 FAQ：要不要本地号码,23.9,,en,已覆盖
esim for philippines with phone number,国家·规格/流量,国家·号码与通话,国家页,新 FAQ：要不要本地号码,23.9,,en,已覆盖
esim germany with phone number,国家·规格/流量,国家·号码与通话,国家页,新 FAQ：要不要本地号码,23.9,,en,已覆盖
esim india with phone number,国家·规格/流量,国家·号码与通话,国家页,新 FAQ：要不要本地号码,23.9,,en,已覆盖
esim philippines with phone number,国家·规格/流量,国家·号码与通话,国家页,新 FAQ：要不要本地号码,23.9,,en,已覆盖
esim spain with phone number,国家·规格/流量,国家·号码与通话,国家页,新 FAQ：要不要本地号码,23.9,,en,已覆盖
esim with phone number australia,国家·规格/流量,国家·号码与通话,国家页,新 FAQ：要不要本地号码,23.9,,en,已覆盖
esim with phone number canada,国家·规格/流量,国家·号码与通话,国家页,新 FAQ：要不要本地号码,23.9,,en,已覆盖
esim with phone number italy,国家·规格/流量,国家·号码与通话,国家页,新 FAQ：要不要本地号码,23.9,,en,已覆盖
esim for australia with phone number,国家·规格/流量,国家·号码与通话,国家页,新 FAQ：要不要本地号码,20.1,,en,已覆盖
esim for canada with phone number,国家·规格/流量,国家·号码与通话,国家页,新 FAQ：要不要本地号码,20.1,,en,已覆盖
esim for germany with phone number,国家·规格/流量,国家·号码与通话,国家页,新 FAQ：要不要本地号码,20.1,,en,已覆盖
esim for greece with phone number,国家·规格/流量,国家·号码与通话,国家页,新 FAQ：要不要本地号码,20.1,,en,已覆盖
esim for iceland with phone number,国家·规格/流量,国家·号码与通话,国家页,新 FAQ：要不要本地号码,20.1,,en,已覆盖
esim for italy with phone number,国家·规格/流量,国家·号码与通话,国家页,新 FAQ：要不要本地号码,20.1,,en,已覆盖
esim netherlands with phone number,国家·规格/流量,国家·号码与通话,国家页,新 FAQ：要不要本地号码,20.1,,en,已覆盖
esim vietnam with phone number,国家·规格/流量,国家·号码与通话,国家页,新 FAQ：要不要本地号码,20.1,,en,已覆盖
esim with phone number hong kong,国家·规格/流量,国家·号码与通话,国家页,新 FAQ：要不要本地号码,20.1,,en,已覆盖
esim with phone number vietnam,国家·规格/流量,国家·号码与通话,国家页,新 FAQ：要不要本地号码,20.1,,en,已覆盖
saudi arabia esim with phone number,国家·规格/流量,国家·号码与通话,国家页,新 FAQ：要不要本地号码,20.1,,en,已覆盖
esim for uk with phone number,国家·规格/流量,国家·号码与通话,国家页,新 FAQ：要不要本地号码,18.2,,en,已覆盖
best esim for usa with phone number,国家·规格/流量,国家·号码与通话,国家页,新 FAQ：要不要本地号码,17.8,,en,已覆盖
best esim for portugal with phone number,国家·规格/流量,国家·号码与通话,国家页,新 FAQ：要不要本地号码,16.4,,en,已覆盖
best esim for uk with phone number,国家·规格/流量,国家·号码与通话,国家页,新 FAQ：要不要本地号码,16.4,,en,已覆盖
esim czech republic sms,国家·规格/流量,国家·号码与通话,国家页,新 FAQ：要不要本地号码,16.4,,en,已覆盖
esim japan voice calls,国家·规格/流量,国家·号码与通话,国家页,新 FAQ：要不要本地号码,16.4,,en,已覆盖
esim singapore with phone number,国家·规格/流量,国家·号码与通话,国家页,新 FAQ：要不要本地号码,16.4,,en,已覆盖
esim with phone number france,国家·规格/流量,国家·号码与通话,国家页,新 FAQ：要不要本地号码,16.4,,en,已覆盖
esim for students uk,国家·核心,国家·场景/长住,国家页,#localnotes 场景段,46.4,,en,已覆盖
esim for students in usa,国家·核心,国家·场景/长住,国家页,#localnotes 场景段,42.6,,en,已覆盖
esim for students canada,国家·核心,国家·场景/长住,国家页,#localnotes 场景段,38.9,,en,已覆盖
esim for students australia,国家·核心,国家·场景/长住,国家页,#localnotes 场景段,35.1,,en,已覆盖
esim for students netherlands,国家·核心,国家·场景/长住,国家页,#localnotes 场景段,31.4,,en,已覆盖
esim for international students singapore,国家·核心,国家·场景/长住,国家页,#localnotes 场景段,27.6,,en,已覆盖
singapore esim for students,国家·核心,国家·场景/长住,国家页,#localnotes 场景段,23.9,,en,已覆盖
esim japan long stay,国家·核心,国家·场景/长住,国家页,#localnotes 场景段,20.1,,en,已覆盖
esim korea exchange student,国家·核心,国家·场景/长住,国家页,#localnotes 场景段,20.1,,en,已覆盖
us esim for students,国家·核心,国家·场景/长住,国家页,#localnotes 场景段,16.4,,en,已覆盖
china esim vs sim,国家·对比,国家·对比,国家页,#tradeoffs 对照段,46.4,0.0,en,已覆盖
compare esim plans singapore,国家·对比,国家·对比,国家页,#tradeoffs 对照段,46.4,0.0,en,已覆盖
esim australia price comparison,国家·对比,国家·对比,国家页,#tradeoffs 对照段,46.4,0.0,en,已覆盖
esim china price comparison,国家·对比,国家·对比,国家页,#tradeoffs 对照段,46.4,0.0,en,已覆盖
esim egypt price comparison,国家·对比,国家·对比,国家页,#tradeoffs 对照段,46.4,,en,已覆盖
esim japan price comparison,国家·对比,国家·对比,国家页,#tradeoffs 对照段,46.4,,en,已覆盖
esim morocco price comparison,国家·对比,国家·对比,国家页,#tradeoffs 对照段,46.4,,en,已覆盖
esim thailand price comparison,国家·对比,国家·对比,国家页,#tradeoffs 对照段,46.4,,en,已覆盖
esim uk price comparison,国家·对比,国家·对比,国家页,#tradeoffs 对照段,46.4,,en,已覆盖
esim usa price comparison,国家·对比,国家·对比,国家页,#tradeoffs 对照段,46.4,,en,已覆盖
esim vs local sim indonesia,国家·对比,国家·对比,国家页,#tradeoffs 对照段,46.4,,en,已覆盖
esim vs physical sim costa rica,国家·对比,国家·对比,国家页,#tradeoffs 对照段,46.4,,en,已覆盖
esim vs physical sim egypt,国家·对比,国家·对比,国家页,#tradeoffs 对照段,46.4,,en,已覆盖
esim vs physical sim france,国家·对比,国家·对比,国家页,#tradeoffs 对照段,46.4,,en,已覆盖
esim vs physical sim germany,国家·对比,国家·对比,国家页,#tradeoffs 对照段,46.4,,en,已覆盖
esim vs physical sim hong kong,国家·对比,国家·对比,国家页,#tradeoffs 对照段,46.4,,en,已覆盖
esim vs physical sim ireland,国家·对比,国家·对比,国家页,#tradeoffs 对照段,46.4,,en,已覆盖
esim vs physical sim italy,国家·对比,国家·对比,国家页,#tradeoffs 对照段,46.4,,en,已覆盖
esim vs physical sim malaysia,国家·对比,国家·对比,国家页,#tradeoffs 对照段,46.4,,en,已覆盖
esim vs physical sim peru,国家·对比,国家·对比,国家页,#tradeoffs 对照段,46.4,,en,已覆盖
esim vs physical sim portugal,国家·对比,国家·对比,国家页,#tradeoffs 对照段,46.4,,en,已覆盖
esim vs physical sim saudi arabia,国家·对比,国家·对比,国家页,#tradeoffs 对照段,46.4,,en,已覆盖
esim vs physical sim south africa,国家·对比,国家·对比,国家页,#tradeoffs 对照段,46.4,,en,已覆盖
esim vs physical sim usa,国家·对比,国家·对比,国家页,#tradeoffs 对照段,46.4,,en,已覆盖
esim vs pocket wifi japan,国家·对比,国家·对比,国家页,#tradeoffs 对照段,46.4,,en,已覆盖
esim vs sim canada,国家·对比,国家·对比,国家页,#tradeoffs 对照段,46.4,,en,已覆盖
esim vs sim card singapore,国家·对比,国家·对比,国家页,#tradeoffs 对照段,46.4,,en,已覆盖
esim vs sim uk,国家·对比,国家·对比,国家页,#tradeoffs 对照段,46.4,,en,已覆盖
italy esim price comparison,国家·对比,国家·对比,国家页,#tradeoffs 对照段,46.4,,en,已覆盖
japan esim vs sim,国家·对比,国家·对比,国家页,#tradeoffs 对照段,46.4,,en,已覆盖
korea esim price comparison,国家·对比,国家·对比,国家页,#tradeoffs 对照段,46.4,,en,已覆盖
korea esim vs sim,国家·对比,国家·对比,国家页,#tradeoffs 对照段,46.4,,en,已覆盖
mexico esim vs sim,国家·对比,国家·对比,国家页,#tradeoffs 对照段,46.4,,en,已覆盖
spain esim price comparison,国家·对比,国家·对比,国家页,#tradeoffs 对照段,46.4,,en,已覆盖
thailand esim vs sim,国家·对比,国家·对比,国家页,#tradeoffs 对照段,46.4,,en,已覆盖
vietnam esim vs sim,国家·对比,国家·对比,国家页,#tradeoffs 对照段,46.4,,en,已覆盖
compare esim plans vietnam,国家·对比,国家·对比,国家页,#tradeoffs 对照段,44.5,,en,已覆盖
esim vs physical sim australia,国家·对比,国家·对比,国家页,#tradeoffs 对照段,44.5,,en,已覆盖
esim vs physical sim morocco,国家·对比,国家·对比,国家页,#tradeoffs 对照段,44.5,,en,已覆盖
esim vs physical sim new zealand,国家·对比,国家·对比,国家页,#tradeoffs 对照段,44.5,,en,已覆盖
esim vs physical sim philippines,国家·对比,国家·对比,国家页,#tradeoffs 对照段,44.5,,en,已覆盖
esim vs sim australia,国家·对比,国家·对比,国家页,#tradeoffs 对照段,44.5,,en,已覆盖
esim vs sim card india,国家·对比,国家·对比,国家页,#tradeoffs 对照段,44.5,,en,已覆盖
morocco sim vs esim,国家·对比,国家·对比,国家页,#tradeoffs 对照段,44.5,,en,已覆盖
singapore esim vs physical sim,国家·对比,国家·对比,国家页,#tradeoffs 对照段,44.5,,en,已覆盖
taiwan esim vs sim card,国家·对比,国家·对比,国家页,#tradeoffs 对照段,44.5,,en,已覆盖
esim plans singapore comparison,国家·对比,国家·对比,国家页,#tradeoffs 对照段,44.0,,en,已覆盖
philippines esim or sim card,国家·对比,国家·对比,国家页,#tradeoffs 对照段,44.0,,en,已覆盖
china esim or sim card,国家·对比,国家·对比,国家页,#tradeoffs 对照段,42.6,,en,已覆盖
compare esim plans indonesia,国家·对比,国家·对比,国家页,#tradeoffs 对照段,42.6,,en,已覆盖
compare esim plans morocco,国家·对比,国家·对比,国家页,#tradeoffs 对照段,42.6,,en,已覆盖
esim price comparison italy,国家·对比,国家·对比,国家页,#tradeoffs 对照段,42.6,,en,已覆盖
esim vs physical sim canada,国家·对比,国家·对比,国家页,#tradeoffs 对照段,42.6,,en,已覆盖
esim vs physical sim mexico,国家·对比,国家·对比,国家页,#tradeoffs 对照段,42.6,,en,已覆盖
esim vs physical sim uk,国家·对比,国家·对比,国家页,#tradeoffs 对照段,42.6,,en,已覆盖
esim vs pocket wifi korea,国家·对比,国家·对比,国家页,#tradeoffs 对照段,42.6,,en,已覆盖
esim vs sim card hong kong,国家·对比,国家·对比,国家页,#tradeoffs 对照段,42.6,,en,已覆盖
esim vs sim card uk,国家·对比,国家·对比,国家页,#tradeoffs 对照段,42.6,,en,已覆盖
esim vs sim taiwan,国家·对比,国家·对比,国家页,#tradeoffs 对照段,42.6,,en,已覆盖
korea esim or sim card,国家·对比,国家·对比,国家页,#tradeoffs 对照段,42.6,,en,已覆盖
roaming vs esim china,国家·对比,国家·对比,国家页,#tradeoffs 对照段,42.6,,en,已覆盖
roaming vs esim japan,国家·对比,国家·对比,国家页,#tradeoffs 对照段,42.6,,en,已覆盖
taiwan esim or sim card,国家·对比,国家·对比,国家页,#tradeoffs 对照段,42.6,,en,已覆盖
thailand esim or sim card,国家·对比,国家·对比,国家页,#tradeoffs 对照段,42.6,,en,已覆盖
vietnam esim or sim card,国家·对比,国家·对比,国家页,#tradeoffs 对照段,42.6,,en,已覆盖
which esim is better in singapore,国家·对比,国家·对比,国家页,#tradeoffs 对照段,42.6,,en,已覆盖
esim plans australia compare,国家·对比,国家·对比,国家页,#tradeoffs 对照段,40.8,,en,已覆盖
esim vs local sim india,国家·对比,国家·对比,国家页,#tradeoffs 对照段,40.8,,en,已覆盖
esim vs physical sim philippines reddit,国家·对比,国家·对比,国家页,#tradeoffs 对照段,40.8,,en,已覆盖
esim vs sim card korea,国家·对比,国家·对比,国家页,#tradeoffs 对照段,40.8,,en,已覆盖
esim vs sim singapore,国家·对比,国家·对比,国家页,#tradeoffs 对照段,40.8,,en,已覆盖
japan esim vs sim reddit,国家·对比,国家·对比,国家页,#tradeoffs 对照段,40.8,,en,已覆盖
vietnam esim vs local sim,国家·对比,国家·对比,国家页,#tradeoffs 对照段,40.8,,en,已覆盖
esim vs physical sim india,国家·对比,国家·对比,国家页,#tradeoffs 对照段,40.3,,en,已覆盖
china esim vs local sim,国家·对比,国家·对比,国家页,#tradeoffs 对照段,38.9,,en,已覆盖
compare esim plans egypt,国家·对比,国家·对比,国家页,#tradeoffs 对照段,38.9,,en,已覆盖
esim ireland comparison,国家·对比,国家·对比,国家页,#tradeoffs 对照段,38.9,,en,已覆盖
esim vs local sim philippines,国家·对比,国家·对比,国家页,#tradeoffs 对照段,38.9,,en,已覆盖
esim vs physical sim australia reddit,国家·对比,国家·对比,国家页,#tradeoffs 对照段,38.9,,en,已覆盖
esim vs physical sim canada reddit,国家·对比,国家·对比,国家页,#tradeoffs 对照段,38.9,,en,已覆盖
esim vs physical sim uk reddit,国家·对比,国家·对比,国家页,#tradeoffs 对照段,38.9,,en,已覆盖
esim vs pocket wifi japan reddit,国家·对比,国家·对比,国家页,#tradeoffs 对照段,38.9,,en,已覆盖
japan esim or sim card,国家·对比,国家·对比,国家页,#tradeoffs 对照段,38.9,,en,已覆盖
thailand esim or sim card reddit,国家·对比,国家·对比,国家页,#tradeoffs 对照段,38.9,,en,已覆盖
which esim is better for india,国家·对比,国家·对比,国家页,#tradeoffs 对照段,38.9,,en,已覆盖
which esim is better for vietnam,国家·对比,国家·对比,国家页,#tradeoffs 对照段,38.9,,en,已覆盖
compare esim plans thailand,国家·对比,国家·对比,国家页,#tradeoffs 对照段,37.0,,en,已覆盖
esim vs physical sim india reddit,国家·对比,国家·对比,国家页,#tradeoffs 对照段,37.0,,en,已覆盖
esim vs physical sim korea,国家·对比,国家·对比,国家页,#tradeoffs 对照段,37.0,,en,已覆盖
esim vs physical sim singapore reddit,国家·对比,国家·对比,国家页,#tradeoffs 对照段,37.0,,en,已覆盖
esim vs physical sim taiwan,国家·对比,国家·对比,国家页,#tradeoffs 对照段,37.0,,en,已覆盖
thailand esim vs local sim,国家·对比,国家·对比,国家页,#tradeoffs 对照段,37.0,,en,已覆盖
thailand esim vs physical sim,国家·对比,国家·对比,国家页,#tradeoffs 对照段,37.0,,en,已覆盖
china esim vs physical sim,国家·对比,国家·对比,国家页,#tradeoffs 对照段,35.1,,en,已覆盖
compare esim plans ireland,国家·对比,国家·对比,国家页,#tradeoffs 对照段,35.1,,en,已覆盖
esim india comparison,国家·对比,国家·对比,国家页,#tradeoffs 对照段,35.1,,en,已覆盖
esim morocco comparison,国家·对比,国家·对比,国家页,#tradeoffs 对照段,35.1,,en,已覆盖
esim vs pocket wifi south korea,国家·对比,国家·对比,国家页,#tradeoffs 对照段,35.1,,en,已覆盖
japan esim or sim reddit,国家·对比,国家·对比,国家页,#tradeoffs 对照段,35.1,,en,已覆盖
japan esim vs local sim,国家·对比,国家·对比,国家页,#tradeoffs 对照段,35.1,,en,已覆盖
japan esim vs sim card,国家·对比,国家·对比,国家页,#tradeoffs 对照段,35.1,,en,已覆盖
vietnam esim vs physical sim,国家·对比,国家·对比,国家页,#tradeoffs 对照段,35.1,,en,已覆盖
compare esim plans new zealand,国家·对比,国家·对比,国家页,#tradeoffs 对照段,33.2,,en,已覆盖
esim brazil comparison,国家·对比,国家·对比,国家页,#tradeoffs 对照段,31.4,,en,已覆盖
esim vs physical sim thailand reddit,国家·对比,国家·对比,国家页,#tradeoffs 对照段,31.4,,en,已覆盖
esim vs pocket wifi taiwan,国家·对比,国家·对比,国家页,#tradeoffs 对照段,31.4,,en,已覆盖
esim vs roaming in japan,国家·对比,国家·对比,国家页,#tradeoffs 对照段,31.4,,en,已覆盖
is esim better than physical sim in india,国家·对比,国家·对比,国家页,#tradeoffs 对照段,31.4,,en,已覆盖
japan esim vs physical sim,国家·对比,国家·对比,国家页,#tradeoffs 对照段,31.4,,en,已覆盖
which esim is best in india jio or airtel,国家·对比,国家·对比,国家页,#tradeoffs 对照段,31.4,,en,已覆盖
esim argentina comparison,国家·对比,国家·对比,国家页,#tradeoffs 对照段,27.6,,en,已覆盖
esim comparison netherlands,国家·对比,国家·对比,国家页,#tradeoffs 对照段,27.6,,en,已覆盖
esim saudi arabia comparison,国家·对比,国家·对比,国家页,#tradeoffs 对照段,27.6,,en,已覆盖
which esim is better for thailand,国家·对比,国家·对比,国家页,#tradeoffs 对照段,27.6,,en,已覆盖
compare esim plans japan,国家·对比,国家·对比,国家页,#tradeoffs 对照段,23.9,,en,已覆盖
compare usa esim plans,国家·对比,国家·对比,国家页,#tradeoffs 对照段,23.9,,en,已覆盖
esim singapore comparison,国家·对比,国家·对比,国家页,#tradeoffs 对照段,23.9,,en,已覆盖
esim switzerland compare,国家·对比,国家·对比,国家页,#tradeoffs 对照段,23.9,,en,已覆盖
esim vs pocket wifi hong kong,国家·对比,国家·对比,国家页,#tradeoffs 对照段,23.9,,en,已覆盖
esim for usa comparison,国家·对比,国家·对比,国家页,#tradeoffs 对照段,21.5,,en,已覆盖
esim colombia comparison,国家·对比,国家·对比,国家页,#tradeoffs 对照段,20.1,,en,已覆盖
esim georgia compare,国家·对比,国家·对比,国家页,#tradeoffs 对照段,20.1,,en,已覆盖
esim qatar compare,国家·对比,国家·对比,国家页,#tradeoffs 对照段,20.1,,en,已覆盖
esim vs pocket wifi vietnam,国家·对比,国家·对比,国家页,#tradeoffs 对照段,20.1,,en,已覆盖
esim vs sim japan,国家·对比,国家·对比,国家页,#tradeoffs 对照段,20.1,,en,已覆盖
esim for japan comparison,国家·对比,国家·对比,国家页,#tradeoffs 对照段,16.4,,en,已覆盖
esim usa comparison,国家·对比,国家·对比,国家页,#tradeoffs 对照段,16.4,,en,已覆盖
esim vs pocket wifi japan cost,国家·对比,国家·对比,国家页,#tradeoffs 对照段,16.4,,en,已覆盖
which esim is better for japan,国家·对比,国家·对比,国家页,#tradeoffs 对照段,16.4,,en,已覆盖
esim japan,国家·核心,国家·核心,国家页,H1 / <title> 主体,61.9,,en,已覆盖
esim us number,国家·核心,国家·核心,国家页,H1 / <title> 主体,61.6,,en,已覆盖
can i use esim in philippines,国家·核心,国家·核心,国家页,H1 / <title> 主体,60.2,,en,已覆盖
where to buy esim in philippines,国家·核心,国家·核心,国家页,H1 / <title> 主体,59.9,,en,已覆盖
esim usa,国家·核心,国家·核心,国家页,H1 / <title> 主体,58.9,,en,已覆盖
how to use esim in saudi arabia,国家·核心,国家·核心,国家页,H1 / <title> 主体,58.9,,en,已覆盖
does airtel kenya support esim,国家·核心,国家·核心,国家页,H1 / <title> 主体,56.8,,en,已覆盖
does orange egypt support esim,国家·核心,国家·核心,国家页,H1 / <title> 主体,53.5,,en,已覆盖
esim use in india,国家·核心,国家·核心,国家页,H1 / <title> 主体,53.4,,en,已覆盖
does philippines have esim,国家·核心,国家·核心,国家页,H1 / <title> 主体,53.0,,en,已覆盖
esim providers in germany,国家·核心,国家·核心,国家页,H1 / <title> 主体,53.0,,en,已覆盖
what is esim singapore,国家·核心,国家·核心,国家页,H1 / <title> 主体,52.4,,en,已覆盖
why no esim in china,国家·核心,国家·核心,国家页,H1 / <title> 主体,52.4,,en,已覆盖
how to get esim in saudi arabia,国家·核心,国家·核心,国家页,H1 / <title> 主体,52.0,,en,已覆盖
what is esim malaysia,国家·核心,国家·核心,国家页,H1 / <title> 主体,52.0,,en,已覆盖
does china support esim,国家·核心,国家·核心,国家页,H1 / <title> 主体,50.6,,en,已覆盖
does malaysia have esim,国家·核心,国家·核心,国家页,H1 / <title> 主体,50.6,,en,已覆盖
does vodafone egypt support esim,国家·核心,国家·核心,国家页,H1 / <title> 主体,50.6,,en,已覆盖
esim providers in australia,国家·核心,国家·核心,国家页,H1 / <title> 主体,49.2,,en,已覆盖
esim buenos aires argentina,国家·核心,国家·核心,国家页,H1 / <title> 主体,49.1,,en,已覆盖
esim chile peru,国家·核心,国家·核心,国家页,H1 / <title> 主体,49.1,,en,已覆盖
esim warsaw poland,国家·核心,国家·核心,国家页,H1 / <title> 主体,49.1,,en,已覆盖
esim vietnam,国家·核心,国家·核心,国家页,H1 / <title> 主体,48.6,,en,已覆盖
does airtel esim work in usa,国家·核心,国家·核心,国家页,H1 / <title> 主体,48.1,,en,已覆盖
esim athens greece,国家·核心,国家·核心,国家页,H1 / <title> 主体,47.8,,en,已覆盖
esim belgium prepaid,国家·核心,国家·核心,国家页,H1 / <title> 主体,47.8,,en,已覆盖
esim bogota colombia,国家·核心,国家·核心,国家页,H1 / <title> 主体,47.8,,en,已覆盖
esim cairo egypt,国家·核心,国家·核心,国家页,H1 / <title> 主体,47.8,,en,已覆盖
esim for britain and europe,国家·核心,国家·核心,国家页,H1 / <title> 主体,47.8,,en,已覆盖
esim for doha qatar,国家·核心,国家·核心,国家页,H1 / <title> 主体,47.8,,en,已覆盖
esim for dublin ireland,国家·核心,国家·核心,国家页,H1 / <title> 主体,47.8,,en,已覆盖
esim for europe travel from us,国家·核心,国家·核心,国家页,H1 / <title> 主体,47.8,,en,已覆盖
esim india tourist airtel,国家·核心,国家·核心,国家页,H1 / <title> 主体,47.8,,en,已覆盖
esim lima peru,国家·核心,国家·核心,国家页,H1 / <title> 主体,47.8,,en,已覆盖
esim lisbon portugal,国家·核心,国家·核心,国家页,H1 / <title> 主体,47.8,,en,已覆盖
esim manila philippines,国家·核心,国家·核心,国家页,H1 / <title> 主体,47.8,,en,已覆盖
esim new zealand travel,国家·核心,国家·核心,国家页,H1 / <title> 主体,47.8,,en,已覆盖
esim seoul korea,国家·核心,国家·核心,国家页,H1 / <title> 主体,47.8,,en,已覆盖
israel esim card for tourists,国家·核心,国家·核心,国家页,H1 / <title> 主体,47.8,,en,已覆盖
new zealand esim card for tourist,国家·核心,国家·核心,国家页,H1 / <title> 主体,47.8,,en,已覆盖
taiwan esim card for tourist,国家·核心,国家·核心,国家页,H1 / <title> 主体,47.8,,en,已覆盖
esim china number,国家·核心,国家·核心,国家页,H1 / <title> 主体,47.5,,en,已覆盖
esim providers in canada,国家·核心,国家·核心,国家页,H1 / <title> 主体,47.4,,en,已覆盖
esim usa travel,国家·核心,国家·核心,国家页,H1 / <title> 主体,46.8,,en,已覆盖
travel esim usa,国家·核心,国家·核心,国家页,H1 / <title> 主体,46.8,,en,已覆盖
a1 tourist sim croatia,国家·核心,国家·核心,国家页,H1 / <title> 主体,46.4,,en,已覆盖
australia buy esim,国家·核心,国家·核心,国家页,H1 / <title> 主体,46.4,,en,已覆盖
australia esim card for tourist,国家·核心,国家·核心,国家页,H1 / <title> 主体,46.4,,en,已覆盖
austria sim card for tourist,国家·核心,国家·核心,国家页,H1 / <title> 主体,46.4,,en,已覆盖
belgium esim tourist,国家·核心,国家·核心,国家页,H1 / <title> 主体,46.4,,en,已覆盖
belgium sim card for tourist,国家·核心,国家·核心,国家页,H1 / <title> 主体,46.4,,en,已覆盖
best japan sim card for tourists,国家·核心,国家·核心,国家页,H1 / <title> 主体,46.4,,en,已覆盖
best sim card for tourists australia,国家·核心,国家·核心,国家页,H1 / <title> 主体,46.4,,en,已覆盖
best sim card for tourists in new zealand,国家·核心,国家·核心,国家页,H1 / <title> 主体,46.4,,en,已覆盖
best sim card for tourists in philippines,国家·核心,国家·核心,国家页,H1 / <title> 主体,46.4,,en,已覆盖
best sim card for tourists in singapore,国家·核心,国家·核心,国家页,H1 / <title> 主体,46.4,,en,已覆盖
best sim card for tourists malaysia,国家·核心,国家·核心,国家页,H1 / <title> 主体,46.4,,en,已覆盖
best sim card for tourists vietnam,国家·核心,国家·核心,国家页,H1 / <title> 主体,46.4,,en,已覆盖
buy esim for mexico,国家·核心,国家·核心,国家页,H1 / <title> 主体,46.4,,en,已覆盖
buy esim for saudi arabia,国家·核心,国家·核心,国家页,H1 / <title> 主体,46.4,,en,已覆盖
buy esim in brazil,国家·核心,国家·核心,国家页,H1 / <title> 主体,46.4,,en,已覆盖
can esim work in kenya,国家·核心,国家·核心,国家页,H1 / <title> 主体,46.4,,en,已覆盖
can esim work in philippines,国家·核心,国家·核心,国家页,H1 / <title> 主体,46.4,,en,已覆盖
can esim work in vietnam,国家·核心,国家·核心,国家页,H1 / <title> 主体,46.4,,en,已覆盖
can i buy a sim card in ireland,国家·核心,国家·核心,国家页,H1 / <title> 主体,46.4,,en,已覆盖
canada esim card tourist,国家·核心,国家·核心,国家页,H1 / <title> 主体,46.4,,en,已覆盖
china esim available,国家·核心,国家·核心,国家页,H1 / <title> 主体,46.4,,en,已覆盖
claro colombia esim card,国家·核心,国家·核心,国家页,H1 / <title> 主体,46.4,,en,已覆盖
claro colombia esim tourist,国家·核心,国家·核心,国家页,H1 / <title> 主体,46.4,,en,已覆盖
colombia sim card for tourist,国家·核心,国家·核心,国家页,H1 / <title> 主体,46.4,,en,已覆盖
costa rica sim card tourist,国家·核心,国家·核心,国家页,H1 / <title> 主体,46.4,,en,已覆盖
costa rica tourist esim,国家·核心,国家·核心,国家页,H1 / <title> 主体,46.4,,en,已覆盖
croatia sim card for tourist,国家·核心,国家·核心,国家页,H1 / <title> 主体,46.4,,en,已覆盖
do you need an esim for brazil,国家·核心,国家·核心,国家页,H1 / <title> 主体,46.4,,en,已覆盖
do you need an esim for south korea,国家·核心,国家·核心,国家页,H1 / <title> 主体,46.4,,en,已覆盖
do you need an esim for thailand,国家·核心,国家·核心,国家页,H1 / <title> 主体,46.4,,en,已覆盖
do you need esim for philippines,国家·核心,国家·核心,国家页,H1 / <title> 主体,46.4,,en,已覆盖
does a german esim work in austria,国家·核心,国家·核心,国家页,H1 / <title> 主体,46.4,,en,已覆盖
does orange esim work in italy,国家·核心,国家·核心,国家页,H1 / <title> 主体,46.4,,en,已覆盖
does revolut esim work in brazil,国家·核心,国家·核心,国家页,H1 / <title> 主体,46.4,,en,已覆盖
does revolut esim work in georgia,国家·核心,国家·核心,国家页,H1 / <title> 主体,46.4,,en,已覆盖
does thailand esim work in laos,国家·核心,国家·核心,国家页,H1 / <title> 主体,46.4,,en,已覆盖
does vodafone esim work in egypt,国家·核心,国家·核心,国家页,H1 / <title> 主体,46.4,,en,已覆盖
e sim available in ireland,国家·核心,国家·核心,国家页,H1 / <title> 主体,46.4,,en,已覆盖
england esim travel,国家·核心,国家·核心,国家页,H1 / <title> 主体,46.4,,en,已覆盖
esim argentina claro,国家·核心,国家·核心,国家页,H1 / <title> 主体,46.4,,en,已覆盖
esim argentina travel,国家·核心,国家·核心,国家页,H1 / <title> 主体,46.4,,en,已覆盖
esim austria travel,国家·核心,国家·核心,国家页,H1 / <title> 主体,46.4,,en,已覆盖
esim bali indonesia,国家·核心,国家·核心,国家页,H1 / <title> 主体,46.4,,en,已覆盖
esim canada tourist,国家·核心,国家·核心,国家页,H1 / <title> 主体,46.4,,en,已覆盖
esim card for netherlands,国家·核心,国家·核心,国家页,H1 / <title> 主体,46.4,,en,已覆盖
esim card for saudi arabia,国家·核心,国家·核心,国家页,H1 / <title> 主体,46.4,,en,已覆盖
esim china mit vpn,国家·核心,国家·核心,国家页,H1 / <title> 主体,46.4,,de,已覆盖
esim colombia prepago,国家·核心,国家·核心,国家页,H1 / <title> 主体,46.4,,en,已覆盖
esim costa rica travel,国家·核心,国家·核心,国家页,H1 / <title> 主体,46.4,,en,已覆盖
esim costa rica vergleich,国家·核心,国家·核心,国家页,H1 / <title> 主体,46.4,,en,已覆盖
esim data only germany,国家·核心,国家·核心,国家页,H1 / <title> 主体,46.4,,en,已覆盖
esim egypt and jordan,国家·核心,国家·核心,国家页,H1 / <title> 主体,46.4,,en,已覆盖
esim egypt travel,国家·核心,国家·核心,国家页,H1 / <title> 主体,46.4,,en,已覆盖
esim egypt vodafone,国家·核心,国家·核心,国家页,H1 / <title> 主体,46.4,,en,已覆盖
esim fiji vodafone,国家·核心,国家·核心,国家页,H1 / <title> 主体,46.4,,en,已覆盖
esim for 1 month usa,国家·核心,国家·核心,国家页,H1 / <title> 主体,46.4,,en,已覆盖
esim for 1 week usa,国家·核心,国家·核心,国家页,H1 / <title> 主体,46.4,,en,已覆盖
esim for america from uk,国家·核心,国家·核心,国家页,H1 / <title> 主体,46.4,,en,已覆盖
esim for amsterdam and belgium,国家·核心,国家·核心,国家页,H1 / <title> 主体,46.4,,en,已覆盖
esim for argentina and chile,国家·核心,国家·核心,国家页,H1 / <title> 主体,46.4,,en,已覆盖
esim for athens greece,国家·核心,国家·核心,国家页,H1 / <title> 主体,46.4,,en,已覆盖
esim for australia data and calls,国家·核心,国家·核心,国家页,H1 / <title> 主体,46.4,,en,已覆盖
esim for bali from australia,国家·核心,国家·核心,国家页,H1 / <title> 主体,46.4,,en,已覆盖
esim for bangkok thailand,国家·核心,国家·核心,国家页,H1 / <title> 主体,46.4,,en,已覆盖
esim for barcelona spain,国家·核心,国家·核心,国家页,H1 / <title> 主体,46.4,,en,已覆盖
esim for beijing china,国家·核心,国家·核心,国家页,H1 / <title> 主体,46.4,,en,已覆盖
esim for bogota colombia,国家·核心,国家·核心,国家页,H1 / <title> 主体,46.4,,en,已覆盖
esim for brazil travel,国家·核心,国家·核心,国家页,H1 / <title> 主体,46.4,,en,已覆盖
esim for cairo egypt,国家·核心,国家·核心,国家页,H1 / <title> 主体,46.4,,en,已覆盖
esim for canada tourist,国家·核心,国家·核心,国家页,H1 / <title> 主体,46.4,,en,已覆盖
esim for canada travel,国家·核心,国家·核心,国家页,H1 / <title> 主体,46.4,,en,已覆盖
esim for cancun mexico,国家·核心,国家·核心,国家页,H1 / <title> 主体,46.4,,en,已覆盖
esim for cape town south africa,国家·核心,国家·核心,国家页,H1 / <title> 主体,46.4,,en,已覆盖
esim for china travel,国家·核心,国家·核心,国家页,H1 / <title> 主体,46.4,,en,已覆盖
esim for croatia and montenegro,国家·核心,国家·核心,国家页,H1 / <title> 主体,46.4,,en,已覆盖
esim for dubai from uk,国家·核心,国家·核心,国家页,H1 / <title> 主体,46.4,,en,已覆盖
esim for egypt travel,国家·核心,国家·核心,国家页,H1 / <title> 主体,46.4,,en,已覆盖
esim for england and europe,国家·核心,国家·核心,国家页,H1 / <title> 主体,46.4,,en,已覆盖
esim for france travel,国家·核心,国家·核心,国家页,H1 / <title> 主体,46.4,,en,已覆盖
esim for georgia country,国家·核心,国家·核心,国家页,H1 / <title> 主体,46.4,,en,已覆盖
esim for germany travel,国家·核心,国家·核心,国家页,H1 / <title> 主体,46.4,,en,已覆盖
esim for greece travel,国家·核心,国家·核心,国家页,H1 / <title> 主体,46.4,,en,已覆盖
esim for hanoi vietnam,国家·核心,国家·核心,国家页,H1 / <title> 主体,46.4,,en,已覆盖
esim for indonesia bali,国家·核心,国家·核心,国家页,H1 / <title> 主体,46.4,,en,已覆盖
esim for israel travel,国家·核心,国家·核心,国家页,H1 / <title> 主体,46.4,,en,已覆盖
esim for italy travel,国家·核心,国家·核心,国家页,H1 / <title> 主体,46.4,,en,已覆盖
esim for kenya and tanzania,国家·核心,国家·核心,国家页,H1 / <title> 主体,46.4,,en,已覆盖
esim for lima peru,国家·核心,国家·核心,国家页,H1 / <title> 主体,46.4,,en,已覆盖
esim for lisbon portugal,国家·核心,国家·核心,国家页,H1 / <title> 主体,46.4,,en,已覆盖
esim for madrid spain,国家·核心,国家·核心,国家页,H1 / <title> 主体,46.4,,en,已覆盖
esim for manila philippines,国家·核心,国家·核心,国家页,H1 / <title> 主体,46.4,,en,已覆盖
esim for melbourne australia,国家·核心,国家·核心,国家页,H1 / <title> 主体,46.4,,en,已覆盖
esim for mexico travel,国家·核心,国家·核心,国家页,H1 / <title> 主体,46.4,,en,已覆盖
esim for new york from uk,国家·核心,国家·核心,国家页,H1 / <title> 主体,46.4,,en,已覆盖
esim for osaka japan,国家·核心,国家·核心,国家页,H1 / <title> 主体,46.4,,en,已覆盖
esim for paris france,国家·核心,国家·核心,国家页,H1 / <title> 主体,46.4,,en,已覆盖
esim for phuket thailand,国家·核心,国家·核心,国家页,H1 / <title> 主体,46.4,,en,已覆盖
esim for poland and slovakia,国家·核心,国家·核心,国家页,H1 / <title> 主体,46.4,,en,已覆盖
esim for rome italy,国家·核心,国家·核心,国家页,H1 / <title> 主体,46.4,,en,已覆盖
esim for seoul korea,国家·核心,国家·核心,国家页,H1 / <title> 主体,46.4,,en,已覆盖
esim for shanghai china,国家·核心,国家·核心,国家页,H1 / <title> 主体,46.4,,en,已覆盖
esim for spain travel,国家·核心,国家·核心,国家页,H1 / <title> 主体,46.4,,en,已覆盖
esim for swiss and italy,国家·核心,国家·核心,国家页,H1 / <title> 主体,46.4,,en,已覆盖
esim for sydney australia,国家·核心,国家·核心,国家页,H1 / <title> 主体,46.4,,en,已覆盖
esim for tbilisi georgia,国家·核心,国家·核心,国家页,H1 / <title> 主体,46.4,,en,已覆盖
esim for tokyo japan,国家·核心,国家·核心,国家页,H1 / <title> 主体,46.4,,en,已覆盖
esim for toronto canada,国家·核心,国家·核心,国家页,H1 / <title> 主体,46.4,,en,已覆盖
esim for tourists in india,国家·核心,国家·核心,国家页,H1 / <title> 主体,46.4,,en,已覆盖
esim for tourists usa,国家·核心,国家·核心,国家页,H1 / <title> 主体,46.4,,en,已覆盖
esim for uae tourist,国家·核心,国家·核心,国家页,H1 / <title> 主体,46.4,,en,已覆盖
esim for usa,国家·核心,国家·核心,国家页,H1 / <title> 主体,46.4,,en,已覆盖
esim for vancouver canada,国家·核心,国家·核心,国家页,H1 / <title> 主体,46.4,,en,已覆盖
esim for vienna austria,国家·核心,国家·核心,国家页,H1 / <title> 主体,46.4,,en,已覆盖
esim free trial australia,国家·核心,国家·核心,国家页,H1 / <title> 主体,46.4,,en,已覆盖
esim free trial usa,国家·核心,国家·核心,国家页,H1 / <title> 主体,46.4,,en,已覆盖
esim georgia country,国家·核心,国家·核心,国家页,H1 / <title> 主体,46.4,,en,已覆盖
esim germany prepaid,国家·核心,国家·核心,国家页,H1 / <title> 主体,46.4,,en,已覆盖
esim great britain,国家·核心,国家·核心,国家页,H1 / <title> 主体,46.4,,en,已覆盖
esim hong kong plan,国家·核心,国家·核心,国家页,H1 / <title> 主体,46.4,,en,已覆盖
esim hong kong travel,国家·核心,国家·核心,国家页,H1 / <title> 主体,46.4,,en,已覆盖
esim iceland travel,国家·核心,国家·核心,国家页,H1 / <title> 主体,46.4,,en,已覆盖
esim indonesia tourist telkomsel,国家·核心,国家·核心,国家页,H1 / <title> 主体,46.4,,en,已覆盖
esim ireland prepaid,国家·核心,国家·核心,国家页,H1 / <title> 主体,46.4,,en,已覆盖
esim ireland travel,国家·核心,国家·核心,国家页,H1 / <title> 主体,46.4,,en,已覆盖
esim israel travel,国家·核心,国家·核心,国家页,H1 / <title> 主体,46.4,,en,已覆盖
esim israel vergleich,国家·核心,国家·核心,国家页,H1 / <title> 主体,46.4,,en,已覆盖
esim japan osaka,国家·核心,国家·核心,国家页,H1 / <title> 主体,46.4,,en,已覆盖
esim japan vergleich,国家·核心,国家·核心,国家页,H1 / <title> 主体,46.4,,en,已覆盖
esim kenya safaricom,国家·核心,国家·核心,国家页,H1 / <title> 主体,46.4,,en,已覆盖
esim madrid spain,国家·核心,国家·核心,国家页,H1 / <title> 主体,46.4,,en,已覆盖
esim malaysia prepaid,国家·核心,国家·核心,国家页,H1 / <title> 主体,46.4,,en,已覆盖
esim malaysia und singapur,国家·核心,国家·核心,国家页,H1 / <title> 主体,46.4,,de,已覆盖
esim melbourne australia,国家·核心,国家·核心,国家页,H1 / <title> 主体,46.4,,en,已覆盖
esim mexico city,国家·核心,国家·核心,国家页,H1 / <title> 主体,46.4,,en,已覆盖
esim mexico roaming,国家·核心,国家·核心,国家页,H1 / <title> 主体,46.4,,en,已覆盖
esim miami usa,国家·核心,国家·核心,国家页,H1 / <title> 主体,46.4,,en,已覆盖
esim morocco and europe,国家·核心,国家·核心,国家页,H1 / <title> 主体,46.4,,en,已覆盖
esim new zealand simify,国家·核心,国家·核心,国家页,H1 / <title> 主体,46.4,,en,已覆盖
esim no contract uk,国家·核心,国家·核心,国家页,H1 / <title> 主体,46.4,,en,已覆盖
esim nz travel,国家·核心,国家·核心,国家页,H1 / <title> 主体,46.4,,en,已覆盖
esim osaka japan,国家·核心,国家·核心,国家页,H1 / <title> 主体,46.4,,en,已覆盖
esim paris france,国家·核心,国家·核心,国家页,H1 / <title> 主体,46.4,,en,已覆盖
esim peru vergleich,国家·核心,国家·核心,国家页,H1 / <title> 主体,46.4,,en,已覆盖
esim philippines globe,国家·核心,国家·核心,国家页,H1 / <title> 主体,46.4,,en,已覆盖
esim phuket thailand,国家·核心,国家·核心,国家页,H1 / <title> 主体,46.4,,en,已覆盖
esim portugal travel,国家·核心,国家·核心,国家页,H1 / <title> 主体,46.4,,en,已覆盖
esim qatar tourist,国家·核心,国家·核心,国家页,H1 / <title> 主体,46.4,,en,已覆盖
esim roaming austria,国家·核心,国家·核心,国家页,H1 / <title> 主体,46.4,,en,已覆盖
esim roaming belgium,国家·核心,国家·核心,国家页,H1 / <title> 主体,46.4,,en,已覆盖
esim roaming costa rica,国家·核心,国家·核心,国家页,H1 / <title> 主体,46.4,,en,已覆盖
esim roaming in japan,国家·核心,国家·核心,国家页,H1 / <title> 主体,46.4,,en,已覆盖
esim roaming israel,国家·核心,国家·核心,国家页,H1 / <title> 主体,46.4,,en,已覆盖
esim roaming korea,国家·核心,国家·核心,国家页,H1 / <title> 主体,46.4,,en,已覆盖
esim roaming netherlands,国家·核心,国家·核心,国家页,H1 / <title> 主体,46.4,,en,已覆盖
esim roaming poland,国家·核心,国家·核心,国家页,H1 / <title> 主体,46.4,,en,已覆盖
esim saudi arabia tourist,国家·核心,国家·核心,国家页,H1 / <title> 主体,46.4,,en,已覆盖
esim saudi arabia tourist stc,国家·核心,国家·核心,国家页,H1 / <title> 主体,46.4,,en,已覆盖
esim shanghai china,国家·核心,国家·核心,国家页,H1 / <title> 主体,46.4,,en,已覆盖
esim singapore,国家·核心,国家·核心,国家页,H1 / <title> 主体,46.4,,en,已覆盖
esim south africa travel,国家·核心,国家·核心,国家页,H1 / <title> 主体,46.4,,en,已覆盖
esim switzerland tourist,国家·核心,国家·核心,国家页,H1 / <title> 主体,46.4,,en,已覆盖
esim taiwan roaming,国家·核心,国家·核心,国家页,H1 / <title> 主体,46.4,,en,已覆盖
esim taiwan vergleich,国家·核心,国家·核心,国家页,H1 / <title> 主体,46.4,,en,已覆盖
esim thailand 30 tage,国家·核心,国家·核心,国家页,H1 / <title> 主体,46.4,,en,已覆盖
esim usa europe,国家·核心,国家·核心,国家页,H1 / <title> 主体,46.4,,en,已覆盖
fiji esim tourist,国家·核心,国家·核心,国家页,H1 / <title> 主体,46.4,,en,已覆盖
fiji sim card esim,国家·核心,国家·核心,国家页,H1 / <title> 主体,46.4,,en,已覆盖
fiji sim card tourist,国家·核心,国家·核心,国家页,H1 / <title> 主体,46.4,,en,已覆盖
get esim peru,国家·核心,国家·核心,国家页,H1 / <title> 主体,46.4,,en,已覆盖
greece sim cards for tourists,国家·核心,国家·核心,国家页,H1 / <title> 主体,46.4,,en,已覆盖
how to activate esim ooredoo qatar,国家·核心,国家·核心,国家页,H1 / <title> 主体,46.4,,en,已覆盖
how to buy an esim for australia,国家·核心,国家·核心,国家页,H1 / <title> 主体,46.4,,en,已覆盖
how to buy an esim for brazil,国家·核心,国家·核心,国家页,H1 / <title> 主体,46.4,,en,已覆盖
how to buy an esim for canada,国家·核心,国家·核心,国家页,H1 / <title> 主体,46.4,,en,已覆盖
how to buy an esim for colombia,国家·核心,国家·核心,国家页,H1 / <title> 主体,46.4,,en,已覆盖
how to buy an esim for costa rica,国家·核心,国家·核心,国家页,H1 / <title> 主体,46.4,,en,已覆盖
how to buy an esim for egypt,国家·核心,国家·核心,国家页,H1 / <title> 主体,46.4,,en,已覆盖
how to buy an esim for france,国家·核心,国家·核心,国家页,H1 / <title> 主体,46.4,,en,已覆盖
how to buy an esim for greece,国家·核心,国家·核心,国家页,H1 / <title> 主体,46.4,,en,已覆盖
how to buy an esim for iceland,国家·核心,国家·核心,国家页,H1 / <title> 主体,46.4,,en,已覆盖
how to buy an esim for india,国家·核心,国家·核心,国家页,H1 / <title> 主体,46.4,,en,已覆盖
how to buy an esim for indonesia,国家·核心,国家·核心,国家页,H1 / <title> 主体,46.4,,en,已覆盖
how to buy an esim for italy,国家·核心,国家·核心,国家页,H1 / <title> 主体,46.4,,en,已覆盖
how to buy an esim for kenya,国家·核心,国家·核心,国家页,H1 / <title> 主体,46.4,,en,已覆盖
how to buy an esim for mexico,国家·核心,国家·核心,国家页,H1 / <title> 主体,46.4,,en,已覆盖
how to buy an esim for morocco,国家·核心,国家·核心,国家页,H1 / <title> 主体,46.4,,en,已覆盖
how to buy an esim for new zealand,国家·核心,国家·核心,国家页,H1 / <title> 主体,46.4,,en,已覆盖
how to buy an esim for portugal,国家·核心,国家·核心,国家页,H1 / <title> 主体,46.4,,en,已覆盖
how to buy an esim for singapore,国家·核心,国家·核心,国家页,H1 / <title> 主体,46.4,,en,已覆盖
how to buy an esim for south africa,国家·核心,国家·核心,国家页,H1 / <title> 主体,46.4,,en,已覆盖
how to buy an esim for spain,国家·核心,国家·核心,国家页,H1 / <title> 主体,46.4,,en,已覆盖
how to buy an esim for switzerland,国家·核心,国家·核心,国家页,H1 / <title> 主体,46.4,,en,已覆盖
how to buy an esim for taiwan,国家·核心,国家·核心,国家页,H1 / <title> 主体,46.4,,en,已覆盖
how to buy an esim for vietnam,国家·核心,国家·核心,国家页,H1 / <title> 主体,46.4,,en,已覆盖
how to buy esim for georgia,国家·核心,国家·核心,国家页,H1 / <title> 主体,46.4,,en,已覆盖
how to buy esim for hong kong,国家·核心,国家·核心,国家页,H1 / <title> 主体,46.4,,en,已覆盖
how to buy esim for malaysia,国家·核心,国家·核心,国家页,H1 / <title> 主体,46.4,,en,已覆盖
how to buy esim for netherlands,国家·核心,国家·核心,国家页,H1 / <title> 主体,46.4,,en,已覆盖
how to buy esim for philippines,国家·核心,国家·核心,国家页,H1 / <title> 主体,46.4,,en,已覆盖
how to buy esim for qatar,国家·核心,国家·核心,国家页,H1 / <title> 主体,46.4,,en,已覆盖
how to buy esim for saudi arabia,国家·核心,国家·核心,国家页,H1 / <title> 主体,46.4,,en,已覆盖
how to buy esim for uae,国家·核心,国家·核心,国家页,H1 / <title> 主体,46.4,,en,已覆盖
how to buy esim poland,国家·核心,国家·核心,国家页,H1 / <title> 主体,46.4,,en,已覆盖
how to get a singapore esim,国家·核心,国家·核心,国家页,H1 / <title> 主体,46.4,,en,已覆盖
how to get airtel esim india,国家·核心,国家·核心,国家页,H1 / <title> 主体,46.4,,en,已覆盖
how to get an esim card for italy,国家·核心,国家·核心,国家页,H1 / <title> 主体,46.4,,en,已覆盖
how to get an esim for japan travel,国家·核心,国家·核心,国家页,H1 / <title> 主体,46.4,,en,已覆盖
how to get an esim for uk and europe,国家·核心,国家·核心,国家页,H1 / <title> 主体,46.4,,en,已覆盖
how to get an esim in belgium,国家·核心,国家·核心,国家页,H1 / <title> 主体,46.4,,en,已覆盖
how to get an esim in georgia,国家·核心,国家·核心,国家页,H1 / <title> 主体,46.4,,en,已覆盖
how to get esim for austria,国家·核心,国家·核心,国家页,H1 / <title> 主体,46.4,,en,已覆盖
how to get esim for south africa,国家·核心,国家·核心,国家页,H1 / <title> 主体,46.4,,en,已覆盖
how to get esim for thailand trip,国家·核心,国家·核心,国家页,H1 / <title> 主体,46.4,,en,已覆盖
how to get esim in croatia,国家·核心,国家·核心,国家页,H1 / <title> 主体,46.4,,en,已覆盖
how to get indonesia esim,国家·核心,国家·核心,国家页,H1 / <title> 主体,46.4,,en,已覆盖
how to get malaysia esim online,国家·核心,国家·核心,国家页,H1 / <title> 主体,46.4,,en,已覆盖
iceland sim card for tourist,国家·核心,国家·核心,国家页,H1 / <title> 主体,46.4,,en,已覆盖
indonesia esim card for tourist,国家·核心,国家·核心,国家页,H1 / <title> 主体,46.4,,en,已覆盖
international esim australia,国家·核心,国家·核心,国家页,H1 / <title> 主体,46.4,,en,已覆盖
is bmw esim available in australia,国家·核心,国家·核心,国家页,H1 / <title> 主体,46.4,,en,已覆盖
is esim in australia,国家·核心,国家·核心,国家页,H1 / <title> 主体,46.4,,en,已覆盖
is esim in japan good,国家·核心,国家·核心,国家页,H1 / <title> 主体,46.4,,en,已覆盖
is esim supported in saudi arabia,国家·核心,国家·核心,国家页,H1 / <title> 主体,46.4,,en,已覆盖
is esim supported in south africa,国家·核心,国家·核心,国家页,H1 / <title> 主体,46.4,,en,已覆盖
is esim working in egypt,国家·核心,国家·核心,国家页,H1 / <title> 主体,46.4,,en,已覆盖
is lyca esim available in usa,国家·核心,国家·核心,国家页,H1 / <title> 主体,46.4,,en,已覆盖
japan esim card for tourist,国家·核心,国家·核心,国家页,H1 / <title> 主体,46.4,,en,已覆盖
jetpack esim france,国家·核心,国家·核心,国家页,H1 / <title> 主体,46.4,,en,已覆盖
jetpack esim switzerland,国家·核心,国家·核心,国家页,H1 / <title> 主体,46.4,,en,已覆盖
kenya esim tourist,国家·核心,国家·核心,国家页,H1 / <title> 主体,46.4,,en,已覆盖
kenya sim card for tourist,国家·核心,国家·核心,国家页,H1 / <title> 主体,46.4,,en,已覆盖
malaysia esim card for tourist,国家·核心,国家·核心,国家页,H1 / <title> 主体,46.4,,en,已覆盖
morocco esim data plans,国家·核心,国家·核心,国家页,H1 / <title> 主体,46.4,,en,已覆盖
morocco esim tourist,国家·核心,国家·核心,国家页,H1 / <title> 主体,46.4,,en,已覆盖
morocco sim card for tourist prepaid,国家·核心,国家·核心,国家页,H1 / <title> 主体,46.4,,en,已覆盖
netherlands sim card for tourist,国家·核心,国家·核心,国家页,H1 / <title> 主体,46.4,,en,已覆盖
nz esim travel,国家·核心,国家·核心,国家页,H1 / <title> 主体,46.4,,en,已覆盖
o2 esim germany plans,国家·核心,国家·核心,国家页,H1 / <title> 主体,46.4,,en,已覆盖
peru sim card for tourist claro,国家·核心,国家·核心,国家页,H1 / <title> 主体,46.4,,en,已覆盖
poland sim card for tourist,国家·核心,国家·核心,国家页,H1 / <title> 主体,46.4,,en,已覆盖
portugal sim card for tourist,国家·核心,国家·核心,国家页,H1 / <title> 主体,46.4,,en,已覆盖
prepaid sim card canada for tourists,国家·核心,国家·核心,国家页,H1 / <title> 主体,46.4,,en,已覆盖
qatar sim card for tourist,国家·核心,国家·核心,国家页,H1 / <title> 主体,46.4,,en,已覆盖
roaming esim argentina,国家·核心,国家·核心,国家页,H1 / <title> 主体,46.4,,en,已覆盖
roaming esim australia,国家·核心,国家·核心,国家页,H1 / <title> 主体,46.4,,en,已覆盖
roaming esim brazil,国家·核心,国家·核心,国家页,H1 / <title> 主体,46.4,,en,已覆盖
roaming esim canada,国家·核心,国家·核心,国家页,H1 / <title> 主体,46.4,,en,已覆盖
roaming esim china,国家·核心,国家·核心,国家页,H1 / <title> 主体,46.4,,en,已覆盖
roaming esim colombia,国家·核心,国家·核心,国家页,H1 / <title> 主体,46.4,,en,已覆盖
roaming esim egypt,国家·核心,国家·核心,国家页,H1 / <title> 主体,46.4,,en,已覆盖
roaming esim france,国家·核心,国家·核心,国家页,H1 / <title> 主体,46.4,,en,已覆盖
roaming esim georgia,国家·核心,国家·核心,国家页,H1 / <title> 主体,46.4,,en,已覆盖
roaming esim germany,国家·核心,国家·核心,国家页,H1 / <title> 主体,46.4,,en,已覆盖
roaming esim greece,国家·核心,国家·核心,国家页,H1 / <title> 主体,46.4,,en,已覆盖
roaming esim hong kong,国家·核心,国家·核心,国家页,H1 / <title> 主体,46.4,,en,已覆盖
roaming esim india,国家·核心,国家·核心,国家页,H1 / <title> 主体,46.4,,en,已覆盖
roaming esim ireland,国家·核心,国家·核心,国家页,H1 / <title> 主体,46.4,,en,已覆盖
roaming esim italy,国家·核心,国家·核心,国家页,H1 / <title> 主体,46.4,,en,已覆盖
roaming esim japan,国家·核心,国家·核心,国家页,H1 / <title> 主体,46.4,,en,已覆盖
roaming esim kenya,国家·核心,国家·核心,国家页,H1 / <title> 主体,46.4,,en,已覆盖
roaming esim korea,国家·核心,国家·核心,国家页,H1 / <title> 主体,46.4,,en,已覆盖
roaming esim malaysia,国家·核心,国家·核心,国家页,H1 / <title> 主体,46.4,,en,已覆盖
roaming esim mexico,国家·核心,国家·核心,国家页,H1 / <title> 主体,46.4,,en,已覆盖
roaming esim morocco,国家·核心,国家·核心,国家页,H1 / <title> 主体,46.4,,en,已覆盖
roaming esim new zealand,国家·核心,国家·核心,国家页,H1 / <title> 主体,46.4,,en,已覆盖
roaming esim peru,国家·核心,国家·核心,国家页,H1 / <title> 主体,46.4,,en,已覆盖
roaming esim philippines,国家·核心,国家·核心,国家页,H1 / <title> 主体,46.4,,en,已覆盖
roaming esim portugal,国家·核心,国家·核心,国家页,H1 / <title> 主体,46.4,,en,已覆盖
roaming esim qatar,国家·核心,国家·核心,国家页,H1 / <title> 主体,46.4,,en,已覆盖
roaming esim saudi arabia,国家·核心,国家·核心,国家页,H1 / <title> 主体,46.4,,en,已覆盖
roaming esim singapore,国家·核心,国家·核心,国家页,H1 / <title> 主体,46.4,,en,已覆盖
roaming esim south africa,国家·核心,国家·核心,国家页,H1 / <title> 主体,46.4,,en,已覆盖
roaming esim spain,国家·核心,国家·核心,国家页,H1 / <title> 主体,46.4,,en,已覆盖
roaming esim switzerland,国家·核心,国家·核心,国家页,H1 / <title> 主体,46.4,,en,已覆盖
roaming esim taiwan,国家·核心,国家·核心,国家页,H1 / <title> 主体,46.4,,en,已覆盖
roaming esim uae,国家·核心,国家·核心,国家页,H1 / <title> 主体,46.4,,en,已覆盖
roaming esim uk,国家·核心,国家·核心,国家页,H1 / <title> 主体,46.4,,en,已覆盖
roaming esim usa,国家·核心,国家·核心,国家页,H1 / <title> 主体,46.4,,en,已覆盖
roaming esim vietnam,国家·核心,国家·核心,国家页,H1 / <title> 主体,46.4,,en,已覆盖
safaricom kenya esim card,国家·核心,国家·核心,国家页,H1 / <title> 主体,46.4,,en,已覆盖
saudi arabia e sim card,国家·核心,国家·核心,国家页,H1 / <title> 主体,46.4,,en,已覆盖
saudi arabia sim card for tourist,国家·核心,国家·核心,国家页,H1 / <title> 主体,46.4,,en,已覆盖
should i get an esim for costa rica,国家·核心,国家·核心,国家页,H1 / <title> 主体,46.4,,en,已覆盖
sim card for tourists in austria,国家·核心,国家·核心,国家页,H1 / <title> 主体,46.4,,en,已覆盖
sim card for tourists in hong kong,国家·核心,国家·核心,国家页,H1 / <title> 主体,46.4,,en,已覆盖
sim card for tourists in south korea,国家·核心,国家·核心,国家页,H1 / <title> 主体,46.4,,en,已覆盖
sim card for tourists netherlands,国家·核心,国家·核心,国家页,H1 / <title> 主体,46.4,,en,已覆盖
sim card for.tourists germany,国家·核心,国家·核心,国家页,H1 / <title> 主体,46.4,,en,已覆盖
sim card in france for tourists,国家·核心,国家·核心,国家页,H1 / <title> 主体,46.4,,en,已覆盖
singapore esim card for tourist,国家·核心,国家·核心,国家页,H1 / <title> 主体,46.4,,en,已覆盖
switzerland sim card esim,国家·核心,国家·核心,国家页,H1 / <title> 主体,46.4,,en,已覆盖
t mobile esim usa plans,国家·核心,国家·核心,国家页,H1 / <title> 主体,46.4,,en,已覆盖
t mobile poland esim tourist,国家·核心,国家·核心,国家页,H1 / <title> 主体,46.4,,en,已覆盖
thailand esim card for tourist,国家·核心,国家·核心,国家页,H1 / <title> 主体,46.4,,en,已覆盖
thailand prepaid sim card for tourists,国家·核心,国家·核心,国家页,H1 / <title> 主体,46.4,,en,已覆盖
tourist esim spain,国家·核心,国家·核心,国家页,H1 / <title> 主体,46.4,,en,已覆盖
travel esim singapore,国家·核心,国家·核心,国家页,H1 / <title> 主体,46.4,,en,已覆盖
uae e sim plans,国家·核心,国家·核心,国家页,H1 / <title> 主体,46.4,,en,已覆盖
uk sim card for travellers,国家·核心,国家·核心,国家页,H1 / <title> 主体,46.4,,en,已覆盖
us sim card for tourists,国家·核心,国家·核心,国家页,H1 / <title> 主体,46.4,,en,已覆盖
usa esim card for tourists,国家·核心,国家·核心,国家页,H1 / <title> 主体,46.4,,en,已覆盖
vietnam e sim plan,国家·核心,国家·核心,国家页,H1 / <title> 主体,46.4,,en,已覆盖
vietnam esim,国家·核心,国家·核心,国家页,H1 / <title> 主体,46.4,,en,已覆盖
vietnam esim tourist viettel,国家·核心,国家·核心,国家页,H1 / <title> 主体,46.4,,en,已覆盖
vodafone germany sim card for tourists,国家·核心,国家·核心,国家页,H1 / <title> 主体,46.4,,en,已覆盖
vodafone greece tourist esim,国家·核心,国家·核心,国家页,H1 / <title> 主体,46.4,,en,已覆盖
which sim card is best in egypt for tourists,国家·核心,国家·核心,国家页,H1 / <title> 主体,46.4,,en,已覆盖
which sim card is best in indonesia for tourists,国家·核心,国家·核心,国家页,H1 / <title> 主体,46.4,,en,已覆盖
esim uk number,国家·核心,国家·核心,国家页,H1 / <title> 主体,46.1,,en,已覆盖
esim tbilisi georgia,国家·核心,国家·核心,国家页,H1 / <title> 主体,45.9,,en,已覆盖
esim usa vergleich,国家·核心,国家·核心,国家页,H1 / <title> 主体,45.9,,en,已覆盖
esim vietnam vergleich,国家·核心,国家·核心,国家页,H1 / <title> 主体,45.9,,en,已覆盖
ireland esim card for tourists,国家·核心,国家·核心,国家页,H1 / <title> 主体,45.9,,en,已覆盖
what is esim australia,国家·核心,国家·核心,国家页,H1 / <title> 主体,45.6,,en,已覆盖
esim australia tourist,国家·核心,国家·核心,国家页,H1 / <title> 主体,45.4,,en,已覆盖
esim china beijing,国家·核心,国家·核心,国家页,H1 / <title> 主体,45.4,,en,已覆盖
esim delhi india,国家·核心,国家·核心,国家页,H1 / <title> 主体,45.4,,en,已覆盖
esim providers in usa,国家·核心,国家·核心,国家页,H1 / <title> 主体,45.1,,en,已覆盖
how to get esim in uae,国家·核心,国家·核心,国家页,H1 / <title> 主体,44.8,,en,已覆盖
airtel esim india plans,国家·核心,国家·核心,国家页,H1 / <title> 主体,44.5,,en,已覆盖
buy uae esim card online,国家·核心,国家·核心,国家页,H1 / <title> 主体,44.5,,en,已覆盖
claro argentina esim card,国家·核心,国家·核心,国家页,H1 / <title> 主体,44.5,,en,已覆盖
esim colombia claro,国家·核心,国家·核心,国家页,H1 / <title> 主体,44.5,,en,已覆盖
esim for miami usa,国家·核心,国家·核心,国家页,H1 / <title> 主体,44.5,,en,已覆盖
esim for thailand travel,国家·核心,国家·核心,国家页,H1 / <title> 主体,44.5,,en,已覆盖
esim japan travel,国家·核心,国家·核心,国家页,H1 / <title> 主体,44.5,,en,已覆盖
esim morocco orange,国家·核心,国家·核心,国家页,H1 / <title> 主体,44.5,,en,已覆盖
esim south africa namibia botswana,国家·核心,国家·核心,国家页,H1 / <title> 主体,44.5,,en,已覆盖
esim south africa telkom,国家·核心,国家·核心,国家页,H1 / <title> 主体,44.5,,en,已覆盖
esim vancouver canada,国家·核心,国家·核心,国家页,H1 / <title> 主体,44.5,,en,已覆盖
georgia sim card esim,国家·核心,国家·核心,国家页,H1 / <title> 主体,44.5,,en,已覆盖
how to buy an esim for germany,国家·核心,国家·核心,国家页,H1 / <title> 主体,44.5,,en,已覆盖
how to buy an esim for ireland,国家·核心,国家·核心,国家页,H1 / <title> 主体,44.5,,en,已覆盖
how to buy an esim for peru,国家·核心,国家·核心,国家页,H1 / <title> 主体,44.5,,en,已覆盖
how to get an esim for europe from canada,国家·核心,国家·核心,国家页,H1 / <title> 主体,44.5,,en,已覆盖
how to get an esim for south korea,国家·核心,国家·核心,国家页,H1 / <title> 主体,44.5,,en,已覆盖
how to get esim vodafone egypt,国家·核心,国家·核心,国家页,H1 / <title> 主体,44.5,,en,已覆盖
how to get lebara esim netherlands,国家·核心,国家·核心,国家页,H1 / <title> 主体,44.5,,en,已覆盖
india esim card for tourists,国家·核心,国家·核心,国家页,H1 / <title> 主体,44.5,,en,已覆盖
india esim card online,国家·核心,国家·核心,国家页,H1 / <title> 主体,44.5,,en,已覆盖
movistar argentina esim card,国家·核心,国家·核心,国家页,H1 / <title> 主体,44.5,,en,已覆盖
orange esim egypt tourist,国家·核心,国家·核心,国家页,H1 / <title> 主体,44.5,,en,已覆盖
philippines esim tourist smart,国家·核心,国家·核心,国家页,H1 / <title> 主体,44.5,,en,已覆盖
uae esim tourist free,国家·核心,国家·核心,国家页,H1 / <title> 主体,44.5,,en,已覆盖
vodacom esim south africa tourist,国家·核心,国家·核心,国家页,H1 / <title> 主体,44.5,,en,已覆盖
vodafone ireland esim tourist,国家·核心,国家·核心,国家页,H1 / <title> 主体,44.5,,en,已覆盖
vodafone portugal esim card,国家·核心,国家·核心,国家页,H1 / <title> 主体,44.5,,en,已覆盖
esim for india travel,国家·核心,国家·核心,国家页,H1 / <title> 主体,44.4,,en,已覆盖
esim for japan travel,国家·核心,国家·核心,国家页,H1 / <title> 主体,44.4,,en,已覆盖
china esim card for tourist,国家·核心,国家·核心,国家页,H1 / <title> 主体,44.0,,en,已覆盖
esim cancun mexico,国家·核心,国家·核心,国家页,H1 / <title> 主体,44.0,,en,已覆盖
esim croatia tourist,国家·核心,国家·核心,国家页,H1 / <title> 主体,44.0,,en,已覆盖
esim dublin ireland,国家·核心,国家·核心,国家页,H1 / <title> 主体,44.0,,en,已覆盖
esim for nairobi kenya,国家·核心,国家·核心,国家页,H1 / <title> 主体,44.0,,en,已覆盖
esim germany travel,国家·核心,国家·核心,国家页,H1 / <title> 主体,44.0,,en,已覆盖
esim greece travel,国家·核心,国家·核心,国家页,H1 / <title> 主体,44.0,,en,已覆盖
esim italy travel,国家·核心,国家·核心,国家页,H1 / <title> 主体,44.0,,en,已覆盖
esim korea travel,国家·核心,国家·核心,国家页,H1 / <title> 主体,44.0,,en,已覆盖
esim mexico travel,国家·核心,国家·核心,国家页,H1 / <title> 主体,44.0,,en,已覆盖
esim qatar airways,国家·核心,国家·核心,国家页,H1 / <title> 主体,44.0,,en,已覆盖
esim rome italy,国家·核心,国家·核心,国家页,H1 / <title> 主体,44.0,,en,已覆盖
esim uk travel,国家·核心,国家·核心,国家页,H1 / <title> 主体,44.0,,en,已覆盖
esim usa las vegas,国家·核心,国家·核心,国家页,H1 / <title> 主体,44.0,,en,已覆盖
esim vienna austria,国家·核心,国家·核心,国家页,H1 / <title> 主体,44.0,,en,已覆盖
esim vietnam viettel,国家·核心,国家·核心,国家页,H1 / <title> 主体,44.0,,en,已覆盖
how to get esim ooredoo qatar,国家·核心,国家·核心,国家页,H1 / <title> 主体,44.0,,en,已覆盖
korea esim card for tourist,国家·核心,国家·核心,国家页,H1 / <title> 主体,44.0,,en,已覆盖
roaming esim indonesia,国家·核心,国家·核心,国家页,H1 / <title> 主体,44.0,,en,已覆盖
roaming esim thailand,国家·核心,国家·核心,国家页,H1 / <title> 主体,44.0,,en,已覆盖
spain esim card for tourist,国家·核心,国家·核心,国家页,H1 / <title> 主体,44.0,,en,已覆盖
vodafone esim holland,国家·核心,国家·核心,国家页,H1 / <title> 主体,44.0,,en,已覆盖
esim canada number,国家·核心,国家·核心,国家页,H1 / <title> 主体,43.8,,en,已覆盖
which sim card is best in poland,国家·核心,国家·核心,国家页,H1 / <title> 主体,43.5,,en,已覆盖
a1 austria esim tourist,国家·核心,国家·核心,国家页,H1 / <title> 主体,42.6,,en,已覆盖
ais esim thailand plans,国家·核心,国家·核心,国家页,H1 / <title> 主体,42.6,,en,已覆盖
austria prepaid sim card for tourist,国家·核心,国家·核心,国家页,H1 / <title> 主体,42.6,,en,已覆盖
best costa rica esim card,国家·核心,国家·核心,国家页,H1 / <title> 主体,42.6,,en,已覆盖
best indonesia sim card for tourist,国家·核心,国家·核心,国家页,H1 / <title> 主体,42.6,,en,已覆盖
best mexico sim card for tourists,国家·核心,国家·核心,国家页,H1 / <title> 主体,42.6,,en,已覆盖
best sim card for tourists in china,国家·核心,国家·核心,国家页,H1 / <title> 主体,42.6,,en,已覆盖
best sim card for tourists in peru,国家·核心,国家·核心,国家页,H1 / <title> 主体,42.6,,en,已覆盖
best sim card for tourists thailand,国家·核心,国家·核心,国家页,H1 / <title> 主体,42.6,,en,已覆盖
best sim card in kenya for tourists,国家·核心,国家·核心,国家页,H1 / <title> 主体,42.6,,en,已覆盖
brazil e sim plan,国家·核心,国家·核心,国家页,H1 / <title> 主体,42.6,,en,已覆盖
can esim work in indonesia,国家·核心,国家·核心,国家页,H1 / <title> 主体,42.6,,en,已覆盖
can i buy an esim for south africa,国家·核心,国家·核心,国家页,H1 / <title> 主体,42.6,,en,已覆盖
canada sim card for tourist prepaid,国家·核心,国家·核心,国家页,H1 / <title> 主体,42.6,,en,已覆盖
china sim card for tourist shanghai,国家·核心,国家·核心,国家页,H1 / <title> 主体,42.6,,en,已覆盖
claro esim argentina tourist,国家·核心,国家·核心,国家页,H1 / <title> 主体,42.6,,en,已覆盖
claro esim colombia tourist,国家·核心,国家·核心,国家页,H1 / <title> 主体,42.6,,en,已覆盖
claro esim costa rica tourist,国家·核心,国家·核心,国家页,H1 / <title> 主体,42.6,,en,已覆盖
claro esim peru tourist,国家·核心,国家·核心,国家页,H1 / <title> 主体,42.6,,en,已覆盖
claro peru esim card,国家·核心,国家·核心,国家页,H1 / <title> 主体,42.6,,en,已覆盖
data roaming esim spain,国家·核心,国家·核心,国家页,H1 / <title> 主体,42.6,,en,已覆盖
do you need an esim for france,国家·核心,国家·核心,国家页,H1 / <title> 主体,42.6,,en,已覆盖
do you need an esim for the uk,国家·核心,国家·核心,国家页,H1 / <title> 主体,42.6,,en,已覆盖
does orange esim work in greece,国家·核心,国家·核心,国家页,H1 / <title> 主体,42.6,,en,已覆盖
does orange esim work in switzerland,国家·核心,国家·核心,国家页,H1 / <title> 主体,42.6,,en,已覆盖
does revolut esim work in south africa,国家·核心,国家·核心,国家页,H1 / <title> 主体,42.6,,en,已覆盖
does revolut esim work in thailand,国家·核心,国家·核心,国家页,H1 / <title> 主体,42.6,,en,已覆盖
does singtel esim work in malaysia,国家·核心,国家·核心,国家页,H1 / <title> 主体,42.6,,en,已覆盖
does uk esim work in scotland,国家·核心,国家·核心,国家页,H1 / <title> 主体,42.6,,en,已覆盖
does vodafone esim work in germany,国家·核心,国家·核心,国家页,H1 / <title> 主体,42.6,,en,已覆盖
e sim costa rica panama,国家·核心,国家·核心,国家页,H1 / <title> 主体,42.6,,en,已覆盖
e sim india sri lanka,国家·核心,国家·核心,国家页,H1 / <title> 主体,42.6,,en,已覆盖
ee esim uk tourist,国家·核心,国家·核心,国家页,H1 / <title> 主体,42.6,,en,已覆盖
esim argentina turista,国家·核心,国家·核心,国家页,H1 / <title> 主体,42.6,,en,已覆盖
esim austria prepaid,国家·核心,国家·核心,国家页,H1 / <title> 主体,42.6,,en,已覆盖
esim belgium travel,国家·核心,国家·核心,国家页,H1 / <title> 主体,42.6,,en,已覆盖
esim brazil tourist,国家·核心,国家·核心,国家页,H1 / <title> 主体,42.6,,en,已覆盖
esim brazil travel,国家·核心,国家·核心,国家页,H1 / <title> 主体,42.6,,en,已覆盖
esim canada plans rogers,国家·核心,国家·核心,国家页,H1 / <title> 主体,42.6,,en,已覆盖
esim canada prepaid,国家·核心,国家·核心,国家页,H1 / <title> 主体,42.6,,en,已覆盖
esim cape town south africa,国家·核心,国家·核心,国家页,H1 / <title> 主体,42.6,,en,已覆盖
esim china erfahrungen,国家·核心,国家·核心,国家页,H1 / <title> 主体,42.6,,de,已覆盖
esim china vpn,国家·核心,国家·核心,国家页,H1 / <title> 主体,42.6,,en,已覆盖
esim costa rica claro,国家·核心,国家·核心,国家页,H1 / <title> 主体,42.6,,en,已覆盖
esim costa rica erfahrungen,国家·核心,国家·核心,国家页,H1 / <title> 主体,42.6,,de,已覆盖
esim data only thailand,国家·核心,国家·核心,国家页,H1 / <title> 主体,42.6,,en,已覆盖
esim data plans canada,国家·核心,国家·核心,国家页,H1 / <title> 主体,42.6,,en,已覆盖
esim data plans spain,国家·核心,国家·核心,国家页,H1 / <title> 主体,42.6,,en,已覆盖
esim data plans usa,国家·核心,国家·核心,国家页,H1 / <title> 主体,42.6,,en,已覆盖
esim egypt buy,国家·核心,国家·核心,国家页,H1 / <title> 主体,42.6,,en,已覆盖
esim fiji digicel,国家·核心,国家·核心,国家页,H1 / <title> 主体,42.6,,en,已覆盖
esim fiji travel,国家·核心,国家·核心,国家页,H1 / <title> 主体,42.6,,en,已覆盖
esim for 1 week in italy,国家·核心,国家·核心,国家页,H1 / <title> 主体,42.6,,en,已覆盖
esim for 2 weeks usa,国家·核心,国家·核心,国家页,H1 / <title> 主体,42.6,,en,已覆盖
esim for america and canada,国家·核心,国家·核心,国家页,H1 / <title> 主体,42.6,,en,已覆盖
esim for australia telstra,国家·核心,国家·核心,国家页,H1 / <title> 主体,42.6,,en,已覆盖
esim for australia travel,国家·核心,国家·核心,国家页,H1 / <title> 主体,42.6,,en,已覆盖
esim for austria and hungary,国家·核心,国家·核心,国家页,H1 / <title> 主体,42.6,,en,已覆盖
esim for bali indonesia,国家·核心,国家·核心,国家页,H1 / <title> 主体,42.6,,en,已覆盖
esim for china with vpn,国家·核心,国家·核心,国家页,H1 / <title> 主体,42.6,,en,已覆盖
esim for colombia travel,国家·核心,国家·核心,国家页,H1 / <title> 主体,42.6,,en,已覆盖
esim for croatia and bosnia,国家·核心,国家·核心,国家页,H1 / <title> 主体,42.6,,en,已覆盖
esim for europe and us,国家·核心,国家·核心,国家页,H1 / <title> 主体,42.6,,en,已覆盖
esim for georgia and armenia,国家·核心,国家·核心,国家页,H1 / <title> 主体,42.6,,en,已覆盖
esim for germany tourist,国家·核心,国家·核心,国家页,H1 / <title> 主体,42.6,,en,已覆盖
esim for greece and turkey,国家·核心,国家·核心,国家页,H1 / <title> 主体,42.6,,en,已覆盖
esim for hawaii usa,国家·核心,国家·核心,国家页,H1 / <title> 主体,42.6,,en,已覆盖
esim for holland america,国家·核心,国家·核心,国家页,H1 / <title> 主体,42.6,,en,已覆盖
esim for hong kong and macau,国家·核心,国家·核心,国家页,H1 / <title> 主体,42.6,,en,已覆盖
esim for iceland travel,国家·核心,国家·核心,国家页,H1 / <title> 主体,42.6,,en,已覆盖
esim for international travel from australia,国家·核心,国家·核心,国家页,H1 / <title> 主体,42.6,,en,已覆盖
esim for ireland and northern ireland,国家·核心,国家·核心,国家页,H1 / <title> 主体,42.6,,en,已覆盖
esim for israel and europe,国家·核心,国家·核心,国家页,H1 / <title> 主体,42.6,,en,已覆盖
esim for korea travel,国家·核心,国家·核心,国家页,H1 / <title> 主体,42.6,,en,已覆盖
esim for malaysia travel,国家·核心,国家·核心,国家页,H1 / <title> 主体,42.6,,en,已覆盖
esim for morocco travel,国家·核心,国家·核心,国家页,H1 / <title> 主体,42.6,,en,已覆盖
esim for new zealand travel,国家·核心,国家·核心,国家页,H1 / <title> 主体,42.6,,en,已覆盖
esim for nz travel,国家·核心,国家·核心,国家页,H1 / <title> 主体,42.6,,en,已覆盖
esim for peru travel,国家·核心,国家·核心,国家页,H1 / <title> 主体,42.6,,en,已覆盖
esim for philippines travel,国家·核心,国家·核心,国家页,H1 / <title> 主体,42.6,,en,已覆盖
esim for seoul and japan,国家·核心,国家·核心,国家页,H1 / <title> 主体,42.6,,en,已覆盖
esim for south africa and zimbabwe,国家·核心,国家·核心,国家页,H1 / <title> 主体,42.6,,en,已覆盖
esim for switzerland and europe,国家·核心,国家·核心,国家页,H1 / <title> 主体,42.6,,en,已覆盖
esim for tourists in usa,国家·核心,国家·核心,国家页,H1 / <title> 主体,42.6,,en,已覆盖
esim for turkey from uk,国家·核心,国家·核心,国家页,H1 / <title> 主体,42.6,,en,已覆盖
esim for uae travel,国家·核心,国家·核心,国家页,H1 / <title> 主体,42.6,,en,已覆盖
esim for uk and europe,国家·核心,国家·核心,国家页,H1 / <title> 主体,42.6,,en,已覆盖
esim for uk tourist,国家·核心,国家·核心,国家页,H1 / <title> 主体,42.6,,en,已覆盖
esim for uk travel,国家·核心,国家·核心,国家页,H1 / <title> 主体,42.6,,en,已覆盖
esim georgia and armenia,国家·核心,国家·核心,国家页,H1 / <title> 主体,42.6,,en,已覆盖
esim georgia travel,国家·核心,国家·核心,国家页,H1 / <title> 主体,42.6,,en,已覆盖
esim greece cosmote,国家·核心,国家·核心,国家页,H1 / <title> 主体,42.6,,en,已覆盖
esim hanoi vietnam,国家·核心,国家·核心,国家页,H1 / <title> 主体,42.6,,en,已覆盖
esim india tourist,国家·核心,国家·核心,国家页,H1 / <title> 主体,42.6,,en,已覆盖
esim indonesia bali,国家·核心,国家·核心,国家页,H1 / <title> 主体,42.6,,en,已覆盖
esim indonesia for tourist,国家·核心,国家·核心,国家页,H1 / <title> 主体,42.6,,en,已覆盖
esim indonesia harga,国家·核心,国家·核心,国家页,H1 / <title> 主体,42.6,,en,已覆盖
esim indonesia telkomsel,国家·核心,国家·核心,国家页,H1 / <title> 主体,42.6,,en,已覆盖
esim indonesia tourist,国家·核心,国家·核心,国家页,H1 / <title> 主体,42.6,,en,已覆盖
esim internet kenya,国家·核心,国家·核心,国家页,H1 / <title> 主体,42.6,,en,已覆盖
esim israel erfahrungen,国家·核心,国家·核心,国家页,H1 / <title> 主体,42.6,,de,已覆盖
esim japan erfahrungen,国家·核心,国家·核心,国家页,H1 / <title> 主体,42.6,,de,已覆盖
esim kenya and tanzania,国家·核心,国家·核心,国家页,H1 / <title> 主体,42.6,,en,已覆盖
esim kenya travel,国家·核心,国家·核心,国家页,H1 / <title> 主体,42.6,,en,已覆盖
esim korea vergleich,国家·核心,国家·核心,国家页,H1 / <title> 主体,42.6,,en,已覆盖
esim macau hong kong,国家·核心,国家·核心,国家页,H1 / <title> 主体,42.6,,en,已覆盖
esim malaysia,国家·核心,国家·核心,国家页,H1 / <title> 主体,42.6,,en,已覆盖
esim malaysia vergleich,国家·核心,国家·核心,国家页,H1 / <title> 主体,42.6,,en,已覆盖
esim morocco travel,国家·核心,国家·核心,国家页,H1 / <title> 主体,42.6,,en,已覆盖
esim netherlands prepaid,国家·核心,国家·核心,国家页,H1 / <title> 主体,42.6,,en,已覆盖
esim no contract singapore,国家·核心,国家·核心,国家页,H1 / <title> 主体,42.6,,en,已覆盖
esim nz number,国家·核心,国家·核心,国家页,H1 / <title> 主体,42.6,,en,已覆盖
esim nz prepaid,国家·核心,国家·核心,国家页,H1 / <title> 主体,42.6,,en,已覆盖
esim pay as you go uk,国家·核心,国家·核心,国家页,H1 / <title> 主体,42.6,,en,已覆盖
esim peru claro,国家·核心,国家·核心,国家页,H1 / <title> 主体,42.6,,en,已覆盖
esim peru erfahrungen,国家·核心,国家·核心,国家页,H1 / <title> 主体,42.6,,de,已覆盖
esim peru trip com,国家·核心,国家·核心,国家页,H1 / <title> 主体,42.6,,en,已覆盖
esim philippines smart,国家·核心,国家·核心,国家页,H1 / <title> 主体,42.6,,en,已覆盖
esim philippines trip com,国家·核心,国家·核心,国家页,H1 / <title> 主体,42.6,,en,已覆盖
esim phone plans france,国家·核心,国家·核心,国家页,H1 / <title> 主体,42.6,,en,已覆盖
esim phones in india,国家·核心,国家·核心,国家页,H1 / <title> 主体,42.6,,en,已覆盖
esim poland orange,国家·核心,国家·核心,国家页,H1 / <title> 主体,42.6,,en,已覆盖
esim portugal internet,国家·核心,国家·核心,国家页,H1 / <title> 主体,42.6,,en,已覆盖
esim portugal trip com,国家·核心,国家·核心,国家页,H1 / <title> 主体,42.6,,en,已覆盖
esim prepaid australia,国家·核心,国家·核心,国家页,H1 / <title> 主体,42.6,,en,已覆盖
esim roaming peru,国家·核心,国家·核心,国家页,H1 / <title> 主体,42.6,,en,已覆盖
esim roaming vietnam,国家·核心,国家·核心,国家页,H1 / <title> 主体,42.6,,en,已覆盖
esim saudi arabia umrah,国家·核心,国家·核心,国家页,H1 / <title> 主体,42.6,,en,已覆盖
esim saudi arabia visitor,国家·核心,国家·核心,国家页,H1 / <title> 主体,42.6,,en,已覆盖
esim singapore tourist singtel,国家·核心,国家·核心,国家页,H1 / <title> 主体,42.6,,en,已覆盖
esim switzerland data,国家·核心,国家·核心,国家页,H1 / <title> 主体,42.6,,en,已覆盖
esim taiwan travel,国家·核心,国家·核心,国家页,H1 / <title> 主体,42.6,,en,已覆盖
esim thailand vergleich,国家·核心,国家·核心,国家页,H1 / <title> 主体,42.6,,en,已覆盖
esim tokyo japan,国家·核心,国家·核心,国家页,H1 / <title> 主体,42.6,,en,已覆盖
esim travel croatia,国家·核心,国家·核心,国家页,H1 / <title> 主体,42.6,,en,已覆盖
esim uae dubai,国家·核心,国家·核心,国家页,H1 / <title> 主体,42.6,,en,已覆盖
esim uae tourist,国家·核心,国家·核心,国家页,H1 / <title> 主体,42.6,,en,已覆盖
esim uk 1 month,国家·核心,国家·核心,国家页,H1 / <title> 主体,42.6,,en,已覆盖
esim uk tourist,国家·核心,国家·核心,国家页,H1 / <title> 主体,42.6,,en,已覆盖
germany prepaid esim card,国家·核心,国家·核心,国家页,H1 / <title> 主体,42.6,,en,已覆盖
germany prepaid sim card for tourist,国家·核心,国家·核心,国家页,H1 / <title> 主体,42.6,,en,已覆盖
get uk number esim,国家·核心,国家·核心,国家页,H1 / <title> 主体,42.6,,en,已覆盖
globe esim card philippines,国家·核心,国家·核心,国家页,H1 / <title> 主体,42.6,,en,已覆盖
globe philippines esim card,国家·核心,国家·核心,国家页,H1 / <title> 主体,42.6,,en,已覆盖
hong kong esim card for tourist,国家·核心,国家·核心,国家页,H1 / <title> 主体,42.6,,en,已覆盖
hong kong esim data plans,国家·核心,国家·核心,国家页,H1 / <title> 主体,42.6,,en,已覆盖
how do i get an esim for france,国家·核心,国家·核心,国家页,H1 / <title> 主体,42.6,,en,已覆盖
how do i get an esim for indonesia,国家·核心,国家·核心,国家页,H1 / <title> 主体,42.6,,en,已覆盖
how do i get an esim for morocco,国家·核心,国家·核心,国家页,H1 / <title> 主体,42.6,,en,已覆盖
how to buy an esim for china,国家·核心,国家·核心,国家页,H1 / <title> 主体,42.6,,en,已覆盖
how to buy an esim for thailand,国家·核心,国家·核心,国家页,H1 / <title> 主体,42.6,,en,已覆盖
how to buy an esim for uk,国家·核心,国家·核心,国家页,H1 / <title> 主体,42.6,,en,已覆盖
how to buy an esim for usa,国家·核心,国家·核心,国家页,H1 / <title> 主体,42.6,,en,已覆盖
how to buy esim for china travel,国家·核心,国家·核心,国家页,H1 / <title> 主体,42.6,,en,已覆盖
how to buy esim italy,国家·核心,国家·核心,国家页,H1 / <title> 主体,42.6,,en,已覆盖
how to buy esim malaysia online,国家·核心,国家·核心,国家页,H1 / <title> 主体,42.6,,en,已覆盖
how to get ais esim thailand,国家·核心,国家·核心,国家页,H1 / <title> 主体,42.6,,en,已覆盖
how to get an airtel esim in kenya,国家·核心,国家·核心,国家页,H1 / <title> 主体,42.6,,en,已覆盖
how to get an esim card for costa rica,国家·核心,国家·核心,国家页,H1 / <title> 主体,42.6,,en,已覆盖
how to get an esim card for portugal,国家·核心,国家·核心,国家页,H1 / <title> 主体,42.6,,en,已覆盖
how to get an esim for airtel india,国家·核心,国家·核心,国家页,H1 / <title> 主体,42.6,,en,已覆盖
how to get an esim three ireland,国家·核心,国家·核心,国家页,H1 / <title> 主体,42.6,,en,已覆盖
how to get an esim vodafone australia,国家·核心,国家·核心,国家页,H1 / <title> 主体,42.6,,en,已覆盖
how to get esim china number,国家·核心,国家·核心,国家页,H1 / <title> 主体,42.6,,en,已覆盖
how to get esim for vodafone qatar,国家·核心,国家·核心,国家页,H1 / <title> 主体,42.6,,en,已覆盖
how to get esim in saudi arabia online,国家·核心,国家·核心,国家页,H1 / <title> 主体,42.6,,en,已覆盖
how to get esim vodafone spain,国家·核心,国家·核心,国家页,H1 / <title> 主体,42.6,,en,已覆盖
iceland esim trip com,国家·核心,国家·核心,国家页,H1 / <title> 主体,42.6,,en,已覆盖
iceland tourist esim,国家·核心,国家·核心,国家页,H1 / <title> 主体,42.6,,en,已覆盖
india roaming esim,国家·核心,国家·核心,国家页,H1 / <title> 主体,42.6,,en,已覆盖
indonesia sim card esim,国家·核心,国家·核心,国家页,H1 / <title> 主体,42.6,,en,已覆盖
international roaming esim australia,国家·核心,国家·核心,国家页,H1 / <title> 主体,42.6,,en,已覆盖
is bmw esim available in canada,国家·核心,国家·核心,国家页,H1 / <title> 主体,42.6,,en,已覆盖
is esim free in south africa,国家·核心,国家·核心,国家页,H1 / <title> 主体,42.6,,en,已覆盖
is esim in china,国家·核心,国家·核心,国家页,H1 / <title> 主体,42.6,,en,已覆盖
is esim in egypt,国家·核心,国家·核心,国家页,H1 / <title> 主体,42.6,,en,已覆盖
is esim working in philippines,国家·核心,国家·核心,国家页,H1 / <title> 主体,42.6,,en,已覆盖
italy esim card for tourist,国家·核心,国家·核心,国家页,H1 / <title> 主体,42.6,,en,已覆盖
japan e sim card for tourists,国家·核心,国家·核心,国家页,H1 / <title> 主体,42.6,,en,已覆盖
jetpack esim morocco,国家·核心,国家·核心,国家页,H1 / <title> 主体,42.6,,en,已覆盖
jetpack esim spain,国家·核心,国家·核心,国家页,H1 / <title> 主体,42.6,,en,已覆盖
kenya sim card esim,国家·核心,国家·核心,国家页,H1 / <title> 主体,42.6,,en,已覆盖
kt roaming esim korea,国家·核心,国家·核心,国家页,H1 / <title> 主体,42.6,,en,已覆盖
lyca esim usa plans,国家·核心,国家·核心,国家页,H1 / <title> 主体,42.6,,en,已覆盖
magti georgia esim tourist,国家·核心,国家·核心,国家页,H1 / <title> 主体,42.6,,en,已覆盖
movistar argentina esim tourist,国家·核心,国家·核心,国家页,H1 / <title> 主体,42.6,,en,已覆盖
movistar colombia esim card,国家·核心,国家·核心,国家页,H1 / <title> 主体,42.6,,en,已覆盖
movistar spain tourist esim,国家·核心,国家·核心,国家页,H1 / <title> 主体,42.6,,en,已覆盖
netherlands sim card for tourist no registration,国家·核心,国家·核心,国家页,H1 / <title> 主体,42.6,,en,已覆盖
new zealand sim card for tourist prepaid,国家·核心,国家·核心,国家页,H1 / <title> 主体,42.6,,en,已覆盖
orange esim france tourist,国家·核心,国家·核心,国家页,H1 / <title> 主体,42.6,,en,已覆盖
personal argentina esim tourist,国家·核心,国家·核心,国家页,H1 / <title> 主体,42.6,,en,已覆盖
philippines sim card for tourist prepaid,国家·核心,国家·核心,国家页,H1 / <title> 主体,42.6,,en,已覆盖
portugal esim for tourists,国家·核心,国家·核心,国家页,H1 / <title> 主体,42.6,,en,已覆盖
portugal sim card for tourist prepaid,国家·核心,国家·核心,国家页,H1 / <title> 主体,42.6,,en,已覆盖
prepaid sim card germany for tourists,国家·核心,国家·核心,国家页,H1 / <title> 主体,42.6,,en,已覆盖
saudi arabia sim card companies,国家·核心,国家·核心,国家页,H1 / <title> 主体,42.6,,en,已覆盖
saudi arabia sim card esim,国家·核心,国家·核心,国家页,H1 / <title> 主体,42.6,,en,已覆盖
sim card for tourists spain,国家·核心,国家·核心,国家页,H1 / <title> 主体,42.6,,en,已覆盖
sim card for travellers india,国家·核心,国家·核心,国家页,H1 / <title> 主体,42.6,,en,已覆盖
singapore buy esim,国家·核心,国家·核心,国家页,H1 / <title> 主体,42.6,,en,已覆盖
singapore esim card with phone.number,国家·核心,国家·核心,国家页,H1 / <title> 主体,42.6,,en,已覆盖
south africa sim card for tourist prepaid,国家·核心,国家·核心,国家页,H1 / <title> 主体,42.6,,en,已覆盖
spain sim card for tourist,国家·核心,国家·核心,国家页,H1 / <title> 主体,42.6,,en,已覆盖
spark esim new zealand tourist,国家·核心,国家·核心,国家页,H1 / <title> 主体,42.6,,en,已覆盖
switzerland data sim card for tourist,国家·核心,国家·核心,国家页,H1 / <title> 主体,42.6,,en,已覆盖
taiwan sim card for traveller,国家·核心,国家·核心,国家页,H1 / <title> 主体,42.6,,en,已覆盖
telcel esim mexico tourist,国家·核心,国家·核心,国家页,H1 / <title> 主体,42.6,,en,已覆盖
thailand esim card agoda,国家·核心,国家·核心,国家页,H1 / <title> 主体,42.6,,en,已覆盖
tourist esim japan,国家·核心,国家·核心,国家页,H1 / <title> 主体,42.6,,en,已覆盖
travel esim malaysia,国家·核心,国家·核心,国家页,H1 / <title> 主体,42.6,,en,已覆盖
uae sim card for visitors,国家·核心,国家·核心,国家页,H1 / <title> 主体,42.6,,en,已覆盖
uk esim card for tourist,国家·核心,国家·核心,国家页,H1 / <title> 主体,42.6,,en,已覆盖
uk sim card for visitors,国家·核心,国家·核心,国家页,H1 / <title> 主体,42.6,,en,已覆盖
uk tourist esim,国家·核心,国家·核心,国家页,H1 / <title> 主体,42.6,,en,已覆盖
us esim travel,国家·核心,国家·核心,国家页,H1 / <title> 主体,42.6,,en,已覆盖
usa esim card tourist,国家·核心,国家·核心,国家页,H1 / <title> 主体,42.6,,en,已覆盖
usa prepaid data sim card for tourists,国家·核心,国家·核心,国家页,H1 / <title> 主体,42.6,,en,已覆盖
vietnam esim card viettel,国家·核心,国家·核心,国家页,H1 / <title> 主体,42.6,,en,已覆盖
vietnam esim for tourist,国家·核心,国家·核心,国家页,H1 / <title> 主体,42.6,,en,已覆盖
vietnam esim tourist,国家·核心,国家·核心,国家页,H1 / <title> 主体,42.6,,en,已覆盖
vietnam sim card for tourist viettel,国家·核心,国家·核心,国家页,H1 / <title> 主体,42.6,,en,已覆盖
vivo brazil esim card,国家·核心,国家·核心,国家页,H1 / <title> 主体,42.6,,en,已覆盖
vodafone brazil esim,国家·核心,国家·核心,国家页,H1 / <title> 主体,42.6,,en,已覆盖
vodafone egypt esim card for tourist,国家·核心,国家·核心,国家页,H1 / <title> 主体,42.6,,en,已覆盖
vodafone egypt sim card for tourists,国家·核心,国家·核心,国家页,H1 / <title> 主体,42.6,,en,已覆盖
vodafone esim greece tourist,国家·核心,国家·核心,国家页,H1 / <title> 主体,42.6,,en,已覆盖
vodafone esim ireland plans,国家·核心,国家·核心,国家页,H1 / <title> 主体,42.6,,en,已覆盖
vodafone greece esim card,国家·核心,国家·核心,国家页,H1 / <title> 主体,42.6,,en,已覆盖
vodafone italy sim card for tourists,国家·核心,国家·核心,国家页,H1 / <title> 主体,42.6,,en,已覆盖
what esim to use in hong kong,国家·核心,国家·核心,国家页,H1 / <title> 主体,42.6,,en,已覆盖
why is esim not available in hong kong,国家·核心,国家·核心,国家页,H1 / <title> 主体,42.6,,en,已覆盖
will my german esim work in austria,国家·核心,国家·核心,国家页,H1 / <title> 主体,42.6,,en,已覆盖
phones with esim in kenya,国家·核心,国家·核心,国家页,H1 / <title> 主体,42.5,,en,已覆盖
esim available in india,国家·核心,国家·核心,国家页,H1 / <title> 主体,42.4,,en,已覆盖
how to get esim in canada,国家·核心,国家·核心,国家页,H1 / <title> 主体,42.4,,en,已覆盖
esim india travel,国家·核心,国家·核心,国家页,H1 / <title> 主体,42.1,,en,已覆盖
esim philippines manila,国家·核心,国家·核心,国家页,H1 / <title> 主体,42.1,,en,已覆盖
esim usa erfahrungen,国家·核心,国家·核心,国家页,H1 / <title> 主体,42.1,,de,已覆盖
travel esim australia,国家·核心,国家·核心,国家页,H1 / <title> 主体,41.9,,en,已覆盖
esim rio brazil,国家·核心,国家·核心,国家页,H1 / <title> 主体,41.6,,en,已覆盖
esim taipei taiwan,国家·核心,国家·核心,国家页,H1 / <title> 主体,41.6,,en,已覆盖
getting a sim card in peru,国家·核心,国家·核心,国家页,H1 / <title> 主体,41.6,,en,已覆盖
how to get esim in singapore,国家·核心,国家·核心,国家页,H1 / <title> 主体,41.0,,en,已覆盖
buy uae esim card,国家·核心,国家·核心,国家页,H1 / <title> 主体,40.8,,en,已覆盖
canada esim card prepaid,国家·核心,国家·核心,国家页,H1 / <title> 主体,40.8,,en,已覆盖
cosmote esim greece tourist,国家·核心,国家·核心,国家页,H1 / <title> 主体,40.8,,en,已覆盖
esim australia tourist telstra,国家·核心,国家·核心,国家页,H1 / <title> 主体,40.8,,en,已覆盖
esim card for turkey and greece,国家·核心,国家·核心,国家页,H1 / <title> 主体,40.8,,en,已覆盖
esim egypt best,国家·核心,国家·核心,国家页,H1 / <title> 主体,40.8,,en,已覆盖
esim germany prepaid tourist,国家·核心,国家·核心,国家页,H1 / <title> 主体,40.8,,en,已覆盖
esim india e sri lanka,国家·核心,国家·核心,国家页,H1 / <title> 主体,40.8,,en,已覆盖
esim india tourist jio,国家·核心,国家·核心,国家页,H1 / <title> 主体,40.8,,en,已覆盖
esim london uk,国家·核心,国家·核心,国家页,H1 / <title> 主体,40.8,,en,已覆盖
esim south africa vodacom,国家·核心,国家·核心,国家页,H1 / <title> 主体,40.8,,en,已覆盖
esim thailand tourist,国家·核心,国家·核心,国家页,H1 / <title> 主体,40.8,,en,已覆盖
esim thailand tourist ais,国家·核心,国家·核心,国家页,H1 / <title> 主体,40.8,,en,已覆盖
how do i get an esim for italy,国家·核心,国家·核心,国家页,H1 / <title> 主体,40.8,,en,已覆盖
how to buy an esim for korea,国家·核心,国家·核心,国家页,H1 / <title> 主体,40.8,,en,已覆盖
how to get an esim in south africa online,国家·核心,国家·核心,国家页,H1 / <title> 主体,40.8,,en,已覆盖
how to get an esim vodafone ireland,国家·核心,国家·核心,国家页,H1 / <title> 主体,40.8,,en,已覆盖
how to get esim smart philippines,国家·核心,国家·核心,国家页,H1 / <title> 主体,40.8,,en,已覆盖
how to get esim uae number,国家·核心,国家·核心,国家页,H1 / <title> 主体,40.8,,en,已覆盖
how to get vodafone esim netherlands,国家·核心,国家·核心,国家页,H1 / <title> 主体,40.8,,en,已覆盖
is prepaid esim available in philippines,国家·核心,国家·核心,国家页,H1 / <title> 主体,40.8,,en,已覆盖
malaysia esim card online,国家·核心,国家·核心,国家页,H1 / <title> 主体,40.8,,en,已覆盖
meo portugal esim card,国家·核心,国家·核心,国家页,H1 / <title> 主体,40.8,,en,已覆盖
movistar colombia esim tourist,国家·核心,国家·核心,国家页,H1 / <title> 主体,40.8,,en,已覆盖
mtn esim south africa tourist,国家·核心,国家·核心,国家页,H1 / <title> 主体,40.8,,en,已覆盖
new zealand esim data plans,国家·核心,国家·核心,国家页,H1 / <title> 主体,40.8,,en,已覆盖
orange morocco esim card,国家·核心,国家·核心,国家页,H1 / <title> 主体,40.8,,en,已覆盖
vivo esim brazil tourist,国家·核心,国家·核心,国家页,H1 / <title> 主体,40.8,,en,已覆盖
vodafone esim egypt tourist,国家·核心,国家·核心,国家页,H1 / <title> 主体,40.8,,en,已覆盖
why is esim not available in china,国家·核心,国家·核心,国家页,H1 / <title> 主体,40.8,,en,已覆盖
does china mobile support esim,国家·核心,国家·核心,国家页,H1 / <title> 主体,40.4,,en,已覆盖
cairo egypt esim,国家·核心,国家·核心,国家页,H1 / <title> 主体,40.3,,en,已覆盖
can i buy a sim card in portugal,国家·核心,国家·核心,国家页,H1 / <title> 主体,40.3,,en,已覆盖
egypt esim card for tourist,国家·核心,国家·核心,国家页,H1 / <title> 主体,40.3,,en,已覆盖
esim auckland nz,国家·核心,国家·核心,国家页,H1 / <title> 主体,40.3,,en,已覆盖
esim for usa tourist,国家·核心,国家·核心,国家页,H1 / <title> 主体,40.3,,en,已覆盖
esim for vietnam cambodia and laos,国家·核心,国家·核心,国家页,H1 / <title> 主体,40.3,,en,已覆盖
esim france travel,国家·核心,国家·核心,国家页,H1 / <title> 主体,40.3,,en,已覆盖
a1 croatia esim tourist,国家·核心,国家·核心,国家页,H1 / <title> 主体,38.9,,en,已覆盖
australia sim card for tourist telstra,国家·核心,国家·核心,国家页,H1 / <title> 主体,38.9,,en,已覆盖
best sim card for tourists in brazil,国家·核心,国家·核心,国家页,H1 / <title> 主体,38.9,,en,已覆盖
best sim card for tourists in germany,国家·核心,国家·核心,国家页,H1 / <title> 主体,38.9,,en,已覆盖
best sim card for tourists in greece,国家·核心,国家·核心,国家页,H1 / <title> 主体,38.9,,en,已覆盖
best sim card in spain for tourists,国家·核心,国家·核心,国家页,H1 / <title> 主体,38.9,,en,已覆盖
best taiwan sim card for tourist,国家·核心,国家·核心,国家页,H1 / <title> 主体,38.9,,en,已覆盖
best uk sim card for tourists,国家·核心,国家·核心,国家页,H1 / <title> 主体,38.9,,en,已覆盖
brazil esim with number,国家·核心,国家·核心,国家页,H1 / <title> 主体,38.9,,en,已覆盖
brazil sim card esim,国家·核心,国家·核心,国家页,H1 / <title> 主体,38.9,,en,已覆盖
buy esim uae tourist,国家·核心,国家·核心,国家页,H1 / <title> 主体,38.9,,en,已覆盖
buying a sim card in ireland,国家·核心,国家·核心,国家页,H1 / <title> 主体,38.9,,en,已覆盖
canada sim card for travellers,国家·核心,国家·核心,国家页,H1 / <title> 主体,38.9,,en,已覆盖
china esim card with number,国家·核心,国家·核心,国家页,H1 / <title> 主体,38.9,,en,已覆盖
china sim card for tourist prepaid,国家·核心,国家·核心,国家页,H1 / <title> 主体,38.9,,en,已覆盖
chunghwa esim taiwan tourist,国家·核心,国家·核心,国家页,H1 / <title> 主体,38.9,,en,已覆盖
claro argentina esim tourist,国家·核心,国家·核心,国家页,H1 / <title> 主体,38.9,,en,已覆盖
costa rica sim card esim,国家·核心,国家·核心,国家页,H1 / <title> 主体,38.9,,en,已覆盖
data roaming esim china,国家·核心,国家·核心,国家页,H1 / <title> 主体,38.9,,en,已覆盖
data roaming esim malaysia,国家·核心,国家·核心,国家页,H1 / <title> 主体,38.9,,en,已覆盖
do you need an esim for usa,国家·核心,国家·核心,国家页,H1 / <title> 主体,38.9,,en,已覆盖
does china esim work in macau,国家·核心,国家·核心,国家页,H1 / <title> 主体,38.9,,en,已覆盖
does europe esim work in uk,国家·核心,国家·核心,国家页,H1 / <title> 主体,38.9,,en,已覆盖
does my hong kong esim work in macau,国家·核心,国家·核心,国家页,H1 / <title> 主体,38.9,,en,已覆盖
does orange esim work in ireland,国家·核心,国家·核心,国家页,H1 / <title> 主体,38.9,,en,已覆盖
does orange esim work in portugal,国家·核心,国家·核心,国家页,H1 / <title> 主体,38.9,,en,已覆盖
does orange esim work in spain,国家·核心,国家·核心,国家页,H1 / <title> 主体,38.9,,en,已覆盖
does revolut esim work in indonesia,国家·核心,国家·核心,国家页,H1 / <title> 主体,38.9,,en,已覆盖
does revolut esim work in japan,国家·核心,国家·核心,国家页,H1 / <title> 主体,38.9,,en,已覆盖
does revolut esim work in kenya,国家·核心,国家·核心,国家页,H1 / <title> 主体,38.9,,en,已覆盖
does revolut esim work in morocco,国家·核心,国家·核心,国家页,H1 / <title> 主体,38.9,,en,已覆盖
does revolut esim work in usa,国家·核心,国家·核心,国家页,H1 / <title> 主体,38.9,,en,已覆盖
does telstra esim work in new zealand,国家·核心,国家·核心,国家页,H1 / <title> 主体,38.9,,en,已覆盖
does vodafone esim work in france,国家·核心,国家·核心,国家页,H1 / <title> 主体,38.9,,en,已覆盖
e sim cairo egypt,国家·核心,国家·核心,国家页,H1 / <title> 主体,38.9,,en,已覆盖
e sim roaming singapore,国家·核心,国家·核心,国家页,H1 / <title> 主体,38.9,,en,已覆盖
e sim roaming thailand,国家·核心,国家·核心,国家页,H1 / <title> 主体,38.9,,en,已覆盖
e sim roaming uk,国家·核心,国家·核心,国家页,H1 / <title> 主体,38.9,,en,已覆盖
e sim roaming usa,国家·核心,国家·核心,国家页,H1 / <title> 主体,38.9,,en,已覆盖
england esim card,国家·核心,国家·核心,国家页,H1 / <title> 主体,38.9,,en,已覆盖
england esim data,国家·核心,国家·核心,国家页,H1 / <title> 主体,38.9,,en,已覆盖
esim argentina prepago,国家·核心,国家·核心,国家页,H1 / <title> 主体,38.9,,en,已覆盖
esim australia sydney,国家·核心,国家·核心,国家页,H1 / <title> 主体,38.9,,en,已覆盖
esim belgium orange,国家·核心,国家·核心,国家页,H1 / <title> 主体,38.9,,en,已覆盖
esim canada and alaska,国家·核心,国家·核心,国家页,H1 / <title> 主体,38.9,,en,已覆盖
esim canada rogers,国家·核心,国家·核心,国家页,H1 / <title> 主体,38.9,,en,已覆盖
esim card colombia prepago,国家·核心,国家·核心,国家页,H1 / <title> 主体,38.9,,en,已覆盖
esim card great britain,国家·核心,国家·核心,国家页,H1 / <title> 主体,38.9,,en,已覆盖
esim china kaufen,国家·核心,国家·核心,国家页,H1 / <title> 主体,38.9,,en,已覆盖
esim china trip.com,国家·核心,国家·核心,国家页,H1 / <title> 主体,38.9,,en,已覆盖
esim colombia precio,国家·核心,国家·核心,国家页,H1 / <title> 主体,38.9,,en,已覆盖
esim colombia vodafone,国家·核心,国家·核心,国家页,H1 / <title> 主体,38.9,,en,已覆盖
esim costa rica kolbi,国家·核心,国家·核心,国家页,H1 / <title> 主体,38.9,,en,已覆盖
esim costa rica y panama,国家·核心,国家·核心,国家页,H1 / <title> 主体,38.9,,en,已覆盖
esim data only australia,国家·核心,国家·核心,国家页,H1 / <title> 主体,38.9,,en,已覆盖
esim data only plan usa,国家·核心,国家·核心,国家页,H1 / <title> 主体,38.9,,en,已覆盖
esim data only plans australia,国家·核心,国家·核心,国家页,H1 / <title> 主体,38.9,,en,已覆盖
esim data only switzerland,国家·核心,国家·核心,国家页,H1 / <title> 主体,38.9,,en,已覆盖
esim dubai thailand,国家·核心,国家·核心,国家页,H1 / <title> 主体,38.9,,en,已覆盖
esim england tourist,国家·核心,国家·核心,国家页,H1 / <title> 主体,38.9,,en,已覆盖
esim europe and uk,国家·核心,国家·核心,国家页,H1 / <title> 主体,38.9,,en,已覆盖
esim fiji and samoa,国家·核心,国家·核心,国家页,H1 / <title> 主体,38.9,,en,已覆盖
esim for 1 month uk,国家·核心,国家·核心,国家页,H1 / <title> 主体,38.9,,en,已覆盖
esim for 1 week uk,国家·核心,国家·核心,国家页,H1 / <title> 主体,38.9,,en,已覆盖
esim for 2 weeks in japan,国家·核心,国家·核心,国家页,H1 / <title> 主体,38.9,,en,已覆盖
esim for argentina and uruguay,国家·核心,国家·核心,国家页,H1 / <title> 主体,38.9,,en,已覆盖
esim for bali from nz,国家·核心,国家·核心,国家页,H1 / <title> 主体,38.9,,en,已覆盖
esim for bangkok and vietnam,国家·核心,国家·核心,国家页,H1 / <title> 主体,38.9,,en,已覆盖
esim for china to use whatsapp,国家·核心,国家·核心,国家页,H1 / <title> 主体,38.9,,en,已覆盖
esim for colombia and panama,国家·核心,国家·核心,国家页,H1 / <title> 主体,38.9,,en,已覆盖
esim for costa rica travel,国家·核心,国家·核心,国家页,H1 / <title> 主体,38.9,,en,已覆盖
esim for croatia and slovenia,国家·核心,国家·核心,国家页,H1 / <title> 主体,38.9,,en,已覆盖
esim for europe and uk,国家·核心,国家·核心,国家页,H1 / <title> 主体,38.9,,en,已覆盖
esim for europe travel from usa,国家·核心,国家·核心,国家页,H1 / <title> 主体,38.9,,en,已覆盖
esim for fiji travel,国家·核心,国家·核心,国家页,H1 / <title> 主体,38.9,,en,已覆盖
esim for georgia and azerbaijan,国家·核心,国家·核心,国家页,H1 / <title> 主体,38.9,,en,已覆盖
esim for germany trip,国家·核心,国家·核心,国家页,H1 / <title> 主体,38.9,,en,已覆盖
esim for holland america cruise,国家·核心,国家·核心,国家页,H1 / <title> 主体,38.9,,en,已覆盖
esim for india airtel,国家·核心,国家·核心,国家页,H1 / <title> 主体,38.9,,en,已覆盖
esim for ireland and scotland,国家·核心,国家·核心,国家页,H1 / <title> 主体,38.9,,en,已覆盖
esim for japan 1 month,国家·核心,国家·核心,国家页,H1 / <title> 主体,38.9,,en,已覆盖
esim for maldives and singapore,国家·核心,国家·核心,国家页,H1 / <title> 主体,38.9,,en,已覆盖
esim for mexico city,国家·核心,国家·核心,国家页,H1 / <title> 主体,38.9,,en,已覆盖
esim for paris and switzerland,国家·核心,国家·核心,国家页,H1 / <title> 主体,38.9,,en,已覆盖
esim for rome and greece,国家·核心,国家·核心,国家页,H1 / <title> 主体,38.9,,en,已覆盖
esim for shanghai and hong kong,国家·核心,国家·核心,国家页,H1 / <title> 主体,38.9,,en,已覆盖
esim for south africa botswana and zimbabwe,国家·核心,国家·核心,国家页,H1 / <title> 主体,38.9,,en,已覆盖
esim for taiwan trip,国家·核心,国家·核心,国家页,H1 / <title> 主体,38.9,,en,已覆盖
esim for tourists in canada,国家·核心,国家·核心,国家页,H1 / <title> 主体,38.9,,en,已覆盖
esim for uk mobile number,国家·核心,国家·核心,国家页,H1 / <title> 主体,38.9,,en,已覆盖
esim for usa travel from europe,国家·核心,国家·核心,国家页,H1 / <title> 主体,38.9,,en,已覆盖
esim for vietnam travel,国家·核心,国家·核心,国家页,H1 / <title> 主体,38.9,,en,已覆盖
esim france prepaid,国家·核心,国家·核心,国家页,H1 / <title> 主体,38.9,,en,已覆盖
esim für great britain,国家·核心,国家·核心,国家页,H1 / <title> 主体,38.9,,de,已覆盖
esim georgia magti,国家·核心,国家·核心,国家页,H1 / <title> 主体,38.9,,en,已覆盖
esim germany with number,国家·核心,国家·核心,国家页,H1 / <title> 主体,38.9,,en,已覆盖
esim hong kong and macau,国家·核心,国家·核心,国家页,H1 / <title> 主体,38.9,,en,已覆盖
esim hongkong macao,国家·核心,国家·核心,国家页,H1 / <title> 主体,38.9,,en,已覆盖
esim iceland and europe,国家·核心,国家·核心,国家页,H1 / <title> 主体,38.9,,en,已覆盖
esim india airtel,国家·核心,国家·核心,国家页,H1 / <title> 主体,38.9,,en,已覆盖
esim israel partner,国家·核心,国家·核心,国家页,H1 / <title> 主体,38.9,,en,已覆盖
esim israel tourist,国家·核心,国家·核心,国家页,H1 / <title> 主体,38.9,,en,已覆盖
esim italy tourist,国家·核心,国家·核心,国家页,H1 / <title> 主体,38.9,,en,已覆盖
esim italy with calls,国家·核心,国家·核心,国家页,H1 / <title> 主体,38.9,,en,已覆盖
esim japan 10g,国家·核心,国家·核心,国家页,H1 / <title> 主体,38.9,,en,已覆盖
esim japan unbegrenzt,国家·核心,国家·核心,国家页,H1 / <title> 主体,38.9,,en,已覆盖
esim kenya maya,国家·核心,国家·核心,国家页,H1 / <title> 主体,38.9,,en,已覆盖
esim korea mit telefonnummer,国家·核心,国家·核心,国家页,H1 / <title> 主体,38.9,,de,已覆盖
esim malaysia erfahrungen,国家·核心,国家·核心,国家页,H1 / <title> 主体,38.9,,de,已覆盖
esim malaysia travel,国家·核心,国家·核心,国家页,H1 / <title> 主体,38.9,,en,已覆盖
esim mexico telcel,国家·核心,国家·核心,国家页,H1 / <title> 主体,38.9,,en,已覆盖
esim morocco vodafone,国家·核心,国家·核心,国家页,H1 / <title> 主体,38.9,,en,已覆盖
esim netherlands with number,国家·核心,国家·核心,国家页,H1 / <title> 主体,38.9,,en,已覆盖
esim new zealand tourist,国家·核心,国家·核心,国家页,H1 / <title> 主体,38.9,,en,已覆盖
esim no contract usa,国家·核心,国家·核心,国家页,H1 / <title> 主体,38.9,,en,已覆盖
esim nz tourist,国家·核心,国家·核心,国家页,H1 / <title> 主体,38.9,,en,已覆盖
esim pay as you go canada,国家·核心,国家·核心,国家页,H1 / <title> 主体,38.9,,en,已覆盖
esim pay as you go usa,国家·核心,国家·核心,国家页,H1 / <title> 主体,38.9,,en,已覆盖
esim peru best,国家·核心,国家·核心,国家页,H1 / <title> 主体,38.9,,en,已覆盖
esim peru precio,国家·核心,国家·核心,国家页,H1 / <title> 主体,38.9,,en,已覆盖
esim peru vodafone,国家·核心,国家·核心,国家页,H1 / <title> 主体,38.9,,en,已覆盖
esim phone plans ireland,国家·核心,国家·核心,国家页,H1 / <title> 主体,38.9,,en,已覆盖
esim portugal mit telefonnummer,国家·核心,国家·核心,国家页,H1 / <title> 主体,38.9,,de,已覆盖
esim prepaid malaysia,国家·核心,国家·核心,国家页,H1 / <title> 主体,38.9,,en,已覆盖
esim prepaid plans australia,国家·核心,国家·核心,国家页,H1 / <title> 主体,38.9,,en,已覆盖
esim qatar doha,国家·核心,国家·核心,国家页,H1 / <title> 主体,38.9,,en,已覆盖
esim qatar visitor,国家·核心,国家·核心,国家页,H1 / <title> 主体,38.9,,en,已覆盖
esim roaming indonesia murah,国家·核心,国家·核心,国家页,H1 / <title> 主体,38.9,,en,已覆盖
esim saudi arabia travel,国家·核心,国家·核心,国家页,H1 / <title> 主体,38.9,,en,已覆盖
esim south africa prepaid,国家·核心,国家·核心,国家页,H1 / <title> 主体,38.9,,en,已覆盖
esim south korea tourist,国家·核心,国家·核心,国家页,H1 / <title> 主体,38.9,,en,已覆盖
esim taiwan trip com,国家·核心,国家·核心,国家页,H1 / <title> 主体,38.9,,en,已覆盖
esim thailand 14 tage,国家·核心,国家·核心,国家页,H1 / <title> 主体,38.9,,en,已覆盖
esim travel portugal and europe,国家·核心,国家·核心,国家页,H1 / <title> 主体,38.9,,en,已覆盖
esim turkey and greece,国家·核心,国家·核心,国家页,H1 / <title> 主体,38.9,,en,已覆盖
esim uae data,国家·核心,国家·核心,国家页,H1 / <title> 主体,38.9,,en,已覆盖
esim uae oman,国家·核心,国家·核心,国家页,H1 / <title> 主体,38.9,,en,已覆盖
esim usa mexiko,国家·核心,国家·核心,国家页,H1 / <title> 主体,38.9,,en,已覆盖
esim usa tourist verizon,国家·核心,国家·核心,国家页,H1 / <title> 主体,38.9,,en,已覆盖
france data sim card for tourist,国家·核心,国家·核心,国家页,H1 / <title> 主体,38.9,,en,已覆盖
greece internet esim card,国家·核心,国家·核心,国家页,H1 / <title> 主体,38.9,,en,已覆盖
holland america esim,国家·核心,国家·核心,国家页,H1 / <title> 主体,38.9,,en,已覆盖
hong kong sim card for travellers,国家·核心,国家·核心,国家页,H1 / <title> 主体,38.9,,en,已覆盖
how do i get an esim for portugal,国家·核心,国家·核心,国家页,H1 / <title> 主体,38.9,,en,已覆盖
how to apply esim malaysia,国家·核心,国家·核心,国家页,H1 / <title> 主体,38.9,,en,已覆盖
how to buy an esim for japan,国家·核心,国家·核心,国家页,H1 / <title> 主体,38.9,,en,已覆盖
how to buy an esim for south korea,国家·核心,国家·核心,国家页,H1 / <title> 主体,38.9,,en,已覆盖
how to buy esim online for vietnam,国家·核心,国家·核心,国家页,H1 / <title> 主体,38.9,,en,已覆盖
how to get a vodafone esim uk,国家·核心,国家·核心,国家页,H1 / <title> 主体,38.9,,en,已覆盖
how to get esim for usa travel,国家·核心,国家·核心,国家页,H1 / <title> 主体,38.9,,en,已覆盖
how to get esim orange egypt,国家·核心,国家·核心,国家页,H1 / <title> 主体,38.9,,en,已覆盖
how to get esim philippines globe,国家·核心,国家·核心,国家页,H1 / <title> 主体,38.9,,en,已覆盖
how to get esim virgin uae,国家·核心,国家·核心,国家页,H1 / <title> 主体,38.9,,en,已覆盖
how to get o2 esim germany,国家·核心,国家·核心,国家页,H1 / <title> 主体,38.9,,en,已覆盖
how to get orange esim france,国家·核心,国家·核心,国家页,H1 / <title> 主体,38.9,,en,已覆盖
how to purchase an esim for usa,国家·核心,国家·核心,国家页,H1 / <title> 主体,38.9,,en,已覆盖
how to use esim for hong kong,国家·核心,国家·核心,国家页,H1 / <title> 主体,38.9,,en,已覆盖
i need an esim for italy,国家·核心,国家·核心,国家页,H1 / <title> 主体,38.9,,en,已覆盖
india prepaid sim card for tourist,国家·核心,国家·核心,国家页,H1 / <title> 主体,38.9,,en,已覆盖
indonesia sim card registration tourist,国家·核心,国家·核心,国家页,H1 / <title> 主体,38.9,,en,已覆盖
international esim mexico,国家·核心,国家·核心,国家页,H1 / <title> 主体,38.9,,en,已覆盖
international roaming esim canada,国家·核心,国家·核心,国家页,H1 / <title> 主体,38.9,,en,已覆盖
international roaming esim india,国家·核心,国家·核心,国家页,H1 / <title> 主体,38.9,,en,已覆盖
is esim allowed in hong kong,国家·核心,国家·核心,国家页,H1 / <title> 主体,38.9,,en,已覆盖
jet pack esim usa,国家·核心,国家·核心,国家页,H1 / <title> 主体,38.9,,en,已覆盖
jetpack esim italy,国家·核心,国家·核心,国家页,H1 / <title> 主体,38.9,,en,已覆盖
jetpack esim japan,国家·核心,国家·核心,国家页,H1 / <title> 主体,38.9,,en,已覆盖
jetpack esim new zealand,国家·核心,国家·核心,国家页,H1 / <title> 主体,38.9,,en,已覆盖
jetpack esim thailand,国家·核心,国家·核心,国家页,H1 / <title> 主体,38.9,,en,已覆盖
magenta austria esim tourist,国家·核心,国家·核心,国家页,H1 / <title> 主体,38.9,,en,已覆盖
mexico esim data plans,国家·核心,国家·核心,国家页,H1 / <title> 主体,38.9,,en,已覆盖
movistar esim spain tourist,国家·核心,国家·核心,国家页,H1 / <title> 主体,38.9,,en,已覆盖
movistar mexico esim tourist,国家·核心,国家·核心,国家页,H1 / <title> 主体,38.9,,en,已覆盖
o2 esim uk tourist,国家·核心,国家·核心,国家页,H1 / <title> 主体,38.9,,en,已覆盖
ooredoo esim qatar tourist,国家·核心,国家·核心,国家页,H1 / <title> 主体,38.9,,en,已覆盖
personal argentina esim card,国家·核心,国家·核心,国家页,H1 / <title> 主体,38.9,,en,已覆盖
philippines sim card for tourist globe,国家·核心,国家·核心,国家页,H1 / <title> 主体,38.9,,en,已覆盖
prepaid sim card in france for tourists,国家·核心,国家·核心,国家页,H1 / <title> 主体,38.9,,en,已覆盖
prepaid sim card usa for tourists t mobile,国家·核心,国家·核心,国家页,H1 / <title> 主体,38.9,,en,已覆盖
qatar esim tourist online,国家·核心,国家·核心,国家页,H1 / <title> 主体,38.9,,en,已覆盖
roaming esim south korea,国家·核心,国家·核心,国家页,H1 / <title> 主体,38.9,,en,已覆盖
should i get an esim for hong kong,国家·核心,国家·核心,国家页,H1 / <title> 主体,38.9,,en,已覆盖
should i get an esim for new zealand,国家·核心,国家·核心,国家页,H1 / <title> 主体,38.9,,en,已覆盖
should i get an esim for south africa,国家·核心,国家·核心,国家页,H1 / <title> 主体,38.9,,en,已覆盖
sim card philippines esim,国家·核心,国家·核心,国家页,H1 / <title> 主体,38.9,,en,已覆盖
thailand e sim plan,国家·核心,国家·核心,国家页,H1 / <title> 主体,38.9,,en,已覆盖
thailand sim card for tourist 7 eleven,国家·核心,国家·核心,国家页,H1 / <title> 主体,38.9,,en,已覆盖
three ireland esim tourist,国家·核心,国家·核心,国家页,H1 / <title> 主体,38.9,,en,已覆盖
tim tourist sim italy,国家·核心,国家·核心,国家页,H1 / <title> 主体,38.9,,en,已覆盖
travel esim new zealand,国家·核心,国家·核心,国家页,H1 / <title> 主体,38.9,,en,已覆盖
turkey esim card uk,国家·核心,国家·核心,国家页,H1 / <title> 主体,38.9,,en,已覆盖
uae esim tourist online,国家·核心,国家·核心,国家页,H1 / <title> 主体,38.9,,en,已覆盖
uk esim card prepaid,国家·核心,国家·核心,国家页,H1 / <title> 主体,38.9,,en,已覆盖
us esim prepaid,国家·核心,国家·核心,国家页,H1 / <title> 主体,38.9,,en,已覆盖
us esim tourist,国家·核心,国家·核心,国家页,H1 / <title> 主体,38.9,,en,已覆盖
us pay as you go esim,国家·核心,国家·核心,国家页,H1 / <title> 主体,38.9,,en,已覆盖
viet nam co esim khong,国家·核心,国家·核心,国家页,H1 / <title> 主体,38.9,,en,已覆盖
vietnam sim card for tourist prepaid,国家·核心,国家·核心,国家页,H1 / <title> 主体,38.9,,en,已覆盖
vodafone egypt sim card for tourist,国家·核心,国家·核心,国家页,H1 / <title> 主体,38.9,,en,已覆盖
vodafone esim card india,国家·核心,国家·核心,国家页,H1 / <title> 主体,38.9,,en,已覆盖
vodafone fiji esim tourist,国家·核心,国家·核心,国家页,H1 / <title> 主体,38.9,,en,已覆盖
vodafone italy sim card for tourists where to buy,国家·核心,国家·核心,国家页,H1 / <title> 主体,38.9,,en,已覆盖
vodafone portugal esim tourist,国家·核心,国家·核心,国家页,H1 / <title> 主体,38.9,,en,已覆盖
what is an esim australia,国家·核心,国家·核心,国家页,H1 / <title> 主体,38.9,,en,已覆盖
what is needed to buy a sim card in south africa,国家·核心,国家·核心,国家页,H1 / <title> 主体,38.9,,en,已覆盖
where to buy sim card in canada for tourists,国家·核心,国家·核心,国家页,H1 / <title> 主体,38.9,,en,已覆盖
where to buy sim card in japan for tourist,国家·核心,国家·核心,国家页,H1 / <title> 主体,38.9,,en,已覆盖
which sim card is best in qatar,国家·核心,国家·核心,国家页,H1 / <title> 主体,38.9,,en,已覆盖
brazil esim card for tourist,国家·核心,国家·核心,国家页,H1 / <title> 主体,38.4,,en,已覆盖
esim barcelona spain,国家·核心,国家·核心,国家页,H1 / <title> 主体,38.4,,en,已覆盖
esim beijing china,国家·核心,国家·核心,国家页,H1 / <title> 主体,38.4,,en,已覆盖
esim belgium free,国家·核心,国家·核心,国家页,H1 / <title> 主体,38.4,,en,已覆盖
esim data plans australia,国家·核心,国家·核心,国家页,H1 / <title> 主体,38.4,,en,已覆盖
esim england kaufen,国家·核心,国家·核心,国家页,H1 / <title> 主体,38.4,,en,已覆盖
esim usa und kanada,国家·核心,国家·核心,国家页,H1 / <title> 主体,38.4,,de,已覆盖
esim vietnam 30 tage,国家·核心,国家·核心,国家页,H1 / <title> 主体,38.4,,en,已覆盖
philippines esim card for tourist,国家·核心,国家·核心,国家页,H1 / <title> 主体,38.4,,en,已覆盖
data sim card indonesia,国家·核心,国家·核心,国家页,H1 / <title> 主体,37.9,,en,已覆盖
esim berlin germany,国家·核心,国家·核心,国家页,H1 / <title> 主体,37.9,,en,已覆盖
esim for georgia tbilisi,国家·核心,国家·核心,国家页,H1 / <title> 主体,37.9,,en,已覆盖
esim south africa cape town,国家·核心,国家·核心,国家页,H1 / <title> 主体,37.9,,en,已覆盖
how to use esim in philippines,国家·核心,国家·核心,国家页,H1 / <title> 主体,37.8,,en,已覆盖
using esim in australia,国家·核心,国家·核心,国家页,H1 / <title> 主体,37.8,,en,已覆盖
what is an esim uk,国家·核心,国家·核心,国家页,H1 / <title> 主体,37.2,,en,已覆盖
china esim data plans,国家·核心,国家·核心,国家页,H1 / <title> 主体,37.0,,en,已覆盖
china sim card for tourist with vpn,国家·核心,国家·核心,国家页,H1 / <title> 主体,37.0,,en,已覆盖
esim colombia tigo,国家·核心,国家·核心,国家页,H1 / <title> 主体,37.0,,en,已覆盖
esim for europe from canada,国家·核心,国家·核心,国家页,H1 / <title> 主体,37.0,,en,已覆盖
esim for turkey and greece,国家·核心,国家·核心,国家页,H1 / <title> 主体,37.0,,en,已覆盖
esim thailand tourist dtac,国家·核心,国家·核心,国家页,H1 / <title> 主体,37.0,,en,已覆盖
esim turkey uk,国家·核心,国家·核心,国家页,H1 / <title> 主体,37.0,,en,已覆盖
esim uk pay as you go,国家·核心,国家·核心,国家页,H1 / <title> 主体,37.0,,en,已覆盖
esim usa prepaid plans,国家·核心,国家·核心,国家页,H1 / <title> 主体,37.0,,en,已覆盖
etisalat egypt esim tourist,国家·核心,国家·核心,国家页,H1 / <title> 主体,37.0,,en,已覆盖
globe esim philippines tourist,国家·核心,国家·核心,国家页,H1 / <title> 主体,37.0,,en,已覆盖
how to activate esim for hong kong,国家·核心,国家·核心,国家页,H1 / <title> 主体,37.0,,en,已覆盖
how to get esim bell canada,国家·核心,国家·核心,国家页,H1 / <title> 主体,37.0,,en,已覆盖
how to get esim in uae etisalat,国家·核心,国家·核心,国家页,H1 / <title> 主体,37.0,,en,已覆盖
how to get esim usa free,国家·核心,国家·核心,国家页,H1 / <title> 主体,37.0,,en,已覆盖
how to get esim vodafone germany,国家·核心,国家·核心,国家页,H1 / <title> 主体,37.0,,en,已覆盖
is gomo esim available in philippines,国家·核心,国家·核心,国家页,H1 / <title> 主体,37.0,,en,已覆盖
jio esim india plans,国家·核心,国家·核心,国家页,H1 / <title> 主体,37.0,,en,已覆盖
malaysia esim tourist with number,国家·核心,国家·核心,国家页,H1 / <title> 主体,37.0,,en,已覆盖
movistar spain esim card,国家·核心,国家·核心,国家页,H1 / <title> 主体,37.0,,en,已覆盖
nos portugal esim card,国家·核心,国家·核心,国家页,H1 / <title> 主体,37.0,,en,已覆盖
orange egypt esim card,国家·核心,国家·核心,国家页,H1 / <title> 主体,37.0,,en,已覆盖
sfr esim france tourist,国家·核心,国家·核心,国家页,H1 / <title> 主体,37.0,,en,已覆盖
singapore esim card with number,国家·核心,国家·核心,国家页,H1 / <title> 主体,37.0,,en,已覆盖
uae sim card esim,国家·核心,国家·核心,国家页,H1 / <title> 主体,37.0,,en,已覆盖
vodafone esim spain tourist,国家·核心,国家·核心,国家页,H1 / <title> 主体,37.0,,en,已覆盖
esim doha qatar,国家·核心,国家·核心,国家页,H1 / <title> 主体,36.5,,en,已覆盖
esim england and europe,国家·核心,国家·核心,国家页,H1 / <title> 主体,36.5,,en,已覆盖
esim fiji trip com,国家·核心,国家·核心,国家页,H1 / <title> 主体,36.5,,en,已覆盖
esim for costa rica and panama,国家·核心,国家·核心,国家页,H1 / <title> 主体,36.5,,en,已覆盖
esim for vietnam and cambodia,国家·核心,国家·核心,国家页,H1 / <title> 主体,36.5,,en,已覆盖
esim usa los angeles,国家·核心,国家·核心,国家页,H1 / <title> 主体,36.5,,en,已覆盖
esim usa prepaid,国家·核心,国家·核心,国家页,H1 / <title> 主体,36.5,,en,已覆盖
vietnam esim card for tourist,国家·核心,国家·核心,国家页,H1 / <title> 主体,36.5,,en,已覆盖
where to buy sim card in iceland,国家·核心,国家·核心,国家页,H1 / <title> 主体,36.5,,en,已覆盖
at&t mexico esim tourist,国家·核心,国家·核心,国家页,H1 / <title> 主体,35.1,,en,已覆盖
best sim card for tourists in switzerland,国家·核心,国家·核心,国家页,H1 / <title> 主体,35.1,,en,已覆盖
best sim card in canada for tourists,国家·核心,国家·核心,国家页,H1 / <title> 主体,35.1,,en,已覆盖
best sim card in italy for tourists,国家·核心,国家·核心,国家页,H1 / <title> 主体,35.1,,en,已覆盖
best sim card in morocco for tourists,国家·核心,国家·核心,国家页,H1 / <title> 主体,35.1,,en,已覆盖
buy india esim card online,国家·核心,国家·核心,国家页,H1 / <title> 主体,35.1,,en,已覆盖
can e sim work in india,国家·核心,国家·核心,国家页,H1 / <title> 主体,35.1,,en,已覆盖
can i buy a sim card in germany,国家·核心,国家·核心,国家页,H1 / <title> 主体,35.1,,en,已覆盖
can i buy a sim card in greece,国家·核心,国家·核心,国家页,H1 / <title> 主体,35.1,,en,已覆盖
can i buy a sim card in mexico,国家·核心,国家·核心,国家页,H1 / <title> 主体,35.1,,en,已覆盖
can i buy a sim card in spain,国家·核心,国家·核心,国家页,H1 / <title> 主体,35.1,,en,已覆盖
canada sim card for visitors,国家·核心,国家·核心,国家页,H1 / <title> 主体,35.1,,en,已覆盖
celcomdigi tourist esim malaysia,国家·核心,国家·核心,国家页,H1 / <title> 主体,35.1,,en,已覆盖
china esim card with vpn,国家·核心,国家·核心,国家页,H1 / <title> 主体,35.1,,en,已覆盖
claro esim brazil tourist,国家·核心,国家·核心,国家页,H1 / <title> 主体,35.1,,en,已覆盖
cosmote greece esim card,国家·核心,国家·核心,国家页,H1 / <title> 主体,35.1,,en,已覆盖
daily egypt esim,国家·核心,国家·核心,国家页,H1 / <title> 主体,35.1,,en,已覆盖
daily esim france,国家·核心,国家·核心,国家页,H1 / <title> 主体,35.1,,en,已覆盖
daily esim morocco,国家·核心,国家·核心,国家页,H1 / <title> 主体,35.1,,en,已覆盖
data roaming esim australia,国家·核心,国家·核心,国家页,H1 / <title> 主体,35.1,,en,已覆盖
data roaming esim japan,国家·核心,国家·核心,国家页,H1 / <title> 主体,35.1,,en,已覆盖
does hong kong esim work in macau,国家·核心,国家·核心,国家页,H1 / <title> 主体,35.1,,en,已覆盖
does jio esim work in usa,国家·核心,国家·核心,国家页,H1 / <title> 主体,35.1,,en,已覆盖
does orange esim work in uk,国家·核心,国家·核心,国家页,H1 / <title> 主体,35.1,,en,已覆盖
does revolut esim work in australia,国家·核心,国家·核心,国家页,H1 / <title> 主体,35.1,,en,已覆盖
does revolut esim work in saudi arabia,国家·核心,国家·核心,国家页,H1 / <title> 主体,35.1,,en,已覆盖
does revolut esim.work.in vietnam,国家·核心,国家·核心,国家页,H1 / <title> 主体,35.1,,en,已覆盖
does tello esim work in canada,国家·核心,国家·核心,国家页,H1 / <title> 主体,35.1,,en,已覆盖
does vodafone esim work in greece,国家·核心,国家·核心,国家页,H1 / <title> 主体,35.1,,en,已覆盖
does vodafone esim work in spain,国家·核心,国家·核心,国家页,H1 / <title> 主体,35.1,,en,已覆盖
e sim toronto canada,国家·核心,国家·核心,国家页,H1 / <title> 主体,35.1,,en,已覆盖
england internet esim,国家·核心,国家·核心,国家页,H1 / <title> 主体,35.1,,en,已覆盖
esim america and canada,国家·核心,国家·核心,国家页,H1 / <title> 主体,35.1,,en,已覆盖
esim argentina uruguay,国家·核心,国家·核心,国家页,H1 / <title> 主体,35.1,,en,已覆盖
esim austria tourist,国家·核心,国家·核心,国家页,H1 / <title> 主体,35.1,,en,已覆盖
esim bali australia,国家·核心,国家·核心,国家页,H1 / <title> 主体,35.1,,en,已覆盖
esim bangkok thailand,国家·核心,国家·核心,国家页,H1 / <title> 主体,35.1,,en,已覆盖
esim brazil internet,国家·核心,国家·核心,国家页,H1 / <title> 主体,35.1,,en,已覆盖
esim canada holiday,国家·核心,国家·核心,国家页,H1 / <title> 主体,35.1,,en,已覆盖
esim card canada tourist,国家·核心,国家·核心,国家页,H1 / <title> 主体,35.1,,en,已覆盖
esim card for great britain,国家·核心,国家·核心,国家页,H1 / <title> 主体,35.1,,en,已覆盖
esim card india jio,国家·核心,国家·核心,国家页,H1 / <title> 主体,35.1,,en,已覆盖
esim card philippines smart,国家·核心,国家·核心,国家页,H1 / <title> 主体,35.1,,en,已覆盖
esim caribbean and usa,国家·核心,国家·核心,国家页,H1 / <title> 主体,35.1,,en,已覆盖
esim china whatsapp,国家·核心,国家·核心,国家页,H1 / <title> 主体,35.1,,en,已覆盖
esim costa rica liberty,国家·核心,国家·核心,国家页,H1 / <title> 主体,35.1,,en,已覆盖
esim croatia data,国家·核心,国家·核心,国家页,H1 / <title> 主体,35.1,,en,已覆盖
esim czech republic data,国家·核心,国家·核心,国家页,H1 / <title> 主体,35.1,,en,已覆盖
esim data only korea,国家·核心,国家·核心,国家页,H1 / <title> 主体,35.1,,en,已覆盖
esim data plans india,国家·核心,国家·核心,国家页,H1 / <title> 主体,35.1,,en,已覆盖
esim data plans italy,国家·核心,国家·核心,国家页,H1 / <title> 主体,35.1,,en,已覆盖
esim dubai uae,国家·核心,国家·核心,国家页,H1 / <title> 主体,35.1,,en,已覆盖
esim england telekom,国家·核心,国家·核心,国家页,H1 / <title> 主体,35.1,,en,已覆盖
esim england travel,国家·核心,国家·核心,国家页,H1 / <title> 主体,35.1,,en,已覆盖
esim for 2 weeks in australia,国家·核心,国家·核心,国家页,H1 / <title> 主体,35.1,,en,已覆盖
esim for america and mexico,国家·核心,国家·核心,国家页,H1 / <title> 主体,35.1,,en,已覆盖
esim for amsterdam and germany,国家·核心,国家·核心,国家页,H1 / <title> 主体,35.1,,en,已覆盖
esim for bali from uk,国家·核心,国家·核心,国家页,H1 / <title> 主体,35.1,,en,已覆盖
esim for canada telus,国家·核心,国家·核心,国家页,H1 / <title> 主体,35.1,,en,已覆盖
esim for china trip,国家·核心,国家·核心,国家页,H1 / <title> 主体,35.1,,en,已覆盖
esim for croatia bosnia and montenegro,国家·核心,国家·核心,国家页,H1 / <title> 主体,35.1,,en,已覆盖
esim for czech republic,国家·核心,国家·核心,国家页,H1 / <title> 主体,35.1,,en,已覆盖
esim for dubai from india,国家·核心,国家·核心,国家页,H1 / <title> 主体,35.1,,en,已覆盖
esim for egypt and jordan,国家·核心,国家·核心,国家页,H1 / <title> 主体,35.1,,en,已覆盖
esim for england and scotland,国家·核心,国家·核心,国家页,H1 / <title> 主体,35.1,,en,已覆盖
esim for europe from australia,国家·核心,国家·核心,国家页,H1 / <title> 主体,35.1,,en,已覆盖
esim for iceland and norway,国家·核心,国家·核心,国家页,H1 / <title> 主体,35.1,,en,已覆盖
esim for indonesia travel,国家·核心,国家·核心,国家页,H1 / <title> 主体,35.1,,en,已覆盖
esim for international travel from india,国家·核心,国家·核心,国家页,H1 / <title> 主体,35.1,,en,已覆盖
esim for ireland travel,国家·核心,国家·核心,国家页,H1 / <title> 主体,35.1,,en,已覆盖
esim for israel and jordan,国家·核心,国家·核心,国家页,H1 / <title> 主体,35.1,,en,已覆盖
esim for london uk,国家·核心,国家·核心,国家页,H1 / <title> 主体,35.1,,en,已覆盖
esim for morocco orange,国家·核心,国家·核心,国家页,H1 / <title> 主体,35.1,,en,已覆盖
esim for new york and canada,国家·核心,国家·核心,国家页,H1 / <title> 主体,35.1,,en,已覆盖
esim for nz holiday,国家·核心,国家·核心,国家页,H1 / <title> 主体,35.1,,en,已覆盖
esim for peru and ecuador,国家·核心,国家·核心,国家页,H1 / <title> 主体,35.1,,en,已覆盖
esim for poland and ukraine,国家·核心,国家·核心,国家页,H1 / <title> 主体,35.1,,en,已覆盖
esim for portugal travel,国家·核心,国家·核心,国家页,H1 / <title> 主体,35.1,,en,已覆盖
esim for qatar tourist,国家·核心,国家·核心,国家页,H1 / <title> 主体,35.1,,en,已覆盖
esim for saudi arabia and dubai,国家·核心,国家·核心,国家页,H1 / <title> 主体,35.1,,en,已覆盖
esim for singapore tourist,国家·核心,国家·核心,国家页,H1 / <title> 主体,35.1,,en,已覆盖
esim for south africa and botswana,国家·核心,国家·核心,国家页,H1 / <title> 主体,35.1,,en,已覆盖
esim for tourists in italy,国家·核心,国家·核心,国家页,H1 / <title> 主体,35.1,,en,已覆盖
esim for uae and oman,国家·核心,国家·核心,国家页,H1 / <title> 主体,35.1,,en,已覆盖
esim france free,国家·核心,国家·核心,国家页,H1 / <title> 主体,35.1,,en,已覆盖
esim france number,国家·核心,国家·核心,国家页,H1 / <title> 主体,35.1,,en,已覆盖
esim germany tourist,国家·核心,国家·核心,国家页,H1 / <title> 主体,35.1,,en,已覆盖
esim greece number,国家·核心,国家·核心,国家页,H1 / <title> 主体,35.1,,en,已覆盖
esim holiday portugal,国家·核心,国家·核心,国家页,H1 / <title> 主体,35.1,,en,已覆盖
esim iceland siminn,国家·核心,国家·核心,国家页,H1 / <title> 主体,35.1,,en,已覆盖
esim ireland and scotland,国家·核心,国家·核心,国家页,H1 / <title> 主体,35.1,,en,已覆盖
esim ireland pay as you go,国家·核心,国家·核心,国家页,H1 / <title> 主体,35.1,,en,已覆盖
esim israel prepaid,国家·核心,国家·核心,国家页,H1 / <title> 主体,35.1,,en,已覆盖
esim japan kaufen,国家·核心,国家·核心,国家页,H1 / <title> 主体,35.1,,en,已覆盖
esim japan rates,国家·核心,国家·核心,国家页,H1 / <title> 主体,35.1,,en,已覆盖
esim japan tourist,国家·核心,国家·核心,国家页,H1 / <title> 主体,35.1,,en,已覆盖
esim london england,国家·核心,国家·核心,国家页,H1 / <title> 主体,35.1,,en,已覆盖
esim malaysia number,国家·核心,国家·核心,国家页,H1 / <title> 主体,35.1,,en,已覆盖
esim malaysia tourist,国家·核心,国家·核心,国家页,H1 / <title> 主体,35.1,,en,已覆盖
esim malaysia trip.com,国家·核心,国家·核心,国家页,H1 / <title> 主体,35.1,,en,已覆盖
esim malaysia und indonesien,国家·核心,国家·核心,国家页,H1 / <title> 主体,35.1,,de,已覆盖
esim netherlands tourist,国家·核心,国家·核心,国家页,H1 / <title> 主体,35.1,,en,已覆盖
esim new zealand prepaid,国家·核心,国家·核心,国家页,H1 / <title> 主体,35.1,,en,已覆盖
esim new zealand spark,国家·核心,国家·核心,国家页,H1 / <title> 主体,35.1,,en,已覆盖
esim no contract canada,国家·核心,国家·核心,国家页,H1 / <title> 主体,35.1,,en,已覆盖
esim north america and canada,国家·核心,国家·核心,国家页,H1 / <title> 主体,35.1,,en,已覆盖
esim nz 2degrees,国家·核心,国家·核心,国家页,H1 / <title> 主体,35.1,,en,已覆盖
esim para lima peru,国家·核心,国家·核心,国家页,H1 / <title> 主体,35.1,,en,已覆盖
esim peru online,国家·核心,国家·核心,国家页,H1 / <title> 主体,35.1,,en,已覆盖
esim philippines for tourist,国家·核心,国家·核心,国家页,H1 / <title> 主体,35.1,,en,已覆盖
esim philippines tourist,国家·核心,国家·核心,国家页,H1 / <title> 主体,35.1,,en,已覆盖
esim philippines travel,国家·核心,国家·核心,国家页,H1 / <title> 主体,35.1,,en,已覆盖
esim poland data,国家·核心,国家·核心,国家页,H1 / <title> 主体,35.1,,en,已覆盖
esim poland prepaid,国家·核心,国家·核心,国家页,H1 / <title> 主体,35.1,,en,已覆盖
esim portugal vodafone,国家·核心,国家·核心,国家页,H1 / <title> 主体,35.1,,en,已覆盖
esim prepaid singapore,国家·核心,国家·核心,国家页,H1 / <title> 主体,35.1,,en,已覆盖
esim prepaid usa,国家·核心,国家·核心,国家页,H1 / <title> 主体,35.1,,en,已覆盖
esim problems in india,国家·核心,国家·核心,国家页,H1 / <title> 主体,35.1,,en,已覆盖
esim roaming indonesia telkomsel,国家·核心,国家·核心,国家页,H1 / <title> 主体,35.1,,en,已覆盖
esim singapore airlines,国家·核心,国家·核心,国家页,H1 / <title> 主体,35.1,,en,已覆盖
esim singapore travel,国家·核心,国家·核心,国家页,H1 / <title> 主体,35.1,,en,已覆盖
esim south africa mtn,国家·核心,国家·核心,国家页,H1 / <title> 主体,35.1,,en,已覆盖
esim south africa tourist,国家·核心,国家·核心,国家页,H1 / <title> 主体,35.1,,en,已覆盖
esim spain data,国家·核心,国家·核心,国家页,H1 / <title> 主体,35.1,,en,已覆盖
esim spain internet,国家·核心,国家·核心,国家页,H1 / <title> 主体,35.1,,en,已覆盖
esim taiwan mobile,国家·核心,国家·核心,国家页,H1 / <title> 主体,35.1,,en,已覆盖
esim thailand erfahrungen,国家·核心,国家·核心,国家页,H1 / <title> 主体,35.1,,de,已覆盖
esim uae number,国家·核心,国家·核心,国家页,H1 / <title> 主体,35.1,,en,已覆盖
esim uk,国家·核心,国家·核心,国家页,H1 / <title> 主体,35.1,,en,已覆盖
esim uk vergleich,国家·核心,国家·核心,国家页,H1 / <title> 主体,35.1,,en,已覆盖
esim usa mexiko bahamas,国家·核心,国家·核心,国家页,H1 / <title> 主体,35.1,,en,已覆盖
esim usa orlando,国家·核心,国家·核心,国家页,H1 / <title> 主体,35.1,,en,已覆盖
esim usa tourist t mobile,国家·核心,国家·核心,国家页,H1 / <title> 主体,35.1,,en,已覆盖
esim vietnam trip com,国家·核心,国家·核心,国家页,H1 / <title> 主体,35.1,,en,已覆盖
esim working in qatar,国家·核心,国家·核心,国家页,H1 / <title> 主体,35.1,,en,已覆盖
france prepaid sim card for tourist,国家·核心,国家·核心,国家页,H1 / <title> 主体,35.1,,en,已覆盖
good esim for israel,国家·核心,国家·核心,国家页,H1 / <title> 主体,35.1,,en,已覆盖
great britain esim,国家·核心,国家·核心,国家页,H1 / <title> 主体,35.1,,en,已覆盖
hong kong data sim card for tourist,国家·核心,国家·核心,国家页,H1 / <title> 主体,35.1,,en,已覆盖
how to buy esim online for thailand,国家·核心,国家·核心,国家页,H1 / <title> 主体,35.1,,en,已覆盖
how to get a sim card in kenya,国家·核心,国家·核心,国家页,H1 / <title> 主体,35.1,,en,已覆盖
how to get airtel esim in australia,国家·核心,国家·核心,国家页,H1 / <title> 主体,35.1,,en,已覆盖
how to get an esim card for thailand,国家·核心,国家·核心,国家页,H1 / <title> 主体,35.1,,en,已覆盖
how to get an esim uk number,国家·核心,国家·核心,国家页,H1 / <title> 主体,35.1,,en,已覆盖
how to get esim etisalat egypt,国家·核心,国家·核心,国家页,H1 / <title> 主体,35.1,,en,已覆盖
how to get esim for lebara uk,国家·核心,国家·核心,国家页,H1 / <title> 主体,35.1,,en,已覆盖
how to get esim singapore number,国家·核心,国家·核心,国家页,H1 / <title> 主体,35.1,,en,已覆盖
how to get vodafone esim india,国家·核心,国家·核心,国家页,H1 / <title> 主体,35.1,,en,已覆盖
indian sim card for uk travellers,国家·核心,国家·核心,国家页,H1 / <title> 主体,35.1,,en,已覆盖
international roaming esim china,国家·核心,国家·核心,国家页,H1 / <title> 主体,35.1,,en,已覆盖
inwi morocco esim tourist,国家·核心,国家·核心,国家页,H1 / <title> 主体,35.1,,en,已覆盖
is esim banned in hong kong,国家·核心,国家·核心,国家页,H1 / <title> 主体,35.1,,en,已覆盖
is esim.me available in philippines,国家·核心,国家·核心,国家页,H1 / <title> 主体,35.1,,en,已覆盖
lycamobile uk esim tourist,国家·核心,国家·核心,国家页,H1 / <title> 主体,35.1,,en,已覆盖
malaysia esim tourist celcom,国家·核心,国家·核心,国家页,H1 / <title> 主体,35.1,,en,已覆盖
malaysia sim card for tourist online,国家·核心,国家·核心,国家页,H1 / <title> 主体,35.1,,en,已覆盖
morocco sim card esim,国家·核心,国家·核心,国家页,H1 / <title> 主体,35.1,,en,已覆盖
new zealand mobile plans esim,国家·核心,国家·核心,国家页,H1 / <title> 主体,35.1,,en,已覆盖
o2 germany esim card,国家·核心,国家·核心,国家页,H1 / <title> 主体,35.1,,en,已覆盖
orange egypt sim card for tourist,国家·核心,国家·核心,国家页,H1 / <title> 主体,35.1,,en,已覆盖
orange france esim card,国家·核心,国家·核心,国家页,H1 / <title> 主体,35.1,,en,已覆盖
orange morocco esim tourist,国家·核心,国家·核心,国家页,H1 / <title> 主体,35.1,,en,已覆盖
personal argentina tourist esim,国家·核心,国家·核心,国家页,H1 / <title> 主体,35.1,,en,已覆盖
prepaid esim card usa,国家·核心,国家·核心,国家页,H1 / <title> 主体,35.1,,en,已覆盖
prepaid esim holland,国家·核心,国家·核心,国家页,H1 / <title> 主体,35.1,,en,已覆盖
siminn iceland esim,国家·核心,国家·核心,国家页,H1 / <title> 主体,35.1,,en,已覆盖
south korea sim card for tourist,国家·核心,国家·核心,国家页,H1 / <title> 主体,35.1,,en,已覆盖
taiwan data sim card for tourist,国家·核心,国家·核心,国家页,H1 / <title> 主体,35.1,,en,已覆盖
tello usa esim,国家·核心,国家·核心,国家页,H1 / <title> 主体,35.1,,en,已覆盖
travel esim japan,国家·核心,国家·核心,国家页,H1 / <title> 主体,35.1,,en,已覆盖
uk esim card for travellers,国家·核心,国家·核心,国家页,H1 / <title> 主体,35.1,,en,已覆盖
uk prepaid sim card for tourist,国家·核心,国家·核心,国家页,H1 / <title> 主体,35.1,,en,已覆盖
us esim for 1 month,国家·核心,国家·核心,国家页,H1 / <title> 主体,35.1,,en,已覆盖
usa esim card travel,国家·核心,国家·核心,国家页,H1 / <title> 主体,35.1,,en,已覆盖
usa sim card for travellers,国家·核心,国家·核心,国家页,H1 / <title> 主体,35.1,,en,已覆盖
vietnam esim viettel,国家·核心,国家·核心,国家页,H1 / <title> 主体,35.1,,en,已覆盖
virgin tourist sim uae,国家·核心,国家·核心,国家页,H1 / <title> 主体,35.1,,en,已覆盖
vodafone egypt esim card,国家·核心,国家·核心,国家页,H1 / <title> 主体,35.1,,en,已覆盖
where can i buy esim in uk,国家·核心,国家·核心,国家页,H1 / <title> 主体,35.1,,en,已覆盖
where to buy sim card in netherlands,国家·核心,国家·核心,国家页,H1 / <title> 主体,35.1,,en,已覆盖
where to buy sim card in saudi arabia,国家·核心,国家·核心,国家页,H1 / <title> 主体,35.1,,en,已覆盖
esim for cruise ships australia,国家·核心,国家·核心,国家页,H1 / <title> 主体,34.6,,en,已覆盖
esim netherlands monthly,国家·核心,国家·核心,国家页,H1 / <title> 主体,34.6,,en,已覆盖
esim sydney australia,国家·核心,国家·核心,国家页,H1 / <title> 主体,34.6,,en,已覆盖
esim vietnam erfahrungen,国家·核心,国家·核心,国家页,H1 / <title> 主体,34.6,,de,已覆盖
does us mobile have esim,国家·核心,国家·核心,国家页,H1 / <title> 主体,34.1,,en,已覆盖
esim holland kaufen,国家·核心,国家·核心,国家页,H1 / <title> 主体,34.1,,en,已覆盖
how to activate esim in uae,国家·核心,国家·核心,国家页,H1 / <title> 主体,34.1,,en,已覆盖
esim for usa travel,国家·核心,国家·核心,国家页,H1 / <title> 主体,34.0,,en,已覆盖
best new zealand esim card,国家·核心,国家·核心,国家页,H1 / <title> 主体,33.2,,en,已覆盖
china sim card for travellers,国家·核心,国家·核心,国家页,H1 / <title> 主体,33.2,,en,已覆盖
esim card uae tourist,国家·核心,国家·核心,国家页,H1 / <title> 主体,33.2,,en,已覆盖
esim data only canada,国家·核心,国家·核心,国家页,H1 / <title> 主体,33.2,,en,已覆盖
esim for singapore and bali,国家·核心,国家·核心,国家页,H1 / <title> 主体,33.2,,en,已覆盖
esim for use in china,国家·核心,国家·核心,国家页,H1 / <title> 主体,33.2,,en,已覆盖
esim greece internet,国家·核心,国家·核心,国家页,H1 / <title> 主体,33.2,,en,已覆盖
esim hawaii usa,国家·核心,国家·核心,国家页,H1 / <title> 主体,33.2,,en,已覆盖
esim spain vodafone,国家·核心,国家·核心,国家页,H1 / <title> 主体,33.2,,en,已覆盖
france prepaid esim card,国家·核心,国家·核心,国家页,H1 / <title> 主体,33.2,,en,已覆盖
free mobile france esim tourist,国家·核心,国家·核心,国家页,H1 / <title> 主体,33.2,,en,已覆盖
giffgaff esim uk plans,国家·核心,国家·核心,国家页,H1 / <title> 主体,33.2,,en,已覆盖
globe esim for osaka japan,国家·核心,国家·核心,国家页,H1 / <title> 主体,33.2,,en,已覆盖
how to esim for japan,国家·核心,国家·核心,国家页,H1 / <title> 主体,33.2,,en,已覆盖
how to get airtel esim in canada,国家·核心,国家·核心,国家页,H1 / <title> 主体,33.2,,en,已覆盖
how to get esim from uae pass,国家·核心,国家·核心,国家页,H1 / <title> 主体,33.2,,en,已覆盖
how to get esim tm philippines,国家·核心,国家·核心,国家页,H1 / <title> 主体,33.2,,en,已覆盖
how to get lebara esim germany,国家·核心,国家·核心,国家页,H1 / <title> 主体,33.2,,en,已覆盖
how to get uae esim online,国家·核心,国家·核心,国家页,H1 / <title> 主体,33.2,,en,已覆盖
indonesia esim tourist online,国家·核心,国家·核心,国家页,H1 / <title> 主体,33.2,,en,已覆盖
meo portugal esim tourist,国家·核心,国家·核心,国家页,H1 / <title> 主体,33.2,,en,已覆盖
mexico esim phone plans,国家·核心,国家·核心,国家页,H1 / <title> 主体,33.2,,en,已覆盖
mobifone vietnam esim tourist,国家·核心,国家·核心,国家页,H1 / <title> 主体,33.2,,en,已覆盖
new zealand sim card esim,国家·核心,国家·核心,国家页,H1 / <title> 主体,33.2,,en,已覆盖
new zealand travel esim card,国家·核心,国家·核心,国家页,H1 / <title> 主体,33.2,,en,已覆盖
orange spain esim tourist,国家·核心,国家·核心,国家页,H1 / <title> 主体,33.2,,en,已覆盖
singapore esim card online,国家·核心,国家·核心,国家页,H1 / <title> 主体,33.2,,en,已覆盖
skt esim korea tourist,国家·核心,国家·核心,国家页,H1 / <title> 主体,33.2,,en,已覆盖
thailand esim card ais,国家·核心,国家·核心,国家页,H1 / <title> 主体,33.2,,en,已覆盖
uk esim card pay as you go,国家·核心,国家·核心,国家页,H1 / <title> 主体,33.2,,en,已覆盖
we egypt esim tourist,国家·核心,国家·核心,国家页,H1 / <title> 主体,33.2,,en,已覆盖
how to use esim in malaysia,国家·核心,国家·核心,国家页,H1 / <title> 主体,33.1,,en,已覆盖
can i buy a sim card in switzerland,国家·核心,国家·核心,国家页,H1 / <title> 主体,32.8,,en,已覆盖
ee esim uk plans,国家·核心,国家·核心,国家页,H1 / <title> 主体,32.8,,en,已覆盖
esim argentina buenos aires,国家·核心,国家·核心,国家页,H1 / <title> 主体,32.8,,en,已覆盖
esim canada travel,国家·核心,国家·核心,国家页,H1 / <title> 主体,32.8,,en,已覆盖
esim england erfahrungen,国家·核心,国家·核心,国家页,H1 / <title> 主体,32.8,,de,已覆盖
esim peru travel,国家·核心,国家·核心,国家页,H1 / <title> 主体,32.8,,en,已覆盖
esim spain travel,国家·核心,国家·核心,国家页,H1 / <title> 主体,32.8,,en,已覆盖
esim toronto canada,国家·核心,国家·核心,国家页,H1 / <title> 主体,32.8,,en,已覆盖
esim usa telekom,国家·核心,国家·核心,国家页,H1 / <title> 主体,32.8,,en,已覆盖
kenya esim mpesa,国家·核心,国家·核心,国家页,H1 / <title> 主体,32.8,,en,已覆盖
esim australia prepaid,国家·核心,国家·核心,国家页,H1 / <title> 主体,32.4,,en,已覆盖
what is the best sim card in indonesia,国家·核心,国家·核心,国家页,H1 / <title> 主体,32.2,,en,已覆盖
who offers esim in uk,国家·核心,国家·核心,国家页,H1 / <title> 主体,31.8,,en,已覆盖
att prepaid sim card usa for tourists,国家·核心,国家·核心,国家页,H1 / <title> 主体,31.4,,en,已覆盖
australia prepaid esim card for tourist,国家·核心,国家·核心,国家页,H1 / <title> 主体,31.4,,en,已覆盖
australia sim card for tourist optus,国家·核心,国家·核心,国家页,H1 / <title> 主体,31.4,,en,已覆盖
bangkok esim thailand,国家·核心,国家·核心,国家页,H1 / <title> 主体,31.4,,en,已覆盖
bell canada esim card,国家·核心,国家·核心,国家页,H1 / <title> 主体,31.4,,en,已覆盖
best hong kong sim card for tourist,国家·核心,国家·核心,国家页,H1 / <title> 主体,31.4,,en,已覆盖
best korea sim card for tourist,国家·核心,国家·核心,国家页,H1 / <title> 主体,31.4,,en,已覆盖
best prepaid sim card canada for tourists,国家·核心,国家·核心,国家页,H1 / <title> 主体,31.4,,en,已覆盖
best sim card for tourists in france,国家·核心,国家·核心,国家页,H1 / <title> 主体,31.4,,en,已覆盖
buying a sim card in portugal,国家·核心,国家·核心,国家页,H1 / <title> 主体,31.4,,en,已覆盖
can i buy an esim for new zealand,国家·核心,国家·核心,国家页,H1 / <title> 主体,31.4,,en,已覆盖
china mobile sim card for tourists,国家·核心,国家·核心,国家页,H1 / <title> 主体,31.4,,en,已覆盖
csl hong kong tourist esim,国家·核心,国家·核心,国家页,H1 / <title> 主体,31.4,,en,已覆盖
daily esim singapore,国家·核心,国家·核心,国家页,H1 / <title> 主体,31.4,,en,已覆盖
daily esim switzerland,国家·核心,国家·核心,国家页,H1 / <title> 主体,31.4,,en,已覆盖
data plans usa esim,国家·核心,国家·核心,国家页,H1 / <title> 主体,31.4,,en,已覆盖
data roaming esim india,国家·核心,国家·核心,国家页,H1 / <title> 主体,31.4,,en,已覆盖
data roaming esim singapore,国家·核心,国家·核心,国家页,H1 / <title> 主体,31.4,,en,已覆盖
data roaming esim thailand,国家·核心,国家·核心,国家页,H1 / <title> 主体,31.4,,en,已覆盖
data roaming esim usa,国家·核心,国家·核心,国家页,H1 / <title> 主体,31.4,,en,已覆盖
do esim work in china,国家·核心,国家·核心,国家页,H1 / <title> 主体,31.4,,en,已覆盖
does indian esim work in usa,国家·核心,国家·核心,国家页,H1 / <title> 主体,31.4,,en,已覆盖
does koho esim work in canada,国家·核心,国家·核心,国家页,H1 / <title> 主体,31.4,,en,已覆盖
does maya esim work in egypt,国家·核心,国家·核心,国家页,H1 / <title> 主体,31.4,,en,已覆盖
does orange esim work in germany,国家·核心,国家·核心,国家页,H1 / <title> 主体,31.4,,en,已覆盖
does orange esim work in iceland,国家·核心,国家·核心,国家页,H1 / <title> 主体,31.4,,en,已覆盖
does revolut esim work in mexico,国家·核心,国家·核心,国家页,H1 / <title> 主体,31.4,,en,已覆盖
does revolut esim.work in uae,国家·核心,国家·核心,国家页,H1 / <title> 主体,31.4,,en,已覆盖
does spark esim work in australia,国家·核心,国家·核心,国家页,H1 / <title> 主体,31.4,,en,已覆盖
does vodafone esim work in italy,国家·核心,国家·核心,国家页,H1 / <title> 主体,31.4,,en,已覆盖
does vodafone esim work in portugal,国家·核心,国家·核心,国家页,H1 / <title> 主体,31.4,,en,已覆盖
dubai sim card for tourists india,国家·核心,国家·核心,国家页,H1 / <title> 主体,31.4,,en,已覆盖
egypt sim card esim,国家·核心,国家·核心,国家页,H1 / <title> 主体,31.4,,en,已覆盖
england esim internet,国家·核心,国家·核心,国家页,H1 / <title> 主体,31.4,,en,已覆盖
esim argentina movistar,国家·核心,国家·核心,国家页,H1 / <title> 主体,31.4,,en,已覆盖
esim australia prepaid plans,国家·核心,国家·核心,国家页,H1 / <title> 主体,31.4,,en,已覆盖
esim australia telstra,国家·核心,国家·核心,国家页,H1 / <title> 主体,31.4,,en,已覆盖
esim australia tourist optus,国家·核心,国家·核心,国家页,H1 / <title> 主体,31.4,,en,已覆盖
esim belgium proximus,国家·核心,国家·核心,国家页,H1 / <title> 主体,31.4,,en,已覆盖
esim brazil vivo,国家·核心,国家·核心,国家页,H1 / <title> 主体,31.4,,en,已覆盖
esim canada visitor,国家·核心,国家·核心,国家页,H1 / <title> 主体,31.4,,en,已覆盖
esim card for holland,国家·核心,国家·核心,国家页,H1 / <title> 主体,31.4,,en,已覆盖
esim card for mexico city,国家·核心,国家·核心,国家页,H1 / <title> 主体,31.4,,en,已覆盖
esim china vergleich,国家·核心,国家·核心,国家页,H1 / <title> 主体,31.4,,en,已覆盖
esim colombia movistar,国家·核心,国家·核心,国家页,H1 / <title> 主体,31.4,,en,已覆盖
esim costa rica best,国家·核心,国家·核心,国家页,H1 / <title> 主体,31.4,,en,已覆盖
esim costa rica kölbi,国家·核心,国家·核心,国家页,H1 / <title> 主体,31.4,,en,已覆盖
esim croatia montenegro,国家·核心,国家·核心,国家页,H1 / <title> 主体,31.4,,en,已覆盖
esim czech republic with number,国家·核心,国家·核心,国家页,H1 / <title> 主体,31.4,,en,已覆盖
esim data plans germany,国家·核心,国家·核心,国家页,H1 / <title> 主体,31.4,,en,已覆盖
esim england urlaub,国家·核心,国家·核心,国家页,H1 / <title> 主体,31.4,,en,已覆盖
esim esim thailand,国家·核心,国家·核心,国家页,H1 / <title> 主体,31.4,,en,已覆盖
esim for 2 weeks canada,国家·核心,国家·核心,国家页,H1 / <title> 主体,31.4,,en,已覆盖
esim for argentina travel,国家·核心,国家·核心,国家页,H1 / <title> 主体,31.4,,en,已覆盖
esim for australia tourist,国家·核心,国家·核心,国家页,H1 / <title> 主体,31.4,,en,已覆盖
esim for canada and alaska,国家·核心,国家·核心,国家页,H1 / <title> 主体,31.4,,en,已覆盖
esim for colombia and ecuador,国家·核心,国家·核心,国家页,H1 / <title> 主体,31.4,,en,已覆盖
esim for colombia claro,国家·核心,国家·核心,国家页,H1 / <title> 主体,31.4,,en,已覆盖
esim for costa rica and nicaragua,国家·核心,国家·核心,国家页,H1 / <title> 主体,31.4,,en,已覆盖
esim for fiji and samoa,国家·核心,国家·核心,国家页,H1 / <title> 主体,31.4,,en,已覆盖
esim for iceland and greenland,国家·核心,国家·核心,国家页,H1 / <title> 主体,31.4,,en,已覆盖
esim for indonesia jakarta,国家·核心,国家·核心,国家页,H1 / <title> 主体,31.4,,en,已覆盖
esim for japan 1 week,国家·核心,国家·核心,国家页,H1 / <title> 主体,31.4,,en,已覆盖
esim for kenya and uganda,国家·核心,国家·核心,国家页,H1 / <title> 主体,31.4,,en,已覆盖
esim for new york from ireland,国家·核心,国家·核心,国家页,H1 / <title> 主体,31.4,,en,已覆盖
esim for new zealand with calls,国家·核心,国家·核心,国家页,H1 / <title> 主体,31.4,,en,已覆盖
esim for nz data,国家·核心,国家·核心,国家页,H1 / <title> 主体,31.4,,en,已覆盖
esim for one month usa,国家·核心,国家·核心,国家页,H1 / <title> 主体,31.4,,en,已覆盖
esim for peru claro,国家·核心,国家·核心,国家页,H1 / <title> 主体,31.4,,en,已覆盖
esim for qatar and dubai,国家·核心,国家·核心,国家页,H1 / <title> 主体,31.4,,en,已覆盖
esim for singapore and kuala lumpur,国家·核心,国家·核心,国家页,H1 / <title> 主体,31.4,,en,已覆盖
esim for switzerland travel,国家·核心,国家·核心,国家页,H1 / <title> 主体,31.4,,en,已覆盖
esim for tourists australia,国家·核心,国家·核心,国家页,H1 / <title> 主体,31.4,,en,已覆盖
esim for tourists uk,国家·核心,国家·核心,国家页,H1 / <title> 主体,31.4,,en,已覆盖
esim for turkey from ireland,国家·核心,国家·核心,国家页,H1 / <title> 主体,31.4,,en,已覆盖
esim for uae residents,国家·核心,国家·核心,国家页,H1 / <title> 主体,31.4,,en,已覆盖
esim france data,国家·核心,国家·核心,国家页,H1 / <title> 主体,31.4,,en,已覆盖
esim france orange,国家·核心,国家·核心,国家页,H1 / <title> 主体,31.4,,en,已覆盖
esim france pas cher,国家·核心,国家·核心,国家页,H1 / <title> 主体,31.4,,en,已覆盖
esim für holland,国家·核心,国家·核心,国家页,H1 / <title> 主体,31.4,,de,已覆盖
esim germany internet,国家·核心,国家·核心,国家页,H1 / <title> 主体,31.4,,en,已覆盖
esim greece nova,国家·核心,国家·核心,国家页,H1 / <title> 主体,31.4,,en,已覆盖
esim iceland best,国家·核心,国家·核心,国家页,H1 / <title> 主体,31.4,,en,已覆盖
esim india jio,国家·核心,国家·核心,国家页,H1 / <title> 主体,31.4,,en,已覆盖
esim internet croatia,国家·核心,国家·核心,国家页,H1 / <title> 主体,31.4,,en,已覆盖
esim ireland and northern ireland,国家·核心,国家·核心,国家页,H1 / <title> 主体,31.4,,en,已覆盖
esim japan und südkorea,国家·核心,国家·核心,国家页,H1 / <title> 主体,31.4,,de,已覆盖
esim kenya best,国家·核心,国家·核心,国家页,H1 / <title> 主体,31.4,,en,已覆盖
esim kenya migliore,国家·核心,国家·核心,国家页,H1 / <title> 主体,31.4,,en,已覆盖
esim malaysia empfehlung,国家·核心,国家·核心,国家页,H1 / <title> 主体,31.4,,en,已覆盖
esim mexico data,国家·核心,国家·核心,国家页,H1 / <title> 主体,31.4,,en,已覆盖
esim mexico prepago,国家·核心,国家·核心,国家页,H1 / <title> 主体,31.4,,en,已覆盖
esim netherlands 6 months,国家·核心,国家·核心,国家页,H1 / <title> 主体,31.4,,en,已覆盖
esim new zealand,国家·核心,国家·核心,国家页,H1 / <title> 主体,31.4,,en,已覆盖
esim new zealand one nz,国家·核心,国家·核心,国家页,H1 / <title> 主体,31.4,,en,已覆盖
esim no contract australia,国家·核心,国家·核心,国家页,H1 / <title> 主体,31.4,,en,已覆盖
esim nz spark,国家·核心,国家·核心,国家页,H1 / <title> 主体,31.4,,en,已覆盖
esim philippines prepaid,国家·核心,国家·核心,国家页,H1 / <title> 主体,31.4,,en,已覆盖
esim saudi arabia stc,国家·核心,国家·核心,国家页,H1 / <title> 主体,31.4,,en,已覆盖
esim seoul and japan,国家·核心,国家·核心,国家页,H1 / <title> 主体,31.4,,en,已覆盖
esim singapore singtel,国家·核心,国家·核心,国家页,H1 / <title> 主体,31.4,,en,已覆盖
esim south africa calls and data,国家·核心,国家·核心,国家页,H1 / <title> 主体,31.4,,en,已覆盖
esim south africa vodafone,国家·核心,国家·核心,国家页,H1 / <title> 主体,31.4,,en,已覆盖
esim switzerland prepaid,国家·核心,国家·核心,国家页,H1 / <title> 主体,31.4,,en,已覆盖
esim thailand tourist true,国家·核心,国家·核心,国家页,H1 / <title> 主体,31.4,,en,已覆盖
esim usa mexiko honduras,国家·核心,国家·核心,国家页,H1 / <title> 主体,31.4,,en,已覆盖
esim usa rates,国家·核心,国家·核心,国家页,H1 / <title> 主体,31.4,,en,已覆盖
esim vietnam travel,国家·核心,国家·核心,国家页,H1 / <title> 主体,31.4,,en,已覆盖
esim visit china,国家·核心,国家·核心,国家页,H1 / <title> 主体,31.4,,en,已覆盖
eu roaming esim uk,国家·核心,国家·核心,国家页,H1 / <title> 主体,31.4,,en,已覆盖
free esim for poland,国家·核心,国家·核心,国家页,H1 / <title> 主体,31.4,,en,已覆盖
free france esim card,国家·核心,国家·核心,国家页,H1 / <title> 主体,31.4,,en,已覆盖
get free uk esim,国家·核心,国家·核心,国家页,H1 / <title> 主体,31.4,,en,已覆盖
getting a sim card in indonesia,国家·核心,国家·核心,国家页,H1 / <title> 主体,31.4,,en,已覆盖
global esim australia,国家·核心,国家·核心,国家页,H1 / <title> 主体,31.4,,en,已覆盖
global roaming esim australia,国家·核心,国家·核心,国家页,H1 / <title> 主体,31.4,,en,已覆盖
great britain esim card,国家·核心,国家·核心,国家页,H1 / <title> 主体,31.4,,en,已覆盖
greece sim card esim,国家·核心,国家·核心,国家页,H1 / <title> 主体,31.4,,en,已覆盖
hong kong prepaid esim card,国家·核心,国家·核心,国家页,H1 / <title> 主体,31.4,,en,已覆盖
how do i get an esim for south africa,国家·核心,国家·核心,国家页,H1 / <title> 主体,31.4,,en,已覆盖
how to buy esim online for japan,国家·核心,国家·核心,国家页,H1 / <title> 主体,31.4,,en,已覆盖
how to get an esim usa number,国家·核心,国家·核心,国家页,H1 / <title> 主体,31.4,,en,已覆盖
how to get an mtn esim south africa,国家·核心,国家·核心,国家页,H1 / <title> 主体,31.4,,en,已覆盖
how to get esim india online,国家·核心,国家·核心,国家页,H1 / <title> 主体,31.4,,en,已覆盖
how to get free esim singapore airlines,国家·核心,国家·核心,国家页,H1 / <title> 主体,31.4,,en,已覆盖
how to get free esim usa number,国家·核心,国家·核心,国家页,H1 / <title> 主体,31.4,,en,已覆盖
how to get hong kong number esim,国家·核心,国家·核心,国家页,H1 / <title> 主体,31.4,,en,已覆盖
how to get indian esim in australia,国家·核心,国家·核心,国家页,H1 / <title> 主体,31.4,,en,已覆盖
india esim online tourist,国家·核心,国家·核心,国家页,H1 / <title> 主体,31.4,,en,已覆盖
international esim japan,国家·核心,国家·核心,国家页,H1 / <title> 主体,31.4,,en,已覆盖
international roaming esim japan,国家·核心,国家·核心,国家页,H1 / <title> 主体,31.4,,en,已覆盖
is esim supported in hong kong,国家·核心,国家·核心,国家页,H1 / <title> 主体,31.4,,en,已覆盖
italy sim card esim,国家·核心,国家·核心,国家页,H1 / <title> 主体,31.4,,en,已覆盖
korea esim card with number,国家·核心,国家·核心,国家页,H1 / <title> 主体,31.4,,en,已覆盖
malaysia esim tourist digi,国家·核心,国家·核心,国家页,H1 / <title> 主体,31.4,,en,已覆盖
malaysia kuala lumpur esim,国家·核心,国家·核心,国家页,H1 / <title> 主体,31.4,,en,已覆盖
malaysia sim card for tourist digi,国家·核心,国家·核心,国家页,H1 / <title> 主体,31.4,,en,已覆盖
maldives esim malaysia,国家·核心,国家·核心,国家页,H1 / <title> 主体,31.4,,en,已覆盖
mexico sim card,国家·核心,国家·核心,国家页,H1 / <title> 主体,31.4,,en,已覆盖
mexico sim card esim,国家·核心,国家·核心,国家页,H1 / <title> 主体,31.4,,en,已覆盖
new zealand sim card for travellers,国家·核心,国家·核心,国家页,H1 / <title> 主体,31.4,,en,已覆盖
nz esim data,国家·核心,国家·核心,国家页,H1 / <title> 主体,31.4,,en,已覆盖
philippines sim card for tourist smart,国家·核心,国家·核心,国家页,H1 / <title> 主体,31.4,,en,已覆盖
prepaid esim canada tourist,国家·核心,国家·核心,国家页,H1 / <title> 主体,31.4,,en,已覆盖
prepaid esim usa tourist,国家·核心,国家·核心,国家页,H1 / <title> 主体,31.4,,en,已覆盖
saudi arabia sim card list,国家·核心,国家·核心,国家页,H1 / <title> 主体,31.4,,en,已覆盖
singapore esim tourist m1,国家·核心,国家·核心,国家页,H1 / <title> 主体,31.4,,en,已覆盖
spark esim for nz,国家·核心,国家·核心,国家页,H1 / <title> 主体,31.4,,en,已覆盖
spark esim new zealand travel,国家·核心,国家·核心,国家页,H1 / <title> 主体,31.4,,en,已覆盖
sunrise esim switzerland tourist,国家·核心,国家·核心,国家页,H1 / <title> 主体,31.4,,en,已覆盖
tim esim brazil tourist,国家·核心,国家·核心,国家页,H1 / <title> 主体,31.4,,en,已覆盖
tim esim italy tourist,国家·核心,国家·核心,国家页,H1 / <title> 主体,31.4,,en,已覆盖
travel esim china,国家·核心,国家·核心,国家页,H1 / <title> 主体,31.4,,en,已覆盖
us esim at&t,国家·核心,国家·核心,国家页,H1 / <title> 主体,31.4,,en,已覆盖
us esim for tourists,国家·核心,国家·核心,国家页,H1 / <title> 主体,31.4,,en,已覆盖
usa esim card prepaid,国家·核心,国家·核心,国家页,H1 / <title> 主体,31.4,,en,已覆盖
usa sim card for visitors,国家·核心,国家·核心,国家页,H1 / <title> 主体,31.4,,en,已覆盖
vivo esim brazil tourist plan,国家·核心,国家·核心,国家页,H1 / <title> 主体,31.4,,en,已覆盖
vodacom esim south africa travel,国家·核心,国家·核心,国家页,H1 / <title> 主体,31.4,,en,已覆盖
vodafone esim australia plans,国家·核心,国家·核心,国家页,H1 / <title> 主体,31.4,,en,已覆盖
vodafone germany esim card,国家·核心,国家·核心,国家页,H1 / <title> 主体,31.4,,en,已覆盖
vodafone ireland esim card,国家·核心,国家·核心,国家页,H1 / <title> 主体,31.4,,en,已覆盖
vodafone italy tourist esim,国家·核心,国家·核心,国家页,H1 / <title> 主体,31.4,,en,已覆盖
what is sim in brazil,国家·核心,国家·核心,国家页,H1 / <title> 主体,31.4,,en,已覆盖
where to buy a sim card in germany,国家·核心,国家·核心,国家页,H1 / <title> 主体,31.4,,en,已覆盖
where to buy sim card in spain,国家·核心,国家·核心,国家页,H1 / <title> 主体,31.4,,en,已覆盖
where to buy taiwan sim card,国家·核心,国家·核心,国家页,H1 / <title> 主体,31.4,,en,已覆盖
windtre esim italy tourist,国家·核心,国家·核心,国家页,H1 / <title> 主体,31.4,,en,已覆盖
esim belgium calls,国家·核心,国家·核心,国家页,H1 / <title> 主体,30.9,,en,已覆盖
esim colombia ecuador,国家·核心,国家·核心,国家页,H1 / <title> 主体,30.9,,en,已覆盖
esim colombia tourist,国家·核心,国家·核心,国家页,H1 / <title> 主体,30.9,,en,已覆盖
esim colombia travel,国家·核心,国家·核心,国家页,H1 / <title> 主体,30.9,,en,已覆盖
esim england 7 tage,国家·核心,国家·核心,国家页,H1 / <title> 主体,30.9,,en,已覆盖
esim vietnam mit telefonnummer,国家·核心,国家·核心,国家页,H1 / <title> 主体,30.9,,de,已覆盖
lebara esim holland,国家·核心,国家·核心,国家页,H1 / <title> 主体,30.9,,en,已覆盖
canada prepaid esim card for tourist,国家·核心,国家·核心,国家页,H1 / <title> 主体,29.5,,en,已覆盖
carte esim france pour touriste,国家·核心,国家·核心,国家页,H1 / <title> 主体,29.5,,en,已覆盖
esim china,国家·核心,国家·核心,国家页,H1 / <title> 主体,29.5,,en,已覆盖
esim for london england,国家·核心,国家·核心,国家页,H1 / <title> 主体,29.5,,en,已覆盖
esim for us travel,国家·核心,国家·核心,国家页,H1 / <title> 主体,29.5,,en,已覆盖
esim greece and turkey,国家·核心,国家·核心,国家页,H1 / <title> 主体,29.5,,en,已覆盖
esim mobile plans ireland,国家·核心,国家·核心,国家页,H1 / <title> 主体,29.5,,en,已覆盖
esim saudi arabia with number,国家·核心,国家·核心,国家页,H1 / <title> 主体,29.5,,en,已覆盖
esim south africa free,国家·核心,国家·核心,国家页,H1 / <title> 主体,29.5,,en,已覆盖
hong kong tourist esim card,国家·核心,国家·核心,国家页,H1 / <title> 主体,29.5,,en,已覆盖
how to get esim for india travel,国家·核心,国家·核心,国家页,H1 / <title> 主体,29.5,,en,已覆盖
how to get esim in philippines online,国家·核心,国家·核心,国家页,H1 / <title> 主体,29.5,,en,已覆盖
how to get indian esim in canada,国家·核心,国家·核心,国家页,H1 / <title> 主体,29.5,,en,已覆盖
how to use an esim for china,国家·核心,国家·核心,国家页,H1 / <title> 主体,29.5,,en,已覆盖
how to use an esim for japan,国家·核心,国家·核心,国家页,H1 / <title> 主体,29.5,,en,已覆盖
india travel esim card,国家·核心,国家·核心,国家页,H1 / <title> 主体,29.5,,en,已覆盖
lyca esim uk plans,国家·核心,国家·核心,国家页,H1 / <title> 主体,29.5,,en,已覆盖
new zealand prepaid esim card,国家·核心,国家·核心,国家页,H1 / <title> 主体,29.5,,en,已覆盖
orange spain esim card,国家·核心,国家·核心,国家页,H1 / <title> 主体,29.5,,en,已覆盖
salt esim switzerland tourist,国家·核心,国家·核心,国家页,H1 / <title> 主体,29.5,,en,已覆盖
uk esim card online,国家·核心,国家·核心,国家页,H1 / <title> 主体,29.5,,en,已覆盖
vodafone qatar esim tourist,国家·核心,国家·核心,国家页,H1 / <title> 主体,29.5,,en,已覆盖
esim usa tourist,国家·核心,国家·核心,国家页,H1 / <title> 主体,29.4,,en,已覆盖
can i buy a sim card in italy,国家·核心,国家·核心,国家页,H1 / <title> 主体,29.0,,en,已覆盖
esim czech republic vodafone,国家·核心,国家·核心,国家页,H1 / <title> 主体,29.0,,en,已覆盖
esim data croatia,国家·核心,国家·核心,国家页,H1 / <title> 主体,29.0,,en,已覆盖
esim england vodafone,国家·核心,国家·核心,国家页,H1 / <title> 主体,29.0,,en,已覆盖
esim for cruise ships uk,国家·核心,国家·核心,国家页,H1 / <title> 主体,29.0,,en,已覆盖
esim for south africa namibia botswana and zimbabwe,国家·核心,国家·核心,国家页,H1 / <title> 主体,29.0,,en,已覆盖
esim singapore tourist,国家·核心,国家·核心,国家页,H1 / <title> 主体,29.0,,en,已覆盖
esim switzerland travel,国家·核心,国家·核心,国家页,H1 / <title> 主体,29.0,,en,已覆盖
esim usa kaufen,国家·核心,国家·核心,国家页,H1 / <title> 主体,29.0,,en,已覆盖
esim usa number,国家·核心,国家·核心,国家页,H1 / <title> 主体,29.0,,en,已覆盖
how to get esim in malaysia,国家·核心,国家·核心,国家页,H1 / <title> 主体,29.0,,en,已覆盖
us esim card,国家·核心,国家·核心,国家页,H1 / <title> 主体,29.0,,en,已覆盖
airtel sim card for tourists in india,国家·核心,国家·核心,国家页,H1 / <title> 主体,27.6,,en,已覆盖
australia prepaid esim card,国家·核心,国家·核心,国家页,H1 / <title> 主体,27.6,,en,已覆盖
best egypt sim card for tourist,国家·核心,国家·核心,国家页,H1 / <title> 主体,27.6,,en,已覆盖
best new zealand sim card for tourist,国家·核心,国家·核心,国家页,H1 / <title> 主体,27.6,,en,已覆盖
best philippines sim card for tourist,国家·核心,国家·核心,国家页,H1 / <title> 主体,27.6,,en,已覆盖
buy esim for czech republic,国家·核心,国家·核心,国家页,H1 / <title> 主体,27.6,,en,已覆盖
buy esim for mexico city,国家·核心,国家·核心,国家页,H1 / <title> 主体,27.6,,en,已覆盖
buy malaysia esim card,国家·核心,国家·核心,国家页,H1 / <title> 主体,27.6,,en,已覆盖
buying a sim card in morocco,国家·核心,国家·核心,国家页,H1 / <title> 主体,27.6,,en,已覆盖
data esim for poland,国家·核心,国家·核心,国家页,H1 / <title> 主体,27.6,,en,已覆盖
does airtel esim work in australia,国家·核心,国家·核心,国家页,H1 / <title> 主体,27.6,,en,已覆盖
does chinacom esim work in hong kong,国家·核心,国家·核心,国家页,H1 / <title> 主体,27.6,,en,已覆盖
does e sim available in india,国家·核心,国家·核心,国家页,H1 / <title> 主体,27.6,,en,已覆盖
does eskimo esim work in singapore,国家·核心,国家·核心,国家页,H1 / <title> 主体,27.6,,en,已覆盖
does indonesia esim work in bali,国家·核心,国家·核心,国家页,H1 / <title> 主体,27.6,,en,已覆盖
does maya esim work in iceland,国家·核心,国家·核心,国家页,H1 / <title> 主体,27.6,,en,已覆盖
does maya esim work in italy,国家·核心,国家·核心,国家页,H1 / <title> 主体,27.6,,en,已覆盖
does maya esim work in saudi arabia,国家·核心,国家·核心,国家页,H1 / <title> 主体,27.6,,en,已覆盖
does maya esim work in south africa,国家·核心,国家·核心,国家页,H1 / <title> 主体,27.6,,en,已覆盖
does maya esim work in vietnam,国家·核心,国家·核心,国家页,H1 / <title> 主体,27.6,,en,已覆盖
does orange esim work in france,国家·核心,国家·核心,国家页,H1 / <title> 主体,27.6,,en,已覆盖
does philippines have esim card,国家·核心,国家·核心,国家页,H1 / <title> 主体,27.6,,en,已覆盖
does portugal esim work in azores,国家·核心,国家·核心,国家页,H1 / <title> 主体,27.6,,en,已覆盖
does revolut esim work in canada,国家·核心,国家·核心,国家页,H1 / <title> 主体,27.6,,en,已覆盖
does revolut esim work in egypt,国家·核心,国家·核心,国家页,H1 / <title> 主体,27.6,,en,已覆盖
does tello esim work in mexico,国家·核心,国家·核心,国家页,H1 / <title> 主体,27.6,,en,已覆盖
does vodafone esim work in ireland,国家·核心,国家·核心,国家页,H1 / <title> 主体,27.6,,en,已覆盖
e sim for amsterdam netherlands,国家·核心,国家·核心,国家页,H1 / <title> 主体,27.6,,en,已覆盖
e& uae tourist esim,国家·核心,国家·核心,国家页,H1 / <title> 主体,27.6,,en,已覆盖
esim 1 month thailand,国家·核心,国家·核心,国家页,H1 / <title> 主体,27.6,,en,已覆盖
esim argentina personal,国家·核心,国家·核心,国家页,H1 / <title> 主体,27.6,,en,已覆盖
esim australia travel,国家·核心,国家·核心,国家页,H1 / <title> 主体,27.6,,en,已覆盖
esim austria a1,国家·核心,国家·核心,国家页,H1 / <title> 主体,27.6,,en,已覆盖
esim belgium number,国家·核心,国家·核心,国家页,H1 / <title> 主体,27.6,,en,已覆盖
esim canada plans,国家·核心,国家·核心,国家页,H1 / <title> 主体,27.6,,en,已覆盖
esim card britain,国家·核心,国家·核心,国家页,H1 / <title> 主体,27.6,,en,已覆盖
esim card canada fido,国家·核心,国家·核心,国家页,H1 / <title> 主体,27.6,,en,已覆盖
esim card for austria,国家·核心,国家·核心,国家页,H1 / <title> 主体,27.6,,en,已覆盖
esim card for england,国家·核心,国家·核心,国家页,H1 / <title> 主体,27.6,,en,已覆盖
esim china mit vpn erfahrungen,国家·核心,国家·核心,国家页,H1 / <title> 主体,27.6,,de,已覆盖
esim colombia maya,国家·核心,国家·核心,国家页,H1 / <title> 主体,27.6,,en,已覆盖
esim costa rica vodafone,国家·核心,国家·核心,国家页,H1 / <title> 主体,27.6,,en,已覆盖
esim croatia a1,国家·核心,国家·核心,国家页,H1 / <title> 主体,27.6,,en,已覆盖
esim czech republic o2,国家·核心,国家·核心,国家页,H1 / <title> 主体,27.6,,en,已覆盖
esim data austria,国家·核心,国家·核心,国家页,H1 / <title> 主体,27.6,,en,已覆盖
esim data only uk,国家·核心,国家·核心,国家页,H1 / <title> 主体,27.6,,en,已覆盖
esim england o2,国家·核心,国家·核心,国家页,H1 / <title> 主体,27.6,,en,已覆盖
esim fiji one week,国家·核心,国家·核心,国家页,H1 / <title> 主体,27.6,,en,已覆盖
esim for 2 weeks in uk,国家·核心,国家·核心,国家页,H1 / <title> 主体,27.6,,en,已覆盖
esim for argentina and antarctica,国家·核心,国家·核心,国家页,H1 / <title> 主体,27.6,,en,已覆盖
esim for austria travel,国家·核心,国家·核心,国家页,H1 / <title> 主体,27.6,,en,已覆盖
esim for bali and singapore,国家·核心,国家·核心,国家页,H1 / <title> 主体,27.6,,en,已覆盖
esim for china travel with vpn,国家·核心,国家·核心,国家页,H1 / <title> 主体,27.6,,en,已覆盖
esim for dubai and thailand,国家·核心,国家·核心,国家页,H1 / <title> 主体,27.6,,en,已覆盖
esim for egypt ee,国家·核心,国家·核心,国家页,H1 / <title> 主体,27.6,,en,已覆盖
esim for europe travel from india,国家·核心,国家·核心,国家页,H1 / <title> 主体,27.6,,en,已覆盖
esim for georgia and turkey,国家·核心,国家·核心,国家页,H1 / <title> 主体,27.6,,en,已覆盖
esim for iceland and europe,国家·核心,国家·核心,国家页,H1 / <title> 主体,27.6,,en,已覆盖
esim for italy and malta,国家·核心,国家·核心,国家页,H1 / <title> 主体,27.6,,en,已覆盖
esim for kenya and zanzibar,国家·核心,国家·核心,国家页,H1 / <title> 主体,27.6,,en,已覆盖
esim for long term japan,国家·核心,国家·核心,国家页,H1 / <title> 主体,27.6,,en,已覆盖
esim for mexico telcel,国家·核心,国家·核心,国家页,H1 / <title> 主体,27.6,,en,已覆盖
esim for netherlands travel,国家·核心,国家·核心,国家页,H1 / <title> 主体,27.6,,en,已覆盖
esim for nz to bali,国家·核心,国家·核心,国家页,H1 / <title> 主体,27.6,,en,已覆盖
esim for paris and italy,国家·核心,国家·核心,国家页,H1 / <title> 主体,27.6,,en,已覆盖
esim for peru and chile,国家·核心,国家·核心,国家页,H1 / <title> 主体,27.6,,en,已覆盖
esim for qatar and europe,国家·核心,国家·核心,国家页,H1 / <title> 主体,27.6,,en,已覆盖
esim for saudi arabia and pakistan,国家·核心,国家·核心,国家页,H1 / <title> 主体,27.6,,en,已覆盖
esim for thailand and cambodia,国家·核心,国家·核心,国家页,H1 / <title> 主体,27.6,,en,已覆盖
esim for tourist nz,国家·核心,国家·核心,国家页,H1 / <title> 主体,27.6,,en,已覆盖
esim for tourists in australia,国家·核心,国家·核心,国家页,H1 / <title> 主体,27.6,,en,已覆盖
esim for uae dubai,国家·核心,国家·核心,国家页,H1 / <title> 主体,27.6,,en,已覆盖
esim for uk and eu,国家·核心,国家·核心,国家页,H1 / <title> 主体,27.6,,en,已覆盖
esim for usa and bahamas,国家·核心,国家·核心,国家页,H1 / <title> 主体,27.6,,en,已覆盖
esim for vietnam and bali,国家·核心,国家·核心,国家页,H1 / <title> 主体,27.6,,en,已覆盖
esim georgia tbilisi,国家·核心,国家·核心,国家页,H1 / <title> 主体,27.6,,en,已覆盖
esim germany 1 week,国家·核心,国家·核心,国家页,H1 / <title> 主体,27.6,,en,已覆盖
esim germany data,国家·核心,国家·核心,国家页,H1 / <title> 主体,27.6,,en,已覆盖
esim india prepaid,国家·核心,国家·核心,国家页,H1 / <title> 主体,27.6,,en,已覆盖
esim india travel jio,国家·核心,国家·核心,国家页,H1 / <title> 主体,27.6,,en,已覆盖
esim indonesia murah,国家·核心,国家·核心,国家页,H1 / <title> 主体,27.6,,en,已覆盖
esim ireland tourist,国家·核心,国家·核心,国家页,H1 / <title> 主体,27.6,,en,已覆盖
esim israel data and calls,国家·核心,国家·核心,国家页,H1 / <title> 主体,27.6,,en,已覆盖
esim israel pelephone,国家·核心,国家·核心,国家页,H1 / <title> 主体,27.6,,en,已覆盖
esim italy best,国家·核心,国家·核心,国家页,H1 / <title> 主体,27.6,,en,已覆盖
esim mexico cancun,国家·核心,国家·核心,国家页,H1 / <title> 主体,27.6,,en,已覆盖
esim mexico movistar,国家·核心,国家·核心,国家页,H1 / <title> 主体,27.6,,en,已覆盖
esim netherlands lebara,国家·核心,国家·核心,国家页,H1 / <title> 主体,27.6,,en,已覆盖
esim peru 30 tage,国家·核心,国家·核心,国家页,H1 / <title> 主体,27.6,,en,已覆盖
esim peru prepago,国家·核心,国家·核心,国家页,H1 / <title> 主体,27.6,,en,已覆盖
esim phone calls usa,国家·核心,国家·核心,国家页,H1 / <title> 主体,27.6,,en,已覆盖
esim phone plans usa,国家·核心,国家·核心,国家页,H1 / <title> 主体,27.6,,en,已覆盖
esim poland free,国家·核心,国家·核心,国家页,H1 / <title> 主体,27.6,,en,已覆盖
esim portugal meo,国家·核心,国家·核心,国家页,H1 / <title> 主体,27.6,,en,已覆盖
esim portugal online,国家·核心,国家·核心,国家页,H1 / <title> 主体,27.6,,en,已覆盖
esim prepaid netherlands,国家·核心,国家·核心,国家页,H1 / <title> 主体,27.6,,en,已覆盖
esim prepaid plans usa,国家·核心,国家·核心,国家页,H1 / <title> 主体,27.6,,en,已覆盖
esim qatar oman,国家·核心,国家·核心,国家页,H1 / <title> 主体,27.6,,en,已覆盖
esim south africa and zimbabwe,国家·核心,国家·核心,国家页,H1 / <title> 主体,27.6,,en,已覆盖
esim south africa with calls,国家·核心,国家·核心,国家页,H1 / <title> 主体,27.6,,en,已覆盖
esim thailand kaufen,国家·核心,国家·核心,国家页,H1 / <title> 主体,27.6,,en,已覆盖
esim uae abu dhabi,国家·核心,国家·核心,国家页,H1 / <title> 主体,27.6,,en,已覆盖
esim uae free,国家·核心,国家·核心,国家页,H1 / <title> 主体,27.6,,en,已覆盖
esim uk prepaid,国家·核心,国家·核心,国家页,H1 / <title> 主体,27.6,,en,已覆盖
esim uk visitor,国家·核心,国家·核心,国家页,H1 / <title> 主体,27.6,,en,已覆盖
esim vietnam and cambodia,国家·核心,国家·核心,国家页,H1 / <title> 主体,27.6,,en,已覆盖
esim vietnam trip.com,国家·核心,国家·核心,国家页,H1 / <title> 主体,27.6,,en,已覆盖
esim work in taiwan,国家·核心,国家·核心,国家页,H1 / <title> 主体,27.6,,en,已覆盖
esim working in uae,国家·核心,国家·核心,国家页,H1 / <title> 主体,27.6,,en,已覆盖
free esim qatar tourist,国家·核心,国家·核心,国家页,H1 / <title> 主体,27.6,,en,已覆盖
get o2 esim uk,国家·核心,国家·核心,国家页,H1 / <title> 主体,27.6,,en,已覆盖
getting a sim card in taiwan,国家·核心,国家·核心,国家页,H1 / <title> 主体,27.6,,en,已覆盖
getting a sim card in usa for tourist,国家·核心,国家·核心,国家页,H1 / <title> 主体,27.6,,en,已覆盖
good esim for colombia,国家·核心,国家·核心,国家页,H1 / <title> 主体,27.6,,en,已覆盖
good esim for qatar,国家·核心,国家·核心,国家页,H1 / <title> 主体,27.6,,en,已覆盖
hong kong macau esim,国家·核心,国家·核心,国家页,H1 / <title> 主体,27.6,,en,已覆盖
how do i get an esim for thailand,国家·核心,国家·核心,国家页,H1 / <title> 主体,27.6,,en,已覆盖
how many sim card allowed in saudi arabia,国家·核心,国家·核心,国家页,H1 / <title> 主体,27.6,,en,已覆盖
how to buy esim online for china,国家·核心,国家·核心,国家页,H1 / <title> 主体,27.6,,en,已覆盖
how to get a sim card in germany,国家·核心,国家·核心,国家页,H1 / <title> 主体,27.6,,en,已覆盖
how to get esim in india,国家·核心,国家·核心,国家页,H1 / <title> 主体,27.6,,en,已覆盖
how to get esim in uae du,国家·核心,国家·核心,国家页,H1 / <title> 主体,27.6,,en,已覆盖
how to get free esim south africa,国家·核心,国家·核心,国家页,H1 / <title> 主体,27.6,,en,已覆盖
how to get gomo esim singapore,国家·核心,国家·核心,国家页,H1 / <title> 主体,27.6,,en,已覆盖
how to get usa esim in nigeria,国家·核心,国家·核心,国家页,H1 / <title> 主体,27.6,,en,已覆盖
india prepaid esim card,国家·核心,国家·核心,国家页,H1 / <title> 主体,27.6,,en,已覆盖
ireland esim providers,国家·核心,国家·核心,国家页,H1 / <title> 主体,27.6,,en,已覆盖
is esim popular in hong kong,国家·核心,国家·核心,国家页,H1 / <title> 主体,27.6,,en,已覆盖
italy data sim card for tourist,国家·核心,国家·核心,国家页,H1 / <title> 主体,27.6,,en,已覆盖
japan esim data plans,国家·核心,国家·核心,国家页,H1 / <title> 主体,27.6,,en,已覆盖
japan sim card for tourist where to buy,国家·核心,国家·核心,国家页,H1 / <title> 主体,27.6,,en,已覆盖
jetpack esim china,国家·核心,国家·核心,国家页,H1 / <title> 主体,27.6,,en,已覆盖
korea data sim card for tourist,国家·核心,国家·核心,国家页,H1 / <title> 主体,27.6,,en,已覆盖
malaysia esim tourist hotlink,国家·核心,国家·核心,国家页,H1 / <title> 主体,27.6,,en,已覆盖
malaysia prepaid esim card,国家·核心,国家·核心,国家页,H1 / <title> 主体,27.6,,en,已覆盖
mexico prepaid esim card,国家·核心,国家·核心,国家页,H1 / <title> 主体,27.6,,en,已覆盖
nz esim card,国家·核心,国家·核心,国家页,H1 / <title> 主体,27.6,,en,已覆盖
prepaid esim for poland,国家·核心,国家·核心,国家页,H1 / <title> 主体,27.6,,en,已覆盖
saudi arabia esim,国家·核心,国家·核心,国家页,H1 / <title> 主体,27.6,,en,已覆盖
sims & prepaid phone cards sim card usa for tourists,国家·核心,国家·核心,国家页,H1 / <title> 主体,27.6,,en,已覆盖
singapore sim card for tourist free,国家·核心,国家·核心,国家页,H1 / <title> 主体,27.6,,en,已覆盖
singapore tourist esim with number,国家·核心,国家·核心,国家页,H1 / <title> 主体,27.6,,en,已覆盖
softbank esim japan tourist,国家·核心,国家·核心,国家页,H1 / <title> 主体,27.6,,en,已覆盖
south africa cape town esim,国家·核心,国家·核心,国家页,H1 / <title> 主体,27.6,,en,已覆盖
spain sim card esim,国家·核心,国家·核心,国家页,H1 / <title> 主体,27.6,,en,已覆盖
switzerland esim for tourists,国家·核心,国家·核心,国家页,H1 / <title> 主体,27.6,,en,已覆盖
taiwan sim card esim,国家·核心,国家·核心,国家页,H1 / <title> 主体,27.6,,en,已覆盖
taiwan travel esim card,国家·核心,国家·核心,国家页,H1 / <title> 主体,27.6,,en,已覆盖
telcel mexico prepaid esim card,国家·核心,国家·核心,国家页,H1 / <title> 主体,27.6,,en,已覆盖
telekom germany esim card,国家·核心,国家·核心,国家页,H1 / <title> 主体,27.6,,en,已覆盖
telstra australia esim card,国家·核心,国家·核心,国家页,H1 / <title> 主体,27.6,,en,已覆盖
thailand esim card trip com,国家·核心,国家·核心,国家页,H1 / <title> 主体,27.6,,en,已覆盖
thailand sim card for tourist ais,国家·核心,国家·核心,国家页,H1 / <title> 主体,27.6,,en,已覆盖
three ireland esim card,国家·核心,国家·核心,国家页,H1 / <title> 主体,27.6,,en,已覆盖
travel esim for croatia,国家·核心,国家·核心,国家页,H1 / <title> 主体,27.6,,en,已覆盖
trazy korea esim card,国家·核心,国家·核心,国家页,H1 / <title> 主体,27.6,,en,已覆盖
uae esim tourist best,国家·核心,国家·核心,国家页,H1 / <title> 主体,27.6,,en,已覆盖
uk data sim card for tourist,国家·核心,国家·核心,国家页,H1 / <title> 主体,27.6,,en,已覆盖
us esim data only,国家·核心,国家·核心,国家页,H1 / <title> 主体,27.6,,en,已覆盖
usa e sim card tourist,国家·核心,国家·核心,国家页,H1 / <title> 主体,27.6,,en,已覆盖
usa prepaid sim card for tourists,国家·核心,国家·核心,国家页,H1 / <title> 主体,27.6,,en,已覆盖
vietnam sim card for travellers,国家·核心,国家·核心,国家页,H1 / <title> 主体,27.6,,en,已覆盖
vodafone australia esim card,国家·核心,国家·核心,国家页,H1 / <title> 主体,27.6,,en,已覆盖
vodafone esim uk tourist,国家·核心,国家·核心,国家页,H1 / <title> 主体,27.6,,en,已覆盖
vodafone roaming esim uk,国家·核心,国家·核心,国家页,H1 / <title> 主体,27.6,,en,已覆盖
where to buy a sim card in south africa,国家·核心,国家·核心,国家页,H1 / <title> 主体,27.6,,en,已覆盖
where to buy sim card in switzerland,国家·核心,国家·核心,国家页,H1 / <title> 主体,27.6,,en,已覆盖
which company sim is best in india,国家·核心,国家·核心,国家页,H1 / <title> 主体,27.6,,en,已覆盖
does an australian esim.work in new zealand,国家·核心,国家·核心,国家页,H1 / <title> 主体,27.1,,en,已覆盖
esim for saudi arabia with number,国家·核心,国家·核心,国家页,H1 / <title> 主体,27.1,,en,已覆盖
esim netherlands antilles,国家·核心,国家·核心,国家页,H1 / <title> 主体,27.1,,en,已覆盖
esim vietnam kaufen,国家·核心,国家·核心,国家页,H1 / <title> 主体,27.1,,en,已覆盖
qatar internet esim,国家·核心,国家·核心,国家页,H1 / <title> 主体,27.1,,en,已覆盖
does vodafone ireland support esim,国家·核心,国家·核心,国家页,H1 / <title> 主体,26.6,,en,已覆盖
airtel india esim card,国家·核心,国家·核心,国家页,H1 / <title> 主体,25.8,,en,已覆盖
bell esim canada tourist,国家·核心,国家·核心,国家页,H1 / <title> 主体,25.8,,en,已覆盖
best china sim card for tourist,国家·核心,国家·核心,国家页,H1 / <title> 主体,25.8,,en,已覆盖
china esim card with local number,国家·核心,国家·核心,国家页,H1 / <title> 主体,25.8,,en,已覆盖
esim australia optus,国家·核心,国家·核心,国家页,H1 / <title> 主体,25.8,,en,已覆盖
esim australia tourist amaysim,国家·核心,国家·核心,国家页,H1 / <title> 主体,25.8,,en,已覆盖
esim canada for tourist,国家·核心,国家·核心,国家页,H1 / <title> 主体,25.8,,en,已覆盖
esim caribbean netherlands,国家·核心,国家·核心,国家页,H1 / <title> 主体,25.8,,en,已覆盖
esim holland,国家·核心,国家·核心,国家页,H1 / <title> 主体,25.8,,en,已覆盖
esim italy data,国家·核心,国家·核心,国家页,H1 / <title> 主体,25.8,,en,已覆盖
esim prepaid plans india,国家·核心,国家·核心,国家页,H1 / <title> 主体,25.8,,en,已覆盖
hong kong data esim card,国家·核心,国家·核心,国家页,H1 / <title> 主体,25.8,,en,已覆盖
how to get esim for airtel in usa,国家·核心,国家·核心,国家页,H1 / <title> 主体,25.8,,en,已覆盖
how to get esim for uk travel,国家·核心,国家·核心,国家页,H1 / <title> 主体,25.8,,en,已覆盖
how to get esim globe philippines online,国家·核心,国家·核心,国家页,H1 / <title> 主体,25.8,,en,已覆盖
how to get jio esim in canada,国家·核心,国家·核心,国家页,H1 / <title> 主体,25.8,,en,已覆盖
lebara esim uk plans,国家·核心,国家·核心,国家页,H1 / <title> 主体,25.8,,en,已覆盖
singapore prepaid esim card,国家·核心,国家·核心,国家页,H1 / <title> 主体,25.8,,en,已覆盖
spain prepaid esim card,国家·核心,国家·核心,国家页,H1 / <title> 主体,25.8,,en,已覆盖
taiwan prepaid esim card,国家·核心,国家·核心,国家页,H1 / <title> 主体,25.8,,en,已覆盖
telcel mexico esim card,国家·核心,国家·核心,国家页,H1 / <title> 主体,25.8,,en,已覆盖
travel esim canada,国家·核心,国家·核心,国家页,H1 / <title> 主体,25.8,,en,已覆盖
travel esim uk,国家·核心,国家·核心,国家页,H1 / <title> 主体,25.8,,en,已覆盖
esim card germany tourist,国家·核心,国家·核心,国家页,H1 / <title> 主体,25.2,,en,已覆盖
esim malaysia kuala lumpur,国家·核心,国家·核心,国家页,H1 / <title> 主体,25.2,,en,已覆盖
esim netherlands travel,国家·核心,国家·核心,国家页,H1 / <title> 主体,25.2,,en,已覆盖
esim usa free,国家·核心,国家·核心,国家页,H1 / <title> 主体,25.2,,en,已覆盖
esim usa testsieger,国家·核心,国家·核心,国家页,H1 / <title> 主体,25.2,,en,已覆盖
how to get esim philippines,国家·核心,国家·核心,国家页,H1 / <title> 主体,25.2,,en,已覆盖
which company provide esim in india,国家·核心,国家·核心,国家页,H1 / <title> 主体,25.2,,en,已覆盖
att esim usa tourist,国家·核心,国家·核心,国家页,H1 / <title> 主体,23.9,,en,已覆盖
australia sim card esim,国家·核心,国家·核心,国家页,H1 / <title> 主体,23.9,,en,已覆盖
australia sim card for tourist prepaid,国家·核心,国家·核心,国家页,H1 / <title> 主体,23.9,,en,已覆盖
best new zealand sim card for travellers,国家·核心,国家·核心,国家页,H1 / <title> 主体,23.9,,en,已覆盖
best sim card for tourists in india,国家·核心,国家·核心,国家页,H1 / <title> 主体,23.9,,en,已覆盖
best usa sim card for tourists,国家·核心,国家·核心,国家页,H1 / <title> 主体,23.9,,en,已覆盖
best vietnam sim card for tourist,国家·核心,国家·核心,国家页,H1 / <title> 主体,23.9,,en,已覆盖
buy esim holland,国家·核心,国家·核心,国家页,H1 / <title> 主体,23.9,,en,已覆盖
canada data sim card for tourist,国家·核心,国家·核心,国家页,H1 / <title> 主体,23.9,,en,已覆盖
china esim card data,国家·核心,国家·核心,国家页,H1 / <title> 主体,23.9,,en,已覆盖
does airtel esim work in germany,国家·核心,国家·核心,国家页,H1 / <title> 主体,23.9,,en,已覆盖
does bmw esim work in australia,国家·核心,国家·核心,国家页,H1 / <title> 主体,23.9,,en,已覆盖
does ee esim work in ireland,国家·核心,国家·核心,国家页,H1 / <title> 主体,23.9,,en,已覆盖
does egypt have esim card,国家·核心,国家·核心,国家页,H1 / <title> 主体,23.9,,en,已覆盖
does jio esim work in thailand,国家·核心,国家·核心,国家页,H1 / <title> 主体,23.9,,en,已覆盖
does malaysia esim work in borneo,国家·核心,国家·核心,国家页,H1 / <title> 主体,23.9,,en,已覆盖
does maya esim work in japan,国家·核心,国家·核心,国家页,H1 / <title> 主体,23.9,,en,已覆盖
does orange esim work in morocco,国家·核心,国家·核心,国家页,H1 / <title> 主体,23.9,,en,已覆盖
does portugal esim work in madeira,国家·核心,国家·核心,国家页,H1 / <title> 主体,23.9,,en,已覆盖
does revolut esim work in korea,国家·核心,国家·核心,国家页,H1 / <title> 主体,23.9,,en,已覆盖
does revolut esim work.in switzerland,国家·核心,国家·核心,国家页,H1 / <title> 主体,23.9,,en,已覆盖
does roamless esim work in mexico,国家·核心,国家·核心,国家页,H1 / <title> 主体,23.9,,en,已覆盖
does spain esim work in canary islands,国家·核心,国家·核心,国家页,H1 / <title> 主体,23.9,,en,已覆盖
esim africa kenya,国家·核心,国家·核心,国家页,H1 / <title> 主体,23.9,,en,已覆盖
esim argentina and chile,国家·核心,国家·核心,国家页,H1 / <title> 主体,23.9,,en,已覆盖
esim australia,国家·核心,国家·核心,国家页,H1 / <title> 主体,23.9,,en,已覆盖
esim australia calls and data,国家·核心,国家·核心,国家页,H1 / <title> 主体,23.9,,en,已覆盖
esim australia tourist vodafone,国家·核心,国家·核心,国家页,H1 / <title> 主体,23.9,,en,已覆盖
esim austria magenta,国家·核心,国家·核心,国家页,H1 / <title> 主体,23.9,,en,已覆盖
esim belgium data,国家·核心,国家·核心,国家页,H1 / <title> 主体,23.9,,en,已覆盖
esim brazil claro,国家·核心,国家·核心,国家页,H1 / <title> 主体,23.9,,en,已覆盖
esim canada lucky mobile,国家·核心,国家·核心,国家页,H1 / <title> 主体,23.9,,en,已覆盖
esim canada phone plans,国家·核心,国家·核心,国家页,H1 / <title> 主体,23.9,,en,已覆盖
esim card canada telus,国家·核心,国家·核心,国家页,H1 / <title> 主体,23.9,,en,已覆盖
esim card for cancun mexico,国家·核心,国家·核心,国家页,H1 / <title> 主体,23.9,,en,已覆盖
esim card indonesia for tourist,国家·核心,国家·核心,国家页,H1 / <title> 主体,23.9,,en,已覆盖
esim china mit telefonnummer,国家·核心,国家·核心,国家页,H1 / <title> 主体,23.9,,de,已覆盖
esim costa rica kaufen,国家·核心,国家·核心,国家页,H1 / <title> 主体,23.9,,en,已覆盖
esim croatia telekom,国家·核心,国家·核心,国家页,H1 / <title> 主体,23.9,,en,已覆盖
esim data only usa,国家·核心,国家·核心,国家页,H1 / <title> 主体,23.9,,en,已覆盖
esim england telefonieren,国家·核心,国家·核心,国家页,H1 / <title> 主体,23.9,,en,已覆盖
esim for 2 weeks in france,国家·核心,国家·核心,国家页,H1 / <title> 主体,23.9,,en,已覆盖
esim for asia and australia,国家·核心,国家·核心,国家页,H1 / <title> 主体,23.9,,en,已覆盖
esim for egypt hurghada,国家·核心,国家·核心,国家页,H1 / <title> 主体,23.9,,en,已覆盖
esim for england travel,国家·核心,国家·核心,国家页,H1 / <title> 主体,23.9,,en,已覆盖
esim for georgia travel,国家·核心,国家·核心,国家页,H1 / <title> 主体,23.9,,en,已覆盖
esim for greece and albania,国家·核心,国家·核心,国家页,H1 / <title> 主体,23.9,,en,已覆盖
esim for india and sri lanka,国家·核心,国家·核心,国家页,H1 / <title> 主体,23.9,,en,已覆盖
esim for indonesia telkomsel,国家·核心,国家·核心,国家页,H1 / <title> 主体,23.9,,en,已覆盖
esim for japan long term,国家·核心,国家·核心,国家页,H1 / <title> 主体,23.9,,en,已覆盖
esim for kenya safaricom,国家·核心,国家·核心,国家页,H1 / <title> 主体,23.9,,en,已覆盖
esim for kids australia,国家·核心,国家·核心,国家页,H1 / <title> 主体,23.9,,en,已覆盖
esim for korea trip,国家·核心,国家·核心,国家页,H1 / <title> 主体,23.9,,en,已覆盖
esim for london and ireland,国家·核心,国家·核心,国家页,H1 / <title> 主体,23.9,,en,已覆盖
esim for paris and spain,国家·核心,国家·核心,国家页,H1 / <title> 主体,23.9,,en,已覆盖
esim for peru and bolivia,国家·核心,国家·核心,国家页,H1 / <title> 主体,23.9,,en,已覆盖
esim for portugal and madeira,国家·核心,国家·核心,国家页,H1 / <title> 主体,23.9,,en,已覆盖
esim for portugal with calls,国家·核心,国家·核心,国家页,H1 / <title> 主体,23.9,,en,已覆盖
esim for saudi arabia stc,国家·核心,国家·核心,国家页,H1 / <title> 主体,23.9,,en,已覆盖
esim for south africa travel,国家·核心,国家·核心,国家页,H1 / <title> 主体,23.9,,en,已覆盖
esim for taiwan travel,国家·核心,国家·核心,国家页,H1 / <title> 主体,23.9,,en,已覆盖
esim for thailand calls and data,国家·核心,国家·核心,国家页,H1 / <title> 主体,23.9,,en,已覆盖
esim for tourists in israel,国家·核心,国家·核心,国家页,H1 / <title> 主体,23.9,,en,已覆盖
esim for tourists in singapore,国家·核心,国家·核心,国家页,H1 / <title> 主体,23.9,,en,已覆盖
esim for uk and europe travel,国家·核心,国家·核心,国家页,H1 / <title> 主体,23.9,,en,已覆盖
esim for usa data and calls,国家·核心,国家·核心,国家页,H1 / <title> 主体,23.9,,en,已覆盖
esim for usa holiday,国家·核心,国家·核心,国家页,H1 / <title> 主体,23.9,,en,已覆盖
esim france pour touriste,国家·核心,国家·核心,国家页,H1 / <title> 主体,23.9,,en,已覆盖
esim free trial uk,国家·核心,国家·核心,国家页,H1 / <title> 主体,23.9,,en,已覆盖
esim greece data,国家·核心,国家·核心,国家页,H1 / <title> 主体,23.9,,en,已覆盖
esim greece prepaid,国家·核心,国家·核心,国家页,H1 / <title> 主体,23.9,,en,已覆盖
esim internet great britain,国家·核心,国家·核心,国家页,H1 / <title> 主体,23.9,,en,已覆盖
esim israel hot mobile,国家·核心,国家·核心,国家页,H1 / <title> 主体,23.9,,en,已覆盖
esim italy calls and data,国家·核心,国家·核心,国家页,H1 / <title> 主体,23.9,,en,已覆盖
esim italy one day,国家·核心,国家·核心,国家页,H1 / <title> 主体,23.9,,en,已覆盖
esim japan icc,国家·核心,国家·核心,国家页,H1 / <title> 主体,23.9,,en,已覆盖
esim korea kaufen,国家·核心,国家·核心,国家页,H1 / <title> 主体,23.9,,en,已覆盖
esim mexico att,国家·核心,国家·核心,国家页,H1 / <title> 主体,23.9,,en,已覆盖
esim new zealand calls and data,国家·核心,国家·核心,国家页,H1 / <title> 主体,23.9,,en,已覆盖
esim new zealand skinny,国家·核心,国家·核心,国家页,H1 / <title> 主体,23.9,,en,已覆盖
esim nz data,国家·核心,国家·核心,国家页,H1 / <title> 主体,23.9,,en,已覆盖
esim pay as you go ireland,国家·核心,国家·核心,国家页,H1 / <title> 主体,23.9,,en,已覆盖
esim peru movistar,国家·核心,国家·核心,国家页,H1 / <title> 主体,23.9,,en,已覆盖
esim phone calls japan,国家·核心,国家·核心,国家页,H1 / <title> 主体,23.9,,en,已覆盖
esim poland with number,国家·核心,国家·核心,国家页,H1 / <title> 主体,23.9,,en,已覆盖
esim portugal data,国家·核心,国家·核心,国家页,H1 / <title> 主体,23.9,,en,已覆盖
esim prepaid canada,国家·核心,国家·核心,国家页,H1 / <title> 主体,23.9,,en,已覆盖
esim pros and cons india,国家·核心,国家·核心,国家页,H1 / <title> 主体,23.9,,en,已覆盖
esim qatar vodafone,国家·核心,国家·核心,国家页,H1 / <title> 主体,23.9,,en,已覆盖
esim saudi arabia for tourist,国家·核心,国家·核心,国家页,H1 / <title> 主体,23.9,,en,已覆盖
esim saudi arabia mobily,国家·核心,国家·核心,国家页,H1 / <title> 主体,23.9,,en,已覆盖
esim spain prepaid,国家·核心,国家·核心,国家页,H1 / <title> 主体,23.9,,en,已覆盖
esim taiwan chunghwa,国家·核心,国家·核心,国家页,H1 / <title> 主体,23.9,,en,已覆盖
esim thailand 1 week,国家·核心,国家·核心,国家页,H1 / <title> 主体,23.9,,en,已覆盖
esim thailand günstig,国家·核心,国家·核心,国家页,H1 / <title> 主体,23.9,,de,已覆盖
esim travel portugal and europe ii,国家·核心,国家·核心,国家页,H1 / <title> 主体,23.9,,en,已覆盖
esim travel qatar,国家·核心,国家·核心,国家页,H1 / <title> 主体,23.9,,en,已覆盖
esim uae prepaid,国家·核心,国家·核心,国家页,H1 / <title> 主体,23.9,,en,已覆盖
esim uk and europe with calls,国家·核心,国家·核心,国家页,H1 / <title> 主体,23.9,,en,已覆盖
esim uk free,国家·核心,国家·核心,国家页,H1 / <title> 主体,23.9,,en,已覆盖
esim uk travel vodafone,国家·核心,国家·核心,国家页,H1 / <title> 主体,23.9,,en,已覆盖
esim usa travel with calls,国家·核心,国家·核心,国家页,H1 / <title> 主体,23.9,,en,已覆盖
esim working in saudi arabia,国家·核心,国家·核心,国家页,H1 / <title> 主体,23.9,,en,已覆盖
esim world japan,国家·核心,国家·核心,国家页,H1 / <title> 主体,23.9,,en,已覆盖
georgia travel esim,国家·核心,国家·核心,国家页,H1 / <title> 主体,23.9,,en,已覆盖
global esim uk,国家·核心,国家·核心,国家页,H1 / <title> 主体,23.9,,en,已覆盖
good esim for argentina,国家·核心,国家·核心,国家页,H1 / <title> 主体,23.9,,en,已覆盖
good esim in. thailand,国家·核心,国家·核心,国家页,H1 / <title> 主体,23.9,,en,已覆盖
hong kong physical sim card for tourist,国家·核心,国家·核心,国家页,H1 / <title> 主体,23.9,,en,已覆盖
how do i get an esim card for italy,国家·核心,国家·核心,国家页,H1 / <title> 主体,23.9,,en,已覆盖
how to apply esim singapore,国家·核心,国家·核心,国家页,H1 / <title> 主体,23.9,,en,已覆盖
how to get a vodacom esim south africa,国家·核心,国家·核心,国家页,H1 / <title> 主体,23.9,,en,已覆盖
how to get an esim for england,国家·核心,国家·核心,国家页,H1 / <title> 主体,23.9,,en,已覆盖
how to get free esim in singapore,国家·核心,国家·核心,国家页,H1 / <title> 主体,23.9,,en,已覆盖
how to get jio esim in usa,国家·核心,国家·核心,国家页,H1 / <title> 主体,23.9,,en,已覆盖
how to get new esim india,国家·核心,国家·核心,国家页,H1 / <title> 主体,23.9,,en,已覆盖
international roaming esim singapore,国家·核心,国家·核心,国家页,H1 / <title> 主体,23.9,,en,已覆盖
international roaming esim usa,国家·核心,国家·核心,国家页,H1 / <title> 主体,23.9,,en,已覆盖
is airalo.esim good.for india,国家·核心,国家·核心,国家页,H1 / <title> 主体,23.9,,en,已覆盖
is vodafone esim available in india,国家·核心,国家·核心,国家页,H1 / <title> 主体,23.9,,en,已覆盖
japan esim card travel,国家·核心,国家·核心,国家页,H1 / <title> 主体,23.9,,en,已覆盖
korea wifi sim card for tourist,国家·核心,国家·核心,国家页,H1 / <title> 主体,23.9,,en,已覆盖
lg korea esim card,国家·核心,国家·核心,国家页,H1 / <title> 主体,23.9,,en,已覆盖
malaysia data esim card,国家·核心,国家·核心,国家页,H1 / <title> 主体,23.9,,en,已覆盖
malaysia esim tourist maxis,国家·核心,国家·核心,国家页,H1 / <title> 主体,23.9,,en,已覆盖
malaysia sim card for travellers,国家·核心,国家·核心,国家页,H1 / <title> 主体,23.9,,en,已覆盖
malaysia travel esim card,国家·核心,国家·核心,国家页,H1 / <title> 主体,23.9,,en,已覆盖
nz esim with calls,国家·核心,国家·核心,国家页,H1 / <title> 主体,23.9,,en,已覆盖
rakuten esim japan tourist,国家·核心,国家·核心,国家页,H1 / <title> 主体,23.9,,en,已覆盖
saudi arabia esim tourist,国家·核心,国家·核心,国家页,H1 / <title> 主体,23.9,,en,已覆盖
sim card malaysia esim,国家·核心,国家·核心,国家页,H1 / <title> 主体,23.9,,en,已覆盖
sim card to use in morocco,国家·核心,国家·核心,国家页,H1 / <title> 主体,23.9,,en,已覆盖
sim card usa esim,国家·核心,国家·核心,国家页,H1 / <title> 主体,23.9,,en,已覆盖
singapore esim data plans,国家·核心,国家·核心,国家页,H1 / <title> 主体,23.9,,en,已覆盖
singapore tourist esim eight,国家·核心,国家·核心,国家页,H1 / <title> 主体,23.9,,en,已覆盖
thailand sim card for tourist dtac,国家·核心,国家·核心,国家页,H1 / <title> 主体,23.9,,en,已覆盖
three uk esim tourist,国家·核心,国家·核心,国家页,H1 / <title> 主体,23.9,,en,已覆盖
travel esim for india,国家·核心,国家·核心,国家页,H1 / <title> 主体,23.9,,en,已覆盖
travel esim for qatar,国家·核心,国家·核心,国家页,H1 / <title> 主体,23.9,,en,已覆盖
travel esim india,国家·核心,国家·核心,国家页,H1 / <title> 主体,23.9,,en,已覆盖
trip esim macao,国家·核心,国家·核心,国家页,H1 / <title> 主体,23.9,,en,已覆盖
uk esim card plans,国家·核心,国家·核心,国家页,H1 / <title> 主体,23.9,,en,已覆盖
uk free trial esim,国家·核心,国家·核心,国家页,H1 / <title> 主体,23.9,,en,已覆盖
us esim data,国家·核心,国家·核心,国家页,H1 / <title> 主体,23.9,,en,已覆盖
us esim prepaid number,国家·核心,国家·核心,国家页,H1 / <title> 主体,23.9,,en,已覆盖
vietnam esim card,国家·核心,国家·核心,国家页,H1 / <title> 主体,23.9,,en,已覆盖
vietnam esim with local number,国家·核心,国家·核心,国家页,H1 / <title> 主体,23.9,,en,已覆盖
vodafone egypt sim card for tourist prepaid,国家·核心,国家·核心,国家页,H1 / <title> 主体,23.9,,en,已覆盖
vodafone esim italy tourist,国家·核心,国家·核心,国家页,H1 / <title> 主体,23.9,,en,已覆盖
vodafone germany esim tourist,国家·核心,国家·核心,国家页,H1 / <title> 主体,23.9,,en,已覆盖
vodafone india esim card,国家·核心,国家·核心,国家页,H1 / <title> 主体,23.9,,en,已覆盖
vodafone italy esim card,国家·核心,国家·核心,国家页,H1 / <title> 主体,23.9,,en,已覆盖
where to buy sim card in france for tourists,国家·核心,国家·核心,国家页,H1 / <title> 主体,23.9,,en,已覆盖
which sim card is best in uae,国家·核心,国家·核心,国家页,H1 / <title> 主体,23.9,,en,已覆盖
xl indonesia esim tourist,国家·核心,国家·核心,国家页,H1 / <title> 主体,23.9,,en,已覆盖
esim usa data,国家·核心,国家·核心,国家页,H1 / <title> 主体,23.4,,en,已覆盖
what is esim in india,国家·核心,国家·核心,国家页,H1 / <title> 主体,22.9,,en,已覆盖
buy taiwan esim card,国家·核心,国家·核心,国家页,H1 / <title> 主体,22.0,,en,已覆盖
canada travel esim card,国家·核心,国家·核心,国家页,H1 / <title> 主体,22.0,,en,已覆盖
esim australia tourist prepaid,国家·核心,国家·核心,国家页,H1 / <title> 主体,22.0,,en,已覆盖
esim china travel,国家·核心,国家·核心,国家页,H1 / <title> 主体,22.0,,en,已覆盖
esim indonesia,国家·核心,国家·核心,国家页,H1 / <title> 主体,22.0,,en,已覆盖
esim mobile plans australia,国家·核心,国家·核心,国家页,H1 / <title> 主体,22.0,,en,已覆盖
esim thailand,国家·核心,国家·核心,国家页,H1 / <title> 主体,22.0,,en,已覆盖
esim thailand ais,国家·核心,国家·核心,国家页,H1 / <title> 主体,22.0,,en,已覆盖
esim vietnam for tourist,国家·核心,国家·核心,国家页,H1 / <title> 主体,22.0,,en,已覆盖
france travel esim card,国家·核心,国家·核心,国家页,H1 / <title> 主体,22.0,,en,已覆盖
hong kong macau esim card,国家·核心,国家·核心,国家页,H1 / <title> 主体,22.0,,en,已覆盖
how to get an esim uk ee,国家·核心,国家·核心,国家页,H1 / <title> 主体,22.0,,en,已覆盖
how to get free esim in uae,国家·核心,国家·核心,国家页,H1 / <title> 主体,22.0,,en,已覆盖
how to get gomo esim philippines,国家·核心,国家·核心,国家页,H1 / <title> 主体,22.0,,en,已覆盖
ireland sim card esim,国家·核心,国家·核心,国家页,H1 / <title> 主体,22.0,,en,已覆盖
uk esim card travel,国家·核心,国家·核心,国家页,H1 / <title> 主体,22.0,,en,已覆盖
vodafone spain esim card,国家·核心,国家·核心,国家页,H1 / <title> 主体,22.0,,en,已覆盖
esim for usa data,国家·核心,国家·核心,国家页,H1 / <title> 主体,21.5,,en,已覆盖
esim indonesia travel,国家·核心,国家·核心,国家页,H1 / <title> 主体,21.5,,en,已覆盖
esim usa mit telefonie,国家·核心,国家·核心,国家页,H1 / <title> 主体,21.5,,de,已覆盖
where to buy sim card in vietnam,国家·核心,国家·核心,国家页,H1 / <title> 主体,21.5,,en,已覆盖
esim uk and europe,国家·核心,国家·核心,国家页,H1 / <title> 主体,21.4,,en,已覆盖
1 month esim germany,国家·核心,国家·核心,国家页,H1 / <title> 主体,20.1,,en,已覆盖
at&t usa sim card for tourists,国家·核心,国家·核心,国家页,H1 / <title> 主体,20.1,,en,已覆盖
australia sim card for travellers,国家·核心,国家·核心,国家页,H1 / <title> 主体,20.1,,en,已覆盖
bali esim australia,国家·核心,国家·核心,国家页,H1 / <title> 主体,20.1,,en,已覆盖
belgium esim data,国家·核心,国家·核心,国家页,H1 / <title> 主体,20.1,,en,已覆盖
buy esim for belgium,国家·核心,国家·核心,国家页,H1 / <title> 主体,20.1,,en,已覆盖
buy esim indonesia tourist,国家·核心,国家·核心,国家页,H1 / <title> 主体,20.1,,en,已覆盖
buy esim uk tourist,国家·核心,国家·核心,国家页,H1 / <title> 主体,20.1,,en,已覆盖
canada data esim card,国家·核心,国家·核心,国家页,H1 / <title> 主体,20.1,,en,已覆盖
canada phone plans esim,国家·核心,国家·核心,国家页,H1 / <title> 主体,20.1,,en,已覆盖
caribbean and mexico esim,国家·核心,国家·核心,国家页,H1 / <title> 主体,20.1,,en,已覆盖
carte esim france touriste,国家·核心,国家·核心,国家页,H1 / <title> 主体,20.1,,en,已覆盖
china esim card trip com,国家·核心,国家·核心,国家页,H1 / <title> 主体,20.1,,en,已覆盖
discover hong kong tourist esim,国家·核心,国家·核心,国家页,H1 / <title> 主体,20.1,,en,已覆盖
do you need an esim for japan,国家·核心,国家·核心,国家页,H1 / <title> 主体,20.1,,en,已覆盖
docomo esim japan tourist,国家·核心,国家·核心,国家页,H1 / <title> 主体,20.1,,en,已覆盖
does france esim work in monaco,国家·核心,国家·核心,国家页,H1 / <title> 主体,20.1,,en,已覆盖
does jio esim work in australia,国家·核心,国家·核心,国家页,H1 / <title> 主体,20.1,,en,已覆盖
does malaysian esim work in singapore,国家·核心,国家·核心,国家页,H1 / <title> 主体,20.1,,en,已覆盖
does maya esim work in philippines,国家·核心,国家·核心,国家页,H1 / <title> 主体,20.1,,en,已覆盖
does maya esim work in switzerland,国家·核心,国家·核心,国家页,H1 / <title> 主体,20.1,,en,已覆盖
does maya esim work in uk,国家·核心,国家·核心,国家页,H1 / <title> 主体,20.1,,en,已覆盖
does revolut esim work in philippines,国家·核心,国家·核心,国家页,H1 / <title> 主体,20.1,,en,已覆盖
does roamless esim work in japan,国家·核心,国家·核心,国家页,H1 / <title> 主体,20.1,,en,已覆盖
does roamless esim work in vietnam,国家·核心,国家·核心,国家页,H1 / <title> 主体,20.1,,en,已覆盖
does spain esim work in gibraltar,国家·核心,国家·核心,国家页,H1 / <title> 主体,20.1,,en,已覆盖
does viettel esim work in thailand,国家·核心,国家·核心,国家页,H1 / <title> 主体,20.1,,en,已覆盖
does visible esim work in canada,国家·核心,国家·核心,国家页,H1 / <title> 主体,20.1,,en,已覆盖
does vodafone esim work in morocco,国家·核心,国家·核心,国家页,H1 / <title> 主体,20.1,,en,已覆盖
does vodafone esim work in usa,国家·核心,国家·核心,国家页,H1 / <title> 主体,20.1,,en,已覆盖
esim argentina tuenti,国家·核心,国家·核心,国家页,H1 / <title> 主体,20.1,,en,已覆盖
esim belgium lyca,国家·核心,国家·核心,国家页,H1 / <title> 主体,20.1,,en,已覆盖
esim brazil data,国家·核心,国家·核心,国家页,H1 / <title> 主体,20.1,,en,已覆盖
esim brazil maya,国家·核心,国家·核心,国家页,H1 / <title> 主体,20.1,,en,已覆盖
esim canada data plans,国家·核心,国家·核心,国家页,H1 / <title> 主体,20.1,,en,已覆盖
esim canada telus,国家·核心,国家·核心,国家页,H1 / <title> 主体,20.1,,en,已覆盖
esim card for czech republic,国家·核心,国家·核心,国家页,H1 / <title> 主体,20.1,,en,已覆盖
esim card for israel,国家·核心,国家·核心,国家页,H1 / <title> 主体,20.1,,en,已覆盖
esim card for vietnam and cambodia,国家·核心,国家·核心,国家页,H1 / <title> 主体,20.1,,en,已覆盖
esim card mexico city,国家·核心,国家·核心,国家页,H1 / <title> 主体,20.1,,en,已覆盖
esim china mainland,国家·核心,国家·核心,国家页,H1 / <title> 主体,20.1,,en,已覆盖
esim claro lima peru,国家·核心,国家·核心,国家页,H1 / <title> 主体,20.1,,en,已覆盖
esim costa rica empfehlung,国家·核心,国家·核心,国家页,H1 / <title> 主体,20.1,,en,已覆盖
esim croatia slovenia,国家·核心,国家·核心,国家页,H1 / <title> 主体,20.1,,en,已覆盖
esim czech republic free,国家·核心,国家·核心,国家页,H1 / <title> 主体,20.1,,en,已覆盖
esim data kenya,国家·核心,国家·核心,国家页,H1 / <title> 主体,20.1,,en,已覆盖
esim egypt data,国家·核心,国家·核心,国家页,H1 / <title> 主体,20.1,,en,已覆盖
esim england best,国家·核心,国家·核心,国家页,H1 / <title> 主体,20.1,,en,已覆盖
esim esim usa,国家·核心,国家·核心,国家页,H1 / <title> 主体,20.1,,en,已覆盖
esim europe from australia,国家·核心,国家·核心,国家页,H1 / <title> 主体,20.1,,en,已覆盖
esim for bali and vietnam,国家·核心,国家·核心,国家页,H1 / <title> 主体,20.1,,en,已覆盖
esim for dubai and qatar,国家·核心,国家·核心,国家页,H1 / <title> 主体,20.1,,en,已覆盖
esim for europe and uk travel,国家·核心,国家·核心,国家页,H1 / <title> 主体,20.1,,en,已覆盖
esim for iceland trip,国家·核心,国家·核心,国家页,H1 / <title> 主体,20.1,,en,已覆盖
esim for international travel in usa,国家·核心,国家·核心,国家页,H1 / <title> 主体,20.1,,en,已覆盖
esim for ireland and europe,国家·核心,国家·核心,国家页,H1 / <title> 主体,20.1,,en,已覆盖
esim for italy with calls,国家·核心,国家·核心,国家页,H1 / <title> 主体,20.1,,en,已覆盖
esim for japan trip,国家·核心,国家·核心,国家页,H1 / <title> 主体,20.1,,en,已覆盖
esim for kenya nairobi,国家·核心,国家·核心,国家页,H1 / <title> 主体,20.1,,en,已覆盖
esim for netherlands data,国家·核心,国家·核心,国家页,H1 / <title> 主体,20.1,,en,已覆盖
esim for new zealand spark,国家·核心,国家·核心,国家页,H1 / <title> 主体,20.1,,en,已覆盖
esim for nz phone,国家·核心,国家·核心,国家页,H1 / <title> 主体,20.1,,en,已覆盖
esim for one month canada,国家·核心,国家·核心,国家页,H1 / <title> 主体,20.1,,en,已覆盖
esim for paris and uk,国家·核心,国家·核心,国家页,H1 / <title> 主体,20.1,,en,已覆盖
esim for portugal and europe,国家·核心,国家·核心,国家页,H1 / <title> 主体,20.1,,en,已覆盖
esim for qatar and oman,国家·核心,国家·核心,国家页,H1 / <title> 主体,20.1,,en,已覆盖
esim for saudi arabia umrah,国家·核心,国家·核心,国家页,H1 / <title> 主体,20.1,,en,已覆盖
esim for singapore and maldives,国家·核心,国家·核心,国家页,H1 / <title> 主体,20.1,,en,已覆盖
esim for south africa and eswatini,国家·核心,国家·核心,国家页,H1 / <title> 主体,20.1,,en,已覆盖
esim for south africa and mauritius,国家·核心,国家·核心,国家页,H1 / <title> 主体,20.1,,en,已覆盖
esim for switzerland data,国家·核心,国家·核心,国家页,H1 / <title> 主体,20.1,,en,已覆盖
esim for thailand 2 weeks,国家·核心,国家·核心,国家页,H1 / <title> 主体,20.1,,en,已覆盖
esim for thailand and laos,国家·核心,国家·核心,国家页,H1 / <title> 主体,20.1,,en,已覆盖
esim for thailand tourist,国家·核心,国家·核心,国家页,H1 / <title> 主体,20.1,,en,已覆盖
esim for tourists in germany,国家·核心,国家·核心,国家页,H1 / <title> 主体,20.1,,en,已覆盖
esim for tourists in japan,国家·核心,国家·核心,国家页,H1 / <title> 主体,20.1,,en,已覆盖
esim for turkey and croatia,国家·核心,国家·核心,国家页,H1 / <title> 主体,20.1,,en,已覆盖
esim for uae and europe,国家·核心,国家·核心,国家页,H1 / <title> 主体,20.1,,en,已覆盖
esim for usa new york,国家·核心,国家·核心,国家页,H1 / <title> 主体,20.1,,en,已覆盖
esim for usa roaming,国家·核心,国家·核心,国家页,H1 / <title> 主体,20.1,,en,已覆盖
esim for usa trip,国家·核心,国家·核心,国家页,H1 / <title> 主体,20.1,,en,已覆盖
esim france sans engagement,国家·核心,国家·核心,国家页,H1 / <title> 主体,20.1,,en,已覆盖
esim georgia for tourist,国家·核心,国家·核心,国家页,H1 / <title> 主体,20.1,,en,已覆盖
esim germany free,国家·核心,国家·核心,国家页,H1 / <title> 主体,20.1,,en,已覆盖
esim germany lyca,国家·核心,国家·核心,国家页,H1 / <title> 主体,20.1,,en,已覆盖
esim globe philippines,国家·核心,国家·核心,国家页,H1 / <title> 主体,20.1,,en,已覆盖
esim internet greece,国家·核心,国家·核心,国家页,H1 / <title> 主体,20.1,,en,已覆盖
esim internet holland,国家·核心,国家·核心,国家页,H1 / <title> 主体,20.1,,en,已覆盖
esim ireland tesco,国家·核心,国家·核心,国家页,H1 / <title> 主体,20.1,,en,已覆盖
esim israel cellcom,国家·核心,国家·核心,国家页,H1 / <title> 主体,20.1,,en,已覆盖
esim italy with italian number,国家·核心,国家·核心,国家页,H1 / <title> 主体,20.1,,en,已覆盖
esim japan for family,国家·核心,国家·核心,国家页,H1 / <title> 主体,20.1,,en,已覆盖
esim korea how does it work,国家·核心,国家·核心,国家页,H1 / <title> 主体,20.1,,en,已覆盖
esim korea selatan,国家·核心,国家·核心,国家页,H1 / <title> 主体,20.1,,en,已覆盖
esim malaysia icc,国家·核心,国家·核心,国家页,H1 / <title> 主体,20.1,,en,已覆盖
esim mexico sin registro,国家·核心,国家·核心,国家页,H1 / <title> 主体,20.1,,en,已覆盖
esim morocco 1 week,国家·核心,国家·核心,国家页,H1 / <title> 主体,20.1,,en,已覆盖
esim morocco inwi,国家·核心,国家·核心,国家页,H1 / <title> 主体,20.1,,en,已覆盖
esim new zealand 2 degrees,国家·核心,国家·核心,国家页,H1 / <title> 主体,20.1,,en,已覆盖
esim nz data only,国家·核心,国家·核心,国家页,H1 / <title> 主体,20.1,,en,已覆盖
esim operators in india,国家·核心,国家·核心,国家页,H1 / <title> 主体,20.1,,en,已覆盖
esim peru bolivia,国家·核心,国家·核心,国家页,H1 / <title> 主体,20.1,,en,已覆盖
esim philippines cebu,国家·核心,国家·核心,国家页,H1 / <title> 主体,20.1,,en,已覆盖
esim phone calls australia,国家·核心,国家·核心,国家页,H1 / <title> 主体,20.1,,en,已覆盖
esim poland play,国家·核心,国家·核心,国家页,H1 / <title> 主体,20.1,,en,已覆盖
esim portugal prepaid,国家·核心,国家·核心,国家页,H1 / <title> 主体,20.1,,en,已覆盖
esim qatar ooredoo,国家·核心,国家·核心,国家页,H1 / <title> 主体,20.1,,en,已覆盖
esim singapore prepaid,国家·核心,国家·核心,国家页,H1 / <title> 主体,20.1,,en,已覆盖
esim singapore with number,国家·核心,国家·核心,国家页,H1 / <title> 主体,20.1,,en,已覆盖
esim south africa botswana zimbabwe,国家·核心,国家·核心,国家页,H1 / <title> 主体,20.1,,en,已覆盖
esim switzerland orange,国家·核心,国家·核心,国家页,H1 / <title> 主体,20.1,,en,已覆盖
esim taiwan trip.com,国家·核心,国家·核心,国家页,H1 / <title> 主体,20.1,,en,已覆盖
esim uae travel,国家·核心,国家·核心,国家页,H1 / <title> 主体,20.1,,en,已覆盖
esim uk kaufen,国家·核心,国家·核心,国家页,H1 / <title> 主体,20.1,,en,已覆盖
esim uk phone plans,国家·核心,国家·核心,国家页,H1 / <title> 主体,20.1,,en,已覆盖
esim uk travel best,国家·核心,国家·核心,国家页,H1 / <title> 主体,20.1,,en,已覆盖
esim.io israel,国家·核心,国家·核心,国家页,H1 / <title> 主体,20.1,,en,已覆盖
france sim card esim,国家·核心,国家·核心,国家页,H1 / <title> 主体,20.1,,en,已覆盖
germany sim card esim,国家·核心,国家·核心,国家页,H1 / <title> 主体,20.1,,en,已覆盖
good esim for croatia,国家·核心,国家·核心,国家页,H1 / <title> 主体,20.1,,en,已覆盖
good esim for nz,国家·核心,国家·核心,国家页,H1 / <title> 主体,20.1,,en,已覆盖
hong kong sim card registration tourist,国家·核心,国家·核心,国家页,H1 / <title> 主体,20.1,,en,已覆盖
how do i get an esim for south korea,国家·核心,国家·核心,国家页,H1 / <title> 主体,20.1,,en,已覆盖
how to buy an esim online usa,国家·核心,国家·核心,国家页,H1 / <title> 主体,20.1,,en,已覆盖
how to get esim card in south africa,国家·核心,国家·核心,国家页,H1 / <title> 主体,20.1,,en,已覆盖
how to get esim dito in philippines,国家·核心,国家·核心,国家页,H1 / <title> 主体,20.1,,en,已覆盖
how to get esim india tourist,国家·核心,国家·核心,国家页,H1 / <title> 主体,20.1,,en,已覆盖
how to get indian esim in usa,国家·核心,国家·核心,国家页,H1 / <title> 主体,20.1,,en,已覆盖
how to get telkom esim in south africa,国家·核心,国家·核心,国家页,H1 / <title> 主体,20.1,,en,已覆盖
iliad esim italy tourist,国家·核心,国家·核心,国家页,H1 / <title> 主体,20.1,,en,已覆盖
india sim card esim,国家·核心,国家·核心,国家页,H1 / <title> 主体,20.1,,en,已覆盖
international esim china,国家·核心,国家·核心,国家页,H1 / <title> 主体,20.1,,en,已覆盖
international roaming esim uk,国家·核心,国家·核心,国家页,H1 / <title> 主体,20.1,,en,已覆盖
is bsnl esim available in india,国家·核心,国家·核心,国家页,H1 / <title> 主体,20.1,,en,已覆盖
is vi esim available in india,国家·核心,国家·核心,国家页,H1 / <title> 主体,20.1,,en,已覆盖
italy travel esim card,国家·核心,国家·核心,国家页,H1 / <title> 主体,20.1,,en,已覆盖
korea prepaid esim card,国家·核心,国家·核心,国家页,H1 / <title> 主体,20.1,,en,已覆盖
korea sim card with number for tourist,国家·核心,国家·核心,国家页,H1 / <title> 主体,20.1,,en,已覆盖
list of sim card in germany,国家·核心,国家·核心,国家页,H1 / <title> 主体,20.1,,en,已覆盖
lyca esim holland,国家·核心,国家·核心,国家页,H1 / <title> 主体,20.1,,en,已覆盖
malaysia esim tourist best,国家·核心,国家·核心,国家页,H1 / <title> 主体,20.1,,en,已覆盖
maxis malaysia tourist esim,国家·核心,国家·核心,国家页,H1 / <title> 主体,20.1,,en,已覆盖
mexico city esim card,国家·核心,国家·核心,国家页,H1 / <title> 主体,20.1,,en,已覆盖
mint usa esim,国家·核心,国家·核心,国家页,H1 / <title> 主体,20.1,,en,已覆盖
most used sim card in philippines,国家·核心,国家·核心,国家页,H1 / <title> 主体,20.1,,en,已覆盖
new zealand data sim card tourist,国家·核心,国家·核心,国家页,H1 / <title> 主体,20.1,,en,已覆盖
orange egypt tourist esim card,国家·核心,国家·核心,国家页,H1 / <title> 主体,20.1,,en,已覆盖
pay as you go australia esim,国家·核心,国家·核心,国家页,H1 / <title> 主体,20.1,,en,已覆盖
poland esim with number,国家·核心,国家·核心,国家页,H1 / <title> 主体,20.1,,en,已覆盖
singapore esim tourist simba,国家·核心,国家·核心,国家页,H1 / <title> 主体,20.1,,en,已覆盖
singapore sim card esim,国家·核心,国家·核心,国家页,H1 / <title> 主体,20.1,,en,已覆盖
singapore travel esim card,国家·核心,国家·核心,国家页,H1 / <title> 主体,20.1,,en,已覆盖
south korea esim card,国家·核心,国家·核心,国家页,H1 / <title> 主体,20.1,,en,已覆盖
t mobile esim card usa,国家·核心,国家·核心,国家页,H1 / <title> 主体,20.1,,en,已覆盖
telekom germany esim tourist,国家·核心,国家·核心,国家页,H1 / <title> 主体,20.1,,en,已覆盖
thailand prepaid esim card,国家·核心,国家·核心,国家页,H1 / <title> 主体,20.1,,en,已覆盖
thailand sim card for tourist online,国家·核心,国家·核心,国家页,H1 / <title> 主体,20.1,,en,已覆盖
three esim uk plans,国家·核心,国家·核心,国家页,H1 / <title> 主体,20.1,,en,已覆盖
travel esim nz,国家·核心,国家·核心,国家页,H1 / <title> 主体,20.1,,en,已覆盖
uk esim card buy,国家·核心,国家·核心,国家页,H1 / <title> 主体,20.1,,en,已覆盖
uk number esim,国家·核心,国家·核心,国家页,H1 / <title> 主体,20.1,,en,已覆盖
us esim for 1 week,国家·核心,国家·核心,国家页,H1 / <title> 主体,20.1,,en,已覆盖
us esim number,国家·核心,国家·核心,国家页,H1 / <title> 主体,20.1,,en,已覆盖
vietnam physical sim card for tourist,国家·核心,国家·核心,国家页,H1 / <title> 主体,20.1,,en,已覆盖
vietnam sim card esim,国家·核心,国家·核心,国家页,H1 / <title> 主体,20.1,,en,已覆盖
vodafone esim for fiji,国家·核心,国家·核心,国家页,H1 / <title> 主体,20.1,,en,已覆盖
vodafone esim uk plans,国家·核心,国家·核心,国家页,H1 / <title> 主体,20.1,,en,已覆盖
does three ireland support esim,国家·核心,国家·核心,国家页,H1 / <title> 主体,19.6,,en,已覆盖
esim vietnam vodafone,国家·核心,国家·核心,国家页,H1 / <title> 主体,19.6,,en,已覆盖
australia travel esim card,国家·核心,国家·核心,国家页,H1 / <title> 主体,18.2,,en,已覆盖
esim for china trip.com,国家·核心,国家·核心,国家页,H1 / <title> 主体,18.2,,en,已覆盖
esim greece vodafone,国家·核心,国家·核心,国家页,H1 / <title> 主体,18.2,,en,已覆盖
global esim philippines,国家·核心,国家·核心,国家页,H1 / <title> 主体,18.2,,en,已覆盖
hong kong travel esim card,国家·核心,国家·核心,国家页,H1 / <title> 主体,18.2,,en,已覆盖
how to get jio esim in uae,国家·核心,国家·核心,国家页,H1 / <title> 主体,18.2,,en,已覆盖
vietnam data esim card,国家·核心,国家·核心,国家页,H1 / <title> 主体,18.2,,en,已覆盖
esim for peru bolivia and chile,国家·核心,国家·核心,国家页,H1 / <title> 主体,17.8,,en,已覆盖
how to use esim in uk,国家·核心,国家·核心,国家页,H1 / <title> 主体,17.8,,en,已覆盖
buy singapore esim card,国家·核心,国家·核心,国家页,H1 / <title> 主体,16.4,,en,已覆盖
can foreigners buy sim card in india,国家·核心,国家·核心,国家页,H1 / <title> 主体,16.4,,en,已覆盖
canada esim travel plan,国家·核心,国家·核心,国家页,H1 / <title> 主体,16.4,,en,已覆盖
canada physical sim card for tourist,国家·核心,国家·核心,国家页,H1 / <title> 主体,16.4,,en,已覆盖
china physical sim card for tourist,国家·核心,国家·核心,国家页,H1 / <title> 主体,16.4,,en,已覆盖
china unicom sim card for tourist,国家·核心,国家·核心,国家页,H1 / <title> 主体,16.4,,en,已覆盖
data esim card japan,国家·核心,国家·核心,国家页,H1 / <title> 主体,16.4,,en,已覆盖
data roaming esim uk,国家·核心,国家·核心,国家页,H1 / <title> 主体,16.4,,en,已覆盖
does airtel esim work in uk,国家·核心,国家·核心,国家页,H1 / <title> 主体,16.4,,en,已覆盖
does esim io work in egypt,国家·核心,国家·核心,国家页,H1 / <title> 主体,16.4,,en,已覆盖
does eskimo esim work in morocco,国家·核心,国家·核心,国家页,H1 / <title> 主体,16.4,,en,已覆盖
does europe esim work in morocco,国家·核心,国家·核心,国家页,H1 / <title> 主体,16.4,,en,已覆盖
does europe esim work in switzerland,国家·核心,国家·核心,国家页,H1 / <title> 主体,16.4,,en,已覆盖
does jio esim work in canada,国家·核心,国家·核心,国家页,H1 / <title> 主体,16.4,,en,已覆盖
does maya esim work in thailand,国家·核心,国家·核心,国家页,H1 / <title> 主体,16.4,,en,已覆盖
does maya esim work in usa,国家·核心,国家·核心,国家页,H1 / <title> 主体,16.4,,en,已覆盖
does revolut esim work in china,国家·核心,国家·核心,国家页,H1 / <title> 主体,16.4,,en,已覆盖
does revolut esim work in singapore,国家·核心,国家·核心,国家页,H1 / <title> 主体,16.4,,en,已覆盖
does roamless esim work in philippines,国家·核心,国家·核心,国家页,H1 / <title> 主体,16.4,,en,已覆盖
does spain esim work in tenerife,国家·核心,国家·核心,国家页,H1 / <title> 主体,16.4,,en,已覆盖
does textnow esim work in canada,国家·核心,国家·核心,国家页,H1 / <title> 主体,16.4,,en,已覆盖
does.maya esim.work in mexico,国家·核心,国家·核心,国家页,H1 / <title> 主体,16.4,,en,已覆盖
dubai esim from india,国家·核心,国家·核心,国家页,H1 / <title> 主体,16.4,,en,已覆盖
esim australia 6 months,国家·核心,国家·核心,国家页,H1 / <title> 主体,16.4,,en,已覆盖
esim australia vodafone,国家·核心,国家·核心,国家页,H1 / <title> 主体,16.4,,en,已覆盖
esim austria data,国家·核心,国家·核心,国家页,H1 / <title> 主体,16.4,,en,已覆盖
esim belgium internet,国家·核心,国家·核心,国家页,H1 / <title> 主体,16.4,,en,已覆盖
esim canada,国家·核心,国家·核心,国家页,H1 / <title> 主体,16.4,,en,已覆盖
esim canada bell,国家·核心,国家·核心,国家页,H1 / <title> 主体,16.4,,en,已覆盖
esim canada data,国家·核心,国家·核心,国家页,H1 / <title> 主体,16.4,,en,已覆盖
esim canada prepaid plans,国家·核心,国家·核心,国家页,H1 / <title> 主体,16.4,,en,已覆盖
esim card for georgia,国家·核心,国家·核心,国家页,H1 / <title> 主体,16.4,,en,已覆盖
esim card holland,国家·核心,国家·核心,国家页,H1 / <title> 主体,16.4,,en,已覆盖
esim card india tourist,国家·核心,国家·核心,国家页,H1 / <title> 主体,16.4,,en,已覆盖
esim china mobile,国家·核心,国家·核心,国家页,H1 / <title> 主体,16.4,,en,已覆盖
esim china und hongkong,国家·核心,国家·核心,国家页,H1 / <title> 主体,16.4,,de,已覆盖
esim colombia para extranjeros,国家·核心,国家·核心,国家页,H1 / <title> 主体,16.4,,en,已覆盖
esim costa rica mit telefonieren,国家·核心,国家·核心,国家页,H1 / <title> 主体,16.4,,de,已覆盖
esim data uae,国家·核心,国家·核心,国家页,H1 / <title> 主体,16.4,,en,已覆盖
esim egypt orange,国家·核心,国家·核心,国家页,H1 / <title> 主体,16.4,,en,已覆盖
esim england and scotland,国家·核心,国家·核心,国家页,H1 / <title> 主体,16.4,,en,已覆盖
esim family plan usa,国家·核心,国家·核心,国家页,H1 / <title> 主体,16.4,,en,已覆盖
esim for australia and bali,国家·核心,国家·核心,国家页,H1 / <title> 主体,16.4,,en,已覆盖
esim for brazil and chile,国家·核心,国家·核心,国家页,H1 / <title> 主体,16.4,,en,已覆盖
esim for egypt calls and data,国家·核心,国家·核心,国家页,H1 / <title> 主体,16.4,,en,已覆盖
esim for europe and singapore,国家·核心,国家·核心,国家页,H1 / <title> 主体,16.4,,en,已覆盖
esim for iceland and denmark,国家·核心,国家·核心,国家页,H1 / <title> 主体,16.4,,en,已覆盖
esim for iceland and sweden,国家·核心,国家·核心,国家页,H1 / <title> 主体,16.4,,en,已覆盖
esim for ireland data,国家·核心,国家·核心,国家页,H1 / <title> 主体,16.4,,en,已覆盖
esim for kenya data,国家·核心,国家·核心,国家页,H1 / <title> 主体,16.4,,en,已覆盖
esim for new zealand data and calls,国家·核心,国家·核心,国家页,H1 / <title> 主体,16.4,,en,已覆盖
esim for portugal trip,国家·核心,国家·核心,国家页,H1 / <title> 主体,16.4,,en,已覆盖
esim for south africa and namibia,国家·核心,国家·核心,国家页,H1 / <title> 主体,16.4,,en,已覆盖
esim for south africa with calls,国家·核心,国家·核心,国家页,H1 / <title> 主体,16.4,,en,已覆盖
esim for spain study abroad,国家·核心,国家·核心,国家页,H1 / <title> 主体,16.4,,en,已覆盖
esim for tourists malaysia,国家·核心,国家·核心,国家页,H1 / <title> 主体,16.4,,en,已覆盖
esim for uae data,国家·核心,国家·核心,国家页,H1 / <title> 主体,16.4,,en,已覆盖
esim for use in usa,国家·核心,国家·核心,国家页,H1 / <title> 主体,16.4,,en,已覆盖
esim for vietnam 2 weeks,国家·核心,国家·核心,国家页,H1 / <title> 主体,16.4,,en,已覆盖
esim for vietnam viettel,国家·核心,国家·核心,国家页,H1 / <title> 主体,16.4,,en,已覆盖
esim france data only,国家·核心,国家·核心,国家页,H1 / <title> 主体,16.4,,en,已覆盖
esim france with local number,国家·核心,国家·核心,国家页,H1 / <title> 主体,16.4,,en,已覆盖
esim free trial canada,国家·核心,国家·核心,国家页,H1 / <title> 主体,16.4,,en,已覆盖
esim germany no contract,国家·核心,国家·核心,国家页,H1 / <title> 主体,16.4,,en,已覆盖
esim germany vodafone,国家·核心,国家·核心,国家页,H1 / <title> 主体,16.4,,en,已覆盖
esim hong kong tourist,国家·核心,国家·核心,国家页,H1 / <title> 主体,16.4,,en,已覆盖
esim india online,国家·核心,国家·核心,国家页,H1 / <title> 主体,16.4,,en,已覆盖
esim indonesia best,国家·核心,国家·核心,国家页,H1 / <title> 主体,16.4,,en,已覆盖
esim indonesia trip.com,国家·核心,国家·核心,国家页,H1 / <title> 主体,16.4,,en,已覆盖
esim ireland vodafone,国家·核心,国家·核心,国家页,H1 / <title> 主体,16.4,,en,已覆盖
esim israel maya,国家·核心,国家·核心,国家页,H1 / <title> 主体,16.4,,en,已覆盖
esim italy,国家·核心,国家·核心,国家页,H1 / <title> 主体,16.4,,en,已覆盖
esim japan telekom,国家·核心,国家·核心,国家页,H1 / <title> 主体,16.4,,en,已覆盖
esim kenya airtel,国家·核心,国家·核心,国家页,H1 / <title> 主体,16.4,,en,已覆盖
esim korea kt,国家·核心,国家·核心,国家页,H1 / <title> 主体,16.4,,en,已覆盖
esim malaysia digi,国家·核心,国家·核心,国家页,H1 / <title> 主体,16.4,,en,已覆盖
esim mexico calls and data,国家·核心,国家·核心,国家页,H1 / <title> 主体,16.4,,en,已覆盖
esim morocco revolut,国家·核心,国家·核心,国家页,H1 / <title> 主体,16.4,,en,已覆盖
esim netherlands data only,国家·核心,国家·核心,国家页,H1 / <title> 主体,16.4,,en,已覆盖
esim new zealand with calls,国家·核心,国家·核心,国家页,H1 / <title> 主体,16.4,,en,已覆盖
esim nz for europe,国家·核心,国家·核心,国家页,H1 / <title> 主体,16.4,,en,已覆盖
esim nz plans,国家·核心,国家·核心,国家页,H1 / <title> 主体,16.4,,en,已覆盖
esim nz skinny,国家·核心,国家·核心,国家页,H1 / <title> 主体,16.4,,en,已覆盖
esim pay as you go australia,国家·核心,国家·核心,国家页,H1 / <title> 主体,16.4,,en,已覆盖
esim peru and chile,国家·核心,国家·核心,国家页,H1 / <title> 主体,16.4,,en,已覆盖
esim poland buy,国家·核心,国家·核心,国家页,H1 / <title> 主体,16.4,,en,已覆盖
esim portugal nos,国家·核心,国家·核心,国家页,H1 / <title> 主体,16.4,,en,已覆盖
esim prepaid germany,国家·核心,国家·核心,国家页,H1 / <title> 主体,16.4,,en,已覆盖
esim qatar and dubai,国家·核心,国家·核心,国家页,H1 / <title> 主体,16.4,,en,已覆盖
esim saudi arabia internet,国家·核心,国家·核心,国家页,H1 / <title> 主体,16.4,,en,已覆盖
esim saudi arabia zain,国家·核心,国家·核心,国家页,H1 / <title> 主体,16.4,,en,已覆盖
esim south africa cell c,国家·核心,国家·核心,国家页,H1 / <title> 主体,16.4,,en,已覆盖
esim switzerland swisscom,国家·核心,国家·核心,国家页,H1 / <title> 主体,16.4,,en,已覆盖
esim thailand 15 tage,国家·核心,国家·核心,国家页,H1 / <title> 主体,16.4,,en,已覆盖
esim uae pass,国家·核心,国家·核心,国家页,H1 / <title> 主体,16.4,,en,已覆盖
esim uae visitor,国家·核心,国家·核心,国家页,H1 / <title> 主体,16.4,,en,已覆盖
esim uk travel o2,国家·核心,国家·核心,国家页,H1 / <title> 主体,16.4,,en,已覆盖
esim usa daten und telefonieren,国家·核心,国家·核心,国家页,H1 / <title> 主体,16.4,,de,已覆盖
esim usa travel data and calls,国家·核心,国家·核心,国家页,H1 / <title> 主体,16.4,,en,已覆盖
esim vietnam 1 month,国家·核心,国家·核心,国家页,H1 / <title> 主体,16.4,,en,已覆盖
esim vietnam 1 week,国家·核心,国家·核心,国家页,H1 / <title> 主体,16.4,,en,已覆盖
esim work in malaysia,国家·核心,国家·核心,国家页,H1 / <title> 主体,16.4,,en,已覆盖
good esim for poland,国家·核心,国家·核心,国家页,H1 / <title> 主体,16.4,,en,已覆盖
hong kong prepaid sim card for travellers,国家·核心,国家·核心,国家页,H1 / <title> 主体,16.4,,en,已覆盖
how many sim card in philippines,国家·核心,国家·核心,国家页,H1 / <title> 主体,16.4,,en,已覆盖
how to buy esim for india online,国家·核心,国家·核心,国家页,H1 / <title> 主体,16.4,,en,已覆盖
how to get airtel esim in uae,国家·核心,国家·核心,国家页,H1 / <title> 主体,16.4,,en,已覆盖
how to get an esim vodafone uk,国家·核心,国家·核心,国家页,H1 / <title> 主体,16.4,,en,已覆盖
how to get esim globe postpaid philippines,国家·核心,国家·核心,国家页,H1 / <title> 主体,16.4,,en,已覆盖
how to have an esim in the philippines,国家·核心,国家·核心,国家页,H1 / <title> 主体,16.4,,en,已覆盖
indonesia travel esim,国家·核心,国家·核心,国家页,H1 / <title> 主体,16.4,,en,已覆盖
is esim facility available in india,国家·核心,国家·核心,国家页,H1 / <title> 主体,16.4,,en,已覆盖
japan esim tourist best,国家·核心,国家·核心,国家页,H1 / <title> 主体,16.4,,en,已覆盖
kkday taiwan esim card,国家·核心,国家·核心,国家页,H1 / <title> 主体,16.4,,en,已覆盖
korea travel esim card,国家·核心,国家·核心,国家页,H1 / <title> 主体,16.4,,en,已覆盖
lyca belgium esim,国家·核心,国家·核心,国家页,H1 / <title> 主体,16.4,,en,已覆盖
lyca esim uk tourist,国家·核心,国家·核心,国家页,H1 / <title> 主体,16.4,,en,已覆盖
malaysia e sim card for tourist,国家·核心,国家·核心,国家页,H1 / <title> 主体,16.4,,en,已覆盖
mobimatter new zealand esim,国家·核心,国家·核心,国家页,H1 / <title> 主体,16.4,,en,已覆盖
nz esim providers,国家·核心,国家·核心,国家页,H1 / <title> 主体,16.4,,en,已覆盖
nz esim spark,国家·核心,国家·核心,国家页,H1 / <title> 主体,16.4,,en,已覆盖
o2 germany esim tourist,国家·核心,国家·核心,国家页,H1 / <title> 主体,16.4,,en,已覆盖
orange egypt sim card for tourist prepaid,国家·核心,国家·核心,国家页,H1 / <title> 主体,16.4,,en,已覆盖
sim card to use in new zealand,国家·核心,国家·核心,国家页,H1 / <title> 主体,16.4,,en,已覆盖
sim only plans ireland,国家·核心,国家·核心,国家页,H1 / <title> 主体,16.4,,en,已覆盖
singapore sim card for travellers,国家·核心,国家·核心,国家页,H1 / <title> 主体,16.4,,en,已覆盖
t mobile croatia esim,国家·核心,国家·核心,国家页,H1 / <title> 主体,16.4,,en,已覆盖
t mobile usa esim card tourist,国家·核心,国家·核心,国家页,H1 / <title> 主体,16.4,,en,已覆盖
t mobile usa sim card for tourists,国家·核心,国家·核心,国家页,H1 / <title> 主体,16.4,,en,已覆盖
tello esim usa tourist,国家·核心,国家·核心,国家页,H1 / <title> 主体,16.4,,en,已覆盖
thailand esim for tourists,国家·核心,国家·核心,国家页,H1 / <title> 主体,16.4,,en,已覆盖
thailand esim tourist agoda,国家·核心,国家·核心,国家页,H1 / <title> 主体,16.4,,en,已覆盖
thailand sim card esim,国家·核心,国家·核心,国家页,H1 / <title> 主体,16.4,,en,已覆盖
tim italy esim card,国家·核心,国家·核心,国家页,H1 / <title> 主体,16.4,,en,已覆盖
tmobile esim usa plans,国家·核心,国家·核心,国家页,H1 / <title> 主体,16.4,,en,已覆盖
travel esim vietnam,国家·核心,国家·核心,国家页,H1 / <title> 主体,16.4,,en,已覆盖
uae sim card plans,国家·核心,国家·核心,国家页,H1 / <title> 主体,16.4,,en,已覆盖
uk esim card data,国家·核心,国家·核心,国家页,H1 / <title> 主体,16.4,,en,已覆盖
uk prepaid sim card for tourist ee,国家·核心,国家·核心,国家页,H1 / <title> 主体,16.4,,en,已覆盖
us esim free trial,国家·核心,国家·核心,国家页,H1 / <title> 主体,16.4,,en,已覆盖
vietnam esim online,国家·核心,国家·核心,国家页,H1 / <title> 主体,16.4,,en,已覆盖
vietnam sim card for indian tourist,国家·核心,国家·核心,国家页,H1 / <title> 主体,16.4,,en,已覆盖
viettel esim for vietnam and cambodia,国家·核心,国家·核心,国家页,H1 / <title> 主体,16.4,,en,已覆盖
where to buy sim card in france,国家·核心,国家·核心,国家页,H1 / <title> 主体,16.4,,en,已覆盖
where to buy sim card in korea,国家·核心,国家·核心,国家页,H1 / <title> 主体,16.4,,en,已覆盖
where to buy sim card philippines,国家·核心,国家·核心,国家页,H1 / <title> 主体,16.4,,en,已覆盖
vietnam esim for indians,国家·核心,国家·核心,国家页,H1 / <title> 主体,14.5,,en,已覆盖
vietnam esim trip.com,国家·核心,国家·核心,国家页,H1 / <title> 主体,14.5,,en,已覆盖
esim for tourists in korea,国家·核心,国家·核心,国家页,H1 / <title> 主体,12.6,,en,已覆盖
esim for usa prepaid,国家·核心,国家·核心,国家页,H1 / <title> 主体,12.6,,en,已覆盖
esim for use in australia,国家·核心,国家·核心,国家页,H1 / <title> 主体,12.6,,en,已覆盖
vietnam esim best,国家·核心,国家·核心,国家页,H1 / <title> 主体,12.6,,en,已覆盖
esim australia unlimited data,国家·规格/流量,国家·流量与有效期,国家页,#plans 列说明 + 流量 FAQ,52.8,0.0,en,已覆盖
esim czech republic unlimited data,国家·规格/流量,国家·流量与有效期,国家页,#plans 列说明 + 流量 FAQ,51.9,0.0,en,已覆盖
esim croatia unlimited data,国家·规格/流量,国家·流量与有效期,国家页,#plans 列说明 + 流量 FAQ,49.1,0.0,en,已覆盖
unlimited data colombia esim,国家·规格/流量,国家·流量与有效期,国家页,#plans 列说明 + 流量 FAQ,49.1,0.0,en,已覆盖
best esim for czech republic unlimited data,国家·规格/流量,国家·流量与有效期,国家页,#plans 列说明 + 流量 FAQ,48.1,,en,已覆盖
egypt esim unlimited data reddit,国家·规格/流量,国家·流量与有效期,国家页,#plans 列说明 + 流量 FAQ,48.1,,en,已覆盖
netherlands esim unlimited data reddit,国家·规格/流量,国家·流量与有效期,国家页,#plans 列说明 + 流量 FAQ,48.1,,en,已覆盖
esim austria unlimited data,国家·规格/流量,国家·流量与有效期,国家页,#plans 列说明 + 流量 FAQ,47.8,,en,已覆盖
esim brazil unlimited data,国家·规格/流量,国家·流量与有效期,国家页,#plans 列说明 + 流量 FAQ,47.8,,en,已覆盖
esim france unlimited data,国家·规格/流量,国家·流量与有效期,国家页,#plans 列说明 + 流量 FAQ,47.8,,en,已覆盖
esim germany unlimited data,国家·规格/流量,国家·流量与有效期,国家页,#plans 列说明 + 流量 FAQ,47.8,,en,已覆盖
esim greece unlimited data,国家·规格/流量,国家·流量与有效期,国家页,#plans 列说明 + 流量 FAQ,47.8,,en,已覆盖
esim israel unlimited data,国家·规格/流量,国家·流量与有效期,国家页,#plans 列说明 + 流量 FAQ,47.8,,en,已覆盖
esim mexico unlimited data,国家·规格/流量,国家·流量与有效期,国家页,#plans 列说明 + 流量 FAQ,47.8,,en,已覆盖
esim netherlands unlimited data,国家·规格/流量,国家·流量与有效期,国家页,#plans 列说明 + 流量 FAQ,47.8,,en,已覆盖
esim plans philippines,国家·规格/流量,国家·流量与有效期,国家页,#plans 列说明,47.8,,en,已覆盖
esim poland unlimited data,国家·规格/流量,国家·流量与有效期,国家页,#plans 列说明 + 流量 FAQ,47.8,,en,已覆盖
esim portugal unlimited data,国家·规格/流量,国家·流量与有效期,国家页,#plans 列说明 + 流量 FAQ,47.8,,en,已覆盖
esim spain unlimited data,国家·规格/流量,国家·流量与有效期,国家页,#plans 列说明 + 流量 FAQ,47.8,,en,已覆盖
esim switzerland unlimited data,国家·规格/流量,国家·流量与有效期,国家页,#plans 列说明 + 流量 FAQ,47.8,,en,已覆盖
esim uae unlimited data,国家·规格/流量,国家·流量与有效期,国家页,#plans 列说明 + 流量 FAQ,47.8,,en,已覆盖
best esim for poland unlimited data,国家·规格/流量,国家·流量与有效期,国家页,#plans 列说明 + 流量 FAQ,46.8,,en,已覆盖
best esim for south africa unlimited data,国家·规格/流量,国家·流量与有效期,国家页,#plans 列说明 + 流量 FAQ,46.8,,en,已覆盖
esim australia unlimited data telstra,国家·规格/流量,国家·流量与有效期,国家页,#plans 列说明 + 流量 FAQ,46.8,,en,已覆盖
esim italy unlimited data hotspot,国家·规格/流量,国家·流量与有效期,国家页,#plans 列说明 + 流量 FAQ,46.8,,en,已覆盖
esim morocco unlimited data 7 days,国家·规格/流量,国家·流量与有效期,国家页,#plans 列说明 + 流量 FAQ,46.8,,en,已覆盖
hong kong esim card unlimited data,国家·规格/流量,国家·流量与有效期,国家页,#plans 列说明 + 流量 FAQ,46.8,,en,已覆盖
indonesia esim tourist unlimited data,国家·规格/流量,国家·流量与有效期,国家页,#plans 列说明 + 流量 FAQ,46.8,,en,已覆盖
mexico esim unlimited data reddit,国家·规格/流量,国家·流量与有效期,国家页,#plans 列说明 + 流量 FAQ,46.8,,en,已覆盖
new zealand esim tourist unlimited data,国家·规格/流量,国家·流量与有效期,国家页,#plans 列说明 + 流量 FAQ,46.8,,en,已覆盖
singapore esim tourist unlimited data,国家·规格/流量,国家·流量与有效期,国家页,#plans 列说明 + 流量 FAQ,46.8,,en,已覆盖
vietnam esim unlimited data viettel,国家·规格/流量,国家·流量与有效期,国家页,#plans 列说明 + 流量 FAQ,46.8,,en,已覆盖
10gb esim vietnam,国家·规格/流量,国家·流量与有效期,国家页,#plans 列说明 + 流量 FAQ,46.4,,en,已覆盖
3 uk esim plans,国家·规格/流量,国家·流量与有效期,国家页,#plans 列说明,46.4,,en,已覆盖
argentina esim plans,国家·规格/流量,国家·流量与有效期,国家页,#plans 列说明,46.4,,en,已覆盖
argentina esim unlimited data,国家·规格/流量,国家·流量与有效期,国家页,#plans 列说明 + 流量 FAQ,46.4,,en,已覆盖
australia esim unlimited data,国家·规格/流量,国家·流量与有效期,国家页,#plans 列说明 + 流量 FAQ,46.4,,en,已覆盖
austria esim plans,国家·规格/流量,国家·流量与有效期,国家页,#plans 列说明,46.4,,en,已覆盖
austria esim unlimited data,国家·规格/流量,国家·流量与有效期,国家页,#plans 列说明 + 流量 FAQ,46.4,,en,已覆盖
belgium esim unlimited data,国家·规格/流量,国家·流量与有效期,国家页,#plans 列说明 + 流量 FAQ,46.4,,en,已覆盖
best esim for france unlimited data,国家·规格/流量,国家·流量与有效期,国家页,#plans 列说明 + 流量 FAQ,46.4,,en,已覆盖
best esim for thailand 30 days,国家·规格/流量,国家·流量与有效期,国家页,#plans 列说明 + 流量 FAQ,46.4,,en,已覆盖
best esim plans malaysia,国家·规格/流量,国家·流量与有效期,国家页,#plans 列说明,46.4,,en,已覆盖
best esim plans netherlands,国家·规格/流量,国家·流量与有效期,国家页,#plans 列说明,46.4,,en,已覆盖
best unlimited data esim ireland,国家·规格/流量,国家·流量与有效期,国家页,#plans 列说明 + 流量 FAQ,46.4,,en,已覆盖
best unlimited data esim malaysia,国家·规格/流量,国家·流量与有效期,国家页,#plans 列说明 + 流量 FAQ,46.4,,en,已覆盖
best unlimited data esim singapore,国家·规格/流量,国家·流量与有效期,国家页,#plans 列说明 + 流量 FAQ,46.4,,en,已覆盖
brazil esim unlimited data,国家·规格/流量,国家·流量与有效期,国家页,#plans 列说明 + 流量 FAQ,46.4,,en,已覆盖
canada esim unlimited data,国家·规格/流量,国家·流量与有效期,国家页,#plans 列说明 + 流量 FAQ,46.4,,en,已覆盖
china esim unlimited data,国家·规格/流量,国家·流量与有效期,国家页,#plans 列说明 + 流量 FAQ,46.4,,en,已覆盖
colombia esim unlimited data,国家·规格/流量,国家·流量与有效期,国家页,#plans 列说明 + 流量 FAQ,46.4,,en,已覆盖
costa rica esim 10gb,国家·规格/流量,国家·流量与有效期,国家页,#plans 列说明 + 流量 FAQ,46.4,,en,已覆盖
costa rica esim unlimited data,国家·规格/流量,国家·流量与有效期,国家页,#plans 列说明 + 流量 FAQ,46.4,,en,已覆盖
croatia esim unlimited data,国家·规格/流量,国家·流量与有效期,国家页,#plans 列说明 + 流量 FAQ,46.4,,en,已覆盖
egypt esim unlimited data,国家·规格/流量,国家·流量与有效期,国家页,#plans 列说明 + 流量 FAQ,46.4,,en,已覆盖
esim 10gb indonesia,国家·规格/流量,国家·流量与有效期,国家页,#plans 列说明 + 流量 FAQ,46.4,,en,已覆盖
esim argentina unlimited data,国家·规格/流量,国家·流量与有效期,国家页,#plans 列说明 + 流量 FAQ,46.4,,en,已覆盖
esim colombia unlimited data,国家·规格/流量,国家·流量与有效期,国家页,#plans 列说明 + 流量 FAQ,46.4,,en,已覆盖
esim costa rica unlimited data,国家·规格/流量,国家·流量与有效期,国家页,#plans 列说明 + 流量 FAQ,46.4,,en,已覆盖
esim data plan singapore,国家·规格/流量,国家·流量与有效期,国家页,#plans 列说明 + 流量 FAQ,46.4,,en,已覆盖
esim for 3 days usa,国家·规格/流量,国家·流量与有效期,国家页,#plans 列说明 + 流量 FAQ,46.4,,en,已覆盖
esim for italy unlimited,国家·规格/流量,国家·流量与有效期,国家页,#plans 列说明 + 流量 FAQ,46.4,,en,已覆盖
esim france unlimited,国家·规格/流量,国家·流量与有效期,国家页,#plans 列说明 + 流量 FAQ,46.4,,en,已覆盖
esim japan 10gb 30 days,国家·规格/流量,国家·流量与有效期,国家页,#plans 列说明 + 流量 FAQ,46.4,,en,已覆盖
esim peru unlimited data,国家·规格/流量,国家·流量与有效期,国家页,#plans 列说明 + 流量 FAQ,46.4,,en,已覆盖
esim plans australia,国家·规格/流量,国家·流量与有效期,国家页,#plans 列说明,46.4,,en,已覆盖
esim plans australia telstra network,国家·规格/流量,国家·流量与有效期,国家页,#plans 列说明,46.4,,en,已覆盖
esim plans belgium,国家·规格/流量,国家·流量与有效期,国家页,#plans 列说明,46.4,,en,已覆盖
esim plans brazil,国家·规格/流量,国家·流量与有效期,国家页,#plans 列说明,46.4,,en,已覆盖
esim plans colombia,国家·规格/流量,国家·流量与有效期,国家页,#plans 列说明,46.4,,en,已覆盖
esim plans costa rica,国家·规格/流量,国家·流量与有效期,国家页,#plans 列说明,46.4,,en,已覆盖
esim plans indonesia,国家·规格/流量,国家·流量与有效期,国家页,#plans 列说明,46.4,,en,已覆盖
esim plans poland,国家·规格/流量,国家·流量与有效期,国家页,#plans 列说明,46.4,,en,已覆盖
esim plans portugal,国家·规格/流量,国家·流量与有效期,国家页,#plans 列说明,46.4,,en,已覆盖
esim plans saudi arabia,国家·规格/流量,国家·流量与有效期,国家页,#plans 列说明,46.4,,en,已覆盖
esim plans switzerland,国家·规格/流量,国家·流量与有效期,国家页,#plans 列说明,46.4,,en,已覆盖
esim plans usa unlimited data,国家·规格/流量,国家·流量与有效期,国家页,#plans 列说明 + 流量 FAQ,46.4,,en,已覆盖
esim singapore unlimited data,国家·规格/流量,国家·流量与有效期,国家页,#plans 列说明 + 流量 FAQ,46.4,,en,已覆盖
esim south africa unlimited data,国家·规格/流量,国家·流量与有效期,国家页,#plans 列说明 + 流量 FAQ,46.4,,en,已覆盖
esim south korea 10gb,国家·规格/流量,国家·流量与有效期,国家页,#plans 列说明 + 流量 FAQ,46.4,,en,已覆盖
esim thailand 30 days 10gb,国家·规格/流量,国家·流量与有效期,国家页,#plans 列说明 + 流量 FAQ,46.4,,en,已覆盖
esim thailand tourist 30 days,国家·规格/流量,国家·流量与有效期,国家页,#plans 列说明 + 流量 FAQ,46.4,,en,已覆盖
esim top up uk,国家·规格/流量,国家·流量与有效期,国家页,#plans 列说明,46.4,,en,已覆盖
esim vietnam unlimited,国家·规格/流量,国家·流量与有效期,国家页,#plans 列说明 + 流量 FAQ,46.4,,en,已覆盖
fiji esim unlimited data,国家·规格/流量,国家·流量与有效期,国家页,#plans 列说明 + 流量 FAQ,46.4,,en,已覆盖
france esim unlimited data,国家·规格/流量,国家·流量与有效期,国家页,#plans 列说明 + 流量 FAQ,46.4,,en,已覆盖
georgia esim unlimited data,国家·规格/流量,国家·流量与有效期,国家页,#plans 列说明 + 流量 FAQ,46.4,,en,已覆盖
germany esim 10gb,国家·规格/流量,国家·流量与有效期,国家页,#plans 列说明 + 流量 FAQ,46.4,,en,已覆盖
germany esim unlimited data,国家·规格/流量,国家·流量与有效期,国家页,#plans 列说明 + 流量 FAQ,46.4,,en,已覆盖
greece esim plans,国家·规格/流量,国家·流量与有效期,国家页,#plans 列说明,46.4,,en,已覆盖
greece esim unlimited data,国家·规格/流量,国家·流量与有效期,国家页,#plans 列说明 + 流量 FAQ,46.4,,en,已覆盖
hong kong esim plans,国家·规格/流量,国家·流量与有效期,国家页,#plans 列说明,46.4,,en,已覆盖
hong kong esim unlimited data,国家·规格/流量,国家·流量与有效期,国家页,#plans 列说明 + 流量 FAQ,46.4,,en,已覆盖
iceland esim plans,国家·规格/流量,国家·流量与有效期,国家页,#plans 列说明,46.4,,en,已覆盖
iceland esim unlimited data,国家·规格/流量,国家·流量与有效期,国家页,#plans 列说明 + 流量 FAQ,46.4,,en,已覆盖
india esim unlimited data,国家·规格/流量,国家·流量与有效期,国家页,#plans 列说明 + 流量 FAQ,46.4,,en,已覆盖
indonesia esim unlimited data,国家·规格/流量,国家·流量与有效期,国家页,#plans 列说明 + 流量 FAQ,46.4,,en,已覆盖
ireland esim unlimited data,国家·规格/流量,国家·流量与有效期,国家页,#plans 列说明 + 流量 FAQ,46.4,,en,已覆盖
israel esim plans,国家·规格/流量,国家·流量与有效期,国家页,#plans 列说明,46.4,,en,已覆盖
israel esim unlimited data,国家·规格/流量,国家·流量与有效期,国家页,#plans 列说明 + 流量 FAQ,46.4,,en,已覆盖
italy esim unlimited data,国家·规格/流量,国家·流量与有效期,国家页,#plans 列说明 + 流量 FAQ,46.4,,en,已覆盖
kenya esim plans,国家·规格/流量,国家·流量与有效期,国家页,#plans 列说明,46.4,,en,已覆盖
kenya esim unlimited data,国家·规格/流量,国家·流量与有效期,国家页,#plans 列说明 + 流量 FAQ,46.4,,en,已覆盖
korea esim unlimited data,国家·规格/流量,国家·流量与有效期,国家页,#plans 列说明 + 流量 FAQ,46.4,,en,已覆盖
malaysia esim unlimited data,国家·规格/流量,国家·流量与有效期,国家页,#plans 列说明 + 流量 FAQ,46.4,,en,已覆盖
mexico esim card unlimited data,国家·规格/流量,国家·流量与有效期,国家页,#plans 列说明 + 流量 FAQ,46.4,,en,已覆盖
mexico esim unlimited data,国家·规格/流量,国家·流量与有效期,国家页,#plans 列说明 + 流量 FAQ,46.4,,en,已覆盖
morocco esim card unlimited data,国家·规格/流量,国家·流量与有效期,国家页,#plans 列说明 + 流量 FAQ,46.4,,en,已覆盖
morocco esim unlimited data,国家·规格/流量,国家·流量与有效期,国家页,#plans 列说明 + 流量 FAQ,46.4,,en,已覆盖
netherlands esim unlimited data,国家·规格/流量,国家·流量与有效期,国家页,#plans 列说明 + 流量 FAQ,46.4,,en,已覆盖
new zealand esim unlimited data,国家·规格/流量,国家·流量与有效期,国家页,#plans 列说明 + 流量 FAQ,46.4,,en,已覆盖
orange esim plans france,国家·规格/流量,国家·流量与有效期,国家页,#plans 列说明,46.4,,en,已覆盖
peru esim plans,国家·规格/流量,国家·流量与有效期,国家页,#plans 列说明,46.4,,en,已覆盖
peru esim unlimited data,国家·规格/流量,国家·流量与有效期,国家页,#plans 列说明 + 流量 FAQ,46.4,,en,已覆盖
philippines esim 10gb,国家·规格/流量,国家·流量与有效期,国家页,#plans 列说明 + 流量 FAQ,46.4,,en,已覆盖
philippines esim unlimited data,国家·规格/流量,国家·流量与有效期,国家页,#plans 列说明 + 流量 FAQ,46.4,,en,已覆盖
poland esim unlimited data,国家·规格/流量,国家·流量与有效期,国家页,#plans 列说明 + 流量 FAQ,46.4,,en,已覆盖
portugal esim unlimited data,国家·规格/流量,国家·流量与有效期,国家页,#plans 列说明 + 流量 FAQ,46.4,,en,已覆盖
qatar esim plans,国家·规格/流量,国家·流量与有效期,国家页,#plans 列说明,46.4,,en,已覆盖
qatar esim unlimited data,国家·规格/流量,国家·流量与有效期,国家页,#plans 列说明 + 流量 FAQ,46.4,,en,已覆盖
singapore esim unlimited data,国家·规格/流量,国家·流量与有效期,国家页,#plans 列说明 + 流量 FAQ,46.4,,en,已覆盖
south africa esim unlimited data,国家·规格/流量,国家·流量与有效期,国家页,#plans 列说明 + 流量 FAQ,46.4,,en,已覆盖
spain esim unlimited data,国家·规格/流量,国家·流量与有效期,国家页,#plans 列说明 + 流量 FAQ,46.4,,en,已覆盖
spark new zealand esim plans,国家·规格/流量,国家·流量与有效期,国家页,#plans 列说明,46.4,,en,已覆盖
switzerland esim unlimited data,国家·规格/流量,国家·流量与有效期,国家页,#plans 列说明 + 流量 FAQ,46.4,,en,已覆盖
taiwan esim plans,国家·规格/流量,国家·流量与有效期,国家页,#plans 列说明,46.4,,en,已覆盖
taiwan esim unlimited data,国家·规格/流量,国家·流量与有效期,国家页,#plans 列说明 + 流量 FAQ,46.4,,en,已覆盖
thailand esim unlimited data,国家·规格/流量,国家·流量与有效期,国家页,#plans 列说明 + 流量 FAQ,46.4,,en,已覆盖
uae esim unlimited data,国家·规格/流量,国家·流量与有效期,国家页,#plans 列说明 + 流量 FAQ,46.4,,en,已覆盖
uk esim 10gb,国家·规格/流量,国家·流量与有效期,国家页,#plans 列说明 + 流量 FAQ,46.4,,en,已覆盖
uk esim unlimited data,国家·规格/流量,国家·流量与有效期,国家页,#plans 列说明 + 流量 FAQ,46.4,,en,已覆盖
unlimited data esim australia reddit,国家·规格/流量,国家·流量与有效期,国家页,#plans 列说明 + 流量 FAQ,46.4,,en,已覆盖
unlimited data esim canada free,国家·规格/流量,国家·流量与有效期,国家页,#plans 列说明 + 流量 FAQ,46.4,,en,已覆盖
unlimited data esim china reddit,国家·规格/流量,国家·流量与有效期,国家页,#plans 列说明 + 流量 FAQ,46.4,,en,已覆盖
unlimited data esim france reddit,国家·规格/流量,国家·流量与有效期,国家页,#plans 列说明 + 流量 FAQ,46.4,,en,已覆盖
unlimited data esim italy reddit,国家·规格/流量,国家·流量与有效期,国家页,#plans 列说明 + 流量 FAQ,46.4,,en,已覆盖
unlimited data esim japan reddit,国家·规格/流量,国家·流量与有效期,国家页,#plans 列说明 + 流量 FAQ,46.4,,en,已覆盖
unlimited data esim korea reddit,国家·规格/流量,国家·流量与有效期,国家页,#plans 列说明 + 流量 FAQ,46.4,,en,已覆盖
unlimited data esim philippines reddit,国家·规格/流量,国家·流量与有效期,国家页,#plans 列说明 + 流量 FAQ,46.4,,en,已覆盖
unlimited data esim spain reddit,国家·规格/流量,国家·流量与有效期,国家页,#plans 列说明 + 流量 FAQ,46.4,,en,已覆盖
unlimited data esim uk pay as you go,国家·规格/流量,国家·流量与有效期,国家页,#plans 列说明 + 流量 FAQ,46.4,,en,已覆盖
unlimited data esim usa 1 month,国家·规格/流量,国家·流量与有效期,国家页,#plans 列说明 + 流量 FAQ,46.4,,en,已覆盖
unlimited data esim vietnam reddit,国家·规格/流量,国家·流量与有效期,国家页,#plans 列说明 + 流量 FAQ,46.4,,en,已覆盖
unlimited esim singapore,国家·规格/流量,国家·流量与有效期,国家页,#plans 列说明 + 流量 FAQ,46.4,,en,已覆盖
unlimited internet esim austria,国家·规格/流量,国家·流量与有效期,国家页,#plans 列说明 + 流量 FAQ,46.4,,en,已覆盖
unlimited internet esim brazil,国家·规格/流量,国家·流量与有效期,国家页,#plans 列说明 + 流量 FAQ,46.4,,en,已覆盖
unlimited internet esim croatia,国家·规格/流量,国家·流量与有效期,国家页,#plans 列说明 + 流量 FAQ,46.4,,en,已覆盖
unlimited internet esim egypt,国家·规格/流量,国家·流量与有效期,国家页,#plans 列说明 + 流量 FAQ,46.4,,en,已覆盖
unlimited internet esim germany,国家·规格/流量,国家·流量与有效期,国家页,#plans 列说明 + 流量 FAQ,46.4,,en,已覆盖
unlimited internet esim greece,国家·规格/流量,国家·流量与有效期,国家页,#plans 列说明 + 流量 FAQ,46.4,,en,已覆盖
unlimited internet esim india,国家·规格/流量,国家·流量与有效期,国家页,#plans 列说明 + 流量 FAQ,46.4,,en,已覆盖
unlimited internet esim mexico,国家·规格/流量,国家·流量与有效期,国家页,#plans 列说明 + 流量 FAQ,46.4,,en,已覆盖
unlimited internet esim morocco,国家·规格/流量,国家·流量与有效期,国家页,#plans 列说明 + 流量 FAQ,46.4,,en,已覆盖
unlimited internet esim netherlands,国家·规格/流量,国家·流量与有效期,国家页,#plans 列说明 + 流量 FAQ,46.4,,en,已覆盖
unlimited internet esim poland,国家·规格/流量,国家·流量与有效期,国家页,#plans 列说明 + 流量 FAQ,46.4,,en,已覆盖
unlimited internet esim portugal,国家·规格/流量,国家·流量与有效期,国家页,#plans 列说明 + 流量 FAQ,46.4,,en,已覆盖
unlimited internet esim uae,国家·规格/流量,国家·流量与有效期,国家页,#plans 列说明 + 流量 FAQ,46.4,,en,已覆盖
usa e sim 10gb,国家·规格/流量,国家·流量与有效期,国家页,#plans 列说明 + 流量 FAQ,46.4,,en,已覆盖
usa esim 3 days,国家·规格/流量,国家·流量与有效期,国家页,#plans 列说明 + 流量 FAQ,46.4,,en,已覆盖
usa esim unlimited data,国家·规格/流量,国家·流量与有效期,国家页,#plans 列说明 + 流量 FAQ,46.4,,en,已覆盖
vodafone esim plans egypt,国家·规格/流量,国家·流量与有效期,国家页,#plans 列说明,46.4,,en,已覆盖
vodafone spain esim plans,国家·规格/流量,国家·流量与有效期,国家页,#plans 列说明,46.4,,en,已覆盖
esim saudi arabia unlimited data,国家·规格/流量,国家·流量与有效期,国家页,#plans 列说明 + 流量 FAQ,45.9,,en,已覆盖
esim taiwan unlimited data,国家·规格/流量,国家·流量与有效期,国家页,#plans 列说明 + 流量 FAQ,45.9,,en,已覆盖
best esim switzerland unlimited data,国家·规格/流量,国家·流量与有效期,国家页,#plans 列说明 + 流量 FAQ,45.4,,en,已覆盖
canada esim unlimited data reddit,国家·规格/流量,国家·流量与有效期,国家页,#plans 列说明 + 流量 FAQ,45.4,,en,已覆盖
esim belgium unlimited,国家·规格/流量,国家·流量与有效期,国家页,#plans 列说明 + 流量 FAQ,45.4,,en,已覆盖
esim georgia unlimited internet,国家·规格/流量,国家·流量与有效期,国家页,#plans 列说明 + 流量 FAQ,45.4,,en,已覆盖
esim portugal unlimited internet,国家·规格/流量,国家·流量与有效期,国家页,#plans 列说明 + 流量 FAQ,45.4,,en,已覆盖
india esim unlimited internet,国家·规格/流量,国家·流量与有效期,国家页,#plans 列说明 + 流量 FAQ,45.4,,en,已覆盖
philippines esim unlimited data reddit,国家·规格/流量,国家·流量与有效期,国家页,#plans 列说明 + 流量 FAQ,45.4,,en,已覆盖
thailand esim unlimited data 15 days,国家·规格/流量,国家·流量与有效期,国家页,#plans 列说明 + 流量 FAQ,45.4,,en,已覆盖
uk esim unlimited data and calls,国家·规格/流量,国家·流量与有效期,国家页,#plans 列说明 + 流量 FAQ,45.4,,en,已覆盖
unlimited data esim south africa vodacom,国家·规格/流量,国家·流量与有效期,国家页,#plans 列说明 + 流量 FAQ,45.4,,en,已覆盖
vodafone ireland esim unlimited data,国家·规格/流量,国家·流量与有效期,国家页,#plans 列说明 + 流量 FAQ,45.4,,en,已覆盖
5g indonesia bali unlimited data esim telkomsel,国家·规格/流量,国家·流量与有效期,国家页,#plans 列说明 + 流量 FAQ,44.5,,en,已覆盖
best italy esim plans,国家·规格/流量,国家·流量与有效期,国家页,#plans 列说明,44.5,,en,已覆盖
best unlimited data esim brazil,国家·规格/流量,国家·流量与有效期,国家页,#plans 列说明 + 流量 FAQ,44.5,,en,已覆盖
best unlimited data esim indonesia,国家·规格/流量,国家·流量与有效期,国家页,#plans 列说明 + 流量 FAQ,44.5,,en,已覆盖
best unlimited data esim new zealand,国家·规格/流量,国家·流量与有效期,国家页,#plans 列说明 + 流量 FAQ,44.5,,en,已覆盖
best unlimited data esim switzerland,国家·规格/流量,国家·流量与有效期,国家页,#plans 列说明 + 流量 FAQ,44.5,,en,已覆盖
esim europe & uk 10gb,国家·规格/流量,国家·流量与有效期,国家页,#plans 列说明 + 流量 FAQ,44.5,,en,已覆盖
esim plans japan reddit,国家·规格/流量,国家·流量与有效期,国家页,#plans 列说明,44.5,,en,已覆盖
fiji esim plans,国家·规格/流量,国家·流量与有效期,国家页,#plans 列说明,44.5,,en,已覆盖
south korea esim plans,国家·规格/流量,国家·流量与有效期,国家页,#plans 列说明,44.5,,en,已覆盖
unlimited data esim thailand ais,国家·规格/流量,国家·流量与有效期,国家页,#plans 列说明 + 流量 FAQ,44.5,,en,已覆盖
unlimited data esim thailand reddit,国家·规格/流量,国家·流量与有效期,国家页,#plans 列说明 + 流量 FAQ,44.5,,en,已覆盖
vodafone fiji esim plans,国家·规格/流量,国家·流量与有效期,国家页,#plans 列说明,44.5,,en,已覆盖
taiwan esim unlimited data reddit,国家·规格/流量,国家·流量与有效期,国家页,#plans 列说明 + 流量 FAQ,44.4,,en,已覆盖
austria unlimited mobile data esim,国家·规格/流量,国家·流量与有效期,国家页,#plans 列说明 + 流量 FAQ,44.0,,en,已覆盖
best esim for egypt unlimited data,国家·规格/流量,国家·流量与有效期,国家页,#plans 列说明 + 流量 FAQ,44.0,,en,已覆盖
best esim for uae unlimited data,国家·规格/流量,国家·流量与有效期,国家页,#plans 列说明 + 流量 FAQ,44.0,,en,已覆盖
canada esim card unlimited data,国家·规格/流量,国家·流量与有效期,国家页,#plans 列说明 + 流量 FAQ,44.0,,en,已覆盖
china esim unlimited 30 days,国家·规格/流量,国家·流量与有效期,国家页,#plans 列说明 + 流量 FAQ,44.0,,en,已覆盖
esim belgium unlimited data,国家·规格/流量,国家·流量与有效期,国家页,#plans 列说明 + 流量 FAQ,44.0,,en,已覆盖
esim canada unlimited data,国家·规格/流量,国家·流量与有效期,国家页,#plans 列说明 + 流量 FAQ,44.0,,en,已覆盖
esim ireland unlimited data,国家·规格/流量,国家·流量与有效期,国家页,#plans 列说明 + 流量 FAQ,44.0,,en,已覆盖
esim morocco unlimited data,国家·规格/流量,国家·流量与有效期,国家页,#plans 列说明 + 流量 FAQ,44.0,,en,已覆盖
esim new zealand unlimited data,国家·规格/流量,国家·流量与有效期,国家页,#plans 列说明 + 流量 FAQ,44.0,,en,已覆盖
esim philippines unlimited data,国家·规格/流量,国家·流量与有效期,国家页,#plans 列说明 + 流量 FAQ,44.0,,en,已覆盖
esim thailand unlimited data,国家·规格/流量,国家·流量与有效期,国家页,#plans 列说明 + 流量 FAQ,44.0,,en,已覆盖
esim uk unlimited data,国家·规格/流量,国家·流量与有效期,国家页,#plans 列说明 + 流量 FAQ,44.0,,en,已覆盖
esim vietnam unlimited data,国家·规格/流量,国家·流量与有效期,国家页,#plans 列说明 + 流量 FAQ,44.0,,en,已覆盖
france esim unlimited data reddit,国家·规格/流量,国家·流量与有效期,国家页,#plans 列说明 + 流量 FAQ,44.0,,en,已覆盖
germany esim unlimited internet,国家·规格/流量,国家·流量与有效期,国家页,#plans 列说明 + 流量 FAQ,44.0,,en,已覆盖
greece esim unlimited internet,国家·规格/流量,国家·流量与有效期,国家页,#plans 列说明 + 流量 FAQ,44.0,,en,已覆盖
italy esim unlimited data reddit,国家·规格/流量,国家·流量与有效期,国家页,#plans 列说明 + 流量 FAQ,44.0,,en,已覆盖
japan esim unlimited data 15 days,国家·规格/流量,国家·流量与有效期,国家页,#plans 列说明 + 流量 FAQ,44.0,,en,已覆盖
korea esim unlimited data reddit,国家·规格/流量,国家·流量与有效期,国家页,#plans 列说明 + 流量 FAQ,44.0,,en,已覆盖
new zealand esim card unlimited data,国家·规格/流量,国家·流量与有效期,国家页,#plans 列说明 + 流量 FAQ,44.0,,en,已覆盖
spain esim unlimited data reddit,国家·规格/流量,国家·流量与有效期,国家页,#plans 列说明 + 流量 FAQ,44.0,,en,已覆盖
unlimited data esim uk 1 month,国家·规格/流量,国家·流量与有效期,国家页,#plans 列说明 + 流量 FAQ,44.0,,en,已覆盖
usa esim unlimited data and calls,国家·规格/流量,国家·流量与有效期,国家页,#plans 列说明 + 流量 FAQ,44.0,,en,已覆盖
vietnam esim unlimited data,国家·规格/流量,国家·流量与有效期,国家页,#plans 列说明 + 流量 FAQ,44.0,,en,已覆盖
esim germany unlimited data prepaid,国家·规格/流量,国家·流量与有效期,国家页,#plans 列说明 + 流量 FAQ,43.0,,en,已覆盖
esim mexico unlimited data telcel,国家·规格/流量,国家·流量与有效期,国家页,#plans 列说明 + 流量 FAQ,43.0,,en,已覆盖
esim philippines unlimited data globe,国家·规格/流量,国家·流量与有效期,国家页,#plans 列说明 + 流量 FAQ,43.0,,en,已覆盖
esim spain unlimited data hotspot,国家·规格/流量,国家·流量与有效期,国家页,#plans 列说明 + 流量 FAQ,43.0,,en,已覆盖
france esim unlimited data free,国家·规格/流量,国家·流量与有效期,国家页,#plans 列说明 + 流量 FAQ,43.0,,en,已覆盖
greece esim unlimited data reddit,国家·规格/流量,国家·流量与有效期,国家页,#plans 列说明 + 流量 FAQ,43.0,,en,已覆盖
india esim unlimited data 30 days,国家·规格/流量,国家·流量与有效期,国家页,#plans 列说明 + 流量 FAQ,43.0,,en,已覆盖
malaysia esim unlimited data reddit,国家·规格/流量,国家·流量与有效期,国家页,#plans 列说明 + 流量 FAQ,43.0,,en,已覆盖
best esim plans uae,国家·规格/流量,国家·流量与有效期,国家页,#plans 列说明,42.6,,en,已覆盖
best unlimited data esim china,国家·规格/流量,国家·流量与有效期,国家页,#plans 列说明 + 流量 FAQ,42.6,,en,已覆盖
best unlimited data esim greece,国家·规格/流量,国家·流量与有效期,国家页,#plans 列说明 + 流量 FAQ,42.6,,en,已覆盖
best unlimited data esim india,国家·规格/流量,国家·流量与有效期,国家页,#plans 列说明 + 流量 FAQ,42.6,,en,已覆盖
best unlimited data esim mexico,国家·规格/流量,国家·流量与有效期,国家页,#plans 列说明 + 流量 FAQ,42.6,,en,已覆盖
best unlimited data esim portugal,国家·规格/流量,国家·流量与有效期,国家页,#plans 列说明 + 流量 FAQ,42.6,,en,已覆盖
best unlimited data esim south africa,国家·规格/流量,国家·流量与有效期,国家页,#plans 列说明 + 流量 FAQ,42.6,,en,已覆盖
best unlimited esim costa rica,国家·规格/流量,国家·流量与有效期,国家页,#plans 列说明 + 流量 FAQ,42.6,,en,已覆盖
cosmote greece esim plans,国家·规格/流量,国家·流量与有效期,国家页,#plans 列说明,42.6,,en,已覆盖
esim china unlimited internet,国家·规格/流量,国家·流量与有效期,国家页,#plans 列说明 + 流量 FAQ,42.6,,en,已覆盖
esim costa rica 10 gb,国家·规格/流量,国家·流量与有效期,国家页,#plans 列说明 + 流量 FAQ,42.6,,en,已覆盖
esim for 3 days uk,国家·规格/流量,国家·流量与有效期,国家页,#plans 列说明 + 流量 FAQ,42.6,,en,已覆盖
esim germany unlimited internet,国家·规格/流量,国家·流量与有效期,国家页,#plans 列说明 + 流量 FAQ,42.6,,en,已覆盖
esim greece unlimited internet,国家·规格/流量,国家·流量与有效期,国家页,#plans 列说明 + 流量 FAQ,42.6,,en,已覆盖
esim ireland unlimited,国家·规格/流量,国家·流量与有效期,国家页,#plans 列说明 + 流量 FAQ,42.6,,en,已覆盖
esim italy unlimited,国家·规格/流量,国家·流量与有效期,国家页,#plans 列说明 + 流量 FAQ,42.6,,en,已覆盖
esim korea unlimited,国家·规格/流量,国家·流量与有效期,国家页,#plans 列说明 + 流量 FAQ,42.6,,en,已覆盖
esim korea unlimited data reddit,国家·规格/流量,国家·流量与有效期,国家页,#plans 列说明 + 流量 FAQ,42.6,,en,已覆盖
esim malaysia 1 day,国家·规格/流量,国家·流量与有效期,国家页,#plans 列说明 + 流量 FAQ,42.6,,en,已覆盖
esim thailand unlimited data & calls,国家·规格/流量,国家·流量与有效期,国家页,#plans 列说明 + 流量 FAQ,42.6,,en,已覆盖
esim unlimited malaysia,国家·规格/流量,国家·流量与有效期,国家页,#plans 列说明 + 流量 FAQ,42.6,,en,已覆盖
esim vietnam 10 gb,国家·规格/流量,国家·流量与有效期,国家页,#plans 列说明 + 流量 FAQ,42.6,,en,已覆盖
etisalat esim plans uae,国家·规格/流量,国家·流量与有效期,国家页,#plans 列说明,42.6,,en,已覆盖
globe philippines esim plans,国家·规格/流量,国家·流量与有效期,国家页,#plans 列说明,42.6,,en,已覆盖
ireland esim card unlimited data,国家·规格/流量,国家·流量与有效期,国家页,#plans 列说明 + 流量 FAQ,42.6,,en,已覆盖
lycamobile usa esim plans,国家·规格/流量,国家·流量与有效期,国家页,#plans 列说明,42.6,,en,已覆盖
nz esim plans,国家·规格/流量,国家·流量与有效期,国家页,#plans 列说明,42.6,,en,已覆盖
orange egypt esim plans,国家·规格/流量,国家·流量与有效期,国家页,#plans 列说明,42.6,,en,已覆盖
singapore unlimited esim,国家·规格/流量,国家·流量与有效期,国家页,#plans 列说明 + 流量 FAQ,42.6,,en,已覆盖
telcel mexico esim plans,国家·规格/流量,国家·流量与有效期,国家页,#plans 列说明,42.6,,en,已覆盖
telekom germany esim plans,国家·规格/流量,国家·流量与有效期,国家页,#plans 列说明,42.6,,en,已覆盖
uk esim plans unlimited data,国家·规格/流量,国家·流量与有效期,国家页,#plans 列说明 + 流量 FAQ,42.6,,en,已覆盖
unlimited data esim canada reddit,国家·规格/流量,国家·流量与有效期,国家页,#plans 列说明 + 流量 FAQ,42.6,,en,已覆盖
unlimited data esim holland,国家·规格/流量,国家·流量与有效期,国家页,#plans 列说明 + 流量 FAQ,42.6,,en,已覆盖
unlimited data plan malaysia esim,国家·规格/流量,国家·流量与有效期,国家页,#plans 列说明 + 流量 FAQ,42.6,,en,已覆盖
unlimited esim hong kong,国家·规格/流量,国家·流量与有效期,国家页,#plans 列说明 + 流量 FAQ,42.6,,en,已覆盖
unlimited esim qatar,国家·规格/流量,国家·流量与有效期,国家页,#plans 列说明 + 流量 FAQ,42.6,,en,已覆盖
unlimited internet esim australia,国家·规格/流量,国家·流量与有效期,国家页,#plans 列说明 + 流量 FAQ,42.6,,en,已覆盖
unlimited internet esim france,国家·规格/流量,国家·流量与有效期,国家页,#plans 列说明 + 流量 FAQ,42.6,,en,已覆盖
unlimited internet esim italy,国家·规格/流量,国家·流量与有效期,国家页,#plans 列说明 + 流量 FAQ,42.6,,en,已覆盖
unlimited internet esim philippines,国家·规格/流量,国家·流量与有效期,国家页,#plans 列说明 + 流量 FAQ,42.6,,en,已覆盖
unlimited internet esim spain,国家·规格/流量,国家·流量与有效期,国家页,#plans 列说明 + 流量 FAQ,42.6,,en,已覆盖
vodafone greece unlimited data esim,国家·规格/流量,国家·流量与有效期,国家页,#plans 列说明 + 流量 FAQ,42.6,,en,已覆盖
vodafone portugal esim plans,国家·规格/流量,国家·流量与有效期,国家页,#plans 列说明,42.6,,en,已覆盖
vodafone portugal unlimited data esim,国家·规格/流量,国家·流量与有效期,国家页,#plans 列说明 + 流量 FAQ,42.6,,en,已覆盖
vodafone qatar esim plans,国家·规格/流量,国家·流量与有效期,国家页,#plans 列说明,42.6,,en,已覆盖
5g taiwan unlimited data esim chunghwa telecom,国家·规格/流量,国家·流量与有效期,国家页,#plans 列说明 + 流量 FAQ,42.1,,en,已覆盖
esim indonesia unlimited data,国家·规格/流量,国家·流量与有效期,国家页,#plans 列说明 + 流量 FAQ,42.1,,en,已覆盖
esim japan unlimited data,国家·规格/流量,国家·流量与有效期,国家页,#plans 列说明 + 流量 FAQ,42.1,,en,已覆盖
esim korea unlimited data,国家·规格/流量,国家·流量与有效期,国家页,#plans 列说明 + 流量 FAQ,42.1,,en,已覆盖
unlimited data travel esim new zealand,国家·规格/流量,国家·流量与有效期,国家页,#plans 列说明 + 流量 FAQ,42.1,,en,已覆盖
best esim croatia unlimited data,国家·规格/流量,国家·流量与有效期,国家页,#plans 列说明 + 流量 FAQ,41.6,,en,已覆盖
best esim indonesia unlimited data,国家·规格/流量,国家·流量与有效期,国家页,#plans 列说明 + 流量 FAQ,41.6,,en,已覆盖
best esim unlimited data france,国家·规格/流量,国家·流量与有效期,国家页,#plans 列说明 + 流量 FAQ,41.6,,en,已覆盖
best esim.for hong kong unlimited data,国家·规格/流量,国家·流量与有效期,国家页,#plans 列说明 + 流量 FAQ,41.6,,en,已覆盖
esim netherlands unlimited internet,国家·规格/流量,国家·流量与有效期,国家页,#plans 列说明 + 流量 FAQ,41.6,,en,已覆盖
switzerland esim tourist plan with unlimited data,国家·规格/流量,国家·流量与有效期,国家页,#plans 列说明 + 流量 FAQ,41.6,,en,已覆盖
thailand esim unlimited data 30 days,国家·规格/流量,国家·流量与有效期,国家页,#plans 列说明 + 流量 FAQ,41.6,,en,已覆盖
vietnam esim unlimited data reddit,国家·规格/流量,国家·流量与有效期,国家页,#plans 列说明 + 流量 FAQ,41.6,,en,已覆盖
vodafone portugal esim unlimited data,国家·规格/流量,国家·流量与有效期,国家页,#plans 列说明 + 流量 FAQ,41.6,,en,已覆盖
best esim plans germany,国家·规格/流量,国家·流量与有效期,国家页,#plans 列说明,40.8,,en,已覆盖
best esim plans mexico,国家·规格/流量,国家·流量与有效期,国家页,#plans 列说明,40.8,,en,已覆盖
best esim plans singapore,国家·规格/流量,国家·流量与有效期,国家页,#plans 列说明,40.8,,en,已覆盖
best esim plans vietnam,国家·规格/流量,国家·流量与有效期,国家页,#plans 列说明,40.8,,en,已覆盖
best unlimited data esim for uae,国家·规格/流量,国家·流量与有效期,国家页,#plans 列说明 + 流量 FAQ,40.8,,en,已覆盖
best unlimited data esim morocco,国家·规格/流量,国家·流量与有效期,国家页,#plans 列说明 + 流量 FAQ,40.8,,en,已覆盖
best unlimited data esim netherlands,国家·规格/流量,国家·流量与有效期,国家页,#plans 列说明 + 流量 FAQ,40.8,,en,已覆盖
best unlimited data esim philippines,国家·规格/流量,国家·流量与有效期,国家页,#plans 列说明 + 流量 FAQ,40.8,,en,已覆盖
best unlimited data esim taiwan,国家·规格/流量,国家·流量与有效期,国家页,#plans 列说明 + 流量 FAQ,40.8,,en,已覆盖
best unlimited esim south africa,国家·规格/流量,国家·流量与有效期,国家页,#plans 列说明 + 流量 FAQ,40.8,,en,已覆盖
esim india recharge plans,国家·规格/流量,国家·流量与有效期,国家页,#plans 列说明,40.8,,en,已覆盖
esim japan unlimited data hotspot,国家·规格/流量,国家·流量与有效期,国家页,#plans 列说明 + 流量 FAQ,40.8,,en,已覆盖
best esim for saudi arabia unlimited data,国家·规格/流量,国家·流量与有效期,国家页,#plans 列说明 + 流量 FAQ,40.6,,en,已覆盖
canada esim unlimited calls,国家·规格/流量,国家·流量与有效期,国家页,#plans 列说明 + 流量 FAQ,40.3,,en,已覆盖
china esim unlimited hotspot,国家·规格/流量,国家·流量与有效期,国家页,#plans 列说明 + 流量 FAQ,40.3,,en,已覆盖
esim australia unlimited calls,国家·规格/流量,国家·流量与有效期,国家页,#plans 列说明 + 流量 FAQ,40.3,,en,已覆盖
esim bali indonesia unlimited data,国家·规格/流量,国家·流量与有效期,国家页,#plans 列说明 + 流量 FAQ,40.3,,en,已覆盖
esim egypt unlimited 7 days,国家·规格/流量,国家·流量与有效期,国家页,#plans 列说明 + 流量 FAQ,40.3,,en,已覆盖
esim india unlimited data,国家·规格/流量,国家·流量与有效期,国家页,#plans 列说明 + 流量 FAQ,40.3,,en,已覆盖
esim italy unlimited data reddit,国家·规格/流量,国家·流量与有效期,国家页,#plans 列说明 + 流量 FAQ,40.3,,en,已覆盖
esim kenya unlimited data,国家·规格/流量,国家·流量与有效期,国家页,#plans 列说明 + 流量 FAQ,40.3,,en,已覆盖
esim korea unlimited 5g,国家·规格/流量,国家·流量与有效期,国家页,#plans 列说明 + 流量 FAQ,40.3,,en,已覆盖
esim qatar unlimited data,国家·规格/流量,国家·流量与有效期,国家页,#plans 列说明 + 流量 FAQ,40.3,,en,已覆盖
esim united arab emirates unlimited,国家·规格/流量,国家·流量与有效期,国家页,#plans 列说明 + 流量 FAQ,40.3,,en,已覆盖
italy esim unlimited internet,国家·规格/流量,国家·流量与有效期,国家页,#plans 列说明 + 流量 FAQ,40.3,,en,已覆盖
japan esim unlimited data 30 days,国家·规格/流量,国家·流量与有效期,国家页,#plans 列说明 + 流量 FAQ,40.3,,en,已覆盖
orange morocco esim unlimited data,国家·规格/流量,国家·流量与有效期,国家页,#plans 列说明 + 流量 FAQ,40.3,,en,已覆盖
spain esim unlimited internet,国家·规格/流量,国家·流量与有效期,国家页,#plans 列说明 + 流量 FAQ,40.3,,en,已覆盖
france esim card unlimited data,国家·规格/流量,国家·流量与有效期,国家页,#plans 列说明 + 流量 FAQ,39.8,,en,已覆盖
buy esim new zealand unlimited data,国家·规格/流量,国家·流量与有效期,国家页,#plans 列说明 + 流量 FAQ,39.2,,en,已覆盖
esim australia tourist unlimited data,国家·规格/流量,国家·流量与有效期,国家页,#plans 列说明 + 流量 FAQ,39.2,,en,已覆盖
esim france unlimited data hotspot,国家·规格/流量,国家·流量与有效期,国家页,#plans 列说明 + 流量 FAQ,39.2,,en,已覆盖
esim philippines unlimited data smart,国家·规格/流量,国家·流量与有效期,国家页,#plans 列说明 + 流量 FAQ,39.2,,en,已覆盖
malaysia esim tourist unlimited data,国家·规格/流量,国家·流量与有效期,国家页,#plans 列说明 + 流量 FAQ,39.2,,en,已覆盖
uae esim tourist unlimited data,国家·规格/流量,国家·流量与有效期,国家页,#plans 列说明 + 流量 FAQ,39.2,,en,已覆盖
vietnam esim unlimited data 30 days,国家·规格/流量,国家·流量与有效期,国家页,#plans 列说明 + 流量 FAQ,39.2,,en,已覆盖
best esim for japan unlimited data,国家·规格/流量,国家·流量与有效期,国家页,#plans 列说明 + 流量 FAQ,38.9,,en,已覆盖
best esim for morocco unlimited data,国家·规格/流量,国家·流量与有效期,国家页,#plans 列说明 + 流量 FAQ,38.9,,en,已覆盖
best esim unlimited data uae,国家·规格/流量,国家·流量与有效期,国家页,#plans 列说明 + 流量 FAQ,38.9,,en,已覆盖
best unlimited data esim egypt,国家·规格/流量,国家·流量与有效期,国家页,#plans 列说明 + 流量 FAQ,38.9,,en,已覆盖
best unlimited data esim france,国家·规格/流量,国家·流量与有效期,国家页,#plans 列说明 + 流量 FAQ,38.9,,en,已覆盖
best unlimited data esim germany,国家·规格/流量,国家·流量与有效期,国家页,#plans 列说明 + 流量 FAQ,38.9,,en,已覆盖
best unlimited data esim spain,国家·规格/流量,国家·流量与有效期,国家页,#plans 列说明 + 流量 FAQ,38.9,,en,已覆盖
best unlimited esim saudi arabia,国家·规格/流量,国家·流量与有效期,国家页,#plans 列说明 + 流量 FAQ,38.9,,en,已覆盖
e sim uk unlimited data,国家·规格/流量,国家·流量与有效期,国家页,#plans 列说明 + 流量 FAQ,38.9,,en,已覆盖
esim for australia 30 days,国家·规格/流量,国家·流量与有效期,国家页,#plans 列说明 + 流量 FAQ,38.9,,en,已覆盖
esim for egypt unlimited data,国家·规格/流量,国家·流量与有效期,国家页,#plans 列说明 + 流量 FAQ,38.9,,en,已覆盖
esim for greece unlimited data,国家·规格/流量,国家·流量与有效期,国家页,#plans 列说明 + 流量 FAQ,38.9,,en,已覆盖
esim france unlimited data reddit,国家·规格/流量,国家·流量与有效期,国家页,#plans 列说明 + 流量 FAQ,38.9,,en,已覆盖
esim greece unlimited,国家·规格/流量,国家·流量与有效期,国家页,#plans 列说明 + 流量 FAQ,38.9,,en,已覆盖
esim italy unlimited internet,国家·规格/流量,国家·流量与有效期,国家页,#plans 列说明 + 流量 FAQ,38.9,,en,已覆盖
esim japan unlimited 30 days,国家·规格/流量,国家·流量与有效期,国家页,#plans 列说明 + 流量 FAQ,38.9,,en,已覆盖
esim japan unlimited data reddit,国家·规格/流量,国家·流量与有效期,国家页,#plans 列说明 + 流量 FAQ,38.9,,en,已覆盖
esim new zealand 7 days,国家·规格/流量,国家·流量与有效期,国家页,#plans 列说明 + 流量 FAQ,38.9,,en,已覆盖
esim nz unlimited data,国家·规格/流量,国家·流量与有效期,国家页,#plans 列说明 + 流量 FAQ,38.9,,en,已覆盖
esim philippines unlimited,国家·规格/流量,国家·流量与有效期,国家页,#plans 列说明 + 流量 FAQ,38.9,,en,已覆盖
esim plans canada,国家·规格/流量,国家·流量与有效期,国家页,#plans 列说明,38.9,,en,已覆盖
esim plans uk,国家·规格/流量,国家·流量与有效期,国家页,#plans 列说明,38.9,,en,已覆盖
esim poland unlimited,国家·规格/流量,国家·流量与有效期,国家页,#plans 列说明 + 流量 FAQ,38.9,,en,已覆盖
esim singapore 1 day,国家·规格/流量,国家·流量与有效期,国家页,#plans 列说明 + 流量 FAQ,38.9,,en,已覆盖
esim singapore 3 days,国家·规格/流量,国家·流量与有效期,国家页,#plans 列说明 + 流量 FAQ,38.9,,en,已覆盖
esim singapore for 3 days,国家·规格/流量,国家·流量与有效期,国家页,#plans 列说明 + 流量 FAQ,38.9,,en,已覆盖
esim spain unlimited,国家·规格/流量,国家·流量与有效期,国家页,#plans 列说明 + 流量 FAQ,38.9,,en,已覆盖
esim spain unlimited internet,国家·规格/流量,国家·流量与有效期,国家页,#plans 列说明 + 流量 FAQ,38.9,,en,已覆盖
esim taiwan unlimited,国家·规格/流量,国家·流量与有效期,国家页,#plans 列说明 + 流量 FAQ,38.9,,en,已覆盖
esim thailand 10 days,国家·规格/流量,国家·流量与有效期,国家页,#plans 列说明 + 流量 FAQ,38.9,,en,已覆盖
esim thailand unlimited data 30 days,国家·规格/流量,国家·流量与有效期,国家页,#plans 列说明 + 流量 FAQ,38.9,,en,已覆盖
esim uae unlimited,国家·规格/流量,国家·流量与有效期,国家页,#plans 列说明 + 流量 FAQ,38.9,,en,已覆盖
esim uk unlimited calls,国家·规格/流量,国家·流量与有效期,国家页,#plans 列说明 + 流量 FAQ,38.9,,en,已覆盖
italy esim card unlimited data,国家·规格/流量,国家·流量与有效期,国家页,#plans 列说明 + 流量 FAQ,38.9,,en,已覆盖
japan esim 10gb 15 days,国家·规格/流量,国家·流量与有效期,国家页,#plans 列说明 + 流量 FAQ,38.9,,en,已覆盖
japan esim tourist unlimited data,国家·规格/流量,国家·流量与有效期,国家页,#plans 列说明 + 流量 FAQ,38.9,,en,已覆盖
korea esim card unlimited data,国家·规格/流量,国家·流量与有效期,国家页,#plans 列说明 + 流量 FAQ,38.9,,en,已覆盖
nz esim unlimited data,国家·规格/流量,国家·流量与有效期,国家页,#plans 列说明 + 流量 FAQ,38.9,,en,已覆盖
smart philippines esim plans,国家·规格/流量,国家·流量与有效期,国家页,#plans 列说明,38.9,,en,已覆盖
taiwan esim card unlimited data,国家·规格/流量,国家·流量与有效期,国家页,#plans 列说明 + 流量 FAQ,38.9,,en,已覆盖
thailand esim card unlimited data,国家·规格/流量,国家·流量与有效期,国家页,#plans 列说明 + 流量 FAQ,38.9,,en,已覆盖
three ireland esim plans,国家·规格/流量,国家·流量与有效期,国家页,#plans 列说明,38.9,,en,已覆盖
uk esim plans reddit,国家·规格/流量,国家·流量与有效期,国家页,#plans 列说明,38.9,,en,已覆盖
uk esim unlimited calls,国家·规格/流量,国家·流量与有效期,国家页,#plans 列说明 + 流量 FAQ,38.9,,en,已覆盖
unlimited data esim south korea,国家·规格/流量,国家·流量与有效期,国家页,#plans 列说明 + 流量 FAQ,38.9,,en,已覆盖
unlimited data esim uk and europe,国家·规格/流量,国家·流量与有效期,国家页,#plans 列说明 + 流量 FAQ,38.9,,en,已覆盖
unlimited esim australia,国家·规格/流量,国家·流量与有效期,国家页,#plans 列说明 + 流量 FAQ,38.9,,en,已覆盖
unlimited esim japan,国家·规格/流量,国家·流量与有效期,国家页,#plans 列说明 + 流量 FAQ,38.9,,en,已覆盖
unlimited internet esim canada,国家·规格/流量,国家·流量与有效期,国家页,#plans 列说明 + 流量 FAQ,38.9,,en,已覆盖
unlimited internet esim thailand,国家·规格/流量,国家·流量与有效期,国家页,#plans 列说明 + 流量 FAQ,38.9,,en,已覆盖
unlimited internet switzerland esim,国家·规格/流量,国家·流量与有效期,国家页,#plans 列说明 + 流量 FAQ,38.9,,en,已覆盖
usa esim unlimited text,国家·规格/流量,国家·流量与有效期,国家页,#plans 列说明 + 流量 FAQ,38.9,,en,已覆盖
vodafone australia esim plans,国家·规格/流量,国家·流量与有效期,国家页,#plans 列说明,38.9,,en,已覆盖
vodafone esim plans italy,国家·规格/流量,国家·流量与有效期,国家页,#plans 列说明,38.9,,en,已覆盖
vodafone germany esim plans,国家·规格/流量,国家·流量与有效期,国家页,#plans 列说明,38.9,,en,已覆盖
best esim for ireland unlimited data,国家·规格/流量,国家·流量与有效期,国家页,#plans 列说明 + 流量 FAQ,38.4,,en,已覆盖
esim china unlimited data,国家·规格/流量,国家·流量与有效期,国家页,#plans 列说明 + 流量 FAQ,38.4,,en,已覆盖
esim netherlands unlimited,国家·规格/流量,国家·流量与有效期,国家页,#plans 列说明 + 流量 FAQ,38.4,,en,已覆盖
esim usa unlimited data 1 month,国家·规格/流量,国家·流量与有效期,国家页,#plans 列说明 + 流量 FAQ,38.4,,en,已覆盖
free esim unlimited data egypt,国家·规格/流量,国家·流量与有效期,国家页,#plans 列说明 + 流量 FAQ,38.4,,en,已覆盖
best esim morocco unlimited data,国家·规格/流量,国家·流量与有效期,国家页,#plans 列说明 + 流量 FAQ,37.9,,en,已覆盖
best esim netherlands unlimited data,国家·规格/流量,国家·流量与有效期,国家页,#plans 列说明 + 流量 FAQ,37.9,,en,已覆盖
esim canada unlimited internet,国家·规格/流量,国家·流量与有效期,国家页,#plans 列说明 + 流量 FAQ,37.9,,en,已覆盖
esim egypt unlimited internet,国家·规格/流量,国家·流量与有效期,国家页,#plans 列说明 + 流量 FAQ,37.9,,en,已覆盖
esim uk unlimited data 7 days,国家·规格/流量,国家·流量与有效期,国家页,#plans 列说明 + 流量 FAQ,37.9,,en,已覆盖
singapore esim tourist plan unlimited data,国家·规格/流量,国家·流量与有效期,国家页,#plans 列说明 + 流量 FAQ,37.9,,en,已覆盖
uk esim unlimited data reddit,国家·规格/流量,国家·流量与有效期,国家页,#plans 列说明 + 流量 FAQ,37.9,,en,已覆盖
china esim unlimited data free,国家·规格/流量,国家·流量与有效期,国家页,#plans 列说明 + 流量 FAQ,37.4,,en,已覆盖
best china esim unlimited data,国家·规格/流量,国家·流量与有效期,国家页,#plans 列说明 + 流量 FAQ,37.0,,en,已覆盖
best unlimited esim hong kong,国家·规格/流量,国家·流量与有效期,国家页,#plans 列说明 + 流量 FAQ,37.0,,en,已覆盖
china travel esim unlimited data,国家·规格/流量,国家·流量与有效期,国家页,#plans 列说明 + 流量 FAQ,37.0,,en,已覆盖
esim australia prepaid 365 days,国家·规格/流量,国家·流量与有效期,国家页,#plans 列说明 + 流量 FAQ,37.0,,en,已覆盖
esim china unlimited data reddit,国家·规格/流量,国家·流量与有效期,国家页,#plans 列说明 + 流量 FAQ,37.0,,en,已覆盖
esim china unlimited reddit,国家·规格/流量,国家·流量与有效期,国家页,#plans 列说明 + 流量 FAQ,37.0,,en,已覆盖
esim egypt unlimited,国家·规格/流量,国家·流量与有效期,国家页,#plans 列说明 + 流量 FAQ,37.0,,en,已覆盖
esim morocco 7 days,国家·规格/流量,国家·流量与有效期,国家页,#plans 列说明 + 流量 FAQ,37.0,,en,已覆盖
esim plans uk ee,国家·规格/流量,国家·流量与有效期,国家页,#plans 列说明,37.0,,en,已覆盖
esim spain unlimited data reddit,国家·规格/流量,国家·流量与有效期,国家页,#plans 列说明 + 流量 FAQ,37.0,,en,已覆盖
unlimited data esim japan 30 days,国家·规格/流量,国家·流量与有效期,国家页,#plans 列说明 + 流量 FAQ,37.0,,en,已覆盖
unlimited data esim usa travel,国家·规格/流量,国家·流量与有效期,国家页,#plans 列说明 + 流量 FAQ,37.0,,en,已覆盖
usa esim card unlimited data,国家·规格/流量,国家·流量与有效期,国家页,#plans 列说明 + 流量 FAQ,37.0,,en,已覆盖
china esim unlimited data reddit,国家·规格/流量,国家·流量与有效期,国家页,#plans 列说明 + 流量 FAQ,36.5,,en,已覆盖
esim georgia unlimited data,国家·规格/流量,国家·流量与有效期,国家页,#plans 列说明 + 流量 FAQ,36.5,,en,已覆盖
esim mexico unlimited hotspot,国家·规格/流量,国家·流量与有效期,国家页,#plans 列说明 + 流量 FAQ,36.5,,en,已覆盖
esim morocco unlimited,国家·规格/流量,国家·流量与有效期,国家页,#plans 列说明 + 流量 FAQ,36.5,,en,已覆盖
esim taiwan unlimited 30 days,国家·规格/流量,国家·流量与有效期,国家页,#plans 列说明 + 流量 FAQ,36.5,,en,已覆盖
india travel esim unlimited data,国家·规格/流量,国家·流量与有效期,国家页,#plans 列说明 + 流量 FAQ,36.5,,en,已覆盖
italy esim unlimited sms,国家·规格/流量,国家·流量与有效期,国家页,#plans 列说明 + 流量 FAQ,36.5,,en,已覆盖
japan esim unlimited data reddit,国家·规格/流量,国家·流量与有效期,国家页,#plans 列说明 + 流量 FAQ,36.5,,en,已覆盖
japan esim unlimited data tourist,国家·规格/流量,国家·流量与有效期,国家页,#plans 列说明 + 流量 FAQ,36.5,,en,已覆盖
south korea esim unlimited data,国家·规格/流量,国家·流量与有效期,国家页,#plans 列说明 + 流量 FAQ,36.5,,en,已覆盖
thailand esim unlimited data 7 days,国家·规格/流量,国家·流量与有效期,国家页,#plans 列说明 + 流量 FAQ,36.5,,en,已覆盖
uae unlimited data plan esim,国家·规格/流量,国家·流量与有效期,国家页,#plans 列说明 + 流量 FAQ,36.5,,en,已覆盖
usa esim unlimited data hotspot,国家·规格/流量,国家·流量与有效期,国家页,#plans 列说明 + 流量 FAQ,36.5,,en,已覆盖
vodafone portugal esim unlimited,国家·规格/流量,国家·流量与有效期,国家页,#plans 列说明 + 流量 FAQ,36.5,,en,已覆盖
esim usa unlimited data,国家·规格/流量,国家·流量与有效期,国家页,#plans 列说明 + 流量 FAQ,36.2,,en,已覆盖
esim france unlimited internet,国家·规格/流量,国家·流量与有效期,国家页,#plans 列说明 + 流量 FAQ,36.0,,en,已覆盖
best esim for greece unlimited data,国家·规格/流量,国家·流量与有效期,国家页,#plans 列说明 + 流量 FAQ,35.1,,en,已覆盖
best esim plans egypt,国家·规格/流量,国家·流量与有效期,国家页,#plans 列说明,35.1,,en,已覆盖
best esim plans ireland,国家·规格/流量,国家·流量与有效期,国家页,#plans 列说明,35.1,,en,已覆盖
best unlimited data esim australia,国家·规格/流量,国家·流量与有效期,国家页,#plans 列说明 + 流量 FAQ,35.1,,en,已覆盖
best unlimited data esim canada,国家·规格/流量,国家·流量与有效期,国家页,#plans 列说明 + 流量 FAQ,35.1,,en,已覆盖
best unlimited data esim italy,国家·规格/流量,国家·流量与有效期,国家页,#plans 列说明 + 流量 FAQ,35.1,,en,已覆盖
best unlimited data esim thailand,国家·规格/流量,国家·流量与有效期,国家页,#plans 列说明 + 流量 FAQ,35.1,,en,已覆盖
best unlimited data esim vietnam,国家·规格/流量,国家·流量与有效期,国家页,#plans 列说明 + 流量 FAQ,35.1,,en,已覆盖
canada esim for 3 days,国家·规格/流量,国家·流量与有效期,国家页,#plans 列说明 + 流量 FAQ,35.1,,en,已覆盖
esim brazil 30 days,国家·规格/流量,国家·流量与有效期,国家页,#plans 列说明 + 流量 FAQ,35.1,,en,已覆盖
esim for spain unlimited data,国家·规格/流量,国家·流量与有效期,国家页,#plans 列说明 + 流量 FAQ,35.1,,en,已覆盖
esim for thailand unlimited data,国家·规格/流量,国家·流量与有效期,国家页,#plans 列说明 + 流量 FAQ,35.1,,en,已覆盖
esim italy 1 day,国家·规格/流量,国家·流量与有效期,国家页,#plans 列说明 + 流量 FAQ,35.1,,en,已覆盖
esim italy unlimited hotspot,国家·规格/流量,国家·流量与有效期,国家页,#plans 列说明 + 流量 FAQ,35.1,,en,已覆盖
esim philippines 30 days,国家·规格/流量,国家·流量与有效期,国家页,#plans 列说明 + 流量 FAQ,35.1,,en,已覆盖
esim plans japan,国家·规格/流量,国家·流量与有效期,国家页,#plans 列说明,35.1,,en,已覆盖
esim switzerland 1 day,国家·规格/流量,国家·流量与有效期,国家页,#plans 列说明 + 流量 FAQ,35.1,,en,已覆盖
esim thailand unlimited 15 days,国家·规格/流量,国家·流量与有效期,国家页,#plans 列说明 + 流量 FAQ,35.1,,en,已覆盖
greece esim unlimited,国家·规格/流量,国家·流量与有效期,国家页,#plans 列说明 + 流量 FAQ,35.1,,en,已覆盖
japan esim card unlimited data,国家·规格/流量,国家·流量与有效期,国家页,#plans 列说明 + 流量 FAQ,35.1,,en,已覆盖
orange spain esim plans,国家·规格/流量,国家·流量与有效期,国家页,#plans 列说明,35.1,,en,已覆盖
prepaid sim card usa for tourists 30 days,国家·规格/流量,国家·流量与有效期,国家页,#plans 列说明 + 流量 FAQ,35.1,,en,已覆盖
telus esim plans canada,国家·规格/流量,国家·流量与有效期,国家页,#plans 列说明,35.1,,en,已覆盖
unlimited data esim for egypt,国家·规格/流量,国家·流量与有效期,国家页,#plans 列说明 + 流量 FAQ,35.1,,en,已覆盖
unlimited data esim uk no contract,国家·规格/流量,国家·流量与有效期,国家页,#plans 列说明 + 流量 FAQ,35.1,,en,已覆盖
unlimited data esim usa 7 days,国家·规格/流量,国家·流量与有效期,国家页,#plans 列说明 + 流量 FAQ,35.1,,en,已覆盖
unlimited data esim usa t mobile,国家·规格/流量,国家·流量与有效期,国家页,#plans 列说明 + 流量 FAQ,35.1,,en,已覆盖
unlimited data only esim australia,国家·规格/流量,国家·流量与有效期,国家页,#plans 列说明 + 流量 FAQ,35.1,,en,已覆盖
unlimited esim usa,国家·规格/流量,国家·流量与有效期,国家页,#plans 列说明 + 流量 FAQ,35.1,,en,已覆盖
unlimited internet vietnam esim,国家·规格/流量,国家·流量与有效期,国家页,#plans 列说明 + 流量 FAQ,35.1,,en,已覆盖
vodafone esim portugal unlimited,国家·规格/流量,国家·流量与有效期,国家页,#plans 列说明 + 流量 FAQ,35.1,,en,已覆盖
free esim spain unlimited data,国家·规格/流量,国家·流量与有效期,国家页,#plans 列说明 + 流量 FAQ,34.6,,en,已覆盖
india unlimited data plan esim,国家·规格/流量,国家·流量与有效期,国家页,#plans 列说明 + 流量 FAQ,34.6,,en,已覆盖
best esim australia unlimited data,国家·规格/流量,国家·流量与有效期,国家页,#plans 列说明 + 流量 FAQ,34.1,,en,已覆盖
best esim for brazil unlimited data,国家·规格/流量,国家·流量与有效期,国家页,#plans 列说明 + 流量 FAQ,34.1,,en,已覆盖
best esim india unlimited data,国家·规格/流量,国家·流量与有效期,国家页,#plans 列说明 + 流量 FAQ,34.1,,en,已覆盖
best esim mexico unlimited data,国家·规格/流量,国家·流量与有效期,国家页,#plans 列说明 + 流量 FAQ,34.1,,en,已覆盖
best esim new zealand unlimited data,国家·规格/流量,国家·流量与有效期,国家页,#plans 列说明 + 流量 FAQ,34.1,,en,已覆盖
best esim philippines unlimited data,国家·规格/流量,国家·流量与有效期,国家页,#plans 列说明 + 流量 FAQ,34.1,,en,已覆盖
best esim portugal unlimited data,国家·规格/流量,国家·流量与有效期,国家页,#plans 列说明 + 流量 FAQ,34.1,,en,已覆盖
canada esim prepaid unlimited data,国家·规格/流量,国家·流量与有效期,国家页,#plans 列说明 + 流量 FAQ,34.1,,en,已覆盖
esim korea travel unlimited data,国家·规格/流量,国家·流量与有效期,国家页,#plans 列说明 + 流量 FAQ,34.1,,en,已覆盖
greece esim card unlimited data,国家·规格/流量,国家·流量与有效期,国家页,#plans 列说明 + 流量 FAQ,34.1,,en,已覆盖
vodafone egypt esim unlimited data,国家·规格/流量,国家·流量与有效期,国家页,#plans 列说明 + 流量 FAQ,34.1,,en,已覆盖
esim germany unlimited data reddit,国家·规格/流量,国家·流量与有效期,国家页,#plans 列说明 + 流量 FAQ,33.6,,en,已覆盖
best esim plans thailand,国家·规格/流量,国家·流量与有效期,国家页,#plans 列说明,33.2,,en,已覆盖
best esim unlimited data egypt,国家·规格/流量,国家·流量与有效期,国家页,#plans 列说明 + 流量 FAQ,33.2,,en,已覆盖
best unlimited data esim korea,国家·规格/流量,国家·流量与有效期,国家页,#plans 列说明 + 流量 FAQ,33.2,,en,已覆盖
esim japan unlimited,国家·规格/流量,国家·流量与有效期,国家页,#plans 列说明 + 流量 FAQ,33.2,,en,已覆盖
esim japan unlimited 5g,国家·规格/流量,国家·流量与有效期,国家页,#plans 列说明 + 流量 FAQ,33.2,,en,已覆盖
esim thailand tourist 15 days,国家·规格/流量,国家·流量与有效期,国家页,#plans 列说明 + 流量 FAQ,33.2,,en,已覆盖
esim usa unlimited data hotspot,国家·规格/流量,国家·流量与有效期,国家页,#plans 列说明 + 流量 FAQ,33.2,,en,已覆盖
unlimited data esim usa reddit,国家·规格/流量,国家·流量与有效期,国家页,#plans 列说明 + 流量 FAQ,33.2,,en,已覆盖
unlimited data plan esim thailand,国家·规格/流量,国家·流量与有效期,国家页,#plans 列说明 + 流量 FAQ,33.2,,en,已覆盖
unlimited data plan germany esim,国家·规格/流量,国家·流量与有效期,国家页,#plans 列说明 + 流量 FAQ,33.2,,en,已覆盖
us esim plans,国家·规格/流量,国家·流量与有效期,国家页,#plans 列说明,33.2,,en,已覆盖
best esim for malaysia unlimited data,国家·规格/流量,国家·流量与有效期,国家页,#plans 列说明 + 流量 FAQ,32.8,,en,已覆盖
china esim card unlimited data,国家·规格/流量,国家·流量与有效期,国家页,#plans 列说明 + 流量 FAQ,32.8,,en,已覆盖
esim egypt unlimited data,国家·规格/流量,国家·流量与有效期,国家页,#plans 列说明 + 流量 FAQ,32.8,,en,已覆盖
esim fiji unlimited data,国家·规格/流量,国家·流量与有效期,国家页,#plans 列说明 + 流量 FAQ,32.8,,en,已覆盖
esim for usa unlimited data,国家·规格/流量,国家·流量与有效期,国家页,#plans 列说明 + 流量 FAQ,32.8,,en,已覆盖
esim germany unlimited sms,国家·规格/流量,国家·流量与有效期,国家页,#plans 列说明 + 流量 FAQ,32.8,,en,已覆盖
esim hong kong unlimited data,国家·规格/流量,国家·流量与有效期,国家页,#plans 列说明 + 流量 FAQ,32.8,,en,已覆盖
esim malaysia unlimited data,国家·规格/流量,国家·流量与有效期,国家页,#plans 列说明 + 流量 FAQ,32.8,,en,已覆盖
esim singapore 1 day unlimited,国家·规格/流量,国家·流量与有效期,国家页,#plans 列说明 + 流量 FAQ,32.8,,en,已覆盖
esim spain unlimited hotspot,国家·规格/流量,国家·流量与有效期,国家页,#plans 列说明 + 流量 FAQ,32.8,,en,已覆盖
esim usa unlimited data 15 days,国家·规格/流量,国家·流量与有效期,国家页,#plans 列说明 + 流量 FAQ,32.8,,en,已覆盖
esim usa unlimited data 7 days,国家·规格/流量,国家·流量与有效期,国家页,#plans 列说明 + 流量 FAQ,32.8,,en,已覆盖
japan esim unlimited data with phone number,国家·规格/流量,国家·流量与有效期,国家页,#plans 列说明 + 流量 FAQ,32.8,,en,已覆盖
mexico unlimited data plan esim,国家·规格/流量,国家·流量与有效期,国家页,#plans 列说明 + 流量 FAQ,32.8,,en,已覆盖
south korea esim unlimited,国家·规格/流量,国家·流量与有效期,国家页,#plans 列说明 + 流量 FAQ,32.8,,en,已覆盖
taiwan esim 5g unlimited,国家·规格/流量,国家·流量与有效期,国家页,#plans 列说明 + 流量 FAQ,32.8,,en,已覆盖
thailand esim unlimited internet,国家·规格/流量,国家·流量与有效期,国家页,#plans 列说明 + 流量 FAQ,32.8,,en,已覆盖
travel esim australia unlimited data,国家·规格/流量,国家·流量与有效期,国家页,#plans 列说明 + 流量 FAQ,32.8,,en,已覆盖
vietnam esim card unlimited data,国家·规格/流量,国家·流量与有效期,国家页,#plans 列说明 + 流量 FAQ,32.8,,en,已覆盖
vietnam tourist esim unlimited data 10 days,国家·规格/流量,国家·流量与有效期,国家页,#plans 列说明 + 流量 FAQ,32.8,,en,已覆盖
vodafone greece esim unlimited data,国家·规格/流量,国家·流量与有效期,国家页,#plans 列说明 + 流量 FAQ,32.8,,en,已覆盖
best esim for australia unlimited data,国家·规格/流量,国家·流量与有效期,国家页,#plans 列说明 + 流量 FAQ,31.8,,en,已覆盖
esim italy unlimited data and calls,国家·规格/流量,国家·流量与有效期,国家页,#plans 列说明 + 流量 FAQ,31.8,,en,已覆盖
italy esim tourist unlimited data,国家·规格/流量,国家·流量与有效期,国家页,#plans 列说明 + 流量 FAQ,31.8,,en,已覆盖
best esim plans japan,国家·规格/流量,国家·流量与有效期,国家页,#plans 列说明,31.4,,en,已覆盖
best unlimited data esim south korea,国家·规格/流量,国家·流量与有效期,国家页,#plans 列说明 + 流量 FAQ,31.4,,en,已覆盖
china 7 day unlimited data esim,国家·规格/流量,国家·流量与有效期,国家页,#plans 列说明 + 流量 FAQ,31.4,,en,已覆盖
e sim unlimited data germany,国家·规格/流量,国家·流量与有效期,国家页,#plans 列说明 + 流量 FAQ,31.4,,en,已覆盖
esim canada unlimited,国家·规格/流量,国家·流量与有效期,国家页,#plans 列说明 + 流量 FAQ,31.4,,en,已覆盖
esim for brazil unlimited data,国家·规格/流量,国家·流量与有效期,国家页,#plans 列说明 + 流量 FAQ,31.4,,en,已覆盖
esim for japan 3 days,国家·规格/流量,国家·流量与有效期,国家页,#plans 列说明 + 流量 FAQ,31.4,,en,已覆盖
esim plans usa,国家·规格/流量,国家·流量与有效期,国家页,#plans 列说明,31.4,,en,已覆盖
esim spain unlimited sms,国家·规格/流量,国家·流量与有效期,国家页,#plans 列说明 + 流量 FAQ,31.4,,en,已覆盖
esim thailand 15 days,国家·规格/流量,国家·流量与有效期,国家页,#plans 列说明 + 流量 FAQ,31.4,,en,已覆盖
esim thailand unlimited internet,国家·规格/流量,国家·流量与有效期,国家页,#plans 列说明 + 流量 FAQ,31.4,,en,已覆盖
esim vietnam 30 days,国家·规格/流量,国家·流量与有效期,国家页,#plans 列说明 + 流量 FAQ,31.4,,en,已覆盖
fido esim plans canada,国家·规格/流量,国家·流量与有效期,国家页,#plans 列说明,31.4,,en,已覆盖
japan esim unlimited data 14 days,国家·规格/流量,国家·流量与有效期,国家页,#plans 列说明 + 流量 FAQ,31.4,,en,已覆盖
japan sim card for tourist unlimited data,国家·规格/流量,国家·流量与有效期,国家页,#plans 列说明 + 流量 FAQ,31.4,,en,已覆盖
movistar spain esim plans,国家·规格/流量,国家·流量与有效期,国家页,#plans 列说明,31.4,,en,已覆盖
orange esim morocco unlimited data,国家·规格/流量,国家·流量与有效期,国家页,#plans 列说明 + 流量 FAQ,31.4,,en,已覆盖
singapore sim card for tourist 7 days,国家·规格/流量,国家·流量与有效期,国家页,#plans 列说明 + 流量 FAQ,31.4,,en,已覆盖
thailand sim card for tourist 60 days,国家·规格/流量,国家·流量与有效期,国家页,#plans 列说明 + 流量 FAQ,31.4,,en,已覆盖
uk esim unlimited roaming,国家·规格/流量,国家·流量与有效期,国家页,#plans 列说明 + 流量 FAQ,31.4,,en,已覆盖
uk prepaid sim card for tourist unlimited data,国家·规格/流量,国家·流量与有效期,国家页,#plans 列说明 + 流量 FAQ,31.4,,en,已覆盖
unlimited data esim uk monthly,国家·规格/流量,国家·流量与有效期,国家页,#plans 列说明 + 流量 FAQ,31.4,,en,已覆盖
unlimited esim indonesia,国家·规格/流量,国家·流量与有效期,国家页,#plans 列说明 + 流量 FAQ,31.4,,en,已覆盖
unlimited internet esim japan,国家·规格/流量,国家·流量与有效期,国家页,#plans 列说明 + 流量 FAQ,31.4,,en,已覆盖
us esim unlimited data,国家·规格/流量,国家·流量与有效期,国家页,#plans 列说明 + 流量 FAQ,31.4,,en,已覆盖
usa esim unlimited sms,国家·规格/流量,国家·流量与有效期,国家页,#plans 列说明 + 流量 FAQ,31.4,,en,已覆盖
best esim for usa unlimited data,国家·规格/流量,国家·流量与有效期,国家页,#plans 列说明 + 流量 FAQ,30.9,,en,已覆盖
esim netherlands 1 day,国家·规格/流量,国家·流量与有效期,国家页,#plans 列说明 + 流量 FAQ,30.9,,en,已覆盖
movistar esim spain unlimited data,国家·规格/流量,国家·流量与有效期,国家页,#plans 列说明 + 流量 FAQ,30.9,,en,已覆盖
thailand esim unlimited data 60 days,国家·规格/流量,国家·流量与有效期,国家页,#plans 列说明 + 流量 FAQ,30.9,,en,已覆盖
best esim france unlimited data,国家·规格/流量,国家·流量与有效期,国家页,#plans 列说明 + 流量 FAQ,30.4,,en,已覆盖
best esim philippines unlimited data reddit,国家·规格/流量,国家·流量与有效期,国家页,#plans 列说明 + 流量 FAQ,30.4,,en,已覆盖
best taiwan esim unlimited data,国家·规格/流量,国家·流量与有效期,国家页,#plans 列说明 + 流量 FAQ,30.4,,en,已覆盖
buy esim india unlimited data,国家·规格/流量,国家·流量与有效期,国家页,#plans 列说明 + 流量 FAQ,30.4,,en,已覆盖
esim japan unlimited data 5g,国家·规格/流量,国家·流量与有效期,国家页,#plans 列说明 + 流量 FAQ,30.4,,en,已覆盖
esim thailand unlimited data and calls,国家·规格/流量,国家·流量与有效期,国家页,#plans 列说明 + 流量 FAQ,30.4,,en,已覆盖
5g south korea unlimited data esim skt,国家·规格/流量,国家·流量与有效期,国家页,#plans 列说明 + 流量 FAQ,29.5,,en,已覆盖
esim usa unlimited data and calls,国家·规格/流量,国家·流量与有效期,国家页,#plans 列说明 + 流量 FAQ,29.5,,en,已覆盖
singapore esim tourist 7 days,国家·规格/流量,国家·流量与有效期,国家页,#plans 列说明 + 流量 FAQ,29.5,,en,已覆盖
unlimited data esim plans australia,国家·规格/流量,国家·流量与有效期,国家页,#plans 列说明 + 流量 FAQ,29.5,,en,已覆盖
vodafone esim greece unlimited data,国家·规格/流量,国家·流量与有效期,国家页,#plans 列说明 + 流量 FAQ,29.5,,en,已覆盖
best esim canada unlimited data,国家·规格/流量,国家·流量与有效期,国家页,#plans 列说明 + 流量 FAQ,29.4,,en,已覆盖
best esim korea unlimited data,国家·规格/流量,国家·流量与有效期,国家页,#plans 列说明 + 流量 FAQ,29.0,,en,已覆盖
best esim mexico unlimited,国家·规格/流量,国家·流量与有效期,国家页,#plans 列说明 + 流量 FAQ,29.0,,en,已覆盖
china esim unlimited 10 days,国家·规格/流量,国家·流量与有效期,国家页,#plans 列说明 + 流量 FAQ,29.0,,en,已覆盖
cosmote greece esim unlimited data,国家·规格/流量,国家·流量与有效期,国家页,#plans 列说明 + 流量 FAQ,29.0,,en,已覆盖
esim uk unlimited internet,国家·规格/流量,国家·流量与有效期,国家页,#plans 列说明 + 流量 FAQ,29.0,,en,已覆盖
japan esim unlimited data 5g,国家·规格/流量,国家·流量与有效期,国家页,#plans 列说明 + 流量 FAQ,29.0,,en,已覆盖
thailand esim unlimited data 5g,国家·规格/流量,国家·流量与有效期,国家页,#plans 列说明 + 流量 FAQ,29.0,,en,已覆盖
uk esim prepaid unlimited data,国家·规格/流量,国家·流量与有效期,国家页,#plans 列说明 + 流量 FAQ,29.0,,en,已覆盖
usa esim unlimited data 30 days,国家·规格/流量,国家·流量与有效期,国家页,#plans 列说明 + 流量 FAQ,29.0,,en,已覆盖
vietnam esim unlimited 30 days,国家·规格/流量,国家·流量与有效期,国家页,#plans 列说明 + 流量 FAQ,29.0,,en,已覆盖
esim uk unlimited data pay as you go,国家·规格/流量,国家·流量与有效期,国家页,#plans 列说明 + 流量 FAQ,28.5,,en,已覆盖
esim italy unlimited data,国家·规格/流量,国家·流量与有效期,国家页,#plans 列说明 + 流量 FAQ,28.4,,en,已覆盖
esim spain unlimited data and calls,国家·规格/流量,国家·流量与有效期,国家页,#plans 列说明 + 流量 FAQ,28.0,,en,已覆盖
esim turkey unlimited data uk,国家·规格/流量,国家·流量与有效期,国家页,#plans 列说明 + 流量 FAQ,28.0,,en,已覆盖
5g esim plans singapore,国家·规格/流量,国家·流量与有效期,国家页,#plans 列说明,27.6,,en,已覆盖
ais thailand unlimited esim,国家·规格/流量,国家·流量与有效期,国家页,#plans 列说明 + 流量 FAQ,27.6,,en,已覆盖
best esim for morocco 7 days,国家·规格/流量,国家·流量与有效期,国家页,#plans 列说明 + 流量 FAQ,27.6,,en,已覆盖
best esim for spain unlimited data,国家·规格/流量,国家·流量与有效期,国家页,#plans 列说明 + 流量 FAQ,27.6,,en,已覆盖
best esim for switzerland unlimited data,国家·规格/流量,国家·流量与有效期,国家页,#plans 列说明 + 流量 FAQ,27.6,,en,已覆盖
best esim for thailand unlimited data,国家·规格/流量,国家·流量与有效期,国家页,#plans 列说明 + 流量 FAQ,27.6,,en,已覆盖
best esim plan for israel,国家·规格/流量,国家·流量与有效期,国家页,#plans 列说明,27.6,,en,已覆盖
best esim plans australia,国家·规格/流量,国家·流量与有效期,国家页,#plans 列说明,27.6,,en,已覆盖
best esim plans for colombia,国家·规格/流量,国家·流量与有效期,国家页,#plans 列说明,27.6,,en,已覆盖
best esim plans singapore reddit,国家·规格/流量,国家·流量与有效期,国家页,#plans 列说明,27.6,,en,已覆盖
best esim plans spain,国家·规格/流量,国家·流量与有效期,国家页,#plans 列说明,27.6,,en,已覆盖
best unlimited data esim usa,国家·规格/流量,国家·流量与有效期,国家页,#plans 列说明 + 流量 FAQ,27.6,,en,已覆盖
cosmote esim greece unlimited data,国家·规格/流量,国家·流量与有效期,国家页,#plans 列说明 + 流量 FAQ,27.6,,en,已覆盖
esim australia 30 days,国家·规格/流量,国家·流量与有效期,国家页,#plans 列说明 + 流量 FAQ,27.6,,en,已覆盖
esim card vietnam unlimited data,国家·规格/流量,国家·流量与有效期,国家页,#plans 列说明 + 流量 FAQ,27.6,,en,已覆盖
esim for india unlimited data,国家·规格/流量,国家·流量与有效期,国家页,#plans 列说明 + 流量 FAQ,27.6,,en,已覆盖
esim for indonesia unlimited,国家·规格/流量,国家·流量与有效期,国家页,#plans 列说明 + 流量 FAQ,27.6,,en,已覆盖
esim for new zealand unlimited data,国家·规格/流量,国家·流量与有效期,国家页,#plans 列说明 + 流量 FAQ,27.6,,en,已覆盖
esim for singapore 3 days,国家·规格/流量,国家·流量与有效期,国家页,#plans 列说明 + 流量 FAQ,27.6,,en,已覆盖
esim morocco 20gb,国家·规格/流量,国家·流量与有效期,国家页,#plans 列说明 + 流量 FAQ,27.6,,en,已覆盖
esim new zealand unlimited,国家·规格/流量,国家·流量与有效期,国家页,#plans 列说明 + 流量 FAQ,27.6,,en,已覆盖
esim qatar 1 day,国家·规格/流量,国家·流量与有效期,国家页,#plans 列说明 + 流量 FAQ,27.6,,en,已覆盖
esim singapore 5 days,国家·规格/流量,国家·流量与有效期,国家页,#plans 列说明 + 流量 FAQ,27.6,,en,已覆盖
esim spain 3 days,国家·规格/流量,国家·流量与有效期,国家页,#plans 列说明 + 流量 FAQ,27.6,,en,已覆盖
esim thailand unlimited ais,国家·规格/流量,国家·流量与有效期,国家页,#plans 列说明 + 流量 FAQ,27.6,,en,已覆盖
esim unlimited germany,国家·规格/流量,国家·流量与有效期,国家页,#plans 列说明 + 流量 FAQ,27.6,,en,已覆盖
esim usa travel unlimited data,国家·规格/流量,国家·流量与有效期,国家页,#plans 列说明 + 流量 FAQ,27.6,,en,已覆盖
esim usa unlimited data 30 days,国家·规格/流量,国家·流量与有效期,国家页,#plans 列说明 + 流量 FAQ,27.6,,en,已覆盖
italy esim 3 days,国家·规格/流量,国家·流量与有效期,国家页,#plans 列说明 + 流量 FAQ,27.6,,en,已覆盖
singapore esim tourist 3 days,国家·规格/流量,国家·流量与有效期,国家页,#plans 列说明 + 流量 FAQ,27.6,,en,已覆盖
thailand esim for 3 days,国家·规格/流量,国家·流量与有效期,国家页,#plans 列说明 + 流量 FAQ,27.6,,en,已覆盖
uk esim card unlimited data,国家·规格/流量,国家·流量与有效期,国家页,#plans 列说明 + 流量 FAQ,27.6,,en,已覆盖
uk travel esim unlimited data,国家·规格/流量,国家·流量与有效期,国家页,#plans 列说明 + 流量 FAQ,27.6,,en,已覆盖
unlimited data esim uk reddit,国家·规格/流量,国家·流量与有效期,国家页,#plans 列说明 + 流量 FAQ,27.6,,en,已覆盖
unlimited data plan esim canada,国家·规格/流量,国家·流量与有效期,国家页,#plans 列说明 + 流量 FAQ,27.6,,en,已覆盖
unlimited esim germany,国家·规格/流量,国家·流量与有效期,国家页,#plans 列说明 + 流量 FAQ,27.6,,en,已覆盖
unlimited esim vietnam,国家·规格/流量,国家·流量与有效期,国家页,#plans 列说明 + 流量 FAQ,27.6,,en,已覆盖
e sim unlimited data france,国家·规格/流量,国家·流量与有效期,国家页,#plans 列说明 + 流量 FAQ,27.1,,en,已覆盖
best esim germany unlimited data,国家·规格/流量,国家·流量与有效期,国家页,#plans 列说明 + 流量 FAQ,26.6,,en,已覆盖
best esim greece unlimited data,国家·规格/流量,国家·流量与有效期,国家页,#plans 列说明 + 流量 FAQ,26.6,,en,已覆盖
buy esim philippines unlimited data,国家·规格/流量,国家·流量与有效期,国家页,#plans 列说明 + 流量 FAQ,26.6,,en,已覆盖
esim vietnam unlimited reddit,国家·规格/流量,国家·流量与有效期,国家页,#plans 列说明 + 流量 FAQ,26.6,,en,已覆盖
esim japan unlimited data 30 days,国家·规格/流量,国家·流量与有效期,国家页,#plans 列说明 + 流量 FAQ,25.8,,en,已覆盖
esim thailand 7 days,国家·规格/流量,国家·流量与有效期,国家页,#plans 列说明 + 流量 FAQ,25.8,,en,已覆盖
esim iceland unlimited,国家·规格/流量,国家·流量与有效期,国家页,#plans 列说明 + 流量 FAQ,25.2,,en,已覆盖
japan esim unlimited data 10 days,国家·规格/流量,国家·流量与有效期,国家页,#plans 列说明 + 流量 FAQ,25.2,,en,已覆盖
korea esim reddit unlimited data,国家·规格/流量,国家·流量与有效期,国家页,#plans 列说明 + 流量 FAQ,25.2,,en,已覆盖
lyca esim unlimited data uk,国家·规格/流量,国家·流量与有效期,国家页,#plans 列说明 + 流量 FAQ,25.2,,en,已覆盖
south korea esim unlimited data reddit,国家·规格/流量,国家·流量与有效期,国家页,#plans 列说明 + 流量 FAQ,25.2,,en,已覆盖
thailand esim unlimited data ais,国家·规格/流量,国家·流量与有效期,国家页,#plans 列说明 + 流量 FAQ,25.2,,en,已覆盖
esim uk unlimited data 30 days,国家·规格/流量,国家·流量与有效期,国家页,#plans 列说明 + 流量 FAQ,24.8,,en,已覆盖
best esim for india unlimited data,国家·规格/流量,国家·流量与有效期,国家页,#plans 列说明 + 流量 FAQ,23.9,,en,已覆盖
best esim for italy unlimited data,国家·规格/流量,国家·流量与有效期,国家页,#plans 列说明 + 流量 FAQ,23.9,,en,已覆盖
best unlimited data esim japan,国家·规格/流量,国家·流量与有效期,国家页,#plans 列说明 + 流量 FAQ,23.9,,en,已覆盖
best unlimited esim new zealand,国家·规格/流量,国家·流量与有效期,国家页,#plans 列说明 + 流量 FAQ,23.9,,en,已覆盖
china esim unlimited reddit,国家·规格/流量,国家·流量与有效期,国家页,#plans 列说明 + 流量 FAQ,23.9,,en,已覆盖
china mobile esim unlimited data,国家·规格/流量,国家·流量与有效期,国家页,#plans 列说明 + 流量 FAQ,23.9,,en,已覆盖
e sim unlimited spain,国家·规格/流量,国家·流量与有效期,国家页,#plans 列说明 + 流量 FAQ,23.9,,en,已覆盖
esim australia tourist 7 days,国家·规格/流量,国家·流量与有效期,国家页,#plans 列说明 + 流量 FAQ,23.9,,en,已覆盖
esim colombia 10gb,国家·规格/流量,国家·流量与有效期,国家页,#plans 列说明 + 流量 FAQ,23.9,,en,已覆盖
esim croatia unlimited,国家·规格/流量,国家·流量与有效期,国家页,#plans 列说明 + 流量 FAQ,23.9,,en,已覆盖
esim data plan uk,国家·规格/流量,国家·流量与有效期,国家页,#plans 列说明 + 流量 FAQ,23.9,,en,已覆盖
esim for singapore 5 days,国家·规格/流量,国家·流量与有效期,国家页,#plans 列说明 + 流量 FAQ,23.9,,en,已覆盖
esim morocco 5gb,国家·规格/流量,国家·流量与有效期,国家页,#plans 列说明 + 流量 FAQ,23.9,,en,已覆盖
esim plans singapore,国家·规格/流量,国家·流量与有效期,国家页,#plans 列说明,23.9,,en,已覆盖
esim south korea unlimited data,国家·规格/流量,国家·流量与有效期,国家页,#plans 列说明 + 流量 FAQ,23.9,,en,已覆盖
esim thailand unlimited data 15 days,国家·规格/流量,国家·流量与有效期,国家页,#plans 列说明 + 流量 FAQ,23.9,,en,已覆盖
esim top up ireland,国家·规格/流量,国家·流量与有效期,国家页,#plans 列说明,23.9,,en,已覆盖
esim usa unlimited hotspot,国家·规格/流量,国家·流量与有效期,国家页,#plans 列说明 + 流量 FAQ,23.9,,en,已覆盖
how to get esim usa unlimited data,国家·规格/流量,国家·流量与有效期,国家页,#plans 列说明 + 流量 FAQ,23.9,,en,已覆盖
meo esim unlimited portugal,国家·规格/流量,国家·流量与有效期,国家页,#plans 列说明 + 流量 FAQ,23.9,,en,已覆盖
singapore esim tourist 1 day,国家·规格/流量,国家·流量与有效期,国家页,#plans 列说明 + 流量 FAQ,23.9,,en,已覆盖
unlimited data esim uk free,国家·规格/流量,国家·流量与有效期,国家页,#plans 列说明 + 流量 FAQ,23.9,,en,已覆盖
unlimited data travel esim japan,国家·规格/流量,国家·流量与有效期,国家页,#plans 列说明 + 流量 FAQ,23.9,,en,已覆盖
unlimited esim china,国家·规格/流量,国家·流量与有效期,国家页,#plans 列说明 + 流量 FAQ,23.9,,en,已覆盖
unlimited esim nz,国家·规格/流量,国家·流量与有效期,国家页,#plans 列说明 + 流量 FAQ,23.9,,en,已覆盖
unlimited esim usa reddit,国家·规格/流量,国家·流量与有效期,国家页,#plans 列说明 + 流量 FAQ,23.9,,en,已覆盖
usa esim unlimited calls,国家·规格/流量,国家·流量与有效期,国家页,#plans 列说明 + 流量 FAQ,23.9,,en,已覆盖
best esim unlimited data uk,国家·规格/流量,国家·流量与有效期,国家页,#plans 列说明 + 流量 FAQ,23.4,,en,已覆盖
vodafone esim italy unlimited data,国家·规格/流量,国家·流量与有效期,国家页,#plans 列说明 + 流量 FAQ,23.4,,en,已覆盖
best esim italy unlimited data,国家·规格/流量,国家·流量与有效期,国家页,#plans 列说明 + 流量 FAQ,22.9,,en,已覆盖
free esim germany unlimited data,国家·规格/流量,国家·流量与有效期,国家页,#plans 列说明 + 流量 FAQ,22.9,,en,已覆盖
orange esim france unlimited data,国家·规格/流量,国家·流量与有效期,国家页,#plans 列说明 + 流量 FAQ,22.9,,en,已覆盖
japan esim unlimited data,国家·规格/流量,国家·流量与有效期,国家页,#plans 列说明 + 流量 FAQ,22.4,,en,已覆盖
unlimited internet china esim,国家·规格/流量,国家·流量与有效期,国家页,#plans 列说明 + 流量 FAQ,22.4,,en,已覆盖
canada unlimited data plan esim,国家·规格/流量,国家·流量与有效期,国家页,#plans 列说明 + 流量 FAQ,22.0,,en,已覆盖
china esim with vpn unlimited data,国家·规格/流量,国家·流量与有效期,国家页,#plans 列说明 + 流量 FAQ,22.0,,en,已覆盖
esim japan unlimited 15 days,国家·规格/流量,国家·流量与有效期,国家页,#plans 列说明 + 流量 FAQ,22.0,,en,已覆盖
esim thailand tourist 10 days,国家·规格/流量,国家·流量与有效期,国家页,#plans 列说明 + 流量 FAQ,22.0,,en,已覆盖
unlimited esim uk,国家·规格/流量,国家·流量与有效期,国家页,#plans 列说明 + 流量 FAQ,22.0,,en,已覆盖
best esim south korea unlimited data,国家·规格/流量,国家·流量与有效期,国家页,#plans 列说明 + 流量 FAQ,21.5,,en,已覆盖
best esim spain unlimited data,国家·规格/流量,国家·流量与有效期,国家页,#plans 列说明 + 流量 FAQ,21.5,,en,已覆盖
buy esim canada unlimited data,国家·规格/流量,国家·流量与有效期,国家页,#plans 列说明 + 流量 FAQ,21.5,,en,已覆盖
free esim australia unlimited data,国家·规格/流量,国家·流量与有效期,国家页,#plans 列说明 + 流量 FAQ,21.5,,en,已覆盖
japan esim unlimited data kddi,国家·规格/流量,国家·流量与有效期,国家页,#plans 列说明 + 流量 FAQ,21.5,,en,已覆盖
thailand esim unlimited data reddit,国家·规格/流量,国家·流量与有效期,国家页,#plans 列说明 + 流量 FAQ,21.5,,en,已覆盖
vodafone spain esim unlimited data,国家·规格/流量,国家·流量与有效期,国家页,#plans 列说明 + 流量 FAQ,21.5,,en,已覆盖
buy esim australia unlimited data,国家·规格/流量,国家·流量与有效期,国家页,#plans 列说明 + 流量 FAQ,21.0,,en,已覆盖
buy esim france unlimited data,国家·规格/流量,国家·流量与有效期,国家页,#plans 列说明 + 流量 FAQ,21.0,,en,已覆盖
at&t esim plans usa,国家·规格/流量,国家·流量与有效期,国家页,#plans 列说明,20.1,,en,已覆盖
best esim for 10 days in egypt,国家·规格/流量,国家·流量与有效期,国家页,#plans 列说明 + 流量 FAQ,20.1,,en,已覆盖
best esim for canada unlimited data,国家·规格/流量,国家·流量与有效期,国家页,#plans 列说明 + 流量 FAQ,20.1,,en,已覆盖
best esim for germany unlimited data,国家·规格/流量,国家·流量与有效期,国家页,#plans 列说明 + 流量 FAQ,20.1,,en,已覆盖
best esim for italy unlimited data reddit,国家·规格/流量,国家·流量与有效期,国家页,#plans 列说明 + 流量 FAQ,20.1,,en,已覆盖
best esim for new zealand unlimited data,国家·规格/流量,国家·流量与有效期,国家页,#plans 列说明 + 流量 FAQ,20.1,,en,已覆盖
best esim for portugal unlimited data,国家·规格/流量,国家·流量与有效期,国家页,#plans 列说明 + 流量 FAQ,20.1,,en,已覆盖
best esim for vietnam unlimited data,国家·规格/流量,国家·流量与有效期,国家页,#plans 列说明 + 流量 FAQ,20.1,,en,已覆盖
best esim vietnam unlimited data,国家·规格/流量,国家·流量与有效期,国家页,#plans 列说明 + 流量 FAQ,20.1,,en,已覆盖
esim austria unlimited,国家·规格/流量,国家·流量与有效期,国家页,#plans 列说明 + 流量 FAQ,20.1,,en,已覆盖
esim costa rica unlimited,国家·规格/流量,国家·流量与有效期,国家页,#plans 列说明 + 流量 FAQ,20.1,,en,已覆盖
esim croatia 7 days,国家·规格/流量,国家·流量与有效期,国家页,#plans 列说明 + 流量 FAQ,20.1,,en,已覆盖
esim fiji 7 days,国家·规格/流量,国家·流量与有效期,国家页,#plans 列说明 + 流量 FAQ,20.1,,en,已覆盖
esim for costa rica unlimited data,国家·规格/流量,国家·流量与有效期,国家页,#plans 列说明 + 流量 FAQ,20.1,,en,已覆盖
esim for france unlimited data,国家·规格/流量,国家·流量与有效期,国家页,#plans 列说明 + 流量 FAQ,20.1,,en,已覆盖
esim for greece unlimited,国家·规格/流量,国家·流量与有效期,国家页,#plans 列说明 + 流量 FAQ,20.1,,en,已覆盖
esim for japan unlimited data,国家·规格/流量,国家·流量与有效期,国家页,#plans 列说明 + 流量 FAQ,20.1,,en,已覆盖
esim for morocco unlimited data,国家·规格/流量,国家·流量与有效期,国家页,#plans 列说明 + 流量 FAQ,20.1,,en,已覆盖
esim japan unlimited hotspot,国家·规格/流量,国家·流量与有效期,国家页,#plans 列说明 + 流量 FAQ,20.1,,en,已覆盖
esim malaysia for 3 days,国家·规格/流量,国家·流量与有效期,国家页,#plans 列说明 + 流量 FAQ,20.1,,en,已覆盖
esim new zealand 10 days,国家·规格/流量,国家·流量与有效期,国家页,#plans 列说明 + 流量 FAQ,20.1,,en,已覆盖
esim plans for italy,国家·规格/流量,国家·流量与有效期,国家页,#plans 列说明,20.1,,en,已覆盖
esim plans ireland,国家·规格/流量,国家·流量与有效期,国家页,#plans 列说明,20.1,,en,已覆盖
esim saudi arabia unlimited,国家·规格/流量,国家·流量与有效期,国家页,#plans 列说明 + 流量 FAQ,20.1,,en,已覆盖
esim singapore 7 days,国家·规格/流量,国家·流量与有效期,国家页,#plans 列说明 + 流量 FAQ,20.1,,en,已覆盖
esim south africa unlimited,国家·规格/流量,国家·流量与有效期,国家页,#plans 列说明 + 流量 FAQ,20.1,,en,已覆盖
esim spain 14 days,国家·规格/流量,国家·流量与有效期,国家页,#plans 列说明 + 流量 FAQ,20.1,,en,已覆盖
esim thailand unlimited hotspot,国家·规格/流量,国家·流量与有效期,国家页,#plans 列说明 + 流量 FAQ,20.1,,en,已覆盖
esim unlimited data hotspot usa,国家·规格/流量,国家·流量与有效期,国家页,#plans 列说明 + 流量 FAQ,20.1,,en,已覆盖
esim usa unlimited text and calls,国家·规格/流量,国家·流量与有效期,国家页,#plans 列说明 + 流量 FAQ,20.1,,en,已覆盖
free esim italy unlimited data,国家·规格/流量,国家·流量与有效期,国家页,#plans 列说明 + 流量 FAQ,20.1,,en,已覆盖
international esim plans japan,国家·规格/流量,国家·流量与有效期,国家页,#plans 列说明,20.1,,en,已覆盖
japan esim unlimited data hotspot,国家·规格/流量,国家·流量与有效期,国家页,#plans 列说明 + 流量 FAQ,20.1,,en,已覆盖
mainland china esim unlimited data,国家·规格/流量,国家·流量与有效期,国家页,#plans 列说明 + 流量 FAQ,20.1,,en,已覆盖
nz esim 7 days,国家·规格/流量,国家·流量与有效期,国家页,#plans 列说明 + 流量 FAQ,20.1,,en,已覆盖
singapore sim card for tourist 1 day,国家·规格/流量,国家·流量与有效期,国家页,#plans 列说明 + 流量 FAQ,20.1,,en,已覆盖
smartwatch esim plans australia,国家·规格/流量,国家·流量与有效期,国家页,#plans 列说明,20.1,,en,已覆盖
thailand esim unlimited data and calls,国家·规格/流量,国家·流量与有效期,国家页,#plans 列说明 + 流量 FAQ,20.1,,en,已覆盖
trip esim china unlimited,国家·规格/流量,国家·流量与有效期,国家页,#plans 列说明 + 流量 FAQ,20.1,,en,已覆盖
unlimited data and calls esim usa,国家·规格/流量,国家·流量与有效期,国家页,#plans 列说明 + 流量 FAQ,20.1,,en,已覆盖
unlimited data esim japan,国家·规格/流量,国家·流量与有效期,国家页,#plans 列说明 + 流量 FAQ,20.1,,en,已覆盖
unlimited data only esim canada,国家·规格/流量,国家·流量与有效期,国家页,#plans 列说明 + 流量 FAQ,20.1,,en,已覆盖
unlimited high speed data esim japan,国家·规格/流量,国家·流量与有效期,国家页,#plans 列说明 + 流量 FAQ,20.1,,en,已覆盖
unlimited internet esim uk,国家·规格/流量,国家·流量与有效期,国家页,#plans 列说明 + 流量 FAQ,20.1,,en,已覆盖
usa esim unlimited plan,国家·规格/流量,国家·流量与有效期,国家页,#plans 列说明 + 流量 FAQ,20.1,,en,已覆盖
vi esim plans india,国家·规格/流量,国家·流量与有效期,国家页,#plans 列说明,20.1,,en,已覆盖
vietnam tourist esim 90gb 30 days,国家·规格/流量,国家·流量与有效期,国家页,#plans 列说明 + 流量 FAQ,20.1,,en,已覆盖
esim england unlimited,国家·规格/流量,国家·流量与有效期,国家页,#plans 列说明 + 流量 FAQ,19.6,,en,已覆盖
esim usa unlimited data 14 days,国家·规格/流量,国家·流量与有效期,国家页,#plans 列说明 + 流量 FAQ,19.6,,en,已覆盖
esim usa unlimited data t mobile,国家·规格/流量,国家·流量与有效期,国家页,#plans 列说明 + 流量 FAQ,19.6,,en,已覆盖
thailand esim unlimited data 10 days,国家·规格/流量,国家·流量与有效期,国家页,#plans 列说明 + 流量 FAQ,19.1,,en,已覆盖
esim data plan malaysia,国家·规格/流量,国家·流量与有效期,国家页,#plans 列说明 + 流量 FAQ,18.2,,en,已覆盖
esim thailand unlimited data ais,国家·规格/流量,国家·流量与有效期,国家页,#plans 列说明 + 流量 FAQ,18.2,,en,已覆盖
travel esim canada unlimited data,国家·规格/流量,国家·流量与有效期,国家页,#plans 列说明 + 流量 FAQ,18.2,,en,已覆盖
best vietnam esim unlimited data,国家·规格/流量,国家·流量与有效期,国家页,#plans 列说明 + 流量 FAQ,17.8,,en,已覆盖
esim iceland unlimited data,国家·规格/流量,国家·流量与有效期,国家页,#plans 列说明 + 流量 FAQ,17.8,,en,已覆盖
japan esim.unlimited hotspot,国家·规格/流量,国家·流量与有效期,国家页,#plans 列说明 + 流量 FAQ,17.8,,en,已覆盖
saudi arabia esim unlimited data,国家·规格/流量,国家·流量与有效期,国家页,#plans 列说明 + 流量 FAQ,17.8,,en,已覆盖
usa esim unlimited data reddit,国家·规格/流量,国家·流量与有效期,国家页,#plans 列说明 + 流量 FAQ,17.8,,en,已覆盖
esim thailand 30 days,国家·规格/流量,国家·流量与有效期,国家页,#plans 列说明 + 流量 FAQ,17.3,,en,已覆盖
australia unlimited data plan esim,国家·规格/流量,国家·流量与有效期,国家页,#plans 列说明 + 流量 FAQ,16.4,,en,已覆盖
best esim for 3 days in singapore,国家·规格/流量,国家·流量与有效期,国家页,#plans 列说明 + 流量 FAQ,16.4,,en,已覆盖
best esim for italy unlimited,国家·规格/流量,国家·流量与有效期,国家页,#plans 列说明 + 流量 FAQ,16.4,,en,已覆盖
best esim for mexico unlimited data,国家·规格/流量,国家·流量与有效期,国家页,#plans 列说明 + 流量 FAQ,16.4,,en,已覆盖
best esim plan for fiji,国家·规格/流量,国家·流量与有效期,国家页,#plans 列说明,16.4,,en,已覆盖
best prepaid esim plans usa,国家·规格/流量,国家·流量与有效期,国家页,#plans 列说明,16.4,,en,已覆盖
best unlimited esim usa reddit,国家·规格/流量,国家·流量与有效期,国家页,#plans 列说明 + 流量 FAQ,16.4,,en,已覆盖
buy esim spain unlimited data,国家·规格/流量,国家·流量与有效期,国家页,#plans 列说明 + 流量 FAQ,16.4,,en,已覆盖
esim 3 days korea,国家·规格/流量,国家·流量与有效期,国家页,#plans 列说明 + 流量 FAQ,16.4,,en,已覆盖
esim data plan india,国家·规格/流量,国家·流量与有效期,国家页,#plans 列说明 + 流量 FAQ,16.4,,en,已覆盖
esim for canada unlimited data,国家·规格/流量,国家·流量与有效期,国家页,#plans 列说明 + 流量 FAQ,16.4,,en,已覆盖
esim for italy unlimited data,国家·规格/流量,国家·流量与有效期,国家页,#plans 列说明 + 流量 FAQ,16.4,,en,已覆盖
esim for mexico unlimited data,国家·规格/流量,国家·流量与有效期,国家页,#plans 列说明 + 流量 FAQ,16.4,,en,已覆盖
esim germany unlimited,国家·规格/流量,国家·流量与有效期,国家页,#plans 列说明 + 流量 FAQ,16.4,,en,已覆盖
esim japan 15 days,国家·规格/流量,国家·流量与有效期,国家页,#plans 列说明 + 流量 FAQ,16.4,,en,已覆盖
esim morocco 1 day,国家·规格/流量,国家·流量与有效期,国家页,#plans 列说明 + 流量 FAQ,16.4,,en,已覆盖
esim philippines 20gb,国家·规格/流量,国家·流量与有效期,国家页,#plans 列说明 + 流量 FAQ,16.4,,en,已覆盖
esim plans in india,国家·规格/流量,国家·流量与有效期,国家页,#plans 列说明,16.4,,en,已覆盖
esim plans india,国家·规格/流量,国家·流量与有效期,国家页,#plans 列说明,16.4,,en,已覆盖
esim singapore 30 days,国家·规格/流量,国家·流量与有效期,国家页,#plans 列说明 + 流量 FAQ,16.4,,en,已覆盖
esim top up malaysia,国家·规格/流量,国家·流量与有效期,国家页,#plans 列说明,16.4,,en,已覆盖
esim uae 1 day,国家·规格/流量,国家·流量与有效期,国家页,#plans 列说明 + 流量 FAQ,16.4,,en,已覆盖
esim usa unlimited data 10 days,国家·规格/流量,国家·流量与有效期,国家页,#plans 列说明 + 流量 FAQ,16.4,,en,已覆盖
free esim trial unlimited data canada,国家·规格/流量,国家·流量与有效期,国家页,#plans 列说明 + 流量 FAQ,16.4,,en,已覆盖
japan esim unlimited data best,国家·规格/流量,国家·流量与有效期,国家页,#plans 列说明 + 流量 FAQ,16.4,,en,已覆盖
japan unlimited data esim ntt docomo,国家·规格/流量,国家·流量与有效期,国家页,#plans 列说明 + 流量 FAQ,16.4,,en,已覆盖
optus australia esim plans,国家·规格/流量,国家·流量与有效期,国家页,#plans 列说明,16.4,,en,已覆盖
prepaid sim card usa for tourists unlimited data,国家·规格/流量,国家·流量与有效期,国家页,#plans 列说明 + 流量 FAQ,16.4,,en,已覆盖
spain connect esim unlimited,国家·规格/流量,国家·流量与有效期,国家页,#plans 列说明 + 流量 FAQ,16.4,,en,已覆盖
thailand sim card for tourist 30 days,国家·规格/流量,国家·流量与有效期,国家页,#plans 列说明 + 流量 FAQ,16.4,,en,已覆盖
unlimited esim egypt,国家·规格/流量,国家·流量与有效期,国家页,#plans 列说明 + 流量 FAQ,16.4,,en,已覆盖
unlimited esim japan reddit,国家·规格/流量,国家·流量与有效期,国家页,#plans 列说明 + 流量 FAQ,16.4,,en,已覆盖
vodafone esim plans india,国家·规格/流量,国家·流量与有效期,国家页,#plans 列说明,16.4,,en,已覆盖
vodafone uk esim unlimited data,国家·规格/流量,国家·流量与有效期,国家页,#plans 列说明 + 流量 FAQ,16.4,,en,已覆盖
best esim for france unlimited,国家·规格/流量,国家·流量与有效期,国家页,#plans 列说明 + 流量 FAQ,14.5,,en,已覆盖
best coverage esim costa rica,国家·网络覆盖,国家·网络,国家页,#localnotes 网络段（已有运营商数据）,46.4,,en,缺口
best esim coverage for new zealand,国家·网络覆盖,国家·网络,国家页,#localnotes 网络段（已有运营商数据）,46.4,,en,缺口
best esim coverage in brazil,国家·网络覆盖,国家·网络,国家页,#localnotes 网络段（已有运营商数据）,46.4,,en,缺口
best esim coverage in canada,国家·网络覆盖,国家·网络,国家页,#localnotes 网络段（已有运营商数据）,46.4,,en,已覆盖
best esim coverage in costa rica,国家·网络覆盖,国家·网络,国家页,#localnotes 网络段（已有运营商数据）,46.4,,en,缺口
best esim coverage in france,国家·网络覆盖,国家·网络,国家页,#localnotes 网络段（已有运营商数据）,46.4,,en,已覆盖
best esim coverage in greece,国家·网络覆盖,国家·网络,国家页,#localnotes 网络段（已有运营商数据）,46.4,,en,缺口
best esim coverage in iceland,国家·网络覆盖,国家·网络,国家页,#localnotes 网络段（已有运营商数据）,46.4,,en,缺口
best esim coverage in italy,国家·网络覆盖,国家·网络,国家页,#localnotes 网络段（已有运营商数据）,46.4,,en,缺口
best esim coverage in malaysia,国家·网络覆盖,国家·网络,国家页,#localnotes 网络段（已有运营商数据）,46.4,,en,缺口
best esim coverage in mexico,国家·网络覆盖,国家·网络,国家页,#localnotes 网络段（已有运营商数据）,46.4,,en,已覆盖
best esim coverage in morocco,国家·网络覆盖,国家·网络,国家页,#localnotes 网络段（已有运营商数据）,46.4,,en,缺口
best esim coverage in new zealand,国家·网络覆盖,国家·网络,国家页,#localnotes 网络段（已有运营商数据）,46.4,,en,缺口
best esim coverage in philippines,国家·网络覆盖,国家·网络,国家页,#localnotes 网络段（已有运营商数据）,46.4,,en,缺口
best esim coverage in portugal,国家·网络覆盖,国家·网络,国家页,#localnotes 网络段（已有运营商数据）,46.4,,en,缺口
best esim coverage in south africa,国家·网络覆盖,国家·网络,国家页,#localnotes 网络段（已有运营商数据）,46.4,,en,缺口
best esim coverage in spain,国家·网络覆盖,国家·网络,国家页,#localnotes 网络段（已有运营商数据）,46.4,,en,已覆盖
best esim network in singapore,国家·网络覆盖,国家·网络,国家页,#localnotes 网络段（已有运营商数据）,46.4,,en,缺口
best esim.coverage in peru,国家·网络覆盖,国家·网络,国家页,#localnotes 网络段（已有运营商数据）,46.4,,en,缺口
esim coverage indonesia,国家·网络覆盖,国家·网络,国家页,#localnotes 网络段（已有运营商数据）,46.4,,en,缺口
esim network in india,国家·网络覆盖,国家·网络,国家页,#localnotes 网络段（已有运营商数据）,46.4,,en,缺口
esim network in uk,国家·网络覆盖,国家·网络,国家页,#localnotes 网络段（已有运营商数据）,46.4,,en,已覆盖
esim network in usa,国家·网络覆盖,国家·网络,国家页,#localnotes 网络段（已有运营商数据）,46.4,,en,已覆盖
esim network ireland,国家·网络覆盖,国家·网络,国家页,#localnotes 网络段（已有运营商数据）,46.4,,en,缺口
best esim coverage in australia,国家·网络覆盖,国家·网络,国家页,#localnotes 网络段（已有运营商数据）,44.5,,en,缺口
best esim coverage in india,国家·网络覆盖,国家·网络,国家页,#localnotes 网络段（已有运营商数据）,44.5,,en,缺口
best esim coverage in japan,国家·网络覆盖,国家·网络,国家页,#localnotes 网络段（已有运营商数据）,44.5,,en,已覆盖
best esim coverage in thailand,国家·网络覆盖,国家·网络,国家页,#localnotes 网络段（已有运营商数据）,44.5,,en,已覆盖
best esim coverage in uk,国家·网络覆盖,国家·网络,国家页,#localnotes 网络段（已有运营商数据）,44.5,,en,已覆盖
best esim coverage in usa,国家·网络覆盖,国家·网络,国家页,#localnotes 网络段（已有运营商数据）,44.5,,en,已覆盖
best esim coverage in vietnam,国家·网络覆盖,国家·网络,国家页,#localnotes 网络段（已有运营商数据）,44.5,,en,缺口
best esim.coverage china,国家·网络覆盖,国家·网络,国家页,#localnotes 网络段（已有运营商数据）,44.5,,en,已覆盖
esim coverage australia,国家·网络覆盖,国家·网络,国家页,#localnotes 网络段（已有运营商数据）,44.5,,en,缺口
esim coverage china,国家·网络覆盖,国家·网络,国家页,#localnotes 网络段（已有运营商数据）,44.5,,en,已覆盖
esim coverage thailand,国家·网络覆盖,国家·网络,国家页,#localnotes 网络段（已有运营商数据）,44.5,,en,已覆盖
esim coverage vietnam,国家·网络覆盖,国家·网络,国家页,#localnotes 网络段（已有运营商数据）,44.5,,en,缺口
which network has esim in india,国家·网络覆盖,国家·网络,国家页,#localnotes 网络段（已有运营商数据）,44.1,,en,缺口
best esim network in france,国家·网络覆盖,国家·网络,国家页,#localnotes 网络段（已有运营商数据）,42.6,,en,已覆盖
best esim network in malaysia,国家·网络覆盖,国家·网络,国家页,#localnotes 网络段（已有运营商数据）,42.6,,en,缺口
best esim network in philippines,国家·网络覆盖,国家·网络,国家页,#localnotes 网络段（已有运营商数据）,42.6,,en,缺口
esim coverage canada,国家·网络覆盖,国家·网络,国家页,#localnotes 网络段（已有运营商数据）,42.6,,en,已覆盖
which esim has the best coverage in costa rica,国家·网络覆盖,国家·网络,国家页,#localnotes 网络段（已有运营商数据）,42.6,,en,缺口
which esim has the best coverage in new zealand,国家·网络覆盖,国家·网络,国家页,#localnotes 网络段（已有运营商数据）,42.6,,en,缺口
esim coverage uk,国家·网络覆盖,国家·网络,国家页,#localnotes 网络段（已有运营商数据）,40.8,,en,已覆盖
esim coverage usa,国家·网络覆盖,国家·网络,国家页,#localnotes 网络段（已有运营商数据）,40.8,,en,已覆盖
best esim network in china,国家·网络覆盖,国家·网络,国家页,#localnotes 网络段（已有运营商数据）,38.9,,en,已覆盖
best esim network in india,国家·网络覆盖,国家·网络,国家页,#localnotes 网络段（已有运营商数据）,38.9,,en,缺口
best esim network in thailand,国家·网络覆盖,国家·网络,国家页,#localnotes 网络段（已有运营商数据）,38.9,,en,已覆盖
best esim network in vietnam,国家·网络覆盖,国家·网络,国家页,#localnotes 网络段（已有运营商数据）,38.9,,en,缺口
esim india 5g,国家·网络覆盖,国家·网络,国家页,#localnotes 网络段（已有运营商数据）,38.9,,en,缺口
esim japan speed test,国家·网络覆盖,国家·网络,国家页,#localnotes 网络段（已有运营商数据）,38.9,,en,已覆盖
esim network philippines,国家·网络覆盖,国家·网络,国家页,#localnotes 网络段（已有运营商数据）,38.9,,en,缺口
which esim has the best coverage in thailand,国家·网络覆盖,国家·网络,国家页,#localnotes 网络段（已有运营商数据）,37.0,,en,已覆盖
best esim network in japan,国家·网络覆盖,国家·网络,国家页,#localnotes 网络段（已有运营商数据）,35.1,,en,已覆盖
best esim network in uk,国家·网络覆盖,国家·网络,国家页,#localnotes 网络段（已有运营商数据）,35.1,,en,已覆盖
best esim network in usa,国家·网络覆盖,国家·网络,国家页,#localnotes 网络段（已有运营商数据）,35.1,,en,已覆盖
esim 5g japan,国家·网络覆盖,国家·网络,国家页,#localnotes 网络段（已有运营商数据）,35.1,,en,已覆盖
esim available network in india,国家·网络覆盖,国家·网络,国家页,#localnotes 网络段（已有运营商数据）,35.1,,en,缺口
which esim has best coverage in india,国家·网络覆盖,国家·网络,国家页,#localnotes 网络段（已有运营商数据）,33.2,,en,缺口
which esim has best coverage in japan,国家·网络覆盖,国家·网络,国家页,#localnotes 网络段（已有运营商数据）,33.2,,en,已覆盖
esim 4g vietnam,国家·网络覆盖,国家·网络,国家页,#localnotes 网络段（已有运营商数据）,31.4,,en,缺口
esim italy 5g,国家·网络覆盖,国家·网络,国家页,#localnotes 网络段（已有运营商数据）,31.4,,en,缺口
esim network issues in india,国家·网络覆盖,国家·网络,国家页,#localnotes 网络段（已有运营商数据）,31.4,,en,缺口
esim speed japan,国家·网络覆盖,国家·网络,国家页,#localnotes 网络段（已有运营商数据）,31.4,,en,已覆盖
japan esim tourist 5g,国家·网络覆盖,国家·网络,国家页,#localnotes 网络段（已有运营商数据）,31.4,,en,已覆盖
esim 4g singapore,国家·网络覆盖,国家·网络,国家页,#localnotes 网络段（已有运营商数据）,27.6,,en,缺口
esim japan speed,国家·网络覆盖,国家·网络,国家页,#localnotes 网络段（已有运营商数据）,27.6,,en,已覆盖
esim network provider in india,国家·网络覆盖,国家·网络,国家页,#localnotes 网络段（已有运营商数据）,27.6,,en,缺口
esim taiwan 5g,国家·网络覆盖,国家·网络,国家页,#localnotes 网络段（已有运营商数据）,27.6,,en,缺口
which network is best for esim in india,国家·网络覆盖,国家·网络,国家页,#localnotes 网络段（已有运营商数据）,23.9,,en,缺口
esim 4g thailand,国家·网络覆盖,国家·网络,国家页,#localnotes 网络段（已有运营商数据）,20.1,,en,已覆盖
esim 5g usa,国家·网络覆盖,国家·网络,国家页,#localnotes 网络段（已有运营商数据）,20.1,,en,已覆盖
esim 5g singapore,国家·网络覆盖,国家·网络,国家页,#localnotes 网络段（已有运营商数据）,16.4,,en,缺口
esim canada 5g,国家·网络覆盖,国家·网络,国家页,#localnotes 网络段（已有运营商数据）,16.4,,en,已覆盖
which network support esim in india,国家·网络覆盖,国家·网络,国家页,#localnotes 网络段（已有运营商数据）,16.4,,en,缺口
which uk networks support esim,国家·网络覆盖,国家·网络,国家页,#localnotes 网络段（已有运营商数据）,16.4,,en,已覆盖
esim australia sydney airport,国家·落地渠道,国家·落地购买,国家页,#localnotes 购买渠道段,47.8,,en,已覆盖
esim japan airport price,国家·落地渠道,国家·落地购买,国家页,#localnotes 购买渠道段,47.8,,en,已覆盖
esim ksa for visitors,国家·落地渠道,国家·落地购买,国家页,#localnotes 购买渠道段,47.8,,en,已覆盖
taiwan esim unlimited data klook,国家·落地渠道,国家·落地购买,国家页,#localnotes 购买渠道段,46.8,,en,已覆盖
australia sim card for tourist at airport,国家·落地渠道,国家·落地购买,国家页,#localnotes 购买渠道段,46.4,,en,已覆盖
best esim for vietnam klook,国家·落地渠道,国家·落地购买,国家页,#localnotes 购买渠道段,46.4,,en,已覆盖
buy esim hong kong airport,国家·落地渠道,国家·落地购买,国家页,#localnotes 购买渠道段,46.4,,en,已覆盖
costa rica airport esim,国家·落地渠道,国家·落地购买,国家页,#localnotes 购买渠道段,46.4,,en,已覆盖
egypt airport esim,国家·落地渠道,国家·落地购买,国家页,#localnotes 购买渠道段,46.4,,en,已覆盖
esim korea incheon airport,国家·落地渠道,国家·落地购买,国家页,#localnotes 购买渠道段,46.4,,en,已覆盖
indonesia esim airport,国家·落地渠道,国家·落地购买,国家页,#localnotes 购买渠道段,46.4,,en,已覆盖
is esim available in malaysia airport,国家·落地渠道,国家·落地购买,国家页,#localnotes 购买渠道段,46.4,,en,已覆盖
klook esim singapore price,国家·落地渠道,国家·落地购买,国家页,#localnotes 购买渠道段,46.4,,en,已覆盖
ksa esim for visitors,国家·落地渠道,国家·落地购买,国家页,#localnotes 购买渠道段,46.4,,en,已覆盖
malaysia esim at airport,国家·落地渠道,国家·落地购买,国家页,#localnotes 购买渠道段,46.4,,en,已覆盖
philippines airport esim,国家·落地渠道,国家·落地购买,国家页,#localnotes 购买渠道段,46.4,,en,已覆盖
philippines esim airport,国家·落地渠道,国家·落地购买,国家页,#localnotes 购买渠道段,46.4,,en,已覆盖
safaricom esim kenya airport,国家·落地渠道,国家·落地购买,国家页,#localnotes 购买渠道段,46.4,,en,已覆盖
singapore sim card for tourist airport,国家·落地渠道,国家·落地购买,国家页,#localnotes 购买渠道段,46.4,,en,已覆盖
uae sim card for tourist airport,国家·落地渠道,国家·落地购买,国家页,#localnotes 购买渠道段,46.4,,en,已覆盖
esim mexico city airport,国家·落地渠道,国家·落地购买,国家页,#localnotes 购买渠道段,45.4,,en,已覆盖
chunghwa esim taiwan airport,国家·落地渠道,国家·落地购买,国家页,#localnotes 购买渠道段,44.5,,en,已覆盖
esim singapore changi airport,国家·落地渠道,国家·落地购买,国家页,#localnotes 购买渠道段,44.5,,en,已覆盖
esim vietnam hanoi airport,国家·落地渠道,国家·落地购买,国家页,#localnotes 购买渠道段,44.5,,en,已覆盖
ais esim thailand airport,国家·落地渠道,国家·落地购买,国家页,#localnotes 购买渠道段,42.6,,en,已覆盖
best esim app for ksa,国家·落地渠道,国家·落地购买,国家页,#localnotes 购买渠道段,42.6,,en,已覆盖
best esim for ksa,国家·落地渠道,国家·落地购买,国家页,#localnotes 购买渠道段,42.6,,en,已覆盖
esim australia melbourne airport,国家·落地渠道,国家·落地购买,国家页,#localnotes 购买渠道段,42.6,,en,已覆盖
esim canada vancouver airport,国家·落地渠道,国家·落地购买,国家页,#localnotes 购买渠道段,42.6,,en,已覆盖
esim card hong kong airport,国家·落地渠道,国家·落地购买,国家页,#localnotes 购买渠道段,42.6,,en,已覆盖
esim cost at malaysia airport,国家·落地渠道,国家·落地购买,国家页,#localnotes 购买渠道段,42.6,,en,已覆盖
esim india mumbai airport,国家·落地渠道,国家·落地购买,国家页,#localnotes 购买渠道段,42.6,,en,已覆盖
esim japan airport reddit,国家·落地渠道,国家·落地购买,国家页,#localnotes 购买渠道段,42.6,,en,已覆盖
klook esim hong kong reddit,国家·落地渠道,国家·落地购买,国家页,#localnotes 购买渠道段,42.6,,en,已覆盖
klook esim indonesia reddit,国家·落地渠道,国家·落地购买,国家页,#localnotes 购买渠道段,42.6,,en,已覆盖
klook esim taiwan price,国家·落地渠道,国家·落地购买,国家页,#localnotes 购买渠道段,42.6,,en,已覆盖
ksa esim online,国家·落地渠道,国家·落地购买,国家页,#localnotes 购买渠道段,42.6,,en,已覆盖
singtel esim singapore airport,国家·落地渠道,国家·落地购买,国家页,#localnotes 购买渠道段,42.6,,en,已覆盖
smart esim philippines airport,国家·落地渠道,国家·落地购买,国家页,#localnotes 购买渠道段,42.6,,en,已覆盖
south korea esim airport,国家·落地渠道,国家·落地购买,国家页,#localnotes 购买渠道段,42.6,,en,已覆盖
buy esim singapore airport,国家·落地渠道,国家·落地购买,国家页,#localnotes 购买渠道段,40.8,,en,已覆盖
klook esim for hong kong review,国家·落地渠道,国家·落地购买,国家页,#localnotes 购买渠道段,40.8,,en,已覆盖
taiwan esim taoyuan airport,国家·落地渠道,国家·落地购买,国家页,#localnotes 购买渠道段,40.8,,en,已覆盖
viettel esim vietnam airport,国家·落地渠道,国家·落地购买,国家页,#localnotes 购买渠道段,40.8,,en,已覆盖
buy esim thailand airport,国家·落地渠道,国家·落地购买,国家页,#localnotes 购买渠道段,38.9,,en,已覆盖
cheapest esim for ksa,国家·落地渠道,国家·落地购买,国家页,#localnotes 购买渠道段,38.9,,en,已覆盖
esim japan narita airport,国家·落地渠道,国家·落地购买,国家页,#localnotes 购买渠道段,38.9,,en,已覆盖
esim vietnam klook,国家·落地渠道,国家·落地购买,国家页,#localnotes 购买渠道段,38.9,,en,已覆盖
klook esim hong kong price,国家·落地渠道,国家·落地购买,国家页,#localnotes 购买渠道段,38.9,,en,已覆盖
klook esim malaysia price,国家·落地渠道,国家·落地购买,国家页,#localnotes 购买渠道段,38.9,,en,已覆盖
ksa esim tourist,国家·落地渠道,国家·落地购买,国家页,#localnotes 购买渠道段,38.9,,en,已覆盖
malaysia sim card for tourist airport,国家·落地渠道,国家·落地购买,国家页,#localnotes 购买渠道段,38.9,,en,已覆盖
singapore tourist esim klook,国家·落地渠道,国家·落地购买,国家页,#localnotes 购买渠道段,38.9,,en,已覆盖
where to get esim in hong kong airport,国家·落地渠道,国家·落地购买,国家页,#localnotes 购买渠道段,38.9,,en,已覆盖
esim taiwan klook,国家·落地渠道,国家·落地购买,国家页,#localnotes 购买渠道段,37.0,,en,已覆盖
taiwan airport esim price,国家·落地渠道,国家·落地购买,国家页,#localnotes 购买渠道段,37.0,,en,已覆盖
klook esim indonesia unlimited,国家·落地渠道,国家·落地购买,国家页,#localnotes 购买渠道段,36.5,,en,已覆盖
buy esim for ksa,国家·落地渠道,国家·落地购买,国家页,#localnotes 购买渠道段,35.1,,en,已覆盖
can i buy esim at hong kong airport,国家·落地渠道,国家·落地购买,国家页,#localnotes 购买渠道段,35.1,,en,已覆盖
japan esim osaka airport,国家·落地渠道,国家·落地购买,国家页,#localnotes 购买渠道段,35.1,,en,已覆盖
klook esim thailand price,国家·落地渠道,国家·落地购买,国家页,#localnotes 购买渠道段,35.1,,en,已覆盖
klook esim thailand reddit,国家·落地渠道,国家·落地购买,国家页,#localnotes 购买渠道段,35.1,,en,已覆盖
klook esim vietnam reddit,国家·落地渠道,国家·落地购买,国家页,#localnotes 购买渠道段,35.1,,en,已覆盖
ksa esim data,国家·落地渠道,国家·落地购买,国家页,#localnotes 购买渠道段,35.1,,en,已覆盖
singapore sim card for tourist klook,国家·落地渠道,国家·落地购买,国家页,#localnotes 购买渠道段,35.1,,en,已覆盖
thailand sim card for tourist airport,国家·落地渠道,国家·落地购买,国家页,#localnotes 购买渠道段,35.1,,en,已覆盖
esim ksa tourist,国家·落地渠道,国家·落地购买,国家页,#localnotes 购买渠道段,34.6,,en,已覆盖
esim ksa stc,国家·落地渠道,国家·落地购买,国家页,#localnotes 购买渠道段,34.1,,en,已覆盖
buying esim at taiwan airport,国家·落地渠道,国家·落地购买,国家页,#localnotes 购买渠道段,33.2,,en,已覆盖
esim thailand bangkok airport,国家·落地渠道,国家·落地购买,国家页,#localnotes 购买渠道段,33.2,,en,已覆盖
klook esim taiwan reddit,国家·落地渠道,国家·落地购买,国家页,#localnotes 购买渠道段,33.2,,en,已覆盖
klook taiwan esim card,国家·落地渠道,国家·落地购买,国家页,#localnotes 购买渠道段,33.2,,en,已覆盖
klook unlimited data esim japan,国家·落地渠道,国家·落地购买,国家页,#localnotes 购买渠道段,32.8,,en,已覆盖
does klook esim work in japan,国家·落地渠道,国家·落地购买,国家页,#localnotes 购买渠道段,31.4,,en,已覆盖
does klook esim work in taiwan,国家·落地渠道,国家·落地购买,国家页,#localnotes 购买渠道段,31.4,,en,已覆盖
does klook esim work in thailand,国家·落地渠道,国家·落地购买,国家页,#localnotes 购买渠道段,31.4,,en,已覆盖
esim card korea airport,国家·落地渠道,国家·落地购买,国家页,#localnotes 购买渠道段,31.4,,en,已覆盖
esim china shopee,国家·落地渠道,国家·落地购买,国家页,#localnotes 购买渠道段,31.4,,en,已覆盖
esim japan osaka airport,国家·落地渠道,国家·落地购买,国家页,#localnotes 购买渠道段,31.4,,en,已覆盖
esim ksa price,国家·落地渠道,国家·落地购买,国家页,#localnotes 购买渠道段,31.4,,en,已覆盖
esim morocco airport,国家·落地渠道,国家·落地购买,国家页,#localnotes 购买渠道段,31.4,,en,已覆盖
klook esim malaysia reddit,国家·落地渠道,国家·落地购买,国家页,#localnotes 购买渠道段,31.4,,en,已覆盖
klook esim singapore reddit,国家·落地渠道,国家·落地购买,国家页,#localnotes 购买渠道段,31.4,,en,已覆盖
korea esim incheon airport,国家·落地渠道,国家·落地购买,国家页,#localnotes 购买渠道段,31.4,,en,已覆盖
ksa esim number,国家·落地渠道,国家·落地购买,国家页,#localnotes 购买渠道段,31.4,,en,已覆盖
travel esim for ksa,国家·落地渠道,国家·落地购买,国家页,#localnotes 购买渠道段,31.4,,en,已覆盖
vietnam sim card for tourist klook,国家·落地渠道,国家·落地购买,国家页,#localnotes 购买渠道段,31.4,,en,已覆盖
where to buy sim card in hong kong airport,国家·落地渠道,国家·落地购买,国家页,#localnotes 购买渠道段,31.4,,en,已覆盖
best esim thailand airport,国家·落地渠道,国家·落地购买,国家页,#localnotes 购买渠道段,29.5,,en,已覆盖
esim japan kansai airport,国家·落地渠道,国家·落地购买,国家页,#localnotes 购买渠道段,29.5,,en,已覆盖
esim price in thailand airport,国家·落地渠道,国家·落地购买,国家页,#localnotes 购买渠道段,29.5,,en,已覆盖
klook esim for china review,国家·落地渠道,国家·落地购买,国家页,#localnotes 购买渠道段,29.5,,en,已覆盖
klook esim taiwan unlimited,国家·落地渠道,国家·落地购买,国家页,#localnotes 购买渠道段,29.5,,en,已覆盖
esim ksa online,国家·落地渠道,国家·落地购买,国家页,#localnotes 购买渠道段,29.0,,en,已覆盖
cheap esim for ksa,国家·落地渠道,国家·落地购买,国家页,#localnotes 购买渠道段,27.6,,en,已覆盖
does klook esim work in malaysia,国家·落地渠道,国家·落地购买,国家页,#localnotes 购买渠道段,27.6,,en,已覆盖
esim japan haneda airport,国家·落地渠道,国家·落地购买,国家页,#localnotes 购买渠道段,27.6,,en,已覆盖
esim japan reddit klook,国家·落地渠道,国家·落地购买,国家页,#localnotes 购买渠道段,27.6,,en,已覆盖
esim ksa number,国家·落地渠道,国家·落地购买,国家页,#localnotes 购买渠道段,27.6,,en,已覆盖
esim singapore klook,国家·落地渠道,国家·落地购买,国家页,#localnotes 购买渠道段,27.6,,en,已覆盖
esim south korea airport,国家·落地渠道,国家·落地购买,国家页,#localnotes 购买渠道段,27.6,,en,已覆盖
klook esim korea reddit,国家·落地渠道,国家·落地购买,国家页,#localnotes 购买渠道段,27.6,,en,已覆盖
klook esim philippines reddit,国家·落地渠道,国家·落地购买,国家页,#localnotes 购买渠道段,27.6,,en,已覆盖
klook esim vietnam price,国家·落地渠道,国家·落地购买,国家页,#localnotes 购买渠道段,27.6,,en,已覆盖
klook malaysia esim card,国家·落地渠道,国家·落地购买,国家页,#localnotes 购买渠道段,27.6,,en,已覆盖
esim fiji airport,国家·落地渠道,国家·落地购买,国家页,#localnotes 购买渠道段,27.1,,en,已覆盖
esim card japan airport,国家·落地渠道,国家·落地购买,国家页,#localnotes 购买渠道段,25.8,,en,已覆盖
thailand esim phuket airport,国家·落地渠道,国家·落地购买,国家页,#localnotes 购买渠道段,25.8,,en,已覆盖
esim india delhi airport,国家·落地渠道,国家·落地购买,国家页,#localnotes 购买渠道段,25.2,,en,已覆盖
esim ksa data,国家·落地渠道,国家·落地购买,国家页,#localnotes 购买渠道段,25.2,,en,已覆盖
does klook esim work in philippines,国家·落地渠道,国家·落地购买,国家页,#localnotes 购买渠道段,23.9,,en,已覆盖
esim fiji klook,国家·落地渠道,国家·落地购买,国家页,#localnotes 购买渠道段,23.9,,en,已覆盖
esim indonesia klook,国家·落地渠道,国家·落地购买,国家页,#localnotes 购买渠道段,23.9,,en,已覆盖
esim korea klook,国家·落地渠道,国家·落地购买,国家页,#localnotes 购买渠道段,23.9,,en,已覆盖
esim malaysia klook,国家·落地渠道,国家·落地购买,国家页,#localnotes 购买渠道段,23.9,,en,已覆盖
esim thailand klook,国家·落地渠道,国家·落地购买,国家页,#localnotes 购买渠道段,23.9,,en,已覆盖
japan esim tourist klook,国家·落地渠道,国家·落地购买,国家页,#localnotes 购买渠道段,23.9,,en,已覆盖
japan sim card for tourist narita airport,国家·落地渠道,国家·落地购买,国家页,#localnotes 购买渠道段,23.9,,en,已覆盖
klook taiwan esim unlimited,国家·落地渠道,国家·落地购买,国家页,#localnotes 购买渠道段,23.9,,en,已覆盖
klook vietnam esim card,国家·落地渠道,国家·落地购买,国家页,#localnotes 购买渠道段,23.9,,en,已覆盖
mobile esim ksa,国家·落地渠道,国家·落地购买,国家页,#localnotes 购买渠道段,23.9,,en,已覆盖
esim malaysia kuala lumpur airport,国家·落地渠道,国家·落地购买,国家页,#localnotes 购买渠道段,22.9,,en,已覆盖
klook vietnam esim unlimited data,国家·落地渠道,国家·落地购买,国家页,#localnotes 购买渠道段,22.9,,en,已覆盖
buy esim at japan airport,国家·落地渠道,国家·落地购买,国家页,#localnotes 购买渠道段,22.0,,en,已覆盖
hong kong airport esim card,国家·落地渠道,国家·落地购买,国家页,#localnotes 购买渠道段,22.0,,en,已覆盖
klook esim for japan review,国家·落地渠道,国家·落地购买,国家页,#localnotes 购买渠道段,22.0,,en,已覆盖
klook singapore esim card,国家·落地渠道,国家·落地购买,国家页,#localnotes 购买渠道段,22.0,,en,已覆盖
vietnam esim hanoi airport,国家·落地渠道,国家·落地购买,国家页,#localnotes 购买渠道段,22.0,,en,已覆盖
vietnam esim klook,国家·落地渠道,国家·落地购买,国家页,#localnotes 购买渠道段,22.0,,en,已覆盖
esim georgia tbilisi airport,国家·落地渠道,国家·落地购买,国家页,#localnotes 购买渠道段,21.5,,en,已覆盖
klook esim korea unlimited,国家·落地渠道,国家·落地购买,国家页,#localnotes 购买渠道段,21.5,,en,已覆盖
does klook esim work in singapore,国家·落地渠道,国家·落地购买,国家页,#localnotes 购买渠道段,20.1,,en,已覆盖
esim hong kong klook,国家·落地渠道,国家·落地购买,国家页,#localnotes 购买渠道段,20.1,,en,已覆盖
esim japan klook,国家·落地渠道,国家·落地购买,国家页,#localnotes 购买渠道段,20.1,,en,已覆盖
esim ksa free,国家·落地渠道,国家·落地购买,国家页,#localnotes 购买渠道段,20.1,,en,已覆盖
esim philippines klook,国家·落地渠道,国家·落地购买,国家页,#localnotes 购买渠道段,20.1,,en,已覆盖
esim south korea incheon airport,国家·落地渠道,国家·落地购买,国家页,#localnotes 购买渠道段,20.1,,en,已覆盖
hong kong sim card tourist airport,国家·落地渠道,国家·落地购买,国家页,#localnotes 购买渠道段,20.1,,en,已覆盖
japan sim card for tourist airport,国家·落地渠道,国家·落地购买,国家页,#localnotes 购买渠道段,20.1,,en,已覆盖
klook esim australia price,国家·落地渠道,国家·落地购买,国家页,#localnotes 购买渠道段,20.1,,en,已覆盖
klook esim china price,国家·落地渠道,国家·落地购买,国家页,#localnotes 购买渠道段,20.1,,en,已覆盖
klook esim hong kong review reddit,国家·落地渠道,国家·落地购买,国家页,#localnotes 购买渠道段,20.1,,en,已覆盖
klook esim japan price,国家·落地渠道,国家·落地购买,国家页,#localnotes 购买渠道段,20.1,,en,已覆盖
klook esim osaka japan,国家·落地渠道,国家·落地购买,国家页,#localnotes 购买渠道段,20.1,,en,已覆盖
klook korea esim card,国家·落地渠道,国家·落地购买,国家页,#localnotes 购买渠道段,20.1,,en,已覆盖
numero esim ksa,国家·落地渠道,国家·落地购买,国家页,#localnotes 购买渠道段,20.1,,en,已覆盖
esim thailand tourist klook,国家·落地渠道,国家·落地购买,国家页,#localnotes 购买渠道段,18.2,,en,已覆盖
klook esim new zealand review,国家·落地渠道,国家·落地购买,国家页,#localnotes 购买渠道段,18.2,,en,已覆盖
does klook esim work in hong kong,国家·落地渠道,国家·落地购买,国家页,#localnotes 购买渠道段,16.4,,en,已覆盖
esim china klook,国家·落地渠道,国家·落地购买,国家页,#localnotes 购买渠道段,16.4,,en,已覆盖
esim malaysia shopee,国家·落地渠道,国家·落地购买,国家页,#localnotes 购买渠道段,16.4,,en,已覆盖
esim taiwan airport,国家·落地渠道,国家·落地购买,国家页,#localnotes 购买渠道段,16.4,,en,已覆盖
japan sim card for tourist osaka airport,国家·落地渠道,国家·落地购买,国家页,#localnotes 购买渠道段,16.4,,en,已覆盖
klook esim china unlimited,国家·落地渠道,国家·落地购买,国家页,#localnotes 购买渠道段,16.4,,en,已覆盖
klook esim korea price,国家·落地渠道,国家·落地购买,国家页,#localnotes 购买渠道段,16.4,,en,已覆盖
thailand esim unlimited data klook,国家·落地渠道,国家·落地购买,国家页,#localnotes 购买渠道段,16.4,,en,已覆盖
virgin esim ksa,国家·落地渠道,国家·落地购买,国家页,#localnotes 购买渠道段,16.4,,en,已覆盖
esim compatible phones australia,国家·设备兼容,国家·设备,国家页,新 FAQ：手机支持吗（链兼容性检查器）,49.8,,en,已覆盖
esim compatible phones canada,国家·设备兼容,国家·设备,国家页,新 FAQ：手机支持吗（链兼容性检查器）,46.5,,en,已覆盖
best esim fiji for iphone,国家·设备兼容,国家·设备,国家页,新 FAQ：手机支持吗（链兼容性检查器）,46.4,,en,已覆盖
best esim for germany iphone,国家·设备兼容,国家·设备,国家页,新 FAQ：手机支持吗（链兼容性检查器）,46.4,,en,已覆盖
best esim italy for iphone,国家·设备兼容,国家·设备,国家页,新 FAQ：手机支持吗（链兼容性检查器）,46.4,,en,已覆盖
brazil esim for iphone,国家·设备兼容,国家·设备,国家页,新 FAQ：手机支持吗（链兼容性检查器）,46.4,,en,已覆盖
china esim iphone 16,国家·设备兼容,国家·设备,国家页,新 FAQ：手机支持吗（链兼容性检查器）,46.4,,en,已覆盖
colombia esim for iphone,国家·设备兼容,国家·设备,国家页,新 FAQ：手机支持吗（链兼容性检查器）,46.4,,en,已覆盖
does esim work in hong kong iphone,国家·设备兼容,国家·设备,国家页,新 FAQ：手机支持吗（链兼容性检查器）,46.4,,en,已覆盖
egypt esim for iphone,国家·设备兼容,国家·设备,国家页,新 FAQ：手机支持吗（链兼容性检查器）,46.4,,en,已覆盖
esim australia iphone,国家·设备兼容,国家·设备,国家页,新 FAQ：手机支持吗（链兼容性检查器）,46.4,,en,已覆盖
esim compatible phones in india,国家·设备兼容,国家·设备,国家页,新 FAQ：手机支持吗（链兼容性检查器）,46.4,,en,已覆盖
esim costa rica iphone,国家·设备兼容,国家·设备,国家页,新 FAQ：手机支持吗（链兼容性检查器）,46.4,,en,已覆盖
esim for china iphone 17,国家·设备兼容,国家·设备,国家页,新 FAQ：手机支持吗（链兼容性检查器）,46.4,,en,已覆盖
esim for ireland iphone,国家·设备兼容,国家·设备,国家页,新 FAQ：手机支持吗（链兼容性检查器）,46.4,,en,已覆盖
esim greece iphone,国家·设备兼容,国家·设备,国家页,新 FAQ：手机支持吗（链兼容性检查器）,46.4,,en,已覆盖
esim indonesia iphone,国家·设备兼容,国家·设备,国家页,新 FAQ：手机支持吗（链兼容性检查器）,46.4,,en,已覆盖
esim iphone 13 japan,国家·设备兼容,国家·设备,国家页,新 FAQ：手机支持吗（链兼容性检查器）,46.4,,en,已覆盖
esim kenya iphone,国家·设备兼容,国家·设备,国家页,新 FAQ：手机支持吗（链兼容性检查器）,46.4,,en,已覆盖
esim malaysia iphone,国家·设备兼容,国家·设备,国家页,新 FAQ：手机支持吗（链兼容性检查器）,46.4,,en,已覆盖
esim morocco iphone,国家·设备兼容,国家·设备,国家页,新 FAQ：手机支持吗（链兼容性检查器）,46.4,,en,已覆盖
esim netherlands iphone,国家·设备兼容,国家·设备,国家页,新 FAQ：手机支持吗（链兼容性检查器）,46.4,,en,已覆盖
esim new zealand iphone,国家·设备兼容,国家·设备,国家页,新 FAQ：手机支持吗（链兼容性检查器）,46.4,,en,已覆盖
esim qatar iphone,国家·设备兼容,国家·设备,国家页,新 FAQ：手机支持吗（链兼容性检查器）,46.4,,en,已覆盖
esim saudi arabia iphone,国家·设备兼容,国家·设备,国家页,新 FAQ：手机支持吗（链兼容性检查器）,46.4,,en,已覆盖
esim singapore iphone,国家·设备兼容,国家·设备,国家页,新 FAQ：手机支持吗（链兼容性检查器）,46.4,,en,已覆盖
esim south africa iphone,国家·设备兼容,国家·设备,国家页,新 FAQ：手机支持吗（链兼容性检查器）,46.4,,en,已覆盖
esim switzerland iphone,国家·设备兼容,国家·设备,国家页,新 FAQ：手机支持吗（链兼容性检查器）,46.4,,en,已覆盖
esim thailand iphone 13,国家·设备兼容,国家·设备,国家页,新 FAQ：手机支持吗（链兼容性检查器）,46.4,,en,已覆盖
esim uae iphone,国家·设备兼容,国家·设备,国家页,新 FAQ：手机支持吗（链兼容性检查器）,46.4,,en,已覆盖
iceland esim for iphone,国家·设备兼容,国家·设备,国家页,新 FAQ：手机支持吗（链兼容性检查器）,46.4,,en,已覆盖
iphone 15 pro esim usa,国家·设备兼容,国家·设备,国家页,新 FAQ：手机支持吗（链兼容性检查器）,46.4,,en,已覆盖
iphone esim india,国家·设备兼容,国家·设备,国家页,新 FAQ：手机支持吗（链兼容性检查器）,46.4,,en,已覆盖
is esim available in hong kong iphone,国家·设备兼容,国家·设备,国家页,新 FAQ：手机支持吗（链兼容性检查器）,46.4,,en,已覆盖
korea esim for iphone,国家·设备兼容,国家·设备,国家页,新 FAQ：手机支持吗（链兼容性检查器）,46.4,,en,已覆盖
malaysia esim for iphone,国家·设备兼容,国家·设备,国家页,新 FAQ：手机支持吗（链兼容性检查器）,46.4,,en,已覆盖
morocco esim iphone,国家·设备兼容,国家·设备,国家页,新 FAQ：手机支持吗（链兼容性检查器）,46.4,,en,已覆盖
portugal esim for iphone,国家·设备兼容,国家·设备,国家页,新 FAQ：手机支持吗（链兼容性检查器）,46.4,,en,已覆盖
singapore esim for iphone,国家·设备兼容,国家·设备,国家页,新 FAQ：手机支持吗（链兼容性检查器）,46.4,,en,已覆盖
spain esim for iphone,国家·设备兼容,国家·设备,国家页,新 FAQ：手机支持吗（链兼容性检查器）,46.4,,en,已覆盖
taiwan esim for iphone,国家·设备兼容,国家·设备,国家页,新 FAQ：手机支持吗（链兼容性检查器）,46.4,,en,已覆盖
uk esim for iphone 17,国家·设备兼容,国家·设备,国家页,新 FAQ：手机支持吗（链兼容性检查器）,46.4,,en,已覆盖
uk esim iphone 17,国家·设备兼容,国家·设备,国家页,新 FAQ：手机支持吗（链兼容性检查器）,46.4,,en,已覆盖
best esim for israel iphone,国家·设备兼容,国家·设备,国家页,新 FAQ：手机支持吗（链兼容性检查器）,45.4,,en,已覆盖
esim argentina iphone,国家·设备兼容,国家·设备,国家页,新 FAQ：手机支持吗（链兼容性检查器）,44.5,,en,已覆盖
esim australia iphone 17,国家·设备兼容,国家·设备,国家页,新 FAQ：手机支持吗（链兼容性检查器）,44.5,,en,已覆盖
esim japan for iphone 17,国家·设备兼容,国家·设备,国家页,新 FAQ：手机支持吗（链兼容性检查器）,44.5,,en,已覆盖
esim philippines iphone 17,国家·设备兼容,国家·设备,国家页,新 FAQ：手机支持吗（链兼容性检查器）,44.5,,en,已覆盖
esim vietnam iphone 13,国家·设备兼容,国家·设备,国家页,新 FAQ：手机支持吗（链兼容性检查器）,44.5,,en,已覆盖
esim vietnam iphone 15,国家·设备兼容,国家·设备,国家页,新 FAQ：手机支持吗（链兼容性检查器）,44.5,,en,已覆盖
does esim work in india for iphone,国家·设备兼容,国家·设备,国家页,新 FAQ：手机支持吗（链兼容性检查器）,44.0,,en,已覆盖
best esim for egypt iphone,国家·设备兼容,国家·设备,国家页,新 FAQ：手机支持吗（链兼容性检查器）,42.6,,en,已覆盖
best esim for greece iphone,国家·设备兼容,国家·设备,国家页,新 FAQ：手机支持吗（链兼容性检查器）,42.6,,en,已覆盖
best esim for ireland iphone,国家·设备兼容,国家·设备,国家页,新 FAQ：手机支持吗（链兼容性检查器）,42.6,,en,已覆盖
best esim for italy 2025 iphone,国家·设备兼容,国家·设备,国家页,新 FAQ：手机支持吗（链兼容性检查器）,42.6,,en,已覆盖
best esim for morocco iphone,国家·设备兼容,国家·设备,国家页,新 FAQ：手机支持吗（链兼容性检查器）,42.6,,en,已覆盖
best esim for portugal iphone,国家·设备兼容,国家·设备,国家页,新 FAQ：手机支持吗（链兼容性检查器）,42.6,,en,已覆盖
best esim for south africa iphone,国家·设备兼容,国家·设备,国家页,新 FAQ：手机支持吗（链兼容性检查器）,42.6,,en,已覆盖
best esim for switzerland iphone,国家·设备兼容,国家·设备,国家页,新 FAQ：手机支持吗（链兼容性检查器）,42.6,,en,已覆盖
best esim for taiwan iphone,国家·设备兼容,国家·设备,国家页,新 FAQ：手机支持吗（链兼容性检查器）,42.6,,en,已覆盖
best esim india for iphone,国家·设备兼容,国家·设备,国家页,新 FAQ：手机支持吗（链兼容性检查器）,42.6,,en,已覆盖
china esim for iphone 16,国家·设备兼容,国家·设备,国家页,新 FAQ：手机支持吗（链兼容性检查器）,42.6,,en,已覆盖
does esim work in china iphone,国家·设备兼容,国家·设备,国家页,新 FAQ：手机支持吗（链兼容性检查器）,42.6,,en,已覆盖
esim france iphone 13,国家·设备兼容,国家·设备,国家页,新 FAQ：手机支持吗（链兼容性检查器）,42.6,,en,已覆盖
esim hong kong iphone 17,国家·设备兼容,国家·设备,国家页,新 FAQ：手机支持吗（链兼容性检查器）,42.6,,en,已覆盖
esim indonesia iphone 16,国家·设备兼容,国家·设备,国家页,新 FAQ：手机支持吗（链兼容性检查器）,42.6,,en,已覆盖
esim japan for iphone 13,国家·设备兼容,国家·设备,国家页,新 FAQ：手机支持吗（链兼容性检查器）,42.6,,en,已覆盖
esim malaysia iphone 11,国家·设备兼容,国家·设备,国家页,新 FAQ：手机支持吗（链兼容性检查器）,42.6,,en,已覆盖
esim peru iphone,国家·设备兼容,国家·设备,国家页,新 FAQ：手机支持吗（链兼容性检查器）,42.6,,en,已覆盖
esim philippines iphone 14,国家·设备兼容,国家·设备,国家页,新 FAQ：手机支持吗（链兼容性检查器）,42.6,,en,已覆盖
esim thailand iphone 16,国家·设备兼容,国家·设备,国家页,新 FAQ：手机支持吗（链兼容性检查器）,42.6,,en,已覆盖
esim usa iphone 15 pro,国家·设备兼容,国家·设备,国家页,新 FAQ：手机支持吗（链兼容性检查器）,42.6,,en,已覆盖
how to get esim for iphone philippines,国家·设备兼容,国家·设备,国家页,新 FAQ：手机支持吗（链兼容性检查器）,42.6,,en,已覆盖
iphone 15 esim china,国家·设备兼容,国家·设备,国家页,新 FAQ：手机支持吗（链兼容性检查器）,42.6,,en,已覆盖
iphone 17 hong kong esim,国家·设备兼容,国家·设备,国家页,新 FAQ：手机支持吗（链兼容性检查器）,42.6,,en,已覆盖
is esim available in china iphone,国家·设备兼容,国家·设备,国家页,新 FAQ：手机支持吗（链兼容性检查器）,42.6,,en,已覆盖
singapore esim iphone 17,国家·设备兼容,国家·设备,国家页,新 FAQ：手机支持吗（链兼容性检查器）,42.6,,en,已覆盖
uk esim for iphone 16,国家·设备兼容,国家·设备,国家页,新 FAQ：手机支持吗（链兼容性检查器）,42.6,,en,已覆盖
esim compatible devices australia,国家·设备兼容,国家·设备,国家页,新 FAQ：手机支持吗（链兼容性检查器）,42.4,,en,已覆盖
best esim spain for iphone,国家·设备兼容,国家·设备,国家页,新 FAQ：手机支持吗（链兼容性检查器）,40.8,,en,已覆盖
esim australia iphone 16,国家·设备兼容,国家·设备,国家页,新 FAQ：手机支持吗（链兼容性检查器）,40.8,,en,已覆盖
esim canada iphone 16,国家·设备兼容,国家·设备,国家页,新 FAQ：手机支持吗（链兼容性检查器）,40.8,,en,已覆盖
esim costa rica iphone 17,国家·设备兼容,国家·设备,国家页,新 FAQ：手机支持吗（链兼容性检查器）,40.8,,en,已覆盖
esim france iphone 15,国家·设备兼容,国家·设备,国家页,新 FAQ：手机支持吗（链兼容性检查器）,40.8,,en,已覆盖
esim mexico iphone 17 pro max,国家·设备兼容,国家·设备,国家页,新 FAQ：手机支持吗（链兼容性检查器）,40.8,,en,已覆盖
esim philippines iphone 16,国家·设备兼容,国家·设备,国家页,新 FAQ：手机支持吗（链兼容性检查器）,40.8,,en,已覆盖
esim usa iphone se,国家·设备兼容,国家·设备,国家页,新 FAQ：手机支持吗（链兼容性检查器）,40.8,,en,已覆盖
best esim for colombia iphone,国家·设备兼容,国家·设备,国家页,新 FAQ：手机支持吗（链兼容性检查器）,40.3,,en,已覆盖
is esim available in india for iphone,国家·设备兼容,国家·设备,国家页,新 FAQ：手机支持吗（链兼容性检查器）,40.3,,en,已覆盖
best esim for indonesia iphone,国家·设备兼容,国家·设备,国家页,新 FAQ：手机支持吗（链兼容性检查器）,38.9,,en,已覆盖
best esim for malaysia iphone,国家·设备兼容,国家·设备,国家页,新 FAQ：手机支持吗（链兼容性检查器）,38.9,,en,已覆盖
best esim for vietnam iphone,国家·设备兼容,国家·设备,国家页,新 FAQ：手机支持吗（链兼容性检查器）,38.9,,en,已覆盖
does egypt have esim for iphone,国家·设备兼容,国家·设备,国家页,新 FAQ：手机支持吗（链兼容性检查器）,38.9,,en,已覆盖
esim for japan iphone 15,国家·设备兼容,国家·设备,国家页,新 FAQ：手机支持吗（链兼容性检查器）,38.9,,en,已覆盖
esim hong kong iphone 16,国家·设备兼容,国家·设备,国家页,新 FAQ：手机支持吗（链兼容性检查器）,38.9,,en,已覆盖
esim india iphone 17,国家·设备兼容,国家·设备,国家页,新 FAQ：手机支持吗（链兼容性检查器）,38.9,,en,已覆盖
esim iphone 15 japan,国家·设备兼容,国家·设备,国家页,新 FAQ：手机支持吗（链兼容性检查器）,38.9,,en,已覆盖
esim korea iphone 16,国家·设备兼容,国家·设备,国家页,新 FAQ：手机支持吗（链兼容性检查器）,38.9,,en,已覆盖
esim thailand iphone 15,国家·设备兼容,国家·设备,国家页,新 FAQ：手机支持吗（链兼容性检查器）,38.9,,en,已覆盖
esim usa aktivieren iphone,国家·设备兼容,国家·设备,国家页,新 FAQ：手机支持吗（链兼容性检查器）,38.9,,de,已覆盖
how to get an esim for iphone south africa,国家·设备兼容,国家·设备,国家页,新 FAQ：手机支持吗（链兼容性检查器）,38.9,,en,已覆盖
uk esim for iphone 14,国家·设备兼容,国家·设备,国家页,新 FAQ：手机支持吗（链兼容性检查器）,38.9,,en,已覆盖
vodafone esim india for iphone,国家·设备兼容,国家·设备,国家页,新 FAQ：手机支持吗（链兼容性检查器）,38.9,,en,已覆盖
best esim for france iphone,国家·设备兼容,国家·设备,国家页,新 FAQ：手机支持吗（链兼容性检查器）,37.0,,en,已覆盖
best esim for turkey uk iphone,国家·设备兼容,国家·设备,国家页,新 FAQ：手机支持吗（链兼容性检查器）,37.0,,en,已覆盖
best esim usa for iphone,国家·设备兼容,国家·设备,国家页,新 FAQ：手机支持吗（链兼容性检查器）,37.0,,en,已覆盖
esim australia iphone 15,国家·设备兼容,国家·设备,国家页,新 FAQ：手机支持吗（链兼容性检查器）,37.0,,en,已覆盖
esim canada iphone 17,国家·设备兼容,国家·设备,国家页,新 FAQ：手机支持吗（链兼容性检查器）,37.0,,en,已覆盖
how to get esim for iphone italy,国家·设备兼容,国家·设备,国家页,新 FAQ：手机支持吗（链兼容性检查器）,37.0,,en,已覆盖
esim hong kong iphone,国家·设备兼容,国家·设备,国家页,新 FAQ：手机支持吗（链兼容性检查器）,36.5,,en,已覆盖
best esim for mexico iphone,国家·设备兼容,国家·设备,国家页,新 FAQ：手机支持吗（链兼容性检查器）,35.1,,en,已覆盖
esim canada iphone 12,国家·设备兼容,国家·设备,国家页,新 FAQ：手机支持吗（链兼容性检查器）,35.1,,en,已覆盖
esim china iphone air,国家·设备兼容,国家·设备,国家页,新 FAQ：手机支持吗（链兼容性检查器）,35.1,,en,已覆盖
esim compatible phones uk,国家·设备兼容,国家·设备,国家页,新 FAQ：手机支持吗（链兼容性检查器）,35.1,,en,已覆盖
esim for android in india,国家·设备兼容,国家·设备,国家页,新 FAQ：手机支持吗（链兼容性检查器）,35.1,,en,已覆盖
esim for japan iphone 16,国家·设备兼容,国家·设备,国家页,新 FAQ：手机支持吗（链兼容性检查器）,35.1,,en,已覆盖
esim for kids apple watch australia,国家·设备兼容,国家·设备,国家页,新 FAQ：手机支持吗（链兼容性检查器）,35.1,,en,已覆盖
esim france iphone 17,国家·设备兼容,国家·设备,国家页,新 FAQ：手机支持吗（链兼容性检查器）,35.1,,en,已覆盖
esim hong kong iphone 15,国家·设备兼容,国家·设备,国家页,新 FAQ：手机支持吗（链兼容性检查器）,35.1,,en,已覆盖
esim iphone 11 uk,国家·设备兼容,国家·设备,国家页,新 FAQ：手机支持吗（链兼容性检查器）,35.1,,en,已覆盖
esim iphone egypt,国家·设备兼容,国家·设备,国家页,新 FAQ：手机支持吗（链兼容性检查器）,35.1,,en,已覆盖
esim iphone south africa travel,国家·设备兼容,国家·设备,国家页,新 FAQ：手机支持吗（链兼容性检查器）,35.1,,en,已覆盖
esim italy iphone 16,国家·设备兼容,国家·设备,国家页,新 FAQ：手机支持吗（链兼容性检查器）,35.1,,en,已覆盖
esim korea iphone 17,国家·设备兼容,国家·设备,国家页,新 FAQ：手机支持吗（链兼容性检查器）,35.1,,en,已覆盖
esim mexico iphone 16,国家·设备兼容,国家·设备,国家页,新 FAQ：手机支持吗（链兼容性检查器）,35.1,,en,已覆盖
esim philippines iphone 17 pro max,国家·设备兼容,国家·设备,国家页,新 FAQ：手机支持吗（链兼容性检查器）,35.1,,en,已覆盖
esim thailand iphone 17,国家·设备兼容,国家·设备,国家页,新 FAQ：手机支持吗（链兼容性检查器）,35.1,,en,已覆盖
esim usa für iphone,国家·设备兼容,国家·设备,国家页,新 FAQ：手机支持吗（链兼容性检查器）,35.1,,de,已覆盖
how to get esim in india for iphone,国家·设备兼容,国家·设备,国家页,新 FAQ：手机支持吗（链兼容性检查器）,35.1,,en,已覆盖
south korea esim for iphone,国家·设备兼容,国家·设备,国家页,新 FAQ：手机支持吗（链兼容性检查器）,35.1,,en,已覆盖
uk esim for iphone 11,国家·设备兼容,国家·设备,国家页,新 FAQ：手机支持吗（链兼容性检查器）,35.1,,en,已覆盖
us esim for iphone,国家·设备兼容,国家·设备,国家页,新 FAQ：手机支持吗（链兼容性检查器）,35.1,,en,已覆盖
vietnam esim iphone 17,国家·设备兼容,国家·设备,国家页,新 FAQ：手机支持吗（链兼容性检查器）,35.1,,en,已覆盖
which esim is best in india for iphone,国家·设备兼容,国家·设备,国家页,新 FAQ：手机支持吗（链兼容性检查器）,35.1,,en,已覆盖
iphone dual sim price in qatar,国家·设备兼容,国家·设备,国家页,新 FAQ：手机支持吗（链兼容性检查器）,34.1,,en,已覆盖
esim australia iphone 11,国家·设备兼容,国家·设备,国家页,新 FAQ：手机支持吗（链兼容性检查器）,33.2,,en,已覆盖
esim canada iphone 13,国家·设备兼容,国家·设备,国家页,新 FAQ：手机支持吗（链兼容性检查器）,33.2,,en,已覆盖
esim china iphone 13,国家·设备兼容,国家·设备,国家页,新 FAQ：手机支持吗（链兼容性检查器）,33.2,,en,已覆盖
esim for japan iphone 14,国家·设备兼容,国家·设备,国家页,新 FAQ：手机支持吗（链兼容性检查器）,33.2,,en,已覆盖
esim mexico iphone 17,国家·设备兼容,国家·设备,国家页,新 FAQ：手机支持吗（链兼容性检查器）,33.2,,en,已覆盖
best esim for costa rica iphone,国家·设备兼容,国家·设备,国家页,新 FAQ：手机支持吗（链兼容性检查器）,32.8,,en,已覆盖
is esim available in india for iphone 17 pro,国家·设备兼容,国家·设备,国家页,新 FAQ：手机支持吗（链兼容性检查器）,32.8,,en,已覆盖
best esim for fiji iphone,国家·设备兼容,国家·设备,国家页,新 FAQ：手机支持吗（链兼容性检查器）,31.4,,en,已覆盖
best esim for korea iphone,国家·设备兼容,国家·设备,国家页,新 FAQ：手机支持吗（链兼容性检查器）,31.4,,en,已覆盖
does esim iphone work in philippines,国家·设备兼容,国家·设备,国家页,新 FAQ：手机支持吗（链兼容性检查器）,31.4,,en,已覆盖
does mexico have esim for iphone,国家·设备兼容,国家·设备,国家页,新 FAQ：手机支持吗（链兼容性检查器）,31.4,,en,已覆盖
does vietnam have esim for iphone,国家·设备兼容,国家·设备,国家页,新 FAQ：手机支持吗（链兼容性检查器）,31.4,,en,已覆盖
esim canada iphone 14,国家·设备兼容,国家·设备,国家页,新 FAQ：手机支持吗（链兼容性检查器）,31.4,,en,已覆盖
esim china iphone 15,国家·设备兼容,国家·设备,国家页,新 FAQ：手机支持吗（链兼容性检查器）,31.4,,en,已覆盖
esim for android japan,国家·设备兼容,国家·设备,国家页,新 FAQ：手机支持吗（链兼容性检查器）,31.4,,en,已覆盖
esim hong kong android,国家·设备兼容,国家·设备,国家页,新 FAQ：手机支持吗（链兼容性检查器）,31.4,,en,已覆盖
esim hong kong iphone 14,国家·设备兼容,国家·设备,国家页,新 FAQ：手机支持吗（链兼容性检查器）,31.4,,en,已覆盖
esim india iphone 16,国家·设备兼容,国家·设备,国家页,新 FAQ：手机支持吗（链兼容性检查器）,31.4,,en,已覆盖
esim israel iphone,国家·设备兼容,国家·设备,国家页,新 FAQ：手机支持吗（链兼容性检查器）,31.4,,en,已覆盖
esim japan iphone 12,国家·设备兼容,国家·设备,国家页,新 FAQ：手机支持吗（链兼容性检查器）,31.4,,en,已覆盖
esim mexico iphone 15,国家·设备兼容,国家·设备,国家页,新 FAQ：手机支持吗（链兼容性检查器）,31.4,,en,已覆盖
esim philippines iphone,国家·设备兼容,国家·设备,国家页,新 FAQ：手机支持吗（链兼容性检查器）,31.4,,en,已覆盖
esim uk iphone 13,国家·设备兼容,国家·设备,国家页,新 FAQ：手机支持吗（链兼容性检查器）,31.4,,en,已覆盖
esim usa einrichten iphone,国家·设备兼容,国家·设备,国家页,新 FAQ：手机支持吗（链兼容性检查器）,31.4,,en,已覆盖
free usa esim for iphone,国家·设备兼容,国家·设备,国家页,新 FAQ：手机支持吗（链兼容性检查器）,31.4,,en,已覆盖
how to get an esim for iphone in india,国家·设备兼容,国家·设备,国家页,新 FAQ：手机支持吗（链兼容性检查器）,31.4,,en,已覆盖
how to get an esim for iphone uk,国家·设备兼容,国家·设备,国家页,新 FAQ：手机支持吗（链兼容性检查器）,31.4,,en,已覆盖
iphone 14 hong kong esim,国家·设备兼容,国家·设备,国家页,新 FAQ：手机支持吗（链兼容性检查器）,31.4,,en,已覆盖
is iphone esim available in the philippines,国家·设备兼容,国家·设备,国家页,新 FAQ：手机支持吗（链兼容性检查器）,31.4,,en,已覆盖
uk esim for iphone 13,国家·设备兼容,国家·设备,国家页,新 FAQ：手机支持吗（链兼容性检查器）,31.4,,en,已覆盖
best esim for philippines iphone,国家·设备兼容,国家·设备,国家页,新 FAQ：手机支持吗（链兼容性检查器）,29.5,,en,已覆盖
esim australia iphone 13,国家·设备兼容,国家·设备,国家页,新 FAQ：手机支持吗（链兼容性检查器）,29.5,,en,已覆盖
esim canada iphone 11,国家·设备兼容,国家·设备,国家页,新 FAQ：手机支持吗（链兼容性检查器）,29.5,,en,已覆盖
esim china iphone 14,国家·设备兼容,国家·设备,国家页,新 FAQ：手机支持吗（链兼容性检查器）,29.5,,en,已覆盖
best esim for argentina iphone,国家·设备兼容,国家·设备,国家页,新 FAQ：手机支持吗（链兼容性检查器）,29.0,,en,已覆盖
best esim for peru iphone,国家·设备兼容,国家·设备,国家页,新 FAQ：手机支持吗（链兼容性检查器）,29.0,,en,已覆盖
best esim for poland iphone,国家·设备兼容,国家·设备,国家页,新 FAQ：手机支持吗（链兼容性检查器）,29.0,,en,已覆盖
esim for israel iphone,国家·设备兼容,国家·设备,国家页,新 FAQ：手机支持吗（链兼容性检查器）,29.0,,en,已覆盖
is esim available in india for iphone 17,国家·设备兼容,国家·设备,国家页,新 FAQ：手机支持吗（链兼容性检查器）,29.0,,en,已覆盖
esim for colombia iphone,国家·设备兼容,国家·设备,国家页,新 FAQ：手机支持吗（链兼容性检查器）,27.6,,en,已覆盖
esim iphone france,国家·设备兼容,国家·设备,国家页,新 FAQ：手机支持吗（链兼容性检查器）,27.6,,en,已覆盖
esim iphone thailand,国家·设备兼容,国家·设备,国家页,新 FAQ：手机支持吗（链兼容性检查器）,27.6,,en,已覆盖
esim japan iphone 11,国家·设备兼容,国家·设备,国家页,新 FAQ：手机支持吗（链兼容性检查器）,27.6,,en,已覆盖
esim thailand iphone 14,国家·设备兼容,国家·设备,国家页,新 FAQ：手机支持吗（链兼容性检查器）,27.6,,en,已覆盖
free esim number usa for iphone,国家·设备兼容,国家·设备,国家页,新 FAQ：手机支持吗（链兼容性检查器）,27.6,,en,已覆盖
how to get esim for iphone in korea,国家·设备兼容,国家·设备,国家页,新 FAQ：手机支持吗（链兼容性检查器）,27.6,,en,已覆盖
iphone 12 esim thailand,国家·设备兼容,国家·设备,国家页,新 FAQ：手机支持吗（链兼容性检查器）,27.6,,en,已覆盖
iphone 17 pro hong kong esim,国家·设备兼容,国家·设备,国家页,新 FAQ：手机支持吗（链兼容性检查器）,27.6,,en,已覆盖
japan esim for iphone 17 pro max,国家·设备兼容,国家·设备,国家页,新 FAQ：手机支持吗（链兼容性检查器）,27.6,,en,已覆盖
uk esim for iphone 15,国家·设备兼容,国家·设备,国家页,新 FAQ：手机支持吗（链兼容性检查器）,27.6,,en,已覆盖
which esim is best for japan iphone,国家·设备兼容,国家·设备,国家页,新 FAQ：手机支持吗（链兼容性检查器）,27.6,,en,已覆盖
is esim available in india for iphone 14,国家·设备兼容,国家·设备,国家页,新 FAQ：手机支持吗（链兼容性检查器）,27.1,,en,已覆盖
does philippines have esim for iphone,国家·设备兼容,国家·设备,国家页,新 FAQ：手机支持吗（链兼容性检查器）,25.8,,en,已覆盖
esim australia iphone 12,国家·设备兼容,国家·设备,国家页,新 FAQ：手机支持吗（链兼容性检查器）,25.8,,en,已覆盖
esim china iphone 12,国家·设备兼容,国家·设备,国家页,新 FAQ：手机支持吗（链兼容性检查器）,25.8,,en,已覆盖
esim mexico iphone 14,国家·设备兼容,国家·设备,国家页,新 FAQ：手机支持吗（链兼容性检查器）,25.8,,en,已覆盖
esim thailand iphone 11,国家·设备兼容,国家·设备,国家页,新 FAQ：手机支持吗（链兼容性检查器）,25.8,,en,已覆盖
best esim for brazil iphone,国家·设备兼容,国家·设备,国家页,新 FAQ：手机支持吗（链兼容性检查器）,25.2,,en,已覆盖
best esim for new zealand iphone,国家·设备兼容,国家·设备,国家页,新 FAQ：手机支持吗（链兼容性检查器）,25.2,,en,已覆盖
best esim for saudi arabia iphone,国家·设备兼容,国家·设备,国家页,新 FAQ：手机支持吗（链兼容性检查器）,25.2,,en,已覆盖
best esim for england iphone,国家·设备兼容,国家·设备,国家页,新 FAQ：手机支持吗（链兼容性检查器）,23.9,,en,已覆盖
best esim for nz iphone,国家·设备兼容,国家·设备,国家页,新 FAQ：手机支持吗（链兼容性检查器）,23.9,,en,已覆盖
cheapest esim for ipad singapore,国家·设备兼容,国家·设备,国家页,新 FAQ：手机支持吗（链兼容性检查器）,23.9,,en,已覆盖
cheapest esim for watch australia,国家·设备兼容,国家·设备,国家页,新 FAQ：手机支持吗（链兼容性检查器）,23.9,,en,已覆盖
does iphone esim work in egypt,国家·设备兼容,国家·设备,国家页,新 FAQ：手机支持吗（链兼容性检查器）,23.9,,en,已覆盖
esim china iphone 16 pro,国家·设备兼容,国家·设备,国家页,新 FAQ：手机支持吗（链兼容性检查器）,23.9,,en,已覆盖
esim compatible phones in philippines,国家·设备兼容,国家·设备,国家页,新 FAQ：手机支持吗（链兼容性检查器）,23.9,,en,已覆盖
esim hong kong iphone 13,国家·设备兼容,国家·设备,国家页,新 FAQ：手机支持吗（链兼容性检查器）,23.9,,en,已覆盖
esim hong kong iphone 17 pro,国家·设备兼容,国家·设备,国家页,新 FAQ：手机支持吗（链兼容性检查器）,23.9,,en,已覆盖
esim japan iphone se,国家·设备兼容,国家·设备,国家页,新 FAQ：手机支持吗（链兼容性检查器）,23.9,,en,已覆盖
esim usa iphone 12,国家·设备兼容,国家·设备,国家页,新 FAQ：手机支持吗（链兼容性检查器）,23.9,,en,已覆盖
iphone 17 esim hong kong reddit,国家·设备兼容,国家·设备,国家页,新 FAQ：手机支持吗（链兼容性检查器）,23.9,,en,已覆盖
iphone esim for usa travel,国家·设备兼容,国家·设备,国家页,新 FAQ：手机支持吗（链兼容性检查器）,23.9,,en,已覆盖
japan esim for iphone 16 pro max,国家·设备兼容,国家·设备,国家页,新 FAQ：手机支持吗（链兼容性检查器）,23.9,,en,已覆盖
best esim for iceland iphone,国家·设备兼容,国家·设备,国家页,新 FAQ：手机支持吗（链兼容性检查器）,22.9,,en,已覆盖
best esim for australia iphone,国家·设备兼容,国家·设备,国家页,新 FAQ：手机支持吗（链兼容性检查器）,22.0,,en,已覆盖
best esim for canada iphone,国家·设备兼容,国家·设备,国家页,新 FAQ：手机支持吗（链兼容性检查器）,22.0,,en,已覆盖
does philippines have esim for iphone 14,国家·设备兼容,国家·设备,国家页,新 FAQ：手机支持吗（链兼容性检查器）,22.0,,en,已覆盖
esim china iphone 11,国家·设备兼容,国家·设备,国家页,新 FAQ：手机支持吗（链兼容性检查器）,22.0,,en,已覆盖
esim hong kong iphone 15 pro,国家·设备兼容,国家·设备,国家页,新 FAQ：手机支持吗（链兼容性检查器）,22.0,,en,已覆盖
esim uk iphone 12,国家·设备兼容,国家·设备,国家页,新 FAQ：手机支持吗（链兼容性检查器）,22.0,,en,已覆盖
best esim for thailand iphone,国家·设备兼容,国家·设备,国家页,新 FAQ：手机支持吗（链兼容性检查器）,20.1,,en,已覆盖
best esim uk for iphone,国家·设备兼容,国家·设备,国家页,新 FAQ：手机支持吗（链兼容性检查器）,20.1,,en,已覆盖
cheapest esim for ipad australia,国家·设备兼容,国家·设备,国家页,新 FAQ：手机支持吗（链兼容性检查器）,20.1,,en,已覆盖
esim china iphone 17 pro,国家·设备兼容,国家·设备,国家页,新 FAQ：手机支持吗（链兼容性检查器）,20.1,,en,已覆盖
esim for japan iphone,国家·设备兼容,国家·设备,国家页,新 FAQ：手机支持吗（链兼容性检查器）,20.1,,en,已覆盖
esim japan iphone 8,国家·设备兼容,国家·设备,国家页,新 FAQ：手机支持吗（链兼容性检查器）,20.1,,en,已覆盖
esim only plans singapore,国家·设备兼容,国家·设备,国家页,新 FAQ：手机支持吗（链兼容性检查器）,20.1,,en,已覆盖
esim spain iphone,国家·设备兼容,国家·设备,国家页,新 FAQ：手机支持吗（链兼容性检查器）,20.1,,en,已覆盖
esim thailand iphone 8,国家·设备兼容,国家·设备,国家页,新 FAQ：手机支持吗（链兼容性检查器）,20.1,,en,已覆盖
esim usa iphone 13,国家·设备兼容,国家·设备,国家页,新 FAQ：手机支持吗（链兼容性检查器）,20.1,,en,已覆盖
japan esim for iphone 17 pro,国家·设备兼容,国家·设备,国家页,新 FAQ：手机支持吗（链兼容性检查器）,20.1,,en,已覆盖
uk esim iphone 17 pro,国家·设备兼容,国家·设备,国家页,新 FAQ：手机支持吗（链兼容性检查器）,20.1,,en,已覆盖
best esim for europe from canada for iphone,国家·设备兼容,国家·设备,国家页,新 FAQ：手机支持吗（链兼容性检查器）,18.2,,en,已覆盖
best esim for iphone philippines reddit,国家·设备兼容,国家·设备,国家页,新 FAQ：手机支持吗（链兼容性检查器）,18.2,,en,已覆盖
add esim hong kong iphone,国家·设备兼容,国家·设备,国家页,新 FAQ：手机支持吗（链兼容性检查器）,16.4,,en,已覆盖
cheapest esim phone for android philippines,国家·设备兼容,国家·设备,国家页,新 FAQ：手机支持吗（链兼容性检查器）,16.4,,en,已覆盖
e sim uk iphone,国家·设备兼容,国家·设备,国家页,新 FAQ：手机支持吗（链兼容性检查器）,16.4,,en,已覆盖
esim china vpn iphone,国家·设备兼容,国家·设备,国家页,新 FAQ：手机支持吗（链兼容性检查器）,16.4,,en,已覆盖
esim compatible phones south africa,国家·设备兼容,国家·设备,国家页,新 FAQ：手机支持吗（链兼容性检查器）,16.4,,en,已覆盖
esim for japan iphone reddit,国家·设备兼容,国家·设备,国家页,新 FAQ：手机支持吗（链兼容性检查器）,16.4,,en,已覆盖
esim iphone philippines reddit,国家·设备兼容,国家·设备,国家页,新 FAQ：手机支持吗（链兼容性检查器）,16.4,,en,已覆盖
esim japan iphone 12 mini,国家·设备兼容,国家·设备,国家页,新 FAQ：手机支持吗（链兼容性检查器）,16.4,,en,已覆盖
esim thailand iphone 12,国家·设备兼容,国家·设备,国家页,新 FAQ：手机支持吗（链兼容性检查器）,16.4,,en,已覆盖
iphone 16 esim usa,国家·设备兼容,国家·设备,国家页,新 FAQ：手机支持吗（链兼容性检查器）,16.4,,en,已覆盖
japan esim card for iphone,国家·设备兼容,国家·设备,国家页,新 FAQ：手机支持吗（链兼容性检查器）,16.4,,en,已覆盖
best esim for japan,国家·核心,国家·选哪家,国家页,H1 下方的 verdict 段 + #plans 表头,69.5,0.0054,en,已覆盖
best esim for usa,国家·核心,国家·选哪家,国家页,H1 下方的 verdict 段 + #plans 表头,71.5,0.003,en,已覆盖
best esim for uk,国家·核心,国家·选哪家,国家页,H1 下方的 verdict 段 + #plans 表头,65.2,0.0012,en,已覆盖
best esim for saudi arabia,国家·核心,国家·选哪家,国家页,H1 下方的 verdict 段 + #plans 表头,70.8,0.0,en,已覆盖
best esim singapore,国家·核心,国家·选哪家,国家页,H1 下方的 verdict 段 + #plans 表头,70.8,0.0,en,已覆盖
best esim for italy,国家·核心,国家·选哪家,国家页,H1 下方的 verdict 段 + #plans 表头,67.0,0.0,en,已覆盖
best esim for malaysia,国家·核心,国家·选哪家,国家页,H1 下方的 verdict 段 + #plans 表头,67.0,0.0,en,已覆盖
best esim for new zealand,国家·核心,国家·选哪家,国家页,H1 下方的 verdict 段 + #plans 表头,65.8,0.0,en,已覆盖
best esim for vietnam,国家·核心,国家·选哪家,国家页,H1 下方的 verdict 段 + #plans 表头,65.1,,en,已覆盖
best esim for china,国家·核心,国家·选哪家,国家页,H1 下方的 verdict 段 + #plans 表头,64.5,,en,已覆盖
best esim for spain,国家·核心,国家·选哪家,国家页,H1 下方的 verdict 段 + #plans 表头,63.3,,en,已覆盖
best esim for australia,国家·核心,国家·选哪家,国家页,H1 下方的 verdict 段 + #plans 表头,62.0,,en,已覆盖
best esim for south africa,国家·核心,国家·选哪家,国家页,H1 下方的 verdict 段 + #plans 表头,62.0,,en,已覆盖
best esim australia,国家·核心,国家·选哪家,国家页,H1 下方的 verdict 段 + #plans 表头,60.8,,en,已覆盖
best esim for thailand,国家·核心,国家·选哪家,国家页,H1 下方的 verdict 段 + #plans 表头,60.8,,en,已覆盖
best esim for indonesia,国家·核心,国家·选哪家,国家页,H1 下方的 verdict 段 + #plans 表头,59.5,,en,已覆盖
best esim for cairo egypt,国家·核心,国家·选哪家,国家页,H1 下方的 verdict 段 + #plans 表头,49.1,,en,已覆盖
best esim for czech republic reddit,国家·核心,国家·选哪家,国家页,H1 下方的 verdict 段 + #plans 表头,49.1,,en,已覆盖
best esim colombia reddit,国家·核心,国家·选哪家,国家页,H1 下方的 verdict 段 + #plans 表头,47.8,,en,已覆盖
best esim for argentina and chile,国家·核心,国家·选哪家,国家页,H1 下方的 verdict 段 + #plans 表头,47.8,,en,已覆盖
best esim for athens greece,国家·核心,国家·选哪家,国家页,H1 下方的 verdict 段 + #plans 表头,47.8,,en,已覆盖
best esim for bangkok thailand,国家·核心,国家·选哪家,国家页,H1 下方的 verdict 段 + #plans 表头,47.8,,en,已覆盖
best esim for beijing china,国家·核心,国家·选哪家,国家页,H1 下方的 verdict 段 + #plans 表头,47.8,,en,已覆盖
best esim for berlin germany,国家·核心,国家·选哪家,国家页,H1 下方的 verdict 段 + #plans 表头,47.8,,en,已覆盖
best esim for dublin ireland,国家·核心,国家·选哪家,国家页,H1 下方的 verdict 段 + #plans 表头,47.8,,en,已覆盖
best esim for iceland,国家·核心,国家·选哪家,国家页,H1 下方的 verdict 段 + #plans 表头,47.8,,en,已覆盖
best esim for kenya and tanzania,国家·核心,国家·选哪家,国家页,H1 下方的 verdict 段 + #plans 表头,47.8,,en,已覆盖
best esim for lisbon portugal,国家·核心,国家·选哪家,国家页,H1 下方的 verdict 段 + #plans 表头,47.8,,en,已覆盖
best esim for poland reddit,国家·核心,国家·选哪家,国家页,H1 下方的 verdict 段 + #plans 表头,47.8,,en,已覆盖
best esim for rome italy,国家·核心,国家·选哪家,国家页,H1 下方的 verdict 段 + #plans 表头,47.8,,en,已覆盖
best esim for saudi arabia umrah,国家·核心,国家·选哪家,国家页,H1 下方的 verdict 段 + #plans 表头,47.8,,en,已覆盖
best esim for seoul korea,国家·核心,国家·选哪家,国家页,H1 下方的 verdict 段 + #plans 表头,47.8,,en,已覆盖
best esim for sydney australia,国家·核心,国家·选哪家,国家页,H1 下方的 verdict 段 + #plans 表头,47.8,,en,已覆盖
best esim for tokyo japan,国家·核心,国家·选哪家,国家页,H1 下方的 verdict 段 + #plans 表头,47.8,,en,已覆盖
which esim is best for canadians in mexico,国家·核心,国家·选哪家,国家页,H1 下方的 verdict 段 + #plans 表头,47.8,,en,已覆盖
best esim austria reddit,国家·核心,国家·选哪家,国家页,H1 下方的 verdict 段 + #plans 表头,46.4,,en,已覆盖
best esim belgium reddit,国家·核心,国家·选哪家,国家页,H1 下方的 verdict 段 + #plans 表头,46.4,,en,已覆盖
best esim card indonesia,国家·核心,国家·选哪家,国家页,H1 下方的 verdict 段 + #plans 表头,46.4,,en,已覆盖
best esim costa rica reddit,国家·核心,国家·选哪家,国家页,H1 下方的 verdict 段 + #plans 表头,46.4,,en,已覆盖
best esim fiji reddit,国家·核心,国家·选哪家,国家页,H1 下方的 verdict 段 + #plans 表头,46.4,,en,已覆盖
best esim for america from uk,国家·核心,国家·选哪家,国家页,H1 下方的 verdict 段 + #plans 表头,46.4,,en,已覆盖
best esim for asia and china,国家·核心,国家·选哪家,国家页,H1 下方的 verdict 段 + #plans 表头,46.4,,en,已覆盖
best esim for australia 2026,国家·核心,国家·选哪家,国家页,H1 下方的 verdict 段 + #plans 表头,46.4,,en,已覆盖
best esim for australia telstra,国家·核心,国家·选哪家,国家页,H1 下方的 verdict 段 + #plans 表头,46.4,,en,已覆盖
best esim for brazil reddit,国家·核心,国家·选哪家,国家页,H1 下方的 verdict 段 + #plans 表头,46.4,,en,已覆盖
best esim for canada tourist,国家·核心,国家·选哪家,国家页,H1 下方的 verdict 段 + #plans 表头,46.4,,en,已覆盖
best esim for china 2026 reddit,国家·核心,国家·选哪家,国家页,H1 下方的 verdict 段 + #plans 表头,46.4,,en,已覆盖
best esim for china with vpn,国家·核心,国家·选哪家,国家页,H1 下方的 verdict 段 + #plans 表头,46.4,,en,已覆盖
best esim for costa rica reddit,国家·核心,国家·选哪家,国家页,H1 下方的 verdict 段 + #plans 表头,46.4,,en,已覆盖
best esim for dubai from uk,国家·核心,国家·选哪家,国家页,H1 下方的 verdict 段 + #plans 表头,46.4,,en,已覆盖
best esim for egypt vodafone,国家·核心,国家·选哪家,国家页,H1 下方的 verdict 段 + #plans 表头,46.4,,en,已覆盖
best esim for england and europe,国家·核心,国家·选哪家,国家页,H1 下方的 verdict 段 + #plans 表头,46.4,,en,已覆盖
best esim for europe and usa,国家·核心,国家·选哪家,国家页,H1 下方的 verdict 段 + #plans 表头,46.4,,en,已覆盖
best esim for france 2026,国家·核心,国家·选哪家,国家页,H1 下方的 verdict 段 + #plans 表头,46.4,,en,已覆盖
best esim for france reviews,国家·核心,国家·选哪家,国家页,H1 下方的 verdict 段 + #plans 表头,46.4,,en,已覆盖
best esim for georgia and armenia,国家·核心,国家·选哪家,国家页,H1 下方的 verdict 段 + #plans 表头,46.4,,en,已覆盖
best esim for germany data,国家·核心,国家·选哪家,国家页,H1 下方的 verdict 段 + #plans 表头,46.4,,en,已覆盖
best esim for germany reddit,国家·核心,国家·选哪家,国家页,H1 下方的 verdict 段 + #plans 表头,46.4,,en,已覆盖
best esim for greece and turkey,国家·核心,国家·选哪家,国家页,H1 下方的 verdict 段 + #plans 表头,46.4,,en,已覆盖
best esim for india 2026,国家·核心,国家·选哪家,国家页,H1 下方的 verdict 段 + #plans 表头,46.4,,en,已覆盖
best esim for italy travel,国家·核心,国家·选哪家,国家页,H1 下方的 verdict 段 + #plans 表头,46.4,,en,已覆盖
best esim for japan 2026 reddit,国家·核心,国家·选哪家,国家页,H1 下方的 verdict 段 + #plans 表头,46.4,,en,已覆盖
best esim for japan reddit,国家·核心,国家·选哪家,国家页,H1 下方的 verdict 段 + #plans 表头,46.4,,en,已覆盖
best esim for korea 2026,国家·核心,国家·选哪家,国家页,H1 下方的 verdict 段 + #plans 表头,46.4,,en,已覆盖
best esim for long stay in japan,国家·核心,国家·选哪家,国家页,H1 下方的 verdict 段 + #plans 表头,46.4,,en,已覆盖
best esim for malaysia 2026,国家·核心,国家·选哪家,国家页,H1 下方的 verdict 段 + #plans 表头,46.4,,en,已覆盖
best esim for morocco 2026,国家·核心,国家·选哪家,国家页,H1 下方的 verdict 段 + #plans 表头,46.4,,en,已覆盖
best esim for netherlands,国家·核心,国家·选哪家,国家页,H1 下方的 verdict 段 + #plans 表头,46.4,,en,已覆盖
best esim for new zealand 2026,国家·核心,国家·选哪家,国家页,H1 下方的 verdict 段 + #plans 表头,46.4,,en,已覆盖
best esim for nz travel,国家·核心,国家·选哪家,国家页,H1 下方的 verdict 段 + #plans 表头,46.4,,en,已覆盖
best esim for paris france,国家·核心,国家·选哪家,国家页,H1 下方的 verdict 段 + #plans 表头,46.4,,en,已覆盖
best esim for peru reddit,国家·核心,国家·选哪家,国家页,H1 下方的 verdict 段 + #plans 表头,46.4,,en,已覆盖
best esim for philippines 2026,国家·核心,国家·选哪家,国家页,H1 下方的 verdict 段 + #plans 表头,46.4,,en,已覆盖
best esim for philippines travel,国家·核心,国家·选哪家,国家页,H1 下方的 verdict 段 + #plans 表头,46.4,,en,已覆盖
best esim for portugal 2026,国家·核心,国家·选哪家,国家页,H1 下方的 verdict 段 + #plans 表头,46.4,,en,已覆盖
best esim for qatar reddit,国家·核心,国家·选哪家,国家页,H1 下方的 verdict 段 + #plans 表头,46.4,,en,已覆盖
best esim for switzerland 2026,国家·核心,国家·选哪家,国家页,H1 下方的 verdict 段 + #plans 表头,46.4,,en,已覆盖
best esim for taiwan reddit,国家·核心,国家·选哪家,国家页,H1 下方的 verdict 段 + #plans 表头,46.4,,en,已覆盖
best esim for usa road trip,国家·核心,国家·选哪家,国家页,H1 下方的 verdict 段 + #plans 表头,46.4,,en,已覆盖
best esim georgia reddit,国家·核心,国家·选哪家,国家页,H1 下方的 verdict 段 + #plans 表头,46.4,,en,已覆盖
best esim germany reddit,国家·核心,国家·选哪家,国家页,H1 下方的 verdict 段 + #plans 表头,46.4,,en,已覆盖
best esim greece reddit,国家·核心,国家·选哪家,国家页,H1 下方的 verdict 段 + #plans 表头,46.4,,en,已覆盖
best esim iceland reddit,国家·核心,国家·选哪家,国家页,H1 下方的 verdict 段 + #plans 表头,46.4,,en,已覆盖
best esim ireland reddit,国家·核心,国家·选哪家,国家页,H1 下方的 verdict 段 + #plans 表头,46.4,,en,已覆盖
best esim japan 2026 reddit,国家·核心,国家·选哪家,国家页,H1 下方的 verdict 段 + #plans 表头,46.4,,en,已覆盖
best esim kenya reddit,国家·核心,国家·选哪家,国家页,H1 下方的 verdict 段 + #plans 表头,46.4,,en,已覆盖
best esim poland reddit,国家·核心,国家·选哪家,国家页,H1 下方的 verdict 段 + #plans 表头,46.4,,en,已覆盖
best esim portugal reddit,国家·核心,国家·选哪家,国家页,H1 下方的 verdict 段 + #plans 表头,46.4,,en,已覆盖
best roaming esim indonesia,国家·核心,国家·选哪家,国家页,H1 下方的 verdict 段 + #plans 表头,46.4,,en,已覆盖
reddit best esim spain,国家·核心,国家·选哪家,国家页,H1 下方的 verdict 段 + #plans 表头,46.4,,en,已覆盖
which esim card is best for italy,国家·核心,国家·选哪家,国家页,H1 下方的 verdict 段 + #plans 表头,46.4,,en,已覆盖
which esim for costa rica,国家·核心,国家·选哪家,国家页,H1 下方的 verdict 段 + #plans 表头,46.4,,en,已覆盖
which esim is best for canada and alaska,国家·核心,国家·选哪家,国家页,H1 下方的 verdict 段 + #plans 表头,46.4,,en,已覆盖
which esim is best for hong kong travel,国家·核心,国家·选哪家,国家页,H1 下方的 verdict 段 + #plans 表头,46.4,,en,已覆盖
which esim is best for india travel,国家·核心,国家·选哪家,国家页,H1 下方的 verdict 段 + #plans 表头,46.4,,en,已覆盖
which esim is best for japan travel,国家·核心,国家·选哪家,国家页,H1 下方的 verdict 段 + #plans 表头,46.4,,en,已覆盖
which esim is best for thailand tourists,国家·核心,国家·选哪家,国家页,H1 下方的 verdict 段 + #plans 表头,46.4,,en,已覆盖
which esim is best for uk travel,国家·核心,国家·选哪家,国家页,H1 下方的 verdict 段 + #plans 表头,46.4,,en,已覆盖
which esim is best for vietnam tourists,国家·核心,国家·选哪家,国家页,H1 下方的 verdict 段 + #plans 表头,46.4,,en,已覆盖
which esim is good for korea,国家·核心,国家·选哪家,国家页,H1 下方的 verdict 段 + #plans 表头,46.4,,en,已覆盖
which esim is good for morocco,国家·核心,国家·选哪家,国家页,H1 下方的 verdict 段 + #plans 表头,46.4,,en,已覆盖
which esim is good for saudi arabia,国家·核心,国家·选哪家,国家页,H1 下方的 verdict 段 + #plans 表头,46.4,,en,已覆盖
which esim is good for taiwan,国家·核心,国家·选哪家,国家页,H1 下方的 verdict 段 + #plans 表头,46.4,,en,已覆盖
which esim provider is best in greece,国家·核心,国家·选哪家,国家页,H1 下方的 verdict 段 + #plans 表头,46.4,,en,已覆盖
which esim.works best in south africa,国家·核心,国家·选哪家,国家页,H1 下方的 verdict 段 + #plans 表头,46.4,,en,已覆盖
which is the best esim card for indonesia,国家·核心,国家·选哪家,国家页,H1 下方的 verdict 段 + #plans 表头,46.4,,en,已覆盖
best esim for bali from australia,国家·核心,国家·选哪家,国家页,H1 下方的 verdict 段 + #plans 表头,45.9,,en,已覆盖
best esim for delhi india,国家·核心,国家·选哪家,国家页,H1 下方的 verdict 段 + #plans 表头,45.9,,en,已覆盖
best esim for great britain,国家·核心,国家·选哪家,国家页,H1 下方的 verdict 段 + #plans 表头,45.9,,en,已覆盖
best esim for lima peru,国家·核心,国家·选哪家,国家页,H1 下方的 verdict 段 + #plans 表头,45.9,,en,已覆盖
best esim for marrakech morocco,国家·核心,国家·选哪家,国家页,H1 下方的 verdict 段 + #plans 表头,45.9,,en,已覆盖
best esim for tbilisi georgia,国家·核心,国家·选哪家,国家页,H1 下方的 verdict 段 + #plans 表头,45.9,,en,已覆盖
best esim for iceland 2026,国家·核心,国家·选哪家,国家页,H1 下方的 verdict 段 + #plans 表头,45.4,,en,已覆盖
best esim croatia reddit,国家·核心,国家·选哪家,国家页,H1 下方的 verdict 段 + #plans 表头,44.5,,en,已覆盖
best esim for malaysia review,国家·核心,国家·选哪家,国家页,H1 下方的 verdict 段 + #plans 表头,44.5,,en,已覆盖
best esim for morocco review,国家·核心,国家·选哪家,国家页,H1 下方的 verdict 段 + #plans 表头,44.5,,en,已覆盖
best esim for south africa and namibia,国家·核心,国家·选哪家,国家页,H1 下方的 verdict 段 + #plans 表头,44.5,,en,已覆盖
best esim france reddit,国家·核心,国家·选哪家,国家页,H1 下方的 verdict 段 + #plans 表头,44.5,,en,已覆盖
best esim israel reddit,国家·核心,国家·选哪家,国家页,H1 下方的 verdict 段 + #plans 表头,44.5,,en,已覆盖
best esim peru reddit,国家·核心,国家·选哪家,国家页,H1 下方的 verdict 段 + #plans 表头,44.5,,en,已覆盖
best esim qatar reddit,国家·核心,国家·选哪家,国家页,H1 下方的 verdict 段 + #plans 表头,44.5,,en,已覆盖
best esim saudi arabia reddit,国家·核心,国家·选哪家,国家页,H1 下方的 verdict 段 + #plans 表头,44.5,,en,已覆盖
best esim for egypt and jordan,国家·核心,国家·选哪家,国家页,H1 下方的 verdict 段 + #plans 表头,44.0,,en,已覆盖
best esim for iceland reddit,国家·核心,国家·选哪家,国家页,H1 下方的 verdict 段 + #plans 表头,44.0,,en,已覆盖
best esim for mexico city,国家·核心,国家·选哪家,国家页,H1 下方的 verdict 段 + #plans 表头,44.0,,en,已覆盖
best esim for nairobi kenya,国家·核心,国家·选哪家,国家页,H1 下方的 verdict 段 + #plans 表头,44.0,,en,已覆盖
best esim for netherlands reddit,国家·核心,国家·选哪家,国家页,H1 下方的 verdict 段 + #plans 表头,44.0,,en,已覆盖
best esim for south africa namibia botswana and zimbabwe,国家·核心,国家·选哪家,国家页,H1 下方的 verdict 段 + #plans 表头,44.0,,en,已覆盖
best esim for toronto canada,国家·核心,国家·选哪家,国家页,H1 下方的 verdict 段 + #plans 表头,44.0,,en,已覆盖
best esim for tourist in germany,国家·核心,国家·选哪家,国家页,H1 下方的 verdict 段 + #plans 表头,44.0,,en,已覆盖
best esim for turkey and greece,国家·核心,国家·选哪家,国家页,H1 下方的 verdict 段 + #plans 表头,44.0,,en,已覆盖
best esim for uk and europe,国家·核心,国家·选哪家,国家页,H1 下方的 verdict 段 + #plans 表头,44.0,,en,已覆盖
best esim 2026 japan,国家·核心,国家·选哪家,国家页,H1 下方的 verdict 段 + #plans 表头,42.6,,en,已覆盖
best esim for america and canada,国家·核心,国家·选哪家,国家页,H1 下方的 verdict 段 + #plans 表头,42.6,,en,已覆盖
best esim for austria reddit,国家·核心,国家·选哪家,国家页,H1 下方的 verdict 段 + #plans 表头,42.6,,en,已覆盖
best esim for bali indonesia,国家·核心,国家·选哪家,国家页,H1 下方的 verdict 段 + #plans 表头,42.6,,en,已覆盖
best esim for britain,国家·核心,国家·选哪家,国家页,H1 下方的 verdict 段 + #plans 表头,42.6,,en,已覆盖
best esim for china travel 2026,国家·核心,国家·选哪家,国家页,H1 下方的 verdict 段 + #plans 表头,42.6,,en,已覆盖
best esim for colombia travel,国家·核心,国家·选哪家,国家页,H1 下方的 verdict 段 + #plans 表头,42.6,,en,已覆盖
best esim for croatia and bosnia,国家·核心,国家·选哪家,国家页,H1 下方的 verdict 段 + #plans 表头,42.6,,en,已覆盖
best esim for fiji travel,国家·核心,国家·选哪家,国家页,H1 下方的 verdict 段 + #plans 表头,42.6,,en,已覆盖
best esim for georgia country,国家·核心,国家·选哪家,国家页,H1 下方的 verdict 段 + #plans 表头,42.6,,en,已覆盖
best esim for greece travel,国家·核心,国家·选哪家,国家页,H1 下方的 verdict 段 + #plans 表头,42.6,,en,已覆盖
best esim for hawaii from australia,国家·核心,国家·选哪家,国家页,H1 下方的 verdict 段 + #plans 表头,42.6,,en,已覆盖
best esim for hong kong and macau,国家·核心,国家·选哪家,国家页,H1 下方的 verdict 段 + #plans 表头,42.6,,en,已覆盖
best esim for india travel,国家·核心,国家·选哪家,国家页,H1 下方的 verdict 段 + #plans 表头,42.6,,en,已覆盖
best esim for indonesia bali,国家·核心,国家·选哪家,国家页,H1 下方的 verdict 段 + #plans 表头,42.6,,en,已覆盖
best esim for ireland and northern ireland,国家·核心,国家·选哪家,国家页,H1 下方的 verdict 段 + #plans 表头,42.6,,en,已覆盖
best esim for israel reddit,国家·核心,国家·选哪家,国家页,H1 下方的 verdict 段 + #plans 表头,42.6,,en,已覆盖
best esim for italy reddit,国家·核心,国家·选哪家,国家页,H1 下方的 verdict 段 + #plans 表头,42.6,,en,已覆盖
best esim for japan travel,国家·核心,国家·选哪家,国家页,H1 下方的 verdict 段 + #plans 表头,42.6,,en,已覆盖
best esim for japan travel 2026,国家·核心,国家·选哪家,国家页,H1 下方的 verdict 段 + #plans 表头,42.6,,en,已覆盖
best esim for kenya safari,国家·核心,国家·选哪家,国家页,H1 下方的 verdict 段 + #plans 表头,42.6,,en,已覆盖
best esim for korea reddit,国家·核心,国家·选哪家,国家页,H1 下方的 verdict 段 + #plans 表头,42.6,,en,已覆盖
best esim for macau and hong kong,国家·核心,国家·选哪家,国家页,H1 下方的 verdict 段 + #plans 表头,42.6,,en,已覆盖
best esim for malaysia tourist,国家·核心,国家·选哪家,国家页,H1 下方的 verdict 段 + #plans 表头,42.6,,en,已覆盖
best esim for mexico reviews,国家·核心,国家·选哪家,国家页,H1 下方的 verdict 段 + #plans 表头,42.6,,en,已覆盖
best esim for morocco reddit,国家·核心,国家·选哪家,国家页,H1 下方的 verdict 段 + #plans 表头,42.6,,en,已覆盖
best esim for new zealand travel,国家·核心,国家·选哪家,国家页,H1 下方的 verdict 段 + #plans 表头,42.6,,en,已覆盖
best esim for nz south island,国家·核心,国家·选哪家,国家页,H1 下方的 verdict 段 + #plans 表头,42.6,,en,已覆盖
best esim for peru travel,国家·核心,国家·选哪家,国家页,H1 下方的 verdict 段 + #plans 表头,42.6,,en,已覆盖
best esim for philippines reddit,国家·核心,国家·选哪家,国家页,H1 下方的 verdict 段 + #plans 表头,42.6,,en,已覆盖
best esim for seoul korea reddit,国家·核心,国家·选哪家,国家页,H1 下方的 verdict 段 + #plans 表头,42.6,,en,已覆盖
best esim for singapore tourist,国家·核心,国家·选哪家,国家页,H1 下方的 verdict 段 + #plans 表头,42.6,,en,已覆盖
best esim for spain reviews,国家·核心,国家·选哪家,国家页,H1 下方的 verdict 段 + #plans 表头,42.6,,en,已覆盖
best esim for switzerland reddit,国家·核心,国家·选哪家,国家页,H1 下方的 verdict 段 + #plans 表头,42.6,,en,已覆盖
best esim for taiwan travel,国家·核心,国家·选哪家,国家页,H1 下方的 verdict 段 + #plans 表头,42.6,,en,已覆盖
best esim for uk reviews,国家·核心,国家·选哪家,国家页,H1 下方的 verdict 段 + #plans 表头,42.6,,en,已覆盖
best esim for usa and europe,国家·核心,国家·选哪家,国家页,H1 下方的 verdict 段 + #plans 表头,42.6,,en,已覆盖
best esim for usa reviews,国家·核心,国家·选哪家,国家页,H1 下方的 verdict 段 + #plans 表头,42.6,,en,已覆盖
best esim hong kong reddit,国家·核心,国家·选哪家,国家页,H1 下方的 verdict 段 + #plans 表头,42.6,,en,已覆盖
best esim italy reddit,国家·核心,国家·选哪家,国家页,H1 下方的 verdict 段 + #plans 表头,42.6,,en,已覆盖
best esim netherlands reddit,国家·核心,国家·选哪家,国家页,H1 下方的 verdict 段 + #plans 表头,42.6,,en,已覆盖
best esim south africa reddit,国家·核心,国家·选哪家,国家页,H1 下方的 verdict 段 + #plans 表头,42.6,,en,已覆盖
best esim spain reddit,国家·核心,国家·选哪家,国家页,H1 下方的 verdict 段 + #plans 表头,42.6,,en,已覆盖
best esim uae reddit,国家·核心,国家·选哪家,国家页,H1 下方的 verdict 段 + #plans 表头,42.6,,en,已覆盖
best roaming esim canada,国家·核心,国家·选哪家,国家页,H1 下方的 verdict 段 + #plans 表头,42.6,,en,已覆盖
best roaming esim egypt,国家·核心,国家·选哪家,国家页,H1 下方的 verdict 段 + #plans 表头,42.6,,en,已覆盖
best roaming esim france,国家·核心,国家·选哪家,国家页,H1 下方的 verdict 段 + #plans 表头,42.6,,en,已覆盖
best roaming esim malaysia,国家·核心,国家·选哪家,国家页,H1 下方的 verdict 段 + #plans 表头,42.6,,en,已覆盖
best roaming esim mexico,国家·核心,国家·选哪家,国家页,H1 下方的 verdict 段 + #plans 表头,42.6,,en,已覆盖
best roaming esim morocco,国家·核心,国家·选哪家,国家页,H1 下方的 verdict 段 + #plans 表头,42.6,,en,已覆盖
best roaming esim philippines,国家·核心,国家·选哪家,国家页,H1 下方的 verdict 段 + #plans 表头,42.6,,en,已覆盖
best roaming esim saudi arabia,国家·核心,国家·选哪家,国家页,H1 下方的 verdict 段 + #plans 表头,42.6,,en,已覆盖
best travel esim india,国家·核心,国家·选哪家,国家页,H1 下方的 verdict 段 + #plans 表头,42.6,,en,已覆盖
which esim is best for china reddit,国家·核心,国家·选哪家,国家页,H1 下方的 verdict 段 + #plans 表头,42.6,,en,已覆盖
which esim is best for japan reddit,国家·核心,国家·选哪家,国家页,H1 下方的 verdict 段 + #plans 表头,42.6,,en,已覆盖
which esim is best for paris france,国家·核心,国家·选哪家,国家页,H1 下方的 verdict 段 + #plans 表头,42.6,,en,已覆盖
which esim is best for south korea,国家·核心,国家·选哪家,国家页,H1 下方的 verdict 段 + #plans 表头,42.6,,en,已覆盖
which esim is best for thailand travel,国家·核心,国家·选哪家,国家页,H1 下方的 verdict 段 + #plans 表头,42.6,,en,已覆盖
which esim is best for uk and europe,国家·核心,国家·选哪家,国家页,H1 下方的 verdict 段 + #plans 表头,42.6,,en,已覆盖
which esim is best for usa travel,国家·核心,国家·选哪家,国家页,H1 下方的 verdict 段 + #plans 表头,42.6,,en,已覆盖
which esim is good for australia,国家·核心,国家·选哪家,国家页,H1 下方的 verdict 段 + #plans 表头,42.6,,en,已覆盖
which esim is good for canada,国家·核心,国家·选哪家,国家页,H1 下方的 verdict 段 + #plans 表头,42.6,,en,已覆盖
which esim is good for india,国家·核心,国家·选哪家,国家页,H1 下方的 verdict 段 + #plans 表头,42.6,,en,已覆盖
which esim is good for malaysia,国家·核心,国家·选哪家,国家页,H1 下方的 verdict 段 + #plans 表头,42.6,,en,已覆盖
which esim is good for portugal,国家·核心,国家·选哪家,国家页,H1 下方的 verdict 段 + #plans 表头,42.6,,en,已覆盖
which esim is good for spain,国家·核心,国家·选哪家,国家页,H1 下方的 verdict 段 + #plans 表头,42.6,,en,已覆盖
which esim works best in saudi arabia,国家·核心,国家·选哪家,国家页,H1 下方的 verdict 段 + #plans 表头,42.6,,en,已覆盖
which is the best esim card for new zealand travellers,国家·核心,国家·选哪家,国家页,H1 下方的 verdict 段 + #plans 表头,42.6,,en,已覆盖
best esim japan,国家·核心,国家·选哪家,国家页,H1 下方的 verdict 段 + #plans 表头,42.4,,en,已覆盖
best esim for australia travel reddit,国家·核心,国家·选哪家,国家页,H1 下方的 verdict 段 + #plans 表头,42.1,,en,已覆盖
reddit best esim costa rica,国家·核心,国家·选哪家,国家页,H1 下方的 verdict 段 + #plans 表头,42.1,,en,已覆盖
best esim for doha qatar,国家·核心,国家·选哪家,国家页,H1 下方的 verdict 段 + #plans 表头,41.6,,en,已覆盖
best esim brazil reddit,国家·核心,国家·选哪家,国家页,H1 下方的 verdict 段 + #plans 表头,40.8,,en,已覆盖
best esim china tourist,国家·核心,国家·选哪家,国家页,H1 下方的 verdict 段 + #plans 表头,40.8,,en,已覆盖
best esim for australia travel,国家·核心,国家·选哪家,国家页,H1 下方的 verdict 段 + #plans 表头,40.8,,en,已覆盖
best esim for canada review,国家·核心,国家·选哪家,国家页,H1 下方的 verdict 段 + #plans 表头,40.8,,en,已覆盖
best esim for hanoi vietnam,国家·核心,国家·选哪家,国家页,H1 下方的 verdict 段 + #plans 表头,40.8,,en,已覆盖
best esim for italy reviews,国家·核心,国家·选哪家,国家页,H1 下方的 verdict 段 + #plans 表头,40.8,,en,已覆盖
best esim for austria and hungary,国家·核心,国家·选哪家,国家页,H1 下方的 verdict 段 + #plans 表头,40.3,,en,已覆盖
best esim for barcelona spain,国家·核心,国家·选哪家,国家页,H1 下方的 verdict 段 + #plans 表头,40.3,,en,已覆盖
best esim for cancun mexico,国家·核心,国家·选哪家,国家页,H1 下方的 verdict 段 + #plans 表头,40.3,,en,已覆盖
best esim for cape town south africa,国家·核心,国家·选哪家,国家页,H1 下方的 verdict 段 + #plans 表头,40.3,,en,已覆盖
best esim for georgia reddit,国家·核心,国家·选哪家,国家页,H1 下方的 verdict 段 + #plans 表头,40.3,,en,已覆盖
best esim for greece and turkey reddit,国家·核心,国家·选哪家,国家页,H1 下方的 verdict 段 + #plans 表头,40.3,,en,已覆盖
best esim for iceland travel,国家·核心,国家·选哪家,国家页,H1 下方的 verdict 段 + #plans 表头,40.3,,en,已覆盖
best esim for manila philippines,国家·核心,国家·选哪家,国家页,H1 下方的 verdict 段 + #plans 表头,40.3,,en,已覆盖
best esim for peru and ecuador,国家·核心,国家·选哪家,国家页,H1 下方的 verdict 段 + #plans 表头,40.3,,en,已覆盖
best esim for rome and greece,国家·核心,国家·选哪家,国家页,H1 下方的 verdict 段 + #plans 表头,40.3,,en,已覆盖
best esim for saudi arabia reddit,国家·核心,国家·选哪家,国家页,H1 下方的 verdict 段 + #plans 表头,40.3,,en,已覆盖
best esim for swiss and italy,国家·核心,国家·选哪家,国家页,H1 下方的 verdict 段 + #plans 表头,40.3,,en,已覆盖
best esim for vietnam and cambodia,国家·核心,国家·选哪家,国家页,H1 下方的 verdict 段 + #plans 表头,40.3,,en,已覆盖
best esim for vietnam and cambodia reddit,国家·核心,国家·选哪家,国家页,H1 下方的 verdict 段 + #plans 表头,40.3,,en,已覆盖
best esim indonesia reddit,国家·核心,国家·选哪家,国家页,H1 下方的 verdict 段 + #plans 表头,40.3,,en,已覆盖
best esim for rio de janeiro brazil,国家·核心,国家·选哪家,国家页,H1 下方的 verdict 段 + #plans 表头,39.2,,en,已覆盖
best esim argentina reddit,国家·核心,国家·选哪家,国家页,H1 下方的 verdict 段 + #plans 表头,38.9,,en,已覆盖
best esim card for czech republic,国家·核心,国家·选哪家,国家页,H1 下方的 verdict 段 + #plans 表头,38.9,,en,已覆盖
best esim card for rome italy,国家·核心,国家·选哪家,国家页,H1 下方的 verdict 段 + #plans 表头,38.9,,en,已覆盖
best esim for argentina reddit,国家·核心,国家·选哪家,国家页,H1 下方的 verdict 段 + #plans 表头,38.9,,en,已覆盖
best esim for belgium reddit,国家·核心,国家·选哪家,国家页,H1 下方的 verdict 段 + #plans 表头,38.9,,en,已覆盖
best esim for canada travel,国家·核心,国家·选哪家,国家页,H1 下方的 verdict 段 + #plans 表头,38.9,,en,已覆盖
best esim for china reddit,国家·核心,国家·选哪家,国家页,H1 下方的 verdict 段 + #plans 表头,38.9,,en,已覆盖
best esim for china travel,国家·核心,国家·选哪家,国家页,H1 下方的 verdict 段 + #plans 表头,38.9,,en,已覆盖
best esim for croatia reddit,国家·核心,国家·选哪家,国家页,H1 下方的 verdict 段 + #plans 表头,38.9,,en,已覆盖
best esim for czech republic,国家·核心,国家·选哪家,国家页,H1 下方的 verdict 段 + #plans 表头,38.9,,en,已覆盖
best esim for dubai from india,国家·核心,国家·选哪家,国家页,H1 下方的 verdict 段 + #plans 表头,38.9,,en,已覆盖
best esim for england and scotland,国家·核心,国家·选哪家,国家页,H1 下方的 verdict 段 + #plans 表头,38.9,,en,已覆盖
best esim for europe from australia,国家·核心,国家·选哪家,国家页,H1 下方的 verdict 段 + #plans 表头,38.9,,en,已覆盖
best esim for europe singapore,国家·核心,国家·选哪家,国家页,H1 下方的 verdict 段 + #plans 表头,38.9,,en,已覆盖
best esim for fiji reddit,国家·核心,国家·选哪家,国家页,H1 下方的 verdict 段 + #plans 表头,38.9,,en,已覆盖
best esim for france reddit,国家·核心,国家·选哪家,国家页,H1 下方的 verdict 段 + #plans 表头,38.9,,en,已覆盖
best esim for germany long term,国家·核心,国家·选哪家,国家页,H1 下方的 verdict 段 + #plans 表头,38.9,,en,已覆盖
best esim for germany travel,国家·核心,国家·选哪家,国家页,H1 下方的 verdict 段 + #plans 表头,38.9,,en,已覆盖
best esim for greece reddit,国家·核心,国家·选哪家,国家页,H1 下方的 verdict 段 + #plans 表头,38.9,,en,已覆盖
best esim for indonesia reddit,国家·核心,国家·选哪家,国家页,H1 下方的 verdict 段 + #plans 表头,38.9,,en,已覆盖
best esim for israel travel,国家·核心,国家·选哪家,国家页,H1 下方的 verdict 段 + #plans 表头,38.9,,en,已覆盖
best esim for italy 2025,国家·核心,国家·选哪家,国家页,H1 下方的 verdict 段 + #plans 表头,38.9,,en,已覆盖
best esim for kenya reddit,国家·核心,国家·选哪家,国家页,H1 下方的 verdict 段 + #plans 表头,38.9,,en,已覆盖
best esim for korea travel,国家·核心,国家·选哪家,国家页,H1 下方的 verdict 段 + #plans 表头,38.9,,en,已覆盖
best esim for malaysia borneo,国家·核心,国家·选哪家,国家页,H1 下方的 verdict 段 + #plans 表头,38.9,,en,已覆盖
best esim for new zealand reddit,国家·核心,国家·选哪家,国家页,H1 下方的 verdict 段 + #plans 表头,38.9,,en,已覆盖
best esim for portugal reddit,国家·核心,国家·选哪家,国家页,H1 下方的 verdict 段 + #plans 表头,38.9,,en,已覆盖
best esim for singapore and bali,国家·核心,国家·选哪家,国家页,H1 下方的 verdict 段 + #plans 表头,38.9,,en,已覆盖
best esim for south africa botswana and zimbabwe,国家·核心,国家·选哪家,国家页,H1 下方的 verdict 段 + #plans 表头,38.9,,en,已覆盖
best esim for spain reddit,国家·核心,国家·选哪家,国家页,H1 下方的 verdict 段 + #plans 表头,38.9,,en,已覆盖
best esim for switzerland travel,国家·核心,国家·选哪家,国家页,H1 下方的 verdict 段 + #plans 表头,38.9,,en,已覆盖
best esim for thailand reddit,国家·核心,国家·选哪家,国家页,H1 下方的 verdict 段 + #plans 表头,38.9,,en,已覆盖
best esim for uae tourist,国家·核心,国家·选哪家,国家页,H1 下方的 verdict 段 + #plans 表头,38.9,,en,已覆盖
best esim for vietnam reddit,国家·核心,国家·选哪家,国家页,H1 下方的 verdict 段 + #plans 表头,38.9,,en,已覆盖
best esim for vietnam review,国家·核心,国家·选哪家,国家页,H1 下方的 verdict 段 + #plans 表头,38.9,,en,已覆盖
best esim hong kong tourist,国家·核心,国家·选哪家,国家页,H1 下方的 verdict 段 + #plans 表头,38.9,,en,已覆盖
best esim india reddit,国家·核心,国家·选哪家,国家页,H1 下方的 verdict 段 + #plans 表头,38.9,,en,已覆盖
best esim new zealand reddit,国家·核心,国家·选哪家,国家页,H1 下方的 verdict 段 + #plans 表头,38.9,,en,已覆盖
best esim philippines reddit,国家·核心,国家·选哪家,国家页,H1 下方的 verdict 段 + #plans 表头,38.9,,en,已覆盖
best esim singapore reddit,国家·核心,国家·选哪家,国家页,H1 下方的 verdict 段 + #plans 表头,38.9,,en,已覆盖
best esim sydney australia,国家·核心,国家·选哪家,国家页,H1 下方的 verdict 段 + #plans 表头,38.9,,en,已覆盖
best esim thailand reddit,国家·核心,国家·选哪家,国家页,H1 下方的 verdict 段 + #plans 表头,38.9,,en,已覆盖
best esim vietnam reddit,国家·核心,国家·选哪家,国家页,H1 下方的 verdict 段 + #plans 表头,38.9,,en,已覆盖
best roaming esim australia,国家·核心,国家·选哪家,国家页,H1 下方的 verdict 段 + #plans 表头,38.9,,en,已覆盖
best roaming esim japan,国家·核心,国家·选哪家,国家页,H1 下方的 verdict 段 + #plans 表头,38.9,,en,已覆盖
best roaming esim spain,国家·核心,国家·选哪家,国家页,H1 下方的 verdict 段 + #plans 表头,38.9,,en,已覆盖
best travel esim peru,国家·核心,国家·选哪家,国家页,H1 下方的 verdict 段 + #plans 表头,38.9,,en,已覆盖
which esim is best for china travel,国家·核心,国家·选哪家,国家页,H1 下方的 verdict 段 + #plans 表头,38.9,,en,已覆盖
which esim is best for thailand reddit,国家·核心,国家·选哪家,国家页,H1 下方的 verdict 段 + #plans 表头,38.9,,en,已覆盖
which esim is best for tourists in france,国家·核心,国家·选哪家,国家页,H1 下方的 verdict 段 + #plans 表头,38.9,,en,已覆盖
which esim is best for travel to australia,国家·核心,国家·选哪家,国家页,H1 下方的 verdict 段 + #plans 表头,38.9,,en,已覆盖
which esim is good for uk,国家·核心,国家·选哪家,国家页,H1 下方的 verdict 段 + #plans 表头,38.9,,en,已覆盖
which esim is good for usa,国家·核心,国家·选哪家,国家页,H1 下方的 verdict 段 + #plans 表头,38.9,,en,已覆盖
best esim britain,国家·核心,国家·选哪家,国家页,H1 下方的 verdict 段 + #plans 表头,38.4,,en,已覆盖
best esim for india and sri lanka,国家·核心,国家·选哪家,国家页,H1 下方的 verdict 段 + #plans 表头,38.4,,en,已覆盖
best esim for brazil rio,国家·核心,国家·选哪家,国家页,H1 下方的 verdict 段 + #plans 表头,37.9,,en,已覆盖
best esim australia reddit,国家·核心,国家·选哪家,国家页,H1 下方的 verdict 段 + #plans 表头,37.0,,en,已覆盖
best esim canada reddit,国家·核心,国家·选哪家,国家页,H1 下方的 verdict 段 + #plans 表头,37.0,,en,已覆盖
best esim egypt reddit,国家·核心,国家·选哪家,国家页,H1 下方的 verdict 段 + #plans 表头,37.0,,en,已覆盖
best esim for new zealand review,国家·核心,国家·选哪家,国家页,H1 下方的 verdict 段 + #plans 表头,37.0,,en,已覆盖
best esim for osaka japan,国家·核心,国家·选哪家,国家页,H1 下方的 verdict 段 + #plans 表头,37.0,,en,已覆盖
best esim for thailand review,国家·核心,国家·选哪家,国家页,H1 下方的 verdict 段 + #plans 表头,37.0,,en,已覆盖
best esim for turkey from uk,国家·核心,国家·选哪家,国家页,H1 下方的 verdict 段 + #plans 表头,37.0,,en,已覆盖
best esim morocco reddit,国家·核心,国家·选哪家,国家页,H1 下方的 verdict 段 + #plans 表头,37.0,,en,已覆盖
best esim switzerland tourist,国家·核心,国家·选哪家,国家页,H1 下方的 verdict 段 + #plans 表头,37.0,,en,已覆盖
best ireland esim card,国家·核心,国家·选哪家,国家页,H1 下方的 verdict 段 + #plans 表头,37.0,,en,已覆盖
best esim china 2026,国家·核心,国家·选哪家,国家页,H1 下方的 verdict 段 + #plans 表头,36.5,,en,已覆盖
best esim for iceland and norway,国家·核心,国家·选哪家,国家页,H1 下方的 verdict 段 + #plans 表头,36.5,,en,已覆盖
best esim for netherlands travel,国家·核心,国家·选哪家,国家页,H1 下方的 verdict 段 + #plans 表头,36.5,,en,已覆盖
best esim for peru and chile,国家·核心,国家·选哪家,国家页,H1 下方的 verdict 段 + #plans 表头,36.5,,en,已覆盖
best esim in czech republic,国家·核心,国家·选哪家,国家页,H1 下方的 verdict 段 + #plans 表头,36.5,,en,已覆盖
best esim mexico city,国家·核心,国家·选哪家,国家页,H1 下方的 verdict 段 + #plans 表头,36.5,,en,已覆盖
best esim app for czech republic,国家·核心,国家·选哪家,国家页,H1 下方的 verdict 段 + #plans 表头,35.1,,en,已覆盖
best esim australia tourist reddit,国家·核心,国家·选哪家,国家页,H1 下方的 verdict 段 + #plans 表头,35.1,,en,已覆盖
best esim canada plans,国家·核心,国家·选哪家,国家页,H1 下方的 verdict 段 + #plans 表头,35.1,,en,已覆盖
best esim canada tourist,国家·核心,国家·选哪家,国家页,H1 下方的 verdict 段 + #plans 表头,35.1,,en,已覆盖
best esim card for belgium,国家·核心,国家·选哪家,国家页,H1 下方的 verdict 段 + #plans 表头,35.1,,en,已覆盖
best esim card for greece and turkey,国家·核心,国家·选哪家,国家页,H1 下方的 verdict 段 + #plans 表头,35.1,,en,已覆盖
best esim card for the us,国家·核心,国家·选哪家,国家页,H1 下方的 verdict 段 + #plans 表头,35.1,,en,已覆盖
best esim for 1 week in usa,国家·核心,国家·选哪家,国家页,H1 下方的 verdict 段 + #plans 表头,35.1,,en,已覆盖
best esim for argentina and uruguay,国家·核心,国家·选哪家,国家页,H1 下方的 verdict 段 + #plans 表头,35.1,,en,已覆盖
best esim for asia from australia,国家·核心,国家·选哪家,国家页,H1 下方的 verdict 段 + #plans 表头,35.1,,en,已覆盖
best esim for bali from nz,国家·核心,国家·选哪家,国家页,H1 下方的 verdict 段 + #plans 表头,35.1,,en,已覆盖
best esim for brazil and chile,国家·核心,国家·选哪家,国家页,H1 下方的 verdict 段 + #plans 表头,35.1,,en,已覆盖
best esim for british columbia canada,国家·核心,国家·选哪家,国家页,H1 下方的 verdict 段 + #plans 表头,35.1,,en,已覆盖
best esim for canada reddit,国家·核心,国家·选哪家,国家页,H1 下方的 verdict 段 + #plans 表头,35.1,,en,已覆盖
best esim for colombia and panama,国家·核心,国家·选哪家,国家页,H1 下方的 verdict 段 + #plans 表头,35.1,,en,已覆盖
best esim for costa rica travel,国家·核心,国家·选哪家,国家页,H1 下方的 verdict 段 + #plans 表头,35.1,,en,已覆盖
best esim for croatia and montenegro,国家·核心,国家·选哪家,国家页,H1 下方的 verdict 段 + #plans 表头,35.1,,en,已覆盖
best esim for egypt reddit,国家·核心,国家·选哪家,国家页,H1 下方的 verdict 段 + #plans 表头,35.1,,en,已覆盖
best esim for europe and uk,国家·核心,国家·选哪家,国家页,H1 下方的 verdict 段 + #plans 表头,35.1,,en,已覆盖
best esim for georgia and turkey,国家·核心,国家·选哪家,国家页,H1 下方的 verdict 段 + #plans 表头,35.1,,en,已覆盖
best esim for holland,国家·核心,国家·选哪家,国家页,H1 下方的 verdict 段 + #plans 表头,35.1,,en,已覆盖
best esim for hong kong reddit,国家·核心,国家·选哪家,国家页,H1 下方的 verdict 段 + #plans 表头,35.1,,en,已覆盖
best esim for india reddit,国家·核心,国家·选哪家,国家页,H1 下方的 verdict 段 + #plans 表头,35.1,,en,已覆盖
best esim for india reviews,国家·核心,国家·选哪家,国家页,H1 下方的 verdict 段 + #plans 表头,35.1,,en,已覆盖
best esim for ireland and scotland,国家·核心,国家·选哪家,国家页,H1 下方的 verdict 段 + #plans 表头,35.1,,en,已覆盖
best esim for italy and malta,国家·核心,国家·选哪家,国家页,H1 下方的 verdict 段 + #plans 表头,35.1,,en,已覆盖
best esim for japan review,国家·核心,国家·选哪家,国家页,H1 下方的 verdict 段 + #plans 表头,35.1,,en,已覆盖
best esim for kenya and zanzibar,国家·核心,国家·选哪家,国家页,H1 下方的 verdict 段 + #plans 表头,35.1,,en,已覆盖
best esim for madrid spain,国家·核心,国家·选哪家,国家页,H1 下方的 verdict 段 + #plans 表头,35.1,,en,已覆盖
best esim for mexico reddit,国家·核心,国家·选哪家,国家页,H1 下方的 verdict 段 + #plans 表头,35.1,,en,已覆盖
best esim for morocco travel,国家·核心,国家·选哪家,国家页,H1 下方的 verdict 段 + #plans 表头,35.1,,en,已覆盖
best esim for new zealand south island,国家·核心,国家·选哪家,国家页,H1 下方的 verdict 段 + #plans 表头,35.1,,en,已覆盖
best esim for nz reddit,国家·核心,国家·选哪家,国家页,H1 下方的 verdict 段 + #plans 表头,35.1,,en,已覆盖
best esim for orlando usa,国家·核心,国家·选哪家,国家页,H1 下方的 verdict 段 + #plans 表头,35.1,,en,已覆盖
best esim for peru and bolivia,国家·核心,国家·选哪家,国家页,H1 下方的 verdict 段 + #plans 表头,35.1,,en,已覆盖
best esim for portugal travel,国家·核心,国家·选哪家,国家页,H1 下方的 verdict 段 + #plans 表头,35.1,,en,已覆盖
best esim for qatar and dubai,国家·核心,国家·选哪家,国家页,H1 下方的 verdict 段 + #plans 表头,35.1,,en,已覆盖
best esim for south africa and zimbabwe,国家·核心,国家·选哪家,国家页,H1 下方的 verdict 段 + #plans 表头,35.1,,en,已覆盖
best esim for spain travel,国家·核心,国家·选哪家,国家页,H1 下方的 verdict 段 + #plans 表头,35.1,,en,已覆盖
best esim for uae travel,国家·核心,国家·选哪家,国家页,H1 下方的 verdict 段 + #plans 表头,35.1,,en,已覆盖
best esim for vancouver canada,国家·核心,国家·选哪家,国家页,H1 下方的 verdict 段 + #plans 表头,35.1,,en,已覆盖
best esim hong kong travel,国家·核心,国家·选哪家,国家页,H1 下方的 verdict 段 + #plans 表头,35.1,,en,已覆盖
best esim malaysia reddit,国家·核心,国家·选哪家,国家页,H1 下方的 verdict 段 + #plans 表头,35.1,,en,已覆盖
best esim mexico reddit,国家·核心,国家·选哪家,国家页,H1 下方的 verdict 段 + #plans 表头,35.1,,en,已覆盖
best esim provider indonesia reddit,国家·核心,国家·选哪家,国家页,H1 下方的 verdict 段 + #plans 表头,35.1,,en,已覆盖
best esim switzerland reddit,国家·核心,国家·选哪家,国家页,H1 下方的 verdict 段 + #plans 表头,35.1,,en,已覆盖
best esim usa reddit,国家·核心,国家·选哪家,国家页,H1 下方的 verdict 段 + #plans 表头,35.1,,en,已覆盖
best esim.for seoul and japan,国家·核心,国家·选哪家,国家页,H1 下方的 verdict 段 + #plans 表头,35.1,,en,已覆盖
best roaming esim india,国家·核心,国家·选哪家,国家页,H1 下方的 verdict 段 + #plans 表头,35.1,,en,已覆盖
best roaming esim singapore,国家·核心,国家·选哪家,国家页,H1 下方的 verdict 段 + #plans 表头,35.1,,en,已覆盖
best roaming esim thailand,国家·核心,国家·选哪家,国家页,H1 下方的 verdict 段 + #plans 表头,35.1,,en,已覆盖
best roaming esim uk,国家·核心,国家·选哪家,国家页,H1 下方的 verdict 段 + #plans 表头,35.1,,en,已覆盖
best roaming esim usa,国家·核心,国家·选哪家,国家页,H1 下方的 verdict 段 + #plans 表头,35.1,,en,已覆盖
best travel esim poland,国家·核心,国家·选哪家,国家页,H1 下方的 verdict 段 + #plans 表头,35.1,,en,已覆盖
which esim card is best for uk and europe,国家·核心,国家·选哪家,国家页,H1 下方的 verdict 段 + #plans 表头,35.1,,en,已覆盖
which esim is best for us,国家·核心,国家·选哪家,国家页,H1 下方的 verdict 段 + #plans 表头,35.1,,en,已覆盖
which esim is good for china,国家·核心,国家·选哪家,国家页,H1 下方的 verdict 段 + #plans 表头,35.1,,en,已覆盖
which esim is good for south korea,国家·核心,国家·选哪家,国家页,H1 下方的 verdict 段 + #plans 表头,35.1,,en,已覆盖
best esim for buenos aires argentina,国家·核心,国家·选哪家,国家页,H1 下方的 verdict 段 + #plans 表头,34.6,,en,已覆盖
best esim for colombia reddit,国家·核心,国家·选哪家,国家页,H1 下方的 verdict 段 + #plans 表头,34.6,,en,已覆盖
best esim for marrakech from uk,国家·核心,国家·选哪家,国家页,H1 下方的 verdict 段 + #plans 表头,34.6,,en,已覆盖
best esim. for amsterdam and belgium,国家·核心,国家·选哪家,国家页,H1 下方的 verdict 段 + #plans 表头,34.6,,en,已覆盖
best esim for melbourne australia,国家·核心,国家·选哪家,国家页,H1 下方的 verdict 段 + #plans 表头,33.2,,en,已覆盖
best esim korea reddit,国家·核心,国家·选哪家,国家页,H1 下方的 verdict 段 + #plans 表头,33.2,,en,已覆盖
best esim philippines tourist,国家·核心,国家·选哪家,国家页,H1 下方的 verdict 段 + #plans 表头,33.2,,en,已覆盖
best esim uk reddit,国家·核心,国家·选哪家,国家页,H1 下方的 verdict 段 + #plans 表头,33.2,,en,已覆盖
best portugal esim card,国家·核心,国家·选哪家,国家页,H1 下方的 verdict 段 + #plans 表头,33.2,,en,已覆盖
best spain esim card,国家·核心,国家·选哪家,国家页,H1 下方的 verdict 段 + #plans 表头,33.2,,en,已覆盖
best tourist esim south africa,国家·核心,国家·选哪家,国家页,H1 下方的 verdict 段 + #plans 表头,33.2,,en,已覆盖
best esim for iceland 2025,国家·核心,国家·选哪家,国家页,H1 下方的 verdict 段 + #plans 表头,32.8,,en,已覆盖
best esim for iceland and greenland,国家·核心,国家·选哪家,国家页,H1 下方的 verdict 段 + #plans 表头,32.8,,en,已覆盖
best esim for taiwan tourist,国家·核心,国家·选哪家,国家页,H1 下方的 verdict 段 + #plans 表头,32.8,,en,已覆盖
best esim for uk travel,国家·核心,国家·选哪家,国家页,H1 下方的 verdict 段 + #plans 表头,32.8,,en,已覆盖
best esim for kenya and tanzania reddit,国家·核心,国家·选哪家,国家页,H1 下方的 verdict 段 + #plans 表头,32.2,,en,已覆盖
best esim for malaysia kuala lumpur,国家·核心,国家·选哪家,国家页,H1 下方的 verdict 段 + #plans 表头,32.2,,en,已覆盖
best esim for peru bolivia and chile,国家·核心,国家·选哪家,国家页,H1 下方的 verdict 段 + #plans 表头,32.2,,en,已覆盖
best esim app for belgium,国家·核心,国家·选哪家,国家页,H1 下方的 verdict 段 + #plans 表头,31.4,,en,已覆盖
best esim app for israel,国家·核心,国家·选哪家,国家页,H1 下方的 verdict 段 + #plans 表头,31.4,,en,已覆盖
best esim canada,国家·核心,国家·选哪家,国家页,H1 下方的 verdict 段 + #plans 表头,31.4,,en,已覆盖
best esim card china,国家·核心,国家·选哪家,国家页,H1 下方的 verdict 段 + #plans 表头,31.4,,en,已覆盖
best esim china reddit,国家·核心,国家·选哪家,国家页,H1 下方的 verdict 段 + #plans 表头,31.4,,en,已覆盖
best esim egypt travel,国家·核心,国家·选哪家,国家页,H1 下方的 verdict 段 + #plans 表头,31.4,,en,已覆盖
best esim for argentina patagonia,国家·核心,国家·选哪家,国家页,H1 下方的 verdict 段 + #plans 表头,31.4,,en,已覆盖
best esim for asia from uk,国家·核心,国家·选哪家,国家页,H1 下方的 verdict 段 + #plans 表头,31.4,,en,已覆盖
best esim for australians travelling to vietnam,国家·核心,国家·选哪家,国家页,H1 下方的 verdict 段 + #plans 表头,31.4,,en,已覆盖
best esim for canada and alaska,国家·核心,国家·选哪家,国家页,H1 下方的 verdict 段 + #plans 表头,31.4,,en,已覆盖
best esim for croatia and slovenia,国家·核心,国家·选哪家,国家页,H1 下方的 verdict 段 + #plans 表头,31.4,,en,已覆盖
best esim for egypt travel,国家·核心,国家·选哪家,国家页,H1 下方的 verdict 段 + #plans 表头,31.4,,en,已覆盖
best esim for georgia and azerbaijan,国家·核心,国家·选哪家,国家页,H1 下方的 verdict 段 + #plans 表头,31.4,,en,已覆盖
best esim for india and nepal,国家·核心,国家·选哪家,国家页,H1 下方的 verdict 段 + #plans 表头,31.4,,en,已覆盖
best esim for ireland reddit,国家·核心,国家·选哪家,国家页,H1 下方的 verdict 段 + #plans 表头,31.4,,en,已覆盖
best esim for kenya and uganda,国家·核心,国家·选哪家,国家页,H1 下方的 verdict 段 + #plans 表头,31.4,,en,已覆盖
best esim for mexico travel,国家·核心,国家·选哪家,国家页,H1 下方的 verdict 段 + #plans 表头,31.4,,en,已覆盖
best esim for morocco agadir,国家·核心,国家·选哪家,国家页,H1 下方的 verdict 段 + #plans 表头,31.4,,en,已覆盖
best esim for new zealand for australians,国家·核心,国家·选哪家,国家页,H1 下方的 verdict 段 + #plans 表头,31.4,,en,已覆盖
best esim for nz data,国家·核心,国家·选哪家,国家页,H1 下方的 verdict 段 + #plans 表头,31.4,,en,已覆盖
best esim for paris and italy,国家·核心,国家·选哪家,国家页,H1 下方的 verdict 段 + #plans 表头,31.4,,en,已覆盖
best esim for phuket thailand,国家·核心,国家·选哪家,国家页,H1 下方的 verdict 段 + #plans 表头,31.4,,en,已覆盖
best esim for poland and ukraine,国家·核心,国家·选哪家,国家页,H1 下方的 verdict 段 + #plans 表头,31.4,,en,已覆盖
best esim for saudi arabia and pakistan,国家·核心,国家·选哪家,国家页,H1 下方的 verdict 段 + #plans 表头,31.4,,en,已覆盖
best esim for turkey and egypt,国家·核心,国家·选哪家,国家页,H1 下方的 verdict 段 + #plans 表头,31.4,,en,已覆盖
best esim for turkey and italy,国家·核心,国家·选哪家,国家页,H1 下方的 verdict 段 + #plans 表头,31.4,,en,已覆盖
best esim for uae reddit,国家·核心,国家·选哪家,国家页,H1 下方的 verdict 段 + #plans 表头,31.4,,en,已覆盖
best esim for vietnam 2025,国家·核心,国家·选哪家,国家页,H1 下方的 verdict 段 + #plans 表头,31.4,,en,已覆盖
best esim for vietnam 2026,国家·核心,国家·选哪家,国家页,H1 下方的 verdict 段 + #plans 表头,31.4,,en,已覆盖
best esim japan review,国家·核心,国家·选哪家,国家页,H1 下方的 verdict 段 + #plans 表头,31.4,,en,已覆盖
best esim mexico city reddit,国家·核心,国家·选哪家,国家页,H1 下方的 verdict 段 + #plans 表头,31.4,,en,已覆盖
best esim uk tourist,国家·核心,国家·选哪家,国家页,H1 下方的 verdict 段 + #plans 表头,31.4,,en,已覆盖
best esim vietnam tourist,国家·核心,国家·选哪家,国家页,H1 下方的 verdict 段 + #plans 表头,31.4,,en,已覆盖
best roaming esim china,国家·核心,国家·选哪家,国家页,H1 下方的 verdict 段 + #plans 表头,31.4,,en,已覆盖
best travel esim brazil,国家·核心,国家·选哪家,国家页,H1 下方的 verdict 段 + #plans 表头,31.4,,en,已覆盖
best travel esim for canada,国家·核心,国家·选哪家,国家页,H1 下方的 verdict 段 + #plans 表头,31.4,,en,已覆盖
best travel esim for vietnam and cambodia,国家·核心,国家·选哪家,国家页,H1 下方的 verdict 段 + #plans 表头,31.4,,en,已覆盖
what's the best esim.for israel,国家·核心,国家·选哪家,国家页,H1 下方的 verdict 段 + #plans 表头,31.4,,en,已覆盖
which esim card is best for china,国家·核心,国家·选哪家,国家页,H1 下方的 verdict 段 + #plans 表头,31.4,,en,已覆盖
which esim is best for data in the usa,国家·核心,国家·选哪家,国家页,H1 下方的 verdict 段 + #plans 表头,31.4,,en,已覆盖
which esim is best for england,国家·核心,国家·选哪家,国家页,H1 下方的 verdict 段 + #plans 表头,31.4,,en,已覆盖
which esim is good for thailand,国家·核心,国家·选哪家,国家页,H1 下方的 verdict 段 + #plans 表头,31.4,,en,已覆盖
which is the best esim for europe from australia,国家·核心,国家·选哪家,国家页,H1 下方的 verdict 段 + #plans 表头,31.4,,en,已覆盖
best esim.for cancun mexico reddit,国家·核心,国家·选哪家,国家页,H1 下方的 verdict 段 + #plans 表头,30.9,,en,已覆盖
best egypt esim card,国家·核心,国家·选哪家,国家页,H1 下方的 verdict 段 + #plans 表头,29.5,,en,已覆盖
best esim for france tourist,国家·核心,国家·选哪家,国家页,H1 下方的 verdict 段 + #plans 表头,29.5,,en,已覆盖
best esim for vietnam cambodia and laos,国家·核心,国家·选哪家,国家页,H1 下方的 verdict 段 + #plans 表头,29.5,,en,已覆盖
best esim taiwan reddit,国家·核心,国家·选哪家,国家页,H1 下方的 verdict 段 + #plans 表头,29.5,,en,已覆盖
best esim for costa rica and panama,国家·核心,国家·选哪家,国家页,H1 下方的 verdict 段 + #plans 表头,29.0,,en,已覆盖
best esim for tokyo japan reddit,国家·核心,国家·选哪家,国家页,H1 下方的 verdict 段 + #plans 表头,29.0,,en,已覆盖
best esim for usa reddit,国家·核心,国家·选哪家,国家页,H1 下方的 verdict 段 + #plans 表头,29.0,,en,已覆盖
best esim for usa tourist,国家·核心,国家·选哪家,国家页,H1 下方的 verdict 段 + #plans 表头,29.0,,en,已覆盖
best esim holland,国家·核心,国家·选哪家,国家页,H1 下方的 verdict 段 + #plans 表头,29.0,,en,已覆盖
best esim for usa travel,国家·核心,国家·选哪家,国家页,H1 下方的 verdict 段 + #plans 表头,27.9,,en,已覆盖
best esim apps for peru,国家·核心,国家·选哪家,国家页,H1 下方的 verdict 段 + #plans 表头,27.6,,en,已覆盖
best esim card for vietnam and cambodia,国家·核心,国家·选哪家,国家页,H1 下方的 verdict 段 + #plans 表头,27.6,,en,已覆盖
best esim for america and mexico,国家·核心,国家·选哪家,国家页,H1 下方的 verdict 段 + #plans 表头,27.6,,en,已覆盖
best esim for asia and australia,国家·核心,国家·选哪家,国家页,H1 下方的 verdict 段 + #plans 表头,27.6,,en,已覆盖
best esim for australia reddit,国家·核心,国家·选哪家,国家页,H1 下方的 verdict 段 + #plans 表头,27.6,,en,已覆盖
best esim for australia tourist,国家·核心,国家·选哪家,国家页,H1 下方的 verdict 段 + #plans 表头,27.6,,en,已覆盖
best esim for australians in new zealand,国家·核心,国家·选哪家,国家页,H1 下方的 verdict 段 + #plans 表头,27.6,,en,已覆盖
best esim for australians travelling to japan,国家·核心,国家·选哪家,国家页,H1 下方的 verdict 段 + #plans 表头,27.6,,en,已覆盖
best esim for bali from australia reddit,国家·核心,国家·选哪家,国家页,H1 下方的 verdict 段 + #plans 表头,27.6,,en,已覆盖
best esim for bali from uk,国家·核心,国家·选哪家,国家页,H1 下方的 verdict 段 + #plans 表头,27.6,,en,已覆盖
best esim for bangkok and vietnam,国家·核心,国家·选哪家,国家页,H1 下方的 verdict 段 + #plans 表头,27.6,,en,已覆盖
best esim for belgium,国家·核心,国家·选哪家,国家页,H1 下方的 verdict 段 + #plans 表头,27.6,,en,已覆盖
best esim for brazil travel,国家·核心,国家·选哪家,国家页,H1 下方的 verdict 段 + #plans 表头,27.6,,en,已覆盖
best esim for china to use whatsapp,国家·核心,国家·选哪家,国家页,H1 下方的 verdict 段 + #plans 表头,27.6,,en,已覆盖
best esim for egypt and turkey,国家·核心,国家·选哪家,国家页,H1 下方的 verdict 段 + #plans 表头,27.6,,en,已覆盖
best esim for egypt holiday,国家·核心,国家·选哪家,国家页,H1 下方的 verdict 段 + #plans 表头,27.6,,en,已覆盖
best esim for england reddit,国家·核心,国家·选哪家,国家页,H1 下方的 verdict 段 + #plans 表头,27.6,,en,已覆盖
best esim for georgia tbilisi,国家·核心,国家·选哪家,国家页,H1 下方的 verdict 段 + #plans 表头,27.6,,en,已覆盖
best esim for greece islands,国家·核心,国家·选哪家,国家页,H1 下方的 verdict 段 + #plans 表头,27.6,,en,已覆盖
best esim for iceland ring road,国家·核心,国家·选哪家,国家页,H1 下方的 verdict 段 + #plans 表头,27.6,,en,已覆盖
best esim for indonesia travel,国家·核心,国家·选哪家,国家页,H1 下方的 verdict 段 + #plans 表头,27.6,,en,已覆盖
best esim for ireland travel,国家·核心,国家·选哪家,国家页,H1 下方的 verdict 段 + #plans 表头,27.6,,en,已覆盖
best esim for japan 2025,国家·核心,国家·选哪家,国家页,H1 下方的 verdict 段 + #plans 表头,27.6,,en,已覆盖
best esim for new zealand queenstown,国家·核心,国家·选哪家,国家页,H1 下方的 verdict 段 + #plans 表头,27.6,,en,已覆盖
best esim for nz and aus,国家·核心,国家·选哪家,国家页,H1 下方的 verdict 段 + #plans 表头,27.6,,en,已覆盖
best esim for oman and uae,国家·核心,国家·选哪家,国家页,H1 下方的 verdict 段 + #plans 表头,27.6,,en,已覆盖
best esim for philippines 2025,国家·核心,国家·选哪家,国家页,H1 下方的 verdict 段 + #plans 表头,27.6,,en,已覆盖
best esim for philippines and bali,国家·核心,国家·选哪家,国家页,H1 下方的 verdict 段 + #plans 表头,27.6,,en,已覆盖
best esim for saudi arabia hajj,国家·核心,国家·选哪家,国家页,H1 下方的 verdict 段 + #plans 表头,27.6,,en,已覆盖
best esim for shanghai china,国家·核心,国家·选哪家,国家页,H1 下方的 verdict 段 + #plans 表头,27.6,,en,已覆盖
best esim for south africa and botswana,国家·核心,国家·选哪家,国家页,H1 下方的 verdict 段 + #plans 表头,27.6,,en,已覆盖
best esim for switzerland and paris,国家·核心,国家·选哪家,国家页,H1 下方的 verdict 段 + #plans 表头,27.6,,en,已覆盖
best esim for thailand and bali,国家·核心,国家·选哪家,国家页,H1 下方的 verdict 段 + #plans 表头,27.6,,en,已覆盖
best esim for uk reddit,国家·核心,国家·选哪家,国家页,H1 下方的 verdict 段 + #plans 表头,27.6,,en,已覆盖
best esim for uk tourist,国家·核心,国家·选哪家,国家页,H1 下方的 verdict 段 + #plans 表头,27.6,,en,已覆盖
best esim germany tourist,国家·核心,国家·选哪家,国家页,H1 下方的 verdict 段 + #plans 表头,27.6,,en,已覆盖
best esim in singapore for tourist,国家·核心,国家·选哪家,国家页,H1 下方的 verdict 段 + #plans 表头,27.6,,en,已覆盖
best esim india tourist,国家·核心,国家·选哪家,国家页,H1 下方的 verdict 段 + #plans 表头,27.6,,en,已覆盖
best esim new zealand travel,国家·核心,国家·选哪家,国家页,H1 下方的 verdict 段 + #plans 表头,27.6,,en,已覆盖
best esim thailand phuket,国家·核心,国家·选哪家,国家页,H1 下方的 verdict 段 + #plans 表头,27.6,,en,已覆盖
best esim usa tourist,国家·核心,国家·选哪家,国家页,H1 下方的 verdict 段 + #plans 表头,27.6,,en,已覆盖
best esim.plans canada,国家·核心,国家·选哪家,国家页,H1 下方的 verdict 段 + #plans 表头,27.6,,en,已覆盖
best italy esim card,国家·核心,国家·选哪家,国家页,H1 下方的 verdict 段 + #plans 表头,27.6,,en,已覆盖
best tourist esim korea,国家·核心,国家·选哪家,国家页,H1 下方的 verdict 段 + #plans 表头,27.6,,en,已覆盖
best tourist esim vietnam,国家·核心,国家·选哪家,国家页,H1 下方的 verdict 段 + #plans 表头,27.6,,en,已覆盖
best travel esim for belgium,国家·核心,国家·选哪家,国家页,H1 下方的 verdict 段 + #plans 表头,27.6,,en,已覆盖
which esim app is best for china,国家·核心,国家·选哪家,国家页,H1 下方的 verdict 段 + #plans 表头,27.6,,en,已覆盖
which esim card is best in usa,国家·核心,国家·选哪家,国家页,H1 下方的 verdict 段 + #plans 表头,27.6,,en,已覆盖
best esim for vienna austria,国家·核心,国家·选哪家,国家页,H1 下方的 verdict 段 + #plans 表头,26.6,,en,已覆盖
best esim card for.thailand and vietnam,国家·核心,国家·选哪家,国家页,H1 下方的 verdict 段 + #plans 表头,25.8,,en,已覆盖
best esim for china 2026,国家·核心,国家·选哪家,国家页,H1 下方的 verdict 段 + #plans 表头,25.8,,en,已覆盖
best esim for new zealand tourist,国家·核心,国家·选哪家,国家页,H1 下方的 verdict 段 + #plans 表头,25.8,,en,已覆盖
best france esim card,国家·核心,国家·选哪家,国家页,H1 下方的 verdict 段 + #plans 表头,25.8,,en,已覆盖
best vietnam esim card,国家·核心,国家·选哪家,国家页,H1 下方的 verdict 段 + #plans 表头,25.8,,en,已覆盖
best esim card japan,国家·核心,国家·选哪家,国家页,H1 下方的 verdict 段 + #plans 表头,25.2,,en,已覆盖
best esim for iceland and europe,国家·核心,国家·选哪家,国家页,H1 下方的 verdict 段 + #plans 表头,25.2,,en,已覆盖
best esim for mexico city reddit,国家·核心,国家·选哪家,国家页,H1 下方的 verdict 段 + #plans 表头,25.2,,en,已覆盖
best esim app for nz,国家·核心,国家·选哪家,国家页,H1 下方的 verdict 段 + #plans 表头,23.9,,en,已覆盖
best esim card for colombia,国家·核心,国家·选哪家,国家页,H1 下方的 verdict 段 + #plans 表头,23.9,,en,已覆盖
best esim europe and switzerland,国家·核心,国家·选哪家,国家页,H1 下方的 verdict 段 + #plans 表头,23.9,,en,已覆盖
best esim for 1 week in japan,国家·核心,国家·选哪家,国家页,H1 下方的 verdict 段 + #plans 表头,23.9,,en,已覆盖
best esim for austria travel,国家·核心,国家·选哪家,国家页,H1 下方的 verdict 段 + #plans 表头,23.9,,en,已覆盖
best esim for colombia,国家·核心,国家·选哪家,国家页,H1 下方的 verdict 段 + #plans 表头,23.9,,en,已覆盖
best esim for costa rica and nicaragua,国家·核心,国家·选哪家,国家页,H1 下方的 verdict 段 + #plans 表头,23.9,,en,已覆盖
best esim for croatia bosnia and montenegro,国家·核心,国家·选哪家,国家页,H1 下方的 verdict 段 + #plans 表头,23.9,,en,已覆盖
best esim for data in egypt,国家·核心,国家·选哪家,国家页,H1 下方的 verdict 段 + #plans 表头,23.9,,en,已覆盖
best esim for egypt sharm el sheikh,国家·核心,国家·选哪家,国家页,H1 下方的 verdict 段 + #plans 表头,23.9,,en,已覆盖
best esim for europe from canada,国家·核心,国家·选哪家,国家页,H1 下方的 verdict 段 + #plans 表头,23.9,,en,已覆盖
best esim for fiji,国家·核心,国家·选哪家,国家页,H1 下方的 verdict 段 + #plans 表头,23.9,,en,已覆盖
best esim for france and amsterdam,国家·核心,国家·选哪家,国家页,H1 下方的 verdict 段 + #plans 表头,23.9,,en,已覆盖
best esim for france travel,国家·核心,国家·选哪家,国家页,H1 下方的 verdict 段 + #plans 表头,23.9,,en,已覆盖
best esim for georgia europe,国家·核心,国家·选哪家,国家页,H1 下方的 verdict 段 + #plans 表头,23.9,,en,已覆盖
best esim for germany and europe,国家·核心,国家·选哪家,国家页,H1 下方的 verdict 段 + #plans 表头,23.9,,en,已覆盖
best esim for ireland and europe,国家·核心,国家·选哪家,国家页,H1 下方的 verdict 段 + #plans 表头,23.9,,en,已覆盖
best esim for israel,国家·核心,国家·选哪家,国家页,H1 下方的 verdict 段 + #plans 表头,23.9,,en,已覆盖
best esim for japan 2026,国家·核心,国家·选哪家,国家页,H1 下方的 verdict 段 + #plans 表头,23.9,,en,已覆盖
best esim for kenya travel,国家·核心,国家·选哪家,国家页,H1 下方的 verdict 段 + #plans 表头,23.9,,en,已覆盖
best esim for malaysia reddit,国家·核心,国家·选哪家,国家页,H1 下方的 verdict 段 + #plans 表头,23.9,,en,已覆盖
best esim for north america and canada,国家·核心,国家·选哪家,国家页,H1 下方的 verdict 段 + #plans 表头,23.9,,en,已覆盖
best esim for nz,国家·核心,国家·选哪家,国家页,H1 下方的 verdict 段 + #plans 表头,23.9,,en,已覆盖
best esim for poland,国家·核心,国家·选哪家,国家页,H1 下方的 verdict 段 + #plans 表头,23.9,,en,已覆盖
best esim for poland travel,国家·核心,国家·选哪家,国家页,H1 下方的 verdict 段 + #plans 表头,23.9,,en,已覆盖
best esim for portugal and madeira,国家·核心,国家·选哪家,国家页,H1 下方的 verdict 段 + #plans 表头,23.9,,en,已覆盖
best esim for south africa and mozambique,国家·核心,国家·选哪家,国家页,H1 下方的 verdict 段 + #plans 表头,23.9,,en,已覆盖
best esim for thailand tourist,国家·核心,国家·选哪家,国家页,H1 下方的 verdict 段 + #plans 表头,23.9,,en,已覆盖
best esim for uk data,国家·核心,国家·选哪家,国家页,H1 下方的 verdict 段 + #plans 表头,23.9,,en,已覆盖
best esim for use in japan,国家·核心,国家·选哪家,国家页,H1 下方的 verdict 段 + #plans 表头,23.9,,en,已覆盖
best esim for vietnam travel,国家·核心,国家·选哪家,国家页,H1 下方的 verdict 段 + #plans 表头,23.9,,en,已覆盖
best esim indonesia tourist,国家·核心,国家·选哪家,国家页,H1 下方的 verdict 段 + #plans 表头,23.9,,en,已覆盖
best esim peru review,国家·核心,国家·选哪家,国家页,H1 下方的 verdict 段 + #plans 表头,23.9,,en,已覆盖
best esim provider for israel,国家·核心,国家·选哪家,国家页,H1 下方的 verdict 段 + #plans 表头,23.9,,en,已覆盖
best taiwan esim card,国家·核心,国家·选哪家,国家页,H1 下方的 verdict 段 + #plans 表头,23.9,,en,已覆盖
best travel esim new zealand reddit,国家·核心,国家·选哪家,国家页,H1 下方的 verdict 段 + #plans 表头,23.9,,en,已覆盖
best value esim for fiji,国家·核心,国家·选哪家,国家页,H1 下方的 verdict 段 + #plans 表头,23.9,,en,已覆盖
poland best esim,国家·核心,国家·选哪家,国家页,H1 下方的 verdict 段 + #plans 表头,23.9,,en,已覆盖
which esim app is best for thailand,国家·核心,国家·选哪家,国家页,H1 下方的 verdict 段 + #plans 表头,23.9,,en,已覆盖
which esim is good for japan,国家·核心,国家·选哪家,国家页,H1 下方的 verdict 段 + #plans 表头,23.9,,en,已覆盖
which esim provider is best for china,国家·核心,国家·选哪家,国家页,H1 下方的 verdict 段 + #plans 表头,23.9,,en,已覆盖
which esim provider is best for japan,国家·核心,国家·选哪家,国家页,H1 下方的 verdict 段 + #plans 表头,23.9,,en,已覆盖
which is the best esim card in korea for tourist,国家·核心,国家·选哪家,国家页,H1 下方的 verdict 段 + #plans 表头,23.9,,en,已覆盖
best esim app for argentina,国家·核心,国家·选哪家,国家页,H1 下方的 verdict 段 + #plans 表头,22.0,,en,已覆盖
best esim for italy 2026,国家·核心,国家·选哪家,国家页,H1 下方的 verdict 段 + #plans 表头,22.0,,en,已覆盖
best esim south africa reviews,国家·核心,国家·选哪家,国家页,H1 下方的 verdict 段 + #plans 表头,22.0,,en,已覆盖
best malaysia esim card,国家·核心,国家·选哪家,国家页,H1 下方的 verdict 段 + #plans 表头,22.0,,en,已覆盖
best esim app for saudi arabia,国家·核心,国家·选哪家,国家页,H1 下方的 verdict 段 + #plans 表头,21.5,,en,已覆盖
best esim for australians travelling to new zealand,国家·核心,国家·选哪家,国家页,H1 下方的 verdict 段 + #plans 表头,21.5,,en,已覆盖
best esim for caribbean and us,国家·核心,国家·选哪家,国家页,H1 下方的 verdict 段 + #plans 表头,21.5,,en,已覆盖
best esim for greece 2026,国家·核心,国家·选哪家,国家页,H1 下方的 verdict 段 + #plans 表头,21.5,,en,已覆盖
best esim for indonesia review,国家·核心,国家·选哪家,国家页,H1 下方的 verdict 段 + #plans 表头,21.5,,en,已覆盖
best esim for netherlands 2026,国家·核心,国家·选哪家,国家页,H1 下方的 verdict 段 + #plans 表头,21.5,,en,已覆盖
best esim for poland 2026,国家·核心,国家·选哪家,国家页,H1 下方的 verdict 段 + #plans 表头,21.5,,en,已覆盖
best esim for saudi arabia tourist,国家·核心,国家·选哪家,国家页,H1 下方的 verdict 段 + #plans 表头,21.5,,en,已覆盖
best esim app for qatar,国家·核心,国家·选哪家,国家页,H1 下方的 verdict 段 + #plans 表头,20.1,,en,已覆盖
best esim app japan,国家·核心,国家·选哪家,国家页,H1 下方的 verdict 段 + #plans 表头,20.1,,en,已覆盖
best esim belgium,国家·核心,国家·选哪家,国家页,H1 下方的 verdict 段 + #plans 表头,20.1,,en,已覆盖
best esim card for argentina,国家·核心,国家·选哪家,国家页,H1 下方的 verdict 段 + #plans 表头,20.1,,en,已覆盖
best esim card for georgia,国家·核心,国家·选哪家,国家页,H1 下方的 verdict 段 + #plans 表头,20.1,,en,已覆盖
best esim card for saudi arabia,国家·核心,国家·选哪家,国家页,H1 下方的 verdict 段 + #plans 表头,20.1,,en,已覆盖
best esim card mexico,国家·核心,国家·选哪家,国家页,H1 下方的 verdict 段 + #plans 表头,20.1,,en,已覆盖
best esim card peru,国家·核心,国家·选哪家,国家页,H1 下方的 verdict 段 + #plans 表头,20.1,,en,已覆盖
best esim for 2 weeks in japan,国家·核心,国家·选哪家,国家页,H1 下方的 verdict 段 + #plans 表头,20.1,,en,已覆盖
best esim for argentina,国家·核心,国家·选哪家,国家页,H1 下方的 verdict 段 + #plans 表头,20.1,,en,已覆盖
best esim for australia and bali,国家·核心,国家·选哪家,国家页,H1 下方的 verdict 段 + #plans 表头,20.1,,en,已覆盖
best esim for australians travelling to uk and europe,国家·核心,国家·选哪家,国家页,H1 下方的 verdict 段 + #plans 表头,20.1,,en,已覆盖
best esim for bali and singapore,国家·核心,国家·选哪家,国家页,H1 下方的 verdict 段 + #plans 表头,20.1,,en,已覆盖
best esim for canada data,国家·核心,国家·选哪家,国家页,H1 下方的 verdict 段 + #plans 表头,20.1,,en,已覆盖
best esim for costa rica la fortuna,国家·核心,国家·选哪家,国家页,H1 下方的 verdict 段 + #plans 表头,20.1,,en,已覆盖
best esim for egypt hurghada,国家·核心,国家·选哪家,国家页,H1 下方的 verdict 段 + #plans 表头,20.1,,en,已覆盖
best esim for greece and albania,国家·核心,国家·选哪家,国家页,H1 下方的 verdict 段 + #plans 表头,20.1,,en,已覆盖
best esim for india calls and data,国家·核心,国家·选哪家,国家页,H1 下方的 verdict 段 + #plans 表头,20.1,,en,已覆盖
best esim for india tourist,国家·核心,国家·选哪家,国家页,H1 下方的 verdict 段 + #plans 表头,20.1,,en,已覆盖
best esim for italy data,国家·核心,国家·选哪家,国家页,H1 下方的 verdict 段 + #plans 表头,20.1,,en,已覆盖
best esim for japan 2 weeks,国家·核心,国家·选哪家,国家页,H1 下方的 verdict 段 + #plans 表头,20.1,,en,已覆盖
best esim for korea 2025,国家·核心,国家·选哪家,国家页,H1 下方的 verdict 段 + #plans 表头,20.1,,en,已覆盖
best esim for korea trip,国家·核心,国家·选哪家,国家页,H1 下方的 verdict 段 + #plans 表头,20.1,,en,已覆盖
best esim for medellin colombia,国家·核心,国家·选哪家,国家页,H1 下方的 verdict 段 + #plans 表头,20.1,,en,已覆盖
best esim for mexico cancun,国家·核心,国家·选哪家,国家页,H1 下方的 verdict 段 + #plans 表头,20.1,,en,已覆盖
best esim for morocco and europe,国家·核心,国家·选哪家,国家页,H1 下方的 verdict 段 + #plans 表头,20.1,,en,已覆盖
best esim for new york from uk,国家·核心,国家·选哪家,国家页,H1 下方的 verdict 段 + #plans 表头,20.1,,en,已覆盖
best esim for paris and spain,国家·核心,国家·选哪家,国家页,H1 下方的 verdict 段 + #plans 表头,20.1,,en,已覆盖
best esim for singapore reddit,国家·核心,国家·选哪家,国家页,H1 下方的 verdict 段 + #plans 表头,20.1,,en,已覆盖
best esim for south africa reddit,国家·核心,国家·选哪家,国家页,H1 下方的 verdict 段 + #plans 表头,20.1,,en,已覆盖
best esim for students in uk,国家·核心,国家·选哪家,国家页,H1 下方的 verdict 段 + #plans 表头,20.1,,en,已覆盖
best esim for switzerland and europe,国家·核心,国家·选哪家,国家页,H1 下方的 verdict 段 + #plans 表头,20.1,,en,已覆盖
best esim for thailand travel,国家·核心,国家·选哪家,国家页,H1 下方的 verdict 段 + #plans 表头,20.1,,en,已覆盖
best esim for uk and europe travel,国家·核心,国家·选哪家,国家页,H1 下方的 verdict 段 + #plans 表头,20.1,,en,已覆盖
best esim for uk long term,国家·核心,国家·选哪家,国家页,H1 下方的 verdict 段 + #plans 表头,20.1,,en,已覆盖
best esim for us travel,国家·核心,国家·选哪家,国家页,H1 下方的 verdict 段 + #plans 表头,20.1,,en,已覆盖
best esim for usa las vegas,国家·核心,国家·选哪家,国家页,H1 下方的 verdict 段 + #plans 表头,20.1,,en,已覆盖
best esim for usa travel reddit,国家·核心,国家·选哪家,国家页,H1 下方的 verdict 段 + #plans 表头,20.1,,en,已覆盖
best esim italy tourist,国家·核心,国家·选哪家,国家页,H1 下方的 verdict 段 + #plans 表头,20.1,,en,已覆盖
best esim provider for argentina,国家·核心,国家·选哪家,国家页,H1 下方的 verdict 段 + #plans 表头,20.1,,en,已覆盖
best esim provider for croatia,国家·核心,国家·选哪家,国家页,H1 下方的 verdict 段 + #plans 表头,20.1,,en,已覆盖
best esim provider for fiji,国家·核心,国家·选哪家,国家页,H1 下方的 verdict 段 + #plans 表头,20.1,,en,已覆盖
best esim usa tourist reddit,国家·核心,国家·选哪家,国家页,H1 下方的 verdict 段 + #plans 表头,20.1,,en,已覆盖
best travel esim for georgia,国家·核心,国家·选哪家,国家页,H1 下方的 verdict 段 + #plans 表头,20.1,,en,已覆盖
best travel esim nz,国家·核心,国家·选哪家,国家页,H1 下方的 verdict 段 + #plans 表头,20.1,,en,已覆盖
best value esim for israel,国家·核心,国家·选哪家,国家页,H1 下方的 verdict 段 + #plans 表头,20.1,,en,已覆盖
which esim is recommended for japan,国家·核心,国家·选哪家,国家页,H1 下方的 verdict 段 + #plans 表头,20.1,,en,已覆盖
which esim works best for china,国家·核心,国家·选哪家,国家页,H1 下方的 verdict 段 + #plans 表头,20.1,,en,已覆盖
best esim for china review,国家·核心,国家·选哪家,国家页,H1 下方的 verdict 段 + #plans 表头,18.2,,en,已覆盖
best esim for costa rica 2026,国家·核心,国家·选哪家,国家页,H1 下方的 verdict 段 + #plans 表头,17.8,,en,已覆盖
best esim for england,国家·核心,国家·选哪家,国家页,H1 下方的 verdict 段 + #plans 表头,17.8,,en,已覆盖
best canada esim card,国家·核心,国家·选哪家,国家页,H1 下方的 verdict 段 + #plans 表头,16.4,,en,已覆盖
best data esim for argentina,国家·核心,国家·选哪家,国家页,H1 下方的 verdict 段 + #plans 表头,16.4,,en,已覆盖
best data esim for israel,国家·核心,国家·选哪家,国家页,H1 下方的 verdict 段 + #plans 表头,16.4,,en,已覆盖
best data esim for poland,国家·核心,国家·选哪家,国家页,H1 下方的 verdict 段 + #plans 表头,16.4,,en,已覆盖
best esim app for colombia,国家·核心,国家·选哪家,国家页,H1 下方的 verdict 段 + #plans 表头,16.4,,en,已覆盖
best esim app for georgia,国家·核心,国家·选哪家,国家页,H1 下方的 verdict 段 + #plans 表头,16.4,,en,已覆盖
best esim app for indonesia,国家·核心,国家·选哪家,国家页,H1 下方的 verdict 段 + #plans 表头,16.4,,en,已覆盖
best esim card for austria,国家·核心,国家·选哪家,国家页,H1 下方的 verdict 段 + #plans 表头,16.4,,en,已覆盖
best esim card for croatia,国家·核心,国家·选哪家,国家页,H1 下方的 verdict 段 + #plans 表头,16.4,,en,已覆盖
best esim card for mexico city,国家·核心,国家·选哪家,国家页,H1 下方的 verdict 段 + #plans 表头,16.4,,en,已覆盖
best esim card for qatar,国家·核心,国家·选哪家,国家页,H1 下方的 verdict 段 + #plans 表头,16.4,,en,已覆盖
best esim card kenya,国家·核心,国家·选哪家,国家页,H1 下方的 verdict 段 + #plans 表头,16.4,,en,已覆盖
best esim for 2 weeks in usa,国家·核心,国家·选哪家,国家页,H1 下方的 verdict 段 + #plans 表头,16.4,,en,已覆盖
best esim for austria,国家·核心,国家·选哪家,国家页,H1 下方的 verdict 段 + #plans 表头,16.4,,en,已覆盖
best esim for bali from india,国家·核心,国家·选哪家,国家页,H1 下方的 verdict 段 + #plans 表头,16.4,,en,已覆盖
best esim for canada and alaska cruise,国家·核心,国家·选哪家,国家页,H1 下方的 verdict 段 + #plans 表头,16.4,,en,已覆盖
best esim for canada and europe,国家·核心,国家·选哪家,国家页,H1 下方的 verdict 段 + #plans 表头,16.4,,en,已覆盖
best esim for china for australians,国家·核心,国家·选哪家,国家页,H1 下方的 verdict 段 + #plans 表头,16.4,,en,已覆盖
best esim for china with vpn reddit,国家·核心,国家·选哪家,国家页,H1 下方的 verdict 段 + #plans 表头,16.4,,en,已覆盖
best esim for costa rica,国家·核心,国家·选哪家,国家页,H1 下方的 verdict 段 + #plans 表头,16.4,,en,已覆盖
best esim for croatia,国家·核心,国家·选哪家,国家页,H1 下方的 verdict 段 + #plans 表头,16.4,,en,已覆盖
best esim for dubai and thailand,国家·核心,国家·选哪家,国家页,H1 下方的 verdict 段 + #plans 表头,16.4,,en,已覆盖
best esim for england travel,国家·核心,国家·选哪家,国家页,H1 下方的 verdict 段 + #plans 表头,16.4,,en,已覆盖
best esim for europe nz,国家·核心,国家·选哪家,国家页,H1 下方的 verdict 段 + #plans 表头,16.4,,en,已覆盖
best esim for europe travel from australia,国家·核心,国家·选哪家,国家页,H1 下方的 verdict 段 + #plans 表头,16.4,,en,已覆盖
best esim for georgia,国家·核心,国家·选哪家,国家页,H1 下方的 verdict 段 + #plans 表头,16.4,,en,已覆盖
best esim for guanacaste costa rica,国家·核心,国家·选哪家,国家页,H1 下方的 verdict 段 + #plans 表头,16.4,,en,已覆盖
best esim for india roaming,国家·核心,国家·选哪家,国家页,H1 下方的 verdict 段 + #plans 表头,16.4,,en,已覆盖
best esim for indonesia telkomsel,国家·核心,国家·选哪家,国家页,H1 下方的 verdict 段 + #plans 表头,16.4,,en,已覆盖
best esim for italy dolomites,国家·核心,国家·选哪家,国家页,H1 下方的 verdict 段 + #plans 表头,16.4,,en,已覆盖
best esim for japan trip,国家·核心,国家·选哪家,国家页,H1 下方的 verdict 段 + #plans 表头,16.4,,en,已覆盖
best esim for kenya nairobi,国家·核心,国家·选哪家,国家页,H1 下方的 verdict 段 + #plans 表头,16.4,,en,已覆盖
best esim for malaysia travel,国家·核心,国家·选哪家,国家页,H1 下方的 verdict 段 + #plans 表头,16.4,,en,已覆盖
best esim for new zealand with calls,国家·核心,国家·选哪家,国家页,H1 下方的 verdict 段 + #plans 表头,16.4,,en,已覆盖
best esim for philippines tourist,国家·核心,国家·选哪家,国家页,H1 下方的 verdict 段 + #plans 表头,16.4,,en,已覆盖
best esim for saudi arabia and dubai,国家·核心,国家·选哪家,国家页,H1 下方的 verdict 段 + #plans 表头,16.4,,en,已覆盖
best esim for south africa and mauritius,国家·核心,国家·选哪家,国家页,H1 下方的 verdict 段 + #plans 表头,16.4,,en,已覆盖
best esim for south korea,国家·核心,国家·选哪家,国家页,H1 下方的 verdict 段 + #plans 表头,16.4,,en,已覆盖
best esim for travel to croatia,国家·核心,国家·选哪家,国家页,H1 下方的 verdict 段 + #plans 表头,16.4,,en,已覆盖
best esim for turkey and saudi arabia,国家·核心,国家·选哪家,国家页,H1 下方的 verdict 段 + #plans 表头,16.4,,en,已覆盖
best esim for usa data only,国家·核心,国家·选哪家,国家页,H1 下方的 verdict 段 + #plans 表头,16.4,,en,已覆盖
best esim for use in uk,国家·核心,国家·选哪家,国家页,H1 下方的 verdict 段 + #plans 表头,16.4,,en,已覆盖
best esim japan tourist reddit,国家·核心,国家·选哪家,国家页,H1 下方的 verdict 段 + #plans 表头,16.4,,en,已覆盖
best esim netherlands,国家·核心,国家·选哪家,国家页,H1 下方的 verdict 段 + #plans 表头,16.4,,en,已覆盖
best esim provider for colombia,国家·核心,国家·选哪家,国家页,H1 下方的 verdict 段 + #plans 表头,16.4,,en,已覆盖
best esim provider for peru,国家·核心,国家·选哪家,国家页,H1 下方的 verdict 段 + #plans 表头,16.4,,en,已覆盖
best esim provider georgia,国家·核心,国家·选哪家,国家页,H1 下方的 verdict 段 + #plans 表头,16.4,,en,已覆盖
best esim provider switzerland,国家·核心,国家·选哪家,国家页,H1 下方的 verdict 段 + #plans 表头,16.4,,en,已覆盖
best esim usa 2026,国家·核心,国家·选哪家,国家页,H1 下方的 verdict 段 + #plans 表头,16.4,,en,已覆盖
best esim.provider for taiwan,国家·核心,国家·选哪家,国家页,H1 下方的 verdict 段 + #plans 表头,16.4,,en,已覆盖
best mexico esim card,国家·核心,国家·选哪家,国家页,H1 下方的 verdict 段 + #plans 表头,16.4,,en,已覆盖
best prepaid esim for netherlands,国家·核心,国家·选哪家,国家页,H1 下方的 verdict 段 + #plans 表头,16.4,,en,已覆盖
best tourist esim in malaysia,国家·核心,国家·选哪家,国家页,H1 下方的 verdict 段 + #plans 表头,16.4,,en,已覆盖
best tourist esim japan,国家·核心,国家·选哪家,国家页,H1 下方的 verdict 段 + #plans 表头,16.4,,en,已覆盖
best travel esim for argentina,国家·核心,国家·选哪家,国家页,H1 下方的 verdict 段 + #plans 表头,16.4,,en,已覆盖
best travel esim for qatar,国家·核心,国家·选哪家,国家页,H1 下方的 verdict 段 + #plans 表头,16.4,,en,已覆盖
best travel esim philippines reddit,国家·核心,国家·选哪家,国家页,H1 下方的 verdict 段 + #plans 表头,16.4,,en,已覆盖
best value esim for nz,国家·核心,国家·选哪家,国家页,H1 下方的 verdict 段 + #plans 表头,16.4,,en,已覆盖
what is the best esim to use in the usa,国家·核心,国家·选哪家,国家页,H1 下方的 verdict 段 + #plans 表头,16.4,,en,已覆盖
which esim company is best for japan,国家·核心,国家·选哪家,国家页,H1 下方的 verdict 段 + #plans 表头,16.4,,en,已覆盖
which esim is best to use in china,国家·核心,国家·选哪家,国家页,H1 下方的 verdict 段 + #plans 表头,16.4,,en,已覆盖
which sim is best for esim in india,国家·核心,国家·选哪家,国家页,H1 下方的 verdict 段 + #plans 表头,16.4,,en,已覆盖
best esim macao,国家·核心,国家·选哪家,国家页,H1 下方的 verdict 段 + #plans 表头,14.0,,en,已覆盖
best esim for use in usa,国家·核心,国家·选哪家,国家页,H1 下方的 verdict 段 + #plans 表头,12.6,,en,已覆盖
ubigi esim hong kong reddit,品牌×国家,场景·VPN/受限网络,品牌×国家子页（中国/中国香港）,该页 FAQ：VPN 与网络限制,47.8,0.0,en,已覆盖
airalo esim china plans,品牌×国家,场景·VPN/受限网络,品牌×国家子页（中国/中国香港）,该页 FAQ：VPN 与网络限制,46.4,,en,已覆盖
is jetpac esim good in china,品牌×国家,场景·VPN/受限网络,品牌×国家子页（中国/中国香港）,该页 FAQ：VPN 与网络限制,46.4,,en,已覆盖
is nomad esim good for china,品牌×国家,场景·VPN/受限网络,品牌×国家子页（中国/中国香港）,该页 FAQ：VPN 与网络限制,46.4,,en,已覆盖
jetpac esim vpn china,品牌×国家,场景·VPN/受限网络,品牌×国家子页（中国/中国香港）,该页 FAQ：VPN 与网络限制,46.4,,en,已覆盖
roamic esim china review,品牌×国家,场景·VPN/受限网络,品牌×国家子页（中国/中国香港）,该页 FAQ：VPN 与网络限制,46.4,,en,已覆盖
saily esim hong kong review,品牌×国家,场景·VPN/受限网络,品牌×国家子页（中国/中国香港）,该页 FAQ：VPN 与网络限制,45.9,,en,已覆盖
is airalo esim good for china,品牌×国家,场景·VPN/受限网络,品牌×国家子页（中国/中国香港）,该页 FAQ：VPN 与网络限制,44.5,,en,已覆盖
is holafly esim good for china,品牌×国家,场景·VPN/受限网络,品牌×国家子页（中国/中国香港）,该页 FAQ：VPN 与网络限制,44.5,,en,已覆盖
yesim esim china reddit,品牌×国家,场景·VPN/受限网络,品牌×国家子页（中国/中国香港）,该页 FAQ：VPN 与网络限制,44.5,,en,已覆盖
yesim esim china vpn,品牌×国家,场景·VPN/受限网络,品牌×国家子页（中国/中国香港）,该页 FAQ：VPN 与网络限制,44.5,,en,已覆盖
airalo esim hong kong review,品牌×国家,场景·VPN/受限网络,品牌×国家子页（中国/中国香港）,该页 FAQ：VPN 与网络限制,44.0,,en,已覆盖
jetpac esim.china hong kong,品牌×国家,场景·VPN/受限网络,品牌×国家子页（中国/中国香港）,该页 FAQ：VPN 与网络限制,44.0,,en,已覆盖
airalo esim china review,品牌×国家,场景·VPN/受限网络,品牌×国家子页（中国/中国香港）,该页 FAQ：VPN 与网络限制,42.6,,en,已覆盖
holafly esim china vpn,品牌×国家,场景·VPN/受限网络,品牌×国家子页（中国/中国香港）,该页 FAQ：VPN 与网络限制,42.6,,en,已覆盖
holafly esim china whatsapp,品牌×国家,场景·VPN/受限网络,品牌×国家子页（中国/中国香港）,该页 FAQ：VPN 与网络限制,42.6,,en,已覆盖
jetpac esim china review,品牌×国家,场景·VPN/受限网络,品牌×国家子页（中国/中国香港）,该页 FAQ：VPN 与网络限制,42.6,,en,已覆盖
nomad esim china review,品牌×国家,场景·VPN/受限网络,品牌×国家子页（中国/中国香港）,该页 FAQ：VPN 与网络限制,42.6,,en,已覆盖
nomad esim price china,品牌×国家,场景·VPN/受限网络,品牌×国家子页（中国/中国香港）,该页 FAQ：VPN 与网络限制,42.6,,en,已覆盖
nomad esim vs airalo china,品牌×国家,场景·VPN/受限网络,品牌×国家子页（中国/中国香港）,该页 FAQ：VPN 与网络限制,42.6,,en,已覆盖
roamic esim china reddit,品牌×国家,场景·VPN/受限网络,品牌×国家子页（中国/中国香港）,该页 FAQ：VPN 与网络限制,42.6,,en,已覆盖
ubigi esim china vpn,品牌×国家,场景·VPN/受限网络,品牌×国家子页（中国/中国香港）,该页 FAQ：VPN 与网络限制,42.6,,en,已覆盖
airalo esim hong kong not working,品牌×国家,场景·VPN/受限网络,品牌×国家子页（中国/中国香港）,该页 FAQ：VPN 与网络限制,40.8,,en,已覆盖
nomad esim for china review,品牌×国家,场景·VPN/受限网络,品牌×国家子页（中国/中国香港）,该页 FAQ：VPN 与网络限制,40.8,,en,已覆盖
roamic esim china vpn,品牌×国家,场景·VPN/受限网络,品牌×国家子页（中国/中国香港）,该页 FAQ：VPN 与网络限制,40.8,,en,已覆盖
saily esim china vpn,品牌×国家,场景·VPN/受限网络,品牌×国家子页（中国/中国香港）,该页 FAQ：VPN 与网络限制,40.8,,en,已覆盖
ubigi esim china reddit,品牌×国家,场景·VPN/受限网络,品牌×国家子页（中国/中国香港）,该页 FAQ：VPN 与网络限制,40.8,,en,已覆盖
ubigi esim china review,品牌×国家,场景·VPN/受限网络,品牌×国家子页（中国/中国香港）,该页 FAQ：VPN 与网络限制,40.8,,en,已覆盖
nomad esim hong kong reddit,品牌×国家,场景·VPN/受限网络,品牌×国家子页（中国/中国香港）,该页 FAQ：VPN 与网络限制,40.3,,en,已覆盖
saily esim hong kong reddit,品牌×国家,场景·VPN/受限网络,品牌×国家子页（中国/中国香港）,该页 FAQ：VPN 与网络限制,40.3,,en,已覆盖
airalo esim china vpn,品牌×国家,场景·VPN/受限网络,品牌×国家子页（中国/中国香港）,该页 FAQ：VPN 与网络限制,38.9,,en,已覆盖
best esim for china holafly,品牌×国家,场景·VPN/受限网络,品牌×国家子页（中国/中国香港）,该页 FAQ：VPN 与网络限制,38.9,,en,已覆盖
esim china travel airalo,品牌×国家,场景·VPN/受限网络,品牌×国家子页（中国/中国香港）,该页 FAQ：VPN 与网络限制,38.9,,en,已覆盖
esim hong kong holafly,品牌×国家,场景·VPN/受限网络,品牌×国家子页（中国/中国香港）,该页 FAQ：VPN 与网络限制,38.9,,en,已覆盖
holafly china unlimited data esim,品牌×国家,场景·VPN/受限网络,品牌×国家子页（中国/中国香港）,该页 FAQ：VPN 与网络限制,38.9,,en,已覆盖
holafly esim review china,品牌×国家,场景·VPN/受限网络,品牌×国家子页（中国/中国香港）,该页 FAQ：VPN 与网络限制,38.9,,en,已覆盖
jetpac esim china reddit,品牌×国家,场景·VPN/受限网络,品牌×国家子页（中国/中国香港）,该页 FAQ：VPN 与网络限制,38.9,,en,已覆盖
jetpac esim china vpn,品牌×国家,场景·VPN/受限网络,品牌×国家子页（中国/中国香港）,该页 FAQ：VPN 与网络限制,38.9,,en,已覆盖
jetpac esim review china,品牌×国家,场景·VPN/受限网络,品牌×国家子页（中国/中国香港）,该页 FAQ：VPN 与网络限制,38.9,,en,已覆盖
nomad esim china firewall,品牌×国家,场景·VPN/受限网络,品牌×国家子页（中国/中国香港）,该页 FAQ：VPN 与网络限制,38.9,,en,已覆盖
nomad esim china vpn,品牌×国家,场景·VPN/受限网络,品牌×国家子页（中国/中国香港）,该页 FAQ：VPN 与网络限制,38.9,,en,已覆盖
nomad esim review china,品牌×国家,场景·VPN/受限网络,品牌×国家子页（中国/中国香港）,该页 FAQ：VPN 与网络限制,38.9,,en,已覆盖
saily esim china review,品牌×国家,场景·VPN/受限网络,品牌×国家子页（中国/中国香港）,该页 FAQ：VPN 与网络限制,38.9,,en,已覆盖
ubigi esim china firewall,品牌×国家,场景·VPN/受限网络,品牌×国家子页（中国/中国香港）,该页 FAQ：VPN 与网络限制,38.9,,en,已覆盖
yesim china esim review,品牌×国家,场景·VPN/受限网络,品牌×国家子页（中国/中国香港）,该页 FAQ：VPN 与网络限制,38.9,,en,已覆盖
yesim esim review china,品牌×国家,场景·VPN/受限网络,品牌×国家子页（中国/中国香港）,该页 FAQ：VPN 与网络限制,38.9,,en,已覆盖
holafly esim china review,品牌×国家,场景·VPN/受限网络,品牌×国家子页（中国/中国香港）,该页 FAQ：VPN 与网络限制,38.4,,en,已覆盖
nomad esim china reddit,品牌×国家,场景·VPN/受限网络,品牌×国家子页（中国/中国香港）,该页 FAQ：VPN 与网络限制,38.4,,en,已覆盖
nomad esim hong kong review,品牌×国家,场景·VPN/受限网络,品牌×国家子页（中国/中国香港）,该页 FAQ：VPN 与网络限制,38.4,,en,已覆盖
saily esim china price,品牌×国家,场景·VPN/受限网络,品牌×国家子页（中国/中国香港）,该页 FAQ：VPN 与网络限制,38.4,,en,已覆盖
airalo esim china firewall,品牌×国家,场景·VPN/受限网络,品牌×国家子页（中国/中国香港）,该页 FAQ：VPN 与网络限制,37.0,,en,已覆盖
holafly esim for china review,品牌×国家,场景·VPN/受限网络,品牌×国家子页（中国/中国香港）,该页 FAQ：VPN 与网络限制,37.0,,en,已覆盖
holafly esim hong kong macau,品牌×国家,场景·VPN/受限网络,品牌×国家子页（中国/中国香港）,该页 FAQ：VPN 与网络限制,37.0,,en,已覆盖
is saily esim good for china,品牌×国家,场景·VPN/受限网络,品牌×国家子页（中国/中国香港）,该页 FAQ：VPN 与网络限制,37.0,,en,已覆盖
airalo esim china price,品牌×国家,场景·VPN/受限网络,品牌×国家子页（中国/中国香港）,该页 FAQ：VPN 与网络限制,36.5,,en,已覆盖
airalo esim china reddit,品牌×国家,场景·VPN/受限网络,品牌×国家子页（中国/中国香港）,该页 FAQ：VPN 与网络限制,36.5,,en,已覆盖
airalo esim hong kong reddit,品牌×国家,场景·VPN/受限网络,品牌×国家子页（中国/中国香港）,该页 FAQ：VPN 与网络限制,36.5,,en,已覆盖
does nomad esim work.in hong kong,品牌×国家,场景·VPN/受限网络,品牌×国家子页（中国/中国香港）,该页 FAQ：VPN 与网络限制,36.5,,en,已覆盖
saily esim china reddit,品牌×国家,场景·VPN/受限网络,品牌×国家子页（中国/中国香港）,该页 FAQ：VPN 与网络限制,36.5,,en,已覆盖
airalo esim review china,品牌×国家,场景·VPN/受限网络,品牌×国家子页（中国/中国香港）,该页 FAQ：VPN 与网络限制,35.1,,en,已覆盖
esim hong kong nomad,品牌×国家,场景·VPN/受限网络,品牌×国家子页（中国/中国香港）,该页 FAQ：VPN 与网络限制,35.1,,en,已覆盖
holafly esim china,品牌×国家,场景·VPN/受限网络,品牌×国家子页（中国/中国香港）,该页 FAQ：VPN 与网络限制,35.1,,en,已覆盖
holafly esim china und hongkong,品牌×国家,场景·VPN/受限网络,品牌×国家子页（中国/中国香港）,该页 FAQ：VPN 与网络限制,35.1,,de,已覆盖
holafly vs airalo esim china,品牌×国家,场景·VPN/受限网络,品牌×国家子页（中国/中国香港）,该页 FAQ：VPN 与网络限制,35.1,,en,已覆盖
is ubigi esim good for china,品牌×国家,场景·VPN/受限网络,品牌×国家子页（中国/中国香港）,该页 FAQ：VPN 与网络限制,35.1,,en,已覆盖
saily esim china whatsapp,品牌×国家,场景·VPN/受限网络,品牌×国家子页（中国/中国香港）,该页 FAQ：VPN 与网络限制,35.1,,en,已覆盖
ubigi esim china,品牌×国家,场景·VPN/受限网络,品牌×国家子页（中国/中国香港）,该页 FAQ：VPN 与网络限制,35.1,,en,已覆盖
holafly esim hong kong reddit,品牌×国家,场景·VPN/受限网络,品牌×国家子页（中国/中国香港）,该页 FAQ：VPN 与网络限制,34.6,,en,已覆盖
ubigi esim hong kong review,品牌×国家,场景·VPN/受限网络,品牌×国家子页（中国/中国香港）,该页 FAQ：VPN 与网络限制,34.6,,en,已覆盖
holafly esim china reddit,品牌×国家,场景·VPN/受限网络,品牌×国家子页（中国/中国香港）,该页 FAQ：VPN 与网络限制,34.1,,en,已覆盖
airalo esim china whatsapp,品牌×国家,场景·VPN/受限网络,品牌×国家子页（中国/中国香港）,该页 FAQ：VPN 与网络限制,33.2,,en,已覆盖
saily esim for china review,品牌×国家,场景·VPN/受限网络,品牌×国家子页（中国/中国香港）,该页 FAQ：VPN 与网络限制,33.2,,en,已覆盖
saily esim hong kong and macau,品牌×国家,场景·VPN/受限网络,品牌×国家子页（中国/中国香港）,该页 FAQ：VPN 与网络限制,33.2,,en,已覆盖
does airalo esim work in hong kong,品牌×国家,场景·VPN/受限网络,品牌×国家子页（中国/中国香港）,该页 FAQ：VPN 与网络限制,32.8,,en,已覆盖
does nomad esim work in hong kong,品牌×国家,场景·VPN/受限网络,品牌×国家子页（中国/中国香港）,该页 FAQ：VPN 与网络限制,32.8,,en,已覆盖
holafly esim china price,品牌×国家,场景·VPN/受限网络,品牌×国家子页（中国/中国香港）,该页 FAQ：VPN 与网络限制,32.8,,en,已覆盖
holafly esim hong kong review,品牌×国家,场景·VPN/受限网络,品牌×国家子页（中国/中国香港）,该页 FAQ：VPN 与网络限制,32.8,,en,已覆盖
jetpac esim hong kong review,品牌×国家,场景·VPN/受限网络,品牌×国家子页（中国/中国香港）,该页 FAQ：VPN 与网络限制,32.8,,en,已覆盖
nomad esim china plans,品牌×国家,场景·VPN/受限网络,品牌×国家子页（中国/中国香港）,该页 FAQ：VPN 与网络限制,32.8,,en,已覆盖
airalo esim hong kong and macau,品牌×国家,场景·VPN/受限网络,品牌×国家子页（中国/中国香港）,该页 FAQ：VPN 与网络限制,31.4,,en,已覆盖
airalo esim plans china,品牌×国家,场景·VPN/受限网络,品牌×国家子页（中国/中国香港）,该页 FAQ：VPN 与网络限制,31.4,,en,已覆盖
does airalo esim work in mainland china,品牌×国家,场景·VPN/受限网络,品牌×国家子页（中国/中国香港）,该页 FAQ：VPN 与网络限制,31.4,,en,已覆盖
holafly esim cost china,品牌×国家,场景·VPN/受限网络,品牌×国家子页（中国/中国香港）,该页 FAQ：VPN 与网络限制,31.4,,en,已覆盖
jetpac esim china firewall,品牌×国家,场景·VPN/受限网络,品牌×国家子页（中国/中国香港）,该页 FAQ：VPN 与网络限制,31.4,,en,已覆盖
nomad esim china unlimited,品牌×国家,场景·VPN/受限网络,品牌×国家子页（中国/中国香港）,该页 FAQ：VPN 与网络限制,31.4,,en,已覆盖
nomad esim china whatsapp,品牌×国家,场景·VPN/受限网络,品牌×国家子页（中国/中国香港）,该页 FAQ：VPN 与网络限制,31.4,,en,已覆盖
holafly esim hong kong registration,品牌×国家,场景·VPN/受限网络,品牌×国家子页（中国/中国香港）,该页 FAQ：VPN 与网络限制,29.5,,en,已覆盖
airalo esim china,品牌×国家,场景·VPN/受限网络,品牌×国家子页（中国/中国香港）,该页 FAQ：VPN 与网络限制,27.6,,en,已覆盖
airalo esim china vpn reddit,品牌×国家,场景·VPN/受限网络,品牌×国家子页（中国/中国香港）,该页 FAQ：VPN 与网络限制,27.6,,en,已覆盖
does nomad esim work in china,品牌×国家,场景·VPN/受限网络,品牌×国家子页（中国/中国香港）,该页 FAQ：VPN 与网络限制,27.6,,en,已覆盖
holafly china esim unlimited data,品牌×国家,场景·VPN/受限网络,品牌×国家子页（中国/中国香港）,该页 FAQ：VPN 与网络限制,27.6,,en,已覆盖
holafly esim china firewall,品牌×国家,场景·VPN/受限网络,品牌×国家子页（中国/中国香港）,该页 FAQ：VPN 与网络限制,27.6,,en,已覆盖
jetpac esim china,品牌×国家,场景·VPN/受限网络,品牌×国家子页（中国/中国香港）,该页 FAQ：VPN 与网络限制,27.6,,en,已覆盖
nomad esim china price,品牌×国家,场景·VPN/受限网络,品牌×国家子页（中国/中国香港）,该页 FAQ：VPN 与网络限制,27.6,,en,已覆盖
saily esim china firewall,品牌×国家,场景·VPN/受限网络,品牌×国家子页（中国/中国香港）,该页 FAQ：VPN 与网络限制,27.6,,en,已覆盖
nomad esim china,品牌×国家,场景·VPN/受限网络,品牌×国家子页（中国/中国香港）,该页 FAQ：VPN 与网络限制,26.5,,en,已覆盖
airalo esim for china review,品牌×国家,场景·VPN/受限网络,品牌×国家子页（中国/中国香港）,该页 FAQ：VPN 与网络限制,25.8,,en,已覆盖
does nomad esim route through hong kong,品牌×国家,场景·VPN/受限网络,品牌×国家子页（中国/中国香港）,该页 FAQ：VPN 与网络限制,25.8,,en,已覆盖
holafly esim hong kong not working,品牌×国家,场景·VPN/受限网络,品牌×国家子页（中国/中国香港）,该页 FAQ：VPN 与网络限制,25.8,,en,已覆盖
ubigi esim not working china,品牌×国家,场景·VPN/受限网络,品牌×国家子页（中国/中国香港）,该页 FAQ：VPN 与网络限制,25.8,,en,已覆盖
does saily esim work in hong kong,品牌×国家,场景·VPN/受限网络,品牌×国家子页（中国/中国香港）,该页 FAQ：VPN 与网络限制,25.2,,en,已覆盖
airalo asia esim not working in hong kong,品牌×国家,场景·VPN/受限网络,品牌×国家子页（中国/中国香港）,该页 FAQ：VPN 与网络限制,23.9,,en,已覆盖
airalo esim china alipay,品牌×国家,场景·VPN/受限网络,品牌×国家子页（中国/中国香港）,该页 FAQ：VPN 与网络限制,23.9,,en,已覆盖
airalo esim china google,品牌×国家,场景·VPN/受限网络,品牌×国家子页（中国/中国香港）,该页 FAQ：VPN 与网络限制,23.9,,en,已覆盖
does saily esim work in china,品牌×国家,场景·VPN/受限网络,品牌×国家子页（中国/中国香港）,该页 FAQ：VPN 与网络限制,23.9,,en,已覆盖
holafly esim china not working,品牌×国家,场景·VPN/受限网络,品牌×国家子页（中国/中国香港）,该页 FAQ：VPN 与网络限制,23.9,,en,已覆盖
is saily esim good for hong kong,品牌×国家,场景·VPN/受限网络,品牌×国家子页（中国/中国香港）,该页 FAQ：VPN 与网络限制,23.9,,en,已覆盖
saily esim china,品牌×国家,场景·VPN/受限网络,品牌×国家子页（中国/中国香港）,该页 FAQ：VPN 与网络限制,23.9,,en,已覆盖
roamic esim china,品牌×国家,场景·VPN/受限网络,品牌×国家子页（中国/中国香港）,该页 FAQ：VPN 与网络限制,23.4,,en,已覆盖
is nomad esim good for hong kong,品牌×国家,场景·VPN/受限网络,品牌×国家子页（中国/中国香港）,该页 FAQ：VPN 与网络限制,22.0,,en,已覆盖
jetpac esim for china review,品牌×国家,场景·VPN/受限网络,品牌×国家子页（中国/中国香港）,该页 FAQ：VPN 与网络限制,22.0,,en,已覆盖
nomad esim china google,品牌×国家,场景·VPN/受限网络,品牌×国家子页（中国/中国香港）,该页 FAQ：VPN 与网络限制,22.0,,en,已覆盖
airalo esim price china,品牌×国家,场景·VPN/受限网络,品牌×国家子页（中国/中国香港）,该页 FAQ：VPN 与网络限制,21.5,,en,已覆盖
does holafly esim.work in hong kong,品牌×国家,场景·VPN/受限网络,品牌×国家子页（中国/中国香港）,该页 FAQ：VPN 与网络限制,21.5,,en,已覆盖
saily esim hong kong iphone,品牌×国家,场景·VPN/受限网络,品牌×国家子页（中国/中国香港）,该页 FAQ：VPN 与网络限制,21.5,,en,已覆盖
airalo china esim coverage,品牌×国家,场景·VPN/受限网络,品牌×国家子页（中国/中国香港）,该页 FAQ：VPN 与网络限制,20.1,,en,已覆盖
does airalo esim work in china,品牌×国家,场景·VPN/受限网络,品牌×国家子页（中国/中国香港）,该页 FAQ：VPN 与网络限制,20.1,,en,已覆盖
does an airalo esim work in china,品牌×国家,场景·VPN/受限网络,品牌×国家子页（中国/中国香港）,该页 FAQ：VPN 与网络限制,20.1,,en,已覆盖
does ubigi esim bypass china firewall,品牌×国家,场景·VPN/受限网络,品牌×国家子页（中国/中国香港）,该页 FAQ：VPN 与网络限制,20.1,,en,已覆盖
esim china airalo,品牌×国家,场景·VPN/受限网络,品牌×国家子页（中国/中国香港）,该页 FAQ：VPN 与网络限制,20.1,,en,已覆盖
holafly esim china hotspot,品牌×国家,场景·VPN/受限网络,品牌×国家子页（中国/中国香港）,该页 FAQ：VPN 与网络限制,20.1,,en,已覆盖
nomad esim china coverage,品牌×国家,场景·VPN/受限网络,品牌×国家子页（中国/中国香港）,该页 FAQ：VPN 与网络限制,20.1,,en,已覆盖
nomad esim china tiktok,品牌×国家,场景·VPN/受限网络,品牌×国家子页（中国/中国香港）,该页 FAQ：VPN 与网络限制,20.1,,en,已覆盖
saily esim china google,品牌×国家,场景·VPN/受限网络,品牌×国家子页（中国/中国香港）,该页 FAQ：VPN 与网络限制,20.1,,en,已覆盖
ubigi esim review china,品牌×国家,场景·VPN/受限网络,品牌×国家子页（中国/中国香港）,该页 FAQ：VPN 与网络限制,20.1,,en,已覆盖
airalo esim china instagram,品牌×国家,场景·VPN/受限网络,品牌×国家子页（中国/中国香港）,该页 FAQ：VPN 与网络限制,16.4,,en,已覆盖
airalo esim china not working,品牌×国家,场景·VPN/受限网络,品牌×国家子页（中国/中国香港）,该页 FAQ：VPN 与网络限制,16.4,,en,已覆盖
holafly china esim firewall,品牌×国家,场景·VPN/受限网络,品牌×国家子页（中国/中国香港）,该页 FAQ：VPN 与网络限制,16.4,,en,已覆盖
holafly esim china discount code,品牌×国家,场景·VPN/受限网络,品牌×国家子页（中国/中国香港）,该页 FAQ：VPN 与网络限制,16.4,,en,已覆盖
nomad esim china promo code,品牌×国家,场景·VPN/受限网络,品牌×国家子页（中国/中国香港）,该页 FAQ：VPN 与网络限制,16.4,,en,已覆盖
saily esim china not working,品牌×国家,场景·VPN/受限网络,品牌×国家子页（中国/中国香港）,该页 FAQ：VPN 与网络限制,16.4,,en,已覆盖
airalo unlimited esim china,品牌×国家,场景·VPN/受限网络,品牌×国家子页（中国/中国香港）,该页 FAQ：VPN 与网络限制,12.6,,en,已覆盖
holafly esim for china reviews,品牌×国家,场景·VPN/受限网络,品牌×国家子页（中国/中国香港）,该页 FAQ：VPN 与网络限制,12.6,,en,已覆盖
is airalo esim good for hong kong,品牌×国家,场景·VPN/受限网络,品牌×国家子页（中国/中国香港）,该页 FAQ：VPN 与网络限制,12.6,,en,已覆盖
nomad esim china prices,品牌×国家,场景·VPN/受限网络,品牌×国家子页（中国/中国香港）,该页 FAQ：VPN 与网络限制,12.6,,en,已覆盖
roamic esim reviews china,品牌×国家,场景·VPN/受限网络,品牌×国家子页（中国/中国香港）,该页 FAQ：VPN 与网络限制,12.6,,en,已覆盖
bogota airport esim,城市,城市,（无城市页）,建议：并入对应国家页 Cities 小节,49.1,0.0,en,缺口
esim brussels airport,城市,城市,（无城市页）,建议：并入对应国家页 Cities 小节,49.1,0.0,en,缺口
esim rio de janeiro,城市,城市,（无城市页）,建议：并入对应国家页 Cities 小节,49.1,0.0,en,缺口
esim riyadh airport,城市,城市,（无城市页）,建议：并入对应国家页 Cities 小节,49.1,0.0,en,缺口
macau esim unlimited data,城市,城市,（无城市页）,建议：并入对应国家页 Cities 小节,49.1,,en,缺口
esim rio de janeiro reddit,城市,城市,（无城市页）,建议：并入对应国家页 Cities 小节,48.1,,en,缺口
barcelona esim card,城市,城市,（无城市页）,建议：并入对应国家页 Cities 小节,47.8,,en,缺口
best esim for auckland,城市,城市,（无城市页）,建议：并入对应国家页 Cities 小节,47.8,,en,缺口
best esim for barcelona reddit,城市,城市,（无城市页）,建议：并入对应国家页 Cities 小节,47.8,,en,缺口
best esim for istanbul turkey,城市,城市,（无城市页）,建议：并入对应国家页 Cities 小节,47.8,,en,缺口
esim bangkok airport,城市,城市,（无城市页）,建议：并入对应国家页 Cities 小节,47.8,,en,缺口
esim edinburgh airport,城市,城市,（无城市页）,建议：并入对应国家页 Cities 小节,47.8,,en,缺口
esim for abu dhabi and dubai,城市,城市,（无城市页）,建议：并入对应国家页 Cities 小节,47.8,,en,缺口
esim kuala lumpur airport,城市,城市,（无城市页）,建议：并入对应国家页 Cities 小节,47.8,,en,缺口
esim las vegas airport,城市,城市,（无城市页）,建议：并入对应国家页 Cities 小节,47.8,,en,缺口
esim los angeles airport,城市,城市,（无城市页）,建议：并入对应国家页 Cities 小节,47.8,,en,缺口
esim maldives tourist,城市,城市,（无城市页）,建议：并入对应国家页 Cities 小节,47.8,,en,缺口
esim tokyo reddit,城市,城市,（无城市页）,建议：并入对应国家页 Cities 小节,47.8,,en,缺口
macau esim,城市,城市,（无城市页）,建议：并入对应国家页 Cities 小节,47.8,,en,缺口
best esim for rio de janeiro,城市,城市,（无城市页）,建议：并入对应国家页 Cities 小节,47.3,,en,缺口
abu dhabi esim tourist,城市,城市,（无城市页）,建议：并入对应国家页 Cities 小节,46.4,,en,缺口
amsterdam esim reddit,城市,城市,（无城市页）,建议：并入对应国家页 Cities 小节,46.4,,en,缺口
bali esim card,城市,城市,（无城市页）,建议：并入对应国家页 Cities 小节,46.4,,en,缺口
bali esim erfahrungen,城市,城市,（无城市页）,建议：并入对应国家页 Cities 小节,46.4,,de,缺口
bangkok esim reddit,城市,城市,（无城市页）,建议：并入对应国家页 Cities 小节,46.4,,en,缺口
berlin esim reddit,城市,城市,（无城市页）,建议：并入对应国家页 Cities 小节,46.4,,en,缺口
best esim for bali 5 days,城市,城市,（无城市页）,建议：并入对应国家页 Cities 小节,46.4,,en,缺口
best esim for brussels,城市,城市,（无城市页）,建议：并入对应国家页 Cities 小节,46.4,,en,缺口
best esim for buenos aires,城市,城市,（无城市页）,建议：并入对应国家页 Cities 小节,46.4,,en,缺口
best esim for kuala lumpur,城市,城市,（无城市页）,建议：并入对应国家页 Cities 小节,46.4,,en,缺口
best esim for macau,城市,城市,（无城市页）,建议：并入对应国家页 Cities 小节,46.4,,en,缺口
best esim for marrakech,城市,城市,（无城市页）,建议：并入对应国家页 Cities 小节,46.4,,en,缺口
best esim for turkey egypt.greece london,城市,城市,（无城市页）,建议：并入对应国家页 Cities 小节,46.4,,en,缺口
buenos aires esim reddit,城市,城市,（无城市页）,建议：并入对应国家页 Cities 小节,46.4,,en,缺口
cancun esim reddit,城市,城市,（无城市页）,建议：并入对应国家页 Cities 小节,46.4,,en,缺口
cape town esim card,城市,城市,（无城市页）,建议：并入对应国家页 Cities 小节,46.4,,en,缺口
do i need an esim for abu dhabi,城市,城市,（无城市页）,建议：并入对应国家页 Cities 小节,46.4,,en,缺口
do i need an esim for macau,城市,城市,（无城市页）,建议：并入对应国家页 Cities 小节,46.4,,en,缺口
does esim work in abu dhabi,城市,城市,（无城市页）,建议：并入对应国家页 Cities 小节,46.4,,en,缺口
does esim work in doha,城市,城市,（无城市页）,建议：并入对应国家页 Cities 小节,46.4,,en,缺口
does esim work in seoul,城市,城市,（无城市页）,建议：并入对应国家页 Cities 小节,46.4,,en,缺口
does.esim.work.in macau,城市,城市,（无城市页）,建议：并入对应国家页 Cities 小节,46.4,,en,缺口
dubai esim tourist,城市,城市,（无城市页）,建议：并入对应国家页 Cities 小节,46.4,,en,缺口
esim amsterdam reddit,城市,城市,（无城市页）,建议：并入对应国家页 Cities 小节,46.4,,en,缺口
esim bangkok flughafen,城市,城市,（无城市页）,建议：并入对应国家页 Cities 小节,46.4,,en,缺口
esim barcelona reddit,城市,城市,（无城市页）,建议：并入对应国家页 Cities 小节,46.4,,en,缺口
esim dubai kaufen,城市,城市,（无城市页）,建议：并入对应国家页 Cities 小节,46.4,,en,缺口
esim dubai tourist,城市,城市,（无城市页）,建议：并入对应国家页 Cities 小节,46.4,,en,缺口
esim for abu dhabi,城市,城市,（无城市页）,建议：并入对应国家页 Cities 小节,46.4,,en,缺口
esim for hawaii reddit,城市,城市,（无城市页）,建议：并入对应国家页 Cities 小节,46.4,,en,缺口
esim for istanbul turkey,城市,城市,（无城市页）,建议：并入对应国家页 Cities 小节,46.4,,en,缺口
esim for london and paris,城市,城市,（无城市页）,建议：并入对应国家页 Cities 小节,46.4,,en,缺口
esim for maldives and sri lanka,城市,城市,（无城市页）,建议：并入对应国家页 Cities 小节,46.4,,en,缺口
esim for orlando florida,城市,城市,（无城市页）,建议：并入对应国家页 Cities 小节,46.4,,en,缺口
esim for rio de janeiro,城市,城市,（无城市页）,建议：并入对应国家页 Cities 小节,46.4,,en,缺口
esim for taipei reddit,城市,城市,（无城市页）,建议：并入对应国家页 Cities 小节,46.4,,en,缺口
esim hawaii 14 days,城市,城市,（无城市页）,建议：并入对应国家页 Cities 小节,46.4,,en,缺口
esim istanbul reddit,城市,城市,（无城市页）,建议：并入对应国家页 Cities 小节,46.4,,en,缺口
esim london vergleich,城市,城市,（无城市页）,建议：并入对应国家页 Cities 小节,46.4,,en,缺口
esim macau,城市,城市,（无城市页）,建议：并入对应国家页 Cities 小节,46.4,,en,缺口
esim macau reddit,城市,城市,（无城市页）,建议：并入对应国家页 Cities 小节,46.4,,en,缺口
esim marrakech reddit,城市,城市,（无城市页）,建议：并入对应国家页 Cities 小节,46.4,,en,缺口
esim new york 7 tage,城市,城市,（无城市页）,建议：并入对应国家页 Cities 小节,46.4,,en,缺口
esim orlando florida,城市,城市,（无城市页）,建议：并入对应国家页 Cities 小节,46.4,,en,缺口
esim prague reddit,城市,城市,（无城市页）,建议：并入对应国家页 Cities 小节,46.4,,en,缺口
esim turkey istanbul airport,城市,城市,（无城市页）,建议：并入对应国家页 Cities 小节,46.4,,en,缺口
esim turkey price comparison,城市,城市,（无城市页）,建议：并入对应国家页 Cities 小节,46.4,,en,缺口
esim zanzibar tanzania,城市,城市,（无城市页）,建议：并入对应国家页 Cities 小节,46.4,,en,缺口
istanbul esim tourist,城市,城市,（无城市页）,建议：并入对应国家页 Cities 小节,46.4,,en,缺口
kuala lumpur esim tourist,城市,城市,（无城市页）,建议：并入对应国家页 Cities 小节,46.4,,en,缺口
macau esim card,城市,城市,（无城市页）,建议：并入对应国家页 Cities 小节,46.4,,en,缺口
macau sim card for tourist,城市,城市,（无城市页）,建议：并入对应国家页 Cities 小节,46.4,,en,缺口
marrakech esim card,城市,城市,（无城市页）,建议：并入对应国家页 Cities 小节,46.4,,en,缺口
nairobi esim reddit,城市,城市,（无城市页）,建议：并入对应国家页 Cities 小节,46.4,,en,缺口
paris esim card,城市,城市,（无城市页）,建议：并入对应国家页 Cities 小节,46.4,,en,缺口
seoul esim reddit,城市,城市,（无城市页）,建议：并入对应国家页 Cities 小节,46.4,,en,缺口
taipei esim reddit,城市,城市,（无城市页）,建议：并入对应国家页 Cities 小节,46.4,,en,缺口
tokyo esim card,城市,城市,（无城市页）,建议：并入对应国家页 Cities 小节,46.4,,en,缺口
which esim is best for abu dhabi,城市,城市,（无城市页）,建议：并入对应国家页 Cities 小节,46.4,,en,缺口
zanzibar esim,城市,城市,（无城市页）,建议：并入对应国家页 Cities 小节,46.4,,en,缺口
esim plans comparison,城市,城市,（无城市页）,建议：并入对应国家页 Cities 小节,46.1,,en,缺口
best esim for kuala lumpur reddit,城市,城市,（无城市页）,建议：并入对应国家页 Cities 小节,45.9,,en,缺口
esim auckland airport,城市,城市,（无城市页）,建议：并入对应国家页 Cities 小节,45.9,,en,缺口
esim cape town airport,城市,城市,（无城市页）,建议：并入对应国家页 Cities 小节,45.9,,en,缺口
esim hanoi airport,城市,城市,（无城市页）,建议：并入对应国家页 Cities 小节,45.9,,en,缺口
best esim for buenos aires reddit,城市,城市,（无城市页）,建议：并入对应国家页 Cities 小节,45.4,,en,缺口
esim abu dhabi tourist,城市,城市,（无城市页）,建议：并入对应国家页 Cities 小节,45.4,,en,缺口
esim athens airport,城市,城市,（无城市页）,建议：并入对应国家页 Cities 小节,45.4,,en,缺口
esim berlin kaufen,城市,城市,（无城市页）,建议：并入对应国家页 Cities 小节,45.4,,en,缺口
esim bogota airport,城市,城市,（无城市页）,建议：并入对应国家页 Cities 小节,45.4,,en,缺口
esim cairo airport,城市,城市,（无城市页）,建议：并入对应国家页 Cities 小节,45.4,,en,缺口
esim istanbul airport,城市,城市,（无城市页）,建议：并入对应国家页 Cities 小节,45.4,,en,缺口
esim nairobi airport,城市,城市,（无城市页）,建议：并入对应国家页 Cities 小节,45.4,,en,缺口
esim seoul airport,城市,城市,（无城市页）,建议：并入对应国家页 Cities 小节,45.4,,en,缺口
manila airport esim,城市,城市,（无城市页）,建议：并入对应国家页 Cities 小节,45.4,,en,缺口
best esim for edinburgh,城市,城市,（无城市页）,建议：并入对应国家页 Cities 小节,44.5,,en,缺口
best esim for zanzibar,城市,城市,（无城市页）,建议：并入对应国家页 Cities 小节,44.5,,en,缺口
esim for miami and caribbean,城市,城市,（无城市页）,建议：并入对应国家页 Cities 小节,44.5,,en,缺口
athens esim,城市,城市,（无城市页）,建议：并入对应国家页 Cities 小节,44.0,,en,缺口
athens esim card,城市,城市,（无城市页）,建议：并入对应国家页 Cities 小节,44.0,,en,缺口
beijing esim card,城市,城市,（无城市页）,建议：并入对应国家页 Cities 小节,44.0,,en,缺口
beijing esim reddit,城市,城市,（无城市页）,建议：并入对应国家页 Cities 小节,44.0,,en,缺口
berlin esim card,城市,城市,（无城市页）,建议：并入对应国家页 Cities 小节,44.0,,en,缺口
best esim for berlin reddit,城市,城市,（无城市页）,建议：并入对应国家页 Cities 小节,44.0,,en,缺口
best esim for istanbul reddit,城市,城市,（无城市页）,建议：并入对应国家页 Cities 小节,44.0,,en,缺口
best esim for lisbon reddit,城市,城市,（无城市页）,建议：并入对应国家页 Cities 小节,44.0,,en,缺口
best esim for marrakech reddit,城市,城市,（无城市页）,建议：并入对应国家页 Cities 小节,44.0,,en,缺口
best esim for prague reddit,城市,城市,（无城市页）,建议：并入对应国家页 Cities 小节,44.0,,en,缺口
best esim for riyadh,城市,城市,（无城市页）,建议：并入对应国家页 Cities 小节,44.0,,en,缺口
best esim for rome reddit,城市,城市,（无城市页）,建议：并入对应国家页 Cities 小节,44.0,,en,缺口
best esim for taipei reddit,城市,城市,（无城市页）,建议：并入对应国家页 Cities 小节,44.0,,en,缺口
best esim for tokyo reddit,城市,城市,（无城市页）,建议：并入对应国家页 Cities 小节,44.0,,en,缺口
bogota esim,城市,城市,（无城市页）,建议：并入对应国家页 Cities 小节,44.0,,en,缺口
buy esim riyadh,城市,城市,（无城市页）,建议：并入对应国家页 Cities 小节,44.0,,en,缺口
esim abu dhabi 1 day,城市,城市,（无城市页）,建议：并入对应国家页 Cities 小节,44.0,,en,缺口
esim bangkok ais,城市,城市,（无城市页）,建议：并入对应国家页 Cities 小节,44.0,,en,缺口
esim for.prague and.vienna,城市,城市,（无城市页）,建议：并入对应国家页 Cities 小节,44.0,,en,缺口
esim melbourne airport,城市,城市,（无城市页）,建议：并入对应国家页 Cities 小节,44.0,,en,缺口
esim osaka airport,城市,城市,（无城市页）,建议：并入对应国家页 Cities 小节,44.0,,en,缺口
esim phuket airport,城市,城市,（无城市页）,建议：并入对应国家页 Cities 小节,44.0,,en,缺口
esim taipei airport,城市,城市,（无城市页）,建议：并入对应国家页 Cities 小节,44.0,,en,缺口
prague esim card,城市,城市,（无城市页）,建议：并入对应国家页 Cities 小节,44.0,,en,缺口
best esim bogota,城市,城市,（无城市页）,建议：并入对应国家页 Cities 小节,43.0,,en,缺口
best esim for prague vienna and budapest,城市,城市,（无城市页）,建议：并入对应国家页 Cities 小节,43.0,,en,缺口
best esim.for prague and vienna,城市,城市,（无城市页）,建议：并入对应国家页 Cities 小节,43.0,,en,缺口
abu dhabi esim free,城市,城市,（无城市页）,建议：并入对应国家页 Cities 小节,42.6,,en,缺口
bangkok esim tourist,城市,城市,（无城市页）,建议：并入对应国家页 Cities 小节,42.6,,en,缺口
barcelona esim reddit,城市,城市,（无城市页）,建议：并入对应国家页 Cities 小节,42.6,,en,缺口
best esim for abu dhabi,城市,城市,（无城市页）,建议：并入对应国家页 Cities 小节,42.6,,en,缺口
best esim for berlin,城市,城市,（无城市页）,建议：并入对应国家页 Cities 小节,42.6,,en,缺口
best esim for cairo,城市,城市,（无城市页）,建议：并入对应国家页 Cities 小节,42.6,,en,缺口
best esim for cape town,城市,城市,（无城市页）,建议：并入对应国家页 Cities 小节,42.6,,en,缺口
best esim for doha,城市,城市,（无城市页）,建议：并入对应国家页 Cities 小节,42.6,,en,缺口
best esim for dubai tourist,城市,城市,（无城市页）,建议：并入对应国家页 Cities 小节,42.6,,en,缺口
best esim for london and dublin,城市,城市,（无城市页）,建议：并入对应国家页 Cities 小节,42.6,,en,缺口
best esim for manila,城市,城市,（无城市页）,建议：并入对应国家页 Cities 小节,42.6,,en,缺口
best esim for nairobi,城市,城市,（无城市页）,建议：并入对应国家页 Cities 小节,42.6,,en,缺口
best esim for osaka,城市,城市,（无城市页）,建议：并入对应国家页 Cities 小节,42.6,,en,缺口
best esim for paris and london,城市,城市,（无城市页）,建议：并入对应国家页 Cities 小节,42.6,,en,缺口
best esim for taipei,城市,城市,（无城市页）,建议：并入对应国家页 Cities 小节,42.6,,en,缺口
best esim for toronto,城市,城市,（无城市页）,建议：并入对应国家页 Cities 小节,42.6,,en,缺口
cape town esim reddit,城市,城市,（无城市页）,建议：并入对应国家页 Cities 小节,42.6,,en,缺口
cheapest esim for doha,城市,城市,（无城市页）,建议：并入对应国家页 Cities 小节,42.6,,en,缺口
does hk esim work in macau,城市,城市,（无城市页）,建议：并入对应国家页 Cities 小节,42.6,,en,缺口
dubai esim kaufen,城市,城市,（无城市页）,建议：并入对应国家页 Cities 小节,42.6,,en,缺口
dubai esim unlimited data,城市,城市,（无城市页）,建议：并入对应国家页 Cities 小节,42.6,,en,缺口
esim abu dhabi price,城市,城市,（无城市页）,建议：并入对应国家页 Cities 小节,42.6,,en,缺口
esim bali empfehlung,城市,城市,（无城市页）,建议：并入对应国家页 Cities 小节,42.6,,en,缺口
esim bali unlimited data,城市,城市,（无城市页）,建议：并入对应国家页 Cities 小节,42.6,,en,缺口
esim cancun reddit,城市,城市,（无城市页）,建议：并入对应国家页 Cities 小节,42.6,,en,缺口
esim dubai unlimited data,城市,城市,（无城市页）,建议：并入对应国家页 Cities 小节,42.6,,en,缺口
esim dubai vergleich,城市,城市,（无城市页）,建议：并入对应国家页 Cities 小节,42.6,,en,缺口
esim for amsterdam reddit,城市,城市,（无城市页）,建议：并入对应国家页 Cities 小节,42.6,,en,缺口
esim for bangkok reddit,城市,城市,（无城市页）,建议：并入对应国家页 Cities 小节,42.6,,en,缺口
esim for barcelona reddit,城市,城市,（无城市页）,建议：并入对应国家页 Cities 小节,42.6,,en,缺口
esim for beijing with or without vpn,城市,城市,（无城市页）,建议：并入对应国家页 Cities 小节,42.6,,en,缺口
esim for cancun reddit,城市,城市,（无城市页）,建议：并入对应国家页 Cities 小节,42.6,,en,缺口
esim for dubai tourist,城市,城市,（无城市页）,建议：并入对应国家页 Cities 小节,42.6,,en,缺口
esim for dublin reddit,城市,城市,（无城市页）,建议：并入对应国家页 Cities 小节,42.6,,en,缺口
esim for istanbul reddit,城市,城市,（无城市页）,建议：并入对应国家页 Cities 小节,42.6,,en,缺口
esim for kuala lumpur,城市,城市,（无城市页）,建议：并入对应国家页 Cities 小节,42.6,,en,缺口
esim for maldives reddit,城市,城市,（无城市页）,建议：并入对应国家页 Cities 小节,42.6,,en,缺口
esim for new york city,城市,城市,（无城市页）,建议：并入对应国家页 Cities 小节,42.6,,en,缺口
esim for paris and london,城市,城市,（无城市页）,建议：并入对应国家页 Cities 小节,42.6,,en,缺口
esim for rome reddit,城市,城市,（无城市页）,建议：并入对应国家页 Cities 小节,42.6,,en,缺口
esim for shanghai reddit,城市,城市,（无城市页）,建议：并入对应国家页 Cities 小节,42.6,,en,缺口
esim for tokyo reddit,城市,城市,（无城市页）,建议：并入对应国家页 Cities 小节,42.6,,en,缺口
esim for vancouver island,城市,城市,（无城市页）,建议：并入对应国家页 Cities 小节,42.6,,en,缺口
esim hawaii 10 days,城市,城市,（无城市页）,建议：并入对应国家页 Cities 小节,42.6,,en,缺口
esim london iphone,城市,城市,（无城市页）,建议：并入对应国家页 Cities 小节,42.6,,en,缺口
esim london reddit,城市,城市,（无城市页）,建议：并入对应国家页 Cities 小节,42.6,,en,缺口
esim maldives dhiraagu,城市,城市,（无城市页）,建议：并入对应国家页 Cities 小节,42.6,,en,缺口
esim melbourne,城市,城市,（无城市页）,建议：并入对应国家页 Cities 小节,42.6,,en,缺口
esim new york erfahrungen,城市,城市,（无城市页）,建议：并入对应国家页 Cities 小节,42.6,,de,缺口
esim paris reddit,城市,城市,（无城市页）,建议：并入对应国家页 Cities 小节,42.6,,en,缺口
esim shanghai airport,城市,城市,（无城市页）,建议：并入对应国家页 Cities 小节,42.6,,en,缺口
istanbul esim reddit,城市,城市,（无城市页）,建议：并入对应国家页 Cities 小节,42.6,,en,缺口
kuala lumpur esim reddit,城市,城市,（无城市页）,建议：并入对应国家页 Cities 小节,42.6,,en,缺口
lisbon esim reddit,城市,城市,（无城市页）,建议：并入对应国家页 Cities 小节,42.6,,en,缺口
marrakech esim data,城市,城市,（无城市页）,建议：并入对应国家页 Cities 小节,42.6,,en,缺口
melbourne airport esim,城市,城市,（无城市页）,建议：并入对应国家页 Cities 小节,42.6,,en,缺口
paris esim reddit,城市,城市,（无城市页）,建议：并入对应国家页 Cities 小节,42.6,,en,缺口
prague esim reddit,城市,城市,（无城市页）,建议：并入对应国家页 Cities 小节,42.6,,en,缺口
rome esim reddit,城市,城市,（无城市页）,建议：并入对应国家页 Cities 小节,42.6,,en,缺口
seoul esim card,城市,城市,（无城市页）,建议：并入对应国家页 Cities 小节,42.6,,en,缺口
sydney esim tourist,城市,城市,（无城市页）,建议：并入对应国家页 Cities 小节,42.6,,en,缺口
tokyo esim unlimited data,城市,城市,（无城市页）,建议：并入对应国家页 Cities 小节,42.6,,en,缺口
unlimited data esim seoul,城市,城市,（无城市页）,建议：并入对应国家页 Cities 小节,42.6,,en,缺口
vienna esim reddit,城市,城市,（无城市页）,建议：并入对应国家页 Cities 小节,42.6,,en,缺口
where to buy sim card in macau,城市,城市,（无城市页）,建议：并入对应国家页 Cities 小节,42.6,,en,缺口
best esim indonesien bali,城市,城市,（无城市页）,建议：并入对应国家页 Cities 小节,42.1,,en,缺口
best esim.for amsterdam and brussels,城市,城市,（无城市页）,建议：并入对应国家页 Cities 小节,42.1,,en,缺口
cairo esim card,城市,城市,（无城市页）,建议：并入对应国家页 Cities 小节,42.1,,en,缺口
dublin esim card,城市,城市,（无城市页）,建议：并入对应国家页 Cities 小节,42.1,,en,缺口
esim madrid reddit,城市,城市,（无城市页）,建议：并入对应国家页 Cities 小节,42.1,,en,缺口
esim taipei klook,城市,城市,（无城市页）,建议：并入对应国家页 Cities 小节,42.1,,en,缺口
manila esim card,城市,城市,（无城市页）,建议：并入对应国家页 Cities 小节,42.1,,en,缺口
vienna esim card,城市,城市,（无城市页）,建议：并入对应国家页 Cities 小节,42.1,,en,缺口
best esim kuala lumpur,城市,城市,（无城市页）,建议：并入对应国家页 Cities 小节,41.6,,en,缺口
esim abu dhabi airport,城市,城市,（无城市页）,建议：并入对应国家页 Cities 小节,41.6,,en,缺口
esim berlin airport,城市,城市,（无城市页）,建议：并入对应国家页 Cities 小节,41.6,,en,缺口
esim buenos aires airport,城市,城市,（无城市页）,建议：并入对应国家页 Cities 小节,41.6,,en,缺口
esim buenos aires reddit,城市,城市,（无城市页）,建议：并入对应国家页 Cities 小节,41.6,,en,缺口
esim cancun airport,城市,城市,（无城市页）,建议：并入对应国家页 Cities 小节,41.6,,en,缺口
esim cape town reddit,城市,城市,（无城市页）,建议：并入对应国家页 Cities 小节,41.6,,en,缺口
esim dublin airport,城市,城市,（无城市页）,建议：并入对应国家页 Cities 小节,41.6,,en,缺口
esim lima airport,城市,城市,（无城市页）,建议：并入对应国家页 Cities 小节,41.6,,en,缺口
esim manila airport,城市,城市,（无城市页）,建议：并入对应国家页 Cities 小节,41.6,,en,缺口
movistar esim buenos aires,城市,城市,（无城市页）,建议：并入对应国家页 Cities 小节,41.6,,en,缺口
best esim for edinburgh reddit,城市,城市,（无城市页）,建议：并入对应国家页 Cities 小节,40.8,,en,缺口
best esim for las vegas,城市,城市,（无城市页）,建议：并入对应国家页 Cities 小节,40.8,,en,缺口
best esim for los angeles,城市,城市,（无城市页）,建议：并入对应国家页 Cities 小节,40.8,,en,缺口
best esim for orlando,城市,城市,（无城市页）,建议：并入对应国家页 Cities 小节,40.8,,en,缺口
best esim for orlando florida,城市,城市,（无城市页）,建议：并入对应国家页 Cities 小节,40.8,,en,缺口
esim for london travel,城市,城市,（无城市页）,建议：并入对应国家页 Cities 小节,40.8,,en,缺口
esim for phuket and krabi,城市,城市,（无城市页）,建议：并入对应国家页 Cities 小节,40.8,,en,缺口
esim for phuket reddit,城市,城市,（无城市页）,建议：并入对应国家页 Cities 小节,40.8,,en,缺口
esim shanghai reddit,城市,城市,（无城市页）,建议：并入对应国家页 Cities 小节,40.8,,en,缺口
best esim for amsterdam and paris,城市,城市,（无城市页）,建议：并入对应国家页 Cities 小节,40.3,,en,缺口
best esim for beijing reddit,城市,城市,（无城市页）,建议：并入对应国家页 Cities 小节,40.3,,en,缺口
best esim for sydney reddit,城市,城市,（无城市页）,建议：并入对应国家页 Cities 小节,40.3,,en,缺口
best esim for tokyo disney,城市,城市,（无城市页）,建议：并入对应国家页 Cities 小节,40.3,,en,缺口
best esim for toronto reddit,城市,城市,（无城市页）,建议：并入对应国家页 Cities 小节,40.3,,en,缺口
buy esim brussels,城市,城市,（无城市页）,建议：并入对应国家页 Cities 小节,40.3,,en,缺口
claro esim bogota,城市,城市,（无城市页）,建议：并入对应国家页 Cities 小节,40.3,,en,缺口
esim amsterdam 1 day,城市,城市,（无城市页）,建议：并入对应国家页 Cities 小节,40.3,,en,缺口
esim kuala lumpur reddit,城市,城市,（无城市页）,建议：并入对应国家页 Cities 小节,40.3,,en,缺口
esim limassol,城市,城市,（无城市页）,建议：并入对应国家页 Cities 小节,40.3,,en,缺口
esim romeo,城市,城市,（无城市页）,建议：并入对应国家页 Cities 小节,40.3,,en,缺口
esim sydney tourist,城市,城市,（无城市页）,建议：并入对应国家页 Cities 小节,40.3,,en,缺口
esim tokyo airport,城市,城市,（无城市页）,建议：并入对应国家页 Cities 小节,40.3,,en,缺口
limassol esim,城市,城市,（无城市页）,建议：并入对应国家页 Cities 小节,40.3,,en,缺口
rome esim card,城市,城市,（无城市页）,建议：并入对应国家页 Cities 小节,40.3,,en,缺口
safaricom esim nairobi airport,城市,城市,（无城市页）,建议：并入对应国家页 Cities 小节,40.3,,en,缺口
stc esim riyadh,城市,城市,（无城市页）,建议：并入对应国家页 Cities 小节,40.3,,en,缺口
toronto esim card,城市,城市,（无城市页）,建议：并入对应国家页 Cities 小节,40.3,,en,缺口
best esim cape town,城市,城市,（无城市页）,建议：并入对应国家页 Cities 小节,39.2,,en,缺口
unlimited data esim abu dhabi,城市,城市,（无城市页）,建议：并入对应国家页 Cities 小节,39.2,,en,缺口
abu dhabi esim 1 day,城市,城市,（无城市页）,建议：并入对应国家页 Cities 小节,38.9,,en,缺口
abu dhabi sim card for tourist,城市,城市,（无城市页）,建议：并入对应国家页 Cities 小节,38.9,,en,缺口
bali esim telkomsel,城市,城市,（无城市页）,建议：并入对应国家页 Cities 小节,38.9,,en,缺口
bali esim unlimited data,城市,城市,（无城市页）,建议：并入对应国家页 Cities 小节,38.9,,en,缺口
bangkok esim online,城市,城市,（无城市页）,建议：并入对应国家页 Cities 小节,38.9,,en,缺口
barcelona esim data,城市,城市,（无城市页）,建议：并入对应国家页 Cities 小节,38.9,,en,缺口
best esim auckland,城市,城市,（无城市页）,建议：并入对应国家页 Cities 小节,38.9,,en,缺口
best esim card for barcelona,城市,城市,（无城市页）,建议：并入对应国家页 Cities 小节,38.9,,en,缺口
best esim card for istanbul,城市,城市,（无城市页）,建议：并入对应国家页 Cities 小节,38.9,,en,缺口
best esim for athens,城市,城市,（无城市页）,建议：并入对应国家页 Cities 小节,38.9,,en,缺口
best esim for bali for australians,城市,城市,（无城市页）,建议：并入对应国家页 Cities 小节,38.9,,en,缺口
best esim for bangkok and koh samui,城市,城市,（无城市页）,建议：并入对应国家页 Cities 小节,38.9,,en,缺口
best esim for barcelona,城市,城市,（无城市页）,建议：并入对应国家页 Cities 小节,38.9,,en,缺口
best esim for beijing,城市,城市,（无城市页）,建议：并入对应国家页 Cities 小节,38.9,,en,缺口
best esim for dublin,城市,城市,（无城市页）,建议：并入对应国家页 Cities 小节,38.9,,en,缺口
best esim for hawaii reddit,城市,城市,（无城市页）,建议：并入对应国家页 Cities 小节,38.9,,en,缺口
best esim for lima,城市,城市,（无城市页）,建议：并入对应国家页 Cities 小节,38.9,,en,缺口
best esim for lisbon,城市,城市,（无城市页）,建议：并入对应国家页 Cities 小节,38.9,,en,缺口
best esim for macau reddit,城市,城市,（无城市页）,建议：并入对应国家页 Cities 小节,38.9,,en,缺口
best esim for madrid,城市,城市,（无城市页）,建议：并入对应国家页 Cities 小节,38.9,,en,缺口
best esim for paris reddit,城市,城市,（无城市页）,建议：并入对应国家页 Cities 小节,38.9,,en,缺口
best esim for sydney,城市,城市,（无城市页）,建议：并入对应国家页 Cities 小节,38.9,,en,缺口
best esim seoul reddit,城市,城市,（无城市页）,建议：并入对应国家页 Cities 小节,38.9,,en,缺口
best tourist esim abu dhabi,城市,城市,（无城市页）,建议：并入对应国家页 Cities 小节,38.9,,en,缺口
buy esim for abu dhabi,城市,城市,（无城市页）,建议：并入对应国家页 Cities 小节,38.9,,en,缺口
cape town airport esim,城市,城市,（无城市页）,建议：并入对应国家页 Cities 小节,38.9,,en,缺口
cheapest esim for marrakech,城市,城市,（无城市页）,建议：并入对应国家页 Cities 小节,38.9,,en,缺口
claro bogota esim,城市,城市,（无城市页）,建议：并入对应国家页 Cities 小节,38.9,,en,缺口
doha esim 1 day,城市,城市,（无城市页）,建议：并入对应国家页 Cities 小节,38.9,,en,缺口
dubai esim data,城市,城市,（无城市页）,建议：并入对应国家页 Cities 小节,38.9,,en,缺口
esim bali,城市,城市,（无城市页）,建议：并入对应国家页 Cities 小节,38.9,,en,缺口
esim bali vergleich,城市,城市,（无城市页）,建议：并入对应国家页 Cities 小节,38.9,,en,缺口
esim bangkok reddit,城市,城市,（无城市页）,建议：并入对应国家页 Cities 小节,38.9,,en,缺口
esim deals bali,城市,城市,（无城市页）,建议：并入对应国家页 Cities 小节,38.9,,en,缺口
esim dubai free,城市,城市,（无城市页）,建议：并入对应国家页 Cities 小节,38.9,,en,缺口
esim dubai und malediven,城市,城市,（无城市页）,建议：并入对应国家页 Cities 小节,38.9,,de,缺口
esim for amsterdam and paris,城市,城市,（无城市页）,建议：并入对应国家页 Cities 小节,38.9,,en,缺口
esim for buenos aires,城市,城市,（无城市页）,建议：并入对应国家页 Cities 小节,38.9,,en,缺口
esim for cape town,城市,城市,（无城市页）,建议：并入对应国家页 Cities 小节,38.9,,en,缺口
esim for dubai travel,城市,城市,（无城市页）,建议：并入对应国家页 Cities 小节,38.9,,en,缺口
esim for istanbul how to get,城市,城市,（无城市页）,建议：并入对应国家页 Cities 小节,38.9,,en,缺口
esim for miami and bahamas,城市,城市,（无城市页）,建议：并入对应国家页 Cities 小节,38.9,,en,缺口
esim for new york reddit,城市,城市,（无城市页）,建议：并入对应国家页 Cities 小节,38.9,,en,缺口
esim for prague and budapest,城市,城市,（无城市页）,建议：并入对应国家页 Cities 小节,38.9,,en,缺口
esim for seoul and tokyo,城市,城市,（无城市页）,建议：并入对应国家页 Cities 小节,38.9,,en,缺口
esim for tokyo and seoul,城市,城市,（无城市页）,建议：并入对应国家页 Cities 小节,38.9,,en,缺口
esim for vienna and budapest,城市,城市,（无城市页）,建议：并入对应国家页 Cities 小节,38.9,,en,缺口
esim für las vegas,城市,城市,（无城市页）,建议：并入对应国家页 Cities 小节,38.9,,de,缺口
esim hawaii reddit,城市,城市,（无城市页）,建议：并入对应国家页 Cities 小节,38.9,,en,缺口
esim istanbul turkey,城市,城市,（无城市页）,建议：并入对应国家页 Cities 小节,38.9,,en,缺口
esim london and paris,城市,城市,（无城市页）,建议：并入对应国家页 Cities 小节,38.9,,en,缺口
esim macau 1 day,城市,城市,（无城市页）,建议：并入对应国家页 Cities 小节,38.9,,en,缺口
esim maldives 7 days,城市,城市,（无城市页）,建议：并入对应国家页 Cities 小节,38.9,,en,缺口
esim new york vergleich,城市,城市,（无城市页）,建议：并入对应国家页 Cities 小节,38.9,,en,缺口
esim phuket reddit,城市,城市,（无城市页）,建议：并入对应国家页 Cities 小节,38.9,,en,缺口
esim seoul reddit,城市,城市,（无城市页）,建议：并入对应国家页 Cities 小节,38.9,,en,缺口
esim taipei reddit,城市,城市,（无城市页）,建议：并入对应国家页 Cities 小节,38.9,,en,缺口
esim vancouver island,城市,城市,（无城市页）,建议：并入对应国家页 Cities 小节,38.9,,en,缺口
esim vienna reddit,城市,城市,（无城市页）,建议：并入对应国家页 Cities 小节,38.9,,en,缺口
istanbul esim card,城市,城市,（无城市页）,建议：并入对应国家页 Cities 小节,38.9,,en,缺口
kuala lumpur esim klook,城市,城市,（无城市页）,建议：并入对应国家页 Cities 小节,38.9,,en,缺口
marrakech esim reddit,城市,城市,（无城市页）,建议：并入对应国家页 Cities 小节,38.9,,en,缺口
movistar esim lima,城市,城市,（无城市页）,建议：并入对应国家页 Cities 小节,38.9,,en,缺口
paris esim unlimited data,城市,城市,（无城市页）,建议：并入对应国家页 Cities 小节,38.9,,en,缺口
seoul esim tourist,城市,城市,（无城市页）,建议：并入对应国家页 Cities 小节,38.9,,en,缺口
seoul esim with number,城市,城市,（无城市页）,建议：并入对应国家页 Cities 小节,38.9,,en,缺口
sydney esim reddit,城市,城市,（无城市页）,建议：并入对应国家页 Cities 小节,38.9,,en,缺口
taipei esim klook,城市,城市,（无城市页）,建议：并入对应国家页 Cities 小节,38.9,,en,缺口
tokyo esim reddit,城市,城市,（无城市页）,建议：并入对应国家页 Cities 小节,38.9,,en,缺口
toronto esim reddit,城市,城市,（无城市页）,建议：并入对应国家页 Cities 小节,38.9,,en,缺口
where to buy sim card in vienna,城市,城市,（无城市页）,建议：并入对应国家页 Cities 小节,38.9,,en,缺口
amsterdam esim unlimited data,城市,城市,（无城市页）,建议：并入对应国家页 Cities 小节,38.4,,en,缺口
beijing esim klook,城市,城市,（无城市页）,建议：并入对应国家页 Cities 小节,38.4,,en,缺口
best esim card for berlin,城市,城市,（无城市页）,建议：并入对应国家页 Cities 小节,38.4,,en,缺口
best esim for abu dhabi reddit,城市,城市,（无城市页）,建议：并入对应国家页 Cities 小节,38.4,,en,缺口
cancun esim,城市,城市,（无城市页）,建议：并入对应国家页 Cities 小节,38.4,,en,缺口
cancun esim card,城市,城市,（无城市页）,建议：并入对应国家页 Cities 小节,38.4,,en,缺口
doha esim tourist,城市,城市,（无城市页）,建议：并入对应国家页 Cities 小节,38.4,,en,缺口
dublin esim reddit,城市,城市,（无城市页）,建议：并入对应国家页 Cities 小节,38.4,,en,缺口
esim at sydney airport,城市,城市,（无城市页）,建议：并入对应国家页 Cities 小节,38.4,,en,缺口
esim doha 1 day,城市,城市,（无城市页）,建议：并入对应国家页 Cities 小节,38.4,,en,缺口
esim edinburgh reddit,城市,城市,（无城市页）,建议：并入对应国家页 Cities 小节,38.4,,en,缺口
esim hanoi reddit,城市,城市,（无城市页）,建议：并入对应国家页 Cities 小节,38.4,,en,缺口
esim los angeles reddit,城市,城市,（无城市页）,建议：并入对应国家页 Cities 小节,38.4,,en,缺口
esim madrid orange,城市,城市,（无城市页）,建议：并入对应国家页 Cities 小节,38.4,,en,缺口
esim maldives reddit,城市,城市,（无城市页）,建议：并入对应国家页 Cities 小节,38.4,,en,缺口
esim melbourne tourist,城市,城市,（无城市页）,建议：并入对应国家页 Cities 小节,38.4,,en,缺口
esim miami airport,城市,城市,（无城市页）,建议：并入对应国家页 Cities 小节,38.4,,en,缺口
esim orlando airport,城市,城市,（无城市页）,建议：并入对应国家页 Cities 小节,38.4,,en,缺口
globe esim manila airport,城市,城市,（无城市页）,建议：并入对应国家页 Cities 小节,38.4,,en,缺口
vancouver airport esim,城市,城市,（无城市页）,建议：并入对应国家页 Cities 小节,38.4,,en,缺口
best esim for rio de janeiro reddit,城市,城市,（无城市页）,建议：并入对应国家页 Cities 小节,37.9,,en,缺口
esim barcelona unlimited,城市,城市,（无城市页）,建议：并入对应国家页 Cities 小节,37.9,,en,缺口
esim beijing airport,城市,城市,（无城市页）,建议：并入对应国家页 Cities 小节,37.9,,en,缺口
esim brussels airlines,城市,城市,（无城市页）,建议：并入对应国家页 Cities 小节,37.9,,en,缺口
esim cairo vodafone,城市,城市,（无城市页）,建议：并入对应国家页 Cities 小节,37.9,,en,缺口
esim lisbon airport,城市,城市,（无城市页）,建议：并入对应国家页 Cities 小节,37.9,,en,缺口
esim manila reddit,城市,城市,（无城市页）,建议：并入对应国家页 Cities 小节,37.9,,en,缺口
esim marrakech airport,城市,城市,（无城市页）,建议：并入对应国家页 Cities 小节,37.9,,en,缺口
esim vienna airport,城市,城市,（无城市页）,建议：并入对应国家页 Cities 小节,37.9,,en,缺口
best esim for edinburgh scotland,城市,城市,（无城市页）,建议：并入对应国家页 Cities 小节,37.0,,en,缺口
best esim for las vegas reddit,城市,城市,（无城市页）,建议：并入对应国家页 Cities 小节,37.0,,en,缺口
best esim for los angeles reddit,城市,城市,（无城市页）,建议：并入对应国家页 Cities 小节,37.0,,en,缺口
best esim for melbourne,城市,城市,（无城市页）,建议：并入对应国家页 Cities 小节,37.0,,en,缺口
buy esim auckland airport,城市,城市,（无城市页）,建议：并入对应国家页 Cities 小节,37.0,,en,缺口
esim card edinburgh,城市,城市,（无城市页）,建议：并入对应国家页 Cities 小节,37.0,,en,缺口
esim for london and europe,城市,城市,（无城市页）,建议：并入对应国家页 Cities 小节,37.0,,en,缺口
esim for maldives and dubai,城市,城市,（无城市页）,建议：并入对应国家页 Cities 小节,37.0,,en,缺口
best esim athens,城市,城市,（无城市页）,建议：并入对应国家页 Cities 小节,36.5,,en,缺口
best esim card for rome,城市,城市,（无城市页）,建议：并入对应国家页 Cities 小节,36.5,,en,缺口
best esim for beijing and shanghai,城市,城市,（无城市页）,建议：并入对应国家页 Cities 小节,36.5,,en,缺口
best esim for cancun reddit,城市,城市,（无城市页）,建议：并入对应国家页 Cities 小节,36.5,,en,缺口
best esim for tokyo and osaka,城市,城市,（无城市页）,建议：并入对应国家页 Cities 小节,36.5,,en,缺口
best esim nairobi,城市,城市,（无城市页）,建议：并入对应国家页 Cities 小节,36.5,,en,缺口
best esim riyadh,城市,城市,（无城市页）,建议：并入对应国家页 Cities 小节,36.5,,en,缺口
cheapest esim for abu dhabi,城市,城市,（无城市页）,建议：并入对应国家页 Cities 小节,36.5,,en,缺口
esim cancun mexiko,城市,城市,（无城市页）,建议：并入对应国家页 Cities 小节,36.5,,en,缺口
esim card sydney,城市,城市,（无城市页）,建议：并入对应国家页 Cities 小节,36.5,,en,缺口
esim dublino,城市,城市,（无城市页）,建议：并入对应国家页 Cities 小节,36.5,,en,缺口
esim hawaii erfahrungen,城市,城市,（无城市页）,建议：并入对应国家页 Cities 小节,36.5,,de,缺口
esim lisbon reddit,城市,城市,（无城市页）,建议：并入对应国家页 Cities 小节,36.5,,en,缺口
esim marrakech orange,城市,城市,（无城市页）,建议：并入对应国家页 Cities 小节,36.5,,en,缺口
esim miami 1 day,城市,城市,（无城市页）,建议：并入对应国家页 Cities 小节,36.5,,en,缺口
esim shanghai 1 day,城市,城市,（无城市页）,建议：并入对应国家页 Cities 小节,36.5,,en,缺口
esim vancouver reddit,城市,城市,（无城市页）,建议：并入对应国家页 Cities 小节,36.5,,en,缺口
esim zanzibar tigo,城市,城市,（无城市页）,建议：并入对应国家页 Cities 小节,36.5,,en,缺口
internet esim paris,城市,城市,（无城市页）,建议：并入对应国家页 Cities 小节,36.5,,en,缺口
orange esim brussels,城市,城市,（无城市页）,建议：并入对应国家页 Cities 小节,36.5,,en,缺口
prague esim data,城市,城市,（无城市页）,建议：并入对应国家页 Cities 小节,36.5,,en,缺口
prague esim tourist,城市,城市,（无城市页）,建议：并入对应国家页 Cities 小节,36.5,,en,缺口
sydney esim card,城市,城市,（无城市页）,建议：并入对应国家页 Cities 小节,36.5,,en,缺口
sydney esim klook,城市,城市,（无城市页）,建议：并入对应国家页 Cities 小节,36.5,,en,缺口
taipei esim card,城市,城市,（无城市页）,建议：并入对应国家页 Cities 小节,36.5,,en,缺口
toronto esim data,城市,城市,（无城市页）,建议：并入对应国家页 Cities 小节,36.5,,en,缺口
toronto esim with phone number,城市,城市,（无城市页）,建议：并入对应国家页 Cities 小节,36.5,,en,缺口
vodacom cape town esim,城市,城市,（无城市页）,建议：并入对应国家页 Cities 小节,36.5,,en,缺口
abu dhabi esim reddit,城市,城市,（无城市页）,建议：并入对应国家页 Cities 小节,35.1,,en,缺口
abu dhabi sim card for tourist price,城市,城市,（无城市页）,建议：并入对应国家页 Cities 小节,35.1,,en,缺口
bali esim for australians,城市,城市,（无城市页）,建议：并入对应国家页 Cities 小节,35.1,,en,缺口
bali esim vergleich,城市,城市,（无城市页）,建议：并入对应国家页 Cities 小节,35.1,,en,缺口
bangkok esim airport,城市,城市,（无城市页）,建议：并入对应国家页 Cities 小节,35.1,,en,缺口
bangkok esim klook,城市,城市,（无城市页）,建议：并入对应国家页 Cities 小节,35.1,,en,缺口
best esim app for barcelona,城市,城市,（无城市页）,建议：并入对应国家页 Cities 小节,35.1,,en,缺口
best esim app for istanbul,城市,城市,（无城市页）,建议：并入对应国家页 Cities 小节,35.1,,en,缺口
best esim buenos aires,城市,城市,（无城市页）,建议：并入对应国家页 Cities 小节,35.1,,en,缺口
best esim dubai reddit,城市,城市,（无城市页）,建议：并入对应国家页 Cities 小节,35.1,,en,缺口
best esim edinburgh,城市,城市,（无城市页）,建议：并入对应国家页 Cities 小节,35.1,,en,缺口
best esim for bali reddit,城市,城市,（无城市页）,建议：并入对应国家页 Cities 小节,35.1,,en,缺口
best esim for bangkok,城市,城市,（无城市页）,建议：并入对应国家页 Cities 小节,35.1,,en,缺口
best esim for bangkok and phuket,城市,城市,（无城市页）,建议：并入对应国家页 Cities 小节,35.1,,en,缺口
best esim for cancun,城市,城市,（无城市页）,建议：并入对应国家页 Cities 小节,35.1,,en,缺口
best esim for dubai reddit,城市,城市,（无城市页）,建议：并入对应国家页 Cities 小节,35.1,,en,缺口
best esim for hanoi,城市,城市,（无城市页）,建议：并入对应国家页 Cities 小节,35.1,,en,缺口
best esim for istanbul,城市,城市,（无城市页）,建议：并入对应国家页 Cities 小节,35.1,,en,缺口
best esim for jeddah,城市,城市,（无城市页）,建议：并入对应国家页 Cities 小节,35.1,,en,缺口
best esim for prague and budapest,城市,城市,（无城市页）,建议：并入对应国家页 Cities 小节,35.1,,en,缺口
best esim for rome,城市,城市,（无城市页）,建议：并入对应国家页 Cities 小节,35.1,,en,缺口
best esim for vancouver,城市,城市,（无城市页）,建议：并入对应国家页 Cities 小节,35.1,,en,缺口
best esim for vancouver island,城市,城市,（无城市页）,建议：并入对应国家页 Cities 小节,35.1,,en,缺口
best esim vienna reddit,城市,城市,（无城市页）,建议：并入对应国家页 Cities 小节,35.1,,en,缺口
buy esim for cape town,城市,城市,（无城市页）,建议：并入对应国家页 Cities 小节,35.1,,en,缺口
buy esim for doha,城市,城市,（无城市页）,建议：并入对应国家页 Cities 小节,35.1,,en,缺口
buy esim for marrakech,城市,城市,（无城市页）,建议：并入对应国家页 Cities 小节,35.1,,en,缺口
cheapest esim bali,城市,城市,（无城市页）,建议：并入对应国家页 Cities 小节,35.1,,en,缺口
cheapest esim for hawaii,城市,城市,（无城市页）,建议：并入对应国家页 Cities 小节,35.1,,en,缺口
dubai esim card,城市,城市,（无城市页）,建议：并入对应国家页 Cities 小节,35.1,,en,缺口
esim abu dhabi unlimited,城市,城市,（无城市页）,建议：并入对应国家页 Cities 小节,35.1,,en,缺口
esim amsterdam trip com,城市,城市,（无城市页）,建议：并入对应国家页 Cities 小节,35.1,,en,缺口
esim bali easy,城市,城市,（无城市页）,建议：并入对应国家页 Cities 小节,35.1,,en,缺口
esim dubai erfahrungen,城市,城市,（无城市页）,建议：并入对应国家页 Cities 小节,35.1,,de,缺口
esim for paris reddit,城市,城市,（无城市页）,建议：并入对应国家页 Cities 小节,35.1,,en,缺口
esim for paris trip,城市,城市,（无城市页）,建议：并入对应国家页 Cities 小节,35.1,,en,缺口
esim for prague reddit,城市,城市,（无城市页）,建议：并入对应国家页 Cities 小节,35.1,,en,缺口
esim for seoul reddit,城市,城市,（无城市页）,建议：并入对应国家页 Cities 小节,35.1,,en,缺口
esim for tokyo and osaka,城市,城市,（无城市页）,建议：并入对应国家页 Cities 小节,35.1,,en,缺口
esim hawaii 7 days,城市,城市,（无城市页）,建议：并入对应国家页 Cities 小节,35.1,,en,缺口
esim maldives data,城市,城市,（无城市页）,建议：并入对应国家页 Cities 小节,35.1,,en,缺口
esim maldives ooredoo,城市,城市,（无城市页）,建议：并入对应国家页 Cities 小节,35.1,,en,缺口
esim new york telekom,城市,城市,（无城市页）,建议：并入对应国家页 Cities 小节,35.1,,en,缺口
esim new york tourist,城市,城市,（无城市页）,建议：并入对应国家页 Cities 小节,35.1,,en,缺口
esim paris unlimited data,城市,城市,（无城市页）,建议：并入对应国家页 Cities 小节,35.1,,en,缺口
esim rome reddit,城市,城市,（无城市页）,建议：并入对应国家页 Cities 小节,35.1,,en,缺口
esim seoul klook,城市,城市,（无城市页）,建议：并入对应国家页 Cities 小节,35.1,,en,缺口
esim shanghai,城市,城市,（无城市页）,建议：并入对应国家页 Cities 小节,35.1,,en,缺口
esim tokyo unlimited data,城市,城市,（无城市页）,建议：并入对应国家页 Cities 小节,35.1,,en,缺口
esim vienna,城市,城市,（无城市页）,建议：并入对应国家页 Cities 小节,35.1,,en,缺口
expo osaka esim,城市,城市,（无城市页）,建议：并入对应国家页 Cities 小节,35.1,,en,缺口
istanbul esim data,城市,城市,（无城市页）,建议：并入对应国家页 Cities 小节,35.1,,en,缺口
klook esim kuala lumpur,城市,城市,（无城市页）,建议：并入对应国家页 Cities 小节,35.1,,en,缺口
kuala lumpur esim airport,城市,城市,（无城市页）,建议：并入对应国家页 Cities 小节,35.1,,en,缺口
movistar buenos aires esim,城市,城市,（无城市页）,建议：并入对应国家页 Cities 小节,35.1,,en,缺口
paris esim with phone number,城市,城市,（无城市页）,建议：并入对应国家页 Cities 小节,35.1,,en,缺口
rome less esim,城市,城市,（无城市页）,建议：并入对应国家页 Cities 小节,35.1,,en,缺口
seoul esim klook,城市,城市,（无城市页）,建议：并入对应国家页 Cities 小节,35.1,,en,缺口
taipei esim airport,城市,城市,（无城市页）,建议：并入对应国家页 Cities 小节,35.1,,en,缺口
tokyo esim or pocket wifi,城市,城市,（无城市页）,建议：并入对应国家页 Cities 小节,35.1,,en,缺口
travel esim bali,城市,城市,（无城市页）,建议：并入对应国家页 Cities 小节,35.1,,en,缺口
travel esim for maldives,城市,城市,（无城市页）,建议：并入对应国家页 Cities 小节,35.1,,en,缺口
amsterdam esim card,城市,城市,（无城市页）,建议：并入对应国家页 Cities 小节,34.6,,en,缺口
best esim for amsterdam reddit,城市,城市,（无城市页）,建议：并入对应国家页 Cities 小节,34.6,,en,缺口
dhiraagu maldives esim,城市,城市,（无城市页）,建议：并入对应国家页 Cities 小节,34.6,,en,缺口
esim berlino,城市,城市,（无城市页）,建议：并入对应国家页 Cities 小节,34.6,,en,缺口
esim for amsterdam and brussels,城市,城市,（无城市页）,建议：并入对应国家页 Cities 小节,34.6,,en,缺口
esim lisbonne,城市,城市,（无城市页）,建议：并入对应国家页 Cities 小节,34.6,,en,缺口
esim los angeles california,城市,城市,（无城市页）,建议：并入对应国家页 Cities 小节,34.6,,en,缺口
esim miami beach,城市,城市,（无城市页）,建议：并入对应国家页 Cities 小节,34.6,,en,缺口
esim orlando diferente,城市,城市,（无城市页）,建议：并入对应国家页 Cities 小节,34.6,,en,缺口
esim zanzibar unlimited,城市,城市,（无城市页）,建议：并入对应国家页 Cities 小节,34.6,,en,缺口
taipei tourist esim,城市,城市,（无城市页）,建议：并入对应国家页 Cities 小节,34.6,,en,缺口
best esim rio de janeiro,城市,城市,（无城市页）,建议：并入对应国家页 Cities 小节,34.1,,en,缺口
best esim vienna,城市,城市,（无城市页）,建议：并入对应国家页 Cities 小节,34.1,,en,缺口
esim doha dubai,城市,城市,（无城市页）,建议：并入对应国家页 Cities 小节,34.1,,en,缺口
esim istanbul erfahrungen,城市,城市,（无城市页）,建议：并入对应国家页 Cities 小节,34.1,,de,缺口
esim prague airport,城市,城市,（无城市页）,建议：并入对应国家页 Cities 小节,34.1,,en,缺口
esim rome airport,城市,城市,（无城市页）,建议：并入对应国家页 Cities 小节,34.1,,en,缺口
esim sydney airport,城市,城市,（无城市页）,建议：并入对应国家页 Cities 小节,34.1,,en,缺口
best esim for phuket,城市,城市,（无城市页）,建议：并入对应国家页 Cities 小节,33.2,,en,缺口
cheapest esim for las vegas,城市,城市,（无城市页）,建议：并入对应国家页 Cities 小节,33.2,,en,缺口
esim for london reddit,城市,城市,（无城市页）,建议：并入对应国家页 Cities 小节,33.2,,en,缺口
esim london tourist,城市,城市,（无城市页）,建议：并入对应国家页 Cities 小节,33.2,,en,缺口
esim new york 1 week,城市,城市,（无城市页）,建议：并入对应国家页 Cities 小节,33.2,,en,缺口
esim phuket klook,城市,城市,（无城市页）,建议：并入对应国家页 Cities 小节,33.2,,en,缺口
osaka esim reddit,城市,城市,（无城市页）,建议：并入对应国家页 Cities 小节,33.2,,en,缺口
vodacom esim for zanzibar,城市,城市,（无城市页）,建议：并入对应国家页 Cities 小节,33.2,,en,缺口
abu dhabi esim unlimited,城市,城市,（无城市页）,建议：并入对应国家页 Cities 小节,32.8,,en,缺口
air cairo esim,城市,城市,（无城市页）,建议：并入对应国家页 Cities 小节,32.8,,en,缺口
best esim brussels,城市,城市,（无城市页）,建议：并入对应国家页 Cities 小节,32.8,,en,缺口
best esim for abu dhabi and dubai,城市,城市,（无城市页）,建议：并入对应国家页 Cities 小节,32.8,,en,缺口
best esim for bangkok reddit,城市,城市,（无城市页）,建议：并入对应国家页 Cities 小节,32.8,,en,缺口
best esim for seoul reddit,城市,城市,（无城市页）,建议：并入对应国家页 Cities 小节,32.8,,en,缺口
doha esim card,城市,城市,（无城市页）,建议：并入对应国家页 Cities 小节,32.8,,en,缺口
esim abu dhabi free,城市,城市,（无城市页）,建议：并入对应国家页 Cities 小节,32.8,,en,缺口
esim berlin reddit,城市,城市,（无城市页）,建议：并入对应国家页 Cities 小节,32.8,,en,缺口
esim card las vegas,城市,城市,（无城市页）,建议：并入对应国家页 Cities 小节,32.8,,en,缺口
esim madrid airport,城市,城市,（无城市页）,建议：并入对应国家页 Cities 小节,32.8,,en,缺口
esim melbourne reddit,城市,城市,（无城市页）,建议：并入对应国家页 Cities 小节,32.8,,en,缺口
esim shanghai trip com,城市,城市,（无城市页）,建议：并入对应国家页 Cities 小节,32.8,,en,缺口
esim toronto reddit,城市,城市,（无城市页）,建议：并入对应国家页 Cities 小节,32.8,,en,缺口
esim vancouver bc,城市,城市,（无城市页）,建议：并入对应国家页 Cities 小节,32.8,,en,缺口
lisbon esim card,城市,城市,（无城市页）,建议：并入对应国家页 Cities 小节,32.8,,en,缺口
safaricom esim nairobi,城市,城市,（无城市页）,建议：并入对应国家页 Cities 小节,32.8,,en,缺口
sydney esim plans,城市,城市,（无城市页）,建议：并入对应国家页 Cities 小节,32.8,,en,缺口
taipei esim with phone number,城市,城市,（无城市页）,建议：并入对应国家页 Cities 小节,32.8,,en,缺口
tigo esim bogota,城市,城市,（无城市页）,建议：并入对应国家页 Cities 小节,32.8,,en,缺口
vodafone esim athens,城市,城市,（无城市页）,建议：并入对应国家页 Cities 小节,32.8,,en,缺口
esim tokyo unlimited,城市,城市,（无城市页）,建议：并入对应国家页 Cities 小节,32.2,,en,缺口
bali esim oder sim karte,城市,城市,（无城市页）,建议：并入对应国家页 Cities 小节,31.4,,de,缺口
bali esim tourist,城市,城市,（无城市页）,建议：并入对应国家页 Cities 小节,31.4,,en,缺口
bangkok esim card,城市,城市,（无城市页）,建议：并入对应国家页 Cities 小节,31.4,,en,缺口
best cancun esim,城市,城市,（无城市页）,建议：并入对应国家页 Cities 小节,31.4,,en,缺口
best esim app for prague,城市,城市,（无城市页）,建议：并入对应国家页 Cities 小节,31.4,,en,缺口
best esim card for amsterdam,城市,城市,（无城市页）,建议：并入对应国家页 Cities 小节,31.4,,en,缺口
best esim for bali,城市,城市,（无城市页）,建议：并入对应国家页 Cities 小节,31.4,,en,缺口
best esim for bali 2025,城市,城市,（无城市页）,建议：并入对应国家页 Cities 小节,31.4,,en,缺口
best esim for bangkok travel,城市,城市,（无城市页）,建议：并入对应国家页 Cities 小节,31.4,,en,缺口
best esim for dubai travel,城市,城市,（无城市页）,建议：并入对应国家页 Cities 小节,31.4,,en,缺口
best esim for hanoi and sapa,城市,城市,（无城市页）,建议：并入对应国家页 Cities 小节,31.4,,en,缺口
best esim for madrid reddit,城市,城市,（无城市页）,建议：并入对应国家页 Cities 小节,31.4,,en,缺口
best esim for miami and caribbean,城市,城市,（无城市页）,建议：并入对应国家页 Cities 小节,31.4,,en,缺口
best esim for seoul,城市,城市,（无城市页）,建议：并入对应国家页 Cities 小节,31.4,,en,缺口
best esim for seoul and busan,城市,城市,（无城市页）,建议：并入对应国家页 Cities 小节,31.4,,en,缺口
best esim for tokyo,城市,城市,（无城市页）,建议：并入对应国家页 Cities 小节,31.4,,en,缺口
best esim for tokyo and kyoto,城市,城市,（无城市页）,建议：并入对应国家页 Cities 小节,31.4,,en,缺口
best esim for vienna,城市,城市,（无城市页）,建议：并入对应国家页 Cities 小节,31.4,,en,缺口
best esim las vegas,城市,城市,（无城市页）,建议：并入对应国家页 Cities 小节,31.4,,en,缺口
best esim manila,城市,城市,（无城市页）,建议：并入对应国家页 Cities 小节,31.4,,en,缺口
best travel esim for istanbul,城市,城市,（无城市页）,建议：并入对应国家页 Cities 小节,31.4,,en,缺口
cape town best esim,城市,城市,（无城市页）,建议：并入对应国家页 Cities 小节,31.4,,en,缺口
cheapest esim doha,城市,城市,（无城市页）,建议：并入对应国家页 Cities 小节,31.4,,en,缺口
cheapest esim for toronto,城市,城市,（无城市页）,建议：并入对应国家页 Cities 小节,31.4,,en,缺口
claro esim lima,城市,城市,（无城市页）,建议：并入对应国家页 Cities 小节,31.4,,en,缺口
data esim for maldives,城市,城市,（无城市页）,建议：并入对应国家页 Cities 小节,31.4,,en,缺口
dubai esim karte,城市,城市,（无城市页）,建议：并入对应国家页 Cities 小节,31.4,,de,缺口
dubai esim price,城市,城市,（无城市页）,建议：并入对应国家页 Cities 小节,31.4,,en,缺口
esim bali erfahrungen,城市,城市,（无城市页）,建议：并入对应国家页 Cities 小节,31.4,,de,缺口
esim bali telkomsel,城市,城市,（无城市页）,建议：并入对应国家页 Cities 小节,31.4,,en,缺口
esim bangkok klook,城市,城市,（无城市页）,建议：并入对应国家页 Cities 小节,31.4,,en,缺口
esim card for abu dhabi,城市,城市,（无城市页）,建议：并入对应国家页 Cities 小节,31.4,,en,缺口
esim claro bogota,城市,城市,（无城市页）,建议：并入对应国家页 Cities 小节,31.4,,en,缺口
esim dubai 1 week,城市,城市,（无城市页）,建议：并入对应国家页 Cities 小节,31.4,,en,缺口
esim dubai telefonieren,城市,城市,（无城市页）,建议：并入对应国家页 Cities 小节,31.4,,en,缺口
esim for bali reddit,城市,城市,（无城市页）,建议：并入对应国家页 Cities 小节,31.4,,en,缺口
esim for dubai and europe,城市,城市,（无城市页）,建议：并入对应国家页 Cities 小节,31.4,,en,缺口
esim for paris and amsterdam,城市,城市,（无城市页）,建议：并入对应国家页 Cities 小节,31.4,,en,缺口
esim london and europe,城市,城市,（无城市页）,建议：并入对应国家页 Cities 小节,31.4,,en,缺口
esim new york reddit,城市,城市,（无城市页）,建议：并入对应国家页 Cities 小节,31.4,,en,缺口
esim para lima,城市,城市,（无城市页）,建议：并入对应国家页 Cities 小节,31.4,,en,缺口
esim paris internet,城市,城市,（无城市页）,建议：并入对应国家页 Cities 小节,31.4,,en,缺口
esim speed comparison,城市,城市,（无城市页）,建议：并入对应国家页 Cities 小节,31.4,,en,缺口
esim tokyo klook,城市,城市,（无城市页）,建议：并入对应国家页 Cities 小节,31.4,,en,缺口
istanbul esim unlimited data,城市,城市,（无城市页）,建议：并入对应国家页 Cities 小节,31.4,,en,缺口
klook manila esim,城市,城市,（无城市页）,建议：并入对应国家页 Cities 小节,31.4,,en,缺口
osaka esim card,城市,城市,（无城市页）,建议：并入对应国家页 Cities 小节,31.4,,en,缺口
paris esim data,城市,城市,（无城市页）,建议：并入对应国家页 Cities 小节,31.4,,en,缺口
seoul esim unlimited data,城市,城市,（无城市页）,建议：并入对应国家页 Cities 小节,31.4,,en,缺口
spark esim auckland airport,城市,城市,（无城市页）,建议：并入对应国家页 Cities 小节,31.4,,en,缺口
telstra esim melbourne,城市,城市,（无城市页）,建议：并入对应国家页 Cities 小节,31.4,,en,缺口
tokyo esim with phone number,城市,城市,（无城市页）,建议：并入对应国家页 Cities 小节,31.4,,en,缺口
trip com esim beijing,城市,城市,（无城市页）,建议：并入对应国家页 Cities 小节,31.4,,en,缺口
vodafone berlin esim,城市,城市,（无城市页）,建议：并入对应国家页 Cities 小节,31.4,,en,缺口
vodafone dublin esim,城市,城市,（无城市页）,建议：并入对应国家页 Cities 小节,31.4,,en,缺口
vodafone lisbon esim,城市,城市,（无城市页）,建议：并入对应国家页 Cities 小节,31.4,,en,缺口
where to buy sim card in amsterdam,城市,城市,（无城市页）,建议：并入对应国家页 Cities 小节,31.4,,en,缺口
cheapest esim toronto,城市,城市,（无城市页）,建议：并入对应国家页 Cities 小节,30.9,,en,缺口
doha esim trip com,城市,城市,（无城市页）,建议：并入对应国家页 Cities 小节,30.9,,en,缺口
esim bangkok tourist,城市,城市,（无城市页）,建议：并入对应国家页 Cities 小节,30.9,,en,缺口
esim hanoi klook,城市,城市,（无城市页）,建议：并入对应国家页 Cities 小节,30.9,,en,缺口
esim kaufen berlin,城市,城市,（无城市页）,建议：并入对应国家页 Cities 小节,30.9,,en,缺口
esim madrid españa,城市,城市,（无城市页）,建议：并入对应国家页 Cities 小节,30.9,,en,缺口
esim sydney reddit,城市,城市,（无城市页）,建议：并入对应国家页 Cities 小节,30.9,,en,缺口
esim barcelona airport,城市,城市,（无城市页）,建议：并入对应国家页 Cities 小节,30.4,,en,缺口
esim barcelona orange,城市,城市,（无城市页）,建议：并入对应国家页 Cities 小节,30.4,,en,缺口
esim doha airport,城市,城市,（无城市页）,建议：并入对应国家页 Cities 小节,30.4,,en,缺口
esim for prague vienna and budapest,城市,城市,（无城市页）,建议：并入对应国家页 Cities 小节,30.4,,en,缺口
esim toronto airport,城市,城市,（无城市页）,建议：并入对应国家页 Cities 小节,30.4,,en,缺口
best esim for osaka and kyoto,城市,城市,（无城市页）,建议：并入对应国家页 Cities 小节,29.5,,en,缺口
best esim for zanzibar reddit,城市,城市,（无城市页）,建议：并入对应国家页 Cities 小节,29.5,,en,缺口
esim card for miami,城市,城市,（无城市页）,建议：并入对应国家页 Cities 小节,29.5,,en,缺口
esim miami florida,城市,城市,（无城市页）,建议：并入对应国家页 Cities 小节,29.5,,en,缺口
esim zanzibar vodacom,城市,城市,（无城市页）,建议：并入对应国家页 Cities 小节,29.5,,en,缺口
phuket esim card,城市,城市,（无城市页）,建议：并入对应国家页 Cities 小节,29.5,,en,缺口
amsterdam esim data,城市,城市,（无城市页）,建议：并入对应国家页 Cities 小节,29.0,,en,缺口
best esim lisbon,城市,城市,（无城市页）,建议：并入对应国家页 Cities 小节,29.0,,en,缺口
best esim osaka,城市,城市,（无城市页）,建议：并入对应国家页 Cities 小节,29.0,,en,缺口
buy esim athens,城市,城市,（无城市页）,建议：并入对应国家页 Cities 小节,29.0,,en,缺口
doha esim data,城市,城市,（无城市页）,建议：并入对应国家页 Cities 小节,29.0,,en,缺口
esim barcelona data,城市,城市,（无城市页）,建议：并入对应国家页 Cities 小节,29.0,,en,缺口
esim card kuala lumpur,城市,城市,（无城市页）,建议：并入对应国家页 Cities 小节,29.0,,en,缺口
esim card los angeles,城市,城市,（无城市页）,建议：并入对应国家页 Cities 小节,29.0,,en,缺口
esim osaka klook,城市,城市,（无城市页）,建议：并入对应国家页 Cities 小节,29.0,,en,缺口
esim paris and london,城市,城市,（无城市页）,建议：并入对应国家页 Cities 小节,29.0,,en,缺口
esim phuket trip com,城市,城市,（无城市页）,建议：并入对应国家页 Cities 小节,29.0,,en,缺口
esim seoul tourist,城市,城市,（无城市页）,建议：并入对应国家页 Cities 小节,29.0,,en,缺口
esim shanghai vpn,城市,城市,（无城市页）,建议：并入对应国家页 Cities 小节,29.0,,en,缺口
esim vancouver airport,城市,城市,（无城市页）,建议：并入对应国家页 Cities 小节,29.0,,en,缺口
esim zanzibar airport,城市,城市,（无城市页）,建议：并入对应国家页 Cities 小节,29.0,,en,缺口
hello rome esim,城市,城市,（无城市页）,建议：并入对应国家页 Cities 小节,29.0,,en,缺口
shanghai airport esim,城市,城市,（无城市页）,建议：并入对应国家页 Cities 小节,29.0,,en,缺口
taipei esim data,城市,城市,（无城市页）,建议：并入对应国家页 Cities 小节,29.0,,en,缺口
esim brasil rio de janeiro,城市,城市,（无城市页）,建议：并入对应国家页 Cities 小节,28.5,,en,缺口
abu dhabi esim data,城市,城市,（无城市页）,建议：并入对应国家页 Cities 小节,27.6,,en,缺口
abu dhabi free sim card for tourist,城市,城市,（无城市页）,建议：并入对应国家页 Cities 小节,27.6,,en,缺口
bali esim reddit,城市,城市,（无城市页）,建议：并入对应国家页 Cities 小节,27.6,,en,缺口
bangkok esim 1 day,城市,城市,（无城市页）,建议：并入对应国家页 Cities 小节,27.6,,en,缺口
bangkok esim with phone number,城市,城市,（无城市页）,建议：并入对应国家页 Cities 小节,27.6,,en,缺口
best beijing esim,城市,城市,（无城市页）,建议：并入对应国家页 Cities 小节,27.6,,en,缺口
best berlin esim,城市,城市,（无城市页）,建议：并入对应国家页 Cities 小节,27.6,,en,缺口
best e sim istanbul,城市,城市,（无城市页）,建议：并入对应国家页 Cities 小节,27.6,,en,缺口
best esim beijing,城市,城市,（无城市页）,建议：并入对应国家页 Cities 小节,27.6,,en,缺口
best esim cancun,城市,城市,（无城市页）,建议：并入对应国家页 Cities 小节,27.6,,en,缺口
best esim card for prague,城市,城市,（无城市页）,建议：并入对应国家页 Cities 小节,27.6,,en,缺口
best esim card for seoul,城市,城市,（无城市页）,建议：并入对应国家页 Cities 小节,27.6,,en,缺口
best esim dublin,城市,城市,（无城市页）,建议：并入对应国家页 Cities 小节,27.6,,en,缺口
best esim for australians travelling to bali,城市,城市,（无城市页）,建议：并入对应国家页 Cities 小节,27.6,,en,缺口
best esim for dubai unlimited data,城市,城市,（无城市页）,建议：并入对应国家页 Cities 小节,27.6,,en,缺口
best esim for london and amsterdam,城市,城市,（无城市页）,建议：并入对应国家页 Cities 小节,27.6,,en,缺口
best esim for miami florida,城市,城市,（无城市页）,建议：并入对应国家页 Cities 小节,27.6,,en,缺口
best esim for new york,城市,城市,（无城市页）,建议：并入对应国家页 Cities 小节,27.6,,en,缺口
best esim for new york city,城市,城市,（无城市页）,建议：并入对应国家页 Cities 小节,27.6,,en,缺口
best esim in vancouver,城市,城市,（无城市页）,建议：并入对应国家页 Cities 小节,27.6,,en,缺口
best esim orlando,城市,城市,（无城市页）,建议：并入对应国家页 Cities 小节,27.6,,en,缺口
best esim prague,城市,城市,（无城市页）,建议：并入对应国家页 Cities 小节,27.6,,en,缺口
best manila esim,城市,城市,（无城市页）,建议：并入对应国家页 Cities 小节,27.6,,en,缺口
best travel esim bali,城市,城市,（无城市页）,建议：并入对应国家页 Cities 小节,27.6,,en,缺口
boost esim melbourne,城市,城市,（无城市页）,建议：并入对应国家页 Cities 小节,27.6,,en,缺口
brussels airlines breeze esim,城市,城市,（无城市页）,建议：并入对应国家页 Cities 小节,27.6,,en,缺口
buy esim for barcelona,城市,城市,（无城市页）,建议：并入对应国家页 Cities 小节,27.6,,en,缺口
buy esim for hawaii,城市,城市,（无城市页）,建议：并入对应国家页 Cities 小节,27.6,,en,缺口
can i buy a sim card at lisbon airport,城市,城市,（无城市页）,建议：并入对应国家页 Cities 小节,27.6,,en,缺口
cheapest esim for bangkok,城市,城市,（无城市页）,建议：并入对应国家页 Cities 小节,27.6,,en,缺口
cheapest esim new york,城市,城市,（无城市页）,建议：并入对应国家页 Cities 小节,27.6,,en,缺口
dubai esim online,城市,城市,（无城市页）,建议：并入对应国家页 Cities 小节,27.6,,en,缺口
dubai esim reddit,城市,城市,（无城市页）,建议：并入对应国家页 Cities 小节,27.6,,en,缺口
dublin airport esim card,城市,城市,（无城市页）,建议：并入对应国家页 Cities 小节,27.6,,en,缺口
esim abu dhabi dubai,城市,城市,（无城市页）,建议：并入对应国家页 Cities 小节,27.6,,en,缺口
esim bali reddit,城市,城市,（无城市页）,建议：并入对应国家页 Cities 小节,27.6,,en,缺口
esim card auckland,城市,城市,（无城市页）,建议：并入对应国家页 Cities 小节,27.6,,en,缺口
esim card brussels,城市,城市,（无城市页）,建议：并入对应国家页 Cities 小节,27.6,,en,缺口
esim card for marrakech,城市,城市,（无城市页）,建议：并入对应国家页 Cities 小节,27.6,,en,缺口
esim card madrid,城市,城市,（无城市页）,建议：并入对应国家页 Cities 小节,27.6,,en,缺口
esim card nairobi,城市,城市,（无城市页）,建议：并入对应国家页 Cities 小节,27.6,,en,缺口
esim card orlando,城市,城市,（无城市页）,建议：并入对应国家页 Cities 小节,27.6,,en,缺口
esim cards for hawaii,城市,城市,（无城市页）,建议：并入对应国家页 Cities 小节,27.6,,en,缺口
esim data paris,城市,城市,（无城市页）,建议：并入对应国家页 Cities 小节,27.6,,en,缺口
esim dubai 7 tage,城市,城市,（无城市页）,建议：并入对应国家页 Cities 小节,27.6,,en,缺口
esim dubai cheap,城市,城市,（无城市页）,建议：并入对应国家页 Cities 小节,27.6,,en,缺口
esim for dubai unlimited data,城市,城市,（无城市页）,建议：并入对应国家页 Cities 小节,27.6,,en,缺口
esim for london and dublin,城市,城市,（无城市页）,建议：并入对应国家页 Cities 小节,27.6,,en,缺口
esim für dublin,城市,城市,（无城市页）,建议：并入对应国家页 Cities 小节,27.6,,de,缺口
esim hawaii t mobile,城市,城市,（无城市页）,建议：并入对应国家页 Cities 小节,27.6,,en,缺口
esim internet amsterdam,城市,城市,（无城市页）,建议：并入对应国家页 Cities 小节,27.6,,en,缺口
esim london unlimited data,城市,城市,（无城市页）,建议：并入对应国家页 Cities 小节,27.6,,en,缺口
esim maldives comparison,城市,城市,（无城市页）,建议：并入对应国家页 Cities 小节,27.6,,en,缺口
esim miami and caribbean,城市,城市,（无城市页）,建议：并入对应国家页 Cities 小节,27.6,,en,缺口
esim movistar lima,城市,城市,（无城市页）,建议：并入对应国家页 Cities 小节,27.6,,en,缺口
esim new york vodafone,城市,城市,（无城市页）,建议：并入对应国家页 Cities 小节,27.6,,en,缺口
esim orange marrakech,城市,城市,（无城市页）,建议：并入对应国家页 Cities 小节,27.6,,en,缺口
esim paris 5 days,城市,城市,（无城市页）,建议：并入对应国家页 Cities 小节,27.6,,en,缺口
esim seoul trip com,城市,城市,（无城市页）,建议：并入对应国家页 Cities 小节,27.6,,en,缺口
esim tokyo cheapo,城市,城市,（无城市页）,建议：并入对应国家页 Cities 小节,27.6,,en,缺口
esim tokyo haneda airport,城市,城市,（无城市页）,建议：并入对应国家页 Cities 小节,27.6,,en,缺口
etisalat cairo esim,城市,城市,（无城市页）,建议：并入对应国家页 Cities 小节,27.6,,en,缺口
hanoi esim card,城市,城市,（无城市页）,建议：并入对应国家页 Cities 小节,27.6,,en,缺口
kuala lumpur best esim,城市,城市,（无城市页）,建议：并入对应国家页 Cities 小节,27.6,,en,缺口
maldives esim,城市,城市,（无城市页）,建议：并入对应国家页 Cities 小节,27.6,,en,缺口
o2 esim prague,城市,城市,（无城市页）,建议：并入对应国家页 Cities 小节,27.6,,en,缺口
optus sydney esim,城市,城市,（无城市页）,建议：并入对应国家页 Cities 小节,27.6,,en,缺口
paris esim internet,城市,城市,（无城市页）,建议：并入对应国家页 Cities 小节,27.6,,en,缺口
personal esim buenos aires,城市,城市,（无城市页）,建议：并入对应国家页 Cities 小节,27.6,,en,缺口
phuket esim tourist,城市,城市,（无城市页）,建议：并入对应国家页 Cities 小节,27.6,,en,缺口
prague esim,城市,城市,（无城市页）,建议：并入对应国家页 Cities 小节,27.6,,en,缺口
smart esim manila,城市,城市,（无城市页）,建议：并入对应国家页 Cities 小节,27.6,,en,缺口
tokyo esim klook,城市,城市,（无城市页）,建议：并入对应国家页 Cities 小节,27.6,,en,缺口
vancouver esim card,城市,城市,（无城市页）,建议：并入对应国家页 Cities 小节,27.6,,en,缺口
viettel esim hanoi,城市,城市,（无城市页）,建议：并入对应国家页 Cities 小节,27.6,,en,缺口
vodafone esim cape town,城市,城市,（无城市页）,建议：并入对应国家页 Cities 小节,27.6,,en,缺口
vodafone prague esim,城市,城市,（无城市页）,建议：并入对应国家页 Cities 小节,27.6,,en,缺口
what sim card to buy in bali,城市,城市,（无城市页）,建议：并入对应国家页 Cities 小节,27.6,,en,缺口
doha esim reddit,城市,城市,（无城市页）,建议：并入对应国家页 Cities 小节,27.1,,en,缺口
esim bangkok trip com,城市,城市,（无城市页）,建议：并入对应国家页 Cities 小节,27.1,,en,缺口
esim card buenos aires,城市,城市,（无城市页）,建议：并入对应国家页 Cities 小节,27.1,,en,缺口
esim zanzibar reddit,城市,城市,（无城市页）,建议：并入对应国家页 Cities 小节,27.1,,en,缺口
bangkok esim unlimited,城市,城市,（无城市页）,建议：并入对应国家页 Cities 小节,26.6,,en,缺口
esim claro rio de janeiro,城市,城市,（无城市页）,建议：并入对应国家页 Cities 小节,26.6,,en,缺口
esim toronto cheap,城市,城市,（无城市页）,建议：并入对应国家页 Cities 小节,26.6,,en,缺口
best esim for miami,城市,城市,（无城市页）,建议：并入对应国家页 Cities 小节,25.8,,en,缺口
best esim for osaka reddit,城市,城市,（无城市页）,建议：并入对应国家页 Cities 小节,25.8,,en,缺口
best esim los angeles,城市,城市,（无城市页）,建议：并入对应国家页 Cities 小节,25.8,,en,缺口
buy esim edinburgh,城市,城市,（无城市页）,建议：并入对应国家页 Cities 小节,25.8,,en,缺口
cheapest esim for zanzibar,城市,城市,（无城市页）,建议：并入对应国家页 Cities 小节,25.8,,en,缺口
esim miami bahamas,城市,城市,（无城市页）,建议：并入对应国家页 Cities 小节,25.8,,en,缺口
esim new york city,城市,城市,（无城市页）,建议：并入对应国家页 Cities 小节,25.8,,en,缺口
melbourne esim card,城市,城市,（无城市页）,建议：并入对应国家页 Cities 小节,25.8,,en,缺口
zero esim las vegas,城市,城市,（无城市页）,建议：并入对应国家页 Cities 小节,25.8,,en,缺口
abu dhabi esim card,城市,城市,（无城市页）,建议：并入对应国家页 Cities 小节,25.2,,en,缺口
amsterdam esim with phone number,城市,城市,（无城市页）,建议：并入对应国家页 Cities 小节,25.2,,en,缺口
best esim cairo,城市,城市,（无城市页）,建议：并入对应国家页 Cities 小节,25.2,,en,缺口
best esim for tokyo kyoto and osaka,城市,城市,（无城市页）,建议：并入对应国家页 Cities 小节,25.2,,en,缺口
buy esim vienna,城市,城市,（无城市页）,建议：并入对应国家页 Cities 小节,25.2,,en,缺口
cheap esim barcelona,城市,城市,（无城市页）,建议：并入对应国家页 Cities 小节,25.2,,en,缺口
cheap esim.abu dhabi,城市,城市,（无城市页）,建议：并入对应国家页 Cities 小节,25.2,,en,缺口
esim card cape town,城市,城市,（无城市页）,建议：并入对应国家页 Cities 小节,25.2,,en,缺口
esim hawaii vergleich,城市,城市,（无城市页）,建议：并入对应国家页 Cities 小节,25.2,,en,缺口
esim madrid 1 dia,城市,城市,（无城市页）,建议：并入对应国家页 Cities 小节,25.2,,en,缺口
esim maldives compare,城市,城市,（无城市页）,建议：并入对应国家页 Cities 小节,25.2,,en,缺口
esim marrakech unlimited data,城市,城市,（无城市页）,建议：并入对应国家页 Cities 小节,25.2,,en,缺口
esim seoul unlimited,城市,城市,（无城市页）,建议：并入对应国家页 Cities 小节,25.2,,en,缺口
esim tokyo haneda,城市,城市,（无城市页）,建议：并入对应国家页 Cities 小节,25.2,,en,缺口
esim zanzibar vodafone,城市,城市,（无城市页）,建议：并入对应国家页 Cities 小节,25.2,,en,缺口
o2 esim berlin,城市,城市,（无城市页）,建议：并入对应国家页 Cities 小节,25.2,,en,缺口
orange esim cairo,城市,城市,（无城市页）,建议：并入对应国家页 Cities 小节,25.2,,en,缺口
taipei esim tourist,城市,城市,（无城市页）,建议：并入对应国家页 Cities 小节,25.2,,en,缺口
vivo esim rio de janeiro,城市,城市,（无城市页）,建议：并入对应国家页 Cities 小节,24.3,,en,缺口
abu dhabi e sim reddit,城市,城市,（无城市页）,建议：并入对应国家页 Cities 小节,23.9,,en,缺口
amsterdam esim travel,城市,城市,（无城市页）,建议：并入对应国家页 Cities 小节,23.9,,en,缺口
bali esim online,城市,城市,（无城市页）,建议：并入对应国家页 Cities 小节,23.9,,en,缺口
bali esim trip com,城市,城市,（无城市页）,建议：并入对应国家页 Cities 小节,23.9,,en,缺口
bangkok esim trip com,城市,城市,（无城市页）,建议：并入对应国家页 Cities 小节,23.9,,en,缺口
best dublin esim,城市,城市,（无城市页）,建议：并入对应国家页 Cities 小节,23.9,,en,缺口
best esim app for paris,城市,城市,（无城市页）,建议：并入对应国家页 Cities 小节,23.9,,en,缺口
best esim bangkok airport,城市,城市,（无城市页）,建议：并入对应国家页 Cities 小节,23.9,,en,缺口
best esim berlin,城市,城市,（无城市页）,建议：并入对应国家页 Cities 小节,23.9,,en,缺口
best esim for amsterdam,城市,城市,（无城市页）,建议：并入对应国家页 Cities 小节,23.9,,en,缺口
best esim for bali 7 days,城市,城市,（无城市页）,建议：并入对应国家页 Cities 小节,23.9,,en,缺口
best esim for bali for 10 days,城市,城市,（无城市页）,建议：并入对应国家页 Cities 小节,23.9,,en,缺口
best esim for bali telkomsel,城市,城市,（无城市页）,建议：并入对应国家页 Cities 小节,23.9,,en,缺口
best esim for bangkok and chiang mai,城市,城市,（无城市页）,建议：并入对应国家页 Cities 小节,23.9,,en,缺口
best esim for dubai and abu dhabi,城市,城市,（无城市页）,建议：并入对应国家页 Cities 小节,23.9,,en,缺口
best esim for maldives,城市,城市,（无城市页）,建议：并入对应国家页 Cities 小节,23.9,,en,缺口
best esim for paris travel,城市,城市,（无城市页）,建议：并入对应国家页 Cities 小节,23.9,,en,缺口
best esim for prague,城市,城市,（无城市页）,建议：并入对应国家页 Cities 小节,23.9,,en,缺口
best esim for shanghai,城市,城市,（无城市页）,建议：并入对应国家页 Cities 小节,23.9,,en,缺口
best esim for shanghai reddit,城市,城市,（无城市页）,建议：并入对应国家页 Cities 小节,23.9,,en,缺口
best esim for.vancouver reddit,城市,城市,（无城市页）,建议：并入对应国家页 Cities 小节,23.9,,en,缺口
best esim osaka reddit,城市,城市,（无城市页）,建议：并入对应国家页 Cities 小节,23.9,,en,缺口
best esim seoul,城市,城市,（无城市页）,建议：并入对应国家页 Cities 小节,23.9,,en,缺口
best esim vancouver,城市,城市,（无城市页）,建议：并入对应国家页 Cities 小节,23.9,,en,缺口
best prague esim,城市,城市,（无城市页）,建议：并入对应国家页 Cities 小节,23.9,,en,缺口
best rome esim,城市,城市,（无城市页）,建议：并入对应国家页 Cities 小节,23.9,,en,缺口
buy esim for bangkok,城市,城市,（无城市页）,建议：并入对应国家页 Cities 小节,23.9,,en,缺口
buy esim for phuket,城市,城市,（无城市页）,建议：并入对应国家页 Cities 小节,23.9,,en,缺口
buy esim in phuket,城市,城市,（无城市页）,建议：并入对应国家页 Cities 小节,23.9,,en,缺口
cancun travel esim,城市,城市,（无城市页）,建议：并入对应国家页 Cities 小节,23.9,,en,缺口
cheapest esim for barcelona,城市,城市,（无城市页）,建议：并入对应国家页 Cities 小节,23.9,,en,缺口
cheapest esim for istanbul,城市,城市,（无城市页）,建议：并入对应国家页 Cities 小节,23.9,,en,缺口
cheapest esim rome,城市,城市,（无城市页）,建议：并入对应国家页 Cities 小节,23.9,,en,缺口
dubai esim free,城市,城市,（无城市页）,建议：并入对应国家页 Cities 小节,23.9,,en,缺口
ee esim edinburgh,城市,城市,（无城市页）,建议：并入对应国家页 Cities 小节,23.9,,en,缺口
esim america new york,城市,城市,（无城市页）,建议：并入对应国家页 Cities 小节,23.9,,en,缺口
esim bali 10 days,城市,城市,（无城市页）,建议：并入对应国家页 Cities 小节,23.9,,en,缺口
esim bali kaufen,城市,城市,（无城市页）,建议：并入对应国家页 Cities 小节,23.9,,en,缺口
esim card for amsterdam,城市,城市,（无城市页）,建议：并入对应国家页 Cities 小节,23.9,,en,缺口
esim card for new york,城市,城市,（无城市页）,建议：并入对应国家页 Cities 小节,23.9,,en,缺口
esim card for rome,城市,城市,（无城市页）,建议：并入对应国家页 Cities 小节,23.9,,en,缺口
esim dubai 10 tage,城市,城市,（无城市页）,建议：并入对应国家页 Cities 小节,23.9,,en,缺口
esim dubai price,城市,城市,（无城市页）,建议：并入对应国家页 Cities 小节,23.9,,en,缺口
esim for dubai reddit,城市,城市,（无城市页）,建议：并入对应国家页 Cities 小节,23.9,,en,缺口
esim indonesien bali,城市,城市,（无城市页）,建议：并入对应国家页 Cities 小节,23.9,,en,缺口
esim istanbul unlimited data,城市,城市,（无城市页）,建议：并入对应国家页 Cities 小节,23.9,,en,缺口
esim kanada toronto,城市,城市,（无城市页）,建议：并入对应国家页 Cities 小节,23.9,,en,缺口
esim maldives 100gb,城市,城市,（无城市页）,建议：并入对应国家页 Cities 小节,23.9,,en,缺口
esim maldives klook,城市,城市,（无城市页）,建议：并入对应国家页 Cities 小节,23.9,,en,缺口
esim miami e bahamas,城市,城市,（无城市页）,建议：并入对应国家页 Cities 小节,23.9,,en,缺口
esim new york t mobile,城市,城市,（无城市页）,建议：并入对应国家页 Cities 小节,23.9,,en,缺口
esim oman dubai,城市,城市,（无城市页）,建议：并入对应国家页 Cities 小节,23.9,,en,缺口
esim para orlando,城市,城市,（无城市页）,建议：并入对应国家页 Cities 小节,23.9,,en,缺口
esim paris 3 days,城市,城市,（无城市页）,建议：并入对应国家页 Cities 小节,23.9,,en,缺口
esim paris airport,城市,城市,（无城市页）,建议：并入对应国家页 Cities 小节,23.9,,en,缺口
esim prepago lima,城市,城市,（无城市页）,建议：并入对应国家页 Cities 小节,23.9,,en,缺口
esim shanghai klook,城市,城市,（无城市页）,建议：并入对应国家页 Cities 小节,23.9,,en,缺口
esim with phone number bali,城市,城市,（无城市页）,建议：并入对应国家页 Cities 小节,23.9,,en,缺口
istanbul esim internet,城市,城市,（无城市页）,建议：并入对应国家页 Cities 小节,23.9,,en,缺口
klook esim manila,城市,城市,（无城市页）,建议：并入对应国家页 Cities 小节,23.9,,en,缺口
klook esim melbourne,城市,城市,（无城市页）,建议：并入对应国家页 Cities 小节,23.9,,en,缺口
optus esim melbourne,城市,城市,（无城市页）,建议：并入对应国家页 Cities 小节,23.9,,en,缺口
osaka esim povo,城市,城市,（无城市页）,建议：并入对应国家页 Cities 小节,23.9,,en,缺口
paris esim orange,城市,城市,（无城市页）,建议：并入对应国家页 Cities 小节,23.9,,en,缺口
prepaid esim vancouver,城市,城市,（无城市页）,建议：并入对应国家页 Cities 小节,23.9,,en,缺口
romero esim,城市,城市,（无城市页）,建议：并入对应国家页 Cities 小节,23.9,,en,缺口
seoul esim with phone number,城市,城市,（无城市页）,建议：并入对应国家页 Cities 小节,23.9,,en,缺口
smart manila esim,城市,城市,（无城市页）,建议：并入对应国家页 Cities 小节,23.9,,en,缺口
tokyo esim data,城市,城市,（无城市页）,建议：并入对应国家页 Cities 小节,23.9,,en,缺口
tourist esim phuket,城市,城市,（无城市页）,建议：并入对应国家页 Cities 小节,23.9,,en,缺口
travel esim for hawaii,城市,城市,（无城市页）,建议：并入对应国家页 Cities 小节,23.9,,en,缺口
viettel esim hanoi airport,城市,城市,（无城市页）,建议：并入对应国家页 Cities 小节,23.9,,en,缺口
vodafone esim dublin,城市,城市,（无城市页）,建议：并入对应国家页 Cities 小节,23.9,,en,缺口
vodafone esim lisbon,城市,城市,（无城市页）,建议：并入对应国家页 Cities 小节,23.9,,en,缺口
vodafone esim madrid,城市,城市,（无城市页）,建议：并入对应国家页 Cities 小节,23.9,,en,缺口
vodafone rome esim,城市,城市,（无城市页）,建议：并入对应国家页 Cities 小节,23.9,,en,缺口
vodafone sydney esim,城市,城市,（无城市页）,建议：并入对应国家页 Cities 小节,23.9,,en,缺口
welche esim für las vegas,城市,城市,（无城市页）,建议：并入对应国家页 Cities 小节,23.9,,de,缺口
where to buy sim card in taipei,城市,城市,（无城市页）,建议：并入对应国家页 Cities 小节,23.9,,en,缺口
esim amsterdam airport,城市,城市,（无城市页）,建议：并入对应国家页 Cities 小节,22.9,,en,缺口
esim card rio de janeiro,城市,城市,（无城市页）,建议：并入对应国家页 Cities 小节,22.9,,en,缺口
esim marrakech vodafone,城市,城市,（无城市页）,建议：并入对应国家页 Cities 小节,22.9,,en,缺口
esim sydney cheap,城市,城市,（无城市页）,建议：并入对应国家页 Cities 小节,22.9,,en,缺口
best esim for osaka and tokyo,城市,城市,（无城市页）,建议：并入对应国家页 Cities 小节,22.0,,en,缺口
best esim melbourne,城市,城市,（无城市页）,建议：并入对应国家页 Cities 小节,22.0,,en,缺口
cheapest esim for phuket,城市,城市,（无城市页）,建议：并入对应国家页 Cities 小节,22.0,,en,缺口
esim sim com edinburgh,城市,城市,（无城市页）,建议：并入对应国家页 Cities 小节,22.0,,en,缺口
phuket esim data,城市,城市,（无城市页）,建议：并入对应国家页 Cities 小节,22.0,,en,缺口
best esim for tokyo travel,城市,城市,（无城市页）,建议：并入对应国家页 Cities 小节,21.5,,en,缺口
esim abu dhabi one day,城市,城市,（无城市页）,建议：并入对应国家页 Cities 小节,21.5,,en,缺口
esim claro buenos aires,城市,城市,（无城市页）,建议：并入对应国家页 Cities 小节,21.5,,en,缺口
esim hawaii unlimited data,城市,城市,（无城市页）,建议：并入对应国家页 Cities 小节,21.5,,en,缺口
esim istanbul internet,城市,城市,（无城市页）,建议：并入对应国家页 Cities 小节,21.5,,en,缺口
esim maldives 10 days,城市,城市,（无城市页）,建议：并入对应国家页 Cities 小节,21.5,,en,缺口
esim marrakech cheap,城市,城市,（无城市页）,建议：并入对应国家页 Cities 小节,21.5,,en,缺口
esim telcel cancun,城市,城市,（无城市页）,建议：并入对应国家页 Cities 小节,21.5,,en,缺口
esim tokyo narita,城市,城市,（无城市页）,建议：并入对应国家页 Cities 小节,21.5,,en,缺口
prepaid esim barcelona,城市,城市,（无城市页）,建议：并入对应国家页 Cities 小节,21.5,,en,缺口
prepaid esim berlin,城市,城市,（无城市页）,建议：并入对应国家页 Cities 小节,21.5,,en,缺口
smart. esim manila airport,城市,城市,（无城市页）,建议：并入对应国家页 Cities 小节,21.5,,en,缺口
taipei esim with number,城市,城市,（无城市页）,建议：并入对应国家页 Cities 小节,21.5,,en,缺口
7 days esim new york,城市,城市,（无城市页）,建议：并入对应国家页 Cities 小节,20.1,,en,缺口
abu dhabi esim online,城市,城市,（无城市页）,建议：并入对应国家页 Cities 小节,20.1,,en,缺口
bali esim klook,城市,城市,（无城市页）,建议：并入对应国家页 Cities 小节,20.1,,en,缺口
bangkok esim ais,城市,城市,（无城市页）,建议：并入对应国家页 Cities 小节,20.1,,en,缺口
best e sim in amsterdam,城市,城市,（无城市页）,建议：并入对应国家页 Cities 小节,20.1,,en,缺口
best esim app for bangkok,城市,城市,（无城市页）,建议：并入对应国家页 Cities 小节,20.1,,en,缺口
best esim barcelona,城市,城市,（无城市页）,建议：并入对应国家页 Cities 小节,20.1,,en,缺口
best esim for disneyland paris,城市,城市,（无城市页）,建议：并入对应国家页 Cities 小节,20.1,,en,缺口
best esim for dubai and europe,城市,城市,（无城市页）,建议：并入对应国家页 Cities 小节,20.1,,en,缺口
best esim for phuket reddit,城市,城市,（无城市页）,建议：并入对应国家页 Cities 小节,20.1,,en,缺口
best esim for vancouver bc,城市,城市,（无城市页）,建议：并入对应国家页 Cities 小节,20.1,,en,缺口
best esim hanoi,城市,城市,（无城市页）,建议：并入对应国家页 Cities 小节,20.1,,en,缺口
best esim madrid,城市,城市,（无城市页）,建议：并入对应国家页 Cities 小节,20.1,,en,缺口
best esim toronto,城市,城市,（无城市页）,建议：并入对应国家页 Cities 小节,20.1,,en,缺口
best toronto esim,城市,城市,（无城市页）,建议：并入对应国家页 Cities 小节,20.1,,en,缺口
buy esim cairo,城市,城市,（无城市页）,建议：并入对应国家页 Cities 小节,20.1,,en,缺口
buy esim for shanghai,城市,城市,（无城市页）,建议：并入对应国家页 Cities 小节,20.1,,en,缺口
buy esim las vegas,城市,城市,（无城市页）,建议：并入对应国家页 Cities 小节,20.1,,en,缺口
buy esim los angeles,城市,城市,（无城市页）,建议：并入对应国家页 Cities 小节,20.1,,en,缺口
buy esim melbourne,城市,城市,（无城市页）,建议：并入对应国家页 Cities 小节,20.1,,en,缺口
cheap esim for marrakech,城市,城市,（无城市页）,建议：并入对应国家页 Cities 小节,20.1,,en,缺口
cheapest esim cape town,城市,城市,（无城市页）,建议：并入对应国家页 Cities 小节,20.1,,en,缺口
cheapest esim for maldives,城市,城市,（无城市页）,建议：并入对应国家页 Cities 小节,20.1,,en,缺口
cheapest esim for rome,城市,城市,（无城市页）,建议：并入对应国家页 Cities 小节,20.1,,en,缺口
citylife madrid esim,城市,城市,（无城市页）,建议：并入对应国家页 Cities 小节,20.1,,en,缺口
comprar esim buenos aires,城市,城市,（无城市页）,建议：并入对应国家页 Cities 小节,20.1,,en,缺口
dubai esim cheap,城市,城市,（无城市页）,建议：并入对应国家页 Cities 小节,20.1,,en,缺口
esim bali best,城市,城市,（无城市页）,建议：并入对应国家页 Cities 小节,20.1,,en,缺口
esim balisim,城市,城市,（无城市页）,建议：并入对应国家页 Cities 小节,20.1,,en,缺口
esim bangkok 3 days,城市,城市,（无城市页）,建议：并入对应国家页 Cities 小节,20.1,,en,缺口
esim baywatch berlin,城市,城市,（无城市页）,建议：并入对应国家页 Cities 小节,20.1,,en,缺口
esim card for barcelona,城市,城市,（无城市页）,建议：并入对应国家页 Cities 小节,20.1,,en,缺口
esim card for istanbul,城市,城市,（无城市页）,建议：并入对应国家页 Cities 小节,20.1,,en,缺口
esim card for prague,城市,城市,（无城市页）,建议：并入对应国家页 Cities 小节,20.1,,en,缺口
esim card for seoul,城市,城市,（无城市页）,建议：并入对应国家页 Cities 小节,20.1,,en,缺口
esim dubai airport,城市,城市,（无城市页）,建议：并入对应国家页 Cities 小节,20.1,,en,缺口
esim el cairo,城市,城市,（无城市页）,建议：并入对应国家页 Cities 小节,20.1,,en,缺口
esim for bali and lombok,城市,城市,（无城市页）,建议：并入对应国家页 Cities 小节,20.1,,en,缺口
esim for dubai and saudi,城市,城市,（无城市页）,建议：并入对应国家页 Cities 小节,20.1,,en,缺口
esim for london and scotland,城市,城市,（无城市页）,建议：并入对应国家页 Cities 小节,20.1,,en,缺口
esim hawaii travel,城市,城市,（无城市页）,建议：并入对应国家页 Cities 小节,20.1,,en,缺口
esim istanbul kaufen,城市,城市,（无城市页）,建议：并入对应国家页 Cities 小节,20.1,,en,缺口
esim london vodafone,城市,城市,（无城市页）,建议：并入对应国家页 Cities 小节,20.1,,en,缺口
esim para bogota,城市,城市,（无城市页）,建议：并入对应国家页 Cities 小节,20.1,,en,缺口
esim para buenos aires,城市,城市,（无城市页）,建议：并入对应国家页 Cities 小节,20.1,,en,缺口
esim para los angeles,城市,城市,（无城市页）,建议：并入对应国家页 Cities 小节,20.1,,en,缺口
esim paris orange,城市,城市,（无城市页）,建议：并入对应国家页 Cities 小节,20.1,,en,缺口
esim shanghai unlimited,城市,城市,（无城市页）,建议：并入对应国家页 Cities 小节,20.1,,en,缺口
esim tokyo station,城市,城市,（无城市页）,建议：并入对应国家页 Cities 小节,20.1,,en,缺口
esim zanzibar revolut,城市,城市,（无城市页）,建议：并入对应国家页 Cities 小节,20.1,,en,缺口
istanbul esim price,城市,城市,（无城市页）,建议：并入对应国家页 Cities 小节,20.1,,en,缺口
maldives unlimited esim,城市,城市,（无城市页）,建议：并入对应国家页 Cities 小节,20.1,,en,缺口
movistar bogota esim,城市,城市,（无城市页）,建议：并入对应国家页 Cities 小节,20.1,,en,缺口
mtn esim cape town,城市,城市,（无城市页）,建议：并入对应国家页 Cities 小节,20.1,,en,缺口
o2 prague esim,城市,城市,（无城市页）,建议：并入对应国家页 Cities 小节,20.1,,en,缺口
osaka esim povo2 0,城市,城市,（无城市页）,建议：并入对应国家页 Cities 小节,20.1,,en,缺口
paris esim trip com,城市,城市,（无城市页）,建议：并入对应国家页 Cities 小节,20.1,,en,缺口
phuket esim buy,城市,城市,（无城市页）,建议：并入对应国家页 Cities 小节,20.1,,en,缺口
reddit esim hawaii,城市,城市,（无城市页）,建议：并入对应国家页 Cities 小节,20.1,,en,缺口
rome free esim,城市,城市,（无城市页）,建议：并入对应国家页 Cities 小节,20.1,,en,缺口
seoul esim price,城市,城市,（无城市页）,建议：并入对应国家页 Cities 小节,20.1,,en,缺口
seoul esim trip com,城市,城市,（无城市页）,建议：并入对应国家页 Cities 小节,20.1,,en,缺口
telstra esim sydney airport,城市,城市,（无城市页）,建议：并入对应国家页 Cities 小节,20.1,,en,缺口
tokyo esim tourist,城市,城市,（无城市页）,建议：并入对应国家页 Cities 小节,20.1,,en,缺口
tokyo esim trip com,城市,城市,（无城市页）,建议：并入对应国家页 Cities 小节,20.1,,en,缺口
tourist esim kuala lumpur,城市,城市,（无城市页）,建议：并入对应国家页 Cities 小节,20.1,,en,缺口
trip com beijing esim,城市,城市,（无城市页）,建议：并入对应国家页 Cities 小节,20.1,,en,缺口
unlimited esim bangkok,城市,城市,（无城市页）,建议：并入对应国家页 Cities 小节,20.1,,en,缺口
vodafone esim berlin,城市,城市,（无城市页）,建议：并入对应国家页 Cities 小节,20.1,,en,缺口
vodafone esim rome,城市,城市,（无城市页）,建议：并入对应国家页 Cities 小节,20.1,,en,缺口
zero esim marrakech,城市,城市,（无城市页）,建议：并入对应国家页 Cities 小节,20.1,,en,缺口
esim abu dhabi reddit,城市,城市,（无城市页）,建议：并入对应国家页 Cities 小节,19.1,,en,缺口
esim sydney data,城市,城市,（无城市页）,建议：并入对应国家页 Cities 小节,19.1,,en,缺口
esim aeropuerto bogota,城市,城市,（无城市页）,建议：并入对应国家页 Cities 小节,18.2,,en,缺口
esim for london trip,城市,城市,（无城市页）,建议：并入对应国家页 Cities 小节,18.2,,en,缺口
travel esim comparison,城市,城市,（无城市页）,建议：并入对应国家页 Cities 小节,18.2,,en,缺口
a1 esim vienna,城市,城市,（无城市页）,建议：并入对应国家页 Cities 小节,17.8,,en,缺口
buy esim dublin airport,城市,城市,（无城市页）,建议：并入对应国家页 Cities 小节,17.8,,en,缺口
comprar esim bogota,城市,城市,（无城市页）,建议：并入对应国家页 Cities 小节,17.8,,en,缺口
esim abu dhabi vergleich,城市,城市,（无城市页）,建议：并入对应国家页 Cities 小节,17.8,,en,缺口
esim bangkok 1 day,城市,城市,（无城市页）,建议：并入对应国家页 Cities 小节,17.8,,en,缺口
esim para las vegas,城市,城市,（无城市页）,建议：并入对应国家页 Cities 小节,17.8,,en,缺口
esim seoul kt,城市,城市,（无城市页）,建议：并入对应国家页 Cities 小节,17.8,,en,缺口
globe esim manila,城市,城市,（无城市页）,建议：并入对应国家页 Cities 小节,17.8,,en,缺口
abu dhabi esim trip com,城市,城市,（无城市页）,建议：并入对应国家页 Cities 小节,16.4,,en,缺口
abu dhabi esim with phone number,城市,城市,（无城市页）,建议：并入对应国家页 Cities 小节,16.4,,en,缺口
ais esim phuket,城市,城市,（无城市页）,建议：并入对应国家页 Cities 小节,16.4,,en,缺口
bali esim review,城市,城市,（无城市页）,建议：并入对应国家页 Cities 小节,16.4,,en,缺口
bangkok esim agoda,城市,城市,（无城市页）,建议：并入对应国家页 Cities 小节,16.4,,en,缺口
best data esim for paris,城市,城市,（无城市页）,建议：并入对应国家页 Cities 小节,16.4,,en,缺口
best esim cancun reddit,城市,城市,（无城市页）,建议：并入对应国家页 Cities 小节,16.4,,en,缺口
best esim card for bangkok,城市,城市,（无城市页）,建议：并入对应国家页 Cities 小节,16.4,,en,缺口
best esim card for paris,城市,城市,（无城市页）,建议：并入对应国家页 Cities 小节,16.4,,en,缺口
best esim for bali and lombok,城市,城市,（无城市页）,建议：并入对应国家页 Cities 小节,16.4,,en,缺口
best esim for bali travel,城市,城市,（无城市页）,建议：并入对应国家页 Cities 小节,16.4,,en,缺口
best esim for hawaii iphone,城市,城市,（无城市页）,建议：并入对应国家页 Cities 小节,16.4,,en,缺口
best esim for new york reddit,城市,城市,（无城市页）,建议：并入对应国家页 Cities 小节,16.4,,en,缺口
best esim for phuket and krabi,城市,城市,（无城市页）,建议：并入对应国家页 Cities 小节,16.4,,en,缺口
best esim for tokyo disneyland,城市,城市,（无城市页）,建议：并入对应国家页 Cities 小节,16.4,,en,缺口
best esim in hanoi,城市,城市,（无城市页）,建议：并入对应国家页 Cities 小节,16.4,,en,缺口
best esim los angeles reddit,城市,城市,（无城市页）,建议：并入对应国家页 Cities 小节,16.4,,en,缺口
best esim phuket,城市,城市,（无城市页）,建议：并入对应国家页 Cities 小节,16.4,,en,缺口
best esim taipei,城市,城市,（无城市页）,建议：并入对应国家页 Cities 小节,16.4,,en,缺口
best taipei esim,城市,城市,（无城市页）,建议：并入对应国家页 Cities 小节,16.4,,en,缺口
buy esim berlin,城市,城市,（无城市页）,建议：并入对应国家页 Cities 小节,16.4,,en,缺口
buy esim for amsterdam,城市,城市,（无城市页）,建议：并入对应国家页 Cities 小节,16.4,,en,缺口
buy esim for istanbul,城市,城市,（无城市页）,建议：并入对应国家页 Cities 小节,16.4,,en,缺口
buy esim for maldives,城市,城市,（无城市页）,建议：并入对应国家页 Cities 小节,16.4,,en,缺口
buy esim for prague,城市,城市,（无城市页）,建议：并入对应国家页 Cities 小节,16.4,,en,缺口
buy esim for rome,城市,城市,（无城市页）,建议：并入对应国家页 Cities 小节,16.4,,en,缺口
buy esim kuala lumpur,城市,城市,（无城市页）,建议：并入对应国家页 Cities 小节,16.4,,en,缺口
buy esim marrakech airport,城市,城市,（无城市页）,建议：并入对应国家页 Cities 小节,16.4,,en,缺口
buy esim orlando,城市,城市,（无城市页）,建议：并入对应国家页 Cities 小节,16.4,,en,缺口
buy esim vancouver,城市,城市,（无城市页）,建议：并入对应国家页 Cities 小节,16.4,,en,缺口
cancun data esim,城市,城市,（无城市页）,建议：并入对应国家页 Cities 小节,16.4,,en,缺口
cheapest esim for cancun,城市,城市,（无城市页）,建议：并入对应国家页 Cities 小节,16.4,,en,缺口
cheapest esim for seoul,城市,城市,（无城市页）,建议：并入对应国家页 Cities 小节,16.4,,en,缺口
cheapest esim melbourne,城市,城市,（无城市页）,建议：并入对应国家页 Cities 小节,16.4,,en,缺口
chip esim orlando,城市,城市,（无城市页）,建议：并入对应国家页 Cities 小节,16.4,,en,缺口
dubai esim vergleich,城市,城市,（无城市页）,建议：并入对应国家页 Cities 小节,16.4,,en,缺口
esim bali klook,城市,城市,（无城市页）,建议：并入对应国家页 Cities 小节,16.4,,en,缺口
esim bali singapur,城市,城市,（无城市页）,建议：并入对应国家页 Cities 小节,16.4,,en,缺口
esim card for bangkok,城市,城市,（无城市页）,建议：并入对应国家页 Cities 小节,16.4,,en,缺口
esim dubai 1 day,城市,城市,（无城市页）,建议：并入对应国家页 Cities 小节,16.4,,en,缺口
esim dubai du,城市,城市,（无城市页）,建议：并入对应国家页 Cities 小节,16.4,,en,缺口
esim em buenos aires,城市,城市,（无城市页）,建议：并入对应国家页 Cities 小节,16.4,,en,缺口
esim for bali trip,城市,城市,（无城市页）,建议：并入对应国家页 Cities 小节,16.4,,en,缺口
esim for dubai and abu dhabi,城市,城市,（无城市页）,建议：并入对应国家页 Cities 小节,16.4,,en,缺口
esim for paris and barcelona,城市,城市,（无城市页）,建议：并入对应国家页 Cities 小节,16.4,,en,缺口
esim for use in bali,城市,城市,（无城市页）,建议：并入对应国家页 Cities 小节,16.4,,en,缺口
esim für edinburgh,城市,城市,（无城市页）,建议：并入对应国家页 Cities 小节,16.4,,de,缺口
esim hawaii klook,城市,城市,（无城市页）,建议：并入对应国家页 Cities 小节,16.4,,en,缺口
esim istanbul trip com,城市,城市,（无城市页）,建议：并入对应国家页 Cities 小节,16.4,,en,缺口
esim lisbon,城市,城市,（无城市页）,建议：并入对应国家页 Cities 小节,16.4,,en,缺口
esim london internet,城市,城市,（无城市页）,建议：并入对应国家页 Cities 小节,16.4,,en,缺口
esim malaisie kuala lumpur,城市,城市,（无城市页）,建议：并入对应国家页 Cities 小节,16.4,,en,缺口
esim maldives 5gb,城市,城市,（无城市页）,建议：并入对应国家页 Cities 小节,16.4,,en,缺口
esim maldives airport,城市,城市,（无城市页）,建议：并入对应国家页 Cities 小节,16.4,,en,缺口
esim marrakech best,城市,城市,（无城市页）,建议：并入对应国家页 Cities 小节,16.4,,en,缺口
esim para cancun,城市,城市,（无城市页）,建议：并入对应国家页 Cities 小节,16.4,,en,缺口
esim para rio de janeiro,城市,城市,（无城市页）,建议：并入对应国家页 Cities 小节,16.4,,en,缺口
esim paris one day,城市,城市,（无城市页）,建议：并入对应国家页 Cities 小节,16.4,,en,缺口
esim per los angeles,城市,城市,（无城市页）,建议：并入对应国家页 Cities 小节,16.4,,en,缺口
esim pour los angeles,城市,城市,（无城市页）,建议：并入对应国家页 Cities 小节,16.4,,en,缺口
esim prepago bogota,城市,城市,（无城市页）,建议：并入对应国家页 Cities 小节,16.4,,en,缺口
esim zanzibar price,城市,城市,（无城市页）,建议：并入对应国家页 Cities 小节,16.4,,en,缺口
good esim for paris,城市,城市,（无城市页）,建议：并入对应国家页 Cities 小节,16.4,,en,缺口
holiday esim.dubai,城市,城市,（无城市页）,建议：并入对应国家页 Cities 小节,16.4,,en,缺口
international esim bali,城市,城市,（无城市页）,建议：并入对应国家页 Cities 小节,16.4,,en,缺口
istanbul esim 1 day,城市,城市,（无城市页）,建议：并入对应国家页 Cities 小节,16.4,,en,缺口
istanbul esim trip,城市,城市,（无城市页）,建议：并入对应国家页 Cities 小节,16.4,,en,缺口
klook esim los angeles,城市,城市,（无城市页）,建议：并入对应国家页 Cities 小节,16.4,,en,缺口
madrid esim card,城市,城市,（无城市页）,建议：并入对应国家页 Cities 小节,16.4,,en,缺口
osaka esim promo code,城市,城市,（无城市页）,建议：并入对应国家页 Cities 小节,16.4,,en,缺口
paris esim travel,城市,城市,（无城市页）,建议：并入对应国家页 Cities 小节,16.4,,en,缺口
prepaid esim toronto,城市,城市,（无城市页）,建议：并入对应国家页 Cities 小节,16.4,,en,缺口
revolut esim macau,城市,城市,（无城市页）,建议：并入对应国家页 Cities 小节,16.4,,en,缺口
romeless esim,城市,城市,（无城市页）,建议：并入对应国家页 Cities 小节,16.4,,en,缺口
seoul esim airport,城市,城市,（无城市页）,建议：并入对应国家页 Cities 小节,16.4,,en,缺口
shanghai esim card,城市,城市,（无城市页）,建议：并入对应国家页 Cities 小节,16.4,,en,缺口
t mobile esim las vegas,城市,城市,（无城市页）,建议：并入对应国家页 Cities 小节,16.4,,en,缺口
telstra sydney esim,城市,城市,（无城市页）,建议：并入对应国家页 Cities 小节,16.4,,en,缺口
tokyo esim best,城市,城市,（无城市页）,建议：并入对应国家页 Cities 小节,16.4,,en,缺口
tokyo esim price,城市,城市,（无城市页）,建议：并入对应国家页 Cities 小节,16.4,,en,缺口
toronto travel esim,城市,城市,（无城市页）,建议：并入对应国家页 Cities 小节,16.4,,en,缺口
travel esim berlin,城市,城市,（无城市页）,建议：并入对应国家页 Cities 小节,16.4,,en,缺口
vodacom esim cape town,城市,城市,（无城市页）,建议：并入对应国家页 Cities 小节,16.4,,en,缺口
vodafone esim barcelona,城市,城市,（无城市页）,建议：并入对应国家页 Cities 小节,16.4,,en,缺口
vodafone esim cairo airport,城市,城市,（无城市页）,建议：并入对应国家页 Cities 小节,16.4,,en,缺口
vodafone esim prague,城市,城市,（无城市页）,建议：并入对应国家页 Cities 小节,16.4,,en,缺口
vodafone esim.doha,城市,城市,（无城市页）,建议：并入对应国家页 Cities 小节,16.4,,en,缺口
esim movistar bogota,城市,城市,（无城市页）,建议：并入对应国家页 Cities 小节,12.6,,en,缺口
where to buy sim card in paris,城市,城市,（无城市页）,建议：并入对应国家页 Cities 小节,12.6,,en,缺口
roamic esim discount code uk,品牌×国家,购买·价格,品牌×国家子页,已有 FAQ Q1（价格）+ #plans 表,47.8,0.0,en,已覆盖
saily esim canada price,品牌×国家,购买·价格,品牌×国家子页,已有 FAQ Q1（价格）+ #plans 表,47.8,0.0,en,已覆盖
saily esim taiwan price,品牌×国家,购买·价格,品牌×国家子页,已有 FAQ Q1（价格）+ #plans 表,47.8,0.0,en,已覆盖
holafly esim price japan,品牌×国家,购买·价格,品牌×国家子页,已有 FAQ Q1（价格）+ #plans 表,46.4,,en,已覆盖
holafly japan esim price,品牌×国家,购买·价格,品牌×国家子页,已有 FAQ Q1（价格）+ #plans 表,46.4,,en,已覆盖
saily esim price japan,品牌×国家,购买·价格,品牌×国家子页,已有 FAQ Q1（价格）+ #plans 表,46.4,,en,已覆盖
ubigi esim price japan,品牌×国家,购买·价格,品牌×国家子页,已有 FAQ Q1（价格）+ #plans 表,46.4,,en,已覆盖
airalo esim price japan,品牌×国家,购买·价格,品牌×国家子页,已有 FAQ Q1（价格）+ #plans 表,44.5,,en,已覆盖
airalo esim canada price,品牌×国家,购买·价格,品牌×国家子页,已有 FAQ Q1（价格）+ #plans 表,44.0,,en,已覆盖
airalo esim france price,品牌×国家,购买·价格,品牌×国家子页,已有 FAQ Q1（价格）+ #plans 表,44.0,,en,已覆盖
airalo esim greece price,品牌×国家,购买·价格,品牌×国家子页,已有 FAQ Q1（价格）+ #plans 表,44.0,,en,已覆盖
airalo mexico esim.price,品牌×国家,购买·价格,品牌×国家子页,已有 FAQ Q1（价格）+ #plans 表,44.0,,en,已覆盖
saily esim australia price,品牌×国家,购买·价格,品牌×国家子页,已有 FAQ Q1（价格）+ #plans 表,44.0,,en,已覆盖
saily esim india price,品牌×国家,购买·价格,品牌×国家子页,已有 FAQ Q1（价格）+ #plans 表,44.0,,en,已覆盖
saily esim malaysia price,品牌×国家,购买·价格,品牌×国家子页,已有 FAQ Q1（价格）+ #plans 表,44.0,,en,已覆盖
saily esim singapore price,品牌×国家,购买·价格,品牌×国家子页,已有 FAQ Q1（价格）+ #plans 表,44.0,,en,已覆盖
saily esim switzerland price,品牌×国家,购买·价格,品牌×国家子页,已有 FAQ Q1（价格）+ #plans 表,44.0,,en,已覆盖
holafly esim price usa,品牌×国家,购买·价格,品牌×国家子页,已有 FAQ Q1（价格）+ #plans 表,42.6,,en,已覆盖
nomad esim japan price,品牌×国家,购买·价格,品牌×国家子页,已有 FAQ Q1（价格）+ #plans 表,41.6,,en,已覆盖
saily esim price germany,品牌×国家,购买·价格,品牌×国家子页,已有 FAQ Q1（价格）+ #plans 表,41.6,,en,已覆盖
ubigi esim korea price,品牌×国家,购买·价格,品牌×国家子页,已有 FAQ Q1（价格）+ #plans 表,41.6,,en,已覆盖
airalo esim taiwan price,品牌×国家,购买·价格,品牌×国家子页,已有 FAQ Q1（价格）+ #plans 表,40.3,,en,已覆盖
saily esim brazil price,品牌×国家,购买·价格,品牌×国家子页,已有 FAQ Q1（价格）+ #plans 表,40.3,,en,已覆盖
saily esim egypt price,品牌×国家,购买·价格,品牌×国家子页,已有 FAQ Q1（价格）+ #plans 表,40.3,,en,已覆盖
saily esim indonesia price,品牌×国家,购买·价格,品牌×国家子页,已有 FAQ Q1（价格）+ #plans 表,40.3,,en,已覆盖
saily esim mexico price,品牌×国家,购买·价格,品牌×国家子页,已有 FAQ Q1（价格）+ #plans 表,40.3,,en,已覆盖
saily esim philippines price,品牌×国家,购买·价格,品牌×国家子页,已有 FAQ Q1（价格）+ #plans 表,40.3,,en,已覆盖
saily esim south africa price,品牌×国家,购买·价格,品牌×国家子页,已有 FAQ Q1（价格）+ #plans 表,40.3,,en,已覆盖
airalo esim price india,品牌×国家,购买·价格,品牌×国家子页,已有 FAQ Q1（价格）+ #plans 表,38.9,,en,已覆盖
saily esim france cost,品牌×国家,购买·价格,品牌×国家子页,已有 FAQ Q1（价格）+ #plans 表,38.9,,en,已覆盖
saily esim prices uk,品牌×国家,购买·价格,品牌×国家子页,已有 FAQ Q1（价格）+ #plans 表,38.9,,en,已覆盖
ubigi esim cost uk,品牌×国家,购买·价格,品牌×国家子页,已有 FAQ Q1（价格）+ #plans 表,38.9,,en,已覆盖
airalo brazil esim price,品牌×国家,购买·价格,品牌×国家子页,已有 FAQ Q1（价格）+ #plans 表,36.5,,en,已覆盖
airalo esim india price,品牌×国家,购买·价格,品牌×国家子页,已有 FAQ Q1（价格）+ #plans 表,36.5,,en,已覆盖
airalo esim philippines price,品牌×国家,购买·价格,品牌×国家子页,已有 FAQ Q1（价格）+ #plans 表,36.5,,en,已覆盖
holafly esim discount code australia,品牌×国家,购买·价格,品牌×国家子页,已有 FAQ Q1（价格）+ #plans 表,36.5,,en,已覆盖
saily esim vietnam price,品牌×国家,购买·价格,品牌×国家子页,已有 FAQ Q1（价格）+ #plans 表,36.5,,en,已覆盖
ubigi esim usa price,品牌×国家,购买·价格,品牌×国家子页,已有 FAQ Q1（价格）+ #plans 表,36.5,,en,已覆盖
airalo esim card costa rica,品牌×国家,购买·价格,品牌×国家子页,已有 FAQ Q1（价格）+ #plans 表,35.1,,en,已覆盖
airalo esim japan cost,品牌×国家,购买·价格,品牌×国家子页,已有 FAQ Q1（价格）+ #plans 表,35.1,,en,已覆盖
airalo esim price in australia,品牌×国家,购买·价格,品牌×国家子页,已有 FAQ Q1（价格）+ #plans 表,35.1,,en,已覆盖
airalo esim price usa,品牌×国家,购买·价格,品牌×国家子页,已有 FAQ Q1（价格）+ #plans 表,35.1,,en,已覆盖
saily esim price australia,品牌×国家,购买·价格,品牌×国家子页,已有 FAQ Q1（价格）+ #plans 表,35.1,,en,已覆盖
saily esim spain cost,品牌×国家,购买·价格,品牌×国家子页,已有 FAQ Q1（价格）+ #plans 表,35.1,,en,已覆盖
holafly esim india price,品牌×国家,购买·价格,品牌×国家子页,已有 FAQ Q1（价格）+ #plans 表,34.1,,en,已覆盖
nomad esim usa promo code,品牌×国家,购买·价格,品牌×国家子页,已有 FAQ Q1（价格）+ #plans 表,33.2,,en,已覆盖
tarjeta esim holafly costa rica,品牌×国家,购买·价格,品牌×国家子页,已有 FAQ Q1（价格）+ #plans 表,33.2,,en,已覆盖
airalo esim australia price,品牌×国家,购买·价格,品牌×国家子页,已有 FAQ Q1（价格）+ #plans 表,32.8,,en,已覆盖
airalo esim morocco price,品牌×国家,购买·价格,品牌×国家子页,已有 FAQ Q1（价格）+ #plans 表,32.8,,en,已覆盖
airalo esim spain price,品牌×国家,购买·价格,品牌×国家子页,已有 FAQ Q1（价格）+ #plans 表,32.8,,en,已覆盖
airalo esim vietnam price,品牌×国家,购买·价格,品牌×国家子页,已有 FAQ Q1（价格）+ #plans 表,32.8,,en,已覆盖
nomad esim promo code canada,品牌×国家,购买·价格,品牌×国家子页,已有 FAQ Q1（价格）+ #plans 表,32.8,,en,已覆盖
nomad esim usa price,品牌×国家,购买·价格,品牌×国家子页,已有 FAQ Q1（价格）+ #plans 表,32.8,,en,已覆盖
saily esim italy price,品牌×国家,购买·价格,品牌×国家子页,已有 FAQ Q1（价格）+ #plans 表,32.8,,en,已覆盖
saily esim korea price,品牌×国家,购买·价格,品牌×国家子页,已有 FAQ Q1（价格）+ #plans 表,32.8,,en,已覆盖
saily esim thailand price,品牌×国家,购买·价格,品牌×国家子页,已有 FAQ Q1（价格）+ #plans 表,32.8,,en,已覆盖
airalo esim prices usa,品牌×国家,购买·价格,品牌×国家子页,已有 FAQ Q1（价格）+ #plans 表,31.4,,en,已覆盖
airalo esim spain cost,品牌×国家,购买·价格,品牌×国家子页,已有 FAQ Q1（价格）+ #plans 表,31.4,,en,已覆盖
nomad esim promo.code thailand,品牌×国家,购买·价格,品牌×国家子页,已有 FAQ Q1（价格）+ #plans 表,31.4,,en,已覆盖
saily esim france price,品牌×国家,购买·价格,品牌×国家子页,已有 FAQ Q1（价格）+ #plans 表,31.4,,en,已覆盖
saily esim price canada,品牌×国家,购买·价格,品牌×国家子页,已有 FAQ Q1（价格）+ #plans 表,31.4,,en,已覆盖
ubigi esim japan cost,品牌×国家,购买·价格,品牌×国家子页,已有 FAQ Q1（价格）+ #plans 表,31.4,,en,已覆盖
ubigi esim japan price,品牌×国家,购买·价格,品牌×国家子页,已有 FAQ Q1（价格）+ #plans 表,31.4,,en,已覆盖
airalo esim italy price,品牌×国家,购买·价格,品牌×国家子页,已有 FAQ Q1（价格）+ #plans 表,30.9,,en,已覆盖
airalo esim japan price,品牌×国家,购买·价格,品牌×国家子页,已有 FAQ Q1（价格）+ #plans 表,29.0,,en,已覆盖
airalo esim price south africa,品牌×国家,购买·价格,品牌×国家子页,已有 FAQ Q1（价格）+ #plans 表,29.0,,en,已覆盖
holafly esim uk price,品牌×国家,购买·价格,品牌×国家子页,已有 FAQ Q1（价格）+ #plans 表,29.0,,en,已覆盖
saily esim uk price,品牌×国家,购买·价格,品牌×国家子页,已有 FAQ Q1（价格）+ #plans 表,29.0,,en,已覆盖
saily esim usa price,品牌×国家,购买·价格,品牌×国家子页,已有 FAQ Q1（价格）+ #plans 表,29.0,,en,已覆盖
airalo esim discount code canada,品牌×国家,购买·价格,品牌×国家子页,已有 FAQ Q1（价格）+ #plans 表,27.6,,en,已覆盖
esim for costa rica airalo,品牌×国家,购买·价格,品牌×国家子页,已有 FAQ Q1（价格）+ #plans 表,27.6,,en,已覆盖
nomad esim promo code thailand,品牌×国家,购买·价格,品牌×国家子页,已有 FAQ Q1（价格）+ #plans 表,27.6,,en,已覆盖
saily esim india cost,品牌×国家,购买·价格,品牌×国家子页,已有 FAQ Q1（价格）+ #plans 表,27.6,,en,已覆盖
saily esim japan promo code,品牌×国家,购买·价格,品牌×国家子页,已有 FAQ Q1（价格）+ #plans 表,27.6,,en,已覆盖
saily esim price usa,品牌×国家,购买·价格,品牌×国家子页,已有 FAQ Q1（价格）+ #plans 表,27.6,,en,已覆盖
saily esim price vietnam,品牌×国家,购买·价格,品牌×国家子页,已有 FAQ Q1（价格）+ #plans 表,27.6,,en,已覆盖
ubigi esim uk cost,品牌×国家,购买·价格,品牌×国家子页,已有 FAQ Q1（价格）+ #plans 表,27.6,,en,已覆盖
holafly esim usa price,品牌×国家,购买·价格,品牌×国家子页,已有 FAQ Q1（价格）+ #plans 表,27.1,,en,已覆盖
holafly esim vietnam price,品牌×国家,购买·价格,品牌×国家子页,已有 FAQ Q1（价格）+ #plans 表,26.6,,en,已覆盖
airalo esim price philippines,品牌×国家,购买·价格,品牌×国家子页,已有 FAQ Q1（价格）+ #plans 表,25.8,,en,已覆盖
holafly esim thailand price,品牌×国家,购买·价格,品牌×国家子页,已有 FAQ Q1（价格）+ #plans 表,25.8,,en,已覆盖
ubigi esim uk price,品牌×国家,购买·价格,品牌×国家子页,已有 FAQ Q1（价格）+ #plans 表,25.8,,en,已覆盖
airalo esim price korea,品牌×国家,购买·价格,品牌×国家子页,已有 FAQ Q1（价格）+ #plans 表,25.2,,en,已覆盖
holafly esim canada price,品牌×国家,购买·价格,品牌×国家子页,已有 FAQ Q1（价格）+ #plans 表,25.2,,en,已覆盖
saily esim japan price,品牌×国家,购买·价格,品牌×国家子页,已有 FAQ Q1（价格）+ #plans 表,25.2,,en,已覆盖
saily esim price morocco,品牌×国家,购买·价格,品牌×国家子页,已有 FAQ Q1（价格）+ #plans 表,25.2,,en,已覆盖
ubigi esim japan promo code,品牌×国家,购买·价格,品牌×国家子页,已有 FAQ Q1（价格）+ #plans 表,25.2,,en,已覆盖
airalo esim australia cost,品牌×国家,购买·价格,品牌×国家子页,已有 FAQ Q1（价格）+ #plans 表,23.9,,en,已覆盖
esim costa rica airalo,品牌×国家,购买·价格,品牌×国家子页,已有 FAQ Q1（价格）+ #plans 表,23.9,,en,已覆盖
holafly esim japan cost,品牌×国家,购买·价格,品牌×国家子页,已有 FAQ Q1（价格）+ #plans 表,23.9,,en,已覆盖
saily esim canada coupon code,品牌×国家,购买·价格,品牌×国家子页,已有 FAQ Q1（价格）+ #plans 表,23.9,,en,已覆盖
saily esim price thailand,品牌×国家,购买·价格,品牌×国家子页,已有 FAQ Q1（价格）+ #plans 表,23.9,,en,已覆盖
ubigi esim japan code,品牌×国家,购买·价格,品牌×国家子页,已有 FAQ Q1（价格）+ #plans 表,23.9,,en,已覆盖
nomad esim promo code uk,品牌×国家,购买·价格,品牌×国家子页,已有 FAQ Q1（价格）+ #plans 表,23.4,,en,已覆盖
nomad esim india price,品牌×国家,购买·价格,品牌×国家子页,已有 FAQ Q1（价格）+ #plans 表,22.9,,en,已覆盖
airalo esim price italy,品牌×国家,购买·价格,品牌×国家子页,已有 FAQ Q1（价格）+ #plans 表,22.0,,en,已覆盖
airalo esim thailand price,品牌×国家,购买·价格,品牌×国家子页,已有 FAQ Q1（价格）+ #plans 表,21.5,,en,已覆盖
airalo esim uk price,品牌×国家,购买·价格,品牌×国家子页,已有 FAQ Q1（价格）+ #plans 表,21.5,,en,已覆盖
airalo esim canada prices,品牌×国家,购买·价格,品牌×国家子页,已有 FAQ Q1（价格）+ #plans 表,20.1,,en,已覆盖
airalo japan esim promo code,品牌×国家,购买·价格,品牌×国家子页,已有 FAQ Q1（价格）+ #plans 表,20.1,,en,已覆盖
best esim for costa rica airalo,品牌×国家,购买·价格,品牌×国家子页,已有 FAQ Q1（价格）+ #plans 表,20.1,,en,已覆盖
holafly esim japan discount code,品牌×国家,购买·价格,品牌×国家子页,已有 FAQ Q1（价格）+ #plans 表,20.1,,en,已覆盖
nomad esim promo code japan,品牌×国家,购买·价格,品牌×国家子页,已有 FAQ Q1（价格）+ #plans 表,20.1,,en,已覆盖
saily esim canada cost,品牌×国家,购买·价格,品牌×国家子页,已有 FAQ Q1（价格）+ #plans 表,20.1,,en,已覆盖
saily esim for costa rica,品牌×国家,购买·价格,品牌×国家子页,已有 FAQ Q1（价格）+ #plans 表,20.1,,en,已覆盖
saily esim japan discount code,品牌×国家,购买·价格,品牌×国家子页,已有 FAQ Q1（价格）+ #plans 表,20.1,,en,已覆盖
saily esim price philippines,品牌×国家,购买·价格,品牌×国家子页,已有 FAQ Q1（价格）+ #plans 表,20.1,,en,已覆盖
saily esim price spain,品牌×国家,购买·价格,品牌×国家子页,已有 FAQ Q1（价格）+ #plans 表,20.1,,en,已覆盖
airalo esim egypt price,品牌×国家,购买·价格,品牌×国家子页,已有 FAQ Q1（价格）+ #plans 表,17.8,,en,已覆盖
airalo esim canada cost,品牌×国家,购买·价格,品牌×国家子页,已有 FAQ Q1（价格）+ #plans 表,16.4,,en,已覆盖
airalo esim cost mexico,品牌×国家,购买·价格,品牌×国家子页,已有 FAQ Q1（价格）+ #plans 表,16.4,,en,已覆盖
airalo esim japan discount code,品牌×国家,购买·价格,品牌×国家子页,已有 FAQ Q1（价格）+ #plans 表,16.4,,en,已覆盖
airalo esim price canada,品牌×国家,购买·价格,品牌×国家子页,已有 FAQ Q1（价格）+ #plans 表,16.4,,en,已覆盖
airalo esim usa price,品牌×国家,购买·价格,品牌×国家子页,已有 FAQ Q1（价格）+ #plans 表,16.4,,en,已覆盖
esim costa rica saily,品牌×国家,购买·价格,品牌×国家子页,已有 FAQ Q1（价格）+ #plans 表,16.4,,en,已覆盖
holafly esim for costa rica,品牌×国家,购买·价格,品牌×国家子页,已有 FAQ Q1（价格）+ #plans 表,16.4,,en,已覆盖
nomad esim discount code uk,品牌×国家,购买·价格,品牌×国家子页,已有 FAQ Q1（价格）+ #plans 表,16.4,,en,已覆盖
saily esim price brazil,品牌×国家,购买·价格,品牌×国家子页,已有 FAQ Q1（价格）+ #plans 表,16.4,,en,已覆盖
saily esim price india,品牌×国家,购买·价格,品牌×国家子页,已有 FAQ Q1（价格）+ #plans 表,16.4,,en,已覆盖
airalo esim thailand plans,品牌×国家,购买·套餐档位,品牌×国家子页,已有 #plans 表 + FAQ Q2（无限）,46.4,,en,已覆盖
ubigi esim plans japan,品牌×国家,购买·套餐档位,品牌×国家子页,已有 #plans 表 + FAQ Q2（无限）,46.4,,en,已覆盖
ubigi esim unlimited japan,品牌×国家,购买·套餐档位,品牌×国家子页,已有 #plans 表 + FAQ Q2（无限）,46.4,,en,已覆盖
yesim esim japan unlimited,品牌×国家,购买·套餐档位,品牌×国家子页,已有 #plans 表 + FAQ Q2（无限）,45.9,,en,已覆盖
ubigi esim japan plans,品牌×国家,购买·套餐档位,品牌×国家子页,已有 #plans 表 + FAQ Q2（无限）,44.5,,en,已覆盖
holafly esim plans japan,品牌×国家,购买·套餐档位,品牌×国家子页,已有 #plans 表 + FAQ Q2（无限）,44.0,,en,已覆盖
ubigi esim japan unlimited,品牌×国家,购买·套餐档位,品牌×国家子页,已有 #plans 表 + FAQ Q2（无限）,44.0,,en,已覆盖
airalo esim plans japan,品牌×国家,购买·套餐档位,品牌×国家子页,已有 #plans 表 + FAQ Q2（无限）,42.6,,en,已覆盖
saily esim plans uk,品牌×国家,购买·套餐档位,品牌×国家子页,已有 #plans 表 + FAQ Q2（无限）,42.6,,en,已覆盖
airalo esim unlimited data japan,品牌×国家,购买·套餐档位,品牌×国家子页,已有 #plans 表 + FAQ Q2（无限）,40.8,,en,已覆盖
airalo esim plans usa,品牌×国家,购买·套餐档位,品牌×国家子页,已有 #plans 表 + FAQ Q2（无限）,38.9,,en,已覆盖
saily esim japan plans,品牌×国家,购买·套餐档位,品牌×国家子页,已有 #plans 表 + FAQ Q2（无限）,38.9,,en,已覆盖
saily esim plans usa,品牌×国家,购买·套餐档位,品牌×国家子页,已有 #plans 表 + FAQ Q2（无限）,38.9,,en,已覆盖
saily esim italy plans,品牌×国家,购买·套餐档位,品牌×国家子页,已有 #plans 表 + FAQ Q2（无限）,38.4,,en,已覆盖
airalo esim japan plans,品牌×国家,购买·套餐档位,品牌×国家子页,已有 #plans 表 + FAQ Q2（无限）,35.1,,en,已覆盖
airalo esim thailand 30 days,品牌×国家,购买·套餐档位,品牌×国家子页,已有 #plans 表 + FAQ Q2（无限）,35.1,,en,已覆盖
airalo esim.plans canada,品牌×国家,购买·套餐档位,品牌×国家子页,已有 #plans 表 + FAQ Q2（无限）,35.1,,en,已覆盖
saily esim plans japan,品牌×国家,购买·套餐档位,品牌×国家子页,已有 #plans 表 + FAQ Q2（无限）,35.1,,en,已覆盖
ubigi esim japan 10gb 30 days,品牌×国家,购买·套餐档位,品牌×国家子页,已有 #plans 表 + FAQ Q2（无限）,35.1,,en,已覆盖
ubigi esim japan 15 days,品牌×国家,购买·套餐档位,品牌×国家子页,已有 #plans 表 + FAQ Q2（无限）,35.1,,en,已覆盖
ubigi esim unlimited data japan,品牌×国家,购买·套餐档位,品牌×国家子页,已有 #plans 表 + FAQ Q2（无限）,35.1,,en,已覆盖
holafly esim usa unlimited data,品牌×国家,购买·套餐档位,品牌×国家子页,已有 #plans 表 + FAQ Q2（无限）,33.2,,en,已覆盖
holafly esim usa plans,品牌×国家,购买·套餐档位,品牌×国家子页,已有 #plans 表 + FAQ Q2（无限）,32.8,,en,已覆盖
nomad esim usa plans,品牌×国家,购买·套餐档位,品牌×国家子页,已有 #plans 表 + FAQ Q2（无限）,32.8,,en,已覆盖
airalo esim thailand unlimited data,品牌×国家,购买·套餐档位,品牌×国家子页,已有 #plans 表 + FAQ Q2（无限）,31.4,,en,已覆盖
airalo esim usa unlimited data,品牌×国家,购买·套餐档位,品牌×国家子页,已有 #plans 表 + FAQ Q2（无限）,31.4,,en,已覆盖
saily esim plans australia,品牌×国家,购买·套餐档位,品牌×国家子页,已有 #plans 表 + FAQ Q2（无限）,31.4,,en,已覆盖
saily esim india plans,品牌×国家,购买·套餐档位,品牌×国家子页,已有 #plans 表 + FAQ Q2（无限）,30.9,,en,已覆盖
saily esim usa plans,品牌×国家,购买·套餐档位,品牌×国家子页,已有 #plans 表 + FAQ Q2（无限）,30.9,,en,已覆盖
airalo esim india plans,品牌×国家,购买·套餐档位,品牌×国家子页,已有 #plans 表 + FAQ Q2（无限）,30.4,,en,已覆盖
airalo esim unlimited japan,品牌×国家,购买·套餐档位,品牌×国家子页,已有 #plans 表 + FAQ Q2（无限）,29.5,,en,已覆盖
esim japan unlimited data airalo,品牌×国家,购买·套餐档位,品牌×国家子页,已有 #plans 表 + FAQ Q2（无限）,29.5,,en,已覆盖
holafly japan esim unlimited,品牌×国家,购买·套餐档位,品牌×国家子页,已有 #plans 表 + FAQ Q2（无限）,29.0,,en,已覆盖
airalo esim plans thailand,品牌×国家,购买·套餐档位,品牌×国家子页,已有 #plans 表 + FAQ Q2（无限）,27.6,,en,已覆盖
airalo esim usa plans,品牌×国家,购买·套餐档位,品牌×国家子页,已有 #plans 表 + FAQ Q2（无限）,27.6,,en,已覆盖
holafly esim japan unlimited,品牌×国家,购买·套餐档位,品牌×国家子页,已有 #plans 表 + FAQ Q2（无限）,27.6,,en,已覆盖
holafly thailand unlimited data esim,品牌×国家,购买·套餐档位,品牌×国家子页,已有 #plans 表 + FAQ Q2（无限）,27.6,,en,已覆盖
saily esim canada plans,品牌×国家,购买·套餐档位,品牌×国家子页,已有 #plans 表 + FAQ Q2（无限）,27.6,,en,已覆盖
saily esim plans for india,品牌×国家,购买·套餐档位,品牌×国家子页,已有 #plans 表 + FAQ Q2（无限）,27.6,,en,已覆盖
ubigi esim japan unlimited data,品牌×国家,购买·套餐档位,品牌×国家子页,已有 #plans 表 + FAQ Q2（无限）,27.6,,en,已覆盖
saily esim thailand unlimited data,品牌×国家,购买·套餐档位,品牌×国家子页,已有 #plans 表 + FAQ Q2（无限）,25.2,,en,已覆盖
saily esim.plans thailand,品牌×国家,购买·套餐档位,品牌×国家子页,已有 #plans 表 + FAQ Q2（无限）,25.2,,en,已覆盖
airalo esim.plans uk,品牌×国家,购买·套餐档位,品牌×国家子页,已有 #plans 表 + FAQ Q2（无限）,23.9,,en,已覆盖
japan esim unlimited data airalo,品牌×国家,购买·套餐档位,品牌×国家子页,已有 #plans 表 + FAQ Q2（无限）,23.9,,en,已覆盖
saily korea esim 90 days,品牌×国家,购买·套餐档位,品牌×国家子页,已有 #plans 表 + FAQ Q2（无限）,22.0,,en,已覆盖
saily esim japan unlimited data,品牌×国家,购买·套餐档位,品牌×国家子页,已有 #plans 表 + FAQ Q2（无限）,20.1,,en,已覆盖
saily esim plans canada,品牌×国家,购买·套餐档位,品牌×国家子页,已有 #plans 表 + FAQ Q2（无限）,20.1,,en,已覆盖
ubigi esim japan unlimited 30 days,品牌×国家,购买·套餐档位,品牌×国家子页,已有 #plans 表 + FAQ Q2（无限）,20.1,,en,已覆盖
airalo esim japan unlimited,品牌×国家,购买·套餐档位,品牌×国家子页,已有 #plans 表 + FAQ Q2（无限）,16.4,,en,已覆盖
airalo us esim plans,品牌×国家,购买·套餐档位,品牌×国家子页,已有 #plans 表 + FAQ Q2（无限）,16.4,,en,已覆盖
holafly unlimited uk esim,品牌×国家,购买·套餐档位,品牌×国家子页,已有 #plans 表 + FAQ Q2（无限）,16.4,,en,已覆盖
holafly usa unlimited data esim,品牌×国家,购买·套餐档位,品牌×国家子页,已有 #plans 表 + FAQ Q2（无限）,16.4,,en,已覆盖
ubigi esim japan 10 days,品牌×国家,购买·套餐档位,品牌×国家子页,已有 #plans 表 + FAQ Q2（无限）,16.4,,en,已覆盖
ubigi esim japan 14 days,品牌×国家,购买·套餐档位,品牌×国家子页,已有 #plans 表 + FAQ Q2（无限）,16.4,,en,已覆盖
esim price,通用·价格交易,通用·价格,首页,#price 与 #price-floor 区块,85.0,0.0619,en,已覆盖
esim phone plans,通用·其他,通用·价格,首页,#price 区块,88.8,0.003,en,已覆盖
cheap esim data plans,通用·价格交易,通用·价格,首页,#price 与 #price-floor 区块,88.8,0.0,en,已覆盖
cheapest esim data plan,通用·价格交易,通用·价格,首页,#price 与 #price-floor 区块,88.8,0.0,en,已覆盖
esim cheapest plan,通用·价格交易,通用·价格,首页,#price 与 #price-floor 区块,86.9,0.0,en,已覆盖
does telcel offer esim,通用·价格交易,通用·价格,首页,#price 与 #price-floor 区块,79.5,,en,已覆盖
esim cheap plans,通用·价格交易,通用·价格,首页,#price 与 #price-floor 区块,79.5,,en,已覆盖
how much is an esim plan,通用·价格交易,通用·价格,首页,#price 与 #price-floor 区块,74.0,,en,已覆盖
cheapest esim phone,通用·价格交易,通用·价格,首页,#price 与 #price-floor 区块,68.0,,en,已覆盖
esim cost,通用·价格交易,通用·价格,首页,#price 与 #price-floor 区块,61.6,,en,已覆盖
how much does a esim cost,通用·价格交易,通用·价格,首页,#price 与 #price-floor 区块,59.2,,en,已覆盖
cheapest esim plan,通用·价格交易,通用·价格,首页,#price 与 #price-floor 区块,56.6,,en,已覆盖
what is the cost of esim,通用·价格交易,通用·价格,首页,#price 与 #price-floor 区块,48.2,,en,已覆盖
best cheapest esim.for.switzerland,通用·价格交易,通用·价格,首页,#price 与 #price-floor 区块,46.4,,en,已覆盖
cheap esim turkey reddit,通用·价格交易,通用·价格,首页,#price 与 #price-floor 区块,46.4,,en,已覆盖
cheap esim ukraine,通用·价格交易,通用·价格,首页,#price 与 #price-floor 区块,46.4,,en,已覆盖
cheap israeli esim,通用·价格交易,通用·价格,首页,#price 与 #price-floor 区块,46.4,,en,已覆盖
esim cheap data only,通用·价格交易,通用·价格,首页,#price 与 #price-floor 区块,46.4,,en,已覆盖
esim data only plan,通用·其他,通用·价格,首页,#price 区块,46.4,,en,已覆盖
esim data plans,通用·其他,通用·价格,首页,#price 区块,46.4,,en,已覆盖
esim discount code klook,通用·价格交易,通用·价格,首页,#price 与 #price-floor 区块,46.4,,en,已覆盖
esim promo code klook,通用·价格交易,通用·价格,首页,#price 与 #price-floor 区块,46.4,,en,已覆盖
is esim worth it reddit,通用·价格交易,通用·价格,首页,#price 与 #price-floor 区块,46.4,,en,已覆盖
jetpack esim price,通用·价格交易,通用·价格,首页,#price 与 #price-floor 区块,46.4,,en,已覆盖
koodo esim qr code,通用·价格交易,通用·价格,首页,#price 与 #price-floor 区块,46.4,,en,已覆盖
turkey sim card for tourists price,通用·价格交易,通用·价格,首页,#price 与 #price-floor 区块,46.4,,en,已覆盖
cheap esim plans turkey,通用·价格交易,通用·价格,首页,#price 与 #price-floor 区块,44.0,,en,已覆盖
esim promo code free,通用·价格交易,通用·价格,首页,#price 与 #price-floor 区块,44.0,,en,已覆盖
bell esim cost,通用·价格交易,通用·价格,首页,#price 与 #price-floor 区块,43.0,,en,已覆盖
cheap esim turkey online,通用·价格交易,通用·价格,首页,#price 与 #price-floor 区块,42.6,,en,已覆盖
cheap indian esim,通用·价格交易,通用·价格,首页,#price 与 #price-floor 区块,42.6,,en,已覆盖
cheap indonesian esim,通用·价格交易,通用·价格,首页,#price 与 #price-floor 区块,42.6,,en,已覆盖
cheap korean esim,通用·价格交易,通用·价格,首页,#price 与 #price-floor 区块,42.6,,en,已覆盖
cheap malaysian esim,通用·价格交易,通用·价格,首页,#price 与 #price-floor 区块,42.6,,en,已覆盖
cheap vietnamese esim,通用·价格交易,通用·价格,首页,#price 与 #price-floor 区块,42.6,,en,已覆盖
cheapest esim for french polynesia,通用·价格交易,通用·价格,首页,#price 与 #price-floor 区块,42.6,,en,已覆盖
cheapest esim for turkey unlimited data,通用·价格交易,通用·价格,首页,#price 与 #price-floor 区块,42.6,,en,已覆盖
cheapest polish esim,通用·价格交易,通用·价格,首页,#price 与 #price-floor 区块,42.6,,en,已覆盖
cheapest unlimited data esim.vietnam,通用·价格交易,通用·价格,首页,#price 与 #price-floor 区块,42.6,,en,已覆盖
claro.peru esim price,通用·价格交易,通用·价格,首页,#price 与 #price-floor 区块,42.6,,en,已覆盖
esim data only plans,通用·其他,通用·价格,首页,#price 区块,42.6,,en,已覆盖
esim price in turkey,通用·价格交易,通用·价格,首页,#price 与 #price-floor 区块,42.6,,en,已覆盖
esim turkey cost,通用·价格交易,通用·价格,首页,#price 与 #price-floor 区块,42.6,,en,已覆盖
is esim worth it for travel,通用·价格交易,通用·价格,首页,#price 与 #price-floor 区块,42.6,,en,已覆盖
japanese sim card for tourists price,通用·价格交易,通用·价格,首页,#price 与 #price-floor 区块,42.6,,en,已覆盖
optus qr code for esim,通用·价格交易,通用·价格,首页,#price 与 #price-floor 区块,42.6,,en,已覆盖
does giffgaff offer esim,通用·价格交易,通用·价格,首页,#price 与 #price-floor 区块,42.5,,en,已覆盖
optus esim qr code,通用·价格交易,通用·价格,首页,#price 与 #price-floor 区块,40.6,,en,已覆盖
cheapest unlimited data esim turkey,通用·价格交易,通用·价格,首页,#price 与 #price-floor 区块,40.3,,en,已覆盖
esim activation code,通用·价格交易,通用·价格,首页,#price 与 #price-floor 区块,40.3,,en,已覆盖
plans for esim,通用·其他,通用·价格,首页,#price 区块,39.6,,en,已覆盖
cheap esim plan,通用·价格交易,通用·价格,首页,#price 与 #price-floor 区块,39.2,,en,已覆盖
celcom esim qr code,通用·价格交易,通用·价格,首页,#price 与 #price-floor 区块,38.9,,en,已覆盖
cheap esim data for turkey,通用·价格交易,通用·价格,首页,#price 与 #price-floor 区块,38.9,,en,已覆盖
cheapest esim for turkey reddit,通用·价格交易,通用·价格,首页,#price 与 #price-floor 区块,38.9,,en,已覆盖
cheapest esim.india,通用·价格交易,通用·价格,首页,#price 与 #price-floor 区块,38.9,,en,已覆盖
chinese esim price,通用·价格交易,通用·价格,首页,#price 与 #price-floor 区块,38.9,,en,已覆盖
esim cheap data plan,通用·价格交易,通用·价格,首页,#price 与 #price-floor 区块,38.9,,en,已覆盖
esim cheapest data,通用·价格交易,通用·价格,首页,#price 与 #price-floor 区块,38.9,,en,已覆盖
esim discount code reddit,通用·价格交易,通用·价格,首页,#price 与 #price-floor 区块,38.9,,en,已覆盖
esim incheon airport price,通用·价格交易,通用·价格,首页,#price 与 #price-floor 区块,38.9,,en,已覆盖
esim promo code trip com,通用·价格交易,通用·价格,首页,#price 与 #price-floor 区块,38.9,,en,已覆盖
japanese esim price,通用·价格交易,通用·价格,首页,#price 与 #price-floor 区块,38.9,,en,已覆盖
korean esim price,通用·价格交易,通用·价格,首页,#price 与 #price-floor 区块,38.9,,en,已覆盖
mobily esim price,通用·价格交易,通用·价格,首页,#price 与 #price-floor 区块,38.9,,en,已覆盖
telcel esim mexiko price,通用·价格交易,通用·价格,首页,#price 与 #price-floor 区块,38.9,,en,已覆盖
turkey esim data plans,通用·其他,通用·价格,首页,#price 区块,38.9,,en,已覆盖
turkish esim price,通用·价格交易,通用·价格,首页,#price 与 #price-floor 区块,38.9,,en,已覆盖
vodafone esim turkey price,通用·价格交易,通用·价格,首页,#price 与 #price-floor 区块,38.9,,en,已覆盖
how much is esim globe,通用·价格交易,通用·价格,首页,#price 与 #price-floor 区块,37.9,,en,已覆盖
esim replacement cost,通用·价格交易,通用·价格,首页,#price 与 #price-floor 区块,37.4,,en,已覆盖
spark esim qr code,通用·价格交易,通用·价格,首页,#price 与 #price-floor 区块,36.9,,en,已覆盖
cheap australian esim,通用·价格交易,通用·价格,首页,#price 与 #price-floor 区块,36.5,,en,已覆盖
cheapest esim turkey,通用·价格交易,通用·价格,首页,#price 与 #price-floor 区块,36.5,,en,已覆盖
cheapest prepaid esim,通用·价格交易,通用·价格,首页,#price 与 #price-floor 区块,36.5,,en,已覆盖
australian esim card plans,通用·其他,通用·价格,首页,#price 区块,35.1,,en,已覆盖
best cheap esim turkey,通用·价格交易,通用·价格,首页,#price 与 #price-floor 区块,35.1,,en,已覆盖
best esim deals for turkey,通用·价格交易,通用·价格,首页,#price 与 #price-floor 区块,35.1,,en,已覆盖
cheap esim brasil,通用·价格交易,通用·价格,首页,#price 与 #price-floor 区块,35.1,,en,已覆盖
cheapest esim for turkey travel,通用·价格交易,通用·价格,首页,#price 与 #price-floor 区块,35.1,,en,已覆盖
esim promo code reddit,通用·价格交易,通用·价格,首页,#price 与 #price-floor 区块,35.1,,en,已覆盖
esim turkey best price,通用·价格交易,通用·价格,首页,#price 与 #price-floor 区块,35.1,,en,已覆盖
japanese e sim price,通用·价格交易,通用·价格,首页,#price 与 #price-floor 区块,35.1,,en,已覆盖
rogers esim qr code,通用·价格交易,通用·价格,首页,#price 与 #price-floor 区块,35.1,,en,已覆盖
esim rogers cost,通用·价格交易,通用·价格,首页,#price 与 #price-floor 区块,34.6,,en,已覆盖
esim globe price,通用·价格交易,通用·价格,首页,#price 与 #price-floor 区块,32.8,,en,已覆盖
best price esim for turkey,通用·价格交易,通用·价格,首页,#price 与 #price-floor 区块,31.4,,en,已覆盖
cheap esim plans,通用·价格交易,通用·价格,首页,#price 与 #price-floor 区块,31.4,,en,已覆盖
cheap esim swiss,通用·价格交易,通用·价格,首页,#price 与 #price-floor 区块,31.4,,en,已覆盖
cheapest egyptian esim,通用·价格交易,通用·价格,首页,#price 与 #price-floor 区块,31.4,,en,已覆盖
cheapest esim for ukraine,通用·价格交易,通用·价格,首页,#price 与 #price-floor 区块,31.4,,en,已覆盖
cheapest esim provider turkey,通用·价格交易,通用·价格,首页,#price 与 #price-floor 区块,31.4,,en,已覆盖
esim deals turkey,通用·价格交易,通用·价格,首页,#price 与 #price-floor 区块,31.4,,en,已覆盖
esim discount code first order,通用·价格交易,通用·价格,首页,#price 与 #price-floor 区块,31.4,,en,已覆盖
esim plans no upfront cost,通用·价格交易,通用·价格,首页,#price 与 #price-floor 区块,31.4,,en,已覆盖
esim promo code 2026,通用·价格交易,通用·价格,首页,#price 与 #price-floor 区块,31.4,,en,已覆盖
optus esim cost,通用·价格交易,通用·价格,首页,#price 与 #price-floor 区块,31.4,,en,已覆盖
revolut esim turkey price,通用·价格交易,通用·价格,首页,#price 与 #price-floor 区块,31.4,,en,已覆盖
swiss esim price,通用·价格交易,通用·价格,首页,#price 与 #price-floor 区块,31.4,,en,已覆盖
turkey esim tourist price,通用·价格交易,通用·价格,首页,#price 与 #price-floor 区块,31.4,,en,已覆盖
via esim discount code,通用·价格交易,通用·价格,首页,#price 与 #price-floor 区块,31.4,,en,已覆盖
vodafone turkey esim tourist price,通用·价格交易,通用·价格,首页,#price 与 #price-floor 区块,31.4,,en,已覆盖
cheapest esim plans,通用·价格交易,通用·价格,首页,#price 与 #price-floor 区块,30.9,,en,已覆盖
cheapest esim turkey reddit,通用·价格交易,通用·价格,首页,#price 与 #price-floor 区块,29.0,,en,已覆盖
affordable esim for turkey,通用·价格交易,通用·价格,首页,#price 与 #price-floor 区块,27.6,,en,已覆盖
cheap esim french polynesia,通用·价格交易,通用·价格,首页,#price 与 #price-floor 区块,27.6,,en,已覆盖
cheap travel esim turkey,通用·价格交易,通用·价格,首页,#price 与 #price-floor 区块,27.6,,en,已覆盖
cheapest esim prepaid,通用·价格交易,通用·价格,首页,#price 与 #price-floor 区块,27.6,,en,已覆盖
does mint mobile offer esim,通用·价格交易,通用·价格,首页,#price 与 #price-floor 区块,27.6,,en,已覆盖
esim confirmation code,通用·价格交易,通用·价格,首页,#price 与 #price-floor 区块,27.6,,en,已覆盖
esim discount code youtube,通用·价格交易,通用·价格,首页,#price 与 #price-floor 区块,27.6,,en,已覆盖
esim no contract plan,通用·其他,通用·价格,首页,#price 区块,27.6,,en,已覆盖
esim plans cheap,通用·价格交易,通用·价格,首页,#price 与 #price-floor 区块,27.6,,en,已覆盖
esim qr code t-mobile,通用·价格交易,通用·价格,首页,#price 与 #price-floor 区块,27.6,,en,已覆盖
hubby esim promo code,通用·价格交易,通用·价格,首页,#price 与 #price-floor 区块,27.6,,en,已覆盖
is esim worth it reddit ph,通用·价格交易,通用·价格,首页,#price 与 #price-floor 区块,27.6,,en,已覆盖
quality esim discount code,通用·价格交易,通用·价格,首页,#price 与 #price-floor 区块,27.6,,en,已覆盖
what is esim activation code,通用·价格交易,通用·价格,首页,#price 与 #price-floor 区块,27.6,,en,已覆盖
cheapest esim turkey unlimited data,通用·价格交易,通用·价格,首页,#price 与 #price-floor 区块,25.2,,en,已覆盖
turkey tourist esim card price,通用·价格交易,通用·价格,首页,#price 与 #price-floor 区块,25.2,,en,已覆盖
02 esim qr code,通用·价格交易,通用·价格,首页,#price 与 #price-floor 区块,23.9,,en,已覆盖
buy esim turkey cheap,通用·价格交易,通用·价格,首页,#price 与 #price-floor 区块,23.9,,en,已覆盖
cheapest and best esim for turkey,通用·价格交易,通用·价格,首页,#price 与 #price-floor 区块,23.9,,en,已覆盖
cheapest esim card for turkey,通用·价格交易,通用·价格,首页,#price 与 #price-floor 区块,23.9,,en,已覆盖
cheapest esim for 3 days,通用·价格交易,通用·价格,首页,#price 与 #price-floor 区块,23.9,,en,已覆盖
cheapest esim for canadians going to america,通用·价格交易,通用·价格,首页,#price 与 #price-floor 区块,23.9,,en,已覆盖
cheapest esim for turkey,通用·价格交易,通用·价格,首页,#price 与 #price-floor 区块,23.9,,en,已覆盖
cheapest esim french polynesia,通用·价格交易,通用·价格,首页,#price 与 #price-floor 区块,23.9,,en,已覆盖
cheapest unlimited esim for turkey,通用·价格交易,通用·价格,首页,#price 与 #price-floor 区块,23.9,,en,已覆盖
esim prepaid deals,通用·价格交易,通用·价格,首页,#price 与 #price-floor 区块,23.9,,en,已覆盖
esim promo code free data,通用·价格交易,通用·价格,首页,#price 与 #price-floor 区块,23.9,,en,已覆盖
esim promo codes,通用·价格交易,通用·价格,首页,#price 与 #price-floor 区块,23.9,,en,已覆盖
is revolut esim worth it,通用·价格交易,通用·价格,首页,#price 与 #price-floor 区块,23.9,,en,已覆盖
stafftraveler esim discount code,通用·价格交易,通用·价格,首页,#price 与 #price-floor 区块,23.9,,en,已覆盖
esim deals unlimited data,通用·价格交易,通用·价格,首页,#price 与 #price-floor 区块,22.0,,en,已覆盖
esim card turkey price,通用·价格交易,通用·价格,首页,#price 与 #price-floor 区块,21.5,,en,已覆盖
cheap irish esim,通用·价格交易,通用·价格,首页,#price 与 #price-floor 区块,20.1,,en,已覆盖
cheap unlimited esim turkey,通用·价格交易,通用·价格,首页,#price 与 #price-floor 区块,20.1,,en,已覆盖
cheapest data esim for turkey,通用·价格交易,通用·价格,首页,#price 与 #price-floor 区块,20.1,,en,已覆盖
cheapest esim data only,通用·价格交易,通用·价格,首页,#price 与 #price-floor 区块,20.1,,en,已覆盖
cheapest esim turkey data,通用·价格交易,通用·价格,首页,#price 与 #price-floor 区块,20.1,,en,已覆盖
cheapest esim turkey tourist,通用·价格交易,通用·价格,首页,#price 与 #price-floor 区块,20.1,,en,已覆盖
esim pay as you go deals,通用·价格交易,通用·价格,首页,#price 与 #price-floor 区块,20.1,,en,已覆盖
esim price in kuwait,通用·价格交易,通用·价格,首页,#price 与 #price-floor 区块,20.1,,en,已覆盖
esim promo code redtag,通用·价格交易,通用·价格,首页,#price 与 #price-floor 区块,20.1,,en,已覆盖
how much esim cost,通用·价格交易,通用·价格,首页,#price 与 #price-floor 区块,20.1,,en,已覆盖
is bmw esim worth it,通用·价格交易,通用·价格,首页,#price 与 #price-floor 区块,20.1,,en,已覆盖
maya esim promo code,通用·价格交易,通用·价格,首页,#price 与 #price-floor 区块,20.1,,en,已覆盖
o2 qr code esim,通用·价格交易,通用·价格,首页,#price 与 #price-floor 区块,20.1,,en,已覆盖
yoho esim discount code,通用·价格交易,通用·价格,首页,#price 与 #price-floor 区块,20.1,,en,已覆盖
cheapest esim app for turkey,通用·价格交易,通用·价格,首页,#price 与 #price-floor 区块,18.2,,en,已覆盖
america esim cheap,通用·价格交易,通用·价格,首页,#price 与 #price-floor 区块,16.4,,en,已覆盖
best cheapest esim for turkey,通用·价格交易,通用·价格,首页,#price 与 #price-floor 区块,16.4,,en,已覆盖
best esim discount code,通用·价格交易,通用·价格,首页,#price 与 #price-floor 区块,16.4,,en,已覆盖
cheap esim internet turkey,通用·价格交易,通用·价格,首页,#price 与 #price-floor 区块,16.4,,en,已覆盖
cheapest esim plan for turkey,通用·价格交易,通用·价格,首页,#price 与 #price-floor 区块,16.4,,en,已覆盖
cheapest esim plan with phone number,通用·价格交易,通用·价格,首页,#price 与 #price-floor 区块,16.4,,en,已覆盖
cheapest esim turkey 7 days,通用·价格交易,通用·价格,首页,#price 与 #price-floor 区块,16.4,,en,已覆盖
esim contract no upfront cost,通用·价格交易,通用·价格,首页,#price 与 #price-floor 区块,16.4,,en,已覆盖
esim deals travel,通用·价格交易,通用·价格,首页,#price 与 #price-floor 区块,16.4,,en,已覆盖
esim discount code,通用·价格交易,通用·价格,首页,#price 与 #price-floor 区块,16.4,,en,已覆盖
esim promotion code,通用·价格交易,通用·价格,首页,#price 与 #price-floor 区块,16.4,,en,已覆盖
eskimo esim promo code,通用·价格交易,通用·价格,首页,#price 与 #price-floor 区块,16.4,,en,已覆盖
how much are sim cards in turkey,通用·价格交易,通用·价格,首页,#price 与 #price-floor 区块,16.4,,en,已覆盖
is esim worth getting,通用·价格交易,通用·价格,首页,#price 与 #price-floor 区块,16.4,,en,已覆盖
is honest esim worth it,通用·价格交易,通用·价格,首页,#price 与 #price-floor 区块,16.4,,en,已覆盖
esim prepaid plans,通用·其他,通用·免费/预付,首页,免费试用类问答,75.0,,en,已覆盖
esim prepaid sofort,通用·其他,通用·免费/预付,首页,免费试用类问答,46.4,,en,已覆盖
esim free number,通用·其他,通用·免费/预付,首页,免费试用类问答,42.8,,en,已覆盖
esim free trial,通用·其他,通用·免费/预付,首页,免费试用类问答,42.6,,en,已覆盖
esim prepaid amerika,通用·其他,通用·免费/预付,首页,免费试用类问答,42.6,,en,已覆盖
esim prepaid sofort ohne vertrag,通用·其他,通用·免费/预付,首页,免费试用类问答,42.6,,de,已覆盖
free esim speed test,通用·其他,通用·免费/预付,首页,免费试用类问答,42.6,,en,已覆盖
esim italia prepaid,通用·其他,通用·免费/预付,首页,免费试用类问答,38.9,,en,已覆盖
esim prepaid att,通用·其他,通用·免费/预付,首页,免费试用类问答,38.9,,en,已覆盖
esim prepaid card,通用·其他,通用·免费/预付,首页,免费试用类问答,38.9,,en,已覆盖
esim prepaid sofort kostenlos,通用·其他,通用·免费/预付,首页,免费试用类问答,38.9,,de,已覆盖
swisscom prepaid sim card for tourist,通用·其他,通用·免费/预付,首页,免费试用类问答,38.9,,en,已覆盖
esim free trial with number,通用·其他,通用·免费/预付,首页,免费试用类问答,35.1,,en,已覆盖
esim prepaid ohne vertrag,通用·其他,通用·免费/预付,首页,免费试用类问答,35.1,,de,已覆盖
esim prepaid telstra,通用·其他,通用·免费/预付,首页,免费试用类问答,35.1,,en,已覆盖
esim prepaid verizon,通用·其他,通用·免费/预付,首页,免费试用类问答,35.1,,en,已覆盖
optus esim prepaid plans,通用·其他,通用·免费/预付,首页,免费试用类问答,32.8,,en,已覆盖
esim prepaid t mobile,通用·其他,通用·免费/预付,首页,免费试用类问答,31.4,,en,已覆盖
free esim trial with number,通用·其他,通用·免费/预付,首页,免费试用类问答,31.4,,en,已覆盖
vodafone turkey prepaid sim card for tourists,通用·其他,通用·免费/预付,首页,免费试用类问答,31.4,,en,已覆盖
best sim card in turkey for tourists prepaid,通用·其他,通用·免费/预付,首页,免费试用类问答,27.6,,en,已覆盖
cricket esim free trial,通用·其他,通用·免费/预付,首页,免费试用类问答,27.6,,en,已覆盖
esim data only prepaid,通用·其他,通用·免费/预付,首页,免费试用类问答,27.6,,en,已覆盖
esim free trial phone service,通用·其他,通用·免费/预付,首页,免费试用类问答,27.6,,en,已覆盖
esim prepaid telekom,通用·其他,通用·免费/预付,首页,免费试用类问答,27.6,,en,已覆盖
free esim for students,通用·其他,通用·免费/预付,首页,免费试用类问答,27.6,,en,已覆盖
travel esim freenet,通用·其他,通用·免费/预付,首页,免费试用类问答,27.6,,en,已覆盖
america esim prepaid,通用·其他,通用·免费/预付,首页,免费试用类问答,23.9,,en,已覆盖
esim prepaid phone plans,通用·其他,通用·免费/预付,首页,免费试用类问答,23.9,,en,已覆盖
esim prepaid vodafone,通用·其他,通用·免费/预付,首页,免费试用类问答,22.0,,en,已覆盖
esim free trial cricket,通用·其他,通用·免费/预付,首页,免费试用类问答,20.1,,en,已覆盖
esim prepaid aldi,通用·其他,通用·免费/预付,首页,免费试用类问答,20.1,,en,已覆盖
esim prepaid plans att,通用·其他,通用·免费/预付,首页,免费试用类问答,20.1,,en,已覆盖
esim free trial no credit card,通用·其他,通用·免费/预付,首页,免费试用类问答,18.2,,en,已覆盖
esim prepaid mobile travel app,通用·其他,通用·免费/预付,首页,免费试用类问答,18.2,,en,已覆盖
esim free trial t mobile,通用·其他,通用·免费/预付,首页,免费试用类问答,16.4,,en,已覆盖
esim prepaid deutschland,通用·其他,通用·免费/预付,首页,免费试用类问答,16.4,,en,已覆盖
esim prepaid phones,通用·其他,通用·免费/预付,首页,免费试用类问答,16.4,,en,已覆盖
esim turkey free,通用·其他,通用·免费/预付,首页,免费试用类问答,16.4,,en,已覆盖
free esim for 1 month,通用·其他,通用·免费/预付,首页,免费试用类问答,16.4,,en,已覆盖
esim international number,通用·全球,通用·国际漫游,首页 + 指南页,首页 FAQ / 漫游指南,88.8,0.0007,en,已覆盖
cheapest international esim,通用·全球,通用·国际漫游,首页 + 指南页,首页 FAQ / 漫游指南,88.8,0.0,en,已覆盖
does esim work on international roaming,通用·全球,通用·国际漫游,首页 + 指南页,首页 FAQ / 漫游指南,88.8,0.0,en,已覆盖
will esim work in roaming,通用·全球,通用·国际漫游,首页 + 指南页,首页 FAQ / 漫游指南,85.0,0.0,en,已覆盖
can i activate esim abroad,通用·全球,通用·国际漫游,首页 + 指南页,首页 FAQ / 漫游指南,59.2,,en,已覆盖
esim for international travel iphone,通用·全球,通用·国际漫游,首页 + 指南页,首页 FAQ / 漫游指南,46.4,,en,已覆盖
esim worldwide,通用·全球,通用·国际漫游,首页 + 指南页,首页 FAQ / 漫游指南,46.4,,en,已覆盖
global esim erfahrungen,通用·全球,通用·国际漫游,首页 + 指南页,首页 FAQ / 漫游指南,46.4,,de,已覆盖
global esim unlimited data,通用·全球,通用·国际漫游,首页 + 指南页,首页 FAQ / 漫游指南,46.4,,en,已覆盖
international esim plans,通用·全球,通用·国际漫游,首页 + 指南页,首页 FAQ / 漫游指南,46.4,,en,已覆盖
roaming esim plans,通用·全球,通用·国际漫游,首页 + 指南页,首页 FAQ / 漫游指南,46.4,,en,已覆盖
roaming esim price,通用·全球,通用·国际漫游,首页 + 指南页,首页 FAQ / 漫游指南,46.4,,en,已覆盖
roaming esim turkey,通用·全球,通用·国际漫游,首页 + 指南页,首页 FAQ / 漫游指南,46.4,,en,已覆盖
roaming esim unlimited,通用·全球,通用·国际漫游,首页 + 指南页,首页 FAQ / 漫游指南,46.4,,en,已覆盖
do i need a sim card for international travel,通用·全球,通用·国际漫游,首页 + 指南页,首页 FAQ / 漫游指南,45.4,,en,已覆盖
e sim roaming turkey,通用·全球,通用·国际漫游,首页 + 指南页,首页 FAQ / 漫游指南,42.6,,en,已覆盖
esim roaming ukraine,通用·全球,通用·国际漫游,首页 + 指南页,首页 FAQ / 漫游指南,42.6,,en,已覆盖
esim worldwide unlimited data,通用·全球,通用·国际漫游,首页 + 指南页,首页 FAQ / 漫游指南,42.6,,en,已覆盖
global esim plans,通用·全球,通用·国际漫游,首页 + 指南页,首页 FAQ / 漫游指南,42.6,,en,已覆盖
international esim internet,通用·全球,通用·国际漫游,首页 + 指南页,首页 FAQ / 漫游指南,42.6,,en,已覆盖
international roaming esim plans,通用·全球,通用·国际漫游,首页 + 指南页,首页 FAQ / 漫游指南,42.6,,en,已覆盖
roaming esim promo code,通用·全球,通用·国际漫游,首页 + 指南页,首页 FAQ / 漫游指南,42.6,,en,已覆盖
roaming esim unlimited data,通用·全球,通用·国际漫游,首页 + 指南页,首页 FAQ / 漫游指南,42.6,,en,已覆盖
international esim card,通用·全球,通用·国际漫游,首页 + 指南页,首页 FAQ / 漫游指南,40.8,,en,已覆盖
best roaming esim plans,通用·全球,通用·国际漫游,首页 + 指南页,首页 FAQ / 漫游指南,38.9,,en,已覆盖
data roaming esim turkey,通用·全球,通用·国际漫游,首页 + 指南页,首页 FAQ / 漫游指南,38.9,,en,已覆盖
esim for international travel reddit,通用·全球,通用·国际漫游,首页 + 指南页,首页 FAQ / 漫游指南,38.9,,en,已覆盖
esim roaming arab saudi,通用·全球,通用·国际漫游,首页 + 指南页,首页 FAQ / 漫游指南,38.9,,en,已覆盖
global esim providers,通用·全球,通用·国际漫游,首页 + 指南页,首页 FAQ / 漫游指南,38.9,,en,已覆盖
global esim vergleich,通用·全球,通用·国际漫游,首页 + 指南页,首页 FAQ / 漫游指南,38.9,,en,已覆盖
global esim with phone number,通用·全球,通用·国际漫游,首页 + 指南页,首页 FAQ / 漫游指南,38.9,,en,已覆盖
international esim iphone,通用·全球,通用·国际漫游,首页 + 指南页,首页 FAQ / 漫游指南,38.9,,en,已覆盖
best roaming esim turkey,通用·全球,通用·国际漫游,首页 + 指南页,首页 FAQ / 漫游指南,35.1,,en,已覆盖
esim worldwide apple,通用·全球,通用·国际漫游,首页 + 指南页,首页 FAQ / 漫游指南,35.1,,en,已覆盖
global esim review,通用·全球,通用·国际漫游,首页 + 指南页,首页 FAQ / 漫游指南,35.1,,en,已覆盖
global esim reviews,通用·全球,通用·国际漫游,首页 + 指南页,首页 FAQ / 漫游指南,35.1,,en,已覆盖
international esim providers,通用·全球,通用·国际漫游,首页 + 指南页,首页 FAQ / 漫游指南,35.1,,en,已覆盖
does telstra esim work overseas,通用·全球,通用·国际漫游,首页 + 指南页,首页 FAQ,33.1,,en,已覆盖
best esim for international travel,通用·全球,通用·国际漫游,首页 + 指南页,首页 FAQ / 漫游指南,31.4,,en,已覆盖
best global esim 2026,通用·全球,通用·国际漫游,首页 + 指南页,首页 FAQ / 漫游指南,31.4,,en,已覆盖
esim data plan international,通用·全球,通用·国际漫游,首页 + 指南页,首页 FAQ / 漫游指南,31.4,,en,已覆盖
esim for international travel verizon,通用·全球,通用·国际漫游,首页 + 指南页,首页 FAQ / 漫游指南,31.4,,en,已覆盖
esim worldwide data,通用·全球,通用·国际漫游,首页 + 指南页,首页 FAQ / 漫游指南,31.4,,en,已覆盖
global esim app,通用·全球,通用·国际漫游,首页 + 指南页,首页 FAQ / 漫游指南,31.4,,en,已覆盖
international esim for travel,通用·全球,通用·国际漫游,首页 + 指南页,首页 FAQ / 漫游指南,31.4,,en,已覆盖
roaming esim review,通用·全球,通用·国际漫游,首页 + 指南页,首页 FAQ / 漫游指南,31.4,,en,已覆盖
using esim abroad,通用·全球,通用·国际漫游,首页 + 指南页,首页 FAQ / 漫游指南,30.4,,en,已覆盖
global esim mongolia,通用·全球,通用·国际漫游,首页 + 指南页,首页 FAQ / 漫游指南,29.5,,en,已覆盖
better roaming esim review,通用·全球,通用·国际漫游,首页 + 指南页,首页 FAQ / 漫游指南,27.6,,en,已覆盖
esim for international travel tmobile,通用·全球,通用·国际漫游,首页 + 指南页,首页 FAQ / 漫游指南,27.6,,en,已覆盖
esim worldwide internet,通用·全球,通用·国际漫游,首页 + 指南页,首页 FAQ / 漫游指南,27.6,,en,已覆盖
global esim for travel,通用·全球,通用·国际漫游,首页 + 指南页,首页 FAQ / 漫游指南,27.6,,en,已覆盖
global esim store,通用·全球,通用·国际漫游,首页 + 指南页,首页 FAQ / 漫游指南,27.6,,en,已覆盖
international esim app,通用·全球,通用·国际漫游,首页 + 指南页,首页 FAQ / 漫游指南,27.6,,en,已覆盖
international esim telstra,通用·全球,通用·国际漫游,首页 + 指南页,首页 FAQ / 漫游指南,27.6,,en,已覆盖
roaming esim отзывы,通用·全球,通用·国际漫游,首页 + 指南页,首页 FAQ / 漫游指南,27.6,,en,已覆盖
global esim 365 days,通用·全球,通用·国际漫游,首页 + 指南页,首页 FAQ / 漫游指南,25.8,,en,已覆盖
esim for international travel how does it work,通用·全球,通用·国际漫游,首页 + 指南页,首页 FAQ / 漫游指南,23.9,,en,已覆盖
esim for international.students,通用·全球,通用·国际漫游,首页 + 指南页,首页 FAQ / 漫游指南,23.9,,en,已覆盖
esim for long term international travel,通用·全球,通用·国际漫游,首页 + 指南页,首页 FAQ / 漫游指南,23.9,,en,已覆盖
global esim card,通用·全球,通用·国际漫游,首页 + 指南页,首页 FAQ / 漫游指南,23.9,,en,已覆盖
international esim with talk and text,通用·全球,通用·国际漫游,首页 + 指南页,首页 FAQ / 漫游指南,23.9,,en,已覆盖
roaming man esim review,通用·全球,通用·国际漫游,首页 + 指南页,首页 FAQ / 漫游指南,23.9,,en,已覆盖
esim for international travel att,通用·全球,通用·国际漫游,首页 + 指南页,首页 FAQ / 漫游指南,20.1,,en,已覆盖
esim internet worldwide,通用·全球,通用·国际漫游,首页 + 指南页,首页 FAQ / 漫游指南,20.1,,en,已覆盖
global esim 30 days,通用·全球,通用·国际漫游,首页 + 指南页,首页 FAQ / 漫游指南,20.1,,en,已覆盖
international esim for calls and data,通用·全球,通用·国际漫游,首页 + 指南页,首页 FAQ / 漫游指南,20.1,,en,已覆盖
what is an esim for international travel,通用·全球,通用·国际漫游,首页 + 指南页,首页 FAQ / 漫游指南,20.1,,en,已覆盖
esim for international travel,通用·全球,通用·国际漫游,首页 + 指南页,首页 FAQ / 漫游指南,19.8,,en,已覆盖
esim for international travel reviews,通用·全球,通用·国际漫游,首页 + 指南页,首页 FAQ / 漫游指南,16.4,,en,已覆盖
esim for international travel unlimited data,通用·全球,通用·国际漫游,首页 + 指南页,首页 FAQ / 漫游指南,16.4,,en,已覆盖
global esim no expiry,通用·全球,通用·国际漫游,首页 + 指南页,首页 FAQ / 漫游指南,16.4,,en,已覆盖
global plan esim,通用·全球,通用·国际漫游,首页 + 指南页,首页 FAQ / 漫游指南,16.4,,en,已覆盖
international esim for pakistan,通用·全球,通用·国际漫游,首页 + 指南页,首页 FAQ / 漫游指南,16.4,,en,已覆盖
what is esim card,通用·问题,通用·定义原理,指南页,/guides/what-is-esim/ 正文,65.4,,en,已覆盖
what is an esim card,通用·问题,通用·定义原理,指南页,/guides/what-is-esim/ 正文,46.4,,en,已覆盖
what is esim in smartwatch,通用·问题,通用·定义原理,指南页,/guides/what-is-esim/ 正文,43.4,,en,已覆盖
what is an esim in a vehicle,通用·问题,通用·定义原理,指南页,/guides/what-is-esim/ 正文,42.6,,en,已覆盖
what is an esim adapter,通用·问题,通用·定义原理,指南页,/guides/what-is-esim/ 正文,35.1,,en,已覆盖
what is an esim for travel,通用·问题,通用·定义原理,指南页,/guides/what-is-esim/ 正文,35.1,,en,已覆盖
what is digital esim,通用·问题,通用·定义原理,指南页,/guides/what-is-esim/ 正文,35.1,,en,已覆盖
what is esim etisalat,通用·问题,通用·定义原理,指南页,/guides/what-is-esim/ 正文,34.4,,en,已覆盖
what is an esim for a phone,通用·问题,通用·定义原理,指南页,/guides/what-is-esim/ 正文,33.2,,en,已覆盖
what is an esim app,通用·问题,通用·定义原理,指南页,/guides/what-is-esim/ 正文,23.9,,en,已覆盖
what is an esim on a car,通用·问题,通用·定义原理,指南页,/guides/what-is-esim/ 正文,23.9,,en,已覆盖
what is an esim optus,通用·问题,通用·定义原理,指南页,/guides/what-is-esim/ 正文,23.9,,en,已覆盖
what is an esim phone,通用·问题,通用·定义原理,指南页,/guides/what-is-esim/ 正文,23.9,,en,已覆盖
what is an esim vodafone,通用·问题,通用·定义原理,指南页,/guides/what-is-esim/ 正文,23.9,,en,已覆盖
what is an esim o2,通用·问题,通用·定义原理,指南页,/guides/what-is-esim/ 正文,16.4,,en,已覆盖
what is an esim update,通用·问题,通用·定义原理,指南页,/guides/what-is-esim/ 正文,16.4,,en,已覆盖
what is an esim verizon,通用·问题,通用·定义原理,指南页,/guides/what-is-esim/ 正文,16.4,,en,已覆盖
what is esim and dual sim,通用·问题,通用·定义原理,指南页,/guides/what-is-esim/ 正文,12.6,,en,已覆盖
esim vs sim card,通用·对比,通用·对比,首页 + 指南页,#tradeoffs 型对照,88.8,,en,已覆盖
esim vs sim iphone,通用·对比,通用·对比,首页 + 指南页,#tradeoffs 型对照,85.0,,en,已覆盖
esim card vs sim card,通用·对比,通用·对比,首页 + 指南页,#tradeoffs 型对照,75.4,,en,已覆盖
why esim is better,通用·对比,通用·对比,首页 + 指南页,#tradeoffs 型对照,75.0,,en,已覆盖
esim vs normal sim,通用·对比,通用·对比,首页 + 指南页,#tradeoffs 型对照,64.4,,en,已覆盖
should i get an esim or physical sim,通用·对比,通用·对比,首页 + 指南页,#tradeoffs 型对照,61.9,,en,已覆盖
esim vs physical sim,通用·对比,通用·对比,首页 + 指南页,#tradeoffs 型对照,57.9,,en,已覆盖
esim vs digital sim,通用·对比,通用·对比,首页 + 指南页,#tradeoffs 型对照,53.4,,en,已覆盖
what's better esim or physical sim,通用·对比,通用·对比,首页 + 指南页,#tradeoffs 型对照,52.0,,en,已覆盖
esim is good or bad,通用·对比,通用·对比,首页 + 指南页,#tradeoffs 型对照,51.5,,en,已覆盖
compare esim plans turkey,通用·对比,通用·对比,首页 + 指南页,#tradeoffs 型对照,46.4,,en,已覆盖
esim vs physical sim turkey,通用·对比,通用·对比,首页 + 指南页,#tradeoffs 型对照,46.4,,en,已覆盖
esim vs sim karte,通用·对比,通用·对比,首页 + 指南页,#tradeoffs 型对照,46.4,,de,已覆盖
should i get esim or physical sim,通用·对比,通用·对比,首页 + 指南页,#tradeoffs 型对照,45.8,,en,已覆盖
esim vs physical sim iphone,通用·对比,通用·对比,首页 + 指南页,#tradeoffs 型对照,45.6,,en,已覆盖
is esim or physical sim better,通用·对比,通用·对比,首页 + 指南页,#tradeoffs 型对照,44.8,,en,已覆盖
esim speed vs physical sim,通用·对比,通用·对比,首页 + 指南页,#tradeoffs 型对照,42.6,,en,已覆盖
esim vs sim card pros and cons,通用·对比,通用·对比,首页 + 指南页,#tradeoffs 型对照,42.6,,en,已覆盖
esim vs sim vor und nachteile,通用·对比,通用·对比,首页 + 指南页,#tradeoffs 型对照,42.6,,de,已覆盖
iphone esim vs physical sim,通用·对比,通用·对比,首页 + 指南页,#tradeoffs 型对照,42.6,,en,已覆盖
which esim is better for turkey,通用·对比,通用·对比,首页 + 指南页,#tradeoffs 型对照,42.6,,en,已覆盖
is dual sim better than esim,通用·对比,通用·对比,首页 + 指南页,#tradeoffs 型对照,39.1,,en,已覆盖
esim 4g or 5g,通用·对比,通用·对比,首页 + 指南页,#tradeoffs 型对照,38.9,,en,已覆盖
esim or chinese sim,通用·对比,通用·对比,首页 + 指南页,#tradeoffs 型对照,38.9,,en,已覆盖
esim vs sim card which is better,通用·对比,通用·对比,首页 + 指南页,#tradeoffs 型对照,38.9,,en,已覆盖
esim vs sim stromverbrauch,通用·对比,通用·对比,首页 + 指南页,#tradeoffs 型对照,38.9,,en,已覆盖
esim vs physical sim performance,通用·对比,通用·对比,首页 + 指南页,#tradeoffs 型对照,37.9,,en,已覆盖
dual sim vs esim,通用·对比,通用·对比,首页 + 指南页,#tradeoffs 型对照,35.5,,en,已覆盖
esim vs virtual sim,通用·对比,通用·对比,首页 + 指南页,#tradeoffs 型对照,35.1,,en,已覆盖
iphone esim vs dual sim,通用·对比,通用·对比,首页 + 指南页,#tradeoffs 型对照,35.1,,en,已覆盖
is airtel esim better than physical sim,通用·对比,通用·对比,首页 + 指南页,#tradeoffs 型对照,35.1,,en,已覆盖
iphone physical dual sim vs esim,通用·对比,通用·对比,首页 + 指南页,#tradeoffs 型对照,34.5,,en,已覆盖
esim vs sim fisica,通用·对比,通用·对比,首页 + 指南页,#tradeoffs 型对照,33.2,,en,已覆盖
which is better esim or sim,通用·对比,通用·对比,首页 + 指南页,#tradeoffs 型对照,33.1,,en,已覆盖
esim vs sim battery life,通用·对比,通用·对比,首页 + 指南页,#tradeoffs 型对照,31.4,,en,已覆盖
esim vs sim reddit,通用·对比,通用·对比,首页 + 指南页,#tradeoffs 型对照,31.4,,en,已覆盖
esim vs sim speed test,通用·对比,通用·对比,首页 + 指南页,#tradeoffs 型对照,31.4,,en,已覆盖
which is better sim or esim,通用·对比,通用·对比,首页 + 指南页,#tradeoffs 型对照,31.4,,en,已覆盖
does esim have better signal,通用·对比,通用·对比,首页 + 指南页,#tradeoffs 型对照,30.9,,en,已覆盖
esim vs sim battery,通用·对比,通用·对比,首页 + 指南页,#tradeoffs 型对照,29.0,,en,已覆盖
difference between esim and euicc,通用·对比,通用·对比,首页 + 指南页,#tradeoffs 型对照,27.6,,en,已覆盖
embedded sim vs esim,通用·对比,通用·对比,首页 + 指南页,#tradeoffs 型对照,27.6,,en,已覆盖
esim data only or voice and data,通用·对比,通用·对比,首页 + 指南页,#tradeoffs 型对照,27.6,,en,已覆盖
esim vs physical sim reception,通用·对比,通用·对比,首页 + 指南页,#tradeoffs 型对照,27.6,,en,已覆盖
esim vs physical sim speed test,通用·对比,通用·对比,首页 + 指南页,#tradeoffs 型对照,27.6,,en,已覆盖
esim vs pocket wifi reddit,通用·对比,通用·对比,首页 + 指南页,#tradeoffs 型对照,27.6,,en,已覆盖
esim vs sim iphone 17 pro,通用·对比,通用·对比,首页 + 指南页,#tradeoffs 型对照,27.6,,en,已覆盖
is esim better than physical sim,通用·对比,通用·对比,首页 + 指南页,#tradeoffs 型对照,27.6,,en,已覆盖
esim vs physical sim.japan reddit,通用·对比,通用·对比,首页 + 指南页,#tradeoffs 型对照,25.8,,en,已覆盖
esim and nano sim difference,通用·对比,通用·对比,首页 + 指南页,#tradeoffs 型对照,23.9,,en,已覆盖
esim vs nano sim speed test,通用·对比,通用·对比,首页 + 指南页,#tradeoffs 型对照,23.9,,en,已覆盖
esim vs sim card reddit,通用·对比,通用·对比,首页 + 指南页,#tradeoffs 型对照,23.9,,en,已覆盖
what is the difference between esim and physical sim,通用·对比,通用·对比,首页 + 指南页,#tradeoffs 型对照,23.9,,en,已覆盖
esim data only vs voice and data,通用·对比,通用·对比,首页 + 指南页,#tradeoffs 型对照,20.1,,en,已覆盖
esim vs sim card difference,通用·对比,通用·对比,首页 + 指南页,#tradeoffs 型对照,20.1,,en,已覆盖
esim vs sim1,通用·对比,通用·对比,首页 + 指南页,#tradeoffs 型对照,20.1,,en,已覆盖
what is an esim vs sim,通用·对比,通用·对比,首页 + 指南页,#tradeoffs 型对照,20.1,,en,已覆盖
esim vs nano sim,通用·对比,通用·对比,首页 + 指南页,#tradeoffs 型对照,19.1,,en,已覆盖
use esim or physical sim,通用·对比,通用·对比,首页 + 指南页,#tradeoffs 型对照,19.1,,en,已覆盖
esim vs sim card iphone,通用·对比,通用·对比,首页 + 指南页,#tradeoffs 型对照,16.4,,en,已覆盖
esim vs sim power consumption,通用·对比,通用·对比,首页 + 指南页,#tradeoffs 型对照,16.4,,en,已覆盖
what is better esim or sim card,通用·对比,通用·对比,首页 + 指南页,#tradeoffs 型对照,16.4,,en,已覆盖
should i use esim or physical sim,通用·对比,通用·对比,首页 + 指南页,#tradeoffs 型对照,12.6,,en,已覆盖
can esim be used internationally,通用·问题,通用·操作问答,首页 + 指南页,首页 FAQ,88.8,0.0,en,已覆盖
can i get an esim,通用·问题,通用·操作问答,首页 + 指南页,首页 FAQ / #how-it-works,88.8,0.0,en,已覆盖
how to apply for an esim,通用·问题,通用·操作问答,首页 + 指南页,首页 FAQ / #how-it-works,88.8,0.0,en,已覆盖
which is the best esim,通用·问题,通用·操作问答,首页 + 指南页,首页 FAQ,88.8,0.0,en,已覆盖
can i use data from esim,通用·问题,通用·操作问答,首页 + 指南页,首页 FAQ / #how-it-works,85.0,,en,已覆盖
does esim work internationally,通用·问题,通用·操作问答,首页 + 指南页,首页 FAQ,85.0,,en,已覆盖
which network has esim,通用·问题,通用·操作问答,首页 + 指南页,首页 FAQ,85.0,,en,已覆盖
which provider has esim,通用·问题,通用·操作问答,首页 + 指南页,首页 FAQ,78.1,,en,已覆盖
is esim available in turkey,通用·问题,通用·操作问答,首页 + 指南页,首页 FAQ,69.9,,en,已覆盖
is esim dual sim,通用·问题,通用·操作问答,首页 + 指南页,首页 FAQ,67.5,,en,已覆盖
does huawei have esim,通用·问题,通用·操作问答,首页 + 指南页,首页 FAQ,62.6,,en,已覆盖
does telcel support esim,通用·问题,通用·操作问答,首页 + 指南页,首页 FAQ,62.1,,en,已覆盖
does esim use data,通用·问题,通用·操作问答,首页 + 指南页,首页 FAQ,60.2,,en,已覆盖
is there prepaid esim,通用·问题,通用·操作问答,首页 + 指南页,首页 FAQ,56.1,,en,已覆盖
where to buy a esim,通用·问题,通用·操作问答,首页 + 指南页,首页 FAQ,54.8,,en,已覆盖
does maxis support esim,通用·问题,通用·操作问答,首页 + 指南页,首页 FAQ,54.0,,en,已覆盖
does etisalat support esim,通用·问题,通用·操作问答,首页 + 指南页,首页 FAQ,51.0,,en,已覆盖
how to change esim to esim,通用·问题,通用·操作问答,首页 + 指南页,首页 FAQ / #how-it-works,48.9,,en,已覆盖
can i use esim for data,通用·问题,通用·操作问答,首页 + 指南页,首页 FAQ / #how-it-works,47.6,,en,已覆盖
do i need a sim card if i have esim,通用·问题,通用·操作问答,首页 + 指南页,首页 FAQ / #how-it-works,47.1,,en,已覆盖
how to get esim at home,通用·问题,通用·操作问答,首页 + 指南页,首页 FAQ / #how-it-works,46.5,,en,已覆盖
does esim work in ukraine,通用·问题,通用·操作问答,首页 + 指南页,首页 FAQ,46.4,,en,已覆盖
does orange esim work in turkey,通用·问题,通用·操作问答,首页 + 指南页,首页 FAQ,46.4,,en,已覆盖
how do i get an esim for turkey,通用·问题,通用·操作问答,首页 + 指南页,首页 FAQ / #how-it-works,46.4,,en,已覆盖
how to buy an esim for turkey,通用·问题,通用·操作问答,首页 + 指南页,首页 FAQ / #how-it-works,46.4,,en,已覆盖
is esim available in ph,通用·问题,通用·操作问答,首页 + 指南页,首页 FAQ,46.4,,en,已覆盖
which esim is good for turkey,通用·问题,通用·操作问答,首页 + 指南页,首页 FAQ,46.4,,en,已覆盖
will esim work in turkey,通用·问题,通用·操作问答,首页 + 指南页,首页 FAQ,46.4,,en,已覆盖
how to have an esim,通用·问题,通用·操作问答,首页 + 指南页,首页 FAQ / #how-it-works,46.1,,en,已覆盖
is esim available for prepaid,通用·问题,通用·操作问答,首页 + 指南页,首页 FAQ,45.5,,en,已覆盖
which networks support esim,通用·问题,通用·操作问答,首页 + 指南页,首页 FAQ,44.4,,en,已覆盖
where to buy globe esim,通用·问题,通用·操作问答,首页 + 指南页,首页 FAQ,44.0,,en,已覆盖
how to get esim,通用·问题,通用·操作问答,首页 + 指南页,首页 FAQ / #how-it-works,43.8,,en,已覆盖
where can i get esim card,通用·问题,通用·操作问答,首页 + 指南页,首页 FAQ / #how-it-works,43.8,,en,已覆盖
does airtel esim work internationally,通用·问题,通用·操作问答,首页 + 指南页,首页 FAQ,43.4,,en,已覆盖
does du have esim,通用·问题,通用·操作问答,首页 + 指南页,首页 FAQ,43.0,,en,已覆盖
can i convert my normal sim to esim,通用·问题,通用·操作问答,首页 + 指南页,首页 FAQ / #how-it-works,42.6,,en,已覆盖
does telstra support esim,通用·问题,通用·操作问答,首页 + 指南页,首页 FAQ,42.6,,en,已覆盖
does virgin have esim,通用·问题,通用·操作问答,首页 + 指南页,首页 FAQ,42.6,,en,已覆盖
does.nomad esim.work.in.uae,通用·问题,通用·操作问答,首页 + 指南页,首页 FAQ,42.6,,en,已覆盖
how to get a esim for airtel,通用·问题,通用·操作问答,首页 + 指南页,首页 FAQ / #how-it-works,42.6,,en,已覆盖
how to get an esim while in turkey,通用·问题,通用·操作问答,首页 + 指南页,首页 FAQ / #how-it-works,42.6,,en,已覆盖
how to get esim card for turkey,通用·问题,通用·操作问答,首页 + 指南页,首页 FAQ / #how-it-works,42.6,,en,已覆盖
is esim working in turkey,通用·问题,通用·操作问答,首页 + 指南页,首页 FAQ,42.6,,en,已覆盖
what is an esim and how does it work,通用·问题,通用·操作问答,首页 + 指南页,首页 FAQ / #how-it-works,42.6,,en,已覆盖
does ee provide esim,通用·问题,通用·操作问答,首页 + 指南页,首页 FAQ,42.4,,en,已覆盖
does huawei support esim,通用·问题,通用·操作问答,首页 + 指南页,首页 FAQ,42.4,,en,已覆盖
how to get esim card,通用·问题,通用·操作问答,首页 + 指南页,首页 FAQ / #how-it-works,42.4,,en,已覆盖
is esim available in oman,通用·问题,通用·操作问答,首页 + 指南页,首页 FAQ,42.4,,en,已覆盖
is esim available in sri lanka,通用·问题,通用·操作问答,首页 + 指南页,首页 FAQ,42.1,,en,已覆盖
how to get a n esim,通用·问题,通用·操作问答,首页 + 指南页,首页 FAQ / #how-it-works,42.0,,en,已覆盖
how to get esim for vi,通用·问题,通用·操作问答,首页 + 指南页,首页 FAQ / #how-it-works,42.0,,en,已覆盖
does ultra mobile have esim,通用·问题,通用·操作问答,首页 + 指南页,首页 FAQ,41.6,,en,已覆盖
does tello support esim,通用·问题,通用·操作问答,首页 + 指南页,首页 FAQ,41.0,,en,已覆盖
how to get a free esim,通用·问题,通用·操作问答,首页 + 指南页,首页 FAQ / #how-it-works,41.0,,en,已覆盖
how do.i get an esim.for.germany,通用·问题,通用·操作问答,首页 + 指南页,首页 FAQ / #how-it-works,40.8,,en,已覆盖
does spark support esim,通用·问题,通用·操作问答,首页 + 指南页,首页 FAQ,40.6,,en,已覆盖
is esim reliable,通用·问题,通用·操作问答,首页 + 指南页,首页 FAQ,40.6,,en,已覆盖
is esim available in uganda,通用·问题,通用·操作问答,首页 + 指南页,首页 FAQ,40.5,,en,已覆盖
which countries support esim,通用·问题,通用·操作问答,首页 + 指南页,首页 FAQ,39.6,,en,已覆盖
does digicel support esim,通用·问题,通用·操作问答,首页 + 指南页,首页 FAQ,39.2,,en,已覆盖
does revolut esim work in turkey,通用·问题,通用·操作问答,首页 + 指南页,首页 FAQ,38.9,,en,已覆盖
how to activate esim optus,通用·问题,通用·操作问答,首页 + 指南页,首页 FAQ / #how-it-works,38.9,,en,已覆盖
how to activate esim singtel,通用·问题,通用·操作问答,首页 + 指南页,首页 FAQ / #how-it-works,38.9,,en,已覆盖
how to find your esim,通用·问题,通用·操作问答,首页 + 指南页,首页 FAQ / #how-it-works,38.9,,en,已覆盖
how to get an australian esim number,通用·问题,通用·操作问答,首页 + 指南页,首页 FAQ / #how-it-works,38.9,,en,已覆盖
how to get e sim turkey,通用·问题,通用·操作问答,首页 + 指南页,首页 FAQ / #how-it-works,38.9,,en,已覆盖
how to get esim spanish number,通用·问题,通用·操作问答,首页 + 指南页,首页 FAQ / #how-it-works,38.9,,en,已覆盖
how to make esim du,通用·问题,通用·操作问答,首页 + 指南页,首页 FAQ / #how-it-works,38.9,,en,已覆盖
how to port esim,通用·问题,通用·操作问答,首页 + 指南页,首页 FAQ / #how-it-works,38.9,,en,已覆盖
which esim provider is best for turkey,通用·问题,通用·操作问答,首页 + 指南页,首页 FAQ,38.9,,en,已覆盖
which phones have esim support,通用·问题,通用·操作问答,首页 + 指南页,首页 FAQ,38.9,,en,已覆盖
which sim card is best in saudi,通用·问题,通用·操作问答,首页 + 指南页,首页 FAQ,38.9,,en,已覆盖
can you roam with esim,通用·问题,通用·操作问答,首页 + 指南页,首页 FAQ / #how-it-works,38.6,,en,已覆盖
does verizon support esim,通用·问题,通用·操作问答,首页 + 指南页,首页 FAQ,38.4,,en,已覆盖
how to get an esim for airtel,通用·问题,通用·操作问答,首页 + 指南页,首页 FAQ / #how-it-works,38.4,,en,已覆盖
is esim available in pakistan,通用·问题,通用·操作问答,首页 + 指南页,首页 FAQ,38.4,,en,已覆盖
does metropcs support esim,通用·问题,通用·操作问答,首页 + 指南页,首页 FAQ,37.9,,en,已覆盖
does singtel support esim,通用·问题,通用·操作问答,首页 + 指南页,首页 FAQ,37.9,,en,已覆盖
is esim available in nepal,通用·问题,通用·操作问答,首页 + 指南页,首页 FAQ,37.4,,en,已覆盖
how to get esim for indian number,通用·问题,通用·操作问答,首页 + 指南页,首页 FAQ / #how-it-works,37.0,,en,已覆盖
how to change to an esim,通用·问题,通用·操作问答,首页 + 指南页,首页 FAQ / #how-it-works,36.9,,en,已覆盖
how to set up an esim ee,通用·问题,通用·操作问答,首页 + 指南页,首页 FAQ / #how-it-works,36.9,,en,已覆盖
does esim requires internet,通用·问题,通用·操作问答,首页 + 指南页,首页 FAQ,36.5,,en,已覆盖
is esim available for airtel prepaid,通用·问题,通用·操作问答,首页 + 指南页,首页 FAQ,36.5,,en,已覆盖
how to get a new esim,通用·问题,通用·操作问答,首页 + 指南页,首页 FAQ / #how-it-works,36.4,,en,已覆盖
how to use the esim,通用·问题,通用·操作问答,首页 + 指南页,首页 FAQ / #how-it-works,35.9,,en,已覆盖
does jio esim work internationally,通用·问题,通用·操作问答,首页 + 指南页,首页 FAQ,35.5,,en,已覆盖
how to make a esim,通用·问题,通用·操作问答,首页 + 指南页,首页 FAQ / #how-it-works,35.5,,en,已覆盖
should i convert to esim,通用·问题,通用·操作问答,首页 + 指南页,首页 FAQ / #how-it-works,35.5,,en,已覆盖
can i change my nano sim to esim,通用·问题,通用·操作问答,首页 + 指南页,首页 FAQ / #how-it-works,35.1,,en,已覆盖
can i get airtel prepaid esim,通用·问题,通用·操作问答,首页 + 指南页,首页 FAQ / #how-it-works,35.1,,en,已覆盖
can you get pay as you go esim,通用·问题,通用·操作问答,首页 + 指南页,首页 FAQ / #how-it-works,35.1,,en,已覆盖
does mtn uganda support esim,通用·问题,通用·操作问答,首页 + 指南页,首页 FAQ,35.1,,en,已覆盖
does roamless esim work in turkey,通用·问题,通用·操作问答,首页 + 指南页,首页 FAQ,35.1,,en,已覆盖
how to get esim french number,通用·问题,通用·操作问答,首页 + 指南页,首页 FAQ / #how-it-works,35.1,,en,已覆盖
how to get esim turkish number,通用·问题,通用·操作问答,首页 + 指南页,首页 FAQ / #how-it-works,35.1,,en,已覆盖
how to install esim mint mobile,通用·问题,通用·操作问答,首页 + 指南页,首页 FAQ / #how-it-works,35.1,,en,已覆盖
how to install esim on oppo,通用·问题,通用·操作问答,首页 + 指南页,首页 FAQ / #how-it-works,35.1,,en,已覆盖
is esim permanent,通用·问题,通用·操作问答,首页 + 指南页,首页 FAQ,35.1,,en,已覆盖
is esim stable,通用·问题,通用·操作问答,首页 + 指南页,首页 FAQ,35.1,,en,已覆盖
is there esim in nepal,通用·问题,通用·操作问答,首页 + 指南页,首页 FAQ,35.1,,en,已覆盖
where can i buy smart esim,通用·问题,通用·操作问答,首页 + 指南页,首页 FAQ / #how-it-works,35.1,,en,已覆盖
where to buy esim card,通用·问题,通用·操作问答,首页 + 指南页,首页 FAQ,35.1,,en,已覆盖
which esim is best to use in turkey,通用·问题,通用·操作问答,首页 + 指南页,首页 FAQ,35.1,,en,已覆盖
which is the best esim for australian travellers,通用·问题,通用·操作问答,首页 + 指南页,首页 FAQ,35.1,,en,已覆盖
how to use esim when traveling,通用·问题,通用·操作问答,首页 + 指南页,首页 FAQ / #how-it-works,34.6,,en,已覆盖
does telenor support esim,通用·问题,通用·操作问答,首页 + 指南页,首页 FAQ,34.1,,en,已覆盖
does vi has esim,通用·问题,通用·操作问答,首页 + 指南页,首页 FAQ,34.1,,en,已覆盖
how to get esim to physical sim,通用·问题,通用·操作问答,首页 + 指南页,首页 FAQ / #how-it-works,34.1,,en,已覆盖
is esim free,通用·问题,通用·操作问答,首页 + 指南页,首页 FAQ,34.1,,en,已覆盖
where to buy tourist sim card,通用·问题,通用·操作问答,首页 + 指南页,首页 FAQ,34.1,,en,已覆盖
does eir support esim,通用·问题,通用·操作问答,首页 + 指南页,首页 FAQ,32.8,,en,已覆盖
does verizon prepaid support esim,通用·问题,通用·操作问答,首页 + 指南页,首页 FAQ,32.8,,en,已覆盖
should i switch to esim,通用·问题,通用·操作问答,首页 + 指南页,首页 FAQ / #how-it-works,32.8,,en,已覆盖
can esim be used for data,通用·问题,通用·操作问答,首页 + 指南页,首页 FAQ,31.8,,en,已覆盖
does huawei p30 pro support esim,通用·问题,通用·操作问答,首页 + 指南页,首页 FAQ,31.4,,en,已覆盖
does safaricom support esim,通用·问题,通用·操作问答,首页 + 指南页,首页 FAQ,31.4,,en,已覆盖
does telenor have esim,通用·问题,通用·操作问答,首页 + 指南页,首页 FAQ,31.4,,en,已覆盖
how to activate esim in airtel,通用·问题,通用·操作问答,首页 + 指南页,首页 FAQ / #how-it-works,31.4,,en,已覆盖
how to activate esim simba,通用·问题,通用·操作问答,首页 + 指南页,首页 FAQ / #how-it-works,31.4,,en,已覆盖
how to activate esim verizon,通用·问题,通用·操作问答,首页 + 指南页,首页 FAQ / #how-it-works,31.4,,en,已覆盖
how to change esim,通用·问题,通用·操作问答,首页 + 指南页,首页 FAQ / #how-it-works,31.4,,en,已覆盖
how to create a esim,通用·问题,通用·操作问答,首页 + 指南页,首页 FAQ / #how-it-works,31.4,,en,已覆盖
how to get esim idea,通用·问题,通用·操作问答,首页 + 指南页,首页 FAQ / #how-it-works,31.4,,en,已覆盖
how to get esim korean number,通用·问题,通用·操作问答,首页 + 指南页,首页 FAQ / #how-it-works,31.4,,en,已覆盖
how to get esim optus,通用·问题,通用·操作问答,首页 + 指南页,首页 FAQ / #how-it-works,31.4,,en,已覆盖
how to install esim simify,通用·问题,通用·操作问答,首页 + 指南页,首页 FAQ / #how-it-works,31.4,,en,已覆盖
how to register an esim,通用·问题,通用·操作问答,首页 + 指南页,首页 FAQ / #how-it-works,31.4,,en,已覆盖
what is an esim card and how does it work,通用·问题,通用·操作问答,首页 + 指南页,首页 FAQ / #how-it-works,31.4,,en,已覆盖
where to buy a sim card in reykjavik,通用·问题,通用·操作问答,首页 + 指南页,首页 FAQ,31.4,,en,已覆盖
where to get jazz esim,通用·问题,通用·操作问答,首页 + 指南页,首页 FAQ,31.4,,en,已覆盖
which is the best esim for tourists in turkey,通用·问题,通用·操作问答,首页 + 指南页,首页 FAQ,31.4,,en,已覆盖
can esim work as dual sim,通用·问题,通用·操作问答,首页 + 指南页,首页 FAQ,30.9,,en,已覆盖
can you have an esim and physical sim,通用·问题,通用·操作问答,首页 + 指南页,首页 FAQ / #how-it-works,30.9,,en,已覆盖
where to buy smart esim,通用·问题,通用·操作问答,首页 + 指南页,首页 FAQ,30.4,,en,已覆盖
how to install esim on new phone,通用·问题,通用·操作问答,首页 + 指南页,首页 FAQ / #how-it-works,29.5,,en,已覆盖
are esim safe,通用·问题,通用·操作问答,首页 + 指南页,首页 FAQ,29.4,,en,已覆盖
does t mobile esim work internationally,通用·问题,通用·操作问答,首页 + 指南页,首页 FAQ,29.4,,en,已覆盖
does zong have esim,通用·问题,通用·操作问答,首页 + 指南页,首页 FAQ,29.0,,en,已覆盖
how do i get an esim on o2,通用·问题,通用·操作问答,首页 + 指南页,首页 FAQ / #how-it-works,29.0,,en,已覆盖
how to request esim,通用·问题,通用·操作问答,首页 + 指南页,首页 FAQ / #how-it-works,28.0,,en,已覆盖
can i get an esim on o2,通用·问题,通用·操作问答,首页 + 指南页,首页 FAQ / #how-it-works,27.6,,en,已覆盖
does digi support esim,通用·问题,通用·操作问答,首页 + 指南页,首页 FAQ,27.6,,en,已覆盖
does maya esim work in turkey,通用·问题,通用·操作问答,首页 + 指南页,首页 FAQ,27.6,,en,已覆盖
does ultra mobile support esim,通用·问题,通用·操作问答,首页 + 指南页,首页 FAQ,27.6,,en,已覆盖
does virgin mobile support esim,通用·问题,通用·操作问答,首页 + 指南页,首页 FAQ,27.6,,en,已覆盖
how do i activate my ee esim,通用·问题,通用·操作问答,首页 + 指南页,首页 FAQ / #how-it-works,27.6,,en,已覆盖
how to activate esim airtel,通用·问题,通用·操作问答,首页 + 指南页,首页 FAQ / #how-it-works,27.6,,en,已覆盖
how to activate esim from klook,通用·问题,通用·操作问答,首页 + 指南页,首页 FAQ / #how-it-works,27.6,,en,已覆盖
how to buy esim card,通用·问题,通用·操作问答,首页 + 指南页,首页 FAQ / #how-it-works,27.6,,en,已覆盖
how to buy new esim,通用·问题,通用·操作问答,首页 + 指南页,首页 FAQ / #how-it-works,27.6,,en,已覆盖
how to get an indian esim online,通用·问题,通用·操作问答,首页 + 指南页,首页 FAQ / #how-it-works,27.6,,en,已覆盖
how to get esim for idea,通用·问题,通用·操作问答,首页 + 指南页,首页 FAQ / #how-it-works,27.6,,en,已覆盖
how to get esim in vi,通用·问题,通用·操作问答,首页 + 指南页,首页 FAQ / #how-it-works,27.6,,en,已覆盖
how to get japanese esim,通用·问题,通用·操作问答,首页 + 指南页,首页 FAQ / #how-it-works,27.6,,en,已覆盖
how to install esim gomo,通用·问题,通用·操作问答,首页 + 指南页,首页 FAQ / #how-it-works,27.6,,en,已覆盖
how to install esim profile,通用·问题,通用·操作问答,首页 + 指南页,首页 FAQ / #how-it-works,27.6,,en,已覆盖
is esim the future,通用·问题,通用·操作问答,首页 + 指南页,首页 FAQ,27.6,,en,已覆盖
which is the best esim for data in turkey,通用·问题,通用·操作问答,首页 + 指南页,首页 FAQ,27.6,,en,已覆盖
which korean esim is best,通用·问题,通用·操作问答,首页 + 指南页,首页 FAQ,27.6,,en,已覆盖
which smartwatch has esim,通用·问题,通用·操作问答,首页 + 指南页,首页 FAQ,26.6,,en,已覆盖
does esim work without internet,通用·问题,通用·操作问答,首页 + 指南页,首页 FAQ,25.2,,en,已覆盖
can you have esim and physical sim,通用·问题,通用·操作问答,首页 + 指南页,首页 FAQ / #how-it-works,23.9,,en,已覆盖
how to activate esim telstra,通用·问题,通用·操作问答,首页 + 指南页,首页 FAQ / #how-it-works,23.9,,en,已覆盖
how to get esim globe,通用·问题,通用·操作问答,首页 + 指南页,首页 FAQ / #how-it-works,23.9,,en,已覆盖
how to install esim singtel,通用·问题,通用·操作问答,首页 + 指南页,首页 FAQ / #how-it-works,23.9,,en,已覆盖
how to use esim card,通用·问题,通用·操作问答,首页 + 指南页,首页 FAQ / #how-it-works,23.9,,en,已覆盖
is esim chargeable,通用·问题,通用·操作问答,首页 + 指南页,首页 FAQ,23.9,,en,已覆盖
how to get an 02 esim,通用·问题,通用·操作问答,首页 + 指南页,首页 FAQ / #how-it-works,23.4,,en,已覆盖
is esim good,通用·问题,通用·操作问答,首页 + 指南页,首页 FAQ,22.4,,en,已覆盖
does esim work,通用·问题,通用·操作问答,首页 + 指南页,首页 FAQ,21.5,,en,已覆盖
can i buy a sim card in turkey,通用·问题,通用·操作问答,首页 + 指南页,首页 FAQ / #how-it-works,20.1,,en,已覆盖
does aldi mobile have esim,通用·问题,通用·操作问答,首页 + 指南页,首页 FAQ,20.1,,en,已覆盖
does eastlink support esim,通用·问题,通用·操作问答,首页 + 指南页,首页 FAQ,20.1,,en,已覆盖
does vodafone esim work in turkey,通用·问题,通用·操作问答,首页 + 指南页,首页 FAQ,20.1,,en,已覆盖
how to activate esim in jio,通用·问题,通用·操作问答,首页 + 指南页,首页 FAQ / #how-it-works,20.1,,en,已覆盖
how to activate esim starhub,通用·问题,通用·操作问答,首页 + 指南页,首页 FAQ / #how-it-works,20.1,,en,已覆盖
how to install esim on another phone,通用·问题,通用·操作问答,首页 + 指南页,首页 FAQ / #how-it-works,20.1,,en,已覆盖
does esim work in nepal,通用·问题,通用·操作问答,首页 + 指南页,首页 FAQ,19.1,,en,已覆盖
does three mobile have esim,通用·问题,通用·操作问答,首页 + 指南页,首页 FAQ,19.1,,en,已覆盖
does metro by t mobile support esim,通用·问题,通用·操作问答,首页 + 指南页,首页 FAQ,17.8,,en,已覆盖
can esim be prepaid,通用·问题,通用·操作问答,首页 + 指南页,首页 FAQ,16.4,,en,已覆盖
how to activate esim on new phone,通用·问题,通用·操作问答,首页 + 指南页,首页 FAQ / #how-it-works,16.4,,en,已覆盖
how to install esim without activating,通用·问题,通用·操作问答,首页 + 指南页,首页 FAQ / #how-it-works,16.4,,en,已覆盖
esim size,通用·其他,通用·规格条件,指南页,/guides/what-is-esim/ 规格表,88.8,0.0182,en,已覆盖
esim requirements,通用·其他,通用·规格条件,指南页,/guides/what-is-esim/ 规格表,85.0,0.0145,en,已覆盖
esim specifications,通用·其他,通用·规格条件,指南页,/guides/what-is-esim/ 规格表,48.4,,en,已覆盖
esim turkey unlimited data,通用·规则/规格,通用·规格条件,指南页,/guides/what-is-esim/ 规格表,47.8,,en,已覆盖
best esim for hotspot tethering,通用·规则/规格,通用·规格条件,指南页,/guides/what-is-esim/ 规格表,46.4,,en,已覆盖
esim america unlimited data,通用·规则/规格,通用·规格条件,指南页,/guides/what-is-esim/ 规格表,46.4,,en,已覆盖
esim brasil 10gb,通用·规则/规格,通用·规格条件,指南页,/guides/what-is-esim/ 规格表,46.4,,en,已覆盖
esim free trial 1gb,通用·规则/规格,通用·规格条件,指南页,/guides/what-is-esim/ 规格表,46.4,,en,已覆盖
esim hotspot device,通用·规则/规格,通用·规格条件,指南页,/guides/what-is-esim/ 规格表,46.4,,en,已覆盖
esim indonesien 10gb,通用·规则/规格,通用·规格条件,指南页,/guides/what-is-esim/ 规格表,46.4,,en,已覆盖
esim italia 10gb,通用·规则/规格,通用·规格条件,指南页,/guides/what-is-esim/ 规格表,46.4,,en,已覆盖
esim schweiz 10gb,通用·规则/规格,通用·规格条件,指南页,/guides/what-is-esim/ 规格表,46.4,,en,已覆盖
esim sms empfangen,通用·规则/规格,通用·规格条件,指南页,/guides/what-is-esim/ 规格表,46.4,,de,已覆盖
esim sms not working,通用·规则/规格,通用·规格条件,指南页,/guides/what-is-esim/ 规格表,46.4,,en,已覆盖
german esim card with phone number,通用·规则/规格,通用·规格条件,指南页,/guides/what-is-esim/ 规格表,46.4,,en,已覆盖
korean esim plan,通用·规则/规格,通用·规格条件,指南页,/guides/what-is-esim/ 规格表,46.4,,en,已覆盖
mexiko esim 10gb,通用·规则/规格,通用·规格条件,指南页,/guides/what-is-esim/ 规格表,46.4,,en,已覆盖
turkey esim card unlimited data,通用·规则/规格,通用·规格条件,指南页,/guides/what-is-esim/ 规格表,46.4,,en,已覆盖
turkey esim unlimited data,通用·规则/规格,通用·规格条件,指南页,/guides/what-is-esim/ 规格表,46.4,,en,已覆盖
unlimited data esim swiss,通用·规则/规格,通用·规格条件,指南页,/guides/what-is-esim/ 规格表,46.4,,en,已覆盖
unlimited esim prepaid,通用·规则/规格,通用·规格条件,指南页,/guides/what-is-esim/ 规格表,46.4,,en,已覆盖
unlimited internet esim turkey,通用·规则/规格,通用·规格条件,指南页,/guides/what-is-esim/ 规格表,46.4,,en,已覆盖
esim brasil unlimited data,通用·规则/规格,通用·规格条件,指南页,/guides/what-is-esim/ 规格表,45.4,,en,已覆盖
mexiko esim unlimited data,通用·规则/规格,通用·规格条件,指南页,/guides/what-is-esim/ 规格表,45.4,,en,已覆盖
turkey esim unlimited data 7 days,通用·规则/规格,通用·规格条件,指南页,/guides/what-is-esim/ 规格表,45.4,,en,已覆盖
esim hotspot not working,通用·规则/规格,通用·规格条件,指南页,/guides/what-is-esim/ 规格表,44.0,,en,已覆盖
esim hrvatska unlimited,通用·规则/规格,通用·规格条件,指南页,/guides/what-is-esim/ 规格表,44.0,,en,已覆盖
esim kenia unlimited,通用·规则/规格,通用·规格条件,指南页,/guides/what-is-esim/ 规格表,44.0,,en,已覆盖
esim polen unlimited,通用·规则/规格,通用·规格条件,指南页,/guides/what-is-esim/ 规格表,44.0,,en,已覆盖
israeli esim unlimited data,通用·规则/规格,通用·规格条件,指南页,/guides/what-is-esim/ 规格表,44.0,,en,已覆盖
unlimited data sim card plans,通用·规则/规格,通用·规格条件,指南页,/guides/what-is-esim/ 规格表,43.4,,en,已覆盖
unlimited data sim plans,通用·规则/规格,通用·规格条件,指南页,/guides/what-is-esim/ 规格表,42.9,,en,已覆盖
america esim unlimited data,通用·规则/规格,通用·规格条件,指南页,/guides/what-is-esim/ 规格表,42.6,,en,已覆盖
best esim for turkey 7 days,通用·规则/规格,通用·规格条件,指南页,/guides/what-is-esim/ 规格表,42.6,,en,已覆盖
best unlimited data esim turkey,通用·规则/规格,通用·规格条件,指南页,/guides/what-is-esim/ 规格表,42.6,,en,已覆盖
british esim with phone number,通用·规则/规格,通用·规格条件,指南页,/guides/what-is-esim/ 规格表,42.6,,en,已覆盖
dutch esim unlimited data,通用·规则/规格,通用·规格条件,指南页,/guides/what-is-esim/ 规格表,42.6,,en,已覆盖
esim for turkey with phone number,通用·规则/规格,通用·规格条件,指南页,/guides/what-is-esim/ 规格表,42.6,,en,已覆盖
esim free trial unlimited data,通用·规则/规格,通用·规格条件,指南页,/guides/what-is-esim/ 规格表,42.6,,en,已覆盖
esim hotspot möglich,通用·规则/规格,通用·规格条件,指南页,/guides/what-is-esim/ 规格表,42.6,,en,已覆盖
esim hotspot plans,通用·规则/规格,通用·规格条件,指南页,/guides/what-is-esim/ 规格表,42.6,,en,已覆盖
esim sms aktivieren,通用·规则/规格,通用·规格条件,指南页,/guides/what-is-esim/ 规格表,42.6,,de,已覆盖
esim sms verification,通用·规则/规格,通用·规格条件,指南页,/guides/what-is-esim/ 规格表,42.6,,en,已覆盖
esim top up icc,通用·规则/规格,通用·规格条件,指南页,/guides/what-is-esim/ 规格表,42.6,,en,已覆盖
esim turkey unlimited,通用·规则/规格,通用·规格条件,指南页,/guides/what-is-esim/ 规格表,42.6,,en,已覆盖
esim österreich unlimited,通用·规则/规格,通用·规格条件,指南页,/guides/what-is-esim/ 规格表,42.6,,en,已覆盖
klook esim indonesien unlimited,通用·规则/规格,通用·规格条件,指南页,/guides/what-is-esim/ 规格表,42.6,,en,已覆盖
korean esim unlimited data,通用·规则/规格,通用·规格条件,指南页,/guides/what-is-esim/ 规格表,42.6,,en,已覆盖
unlimited esim türkei,通用·规则/规格,通用·规格条件,指南页,/guides/what-is-esim/ 规格表,42.6,,en,已覆盖
österreich esim unlimited,通用·规则/规格,通用·规格条件,指南页,/guides/what-is-esim/ 规格表,42.6,,en,已覆盖
which sim card has unlimited data,通用·规则/规格,通用·规格条件,指南页,/guides/what-is-esim/ 规格表,42.0,,en,已覆盖
esim österreich unlimited data,通用·规则/规格,通用·规格条件,指南页,/guides/what-is-esim/ 规格表,41.6,,en,已覆盖
german e sim unlimited data,通用·规则/规格,通用·规格条件,指南页,/guides/what-is-esim/ 规格表,41.6,,en,已覆盖
esim brazilië unlimited data,通用·规则/规格,通用·规格条件,指南页,/guides/what-is-esim/ 规格表,40.8,,en,已覆盖
esim turkey unlimited data hotspot,通用·规则/规格,通用·规格条件,指南页,/guides/what-is-esim/ 规格表,39.8,,en,已覆盖
america esim unlimited,通用·规则/规格,通用·规格条件,指南页,/guides/what-is-esim/ 规格表,38.9,,en,已覆盖
best esim for turkey unlimited data,通用·规则/规格,通用·规格条件,指南页,/guides/what-is-esim/ 规格表,38.9,,en,已覆盖
chinese esim plan,通用·规则/规格,通用·规格条件,指南页,/guides/what-is-esim/ 规格表,38.9,,en,已覆盖
esim 5gb,通用·规则/规格,通用·规格条件,指南页,/guides/what-is-esim/ 规格表,38.9,,en,已覆盖
esim data plan free trial,通用·规则/规格,通用·规格条件,指南页,/guides/what-is-esim/ 规格表,38.9,,en,已覆盖
esim data plan only,通用·规则/规格,通用·规格条件,指南页,/guides/what-is-esim/ 规格表,38.9,,en,已覆盖
esim free trial 30 days,通用·规则/规格,通用·规格条件,指南页,/guides/what-is-esim/ 规格表,38.9,,en,已覆盖
esim hotspot geben,通用·规则/规格,通用·规格条件,指南页,/guides/what-is-esim/ 规格表,38.9,,en,已覆盖
esim schweiz unlimited,通用·规则/规格,通用·规格条件,指南页,/guides/what-is-esim/ 规格表,38.9,,en,已覆盖
esim sms free,通用·规则/规格,通用·规格条件,指南页,/guides/what-is-esim/ 规格表,38.9,,en,已覆盖
esim sms kommen nicht an 1&1,通用·规则/规格,通用·规格条件,指南页,/guides/what-is-esim/ 规格表,38.9,,en,已覆盖
esim top up vodafone,通用·规则/规格,通用·规格条件,指南页,/guides/what-is-esim/ 规格表,38.9,,en,已覆盖
esim turkey sms,通用·规则/规格,通用·规格条件,指南页,/guides/what-is-esim/ 规格表,38.9,,en,已覆盖
esim with phone number turkey,通用·规则/规格,通用·规格条件,指南页,/guides/what-is-esim/ 规格表,38.9,,en,已覆盖
turkey esim unlimited hotspot,通用·规则/规格,通用·规格条件,指南页,/guides/what-is-esim/ 规格表,38.9,,en,已覆盖
unlimited data esim italia,通用·规则/规格,通用·规格条件,指南页,/guides/what-is-esim/ 规格表,38.9,,en,已覆盖
unlimited esim sofort,通用·规则/规格,通用·规格条件,指南页,/guides/what-is-esim/ 规格表,38.9,,en,已覆盖
greek esim unlimited data,通用·规则/规格,通用·规格条件,指南页,/guides/what-is-esim/ 规格表,37.9,,en,已覆盖
spanish esim unlimited data,通用·规则/规格,通用·规格条件,指南页,/guides/what-is-esim/ 规格表,37.9,,en,已覆盖
best esim plans for.new zealand,通用·规则/规格,通用·规格条件,指南页,/guides/what-is-esim/ 规格表,37.0,,en,已覆盖
how to get esim with japanese phone number,通用·规则/规格,通用·规格条件,指南页,/guides/what-is-esim/ 规格表,37.0,,en,已覆盖
esim österreich unlimited datenvolumen,通用·规则/规格,通用·规格条件,指南页,/guides/what-is-esim/ 规格表,36.5,,en,已覆盖
turkey esim unlimited internet,通用·规则/规格,通用·规格条件,指南页,/guides/what-is-esim/ 规格表,36.5,,en,已覆盖
unlimited canadian esim,通用·规则/规格,通用·规格条件,指南页,/guides/what-is-esim/ 规格表,36.5,,en,已覆盖
unlimited esim turkey,通用·规则/规格,通用·规格条件,指南页,/guides/what-is-esim/ 规格表,36.5,,en,已覆盖
au unlimited esim,通用·规则/规格,通用·规格条件,指南页,/guides/what-is-esim/ 规格表,35.1,,en,已覆盖
esim america unlimited,通用·规则/规格,通用·规格条件,指南页,/guides/what-is-esim/ 规格表,35.1,,en,已覆盖
esim data plan reddit,通用·规则/规格,通用·规格条件,指南页,/guides/what-is-esim/ 规格表,35.1,,en,已覆盖
esim for turkey unlimited,通用·规则/规格,通用·规格条件,指南页,/guides/what-is-esim/ 规格表,35.1,,en,已覆盖
esim for turkey unlimited data,通用·规则/规格,通用·规格条件,指南页,/guides/what-is-esim/ 规格表,35.1,,en,已覆盖
esim hotspot funktioniert nicht,通用·规则/规格,通用·规格条件,指南页,/guides/what-is-esim/ 规格表,35.1,,de,已覆盖
esim plans telstra,通用·规则/规格,通用·规格条件,指南页,/guides/what-is-esim/ 规格表,35.1,,en,已覆盖
esim saudi arabien unlimited,通用·规则/规格,通用·规格条件,指南页,/guides/what-is-esim/ 规格表,35.1,,en,已覆盖
esim sms kommt nicht an,通用·规则/规格,通用·规格条件,指南页,/guides/what-is-esim/ 规格表,35.1,,en,已覆盖
esim sms receive,通用·规则/规格,通用·规格条件,指南页,/guides/what-is-esim/ 规格表,35.1,,en,已覆盖
esim top up online,通用·规则/规格,通用·规格条件,指南页,/guides/what-is-esim/ 规格表,35.1,,en,已覆盖
esim turkey with phone number,通用·规则/规格,通用·规格条件,指南页,/guides/what-is-esim/ 规格表,35.1,,en,已覆盖
indian esim unlimited data,通用·规则/规格,通用·规格条件,指南页,/guides/what-is-esim/ 规格表,35.1,,en,已覆盖
korean esim unlimited,通用·规则/规格,通用·规格条件,指南页,/guides/what-is-esim/ 规格表,35.1,,en,已覆盖
schweiz esim unlimited,通用·规则/规格,通用·规格条件,指南页,/guides/what-is-esim/ 规格表,35.1,,en,已覆盖
travel esim with voice calls,通用·规则/规格,通用·规格条件,指南页,/guides/what-is-esim/ 规格表,35.1,,en,已覆盖
unlimited data turkish esim,通用·规则/规格,通用·规格条件,指南页,/guides/what-is-esim/ 规格表,35.1,,en,已覆盖
french esim unlimited,通用·规则/规格,通用·规格条件,指南页,/guides/what-is-esim/ 规格表,34.6,,en,已覆盖
spanish esim unlimited,通用·规则/规格,通用·规格条件,指南页,/guides/what-is-esim/ 规格表,34.6,,en,已覆盖
best esim for turkey unlimited data reddit,通用·规则/规格,通用·规格条件,指南页,/guides/what-is-esim/ 规格表,34.1,,en,已覆盖
esim schweiz unlimited data,通用·规则/规格,通用·规格条件,指南页,/guides/what-is-esim/ 规格表,34.1,,en,已覆盖
esim 5gb free,通用·规则/规格,通用·规格条件,指南页,/guides/what-is-esim/ 规格表,33.2,,en,已覆盖
esim turkey 7 days,通用·规则/规格,通用·规格条件,指南页,/guides/what-is-esim/ 规格表,33.2,,en,已覆盖
esim turkey unlimited internet,通用·规则/规格,通用·规格条件,指南页,/guides/what-is-esim/ 规格表,33.2,,en,已覆盖
turkey esim unlimited data reddit,通用·规则/规格,通用·规格条件,指南页,/guides/what-is-esim/ 规格表,32.8,,en,已覆盖
esim turkey unlimited data and calls,通用·规则/规格,通用·规格条件,指南页,/guides/what-is-esim/ 规格表,31.8,,en,已覆盖
esim 1 month unlimited,通用·规则/规格,通用·规格条件,指南页,/guides/what-is-esim/ 规格表,31.4,,en,已覆盖
esim data only 365 days,通用·规则/规格,通用·规格条件,指南页,/guides/what-is-esim/ 规格表,31.4,,en,已覆盖
esim georgien unlimited,通用·规则/规格,通用·规格条件,指南页,/guides/what-is-esim/ 规格表,31.4,,en,已覆盖
esim hotspot 5g,通用·规则/规格,通用·规格条件,指南页,/guides/what-is-esim/ 规格表,31.4,,en,已覆盖
esim prepaid 365 days,通用·规则/规格,通用·规格条件,指南页,/guides/what-is-esim/ 规格表,31.4,,en,已覆盖
esim prepaid sofort unlimited,通用·规则/规格,通用·规格条件,指南页,/guides/what-is-esim/ 规格表,31.4,,en,已覆盖
esim sms not working jio,通用·规则/规格,通用·规格条件,指南页,/guides/what-is-esim/ 规格表,31.4,,en,已覆盖
esim top up not working,通用·规则/规格,通用·规格条件,指南页,/guides/what-is-esim/ 规格表,31.4,,en,已覆盖
how to get an esim with chinese phone number,通用·规则/规格,通用·规格条件,指南页,/guides/what-is-esim/ 规格表,31.4,,en,已覆盖
how to get esim with korean phone number,通用·规则/规格,通用·规格条件,指南页,/guides/what-is-esim/ 规格表,31.4,,en,已覆盖
maroc telecom esim unlimited data,通用·规则/规格,通用·规格条件,指南页,/guides/what-is-esim/ 规格表,31.4,,en,已覆盖
unlimited data spanish esim,通用·规则/规格,通用·规格条件,指南页,/guides/what-is-esim/ 规格表,31.4,,en,已覆盖
unlimited internet sim plans,通用·规则/规格,通用·规格条件,指南页,/guides/what-is-esim/ 规格表,31.4,,en,已覆盖
turkey esim unlimited data 10 days,通用·规则/规格,通用·规格条件,指南页,/guides/what-is-esim/ 规格表,30.4,,en,已覆盖
unlimited esim data,通用·规则/规格,通用·规格条件,指南页,/guides/what-is-esim/ 规格表,29.5,,en,已覆盖
esim schweiz unlimited prepaid,通用·规则/规格,通用·规格条件,指南页,/guides/what-is-esim/ 规格表,29.0,,en,已覆盖
best esim for voice calls,通用·规则/规格,通用·规格条件,指南页,/guides/what-is-esim/ 规格表,27.6,,en,已覆盖
esim 5g unlimited,通用·规则/规格,通用·规格条件,指南页,/guides/what-is-esim/ 规格表,27.6,,en,已覆盖
esim katar 7 days,通用·规则/规格,通用·规格条件,指南页,/guides/what-is-esim/ 规格表,27.6,,en,已覆盖
esim plans vodafone,通用·规则/规格,通用·规格条件,指南页,/guides/what-is-esim/ 规格表,27.6,,en,已覆盖
esim prepaid plans 365 days,通用·规则/规格,通用·规格条件,指南页,/guides/what-is-esim/ 规格表,27.6,,en,已覆盖
esim top up meaning,通用·规则/规格,通用·规格条件,指南页,/guides/what-is-esim/ 规格表,27.6,,en,已覆盖
esim turkey for 3 days,通用·规则/规格,通用·规格条件,指南页,/guides/what-is-esim/ 规格表,27.6,,en,已覆盖
esim turkey unlimited data 7 days,通用·规则/规格,通用·规格条件,指南页,/guides/what-is-esim/ 规格表,27.6,,en,已覆盖
esim with phone number and data,通用·规则/规格,通用·规格条件,指南页,/guides/what-is-esim/ 规格表,27.6,,en,已覆盖
orange top up esim,通用·规则/规格,通用·规格条件,指南页,/guides/what-is-esim/ 规格表,27.6,,en,已覆盖
travel esim with phone number,通用·规则/规格,通用·规格条件,指南页,/guides/what-is-esim/ 规格表,27.6,,en,已覆盖
unlimited data japanese esim,通用·规则/规格,通用·规格条件,指南页,/guides/what-is-esim/ 规格表,27.6,,en,已覆盖
unlimited esim plans,通用·规则/规格,通用·规格条件,指南页,/guides/what-is-esim/ 规格表,27.6,,en,已覆盖
esim turkey unlimited data reddit,通用·规则/规格,通用·规格条件,指南页,/guides/what-is-esim/ 规格表,25.2,,en,已覆盖
esim united kingdom unlimited data,通用·规则/规格,通用·规格条件,指南页,/guides/what-is-esim/ 规格表,25.2,,en,已覆盖
albania esim 3 days,通用·规则/规格,通用·规格条件,指南页,/guides/what-is-esim/ 规格表,23.9,,en,已覆盖
esim for america unlimited data,通用·规则/规格,通用·规格条件,指南页,/guides/what-is-esim/ 规格表,23.9,,en,已覆盖
esim hotspot free trial,通用·规则/规格,通用·规格条件,指南页,/guides/what-is-esim/ 规格表,23.9,,en,已覆盖
esim korean phone number,通用·规则/规格,通用·规格条件,指南页,/guides/what-is-esim/ 规格表,23.9,,en,已覆盖
esim plans with call and text services,通用·规则/规格,通用·规格条件,指南页,/guides/what-is-esim/ 规格表,23.9,,en,已覆盖
esim sms jio,通用·规则/规格,通用·规格条件,指南页,/guides/what-is-esim/ 规格表,23.9,,en,已覆盖
esim sms problem,通用·规则/规格,通用·规格条件,指南页,/guides/what-is-esim/ 规格表,23.9,,en,已覆盖
esim with phone number free trial,通用·规则/规格,通用·规格条件,指南页,/guides/what-is-esim/ 规格表,23.9,,en,已覆盖
how to top up lyca esim,通用·规则/规格,通用·规格条件,指南页,/guides/what-is-esim/ 规格表,23.9,,en,已覆盖
unlimited esim data plan,通用·规则/规格,通用·规格条件,指南页,/guides/what-is-esim/ 规格表,23.9,,en,已覆盖
unlimited esim deutschland,通用·规则/规格,通用·规格条件,指南页,/guides/what-is-esim/ 规格表,23.9,,en,已覆盖
chinese esim unlimited,通用·规则/规格,通用·规格条件,指南页,/guides/what-is-esim/ 规格表,21.5,,en,已覆盖
esim turkey unlimited data maya,通用·规则/规格,通用·规格条件,指南页,/guides/what-is-esim/ 规格表,20.5,,en,已覆盖
america esim with phone number,通用·规则/规格,通用·规格条件,指南页,/guides/what-is-esim/ 规格表,20.1,,en,已覆盖
best esim for 3 days,通用·规则/规格,通用·规格条件,指南页,/guides/what-is-esim/ 规格表,20.1,,en,已覆盖
best esim turkey unlimited data,通用·规则/规格,通用·规格条件,指南页,/guides/what-is-esim/ 规格表,20.1,,en,已覆盖
esim 5g hotspot,通用·规则/规格,通用·规格条件,指南页,/guides/what-is-esim/ 规格表,20.1,,en,已覆盖
esim free trial with hotspot,通用·规则/规格,通用·规格条件,指南页,/guides/what-is-esim/ 规格表,20.1,,en,已覆盖
esim hotspot router,通用·规则/规格,通用·规格条件,指南页,/guides/what-is-esim/ 规格表,20.1,,en,已覆盖
esim no contract unlimited data,通用·规则/规格,通用·规格条件,指南页,/guides/what-is-esim/ 规格表,20.1,,en,已覆盖
esim sms airtel,通用·规则/规格,通用·规格条件,指南页,/guides/what-is-esim/ 规格表,20.1,,en,已覆盖
revolut esim voice calls,通用·规则/规格,通用·规格条件,指南页,/guides/what-is-esim/ 规格表,20.1,,en,已覆盖
rogers esim plans,通用·规则/规格,通用·规格条件,指南页,/guides/what-is-esim/ 规格表,20.1,,en,已覆盖
three top up esim,通用·规则/规格,通用·规格条件,指南页,/guides/what-is-esim/ 规格表,20.1,,en,已覆盖
unlimited esim free trial,通用·规则/规格,通用·规格条件,指南页,/guides/what-is-esim/ 规格表,20.1,,en,已覆盖
best esim for america unlimited data,通用·规则/规格,通用·规格条件,指南页,/guides/what-is-esim/ 规格表,16.4,,en,已覆盖
esim 4gb,通用·规则/规格,通用·规格条件,指南页,/guides/what-is-esim/ 规格表,16.4,,en,已覆盖
esim american phone number,通用·规则/规格,通用·规格条件,指南页,/guides/what-is-esim/ 规格表,16.4,,en,已覆盖
esim hotspot unlimited,通用·规则/规格,通用·规格条件,指南页,/guides/what-is-esim/ 规格表,16.4,,en,已覆盖
esim plans with unlimited hotspot,通用·规则/规格,通用·规格条件,指南页,/guides/what-is-esim/ 规格表,16.4,,en,已覆盖
esim sms only,通用·规则/规格,通用·规格条件,指南页,/guides/what-is-esim/ 规格表,16.4,,en,已覆盖
esim top up digicel,通用·规则/规格,通用·规格条件,指南页,/guides/what-is-esim/ 规格表,16.4,,en,已覆盖
travel esim turkey unlimited data,通用·规则/规格,通用·规格条件,指南页,/guides/what-is-esim/ 规格表,16.4,,en,已覆盖
ukraine esim unlimited data,通用·规则/规格,通用·规格条件,指南页,/guides/what-is-esim/ 规格表,16.4,,en,已覆盖
unlimited data esim united kingdom,通用·规则/规格,通用·规格条件,指南页,/guides/what-is-esim/ 规格表,16.4,,en,已覆盖
esim iphone how many,通用·设备兼容,通用·设备兼容,/guides/esim-compatibility-check/,正文 + 机型清单,88.8,,en,已覆盖
esim iphone,通用·设备兼容,通用·设备兼容,/guides/esim-compatibility-check/,正文 + 机型清单,63.9,,en,已覆盖
countries that support esim iphone,通用·设备兼容,通用·设备兼容,/guides/esim-compatibility-check/,正文 + 机型清单,61.2,,en,已覆盖
how to get esim for iphone,通用·设备兼容,通用·设备兼容,/guides/esim-compatibility-check/,正文 + 机型清单,58.5,,en,已覆盖
can you use esim only,通用·设备兼容,通用·设备兼容,/guides/esim-compatibility-check/,正文 + 机型清单,54.0,,en,已覆盖
where to buy esim for iphone,通用·设备兼容,通用·设备兼容,/guides/esim-compatibility-check/,正文 + 机型清单,49.2,,en,已覆盖
esim not working iphone 12,通用·设备兼容,通用·设备兼容,/guides/esim-compatibility-check/,正文 + 机型清单,46.8,,en,已覆盖
esim esim iphone,通用·设备兼容,通用·设备兼容,/guides/esim-compatibility-check/,正文 + 机型清单,46.4,,en,已覆盖
esim for android phone,通用·设备兼容,通用·设备兼容,/guides/esim-compatibility-check/,正文 + 机型清单,46.4,,en,已覆盖
esim for kids apple watch,通用·设备兼容,通用·设备兼容,/guides/esim-compatibility-check/,正文 + 机型清单,46.4,,en,已覆盖
esim iphone kanada,通用·设备兼容,通用·设备兼容,/guides/esim-compatibility-check/,正文 + 机型清单,46.4,,en,已覆盖
esim iphone türkei,通用·设备兼容,通用·设备兼容,/guides/esim-compatibility-check/,正文 + 机型清单,46.4,,en,已覆盖
esim kenia iphone,通用·设备兼容,通用·设备兼容,/guides/esim-compatibility-check/,正文 + 机型清单,46.4,,en,已覆盖
esim mexiko iphone,通用·设备兼容,通用·设备兼容,/guides/esim-compatibility-check/,正文 + 机型清单,46.4,,en,已覆盖
french esim for.iphone,通用·设备兼容,通用·设备兼容,/guides/esim-compatibility-check/,正文 + 机型清单,46.4,,en,已覆盖
how to activate esim on iphone,通用·设备兼容,通用·设备兼容,/guides/esim-compatibility-check/,正文 + 机型清单,46.4,,en,已覆盖
how to install esim on iphone,通用·设备兼容,通用·设备兼容,/guides/esim-compatibility-check/,正文 + 机型清单,46.4,,en,已覆盖
esim toevoegen iphone,通用·设备兼容,通用·设备兼容,/guides/esim-compatibility-check/,正文 + 机型清单,44.9,,en,已覆盖
esim turkey iphone 15,通用·设备兼容,通用·设备兼容,/guides/esim-compatibility-check/,正文 + 机型清单,44.5,,en,已覆盖
what is an esim iphone,通用·设备兼容,通用·设备兼容,/guides/esim-compatibility-check/,正文 + 机型清单,44.5,,en,已覆盖
does apple watch se have esim,通用·设备兼容,通用·设备兼容,/guides/esim-compatibility-check/,正文 + 机型清单,44.0,,en,已覆盖
apple watch esim qr code,通用·设备兼容,通用·设备兼容,/guides/esim-compatibility-check/,正文 + 机型清单,42.6,,en,已覆盖
change to esim iphone,通用·设备兼容,通用·设备兼容,/guides/esim-compatibility-check/,正文 + 机型清单,42.6,,en,已覆盖
change to esim on iphone,通用·设备兼容,通用·设备兼容,/guides/esim-compatibility-check/,正文 + 机型清单,42.6,,en,已覆盖
does iphone 12 has esim,通用·设备兼容,通用·设备兼容,/guides/esim-compatibility-check/,正文 + 机型清单,42.6,,en,已覆盖
esim compatible phones samsung,通用·设备兼容,通用·设备兼容,/guides/esim-compatibility-check/,正文 + 机型清单,42.6,,en,已覆盖
esim for android tablet,通用·设备兼容,通用·设备兼容,/guides/esim-compatibility-check/,正文 + 机型清单,42.6,,en,已覆盖
esim for iphone 11,通用·设备兼容,通用·设备兼容,/guides/esim-compatibility-check/,正文 + 机型清单,42.6,,en,已覆盖
esim for iphone 13,通用·设备兼容,通用·设备兼容,/guides/esim-compatibility-check/,正文 + 机型清单,42.6,,en,已覆盖
how to activate esim on android,通用·设备兼容,通用·设备兼容,/guides/esim-compatibility-check/,正文 + 机型清单,42.6,,en,已覆盖
how to get an esim for apple watch,通用·设备兼容,通用·设备兼容,/guides/esim-compatibility-check/,正文 + 机型清单,42.6,,en,已覆盖
how to install esim on android,通用·设备兼容,通用·设备兼容,/guides/esim-compatibility-check/,正文 + 机型清单,42.6,,en,已覆盖
korean esim for iphone,通用·设备兼容,通用·设备兼容,/guides/esim-compatibility-check/,正文 + 机型清单,42.6,,en,已覆盖
spanish esim for iphone,通用·设备兼容,通用·设备兼容,/guides/esim-compatibility-check/,正文 + 机型清单,42.6,,en,已覆盖
do i need esim for apple watch,通用·设备兼容,通用·设备兼容,/guides/esim-compatibility-check/,正文 + 机型清单,42.0,,en,已覆盖
esim activeren iphone,通用·设备兼容,通用·设备兼容,/guides/esim-compatibility-check/,正文 + 机型清单,41.6,,en,已覆盖
iphone esim country list,通用·设备兼容,通用·设备兼容,/guides/esim-compatibility-check/,正文 + 机型清单,41.6,,en,已覆盖
esim not working on iphone,通用·设备兼容,通用·设备兼容,/guides/esim-compatibility-check/,正文 + 机型清单,41.0,,en,已覆盖
best esim for turkey iphone,通用·设备兼容,通用·设备兼容,/guides/esim-compatibility-check/,正文 + 机型清单,40.8,,en,已覆盖
where to put esim in iphone,通用·设备兼容,通用·设备兼容,/guides/esim-compatibility-check/,正文 + 机型清单,40.6,,en,已覆盖
does my iphone support esim,通用·设备兼容,通用·设备兼容,/guides/esim-compatibility-check/,正文 + 机型清单,40.1,,en,已覆盖
can i use esim in ipad,通用·设备兼容,通用·设备兼容,/guides/esim-compatibility-check/,正文 + 机型清单,39.2,,en,已覆盖
concept of esim in iphone,通用·设备兼容,通用·设备兼容,/guides/esim-compatibility-check/,正文 + 机型清单,39.1,,en,已覆盖
does ipad mini have esim,通用·设备兼容,通用·设备兼容,/guides/esim-compatibility-check/,正文 + 机型清单,38.9,,en,已覆盖
does iphone 8 have a esim,通用·设备兼容,通用·设备兼容,/guides/esim-compatibility-check/,正文 + 机型清单,38.9,,en,已覆盖
esim compatible phones iphone,通用·设备兼容,通用·设备兼容,/guides/esim-compatibility-check/,正文 + 机型清单,38.9,,en,已覆盖
esim compatible phones officeworks,通用·设备兼容,通用·设备兼容,/guides/esim-compatibility-check/,正文 + 机型清单,38.9,,en,已覆盖
esim esim iphone 17 pro max,通用·设备兼容,通用·设备兼容,/guides/esim-compatibility-check/,正文 + 机型清单,38.9,,en,已覆盖
esim for android samsung,通用·设备兼容,通用·设备兼容,/guides/esim-compatibility-check/,正文 + 机型清单,38.9,,en,已覆盖
esim for chinese iphone,通用·设备兼容,通用·设备兼容,/guides/esim-compatibility-check/,正文 + 机型清单,38.9,,en,已覆盖
esim for family apple watch,通用·设备兼容,通用·设备兼容,/guides/esim-compatibility-check/,正文 + 机型清单,38.9,,en,已覆盖
esim for iphone 17,通用·设备兼容,通用·设备兼容,/guides/esim-compatibility-check/,正文 + 机型清单,38.9,,en,已覆盖
esim for kids watch,通用·设备兼容,通用·设备兼容,/guides/esim-compatibility-check/,正文 + 机型清单,38.9,,en,已覆盖
esim italia iphone,通用·设备兼容,通用·设备兼容,/guides/esim-compatibility-check/,正文 + 机型清单,38.9,,en,已覆盖
esim kanada iphone 12,通用·设备兼容,通用·设备兼容,/guides/esim-compatibility-check/,正文 + 机型清单,38.9,,en,已覆盖
how to activate esim in iphone 13,通用·设备兼容,通用·设备兼容,/guides/esim-compatibility-check/,正文 + 机型清单,38.9,,en,已覆盖
how to install esim on samsung,通用·设备兼容,通用·设备兼容,/guides/esim-compatibility-check/,正文 + 机型清单,38.9,,en,已覆盖
iphone esim transfer not supported,通用·设备兼容,通用·设备兼容,/guides/esim-compatibility-check/,正文 + 机型清单,38.9,,en,已覆盖
is there esim in iphone xr,通用·设备兼容,通用·设备兼容,/guides/esim-compatibility-check/,正文 + 机型清单,38.9,,en,已覆盖
what is an esim on iphone,通用·设备兼容,通用·设备兼容,/guides/esim-compatibility-check/,正文 + 机型清单,38.9,,en,已覆盖
what is esim in iphone,通用·设备兼容,通用·设备兼容,/guides/esim-compatibility-check/,正文 + 机型清单,38.9,,en,已覆盖
which apple watch support esim,通用·设备兼容,通用·设备兼容,/guides/esim-compatibility-check/,正文 + 机型清单,38.9,,en,已覆盖
which huawei phone support esim,通用·设备兼容,通用·设备兼容,/guides/esim-compatibility-check/,正文 + 机型清单,38.9,,en,已覆盖
does dual sim iphone support esim,通用·设备兼容,通用·设备兼容,/guides/esim-compatibility-check/,正文 + 机型清单,38.6,,en,已覆盖
does ipad has esim,通用·设备兼容,通用·设备兼容,/guides/esim-compatibility-check/,正文 + 机型清单,37.9,,en,已覆盖
esim activate iphone,通用·设备兼容,通用·设备兼容,/guides/esim-compatibility-check/,正文 + 机型清单,37.9,,en,已覆盖
how many esim can be used in iphone xr,通用·设备兼容,通用·设备兼容,/guides/esim-compatibility-check/,正文 + 机型清单,37.9,,en,已覆盖
does rogers support esim for iphone,通用·设备兼容,通用·设备兼容,/guides/esim-compatibility-check/,正文 + 机型清单,37.4,,en,已覆盖
how many esim can you have on iphone,通用·设备兼容,通用·设备兼容,/guides/esim-compatibility-check/,正文 + 机型清单,37.4,,en,已覆盖
cheapest esim watch,通用·设备兼容,通用·设备兼容,/guides/esim-compatibility-check/,正文 + 机型清单,36.9,,en,已覆盖
esim compatible watches,通用·设备兼容,通用·设备兼容,/guides/esim-compatibility-check/,正文 + 机型清单,36.5,,en,已覆盖
what is the esim in iphone,通用·设备兼容,通用·设备兼容,/guides/esim-compatibility-check/,正文 + 机型清单,35.5,,en,已覆盖
activate esim iphone 14,通用·设备兼容,通用·设备兼容,/guides/esim-compatibility-check/,正文 + 机型清单,35.1,,en,已覆盖
disadvantages of esim in iphone,通用·设备兼容,通用·设备兼容,/guides/esim-compatibility-check/,正文 + 机型清单,35.1,,en,已覆盖
do ipad have esim,通用·设备兼容,通用·设备兼容,/guides/esim-compatibility-check/,正文 + 机型清单,35.1,,en,已覆盖
does iphone 6s support esim,通用·设备兼容,通用·设备兼容,/guides/esim-compatibility-check/,正文 + 机型清单,35.1,,en,已覆盖
esim compatible iphones,通用·设备兼容,通用·设备兼容,/guides/esim-compatibility-check/,正文 + 机型清单,35.1,,en,已覆盖
esim compatible phones optus,通用·设备兼容,通用·设备兼容,/guides/esim-compatibility-check/,正文 + 机型清单,35.1,,en,已覆盖
esim enabled samsung phones,通用·设备兼容,通用·设备兼容,/guides/esim-compatibility-check/,正文 + 机型清单,35.1,,en,已覆盖
esim for iphone 17 pro max,通用·设备兼容,通用·设备兼容,/guides/esim-compatibility-check/,正文 + 机型清单,35.1,,en,已覆盖
esim hotspot iphone,通用·设备兼容,通用·设备兼容,/guides/esim-compatibility-check/,正文 + 机型清单,35.1,,en,已覆盖
esim kanada iphone 14,通用·设备兼容,通用·设备兼容,/guides/esim-compatibility-check/,正文 + 机型清单,35.1,,en,已覆盖
esim maroc iphone,通用·设备兼容,通用·设备兼容,/guides/esim-compatibility-check/,正文 + 机型清单,35.1,,en,已覆盖
esim not working on iphone 11,通用·设备兼容,通用·设备兼容,/guides/esim-compatibility-check/,正文 + 机型清单,35.1,,en,已覆盖
esim settings in iphone,通用·设备兼容,通用·设备兼容,/guides/esim-compatibility-check/,正文 + 机型清单,35.1,,en,已覆盖
how to activate esim on iphone 17,通用·设备兼容,通用·设备兼容,/guides/esim-compatibility-check/,正文 + 机型清单,35.1,,en,已覆盖
how to activate esim on samsung,通用·设备兼容,通用·设备兼容,/guides/esim-compatibility-check/,正文 + 机型清单,35.1,,en,已覆盖
samsung devices that support esim,通用·设备兼容,通用·设备兼容,/guides/esim-compatibility-check/,正文 + 机型清单,35.1,,en,已覆盖
which apple watch has esim,通用·设备兼容,通用·设备兼容,/guides/esim-compatibility-check/,正文 + 机型清单,35.1,,en,已覆盖
does ipad use esim,通用·设备兼容,通用·设备兼容,/guides/esim-compatibility-check/,正文 + 机型清单,34.6,,en,已覆盖
esim ausland iphone,通用·设备兼容,通用·设备兼容,/guides/esim-compatibility-check/,正文 + 机型清单,34.6,,en,已覆盖
esim iphone set up,通用·设备兼容,通用·设备兼容,/guides/esim-compatibility-check/,正文 + 机型清单,34.1,,en,已覆盖
esim supported iphone models,通用·设备兼容,通用·设备兼容,/guides/esim-compatibility-check/,正文 + 机型清单,33.6,,en,已覆盖
best esim for turkey unlimited data iphone,通用·设备兼容,通用·设备兼容,/guides/esim-compatibility-check/,正文 + 机型清单,33.2,,en,已覆盖
esim compatible phones check,通用·设备兼容,通用·设备兼容,/guides/esim-compatibility-check/,正文 + 机型清单,33.2,,en,已覆盖
does iphone 12 pro support esim,通用·设备兼容,通用·设备兼容,/guides/esim-compatibility-check/,正文 + 机型清单,32.8,,en,已覆盖
can iphone use esim,通用·设备兼容,通用·设备兼容,/guides/esim-compatibility-check/,正文 + 机型清单,31.8,,en,已覆盖
activate esim for iphone,通用·设备兼容,通用·设备兼容,/guides/esim-compatibility-check/,正文 + 机型清单,31.4,,en,已覆盖
best esim for british virgin islands iphone,通用·设备兼容,通用·设备兼容,/guides/esim-compatibility-check/,正文 + 机型清单,31.4,,en,已覆盖
does verizon support esim on iphone,通用·设备兼容,通用·设备兼容,/guides/esim-compatibility-check/,正文 + 机型清单,31.4,,en,已覆盖
esim compatible phones unlocked,通用·设备兼容,通用·设备兼容,/guides/esim-compatibility-check/,正文 + 机型清单,31.4,,en,已覆盖
esim for iphone 15,通用·设备兼容,通用·设备兼容,/guides/esim-compatibility-check/,正文 + 机型清单,31.4,,en,已覆盖
esim for kids smart watch,通用·设备兼容,通用·设备兼容,/guides/esim-compatibility-check/,正文 + 机型清单,31.4,,en,已覆盖
esim free trial android,通用·设备兼容,通用·设备兼容,/guides/esim-compatibility-check/,正文 + 机型清单,31.4,,en,已覆盖
esim location iphone,通用·设备兼容,通用·设备兼容,/guides/esim-compatibility-check/,正文 + 机型清单,31.4,,en,已覆盖
esim maroc iphone 16,通用·设备兼容,通用·设备兼容,/guides/esim-compatibility-check/,正文 + 机型清单,31.4,,en,已覆盖
esim sms empfangen iphone,通用·设备兼容,通用·设备兼容,/guides/esim-compatibility-check/,正文 + 机型清单,31.4,,de,已覆盖
esim sms not working android,通用·设备兼容,通用·设备兼容,/guides/esim-compatibility-check/,正文 + 机型清单,31.4,,en,已覆盖
how to activate esim on samsung phone,通用·设备兼容,通用·设备兼容,/guides/esim-compatibility-check/,正文 + 机型清单,31.4,,en,已覆盖
how to install esim on iphone 17,通用·设备兼容,通用·设备兼容,/guides/esim-compatibility-check/,正文 + 机型清单,31.4,,en,已覆盖
how to install esim profile in iphone,通用·设备兼容,通用·设备兼容,/guides/esim-compatibility-check/,正文 + 机型清单,31.4,,en,已覆盖
is iphone 10 compatible with esim,通用·设备兼容,通用·设备兼容,/guides/esim-compatibility-check/,正文 + 机型清单,31.4,,en,已覆盖
which ipad models have esim,通用·设备兼容,通用·设备兼容,/guides/esim-compatibility-check/,正文 + 机型清单,31.4,,en,已覆盖
does iphone has esim,通用·设备兼容,通用·设备兼容,/guides/esim-compatibility-check/,正文 + 机型清单,30.9,,en,已覆盖
which iphone uses esim,通用·设备兼容,通用·设备兼容,/guides/esim-compatibility-check/,正文 + 机型清单,29.9,,en,已覆盖
esim compatible phones motorola,通用·设备兼容,通用·设备兼容,/guides/esim-compatibility-check/,正文 + 机型清单,29.5,,en,已覆盖
does iphone use esim,通用·设备兼容,通用·设备兼容,/guides/esim-compatibility-check/,正文 + 机型清单,29.0,,en,已覆盖
activate esim card iphone,通用·设备兼容,通用·设备兼容,/guides/esim-compatibility-check/,正文 + 机型清单,27.6,,en,已覆盖
cheapest esim phone unlocked,通用·设备兼容,通用·设备兼容,/guides/esim-compatibility-check/,正文 + 机型清单,27.6,,en,已覆盖
esim esim iphone 17,通用·设备兼容,通用·设备兼容,/guides/esim-compatibility-check/,正文 + 机型清单,27.6,,en,已覆盖
esim for android free,通用·设备兼容,通用·设备兼容,/guides/esim-compatibility-check/,正文 + 机型清单,27.6,,en,已覆盖
esim for iphone 14,通用·设备兼容,通用·设备兼容,/guides/esim-compatibility-check/,正文 + 机型清单,27.6,,en,已覆盖
esim for kids iphone,通用·设备兼容,通用·设备兼容,/guides/esim-compatibility-check/,正文 + 机型清单,27.6,,en,已覆盖
esim hotspot funktioniert nicht iphone,通用·设备兼容,通用·设备兼容,/guides/esim-compatibility-check/,正文 + 机型清单,27.6,,de,已覆盖
esim hotspot not working iphone,通用·设备兼容,通用·设备兼容,/guides/esim-compatibility-check/,正文 + 机型清单,27.6,,en,已覆盖
esim maroc iphone 17,通用·设备兼容,通用·设备兼容,/guides/esim-compatibility-check/,正文 + 机型清单,27.6,,en,已覆盖
esim sms not working iphone,通用·设备兼容,通用·设备兼容,/guides/esim-compatibility-check/,正文 + 机型清单,27.6,,en,已覆盖
how to activate esim on iphone etisalat,通用·设备兼容,通用·设备兼容,/guides/esim-compatibility-check/,正文 + 机型清单,27.6,,en,已覆盖
how to install esim on iphone 13,通用·设备兼容,通用·设备兼容,/guides/esim-compatibility-check/,正文 + 机型清单,27.6,,en,已覆盖
what is an esim card for iphone,通用·设备兼容,通用·设备兼容,/guides/esim-compatibility-check/,正文 + 机型清单,27.6,,en,已覆盖
esim plans for ipad,通用·设备兼容,通用·设备兼容,/guides/esim-compatibility-check/,正文 + 机型清单,25.8,,en,已覆盖
how to activate esim on iphone 14,通用·设备兼容,通用·设备兼容,/guides/esim-compatibility-check/,正文 + 机型清单,25.8,,en,已覆盖
activate esim iphone 15,通用·设备兼容,通用·设备兼容,/guides/esim-compatibility-check/,正文 + 机型清单,23.9,,en,已覆盖
do iphone 11 support esim,通用·设备兼容,通用·设备兼容,/guides/esim-compatibility-check/,正文 + 机型清单,23.9,,en,已覆盖
ee apple watch esim cost,通用·设备兼容,通用·设备兼容,/guides/esim-compatibility-check/,正文 + 机型清单,23.9,,en,已覆盖
esim compatible phones xiaomi,通用·设备兼容,通用·设备兼容,/guides/esim-compatibility-check/,正文 + 机型清单,23.9,,en,已覆盖
esim data plans for ipad,通用·设备兼容,通用·设备兼容,/guides/esim-compatibility-check/,正文 + 机型清单,23.9,,en,已覆盖
esim for android emulator,通用·设备兼容,通用·设备兼容,/guides/esim-compatibility-check/,正文 + 机型清单,23.9,,en,已覆盖
esim for android free trial,通用·设备兼容,通用·设备兼容,/guides/esim-compatibility-check/,正文 + 机型清单,23.9,,en,已覆盖
esim for iphone 12,通用·设备兼容,通用·设备兼容,/guides/esim-compatibility-check/,正文 + 机型清单,23.9,,en,已覆盖
esim for iphone 15 pro max,通用·设备兼容,通用·设备兼容,/guides/esim-compatibility-check/,正文 + 机型清单,23.9,,en,已覆盖
esim number iphone,通用·设备兼容,通用·设备兼容,/guides/esim-compatibility-check/,正文 + 机型清单,23.9,,en,已覆盖
how to activate esim on iphone 13,通用·设备兼容,通用·设备兼容,/guides/esim-compatibility-check/,正文 + 机型清单,23.9,,en,已覆盖
how to install esim on apple watch,通用·设备兼容,通用·设备兼容,/guides/esim-compatibility-check/,正文 + 机型清单,23.9,,en,已覆盖
what is an esim on ipad,通用·设备兼容,通用·设备兼容,/guides/esim-compatibility-check/,正文 + 机型清单,23.9,,en,已覆盖
which iphone has esim,通用·设备兼容,通用·设备兼容,/guides/esim-compatibility-check/,正文 + 机型清单,23.9,,en,已覆盖
can iphone xr support esim,通用·设备兼容,通用·设备兼容,/guides/esim-compatibility-check/,正文 + 机型清单,21.5,,en,已覆盖
does telstra support esim for iphone,通用·设备兼容,通用·设备兼容,/guides/esim-compatibility-check/,正文 + 机型清单,21.5,,en,已覆盖
esim compatible phones in pakistan,通用·设备兼容,通用·设备兼容,/guides/esim-compatibility-check/,正文 + 机型清单,20.1,,en,已覆盖
esim compatible phones list,通用·设备兼容,通用·设备兼容,/guides/esim-compatibility-check/,正文 + 机型清单,20.1,,en,已覆盖
esim compatible phones oneplus,通用·设备兼容,通用·设备兼容,/guides/esim-compatibility-check/,正文 + 机型清单,20.1,,en,已覆盖
esim for android mobile,通用·设备兼容,通用·设备兼容,/guides/esim-compatibility-check/,正文 + 机型清单,20.1,,en,已覆盖
esim for android oppo,通用·设备兼容,通用·设备兼容,/guides/esim-compatibility-check/,正文 + 机型清单,20.1,,en,已覆盖
esim for android watch,通用·设备兼容,通用·设备兼容,/guides/esim-compatibility-check/,正文 + 机型清单,20.1,,en,已覆盖
esim for iphone 16,通用·设备兼容,通用·设备兼容,/guides/esim-compatibility-check/,正文 + 机型清单,20.1,,en,已覆盖
esim for iphone 8,通用·设备兼容,通用·设备兼容,/guides/esim-compatibility-check/,正文 + 机型清单,20.1,,en,已覆盖
esim for kids ipad,通用·设备兼容,通用·设备兼容,/guides/esim-compatibility-check/,正文 + 机型清单,20.1,,en,已覆盖
how to install esim on ipad,通用·设备兼容,通用·设备兼容,/guides/esim-compatibility-check/,正文 + 机型清单,20.1,,en,已覆盖
install esim iphone 17,通用·设备兼容,通用·设备兼容,/guides/esim-compatibility-check/,正文 + 机型清单,20.1,,en,已覆盖
iphone esim benefits,通用·设备兼容,通用·设备兼容,/guides/esim-compatibility-check/,正文 + 机型清单,20.1,,en,已覆盖
iphone yang support esim,通用·设备兼容,通用·设备兼容,/guides/esim-compatibility-check/,正文 + 机型清单,20.1,,en,已覆盖
what is an esim only iphone,通用·设备兼容,通用·设备兼容,/guides/esim-compatibility-check/,正文 + 机型清单,20.1,,en,已覆盖
esim no service iphone,通用·设备兼容,通用·设备兼容,/guides/esim-compatibility-check/,正文 + 机型清单,19.6,,en,已覆盖
how to activate esim on ipad,通用·设备兼容,通用·设备兼容,/guides/esim-compatibility-check/,正文 + 机型清单,18.2,,en,已覆盖
how to activate esim on iphone 15,通用·设备兼容,通用·设备兼容,/guides/esim-compatibility-check/,正文 + 机型清单,18.2,,en,已覆盖
activate esim ipad,通用·设备兼容,通用·设备兼容,/guides/esim-compatibility-check/,正文 + 机型清单,16.4,,en,已覆盖
esim compatible phones android,通用·设备兼容,通用·设备兼容,/guides/esim-compatibility-check/,正文 + 机型清单,16.4,,en,已覆盖
esim esim android,通用·设备兼容,通用·设备兼容,/guides/esim-compatibility-check/,正文 + 机型清单,16.4,,en,已覆盖
esim for android app,通用·设备兼容,通用·设备兼容,/guides/esim-compatibility-check/,正文 + 机型清单,16.4,,en,已覆盖
esim for iphone 17 pro,通用·设备兼容,通用·设备兼容,/guides/esim-compatibility-check/,正文 + 机型清单,16.4,,en,已覆盖
esim for iphone x,通用·设备兼容,通用·设备兼容,/guides/esim-compatibility-check/,正文 + 机型清单,16.4,,en,已覆盖
esim for iphone xs,通用·设备兼容,通用·设备兼容,/guides/esim-compatibility-check/,正文 + 机型清单,16.4,,en,已覆盖
how to install esim in iphone 15,通用·设备兼容,通用·设备兼容,/guides/esim-compatibility-check/,正文 + 机型清单,16.4,,en,已覆盖
how to install esim on iphone 14,通用·设备兼容,通用·设备兼容,/guides/esim-compatibility-check/,正文 + 机型清单,16.4,,en,已覆盖
how to install esim on new iphone,通用·设备兼容,通用·设备兼容,/guides/esim-compatibility-check/,正文 + 机型清单,16.4,,en,已覆盖
esim esim iphone 17 pro,通用·设备兼容,通用·设备兼容,/guides/esim-compatibility-check/,正文 + 机型清单,12.6,,en,已覆盖
esim explained,通用·其他,通用·通用问答,首页,首页 FAQ / 指南入口,85.0,0.0,en,已覆盖
best esim for turkey,通用·其他,通用·通用问答,首页,首页 FAQ / 指南入口,67.6,,en,已覆盖
esim review,通用·其他,通用·通用问答,首页,首页 FAQ / 指南入口,66.4,,en,已覆盖
esim country list,通用·其他,通用·通用问答,首页,首页 FAQ / 指南入口,65.4,,en,已覆盖
esim french number,通用·其他,通用·通用问答,首页,首页 FAQ / 指南入口,59.9,,en,已覆盖
esim near me,通用·其他,通用·通用问答,首页,首页 FAQ / 指南入口,56.5,,en,已覆盖
esim in settings,通用·其他,通用·通用问答,首页,首页 FAQ / 指南入口,53.4,,en,已覆盖
best esim app,通用·其他,通用·通用问答,首页,首页 FAQ / 指南入口,53.2,,en,已覆盖
esim spanish number,通用·其他,通用·通用问答,首页,首页 FAQ / 指南入口,52.0,,en,已覆盖
esim features,通用·其他,通用·通用问答,首页,首页 FAQ / 指南入口,51.6,,en,已覆盖
esim delhi airport,通用·其他,通用·通用问答,首页,首页 FAQ / 指南入口,49.1,,en,已覆盖
best esim for tel aviv,通用·其他,通用·通用问答,首页,首页 FAQ / 指南入口,47.8,,en,已覆盖
best esim for turkey 2026 reddit,通用·其他,通用·通用问答,首页,首页 FAQ / 指南入口,47.8,,en,已覆盖
esim for cruise ships,通用·其他,通用·通用问答,首页,首页 FAQ / 指南入口,47.8,,en,已覆盖
esim for norway sweden and denmark,通用·其他,通用·通用问答,首页,首页 FAQ / 指南入口,47.8,,en,已覆盖
esim việt nam,通用·其他,通用·通用问答,首页,首页 FAQ / 指南入口,47.8,,en,已覆盖
esim vergleich,通用·其他,通用·通用问答,首页,首页 FAQ / 指南入口,46.8,,en,已覆盖
america esim travel,通用·其他,通用·通用问答,首页,首页 FAQ / 指南入口,46.4,,en,已覆盖
backpacking esim,通用·其他,通用·通用问答,首页,首页 FAQ / 指南入口,46.4,,en,已覆盖
belgian e-sim card,通用·其他,通用·通用问答,首页,首页 FAQ / 指南入口,46.4,,en,已覆盖
best esim 2026 reddit,通用·其他,通用·通用问答,首页,首页 FAQ / 指南入口,46.4,,en,已覆盖
best esim coverage in turkey,通用·其他,通用·通用问答,首页,首页 FAQ / 指南入口,46.4,,en,已覆盖
best esim for british virgin islands,通用·其他,通用·通用问答,首页,首页 FAQ / 指南入口,46.4,,en,已覆盖
best esim for business travel,通用·其他,通用·通用问答,首页,首页 FAQ / 指南入口,46.4,,en,已覆盖
best esim for delhi,通用·其他,通用·通用问答,首页,首页 FAQ / 指南入口,46.4,,en,已覆盖
best esim for denmark and sweden,通用·其他,通用·通用问答,首页,首页 FAQ / 指南入口,46.4,,en,已覆盖
best esim for dubrovnik,通用·其他,通用·通用问答,首页,首页 FAQ / 指南入口,46.4,,en,已覆盖
best esim katar,通用·其他,通用·通用问答,首页,首页 FAQ / 指南入口,46.4,,en,已覆盖
british esim,通用·其他,通用·通用问答,首页,首页 FAQ / 指南入口,46.4,,en,已覆盖
canadian sim card for tourists,通用·其他,通用·通用问答,首页,首页 FAQ / 指南入口,46.4,,en,已覆盖
e sim brasil reddit,通用·其他,通用·通用问答,首页,首页 FAQ / 指南入口,46.4,,en,已覆盖
esim 4g router,通用·其他,通用·通用问答,首页,首页 FAQ / 指南入口,46.4,,en,已覆盖
esim 5g router,通用·其他,通用·通用问答,首页,首页 FAQ / 指南入口,46.4,,en,已覆盖
esim america travel,通用·其他,通用·通用问答,首页,首页 FAQ / 指南入口,46.4,,en,已覆盖
esim aus reddit,通用·其他,通用·通用问答,首页,首页 FAQ / 指南入口,46.4,,en,已覆盖
esim austrian airlines,通用·其他,通用·通用问答,首页,首页 FAQ / 指南入口,46.4,,en,已覆盖
esim coverage area,通用·其他,通用·通用问答,首页,首页 FAQ / 指南入口,46.4,,en,已覆盖
esim digital nomads,通用·其他,通用·通用问答,首页,首页 FAQ / 指南入口,46.4,,en,已覆盖
esim for digital nomads,通用·其他,通用·通用问答,首页,首页 FAQ / 指南入口,46.4,,en,已覆盖
esim for family mobile,通用·其他,通用·通用问答,首页,首页 FAQ / 指南入口,46.4,,en,已覆盖
esim for norway and sweden,通用·其他,通用·通用问答,首页,首页 FAQ / 指南入口,46.4,,en,已覆盖
esim for turkey reviews,通用·其他,通用·通用问答,首页,首页 FAQ / 指南入口,46.4,,en,已覆盖
esim georgien,通用·其他,通用·通用问答,首页,首页 FAQ / 指南入口,46.4,,en,已覆盖
esim hrvatska reddit,通用·其他,通用·通用问答,首页,首页 FAQ / 指南入口,46.4,,en,已覆盖
esim hrvatska tourist,通用·其他,通用·通用问答,首页,首页 FAQ / 指南入口,46.4,,en,已覆盖
esim icelandair,通用·其他,通用·通用问答,首页,首页 FAQ / 指南入口,46.4,,en,已覆盖
esim incheon airport,通用·其他,通用·通用问答,首页,首页 FAQ / 指南入口,46.4,,en,已覆盖
esim italia reddit,通用·其他,通用·通用问答,首页,首页 FAQ / 指南入口,46.4,,en,已覆盖
esim low latency,通用·其他,通用·通用问答,首页,首页 FAQ / 指南入口,46.4,,en,已覆盖
esim maroc tourist,通用·其他,通用·通用问答,首页,首页 FAQ / 指南入口,46.4,,en,已覆盖
esim mexiko,通用·其他,通用·通用问答,首页,首页 FAQ / 指南入口,46.4,,en,已覆盖
esim nadi airport,通用·其他,通用·通用问答,首页,首页 FAQ / 指南入口,46.4,,en,已覆盖
esim nederland reddit,通用·其他,通用·通用问答,首页,首页 FAQ / 指南入口,46.4,,en,已覆盖
esim pay as you go italia,通用·其他,通用·通用问答,首页,首页 FAQ / 指南入口,46.4,,en,已覆盖
esim reykjavik,通用·其他,通用·通用问答,首页,首页 FAQ / 指南入口,46.4,,en,已覆盖
esim sgn airport,通用·其他,通用·通用问答,首页,首页 FAQ / 指南入口,46.4,,en,已覆盖
esim speed test,通用·其他,通用·通用问答,首页,首页 FAQ / 指南入口,46.4,,en,已覆盖
esim suvarnabhumi airport,通用·其他,通用·通用问答,首页,首页 FAQ / 指南入口,46.4,,en,已覆盖
esim taoyuan airport,通用·其他,通用·通用问答,首页,首页 FAQ / 指南入口,46.4,,en,已覆盖
esim turkey tourist turkcell,通用·其他,通用·通用问答,首页,首页 FAQ / 指南入口,46.4,,en,已覆盖
esim türkei,通用·其他,通用·通用问答,首页,首页 FAQ / 指南入口,46.4,,en,已覆盖
esim united states reddit,通用·其他,通用·通用问答,首页,首页 FAQ / 指南入口,46.4,,en,已覆盖
esim.canada airport,通用·其他,通用·通用问答,首页,首页 FAQ / 指南入口,46.4,,en,已覆盖
esim.colombia airport,通用·其他,通用·通用问答,首页,首页 FAQ / 指南入口,46.4,,en,已覆盖
french esim reddit,通用·其他,通用·通用问答,首页,首页 FAQ / 指南入口,46.4,,en,已覆盖
french sim card for tourists,通用·其他,通用·通用问答,首页,首页 FAQ / 指南入口,46.4,,en,已覆盖
georgian esim.card,通用·其他,通用·通用问答,首页,首页 FAQ / 指南入口,46.4,,en,已覆盖
iliad italia esim tourist,通用·其他,通用·通用问答,首页,首页 FAQ / 指南入口,46.4,,en,已覆盖
indian esim reddit,通用·其他,通用·通用问答,首页,首页 FAQ / 指南入口,46.4,,en,已覆盖
israeli sim card for tourists,通用·其他,通用·通用问答,首页,首页 FAQ / 指南入口,46.4,,en,已覆盖
japanese sim card for tourists reddit,通用·其他,通用·通用问答,首页,首页 FAQ / 指南入口,46.4,,en,已覆盖
korean esim reddit,通用·其他,通用·通用问答,首页,首页 FAQ / 指南入口,46.4,,en,已覆盖
korean sim card for tourists,通用·其他,通用·通用问答,首页,首页 FAQ / 指南入口,46.4,,en,已覆盖
mexican sim card for tourists,通用·其他,通用·通用问答,首页,首页 FAQ / 指南入口,46.4,,en,已覆盖
moroccan esim reddit,通用·其他,通用·通用问答,首页,首页 FAQ / 指南入口,46.4,,en,已覆盖
polish esim card,通用·其他,通用·通用问答,首页,首页 FAQ / 指南入口,46.4,,en,已覆盖
portuguese esim card,通用·其他,通用·通用问答,首页,首页 FAQ / 指南入口,46.4,,en,已覆盖
sim nieuwe esim,通用·其他,通用·通用问答,首页,首页 FAQ / 指南入口,46.4,,en,已覆盖
spanish esim reddit,通用·其他,通用·通用问答,首页,首页 FAQ / 指南入口,46.4,,en,已覆盖
spanish sim card for tourists,通用·其他,通用·通用问答,首页,首页 FAQ / 指南入口,46.4,,en,已覆盖
spark esim setup,通用·其他,通用·通用问答,首页,首页 FAQ / 指南入口,46.4,,en,已覆盖
swiss sim card for travellers,通用·其他,通用·通用问答,首页,首页 FAQ / 指南入口,46.4,,en,已覆盖
travel dealz esim,通用·其他,通用·通用问答,首页,首页 FAQ / 指南入口,46.4,,en,已覆盖
travel esim vodafone,通用·其他,通用·通用问答,首页,首页 FAQ / 指南入口,46.4,,en,已覆盖
turkey esim reddit,通用·其他,通用·通用问答,首页,首页 FAQ / 指南入口,46.4,,en,已覆盖
esim ägypten,通用·其他,通用·通用问答,首页,首页 FAQ / 指南入口,45.9,,en,已覆盖
tel aviv esim,通用·其他,通用·通用问答,首页,首页 FAQ / 指南入口,45.9,,en,已覆盖
esim for apple phone,通用·其他,通用·通用问答,首页,首页 FAQ / 指南入口,45.5,,en,已覆盖
esim enabled phones,通用·其他,通用·通用问答,首页,首页 FAQ / 指南入口,45.4,,en,已覆盖
esim việt nam mobifone,通用·其他,通用·通用问答,首页,首页 FAQ / 指南入口,45.4,,en,已覆盖
hoe werkt esim,通用·其他,通用·通用问答,首页,首页 FAQ / 指南入口,45.4,,en,已覆盖
tbilisi.airport esim,通用·其他,通用·通用问答,首页,首页 FAQ / 指南入口,45.4,,en,已覆盖
top 10 esim providers,通用·其他,通用·通用问答,首页,首页 FAQ / 指南入口,44.8,,en,已覆盖
best esim for new delhi,通用·其他,通用·通用问答,首页,首页 FAQ / 指南入口,44.0,,en,已覆盖
esim for cruise ships at sea,通用·其他,通用·通用问答,首页,首页 FAQ / 指南入口,44.0,,en,已覆盖
rio esim,通用·其他,通用·通用问答,首页,首页 FAQ / 指南入口,44.0,,en,已覆盖
turkey esim card tourist,通用·其他,通用·通用问答,首页,首页 FAQ / 指南入口,44.0,,en,已覆盖
esim not working,通用·其他,通用·通用问答,首页,首页 FAQ / 指南入口,43.8,,en,已覆盖
esim mobile number,通用·其他,通用·通用问答,首页,首页 FAQ / 指南入口,43.4,,en,已覆盖
esim number,通用·其他,通用·通用问答,首页,首页 FAQ / 指南入口,43.2,,en,已覆盖
best esim for denmark sweden and norway,通用·其他,通用·通用问答,首页,首页 FAQ / 指南入口,43.0,,en,已覆盖
esim charges,通用·其他,通用·通用问答,首页,首页 FAQ / 指南入口,43.0,,en,已覆盖
esim telefon,通用·其他,通用·通用问答,首页,首页 FAQ / 指南入口,43.0,,en,已覆盖
bell esim not working,通用·其他,通用·通用问答,首页,首页 FAQ / 指南入口,42.6,,en,已覆盖
best esim for british columbia,通用·其他,通用·通用问答,首页,首页 FAQ / 指南入口,42.6,,en,已覆盖
best esim for digital nomads,通用·其他,通用·通用问答,首页,首页 FAQ / 指南入口,42.6,,en,已覆盖
best esim for norway and sweden,通用·其他,通用·通用问答,首页,首页 FAQ / 指南入口,42.6,,en,已覆盖
best esim for turkey 2026,通用·其他,通用·通用问答,首页,首页 FAQ / 指南入口,42.6,,en,已覆盖
best esim network in turkey,通用·其他,通用·通用问答,首页,首页 FAQ / 指南入口,42.6,,en,已覆盖
best french sim card for tourists,通用·其他,通用·通用问答,首页,首页 FAQ / 指南入口,42.6,,en,已覆盖
esim 4g viettel,通用·其他,通用·通用问答,首页,首页 FAQ / 指南入口,42.6,,en,已覆盖
esim 5g phones,通用·其他,通用·通用问答,首页,首页 FAQ / 指南入口,42.6,,en,已覆盖
esim american number,通用·其他,通用·通用问答,首页,首页 FAQ / 指南入口,42.6,,en,已覆盖
esim company for travel,通用·其他,通用·通用问答,首页,首页 FAQ / 指南入口,42.6,,en,已覆盖
esim esim card,通用·其他,通用·通用问答,首页,首页 FAQ / 指南入口,42.6,,en,已覆盖
esim for 1 month only,通用·其他,通用·通用问答,首页,首页 FAQ / 指南入口,42.6,,en,已覆盖
esim for cruises,通用·其他,通用·通用问答,首页,首页 FAQ / 指南入口,42.6,,en,已覆盖
esim for denmark and sweden,通用·其他,通用·通用问答,首页,首页 FAQ / 指南入口,42.6,,en,已覆盖
esim for denmark norway and sweden,通用·其他,通用·通用问答,首页,首页 FAQ / 指南入口,42.6,,en,已覆盖
esim for family travel,通用·其他,通用·通用问答,首页,首页 FAQ / 指南入口,42.6,,en,已覆盖
esim for kids phone,通用·其他,通用·通用问答,首页,首页 FAQ / 指南入口,42.6,,en,已覆盖
esim georgien magti,通用·其他,通用·通用问答,首页,首页 FAQ / 指南入口,42.6,,en,已覆盖
esim indonesien,通用·其他,通用·通用问答,首页,首页 FAQ / 指南入口,42.6,,en,已覆盖
esim low latency meaning,通用·其他,通用·通用问答,首页,首页 FAQ / 指南入口,42.6,,en,已覆盖
esim mexiko vergleich,通用·其他,通用·通用问答,首页,首页 FAQ / 指南入口,42.6,,en,已覆盖
esim phone calls,通用·其他,通用·通用问答,首页,首页 FAQ / 指南入口,42.6,,en,已覆盖
esim south korea/japan,通用·其他,通用·通用问答,首页,首页 FAQ / 指南入口,42.6,,en,已覆盖
esim tel aviv,通用·其他,通用·通用问答,首页,首页 FAQ / 指南入口,42.6,,en,已覆盖
esim turkey tourist reddit,通用·其他,通用·通用问答,首页,首页 FAQ / 指南入口,42.6,,en,已覆盖
esim österreich reddit,通用·其他,通用·通用问答,首页,首页 FAQ / 指南入口,42.6,,en,已覆盖
german e sim card,通用·其他,通用·通用问答,首页,首页 FAQ / 指南入口,42.6,,en,已覆盖
get korean number esim,通用·其他,通用·通用问答,首页,首页 FAQ / 指南入口,42.6,,en,已覆盖
greek sim card for travellers,通用·其他,通用·通用问答,首页,首页 FAQ / 指南入口,42.6,,en,已覆盖
israeli e sim card,通用·其他,通用·通用问答,首页,首页 FAQ / 指南入口,42.6,,en,已覆盖
malaysian esim reddit,通用·其他,通用·通用问答,首页,首页 FAQ / 指南入口,42.6,,en,已覆盖
moroccan esim card,通用·其他,通用·通用问答,首页,首页 FAQ / 指南入口,42.6,,en,已覆盖
thai esim airport,通用·其他,通用·通用问答,首页,首页 FAQ / 指南入口,42.6,,en,已覆盖
travel esim türkei,通用·其他,通用·通用问答,首页,首页 FAQ / 指南入口,42.6,,en,已覆盖
turkey sim card for tourists reddit,通用·其他,通用·通用问答,首页,首页 FAQ / 指南入口,42.6,,en,已覆盖
turkish esim reddit,通用·其他,通用·通用问答,首页,首页 FAQ / 指南入口,42.6,,en,已覆盖
united states sim card for tourists,通用·其他,通用·通用问答,首页,首页 FAQ / 指南入口,42.6,,en,已覆盖
esim irish number,通用·其他,通用·通用问答,首页,首页 FAQ / 指南入口,42.4,,en,已覆盖
esim showing no sim,通用·其他,通用·通用问答,首页,首页 FAQ / 指南入口,42.4,,en,已覆盖
delhi airport esim,通用·其他,通用·通用问答,首页,首页 FAQ / 指南入口,42.1,,en,已覆盖
esim switch phones,通用·其他,通用·通用问答,首页,首页 FAQ / 指南入口,41.6,,en,已覆盖
esim tbilisi reddit,通用·其他,通用·通用问答,首页,首页 FAQ / 指南入口,41.6,,en,已覆盖
esim việt nam giá rẻ,通用·其他,通用·通用问答,首页,首页 FAQ / 指南入口,41.6,,en,已覆盖
new delhi esim,通用·其他,通用·通用问答,首页,首页 FAQ / 指南入口,41.6,,en,已覆盖
tbilisi airport esim,通用·其他,通用·通用问答,首页,首页 FAQ / 指南入口,41.6,,en,已覆盖
esim turkish meaning,通用·其他,通用·通用问答,首页,首页 FAQ / 指南入口,41.4,,en,已覆盖
list of smartwatches with esim,通用·其他,通用·通用问答,首页,首页 FAQ / 指南入口,41.1,,en,已覆盖
meaning of esim card,通用·其他,通用·通用问答,首页,首页 FAQ / 指南入口,41.0,,en,已覆盖
best esim for turkey reviews,通用·其他,通用·通用问答,首页,首页 FAQ / 指南入口,40.8,,en,已覆盖
esim sm turkey review,通用·其他,通用·通用问答,首页,首页 FAQ / 指南入口,40.8,,en,已覆盖
esim turkey tourist,通用·其他,通用·通用问答,首页,首页 FAQ / 指南入口,40.8,,en,已覆盖
nachteile esim,通用·其他,通用·通用问答,首页,首页 FAQ / 指南入口,40.6,,en,已覆盖
esim hollandse nieuwe,通用·其他,通用·通用问答,首页,首页 FAQ / 指南入口,40.3,,en,已覆盖
esim это,通用·其他,通用·通用问答,首页,首页 FAQ / 指南入口,40.3,,en,已覆盖
esim set up,通用·其他,通用·通用问答,首页,首页 FAQ / 指南入口,40.0,,en,已覆盖
esim types,通用·其他,通用·通用问答,首页,首页 FAQ / 指南入口,39.6,,en,已覆盖
america esim data,通用·其他,通用·通用问答,首页,首页 FAQ / 指南入口,38.9,,en,已覆盖
au esim card,通用·其他,通用·通用问答,首页,首页 FAQ / 指南入口,38.9,,en,已覆盖
best esim for american samoa,通用·其他,通用·通用问答,首页,首页 FAQ / 指南入口,38.9,,en,已覆盖
best esim for british isles,通用·其他,通用·通用问答,首页,首页 FAQ / 指南入口,38.9,,en,已覆盖
best esim for rio,通用·其他,通用·通用问答,首页,首页 FAQ / 指南入口,38.9,,en,已覆盖
best esim for tbilisi,通用·其他,通用·通用问答,首页,首页 FAQ / 指南入口,38.9,,en,已覆盖
best turkey sim card for tourists,通用·其他,通用·通用问答,首页,首页 FAQ / 指南入口,38.9,,en,已覆盖
breeze esim coverage map,通用·其他,通用·通用问答,首页,首页 FAQ / 指南入口,38.9,,en,已覆盖
british esim card,通用·其他,通用·通用问答,首页,首页 FAQ / 指南入口,38.9,,en,已覆盖
canadian e sim card,通用·其他,通用·通用问答,首页,首页 FAQ / 指南入口,38.9,,en,已覆盖
claro brasil esim tourist,通用·其他,通用·通用问答,首页,首页 FAQ / 指南入口,38.9,,en,已覆盖
esim airtel not working,通用·其他,通用·通用问答,首页,首页 FAQ / 指南入口,38.9,,en,已覆盖
esim american express,通用·其他,通用·通用问答,首页,首页 FAQ / 指南入口,38.9,,en,已覆盖
esim american samoa,通用·其他,通用·通用问答,首页,首页 FAQ / 指南入口,38.9,,en,已覆盖
esim change phone,通用·其他,通用·通用问答,首页,首页 FAQ / 指南入口,38.9,,en,已覆盖
esim esim sm,通用·其他,通用·通用问答,首页,首页 FAQ / 指南入口,38.9,,en,已覆盖
esim for american samoa,通用·其他,通用·通用问答,首页,首页 FAQ / 指南入口,38.9,,en,已覆盖
esim for long term travel,通用·其他,通用·通用问答,首页,首页 FAQ / 指南入口,38.9,,en,已覆盖
esim for new delhi,通用·其他,通用·通用问答,首页,首页 FAQ / 指南入口,38.9,,en,已覆盖
esim for norway finland and sweden,通用·其他,通用·通用问答,首页,首页 FAQ / 指南入口,38.9,,en,已覆盖
esim for turkey turkcell,通用·其他,通用·通用问答,首页,首页 FAQ / 指南入口,38.9,,en,已覆盖
esim georgien armenien,通用·其他,通用·通用问答,首页,首页 FAQ / 指南入口,38.9,,en,已覆盖
esim high latency,通用·其他,通用·通用问答,首页,首页 FAQ / 指南入口,38.9,,en,已覆盖
esim indonesien vergleich,通用·其他,通用·通用问答,首页,首页 FAQ / 指南入口,38.9,,en,已覆盖
esim mexiko erfahrungen,通用·其他,通用·通用问答,首页,首页 FAQ / 指南入口,38.9,,de,已覆盖
esim new delhi,通用·其他,通用·通用问答,首页,首页 FAQ / 指南入口,38.9,,en,已覆盖
esim phone calls not working,通用·其他,通用·通用问答,首页,首页 FAQ / 指南入口,38.9,,en,已覆盖
esim schweiz,通用·其他,通用·通用问答,首页,首页 FAQ / 指南入口,38.9,,en,已覆盖
esim speed slow,通用·其他,通用·通用问答,首页,首页 FAQ / 指南入口,38.9,,en,已覆盖
esim tourist maroc telecom,通用·其他,通用·通用问答,首页,首页 FAQ / 指南入口,38.9,,en,已覆盖
esim world reviews,通用·其他,通用·通用问答,首页,首页 FAQ / 指南入口,38.9,,en,已覆盖
esim ägypten vergleich,通用·其他,通用·通用问答,首页,首页 FAQ / 指南入口,38.9,,en,已覆盖
french e sim card,通用·其他,通用·通用问答,首页,首页 FAQ / 指南入口,38.9,,en,已覆盖
hur fungerar esim,通用·其他,通用·通用问答,首页,首页 FAQ / 指南入口,38.9,,en,已覆盖
i need an esim for turkey,通用·其他,通用·通用问答,首页,首页 FAQ / 指南入口,38.9,,en,已覆盖
indian sim card for travellers,通用·其他,通用·通用问答,首页,首页 FAQ / 指南入口,38.9,,en,已覆盖
irish e sim card,通用·其他,通用·通用问答,首页,首页 FAQ / 指南入口,38.9,,en,已覆盖
maroc telecom sim card for tourist,通用·其他,通用·通用问答,首页,首页 FAQ / 指南入口,38.9,,en,已覆盖
top esim 2026,通用·其他,通用·通用问答,首页,首页 FAQ / 指南入口,38.9,,en,已覆盖
travel esim vergleich,通用·其他,通用·通用问答,首页,首页 FAQ / 指南入口,38.9,,en,已覆盖
vodafone tourist esim turkey,通用·其他,通用·通用问答,首页,首页 FAQ / 指南入口,38.9,,en,已覆盖
esim how to,通用·其他,通用·通用问答,首页,首页 FAQ / 指南入口,37.9,,en,已覆盖
esim pros and cons,通用·其他,通用·通用问答,首页,首页 FAQ / 指南入口,37.9,,en,已覆盖
esim same number,通用·其他,通用·通用问答,首页,首页 FAQ / 指南入口,37.9,,en,已覆盖
ee activate esim,通用·其他,通用·通用问答,首页,首页 FAQ / 指南入口,37.4,,en,已覆盖
esim card,通用·其他,通用·通用问答,首页,首页 FAQ / 指南入口,37.1,,en,已覆盖
airtel esim delhi airport,通用·其他,通用·通用问答,首页,首页 FAQ / 指南入口,36.5,,en,已覆盖
esim card supported phones,通用·其他,通用·通用问答,首页,首页 FAQ / 指南入口,36.5,,en,已覆盖
esim hollandsnieuwe,通用·其他,通用·通用问答,首页,首页 FAQ / 指南入口,36.5,,en,已覆盖
esim network not available,通用·其他,通用·通用问答,首页,首页 FAQ / 指南入口,36.5,,en,已覆盖
esim serial number,通用·其他,通用·通用问答,首页,首页 FAQ / 指南入口,36.5,,en,已覆盖
esim việt nam 7 ngày,通用·其他,通用·通用问答,首页,首页 FAQ / 指南入口,36.5,,en,已覆盖
optus esim issues,通用·其他,通用·通用问答,首页,首页 FAQ / 指南入口,35.5,,en,已覆盖
mikä on esim,通用·其他,通用·通用问答,首页,首页 FAQ / 指南入口,35.2,,en,已覆盖
airtel install esim profile,通用·其他,通用·通用问答,首页,首页 FAQ / 指南入口,35.1,,en,已覆盖
america esim card,通用·其他,通用·通用问答,首页,首页 FAQ / 指南入口,35.1,,en,已覆盖
barca esim,通用·其他,通用·通用问答,首页,首页 FAQ / 指南入口,35.1,,en,已覆盖
best esim for america reddit,通用·其他,通用·通用问答,首页,首页 FAQ / 指南入口,35.1,,en,已覆盖
best esim for turkey reddit,通用·其他,通用·通用问答,首页,首页 FAQ / 指南入口,35.1,,en,已覆盖
best esim provider 2026,通用·其他,通用·通用问答,首页,首页 FAQ / 指南入口,35.1,,en,已覆盖
esim 4g modem,通用·其他,通用·通用问答,首页,首页 FAQ / 指南入口,35.1,,en,已覆盖
esim 5g mobile,通用·其他,通用·通用问答,首页,首页 FAQ / 指南入口,35.1,,en,已覆盖
esim america reddit,通用·其他,通用·通用问答,首页,首页 FAQ / 指南入口,35.1,,en,已覆盖
esim anbieter,通用·其他,通用·通用问答,首页,首页 FAQ / 指南入口,35.1,,en,已覆盖
esim email id,通用·其他,通用·通用问答,首页,首页 FAQ / 指南入口,35.1,,en,已覆盖
esim esim me,通用·其他,通用·通用问答,首页,首页 FAQ / 指南入口,35.1,,en,已覆盖
esim for cruise and land,通用·其他,通用·通用问答,首页,首页 FAQ / 指南入口,35.1,,en,已覆盖
esim for long term,通用·其他,通用·通用问答,首页,首页 FAQ / 指南入口,35.1,,en,已覆盖
esim for turkey holiday,通用·其他,通用·通用问答,首页,首页 FAQ / 指南入口,35.1,,en,已覆盖
esim for walmart family mobile,通用·其他,通用·通用问答,首页,首页 FAQ / 指南入口,35.1,,en,已覆盖
esim incheon airport reddit,通用·其他,通用·通用问答,首页,首页 FAQ / 指南入口,35.1,,en,已覆盖
esim indonesien erfahrungen,通用·其他,通用·通用问答,首页,首页 FAQ / 指南入口,35.1,,de,已覆盖
esim io turkey reviews,通用·其他,通用·通用问答,首页,首页 FAQ / 指南入口,35.1,,en,已覆盖
esim korean,通用·其他,通用·通用问答,首页,首页 FAQ / 指南入口,35.1,,en,已覆盖
esim mexiko 30 tage,通用·其他,通用·通用问答,首页,首页 FAQ / 指南入口,35.1,,en,已覆盖
esim network issues,通用·其他,通用·通用问答,首页,首页 FAQ / 指南入口,35.1,,en,已覆盖
esim pay as you go ee,通用·其他,通用·通用问答,首页,首页 FAQ / 指南入口,35.1,,en,已覆盖
esim speedtalk,通用·其他,通用·通用问答,首页,首页 FAQ / 指南入口,35.1,,en,已覆盖
esim speedtest travel,通用·其他,通用·通用问答,首页,首页 FAQ / 指南入口,35.1,,en,已覆盖
esim store near me,通用·其他,通用·通用问答,首页,首页 FAQ / 指南入口,35.1,,en,已覆盖
esim ägypten erfahrungen,通用·其他,通用·通用问答,首页,首页 FAQ / 指南入口,35.1,,de,已覆盖
esim österreich tourist,通用·其他,通用·通用问答,首页,首页 FAQ / 指南入口,35.1,,en,已覆盖
maxis esim charges,通用·其他,通用·通用问答,首页,首页 FAQ / 指南入口,35.1,,en,已覆盖
mexican esim card,通用·其他,通用·通用问答,首页,首页 FAQ / 指南入口,35.1,,en,已覆盖
redteago esim turkey reddit,通用·其他,通用·通用问答,首页,首页 FAQ / 指南入口,35.1,,en,已覆盖
roman esim,通用·其他,通用·通用问答,首页,首页 FAQ / 指南入口,35.1,,en,已覆盖
turkish e sim card,通用·其他,通用·通用问答,首页,首页 FAQ / 指南入口,35.1,,en,已覆盖
turkish esim tourist,通用·其他,通用·通用问答,首页,首页 FAQ / 指南入口,35.1,,en,已覆盖
vodafone turkey sim card for tourists,通用·其他,通用·通用问答,首页,首页 FAQ / 指南入口,35.1,,en,已覆盖
esim englanniksi,通用·其他,通用·通用问答,首页,首页 FAQ / 指南入口,34.9,,en,已覆盖
esim hollanda,通用·其他,通用·通用问答,首页,首页 FAQ / 指南入口,34.6,,en,已覆盖
numero esim review,通用·其他,通用·通用问答,首页,首页 FAQ / 指南入口,34.6,,en,已覆盖
best esim for turkey travel,通用·其他,通用·通用问答,首页,首页 FAQ / 指南入口,33.2,,en,已覆盖
best turkey esim card,通用·其他,通用·通用问答,首页,首页 FAQ / 指南入口,33.2,,en,已覆盖
america's esim,通用·其他,通用·通用问答,首页,首页 FAQ / 指南入口,32.8,,en,已覆盖
buy esim tbilisi,通用·其他,通用·通用问答,首页,首页 FAQ / 指南入口,32.8,,en,已覆盖
esim việt nam có số điện thoại,通用·其他,通用·通用问答,首页,首页 FAQ / 指南入口,32.8,,en,已覆盖
esim việt nam klook,通用·其他,通用·通用问答,首页,首页 FAQ / 指南入口,32.8,,en,已覆盖
jio esim delhi airport,通用·其他,通用·通用问答,首页,首页 FAQ / 指南入口,32.8,,en,已覆盖
magti tbilisi esim,通用·其他,通用·通用问答,首页,首页 FAQ / 指南入口,32.8,,en,已覆盖
esim maksudnya,通用·其他,通用·通用问答,首页,首页 FAQ / 指南入口,31.8,,en,已覆盖
4g/lte esim,通用·其他,通用·通用问答,首页,首页 FAQ / 指南入口,31.4,,en,已覆盖
america esim reddit,通用·其他,通用·通用问答,首页,首页 FAQ / 指南入口,31.4,,en,已覆盖
australian e sim card,通用·其他,通用·通用问答,首页,首页 FAQ / 指南入口,31.4,,en,已覆盖
best esim for america travel,通用·其他,通用·通用问答,首页,首页 FAQ / 指南入口,31.4,,en,已覆盖
best esim for backpacking,通用·其他,通用·通用问答,首页,首页 FAQ / 指南入口,31.4,,en,已覆盖
best esim for family,通用·其他,通用·通用问答,首页,首页 FAQ / 指南入口,31.4,,en,已覆盖
best esim ukraine,通用·其他,通用·通用问答,首页,首页 FAQ / 指南入口,31.4,,en,已覆盖
best italian sim card for tourists,通用·其他,通用·通用问答,首页,首页 FAQ / 指南入口,31.4,,en,已覆盖
best travel esim 2026,通用·其他,通用·通用问答,首页,首页 FAQ / 指南入口,31.4,,en,已覆盖
canadian sim card for travellers,通用·其他,通用·通用问答,首页,首页 FAQ / 指南入口,31.4,,en,已覆盖
daily turkish esim,通用·其他,通用·通用问答,首页,首页 FAQ / 指南入口,31.4,,en,已覆盖
denmark sim card companies,通用·其他,通用·通用问答,首页,首页 FAQ / 指南入口,31.4,,en,已覆盖
du vae esim tourist,通用·其他,通用·通用问答,首页,首页 FAQ / 指南入口,31.4,,en,已覆盖
esim 5g viettel,通用·其他,通用·通用问答,首页,首页 FAQ / 指南入口,31.4,,en,已覆盖
esim americana,通用·其他,通用·通用问答,首页,首页 FAQ / 指南入口,31.4,,en,已覆盖
esim change number,通用·其他,通用·通用问答,首页,首页 FAQ / 指南入口,31.4,,en,已覆盖
esim for america travel,通用·其他,通用·通用问答,首页,首页 FAQ / 指南入口,31.4,,en,已覆盖
esim for cruise at sea,通用·其他,通用·通用问答,首页,首页 FAQ / 指南入口,31.4,,en,已覆盖
esim for long term use,通用·其他,通用·通用问答,首页,首页 FAQ / 指南入口,31.4,,en,已覆盖
esim indonesien und singapur,通用·其他,通用·通用问答,首页,首页 FAQ / 指南入口,31.4,,de,已覆盖
esim karte,通用·其他,通用·通用问答,首页,首页 FAQ / 指南入口,31.4,,de,已覆盖
esim mexiko günstig,通用·其他,通用·通用问答,首页,首页 FAQ / 指南入口,31.4,,de,已覆盖
esim pay as you go vodafone,通用·其他,通用·通用问答,首页,首页 FAQ / 指南入口,31.4,,en,已覆盖
esim phone calls and data,通用·其他,通用·通用问答,首页,首页 FAQ / 指南入口,31.4,,en,已覆盖
esim sm turkey reddit,通用·其他,通用·通用问答,首页,首页 FAQ / 指南入口,31.4,,en,已覆盖
esim ukraine,通用·其他,通用·通用问答,首页,首页 FAQ / 指南入口,31.4,,en,已覆盖
esim usbekistan,通用·其他,通用·通用问答,首页,首页 FAQ / 指南入口,31.4,,en,已覆盖
esim world. cup,通用·其他,通用·通用问答,首页,首页 FAQ / 指南入口,31.4,,en,已覆盖
esim ägypten vodafone,通用·其他,通用·通用问答,首页,首页 FAQ / 指南入口,31.4,,en,已覆盖
family link esim,通用·其他,通用·通用问答,首页,首页 FAQ / 指南入口,31.4,,en,已覆盖
italian esim card,通用·其他,通用·通用问答,首页,首页 FAQ / 指南入口,31.4,,en,已覆盖
set up an esim,通用·其他,通用·通用问答,首页,首页 FAQ / 指南入口,31.4,,en,已覆盖
smartwatch kids esim,通用·其他,通用·通用问答,首页,首页 FAQ / 指南入口,31.4,,en,已覆盖
travel esim apps,通用·其他,通用·通用问答,首页,首页 FAQ / 指南入口,31.4,,en,已覆盖
travel esim telekom,通用·其他,通用·通用问答,首页,首页 FAQ / 指南入口,31.4,,en,已覆盖
vodafone esim turkey reddit,通用·其他,通用·通用问答,首页,首页 FAQ / 指南入口,31.4,,en,已覆盖
use esim for data only,通用·其他,通用·通用问答,首页,首页 FAQ / 指南入口,31.1,,en,已覆盖
best esim tbilisi,通用·其他,通用·通用问答,首页,首页 FAQ / 指南入口,30.9,,en,已覆盖
change to esim optus,通用·其他,通用·通用问答,首页,首页 FAQ / 指南入口,30.9,,en,已覆盖
esim kenia safaricom,通用·其他,通用·通用问答,首页,首页 FAQ / 指南入口,30.9,,en,已覆盖
esim number example,通用·其他,通用·通用问答,首页,首页 FAQ / 指南入口,30.9,,en,已覆盖
esim türkei internet,通用·其他,通用·通用问答,首页,首页 FAQ / 指南入口,30.9,,en,已覆盖
hollandsnieuwe esim werkt. niet,通用·其他,通用·通用问答,首页,首页 FAQ / 指南入口,30.9,,en,已覆盖
esim keep number,通用·其他,通用·通用问答,首页,首页 FAQ / 指南入口,30.4,,en,已覆盖
esim vivo.rio.de janeiro,通用·其他,通用·通用问答,首页,首页 FAQ / 指南入口,30.4,,en,已覆盖
benefits of esim card,通用·其他,通用·通用问答,首页,首页 FAQ / 指南入口,29.9,,en,已覆盖
esim turkey data,通用·其他,通用·通用问答,首页,首页 FAQ / 指南入口,29.5,,en,已覆盖
best vae esim tourist,通用·其他,通用·通用问答,首页,首页 FAQ / 指南入口,29.0,,en,已覆盖
bsnl sim delhi,通用·其他,通用·通用问答,首页,首页 FAQ / 指南入口,29.0,,en,已覆盖
esim for cruise ships mediterranean,通用·其他,通用·通用问答,首页,首页 FAQ / 指南入口,29.0,,en,已覆盖
esim hollandia,通用·其他,通用·通用问答,首页,首页 FAQ / 指南入口,29.0,,en,已覆盖
esim ksamil,通用·其他,通用·通用问答,首页,首页 FAQ / 指南入口,29.0,,en,已覆盖
esim riot,通用·其他,通用·通用问答,首页,首页 FAQ / 指南入口,29.0,,en,已覆盖
esim settings,通用·其他,通用·通用问答,首页,首页 FAQ / 指南入口,29.0,,en,已覆盖
esim turkey trip com,通用·其他,通用·通用问答,首页,首页 FAQ / 指南入口,29.0,,en,已覆盖
esim multiple numbers,通用·其他,通用·通用问答,首页,首页 FAQ / 指南入口,28.0,,en,已覆盖
america esim with number,通用·其他,通用·通用问答,首页,首页 FAQ / 指南入口,27.6,,en,已覆盖
best canadian sim card for tourists,通用·其他,通用·通用问答,首页,首页 FAQ / 指南入口,27.6,,en,已覆盖
best esim apps 2026,通用·其他,通用·通用问答,首页,首页 FAQ / 指南入口,27.6,,en,已覆盖
best esim for dutch st maarten,通用·其他,通用·通用问答,首页,首页 FAQ / 指南入口,27.6,,en,已覆盖
best esim for korean,通用·其他,通用·通用问答,首页,首页 FAQ / 指南入口,27.6,,en,已覆盖
best esim turkey for tourists,通用·其他,通用·通用问答,首页,首页 FAQ / 指南入口,27.6,,en,已覆盖
best esim turkey reddit,通用·其他,通用·通用问答,首页,首页 FAQ / 指南入口,27.6,,en,已覆盖
best travel esim for turkey,通用·其他,通用·通用问答,首页,首页 FAQ / 指南入口,27.6,,en,已覆盖
daily french esim,通用·其他,通用·通用问答,首页,首页 FAQ / 指南入口,27.6,,en,已覆盖
esim 4g module,通用·其他,通用·通用问答,首页,首页 FAQ / 指南入口,27.6,,en,已覆盖
esim 5g modem,通用·其他,通用·通用问答,首页,首页 FAQ / 指南入口,27.6,,en,已覆盖
esim america t mobile,通用·其他,通用·通用问答,首页,首页 FAQ / 指南入口,27.6,,en,已覆盖
esim american,通用·其他,通用·通用问答,首页,首页 FAQ / 指南入口,27.6,,en,已覆盖
esim family mart,通用·其他,通用·通用问答,首页,首页 FAQ / 指南入口,27.6,,en,已覆盖
esim for one month only,通用·其他,通用·通用问答,首页,首页 FAQ / 指南入口,27.6,,en,已覆盖
esim for turkey maya,通用·其他,通用·通用问答,首页,首页 FAQ / 指南入口,27.6,,en,已覆盖
esim georgien günstig,通用·其他,通用·通用问答,首页,首页 FAQ / 指南入口,27.6,,de,已覆盖
esim in vegas,通用·其他,通用·通用问答,首页,首页 FAQ / 指南入口,27.6,,en,已覆盖
esim indonesien unbegrenzt,通用·其他,通用·通用问答,首页,首页 FAQ / 指南入口,27.6,,en,已覆盖
esim mexiko telekom,通用·其他,通用·通用问答,首页,首页 FAQ / 指南入口,27.6,,en,已覆盖
esim of simkaart,通用·其他,通用·通用问答,首页,首页 FAQ / 指南入口,27.6,,en,已覆盖
esim pay as you go o2,通用·其他,通用·通用问答,首页,首页 FAQ / 指南入口,27.6,,en,已覆盖
esim speedtest qr,通用·其他,通用·通用问答,首页,首页 FAQ / 指南入口,27.6,,en,已覆盖
esim turkey,通用·其他,通用·通用问答,首页,首页 FAQ / 指南入口,27.6,,en,已覆盖
esim turkey travel,通用·其他,通用·通用问答,首页,首页 FAQ / 指南入口,27.6,,en,已覆盖
esim world travel,通用·其他,通用·通用问答,首页,首页 FAQ / 指南入口,27.6,,en,已覆盖
esim ägypten unbegrenzt,通用·其他,通用·通用问答,首页,首页 FAQ / 指南入口,27.6,,en,已覆盖
esim ở việt nam,通用·其他,通用·通用问答,首页,首页 FAQ / 指南入口,27.6,,en,已覆盖
greek esim card,通用·其他,通用·通用问答,首页,首页 FAQ / 指南入口,27.6,,en,已覆盖
knowroaming esim review,通用·其他,通用·通用问答,首页,首页 FAQ / 指南入口,27.6,,en,已覆盖
korean e sim card,通用·其他,通用·通用问答,首页,首页 FAQ / 指南入口,27.6,,en,已覆盖
magti esim tbilisi,通用·其他,通用·通用问答,首页,首页 FAQ / 指南入口,27.6,,en,已覆盖
maroc esim card,通用·其他,通用·通用问答,首页,首页 FAQ / 指南入口,27.6,,en,已覆盖
maya esim coverage map,通用·其他,通用·通用问答,首页,首页 FAQ / 指南入口,27.6,,en,已覆盖
mobimatter esim turkey reddit,通用·其他,通用·通用问答,首页,首页 FAQ / 指南入口,27.6,,en,已覆盖
travel esim turkey,通用·其他,通用·通用问答,首页,首页 FAQ / 指南入口,27.6,,en,已覆盖
vodafone pay as you go esim,通用·其他,通用·通用问答,首页,首页 FAQ / 指南入口,27.6,,en,已覆盖
vodafone turkey esim card,通用·其他,通用·通用问答,首页,首页 FAQ / 指南入口,27.6,,en,已覆盖
esim rio grande do sul,通用·其他,通用·通用问答,首页,首页 FAQ / 指南入口,27.1,,en,已覆盖
hollandsnieuwe esim werkt niet,通用·其他,通用·通用问答,首页,首页 FAQ / 指南入口,27.1,,en,已覆盖
using dual sim with an esim,通用·其他,通用·通用问答,首页,首页 FAQ / 指南入口,25.8,,en,已覆盖
esim connectivity issues,通用·其他,通用·通用问答,首页,首页 FAQ / 指南入口,25.2,,en,已覆盖
magti esim tbilisi airport,通用·其他,通用·通用问答,首页,首页 FAQ / 指南入口,25.2,,en,已覆盖
esim description,通用·其他,通用·通用问答,首页,首页 FAQ / 指南入口,24.3,,en,已覆盖
esim new number,通用·其他,通用·通用问答,首页,首页 FAQ / 指南入口,24.3,,en,已覆盖
best esim app 2026,通用·其他,通用·通用问答,首页,首页 FAQ / 指南入口,23.9,,en,已覆盖
best esim for turkey antalya,通用·其他,通用·通用问答,首页,首页 FAQ / 指南入口,23.9,,en,已覆盖
best esim rio,通用·其他,通用·通用问答,首页,首页 FAQ / 指南入口,23.9,,en,已覆盖
best esim.for.s america,通用·其他,通用·通用问答,首页,首页 FAQ / 指南入口,23.9,,en,已覆盖
best sim card in turkey for tourists reddit,通用·其他,通用·通用问答,首页,首页 FAQ / 指南入口,23.9,,en,已覆盖
buy esim.india tourist,通用·其他,通用·通用问答,首页,首页 FAQ / 指南入口,23.9,,en,已覆盖
buy german esim card online,通用·其他,通用·通用问答,首页,首页 FAQ / 指南入口,23.9,,en,已覆盖
esim 4g not working,通用·其他,通用·通用问答,首页,首页 FAQ / 指南入口,23.9,,en,已覆盖
esim 5g not working,通用·其他,通用·通用问答,首页,首页 FAQ / 指南入口,23.9,,en,已覆盖
esim abbreviation,通用·其他,通用·通用问答,首页,首页 FAQ / 指南入口,23.9,,en,已覆盖
esim albanien,通用·其他,通用·通用问答,首页,首页 FAQ / 指南入口,23.9,,en,已覆盖
esim america latina,通用·其他,通用·通用问答,首页,首页 FAQ / 指南入口,23.9,,en,已覆盖
esim data việt nam,通用·其他,通用·通用问答,首页,首页 FAQ / 指南入口,23.9,,en,已覆盖
esim esim app,通用·其他,通用·通用问答,首页,首页 FAQ / 指南入口,23.9,,en,已覆盖
esim family setup,通用·其他,通用·通用问答,首页,首页 FAQ / 指南入口,23.9,,en,已覆盖
esim for america holiday,通用·其他,通用·通用问答,首页,首页 FAQ / 指南入口,23.9,,en,已覆盖
esim for australian travellers,通用·其他,通用·通用问答,首页,首页 FAQ / 指南入口,23.9,,en,已覆盖
esim for cruise ships reddit,通用·其他,通用·通用问答,首页,首页 FAQ / 指南入口,23.9,,en,已覆盖
esim for turkey reddit,通用·其他,通用·通用问答,首页,首页 FAQ / 指南入口,23.9,,en,已覆盖
esim for turkey trip,通用·其他,通用·通用问答,首页,首页 FAQ / 指南入口,23.9,,en,已覆盖
esim georgien vergleich,通用·其他,通用·通用问答,首页,首页 FAQ / 指南入口,23.9,,en,已覆盖
esim no contract pay as you go,通用·其他,通用·通用问答,首页,首页 FAQ / 指南入口,23.9,,en,已覆盖
esim pay as you go three,通用·其他,通用·通用问答,首页,首页 FAQ / 指南入口,23.9,,en,已覆盖
esim speedtalk mobile,通用·其他,通用·通用问答,首页,首页 FAQ / 指南入口,23.9,,en,已覆盖
esim turkey 2026 reddit,通用·其他,通用·通用问答,首页,首页 FAQ / 指南入口,23.9,,en,已覆盖
esim turkey reddit,通用·其他,通用·通用问答,首页,首页 FAQ / 指南入口,23.9,,en,已覆盖
esim uses,通用·其他,通用·通用问答,首页,首页 FAQ / 指南入口,23.9,,en,已覆盖
esim world cup,通用·其他,通用·通用问答,首页,首页 FAQ / 指南入口,23.9,,en,已覆盖
esim ägypten 14 tage,通用·其他,通用·通用问答,首页,首页 FAQ / 指南入口,23.9,,en,已覆盖
mint mobile esim for 1 month,通用·其他,通用·通用问答,首页,首页 FAQ / 指南入口,23.9,,en,已覆盖
philippine sim card near me,通用·其他,通用·通用问答,首页,首页 FAQ / 指南入口,23.9,,en,已覆盖
revolut esim coverage map,通用·其他,通用·通用问答,首页,首页 FAQ / 指南入口,23.9,,en,已覆盖
speed test esim qr kod,通用·其他,通用·通用问答,首页,首页 FAQ / 指南入口,23.9,,en,已覆盖
speedtest esim ookla,通用·其他,通用·通用问答,首页,首页 FAQ / 指南入口,23.9,,en,已覆盖
travel esim schweiz,通用·其他,通用·通用问答,首页,首页 FAQ / 指南入口,23.9,,en,已覆盖
travel esim singtel,通用·其他,通用·通用问答,首页,首页 FAQ / 指南入口,23.9,,en,已覆盖
turkey sim card esim,通用·其他,通用·通用问答,首页,首页 FAQ / 指南入口,23.9,,en,已覆盖
vodafone esim turkey tourist,通用·其他,通用·通用问答,首页,首页 FAQ / 指南入口,23.9,,en,已覆盖
change my sim card to esim,通用·其他,通用·通用问答,首页,首页 FAQ / 指南入口,23.4,,en,已覆盖
vodafone esim delhi,通用·其他,通用·通用问答,首页,首页 FAQ / 指南入口,23.4,,en,已覆盖
esim việt nam 30 ngày,通用·其他,通用·通用问答,首页,首页 FAQ / 指南入口,22.9,,en,已覆盖
esim for ukraine,通用·其他,通用·通用问答,首页,首页 FAQ / 指南入口,22.0,,en,已覆盖
esim việt nam 1 ngày,通用·其他,通用·通用问答,首页,首页 FAQ / 指南入口,21.5,,en,已覆盖
magticom esim tbilisi,通用·其他,通用·通用问答,首页,首页 FAQ / 指南入口,21.5,,en,已覆盖
using dual sim with an esim apple,通用·其他,通用·通用问答,首页,首页 FAQ / 指南入口,21.5,,en,已覆盖
esim.net reviews,通用·其他,通用·通用问答,首页,首页 FAQ / 指南入口,20.5,,en,已覆盖
america esim app,通用·其他,通用·通用问答,首页,首页 FAQ / 指南入口,20.1,,en,已覆盖
best esim for indonesian,通用·其他,通用·通用问答,首页,首页 FAQ / 指南入口,20.1,,en,已覆盖
best esim provider,通用·其他,通用·通用问答,首页,首页 FAQ / 指南入口,20.1,,en,已覆盖
best esim turkey 2026,通用·其他,通用·通用问答,首页,首页 FAQ / 指南入口,20.1,,en,已覆盖
buy indian esim card,通用·其他,通用·通用问答,首页,首页 FAQ / 指南入口,20.1,,en,已覆盖
buy spanish esim card,通用·其他,通用·通用问答,首页,首页 FAQ / 指南入口,20.1,,en,已覆盖
buy turkish esim card,通用·其他,通用·通用问答,首页,首页 FAQ / 指南入口,20.1,,en,已覆盖
demerits of esim,通用·其他,通用·通用问答,首页,首页 FAQ / 指南入口,20.1,,en,已覆盖
e sim speed test qr,通用·其他,通用·通用问答,首页,首页 FAQ / 指南入口,20.1,,en,已覆盖
esim 4g/5g,通用·其他,通用·通用问答,首页,首页 FAQ / 指南入口,20.1,,en,已覆盖
esim america do sul,通用·其他,通用·通用问答,首页,首页 FAQ / 指南入口,20.1,,en,已覆盖
esim american express platinum,通用·其他,通用·通用问答,首页,首页 FAQ / 指南入口,20.1,,en,已覆盖
esim austrian,通用·其他,通用·通用问答,首页,首页 FAQ / 指南入口,20.1,,en,已覆盖
esim cho việt nam,通用·其他,通用·通用问答,首页,首页 FAQ / 指南入口,20.1,,en,已覆盖
esim europa internet,通用·其他,通用·通用问答,首页,首页 FAQ / 指南入口,20.1,,en,已覆盖
esim family pack,通用·其他,通用·通用问答,首页,首页 FAQ / 指南入口,20.1,,en,已覆盖
esim for america reddit,通用·其他,通用·通用问答,首页,首页 FAQ / 指南入口,20.1,,en,已覆盖
esim for cruise reddit,通用·其他,通用·通用问答,首页,首页 FAQ / 指南入口,20.1,,en,已覆盖
esim for cruise ship internet,通用·其他,通用·通用问答,首页,首页 FAQ / 指南入口,20.1,,en,已覆盖
esim georgien erfahrungen,通用·其他,通用·通用问答,首页,首页 FAQ / 指南入口,20.1,,de,已覆盖
esim indonesien 30 tage,通用·其他,通用·通用问答,首页,首页 FAQ / 指南入口,20.1,,en,已覆盖
esim second number,通用·其他,通用·通用问答,首页,首页 FAQ / 指南入口,20.1,,en,已覆盖
esim singtel,通用·其他,通用·通用问答,首页,首页 FAQ / 指南入口,20.1,,en,已覆盖
esim that works in turkey reddit,通用·其他,通用·通用问答,首页,首页 FAQ / 指南入口,20.1,,en,已覆盖
esim turkey maya,通用·其他,通用·通用问答,首页,首页 FAQ / 指南入口,20.1,,en,已覆盖
esim turkey turkcell,通用·其他,通用·通用问答,首页,首页 FAQ / 指南入口,20.1,,en,已覆盖
esim using same number,通用·其他,通用·通用问答,首页,首页 FAQ / 指南入口,20.1,,en,已覆盖
esim world cup 2026,通用·其他,通用·通用问答,首页,首页 FAQ / 指南入口,20.1,,en,已覆盖
esim ägypten testsieger,通用·其他,通用·通用问答,首页,首页 FAQ / 指南入口,20.1,,en,已覆盖
internet vae esim,通用·其他,通用·通用问答,首页,首页 FAQ / 指南入口,20.1,,en,已覆盖
nadelen esim,通用·其他,通用·通用问答,首页,首页 FAQ / 指南入口,20.1,,en,已覆盖
optus esim for students,通用·其他,通用·通用问答,首页,首页 FAQ / 指南入口,20.1,,en,已覆盖
orange esim coverage map,通用·其他,通用·通用问答,首页,首页 FAQ / 指南入口,20.1,,en,已覆盖
speedtest esim download,通用·其他,通用·通用问答,首页,首页 FAQ / 指南入口,20.1,,en,已覆盖
speedtest esim pricing,通用·其他,通用·通用问答,首页,首页 FAQ / 指南入口,20.1,,en,已覆盖
travel esim deutschland,通用·其他,通用·通用问答,首页,首页 FAQ / 指南入口,20.1,,en,已覆盖
united states e sim card,通用·其他,通用·通用问答,首页,首页 FAQ / 指南入口,20.1,,en,已覆盖
best esim delhi,通用·其他,通用·通用问答,首页,首页 FAQ / 指南入口,19.6,,en,已覆盖
roamless esim,通用·其他,通用·通用问答,首页,首页 FAQ / 指南入口,19.6,,en,已覆盖
esim for turkey calls and data,通用·其他,通用·通用问答,首页,首页 FAQ / 指南入口,18.2,,en,已覆盖
esim for turkey travel,通用·其他,通用·通用问答,首页,首页 FAQ / 指南入口,18.2,,en,已覆盖
esim việt nam du lịch,通用·其他,通用·通用问答,首页,首页 FAQ / 指南入口,17.2,,en,已覆盖
airtel esim delhi,通用·其他,通用·通用问答,首页,首页 FAQ / 指南入口,16.4,,en,已覆盖
australian sim card for visitors,通用·其他,通用·通用问答,首页,首页 FAQ / 指南入口,16.4,,en,已覆盖
best esim for 1 week,通用·其他,通用·通用问答,首页,首页 FAQ / 指南入口,16.4,,en,已覆盖
best esim for australian travellers,通用·其他,通用·通用问答,首页,首页 FAQ / 指南入口,16.4,,en,已覆盖
best esim for kids,通用·其他,通用·通用问答,首页,首页 FAQ / 指南入口,16.4,,en,已覆盖
best esim for long term stay,通用·其他,通用·通用问答,首页,首页 FAQ / 指南入口,16.4,,en,已覆盖
best esim for students,通用·其他,通用·通用问答,首页,首页 FAQ / 指南入口,16.4,,en,已覆盖
best esim for ukraine,通用·其他,通用·通用问答,首页,首页 FAQ / 指南入口,16.4,,en,已覆盖
best esim turkey tourist,通用·其他,通用·通用问答,首页,首页 FAQ / 指南入口,16.4,,en,已覆盖
buy esim delhi,通用·其他,通用·通用问答,首页,首页 FAQ / 指南入口,16.4,,en,已覆盖
esim 4g 1 năm,通用·其他,通用·通用问答,首页,首页 FAQ / 指南入口,16.4,,en,已覆盖
esim america 2 weeks,通用·其他,通用·通用问答,首页,首页 FAQ / 指南入口,16.4,,en,已覆盖
esim card turkey reddit,通用·其他,通用·通用问答,首页,首页 FAQ / 指南入口,16.4,,en,已覆盖
esim data only meaning,通用·其他,通用·通用问答,首页,首页 FAQ / 指南入口,16.4,,en,已覆盖
esim esim plus,通用·其他,通用·通用问答,首页,首页 FAQ / 指南入口,16.4,,en,已覆盖
esim for america trip,通用·其他,通用·通用问答,首页,首页 FAQ / 指南入口,16.4,,en,已覆盖
esim for american,通用·其他,通用·通用问答,首页,首页 FAQ / 指南入口,16.4,,en,已覆盖
esim georgien 7 tage,通用·其他,通用·通用问答,首页,首页 FAQ / 指南入口,16.4,,en,已覆盖
esim mexiko 14 tage,通用·其他,通用·通用问答,首页,首页 FAQ / 指南入口,16.4,,en,已覆盖
esim phone calls only,通用·其他,通用·通用问答,首页,首页 FAQ / 指南入口,16.4,,en,已覆盖
esim qr speed test,通用·其他,通用·通用问答,首页,首页 FAQ / 指南入口,16.4,,en,已覆盖
esim simba,通用·其他,通用·通用问答,首页,首页 FAQ / 指南入口,16.4,,en,已覆盖
esim smartwatch for kids,通用·其他,通用·通用问答,首页,首页 FAQ / 指南入口,16.4,,en,已覆盖
esim turkey vodafone,通用·其他,通用·通用问答,首页,首页 FAQ / 指南入口,16.4,,en,已覆盖
esim việt nam 3 ngày,通用·其他,通用·通用问答,首页,首页 FAQ / 指南入口,16.4,,en,已覆盖
esim world 8,通用·其他,通用·通用问答,首页,首页 FAQ / 指南入口,16.4,,en,已覆盖
esim world net,通用·其他,通用·通用问答,首页,首页 FAQ / 指南入口,16.4,,en,已覆盖
esim ägypten günstig,通用·其他,通用·通用问答,首页,首页 FAQ / 指南入口,16.4,,de,已覆盖
french polynesia esim card,通用·其他,通用·通用问答,首页,首页 FAQ / 指南入口,16.4,,en,已覆盖
get indian esim card online,通用·其他,通用·通用问答,首页,首页 FAQ / 指南入口,16.4,,en,已覆盖
hvad er esim,通用·其他,通用·通用问答,首页,首页 FAQ / 指南入口,16.4,,en,已覆盖
mobiles that support esim,通用·其他,通用·通用问答,首页,首页 FAQ / 指南入口,16.4,,en,已覆盖
o2 pay as you go esim,通用·其他,通用·通用问答,首页,首页 FAQ / 指南入口,16.4,,en,已覆盖
speedtalk esim activation,通用·其他,通用·通用问答,首页,首页 FAQ / 指南入口,16.4,,en,已覆盖
speedtest esim review,通用·其他,通用·通用问答,首页,首页 FAQ / 指南入口,16.4,,en,已覆盖
thai esim card for tourist,通用·其他,通用·通用问答,首页,首页 FAQ / 指南入口,16.4,,en,已覆盖
travel esim maybank,通用·其他,通用·通用问答,首页,首页 FAQ / 指南入口,16.4,,en,已覆盖
travel esim o2,通用·其他,通用·通用问答,首页,首页 FAQ / 指南入口,16.4,,en,已覆盖
vodafone esim coverage map,通用·其他,通用·通用问答,首页,首页 FAQ / 指南入口,16.4,,en,已覆盖
ở việt nam có esim không,通用·其他,通用·通用问答,首页,首页 FAQ / 指南入口,16.4,,en,已覆盖
esim việt nam không giới hạn,通用·其他,通用·通用问答,首页,首页 FAQ / 指南入口,15.4,,en,已覆盖
best esim for cruise ship,通用·其他,通用·通用问答,首页,首页 FAQ / 指南入口,12.6,,en,已覆盖
esim mexiko kosten,通用·其他,通用·通用问答,首页,首页 FAQ / 指南入口,12.6,,de,已覆盖
does nomad esim work in new zealand,品牌×国家,验证·可用性,品牌×国家子页,新 FAQ Q7：用不了怎么办 / 覆盖范围,47.8,0.0,en,已覆盖
does saily esim work in costa rica,品牌×国家,验证·可用性,品牌×国家子页,新 FAQ Q7：用不了怎么办 / 覆盖范围,47.8,0.0,en,已覆盖
does saily esim work in south africa,品牌×国家,验证·可用性,品牌×国家子页,新 FAQ Q7：用不了怎么办 / 覆盖范围,47.8,0.0,en,已覆盖
airalo esim argentina not working,品牌×国家,验证·可用性,品牌×国家子页,新 FAQ Q7：用不了怎么办 / 覆盖范围,46.4,0.0,en,已覆盖
airalo esim costa rica not working,品牌×国家,验证·可用性,品牌×国家子页,新 FAQ Q7：用不了怎么办 / 覆盖范围,46.4,,en,已覆盖
airalo esim france not working,品牌×国家,验证·可用性,品牌×国家子页,新 FAQ Q7：用不了怎么办 / 覆盖范围,46.4,,en,已覆盖
airalo esim greece not working,品牌×国家,验证·可用性,品牌×国家子页,新 FAQ Q7：用不了怎么办 / 覆盖范围,46.4,,en,已覆盖
airalo esim iceland not working,品牌×国家,验证·可用性,品牌×国家子页,新 FAQ Q7：用不了怎么办 / 覆盖范围,46.4,,en,已覆盖
airalo esim morocco not working,品牌×国家,验证·可用性,品牌×国家子页,新 FAQ Q7：用不了怎么办 / 覆盖范围,46.4,,en,已覆盖
airalo esim not working in austria,品牌×国家,验证·可用性,品牌×国家子页,新 FAQ Q7：用不了怎么办 / 覆盖范围,46.4,,en,已覆盖
airalo esim usa not working,品牌×国家,验证·可用性,品牌×国家子页,新 FAQ Q7：用不了怎么办 / 覆盖范围,46.4,,en,已覆盖
does airalo esim work in switzerland,品牌×国家,验证·可用性,品牌×国家子页,新 FAQ Q7：用不了怎么办 / 覆盖范围,46.4,,en,已覆盖
does holafly europe esim work in switzerland,品牌×国家,验证·可用性,品牌×国家子页,新 FAQ Q7：用不了怎么办 / 覆盖范围,46.4,,en,已覆盖
does jetpac esim cover singapore,品牌×国家,验证·可用性,品牌×国家子页,新 FAQ Q7：用不了怎么办 / 覆盖范围,46.4,,en,已覆盖
does nomad esim work in south korea,品牌×国家,验证·可用性,品牌×国家子页,新 FAQ Q7：用不了怎么办 / 覆盖范围,46.4,,en,已覆盖
does saily esim work in australia,品牌×国家,验证·可用性,品牌×国家子页,新 FAQ Q7：用不了怎么办 / 覆盖范围,46.4,,en,已覆盖
does saily esim work in croatia,品牌×国家,验证·可用性,品牌×国家子页,新 FAQ Q7：用不了怎么办 / 覆盖范围,46.4,,en,已覆盖
does saily esim work in fiji,品牌×国家,验证·可用性,品牌×国家子页,新 FAQ Q7：用不了怎么办 / 覆盖范围,46.4,,en,已覆盖
does saily esim work in france,品牌×国家,验证·可用性,品牌×国家子页,新 FAQ Q7：用不了怎么办 / 覆盖范围,46.4,,en,已覆盖
does saily esim work in greece,品牌×国家,验证·可用性,品牌×国家子页,新 FAQ Q7：用不了怎么办 / 覆盖范围,46.4,,en,已覆盖
does saily esim work in iceland,品牌×国家,验证·可用性,品牌×国家子页,新 FAQ Q7：用不了怎么办 / 覆盖范围,46.4,,en,已覆盖
does saily esim work in israel,品牌×国家,验证·可用性,品牌×国家子页,新 FAQ Q7：用不了怎么办 / 覆盖范围,46.4,,en,已覆盖
does saily esim work in japan,品牌×国家,验证·可用性,品牌×国家子页,新 FAQ Q7：用不了怎么办 / 覆盖范围,46.4,,en,已覆盖
does saily esim work in mexico,品牌×国家,验证·可用性,品牌×国家子页,新 FAQ Q7：用不了怎么办 / 覆盖范围,46.4,,en,已覆盖
does saily esim work in peru,品牌×国家,验证·可用性,品牌×国家子页,新 FAQ Q7：用不了怎么办 / 覆盖范围,46.4,,en,已覆盖
does saily esim work in poland,品牌×国家,验证·可用性,品牌×国家子页,新 FAQ Q7：用不了怎么办 / 覆盖范围,46.4,,en,已覆盖
does saily esim work in spain,品牌×国家,验证·可用性,品牌×国家子页,新 FAQ Q7：用不了怎么办 / 覆盖范围,46.4,,en,已覆盖
does saily esim work in thailand,品牌×国家,验证·可用性,品牌×国家子页,新 FAQ Q7：用不了怎么办 / 覆盖范围,46.4,,en,已覆盖
does saily esim work in usa,品牌×国家,验证·可用性,品牌×国家子页,新 FAQ Q7：用不了怎么办 / 覆盖范围,46.4,,en,已覆盖
does saily esim work in vietnam,品牌×国家,验证·可用性,品牌×国家子页,新 FAQ Q7：用不了怎么办 / 覆盖范围,46.4,,en,已覆盖
holafly esim morocco not working,品牌×国家,验证·可用性,品牌×国家子页,新 FAQ Q7：用不了怎么办 / 覆盖范围,46.4,,en,已覆盖
ubigi esim coverage japan,品牌×国家,验证·可用性,品牌×国家子页,新 FAQ Q7：用不了怎么办 / 覆盖范围,46.4,,en,已覆盖
does airalo esim work in costa rica,品牌×国家,验证·可用性,品牌×国家子页,新 FAQ Q7：用不了怎么办 / 覆盖范围,44.0,,en,已覆盖
does airalo esim work in saudi arabia,品牌×国家,验证·可用性,品牌×国家子页,新 FAQ Q7：用不了怎么办 / 覆盖范围,44.0,,en,已覆盖
does saily esim work in new zealand,品牌×国家,验证·可用性,品牌×国家子页,新 FAQ Q7：用不了怎么办 / 覆盖范围,44.0,,en,已覆盖
airalo esim australia not working,品牌×国家,验证·可用性,品牌×国家子页,新 FAQ Q7：用不了怎么办 / 覆盖范围,42.6,,en,已覆盖
airalo esim coverage japan,品牌×国家,验证·可用性,品牌×国家子页,新 FAQ Q7：用不了怎么办 / 覆盖范围,42.6,,en,已覆盖
airalo esim indonesia not working,品牌×国家,验证·可用性,品牌×国家子页,新 FAQ Q7：用不了怎么办 / 覆盖范围,42.6,,en,已覆盖
airalo esim not working netherlands,品牌×国家,验证·可用性,品牌×国家子页,新 FAQ Q7：用不了怎么办 / 覆盖范围,42.6,,en,已覆盖
airalo esim peru not working,品牌×国家,验证·可用性,品牌×国家子页,新 FAQ Q7：用不了怎么办 / 覆盖范围,42.6,,en,已覆盖
airalo esim switzerland not working,品牌×国家,验证·可用性,品牌×国家子页,新 FAQ Q7：用不了怎么办 / 覆盖范围,42.6,,en,已覆盖
airalo uae esim not working,品牌×国家,验证·可用性,品牌×国家子页,新 FAQ Q7：用不了怎么办 / 覆盖范围,42.6,,en,已覆盖
does airalo esim work in australia,品牌×国家,验证·可用性,品牌×国家子页,新 FAQ Q7：用不了怎么办 / 覆盖范围,42.6,,en,已覆盖
does airalo esim work in fiji,品牌×国家,验证·可用性,品牌×国家子页,新 FAQ Q7：用不了怎么办 / 覆盖范围,42.6,,en,已覆盖
does airalo esim work in iceland,品牌×国家,验证·可用性,品牌×国家子页,新 FAQ Q7：用不了怎么办 / 覆盖范围,42.6,,en,已覆盖
does airalo esim work in peru,品牌×国家,验证·可用性,品牌×国家子页,新 FAQ Q7：用不了怎么办 / 覆盖范围,42.6,,en,已覆盖
does airalo esim work in qatar,品牌×国家,验证·可用性,品牌×国家子页,新 FAQ Q7：用不了怎么办 / 覆盖范围,42.6,,en,已覆盖
does airalo esim work in vietnam,品牌×国家,验证·可用性,品牌×国家子页,新 FAQ Q7：用不了怎么办 / 覆盖范围,42.6,,en,已覆盖
does nomad esim work in france,品牌×国家,验证·可用性,品牌×国家子页,新 FAQ Q7：用不了怎么办 / 覆盖范围,42.6,,en,已覆盖
does nomad esim work in italy,品牌×国家,验证·可用性,品牌×国家子页,新 FAQ Q7：用不了怎么办 / 覆盖范围,42.6,,en,已覆盖
does nomad esim work in japan,品牌×国家,验证·可用性,品牌×国家子页,新 FAQ Q7：用不了怎么办 / 覆盖范围,42.6,,en,已覆盖
does nomad esim work in mexico,品牌×国家,验证·可用性,品牌×国家子页,新 FAQ Q7：用不了怎么办 / 覆盖范围,42.6,,en,已覆盖
does saily esim work in brazil,品牌×国家,验证·可用性,品牌×国家子页,新 FAQ Q7：用不了怎么办 / 覆盖范围,42.6,,en,已覆盖
does saily esim work in colombia,品牌×国家,验证·可用性,品牌×国家子页,新 FAQ Q7：用不了怎么办 / 覆盖范围,42.6,,en,已覆盖
does saily esim work in egypt,品牌×国家,验证·可用性,品牌×国家子页,新 FAQ Q7：用不了怎么办 / 覆盖范围,42.6,,en,已覆盖
does saily esim work in georgia,品牌×国家,验证·可用性,品牌×国家子页,新 FAQ Q7：用不了怎么办 / 覆盖范围,42.6,,en,已覆盖
does saily esim work in indonesia,品牌×国家,验证·可用性,品牌×国家子页,新 FAQ Q7：用不了怎么办 / 覆盖范围,42.6,,en,已覆盖
does saily esim work in ireland,品牌×国家,验证·可用性,品牌×国家子页,新 FAQ Q7：用不了怎么办 / 覆盖范围,42.6,,en,已覆盖
does saily esim work in kenya,品牌×国家,验证·可用性,品牌×国家子页,新 FAQ Q7：用不了怎么办 / 覆盖范围,42.6,,en,已覆盖
does saily esim work in morocco,品牌×国家,验证·可用性,品牌×国家子页,新 FAQ Q7：用不了怎么办 / 覆盖范围,42.6,,en,已覆盖
does saily esim work in portugal,品牌×国家,验证·可用性,品牌×国家子页,新 FAQ Q7：用不了怎么办 / 覆盖范围,42.6,,en,已覆盖
does saily esim work in singapore,品牌×国家,验证·可用性,品牌×国家子页,新 FAQ Q7：用不了怎么办 / 覆盖范围,42.6,,en,已覆盖
does saily esim work in taiwan,品牌×国家,验证·可用性,品牌×国家子页,新 FAQ Q7：用不了怎么办 / 覆盖范围,42.6,,en,已覆盖
holafly esim mexico not working,品牌×国家,验证·可用性,品牌×国家子页,新 FAQ Q7：用不了怎么办 / 覆盖范围,42.6,,en,已覆盖
saily esim coverage japan,品牌×国家,验证·可用性,品牌×国家子页,新 FAQ Q7：用不了怎么办 / 覆盖范围,42.6,,en,已覆盖
airalo esim brazil not working,品牌×国家,验证·可用性,品牌×国家子页,新 FAQ Q7：用不了怎么办 / 覆盖范围,40.8,,en,已覆盖
airalo esim korea not working,品牌×国家,验证·可用性,品牌×国家子页,新 FAQ Q7：用不了怎么办 / 覆盖范围,40.8,,en,已覆盖
airalo esim portugal not working,品牌×国家,验证·可用性,品牌×国家子页,新 FAQ Q7：用不了怎么办 / 覆盖范围,40.8,,en,已覆盖
airalo esim south africa not working,品牌×国家,验证·可用性,品牌×国家子页,新 FAQ Q7：用不了怎么办 / 覆盖范围,40.8,,en,已覆盖
holafly esim malaysia not working,品牌×国家,验证·可用性,品牌×国家子页,新 FAQ Q7：用不了怎么办 / 覆盖范围,40.8,,en,已覆盖
holafly esim not working fiji,品牌×国家,验证·可用性,品牌×国家子页,新 FAQ Q7：用不了怎么办 / 覆盖范围,40.8,,en,已覆盖
saily esim coverage in japan,品牌×国家,验证·可用性,品牌×国家子页,新 FAQ Q7：用不了怎么办 / 覆盖范围,40.8,,en,已覆盖
does nomad esim work in costa rica,品牌×国家,验证·可用性,品牌×国家子页,新 FAQ Q7：用不了怎么办 / 覆盖范围,40.3,,en,已覆盖
does nomad esim work in saudi arabia,品牌×国家,验证·可用性,品牌×国家子页,新 FAQ Q7：用不了怎么办 / 覆盖范围,40.3,,en,已覆盖
does nomad esim work in south africa,品牌×国家,验证·可用性,品牌×国家子页,新 FAQ Q7：用不了怎么办 / 覆盖范围,40.3,,en,已覆盖
ubigi esim japan coverage map,品牌×国家,验证·可用性,品牌×国家子页,新 FAQ Q7：用不了怎么办 / 覆盖范围,40.3,,en,已覆盖
airalo esim germany not working,品牌×国家,验证·可用性,品牌×国家子页,新 FAQ Q7：用不了怎么办 / 覆盖范围,38.9,,en,已覆盖
airalo esim india not working,品牌×国家,验证·可用性,品牌×国家子页,新 FAQ Q7：用不了怎么办 / 覆盖范围,38.9,,en,已覆盖
airalo esim italy not working,品牌×国家,验证·可用性,品牌×国家子页,新 FAQ Q7：用不了怎么办 / 覆盖范围,38.9,,en,已覆盖
airalo esim mexico not working,品牌×国家,验证·可用性,品牌×国家子页,新 FAQ Q7：用不了怎么办 / 覆盖范围,38.9,,en,已覆盖
airalo esim philippines not working,品牌×国家,验证·可用性,品牌×国家子页,新 FAQ Q7：用不了怎么办 / 覆盖范围,38.9,,en,已覆盖
airalo esim singapore not working,品牌×国家,验证·可用性,品牌×国家子页,新 FAQ Q7：用不了怎么办 / 覆盖范围,38.9,,en,已覆盖
airalo esim thailand not working,品牌×国家,验证·可用性,品牌×国家子页,新 FAQ Q7：用不了怎么办 / 覆盖范围,38.9,,en,已覆盖
does airalo esim work in egypt,品牌×国家,验证·可用性,品牌×国家子页,新 FAQ Q7：用不了怎么办 / 覆盖范围,38.9,,en,已覆盖
does airalo esim work in italy,品牌×国家,验证·可用性,品牌×国家子页,新 FAQ Q7：用不了怎么办 / 覆盖范围,38.9,,en,已覆盖
does airalo esim work in mexico,品牌×国家,验证·可用性,品牌×国家子页,新 FAQ Q7：用不了怎么办 / 覆盖范围,38.9,,en,已覆盖
does airalo esim work in singapore,品牌×国家,验证·可用性,品牌×国家子页,新 FAQ Q7：用不了怎么办 / 覆盖范围,38.9,,en,已覆盖
does holafly esim work in switzerland,品牌×国家,验证·可用性,品牌×国家子页,新 FAQ Q7：用不了怎么办 / 覆盖范围,38.9,,en,已覆盖
does jetpac esim work in. fiji,品牌×国家,验证·可用性,品牌×国家子页,新 FAQ Q7：用不了怎么办 / 覆盖范围,38.9,,en,缺口
does nomad esim work in australia,品牌×国家,验证·可用性,品牌×国家子页,新 FAQ Q7：用不了怎么办 / 覆盖范围,38.9,,en,已覆盖
does nomad esim work in brazil,品牌×国家,验证·可用性,品牌×国家子页,新 FAQ Q7：用不了怎么办 / 覆盖范围,38.9,,en,已覆盖
does nomad esim work in germany,品牌×国家,验证·可用性,品牌×国家子页,新 FAQ Q7：用不了怎么办 / 覆盖范围,38.9,,en,已覆盖
does nomad esim work in greece,品牌×国家,验证·可用性,品牌×国家子页,新 FAQ Q7：用不了怎么办 / 覆盖范围,38.9,,en,已覆盖
does nomad esim work in iceland,品牌×国家,验证·可用性,品牌×国家子页,新 FAQ Q7：用不了怎么办 / 覆盖范围,38.9,,en,已覆盖
does nomad esim work in taiwan,品牌×国家,验证·可用性,品牌×国家子页,新 FAQ Q7：用不了怎么办 / 覆盖范围,38.9,,en,已覆盖
does nomad esim work in thailand,品牌×国家,验证·可用性,品牌×国家子页,新 FAQ Q7：用不了怎么办 / 覆盖范围,38.9,,en,已覆盖
does nomad esim work in vietnam,品牌×国家,验证·可用性,品牌×国家子页,新 FAQ Q7：用不了怎么办 / 覆盖范围,38.9,,en,已覆盖
does saily esim work in canada,品牌×国家,验证·可用性,品牌×国家子页,新 FAQ Q7：用不了怎么办 / 覆盖范围,38.9,,en,已覆盖
does saily esim work in korea,品牌×国家,验证·可用性,品牌×国家子页,新 FAQ Q7：用不了怎么办 / 覆盖范围,38.9,,en,已覆盖
does saily esim work in malaysia,品牌×国家,验证·可用性,品牌×国家子页,新 FAQ Q7：用不了怎么办 / 覆盖范围,38.9,,en,已覆盖
does saily esim work in philippines,品牌×国家,验证·可用性,品牌×国家子页,新 FAQ Q7：用不了怎么办 / 覆盖范围,38.9,,en,已覆盖
does saily esim work in qatar,品牌×国家,验证·可用性,品牌×国家子页,新 FAQ Q7：用不了怎么办 / 覆盖范围,38.9,,en,已覆盖
does saily esim work in south korea,品牌×国家,验证·可用性,品牌×国家子页,新 FAQ Q7：用不了怎么办 / 覆盖范围,38.9,,en,已覆盖
does saily esim work in uae,品牌×国家,验证·可用性,品牌×国家子页,新 FAQ Q7：用不了怎么办 / 覆盖范围,38.9,,en,已覆盖
holafly esim japan not working,品牌×国家,验证·可用性,品牌×国家子页,新 FAQ Q7：用不了怎么办 / 覆盖范围,38.9,,en,已覆盖
holafly esim not working in philippines,品牌×国家,验证·可用性,品牌×国家子页,新 FAQ Q7：用不了怎么办 / 覆盖范围,38.9,,en,已覆盖
holafly esim not working in singapore,品牌×国家,验证·可用性,品牌×国家子页,新 FAQ Q7：用不了怎么办 / 覆盖范围,38.9,,en,已覆盖
holafly esim not working in switzerland,品牌×国家,验证·可用性,品牌×国家子页,新 FAQ Q7：用不了怎么办 / 覆盖范围,38.9,,en,已覆盖
holafly esim not working indonesia,品牌×国家,验证·可用性,品牌×国家子页,新 FAQ Q7：用不了怎么办 / 覆盖范围,38.9,,en,已覆盖
holafly esim not working taiwan,品牌×国家,验证·可用性,品牌×国家子页,新 FAQ Q7：用不了怎么办 / 覆盖范围,38.9,,en,已覆盖
nomad esim coverage japan,品牌×国家,验证·可用性,品牌×国家子页,新 FAQ Q7：用不了怎么办 / 覆盖范围,38.9,,en,已覆盖
nomad esim india not working,品牌×国家,验证·可用性,品牌×国家子页,新 FAQ Q7：用不了怎么办 / 覆盖范围,38.9,,en,已覆盖
nomad esim usa not working,品牌×国家,验证·可用性,品牌×国家子页,新 FAQ Q7：用不了怎么办 / 覆盖范围,38.9,,en,已覆盖
saily esim coverage usa,品牌×国家,验证·可用性,品牌×国家子页,新 FAQ Q7：用不了怎么办 / 覆盖范围,38.9,,en,已覆盖
saily esim indonesia not working,品牌×国家,验证·可用性,品牌×国家子页,新 FAQ Q7：用不了怎么办 / 覆盖范围,38.9,,en,已覆盖
ubigi esim india not working,品牌×国家,验证·可用性,品牌×国家子页,新 FAQ Q7：用不了怎么办 / 覆盖范围,38.9,,en,已覆盖
airalo esim malaysia not working,品牌×国家,验证·可用性,品牌×国家子页,新 FAQ Q7：用不了怎么办 / 覆盖范围,37.0,,en,已覆盖
airalo esim uk not working,品牌×国家,验证·可用性,品牌×国家子页,新 FAQ Q7：用不了怎么办 / 覆盖范围,37.0,,en,已覆盖
saily esim india not working,品牌×国家,验证·可用性,品牌×国家子页,新 FAQ Q7：用不了怎么办 / 覆盖范围,37.0,,en,已覆盖
saily esim japan not working,品牌×国家,验证·可用性,品牌×国家子页,新 FAQ Q7：用不了怎么办 / 覆盖范围,37.0,,en,已覆盖
does airalo esim work in south africa,品牌×国家,验证·可用性,品牌×国家子页,新 FAQ Q7：用不了怎么办 / 覆盖范围,36.5,,en,已覆盖
does holafly esim work in costa rica,品牌×国家,验证·可用性,品牌×国家子页,新 FAQ Q7：用不了怎么办 / 覆盖范围,36.5,,en,已覆盖
airalo esim canada not working,品牌×国家,验证·可用性,品牌×国家子页,新 FAQ Q7：用不了怎么办 / 覆盖范围,35.1,,en,已覆盖
airalo esim not working egypt,品牌×国家,验证·可用性,品牌×国家子页,新 FAQ Q7：用不了怎么办 / 覆盖范围,35.1,,en,已覆盖
airalo esim not working new zealand,品牌×国家,验证·可用性,品牌×国家子页,新 FAQ Q7：用不了怎么办 / 覆盖范围,35.1,,en,已覆盖
airalo esim spain not working,品牌×国家,验证·可用性,品牌×国家子页,新 FAQ Q7：用不了怎么办 / 覆盖范围,35.1,,en,已覆盖
airalo esim taiwan not working,品牌×国家,验证·可用性,品牌×国家子页,新 FAQ Q7：用不了怎么办 / 覆盖范围,35.1,,en,已覆盖
airalo india esim not working,品牌×国家,验证·可用性,品牌×国家子页,新 FAQ Q7：用不了怎么办 / 覆盖范围,35.1,,en,已覆盖
airalo ireland esim not working,品牌×国家,验证·可用性,品牌×国家子页,新 FAQ Q7：用不了怎么办 / 覆盖范围,35.1,,en,已覆盖
does airalo esim work in brazil,品牌×国家,验证·可用性,品牌×国家子页,新 FAQ Q7：用不了怎么办 / 覆盖范围,35.1,,en,已覆盖
does airalo esim work in japan,品牌×国家,验证·可用性,品牌×国家子页,新 FAQ Q7：用不了怎么办 / 覆盖范围,35.1,,en,已覆盖
does airalo esim work in korea,品牌×国家,验证·可用性,品牌×国家子页,新 FAQ Q7：用不了怎么办 / 覆盖范围,35.1,,en,已覆盖
does airalo esim work in taiwan,品牌×国家,验证·可用性,品牌×国家子页,新 FAQ Q7：用不了怎么办 / 覆盖范围,35.1,,en,已覆盖
does airalo esim work in thailand,品牌×国家,验证·可用性,品牌×国家子页,新 FAQ Q7：用不了怎么办 / 覆盖范围,35.1,,en,已覆盖
does airalo esim work in uae,品牌×国家,验证·可用性,品牌×国家子页,新 FAQ Q7：用不了怎么办 / 覆盖范围,35.1,,en,已覆盖
does holafly esim work in germany,品牌×国家,验证·可用性,品牌×国家子页,新 FAQ Q7：用不了怎么办 / 覆盖范围,35.1,,en,已覆盖
does holafly esim.work in iceland,品牌×国家,验证·可用性,品牌×国家子页,新 FAQ Q7：用不了怎么办 / 覆盖范围,35.1,,en,已覆盖
does jetpac esim work in india,品牌×国家,验证·可用性,品牌×国家子页,新 FAQ Q7：用不了怎么办 / 覆盖范围,35.1,,en,已覆盖
does nomad esim work in egypt,品牌×国家,验证·可用性,品牌×国家子页,新 FAQ Q7：用不了怎么办 / 覆盖范围,35.1,,en,已覆盖
does nomad esim work in indonesia,品牌×国家,验证·可用性,品牌×国家子页,新 FAQ Q7：用不了怎么办 / 覆盖范围,35.1,,en,已覆盖
does nomad esim work in ireland,品牌×国家,验证·可用性,品牌×国家子页,新 FAQ Q7：用不了怎么办 / 覆盖范围,35.1,,en,已覆盖
does nomad esim work in kenya,品牌×国家,验证·可用性,品牌×国家子页,新 FAQ Q7：用不了怎么办 / 覆盖范围,35.1,,en,已覆盖
does nomad esim work in malaysia,品牌×国家,验证·可用性,品牌×国家子页,新 FAQ Q7：用不了怎么办 / 覆盖范围,35.1,,en,已覆盖
does nomad esim work in morocco,品牌×国家,验证·可用性,品牌×国家子页,新 FAQ Q7：用不了怎么办 / 覆盖范围,35.1,,en,已覆盖
does nomad esim work in portugal,品牌×国家,验证·可用性,品牌×国家子页,新 FAQ Q7：用不了怎么办 / 覆盖范围,35.1,,en,已覆盖
does nomad esim work in singapore,品牌×国家,验证·可用性,品牌×国家子页,新 FAQ Q7：用不了怎么办 / 覆盖范围,35.1,,en,已覆盖
does saily esim work in italy,品牌×国家,验证·可用性,品牌×国家子页,新 FAQ Q7：用不了怎么办 / 覆盖范围,35.1,,en,已覆盖
does saily esim work in switzerland,品牌×国家,验证·可用性,品牌×国家子页,新 FAQ Q7：用不了怎么办 / 覆盖范围,35.1,,en,已覆盖
does ubigi esim work in japan,品牌×国家,验证·可用性,品牌×国家子页,新 FAQ Q7：用不了怎么办 / 覆盖范围,35.1,,en,已覆盖
nomad esim coverage usa,品牌×国家,验证·可用性,品牌×国家子页,新 FAQ Q7：用不了怎么办 / 覆盖范围,35.1,,en,已覆盖
nomad esim mexico not working,品牌×国家,验证·可用性,品牌×国家子页,新 FAQ Q7：用不了怎么办 / 覆盖范围,35.1,,en,已覆盖
saily esim coverage thailand,品牌×国家,验证·可用性,品牌×国家子页,新 FAQ Q7：用不了怎么办 / 覆盖范围,35.1,,en,已覆盖
saily esim italy coverage,品牌×国家,验证·可用性,品牌×国家子页,新 FAQ Q7：用不了怎么办 / 覆盖范围,35.1,,en,已覆盖
saily esim not working in germany,品牌×国家,验证·可用性,品牌×国家子页,新 FAQ Q7：用不了怎么办 / 覆盖范围,35.1,,en,已覆盖
saily esim not working thailand,品牌×国家,验证·可用性,品牌×国家子页,新 FAQ Q7：用不了怎么办 / 覆盖范围,35.1,,en,已覆盖
saily esim thailand not working,品牌×国家,验证·可用性,品牌×国家子页,新 FAQ Q7：用不了怎么办 / 覆盖范围,35.1,,en,已覆盖
holafly esim thailand not working,品牌×国家,验证·可用性,品牌×国家子页,新 FAQ Q7：用不了怎么办 / 覆盖范围,33.2,,en,已覆盖
holafly esim.not working in new zealand,品牌×国家,验证·可用性,品牌×国家子页,新 FAQ Q7：用不了怎么办 / 覆盖范围,33.2,,en,已覆盖
saily esim mexico not working,品牌×国家,验证·可用性,品牌×国家子页,新 FAQ Q7：用不了怎么办 / 覆盖范围,33.2,,en,已覆盖
saily esim vietnam not working,品牌×国家,验证·可用性,品牌×国家子页,新 FAQ Q7：用不了怎么办 / 覆盖范围,33.2,,en,已覆盖
does holafly esim work in south africa,品牌×国家,验证·可用性,品牌×国家子页,新 FAQ Q7：用不了怎么办 / 覆盖范围,32.8,,en,已覆盖
does saily esim work in saudi arabia,品牌×国家,验证·可用性,品牌×国家子页,新 FAQ Q7：用不了怎么办 / 覆盖范围,32.8,,en,已覆盖
holafly esim usa coverage,品牌×国家,验证·可用性,品牌×国家子页,新 FAQ Q7：用不了怎么办 / 覆盖范围,32.8,,en,已覆盖
nomad esim canada coverage,品牌×国家,验证·可用性,品牌×国家子页,新 FAQ Q7：用不了怎么办 / 覆盖范围,32.8,,en,已覆盖
does airalo esim work in france,品牌×国家,验证·可用性,品牌×国家子页,新 FAQ Q7：用不了怎么办 / 覆盖范围,31.4,,en,已覆盖
does airalo esim work in greece,品牌×国家,验证·可用性,品牌×国家子页,新 FAQ Q7：用不了怎么办 / 覆盖范围,31.4,,en,已覆盖
does airalo esim work in indonesia,品牌×国家,验证·可用性,品牌×国家子页,新 FAQ Q7：用不了怎么办 / 覆盖范围,31.4,,en,已覆盖
does airalo esim work in ireland,品牌×国家,验证·可用性,品牌×国家子页,新 FAQ Q7：用不了怎么办 / 覆盖范围,31.4,,en,已覆盖
does airalo esim work in morocco,品牌×国家,验证·可用性,品牌×国家子页,新 FAQ Q7：用不了怎么办 / 覆盖范围,31.4,,en,已覆盖
does holafly esim work in vietnam,品牌×国家,验证·可用性,品牌×国家子页,新 FAQ Q7：用不了怎么办 / 覆盖范围,31.4,,en,已覆盖
does jetpac esim work in singapore,品牌×国家,验证·可用性,品牌×国家子页,新 FAQ Q7：用不了怎么办 / 覆盖范围,31.4,,en,已覆盖
does nomad esim work in spain,品牌×国家,验证·可用性,品牌×国家子页,新 FAQ Q7：用不了怎么办 / 覆盖范围,31.4,,en,已覆盖
does saily esim work in india,品牌×国家,验证·可用性,品牌×国家子页,新 FAQ Q7：用不了怎么办 / 覆盖范围,31.4,,en,已覆盖
does saily esim.work in uk,品牌×国家,验证·可用性,品牌×国家子页,新 FAQ Q7：用不了怎么办 / 覆盖范围,31.4,,en,已覆盖
saily esim coverage vietnam,品牌×国家,验证·可用性,品牌×国家子页,新 FAQ Q7：用不了怎么办 / 覆盖范围,31.4,,en,已覆盖
saily esim malaysia not working,品牌×国家,验证·可用性,品牌×国家子页,新 FAQ Q7：用不了怎么办 / 覆盖范围,31.4,,en,已覆盖
saily esim uk not working,品牌×国家,验证·可用性,品牌×国家子页,新 FAQ Q7：用不了怎么办 / 覆盖范围,31.4,,en,已覆盖
airalo esim vietnam not working,品牌×国家,验证·可用性,品牌×国家子页,新 FAQ Q7：用不了怎么办 / 覆盖范围,29.5,,en,已覆盖
nomad esim japan not working,品牌×国家,验证·可用性,品牌×国家子页,新 FAQ Q7：用不了怎么办 / 覆盖范围,29.5,,en,已覆盖
saily esim not working in singapore,品牌×国家,验证·可用性,品牌×国家子页,新 FAQ Q7：用不了怎么办 / 覆盖范围,29.5,,en,已覆盖
will saily esim for spain work in mallorca,品牌×国家,验证·可用性,品牌×国家子页,新 FAQ Q7：用不了怎么办 / 覆盖范围,29.5,,en,已覆盖
airalo esim usa coverage,品牌×国家,验证·可用性,品牌×国家子页,新 FAQ Q7：用不了怎么办 / 覆盖范围,27.6,,en,已覆盖
does airalo esim work in germany,品牌×国家,验证·可用性,品牌×国家子页,新 FAQ Q7：用不了怎么办 / 覆盖范围,27.6,,en,已覆盖
does airalo esim work in spain,品牌×国家,验证·可用性,品牌×国家子页,新 FAQ Q7：用不了怎么办 / 覆盖范围,27.6,,en,已覆盖
does airalo esim work in uk,品牌×国家,验证·可用性,品牌×国家子页,新 FAQ Q7：用不了怎么办 / 覆盖范围,27.6,,en,已覆盖
does holafly esim work in japan,品牌×国家,验证·可用性,品牌×国家子页,新 FAQ Q7：用不了怎么办 / 覆盖范围,27.6,,en,已覆盖
does holafly esim work in morocco,品牌×国家,验证·可用性,品牌×国家子页,新 FAQ Q7：用不了怎么办 / 覆盖范围,27.6,,en,已覆盖
does holafly esim work in thailand,品牌×国家,验证·可用性,品牌×国家子页,新 FAQ Q7：用不了怎么办 / 覆盖范围,27.6,,en,已覆盖
does nomad esim work in india,品牌×国家,验证·可用性,品牌×国家子页,新 FAQ Q7：用不了怎么办 / 覆盖范围,27.6,,en,已覆盖
does nomad esim work in philippines,品牌×国家,验证·可用性,品牌×国家子页,新 FAQ Q7：用不了怎么办 / 覆盖范围,27.6,,en,已覆盖
does nomad esim work in switzerland,品牌×国家,验证·可用性,品牌×国家子页,新 FAQ Q7：用不了怎么办 / 覆盖范围,27.6,,en,已覆盖
does nomad esim work in usa,品牌×国家,验证·可用性,品牌×国家子页,新 FAQ Q7：用不了怎么办 / 覆盖范围,27.6,,en,已覆盖
does ubigi esim work in korea,品牌×国家,验证·可用性,品牌×国家子页,新 FAQ Q7：用不了怎么办 / 覆盖范围,27.6,,en,已覆盖
holafly esim japan coverage,品牌×国家,验证·可用性,品牌×国家子页,新 FAQ Q7：用不了怎么办 / 覆盖范围,27.6,,en,已覆盖
holafly esim usa not working,品牌×国家,验证·可用性,品牌×国家子页,新 FAQ Q7：用不了怎么办 / 覆盖范围,27.6,,en,已覆盖
nomad esim work in india,品牌×国家,验证·可用性,品牌×国家子页,新 FAQ Q7：用不了怎么办 / 覆盖范围,27.6,,en,已覆盖
saily esim coverage india,品牌×国家,验证·可用性,品牌×国家子页,新 FAQ Q7：用不了怎么办 / 覆盖范围,27.6,,en,已覆盖
saily esim mexico coverage,品牌×国家,验证·可用性,品牌×国家子页,新 FAQ Q7：用不了怎么办 / 覆盖范围,27.6,,en,已覆盖
saily esim not working philippines,品牌×国家,验证·可用性,品牌×国家子页,新 FAQ Q7：用不了怎么办 / 覆盖范围,27.6,,en,已覆盖
saily esim usa coverage,品牌×国家,验证·可用性,品牌×国家子页,新 FAQ Q7：用不了怎么办 / 覆盖范围,27.6,,en,已覆盖
holafly esim not working in canada,品牌×国家,验证·可用性,品牌×国家子页,新 FAQ Q7：用不了怎么办 / 覆盖范围,25.8,,en,已覆盖
saily esim not working in france,品牌×国家,验证·可用性,品牌×国家子页,新 FAQ Q7：用不了怎么办 / 覆盖范围,25.8,,en,已覆盖
saily esim not working in spain,品牌×国家,验证·可用性,品牌×国家子页,新 FAQ Q7：用不了怎么办 / 覆盖范围,25.8,,en,已覆盖
airalo esim thailand coverage,品牌×国家,验证·可用性,品牌×国家子页,新 FAQ Q7：用不了怎么办 / 覆盖范围,25.2,,en,已覆盖
nomad esim thailand coverage,品牌×国家,验证·可用性,品牌×国家子页,新 FAQ Q7：用不了怎么办 / 覆盖范围,25.2,,en,已覆盖
airalo esim japan not working,品牌×国家,验证·可用性,品牌×国家子页,新 FAQ Q7：用不了怎么办 / 覆盖范围,23.9,,en,已覆盖
does airalo esim work in india,品牌×国家,验证·可用性,品牌×国家子页,新 FAQ Q7：用不了怎么办 / 覆盖范围,23.9,,en,已覆盖
does airalo esim work in usa,品牌×国家,验证·可用性,品牌×国家子页,新 FAQ Q7：用不了怎么办 / 覆盖范围,23.9,,en,已覆盖
does holafly esim work in france,品牌×国家,验证·可用性,品牌×国家子页,新 FAQ Q7：用不了怎么办 / 覆盖范围,23.9,,en,已覆盖
does holafly esim work in italy,品牌×国家,验证·可用性,品牌×国家子页,新 FAQ Q7：用不了怎么办 / 覆盖范围,23.9,,en,已覆盖
does holafly esim work in singapore,品牌×国家,验证·可用性,品牌×国家子页,新 FAQ Q7：用不了怎么办 / 覆盖范围,23.9,,en,已覆盖
does nomad esim work in canada,品牌×国家,验证·可用性,品牌×国家子页,新 FAQ Q7：用不了怎么办 / 覆盖范围,23.9,,en,已覆盖
does nomad esim work in uk,品牌×国家,验证·可用性,品牌×国家子页,新 FAQ Q7：用不了怎么办 / 覆盖范围,23.9,,en,已覆盖
holafly esim not working vietnam,品牌×国家,验证·可用性,品牌×国家子页,新 FAQ Q7：用不了怎么办 / 覆盖范围,23.9,,en,已覆盖
nomad esim singapore not working,品牌×国家,验证·可用性,品牌×国家子页,新 FAQ Q7：用不了怎么办 / 覆盖范围,23.9,,en,已覆盖
saily esim coverage canada,品牌×国家,验证·可用性,品牌×国家子页,新 FAQ Q7：用不了怎么办 / 覆盖范围,23.9,,en,已覆盖
holafly esim uk not working,品牌×国家,验证·可用性,品牌×国家子页,新 FAQ Q7：用不了怎么办 / 覆盖范围,22.0,,en,已覆盖
saily esim canada not working,品牌×国家,验证·可用性,品牌×国家子页,新 FAQ Q7：用不了怎么办 / 覆盖范围,22.0,,en,已覆盖
does airalo portugal esim work in madeira,品牌×国家,验证·可用性,品牌×国家子页,新 FAQ Q7：用不了怎么办 / 覆盖范围,21.5,,en,已覆盖
does holafly esim work in egypt,品牌×国家,验证·可用性,品牌×国家子页,新 FAQ Q7：用不了怎么办 / 覆盖范围,20.1,,en,已覆盖
does holafly esim work in mexico,品牌×国家,验证·可用性,品牌×国家子页,新 FAQ Q7：用不了怎么办 / 覆盖范围,20.1,,en,已覆盖
saily esim coverage uk,品牌×国家,验证·可用性,品牌×国家子页,新 FAQ Q7：用不了怎么办 / 覆盖范围,20.1,,en,已覆盖
saily esim thailand coverage,品牌×国家,验证·可用性,品牌×国家子页,新 FAQ Q7：用不了怎么办 / 覆盖范围,20.1,,en,已覆盖
holafly esim not working korea,品牌×国家,验证·可用性,品牌×国家子页,新 FAQ Q7：用不了怎么办 / 覆盖范围,18.2,,en,已覆盖
saily esim australia not working,品牌×国家,验证·可用性,品牌×国家子页,新 FAQ Q7：用不了怎么办 / 覆盖范围,18.2,,en,已覆盖
does airalo france esim work in monaco,品牌×国家,验证·可用性,品牌×国家子页,新 FAQ Q7：用不了怎么办 / 覆盖范围,17.8,,en,已覆盖
saily esim australia coverage,品牌×国家,验证·可用性,品牌×国家子页,新 FAQ Q7：用不了怎么办 / 覆盖范围,17.8,,en,已覆盖
does holafly esim work in india,品牌×国家,验证·可用性,品牌×国家子页,新 FAQ Q7：用不了怎么办 / 覆盖范围,16.4,,en,已覆盖
does holafly esim work in the philippines,品牌×国家,验证·可用性,品牌×国家子页,新 FAQ Q7：用不了怎么办 / 覆盖范围,16.4,,en,已覆盖
does nomad esim work in korea,品牌×国家,验证·可用性,品牌×国家子页,新 FAQ Q7：用不了怎么办 / 覆盖范围,16.4,,en,已覆盖
does ubigi esim work in vietnam,品牌×国家,验证·可用性,品牌×国家子页,新 FAQ Q7：用不了怎么办 / 覆盖范围,16.4,,en,已覆盖
nomad esim not working in korea,品牌×国家,验证·可用性,品牌×国家子页,新 FAQ Q7：用不了怎么办 / 覆盖范围,16.4,,en,已覆盖
nomad esim usa coverage,品牌×国家,验证·可用性,品牌×国家子页,新 FAQ Q7：用不了怎么办 / 覆盖范围,16.4,,en,已覆盖
saily esim india coverage,品牌×国家,验证·可用性,品牌×国家子页,新 FAQ Q7：用不了怎么办 / 覆盖范围,16.4,,en,已覆盖
saily esim usa not working,品牌×国家,验证·可用性,品牌×国家子页,新 FAQ Q7：用不了怎么办 / 覆盖范围,16.4,,en,已覆盖
airalo esim china erfahrungen,品牌×国家,验证·德语评价,品牌×国家子页（/de/）,德文 FAQ：Erfahrungen / Aktivierung,46.4,,de,已覆盖
airalo esim japan erfahrungen,品牌×国家,验证·德语评价,品牌×国家子页（/de/）,德文 FAQ：Erfahrungen / Aktivierung,46.4,,de,已覆盖
airalo esim thailand aktivieren,品牌×国家,验证·德语评价,品牌×国家子页（/de/）,德文 FAQ：Erfahrungen / Aktivierung,46.4,,de,已覆盖
airalo esim usa erfahrungen,品牌×国家,验证·德语评价,品牌×国家子页（/de/）,德文 FAQ：Erfahrungen / Aktivierung,46.4,,de,已覆盖
holafly esim japan erfahrungen,品牌×国家,验证·德语评价,品牌×国家子页（/de/）,德文 FAQ：Erfahrungen / Aktivierung,46.4,,de,已覆盖
holafly esim usa erfahrungen,品牌×国家,验证·德语评价,品牌×国家子页（/de/）,德文 FAQ：Erfahrungen / Aktivierung,46.4,,de,已覆盖
nomad esim china erfahrungen,品牌×国家,验证·德语评价,品牌×国家子页（/de/）,德文 FAQ：Erfahrungen / Aktivierung,46.4,,de,已覆盖
nomad esim usa erfahrungen,品牌×国家,验证·德语评价,品牌×国家子页（/de/）,德文 FAQ：Erfahrungen / Aktivierung,46.4,,de,已覆盖
roamic esim japan erfahrungen,品牌×国家,验证·德语评价,品牌×国家子页（/de/）,德文 FAQ：Erfahrungen / Aktivierung,46.4,,de,已覆盖
saily esim china erfahrungen,品牌×国家,验证·德语评价,品牌×国家子页（/de/）,德文 FAQ：Erfahrungen / Aktivierung,46.4,,de,已覆盖
saily esim japan erfahrungen,品牌×国家,验证·德语评价,品牌×国家子页（/de/）,德文 FAQ：Erfahrungen / Aktivierung,46.4,,de,已覆盖
saily esim thailand erfahrungen,品牌×国家,验证·德语评价,品牌×国家子页（/de/）,德文 FAQ：Erfahrungen / Aktivierung,46.4,,de,已覆盖
saily esim usa erfahrungen,品牌×国家,验证·德语评价,品牌×国家子页（/de/）,德文 FAQ：Erfahrungen / Aktivierung,46.4,,de,已覆盖
saily esim vietnam erfahrungen,品牌×国家,验证·德语评价,品牌×国家子页（/de/）,德文 FAQ：Erfahrungen / Aktivierung,46.4,,de,已覆盖
roamic esim thailand erfahrungen,品牌×国家,验证·德语评价,品牌×国家子页（/de/）,德文 FAQ：Erfahrungen / Aktivierung,44.5,,de,已覆盖
yesim esim thailand erfahrungen,品牌×国家,验证·德语评价,品牌×国家子页（/de/）,德文 FAQ：Erfahrungen / Aktivierung,44.5,,de,已覆盖
yesim esim usa erfahrungen,品牌×国家,验证·德语评价,品牌×国家子页（/de/）,德文 FAQ：Erfahrungen / Aktivierung,44.5,,de,已覆盖
airalo esim japan aktivieren,品牌×国家,验证·德语评价,品牌×国家子页（/de/）,德文 FAQ：Erfahrungen / Aktivierung,42.6,,de,已覆盖
airalo esim thailand erfahrungen,品牌×国家,验证·德语评价,品牌×国家子页（/de/）,德文 FAQ：Erfahrungen / Aktivierung,42.6,,de,已覆盖
airalo esim usa funktioniert nicht,品牌×国家,验证·德语评价,品牌×国家子页（/de/）,德文 FAQ：Erfahrungen / Aktivierung,42.6,,de,已覆盖
holafly esim usa funktioniert nicht,品牌×国家,验证·德语评价,品牌×国家子页（/de/）,德文 FAQ：Erfahrungen / Aktivierung,42.6,,de,已覆盖
saily esim peru erfahrungen,品牌×国家,验证·德语评价,品牌×国家子页（/de/）,德文 FAQ：Erfahrungen / Aktivierung,42.6,,de,已覆盖
saily esim thailand kosten,品牌×国家,验证·德语评价,品牌×国家子页（/de/）,德文 FAQ：Erfahrungen / Aktivierung,42.6,,de,已覆盖
saily esim usa aktivieren,品牌×国家,验证·德语评价,品牌×国家子页（/de/）,德文 FAQ：Erfahrungen / Aktivierung,42.6,,de,已覆盖
ubigi esim japan erfahrungen,品牌×国家,验证·德语评价,品牌×国家子页（/de/）,德文 FAQ：Erfahrungen / Aktivierung,40.3,,de,已覆盖
airalo esim japan funktioniert nicht,品牌×国家,验证·德语评价,品牌×国家子页（/de/）,德文 FAQ：Erfahrungen / Aktivierung,38.9,,de,已覆盖
holafly esim china erfahrungen,品牌×国家,验证·德语评价,品牌×国家子页（/de/）,德文 FAQ：Erfahrungen / Aktivierung,38.9,,de,已覆盖
nomad esim philippines erfahrungen,品牌×国家,验证·德语评价,品牌×国家子页（/de/）,德文 FAQ：Erfahrungen / Aktivierung,38.9,,de,已覆盖
holafly esim thailand erfahrungen,品牌×国家,验证·德语评价,品牌×国家子页（/de/）,德文 FAQ：Erfahrungen / Aktivierung,37.0,,de,已覆盖
nomad esim thailand erfahrungen,品牌×国家,验证·德语评价,品牌×国家子页（/de/）,德文 FAQ：Erfahrungen / Aktivierung,37.0,,de,已覆盖
nomad esim vietnam erfahrungen,品牌×国家,验证·德语评价,品牌×国家子页（/de/）,德文 FAQ：Erfahrungen / Aktivierung,37.0,,de,已覆盖
airalo esim peru erfahrungen,品牌×国家,验证·德语评价,品牌×国家子页（/de/）,德文 FAQ：Erfahrungen / Aktivierung,35.1,,de,已覆盖
airalo esim usa aktivieren,品牌×国家,验证·德语评价,品牌×国家子页（/de/）,德文 FAQ：Erfahrungen / Aktivierung,35.1,,de,已覆盖
jetpac esim usa erfahrungen,品牌×国家,验证·德语评价,品牌×国家子页（/de/）,德文 FAQ：Erfahrungen / Aktivierung,35.1,,de,已覆盖
roamic esim china erfahrungen,品牌×国家,验证·德语评价,品牌×国家子页（/de/）,德文 FAQ：Erfahrungen / Aktivierung,35.1,,de,已覆盖
saily esim erfahrungen costa rica,品牌×国家,验证·德语评价,品牌×国家子页（/de/）,德文 FAQ：Erfahrungen / Aktivierung,35.1,,de,已覆盖
ubigi esim usa erfahrungen,品牌×国家,验证·德语评价,品牌×国家子页（/de/）,德文 FAQ：Erfahrungen / Aktivierung,35.1,,de,已覆盖
airalo esim vietnam erfahrungen,品牌×国家,验证·德语评价,品牌×国家子页（/de/）,德文 FAQ：Erfahrungen / Aktivierung,31.4,,de,已覆盖
holafly esim usa aktivieren,品牌×国家,验证·德语评价,品牌×国家子页（/de/）,德文 FAQ：Erfahrungen / Aktivierung,31.4,,de,已覆盖
saily esim thailand aktivieren,品牌×国家,验证·德语评价,品牌×国家子页（/de/）,德文 FAQ：Erfahrungen / Aktivierung,31.4,,de,已覆盖
holafly esim vietnam erfahrungen,品牌×国家,验证·德语评价,品牌×国家子页（/de/）,德文 FAQ：Erfahrungen / Aktivierung,27.6,,de,已覆盖
saily esim usa kosten,品牌×国家,验证·德语评价,品牌×国家子页（/de/）,德文 FAQ：Erfahrungen / Aktivierung,23.9,,de,已覆盖
airalo esim thailand kosten,品牌×国家,验证·德语评价,品牌×国家子页（/de/）,德文 FAQ：Erfahrungen / Aktivierung,20.1,,de,已覆盖
airalo esim uae reddit,品牌×国家,验证·评价,品牌×国家子页,新 FAQ Q6：用户反馈与口碑,47.8,0.0,en,已覆盖
jetpac esim costa rica review,品牌×国家,验证·评价,品牌×国家子页,新 FAQ Q6：用户反馈与口碑,47.8,0.0,en,已覆盖
nomad esim reddit canada,品牌×国家,验证·评价,品牌×国家子页,新 FAQ Q6：用户反馈与口碑,47.8,0.0,en,已覆盖
roamic esim reviews spain,品牌×国家,验证·评价,品牌×国家子页,新 FAQ Q6：用户反馈与口碑,47.8,0.0,en,已覆盖
saily esim korea reddit,品牌×国家,验证·评价,品牌×国家子页,新 FAQ Q6：用户反馈与口碑,47.8,0.0,en,已覆盖
ubigi esim taiwan reddit,品牌×国家,验证·评价,品牌×国家子页,新 FAQ Q6：用户反馈与口碑,47.8,0.0,en,已覆盖
airalo esim australia review,品牌×国家,验证·评价,品牌×国家子页,新 FAQ Q6：用户反馈与口碑,46.4,,en,已覆盖
airalo esim brazil review,品牌×国家,验证·评价,品牌×国家子页,新 FAQ Q6：用户反馈与口碑,46.4,,en,已覆盖
airalo esim colombia review,品牌×国家,验证·评价,品牌×国家子页,新 FAQ Q6：用户反馈与口碑,46.4,,en,已覆盖
airalo esim egypt review,品牌×国家,验证·评价,品牌×国家子页,新 FAQ Q6：用户反馈与口碑,46.4,,en,已覆盖
airalo esim fiji review,品牌×国家,验证·评价,品牌×国家子页,新 FAQ Q6：用户反馈与口碑,46.4,,en,已覆盖
airalo esim germany review,品牌×国家,验证·评价,品牌×国家子页,新 FAQ Q6：用户反馈与口碑,46.4,,en,已覆盖
airalo esim indonesia review,品牌×国家,验证·评价,品牌×国家子页,新 FAQ Q6：用户反馈与口碑,46.4,,en,已覆盖
airalo esim ireland review,品牌×国家,验证·评价,品牌×国家子页,新 FAQ Q6：用户反馈与口碑,46.4,,en,已覆盖
airalo esim italy review,品牌×国家,验证·评价,品牌×国家子页,新 FAQ Q6：用户反馈与口碑,46.4,,en,已覆盖
airalo esim japan review,品牌×国家,验证·评价,品牌×国家子页,新 FAQ Q6：用户反馈与口碑,46.4,,en,已覆盖
airalo esim mexico review,品牌×国家,验证·评价,品牌×国家子页,新 FAQ Q6：用户反馈与口碑,46.4,,en,已覆盖
airalo esim peru review,品牌×国家,验证·评价,品牌×国家子页,新 FAQ Q6：用户反馈与口碑,46.4,,en,已覆盖
airalo esim philippines review,品牌×国家,验证·评价,品牌×国家子页,新 FAQ Q6：用户反馈与口碑,46.4,,en,已覆盖
airalo esim spain review,品牌×国家,验证·评价,品牌×国家子页,新 FAQ Q6：用户反馈与口碑,46.4,,en,已覆盖
airalo esim switzerland review,品牌×国家,验证·评价,品牌×国家子页,新 FAQ Q6：用户反馈与口碑,46.4,,en,已覆盖
airalo esim thailand review,品牌×国家,验证·评价,品牌×国家子页,新 FAQ Q6：用户反馈与口碑,46.4,,en,已覆盖
holafly esim argentina review,品牌×国家,验证·评价,品牌×国家子页,新 FAQ Q6：用户反馈与口碑,46.4,,en,已覆盖
holafly esim australia review,品牌×国家,验证·评价,品牌×国家子页,新 FAQ Q6：用户反馈与口碑,46.4,,en,已覆盖
holafly esim brazil review,品牌×国家,验证·评价,品牌×国家子页,新 FAQ Q6：用户反馈与口碑,46.4,,en,已覆盖
holafly esim colombia review,品牌×国家,验证·评价,品牌×国家子页,新 FAQ Q6：用户反馈与口碑,46.4,,en,已覆盖
holafly esim egypt review,品牌×国家,验证·评价,品牌×国家子页,新 FAQ Q6：用户反馈与口碑,46.4,,en,已覆盖
holafly esim fiji review,品牌×国家,验证·评价,品牌×国家子页,新 FAQ Q6：用户反馈与口碑,46.4,,en,已覆盖
holafly esim france review,品牌×国家,验证·评价,品牌×国家子页,新 FAQ Q6：用户反馈与口碑,46.4,,en,已覆盖
holafly esim germany review,品牌×国家,验证·评价,品牌×国家子页,新 FAQ Q6：用户反馈与口碑,46.4,,en,已覆盖
holafly esim greece review,品牌×国家,验证·评价,品牌×国家子页,新 FAQ Q6：用户反馈与口碑,46.4,,en,已覆盖
holafly esim iceland review,品牌×国家,验证·评价,品牌×国家子页,新 FAQ Q6：用户反馈与口碑,46.4,,en,已覆盖
holafly esim india review,品牌×国家,验证·评价,品牌×国家子页,新 FAQ Q6：用户反馈与口碑,46.4,,en,已覆盖
holafly esim indonesia review,品牌×国家,验证·评价,品牌×国家子页,新 FAQ Q6：用户反馈与口碑,46.4,,en,已覆盖
holafly esim italy review,品牌×国家,验证·评价,品牌×国家子页,新 FAQ Q6：用户反馈与口碑,46.4,,en,已覆盖
holafly esim japan review,品牌×国家,验证·评价,品牌×国家子页,新 FAQ Q6：用户反馈与口碑,46.4,,en,已覆盖
holafly esim kenya review,品牌×国家,验证·评价,品牌×国家子页,新 FAQ Q6：用户反馈与口碑,46.4,,en,已覆盖
holafly esim mexico review,品牌×国家,验证·评价,品牌×国家子页,新 FAQ Q6：用户反馈与口碑,46.4,,en,已覆盖
holafly esim peru review,品牌×国家,验证·评价,品牌×国家子页,新 FAQ Q6：用户反馈与口碑,46.4,,en,已覆盖
holafly esim philippines review,品牌×国家,验证·评价,品牌×国家子页,新 FAQ Q6：用户反馈与口碑,46.4,,en,已覆盖
holafly esim portugal review,品牌×国家,验证·评价,品牌×国家子页,新 FAQ Q6：用户反馈与口碑,46.4,,en,已覆盖
holafly esim review costa rica,品牌×国家,验证·评价,品牌×国家子页,新 FAQ Q6：用户反馈与口碑,46.4,,en,已覆盖
holafly esim singapore review,品牌×国家,验证·评价,品牌×国家子页,新 FAQ Q6：用户反馈与口碑,46.4,,en,已覆盖
holafly esim switzerland review,品牌×国家,验证·评价,品牌×国家子页,新 FAQ Q6：用户反馈与口碑,46.4,,en,已覆盖
holafly esim taiwan review,品牌×国家,验证·评价,品牌×国家子页,新 FAQ Q6：用户反馈与口碑,46.4,,en,已覆盖
holafly esim thailand review,品牌×国家,验证·评价,品牌×国家子页,新 FAQ Q6：用户反馈与口碑,46.4,,en,已覆盖
holafly esim uae review,品牌×国家,验证·评价,品牌×国家子页,新 FAQ Q6：用户反馈与口碑,46.4,,en,已覆盖
holafly esim usa review,品牌×国家,验证·评价,品牌×国家子页,新 FAQ Q6：用户反馈与口碑,46.4,,en,已覆盖
is saily esim good for japan,品牌×国家,验证·评价,品牌×国家子页,新 FAQ Q6：用户反馈与口碑,46.4,,en,已覆盖
is saily esim good for malaysia,品牌×国家,验证·评价,品牌×国家子页,新 FAQ Q6：用户反馈与口碑,46.4,,en,已覆盖
is ubigi esim good for japan,品牌×国家,验证·评价,品牌×国家子页,新 FAQ Q6：用户反馈与口碑,46.4,,en,已覆盖
jetpac esim australia review,品牌×国家,验证·评价,品牌×国家子页,新 FAQ Q6：用户反馈与口碑,46.4,,en,已覆盖
jetpac esim canada review,品牌×国家,验证·评价,品牌×国家子页,新 FAQ Q6：用户反馈与口碑,46.4,,en,已覆盖
jetpac esim colombia review,品牌×国家,验证·评价,品牌×国家子页,新 FAQ Q6：用户反馈与口碑,46.4,,en,已覆盖
jetpac esim germany reddit,品牌×国家,验证·评价,品牌×国家子页,新 FAQ Q6：用户反馈与口碑,46.4,,en,已覆盖
jetpac esim greece review,品牌×国家,验证·评价,品牌×国家子页,新 FAQ Q6：用户反馈与口碑,46.4,,en,已覆盖
jetpac esim india review,品牌×国家,验证·评价,品牌×国家子页,新 FAQ Q6：用户反馈与口碑,46.4,,en,已覆盖
jetpac esim indonesia review,品牌×国家,验证·评价,品牌×国家子页,新 FAQ Q6：用户反馈与口碑,46.4,,en,已覆盖
jetpac esim italy review,品牌×国家,验证·评价,品牌×国家子页,新 FAQ Q6：用户反馈与口碑,46.4,,en,已覆盖
jetpac esim japan review,品牌×国家,验证·评价,品牌×国家子页,新 FAQ Q6：用户反馈与口碑,46.4,,en,已覆盖
jetpac esim korea review,品牌×国家,验证·评价,品牌×国家子页,新 FAQ Q6：用户反馈与口碑,46.4,,en,已覆盖
jetpac esim malaysia review,品牌×国家,验证·评价,品牌×国家子页,新 FAQ Q6：用户反馈与口碑,46.4,,en,已覆盖
jetpac esim morocco review,品牌×国家,验证·评价,品牌×国家子页,新 FAQ Q6：用户反馈与口碑,46.4,,en,已覆盖
jetpac esim peru review,品牌×国家,验证·评价,品牌×国家子页,新 FAQ Q6：用户反馈与口碑,46.4,,en,已覆盖
jetpac esim philippines review,品牌×国家,验证·评价,品牌×国家子页,新 FAQ Q6：用户反馈与口碑,46.4,,en,已覆盖
jetpac esim spain review,品牌×国家,验证·评价,品牌×国家子页,新 FAQ Q6：用户反馈与口碑,46.4,,en,已覆盖
jetpac esim thailand review,品牌×国家,验证·评价,品牌×国家子页,新 FAQ Q6：用户反馈与口碑,46.4,,en,已覆盖
jetpac esim uk review,品牌×国家,验证·评价,品牌×国家子页,新 FAQ Q6：用户反馈与口碑,46.4,,en,已覆盖
jetpac esim usa review,品牌×国家,验证·评价,品牌×国家子页,新 FAQ Q6：用户反馈与口碑,46.4,,en,已覆盖
jetpac esim vietnam review,品牌×国家,验证·评价,品牌×国家子页,新 FAQ Q6：用户反馈与口碑,46.4,,en,已覆盖
nomad esim argentina review,品牌×国家,验证·评价,品牌×国家子页,新 FAQ Q6：用户反馈与口碑,46.4,,en,已覆盖
nomad esim australia review,品牌×国家,验证·评价,品牌×国家子页,新 FAQ Q6：用户反馈与口碑,46.4,,en,已覆盖
nomad esim brazil review,品牌×国家,验证·评价,品牌×国家子页,新 FAQ Q6：用户反馈与口碑,46.4,,en,已覆盖
nomad esim egypt review,品牌×国家,验证·评价,品牌×国家子页,新 FAQ Q6：用户反馈与口碑,46.4,,en,已覆盖
nomad esim france review,品牌×国家,验证·评价,品牌×国家子页,新 FAQ Q6：用户反馈与口碑,46.4,,en,已覆盖
nomad esim greece review,品牌×国家,验证·评价,品牌×国家子页,新 FAQ Q6：用户反馈与口碑,46.4,,en,已覆盖
nomad esim iceland review,品牌×国家,验证·评价,品牌×国家子页,新 FAQ Q6：用户反馈与口碑,46.4,,en,已覆盖
nomad esim indonesia review,品牌×国家,验证·评价,品牌×国家子页,新 FAQ Q6：用户反馈与口碑,46.4,,en,已覆盖
nomad esim ireland review,品牌×国家,验证·评价,品牌×国家子页,新 FAQ Q6：用户反馈与口碑,46.4,,en,已覆盖
nomad esim kenya review,品牌×国家,验证·评价,品牌×国家子页,新 FAQ Q6：用户反馈与口碑,46.4,,en,已覆盖
nomad esim korea review,品牌×国家,验证·评价,品牌×国家子页,新 FAQ Q6：用户反馈与口碑,46.4,,en,已覆盖
nomad esim mexico review,品牌×国家,验证·评价,品牌×国家子页,新 FAQ Q6：用户反馈与口碑,46.4,,en,已覆盖
nomad esim morocco review,品牌×国家,验证·评价,品牌×国家子页,新 FAQ Q6：用户反馈与口碑,46.4,,en,已覆盖
nomad esim philippines reddit,品牌×国家,验证·评价,品牌×国家子页,新 FAQ Q6：用户反馈与口碑,46.4,,en,已覆盖
nomad esim portugal review,品牌×国家,验证·评价,品牌×国家子页,新 FAQ Q6：用户反馈与口碑,46.4,,en,已覆盖
nomad esim spain review,品牌×国家,验证·评价,品牌×国家子页,新 FAQ Q6：用户反馈与口碑,46.4,,en,已覆盖
nomad esim uae review,品牌×国家,验证·评价,品牌×国家子页,新 FAQ Q6：用户反馈与口碑,46.4,,en,已覆盖
nomad esim vietnam review,品牌×国家,验证·评价,品牌×国家子页,新 FAQ Q6：用户反馈与口碑,46.4,,en,已覆盖
roamic esim australia review,品牌×国家,验证·评价,品牌×国家子页,新 FAQ Q6：用户反馈与口碑,46.4,,en,已覆盖
roamic esim canada reviews,品牌×国家,验证·评价,品牌×国家子页,新 FAQ Q6：用户反馈与口碑,46.4,,en,已覆盖
roamic esim egypt reviews,品牌×国家,验证·评价,品牌×国家子页,新 FAQ Q6：用户反馈与口碑,46.4,,en,已覆盖
roamic esim india review,品牌×国家,验证·评价,品牌×国家子页,新 FAQ Q6：用户反馈与口碑,46.4,,en,已覆盖
roamic esim indonesia review,品牌×国家,验证·评价,品牌×国家子页,新 FAQ Q6：用户反馈与口碑,46.4,,en,已覆盖
roamic esim italy review,品牌×国家,验证·评价,品牌×国家子页,新 FAQ Q6：用户反馈与口碑,46.4,,en,已覆盖
roamic esim morocco review,品牌×国家,验证·评价,品牌×国家子页,新 FAQ Q6：用户反馈与口碑,46.4,,en,已覆盖
roamic esim peru review,品牌×国家,验证·评价,品牌×国家子页,新 FAQ Q6：用户反馈与口碑,46.4,,en,已覆盖
roamic esim reviews costa rica,品牌×国家,验证·评价,品牌×国家子页,新 FAQ Q6：用户反馈与口碑,46.4,,en,已覆盖
roamic esim reviews new zealand,品牌×国家,验证·评价,品牌×国家子页,新 FAQ Q6：用户反馈与口碑,46.4,,en,已覆盖
roamic esim uk reviews,品牌×国家,验证·评价,品牌×国家子页,新 FAQ Q6：用户反馈与口碑,46.4,,en,已覆盖
roamic esim usa reviews,品牌×国家,验证·评价,品牌×国家子页,新 FAQ Q6：用户反馈与口碑,46.4,,en,已覆盖
saily esim austria review,品牌×国家,验证·评价,品牌×国家子页,新 FAQ Q6：用户反馈与口碑,46.4,,en,已覆盖
saily esim egypt review,品牌×国家,验证·评价,品牌×国家子页,新 FAQ Q6：用户反馈与口碑,46.4,,en,已覆盖
saily esim france review,品牌×国家,验证·评价,品牌×国家子页,新 FAQ Q6：用户反馈与口碑,46.4,,en,已覆盖
saily esim germany review,品牌×国家,验证·评价,品牌×国家子页,新 FAQ Q6：用户反馈与口碑,46.4,,en,已覆盖
saily esim greece review,品牌×国家,验证·评价,品牌×国家子页,新 FAQ Q6：用户反馈与口碑,46.4,,en,已覆盖
saily esim iceland review,品牌×国家,验证·评价,品牌×国家子页,新 FAQ Q6：用户反馈与口碑,46.4,,en,已覆盖
saily esim india review,品牌×国家,验证·评价,品牌×国家子页,新 FAQ Q6：用户反馈与口碑,46.4,,en,已覆盖
saily esim ireland review,品牌×国家,验证·评价,品牌×国家子页,新 FAQ Q6：用户反馈与口碑,46.4,,en,已覆盖
saily esim israel review,品牌×国家,验证·评价,品牌×国家子页,新 FAQ Q6：用户反馈与口碑,46.4,,en,已覆盖
saily esim italy review,品牌×国家,验证·评价,品牌×国家子页,新 FAQ Q6：用户反馈与口碑,46.4,,en,已覆盖
saily esim japan reddit,品牌×国家,验证·评价,品牌×国家子页,新 FAQ Q6：用户反馈与口碑,46.4,,en,已覆盖
saily esim kenya review,品牌×国家,验证·评价,品牌×国家子页,新 FAQ Q6：用户反馈与口碑,46.4,,en,已覆盖
saily esim malaysia review,品牌×国家,验证·评价,品牌×国家子页,新 FAQ Q6：用户反馈与口碑,46.4,,en,已覆盖
saily esim morocco review,品牌×国家,验证·评价,品牌×国家子页,新 FAQ Q6：用户反馈与口碑,46.4,,en,已覆盖
saily esim philippines review,品牌×国家,验证·评价,品牌×国家子页,新 FAQ Q6：用户反馈与口碑,46.4,,en,已覆盖
saily esim poland review,品牌×国家,验证·评价,品牌×国家子页,新 FAQ Q6：用户反馈与口碑,46.4,,en,已覆盖
saily esim portugal review,品牌×国家,验证·评价,品牌×国家子页,新 FAQ Q6：用户反馈与口碑,46.4,,en,已覆盖
saily esim review costa rica,品牌×国家,验证·评价,品牌×国家子页,新 FAQ Q6：用户反馈与口碑,46.4,,en,已覆盖
saily esim spain review,品牌×国家,验证·评价,品牌×国家子页,新 FAQ Q6：用户反馈与口碑,46.4,,en,已覆盖
saily esim switzerland review,品牌×国家,验证·评价,品牌×国家子页,新 FAQ Q6：用户反馈与口碑,46.4,,en,已覆盖
saily esim taiwan review,品牌×国家,验证·评价,品牌×国家子页,新 FAQ Q6：用户反馈与口碑,46.4,,en,已覆盖
saily esim thailand review,品牌×国家,验证·评价,品牌×国家子页,新 FAQ Q6：用户反馈与口碑,46.4,,en,已覆盖
saily esim usa review,品牌×国家,验证·评价,品牌×国家子页,新 FAQ Q6：用户反馈与口碑,46.4,,en,已覆盖
ubigi esim egypt review,品牌×国家,验证·评价,品牌×国家子页,新 FAQ Q6：用户反馈与口碑,46.4,,en,已覆盖
ubigi esim greece review,品牌×国家,验证·评价,品牌×国家子页,新 FAQ Q6：用户反馈与口碑,46.4,,en,已覆盖
ubigi esim iceland review,品牌×国家,验证·评价,品牌×国家子页,新 FAQ Q6：用户反馈与口碑,46.4,,en,已覆盖
ubigi esim india review,品牌×国家,验证·评价,品牌×国家子页,新 FAQ Q6：用户反馈与口碑,46.4,,en,已覆盖
ubigi esim indonesia review,品牌×国家,验证·评价,品牌×国家子页,新 FAQ Q6：用户反馈与口碑,46.4,,en,已覆盖
ubigi esim ireland review,品牌×国家,验证·评价,品牌×国家子页,新 FAQ Q6：用户反馈与口碑,46.4,,en,已覆盖
ubigi esim italy review,品牌×国家,验证·评价,品牌×国家子页,新 FAQ Q6：用户反馈与口碑,46.4,,en,已覆盖
ubigi esim mexico review,品牌×国家,验证·评价,品牌×国家子页,新 FAQ Q6：用户反馈与口碑,46.4,,en,已覆盖
ubigi esim morocco reviews,品牌×国家,验证·评价,品牌×国家子页,新 FAQ Q6：用户反馈与口碑,46.4,,en,已覆盖
ubigi esim philippines review,品牌×国家,验证·评价,品牌×国家子页,新 FAQ Q6：用户反馈与口碑,46.4,,en,已覆盖
ubigi esim spain review,品牌×国家,验证·评价,品牌×国家子页,新 FAQ Q6：用户反馈与口碑,46.4,,en,已覆盖
ubigi esim switzerland review,品牌×国家,验证·评价,品牌×国家子页,新 FAQ Q6：用户反馈与口碑,46.4,,en,已覆盖
ubigi esim thailand review,品牌×国家,验证·评价,品牌×国家子页,新 FAQ Q6：用户反馈与口碑,46.4,,en,已覆盖
ubigi esim vietnam review,品牌×国家,验证·评价,品牌×国家子页,新 FAQ Q6：用户反馈与口碑,46.4,,en,已覆盖
airalo esim kenya reddit,品牌×国家,验证·评价,品牌×国家子页,新 FAQ Q6：用户反馈与口碑,45.9,,en,已覆盖
holafly esim saudi arabia review,品牌×国家,验证·评价,品牌×国家子页,新 FAQ Q6：用户反馈与口碑,45.9,,en,已覆盖
saily esim colombia reddit,品牌×国家,验证·评价,品牌×国家子页,新 FAQ Q6：用户反馈与口碑,45.9,,en,已覆盖
saily esim costa rica review,品牌×国家,验证·评价,品牌×国家子页,新 FAQ Q6：用户反馈与口碑,45.9,,en,已覆盖
saily esim new zealand review,品牌×国家,验证·评价,品牌×国家子页,新 FAQ Q6：用户反馈与口碑,45.9,,en,已覆盖
saily esim south africa review,品牌×国家,验证·评价,品牌×国家子页,新 FAQ Q6：用户反馈与口碑,45.9,,en,已覆盖
airalo esim india review,品牌×国家,验证·评价,品牌×国家子页,新 FAQ Q6：用户反馈与口碑,44.5,,en,已覆盖
airalo esim portugal review,品牌×国家,验证·评价,品牌×国家子页,新 FAQ Q6：用户反馈与口碑,44.5,,en,已覆盖
holafly esim korea reddit,品牌×国家,验证·评价,品牌×国家子页,新 FAQ Q6：用户反馈与口碑,44.5,,en,已覆盖
holafly esim malaysia review,品牌×国家,验证·评价,品牌×国家子页,新 FAQ Q6：用户反馈与口碑,44.5,,en,已覆盖
holafly esim spain review,品牌×国家,验证·评价,品牌×国家子页,新 FAQ Q6：用户反馈与口碑,44.5,,en,已覆盖
is airalo esim good for japan,品牌×国家,验证·评价,品牌×国家子页,新 FAQ Q6：用户反馈与口碑,44.5,,en,已覆盖
jetpac esim mexico review,品牌×国家,验证·评价,品牌×国家子页,新 FAQ Q6：用户反馈与口碑,44.5,,en,已覆盖
nomad esim india review,品牌×国家,验证·评价,品牌×国家子页,新 FAQ Q6：用户反馈与口碑,44.5,,en,已覆盖
nomad esim japan review,品牌×国家,验证·评价,品牌×国家子页,新 FAQ Q6：用户反馈与口碑,44.5,,en,已覆盖
nomad esim peru review,品牌×国家,验证·评价,品牌×国家子页,新 FAQ Q6：用户反馈与口碑,44.5,,en,已覆盖
nomad esim switzerland review,品牌×国家,验证·评价,品牌×国家子页,新 FAQ Q6：用户反馈与口碑,44.5,,en,已覆盖
nomad esim uk review,品牌×国家,验证·评价,品牌×国家子页,新 FAQ Q6：用户反馈与口碑,44.5,,en,已覆盖
roamic esim japan review,品牌×国家,验证·评价,品牌×国家子页,新 FAQ Q6：用户反馈与口碑,44.5,,en,已覆盖
roamic esim thailand review,品牌×国家,验证·评价,品牌×国家子页,新 FAQ Q6：用户反馈与口碑,44.5,,en,已覆盖
saily esim argentina review,品牌×国家,验证·评价,品牌×国家子页,新 FAQ Q6：用户反馈与口碑,44.5,,en,已覆盖
saily esim brazil review,品牌×国家,验证·评价,品牌×国家子页,新 FAQ Q6：用户反馈与口碑,44.5,,en,已覆盖
saily esim canada review,品牌×国家,验证·评价,品牌×国家子页,新 FAQ Q6：用户反馈与口碑,44.5,,en,已覆盖
saily esim indonesia review,品牌×国家,验证·评价,品牌×国家子页,新 FAQ Q6：用户反馈与口碑,44.5,,en,已覆盖
saily esim peru review,品牌×国家,验证·评价,品牌×国家子页,新 FAQ Q6：用户反馈与口碑,44.5,,en,已覆盖
saily esim review netherlands,品牌×国家,验证·评价,品牌×国家子页,新 FAQ Q6：用户反馈与口碑,44.5,,en,已覆盖
saily esim singapore review,品牌×国家,验证·评价,品牌×国家子页,新 FAQ Q6：用户反馈与口碑,44.5,,en,已覆盖
saily esim uae review,品牌×国家,验证·评价,品牌×国家子页,新 FAQ Q6：用户反馈与口碑,44.5,,en,已覆盖
ubigi esim canada review,品牌×国家,验证·评价,品牌×国家子页,新 FAQ Q6：用户反馈与口碑,44.5,,en,已覆盖
ubigi esim france review,品牌×国家,验证·评价,品牌×国家子页,新 FAQ Q6：用户反馈与口碑,44.5,,en,已覆盖
yesim esim thailand review,品牌×国家,验证·评价,品牌×国家子页,新 FAQ Q6：用户反馈与口碑,44.5,,en,已覆盖
yesim esim usa review,品牌×国家,验证·评价,品牌×国家子页,新 FAQ Q6：用户反馈与口碑,44.5,,en,已覆盖
airalo esim mexico reddit,品牌×国家,验证·评价,品牌×国家子页,新 FAQ Q6：用户反馈与口碑,44.0,,en,已覆盖
airalo esim philippines reddit,品牌×国家,验证·评价,品牌×国家子页,新 FAQ Q6：用户反馈与口碑,44.0,,en,已覆盖
airalo esim saudi arabia reddit,品牌×国家,验证·评价,品牌×国家子页,新 FAQ Q6：用户反馈与口碑,44.0,,en,已覆盖
airalo esim saudi arabia review,品牌×国家,验证·评价,品牌×国家子页,新 FAQ Q6：用户反馈与口碑,44.0,,en,已覆盖
airalo esim south africa reddit,品牌×国家,验证·评价,品牌×国家子页,新 FAQ Q6：用户反馈与口碑,44.0,,en,已覆盖
airalo esim south africa review,品牌×国家,验证·评价,品牌×国家子页,新 FAQ Q6：用户反馈与口碑,44.0,,en,已覆盖
holafly esim costa rica review,品牌×国家,验证·评价,品牌×国家子页,新 FAQ Q6：用户反馈与口碑,44.0,,en,已覆盖
holafly esim japan reddit,品牌×国家,验证·评价,品牌×国家子页,新 FAQ Q6：用户反馈与口碑,44.0,,en,已覆盖
holafly esim new zealand reddit,品牌×国家,验证·评价,品牌×国家子页,新 FAQ Q6：用户反馈与口碑,44.0,,en,已覆盖
holafly esim new zealand review,品牌×国家,验证·评价,品牌×国家子页,新 FAQ Q6：用户反馈与口碑,44.0,,en,已覆盖
holafly esim taiwan reddit,品牌×国家,验证·评价,品牌×国家子页,新 FAQ Q6：用户反馈与口碑,44.0,,en,已覆盖
holafly esim thailand reddit,品牌×国家,验证·评价,品牌×国家子页,新 FAQ Q6：用户反馈与口碑,44.0,,en,已覆盖
holafly esim vietnam reddit,品牌×国家,验证·评价,品牌×国家子页,新 FAQ Q6：用户反馈与口碑,44.0,,en,已覆盖
jetpac esim indonesia reddit,品牌×国家,验证·评价,品牌×国家子页,新 FAQ Q6：用户反馈与口碑,44.0,,en,已覆盖
jetpac esim new zealand reddit,品牌×国家,验证·评价,品牌×国家子页,新 FAQ Q6：用户反馈与口碑,44.0,,en,已覆盖
nomad esim iceland reddit,品牌×国家,验证·评价,品牌×国家子页,新 FAQ Q6：用户反馈与口碑,44.0,,en,已覆盖
nomad esim indonesia reddit,品牌×国家,验证·评价,品牌×国家子页,新 FAQ Q6：用户反馈与口碑,44.0,,en,已覆盖
nomad esim mexico reddit,品牌×国家,验证·评价,品牌×国家子页,新 FAQ Q6：用户反馈与口碑,44.0,,en,已覆盖
nomad esim spain reddit,品牌×国家,验证·评价,品牌×国家子页,新 FAQ Q6：用户反馈与口碑,44.0,,en,已覆盖
nomad esim usa reddit,品牌×国家,验证·评价,品牌×国家子页,新 FAQ Q6：用户反馈与口碑,44.0,,en,已覆盖
roamic esim reviews mexico,品牌×国家,验证·评价,品牌×国家子页,新 FAQ Q6：用户反馈与口碑,44.0,,en,已覆盖
saily esim costa rica reddit,品牌×国家,验证·评价,品牌×国家子页,新 FAQ Q6：用户反馈与口碑,44.0,,en,已覆盖
saily esim new zealand reddit,品牌×国家,验证·评价,品牌×国家子页,新 FAQ Q6：用户反馈与口碑,44.0,,en,已覆盖
saily esim spain reddit,品牌×国家,验证·评价,品牌×国家子页,新 FAQ Q6：用户反馈与口碑,44.0,,en,已覆盖
saily esim taiwan reddit,品牌×国家,验证·评价,品牌×国家子页,新 FAQ Q6：用户反馈与口碑,44.0,,en,已覆盖
ubigi esim france reddit,品牌×国家,验证·评价,品牌×国家子页,新 FAQ Q6：用户反馈与口碑,44.0,,en,已覆盖
ubigi esim iceland reddit,品牌×国家,验证·评价,品牌×国家子页,新 FAQ Q6：用户反馈与口碑,44.0,,en,已覆盖
ubigi esim india reddit,品牌×国家,验证·评价,品牌×国家子页,新 FAQ Q6：用户反馈与口碑,44.0,,en,已覆盖
ubigi esim philippines reddit,品牌×国家,验证·评价,品牌×国家子页,新 FAQ Q6：用户反馈与口碑,44.0,,en,已覆盖
ubigi esim singapore reddit,品牌×国家,验证·评价,品牌×国家子页,新 FAQ Q6：用户反馈与口碑,44.0,,en,已覆盖
ubigi esim switzerland reddit,品牌×国家,验证·评价,品牌×国家子页,新 FAQ Q6：用户反馈与口碑,44.0,,en,已覆盖
ubigi esim usa reddit,品牌×国家,验证·评价,品牌×国家子页,新 FAQ Q6：用户反馈与口碑,44.0,,en,已覆盖
ubigi esim vietnam reddit,品牌×国家,验证·评价,品牌×国家子页,新 FAQ Q6：用户反馈与口碑,44.0,,en,已覆盖
airalo esim argentina review,品牌×国家,验证·评价,品牌×国家子页,新 FAQ Q6：用户反馈与口碑,42.6,,en,已覆盖
airalo esim canada review,品牌×国家,验证·评价,品牌×国家子页,新 FAQ Q6：用户反馈与口碑,42.6,,en,已覆盖
airalo esim canada reviews,品牌×国家,验证·评价,品牌×国家子页,新 FAQ Q6：用户反馈与口碑,42.6,,en,已覆盖
airalo esim greece review,品牌×国家,验证·评价,品牌×国家子页,新 FAQ Q6：用户反馈与口碑,42.6,,en,已覆盖
airalo esim iceland review,品牌×国家,验证·评价,品牌×国家子页,新 FAQ Q6：用户反馈与口碑,42.6,,en,已覆盖
airalo esim japan reddit,品牌×国家,验证·评价,品牌×国家子页,新 FAQ Q6：用户反馈与口碑,42.6,,en,已覆盖
airalo esim kenya review,品牌×国家,验证·评价,品牌×国家子页,新 FAQ Q6：用户反馈与口碑,42.6,,en,已覆盖
airalo esim malaysia review,品牌×国家,验证·评价,品牌×国家子页,新 FAQ Q6：用户反馈与口碑,42.6,,en,已覆盖
airalo esim morocco review,品牌×国家,验证·评价,品牌×国家子页,新 FAQ Q6：用户反馈与口碑,42.6,,en,已覆盖
airalo esim singapore review,品牌×国家,验证·评价,品牌×国家子页,新 FAQ Q6：用户反馈与口碑,42.6,,en,已覆盖
airalo esim taiwan review,品牌×国家,验证·评价,品牌×国家子页,新 FAQ Q6：用户反馈与口碑,42.6,,en,已覆盖
holafly esim canada review,品牌×国家,验证·评价,品牌×国家子页,新 FAQ Q6：用户反馈与口碑,42.6,,en,已覆盖
holafly esim greece reddit,品牌×国家,验证·评价,品牌×国家子页,新 FAQ Q6：用户反馈与口碑,42.6,,en,已覆盖
holafly esim indonesia reddit,品牌×国家,验证·评价,品牌×国家子页,新 FAQ Q6：用户反馈与口碑,42.6,,en,已覆盖
holafly esim morocco reviews,品牌×国家,验证·评价,品牌×国家子页,新 FAQ Q6：用户反馈与口碑,42.6,,en,已覆盖
holafly esim philippines reddit,品牌×国家,验证·评价,品牌×国家子页,新 FAQ Q6：用户反馈与口碑,42.6,,en,已覆盖
holafly esim reviews uk,品牌×国家,验证·评价,品牌×国家子页,新 FAQ Q6：用户反馈与口碑,42.6,,en,已覆盖
holafly esim uk reviews,品牌×国家,验证·评价,品牌×国家子页,新 FAQ Q6：用户反馈与口碑,42.6,,en,已覆盖
holafly esim usa reddit,品牌×国家,验证·评价,品牌×国家子页,新 FAQ Q6：用户反馈与口碑,42.6,,en,已覆盖
is roamic esim good for morocco,品牌×国家,验证·评价,品牌×国家子页,新 FAQ Q6：用户反馈与口碑,42.6,,en,已覆盖
is saily esim good for japan reddit,品牌×国家,验证·评价,品牌×国家子页,新 FAQ Q6：用户反馈与口碑,42.6,,en,已覆盖
jetpac esim colombia reddit,品牌×国家,验证·评价,品牌×国家子页,新 FAQ Q6：用户反馈与口碑,42.6,,en,已覆盖
jetpac esim india reddit,品牌×国家,验证·评价,品牌×国家子页,新 FAQ Q6：用户反馈与口碑,42.6,,en,已覆盖
jetpac esim italy reddit,品牌×国家,验证·评价,品牌×国家子页,新 FAQ Q6：用户反馈与口碑,42.6,,en,已覆盖
jetpac esim japan reddit,品牌×国家,验证·评价,品牌×国家子页,新 FAQ Q6：用户反馈与口碑,42.6,,en,已覆盖
jetpac esim thailand reddit,品牌×国家,验证·评价,品牌×国家子页,新 FAQ Q6：用户反馈与口碑,42.6,,en,已覆盖
nomad esim canada review,品牌×国家,验证·评价,品牌×国家子页,新 FAQ Q6：用户反馈与口碑,42.6,,en,已覆盖
nomad esim france reddit,品牌×国家,验证·评价,品牌×国家子页,新 FAQ Q6：用户反馈与口碑,42.6,,en,已覆盖
nomad esim germany review,品牌×国家,验证·评价,品牌×国家子页,新 FAQ Q6：用户反馈与口碑,42.6,,en,已覆盖
nomad esim italy review,品牌×国家,验证·评价,品牌×国家子页,新 FAQ Q6：用户反馈与口碑,42.6,,en,已覆盖
nomad esim malaysia review,品牌×国家,验证·评价,品牌×国家子页,新 FAQ Q6：用户反馈与口碑,42.6,,en,已覆盖
nomad esim philippines review,品牌×国家,验证·评价,品牌×国家子页,新 FAQ Q6：用户反馈与口碑,42.6,,en,已覆盖
nomad esim review mexico,品牌×国家,验证·评价,品牌×国家子页,新 FAQ Q6：用户反馈与口碑,42.6,,en,已覆盖
nomad esim taiwan review,品牌×国家,验证·评价,品牌×国家子页,新 FAQ Q6：用户反馈与口碑,42.6,,en,已覆盖
saily esim colombia review,品牌×国家,验证·评价,品牌×国家子页,新 FAQ Q6：用户反馈与口碑,42.6,,en,已覆盖
saily esim for india review,品牌×国家,验证·评价,品牌×国家子页,新 FAQ Q6：用户反馈与口碑,42.6,,en,已覆盖
saily esim japan review,品牌×国家,验证·评价,品牌×国家子页,新 FAQ Q6：用户反馈与口碑,42.6,,en,已覆盖
saily esim korea review,品牌×国家,验证·评价,品牌×国家子页,新 FAQ Q6：用户反馈与口碑,42.6,,en,已覆盖
ubigi esim australia review,品牌×国家,验证·评价,品牌×国家子页,新 FAQ Q6：用户反馈与口碑,42.6,,en,已覆盖
ubigi esim japan reddit,品牌×国家,验证·评价,品牌×国家子页,新 FAQ Q6：用户反馈与口碑,42.6,,en,已覆盖
ubigi esim malaysia review,品牌×国家,验证·评价,品牌×国家子页,新 FAQ Q6：用户反馈与口碑,42.6,,en,已覆盖
ubigi esim mexico reddit,品牌×国家,验证·评价,品牌×国家子页,新 FAQ Q6：用户反馈与口碑,42.6,,en,已覆盖
ubigi esim portugal review,品牌×国家,验证·评价,品牌×国家子页,新 FAQ Q6：用户反馈与口碑,42.6,,en,已覆盖
ubigi esim review costa rica,品牌×国家,验证·评价,品牌×国家子页,新 FAQ Q6：用户反馈与口碑,42.6,,en,已覆盖
ubigi esim taiwan reviews,品牌×国家,验证·评价,品牌×国家子页,新 FAQ Q6：用户反馈与口碑,42.6,,en,已覆盖
ubigi esim thailand reddit,品牌×国家,验证·评价,品牌×国家子页,新 FAQ Q6：用户反馈与口碑,42.6,,en,已覆盖
yesim esim review thailand,品牌×国家,验证·评价,品牌×国家子页,新 FAQ Q6：用户反馈与口碑,42.6,,en,已覆盖
airalo esim germany reddit,品牌×国家,验证·评价,品牌×国家子页,新 FAQ Q6：用户反馈与口碑,42.1,,en,已覆盖
airalo esim iceland reddit,品牌×国家,验证·评价,品牌×国家子页,新 FAQ Q6：用户反馈与口碑,42.1,,en,已覆盖
airalo esim italy reddit,品牌×国家,验证·评价,品牌×国家子页,新 FAQ Q6：用户反馈与口碑,42.1,,en,已覆盖
airalo esim new zealand reddit,品牌×国家,验证·评价,品牌×国家子页,新 FAQ Q6：用户反馈与口碑,42.1,,en,已覆盖
holafly esim canada reddit,品牌×国家,验证·评价,品牌×国家子页,新 FAQ Q6：用户反馈与口碑,42.1,,en,已覆盖
holafly esim costa rica reddit,品牌×国家,验证·评价,品牌×国家子页,新 FAQ Q6：用户反馈与口碑,42.1,,en,已覆盖
holafly esim iceland reddit,品牌×国家,验证·评价,品牌×国家子页,新 FAQ Q6：用户反馈与口碑,42.1,,en,已覆盖
holafly esim south africa review,品牌×国家,验证·评价,品牌×国家子页,新 FAQ Q6：用户反馈与口碑,42.1,,en,已覆盖
jetpac esim new zealand review,品牌×国家,验证·评价,品牌×国家子页,新 FAQ Q6：用户反馈与口碑,42.1,,en,已覆盖
nomad esim costa rica review,品牌×国家,验证·评价,品牌×国家子页,新 FAQ Q6：用户反馈与口碑,42.1,,en,已覆盖
nomad esim saudi arabia review,品牌×国家,验证·评价,品牌×国家子页,新 FAQ Q6：用户反馈与口碑,42.1,,en,已覆盖
nomad esim thailand reddit,品牌×国家,验证·评价,品牌×国家子页,新 FAQ Q6：用户反馈与口碑,42.1,,en,已覆盖
nomad esim vietnam reddit,品牌×国家,验证·评价,品牌×国家子页,新 FAQ Q6：用户反馈与口碑,42.1,,en,已覆盖
saily esim argentina reddit,品牌×国家,验证·评价,品牌×国家子页,新 FAQ Q6：用户反馈与口碑,42.1,,en,已覆盖
saily esim greece reddit,品牌×国家,验证·评价,品牌×国家子页,新 FAQ Q6：用户反馈与口碑,42.1,,en,已覆盖
saily esim philippines reddit,品牌×国家,验证·评价,品牌×国家子页,新 FAQ Q6：用户反馈与口碑,42.1,,en,已覆盖
saily esim thailand reddit,品牌×国家,验证·评价,品牌×国家子页,新 FAQ Q6：用户反馈与口碑,42.1,,en,已覆盖
ubigi esim south africa review,品牌×国家,验证·评价,品牌×国家子页,新 FAQ Q6：用户反馈与口碑,42.1,,en,已覆盖
airalo esim for thailand review,品牌×国家,验证·评价,品牌×国家子页,新 FAQ Q6：用户反馈与口碑,40.8,,en,已覆盖
airalo esim korea review,品牌×国家,验证·评价,品牌×国家子页,新 FAQ Q6：用户反馈与口碑,40.8,,en,已覆盖
holafly esim uk reddit,品牌×国家,验证·评价,品牌×国家子页,新 FAQ Q6：用户反馈与口碑,40.8,,en,已覆盖
holafly esim uk review,品牌×国家,验证·评价,品牌×国家子页,新 FAQ Q6：用户反馈与口碑,40.8,,en,已覆盖
is holafly esim good for japan,品牌×国家,验证·评价,品牌×国家子页,新 FAQ Q6：用户反馈与口碑,40.8,,en,已覆盖
jetpac esim mexico reddit,品牌×国家,验证·评价,品牌×国家子页,新 FAQ Q6：用户反馈与口碑,40.8,,en,已覆盖
nomad esim korea reddit,品牌×国家,验证·评价,品牌×国家子页,新 FAQ Q6：用户反馈与口碑,40.8,,en,已覆盖
saily esim for japan review,品牌×国家,验证·评价,品牌×国家子页,新 FAQ Q6：用户反馈与口碑,40.8,,en,已覆盖
ubigi esim uk review,品牌×国家,验证·评价,品牌×国家子页,新 FAQ Q6：用户反馈与口碑,40.8,,en,已覆盖
ubigi vs airalo esim japan reddit,品牌×国家,验证·评价,品牌×国家子页,新 FAQ Q6：用户反馈与口碑,40.8,,en,已覆盖
airalo esim argentina reddit,品牌×国家,验证·评价,品牌×国家子页,新 FAQ Q6：用户反馈与口碑,40.3,,en,已覆盖
airalo esim colombia reddit,品牌×国家,验证·评价,品牌×国家子页,新 FAQ Q6：用户反馈与口碑,40.3,,en,已覆盖
airalo esim costa rica review,品牌×国家,验证·评价,品牌×国家子页,新 FAQ Q6：用户反馈与口碑,40.3,,en,已覆盖
airalo esim france reddit,品牌×国家,验证·评价,品牌×国家子页,新 FAQ Q6：用户反馈与口碑,40.3,,en,已覆盖
airalo esim greece reddit,品牌×国家,验证·评价,品牌×国家子页,新 FAQ Q6：用户反馈与口碑,40.3,,en,已覆盖
airalo esim india reddit,品牌×国家,验证·评价,品牌×国家子页,新 FAQ Q6：用户反馈与口碑,40.3,,en,已覆盖
airalo esim ireland reddit,品牌×国家,验证·评价,品牌×国家子页,新 FAQ Q6：用户反馈与口碑,40.3,,en,已覆盖
airalo esim malaysia reddit,品牌×国家,验证·评价,品牌×国家子页,新 FAQ Q6：用户反馈与口碑,40.3,,en,已覆盖
airalo esim morocco reddit,品牌×国家,验证·评价,品牌×国家子页,新 FAQ Q6：用户反馈与口碑,40.3,,en,已覆盖
airalo esim new zealand review,品牌×国家,验证·评价,品牌×国家子页,新 FAQ Q6：用户反馈与口碑,40.3,,en,已覆盖
airalo esim peru reddit,品牌×国家,验证·评价,品牌×国家子页,新 FAQ Q6：用户反馈与口碑,40.3,,en,已覆盖
airalo esim portugal reddit,品牌×国家,验证·评价,品牌×国家子页,新 FAQ Q6：用户反馈与口碑,40.3,,en,已覆盖
airalo esim switzerland reddit,品牌×国家,验证·评价,品牌×国家子页,新 FAQ Q6：用户反馈与口碑,40.3,,en,已覆盖
holafly esim argentina reddit,品牌×国家,验证·评价,品牌×国家子页,新 FAQ Q6：用户反馈与口碑,40.3,,en,已覆盖
holafly esim malaysia reddit,品牌×国家,验证·评价,品牌×国家子页,新 FAQ Q6：用户反馈与口碑,40.3,,en,已覆盖
holafly esim peru reddit,品牌×国家,验证·评价,品牌×国家子页,新 FAQ Q6：用户反馈与口碑,40.3,,en,已覆盖
holafly esim spain reddit,品牌×国家,验证·评价,品牌×国家子页,新 FAQ Q6：用户反馈与口碑,40.3,,en,已覆盖
jetpac esim usa reddit,品牌×国家,验证·评价,品牌×国家子页,新 FAQ Q6：用户反馈与口碑,40.3,,en,已覆盖
nomad esim brazil reddit,品牌×国家,验证·评价,品牌×国家子页,新 FAQ Q6：用户反馈与口碑,40.3,,en,已覆盖
nomad esim costa rica reddit,品牌×国家,验证·评价,品牌×国家子页,新 FAQ Q6：用户反馈与口碑,40.3,,en,已覆盖
nomad esim italy reddit,品牌×国家,验证·评价,品牌×国家子页,新 FAQ Q6：用户反馈与口碑,40.3,,en,已覆盖
nomad esim malaysia reddit,品牌×国家,验证·评价,品牌×国家子页,新 FAQ Q6：用户反馈与口碑,40.3,,en,已覆盖
nomad esim new zealand reddit,品牌×国家,验证·评价,品牌×国家子页,新 FAQ Q6：用户反馈与口碑,40.3,,en,已覆盖
nomad esim saudi arabia reddit,品牌×国家,验证·评价,品牌×国家子页,新 FAQ Q6：用户反馈与口碑,40.3,,en,已覆盖
nomad esim switzerland reddit,品牌×国家,验证·评价,品牌×国家子页,新 FAQ Q6：用户反馈与口碑,40.3,,en,已覆盖
nomad esim taiwan reddit,品牌×国家,验证·评价,品牌×国家子页,新 FAQ Q6：用户反馈与口碑,40.3,,en,已覆盖
roamic esim reviews egypt,品牌×国家,验证·评价,品牌×国家子页,新 FAQ Q6：用户反馈与口碑,40.3,,en,已覆盖
roamic esim reviews korea,品牌×国家,验证·评价,品牌×国家子页,新 FAQ Q6：用户反馈与口碑,40.3,,en,已覆盖
saily esim brazil reddit,品牌×国家,验证·评价,品牌×国家子页,新 FAQ Q6：用户反馈与口碑,40.3,,en,已覆盖
saily esim egypt reddit,品牌×国家,验证·评价,品牌×国家子页,新 FAQ Q6：用户反馈与口碑,40.3,,en,已覆盖
saily esim saudi arabia review,品牌×国家,验证·评价,品牌×国家子页,新 FAQ Q6：用户反馈与口碑,40.3,,en,已覆盖
saily esim switzerland reddit,品牌×国家,验证·评价,品牌×国家子页,新 FAQ Q6：用户反馈与口碑,40.3,,en,已覆盖
saily esim uae reddit,品牌×国家,验证·评价,品牌×国家子页,新 FAQ Q6：用户反馈与口碑,40.3,,en,已覆盖
ubigi esim portugal reddit,品牌×国家,验证·评价,品牌×国家子页,新 FAQ Q6：用户反馈与口碑,40.3,,en,已覆盖
airalo esim for india review,品牌×国家,验证·评价,品牌×国家子页,新 FAQ Q6：用户反馈与口碑,38.9,,en,已覆盖
airalo esim for vietnam review,品牌×国家,验证·评价,品牌×国家子页,新 FAQ Q6：用户反馈与口碑,38.9,,en,已覆盖
airalo esim france review,品牌×国家,验证·评价,品牌×国家子页,新 FAQ Q6：用户反馈与口碑,38.9,,en,已覆盖
airalo esim review japan,品牌×国家,验证·评价,品牌×国家子页,新 FAQ Q6：用户反馈与口碑,38.9,,en,已覆盖
airalo esim uk reddit,品牌×国家,验证·评价,品牌×国家子页,新 FAQ Q6：用户反馈与口碑,38.9,,en,已覆盖
airalo esim usa review,品牌×国家,验证·评价,品牌×国家子页,新 FAQ Q6：用户反馈与口碑,38.9,,en,已覆盖
airalo esim vietnam review,品牌×国家,验证·评价,品牌×国家子页,新 FAQ Q6：用户反馈与口碑,38.9,,en,已覆盖
holafly esim australia reddit,品牌×国家,验证·评价,品牌×国家子页,新 FAQ Q6：用户反馈与口碑,38.9,,en,已覆盖
holafly esim india reddit,品牌×国家,验证·评价,品牌×国家子页,新 FAQ Q6：用户反馈与口碑,38.9,,en,已覆盖
holafly esim korea review,品牌×国家,验证·评价,品牌×国家子页,新 FAQ Q6：用户反馈与口碑,38.9,,en,已覆盖
holafly esim review peru,品牌×国家,验证·评价,品牌×国家子页,新 FAQ Q6：用户反馈与口碑,38.9,,en,已覆盖
holafly esim reviews costa rica,品牌×国家,验证·评价,品牌×国家子页,新 FAQ Q6：用户反馈与口碑,38.9,,en,已覆盖
holafly esim vietnam reviews,品牌×国家,验证·评价,品牌×国家子页,新 FAQ Q6：用户反馈与口碑,38.9,,en,已覆盖
is jetpac esim good in india,品牌×国家,验证·评价,品牌×国家子页,新 FAQ Q6：用户反馈与口碑,38.9,,en,已覆盖
is nomad esim good for japan,品牌×国家,验证·评价,品牌×国家子页,新 FAQ Q6：用户反馈与口碑,38.9,,en,已覆盖
is nomad esim good in costa rica,品牌×国家,验证·评价,品牌×国家子页,新 FAQ Q6：用户反馈与口碑,38.9,,en,已覆盖
is saily good esim for japan,品牌×国家,验证·评价,品牌×国家子页,新 FAQ Q6：用户反馈与口碑,38.9,,en,已覆盖
is ubigi esim good for morocco,品牌×国家,验证·评价,品牌×国家子页,新 FAQ Q6：用户反馈与口碑,38.9,,en,已覆盖
jetpac esim australia reddit,品牌×国家,验证·评价,品牌×国家子页,新 FAQ Q6：用户反馈与口碑,38.9,,en,已覆盖
jetpac esim uk reddit,品牌×国家,验证·评价,品牌×国家子页,新 FAQ Q6：用户反馈与口碑,38.9,,en,已覆盖
nomad esim review vietnam,品牌×国家,验证·评价,品牌×国家子页,新 FAQ Q6：用户反馈与口碑,38.9,,en,已覆盖
nomad esim thailand review,品牌×国家,验证·评价,品牌×国家子页,新 FAQ Q6：用户反馈与口碑,38.9,,en,已覆盖
nomad esim uk reddit,品牌×国家,验证·评价,品牌×国家子页,新 FAQ Q6：用户反馈与口碑,38.9,,en,已覆盖
roamic esim japan reddit,品牌×国家,验证·评价,品牌×国家子页,新 FAQ Q6：用户反馈与口碑,38.9,,en,已覆盖
saily esim for uk review,品牌×国家,验证·评价,品牌×国家子页,新 FAQ Q6：用户反馈与口碑,38.9,,en,已覆盖
saily esim for usa review,品牌×国家,验证·评价,品牌×国家子页,新 FAQ Q6：用户反馈与口碑,38.9,,en,已覆盖
saily esim mexico reviews,品牌×国家,验证·评价,品牌×国家子页,新 FAQ Q6：用户反馈与口碑,38.9,,en,已覆盖
saily esim morocco reddit,品牌×国家,验证·评价,品牌×国家子页,新 FAQ Q6：用户反馈与口碑,38.9,,en,已覆盖
saily esim review uk,品牌×国家,验证·评价,品牌×国家子页,新 FAQ Q6：用户反馈与口碑,38.9,,en,已覆盖
saily esim singapore reddit,品牌×国家,验证·评价,品牌×国家子页,新 FAQ Q6：用户反馈与口碑,38.9,,en,已覆盖
ubigi esim korea review,品牌×国家,验证·评价,品牌×国家子页,新 FAQ Q6：用户反馈与口碑,38.9,,en,已覆盖
ubigi esim malaysia reddit,品牌×国家,验证·评价,品牌×国家子页,新 FAQ Q6：用户反馈与口碑,38.9,,en,已覆盖
ubigi esim review japan,品牌×国家,验证·评价,品牌×国家子页,新 FAQ Q6：用户反馈与口碑,38.9,,en,已覆盖
ubigi esim singapore review,品牌×国家,验证·评价,品牌×国家子页,新 FAQ Q6：用户反馈与口碑,38.9,,en,已覆盖
airalo esim taiwan reddit,品牌×国家,验证·评价,品牌×国家子页,新 FAQ Q6：用户反馈与口碑,38.4,,en,已覆盖
holafly esim colombia reddit,品牌×国家,验证·评价,品牌×国家子页,新 FAQ Q6：用户反馈与口碑,38.4,,en,已覆盖
nomad esim canada reddit,品牌×国家,验证·评价,品牌×国家子页,新 FAQ Q6：用户反馈与口碑,38.4,,en,已覆盖
nomad esim india reddit,品牌×国家,验证·评价,品牌×国家子页,新 FAQ Q6：用户反馈与口碑,38.4,,en,已覆盖
nomad esim peru reddit,品牌×国家,验证·评价,品牌×国家子页,新 FAQ Q6：用户反馈与口碑,38.4,,en,已覆盖
saily esim iceland reddit,品牌×国家,验证·评价,品牌×国家子页,新 FAQ Q6：用户反馈与口碑,38.4,,en,已覆盖
saily esim ireland reddit,品牌×国家,验证·评价,品牌×国家子页,新 FAQ Q6：用户反馈与口碑,38.4,,en,已覆盖
saily esim mexico reddit,品牌×国家,验证·评价,品牌×国家子页,新 FAQ Q6：用户反馈与口碑,38.4,,en,已覆盖
saily esim portugal reddit,品牌×国家,验证·评价,品牌×国家子页,新 FAQ Q6：用户反馈与口碑,38.4,,en,已覆盖
ubigi esim spain reddit,品牌×国家,验证·评价,品牌×国家子页,新 FAQ Q6：用户反馈与口碑,38.4,,en,已覆盖
airalo esim for japan review,品牌×国家,验证·评价,品牌×国家子页,新 FAQ Q6：用户反馈与口碑,37.0,,en,已覆盖
holafly esim vietnam review,品牌×国家,验证·评价,品牌×国家子页,新 FAQ Q6：用户反馈与口碑,37.0,,en,已覆盖
is jetpac esim good in japan,品牌×国家,验证·评价,品牌×国家子页,新 FAQ Q6：用户反馈与口碑,37.0,,en,已覆盖
is nomad esim good for saudi arabia,品牌×国家,验证·评价,品牌×国家子页,新 FAQ Q6：用户反馈与口碑,37.0,,en,已覆盖
nomad esim japan reddit,品牌×国家,验证·评价,品牌×国家子页,新 FAQ Q6：用户反馈与口碑,37.0,,en,已覆盖
nomad esim singapore review,品牌×国家,验证·评价,品牌×国家子页,新 FAQ Q6：用户反馈与口碑,37.0,,en,已覆盖
saily esim for thailand review,品牌×国家,验证·评价,品牌×国家子页,新 FAQ Q6：用户反馈与口碑,37.0,,en,已覆盖
saily esim uk review,品牌×国家,验证·评价,品牌×国家子页,新 FAQ Q6：用户反馈与口碑,37.0,,en,已覆盖
saily esim vietnam review,品牌×国家,验证·评价,品牌×国家子页,新 FAQ Q6：用户反馈与口碑,37.0,,en,已覆盖
ubigi esim usa review,品牌×国家,验证·评价,品牌×国家子页,新 FAQ Q6：用户反馈与口碑,37.0,,en,已覆盖
airalo esim costa rica reddit,品牌×国家,验证·评价,品牌×国家子页,新 FAQ Q6：用户反馈与口碑,36.5,,en,已覆盖
holafly esim brazil reddit,品牌×国家,验证·评价,品牌×国家子页,新 FAQ Q6：用户反馈与口碑,36.5,,en,已覆盖
holafly esim morocco reddit,品牌×国家,验证·评价,品牌×国家子页,新 FAQ Q6：用户反馈与口碑,36.5,,en,已覆盖
holafly esim switzerland reddit,品牌×国家,验证·评价,品牌×国家子页,新 FAQ Q6：用户反馈与口碑,36.5,,en,已覆盖
nomad esim egypt reddit,品牌×国家,验证·评价,品牌×国家子页,新 FAQ Q6：用户反馈与口碑,36.5,,en,已覆盖
nomad esim germany reddit,品牌×国家,验证·评价,品牌×国家子页,新 FAQ Q6：用户反馈与口碑,36.5,,en,已覆盖
nomad esim morocco reddit,品牌×国家,验证·评价,品牌×国家子页,新 FAQ Q6：用户反馈与口碑,36.5,,en,已覆盖
nomad esim portugal reddit,品牌×国家,验证·评价,品牌×国家子页,新 FAQ Q6：用户反馈与口碑,36.5,,en,已覆盖
roamic esim morocco reddit,品牌×国家,验证·评价,品牌×国家子页,新 FAQ Q6：用户反馈与口碑,36.5,,en,已覆盖
saily esim canada reddit,品牌×国家,验证·评价,品牌×国家子页,新 FAQ Q6：用户反馈与口碑,36.5,,en,已覆盖
saily esim india reddit,品牌×国家,验证·评价,品牌×国家子页,新 FAQ Q6：用户反馈与口碑,36.5,,en,已覆盖
saily esim italy reddit,品牌×国家,验证·评价,品牌×国家子页,新 FAQ Q6：用户反馈与口碑,36.5,,en,已覆盖
saily esim philippines review reddit,品牌×国家,验证·评价,品牌×国家子页,新 FAQ Q6：用户反馈与口碑,36.5,,en,已覆盖
saily esim review australia,品牌×国家,验证·评价,品牌×国家子页,新 FAQ Q6：用户反馈与口碑,36.5,,en,已覆盖
saily esim south africa reddit,品牌×国家,验证·评价,品牌×国家子页,新 FAQ Q6：用户反馈与口碑,36.5,,en,已覆盖
ubigi esim brazil reddit,品牌×国家,验证·评价,品牌×国家子页,新 FAQ Q6：用户反馈与口碑,36.5,,en,已覆盖
ubigi esim indonesia reddit,品牌×国家,验证·评价,品牌×国家子页,新 FAQ Q6：用户反馈与口碑,36.5,,en,已覆盖
ubigi esim italy reddit,品牌×国家,验证·评价,品牌×国家子页,新 FAQ Q6：用户反馈与口碑,36.5,,en,已覆盖
airalo esim for uk review,品牌×国家,验证·评价,品牌×国家子页,新 FAQ Q6：用户反馈与口碑,35.1,,en,已覆盖
airalo esim for usa review,品牌×国家,验证·评价,品牌×国家子页,新 FAQ Q6：用户反馈与口碑,35.1,,en,已覆盖
airalo esim mexico reviews,品牌×国家,验证·评价,品牌×国家子页,新 FAQ Q6：用户反馈与口碑,35.1,,en,已覆盖
airalo esim uk review,品牌×国家,验证·评价,品牌×国家子页,新 FAQ Q6：用户反馈与口碑,35.1,,en,已覆盖
holafly esim canada reviews,品牌×国家,验证·评价,品牌×国家子页,新 FAQ Q6：用户反馈与口碑,35.1,,en,已覆盖
holafly esim mexico reviews,品牌×国家,验证·评价,品牌×国家子页,新 FAQ Q6：用户反馈与口碑,35.1,,en,已覆盖
holafly esim reviews mexico,品牌×国家,验证·评价,品牌×国家子页,新 FAQ Q6：用户反馈与口碑,35.1,,en,已覆盖
holafly esim thailand reviews,品牌×国家,验证·评价,品牌×国家子页,新 FAQ Q6：用户反馈与口碑,35.1,,en,已覆盖
is airalo esim good for thailand,品牌×国家,验证·评价,品牌×国家子页,新 FAQ Q6：用户反馈与口碑,35.1,,en,已覆盖
nomad esim review indonesia,品牌×国家,验证·评价,品牌×国家子页,新 FAQ Q6：用户反馈与口碑,35.1,,en,已覆盖
nomad esim review usa,品牌×国家,验证·评价,品牌×国家子页,新 FAQ Q6：用户反馈与口碑,35.1,,en,已覆盖
roamic esim south korea review,品牌×国家,验证·评价,品牌×国家子页,新 FAQ Q6：用户反馈与口碑,35.1,,en,已覆盖
saily esim reviews brazil,品牌×国家,验证·评价,品牌×国家子页,新 FAQ Q6：用户反馈与口碑,35.1,,en,已覆盖
ubigi esim review italy,品牌×国家,验证·评价,品牌×国家子页,新 FAQ Q6：用户反馈与口碑,35.1,,en,已覆盖
yesim esim review usa,品牌×国家,验证·评价,品牌×国家子页,新 FAQ Q6：用户反馈与口碑,35.1,,en,已覆盖
airalo esim brazil reddit,品牌×国家,验证·评价,品牌×国家子页,新 FAQ Q6：用户反馈与口碑,34.6,,en,已覆盖
airalo esim korea reddit,品牌×国家,验证·评价,品牌×国家子页,新 FAQ Q6：用户反馈与口碑,34.6,,en,已覆盖
airalo esim spain reddit,品牌×国家,验证·评价,品牌×国家子页,新 FAQ Q6：用户反馈与口碑,34.6,,en,已覆盖
nomad esim greece reddit,品牌×国家,验证·评价,品牌×国家子页,新 FAQ Q6：用户反馈与口碑,34.6,,en,已覆盖
nomad esim new zealand review,品牌×国家,验证·评价,品牌×国家子页,新 FAQ Q6：用户反馈与口碑,34.6,,en,已覆盖
roamic esim costa rica review,品牌×国家,验证·评价,品牌×国家子页,新 FAQ Q6：用户反馈与口碑,34.6,,en,已覆盖
saily esim france reddit,品牌×国家,验证·评价,品牌×国家子页,新 FAQ Q6：用户反馈与口碑,34.6,,en,已覆盖
saily esim peru reddit,品牌×国家,验证·评价,品牌×国家子页,新 FAQ Q6：用户反馈与口碑,34.6,,en,已覆盖
saily esim usa reddit,品牌×国家,验证·评价,品牌×国家子页,新 FAQ Q6：用户反馈与口碑,34.6,,en,已覆盖
is jetpac esim good japan,品牌×国家,验证·评价,品牌×国家子页,新 FAQ Q6：用户反馈与口碑,33.2,,en,已覆盖
is nomad esim good for new zealand,品牌×国家,验证·评价,品牌×国家子页,新 FAQ Q6：用户反馈与口碑,33.2,,en,已覆盖
is saily esim good for costa rica,品牌×国家,验证·评价,品牌×国家子页,新 FAQ Q6：用户反馈与口碑,33.2,,en,已覆盖
nomad esim for thailand review,品牌×国家,验证·评价,品牌×国家子页,新 FAQ Q6：用户反馈与口碑,33.2,,en,已覆盖
nomad esim singapore reddit,品牌×国家,验证·评价,品牌×国家子页,新 FAQ Q6：用户反馈与口碑,33.2,,en,已覆盖
airalo esim australia reddit,品牌×国家,验证·评价,品牌×国家子页,新 FAQ Q6：用户反馈与口碑,32.8,,en,已覆盖
airalo esim egypt reddit,品牌×国家,验证·评价,品牌×国家子页,新 FAQ Q6：用户反馈与口碑,32.8,,en,已覆盖
airalo esim thailand reddit,品牌×国家,验证·评价,品牌×国家子页,新 FAQ Q6：用户反馈与口碑,32.8,,en,已覆盖
airalo esim vietnam reddit,品牌×国家,验证·评价,品牌×国家子页,新 FAQ Q6：用户反馈与口碑,32.8,,en,已覆盖
holafly esim egypt reddit,品牌×国家,验证·评价,品牌×国家子页,新 FAQ Q6：用户反馈与口碑,32.8,,en,已覆盖
holafly esim italy reddit,品牌×国家,验证·评价,品牌×国家子页,新 FAQ Q6：用户反馈与口碑,32.8,,en,已覆盖
holafly esim mexico reddit,品牌×国家,验证·评价,品牌×国家子页,新 FAQ Q6：用户反馈与口碑,32.8,,en,已覆盖
holafly esim portugal reddit,品牌×国家,验证·评价,品牌×国家子页,新 FAQ Q6：用户反馈与口碑,32.8,,en,已覆盖
nomad esim colombia reddit,品牌×国家,验证·评价,品牌×国家子页,新 FAQ Q6：用户反馈与口碑,32.8,,en,已覆盖
nomad esim south africa review,品牌×国家,验证·评价,品牌×国家子页,新 FAQ Q6：用户反馈与口碑,32.8,,en,已覆盖
saily esim australia review,品牌×国家,验证·评价,品牌×国家子页,新 FAQ Q6：用户反馈与口碑,32.8,,en,已覆盖
saily esim indonesia reddit,品牌×国家,验证·评价,品牌×国家子页,新 FAQ Q6：用户反馈与口碑,32.8,,en,已覆盖
saily esim uk reddit,品牌×国家,验证·评价,品牌×国家子页,新 FAQ Q6：用户反馈与口碑,32.8,,en,已覆盖
ubigi esim canada reddit,品牌×国家,验证·评价,品牌×国家子页,新 FAQ Q6：用户反馈与口碑,32.8,,en,已覆盖
ubigi esim costa rica review,品牌×国家,验证·评价,品牌×国家子页,新 FAQ Q6：用户反馈与口碑,32.8,,en,已覆盖
ubigi esim korea reddit,品牌×国家,验证·评价,品牌×国家子页,新 FAQ Q6：用户反馈与口碑,32.8,,en,已覆盖
ubigi esim uk reddit,品牌×国家,验证·评价,品牌×国家子页,新 FAQ Q6：用户反馈与口碑,32.8,,en,已覆盖
yesim esim review japan,品牌×国家,验证·评价,品牌×国家子页,新 FAQ Q6：用户反馈与口碑,32.8,,en,已覆盖
airalo esim review australia,品牌×国家,验证·评价,品牌×国家子页,新 FAQ Q6：用户反馈与口碑,31.4,,en,已覆盖
airalo esim singapore reddit,品牌×国家,验证·评价,品牌×国家子页,新 FAQ Q6：用户反馈与口碑,31.4,,en,已覆盖
esim japan reddit ubigi,品牌×国家,验证·评价,品牌×国家子页,新 FAQ Q6：用户反馈与口碑,31.4,,en,已覆盖
holafly esim japan review reddit,品牌×国家,验证·评价,品牌×国家子页,新 FAQ Q6：用户反馈与口碑,31.4,,en,已覆盖
holafly esim review uk,品牌×国家,验证·评价,品牌×国家子页,新 FAQ Q6：用户反馈与口碑,31.4,,en,已覆盖
is airalo esim good in vietnam,品牌×国家,验证·评价,品牌×国家子页,新 FAQ Q6：用户反馈与口碑,31.4,,en,已覆盖
is roamic esim good for egypt,品牌×国家,验证·评价,品牌×国家子页,新 FAQ Q6：用户反馈与口碑,31.4,,en,已覆盖
is saily esim good for new zealand,品牌×国家,验证·评价,品牌×国家子页,新 FAQ Q6：用户反馈与口碑,31.4,,en,已覆盖
jetpac esim review japan,品牌×国家,验证·评价,品牌×国家子页,新 FAQ Q6：用户反馈与口碑,31.4,,en,已覆盖
nomad esim for japan review,品牌×国家,验证·评价,品牌×国家子页,新 FAQ Q6：用户反馈与口碑,31.4,,en,已覆盖
nomad esim for usa review,品牌×国家,验证·评价,品牌×国家子页,新 FAQ Q6：用户反馈与口碑,31.4,,en,已覆盖
nomad esim review japan,品牌×国家,验证·评价,品牌×国家子页,新 FAQ Q6：用户反馈与口碑,31.4,,en,已覆盖
nomad esim review philippines,品牌×国家,验证·评价,品牌×国家子页,新 FAQ Q6：用户反馈与口碑,31.4,,en,已覆盖
nomad esim south korea review,品牌×国家,验证·评价,品牌×国家子页,新 FAQ Q6：用户反馈与口碑,31.4,,en,已覆盖
roamic esim reviews morocco,品牌×国家,验证·评价,品牌×国家子页,新 FAQ Q6：用户反馈与口碑,31.4,,en,已覆盖
saily esim korea reviews,品牌×国家,验证·评价,品牌×国家子页,新 FAQ Q6：用户反馈与口碑,31.4,,en,已覆盖
saily esim mexico review,品牌×国家,验证·评价,品牌×国家子页,新 FAQ Q6：用户反馈与口碑,31.4,,en,已覆盖
saily esim review japan,品牌×国家,验证·评价,品牌×国家子页,新 FAQ Q6：用户反馈与口碑,31.4,,en,已覆盖
saily esim review philippines,品牌×国家,验证·评价,品牌×国家子页,新 FAQ Q6：用户反馈与口碑,31.4,,en,已覆盖
ubigi esim review usa,品牌×国家,验证·评价,品牌×国家子页,新 FAQ Q6：用户反馈与口碑,31.4,,en,已覆盖
ubigi esim usa reviews,品牌×国家,验证·评价,品牌×国家子页,新 FAQ Q6：用户反馈与口碑,31.4,,en,已覆盖
airalo esim usa reddit,品牌×国家,验证·评价,品牌×国家子页,新 FAQ Q6：用户反馈与口碑,30.9,,en,已覆盖
nomad esim australia reddit,品牌×国家,验证·评价,品牌×国家子页,新 FAQ Q6：用户反馈与口碑,30.9,,en,已覆盖
saily esim germany reddit,品牌×国家,验证·评价,品牌×国家子页,新 FAQ Q6：用户反馈与口碑,30.9,,en,已覆盖
saily esim malaysia reddit,品牌×国家,验证·评价,品牌×国家子页,新 FAQ Q6：用户反馈与口碑,30.9,,en,已覆盖
holafly esim south korea review,品牌×国家,验证·评价,品牌×国家子页,新 FAQ Q6：用户反馈与口碑,29.5,,en,已覆盖
is holafly esim good for thailand,品牌×国家,验证·评价,品牌×国家子页,新 FAQ Q6：用户反馈与口碑,29.5,,en,已覆盖
is jetpac esim good in thailand,品牌×国家,验证·评价,品牌×国家子页,新 FAQ Q6：用户反馈与口碑,29.5,,en,已覆盖
nomad esim usa review,品牌×国家,验证·评价,品牌×国家子页,新 FAQ Q6：用户反馈与口碑,29.5,,en,已覆盖
ubigi esim for japan review,品牌×国家,验证·评价,品牌×国家子页,新 FAQ Q6：用户反馈与口碑,29.5,,en,已覆盖
is jetpac esim good in new zealand,品牌×国家,验证·评价,品牌×国家子页,新 FAQ Q6：用户反馈与口碑,29.0,,en,已覆盖
saily esim vietnam reddit,品牌×国家,验证·评价,品牌×国家子页,新 FAQ Q6：用户反馈与口碑,29.0,,en,已覆盖
ubigi esim south korea reddit,品牌×国家,验证·评价,品牌×国家子页,新 FAQ Q6：用户反馈与口碑,29.0,,en,已覆盖
airalo esim canada reddit,品牌×国家,验证·评价,品牌×国家子页,新 FAQ Q6：用户反馈与口碑,27.6,,en,已覆盖
airalo esim review usa,品牌×国家,验证·评价,品牌×国家子页,新 FAQ Q6：用户反馈与口碑,27.6,,en,已覆盖
holafly esim reviews australia,品牌×国家,验证·评价,品牌×国家子页,新 FAQ Q6：用户反馈与口碑,27.6,,en,已覆盖
is nomad esim good in thailand,品牌×国家,验证·评价,品牌×国家子页,新 FAQ Q6：用户反馈与口碑,27.6,,en,已覆盖
is saily esim good for south africa,品牌×国家,验证·评价,品牌×国家子页,新 FAQ Q6：用户反馈与口碑,27.6,,en,已覆盖
is ubigi esim good for vietnam,品牌×国家,验证·评价,品牌×国家子页,新 FAQ Q6：用户反馈与口碑,27.6,,en,已覆盖
jetpac esim review indonesia,品牌×国家,验证·评价,品牌×国家子页,新 FAQ Q6：用户反馈与口碑,27.6,,en,已覆盖
nomad esim japan review reddit,品牌×国家,验证·评价,品牌×国家子页,新 FAQ Q6：用户反馈与口碑,27.6,,en,已覆盖
nomad esim review canada,品牌×国家,验证·评价,品牌×国家子页,新 FAQ Q6：用户反馈与口碑,27.6,,en,已覆盖
roamic esim reviews australia,品牌×国家,验证·评价,品牌×国家子页,新 FAQ Q6：用户反馈与口碑,27.6,,en,已覆盖
saily esim review indonesia,品牌×国家,验证·评价,品牌×国家子页,新 FAQ Q6：用户反馈与口碑,27.6,,en,已覆盖
saily esim review spain,品牌×国家,验证·评价,品牌×国家子页,新 FAQ Q6：用户反馈与口碑,27.6,,en,已覆盖
ubigi esim review uk,品牌×国家,验证·评价,品牌×国家子页,新 FAQ Q6：用户反馈与口碑,27.6,,en,已覆盖
holafly esim for japan review,品牌×国家,验证·评价,品牌×国家子页,新 FAQ Q6：用户反馈与口碑,25.8,,en,已覆盖
is holafly esim good for vietnam,品牌×国家,验证·评价,品牌×国家子页,新 FAQ Q6：用户反馈与口碑,25.8,,en,已覆盖
is jetpac esim good for vietnam,品牌×国家,验证·评价,品牌×国家子页,新 FAQ Q6：用户反馈与口碑,25.8,,en,已覆盖
is saily esim good for usa,品牌×国家,验证·评价,品牌×国家子页,新 FAQ Q6：用户反馈与口碑,25.8,,en,已覆盖
is ubigi esim good for usa,品牌×国家,验证·评价,品牌×国家子页,新 FAQ Q6：用户反馈与口碑,25.8,,en,已覆盖
nomad esim south korea reddit,品牌×国家,验证·评价,品牌×国家子页,新 FAQ Q6：用户反馈与口碑,25.8,,en,已覆盖
saily esim australia reddit,品牌×国家,验证·评价,品牌×国家子页,新 FAQ Q6：用户反馈与口碑,25.2,,en,已覆盖
ubigi esim japan review,品牌×国家,验证·评价,品牌×国家子页,新 FAQ Q6：用户反馈与口碑,25.2,,en,已覆盖
airalo esim review italy,品牌×国家,验证·评价,品牌×国家子页,新 FAQ Q6：用户反馈与口碑,23.9,,en,已覆盖
airalo esim vietnam review reddit,品牌×国家,验证·评价,品牌×国家子页,新 FAQ Q6：用户反馈与口碑,23.9,,en,已覆盖
is holafly esim good in usa,品牌×国家,验证·评价,品牌×国家子页,新 FAQ Q6：用户反馈与口碑,23.9,,en,已覆盖
is nomad esim good in morocco,品牌×国家,验证·评价,品牌×国家子页,新 FAQ Q6：用户反馈与口碑,23.9,,en,已覆盖
is saily esim good for india,品牌×国家,验证·评价,品牌×国家子页,新 FAQ Q6：用户反馈与口碑,23.9,,en,已覆盖
is saily esim good for thailand,品牌×国家,验证·评价,品牌×国家子页,新 FAQ Q6：用户反馈与口碑,23.9,,en,已覆盖
jetpac esim review australia,品牌×国家,验证·评价,品牌×国家子页,新 FAQ Q6：用户反馈与口碑,23.9,,en,已覆盖
roamic esim reviews indonesia,品牌×国家,验证·评价,品牌×国家子页,新 FAQ Q6：用户反馈与口碑,23.9,,en,已覆盖
roamic esim reviews usa,品牌×国家,验证·评价,品牌×国家子页,新 FAQ Q6：用户反馈与口碑,23.9,,en,已覆盖
saily esim japan review reddit,品牌×国家,验证·评价,品牌×国家子页,新 FAQ Q6：用户反馈与口碑,23.9,,en,已覆盖
saily esim thailand review reddit,品牌×国家,验证·评价,品牌×国家子页,新 FAQ Q6：用户反馈与口碑,23.9,,en,已覆盖
ubigi esim japan unlimited data reddit,品牌×国家,验证·评价,品牌×国家子页,新 FAQ Q6：用户反馈与口碑,23.9,,en,已覆盖
ubigi esim review france,品牌×国家,验证·评价,品牌×国家子页,新 FAQ Q6：用户反馈与口碑,23.9,,en,已覆盖
ubigi esim review india,品牌×国家,验证·评价,品牌×国家子页,新 FAQ Q6：用户反馈与口碑,23.9,,en,已覆盖
ubigi esim south korea review,品牌×国家,验证·评价,品牌×国家子页,新 FAQ Q6：用户反馈与口碑,23.9,,en,已覆盖
ubigi esim uk reviews,品牌×国家,验证·评价,品牌×国家子页,新 FAQ Q6：用户反馈与口碑,23.9,,en,已覆盖
holafly esim south korea reddit,品牌×国家,验证·评价,品牌×国家子页,新 FAQ Q6：用户反馈与口碑,22.0,,en,已覆盖
airalo esim south korea review,品牌×国家,验证·评价,品牌×国家子页,新 FAQ Q6：用户反馈与口碑,20.1,,en,已覆盖
holafly esim review usa,品牌×国家,验证·评价,品牌×国家子页,新 FAQ Q6：用户反馈与口碑,20.1,,en,已覆盖
is holafly esim good in morocco,品牌×国家,验证·评价,品牌×国家子页,新 FAQ Q6：用户反馈与口碑,20.1,,en,已覆盖
is jetpac esim good for india,品牌×国家,验证·评价,品牌×国家子页,新 FAQ Q6：用户反馈与口碑,20.1,,en,已覆盖
is nomad esim good for australia,品牌×国家,验证·评价,品牌×国家子页,新 FAQ Q6：用户反馈与口碑,20.1,,en,已覆盖
is ubigi esim good for south korea,品牌×国家,验证·评价,品牌×国家子页,新 FAQ Q6：用户反馈与口碑,20.1,,en,已覆盖
jetpac esim review usa,品牌×国家,验证·评价,品牌×国家子页,新 FAQ Q6：用户反馈与口碑,20.1,,en,已覆盖
nomad esim review thailand,品牌×国家,验证·评价,品牌×国家子页,新 FAQ Q6：用户反馈与口碑,20.1,,en,已覆盖
roamic esim reviews japan,品牌×国家,验证·评价,品牌×国家子页,新 FAQ Q6：用户反馈与口碑,20.1,,en,已覆盖
saily esim review thailand,品牌×国家,验证·评价,品牌×国家子页,新 FAQ Q6：用户反馈与口碑,20.1,,en,已覆盖
saily esim review usa,品牌×国家,验证·评价,品牌×国家子页,新 FAQ Q6：用户反馈与口碑,20.1,,en,已覆盖
saily esim south korea review,品牌×国家,验证·评价,品牌×国家子页,新 FAQ Q6：用户反馈与口碑,20.1,,en,已覆盖
saily esim vietnam reviews,品牌×国家,验证·评价,品牌×国家子页,新 FAQ Q6：用户反馈与口碑,20.1,,en,已覆盖
ubigi esim japan promo code reddit,品牌×国家,验证·评价,品牌×国家子页,新 FAQ Q6：用户反馈与口碑,20.1,,en,已覆盖
ubigi esim review morocco,品牌×国家,验证·评价,品牌×国家子页,新 FAQ Q6：用户反馈与口碑,20.1,,en,已覆盖
yesim egypt esim review,品牌×国家,验证·评价,品牌×国家子页,新 FAQ Q6：用户反馈与口碑,20.1,,en,已覆盖
airalo esim review canada,品牌×国家,验证·评价,品牌×国家子页,新 FAQ Q6：用户反馈与口碑,16.4,,en,已覆盖
airalo esim south korea reddit,品牌×国家,验证·评价,品牌×国家子页,新 FAQ Q6：用户反馈与口碑,16.4,,en,已覆盖
holafly esim review japan,品牌×国家,验证·评价,品牌×国家子页,新 FAQ Q6：用户反馈与口碑,16.4,,en,已覆盖
is airalo esim good for italy,品牌×国家,验证·评价,品牌×国家子页,新 FAQ Q6：用户反馈与口碑,16.4,,en,已覆盖
is nomad esim good for uk,品牌×国家,验证·评价,品牌×国家子页,新 FAQ Q6：用户反馈与口碑,16.4,,en,已覆盖
is nomad esim good thailand,品牌×国家,验证·评价,品牌×国家子页,新 FAQ Q6：用户反馈与口碑,16.4,,en,已覆盖
is saily esim good for vietnam,品牌×国家,验证·评价,品牌×国家子页,新 FAQ Q6：用户反馈与口碑,16.4,,en,已覆盖
is ubigi esim good for italy,品牌×国家,验证·评价,品牌×国家子页,新 FAQ Q6：用户反馈与口碑,16.4,,en,已覆盖
jetpac esim for japan review,品牌×国家,验证·评价,品牌×国家子页,新 FAQ Q6：用户反馈与口碑,16.4,,en,已覆盖
jetpac esim review thailand,品牌×国家,验证·评价,品牌×国家子页,新 FAQ Q6：用户反馈与口碑,16.4,,en,已覆盖
saily esim review canada,品牌×国家,验证·评价,品牌×国家子页,新 FAQ Q6：用户反馈与口碑,16.4,,en,已覆盖
saily esim south korea reddit,品牌×国家,验证·评价,品牌×国家子页,新 FAQ Q6：用户反馈与口碑,16.4,,en,已覆盖
