keyword,sources,best_rank,markets,best_seed
"international esim unlimited data",48,1,"en-GB,en-US","unlimited data esim saudi arabia"
"esim usa unlimited data",47,1,"en-GB,en-US","unlimited data esim mexico"
"esim vs regular sim",47,1,"en-US","esim france vs sim"
"international esim for iphone",47,1,"en-US","esim france for iphone"
"what is esim vs sim",47,1,"en-US","esim japan vs sim"
"esim for iphone us",45,1,"en-US","esim turkiye for iphone"
"esim and sim difference",45,3,"en-US","esim france vs sim"
"esim uk unlimited data",44,1,"en-GB,en-US","unlimited data esim singapore"
"free unlimited data esim",44,2,"en-US","unlimited data esim georgia"
"buy esim for dubai",40,1,"en-GB,en-US","cheapest esim united arab emirates"
"sim card vs esim",40,1,"en-US","esim qatar vs sim"
"unlimited data esim europe",40,1,"en-US","unlimited data esim belgium"
"global esim unlimited data",40,4,"en-US","unlimited data esim georgia"
"buy esim for europe",39,1,"en-GB,en-US","is esim available in belgium"
"buy esim for iphone",39,2,"en-US","esim belgium for iphone"
"unlimited data travel esim",39,13,"en-US","unlimited data esim uk"
"esim for europe and uk",38,1,"en-GB,en-US","esim coverage in belgium"
"esim versus sim card",38,5,"en-US","esim germany vs sim"
"esim united arab emirates",37,1,"en-GB,en-US","esim united arab emirates"
"esim australia unlimited data",36,1,"en-GB,en-US","australia esim unlimited"
"esim asia unlimited data",32,2,"en-GB,en-US","unlimited data esim thailand"
"how to get an esim",31,1,"en-US","how to get an esim for malaysia"
"esim for saudi arabia",30,1,"en-GB,en-US","esim for saudi arabia"
"how to get an international esim",30,1,"en-US","how to get an esim for germany"
"esim for middle east",30,2,"en-GB,en-US","yesim esim united arab emirates"
"how to get esim in uae",30,7,"en-US","is esim available in saudi arabia"
"esim for south africa uk",29,1,"en-GB,en-US","esim south africa 10gb"
"buy esim online saudi arabia",28,1,"en-GB,en-US","does esim work in saudi arabia"
"esim for use in europe",28,1,"en-GB,en-US","esim coverage in croatia"
"is esim available in saudi arabia",28,1,"en-US","is esim available in turkiye"
"esim for iphone uk",28,9,"en-US","esim ireland for iphone"
"esim for switzerland and europe",27,1,"en-GB,en-US","esim switzerland vs sim"
"unlimited data esim south africa",27,1,"en-US","unlimited data esim south africa"
"esim para costa rica",27,3,"en-GB,en-US","esim costa rica price"
"buy esim south africa",27,6,"en-GB,en-US","esim south africa 10gb"
"esim spain unlimited data",26,1,"en-GB,en-US","spain esim unlimited"
"best esim for uae",26,2,"en-GB,en-US","best esim for qatar"
"esim to use in dubai",26,2,"en-GB,en-US","does esim work in united arab emirates"
"esim options for europe",26,5,"en-GB,en-US","esim coverage in belgium"
"ee unlimited data esim",26,7,"en-GB,en-US","united arab emirates esim unlimited"
"buy esim for egypt",25,1,"en-GB,en-US","how to get an esim for egypt"
"does esim work in hong kong",25,1,"en-GB,en-US","does esim work in hong kong"
"esim for apple iphone",25,1,"en-US","esim macao for iphone"
"esim for unlimited data",25,1,"en-GB,en-US","unlimited data esim macao"
"buy esim online south africa",25,2,"en-GB,en-US","esim south africa 10gb"
"esim vs normal sim",25,2,"en-US","esim croatia vs sim"
"uk esim for europe",25,2,"en-GB,en-US","does esim work in belgium"
"esim for costa rica travel",24,1,"en-GB,en-US","does esim work in costa rica"
"esim for south africa",24,1,"en-GB,en-US","esim for south africa"
"mejor esim para costa rica",24,8,"en-GB,en-US","esim costa rica 10gb"
"esim costa rica reddit",23,1,"en-GB,en-US","esim costa rica reddit"
"esim price in south africa",23,1,"en-GB,en-US","south africa esim price"
"esim with unlimited data",23,1,"en-GB,en-US","unlimited data esim israel"
"free esim south africa",23,1,"en-GB,en-US","south africa esim unlimited"
"best esim for india from uae",23,2,"en-GB,en-US","cheap esim united arab emirates"
"esim new zealand unlimited data",23,4,"en-GB,en-US","unlimited data esim switzerland"
"what's the difference between sim and esim",23,6,"en-US","esim germany vs sim"
"unlimited data esim japan",22,1,"en-US","unlimited data esim japan"
"esim for travelling in europe",22,2,"en-GB,en-US","esim coverage in netherlands"
"how to get esim uk",22,5,"en-GB,en-US","does esim work in iceland"
"esim liberty costa rica",22,6,"en-GB,en-US","esim costa rica price"
"esim for hong kong and china",21,1,"en-GB,en-US","how to get an esim for hong kong"
"esim italy unlimited data",21,1,"en-GB,en-US","italy esim unlimited"
"best esim for dubai",21,2,"en-GB,en-US","best esim for united arab emirates"
"best esim for saudi",21,2,"en-GB,en-US","esim saudi arabia price"
"best travel esim for costa rica",21,4,"en-GB,en-US","best esim for costa rica"
"can esim be used internationally",21,4,"en-GB,en-US","is esim available in brazil"
"buy esim for south korea",21,5,"en-GB,en-US","does esim work in south korea"
"esim for costa rica",20,1,"en-GB,en-US","esim for costa rica"
"esim for new zealand",20,1,"en-GB,en-US","esim for new zealand"
"buy an esim for mexico",20,2,"en-GB,en-US","esim mexico for iphone"
"buy esim for korea",20,5,"en-GB,en-US","esim south korea price"
"esim for hk and china",20,9,"en-GB,en-US","esim hong kong price"
"does esim work in mexico",19,1,"en-GB,en-US","does esim work in uk"
"esim for south korea",19,1,"en-GB,en-US","esim for south korea"
"philippines esim unlimited data",19,1,"en-GB,en-US","philippines esim unlimited"
"esim china unlimited data",19,2,"en-US","unlimited data esim czechia"
"esim for south america",19,2,"en-GB,en-US","esim coverage in argentina"
"esim for hong kong and europe",19,4,"en-GB,en-US","yesim esim hong kong"
"esim in india for iphone",19,4,"en-US","esim india for iphone"
"esim australia from nz",19,5,"en-GB,en-US","esim australia"
"esim plans for europe",19,9,"en-GB,en-US","esim plans"
"esim card costa rica",18,1,"en-GB,en-US","esim costa rica price"
"esim for hong kong and taiwan",18,1,"en-GB,en-US","esim coverage in taiwan"
"how does esim work internationally",18,1,"en-GB,en-US","does esim work in portugal"
"is esim available in india",18,1,"en-US","is esim available in spain"
"uae esim with phone number",18,1,"en-GB,en-US","esim united arab emirates airport"
"get esim online south africa",18,2,"en-GB,en-US","how to get an esim for south africa"
"indonesia best esims coverage",18,2,"en-US","esim coverage in iceland"
"esim for hong kong and japan",18,3,"en-GB,en-US","yesim esim hong kong"
"cheap esim for europe",18,4,"en-GB,en-US","does esim work in croatia"
"cheapest esims for south africa",18,4,"en-GB,en-US","roamic esim south africa"
"how to use esim overseas",18,4,"en-GB,en-US","how to get an esim for croatia"
"esim for usa and mexico",18,5,"en-GB,en-US","esim for usa"
"which iphone use esim",18,5,"en-US","esim brazil for iphone"
"buy esim online dubai",18,9,"en-GB,en-US","cheap esim saudi arabia"
"esim pour le costa rica",18,11,"en-GB,en-US","costa rica esim plans"
"best esim for spain",17,1,"en-GB,en-US","best esim for spain"
"esim companies in europe",17,1,"en-GB,en-US","does esim work in belgium"
"esim for hong kong",17,1,"en-GB,en-US","esim for hong kong"
"esim saudi arabia tourist",17,2,"en-GB,en-US","esim saudi arabia"
"esim for hong kong and thailand",17,3,"en-GB,en-US","hong kong esim unlimited"
"esim for hong kong travel",17,3,"en-GB,en-US","esim for hong kong"
"unlimited data plans esim",17,5,"en-US","unlimited data esim georgia"
"esim providers south africa",17,9,"en-GB,en-US","esim coverage in south africa"
"esim germany unlimited data",16,1,"en-GB,en-US","germany esim unlimited"
"us sim card for tourists",16,1,"en-GB,en-US","colombia sim card for tourists"
"best south africa esim",16,3,"en-GB,en-US","roami esim south africa"
"buy esim hong kong",16,4,"en-GB,en-US","hong kong esim unlimited"
"saudi esim for visitors",16,4,"en-GB,en-US","yesim esim saudi arabia"
"meilleur esim costa rica",16,10,"en-GB,en-US","esim costa rica 10gb"
"esim australia and new zealand",15,1,"en-GB,en-US","does esim work in new zealand"
"esim for singapore and indonesia",15,1,"en-GB,en-US","esim coverage in indonesia"
"esim for use in mexico",15,1,"en-GB,en-US","does esim work in argentina"
"esim spain and portugal",15,1,"en-GB,en-US","does esim work in portugal"
"esim uk and europe",15,1,"en-GB,en-US","does esim work in belgium"
"taiwan esim unlimited data",15,1,"en-GB,en-US","taiwan esim unlimited"
"how to get esim in india",15,2,"en-US","how to get an esim for saudi arabia"
"travel esim south africa",15,2,"en-GB,en-US","esim south africa airport"
"esim card for south africa",15,3,"en-GB,en-US","esim south africa 10gb"
"esim for malaysia and indonesia",15,3,"en-GB,en-US","does esim work in malaysia"
"europe sim card for tourist",15,5,"en-GB,en-US","croatia sim card for tourists"
"saudi esim for tourist",15,7,"en-GB,en-US","roami esim saudi arabia"
"beste esim costa rica",15,9,"en-GB,en-US","cheap esim costa rica"
"best esim for united arab emirates",14,1,"en-GB,en-US","best esim for united arab emirates"
"cost of esim in spain",14,1,"en-GB,en-US","esim coverage in spain"
"esim hong kong china",14,1,"en-GB,en-US","is esim available in hong kong"
"esim in south africa",14,1,"en-US","esim south africa airport"
"esim nigeria unlimited data",14,1,"en-US","unlimited data esim kenya"
"best esim for portugal and spain",14,2,"en-GB,en-US","best esim for portugal"
"best esim in korea",14,2,"en-GB,en-US","cheapest esim south korea"
"buy esim for new zealand",14,2,"en-GB,en-US","esim new zealand 10gb"
"buy esim for russia",14,2,"en-GB,en-US","does esim work in czechia"
"esim card for south korea",14,2,"en-GB,en-US","south korea esim plans"
"esim for traveling in europe",14,2,"en-GB,en-US","esim coverage in croatia"
"esim card for korea",14,3,"en-GB,en-US","esim south korea 10gb"
"best esim for nz",14,4,"en-GB,en-US","esim new zealand reddit"
"do i need an esim for europe",14,4,"en-US","how to get an esim for belgium"
"esim for abu dhabi",14,4,"en-GB,en-US","alosim esim united arab emirates"
"best esim for egypt",13,1,"en-GB,en-US","best esim for egypt"
"best esim for portugal",13,1,"en-GB,en-US","best esim for portugal"
"esim for spain travel",13,1,"en-GB,en-US","does esim work in spain"
"how to buy an esim for europe",13,1,"en-US","how to get an esim for belgium"
"india sim card for tourists",13,1,"en-GB,en-US","india sim card for tourists"
"best esim for south korea and japan",13,2,"en-GB,en-US","best esim for south korea"
"esim comparison for europe",13,2,"en-US","esim coverage in czechia"
"esim south africa prepaid",13,2,"en-GB,en-US","esim south africa"
"how does an esim work overseas",13,2,"en-GB,en-US","does esim work in iceland"
"esim card hong kong",13,3,"en-GB,en-US","esim hong kong price"
"esim for korea and japan",13,3,"en-GB,en-US","yesim esim south korea"
"esim for northern europe",13,3,"en-US","esim coverage in netherlands"
"esim stc saudi arabia",13,4,"en-GB,en-US","esim saudi arabia"
"iphone that support esim",13,4,"en-US","esim macao for iphone"
"south korea esim with phone number",13,4,"en-GB,en-US","esim for south korea"
"buy esim in india",13,7,"en-GB,en-US","does esim work in india"
"travel esim for south korea",13,7,"en-GB,en-US","does esim work in south korea"
"i-phone esim",13,11,"en-US","esim indonesia for iphone"
"best esim for netherlands",12,1,"en-GB,en-US","best esim for netherlands"
"does esim work in china",12,1,"en-GB,en-US","does esim work in china"
"esim for australia and new zealand",12,1,"en-GB,en-US","is esim available in new zealand"
"esim for germany and austria",12,1,"en-GB,en-US","does esim work in austria"
"is esim available in philippines",12,1,"en-US","is esim available in philippines"
"esim for new zealand travel",12,2,"en-GB,en-US","esim for new zealand"
"hong kong esim with phone number",12,2,"en-GB,en-US","hong kong esim"
"using an esim in usa",12,2,"en-GB,en-US","does esim work in georgia"
"best esim for travel to south africa",12,3,"en-GB,en-US","best esim for south africa"
"esim for morocco with text and phone",12,3,"en-GB,en-US","esim for morocco"
"how to use esim on iphone abroad",12,3,"en-US","esim united arab emirates for iphone"
"esim for united states",12,4,"en-GB,en-US","does esim work in georgia"
"esim with phone number korea",12,4,"en-GB,en-US","yesim esim south korea"
"best esim for japan and hong kong",12,5,"en-GB,en-US","best esim for hong kong"
"how to get esim philippines",12,7,"en-US","how to get an esim for costa rica"
"cheap esim for india",12,11,"en-GB,en-US","is esim available in india"
"costa rica esim erfahrungen",12,11,"en-GB,en-US","how to get an esim for costa rica"
"best esim for croatia",11,1,"en-GB,en-US","best esim for croatia"
"best esim for europe",11,1,"en-GB,en-US","best esim for belgium"
"best esim for germany",11,1,"en-GB,en-US","best esim for germany"
"esim for switzerland and italy",11,2,"en-GB,en-US","does esim work in switzerland"
"esim turkey unlimited data",11,2,"en-GB,en-US","esim coverage in turkiye"
"best esim for eu",11,3,"en-GB,en-US","best esim for belgium"
"best esim for dubai from uk",11,4,"en-US","best esim for united arab emirates"
"esim thailand unlimited data",11,4,"en-GB,en-US","unlimited data esim south korea"
"best international esim for europe",11,7,"en-GB,en-US","best esim for germany"
"best esim for colombia",10,1,"en-GB,en-US","best esim for colombia"
"best new zealand esim",10,1,"en-GB,en-US","esim new zealand reddit"
"how does esim work in india",10,1,"en-GB,en-US","does esim work in georgia"
"esim for japan and south korea",10,2,"en-GB,en-US","does esim work in south korea"
"esim for new zealand from australia",10,2,"en-GB,en-US","how to get an esim for new zealand"
"esim for south korea and japan",10,2,"en-GB,en-US","esim for south korea"
"esim hong kong taiwan",10,2,"en-GB,en-US","esim hong kong 10gb"
"ubigi esim japan review",10,2,"en-GB,en-US","ubigi esim hong kong"
"unlimited esim data plan",10,2,"en-GB,en-US","unlimited esim"
"best esim for europe and uk",10,3,"en-GB,en-US","best esim for netherlands"
"esim costa rica claro",10,3,"en-GB,en-US","esim costa rica"
"esim for travel in europe",10,4,"en-GB,en-US","does esim work in croatia"
"what is esim nz",10,4,"en-GB,en-US","does esim work in new zealand"
"best esim for international",10,5,"en-GB,en-US","best esim for fiji"
"cheap esim for thailand",10,6,"en-GB,en-US","cheapest esim south korea"
"esim for my phone",10,6,"en-US","esim malaysia for iphone"
"how does esim work on iphone internationally",10,6,"en-US","esim brazil for iphone"
"esim to use in europe",10,7,"en-GB,en-US","does esim work in belgium"
"esim for europe from canada",10,8,"en-GB,en-US","is esim available in canada"
"unlimited data esim bali",10,13,"en-US","unlimited data esim india"
"best esim for brazil",9,1,"en-GB,en-US","best esim for brazil"
"best esim for canada",9,1,"en-GB,en-US","best esim for canada"
"best esim for greece",9,1,"en-GB,en-US","best esim for greece"
"best esim for indonesia",9,1,"en-GB,en-US","best esim for indonesia"
"best esim for kenya",9,1,"en-GB,en-US","best esim for kenya"
"best esim for mexico",9,1,"en-GB,en-US","best esim for mexico"
"best esim for peru",9,1,"en-GB,en-US","best esim for peru"
"best esim for poland",9,1,"en-GB,en-US","best esim for poland"
"best esim for qatar",9,1,"en-GB,en-US","best esim for qatar"
"best esim for saudi arabia",9,1,"en-GB,en-US","best esim for saudi arabia"
"best esim for singapore",9,1,"en-GB,en-US","best esim for singapore"
"best esim for taiwan",9,1,"en-GB,en-US","best esim for taiwan"
"esim card for morocco",9,1,"en-GB,en-US","how to get an esim for morocco"
"esim for malaysia and singapore",9,1,"en-GB,en-US","is esim available in singapore"
"is esim available in australia",9,1,"en-US","esim coverage in australia"
"verizon sim vs esim",9,1,"en-US","esim peru vs sim"
"best esim for new zealand and australia",9,2,"en-GB,en-US","esim new zealand reddit"
"cheapest esim for egypt",9,2,"en-GB,en-US","cheapest esim united arab emirates"
"costa rica esim card",9,2,"en-GB,en-US","costa rica esim"
"esim available in india",9,2,"en-US","is esim available in china"
"esim for uk from australia",9,2,"en-GB,en-US","does esim work in australia"
"esim to use in usa",9,2,"en-GB,en-US","is esim available in georgia"
"best esim for africa",9,3,"en-GB,en-US","best esim for kenya"
"best esim for france and spain",9,3,"en-GB,en-US","best esim for france"
"best esim for philippines and singapore",9,3,"en-GB,en-US","does esim work in philippines"
"best esim for singapore malaysia thailand",9,3,"en-GB,en-US","is esim available in singapore"
"esim app for iphone",9,3,"en-US","esim georgia for iphone"
"esim for europe from australia",9,3,"en-GB,en-US","does esim work in austria"
"european esim card for iphone",9,3,"en-US","esim netherlands for iphone"
"how esim works in the philippines",9,3,"en-GB,en-US","esim coverage in philippines"
"nomad esim in china",9,3,"en-GB,en-US","nomad esim india"
"ubigi esim japan reddit",9,3,"en-GB,en-US","esim japan reddit"
"sim cards usa for tourists",9,4,"en-US","georgia sim card for tourists"
"south african esim card uk",9,4,"en-GB,en-US","south africa esim"
"where to buy esim",9,4,"en-US","is esim available in czechia"
"best esim for korea",9,5,"en-GB,en-US","how to get an esim for south korea"
"esim card for spain and portugal",9,5,"en-GB,en-US","how to get an esim for portugal"
"how to apply for esim",9,5,"en-GB,en-US","how to get an esim for georgia"
"mobile phone with esim",9,8,"en-US","esim saudi arabia for iphone"
"single sim + esim",9,12,"en-US","esim ireland vs sim"
"best esim for argentina",8,1,"en-GB,en-US","best esim for argentina"
"best esim for austria",8,1,"en-GB,en-US","best esim for austria"
"best esim for france",8,1,"en-GB,en-US","best esim for france"
"best esim for georgia",8,1,"en-GB,en-US","best esim for georgia"
"best esim for iceland",8,1,"en-GB,en-US","best esim for iceland"
"best esim for malaysia",8,1,"en-GB,en-US","best esim for malaysia"
"best esim for morocco",8,1,"en-GB,en-US","best esim for morocco"
"best esim for switzerland",8,1,"en-GB,en-US","best esim for switzerland"
"china sim card for tourist",8,1,"en-GB,en-US","china sim card for tourists"
"esim bali unlimited data",8,1,"en-GB,en-US","unlimited data esim indonesia"
"esim card for colombia",8,1,"en-GB,en-US","esim coverage in colombia"
"esim data for morocco",8,1,"en-US","esim morocco vs sim"
"esim for hong kong macau and china",8,1,"en-GB,en-US","does esim work in macao"
"esim in hong kong",8,1,"en-US","esim hong kong airport"
"holafly esim for usa",8,1,"en-GB,en-US","holafly esim united arab emirates"
"how to get an esim for thailand",8,1,"en-US","does esim work in thailand"
"is esim available in china",8,1,"en-US","is esim available in china"
"jetpac esim new zealand",8,1,"en-GB,en-US","jetpac esim south africa"
"jetpac esim promo code",8,1,"en-GB,en-US","jetpac esim peru"
"sim card china tourists",8,1,"en-GB,en-US","macao sim card for tourists"
"south africa sim card for tourist",8,1,"en-GB,en-US","south africa sim card for tourists"
"spain sim card for tourist",8,1,"en-GB,en-US","spain sim card for tourists"
"ubigi esim new zealand",8,1,"en-GB,en-US","ubigi esim new zealand"
"best esim for greece reddit",8,2,"en-GB,en-US","esim greece reddit"
"cheapest esim for asia",8,2,"en-GB,en-US","cheapest esim united arab emirates"
"cheapest esim for morocco",8,2,"en-GB,en-US","cheapest esim morocco"
"does saily esim work in china",8,2,"en-GB,en-US","does esim work in china"
"esim costa rica kolbi",8,2,"en-GB,en-US","esim costa rica"
"esim for germany trip",8,2,"en-GB,en-US","esim for germany"
"holafly esim japan review",8,2,"en-GB,en-US","holafly esim japan"
"how does an esim work abroad",8,2,"en-GB,en-US","does esim work in portugal"
"how to buy esim in singapore",8,2,"en-GB,en-US","does esim work in singapore"
"how to get esim online",8,2,"en-US","how to get an esim for georgia"
"nomad esim japan review",8,2,"en-GB,en-US","nomad esim japan"
"sim card in germany for tourist",8,2,"en-GB,en-US","germany sim card for tourists"
"buy esim for usa",8,3,"en-GB,en-US","does esim work in usa"
"esim card for france",8,3,"en-GB,en-US","how to get an esim for france"
"esim card for spain",8,3,"en-GB,en-US","esim coverage in spain"
"how to get esim in china",8,3,"en-GB,en-US","how to get an esim for taiwan"
"morocco esim card for tourist",8,3,"en-GB,en-US","morocco esim"
"portugal esim with phone number",8,3,"en-GB,en-US","portugal esim"
"cheapest esim for india",8,4,"en-GB,en-US","cheapest esim south korea"
"esim for europe airalo",8,4,"en-GB,en-US","esim for europe"
"where to buy esim in philippines",8,4,"en-US","does esim work in philippines"
"buy esim online philippines",8,5,"en-GB,en-US","does esim work in philippines"
"does esim work in nigeria",8,5,"en-GB,en-US","does esim work in usa"
"esim card vs sim card",8,5,"en-US","esim india vs sim"
"esim for nz travel",8,5,"en-GB,en-US","how to get an esim for new zealand"
"nomad esim esim me",8,5,"en-US","nomad esim colombia"
"ubigi esim japan and korea",8,5,"en-GB,en-US","ubigi esim japan"
"esim card for kenya",8,6,"en-GB,en-US","esim for kenya"
"esim for dubai and thailand",8,6,"en-GB,en-US","does esim work in thailand"
"esim compatible phones south africa",8,7,"en-GB,en-US","esim south africa for iphone"
"ee sim only esim",8,8,"en-GB,en-US","yesim esim united arab emirates"
"what is the best international esim",8,8,"en-US","best esim for qatar"
"esim with number europe",8,9,"en-US","is esim available in poland"
"what is better sim or esim",8,9,"en-US","esim uk vs sim"
"data only esim europe",8,12,"en-US","unlimited data esim netherlands"
"alosim esim install",7,1,"en-GB,en-US","alosim esim spain"
"best esim for fiji",7,1,"en-GB,en-US","best esim for fiji"
"best esim for ireland and northern ireland",7,1,"en-GB,en-US","does esim work in ireland"
"best esim for new zealand",7,1,"en-GB,en-US","best esim for new zealand"
"best esim for south africa",7,1,"en-GB,en-US","best esim for south africa"
"best esim plans for new zealand",7,1,"en-GB,en-US","new zealand esim plans"
"buy esim for france",7,1,"en-GB,en-US","does esim work in france"
"esim card for brazil",7,1,"en-GB,en-US","esim coverage in brazil"
"esim for canada and usa",7,1,"en-GB,en-US","is esim available in canada"
"esim for italy travel",7,1,"en-GB,en-US","does esim work in italy"
"esim for singapore and malaysia",7,1,"en-GB,en-US","esim coverage in singapore"
"esim for thailand and vietnam",7,1,"en-GB,en-US","esim coverage in vietnam"
"esim france unlimited data",7,1,"en-GB,en-US","france esim unlimited"
"esim in japan for iphone",7,1,"en-US","esim japan for iphone"
"esim phones in egypt",7,1,"en-US","esim egypt for iphone"
"germany sim card for tourists",7,1,"en-GB,en-US","germany sim card for tourists"
"holafly esim for china",7,1,"en-GB,en-US","holafly esim south korea"
"holafly esim south africa",7,1,"en-GB,en-US","holafly esim south africa"
"holafly global esim with phone number",7,1,"en-GB,en-US","holafly esim united arab emirates"
"how to use nomad esim",7,1,"en-GB","nomad esim united arab emirates"
"how to use ubigi esim",7,1,"en-GB,en-US","ubigi esim saudi arabia"
"jetpac asia pacific esim",7,1,"en-GB,en-US","jetpac esim south korea"
"nomad esim card china",7,1,"en-GB,en-US","nomad esim hong kong"
"nomad esim for china",7,1,"en-GB","nomad esim hong kong"
"nomad esim south africa",7,1,"en-GB,en-US","nomad esim south africa"
"nomad esim south korea",7,1,"en-GB,en-US","nomad esim south korea"
"saily esim south africa",7,1,"en-GB,en-US","saily esim south africa"
"singapore sim card for tourists",7,1,"en-GB,en-US","singapore sim card for tourists"
"ubigi esim for japan",7,1,"en-GB,en-US","ubigi esim hong kong"
"ubigi esim promo code",7,1,"en-GB,en-US","ubigi esim peru"
"ubigi esim south africa",7,1,"en-GB,en-US","ubigi esim south africa"
"usa sim card for tourists",7,1,"en-GB,en-US","usa sim card for tourists"
"what is nomad esim",7,1,"en-US","nomad esim saudi arabia"
"what is saily esim",7,1,"en-GB,en-US","saily esim united arab emirates"
"best esim card for peru",7,2,"en-GB,en-US","esim coverage in peru"
"best esim for egypt uk",7,2,"en-GB,en-US","best esim for egypt"
"best esim for morocco uk",7,2,"en-US","does esim work in morocco"
"best esim for south africa from uk",7,2,"en-GB,en-US","best esim for south africa"
"cheapest esim for korea",7,2,"en-GB,en-US","south korea esim price"
"cheapest esim for new zealand",7,2,"en-GB,en-US","cheapest esim new zealand"
"cheapest esim for peru",7,2,"en-GB,en-US","does esim work in peru"
"esim card for portugal",7,2,"en-GB,en-US","how to get an esim for portugal"
"esim card south korea",7,2,"en-GB,en-US","esim south korea 10gb"
"esim for malaysia tourist",7,2,"en-GB,en-US","esim for malaysia"
"is ubigi a good esim",7,2,"en-GB,en-US","ubigi esim saudi arabia"
"nomad esim for travel",7,2,"en-GB,en-US","nomad esim saudi arabia"
"nomad esim review australia",7,2,"en-GB,en-US","nomad esim australia"
"saily esim europe review",7,2,"en-GB,en-US","saily esim colombia"
"saily esim in europe",7,2,"en-GB,en-US","saily esim united arab emirates"
"ubigi esim china not working",7,2,"en-GB,en-US","ubigi esim china"
"ubigi esim japan promo code",7,2,"en-GB,en-US","ubigi esim japan"
"airalo esim with phone number",7,3,"en-GB,en-US","airalo esim saudi arabia"
"best esim for portugal from canada",7,3,"en-GB,en-US","best esim for portugal"
"cheapest esim in australia",7,3,"en-GB,en-US","cheapest esim india"
"does nomad esim work in china",7,3,"en-GB,en-US","does esim work in china"
"esim for usa and canada",7,3,"en-GB,en-US","esim for usa"
"esim options for japan",7,3,"en-GB,en-US","esim coverage in japan"
"holafly esim unlimited data",7,3,"en-GB,en-US","holafly esim united arab emirates"
"hong kong macau esim",7,3,"en-GB,en-US","esim coverage in macao"
"iphone sim vs esim",7,3,"en-US","esim macao vs sim"
"nomad esim customer service",7,3,"en-GB,en-US","nomad esim saudi arabia"
"what is airalo esim",7,3,"en-GB,en-US","airalo esim hong kong"
"best esim for asia",7,4,"en-GB,en-US","best esim for macao"
"best esim for ireland and scotland",7,4,"en-GB,en-US","best esim for ireland"
"cheapest esim in uk",7,4,"en-GB,en-US","cheapest esim hong kong"
"esim for italy reddit",7,4,"en-GB,en-US","esim for italy"
"esim for singapore and vietnam",7,4,"en-GB,en-US","does esim work in vietnam"
"esim for thailand and singapore",7,4,"en-GB,en-US","does esim work in thailand"
"esim for turkey and greece",7,4,"en-GB,en-US","esim for turkiye"
"how to use jetpac esim",7,4,"en-GB,en-US","jetpac esim saudi arabia"
"best esim for eastern europe",7,5,"en-GB,en-US","best esim for czechia"
"buy an esim online",7,5,"en-US","is esim available in czechia"
"how does ubigi esim work",7,5,"en-GB,en-US","ubigi esim south korea"
"how to install ubigi esim",7,5,"en-GB,en-US","ubigi esim saudi arabia"
"jetpac esim japan review",7,5,"en-GB,en-US","jetpac esim saudi arabia"
"portugal esim for tourists",7,5,"en-GB,en-US","portugal esim"
"sim cards in america for tourists",7,5,"en-GB,en-US","georgia sim card for tourists"
"buy esim new zealand",7,6,"en-GB,en-US","does esim work in new zealand"
"how does jetpac esim work",7,6,"en-GB,en-US","jetpac esim saudi arabia"
"how to enter an esim",7,6,"en-US","how to get an esim for georgia"
"reviews of airalo esim",7,6,"en-US","airalo esim hong kong"
"australian esim for europe",7,7,"en-GB,en-US","does esim work in austria"
"buy esim online malaysia",7,7,"en-GB,en-US","does esim work in malaysia"
"cell phone with esim",7,7,"en-US","esim belgium for iphone"
"esim with number france",7,7,"en-GB,en-US","esim france vs sim"
"holafly esim for japan",7,7,"en-GB,en-US","holafly esim south korea"
"indonesia best esims comparison",7,7,"en-US","esim indonesia vs sim"
"airalo esim for japan",7,8,"en-GB,en-US","airalo esim hong kong"
"comprar esim colombia online",7,8,"en-GB,en-US","is esim available in colombia"
"esim for mobile phone",7,9,"en-US","esim qatar for iphone"
"esim plans in australia",7,9,"en-US","esim coverage in australia"
"holafly esim for europe",7,9,"en-GB,en-US","holafly esim south korea"
"nomad esim for europe",7,9,"en-GB,en-US","nomad esim saudi arabia"
"orange esim for morocco",7,9,"en-GB,en-US","does esim work in morocco"
"how to activate ubigi esim",7,10,"en-GB,en-US","ubigi esim united arab emirates"
"latin america esim unlimited data",7,10,"en-GB,en-US","costa rica esim unlimited"
"esim funciona en argentina",7,12,"en-US","esim argentina for iphone"
"esim pour la france",7,12,"en-US","esim france vs sim"
"comprar una esim colombia",7,13,"en-US","how to get an esim for colombia"
"esim para usar na argentina",7,13,"en-US","esim argentina for iphone"
"comprar esim en colombia",7,14,"en-US","how to get an esim for colombia"
"airalo esim costa rica",6,1,"en-GB,en-US","airalo esim costa rica"
"airalo esim south africa",6,1,"en-GB,en-US","airalo esim south africa"
"alosim esim plans",6,1,"en-GB,en-US","alosim esim plan"
"best esim costa rica",6,1,"en-GB,en-US","cheapest esim costa rica"
"best esim for australia",6,1,"en-GB,en-US","best esim for australia"
"best esim for china and hong kong",6,1,"en-GB,en-US","cheap esim hong kong"
"best esim for czech republic",6,1,"en-GB,en-US","best esim for czechia"
"best esim for hong kong",6,1,"en-GB,en-US","best esim for hong kong"
"best esim for israel",6,1,"en-GB,en-US","best esim for israel"
"best esim to use in mexico",6,1,"en-US","is esim available in mexico"
"egypt sim card for tourist",6,1,"en-GB,en-US","egypt sim card for tourists"
"esim card for greece",6,1,"en-GB,en-US","is esim available in greece"
"esim card for israel",6,1,"en-GB,en-US","esim coverage in israel"
"esim for ireland and uk",6,1,"en-GB,en-US","esim coverage in ireland"
"esim in south korea",6,1,"en-GB,en-US","esim south korea airport"
"hong kong sim card for tourist",6,1,"en-GB,en-US","hong kong sim card for tourists"
"how to get esim in saudi arabia",6,1,"en-GB,en-US","how to get an esim for saudi arabia"
"netherlands sim card for tourist",6,1,"en-GB,en-US","netherlands sim card for tourists"
"philippines sim card for tourist",6,1,"en-GB,en-US","philippines sim card for tourists"
"saily esim costa rica",6,1,"en-GB,en-US","saily esim costa rica"
"saily esim new zealand",6,1,"en-GB,en-US","saily esim new zealand"
"south korea esim unlimited data",6,1,"en-GB,en-US","south korea esim unlimited"
"spain esim data plan",6,1,"en-GB,en-US","spain esim plans"
"what is holafly esim",6,1,"en-US","holafly esim saudi arabia"
"airalo esim for usa",6,2,"en-GB,en-US","airalo esim south korea"
"airalo esim thailand review",6,2,"en-GB,en-US","airalo esim thailand"
"best esim for romania",6,2,"en-GB,en-US","best esim for czechia"
"best travel esim for brazil",6,2,"en-GB,en-US","best esim for brazil"
"buy esim for philippines",6,2,"en-GB,en-US","does esim work in philippines"
"cheapest esim plan malaysia",6,2,"en-GB,en-US","cheapest esim malaysia"
"esim card for indonesia",6,2,"en-GB,en-US","esim coverage in indonesia"
"esim card for switzerland",6,2,"en-GB,en-US","esim switzerland for iphone"
"esim card for vietnam",6,2,"en-GB,en-US","how to get an esim for vietnam"
"esim for canada from uk",6,2,"en-GB,en-US","is esim available in canada"
"esim for new zealand and australia",6,2,"en-GB,en-US","esim new zealand vs sim"
"esim taiwan with phone number",6,2,"en-GB,en-US","is esim available in taiwan"
"france esim with phone number",6,2,"en-GB,en-US","france esim"
"holafly esim china review",6,2,"en-GB,en-US","holafly esim south korea"
"holafly esim south america",6,2,"en-GB,en-US","holafly esim south africa"
"holafly esim thailand and vietnam",6,2,"en-GB,en-US","holafly esim thailand"
"how to purchase an esim for japan",6,2,"en-GB,en-US","how to get an esim for fiji"
"new zealand esim with phone number",6,2,"en-GB,en-US","new zealand esim"
"nomad esim china review",6,2,"en-GB,en-US","nomad esim china"
"saily esim review india",6,2,"en-GB,en-US","saily esim india"
"spain esim with phone number",6,2,"en-GB,en-US","spain esim"
"best esim for mexico city",6,3,"en-GB,en-US","is esim available in mexico"
"best esim for south america",6,3,"en-GB,en-US","best esim for argentina"
"best esim for uk and europe",6,3,"en-GB,en-US","best esim for uk"
"chinese sim card for tourist",6,3,"en-GB,en-US","macao sim card for tourists"
"ee esim with roaming",6,3,"en-GB,en-US","roami esim united arab emirates"
"esim card for italy",6,3,"en-GB,en-US","how to get an esim for italy"
"esim for england ireland and scotland",6,3,"en-GB,en-US","esim coverage in ireland"
"esim for ireland travel",6,3,"en-GB,en-US","esim for ireland"
"esim for italy from australia",6,3,"en-GB,en-US","esim for italy"
"esim for italy from uk",6,3,"en-GB,en-US","does esim work in italy"
"esim for the us",6,3,"en-GB,en-US","does esim work in georgia"
"esim kolbi costa rica",6,3,"en-GB,en-US","esim for costa rica"
"esim price in pakistan",6,3,"en-GB,en-US","united arab emirates esim price"
"esim tunisia unlimited data",6,3,"en-US","unlimited data esim fiji"
"esim vs physical sim",6,3,"en-GB,en-US","esim georgia vs sim"
"malaysia esim with number",6,3,"en-GB,en-US","esim coverage in malaysia"
"malaysia esim with phone number",6,3,"en-GB,en-US","is esim available in malaysia"
"nomad esim card japan",6,3,"en-GB,en-US","nomad esim japan"
"saily esim review japan",6,3,"en-GB,en-US","saily esim south korea"
"sim card in switzerland for tourist",6,3,"en-US","poland sim card for tourists"
"australia new zealand esim",6,4,"en-GB,en-US","alosim esim new zealand"
"best esim app for europe",6,4,"en-US","esim austria for iphone"
"best esim for australia from uk",6,4,"en-GB,en-US","best esim for australia"
"dual sim vs esim",6,4,"en-US","esim qatar vs sim"
"esim for china reddit",6,4,"en-GB,en-US","esim united arab emirates reddit"
"esim for iphone se",6,4,"en-US","esim croatia for iphone"
"esim south africa cell c",6,4,"en-GB,en-US","esim south africa"
"how much is esim",6,4,"en-GB,en-US","united arab emirates esim price"
"how to use holafly esim",6,4,"en-GB","holafly esim united arab emirates"
"italy esim with phone number",6,4,"en-GB,en-US","italy esim"
"mexico esim with phone number",6,4,"en-GB,en-US","mexico esim"
"singapore esim with phone number",6,4,"en-GB,en-US","is esim available in singapore"
"ubigi esim discount code",6,4,"en-GB,en-US","ubigi esim india"
"what is a nomad esim card",6,4,"en-GB,en-US","nomad esim saudi arabia"
"cheapest esim for thailand",6,5,"en-GB,en-US","cheapest esim south korea"
"compare esim plans europe",6,5,"en-US","esim coverage in czechia"
"esim for costa rica reddit",6,5,"en-GB","roamic esim costa rica"
"esim for south east asia",6,5,"en-GB,en-US","roamic esim saudi arabia"
"esim for united kingdom",6,5,"en-GB,en-US","esim coverage in uk"
"esim with phone number vietnam",6,5,"en-GB,en-US","esim vietnam for iphone"
"how much is airalo esim",6,5,"en-US","airalo esim hong kong"
"what is the best esim",6,5,"en-GB,en-US","best esim for israel"
"where to buy airalo esim",6,5,"en-GB,en-US","airalo esim united arab emirates"
"who owns saily esim",6,5,"en-GB,en-US","saily esim united arab emirates"
"best esim for turkey and egypt",6,6,"en-GB,en-US","best esim for turkiye"
"how to install nomad esim",6,6,"en-GB,en-US","nomad esim united arab emirates"
"how to use esim in different country",6,6,"en-GB,en-US","how to get an esim for croatia"
"best esim for marrakech",6,7,"en-GB,en-US","how to get an esim for morocco"
"buy esim for morocco",6,7,"en-GB,en-US","esim for morocco"
"new zealand phone esim",6,7,"en-GB,en-US","esim new zealand vs sim"
"buy esim online australia",6,8,"en-GB,en-US","does esim work in australia"
"esim for international use",6,8,"en-US","yesim esim united arab emirates"
"esim with korean phone number",6,8,"en-GB,en-US","yesim esim south korea"
"iphones with esim support",6,8,"en-US","esim ireland for iphone"
"is nomad esim good",6,8,"en-GB,en-US","is nomad good"
"reviews on saily esim",6,8,"en-GB,en-US","saily esim united arab emirates"
"carte esim costa rica",6,9,"en-GB,en-US","esim costa rica 10gb"
"esim france pas cher",6,9,"en-GB,en-US","esim france"
"free mobile esim france",6,9,"en-GB,en-US","esim france vs sim"
"esim vietnam with number",6,11,"en-US","esim vietnam for iphone"
"nomad esim not working",6,11,"en-GB,en-US","nomad esim saudi arabia"
"ventajas esim vs sim",6,11,"en-US","esim spain vs sim"
"vodafone esim for morocco",6,11,"en-GB,en-US","does esim work in morocco"
"who owns nomad esim",6,11,"en-GB,en-US","nomad esim united arab emirates"
"holafly esim sri lanka",6,16,"en-US","holafly esim south korea"
"holafly esim new york",6,18,"en-US","holafly esim south korea"
"airalo esim new zealand",5,1,"en-GB,en-US","airalo esim new zealand"
"airalo esim united arab emirates",5,1,"en-GB,en-US","esim for united arab emirates"
"alosim esim canada",5,1,"en-GB,en-US","alosim esim usa"
"australia esim plans",5,1,"en-GB,en-US","australia esim plans"
"best esim for asia reddit",5,1,"en-US","esim united arab emirates reddit"
"best esim for india",5,1,"en-GB,en-US","best esim for india"
"best esim for ireland",5,1,"en-GB,en-US","best esim for ireland"
"best esim for italy",5,1,"en-GB,en-US","best esim for italy"
"best esim to use in philippines",5,1,"en-GB,en-US","does esim work in philippines"
"buy esim for thailand",5,1,"en-GB,en-US","esim thailand for iphone"
"cheap esim morocco",5,1,"en-GB,en-US","cheap esim mexico"
"diferencia entre sim y esim",5,1,"en-US","esim argentina vs sim"
"does esim work in india",5,1,"en-GB,en-US","does esim work in spain"
"esim card for germany",5,1,"en-GB,en-US","esim coverage in germany"
"esim for france travel",5,1,"en-GB,en-US","does esim work in france"
"esim for international roaming",5,1,"en-GB,en-US","roami esim united arab emirates"
"esim in new zealand",5,1,"en-GB,en-US","roami esim new zealand"
"esim morocco unlimited data",5,1,"en-GB,en-US","morocco esim unlimited"
"esim providers in usa",5,1,"en-GB,en-US","esim coverage in georgia"
"how to get an esim for indonesia",5,1,"en-US","how to get an esim for spain"
"how to get an esim for japan",5,1,"en-US","how to get an esim for japan"
"how to get esim in vietnam",5,1,"en-US","does esim work in vietnam"
"indonesia sim card for tourist",5,1,"en-GB,en-US","indonesia sim card for tourists"
"japan sim card for tourist",5,1,"en-GB,en-US","japan sim card for tourists"
"nomad esim costa rica",5,1,"en-GB,en-US","nomad esim costa rica"
"roamic esim china",5,1,"en-GB,en-US","roamic esim china"
"switzerland esim plans",5,1,"en-GB,en-US","switzerland esim price"
"switzerland sim card for tourist",5,1,"en-GB,en-US","switzerland sim card for tourists"
"ubigi esim morocco",5,1,"en-GB,en-US","ubigi esim mexico"
"unlimited data esim new zealand",5,1,"en-US","unlimited data esim new zealand"
"unlimited data esim uk",5,1,"en-GB,en-US","unlimited data esim uk"
"unlimited data esim vietnam",5,1,"en-US","unlimited data esim vietnam"
"yesim esim thailand",5,1,"en-GB,en-US","yesim esim uk"
"airalo esim japan review",5,2,"en-GB,en-US","airalo esim japan"
"best esim for argentina and chile",5,2,"en-GB,en-US","best esim for argentina"
"best esim for ireland and uk",5,2,"en-GB,en-US","best esim for ireland"
"best esim for malaysia and singapore",5,2,"en-GB,en-US","best esim for malaysia"
"best esim for middle east",5,2,"en-GB,en-US","best esim for israel"
"best esim for new zealand from australia",5,2,"en-GB,en-US","best esim for new zealand"
"best esim for taiwan travel",5,2,"en-GB,en-US","best esim for taiwan"
"esim china hong kong macau",5,2,"en-GB,en-US","is esim available in macao"
"esim for indonesia from australia",5,2,"en-GB,en-US","esim for indonesia"
"esim for mexico travel",5,2,"en-GB,en-US","esim for mexico"
"esim for philippines travel",5,2,"en-GB,en-US","esim for philippines"
"esim for thailand from india",5,2,"en-GB,en-US","is esim available in thailand"
"esim for vietnam travel",5,2,"en-GB,en-US","esim for vietnam"
"esim hong kong and macau",5,2,"en-US","does esim work in macao"
"esim japan and south korea",5,2,"en-GB,en-US","yesim esim south korea"
"esim providers for japan",5,2,"en-GB,en-US","does esim work in fiji"
"how to get esim in australia",5,2,"en-US","how to get an esim for australia"
"how to get esim to work",5,2,"en-GB,en-US","does esim work in georgia"
"indonesian sim card for tourist",5,2,"en-GB,en-US","croatia sim card for tourists"
"saily esim for canada",5,2,"en-GB,en-US","saily esim hong kong"
"uk and france esim",5,2,"en-GB,en-US","esim coverage in france"
"using esim in china",5,2,"en-GB,en-US","esim coverage in china"
"vietnam esim for tourist",5,2,"en-GB,en-US","vietnam esim"
"what is esim malaysia",5,2,"en-US","esim coverage in malaysia"
"airalo esim for south africa",5,3,"en-US","esim south africa airport"
"best esim for australia and new zealand",5,3,"en-GB,en-US","best esim for australia"
"best esim for italy and greece",5,3,"en-GB,en-US","does esim work in greece"
"best esim for taiwan and japan",5,3,"en-GB,en-US","best esim for taiwan"
"best esim for thailand uk",5,3,"en-GB,en-US","is esim available in thailand"
"best esim plan for mexico",5,3,"en-GB,en-US","mexico esim plans"
"esim card for taiwan",5,3,"en-GB,en-US","esim coverage in taiwan"
"esim china and hong kong",5,3,"en-US","roami esim hong kong"
"esim for mexico from uk",5,3,"en-GB,en-US","esim for mexico"
"esim for the uk",5,3,"en-US","esim coverage in uk"
"esim with phone number europe",5,3,"en-GB,en-US","esim with phone number"
"holafly esim discount code",5,3,"en-GB,en-US","esim discount code"
"how does holafly esim work in china",5,3,"en-GB,en-US","holafly esim south korea"
"how much is an esim",5,3,"en-GB,en-US","esim united arab emirates price"
"how to use saily esim",5,3,"en-GB","saily esim united arab emirates"
"new zealand esim card",5,3,"en-GB,en-US","new zealand esim unlimited"
"taiwan esim for tourist",5,3,"en-GB,en-US","taiwan esim"
"uae sim card for tourist",5,3,"en-US","qatar sim card for tourists"
"best esim for bali indonesia",5,4,"en-GB,en-US","best esim for indonesia"
"best esim for egypt and jordan",5,4,"en-GB,en-US","best esim for egypt"
"best rated esim for thailand",5,4,"en-GB,en-US","is esim available in thailand"
"esim for china and hong kong",5,4,"en-GB,en-US","hong kong esim price"
"esim for mexico from canada",5,4,"en-GB,en-US","esim for mexico"
"esim for vietnam reddit",5,4,"en-US","how to get an esim for vietnam"
"indonesia best esims plans",5,4,"en-US","esim coverage in indonesia"
"is holafly esim good",5,4,"en-GB,en-US","is holafly good"
"swiss esim with phone number",5,4,"en-GB,en-US","is esim available in switzerland"
"airalo esim card usa",5,5,"en-GB,en-US","airalo esim usa"
"airalo esim for morocco",5,5,"en-GB,en-US","airalo esim united arab emirates"
"best esim card for egypt",5,5,"en-GB,en-US","how to get an esim for egypt"
"best esim card for mexico",5,5,"en-GB,en-US","is esim available in mexico"
"best esim for latin america",5,5,"en-GB,en-US","best esim for argentina"
"best esim travel egypt",5,5,"en-GB,en-US","does esim work in egypt"
"cheapest esim for turkey",5,5,"en-GB,en-US","cheapest esim"
"esim card for canada",5,5,"en-US","esim coverage in canada"
"esim card for france travel",5,5,"en-GB,en-US","how to get an esim for france"
"holafly esim review reddit",5,5,"en-US","holafly esim saudi arabia"
"how to activate nomad esim",5,5,"en-US","nomad esim saudi arabia"
"sim card usa tourist",5,5,"en-GB","mexico sim card for tourists"
"sim y esim diferencia",5,5,"en-US","esim colombia vs sim"
"singapore sim card for tourist",5,5,"en-US","south africa sim card for tourists"
"best esim for australians in europe",5,6,"en-GB,en-US","best esim for australia"
"best esim for europe review",5,6,"en-GB,en-US","best esim for belgium"
"best esim for vietnam and singapore",5,6,"en-GB,en-US","does esim work in vietnam"
"cheap esim for japan",5,6,"en-US","is esim available in japan"
"esim for japan and vietnam",5,6,"en-GB,en-US","does esim work in vietnam"
"free sim cards usa for tourists",5,6,"en-GB,en-US","georgia sim card for tourists"
"is holafly esim legit",5,6,"en-US","holafly esim united arab emirates"
"mobile esim for canada",5,6,"en-GB,en-US","does esim work in canada"
"airalo global esim review",5,7,"en-US","airalo esim united arab emirates"
"buy an esim canada",5,7,"en-GB,en-US","does esim work in canada"
"buy esim in china",5,7,"en-GB,en-US","does esim work in china"
"compare esims for europe",5,7,"en-US","esim croatia vs sim"
"esim for travelling to new zealand",5,7,"en-GB,en-US","does esim work in new zealand"
"esim france en ligne",5,7,"en-GB,en-US","esim france"
"indonesia best esims for travelers",5,7,"en-GB,en-US","best esim for indonesia"
"travelling to morocco from uk esim",5,7,"en-GB,en-US","does esim work in morocco"
"what is iphone esim",5,7,"en-US","esim turkiye for iphone"
"cheapest esim for europe",5,8,"en-GB,en-US","cheapest esim south africa"
"esim for singapore and japan",5,8,"en-GB,en-US","esim for singapore"
"esim for usa from australia",5,8,"en-GB,en-US","esim for usa"
"indonesia best esims tips",5,8,"en-GB,en-US","does esim work in indonesia"
"iphone hong kong esim",5,8,"en-US","esim hong kong 10gb"
"iphones with esim capability",5,8,"en-US","esim macao for iphone"
"one new zealand esim",5,8,"en-GB,en-US","new zealand esim plans"
"esim for european travel",5,9,"en-US","does esim work in croatia"
"esim malaysia and thailand",5,9,"en-GB,en-US","does esim work in malaysia"
"how to apply for esim in india",5,9,"en-GB,en-US","does esim work in india"
"how to setup ubigi esim on iphone",5,9,"en-US","ubigi esim hong kong"
"esim comparison for usa",5,10,"en-US","esim usa vs sim"
"how to get esim in dubai",5,10,"en-US","how to get an esim for saudi arabia"
"esim vs dual sim",5,11,"en-US","esim iceland vs sim"
"diferencia de sim y esim",5,12,"en-US","esim spain vs sim"
"diferencias de esim y sim",5,12,"en-US","esim argentina vs sim"
"esim per il kenya",5,13,"en-US","how to get an esim for kenya"
"nomad esim not working in china",5,15,"en-US","nomad esim hong kong"
"holafly esim usa erfahrungen",5,17,"en-US","holafly esim south korea"
"airalo esim card global",5,19,"en-US","airalo esim costa rica"
"airalo esim georgia",4,1,"en-GB,en-US","airalo esim georgia"
"airalo esim ireland uk",4,1,"en-GB,en-US","airalo esim ireland"
"airalo esim malaysia",4,1,"en-GB,en-US","airalo esim macao"
"airalo esim morocco",4,1,"en-GB,en-US","airalo esim morocco"
"airalo esim portugal",4,1,"en-GB,en-US","airalo esim portugal"
"alosim esim compatibility",4,1,"en-GB,en-US","alosim esim uk"
"are esim available in india",4,1,"en-US","esim coverage in india"
"australia esim prepaid",4,1,"en-GB,en-US","australia esim price"
"australia esim reddit",4,1,"en-GB,en-US","esim australia reddit"
"australia sim card for tourist",4,1,"en-GB,en-US","australia sim card for tourists"
"best esim for china",4,1,"en-GB,en-US","best esim for china"
"best esim for costa rica",4,1,"en-GB,en-US","best esim for costa rica"
"best esim for egypt unlimited data",4,1,"en-GB,en-US","egypt esim unlimited"
"best esim for ireland reddit",4,1,"en-GB,en-US","esim ireland reddit"
"best esim for italy and greece reddit",4,1,"en-GB,en-US","esim greece reddit"
"best esim for south korea",4,1,"en-GB,en-US","how to get an esim for south korea"
"best esim for thailand",4,1,"en-GB,en-US","best esim for thailand"
"best esim for usa",4,1,"en-GB,en-US","best esim for usa"
"best esim in turkey",4,1,"en-US","does esim work in turkiye"
"best esim to use in italy",4,1,"en-US","does esim work in italy"
"brazil esim plans",4,1,"en-GB,en-US","brazil esim price"
"cheapest esim indonesia",4,1,"en-GB,en-US","cheapest esim indonesia"
"does esim work in egypt",4,1,"en-GB,en-US","does esim work in colombia"
"does taiwan have esim",4,1,"en-GB,en-US","does esim work in taiwan"
"esim card for costa rica",4,1,"en-US","how to get an esim for costa rica"
"esim egypt price comparison",4,1,"en-GB,en-US","egypt esim price"
"esim for iphone 11 india",4,1,"en-GB,en-US","esim india for iphone"
"esim netherlands unlimited data",4,1,"en-GB,en-US","netherlands esim unlimited"
"esim south korea reddit",4,1,"en-GB,en-US","esim south korea reddit"
"esim uk how does it work",4,1,"en-GB,en-US","does esim work in uk"
"esim vs physical sim singapore",4,1,"en-US","esim singapore vs sim"
"france sim card for tourist",4,1,"en-GB,en-US","france sim card for tourists"
"germany esim plans",4,1,"en-GB,en-US","germany esim plans"
"how does esim work in japan",4,1,"en-GB,en-US","does esim work in japan"
"how to get an esim for android",4,1,"en-US","how to get an esim for poland"
"how to use esim in thailand",4,1,"en-GB,en-US","is esim available in thailand"
"italy esim plans",4,1,"en-GB,en-US","italy esim plans"
"jetpac esim europe",4,1,"en-GB,en-US","jetpac esim colombia"
"jetpac esim morocco",4,1,"en-GB,en-US","jetpac esim uk"
"jetpac esim usa",4,1,"en-GB,en-US","jetpac esim usa"
"malaysia sim card for tourist",4,1,"en-GB,en-US","malaysia sim card for tourists"
"peru sim card for tourist",4,1,"en-GB,en-US","peru sim card for tourists"
"philippines esim plans",4,1,"en-GB,en-US","philippines esim plans"
"roamic esim usa",4,1,"en-GB,en-US","roamic esim uk"
"saily esim indonesia",4,1,"en-GB,en-US","saily esim indonesia"
"saily esim malaysia",4,1,"en-GB,en-US","saily esim malaysia"
"sim card in dubai for tourist",4,1,"en-US","united arab emirates sim card for tourists"
"thailand sim card for tourists",4,1,"en-GB,en-US","thailand sim card for tourists"
"turkey sim card for tourists",4,1,"en-GB,en-US","turkiye sim card for tourists"
"ubigi esim land rover",4,1,"en-GB,en-US","ubigi esim ireland"
"ubigi esim malaysia",4,1,"en-GB,en-US","ubigi esim macao"
"ubigi esim qr code",4,1,"en-US","ubigi esim qatar"
"ubigi esim usa",4,1,"en-GB,en-US","ubigi esim usa"
"yesim esim card",4,1,"en-GB,en-US","yesim esim usa"
"best esim for thailand reddit",4,2,"en-GB,en-US","esim thailand reddit"
"best esim for travel to italy",4,2,"en-US","how to get an esim for italy"
"best esim for us",4,2,"en-US","best esim for georgia"
"buy airalo esim united arab emirates",4,2,"en-GB,en-US","esim for united arab emirates"
"cheapest esim plan singapore",4,2,"en-GB,en-US","singapore esim plans"
"esim at kansai airport",4,2,"en-US","esim united arab emirates airport"
"esim card for new zealand",4,2,"en-GB,en-US","esim new zealand 10gb"
"esim for argentina and chile",4,2,"en-GB,en-US","esim for argentina"
"esim for australia travel",4,2,"en-GB,en-US","esim for australia"
"esim for canada travel",4,2,"en-GB,en-US","esim for canada"
"esim for europe reddit",4,2,"en-GB,en-US","esim united arab emirates reddit"
"esim for thailand travel",4,2,"en-GB,en-US","esim for thailand"
"esim providers in india",4,2,"en-GB,en-US","esim coverage in india"
"esim vs sim card",4,2,"en-GB,en-US","esim vs sim"
"holafly esim china not working",4,2,"en-GB,en-US","holafly esim china"
"new zealand esim providers",4,2,"en-GB,en-US","new zealand esim price"
"switzerland esim providers",4,2,"en-GB,en-US","switzerland esim price"
"what is the best esim for croatia",4,2,"en-GB,en-US","best esim for croatia"
"airalo esim for china",4,3,"en-GB,en-US","airalo esim south korea"
"alosim esim card",4,3,"en-GB,en-US","alosim esim usa"
"american sim card for tourists",4,3,"en-GB,en-US","argentina sim card for tourists"
"best esim for singapore tourist",4,3,"en-GB,en-US","best esim for singapore"
"best esim plan singapore",4,3,"en-US","singapore esim plans"
"e sim for morocco",4,3,"en-US","morocco sim card for tourists"
"esim card for travel to egypt",4,3,"en-US","how to get an esim for egypt"
"esim compatible phones nz",4,3,"en-GB,en-US","esim new zealand for iphone"
"esim for australia advice",4,3,"en-GB,en-US","esim coverage in australia"
"esim for australia from uk",4,3,"en-GB,en-US","esim for australia"
"esim for thailand airalo",4,3,"en-GB,en-US","airalo esim south korea"
"esim for turkey from uk",4,3,"en-US","esim coverage in turkiye"
"esim for usa from canada",4,3,"en-US","esim canada vs sim"
"esim japan and korea",4,3,"en-US","yesim esim south korea"
"is esim supported in china",4,3,"en-US","esim coverage in china"
"korea esim with phone number",4,3,"en-GB","esim south korea price"
"sim card in thailand for tourist",4,3,"en-GB,en-US","iceland sim card for tourists"
"where to get esim",4,3,"en-US","is esim available in georgia"
"best esim for istanbul",4,4,"en-GB,en-US","is esim available in turkiye"
"best esim for turkey travel",4,4,"en-GB,en-US","how to get an esim for turkiye"
"best esim for worldwide use",4,4,"en-GB,en-US","best esim for israel"
"buy esim for japan",4,4,"en-GB,en-US","esim coverage in japan"
"cheapest esim for usa",4,4,"en-GB,en-US","cheapest esim united arab emirates"
"cheapest esim in usa",4,4,"en-GB,en-US","cheapest esim india"
"esim card for ireland",4,4,"en-US","esim coverage in ireland"
"esim card for thailand",4,4,"en-US","esim coverage in thailand"
"esim for international travel iphone",4,4,"en-GB,en-US","esim united arab emirates for iphone"
"esim for vietnam and cambodia",4,4,"en-GB,en-US","esim for vietnam"
"esim new zealand data and calls",4,4,"en-GB,en-US","esim new zealand"
"nomad esim discount code",4,4,"en-GB,en-US","esim discount code"
"best esim for singapore & australia",4,5,"en-GB,en-US","best esim for singapore"
"buy esim online usa",4,5,"en-GB,en-US","is esim available in georgia"
"cyprus sim card for tourist",4,5,"en-US","turkiye sim card for tourists"
"esim card for italy travel",4,5,"en-GB,en-US","how to get an esim for italy"
"esim deals for thailand",4,5,"en-GB,en-US","does esim work in thailand"
"esim for latin america",4,5,"en-GB,en-US","does esim work in argentina"
"esim for turks and caicos",4,5,"en-GB,en-US","esim coverage in turkiye"
"esim with phone number canada",4,5,"en-GB,en-US","esim with phone number"
"how does nomad esim work",4,5,"en-GB,en-US","nomad esim south africa"
"how to buy an esim for usa",4,5,"en-US","how to get an esim for czechia"
"how to buy esim for japan",4,5,"en-GB,en-US","is esim available in fiji"
"international esim card for iphone",4,5,"en-US","esim qatar for iphone"
"iphone with esim support",4,5,"en-US","esim macao for iphone"
"korea esim for tourist",4,5,"en-GB,en-US","alosim esim south korea"
"philippines esim with phone number",4,5,"en-GB,en-US","esim coverage in philippines"
"travel esim for turkey",4,5,"en-GB,en-US","does esim work in turkiye"
"travel sim card europe",4,5,"en-GB,en-US","germany sim card for tourists"
"esim for japan reddit",4,6,"en-GB,en-US","esim for japan"
"esim price in japan",4,6,"en-GB,en-US","south korea esim price"
"esim with phone number australia",4,6,"en-GB,en-US","is esim available in australia"
"how much does esim cost",4,6,"en-US","united arab emirates esim price"
"how to get an esim ee",4,6,"en-US","how to get an esim for iceland"
"how to set up holafly esim",4,6,"en-GB,en-US","holafly esim hong kong"
"international sim cards for travel europe",4,6,"en-GB,en-US","germany sim card for tourists"
"uk esim with roaming",4,6,"en-GB,en-US","roami esim united arab emirates"
"airalo esims for europe",4,7,"en-GB,en-US","airalo esim south africa"
"esim provider in australia",4,7,"en-GB,en-US","does esim work in australia"
"esim v sim card",4,7,"en-US","esim austria vs sim"
"free esim unlimited data",4,7,"en-GB,en-US","unlimited data esim uk"
"how to get an esim india",4,7,"en-US","how to get an esim for iceland"
"nanosim / esim",4,7,"en-GB,en-US","alosim esim south korea"
"purchase esim to roam in vietnam",4,7,"en-GB,en-US","does esim work in vietnam"
"airalo esim china hong kong",4,8,"en-GB,en-US","airalo esim china"
"best esim for paris",4,8,"en-US","does esim work in france"
"cheap esim for turkey",4,8,"en-GB,en-US","does esim work in turkiye"
"esim for at sea",4,8,"en-US","esim united arab emirates airport"
"how much does airalo esim cost",4,8,"en-US","airalo esim hong kong"
"esim vs carte sim",4,9,"en-US","esim belgium vs sim"
"best esim for sweden",4,10,"en-GB,en-US","best esim for poland"
"best esim for usa and mexico",4,10,"en-GB,en-US","best esim for mexico"
"best esim for vietnam cambodia and thailand",4,10,"en-GB,en-US","is esim available in vietnam"
"buy esim online canada",4,10,"en-US","does esim work in canada"
"esim for the usa",4,10,"en-GB,en-US","alosim esim united arab emirates"
"esim in japan available",4,10,"en-US","is esim available in kenya"
"pay monthly esim germany",4,10,"en-GB,en-US","does esim work in germany"
"air esim for global",4,11,"en-GB,en-US","jetpac esim united arab emirates"
"esim card in hk",4,11,"en-GB,en-US","esim hong kong price"
"can i buy nomad esim in china",4,16,"en-US","nomad esim hong kong"
"is saily a good esim",4,16,"en-US","saily esim south korea"
"acheter une esim france",4,17,"en-US","does esim work in france"
"erfahrungen mit holafly esim",4,20,"en-US","holafly esim hong kong"
"airalo esim australia",3,1,"en-GB,en-US","airalo esim australia"
"airalo esim germany",3,1,"en-GB,en-US","airalo esim germany"
"airalo esim india",3,1,"en-GB,en-US","airalo esim india"
"airalo esim japan",3,1,"en-GB,en-US","airalo esim japan"
"airalo esim netherlands",3,1,"en-GB,en-US","airalo esim netherlands"
"airalo esim plans",3,1,"en-GB,en-US","airalo esim plan"
"airalo esim qatar",3,1,"en-GB,en-US","airalo esim qatar"
"airalo esim saudi arabia",3,1,"en-GB,en-US","airalo esim saudi arabia"
"airalo esim taiwan",3,1,"en-GB,en-US","airalo esim taiwan"
"best esim for germany reddit",3,1,"en-GB,en-US","esim germany reddit"
"best esim for japan",3,1,"en-GB,en-US","best esim for japan"
"best esim for philippines",3,1,"en-GB,en-US","best esim for philippines"
"best esim for vietnam",3,1,"en-GB,en-US","best esim for vietnam"
"best esim south korea",3,1,"en-US","cheapest esim south korea"
"best international esim plans",3,1,"en-US","united arab emirates esim plans"
"cheap esim ireland",3,1,"en-US","cheap esim ireland"
"cheap phone in philippines with esim support",3,1,"en-US","esim philippines for iphone"
"cheapest esim australia",3,1,"en-GB,en-US","cheapest esim australia"
"cheapest esim ireland",3,1,"en-GB,en-US","cheapest esim ireland"
"cheapest esim malaysia",3,1,"en-GB,en-US","cheapest esim macao"
"china mobile sim card for tourist",3,1,"en-GB,en-US","czechia sim card for tourists"
"does esim work in kenya",3,1,"en-GB,en-US","does esim work in kenya"
"does esim work in south africa",3,1,"en-GB,en-US","does esim work in usa"
"esim available in ireland",3,1,"en-US","is esim available in ireland"
"esim available in philippines",3,1,"en-US","is esim available in fiji"
"esim best value and coverage canada",3,1,"en-US","esim coverage in canada"
"esim for iceland reddit",3,1,"en-GB,en-US","esim iceland reddit"
"esim for morocco uk",3,1,"en-GB,en-US","does esim work in morocco"
"esim indonesia plans",3,1,"en-GB,en-US","indonesia esim plans"
"esim italy iphone",3,1,"en-GB,en-US","esim italy for iphone"
"esim switzerland reddit",3,1,"en-GB,en-US","esim switzerland reddit"
"esim vs physical sim uk",3,1,"en-US","esim uk vs sim"
"etisalat esim price uae",3,1,"en-GB,en-US","united arab emirates esim price"
"germany esim prepaid",3,1,"en-GB,en-US","germany esim price"
"greece sim card for tourist",3,1,"en-GB,en-US","greece sim card for tourists"
"holafly esim costa rica",3,1,"en-GB,en-US","holafly esim costa rica"
"holafly esim installation",3,1,"en-GB,en-US","holafly esim israel"
"holafly esim japan",3,1,"en-GB,en-US","holafly esim japan"
"holafly esim marocco",3,1,"en-US","holafly esim macao"
"holafly esim morocco",3,1,"en-GB,en-US","holafly esim morocco"
"holafly esim taiwan",3,1,"en-GB,en-US","holafly esim taiwan"
"holafly esim usa",3,1,"en-GB,en-US","holafly esim usa"
"hong kong data esim",3,1,"en-GB,en-US","unlimited data esim hong kong"
"hong kong iphone esim",3,1,"en-GB,en-US","esim hong kong for iphone"
"how to get an esim for europe",3,1,"en-US","how to get an esim for colombia"
"how to get an esim for mint mobile",3,1,"en-US","how to get an esim for mexico"
"how to get an esim for uk",3,1,"en-US","how to get an esim for uk"
"iceland esim prepaid",3,1,"en-GB,en-US","iceland esim price"
"india esim plans",3,1,"en-GB,en-US","india esim plans"
"iphone 16 pro esim price in kenya",3,1,"en-GB,en-US","kenya esim price"
"is esim available in japan",3,1,"en-US","is esim available in japan"
"is esim available in south africa",3,1,"en-US","is esim available in south africa"
"italy esim price",3,1,"en-GB,en-US","italy esim price"
"jetpac esim china",3,1,"en-GB,en-US","jetpac esim china"
"jetpac esim discount code",3,1,"en-GB,en-US","jetpac esim india"
"jetpac esim japan",3,1,"en-GB,en-US","jetpac esim japan"
"jetpac esim plans",3,1,"en-GB,en-US","jetpac esim plan"
"jetpac esim thailand",3,1,"en-GB,en-US","jetpac esim thailand"
"malaysia esim prepaid",3,1,"en-GB,en-US","malaysia esim price"
"mexico esim plan",3,1,"en-GB,en-US","mexico esim plans"
"nomad esim australia",3,1,"en-GB,en-US","nomad esim australia"
"nomad esim brazil",3,1,"en-GB,en-US","nomad esim brazil"
"nomad esim indonesia",3,1,"en-GB,en-US","nomad esim indonesia"
"nomad esim japan",3,1,"en-GB,en-US","nomad esim japan"
"nomad esim kanada",3,1,"en-GB,en-US","nomad esim kenya"
"nomad esim malaysia",3,1,"en-GB,en-US","nomad esim macao"
"nomad esim morocco",3,1,"en-GB,en-US","nomad esim morocco"
"nomad esim portugal",3,1,"en-GB,en-US","nomad esim portugal"
"nomad esim taiwan",3,1,"en-GB,en-US","nomad esim taiwan"
"nomad esim usa",3,1,"en-GB,en-US","nomad esim usa"
"norway sim card for tourist",3,1,"en-GB,en-US","netherlands sim card for tourists"
"portugal sim card for tourist",3,1,"en-GB,en-US","portugal sim card for tourists"
"qatar sim card for tourist",3,1,"en-GB,en-US","qatar sim card for tourists"
"roamic esim reviews",3,1,"en-GB,en-US","roamic esim"
"saily esim australia",3,1,"en-GB,en-US","saily esim australia"
"saily esim india",3,1,"en-GB,en-US","saily esim india"
"saily esim japan",3,1,"en-GB,en-US","saily esim japan"
"saily esim kenya",3,1,"en-GB,en-US","saily esim kenya"
"saily esim morocco",3,1,"en-GB,en-US","saily esim morocco"
"saily esim plans",3,1,"en-GB,en-US","saily esim plan"
"saily esim taiwan",3,1,"en-GB,en-US","saily esim taiwan"
"saily esim usa",3,1,"en-GB,en-US","saily esim usa"
"taiwan sim card for tourist",3,1,"en-GB,en-US","taiwan sim card for tourists"
"thailand esim plans",3,1,"en-GB,en-US","thailand esim plans"
"ubigi esim europe",3,1,"en-GB,en-US","ubigi esim colombia"
"ubigi esim india",3,1,"en-GB,en-US","ubigi esim india"
"ubigi esim japan",3,1,"en-GB,en-US","ubigi esim japan"
"ubigi esim philippines",3,1,"en-GB,en-US","ubigi esim philippines"
"ubigi esim plans",3,1,"en-GB,en-US","ubigi esim plan"
"ubigi esim portugal",3,1,"en-GB,en-US","ubigi esim portugal"
"ubigi esim uk",3,1,"en-GB,en-US","ubigi esim uk"
"unlimited data esim usa",3,1,"en-US","unlimited data esim usa"
"usa esim unlimited data",3,1,"en-GB,en-US","usa esim unlimited"
"yesim esim review",3,1,"en-GB,en-US","yesim esim"
"airalo esim kanada",3,2,"en-GB,en-US","airalo esim canada"
"alosim esim activation",3,2,"en-GB,en-US","alosim esim usa"
"australia esim providers",3,2,"en-GB,en-US","australia esim price"
"australian sim cards for tourists",3,2,"en-GB,en-US","australia sim card for tourists"
"best esim for costa rica reddit",3,2,"en-GB,en-US","best esim for costa rica"
"best esim for france travel",3,2,"en-GB,en-US","best esim for france"
"best esim for germany travel",3,2,"en-GB,en-US","best esim for germany"
"best esim for indonesia reddit",3,2,"en-GB,en-US","esim indonesia reddit"
"best esim for singapore and malaysia",3,2,"en-GB,en-US","best esim for singapore"
"best esim for spain and portugal",3,2,"en-GB,en-US","best esim for spain"
"buy airalo esim georgia",3,2,"en-GB,en-US","airalo esim georgia"
"cheap esim mobile phone",3,2,"en-US","cheap esim mexico"
"cheapest esim plan australia",3,2,"en-GB,en-US","cheapest esim poland"
"esim for greece and turkey",3,2,"en-GB,en-US","esim for greece"
"esim for india from uk",3,2,"en-GB,en-US","esim for india"
"esim for india travel",3,2,"en-GB,en-US","esim for india"
"esim for japan travel",3,2,"en-GB,en-US","esim for japan"
"esim for portugal and spain",3,2,"en-GB,en-US","esim for portugal"
"esim for roaming usa",3,2,"en-GB,en-US","roami esim united arab emirates"
"esim for taiwan and japan",3,2,"en-GB,en-US","esim for taiwan"
"esim for turkey comparison",3,2,"en-GB,en-US","esim for turkiye"
"esim for use in japan",3,2,"en-US","esim coverage in japan"
"esim germany unlimited europe",3,2,"en-GB,en-US","germany esim unlimited"
"esim netherlands prepaid",3,2,"en-GB,en-US","esim netherlands"
"esim new zealand travel",3,2,"en-GB,en-US","esim new zealand"
"esim philippines globe",3,2,"en-GB,en-US","esim philippines"
"greece esim card for tourist",3,2,"en-GB,en-US","greece esim"
"holafly esim andorra",3,2,"en-GB","holafly esim canada"
"holafly esim instalar",3,2,"en-GB,en-US","holafly esim israel"
"holafly esim kanada",3,2,"en-GB,en-US","holafly esim canada"
"how to get an esim for international travel",3,2,"en-US","how to get an esim for spain"
"israel esim short term",3,2,"en-GB,en-US","esim for israel"
"italian sim card for tourists",3,2,"en-GB,en-US","italy sim card for tourists"
"japan esim unlimited data 15 days",3,2,"en-GB,en-US","japan esim unlimited"
"malaysia sim card for tourist price",3,2,"en-US","malaysia sim card for tourists"
"netherlands esim with phone number",3,2,"en-GB,en-US","netherlands esim"
"nomad esim plans china 50gb",3,2,"en-GB,en-US","nomad esim plan"
"play esim poland",3,2,"en-GB,en-US","esim for poland"
"poland esim options",3,2,"en-GB,en-US","esim poland"
"portugal esim card",3,2,"en-GB,en-US","portugal esim"
"roamic esim card",3,2,"en-GB,en-US","roamic esim"
"saily esim asia",3,2,"en-GB,en-US","saily esim china"
"saudi arabia esim tourist",3,2,"en-GB,en-US","saudi arabia esim"
"sim card indonesia for tourist",3,2,"en-US","croatia sim card for tourists"
"south africa esim card",3,2,"en-GB,en-US","south africa esim"
"south korea esim for tourist",3,2,"en-GB,en-US","south korea esim"
"switzerland esim options",3,2,"en-GB,en-US","switzerland esim"
"uae sim card tourist",3,2,"en-GB","qatar sim card for tourists"
"ubigi esim promo code 2026",3,2,"en-US","ubigi esim peru"
"alosim esim benefits",3,3,"en-GB,en-US","alosim esim"
"best esim card for costa rica",3,3,"en-GB,en-US","cheapest esim costa rica"
"best esim cards for croatia",3,3,"en-GB,en-US","best esim for croatia"
"best esim for malaysia and indonesia",3,3,"en-GB,en-US","best esim for malaysia"
"best travel esim for new zealand",3,3,"en-GB,en-US","best esim for new zealand"
"can i use an esim",3,3,"en-GB,en-US","does esim work in ireland"
"canada esim with phone number",3,3,"en-GB,en-US","canada esim"
"cheap esim mauritius",3,3,"en-US","cheap esim mexico"
"cheap esim phone australia",3,3,"en-US","cheap esim australia"
"esim compatible phones in india",3,3,"en-GB,en-US","esim compatible phones"
"esim for france and spain",3,3,"en-GB,en-US","esim for france"
"esim for south pacific",3,3,"en-US","esim coverage in fiji"
"esim for uk and ireland",3,3,"en-GB,en-US","esim for uk"
"esim france unlimited data 30 days",3,3,"en-GB,en-US","france esim unlimited"
"esim that works in japan",3,3,"en-US","is esim available in japan"
"esim to use abroad",3,3,"en-GB,en-US","does esim work in portugal"
"free esim in usa",3,3,"en-GB,en-US","esim coverage in georgia"
"hong kong esim tourist",3,3,"en-GB,en-US","hong kong esim"
"how to buy esim online in india",3,3,"en-US","is esim available in czechia"
"how to get a free esim",3,3,"en-US","how to get an esim for georgia"
"italy phone plan esim",3,3,"en-US","italy esim plans"
"japan esim card unlimited data",3,3,"en-GB,en-US","unlimited data esim japan"
"new zealand esim tourist",3,3,"en-GB,en-US","new zealand esim"
"nomad esim china vpn",3,3,"en-GB,en-US","nomad esim china"
"roamic esim app",3,3,"en-GB,en-US","roamic esim"
"south africa esim with phone number",3,3,"en-GB,en-US","south africa esim"
"airalo esim installation",3,4,"en-GB,en-US","airalo esim israel"
"best esim card for south africa",3,4,"en-GB,en-US","esim south africa reddit"
"best esim for europe travel",3,4,"en-GB,en-US","best esim for belgium"
"best esim for scandinavia",3,4,"en-GB,en-US","best esim for iceland"
"best esims for hong kong and japan",3,4,"en-GB,en-US","best esim for hong kong"
"cheap esim mobile plans",3,4,"en-US","cheap esim macao"
"cheapest esim in singapore",3,4,"en-GB,en-US","cheapest esim india"
"esim only deals canada",3,4,"en-US","is esim available in canada"
"esim or international plan",3,4,"en-US","united arab emirates esim plans"
"german esim with phone number",3,4,"en-GB,en-US","does esim work in germany"
"how to get esim in nigeria",3,4,"en-GB,en-US","is esim available in kenya"
"phone with esim in india",3,4,"en-US","esim saudi arabia for iphone"
"roamic esim activation",3,4,"en-GB,en-US","roamic esim uk"
"saily esim installation",3,4,"en-GB","saily esim china"
"saily esim not working china",3,4,"en-US","saily esim china"
"switzerland esim for 10 days how much",3,4,"en-GB,en-US","esim switzerland"
"thai sim card for tourist",3,4,"en-GB,en-US","fiji sim card for tourists"
"tourist sim card dubai",3,4,"en-GB","qatar sim card for tourists"
"ubigi esim japan uk",3,4,"en-GB,en-US","ubigi esim japan"
"where can i buy an esim",3,4,"en-GB,en-US","is esim available in georgia"
"which esim provider in japan uses au",3,4,"en-GB,en-US","esim coverage in fiji"
"airalo esim card japan",3,5,"en-GB,en-US","airalo esim japan"
"airalo esim compatible phones",3,5,"en-US","airalo esim macao"
"airalo esim installation video",3,5,"en-GB,en-US","airalo esim israel"
"alosim esim review",3,5,"en-GB,en-US","alosim esim uk"
"best esim for australians travelling overseas",3,5,"en-GB,en-US","best esim for australia"
"best esim for malawi",3,5,"en-GB,en-US","best esim for macao"
"cheapest esim for australia",3,5,"en-US","is esim available in australia"
"cheapest esim in taiwan",3,5,"en-GB","cheapest esim spain"
"download esim for iphone",3,5,"en-US","esim georgia for iphone"
"esim card switzerland",3,5,"en-GB,en-US","esim switzerland"
"esim for china and japan",3,5,"en-GB,en-US","does esim work in japan"
"esim for travel to europe",3,5,"en-US","how to get an esim for belgium"
"esim local phone number uk and ireland",3,5,"en-GB,en-US","is esim available in ireland"
"esim phones in india",3,5,"en-US","esim saudi arabia for iphone"
"how does an international esim work",3,5,"en-GB,en-US","does esim work in iceland"
"how to get esim in pakistan",3,5,"en-GB,en-US","how to get an esim for qatar"
"saily esim installiert sich nicht",3,5,"en-GB","saily esim india"
"sim card for germany travel",3,5,"en-GB,en-US","belgium sim card for tourists"
"sim vs esim benefits",3,5,"en-US","esim australia vs sim"
"turkish tourist sim card",3,5,"en-GB,en-US","czechia sim card for tourists"
"which is the best esim for malaysia",3,5,"en-GB,en-US","best esim for malaysia"
"esim for international travel in nz",3,6,"en-GB,en-US","esim for international travel"
"esim for japan and philippines",3,6,"en-GB,en-US","does esim work in philippines"
"esim for usa from uk",3,6,"en-GB,en-US","esim for usa"
"esim mobile in india",3,6,"en-US","esim coverage in india"
"esim providers in canada",3,6,"en-GB,en-US","is esim available in canada"
"going from sim to esim",3,6,"en-US","esim croatia vs sim"
"how to purchase an esim",3,6,"en-US","how to get an esim for israel"
"how to set up saily esim",3,6,"en-GB,en-US","saily esim united arab emirates"
"roamic esim hotspot",3,6,"en-GB,en-US","roamic esim"
"saily esim installation instructions",3,6,"en-GB","saily esim india"
"saily esim phone number",3,6,"en-GB,en-US","saily esim saudi arabia"
"south america esim card",3,6,"en-US","esim coverage in argentina"
"switzerland esim tourist",3,6,"en-GB,en-US","switzerland esim"
"using an esim abroad",3,6,"en-GB,en-US","does esim work in iceland"
"airalo esim customer service number",3,7,"en-US","airalo esim saudi arabia"
"airalo esim how does it work",3,7,"en-GB,en-US","airalo esim south africa"
"esim for different countries",3,7,"en-US","esim coverage in kenya"
"holafly esim review china",3,7,"en-GB,en-US","holafly esim hong kong"
"roamic esim albanien",3,7,"en-GB,en-US","roamic esim"
"saily esim instructions",3,7,"en-GB","saily esim india"
"sim card india tourist",3,7,"en-GB,en-US","indonesia sim card for tourists"
"singapore esim for tourist",3,7,"en-US","is esim available in singapore"
"ubigi esim coupon code",3,7,"en-US","ubigi esim uk"
"what's the best esim for vietnam",3,7,"en-US","how to get an esim for vietnam"
"desde que iphone tiene esim",3,8,"en-US","esim colombia for iphone"
"esim for vietnam cambodia and thailand",3,8,"en-GB,en-US","does esim work in vietnam"
"esim japan and malaysia",3,8,"en-GB,en-US","does esim work in malaysia"
"esim providers in ireland",3,8,"en-GB,en-US","does esim work in ireland"
"philippines tourist sim card",3,8,"en-US","peru sim card for tourists"
"phones with an esim",3,8,"en-US","esim belgium for iphone"
"us and canada esim",3,8,"en-GB,en-US","does esim work in canada"
"best esim for chile",3,9,"en-GB,en-US","best esim for argentina"
"buy esim online uk",3,9,"en-GB,en-US","does esim work in uk"
"esim for usa and caribbean",3,9,"en-GB,en-US","esim for usa"
"sim only esim uk",3,9,"en-GB,en-US","yesim esim united arab emirates"
"best esim at sea",3,10,"en-GB,en-US","best esim for fiji"
"esim card for mexico",3,10,"en-GB,en-US","does esim work in mexico"
"esim compatible phones philippines",3,10,"en-GB,en-US","esim philippines for iphone"
"esim plans for japan",3,10,"en-US","south korea esim plans"
"holafly esim not working",3,10,"en-GB,en-US","holafly esim new zealand"
"how much is esim in china",3,10,"en-GB,en-US","esim hong kong price"
"international cell phone esim",3,10,"en-US","esim belgium for iphone"
"international travel sim card europe",3,10,"en-US","belgium sim card for tourists"
"meglio sim o esim",3,10,"en-US","esim croatia vs sim"
"nomad esim review reddit",3,10,"en-US","nomad esim saudi arabia"
"unterschied sim zu esim",3,10,"en-US","esim germany vs sim"
"verschil sim en esim",3,10,"en-US","esim netherlands vs sim"
"esim options for uk",3,11,"en-GB,en-US","does esim work in uk"
"esim plans unlimited data",3,11,"en-US","united arab emirates esim unlimited"
"sim cards for travel in europe",3,11,"en-US","netherlands sim card for tourists"
"verschil tussen sim en esim",3,11,"en-US","esim netherlands vs sim"
"best esim for travel to mexico",3,12,"en-GB,en-US","how to get an esim for mexico"
"best travel esim malaysia",3,12,"en-US","is esim available in malaysia"
"esim smartphones in india",3,12,"en-US","esim saudi arabia for iphone"
"hoe werkt een esim in het buitenland",3,12,"en-US","how to get an esim for netherlands"
"spanish esim with phone number",3,12,"en-US","how to get an esim for spain"
"van sim naar esim",3,12,"en-US","esim netherlands vs sim"
"airalo esim card europe",3,13,"en-US","airalo esim south africa"
"best travel esim for vietnam",3,13,"en-US","how to get an esim for vietnam"
"global esims with unlimited plan",3,13,"en-US","united arab emirates esim plans"
"hoe werkt esim buitenland",3,13,"en-US","how to get an esim for netherlands"
"mobile phones with esim support in india",3,13,"en-US","esim saudi arabia for iphone"
"esim enabled phones in india",3,15,"en-US","esim saudi arabia for iphone"
"indonesia best esims activation",3,15,"en-US","how to get an esim for indonesia"
"compare esim plans usa",3,16,"en-US","united arab emirates esim plans"
"esim for us and canada",3,16,"en-US","esim coverage in colombia"
"esim singapore 1 day",3,16,"en-US","esim coverage in singapore"
"esim voor het buitenland",3,16,"en-US","how to get an esim for netherlands"
"e-sim ubigi",3,20,"en-US","ubigi esim south africa"
"airalo esim",2,1,"en-GB,en-US","airalo esim"
"airalo esim argentina",2,1,"en-GB,en-US","airalo esim argentina"
"airalo esim brazil",2,1,"en-GB,en-US","airalo esim brazil"
"airalo esim canada",2,1,"en-GB,en-US","airalo esim canada"
"airalo esim card for poland",2,1,"en-GB,en-US","airalo esim poland"
"airalo esim china",2,1,"en-GB,en-US","airalo esim china"
"airalo esim colombia",2,1,"en-GB,en-US","airalo esim colombia"
"airalo esim coverage map",2,1,"en-GB,en-US","esim coverage map"
"airalo esim fiji",2,1,"en-GB,en-US","airalo esim fiji"
"airalo esim mexico",2,1,"en-GB,en-US","airalo esim mexico"
"airalo esim singapore",2,1,"en-GB,en-US","airalo esim singapore"
"airalo esim thailand",2,1,"en-GB,en-US","airalo esim thailand"
"airalo esim turkey",2,1,"en-GB,en-US","airalo esim turkiye"
"airalo esim uk",2,1,"en-GB,en-US","airalo esim uk"
"airalo esim usa",2,1,"en-GB,en-US","airalo esim usa"
"australia esim",2,1,"en-GB,en-US","australia esim"
"best esim for hong kong and macau",2,1,"en-GB,en-US","best esim for macao"
"best esim for spain reddit",2,1,"en-GB,en-US","esim spain reddit"
"best esim for turkey",2,1,"en-GB,en-US","best esim for turkiye"
"best esim for uk",2,1,"en-GB,en-US","best esim for uk"
"best esim in malaysia",2,1,"en-US","does esim work in malaysia"
"best esim in south korea",2,1,"en-US","does esim work in south korea"
"best sim card in dubai for tourists",2,1,"en-GB","united arab emirates sim card for tourists"
"brazil sim card for tourist",2,1,"en-GB,en-US","brazil sim card for tourists"
"buy airalo esim peru",2,1,"en-GB,en-US","airalo esim peru"
"canada esim prepaid",2,1,"en-GB,en-US","canada esim price"
"canadian sim card for tourists",2,1,"en-GB,en-US","canada sim card for tourists"
"cheap esim australia",2,1,"en-US","cheap esim australia"
"cheap esim compatible phones",2,1,"en-US","cheap esim macao"
"cheap esim europe",2,1,"en-US","cheap esim colombia"
"cheap esim for egypt",2,1,"en-GB,en-US","cheap esim egypt"
"cheap esim france",2,1,"en-GB,en-US","cheapest esim france"
"cheap esim india",2,1,"en-GB,en-US","cheapest esim india"
"cheap esim indonesia",2,1,"en-US","cheap esim indonesia"
"cheap esim new zealand",2,1,"en-GB,en-US","cheapest esim new zealand"
"cheap esim spain",2,1,"en-GB,en-US","cheapest esim spain"
"cheap esim thailand",2,1,"en-US","cheap esim thailand"
"cheap esim usa",2,1,"en-US","cheap esim usa"
"cheap sim germany",2,1,"en-GB,en-US","cheap esim germany"
"cheapest esim canada",2,1,"en-GB,en-US","cheapest esim canada"
"cheapest esim egypt",2,1,"en-GB,en-US","cheapest esim egypt"
"cheapest esim for brazil",2,1,"en-GB,en-US","cheapest esim brazil"
"cheapest esim for germany",2,1,"en-GB,en-US","cheapest esim germany"
"cheapest esim for portugal",2,1,"en-GB,en-US","cheapest esim portugal"
"cheapest esim japan",2,1,"en-GB,en-US","cheapest esim japan"
"cheapest esim plans",2,1,"en-GB,en-US","cheapest esim poland"
"cheapest esim singapore",2,1,"en-GB,en-US","cheapest esim singapore"
"cheapest esim thailand",2,1,"en-GB,en-US","cheapest esim thailand"
"cheapest esim uk",2,1,"en-GB,en-US","cheapest esim uk"
"cheapest esim usa",2,1,"en-GB,en-US","cheapest esim usa"
"china esim unlimited data",2,1,"en-GB,en-US","china esim unlimited"
"costa rica esim reddit",2,1,"en-GB,en-US","costa rica esim price"
"croatia sim card unlimited data",2,1,"en-GB,en-US","croatia sim card for tourists"
"e sim card poland",2,1,"en-GB,en-US","poland sim card for tourists"
"esim australia",2,1,"en-GB,en-US","esim australia"
"esim australia and singapore",2,1,"en-US","esim australia vs sim"
"esim canada",2,1,"en-GB,en-US","esim canada"
"esim canada reddit",2,1,"en-GB,en-US","esim canada reddit"
"esim canada unlimited data",2,1,"en-GB,en-US","canada esim unlimited"
"esim china coverage details",2,1,"en-US","esim coverage in china"
"esim deals",2,1,"en-GB,en-US","esim deals"
"esim for android phone",2,1,"en-GB,en-US","esim for android"
"esim for australia",2,1,"en-GB,en-US","esim for australia"
"esim for europe",2,1,"en-GB,en-US","esim for europe"
"esim for germany",2,1,"en-GB,en-US","esim for germany"
"esim for hong kong and macau",2,1,"en-GB,en-US","does esim work in macao"
"esim for iphone 11 canada",2,1,"en-US","esim canada for iphone"
"esim for ireland",2,1,"en-GB,en-US","esim for ireland"
"esim for italy",2,1,"en-GB,en-US","esim for italy"
"esim for malaysia",2,1,"en-GB,en-US","esim for malaysia"
"esim for morocco",2,1,"en-GB,en-US","esim for morocco"
"esim for usa",2,1,"en-GB,en-US","esim for usa"
"esim germany",2,1,"en-GB,en-US","esim germany"
"esim in the philippines",2,1,"en-US","esim coverage in philippines"
"esim india",2,1,"en-GB,en-US","esim india"
"esim india airtel",2,1,"en-GB,en-US","esim india airport"
"esim indonesia reddit",2,1,"en-GB,en-US","esim indonesia reddit"
"esim ireland",2,1,"en-GB,en-US","esim ireland"
"esim italy reddit",2,1,"en-GB,en-US","esim italy reddit"
"esim japan",2,1,"en-GB,en-US","esim japan"
"esim japan price",2,1,"en-GB","esim japan price"
"esim japan reddit",2,1,"en-GB,en-US","esim japan reddit"
"esim malaysia and singapore",2,1,"en-US","esim malaysia vs sim"
"esim mexico iphone",2,1,"en-GB,en-US","esim mexico for iphone"
"esim morocco",2,1,"en-GB,en-US","esim morocco"
"esim philippines reddit",2,1,"en-GB,en-US","esim philippines reddit"
"esim portugal iphone",2,1,"en-GB,en-US","esim portugal for iphone"
"esim portugal reddit",2,1,"en-GB,en-US","esim portugal reddit"
"esim price philippines",2,1,"en-GB,en-US","esim philippines price"
"esim prices australia",2,1,"en-GB,en-US","esim australia price"
"esim spain iphone",2,1,"en-GB,en-US","esim spain for iphone"
"esim taiwan reddit",2,1,"en-GB,en-US","esim taiwan reddit"
"esim to use in australia",2,1,"en-GB,en-US","does esim work in austria"
"esim turkey",2,1,"en-GB,en-US","esim turkiye"
"esim uk",2,1,"en-GB,en-US","esim uk"
"esim usa",2,1,"en-GB,en-US","esim usa"
"esim usa prepaid",2,1,"en-GB,en-US","esim usa price"
"esim vietnam data plans",2,1,"en-GB,en-US","vietnam esim plans"
"esim vietnam reddit",2,1,"en-GB,en-US","esim vietnam reddit"
"france esim prepaid",2,1,"en-GB,en-US","france esim price"
"holafly esim australia",2,1,"en-GB,en-US","holafly esim australia"
"holafly esim brazil",2,1,"en-GB,en-US","holafly esim brazil"
"holafly esim canada",2,1,"en-GB,en-US","holafly esim canada"
"holafly esim china",2,1,"en-GB,en-US","holafly esim china"
"holafly esim germany",2,1,"en-GB,en-US","holafly esim germany"
"holafly esim india",2,1,"en-GB,en-US","holafly esim india"
"holafly esim kenya",2,1,"en-GB,en-US","holafly esim kenya"
"holafly esim mexique",2,1,"en-GB,en-US","holafly esim mexico"
"holafly esim philippines",2,1,"en-GB,en-US","holafly esim philippines"
"holafly esim plans",2,1,"en-GB,en-US","holafly esim plan"
"holafly esim singapore",2,1,"en-GB,en-US","holafly esim spain"
"holafly esim thailand",2,1,"en-GB,en-US","holafly esim thailand"
"holafly esim uk",2,1,"en-GB,en-US","holafly esim uk"
"holafly esim vietnam",2,1,"en-GB,en-US","holafly esim vietnam"
"holafly ireland esim",2,1,"en-GB,en-US","holafly esim ireland"
"holafly mexico esim",2,1,"en-GB,en-US","holafly esim mexico"
"hong kong esim prepaid",2,1,"en-GB,en-US","hong kong esim price"
"how to get an esim for south africa",2,1,"en-US","how to get an esim for south africa"
"how to get an esim for switzerland",2,1,"en-US","how to get an esim for switzerland"
"how to get esim in philippines",2,1,"en-US","how to get an esim for philippines"
"india esim prepaid options",2,1,"en-GB,en-US","india esim price"
"indonesia esim prepaid",2,1,"en-GB,en-US","indonesia esim price"
"ireland esim providers",2,1,"en-GB,en-US","ireland esim price"
"ireland sim card for tourists",2,1,"en-GB,en-US","ireland sim card for tourists"
"is roamic good",2,1,"en-GB,en-US","is roami good"
"israel sim card for tourists",2,1,"en-GB,en-US","israel sim card for tourists"
"japan esim plans",2,1,"en-GB,en-US","japan esim plans"
"japan esim unlimited data",2,1,"en-GB,en-US","japan esim unlimited"
"jetpac esim australia",2,1,"en-GB,en-US","jetpac esim australia"
"jetpac esim canada",2,1,"en-GB,en-US","jetpac esim canada"
"macau sim card for tourist",2,1,"en-GB,en-US","macao sim card for tourists"
"mexico esim prepaid",2,1,"en-GB,en-US","mexico esim price"
"new zealand esim prepaid",2,1,"en-GB,en-US","new zealand esim price"
"new zealand esim unlimited data",2,1,"en-GB,en-US","new zealand esim unlimited"
"new zealand sim cards for tourists",2,1,"en-GB,en-US","new zealand sim card for tourists"
"nomad esim canada",2,1,"en-GB,en-US","nomad esim canada"
"nomad esim china",2,1,"en-GB,en-US","nomad esim china"
"nomad esim egypt",2,1,"en-GB,en-US","nomad esim egypt"
"nomad esim europe",2,1,"en-GB,en-US","nomad esim colombia"
"nomad esim iceland",2,1,"en-GB,en-US","nomad esim ireland"
"nomad esim india",2,1,"en-GB,en-US","nomad esim india"
"nomad esim mexico",2,1,"en-GB,en-US","nomad esim mexico"
"nomad esim peru",2,1,"en-GB,en-US","nomad esim peru"
"nomad esim plans",2,1,"en-GB,en-US","nomad esim plan"
"nomad esim thailand",2,1,"en-GB,en-US","nomad esim thailand"
"philippines esim prepaid",2,1,"en-GB,en-US","philippines esim price"
"roamic esim turkije",2,1,"en-GB,en-US","roamic esim turkiye"
"roamless esim price portugal",2,1,"en-GB,en-US","portugal esim price"
"saily esim canada",2,1,"en-GB,en-US","saily esim canada"
"saily esim china",2,1,"en-GB,en-US","saily esim china"
"saily esim egitto",2,1,"en-GB,en-US","saily esim egypt"
"saily esim europe",2,1,"en-GB,en-US","saily esim colombia"
"saily esim fiji",2,1,"en-GB,en-US","saily esim fiji"
"saily esim germany",2,1,"en-GB,en-US","saily esim germany"
"saily esim iceland",2,1,"en-GB,en-US","saily esim iceland"
"saily esim israel",2,1,"en-GB,en-US","saily esim israel"
"saily esim mexico",2,1,"en-GB,en-US","saily esim mexico"
"saily esim saudi arabia",2,1,"en-GB,en-US","saily esim saudi arabia"
"saily esim thailand",2,1,"en-GB,en-US","saily esim thailand"
"saily esim uk",2,1,"en-GB,en-US","saily esim uk"
"saudi arabia sim card",2,1,"en-GB,en-US","saudi arabia sim card for tourists"
"sim card for spain travel",2,1,"en-GB","argentina sim card for tourists"
"singapore esim prepaid",2,1,"en-GB,en-US","singapore esim price"
"spain esim prepaid",2,1,"en-GB,en-US","spain esim price"
"sri lanka sim card for tourists",2,1,"en-GB,en-US","kenya sim card for tourists"
"taiwan esim providers",2,1,"en-GB,en-US","taiwan esim price"
"thailand esim unlimited data",2,1,"en-GB,en-US","thailand esim unlimited"
"ubigi esim australia",2,1,"en-GB,en-US","ubigi esim australia"
"ubigi esim china",2,1,"en-GB,en-US","ubigi esim china"
"ubigi esim costa rica",2,1,"en-GB,en-US","ubigi esim costa rica"
"ubigi esim egypt",2,1,"en-GB,en-US","ubigi esim egypt"
"ubigi esim germany",2,1,"en-GB,en-US","ubigi esim germany"
"ubigi esim italy",2,1,"en-GB,en-US","ubigi esim italy"
"ubigi esim taiwan",2,1,"en-GB,en-US","ubigi esim taiwan"
"uk esim plans",2,1,"en-GB,en-US","uk esim plans"
"uk esim unlimited data",2,1,"en-GB,en-US","uk esim unlimited"
"unlimited data esim brazil",2,1,"en-GB,en-US","brazil esim unlimited"
"unlimited data esim greece",2,1,"en-GB,en-US","greece esim unlimited"
"unlimited esim canada",2,1,"en-GB,en-US","canada esim unlimited"
"usa esim plans",2,1,"en-GB,en-US","usa esim plans"
"vietnam esim card iphone pro 16",2,1,"en-GB,en-US","esim vietnam for iphone"
"vietnam esim reddit",2,1,"en-GB,en-US","vietnam esim price"
"vietnam esim unlimited data",2,1,"en-GB,en-US","vietnam esim unlimited"
"yesim esim erfahrungen",2,1,"en-US","yesim esim peru"
"airalo esim australia coverage",2,2,"en-GB,en-US","airalo esim australia"
"airalo esim china not working",2,2,"en-GB,en-US","airalo esim china"
"airalo esim for peru",2,2,"en-GB,en-US","airalo esim peru"
"airalo esim incelemesi",2,2,"en-GB","airalo esim india"
"airalo esim ireland",2,2,"en-GB,en-US","airalo esim ireland"
"airalo esim korea",2,2,"en-GB,en-US","airalo esim uk"
"airalo esim plans and pricing",2,2,"en-GB,en-US","airalo esim plan"
"airalo esim uae",2,2,"en-GB,en-US","airalo esim usa"
"australia esim tourist",2,2,"en-GB,en-US","australia esim"
"best esim card for colombia",2,2,"en-GB,en-US","best esim for colombia"
"best esim card for iceland",2,2,"en-GB,en-US","best esim for iceland"
"best esim card for poland",2,2,"en-GB,en-US","best esim for poland"
"best esim for australia travel",2,2,"en-GB,en-US","best esim for australia"
"best esim for canada and usa",2,2,"en-GB,en-US","best esim for canada"
"best esim for canada from uk",2,2,"en-GB,en-US","best esim for canada"
"best esim for greece and turkey",2,2,"en-GB,en-US","best esim for greece"
"best esim for indonesia from australia",2,2,"en-GB,en-US","best esim for indonesia"
"best esim for iphone in japan",2,2,"en-US","esim japan for iphone"
"best esim for italy for iphone",2,2,"en-GB,en-US","esim italy for iphone"
"best esim for italy reddit",2,2,"en-GB,en-US","esim italy reddit"
"best esim for kenya and tanzania",2,2,"en-GB,en-US","best esim for kenya"
"best esim for morocco from uk",2,2,"en-GB,en-US","best esim for morocco"
"best esim for philippines reddit",2,2,"en-GB,en-US","esim philippines reddit"
"best esim for travel to fiji",2,2,"en-GB,en-US","best esim for fiji"
"best esim for uk coverage",2,2,"en-GB,en-US","esim coverage in uk"
"best esim for uk reddit",2,2,"en-GB,en-US","esim uk reddit"
"best esim for vietnam and cambodia",2,2,"en-GB,en-US","best esim for vietnam"
"best esim for vietnam reddit",2,2,"en-GB,en-US","esim vietnam reddit"
"best esim in ireland",2,2,"en-US","does esim work in ireland"
"best esim usa unlimited data",2,2,"en-GB,en-US","usa esim unlimited"
"brazil esim card",2,2,"en-GB,en-US","brazil esim"
"buy airalo esim argentina",2,2,"en-GB,en-US","airalo esim argentina"
"buy airalo esim qatar",2,2,"en-GB,en-US","airalo esim qatar"
"canada esim providers",2,2,"en-GB,en-US","canada esim price"
"cheap esim china vpn",2,2,"en-GB,en-US","cheapest esim china"
"cheap esim plan canada",2,2,"en-US","cheap esim canada"
"cheap esim plans australia",2,2,"en-US","cheap esim australia"
"cheapest esim australia prepaid",2,2,"en-GB,en-US","cheapest esim australia"
"cheapest esim mobile plans",2,2,"en-US","cheapest esim macao"
"cheapest esim plan canada",2,2,"en-GB,en-US","cheapest esim canada"
"cheapest esim plan usa",2,2,"en-GB,en-US","cheapest esim usa"
"croatia esim with phone number",2,2,"en-GB,en-US","croatia esim"
"does a china esim work in hong kong",2,2,"en-GB,en-US","does esim work in hong kong"
"egypt esim card",2,2,"en-GB,en-US","egypt esim"
"esim australia prepaid",2,2,"en-GB,en-US","esim australia"
"esim australia tourist",2,2,"en-GB,en-US","esim australia"
"esim brazil compare",2,2,"en-GB,en-US","esim brazil"
"esim canada plans",2,2,"en-GB,en-US","canada esim plans"
"esim china prepaid options",2,2,"en-GB,en-US","esim china price"
"esim china travel plans",2,2,"en-GB,en-US","china esim plans"
"esim for belgium and netherlands",2,2,"en-GB,en-US","esim for belgium"
"esim for europe travel",2,2,"en-GB,en-US","esim for europe"
"esim for fiji from australia",2,2,"en-GB,en-US","esim for fiji"
"esim for iphone 11",2,2,"en-GB,en-US","esim for iphone"
"esim for morocco from uk",2,2,"en-GB,en-US","esim for morocco"
"esim for netherlands and uk",2,2,"en-GB,en-US","esim for netherlands"
"esim for qatar and europe",2,2,"en-GB,en-US","esim for qatar"
"esim for spain and portugal",2,2,"en-GB,en-US","esim for spain"
"esim for spain reddit",2,2,"en-GB,en-US","esim spain reddit"
"esim for turkey uk",2,2,"en-GB,en-US","esim for turkiye"
"esim for usa travel",2,2,"en-GB,en-US","esim for usa"
"esim france travel",2,2,"en-GB,en-US","esim france"
"esim germany prepaid",2,2,"en-GB,en-US","esim germany"
"esim ireland providers",2,2,"en-GB,en-US","esim ireland"
"esim mexico plans",2,2,"en-GB,en-US","mexico esim plans"
"esim mexico travel",2,2,"en-GB,en-US","esim mexico"
"esim plans for international travel",2,2,"en-US","united arab emirates esim plans"
"esim prices for japan",2,2,"en-GB,en-US","japan esim price"
"esim singapore and malaysia",2,2,"en-US","does esim work in malaysia"
"esim thailand 30 days unlimited",2,2,"en-GB,en-US","thailand esim unlimited"
"esim usa prepaid plans",2,2,"en-GB,en-US","esim usa price"
"esim vs physical sim australia",2,2,"en-US","esim australia vs sim"
"government esim for free",2,2,"en-GB,en-US","esim coverage in georgia"
"greece esim data plan",2,2,"en-GB,en-US","greece esim plans"
"holafly esim asia",2,2,"en-GB,en-US","holafly esim india"
"holafly esim compatible phones",2,2,"en-US","holafly esim macao"
"holafly esim inde",2,2,"en-GB,en-US","holafly esim india"
"holafly esim russia",2,2,"en-GB,en-US","holafly esim austria"
"iceland esim card",2,2,"en-GB,en-US","iceland esim"
"iceland esim reddit",2,2,"en-GB,en-US","iceland esim price"
"indonesia esim tourist",2,2,"en-GB,en-US","indonesia esim"
"is roamic esim good",2,2,"en-GB,en-US","is roamic good"
"is saily esim good for vietnam",2,2,"en-GB,en-US","saily esim vietnam"
"jetpac esim review",2,2,"en-GB,en-US","jetpac esim"
"kenya esim card",2,2,"en-GB,en-US","kenya esim"
"mexico esim card",2,2,"en-GB,en-US","mexico esim"
"new zealand sim card for tourist",2,2,"en-GB,en-US","new zealand sim card for tourists"
"nomad esim egitto",2,2,"en-GB,en-US","nomad esim egypt"
"nomad esim mexico tiene numeros telefonicos",2,2,"en-GB,en-US","nomad esim mexico"
"nomad esim prepaid data plan",2,2,"en-GB,en-US","nomad esim peru"
"nomad esim uae",2,2,"en-GB,en-US","nomad esim usa"
"peru esim card",2,2,"en-GB,en-US","peru esim"
"qatar esim tourist",2,2,"en-GB,en-US","qatar esim"
"roamic esims",2,2,"en-US","roamic esim usa"
"saily esim australia review",2,2,"en-GB,en-US","saily esim australia"
"saily esim coupon code",2,2,"en-US","saily esim macao"
"saily esim england",2,2,"en-GB,en-US","saily esim ireland"
"saily esim japan review",2,2,"en-GB,en-US","saily esim japan"
"saily esim kanada",2,2,"en-GB,en-US","saily esim kenya"
"saily esim promo code",2,2,"en-GB,en-US","saily esim peru"
"saily esim uae",2,2,"en-GB,en-US","saily esim usa"
"sim card for spain",2,2,"en-GB,en-US","spain sim card for tourists"
"singapore cheapest travel esim japan",2,2,"en-GB,en-US","cheapest esim japan"
"singapore esim plan",2,2,"en-GB,en-US","singapore esim price"
"sk esim south korea",2,2,"en-GB,en-US","esim south korea airport"
"swisscom sim card for tourist",2,2,"en-GB,en-US","poland sim card for tourists"
"thailand esim data plans",2,2,"en-GB,en-US","thailand esim plans"
"travel sim card south africa",2,2,"en-GB,en-US","south africa sim card for tourists"
"ubigi esim asia",2,2,"en-GB","ubigi esim india"
"ubigi esim europe reviews",2,2,"en-US","ubigi esim colombia"
"unlimited esim france",2,2,"en-GB,en-US","france esim unlimited"
"usa esim prepaid",2,2,"en-GB,en-US","usa esim"
"vodafone egypt esim price",2,2,"en-GB,en-US","egypt esim price"
"what is the best esim for europe",2,2,"en-GB,en-US","best esim for czechia"
"airalo esim asia plans",2,3,"en-GB,en-US","airalo esim plan"
"airalo esim card costa rica",2,3,"en-GB,en-US","airalo esim costa rica"
"airalo esim card india",2,3,"en-GB,en-US","airalo esim india"
"airalo esim card mexico",2,3,"en-GB,en-US","airalo esim mexico"
"airalo esim japan how to activate",2,3,"en-GB,en-US","airalo esim japan"
"australia prepaid sim card for tourist",2,3,"en-GB,en-US","australia sim card for tourists"
"best esim card for brazil",2,3,"en-GB,en-US","best esim for brazil"
"best esim for cartagena colombia",2,3,"en-GB,en-US","best esim for colombia"
"best esim for norway",2,3,"en-GB,en-US","best esim for netherlands"
"best esim for puerto rico",2,3,"en-GB,en-US","best esim for peru"
"best esim plans usa",2,3,"en-US","united arab emirates esim plans"
"best unlimited data esim uk",2,3,"en-GB,en-US","uk esim unlimited"
"cheap esim plan usa",2,3,"en-US","cheap esim usa"
"cheap esim plans unlimited data",2,3,"en-US","cheap esim poland"
"cheapest esim mobile phone",2,3,"en-US","cheapest esim macao"
"cosmote esim greece",2,3,"en-GB,en-US","esim greece"
"e sim for kenya",2,3,"en-GB,en-US","esim kenya vs sim"
"esim china prepaid",2,3,"en-GB,en-US","esim china price"
"esim data plan usa",2,3,"en-GB,en-US","esim data plan"
"esim for argentina and brazil",2,3,"en-GB,en-US","esim for argentina"
"esim for south africa and zimbabwe",2,3,"en-GB,en-US","esim for south africa"
"esim for thailand from uk",2,3,"en-GB,en-US","esim for thailand"
"esim for uk and europe",2,3,"en-GB,en-US","esim for uk"
"esim hong kong macau",2,3,"en-GB,en-US","esim hong kong"
"esim ireland vodafone",2,3,"en-GB,en-US","esim ireland"
"esim israel partner",2,3,"en-GB,en-US","esim israel"
"esim philippines smart",2,3,"en-GB,en-US","esim philippines"
"esim singapore malaysia",2,3,"en-GB,en-US","esim singapore"
"esims for costa rica",2,3,"en-GB,en-US","esim coverage in costa rica"
"europe sim card for travellers",2,3,"en-GB,en-US","netherlands sim card for tourists"
"germany esim options",2,3,"en-GB,en-US","germany esim"
"holafly esim europe",2,3,"en-GB,en-US","holafly esim"
"holafly vs airalo for southern italy esim",2,3,"en-GB,en-US","holafly esim italy"
"how to get an esim for iphone in japan",2,3,"en-US","esim japan for iphone"
"is esim available in bangladesh",2,3,"en-US","is esim available in uk"
"is esim safe reddit",2,3,"en-US","esim united arab emirates reddit"
"is saily esim good for japan",2,3,"en-GB,en-US","saily esim japan"
"is there an esim in the philippines",2,3,"en-US","esim philippines vs sim"
"israel esim card",2,3,"en-GB,en-US","israel esim"
"italy esim with calls and texts",2,3,"en-GB,en-US","italy esim"
"mobily esim saudi arabia",2,3,"en-GB,en-US","esim saudi arabia 10gb"
"nomad esim promo code",2,3,"en-GB,en-US","nomad esim peru"
"philippines esim providers",2,3,"en-GB,en-US","philippines esim price"
"poland esim with phone number",2,3,"en-GB,en-US","poland esim"
"safaricom esim kenya",2,3,"en-GB,en-US","esim kenya"
"saily esim pricing plans",2,3,"en-GB,en-US","saily esim plan"
"sim card for australia travel",2,3,"en-GB,en-US","austria sim card for tourists"
"sim card for spain and portugal",2,3,"en-GB,en-US","portugal sim card for tourists"
"sim card for traveling abroad to spain",2,3,"en-GB,en-US","spain sim card for tourists"
"sim card prepaid usa for tourists",2,3,"en-GB,en-US","usa sim card for tourists"
"south african sim card for travellers",2,3,"en-GB,en-US","south africa sim card for tourists"
"south korea esim card for foreigners",2,3,"en-GB,en-US","south korea esim"
"thailand esim providers",2,3,"en-GB,en-US","thailand esim price"
"travel esim brazil",2,3,"en-GB","esim brazil"
"ubigi esim europe unlimited",2,3,"en-US","ubigi esim colombia"
"ubigi esim in china",2,3,"en-GB","ubigi esim india"
"ubigi esim korea",2,3,"en-GB,en-US","ubigi esim uk"
"unlimited esim usa",2,3,"en-GB,en-US","usa esim unlimited"
"usa esim prepaid unlimited",2,3,"en-GB,en-US","usa esim price"
"vodafone esim turkiye",2,3,"en-US","turkiye esim"
"vodafone qatar esim",2,3,"en-GB,en-US","qatar esim"
"what esim works in caribbean",2,3,"en-GB,en-US","does esim work in costa rica"
"what is esim australia",2,3,"en-US","does esim work in australia"
"airalo esim card australia",2,4,"en-GB,en-US","airalo esim australia"
"airalo esim card china",2,4,"en-GB,en-US","airalo esim hong kong"
"airalo esim international",2,4,"en-GB","airalo esim india"
"australia esim with phone number",2,4,"en-GB,en-US","australia esim"
"australian sim cards for travellers",2,4,"en-GB,en-US","austria sim card for tourists"
"best esim brazil",2,4,"en-GB,en-US","esim brazil"
"best esim for french polynesia",2,4,"en-GB,en-US","best esim for france"
"best esim for travelling europe",2,4,"en-GB,en-US","best esim for netherlands"
"best esim provider in uk",2,4,"en-GB,en-US","does esim work in uk"
"cheapest esim asia",2,4,"en-GB","cheapest esim china"
"cheapest esim phone australia",2,4,"en-GB,en-US","cheapest esim australia"
"china esim data plan",2,4,"en-GB,en-US","china esim plans"
"does saily esim have a phone number",2,4,"en-GB,en-US","saily esim united arab emirates"
"esim 10gb free trial",2,4,"en-US","esim saudi arabia 10gb"
"esim australia telstra",2,4,"en-GB,en-US","esim australia"
"esim card for croatia",2,4,"en-GB,en-US","esim for croatia"
"esim card for india",2,4,"en-GB,en-US","esim coverage in india"
"esim data only australia",2,4,"en-US","unlimited data esim australia"
"esim data roaming japan",2,4,"en-GB,en-US","roami esim united arab emirates"
"esim for bali indonesia",2,4,"en-GB,en-US","does esim work in indonesia"
"esim for germany from india",2,4,"en-GB,en-US","esim for germany"
"esim for ireland and scotland",2,4,"en-GB,en-US","esim for ireland"
"esim france and spain",2,4,"en-GB,en-US","does esim work in spain"
"esim germany travel",2,4,"en-GB,en-US","esim germany"
"esim india prepaid plans",2,4,"en-US","india esim plans"
"esim indonesia bali",2,4,"en-GB,en-US","esim indonesia"
"esim ireland eir",2,4,"en-GB,en-US","esim ireland"
"esim mexico prepaid plans",2,4,"en-US","mexico esim plans"
"esim philippines prepaid",2,4,"en-GB,en-US","esim philippines"
"esim phone plans canada",2,4,"en-US","canada esim plans"
"esim south east asia",2,4,"en-GB,en-US","alosim esim saudi arabia"
"esim south korea for both data and phone",2,4,"en-GB,en-US","esim south korea"
"european sim card for travel",2,4,"en-GB,en-US","belgium sim card for tourists"
"fiji sim card nadi airport",2,4,"en-GB,en-US","fiji esim"
"free government esim service",2,4,"en-GB,en-US","esim coverage in georgia"
"holafly esim instructions",2,4,"en-GB,en-US","holafly esim india"
"hong kong esim iphone",2,4,"en-GB,en-US","hong kong esim"
"how much is an esim in japan",2,4,"en-US","is esim available in fiji"
"how to use esim in japan",2,4,"en-US","does esim work in fiji"
"japan esim unlimited data best",2,4,"en-GB,en-US","unlimited data esim japan"
"japan sim card for tourist from australia",2,4,"en-GB,en-US","japan sim card for tourists"
"jetpac esim bali",2,4,"en-GB,en-US","jetpac esim"
"korean sim card for tourists",2,4,"en-GB,en-US","kenya sim card for tourists"
"lebara esim netherlands",2,4,"en-GB,en-US","esim netherlands"
"london sim card for tourist",2,4,"en-US","uk sim card for tourists"
"magti esim georgia",2,4,"en-GB,en-US","esim for georgia"
"nomad esim in united states",2,4,"en-GB,en-US","nomad esim india"
"nomad esim installation",2,4,"en-GB","nomad esim india"
"nomad esim promo code 2026",2,4,"en-GB,en-US","nomad esim peru"
"ooredoo esim qatar",2,4,"en-GB,en-US","esim qatar"
"ooredoo qatar esim",2,4,"en-GB,en-US","qatar esim"
"saily esim compatibility",2,4,"en-US","saily esim macao"
"saily esim montenegro",2,4,"en-US","saily esim mexico"
"sim card for china travel",2,4,"en-GB,en-US","czechia sim card for tourists"
"sim card in turkey for tourists",2,4,"en-GB,en-US","kenya sim card for tourists"
"sim card vs esim card",2,4,"en-US","esim fiji vs sim"
"sosim esim hong kong",2,4,"en-GB,en-US","alosim esim hong kong"
"tunisia sim card for tourists",2,4,"en-GB,en-US","greece sim card for tourists"
"vivo esim brazil",2,4,"en-GB,en-US","esim for brazil"
"what is an esim iphone",2,4,"en-GB,en-US","what is an esim"
"what is the best esim for peru",2,4,"en-GB,en-US","best esim for peru"
"airalo esim discount code",2,5,"en-GB,en-US","esim discount code"
"airalo esim for vietnam",2,5,"en-GB,en-US","airalo esim hong kong"
"airalo esim middle east",2,5,"en-US","airalo esim uk"
"airalo esim sri lanka",2,5,"en-GB,en-US","airalo esim south africa"
"australia esim card for tourist",2,5,"en-GB,en-US","australia esim"
"best esim for australian travelling to usa",2,5,"en-GB,en-US","best esim for austria"
"best esim for south korea reddit",2,5,"en-GB,en-US","best esim for south korea"
"best esim for thailand travel",2,5,"en-GB,en-US","best esim for thailand"
"best esim to use in ireland",2,5,"en-GB,en-US","does esim work in ireland"
"does china support esim",2,5,"en-US","esim coverage in china"
"esim companies in india",2,5,"en-GB,en-US","does esim work in india"
"esim data plan canada",2,5,"en-GB,en-US","esim data plan"
"esim for australian number",2,5,"en-GB,en-US","esim for australia"
"esim for germany with phone number",2,5,"en-GB,en-US","esim for germany"
"esim for italy with phone number",2,5,"en-GB,en-US","esim for italy"
"esim for thailand from australia",2,5,"en-GB,en-US","esim for thailand"
"esim for the philippines",2,5,"en-GB,en-US","does esim work in macao"
"esim mexico for tourists",2,5,"en-GB,en-US","esim mexico"
"esim packages saudi arabia",2,5,"en-GB,en-US","esim for saudi arabia"
"esim philippines tourist",2,5,"en-GB,en-US","esim philippines"
"germany esim for travel",2,5,"en-GB,en-US","germany esim"
"holafly esim manual",2,5,"en-US","holafly esim uk"
"holafly esim promo code",2,5,"en-US","holafly esim peru"
"how much does an esim cost",2,5,"en-GB","esim united arab emirates price"
"iceland esim travel",2,5,"en-GB,en-US","iceland esim"
"italy esim card",2,5,"en-GB,en-US","italy esim"
"recommended esim for japan",2,5,"en-US","esim coverage in japan"
"south african sim card",2,5,"en-GB,en-US","south africa sim card for tourists"
"thailand sim card for indian tourist",2,5,"en-GB,en-US","india sim card for tourists"
"airalo esim installation iphone",2,6,"en-GB,en-US","airalo esim israel"
"airalo global esim call pricing",2,6,"en-GB,en-US","airalo esim hong kong"
"australia esim for bali",2,6,"en-GB,en-US","austria esim"
"best e-sim for colombia",2,6,"en-GB,en-US","colombia sim card for tourists"
"best esim for australians in japan",2,6,"en-GB,en-US","best esim for austria"
"best esim for korea reddit",2,6,"en-GB,en-US","best esim for south korea"
"best esim for montenegro",2,6,"en-GB,en-US","best esim for macao"
"best esim for tanzania",2,6,"en-GB,en-US","best esim for kenya"
"best esim for thailand from india",2,6,"en-GB,en-US","best esim for thailand"
"best esim for uk and france",2,6,"en-GB,en-US","best esim for france"
"embedded sim vs esim",2,6,"en-US","esim brazil vs sim"
"esim australia providers",2,6,"en-GB,en-US","esim australia"
"esim card for philippines",2,6,"en-GB,en-US","how to get an esim for philippines"
"esim card germany",2,6,"en-GB,en-US","esim germany"
"esim companies in australia",2,6,"en-GB,en-US","does esim work in australia"
"esim compatible phones australia",2,6,"en-GB,en-US","esim compatible phones"
"esim for australia and singapore",2,6,"en-GB,en-US","esim for australia"
"esim for iphone 16",2,6,"en-GB,en-US","esim israel for iphone"
"esim for the philippines reddit",2,6,"en-US","esim costa rica reddit"
"government phone with esim",2,6,"en-US","esim coverage in georgia"
"how does saily esim work",2,6,"en-GB,en-US","saily esim south korea"
"how to get esim etisalat",2,6,"en-US","how to get an esim for qatar"
"how to install saily esim",2,6,"en-GB,en-US","saily esim united arab emirates"
"iceland esim with phone number",2,6,"en-GB,en-US","esim iceland"
"jetpac esim card",2,6,"en-GB,en-US","jetpac esim"
"netherlands sim only deals",2,6,"en-GB,en-US","netherlands esim"
"sim card in australia for travellers",2,6,"en-GB,en-US","austria sim card for tourists"
"three hong kong esim",2,6,"en-GB,en-US","hong kong esim plans"
"trip.com esim hong kong",2,6,"en-GB,en-US","cheapest esim hong kong"
"airalo esim china review",2,7,"en-GB,en-US","airalo esim china"
"airalo esim installed but not activated",2,7,"en-GB,en-US","airalo esim israel"
"airalo esim instructions",2,7,"en-GB","airalo esim india"
"australia esim card",2,7,"en-GB,en-US","australia esim"
"best esim card for turkey",2,7,"en-US","how to get an esim for turkiye"
"best esim for albania",2,7,"en-GB,en-US","best esim for croatia"
"best esim for australian travellers",2,7,"en-GB,en-US","best esim for austria"
"best esim for korea and japan",2,7,"en-US","cheap esim south korea"
"best esim for south east asia",2,7,"en-GB,en-US","best esim for south korea"
"best esim for worldwide roaming",2,7,"en-GB,en-US","roami esim united arab emirates"
"best esim to buy for japan",2,7,"en-GB,en-US","is esim available in japan"
"china mobile hong kong esim",2,7,"en-US","esim hong kong vs sim"
"do esims work at sea",2,7,"en-GB,en-US","does esim work in greece"
"does it support esim",2,7,"en-US","does esim work in israel"
"e sim costa rica",2,7,"en-US","esim costa rica vs sim"
"esim australia optus",2,7,"en-GB,en-US","esim australia"
"esim card for iphone se",2,7,"en-US","esim iceland for iphone"
"esim card for travel taiwan",2,7,"en-US","esim coverage in taiwan"
"esim card netherlands",2,7,"en-GB,en-US","esim netherlands"
"esim for australian travellers",2,7,"en-GB,en-US","esim for australia"
"esim for japan and korea",2,7,"en-GB,en-US","esim for japan"
"esim for multiple countries",2,7,"en-GB,en-US","yesim esim united arab emirates"
"esim for north america",2,7,"en-GB,en-US","does esim work in usa"
"esim for use in india",2,7,"en-GB","does esim work in kenya"
"esim north america and canada",2,7,"en-GB,en-US","does esim work in canada"
"esim per il marocco",2,7,"en-US","esim coverage in morocco"
"esim terbaik di indonesia",2,7,"en-US","is esim available in indonesia"
"esim versus international plan",2,7,"en-US","united arab emirates esim plans"
"holafly esim internacional",2,7,"en-GB,en-US","holafly esim india"
"how to register esim in the us",2,7,"en-US","how to get an esim for georgia"
"is esim available in iphone 11",2,7,"en-US","is esim available in usa"
"phone with esim philippines",2,7,"en-US","is esim available in philippines"
"que es mejor sim o esim",2,7,"en-US","esim argentina vs sim"
"saily esim unlimited data",2,7,"en-GB,en-US","saily esim uk"
"saily japan esim review",2,7,"en-GB","saily esim south korea"
"sim card in netherlands",2,7,"en-GB,en-US","netherlands sim card for tourists"
"spain travel sim card",2,7,"en-US","argentina sim card for tourists"
"thailand esim with phone number",2,7,"en-US","is esim available in thailand"
"turkey e sim card",2,7,"en-GB,en-US","turkiye esim"
"ubigi esim japan discount codes",2,7,"en-GB,en-US","ubigi esim japan"
"was ist besser sim oder esim",2,7,"en-US","esim germany vs sim"
"what is esim and how it works",2,7,"en-GB,en-US","does esim work in israel"
"what's the difference between esim and sim",2,7,"en-US","esim egypt vs sim"
"airalo esim card uk",2,8,"en-GB,en-US","airalo esim uk"
"best esim for australia and singapore",2,8,"en-GB,en-US","best esim for singapore"
"best esim for international travel",2,8,"en-GB,en-US","esim for international travel"
"best esim for japan and korea",2,8,"en-GB,en-US","best esim for japan"
"difference between sim card and esim",2,8,"en-US","esim india vs sim"
"esim australia prepaid 365 days",2,8,"en-GB,en-US","esim australia"
"esim europe unlimited data",2,8,"en-GB,en-US","united arab emirates esim unlimited"
"esim for australia holiday",2,8,"en-GB,en-US","esim for australia"
"esim for europe unlimited data",2,8,"en-US","esim coverage in iceland"
"esim for usa travel from canada",2,8,"en-US","how to get an esim for canada"
"esim only deals unlimited",2,8,"en-US","united arab emirates esim unlimited"
"free phone with esim",2,8,"en-US","esim kenya for iphone"
"how much does an esim card cost",2,8,"en-US","saudi arabia esim price"
"how to purchase esim",2,8,"en-US","is esim available in israel"
"ist esim besser als sim",2,8,"en-US","esim germany vs sim"
"nz esim for tourists",2,8,"en-US","esim new zealand reddit"
"que es esim y sim",2,8,"en-US","esim argentina vs sim"
"sim card singapore tourist",2,8,"en-GB","indonesia sim card for tourists"
"smart sim to esim",2,8,"en-US","esim kenya vs sim"
"usa tourist sim card",2,8,"en-US","georgia sim card for tourists"
"von sim auf esim",2,8,"en-US","esim austria vs sim"
"best esim for ecuador",2,9,"en-US","best esim for colombia"
"best esim for italy france and spain",2,9,"en-GB,en-US","best esim for france"
"best esim for usa and canada travel",2,9,"en-GB,en-US","best esim for canada"
"cheapest esim in malaysia",2,9,"en-GB","cheapest esim spain"
"china and hong kong esim",2,9,"en-GB,en-US","is esim available in hong kong"
"compare esim for usa",2,9,"en-US","esim usa vs sim"
"esim card for japan",2,9,"en-US","esim coverage in japan"
"esim china not working",2,9,"en-GB,en-US","does esim work in china"
"esim versus physical sim",2,9,"en-US","esim egypt vs sim"
"esims for hong kong",2,9,"en-GB,en-US","cheap esim hong kong"
"free esim service trial",2,9,"en-US","esim coverage in israel"
"free esim trial unlimited data",2,9,"en-US","unlimited data esim israel"
"french esim with phone number",2,9,"en-US","is esim available in france"
"italian esim with phone number",2,9,"en-US","is esim available in italy"
"nomad esim referral code",2,9,"en-GB,en-US","nomad esim south africa"
"saily esim international",2,9,"en-GB","saily esim china"
"unterschied sim und esim",2,9,"en-US","esim germany vs sim"
"using esim with apple phone",2,9,"en-US","esim peru for iphone"
"what iphones use esim",2,9,"en-US","esim france for iphone"
"australia esim telstra",2,10,"en-GB,en-US","australia esim"
"best esim for mauritius",2,10,"en-US","best esim for macao"
"best esim for usa data",2,10,"en-GB,en-US","best esim for usa"
"buy sim card china as tourist",2,10,"en-GB,en-US","czechia sim card for tourists"
"canada data only esim",2,10,"en-US","esim canada vs sim"
"cheap phone for esim",2,10,"en-US","esim singapore for iphone"
"cheapest esim in canada",2,10,"en-GB","cheapest esim spain"
"esim card japan airalo",2,10,"en-US","airalo esim hong kong"
"esim for ipad uk",2,10,"en-US","esim ireland for iphone"
"esim providers in china",2,10,"en-US","esim coverage in china"
"esim usa with number",2,10,"en-US","esim coverage in usa"
"esim vietnam and cambodia",2,10,"en-GB,en-US","esim vietnam"
"good esim for china",2,10,"en-GB,en-US","best esim for czechia"
"nz sim cards for australian tourists",2,10,"en-GB,en-US","austria sim card for tourists"
"que es esim iphone",2,10,"en-US","esim colombia for iphone"
"us mobile esim compatible",2,10,"en-US","esim coverage in georgia"
"buy esim online in india",2,11,"en-US","esim coverage in india"
"cheapest esim for china",2,11,"en-GB,en-US","cheapest esim hong kong"
"data only esim usa",2,11,"en-US","unlimited data esim vietnam"
"esim compatible phones check",2,11,"en-GB,en-US","esim compatible phones"
"esim for japan comparison",2,11,"en-US","esim japan vs sim"
"esim or normal sim",2,11,"en-US","esim taiwan vs sim"
"esim phones in canada",2,11,"en-US","esim canada vs sim"
"esim vs sim fisica",2,11,"en-US","esim macao vs sim"
"esim while in china",2,11,"en-US","esim china vs sim"
"esim with free trial",2,11,"en-US","esim coverage in georgia"
"how much is an esim for japan",2,11,"en-GB,en-US","south korea esim price"
"vietnam and cambodia esim",2,11,"en-US","esim coverage in vietnam"
"buying esim in china",2,12,"en-US","esim coverage in china"
"china travel sim card where to buy",2,12,"en-GB,en-US","china sim card for tourists"
"esim auf neues iphone",2,12,"en-US","esim germany for iphone"
"esim besser als sim",2,12,"en-US","esim austria vs sim"
"esim better than physical sim",2,12,"en-US","esim singapore vs sim"
"esim usa and canada",2,12,"en-GB,en-US","esim usa"
"how to buy an esim in china",2,12,"en-US","how to get an esim for czechia"
"sim card for singapore and malaysia",2,12,"en-GB,en-US","malaysia sim card for tourists"
"us esim for canadians",2,12,"en-US","how to get an esim for canada"
"celulares con esim colombia",2,13,"en-US","esim colombia for iphone"
"como funciona nomad esim",2,13,"en-US","nomad esim saudi arabia"
"cost of esim card",2,13,"en-US","saudi arabia esim price"
"esim card for europe",2,13,"en-US","esim coverage in iceland"
"sim card china foreigner tourist",2,13,"en-US","czechia sim card for tourists"
"sim card for overseas travel from australia",2,13,"en-US","australia sim card for tourists"
"was ist eine sim und esim",2,13,"en-US","esim germany vs sim"
"buy esim online india",2,14,"en-US","cheap esim saudi arabia"
"comprar esim online brasil",2,14,"en-US","is esim available in brazil"
"esim for data roaming",2,14,"en-US","roami esim united arab emirates"
"esim im ausland nutzen",2,14,"en-US","esim coverage in austria"
"esim mobile phones in india",2,14,"en-US","esim india for iphone"
"hk sim card for tourist",2,14,"en-US","china sim card for tourists"
"melhor esim para argentina",2,14,"en-US","best esim for argentina"
"nokia phones with esim",2,14,"en-US","esim kenya vs sim"
"buy esim for china",2,15,"en-US","does esim work in taiwan"
"esim para o brasil",2,15,"en-US","is esim available in brazil"
"esim with calls europe",2,15,"en-US","esim coverage in belgium"
"how to apply esim in etisalat",2,15,"en-US","esim coverage in qatar"
"ventajas de la esim sobre la sim",2,15,"en-US","esim argentina vs sim"
"airalo europe esim review",2,16,"en-US","airalo esim new zealand"
"buy esim for india",2,16,"en-US","esim saudi arabia 10gb"
"esim data only belgie",2,16,"en-US","unlimited data esim netherlands"
"esim for solomon islands",2,16,"en-US","esim coverage in fiji"
"esim in der schweiz",2,16,"en-US","is esim available in switzerland"
"esim supported phones in india",2,16,"en-US","esim saudi arabia for iphone"
"which phone support esim in india",2,17,"en-US","esim india for iphone"
"setting up holafly esim",2,18,"en-US","holafly esim saudi arabia"
"best esim for bolivia",2,19,"en-US","best esim for colombia"
"nomad esim lost data",2,20,"en-US","nomad esim costa rica"
"airalo esim card",1,1,"en-GB,en-US","airalo esim"
"airalo esim egypt",1,1,"en-GB,en-US","airalo esim egypt"
"airalo esim france",1,1,"en-GB,en-US","airalo esim france"
"airalo esim greece",1,1,"en-GB,en-US","airalo esim greece"
"airalo esim hong kong",1,1,"en-GB,en-US","airalo esim hong kong"
"airalo esim iceland",1,1,"en-GB,en-US","airalo esim iceland"
"airalo esim indonesia",1,1,"en-GB,en-US","airalo esim indonesia"
"airalo esim italy",1,1,"en-GB,en-US","airalo esim italy"
"airalo esim kenya",1,1,"en-GB,en-US","airalo esim kenya"
"airalo esim philippines",1,1,"en-GB,en-US","airalo esim philippines"
"airalo esim south korea",1,1,"en-GB,en-US","airalo esim south korea"
"airalo esim spain",1,1,"en-GB,en-US","airalo esim spain"
"airalo esim switzerland",1,1,"en-GB,en-US","airalo esim switzerland"
"airalo esim vietnam",1,1,"en-GB,en-US","airalo esim vietnam"
"alosim discount code",1,1,"en-US","is alosim good"
"alosim esim",1,1,"en-GB,en-US","alosim esim"
"argentina esim",1,1,"en-GB,en-US","argentina esim"
"australian esim i can get in america",1,1,"en-US","how to get an esim for australia"
"austria esim",1,1,"en-GB,en-US","austria esim"
"belgium esim",1,1,"en-GB,en-US","belgium esim"
"best esim",1,1,"en-GB,en-US","best esim"
"best esim coverage for italy",1,1,"en-US","esim coverage in italy"
"best esim for france reddit",1,1,"en-US","esim france reddit"
"best esim for madagascar",1,1,"en-US","best esim for macao"
"best esim in japan",1,1,"en-GB","does esim work in fiji"
"best esim to use in thailand",1,1,"en-GB","does esim work in thailand"
"best esim to use in vietnam",1,1,"en-GB","does esim work in vietnam"
"brazil esim",1,1,"en-GB,en-US","brazil esim"
"canada esim",1,1,"en-GB,en-US","canada esim"
"canadian esim plans",1,1,"en-US","canada esim plans"
"cheap esim canada",1,1,"en-US","cheap esim canada"
"cheap esim china",1,1,"en-US","cheap esim china"
"cheap esim for vietnam",1,1,"en-US","cheap esim vietnam"
"cheap esim japan",1,1,"en-US","cheap esim japan"
"cheap esim plan",1,1,"en-US","cheap esim poland"
"cheap esim prepaid",1,1,"en-US","cheap esim peru"
"cheap esim singapore",1,1,"en-US","cheap esim singapore"
"cheap esim south africa",1,1,"en-US","cheap esim south africa"
"cheap esim turkey",1,1,"en-US","cheap esim turkiye"
"cheap esim uk",1,1,"en-US","cheap esim uk"
"cheapest esim",1,1,"en-GB,en-US","cheapest esim"
"cheapest esim china",1,1,"en-GB,en-US","cheapest esim china"
"cheapest esim europe",1,1,"en-US","cheapest esim colombia"
"cheapest esim for italy",1,1,"en-GB,en-US","cheapest esim italy"
"cheapest esim for mexico",1,1,"en-GB,en-US","cheapest esim mexico"
"cheapest esim for saudi arabia",1,1,"en-GB,en-US","cheapest esim saudi arabia"
"cheapest esim for vietnam",1,1,"en-GB,en-US","cheapest esim vietnam"
"cheapest esim peru",1,1,"en-GB,en-US","cheapest esim peru"
"cheapest esim south africa",1,1,"en-GB,en-US","cheapest esim south africa"
"cheapest esim switzerland",1,1,"en-GB,en-US","cheapest esim switzerland"
"cheapest esim turkey",1,1,"en-GB,en-US","cheapest esim turkiye"
"cheapest phone with esim in philippines",1,1,"en-US","cheapest esim philippines"
"cheapest phone with esim philippines",1,1,"en-GB","cheapest esim philippines"
"china esim",1,1,"en-GB,en-US","china esim"
"china esim plan",1,1,"en-US","china esim plans"
"china esim price",1,1,"en-US","china esim price"
"colombia esim",1,1,"en-GB,en-US","colombia esim"
"costa rica esim",1,1,"en-GB,en-US","costa rica esim"
"croatia esim",1,1,"en-GB,en-US","croatia esim"
"czechia symbols",1,1,"en-US","czechia esim"
"e sim usa 10gb",1,1,"en-GB,en-US","esim usa 10gb"
"egypt esim",1,1,"en-GB,en-US","egypt esim"
"esim",1,1,"en-GB,en-US","esim"
"esim argentina",1,1,"en-GB,en-US","esim argentina"
"esim austria",1,1,"en-GB,en-US","esim austria"
"esim belgium",1,1,"en-GB,en-US","esim belgium"
"esim brazil",1,1,"en-GB,en-US","esim brazil"
"esim china",1,1,"en-GB,en-US","esim china"
"esim china 10 dagen",1,1,"en-US","esim china 10gb"
"esim china iphone",1,1,"en-US","esim china for iphone"
"esim china price",1,1,"en-GB","esim china price"
"esim china reddit",1,1,"en-US","esim china reddit"
"esim colombia",1,1,"en-GB,en-US","esim colombia"
"esim compatible phones",1,1,"en-GB,en-US","esim compatible phones"
"esim costa rica",1,1,"en-GB,en-US","esim costa rica"
"esim coverage",1,1,"en-US","esim coverage map"
"esim croatia",1,1,"en-GB,en-US","esim croatia"
"esim czech republic",1,1,"en-GB,en-US","esim czechia"
"esim data plan",1,1,"en-GB,en-US","esim data plan"
"esim discount codes",1,1,"en-GB,en-US","esim discount code"
"esim egypt",1,1,"en-GB,en-US","esim egypt"
"esim egypt unlimited",1,1,"en-GB,en-US","egypt esim unlimited"
"esim fiji",1,1,"en-GB,en-US","esim fiji"
"esim for argentina",1,1,"en-GB,en-US","esim for argentina"
"esim for asia",1,1,"en-GB,en-US","esim for asia"
"esim for austria",1,1,"en-GB,en-US","esim for austria"
"esim for belgium",1,1,"en-GB,en-US","esim for belgium"
"esim for brazil",1,1,"en-GB,en-US","esim for brazil"
"esim for canada",1,1,"en-GB,en-US","esim for canada"
"esim for china",1,1,"en-GB,en-US","esim for china"
"esim for colombia",1,1,"en-GB,en-US","esim for colombia"
"esim for croatia",1,1,"en-GB,en-US","esim for croatia"
"esim for cruise ships",1,1,"en-GB,en-US","esim for cruise"
"esim for czech republic",1,1,"en-GB,en-US","esim for czechia"
"esim for egypt",1,1,"en-GB,en-US","esim for egypt"
"esim for fiji",1,1,"en-GB,en-US","esim for fiji"
"esim for france",1,1,"en-GB,en-US","esim for france"
"esim for georgia",1,1,"en-GB,en-US","esim for georgia"
"esim for greece",1,1,"en-GB,en-US","esim for greece"
"esim for iceland",1,1,"en-GB,en-US","esim for iceland"
"esim for india",1,1,"en-GB,en-US","esim for india"
"esim for indonesia",1,1,"en-GB,en-US","esim for indonesia"
"esim for international travel",1,1,"en-GB,en-US","esim for international travel"
"esim for iphone",1,1,"en-GB,en-US","esim for iphone"
"esim for iphone ireland",1,1,"en-US","esim ireland for iphone"
"esim for israel",1,1,"en-GB,en-US","esim for israel"
"esim for japan",1,1,"en-GB,en-US","esim for japan"
"esim for kenya",1,1,"en-GB,en-US","esim for kenya"
"esim for macbook pro",1,1,"en-GB,en-US","esim for macao"
"esim for mexico",1,1,"en-GB,en-US","esim for mexico"
"esim for netherlands",1,1,"en-GB,en-US","esim for netherlands"
"esim for peru",1,1,"en-GB,en-US","esim for peru"
"esim for philippines",1,1,"en-GB,en-US","esim for philippines"
"esim for poland",1,1,"en-GB,en-US","esim for poland"
"esim for portugal",1,1,"en-GB,en-US","esim for portugal"
"esim for qatar",1,1,"en-GB,en-US","esim for qatar"
"esim for singapore",1,1,"en-GB,en-US","esim for singapore"
"esim for spain",1,1,"en-GB,en-US","esim for spain"
"esim for switzerland",1,1,"en-GB,en-US","esim for switzerland"
"esim for taiwan",1,1,"en-GB,en-US","esim for taiwan"
"esim for thailand",1,1,"en-GB,en-US","esim for thailand"
"esim for travel to new zealand",1,1,"en-US","how to get an esim for new zealand"
"esim for turkey",1,1,"en-GB,en-US","esim for turkiye"
"esim for uk",1,1,"en-GB,en-US","esim for uk"
"esim for vietnam",1,1,"en-GB,en-US","esim for vietnam"
"esim france",1,1,"en-GB,en-US","esim france"
"esim georgia",1,1,"en-GB,en-US","esim georgia"
"esim greece",1,1,"en-GB,en-US","esim greece"
"esim hong kong",1,1,"en-GB,en-US","esim hong kong"
"esim hotspot",1,1,"en-GB,en-US","esim hot spot"
"esim iceland",1,1,"en-GB,en-US","esim iceland"
"esim indonesia",1,1,"en-GB,en-US","esim indonesia"
"esim israel",1,1,"en-GB,en-US","esim israel"
"esim italy",1,1,"en-GB,en-US","esim italy"
"esim japan coverage",1,1,"en-US","esim coverage in japan"
"esim kenya",1,1,"en-GB,en-US","esim kenya"
"esim macau",1,1,"en-GB,en-US","esim macao"
"esim malaysia",1,1,"en-GB,en-US","esim malaysia"
"esim mexico",1,1,"en-GB,en-US","esim mexico"
"esim mexico reddit",1,1,"en-US","esim mexico reddit"
"esim netherlands",1,1,"en-GB,en-US","esim netherlands"
"esim new zealand",1,1,"en-GB,en-US","esim new zealand"
"esim no contract",1,1,"en-GB,en-US","esim no contract"
"esim peru",1,1,"en-GB,en-US","esim peru"
"esim philippines",1,1,"en-GB,en-US","esim philippines"
"esim plans",1,1,"en-GB,en-US","esim plans"
"esim plans for france",1,1,"en-US","france esim plans"
"esim plans ireland",1,1,"en-US","ireland esim plans"
"esim poland",1,1,"en-GB,en-US","esim poland"
"esim portugal",1,1,"en-GB,en-US","esim portugal"
"esim promo code",1,1,"en-GB,en-US","esim promo code"
"esim qatar",1,1,"en-GB,en-US","esim qatar"
"esim saudi arabia",1,1,"en-GB,en-US","esim saudi arabia"
"esim singapore",1,1,"en-GB,en-US","esim singapore"
"esim south africa",1,1,"en-GB,en-US","esim south africa"
"esim south korea",1,1,"en-GB,en-US","esim south korea"
"esim spain",1,1,"en-GB,en-US","esim spain"
"esim speed test",1,1,"en-GB,en-US","esim speed"
"esim switzerland",1,1,"en-GB,en-US","esim switzerland"
"esim taiwan",1,1,"en-GB,en-US","esim taiwan"
"esim thailand",1,1,"en-GB,en-US","esim thailand"
"esim thailand and singapore",1,1,"en-US","esim thailand vs sim"
"esim thailand reddit",1,1,"en-US","esim thailand reddit"
"esim to use in turkey",1,1,"en-GB","does esim work in turkiye"
"esim top up - travelsim",1,1,"en-GB,en-US","esim top up"
"esim turkiye",1,1,"en-GB,en-US","esim turkiye"
"esim uk coverage",1,1,"en-US","esim coverage in uk"
"esim uk reddit",1,1,"en-US","esim uk reddit"
"esim usa reddit",1,1,"en-US","esim usa reddit"
"esim vietnam",1,1,"en-GB,en-US","esim vietnam"
"esim vietnam and singapore",1,1,"en-US","esim vietnam vs sim"
"esim vs nano sim",1,1,"en-US","esim macao vs sim"
"esim vs pocket wifi japan",1,1,"en-GB,en-US","esim vs pocket wifi"
"esim vs sim",1,1,"en-GB,en-US","esim vs sim"
"esim with phone number",1,1,"en-GB,en-US","esim with phone number"
"fiji esim",1,1,"en-GB,en-US","fiji esim"
"france esim",1,1,"en-GB,en-US","france esim"
"georgia esim",1,1,"en-GB,en-US","georgia esim"
"georgia sim card for tourist",1,1,"en-GB,en-US","georgia sim card for tourists"
"germany esim",1,1,"en-GB,en-US","germany esim"
"get esim for turkey",1,1,"en-US","how to get an esim for turkiye"
"greece esim",1,1,"en-GB,en-US","greece esim"
"greece sim plans",1,1,"en-US","greece esim plans"
"holafly esim",1,1,"en-GB,en-US","holafly esim"
"holafly esim colombia",1,1,"en-GB,en-US","holafly esim colombia"
"holafly esim egypt",1,1,"en-GB,en-US","holafly esim egypt"
"holafly esim france",1,1,"en-GB,en-US","holafly esim france"
"holafly esim georgien",1,1,"en-GB,en-US","holafly esim georgia"
"holafly esim indonesia",1,1,"en-GB,en-US","holafly esim indonesia"
"holafly esim italy",1,1,"en-GB,en-US","holafly esim italy"
"holafly esim prepagata",1,1,"en-US","holafly esim peru"
"holafly esim recensioni",1,1,"en-US","holafly esim greece"
"holafly esim switzerland",1,1,"en-GB,en-US","holafly esim switzerland"
"holafly esim turkey",1,1,"en-GB,en-US","holafly esim turkiye"
"holafly new zealand esim",1,1,"en-GB,en-US","holafly esim new zealand"
"hong kong esim",1,1,"en-GB,en-US","hong kong esim"
"how does an esim work in australia",1,1,"en-GB,en-US","does esim work in australia"
"how does esim work in canada",1,1,"en-GB,en-US","does esim work in canada"
"how does esim work in singapore",1,1,"en-GB,en-US","does esim work in singapore"
"how to activate esim",1,1,"en-GB,en-US","how to activate esim"
"how to get an esim for samsung phone",1,1,"en-US","how to get an esim for usa"
"how to get an esim in france",1,1,"en-US","how to get an esim for france"
"how to get an esim in ireland",1,1,"en-US","how to get an esim for ireland"
"how to get esim singapore number",1,1,"en-US","how to get an esim for singapore"
"how to install esim",1,1,"en-GB,en-US","how to install esim"
"how to install esim on iphone",1,1,"en-GB,en-US","how to install esim"
"iceland esim",1,1,"en-GB,en-US","iceland esim"
"india esim",1,1,"en-GB,en-US","india esim"
"indonesia esim",1,1,"en-GB,en-US","indonesia esim"
"iphone 17 esim malaysia",1,1,"en-US","esim malaysia for iphone"
"iphone 17 esim only australia",1,1,"en-US","esim australia for iphone"
"iphone 17e esim only uk",1,1,"en-US","esim uk for iphone"
"ireland esim",1,1,"en-GB,en-US","ireland esim"
"is airalo good",1,1,"en-GB,en-US","is airalo good"
"is bmw esim available in australia",1,1,"en-US","is esim available in australia"
"is daily goodie box legit",1,1,"en-GB,en-US","is saily good"
"is esim available in the philippines",1,1,"en-US","is esim available in uk"
"is esim worth it",1,1,"en-GB,en-US","is esim worth it"
"is holafly good",1,1,"en-GB,en-US","is holafly good"
"is jetpac esim good",1,1,"en-GB,en-US","is jetpac good"
"is nomad good in r6",1,1,"en-GB,en-US","is nomad good"
"is ubigi good in japan",1,1,"en-GB,en-US","is ubigi good"
"is yesim good",1,1,"en-GB,en-US","is yesim good"
"israel esim",1,1,"en-GB,en-US","israel esim"
"italy esim",1,1,"en-GB,en-US","italy esim"
"italy sim card for tourists",1,1,"en-GB,en-US","italy sim card for tourists"
"japan airport esim",1,1,"en-US","esim japan airport"
"japan esim",1,1,"en-GB,en-US","japan esim"
"japan esim price",1,1,"en-US","japan esim price"
"japan sim cards for tourists",1,1,"en-US","japan sim card for tourists"
"jetpac esim",1,1,"en-GB,en-US","jetpac esim"
"jetpac esim for indonesia",1,1,"en-GB,en-US","jetpac esim indonesia"
"jetpac esim italy",1,1,"en-GB,en-US","jetpac esim italy"
"kenya esim",1,1,"en-GB,en-US","kenya esim"
"macao esim",1,1,"en-GB,en-US","macao esim"
"macau esim",1,1,"en-GB,en-US","macao esim"
"malaysia esim",1,1,"en-GB,en-US","malaysia esim"
"malaysia sim plan",1,1,"en-US","malaysia esim plans"
"mexico esim",1,1,"en-GB,en-US","mexico esim"
"morocco esim",1,1,"en-GB,en-US","morocco esim"
"morocco sim card for tourist",1,1,"en-GB,en-US","morocco sim card for tourists"
"netherlands esim",1,1,"en-GB,en-US","netherlands esim"
"new zealand esim",1,1,"en-GB,en-US","new zealand esim"
"no esim iphone free usa number",1,1,"en-US","esim usa for iphone"
"nomad esim",1,1,"en-GB,en-US","nomad esim"
"nomad esim france",1,1,"en-GB,en-US","nomad esim france"
"nomad esim italy",1,1,"en-GB,en-US","nomad esim italy"
"nomad esim new zealand",1,1,"en-GB,en-US","nomad esim new zealand"
"nomad esim philippinen",1,1,"en-US","nomad esim fiji"
"nomad esim philippines",1,1,"en-GB,en-US","nomad esim philippines"
"nomad esim recensioni",1,1,"en-US","nomad esim greece"
"nomad esim singapore",1,1,"en-GB,en-US","nomad esim singapore"
"nomad esim spain",1,1,"en-GB,en-US","nomad esim spain"
"nomad esim turkey",1,1,"en-GB,en-US","nomad esim turkiye"
"nomad esim uk",1,1,"en-GB,en-US","nomad esim uk"
"nomad esim vietnam",1,1,"en-GB,en-US","nomad esim vietnam"
"peru esim",1,1,"en-GB,en-US","peru esim"
"philippines esim",1,1,"en-GB,en-US","philippines esim"
"poland esim",1,1,"en-GB,en-US","poland esim"
"portugal esim",1,1,"en-GB,en-US","portugal esim"
"qatar esim",1,1,"en-GB,en-US","qatar esim"
"roami esim",1,1,"en-GB,en-US","roami esim"
"roamic esim",1,1,"en-GB","roamic esim"
"roamic esim erfahrungen",1,1,"en-US","roamic esim colombia"
"roamic esim wann aktivieren",1,1,"en-US","roamic esim taiwan"
"saily esim",1,1,"en-GB,en-US","saily esim"
"saily esim brasile",1,1,"en-GB,en-US","saily esim brazil"
"saily esim france",1,1,"en-GB,en-US","saily esim france"
"saily esim giappone",1,1,"en-US","saily esim georgia"
"saily esim greece",1,1,"en-GB,en-US","saily esim greece"
"saily esim hong kong",1,1,"en-GB,en-US","saily esim hong kong"
"saily esim ireland",1,1,"en-GB,en-US","saily esim ireland"
"saily esim italy",1,1,"en-GB,en-US","saily esim italy"
"saily esim peru",1,1,"en-GB,en-US","saily esim peru"
"saily esim philippines",1,1,"en-GB,en-US","saily esim philippines"
"saily esim qr code",1,1,"en-US","saily esim qatar"
"saily esim singapore",1,1,"en-GB,en-US","saily esim singapore"
"saily esim south korea",1,1,"en-GB,en-US","saily esim south korea"
"saily esim spain",1,1,"en-GB,en-US","saily esim spain"
"saily esim turkey",1,1,"en-GB,en-US","saily esim turkiye"
"saily esim vietnam",1,1,"en-GB,en-US","saily esim vietnam"
"saudi arabia esim",1,1,"en-GB,en-US","saudi arabia esim"
"sim card for argentina",1,1,"en-GB,en-US","argentina sim card for tourists"
"sim card for colombia",1,1,"en-GB,en-US","colombia sim card for tourists"
"sim card for costa rica",1,1,"en-GB,en-US","costa rica sim card for tourists"
"sim card for fiji",1,1,"en-GB,en-US","fiji sim card for tourists"
"sim card for kenya",1,1,"en-GB,en-US","kenya sim card for tourists"
"sim card for mexico",1,1,"en-GB,en-US","mexico sim card for tourists"
"sim card for philippines travel",1,1,"en-GB,en-US","philippines sim card for tourists"
"sim card for south korea",1,1,"en-GB,en-US","south korea sim card for tourists"
"sim card for turkey",1,1,"en-US","turkiye sim card for tourists"
"sim cards for iceland",1,1,"en-GB,en-US","iceland sim card for tourists"
"singapore esim",1,1,"en-GB,en-US","singapore esim"
"singapore esim plans",1,1,"en-US","singapore esim plans"
"south africa esim",1,1,"en-GB,en-US","south africa esim"
"south korea esim",1,1,"en-GB,en-US","south korea esim"
"spain esim",1,1,"en-GB,en-US","spain esim"
"switzerland esim",1,1,"en-GB,en-US","switzerland esim"
"taiwan esim",1,1,"en-GB,en-US","taiwan esim"
"thailand esim",1,1,"en-GB,en-US","thailand esim"
"thailand sim price",1,1,"en-US","thailand esim price"
"travel esim",1,1,"en-GB,en-US","travel esim"
"tsim europe esim with usa coverage",1,1,"en-US","esim coverage in usa"
"turkey esim",1,1,"en-GB","turkiye esim"
"turkey esim unlimited data",1,1,"en-GB","turkiye esim unlimited"
"turkiye e sim",1,1,"en-GB,en-US","turkiye esim"
"ubigi esim",1,1,"en-GB,en-US","ubigi esim"
"ubigi esim argentina",1,1,"en-GB,en-US","ubigi esim argentina"
"ubigi esim belgie",1,1,"en-GB,en-US","ubigi esim belgium"
"ubigi esim brasilien",1,1,"en-GB,en-US","ubigi esim brazil"
"ubigi esim canada",1,1,"en-GB,en-US","ubigi esim canada"
"ubigi esim france",1,1,"en-GB,en-US","ubigi esim france"
"ubigi esim giappone",1,1,"en-US","ubigi esim georgia"
"ubigi esim greece",1,1,"en-GB,en-US","ubigi esim greece"
"ubigi esim indonesia",1,1,"en-GB,en-US","ubigi esim indonesia"
"ubigi esim south korea",1,1,"en-GB,en-US","ubigi esim south korea"
"ubigi esim spain",1,1,"en-GB,en-US","ubigi esim spain"
"ubigi esim switzerland",1,1,"en-GB,en-US","ubigi esim switzerland"
"ubigi esim thailand",1,1,"en-GB,en-US","ubigi esim thailand"
"ubigi esim turkey",1,1,"en-GB,en-US","ubigi esim turkiye"
"ubigi esim vietnam",1,1,"en-GB,en-US","ubigi esim vietnam"
"uk esim",1,1,"en-GB,en-US","uk esim"
"uk sim cards for tourists",1,1,"en-GB,en-US","uk sim card for tourists"
"uk sim price in pakistan",1,1,"en-US","uk esim price"
"united arab emirates embassy",1,1,"en-US","united arab emirates esim"
"unlimited data esim canada",1,1,"en-US","unlimited data esim canada"
"unlimited data esim china",1,1,"en-US","unlimited data esim china"
"unlimited data esim international",1,1,"en-US","unlimited data esim india"
"unlimited data esim thailand",1,1,"en-US","unlimited data esim thailand"
"unlimited data esim turkey",1,1,"en-US","unlimited data esim turkiye"
"unlimited data sim australia",1,1,"en-US","unlimited data esim australia"
"unlimited data sim france",1,1,"en-US","unlimited data esim france"
"unlimited data sim germany",1,1,"en-US","unlimited data esim germany"
"unlimited data sim ireland",1,1,"en-US","unlimited data esim ireland"
"unlimited data sim malaysia",1,1,"en-US","unlimited data esim malaysia"
"unlimited data sim philippines",1,1,"en-US","unlimited data esim philippines"
"unlimited data sim portugal",1,1,"en-US","unlimited data esim portugal"
"unlimited data sim spain",1,1,"en-US","unlimited data esim spain"
"unlimited esim",1,1,"en-GB,en-US","unlimited esim"
"usa esim",1,1,"en-GB,en-US","usa esim"
"usa sim price in pakistan",1,1,"en-US","usa esim price"
"vietnam esim",1,1,"en-GB,en-US","vietnam esim"
"vietnam sim card for tourist",1,1,"en-GB,en-US","vietnam sim card for tourists"
"what is an esim",1,1,"en-GB,en-US","what is an esim"
"which esim plans allow sms in south africa",1,1,"en-US","south africa esim plans"
"which prepaid esim is cheap in malaysia",1,1,"en-US","cheap esim malaysia"
"will an ee esim work in usa",1,1,"en-GB,en-US","does esim work in usa"
"yesim esim aktivieren",1,1,"en-GB","yesim esim uk"
"airalo esim free trial",1,2,"en-GB","airalo esim france"
"airalo esim promo code",1,2,"en-US","airalo esim peru"
"alosim coupon",1,2,"en-US","is alosim good"
"argentina simeone",1,2,"en-GB,en-US","argentina esim"
"australia sim plans",1,2,"en-US","australia esim plans"
"available esim in australia",1,2,"en-US","is esim available in australia"
"belgian esim",1,2,"en-GB,en-US","belgium esim"
"best esim for armenia",1,2,"en-GB","best esim for argentina"
"best esim for china with vpn",1,2,"en-GB,en-US","best esim for china"
"best esim for columbia",1,2,"en-US","best esim for colombia"
"best esim for hong kong and china",1,2,"en-GB,en-US","best esim for hong kong"
"best esim for india from uk",1,2,"en-GB,en-US","best esim for india"
"best esim for italy 2026",1,2,"en-GB,en-US","best esim for italy"
"best esim for japan from australia reddit",1,2,"en-US","esim australia reddit"
"best esim for japan travel",1,2,"en-GB,en-US","best esim for japan"
"best esim for mexico from canada",1,2,"en-GB,en-US","best esim for mexico"
"best esim for perth",1,2,"en-GB,en-US","best esim for peru"
"best esim for philippines travel",1,2,"en-GB,en-US","best esim for philippines"
"best esim for switzerland one week",1,2,"en-GB,en-US","best esim for switzerland"
"best esim for thailand from uk",1,2,"en-GB,en-US","best esim for thailand"
"best esim for turkey from uk",1,2,"en-US","best esim for turkiye"
"best esim for turkey uk",1,2,"en-GB","best esim for turkiye"
"best esim for uk travel",1,2,"en-GB,en-US","best esim for uk"
"best esim for usa from uk",1,2,"en-GB,en-US","best esim for usa"
"best esim for usa reddit",1,2,"en-US","esim usa reddit"
"best esim for usa travel",1,2,"en-GB,en-US","best esim for usa"
"best esim for vietnam from australia",1,2,"en-GB,en-US","best esim for vietnam"
"best esim iceland reddit",1,2,"en-US","esim iceland reddit"
"best esim japan reddit",1,2,"en-US","esim japan reddit"
"best esim mexico reddit",1,2,"en-US","esim mexico reddit"
"best esim plan for japan",1,2,"en-US","japan esim plans"
"best esim plans for italy",1,2,"en-US","italy esim plans"
"best esim south africa",1,2,"en-GB","esim south africa price"
"best esim to use in australia",1,2,"en-GB","does esim work in australia"
"best esim to use in egypt",1,2,"en-GB","does esim work in egypt"
"best sim card for greece",1,2,"en-GB,en-US","greece sim card for tourists"
"best sim card for ireland",1,2,"en-GB","ireland sim card for tourists"
"best sim card for philippines",1,2,"en-GB","philippines sim card for tourists"
"best sim card in australia for tourist",1,2,"en-GB,en-US","australia sim card for tourists"
"best sim card in hong kong for tourist",1,2,"en-GB,en-US","hong kong sim card for tourists"
"best sim card in netherlands",1,2,"en-US","netherlands sim card for tourists"
"best sim card in turkey for tourists",1,2,"en-GB,en-US","turkiye sim card for tourists"
"best sim card malaysia for tourist",1,2,"en-GB,en-US","malaysia sim card for tourists"
"best travel sim card for south africa",1,2,"en-GB","south africa sim card for tourists"
"best usa sim card for tourists",1,2,"en-GB,en-US","usa sim card for tourists"
"buy airalo esim brazil",1,2,"en-GB,en-US","airalo esim brazil"
"buy airalo esim canada",1,2,"en-GB,en-US","airalo esim canada"
"buy airalo esim colombia",1,2,"en-GB,en-US","airalo esim colombia"
"buy airalo esim costa rica",1,2,"en-GB,en-US","airalo esim costa rica"
"buy airalo esim egypt",1,2,"en-GB,en-US","airalo esim egypt"
"buy airalo esim france",1,2,"en-GB,en-US","airalo esim france"
"buy airalo esim germany",1,2,"en-GB,en-US","airalo esim germany"
"buy airalo esim greece",1,2,"en-GB,en-US","airalo esim greece"
"buy airalo esim hong kong",1,2,"en-GB,en-US","airalo esim hong kong"
"buy airalo esim india",1,2,"en-US","airalo esim india"
"buy airalo esim indonesia",1,2,"en-GB,en-US","airalo esim indonesia"
"buy airalo esim italy",1,2,"en-GB,en-US","airalo esim italy"
"buy airalo esim malaysia",1,2,"en-GB,en-US","airalo esim malaysia"
"buy airalo esim mexico",1,2,"en-GB,en-US","airalo esim mexico"
"buy airalo esim morocco",1,2,"en-GB,en-US","airalo esim morocco"
"buy airalo esim netherlands",1,2,"en-GB,en-US","airalo esim netherlands"
"buy airalo esim new zealand",1,2,"en-GB,en-US","airalo esim new zealand"
"buy airalo esim philippines",1,2,"en-GB,en-US","airalo esim philippines"
"buy airalo esim portugal",1,2,"en-GB,en-US","airalo esim portugal"
"buy airalo esim saudi arabia",1,2,"en-GB,en-US","airalo esim saudi arabia"
"buy airalo esim singapore",1,2,"en-GB,en-US","airalo esim singapore"
"buy airalo esim south africa",1,2,"en-GB,en-US","airalo esim south africa"
"buy airalo esim spain",1,2,"en-US","airalo esim spain"
"buy airalo esim switzerland",1,2,"en-GB,en-US","airalo esim switzerland"
"buy airalo esim vietnam",1,2,"en-GB,en-US","airalo esim vietnam"
"canada sim card for tourist",1,2,"en-GB,en-US","canada sim card for tourists"
"cheap esim saudi",1,2,"en-US","cheap esim usa"
"cheap esim uk pay as you go",1,2,"en-US","cheap esim uk"
"cheap sim ireland",1,2,"en-US","cheap esim ireland"
"cheapest esim for spain",1,2,"en-US","cheapest esim spain"
"cheapest esim multiple devices",1,2,"en-US","cheapest esim mexico"
"cheapest esim phone in south africa",1,2,"en-GB,en-US","cheapest esim south africa"
"cheapest esim prepaid",1,2,"en-US","cheapest esim peru"
"cheapest esim turkey unlimited data",1,2,"en-GB,en-US","cheapest esim turkiye"
"cheapest esim uk pay as you go",1,2,"en-GB,en-US","cheapest esim uk"
"cheapest esims",1,2,"en-US","cheapest esim usa"
"cheapest sim in germany",1,2,"en-US","cheapest esim germany"
"cheapest sim india",1,2,"en-GB,en-US","cheapest esim india"
"cheapest sim ireland",1,2,"en-US","cheapest esim ireland"
"cheapest sim singapore",1,2,"en-US","cheapest esim singapore"
"china esim unlimited",1,2,"en-GB,en-US","china esim unlimited"
"china esim with vpn",1,2,"en-GB,en-US","china esim"
"china sim card for tourist price",1,2,"en-GB,en-US","china sim card for tourists"
"china sim price",1,2,"en-US","china esim price"
"colombia esmeraldas",1,2,"en-GB,en-US","colombia esim"
"colombia prepaid sim card",1,2,"en-GB,en-US","colombia sim card for tourists"
"costa rica travel sim",1,2,"en-GB,en-US","costa rica sim card for tourists"
"czechia same as czech republic",1,2,"en-US","czechia esim"
"does orange esim work in uk",1,2,"en-GB,en-US","does esim work in uk"
"does telstra esim work in japan",1,2,"en-GB,en-US","does esim work in japan"
"e sim for egypt from uk",1,2,"en-GB,en-US","esim for egypt"
"esim argentina turista",1,2,"en-GB,en-US","esim argentina"
"esim belgien",1,2,"en-GB,en-US","esim belgium"
"esim canada and usa",1,2,"en-GB,en-US","esim canada"
"esim canada prepaid",1,2,"en-GB,en-US","esim canada"
"esim card",1,2,"en-GB,en-US","esim"
"esim card for use in philippines",1,2,"en-US","esim coverage in philippines"
"esim cheap germany",1,2,"en-US","cheap esim germany"
"esim china iphone xs",1,2,"en-US","esim china for iphone"
"esim china mobile",1,2,"en-GB,en-US","esim china"
"esim china vpn",1,2,"en-GB,en-US","esim china"
"esim colombia prepago",1,2,"en-GB,en-US","esim colombia"
"esim compatible phones samsung",1,2,"en-GB,en-US","esim compatible phones"
"esim data plans for ipad",1,2,"en-GB,en-US","esim data plan"
"esim deals uk",1,2,"en-GB,en-US","esim deals"
"esim egypt vodafone",1,2,"en-GB,en-US","esim egypt"
"esim for android",1,2,"en-GB,en-US","esim for android"
"esim for asia travel",1,2,"en-GB,en-US","esim for asia"
"esim for china travel",1,2,"en-GB,en-US","esim for china"
"esim for cruise",1,2,"en-US","esim for cruise"
"esim for cruises",1,2,"en-GB","esim for cruise"
"esim for international travel from australia",1,2,"en-GB,en-US","esim for international travel"
"esim for iphone 12",1,2,"en-GB,en-US","esim for iphone"
"esim for macbook",1,2,"en-GB,en-US","esim for macao"
"esim for uk travel",1,2,"en-GB,en-US","esim for uk"
"esim for usa travel from uk",1,2,"en-GB,en-US","esim for usa"
"esim france orange",1,2,"en-GB,en-US","esim france"
"esim fujitsu",1,2,"en-GB,en-US","esim fiji"
"esim greece maya",1,2,"en-GB,en-US","esim greece"
"esim holanda",1,2,"en-GB","esim poland"
"esim hotspot device",1,2,"en-GB,en-US","esim hot spot"
"esim india tourist",1,2,"en-GB,en-US","esim india"
"esim indonesia tourist",1,2,"en-GB,en-US","esim indonesia"
"esim iphone usa",1,2,"en-US","esim usa for iphone"
"esim island",1,2,"en-GB,en-US","esim iceland"
"esim israel unlimited data",1,2,"en-GB,en-US","esim israel"
"esim japan travel",1,2,"en-GB,en-US","esim japan"
"esim kenya airalo",1,2,"en-GB,en-US","esim kenya"
"esim macropay",1,2,"en-GB,en-US","esim macao"
"esim malaysia tourist",1,2,"en-GB,en-US","esim malaysia"
"esim morocco uk",1,2,"en-GB,en-US","esim morocco"
"esim per uk",1,2,"en-GB,en-US","esim peru"
"esim plans australia",1,2,"en-GB,en-US","esim plans"
"esim portugal vodafone",1,2,"en-GB,en-US","esim portugal"
"esim singapore tourist",1,2,"en-GB,en-US","esim singapore"
"esim speed comparison",1,2,"en-GB,en-US","esim speed"
"esim taiwan unlimited",1,2,"en-GB,en-US","esim taiwan"
"esim thailand tourist",1,2,"en-GB,en-US","esim thailand"
"esim uk pay as you go",1,2,"en-GB,en-US","esim uk"
"esim uk travel",1,2,"en-GB,en-US","esim uk"
"esim usa coverage",1,2,"en-US","esim coverage in usa"
"esim usa travel",1,2,"en-GB,en-US","esim usa"
"esim vietnam unlimited",1,2,"en-GB,en-US","vietnam esim unlimited"
"esim vietnam viettel",1,2,"en-GB,en-US","esim vietnam"
"esim vs pocket wifi",1,2,"en-GB,en-US","esim vs pocket wifi"
"esim with phone number usa",1,2,"en-GB,en-US","esim with phone number"
"esims for saudi arabia",1,2,"en-GB","best esim for saudi arabia"
"esm discount code",1,2,"en-GB,en-US","esim discount code"
"esm qatar",1,2,"en-GB,en-US","esim qatar"
"fidji simo",1,2,"en-GB,en-US","fiji esim"
"france data sim card for tourist",1,2,"en-GB,en-US","france sim card for tourists"
"georgia estimated tax payments 2026",1,2,"en-GB,en-US","georgia esim"
"georgia simmons",1,2,"en-GB","georgia esim"
"get a ireland esim for calls",1,2,"en-US","how to get an esim for ireland"
"holafly esim brasil",1,2,"en-US","holafly esim brazil"
"holafly esim brasilien",1,2,"en-GB,en-US","holafly esim brazil"
"holafly esim egitto",1,2,"en-GB","holafly esim egypt"
"holafly esim italia",1,2,"en-GB,en-US","holafly esim italy"
"holafly esim purchase",1,2,"en-US","holafly esim peru"
"holafly esim review",1,2,"en-GB,en-US","holafly esim"
"holafly esim speed",1,2,"en-US","holafly esim spain"
"holafly sim france",1,2,"en-US","holafly esim france"
"holafly sim usa",1,2,"en-GB","holafly esim usa"
"how does esim work in india for a us citizen",1,2,"en-GB,en-US","does esim work in india"
"how good is world sim in peru",1,2,"en-GB,en-US","peru sim card for tourists"
"how to activate esim on iphone",1,2,"en-GB,en-US","how to activate esim"
"how to get a sim card in india for tourists",1,2,"en-GB,en-US","india sim card for tourists"
"how to get an esim in canada",1,2,"en-US","how to get an esim for canada"
"how to get an esim in singapore",1,2,"en-US","how to get an esim for singapore"
"how to get vodafone esim for iphone in india",1,2,"en-US","esim india for iphone"
"iceland sim card cost",1,2,"en-GB,en-US","iceland sim card for tourists"
"india esim for tourist",1,2,"en-GB,en-US","india esim"
"india sim plans",1,2,"en-US","india esim plans"
"international sim card indonesia",1,2,"en-GB,en-US","indonesia sim card for tourists"
"iphone 17 esim hong kong",1,2,"en-US","esim hong kong for iphone"
"iphone 17 pro esim uk",1,2,"en-US","esim uk for iphone"
"is airalo good for data",1,2,"en-GB,en-US","is airalo good"
"is daily goodie box a scam",1,2,"en-GB,en-US","is saily good"
"is esim good",1,2,"en-GB","is yesim good"
"is holafly best value esim for usa",1,2,"en-GB,en-US","holafly esim usa"
"is holafly esim worth it",1,2,"en-GB,en-US","is esim worth it"
"is holafly good in japan",1,2,"en-GB,en-US","is holafly good"
"is iphone 14 esim compatible australia",1,2,"en-US","esim australia for iphone"
"is iphone 17 in canada esim only",1,2,"en-US","esim canada for iphone"
"is omad good for weight loss",1,2,"en-GB,en-US","is nomad good"
"is rain good",1,2,"en-GB","is roami good"
"is ubigi good",1,2,"en-GB,en-US","is ubigi good"
"israel prepaid sim card for tourists",1,2,"en-GB,en-US","israel sim card for tourists"
"japan esim tourist",1,2,"en-GB,en-US","japan esim"
"japan sim card for tourist haneda airport",1,2,"en-GB,en-US","japan sim card for tourists"
"jetpac global",1,2,"en-US","is jetpac good"
"jetpack food",1,2,"en-GB,en-US","is jetpac good"
"klook esim promo code",1,2,"en-US","esim promo code"
"korea travel sim card",1,2,"en-GB,en-US","south korea sim card for tourists"
"malaysia esim tourist",1,2,"en-GB,en-US","malaysia esim"
"mexico prepaid sim card",1,2,"en-GB,en-US","mexico sim card for tourists"
"morocco esim uk",1,2,"en-GB,en-US","morocco esim"
"nomad america costa rica",1,2,"en-GB,en-US","nomad esim costa rica"
"nomad esim card",1,2,"en-GB,en-US","nomad esim"
"nomad esim free trial",1,2,"en-GB","nomad esim france"
"nomad esim review",1,2,"en-GB,en-US","nomad esim"
"pay as you go esim uk no contract",1,2,"en-GB,en-US","esim no contract"
"peru and brazil data sim card",1,2,"en-GB,en-US","peru sim card for tourists"
"philippines sim card for tourist price",1,2,"en-US","philippines sim card for tourists"
"roman gods",1,2,"en-US","is roami good"
"saily esim data plans",1,2,"en-GB,en-US","saily esim plan"
"saily esim is ok in uk",1,2,"en-US","saily esim israel"
"saily esim philippines review",1,2,"en-GB,en-US","saily esim philippines"
"saily esim review",1,2,"en-GB,en-US","saily esim"
"saily esim turkey review",1,2,"en-GB,en-US","saily esim turkiye"
"saily esim ultra",1,2,"en-GB,en-US","saily esim uk"
"saudi arabia sim card price",1,2,"en-GB,en-US","saudi arabia sim card for tourists"
"saudi sim for visitors",1,2,"en-GB,en-US","saudi arabia sim card for tourists"
"sim card for brazil",1,2,"en-GB,en-US","brazil sim card for tourists"
"sim card for europe travel",1,2,"en-GB,en-US","belgium sim card for tourists"
"sim card for hong kong and macau",1,2,"en-GB,en-US","macao sim card for tourists"
"sim card for ireland",1,2,"en-US","ireland sim card for tourists"
"sim card for korea",1,2,"en-GB,en-US","south korea sim card for tourists"
"sim card for morocco",1,2,"en-GB,en-US","morocco sim card for tourists"
"sim card for portugal",1,2,"en-US","portugal sim card for tourists"
"sim card for singapore tourist",1,2,"en-GB","singapore sim card for tourists"
"sim card in bali for tourist",1,2,"en-GB,en-US","indonesia sim card for tourists"
"sim card in portugal",1,2,"en-GB","portugal sim card for tourists"
"sim card in qatar",1,2,"en-GB,en-US","qatar sim card for tourists"
"sim card in singapore for tourist",1,2,"en-US","singapore sim card for tourists"
"sim card in spain for tourist",1,2,"en-GB,en-US","argentina sim card for tourists"
"sim for costa rica",1,2,"en-GB,en-US","costa rica sim card for tourists"
"singapore esim tourist",1,2,"en-GB,en-US","singapore esim"
"switzerland data sim card for tourist",1,2,"en-GB,en-US","switzerland sim card for tourists"
"taiwan esim klook",1,2,"en-GB,en-US","taiwan esim"
"thailand esim tourist",1,2,"en-GB,en-US","thailand esim"
"thailand sim card for tourist agoda",1,2,"en-GB,en-US","thailand sim card for tourists"
"top up esim",1,2,"en-GB,en-US","esim top up"
"travel esim europe",1,2,"en-GB,en-US","travel esim"
"travel esim usa",1,2,"en-GB,en-US","travel esim"
"travel sim card morocco",1,2,"en-GB,en-US","morocco sim card for tourists"
"turkcell tourist sim card",1,2,"en-US","turkiye sim card for tourists"
"turkey esim uk",1,2,"en-GB","turkiye esim"
"turkiye resim",1,2,"en-US","turkiye esim"
"uk esim prepaid",1,2,"en-US","uk esim price"
"uk esim providers",1,2,"en-GB,en-US","uk esim"
"uk esim unlimited",1,2,"en-GB,en-US","uk esim unlimited"
"uk prepaid sim card for tourist",1,2,"en-GB,en-US","uk sim card for tourists"
"uk sim plans",1,2,"en-US","uk esim plans"
"united arab emirates immigration",1,2,"en-US","united arab emirates esim"
"unlimited data sim south africa",1,2,"en-US","unlimited data esim south africa"
"unlimited data sim uk",1,2,"en-US","unlimited data esim uk"
"unlimited data sim usa",1,2,"en-US","unlimited data esim usa"
"us esim plans",1,2,"en-US","usa esim plans"
"vietnam sim card for tourist price",1,2,"en-GB,en-US","vietnam sim card for tourists"
"vodafone egypt sim card for tourist",1,2,"en-GB,en-US","egypt sim card for tourists"
"vodafone italy sim card for tourists",1,2,"en-GB,en-US","italy sim card for tourists"
"what is an esim card",1,2,"en-GB,en-US","what is an esim"
"what is esim uk",1,2,"en-GB","does esim work in ireland"
"where to get esim philippines",1,2,"en-US","how to get an esim for philippines"
"yesim esim kuba erfahrungen",1,2,"en-GB","yesim esim uk"
"yesim godel",1,2,"en-GB,en-US","is yesim good"
"airalo esim asia",1,3,"en-GB","airalo esim india"
"airalo esim card canada",1,3,"en-GB,en-US","airalo esim canada"
"airalo esim card egypt",1,3,"en-GB,en-US","airalo esim egypt"
"airalo esim card for new zealand",1,3,"en-GB,en-US","airalo esim new zealand"
"airalo esim card italy",1,3,"en-GB,en-US","airalo esim italy"
"airalo esim card malaysia",1,3,"en-GB,en-US","airalo esim malaysia"
"airalo esim card morocco",1,3,"en-GB,en-US","airalo esim morocco"
"airalo esim card portugal",1,3,"en-GB,en-US","airalo esim portugal"
"airalo esim card south africa",1,3,"en-GB,en-US","airalo esim south africa"
"airalo esim card spain",1,3,"en-US","airalo esim spain"
"airalo esim card vietnam",1,3,"en-GB,en-US","airalo esim vietnam"
"airalo esim china hotspot",1,3,"en-GB,en-US","airalo esim china"
"airalo esim istanbul",1,3,"en-US","airalo esim israel"
"airalo esim recharge plans",1,3,"en-GB,en-US","airalo esim plan"
"airalo esim review",1,3,"en-GB,en-US","airalo esim"
"albania sim card tourist",1,3,"en-GB,en-US","croatia sim card for tourists"
"alosim guadeloupe",1,3,"en-US","is alosim good"
"argentina etimologia",1,3,"en-US","argentina esim"
"argentina sim card",1,3,"en-GB,en-US","argentina esim"
"belgium sim card options",1,3,"en-GB,en-US","belgium esim"
"best e sim for greece",1,3,"en-GB,en-US","greece sim card for tourists"
"best e sims for south korea",1,3,"en-GB","best esim for south korea"
"best egypt sim card for tourist",1,3,"en-GB,en-US","egypt sim card for tourists"
"best esim card for south korea",1,3,"en-GB,en-US","best esim for south korea"
"best esim for china reddit",1,3,"en-GB,en-US","best esim for china"
"best esim for egypt reviews",1,3,"en-GB,en-US","best esim for egypt"
"best esim for india travel",1,3,"en-GB,en-US","best esim for india"
"best esim for japan from australia",1,3,"en-GB,en-US","best esim for japan"
"best esim for japan tourist",1,3,"en-GB,en-US","best esim for japan"
"best esim for mexico from uk",1,3,"en-GB,en-US","best esim for mexico"
"best esim for morocco from canada",1,3,"en-GB,en-US","best esim for morocco"
"best esim for spain travel",1,3,"en-GB,en-US","best esim for spain"
"best esim for switzerland and italy",1,3,"en-GB,en-US","best esim for switzerland"
"best esim for thailand from australia",1,3,"en-GB,en-US","best esim for thailand"
"best esim for turkey 2026",1,3,"en-GB,en-US","best esim for turkiye"
"best esim for vietnam 2026",1,3,"en-GB,en-US","best esim for vietnam"
"best esim in uk",1,3,"en-GB","does esim work in uk"
"best esim to use in fiji",1,3,"en-GB","does esim work in fiji"
"best esim to use in japan",1,3,"en-GB","does esim work in japan"
"best new zealand sim card for tourist",1,3,"en-GB,en-US","new zealand sim card for tourists"
"best sim card for data philippines",1,3,"en-GB","philippines sim card for tourists"
"best sim card for spain travel",1,3,"en-GB,en-US","spain sim card for tourists"
"best sim card for tourist in vietnam",1,3,"en-GB","vietnam sim card for tourists"
"best sim card in india for tourist",1,3,"en-GB,en-US","india sim card for tourists"
"best uk prepaid sim card for tourist",1,3,"en-GB,en-US","uk sim card for tourists"
"best vietnam sim card for tourist",1,3,"en-US","vietnam sim card for tourists"
"bigode",1,3,"en-US","is ubigi good"
"bsnl esim available in india",1,3,"en-US","is esim available in india"
"buy airalo esim australia",1,3,"en-GB,en-US","airalo esim australia"
"buy airalo esim thailand",1,3,"en-GB,en-US","airalo esim thailand"
"buy irish sim card in uk",1,3,"en-GB,en-US","ireland sim card for tourists"
"can i use saily esim in china",1,3,"en-US","saily esim china"
"can you top up airalo esim",1,3,"en-GB,en-US","esim top up"
"canada data sim card for tourist",1,3,"en-GB,en-US","canada sim card for tourists"
"cheap esim for usa",1,3,"en-US","cheap esim peru"
"cheap esim phone that will work in china",1,3,"en-US","cheap esim china"
"cheap sim uk",1,3,"en-US","cheap esim uk"
"cheapest esim europe 30 days",1,3,"en-US","cheapest esim colombia"
"cheapest esim phone",1,3,"en-GB,en-US","cheapest esim"
"cheapest esim phone singapore",1,3,"en-GB,en-US","cheapest esim singapore"
"cheapest esim provider",1,3,"en-US","cheapest esim peru"
"cheapest esim uk deal",1,3,"en-GB,en-US","cheapest esim uk"
"cheapest esims with phone number",1,3,"en-US","cheapest esim usa"
"cheapest sim australia",1,3,"en-US","cheapest esim austria"
"china esim card",1,3,"en-GB,en-US","china esim"
"claro esim colombia",1,3,"en-GB,en-US","esim for colombia"
"colombia simbolos patrios",1,3,"en-GB,en-US","colombia esim"
"costa rica digital nomad",1,3,"en-GB,en-US","nomad esim costa rica"
"costa rica sim card for iphone",1,3,"en-GB,en-US","costa rica sim card for tourists"
"croatia sim card",1,3,"en-GB","croatia esim"
"czechia symbols and flags",1,3,"en-US","czechia esim"
"digicel esim fiji",1,3,"en-GB,en-US","esim fiji"
"do i need an esim in japan",1,3,"en-US","does esim work in japan"
"does airalo uki mobile esim cover ireland",1,3,"en-GB,en-US","airalo esim ireland"
"does hong kong iphone support esim",1,3,"en-US","esim hong kong for iphone"
"egypt esim vodafone",1,3,"en-GB,en-US","egypt esim"
"esim adapter for android",1,3,"en-GB,en-US","esim for android"
"esim argentina claro",1,3,"en-GB,en-US","esim argentina"
"esim colombia tigo",1,3,"en-GB,en-US","esim colombia"
"esim deals australia",1,3,"en-GB,en-US","esim deals"
"esim fisica",1,3,"en-GB","esim fiji"
"esim for asian countries",1,3,"en-GB,en-US","esim for asia"
"esim for china with vpn",1,3,"en-GB,en-US","esim for china"
"esim for cruise ships at sea",1,3,"en-GB,en-US","esim for cruise"
"esim for greece airalo",1,3,"en-GB,en-US","esim for greece"
"esim for indonesia bali",1,3,"en-GB,en-US","esim for indonesia"
"esim for international travel at&t",1,3,"en-GB,en-US","esim for international travel"
"esim for japan from uk",1,3,"en-GB,en-US","esim for japan"
"esim for philippines and japan",1,3,"en-GB,en-US","esim for philippines"
"esim for singapore from australia",1,3,"en-GB,en-US","esim for singapore"
"esim for taiwan and china",1,3,"en-GB,en-US","esim for taiwan"
"esim for thailand and bali",1,3,"en-GB,en-US","esim for thailand"
"esim for travel to philippines",1,3,"en-US","how to get an esim for philippines"
"esim for vietnam and thailand",1,3,"en-GB,en-US","esim for vietnam"
"esim greenland",1,3,"en-GB","esim greece"
"esim hotspot not working iphone",1,3,"en-GB,en-US","esim hot spot"
"esim india for foreigners",1,3,"en-GB,en-US","esim india"
"esim india plans",1,3,"en-GB,en-US","esim india"
"esim indonesia telkomsel",1,3,"en-GB,en-US","esim indonesia"
"esim japan airalo",1,3,"en-GB,en-US","esim japan"
"esim japan data plans",1,3,"en-US","japan esim plans"
"esim key features",1,3,"en-GB","esim kenya"
"esim malaysia prepaid",1,3,"en-GB,en-US","esim malaysia"
"esim mexico telcel",1,3,"en-GB,en-US","esim mexico"
"esim new zealand with calls",1,3,"en-GB,en-US","esim new zealand"
"esim per ungheria",1,3,"en-GB,en-US","esim peru"
"esim plans canada",1,3,"en-GB,en-US","esim plans"
"esim polinesia",1,3,"en-GB","esim poland"
"esim south africa vodacom",1,3,"en-GB,en-US","esim south africa"
"esim south korea and japan",1,3,"en-GB,en-US","esim south korea"
"esim spain with phone number",1,3,"en-GB,en-US","esim spain"
"esim speed performance",1,3,"en-GB,en-US","esim speed"
"esim taiwan klook",1,3,"en-GB,en-US","esim taiwan"
"esim thailand 30 days",1,3,"en-GB,en-US","esim thailand"
"esim to use in china",1,3,"en-GB","does esim work in czechia"
"esim uk iphone",1,3,"en-US","esim uk for iphone"
"esim uk no contract",1,3,"en-GB,en-US","esim no contract"
"esim uk providers",1,3,"en-GB,en-US","esim uk"
"esim vietnam klook",1,3,"en-GB,en-US","esim vietnam"
"esim vs pocket wifi japan reddit",1,3,"en-GB,en-US","esim vs pocket wifi"
"esim vs sim pros and cons",1,3,"en-GB,en-US","esim vs sim"
"esim with international roaming",1,3,"en-US","is esim worth it"
"esim work in india",1,3,"en-GB,en-US","does esim work in india"
"esims portal login",1,3,"en-US","esim"
"eskimo china esim plan",1,3,"en-US","china esim plans"
"fiji is imagej",1,3,"en-GB","fiji esim"
"fiji sim card",1,3,"en-GB,en-US","fiji esim"
"france esim options",1,3,"en-GB,en-US","france esim"
"freedom mobile canada plan esim",1,3,"en-US","canada esim plans"
"georgia estimated tax payments 2025",1,3,"en-GB,en-US","georgia esim"
"georgia simpson",1,3,"en-GB","georgia esim"
"get an esim card south africa vodacom",1,3,"en-US","how to get an esim for south africa"
"greece esim card",1,3,"en-GB,en-US","greece esim"
"holafly esim china reddit",1,3,"en-GB,en-US","holafly esim china"
"holafly esim price",1,3,"en-US","holafly esim peru"
"holafly sim uk",1,3,"en-GB","holafly esim uk"
"hong kong tourist sim card airport",1,3,"en-GB,en-US","hong kong sim card for tourists"
"hong kong travel sim card",1,3,"en-GB,en-US","hong kong sim card for tourists"
"how to activate esim on samsung",1,3,"en-GB,en-US","how to activate esim"
"how to get an australian esim",1,3,"en-US","how to get an esim for australia"
"how to install esim o2",1,3,"en-GB,en-US","how to install esim"
"how to install esim on samsung",1,3,"en-GB,en-US","how to install esim"
"how to use an esim for travel",1,3,"en-US","how to get an esim for turkiye"
"india esim provider",1,3,"en-US","india esim price"
"india esim with local number",1,3,"en-GB,en-US","india esim"
"indonesia esim telkomsel",1,3,"en-GB,en-US","indonesia esim"
"iphone 14 usa esim",1,3,"en-US","esim usa for iphone"
"iphone 16 australia esim",1,3,"en-US","esim australia for iphone"
"iphone 17 esim china",1,3,"en-US","esim china for iphone"
"iphone 17 esim in india",1,3,"en-US","esim india for iphone"
"iphone esim canada",1,3,"en-US","esim canada for iphone"
"ireland esim with phone number",1,3,"en-GB,en-US","ireland esim"
"is airalo good for travel",1,3,"en-GB,en-US","is airalo good"
"is daily goodie box real",1,3,"en-GB,en-US","is saily good"
"is esim good or bad",1,3,"en-GB","is yesim good"
"is holafly esim good for japan",1,3,"en-GB,en-US","holafly esim japan"
"is holafly good in usa",1,3,"en-GB,en-US","is holafly good"
"is nomad foods listed",1,3,"en-GB,en-US","is nomad good"
"is omad good for you",1,3,"en-GB,en-US","is nomad good"
"is ram good",1,3,"en-GB","is roami good"
"israel prepaid sim card deals",1,3,"en-GB,en-US","israel sim card for tourists"
"japan esim card",1,3,"en-GB,en-US","japan esim"
"japan esim unlimited",1,3,"en-GB,en-US","japan esim unlimited"
"japan prepaid sim card for tourist",1,3,"en-GB,en-US","fiji sim card for tourists"
"japan sim card for tourist narita airport",1,3,"en-GB,en-US","japan sim card for tourists"
"jetpack download",1,3,"en-US","is jetpac good"
"jetpack food delivery",1,3,"en-GB,en-US","is jetpac good"
"kenya sim card",1,3,"en-GB","kenya esim"
"macau sim card",1,3,"en-GB,en-US","macao esim"
"malaysia e sim card for tourist",1,3,"en-GB,en-US","malaysia sim card for tourists"
"maxis malaysia prepaid esim plan",1,3,"en-US","malaysia esim plans"
"movistar sim card argentina",1,3,"en-GB,en-US","argentina sim card for tourists"
"netherlands sim card",1,3,"en-GB,en-US","netherlands esim"
"nomad esim asia",1,3,"en-GB","nomad esim india"
"nomad esim coupon",1,3,"en-US","nomad esim macao"
"nomad esim europe reviews",1,3,"en-US","nomad esim colombia"
"nomad esim kopen",1,3,"en-GB,en-US","nomad esim uk"
"nz sim cards for tourists",1,3,"en-GB,en-US","switzerland sim card for tourists"
"orange belgium esim",1,3,"en-GB,en-US","esim for belgium"
"orange poland esim",1,3,"en-GB,en-US","esim for poland"
"peru simbolos",1,3,"en-GB,en-US","peru esim"
"portugal sim card with data",1,3,"en-GB,en-US","portugal sim card for tourists"
"prepaid esim top up",1,3,"en-GB,en-US","esim top up"
"qatar sim card",1,3,"en-GB","qatar esim"
"rami goldratt",1,3,"en-US","is roami good"
"roamic discount code",1,3,"en-US","is roamic good"
"romac goodyear az",1,3,"en-GB","is roamic good"
"saily esim coupon",1,3,"en-US","saily esim macao"
"saily esim istanbul",1,3,"en-US","saily esim israel"
"saily esim promo code & travel setup guide",1,3,"en-US","saily esim peru"
"sim card for germany",1,3,"en-US","germany sim card for tourists"
"sim card for india travel",1,3,"en-GB,en-US","india sim card for tourists"
"sim card for ireland and northern ireland",1,3,"en-GB,en-US","ireland sim card for tourists"
"sim card for japan and south korea",1,3,"en-GB,en-US","south korea sim card for tourists"
"sim card for mexico from canada",1,3,"en-GB,en-US","mexico sim card for tourists"
"sim card for south africa",1,3,"en-GB,en-US","south africa sim card for tourists"
"sim card for switzerland",1,3,"en-GB,en-US","switzerland sim card for tourists"
"sim card for turkey travel",1,3,"en-GB,en-US","turkiye sim card for tourists"
"sim card in france for tourists",1,3,"en-GB,en-US","france sim card for tourists"
"sim card in germany",1,3,"en-GB","germany sim card for tourists"
"sim card in usa for tourist",1,3,"en-GB,en-US","usa sim card for tourists"
"sim card italy for tourist",1,3,"en-GB,en-US","italy sim card for tourists"
"sim in saudi arabia",1,3,"en-GB,en-US","saudi arabia sim card for tourists"
"simba sim card singapore for tourists",1,3,"en-GB,en-US","singapore sim card for tourists"
"telstra esim plans australia",1,3,"en-US","australia esim plans"
"thailand esim card",1,3,"en-GB,en-US","thailand esim"
"thailand sim card for tourist price",1,3,"en-GB,en-US","thailand sim card for tourists"
"the best esim for europe",1,3,"en-US","best esim for poland"
"travel esim philippines reddit",1,3,"en-US","esim philippines reddit"
"travel esim vodafone",1,3,"en-GB,en-US","travel esim"
"trip.com esim promo code",1,3,"en-GB,en-US","esim promo code"
"uk esim data plan for travelers",1,3,"en-US","uk esim plans"
"uk esim with phone number",1,3,"en-GB,en-US","uk esim"
"united arab emirates images",1,3,"en-US","united arab emirates esim"
"unlimited data esims",1,3,"en-US","unlimited data esim usa"
"unlimited esim japan",1,3,"en-GB,en-US","unlimited esim"
"usa esim with phone number",1,3,"en-GB,en-US","usa esim"
"vietnam esim viettel",1,3,"en-GB,en-US","vietnam esim"
"vodafone esim iphone italy",1,3,"en-US","esim italy for iphone"
"what is an esim and how does it work",1,3,"en-GB,en-US","what is an esim"
"what is best esim for brazil",1,3,"en-GB,en-US","best esim for brazil"
"what is the best and cheapest esim for japan",1,3,"en-GB,en-US","cheapest esim japan"
"what is the best esim in iceland",1,3,"en-GB,en-US","best esim for iceland"
"where to get esim for japan",1,3,"en-US","how to get an esim for japan"
"which travel esim plans are best for india",1,3,"en-US","india esim plans"
"airalo esim card thailand",1,4,"en-GB,en-US","airalo esim thailand"
"airalo esim china vpn",1,4,"en-GB,en-US","airalo esim china"
"airalo esim coupon code",1,4,"en-US","airalo esim macao"
"airalo esim data plan",1,4,"en-GB,en-US","airalo esim plan"
"airalo esim says activating",1,4,"en-GB,en-US","airalo esim usa"
"airalo esim us",1,4,"en-GB,en-US","airalo esim uk"
"airalo india esim review",1,4,"en-US","airalo esim india"
"airtel esim activation for iphone in usa",1,4,"en-US","esim usa for iphone"
"argentina similar flag",1,4,"en-GB,en-US","argentina esim"
"belgium simple recipes",1,4,"en-GB,en-US","belgium esim"
"best canada sim card for tourist",1,4,"en-GB,en-US","canada sim card for tourists"
"best data esim for france",1,4,"en-GB,en-US","best esim for france"
"best e sims for malaysia",1,4,"en-GB","best esim for malaysia"
"best esim card for germany",1,4,"en-GB,en-US","best esim for germany"
"best esim card for portugal",1,4,"en-GB,en-US","best esim for portugal"
"best esim card for switzerland",1,4,"en-GB,en-US","best esim for switzerland"
"best esim for canada and alaska",1,4,"en-GB,en-US","best esim for canada"
"best esim for europe and morocco",1,4,"en-GB,en-US","best esim for morocco"
"best esim for greece and italy",1,4,"en-GB,en-US","best esim for greece"
"best esim for india from usa",1,4,"en-GB,en-US","best esim for india"
"best esim for italy from australia",1,4,"en-GB,en-US","best esim for italy"
"best esim for japan reddit",1,4,"en-GB,en-US","best esim for japan"
"best esim for nigeria",1,4,"en-US","best esim for kenya"
"best esim for philippines and thailand",1,4,"en-GB,en-US","best esim for philippines"
"best esim for singapore and thailand",1,4,"en-GB,en-US","best esim for singapore"
"best esim for south america travel",1,4,"en-GB","best esim for south africa"
"best esim for turkey unlimited data",1,4,"en-GB,en-US","best esim for turkiye"
"best esim for uk and ireland",1,4,"en-GB,en-US","best esim for uk"
"best esim for usa from australia",1,4,"en-GB,en-US","best esim for usa"
"best esim in portugal",1,4,"en-GB","does esim work in portugal"
"best esim israel",1,4,"en-GB,en-US","esim israel"
"best esim provider for hong kong",1,4,"en-GB,en-US","best esim for hong kong"
"best esim providers in usa",1,4,"en-US","best esim for georgia"
"best esim to use in india",1,4,"en-GB","does esim work in india"
"best esim to use in south africa",1,4,"en-GB,en-US","best esim for south africa"
"best malaysia sim card for tourist 2025",1,4,"en-GB,en-US","malaysia sim card for tourists"
"best sim card in usa for tourist",1,4,"en-GB","usa sim card for tourists"
"best unlimited esim for usa",1,4,"en-GB,en-US","united arab emirates esim unlimited"
"brazil esim calls",1,4,"en-GB,en-US","brazil esim"
"buy airalo esim japan",1,4,"en-GB,en-US","airalo esim japan"
"can you get esim in china",1,4,"en-US","how to get an esim for china"
"canada esim data",1,4,"en-GB,en-US","canada esim"
"cellcom israel esim",1,4,"en-GB,en-US","israel esim"
"cheap e sim uk",1,4,"en-GB","cheapest esim uk"
"cheap esim for uk",1,4,"en-US","cheap esim peru"
"cheap esim handset australia",1,4,"en-US","cheap esim australia"
"cheapest 5g esim singapore",1,4,"en-GB,en-US","cheapest esim singapore"
"cheapest esim provider uk",1,4,"en-US","cheapest esim peru"
"cheapest esims for china",1,4,"en-US","cheapest esim usa"
"china esim with phone number",1,4,"en-GB,en-US","china esim"
"claro costa rica esim",1,4,"en-GB,en-US","costa rica esim"
"colombia sim card",1,4,"en-GB,en-US","colombia esim"
"compare esim plans japan",1,4,"en-US","japan esim plans"
"czechia summer traditions",1,4,"en-US","czechia esim"
"digital nomad visa costa rica",1,4,"en-GB,en-US","nomad esim costa rica"
"does an esim from holafly work in china",1,4,"en-GB,en-US","does esim work in china"
"dubai sim card tourist",1,4,"en-GB","united arab emirates sim card for tourists"
"e sim available in india",1,4,"en-US","is esim available in india"
"e sim fisico",1,4,"en-GB","esim fiji"
"e sim for morocco from uk",1,4,"en-US","morocco sim card for tourists"
"e sim for turkey from uk",1,4,"en-GB","esim for turkiye"
"ee roaming saudi arabia",1,4,"en-GB,en-US","roami esim saudi arabia"
"egypt esim uk",1,4,"en-GB,en-US","egypt esim"
"esim argentina prepago",1,4,"en-GB,en-US","esim argentina"
"esim card for peru",1,4,"en-GB,en-US","esim for peru"
"esim china data packages",1,4,"en-GB,en-US","esim china"
"esim claro costa rica",1,4,"en-GB,en-US","esim for costa rica"
"esim colombia claro",1,4,"en-GB,en-US","esim colombia"
"esim compatible phones uk",1,4,"en-GB,en-US","esim compatible phones"
"esim data plan australia",1,4,"en-GB,en-US","esim data plan"
"esim deals usa",1,4,"en-GB,en-US","esim deals"
"esim for armenia",1,4,"en-GB","esim for argentina"
"esim for asia reviews",1,4,"en-GB,en-US","esim for asia"
"esim for cruises at sea",1,4,"en-GB,en-US","esim for cruise"
"esim for french polynesia",1,4,"en-GB","esim for france"
"esim for greece from australia",1,4,"en-GB,en-US","esim for greece"
"esim for india from australia",1,4,"en-GB,en-US","esim for india"
"esim for international travel india",1,4,"en-GB,en-US","esim for international travel"
"esim for iphone 15",1,4,"en-GB,en-US","esim for iphone"
"esim for japan from australia",1,4,"en-GB,en-US","esim for japan"
"esim for malaysia travel",1,4,"en-GB,en-US","esim for malaysia"
"esim for morocco and spain",1,4,"en-GB,en-US","esim for morocco"
"esim for new zealand spark",1,4,"en-GB,en-US","esim for new zealand"
"esim for singapore and thailand",1,4,"en-GB,en-US","esim for singapore"
"esim for south africa from australia",1,4,"en-GB,en-US","esim for south africa"
"esim for travel to australia",1,4,"en-US","how to get an esim for australia"
"esim france sans engagement",1,4,"en-GB,en-US","esim france"
"esim grecia",1,4,"en-GB","esim greece"
"esim hong kong klook",1,4,"en-GB,en-US","esim hong kong"
"esim hotspot setup",1,4,"en-GB,en-US","esim hot spot"
"esim instructions for android",1,4,"en-GB,en-US","esim for android"
"esim iphone",1,4,"en-US","esim"
"esim iphone qr code",1,4,"en-US","esim qatar for iphone"
"esim italy travel",1,4,"en-GB,en-US","esim italy"
"esim japan klook",1,4,"en-GB,en-US","esim japan"
"esim japan travel reddit",1,4,"en-US","esim japan reddit"
"esim key benefits",1,4,"en-GB","esim kenya"
"esim malaysia singapore",1,4,"en-GB,en-US","esim malaysia"
"esim mobile plans australia",1,4,"en-US","australia esim plans"
"esim morocco airalo",1,4,"en-GB,en-US","esim morocco"
"esim plans for data",1,4,"en-GB,en-US","esim plans"
"esim portugal meo",1,4,"en-GB","esim portugal"
"esim prepaid plans malaysia",1,4,"en-US","malaysia esim plans"
"esim prueba gratis",1,4,"en-GB,en-US","esim peru"
"esim singapore klook",1,4,"en-GB,en-US","esim singapore"
"esim taiwan vergleich",1,4,"en-GB,en-US","esim taiwan"
"esim thailand 15 days",1,4,"en-GB,en-US","esim thailand"
"esim thailand beste",1,4,"en-GB,en-US","esim thailand"
"esim turkey tourist",1,4,"en-GB,en-US","esim turkiye"
"esim uk plans",1,4,"en-GB,en-US","esim uk"
"esim usa data plans",1,4,"en-US","usa esim plans"
"esim usa plans",1,4,"en-GB,en-US","esim usa"
"esim usa travel unlimited data",1,4,"en-GB,en-US","usa esim unlimited"
"esim vs sim card cost",1,4,"en-GB,en-US","esim vs sim"
"esim with phone number uk",1,4,"en-GB,en-US","esim with phone number"
"esim with talk and text",1,4,"en-US","is esim worth it"
"fiji travel esim",1,4,"en-GB,en-US","esim fiji"
"free esim saudi arabia",1,4,"en-GB,en-US","esim saudi arabia"
"georgia estimated tax payment online",1,4,"en-GB,en-US","georgia esim"
"holafly esim aktivieren android pdf",1,4,"en-GB","holafly esim uk"
"hong kong sim card",1,4,"en-US","hong kong sim card for tourists"
"how do esims work in japan",1,4,"en-GB,en-US","does esim work in japan"
"how to activate esim on ipad",1,4,"en-GB,en-US","how to activate esim"
"how to get an esim for at&t",1,4,"en-US","how to get an esim for usa"
"how to get esim in india for foreigners",1,4,"en-US","how to get an esim for india"
"how to get lebara esim uk",1,4,"en-US","how to get an esim for uk"
"how to install esim from my o2 app",1,4,"en-GB","how to install esim"
"how to install esim on apple watch",1,4,"en-GB,en-US","how to install esim"
"india esim local",1,4,"en-GB,en-US","india esim"
"iphone 14 esim compatible uk",1,4,"en-US","esim uk for iphone"
"iphone 16 esim china",1,4,"en-US","esim china for iphone"
"iphone 16 esim hong kong",1,4,"en-US","esim hong kong for iphone"
"iphone 17 esim canada",1,4,"en-US","esim canada for iphone"
"ireland esim card",1,4,"en-GB,en-US","ireland esim"
"ireland sim only deals",1,4,"en-GB,en-US","ireland sim card for tourists"
"is airalo good in japan",1,4,"en-GB,en-US","is airalo good"
"is daily goodie box legitimate",1,4,"en-GB,en-US","is saily good"
"is esim good for international travel",1,4,"en-GB","is yesim good"
"is omad good for fat loss",1,4,"en-GB,en-US","is nomad good"
"is ram good for gaming",1,4,"en-GB","is roami good"
"israel prepaid sim card with data",1,4,"en-GB,en-US","israel sim card for tourists"
"japan esim or pocket wifi",1,4,"en-GB","esim vs pocket wifi"
"japan esim reddit",1,4,"en-GB,en-US","japan esim"
"japan tourist sim card price",1,4,"en-GB,en-US","fiji sim card for tourists"
"jetpac game",1,4,"en-US","is jetpac good"
"jetpack esim compatibility",1,4,"en-US","jetpac esim uk"
"kenya sims",1,4,"en-GB","kenya esim"
"macau simple pay",1,4,"en-GB,en-US","macao esim"
"malaysia esim card",1,4,"en-GB,en-US","malaysia esim"
"morocco esim card",1,4,"en-GB,en-US","morocco esim"
"morocco sim card uk",1,4,"en-GB,en-US","morocco sim card for tourists"
"netherlands simplehelp",1,4,"en-GB,en-US","netherlands esim"
"new zealand prepaid sim card for tourist",1,4,"en-GB,en-US","new zealand sim card for tourists"
"nomad esim china promotion",1,4,"en-GB,en-US","nomad esim china"
"nomad esim coupon code",1,4,"en-US","nomad esim macao"
"nomad esim korea",1,4,"en-GB,en-US","nomad esim uk"
"online sim card germany",1,4,"en-GB,en-US","germany sim card for tourists"
"orange esim belgium",1,4,"en-GB,en-US","esim belgium"
"orange travel esim top up",1,4,"en-GB,en-US","esim top up"
"pay as you go esim no contract",1,4,"en-GB,en-US","esim no contract"
"peru simulator",1,4,"en-GB,en-US","peru esim"
"philippines esim activation",1,4,"en-GB,en-US","philippines esim"
"pocket wifi with esim support",1,4,"en-GB,en-US","esim vs pocket wifi"
"poland simulator",1,4,"en-GB","poland esim"
"portugal esim vodafone",1,4,"en-GB,en-US","portugal esim"
"prepaid sim card canada for tourists",1,4,"en-GB,en-US","canada sim card for tourists"
"prepaid sim card in usa for tourist guide",1,4,"en-GB,en-US","usa sim card for tourists"
"prepaid sim card portugal",1,4,"en-GB,en-US","portugal sim card for tourists"
"prepaid sim card singapore for tourist",1,4,"en-GB,en-US","singapore sim card for tourists"
"qatar sim",1,4,"en-GB","qatar esim"
"roaming colombia",1,4,"en-US","is roamic good"
"romani food",1,4,"en-US","is roami good"
"romanic good morning greeting",1,4,"en-GB","is roamic good"
"saily esim app",1,4,"en-GB,en-US","saily esim"
"saily esim process",1,4,"en-US","saily esim peru"
"saudi arabia sim internet packages",1,4,"en-GB,en-US","saudi arabia esim"
"saudi sim card price",1,4,"en-GB,en-US","saudi arabia sim card for tourists"
"sim card for egypt",1,4,"en-GB,en-US","egypt sim card for tourists"
"sim card for france",1,4,"en-GB,en-US","france sim card for tourists"
"sim card for france travel",1,4,"en-GB,en-US","france sim card for tourists"
"sim card for hong kong",1,4,"en-GB","hong kong sim card for tourists"
"sim card for italy",1,4,"en-US","italy sim card for tourists"
"sim card for seoul korea",1,4,"en-GB,en-US","south korea sim card for tourists"
"sim card for south america",1,4,"en-US","argentina sim card for tourists"
"sim card for uk and ireland",1,4,"en-GB,en-US","ireland sim card for tourists"
"sim card for use in turkey",1,4,"en-GB","turkiye sim card for tourists"
"sim card for vietnam",1,4,"en-GB,en-US","vietnam sim card for tourists"
"sim card greece price",1,4,"en-GB,en-US","greece sim card for tourists"
"sim card in uae",1,4,"en-GB,en-US","united arab emirates sim card for tourists"
"sim card price in qatar airport",1,4,"en-GB,en-US","qatar sim card for tourists"
"singapore esim card",1,4,"en-GB,en-US","singapore esim"
"south america sim card",1,4,"en-GB","argentina sim card for tourists"
"spanish sim card in uk",1,4,"en-GB,en-US","spain sim card for tourists"
"taiwan esim with phone number",1,4,"en-GB,en-US","taiwan esim"
"thailand esim ais",1,4,"en-GB,en-US","thailand esim"
"thailand esim packages",1,4,"en-US","thailand esim price"
"thailand sim card for tourist 2025",1,4,"en-GB,en-US","thailand sim card for tourists"
"transfer esim to new iphone australia",1,4,"en-US","esim australia for iphone"
"travel sim for india",1,4,"en-GB,en-US","india sim card for tourists"
"travel sim for philippines",1,4,"en-GB,en-US","philippines sim card for tourists"
"turkey esim ban",1,4,"en-GB","turkiye esim"
"ubigi coupon code",1,4,"en-US","is ubigi good"
"ubigi esim review",1,4,"en-GB,en-US","ubigi esim"
"uk esim data plan",1,4,"en-US","uk esim plans"
"uk esim pay as you go",1,4,"en-GB,en-US","uk esim"
"uk sim card for travellers",1,4,"en-GB,en-US","uk sim card for tourists"
"united arab emirates embassy in usa",1,4,"en-US","united arab emirates esim"
"unlimited esim europe",1,4,"en-GB,en-US","unlimited esim"
"unlimited europe & uk esim",1,4,"en-GB,en-US","uk esim unlimited"
"us esim prepaid",1,4,"en-US","usa esim price"
"usa and mexico sim",1,4,"en-GB,en-US","mexico sim card for tourists"
"vietnam esim card",1,4,"en-GB,en-US","vietnam esim"
"virtual sim card costa rica",1,4,"en-GB,en-US","costa rica sim card for tourists"
"vodafone australia sim card for tourist",1,4,"en-GB,en-US","australia sim card for tourists"
"vodafone esim for iceland",1,4,"en-GB,en-US","esim for iceland"
"vodafone esim for kenya",1,4,"en-GB,en-US","esim for kenya"
"vodafone fiji esim",1,4,"en-GB,en-US","esim for fiji"
"what esim is best for malaysia",1,4,"en-GB,en-US","best esim for malaysia"
"what is the best esim for morocco",1,4,"en-GB,en-US","best esim for morocco"
"what is the best esim for south korea",1,4,"en-GB,en-US","best esim for south korea"
"which esim should i get for japan",1,4,"en-US","how to get an esim for japan"
"yesim - esim",1,4,"en-GB,en-US","yesim esim"
"airalo esim china stopped working",1,5,"en-GB,en-US","airalo esim china"
"airalo esim europe plan",1,5,"en-GB,en-US","airalo esim plan"
"airalo esim for kenya",1,5,"en-GB,en-US","esim for kenya"
"airalo esim hk",1,5,"en-GB","airalo esim uk"
"airalo esim review japan",1,5,"en-US","airalo esim new zealand"
"argentina es mas grande que mexico",1,5,"en-GB,en-US","argentina esim"
"argentina simboli",1,5,"en-US","argentina esim"
"belgium sim options",1,5,"en-GB,en-US","belgium esim"
"best e sim for ireland",1,5,"en-GB","best esim for iceland"
"best e sims for south africa",1,5,"en-GB","best esim for south africa"
"best esim card for france",1,5,"en-GB,en-US","best esim for france"
"best esim card for greece",1,5,"en-GB,en-US","best esim for greece"
"best esim card for indonesia",1,5,"en-GB,en-US","best esim for indonesia"
"best esim card for morocco",1,5,"en-GB,en-US","best esim for morocco"
"best esim card for new zealand",1,5,"en-GB,en-US","best esim for new zealand"
"best esim for canada from australia",1,5,"en-GB,en-US","best esim for canada"
"best esim for china and taiwan",1,5,"en-GB,en-US","best esim for china"
"best esim for india from australia",1,5,"en-GB,en-US","best esim for india"
"best esim for italy road trip",1,5,"en-GB,en-US","best esim for italy"
"best esim for mexico 2026",1,5,"en-GB,en-US","best esim for mexico"
"best esim for spain with phone number",1,5,"en-GB,en-US","best esim for spain"
"best esim for thailand and vietnam",1,5,"en-GB","does esim work in vietnam"
"best esim for the usa",1,5,"en-GB","best esim for georgia"
"best esim for uk from australia",1,5,"en-GB,en-US","best esim for uk"
"best esim for united states",1,5,"en-GB,en-US","best esim for georgia"
"best esim for usa and canada",1,5,"en-GB,en-US","best esim for usa"
"best esim for vietnam for australians",1,5,"en-GB,en-US","best esim for vietnam"
"best sim card for italy travel",1,5,"en-GB,en-US","italy sim card for tourists"
"best sim cards for travel in egypt",1,5,"en-US","egypt sim card for tourists"
"best travel esim for italy",1,5,"en-GB","does esim work in italy"
"best travel sim for egypt",1,5,"en-GB,en-US","egypt sim card for tourists"
"best travel sim for vietnam",1,5,"en-GB,en-US","vietnam sim card for tourists"
"buying a sim card in morocco",1,5,"en-GB,en-US","morocco sim card for tourists"
"can i get esim in china",1,5,"en-US","how to get an esim for china"
"canada esim for tourists",1,5,"en-GB,en-US","canada esim"
"canada prepaid sim card for tourist",1,5,"en-GB,en-US","canada sim card for tourists"
"cheap australian esim",1,5,"en-US","cheap esim australia"
"cheap esim contract",1,5,"en-US","cheap esim macao"
"cheap esim plans canada",1,5,"en-US","canada esim plans"
"cheap sim prepaid",1,5,"en-US","cheap esim peru"
"cheapest esim for india from uk",1,5,"en-US","cheapest esim india"
"cheapest esim telstra online sim",1,5,"en-GB,en-US","cheapest esim"
"cheapest no contract esim",1,5,"en-GB,en-US","esim no contract"
"cheapest postpaid esim australia",1,5,"en-GB","cheapest esim australia"
"cheapest sim uk",1,5,"en-GB","cheapest esim uk"
"china esim for tourist",1,5,"en-GB,en-US","china esim"
"china prepaid sim card for tourist",1,5,"en-GB,en-US","china sim card for tourists"
"claro esim for peru",1,5,"en-GB,en-US","esim for peru"
"columbia estimated cost",1,5,"en-GB,en-US","colombia esim"
"cosmote sim card greece",1,5,"en-US","greece sim card for tourists"
"costa rica nomad visa",1,5,"en-GB,en-US","nomad esim costa rica"
"croatian simple words",1,5,"en-GB","croatia esim"
"czechia immigration",1,5,"en-US","czechia esim"
"descargar esim en iphone",1,5,"en-US","esim colombia for iphone"
"does revolut esim work in china",1,5,"en-GB,en-US","does esim work in china"
"e sim card for costa rica",1,5,"en-US","esim costa rica vs sim"
"e sim saudi arabia",1,5,"en-US","yesim esim saudi arabia"
"ee esim plans uk",1,5,"en-US","uk esim plans"
"esim airtel kenya",1,5,"en-US","esim kenya"
"esim app for android",1,5,"en-GB,en-US","esim for android"
"esim argentina activar",1,5,"en-GB,en-US","esim argentina"
"esim canada with phone number",1,5,"en-GB,en-US","esim canada"
"esim card for egypt",1,5,"en-GB,en-US","esim for egypt"
"esim card for iceland",1,5,"en-GB,en-US","esim for iceland"
"esim card ireland",1,5,"en-GB,en-US","esim ireland"
"esim china airalo",1,5,"en-GB,en-US","esim china"
"esim china plans",1,5,"en-US","china esim plans"
"esim colombia wom",1,5,"en-GB,en-US","esim colombia"
"esim compatible phones fizz",1,5,"en-GB,en-US","esim compatible phones"
"esim deals for europe",1,5,"en-GB,en-US","esim deals"
"esim for asia and oceania",1,5,"en-GB,en-US","esim for asia"
"esim for canada with calling",1,5,"en-GB,en-US","esim for canada"
"esim for canary islands",1,5,"en-GB,en-US","yesim esim costa rica"
"esim for cruise and land",1,5,"en-GB,en-US","esim for cruise"
"esim for free",1,5,"en-GB","esim for france"
"esim for greece 6 months",1,5,"en-GB,en-US","esim for greece"
"esim for india from usa",1,5,"en-GB,en-US","esim for india"
"esim for iphone 14",1,5,"en-GB,en-US","esim for iphone"
"esim for malaysia and thailand",1,5,"en-GB,en-US","esim for malaysia"
"esim for mexico with phone number",1,5,"en-GB,en-US","esim for mexico"
"esim for montenegro",1,5,"en-US","esim for macao"
"esim for spain from uk",1,5,"en-GB,en-US","esim for spain"
"esim for sri lanka",1,5,"en-US","esim coverage in kenya"
"esim for turkey maya",1,5,"en-GB,en-US","esim for turkiye"
"esim for uk travel from india",1,5,"en-GB,en-US","esim for uk"
"esim for vietnam from australia",1,5,"en-GB,en-US","esim for vietnam"
"esim grecia internet",1,5,"en-GB","esim greece"
"esim hong kong and australia",1,5,"en-GB,en-US","esim hong kong"
"esim hotspot plans",1,5,"en-GB,en-US","esim hot spot"
"esim india benefits",1,5,"en-GB,en-US","esim india"
"esim italy with phone number",1,5,"en-GB,en-US","esim italy"
"esim japan tourist",1,5,"en-GB,en-US","esim japan"
"esim key functions",1,5,"en-GB","esim kenya"
"esim malaysia klook",1,5,"en-GB,en-US","esim malaysia"
"esim morocco maya",1,5,"en-GB,en-US","esim morocco"
"esim orange poland",1,5,"en-US","esim poland"
"esim plan malaysia",1,5,"en-US","malaysia esim plans"
"esim plans for travel",1,5,"en-GB,en-US","esim plans"
"esim portugal and spain",1,5,"en-GB,en-US","esim portugal"
"esim prepaid plans australia",1,5,"en-US","australia esim plans"
"esim prueba",1,5,"en-GB,en-US","esim peru"
"esim singapore malaysia indonesia",1,5,"en-GB,en-US","esim singapore"
"esim south africa telkom",1,5,"en-GB,en-US","esim south africa"
"esim supported mobiles in india",1,5,"en-US","esim coverage in india"
"esim thailand airalo",1,5,"en-GB,en-US","esim thailand"
"esim turkey uk",1,5,"en-GB,en-US","esim turkiye"
"esim uk deals",1,5,"en-GB,en-US","esim uk"
"esim usage guide",1,5,"en-GB,en-US","esim usa"
"esim vietnamobile",1,5,"en-GB,en-US","esim vietnam"
"esim vs sim card speed",1,5,"en-GB,en-US","esim vs sim"
"esim with international coverage",1,5,"en-US","is esim worth it"
"etisalat egypt esim",1,5,"en-GB,en-US","egypt esim"
"fiji simmons",1,5,"en-GB,en-US","fiji esim"
"france esim data",1,5,"en-GB,en-US","france esim"
"france sim card long stay",1,5,"en-US","france sim card for tourists"
"georgia estimated tax forms for 2026",1,5,"en-US","georgia esim"
"georgia simmerling",1,5,"en-GB","georgia esim"
"germany dedicated sim card",1,5,"en-GB,en-US","germany sim card for tourists"
"get esim online india",1,5,"en-US","how to get an esim for india"
"get free esim uk",1,5,"en-US","how to get an esim for uk"
"holafly esim coupon",1,5,"en-US","holafly esim macao"
"holafly is it good",1,5,"en-GB,en-US","is holafly good"
"how to activate esim on apple watch",1,5,"en-GB,en-US","how to activate esim"
"how to activate esim on iphone 17",1,5,"en-GB,en-US","how to activate esim"
"how to activate holafly esim in china",1,5,"en-GB","holafly esim china"
"how to activate saily esim",1,5,"en-GB,en-US","saily esim united arab emirates"
"how to get an esim for iphone",1,5,"en-US","how to get an esim for usa"
"how to get saily esim to work in china",1,5,"en-US","saily esim china"
"how to top up trip.com esim",1,5,"en-GB,en-US","esim top up"
"indonesia esim with international calls to uk",1,5,"en-GB,en-US","indonesia esim"
"international roaming data esim",1,5,"en-US","roami esim united arab emirates"
"iphone 12 esim compatible uk",1,5,"en-US","esim uk for iphone"
"iphone 15 esim china",1,5,"en-US","esim china for iphone"
"iphone 17 esim australia",1,5,"en-US","esim australia for iphone"
"iphone 17 pro max esim canada",1,5,"en-US","esim canada for iphone"
"iphone 17 pro max esim hong kong",1,5,"en-US","esim hong kong for iphone"
"ireland sim only plans",1,5,"en-GB,en-US","ireland sim card for tourists"
"is airalo good for india",1,5,"en-GB,en-US","is airalo good"
"is holafly any good",1,5,"en-GB,en-US","is holafly good"
"is omad good for reducing belly fat",1,5,"en-GB,en-US","is nomad good"
"is ram good in r6",1,5,"en-GB","is roami good"
"is saily esim good",1,5,"en-GB,en-US","is saily good"
"israel prepaid sim card best",1,5,"en-GB,en-US","israel sim card for tourists"
"japan esim tourist reddit",1,5,"en-US","esim japan reddit"
"japan esim ubigi",1,5,"en-GB,en-US","japan esim"
"japanese sim card for tourists",1,5,"en-GB","japan sim card for tourists"
"jetpac online",1,5,"en-US","is jetpac good"
"jio esim plans india",1,5,"en-US","india esim plans"
"kenya simmons-glasgow",1,5,"en-GB","kenya esim"
"local sim for spain",1,5,"en-GB,en-US","spain sim card for tourists"
"lycamobile esim belgium",1,5,"en-GB,en-US","esim belgium"
"malaysia sim card price for tourist",1,5,"en-GB","malaysia sim card for tourists"
"mexico esim telcel",1,5,"en-GB,en-US","mexico esim"
"morocco esim orange",1,5,"en-GB,en-US","morocco esim"
"new zealand esim travel",1,5,"en-GB,en-US","new zealand esim"
"new zealand sim card for travellers",1,5,"en-GB,en-US","new zealand sim card for tourists"
"nomad esim cost",1,5,"en-US","nomad esim macao"
"nomad esim promo",1,5,"en-US","nomad esim peru"
"optus sim card australia for tourists",1,5,"en-GB,en-US","australia sim card for tourists"
"partner israel esim",1,5,"en-US","israel esim"
"peru sim",1,5,"en-GB,en-US","peru esim"
"peru sim card",1,5,"en-GB,en-US","peru esim"
"poland similar flags",1,5,"en-GB","poland esim"
"portable wifi vs esim",1,5,"en-US","esim vs pocket wifi"
"portable wifi with esim",1,5,"en-GB","esim vs pocket wifi"
"prepaid sim card in usa for tourist options",1,5,"en-GB,en-US","usa sim card for tourists"
"qatar similar flag",1,5,"en-GB","qatar esim"
"roam foods",1,5,"en-US","is roami good"
"roamic coupon",1,5,"en-US","is roamic good"
"saily esim configuration",1,5,"en-US","saily esim macao"
"saily esim discount code",1,5,"en-GB,en-US","saily esim"
"saily esim europe reddit",1,5,"en-US","saily esim colombia"
"saily esim karte",1,5,"en-GB","saily esim uk"
"saily esim prices",1,5,"en-US","saily esim peru"
"saudi arabia international airport",1,5,"en-US","esim saudi arabia airport"
"saudi arabia sims",1,5,"en-GB,en-US","saudi arabia esim"
"sim card for china and hong kong",1,5,"en-GB,en-US","hong kong sim card for tourists"
"sim card for india travel from uk",1,5,"en-GB,en-US","india sim card for tourists"
"sim card for singapore",1,5,"en-GB,en-US","singapore sim card for tourists"
"sim card for vietnam and singapore",1,5,"en-GB,en-US","vietnam sim card for tourists"
"sim card in korea for foreigners",1,5,"en-GB,en-US","south korea sim card for tourists"
"sim card in the philippines",1,5,"en-US","philippines sim card for tourists"
"sim card to use in italy",1,5,"en-GB","italy sim card for tourists"
"sim cards for south america",1,5,"en-GB","argentina sim card for tourists"
"south african e sim",1,5,"en-GB","south africa esim"
"spain esim data",1,5,"en-GB,en-US","spain esim"
"spain sim only deals",1,5,"en-GB,en-US","spain sim card for tourists"
"taiwan esim card",1,5,"en-GB,en-US","taiwan esim"
"thailand e sim card for tourist",1,5,"en-GB,en-US","thailand sim card for tourists"
"thailand esim reddit",1,5,"en-US","thailand esim price"
"thailand sim card for tourist",1,5,"en-GB","south korea sim card for tourists"
"three ireland esim",1,5,"en-GB,en-US","ireland esim"
"three ireland sim card",1,5,"en-GB,en-US","ireland sim card for tourists"
"tigo esim colombia",1,5,"en-GB,en-US","esim for colombia"
"transfer airtel esim to new iphone in usa",1,5,"en-US","esim usa for iphone"
"travel esim china",1,5,"en-GB,en-US","travel esim"
"travel esim egypt",1,5,"en-GB,en-US","esim egypt"
"travel esim uk",1,5,"en-GB,en-US","travel esim"
"travel sim card new zealand",1,5,"en-GB,en-US","new zealand sim card for tourists"
"travel sim card singapore",1,5,"en-GB,en-US","singapore sim card for tourists"
"turkey esim tourist",1,5,"en-GB","turkiye esim"
"turkey sim card price",1,5,"en-GB,en-US","turkiye sim card for tourists"
"ubigi code",1,5,"en-US","is ubigi good"
"ubigi esim discount",1,5,"en-GB","ubigi esim india"
"uk travel sim card",1,5,"en-US","uk sim card for tourists"
"united arab emirates emblem",1,5,"en-US","united arab emirates esim"
"us esim prepaid for canadians",1,5,"en-US","usa esim price"
"usa esim card",1,5,"en-GB,en-US","usa esim"
"verizon costa rica sim card",1,5,"en-GB,en-US","costa rica sim card for tourists"
"vietnam esim klook",1,5,"en-GB,en-US","vietnam esim"
"vivo brazil esim",1,5,"en-GB","brazil esim"
"vodafone esim greece",1,5,"en-GB,en-US","esim greece"
"vodafone esim qatar",1,5,"en-GB,en-US","esim qatar"
"vodafone greece esim",1,5,"en-GB,en-US","greece esim"
"what is an esim card and how does it work",1,5,"en-GB,en-US","what is an esim"
"what is esi coverage",1,5,"en-US","esim coverage in georgia"
"what is the best esim for jamaica",1,5,"en-GB","best esim for fiji"
"what is the best esim for portugal",1,5,"en-GB,en-US","best esim for portugal"
"which esim is best for switzerland",1,5,"en-GB,en-US","best esim for switzerland"
"which is the best esim for hong kong",1,5,"en-GB,en-US","best esim for hong kong"
"yes i'm good",1,5,"en-GB","is yesim good"
"3 ireland esim",1,6,"en-GB,en-US","ireland esim"
"airalo brazil esim",1,6,"en-GB,en-US","brazil esim"
"airalo esim china apn",1,6,"en-US","airalo esim china"
"airalo esim china reddit",1,6,"en-GB,en-US","airalo esim china"
"airalo esim coupon",1,6,"en-US","airalo esim macao"
"airalo esim europe",1,6,"en-GB,en-US","airalo esim"
"airalo esim marruecos",1,6,"en-US","airalo esim mexico"
"airalo esim top ups",1,6,"en-GB,en-US","esim top up"
"airalo travel esim plans",1,6,"en-GB,en-US","airalo esim plan"
"airtel esim plans in india",1,6,"en-US","india esim plans"
"android esim phones",1,6,"en-GB,en-US","esim for android"
"argentina simbolos patrios svg gobierno",1,6,"en-GB,en-US","argentina esim"
"australia and new zealand esim",1,6,"en-US","esim new zealand reddit"
"belgium sim card",1,6,"en-GB,en-US","belgium esim"
"best china sim card for tourist",1,6,"en-GB,en-US","china sim card for tourists"
"best egypt esim",1,6,"en-GB,en-US","egypt esim"
"best esim card for ireland",1,6,"en-GB,en-US","best esim for ireland"
"best esim deals uk",1,6,"en-GB","best esim"
"best esim egypt",1,6,"en-GB,en-US","esim egypt"
"best esim for america",1,6,"en-GB,en-US","best esim for georgia"
"best esim for canada & usa",1,6,"en-GB,en-US","best esim for canada"
"best esim for china from australia",1,6,"en-GB,en-US","best esim for china"
"best esim for india and sri lanka",1,6,"en-GB,en-US","best esim for india"
"best esim for japan and taiwan",1,6,"en-GB","does esim work in taiwan"
"best esim for japan holiday",1,6,"en-GB,en-US","best esim for japan"
"best esim for mexico travel",1,6,"en-GB,en-US","best esim for mexico"
"best esim for spain and france",1,6,"en-GB,en-US","best esim for spain"
"best esim for travelling to south africa",1,6,"en-GB,en-US","best esim for south africa"
"best esim for uk from canada",1,6,"en-GB,en-US","best esim for uk"
"best esim for usa unlimited data",1,6,"en-GB,en-US","best esim for usa"
"best esim for vietnam 2025",1,6,"en-GB,en-US","best esim for vietnam"
"best esim plans uk",1,6,"en-US","uk esim plans"
"best esim service in canada",1,6,"en-GB,en-US","does esim work in canada"
"best prepaid phone plans canada with esim",1,6,"en-US","canada esim plans"
"best prepaid sim card for spain",1,6,"en-GB,en-US","spain sim card for tourists"
"best sim card for new zealand travel",1,6,"en-GB,en-US","new zealand sim card for tourists"
"best sim card in thailand for tourist",1,6,"en-GB,en-US","thailand sim card for tourists"
"best sim card plans for italy",1,6,"en-GB,en-US","italy sim card for tourists"
"buy esim for portugal",1,6,"en-GB,en-US","esim for portugal"
"buy sim card in vietnam",1,6,"en-GB,en-US","vietnam sim card for tourists"
"buying a sim card in mexico",1,6,"en-GB,en-US","mexico sim card for tourists"
"canada esim card",1,6,"en-GB,en-US","canada esim"
"cheap prepaid esim australia",1,6,"en-US","cheap esim australia"
"cheapest esim for japan",1,6,"en-GB,en-US","cheapest esim south korea"
"cheapest esim phone in india",1,6,"en-US","cheapest esim india"
"china hong kong macau data sim",1,6,"en-GB,en-US","macao sim card for tourists"
"china mobile esim plans",1,6,"en-US","china esim plans"
"columbia estimated capital gains 2025",1,6,"en-US","colombia esim"
"columbia simklar login",1,6,"en-GB","colombia esim"
"como descargar la esim iphone",1,6,"en-US","esim colombia for iphone"
"costa rica sim card unlimited data",1,6,"en-GB,en-US","costa rica sim card for tourists"
"croatia asistencija",1,6,"en-GB","croatia esim"
"czechia emoji",1,6,"en-US","czechia esim"
"data only sim card for france",1,6,"en-GB,en-US","france sim card for tourists"
"data sim in spain",1,6,"en-GB,en-US","spain sim card for tourists"
"does china use esim",1,6,"en-US","esim coverage in china"
"does iphone 14 have esim canada",1,6,"en-US","esim canada for iphone"
"egypt sim card uk",1,6,"en-GB,en-US","egypt sim card for tourists"
"esim argentina compatible",1,6,"en-GB,en-US","esim argentina"
"esim canada ervaringen",1,6,"en-GB,en-US","esim canada"
"esim cards croatia",1,6,"en-GB,en-US","esim croatia"
"esim cards for fiji",1,6,"en-GB,en-US","esim for fiji"
"esim colombia movistar",1,6,"en-GB,en-US","esim colombia"
"esim data plan for laptop",1,6,"en-GB,en-US","esim data plan"
"esim deals for data",1,6,"en-GB,en-US","esim deals"
"esim for business uk",1,6,"en-GB","does esim work in uk"
"esim for canada from australia",1,6,"en-GB,en-US","esim for canada"
"esim for cruise to bahamas",1,6,"en-GB,en-US","esim for cruise"
"esim for data only in usa",1,6,"en-US","esim coverage in usa"
"esim for europe calls and data",1,6,"en-GB,en-US","esim for europe"
"esim for freedom mobile",1,6,"en-GB","esim for france"
"esim for india from canada",1,6,"en-GB,en-US","esim for india"
"esim for iphone 13",1,6,"en-GB,en-US","esim for iphone"
"esim for italy airalo",1,6,"en-GB,en-US","esim for italy"
"esim for spain and italy",1,6,"en-GB,en-US","esim for spain"
"esim for vietnam from india",1,6,"en-GB,en-US","esim for vietnam"
"esim france free",1,6,"en-GB,en-US","esim france"
"esim hotspot not working",1,6,"en-GB,en-US","esim hot spot"
"esim indonesia klook",1,6,"en-GB,en-US","esim indonesia"
"esim international data plans",1,6,"en-US","saudi arabia esim plans"
"esim japan ubigi",1,6,"en-GB,en-US","esim japan"
"esim key advantages",1,6,"en-GB","esim kenya"
"esim malaysia maxis",1,6,"en-GB,en-US","esim malaysia"
"esim meaning",1,6,"en-US","esim"
"esim mexico data packages",1,6,"en-GB,en-US","esim mexico"
"esim morocco orange",1,6,"en-GB,en-US","esim morocco"
"esim new zealand data",1,6,"en-GB,en-US","esim new zealand"
"esim only iphone uk",1,6,"en-US","esim uk for iphone"
"esim only plans australia",1,6,"en-US","australia esim plans"
"esim options for android",1,6,"en-GB,en-US","esim for android"
"esim or pocket wifi japan reddit",1,6,"en-GB,en-US","esim vs pocket wifi"
"esim ou carte sim",1,6,"en-US","esim france vs sim"
"esim para viajar a colombia",1,6,"en-US","esim coverage in colombia"
"esim personal",1,6,"en-GB,en-US","esim peru"
"esim phone plans usa",1,6,"en-US","usa esim plans"
"esim plans uk",1,6,"en-GB,en-US","esim plans"
"esim singapore prepaid",1,6,"en-GB,en-US","esim singapore"
"esim spain cost",1,6,"en-GB,en-US","esim spain"
"esim to use in india",1,6,"en-GB","does esim work in saudi arabia"
"esim turkey travel plans",1,6,"en-GB,en-US","esim turkiye"
"esim ukraine",1,6,"en-GB,en-US","esim uk"
"esim vietnam mobile",1,6,"en-GB,en-US","esim vietnam"
"esim vietnam unlimited data",1,6,"en-US","esim coverage in vietnam"
"esim vs sim card benefits",1,6,"en-GB,en-US","esim vs sim"
"esim with phone number japan",1,6,"en-GB,en-US","esim with phone number"
"esim with text",1,6,"en-US","is esim worth it"
"etisalat sim card for tourists",1,6,"en-GB,en-US","qatar sim card for tourists"
"fiji sim",1,6,"en-GB,en-US","fiji esim"
"fiji vodafone esim",1,6,"en-US","esim fiji"
"france esim deals",1,6,"en-GB,en-US","france esim"
"france orange sim card",1,6,"en-US","france sim card for tourists"
"free esims for iphone",1,6,"en-US","esim georgia for iphone"
"georgia and armenia esim",1,6,"en-US","esim georgia"
"georgia estimated tax form 500 es",1,6,"en-US","georgia esim"
"gigsky esim costa rica",1,6,"en-GB,en-US","ubigi esim costa rica"
"holafly esim card",1,6,"en-GB,en-US","holafly esim"
"holafly esim come attivare",1,6,"en-US","holafly esim macao"
"holafly esim europe reviews",1,6,"en-US","holafly esim peru"
"hong kong esim with number",1,6,"en-GB,en-US","hong kong esim"
"hong kong sim card price",1,6,"en-US","hong kong sim card for tourists"
"how to activate esim on ee app",1,6,"en-GB","how to activate esim"
"how to buy an esim online",1,6,"en-US","how to get an esim for brazil"
"how to get an esim card",1,6,"en-US","how to get an esim for fiji"
"how to get an esim for att",1,6,"en-US","how to get an esim for usa"
"how to get an esim for iphone uk",1,6,"en-US","how to get an esim for uk"
"how to install esim on my o2 app",1,6,"en-US","how to install esim"
"how to rica a sim card",1,6,"en-US","costa rica sim card for tourists"
"india esim with phone number",1,6,"en-GB,en-US","india esim"
"iphone xr esim compatible australia",1,6,"en-US","esim australia for iphone"
"ireland sim card dublin airport",1,6,"en-GB,en-US","ireland sim card for tourists"
"is airalo a good esim",1,6,"en-GB,en-US","is airalo good"
"is saily any good",1,6,"en-GB","is saily good"
"israel prepaid sim card online",1,6,"en-GB,en-US","israel sim card for tourists"
"italy esim tourist",1,6,"en-GB,en-US","italy esim"
"japan e sim card for tourist",1,6,"en-GB,en-US","japan sim card for tourists"
"japan esim with phone number",1,6,"en-GB,en-US","japan esim"
"jetpac esim trustpilot",1,6,"en-US","jetpac esim uk"
"jetpac global esim",1,6,"en-US","is jetpac good"
"kashmir sim card for tourist",1,6,"en-GB,en-US","czechia sim card for tourists"
"kenya simbas",1,6,"en-GB","kenya esim"
"klook esim discount code",1,6,"en-US","esim discount code"
"klook indonesia esim",1,6,"en-GB,en-US","indonesia esim"
"lebara esim promo code",1,6,"en-GB","esim promo code"
"liberty costa rica esim",1,6,"en-GB,en-US","costa rica esim"
"lycamobile ireland esim",1,6,"en-GB","ireland esim"
"malaysia esim klook",1,6,"en-GB,en-US","malaysia esim"
"maroc telecom sim card",1,6,"en-US","morocco sim card for tourists"
"nomad esim como funciona",1,6,"en-US","nomad esim macao"
"nomad esim einrichten",1,6,"en-US","nomad esim colombia"
"nomad esim promotion code",1,6,"en-US","nomad esim peru"
"nomad esim website",1,6,"en-GB,en-US","nomad esim"
"nomad indonesia esim",1,6,"en-GB","indonesia esim"
"orange esim netherlands",1,6,"en-US","esim netherlands"
"pelephone israel esim",1,6,"en-GB,en-US","israel esim"
"poland simple map",1,6,"en-GB","poland esim"
"prepaid esim belgium",1,6,"en-GB,en-US","esim belgium"
"prepaid sim card for morocco",1,6,"en-GB,en-US","morocco sim card for tourists"
"prepaid sim card in usa for tourist plans",1,6,"en-US","usa sim card for tourists"
"prepaid sim card netherlands",1,6,"en-US","netherlands sim card for tourists"
"qatar simaisma project",1,6,"en-GB","qatar esim"
"roam food caravan",1,6,"en-US","is roami good"
"roamic opiniones",1,6,"en-US","is roamic good"
"roma good news",1,6,"en-GB","is roami good"
"saily esim contact",1,6,"en-US","saily esim macao"
"saily esim discount codes",1,6,"en-GB,en-US","esim discount code"
"saily esim korea",1,6,"en-GB","saily esim uk"
"saudi arabia sims 4",1,6,"en-GB,en-US","saudi arabia esim"
"silly goose",1,6,"en-US","is saily good"
"sim a esim tigo colombia",1,6,"en-US","esim colombia vs sim"
"sim card czech republic",1,6,"en-GB,en-US","czechia sim card for tourists"
"sim card for dubai",1,6,"en-GB","united arab emirates sim card for tourists"
"sim card for india",1,6,"en-GB,en-US","india sim card for tourists"
"sim card for malaysia",1,6,"en-GB,en-US","malaysia sim card for tourists"
"sim card for new zealand",1,6,"en-GB,en-US","new zealand sim card for tourists"
"sim in the philippines",1,6,"en-GB,en-US","philippines sim card for tourists"
"spain esim for iphone",1,6,"en-GB,en-US","spain esim"
"tim sim card brazil",1,6,"en-GB,en-US","brazil sim card for tourists"
"tourist sim card japan",1,6,"en-US","turkiye sim card for tourists"
"travel esim comparison",1,6,"en-GB,en-US","travel esim"
"travel esim poland",1,6,"en-US","esim poland"
"travel money card for iceland",1,6,"en-GB,en-US","iceland sim card for tourists"
"travel sim card malaysia",1,6,"en-GB,en-US","malaysia sim card for tourists"
"travel sim for italy",1,6,"en-GB,en-US","italy sim card for tourists"
"travel sim south africa",1,6,"en-GB,en-US","south africa sim card for tourists"
"turkey esim data",1,6,"en-GB","turkiye esim"
"ubigi connection issues",1,6,"en-US","is ubigi good"
"ubigi esim compatible phones",1,6,"en-US","ubigi esim uk"
"uk esim cards for visitors",1,6,"en-GB,en-US","uk esim"
"ultra mobile esim plans",1,6,"en-US","united arab emirates esim plans"
"united arab emirates embassy in sri lanka",1,6,"en-US","united arab emirates esim"
"unlimited esim deals",1,6,"en-GB,en-US","unlimited esim"
"usa esim tourist",1,6,"en-GB,en-US","usa esim"
"vietnam local sim card",1,6,"en-GB,en-US","vietnam sim card for tourists"
"vodafone fiji tourist sim",1,6,"en-GB,en-US","fiji sim card for tourists"
"vodafone germany esim",1,6,"en-GB,en-US","germany esim"
"vodafone portugal esim card",1,6,"en-GB,en-US","portugal esim"
"what is an esim card android",1,6,"en-GB,en-US","what is an esim"
"what is an esim phone",1,6,"en-US","what is an esim"
"what is the best esim to get for japan",1,6,"en-US","how to get an esim for japan"
"where to get china esim",1,6,"en-US","how to get an esim for china"
"zym sim to esim",1,6,"en-US","esim czechia vs sim"
"4s esim discount code",1,7,"en-GB","esim discount code"
"airalo coupon code",1,7,"en-US","is airalo good"
"airalo esim card price",1,7,"en-GB,en-US","airalo esim hong kong"
"airalo portugal esim",1,7,"en-GB","portugal esim"
"apple iphone 13 esim uk",1,7,"en-US","esim uk for iphone"
"argentina sim card reddit",1,7,"en-GB,en-US","argentina esim"
"belgian sim card",1,7,"en-GB","belgium esim"
"belgium sim card unlimited data",1,7,"en-GB,en-US","belgium esim"
"best esim for asia travel",1,7,"en-GB,en-US","esim for asia"
"best esim for australians",1,7,"en-GB,en-US","best esim for australia"
"best esim for bali",1,7,"en-GB,en-US","best esim for indonesia"
"best esim for canada and usa from australia",1,7,"en-GB,en-US","best esim for canada"
"best esim for central america",1,7,"en-GB,en-US","best esim for colombia"
"best esim for china from uk",1,7,"en-GB,en-US","best esim for china"
"best esim for european travel",1,7,"en-US","best esim for croatia"
"best esim for italy travel",1,7,"en-GB,en-US","best esim for italy"
"best esim for japan from uk",1,7,"en-GB,en-US","best esim for japan"
"best esim for madrid",1,7,"en-US","best esim for argentina"
"best esim for malta",1,7,"en-US","best esim for macao"
"best esim for north america",1,7,"en-GB,en-US","best esim for georgia"
"best esim for roaming in mexico",1,7,"en-GB,en-US","best esim for mexico"
"best esim for thailand tourist",1,7,"en-GB,en-US","best esim for thailand"
"best esim for travel to greece",1,7,"en-GB,en-US","best esim for greece"
"best esim for turkey airalo",1,7,"en-GB,en-US","best esim for turkiye"
"best esim for usa with phone number",1,7,"en-GB,en-US","best esim for usa"
"best esim iceland",1,7,"en-GB,en-US","iceland esim"
"best esim plans canada",1,7,"en-US","canada esim plans"
"best esim provider for ireland",1,7,"en-GB","best esim for ireland"
"best sim card in japan for tourist",1,7,"en-GB","japan sim card for tourists"
"best travel sim card for vietnam",1,7,"en-GB,en-US","vietnam sim card for tourists"
"best unlimited esim for europe",1,7,"en-GB,en-US","best esim for belgium"
"buy airalo esim uk",1,7,"en-GB,en-US","airalo esim uk"
"buy magti esim georgia",1,7,"en-US","esim georgia"
"buying a sim card in france",1,7,"en-GB,en-US","france sim card for tourists"
"can i get an esim online",1,7,"en-US","is esim available in georgia"
"canada travel sim card",1,7,"en-US","canada sim card for tourists"
"cell phones vietnam sim card",1,7,"en-US","vietnam sim card for tourists"
"cheapest esim compatible phones in india",1,7,"en-US","cheapest esim india"
"cheapest esim phone uk",1,7,"en-GB","cheapest esim uk"
"china esim reddit",1,7,"en-GB,en-US","china esim"
"china hong kong esim",1,7,"en-US","hong kong esim"
"colombia es mercosur",1,7,"en-GB,en-US","colombia esim"
"como descargar esim iphone",1,7,"en-US","esim colombia for iphone"
"croatia asistencija europa",1,7,"en-GB","croatia esim"
"csl hong kong esim",1,7,"en-GB","hong kong esim"
"czechia summer festivals",1,7,"en-US","czechia esim"
"do i need an esim for iceland",1,7,"en-US","esim for iceland"
"dubai sim for tourist",1,7,"en-US","united arab emirates sim card for tourists"
"e sim for italy and greece",1,7,"en-GB","is esim worth it"
"e sim for portugal",1,7,"en-GB,en-US","portugal sim card for tourists"
"efsim company saudi arabia",1,7,"en-US","yesim esim saudi arabia"
"egypt e sim card",1,7,"en-GB,en-US","egypt sim card for tourists"
"esim airalo",1,7,"en-GB,en-US","esim"
"esim argentina personal",1,7,"en-GB,en-US","esim argentina"
"esim canada tourist",1,7,"en-GB,en-US","esim canada"
"esim card for argentina",1,7,"en-GB,en-US","esim for argentina"
"esim card for australia",1,7,"en-US","how to get an esim for australia"
"esim card greece",1,7,"en-US","esim greece"
"esim card iphone usa",1,7,"en-US","esim usa for iphone"
"esim cards for international travel",1,7,"en-GB,en-US","esim for international travel"
"esim cards for ireland",1,7,"en-GB,en-US","esim for ireland"
"esim china activation guide",1,7,"en-GB,en-US","esim china"
"esim colombia gratis",1,7,"en-GB,en-US","esim colombia"
"esim compatible phones unlocked",1,7,"en-GB,en-US","esim compatible phones"
"esim data plan uk",1,7,"en-GB,en-US","esim data plan"
"esim data plans australia",1,7,"en-US","australia esim plans"
"esim deals for roaming",1,7,"en-GB,en-US","esim deals"
"esim for canada reddit",1,7,"en-GB,en-US","esim for canada"
"esim for caribbean cruise",1,7,"en-GB,en-US","esim for cruise"
"esim for china mainland",1,7,"en-GB,en-US","esim for china"
"esim for europe and norway",1,7,"en-GB,en-US","esim for europe"
"esim for india and sri lanka",1,7,"en-GB,en-US","esim for india"
"esim for iphone 17",1,7,"en-GB,en-US","esim for iphone"
"esim for japan south korea and singapore",1,7,"en-GB","esim for south korea"
"esim for singapore tourist",1,7,"en-GB,en-US","esim for singapore"
"esim for spain and france",1,7,"en-GB,en-US","esim for spain"
"esim for uk and france",1,7,"en-GB,en-US","esim for uk"
"esim for usa with phone number",1,7,"en-GB,en-US","esim for usa"
"esim for vietnam and china",1,7,"en-GB,en-US","esim for vietnam"
"esim in french polynesia",1,7,"en-US","esim coverage in fiji"
"esim india providers",1,7,"en-GB,en-US","esim india"
"esim key differences",1,7,"en-GB","esim kenya"
"esim malaysia termurah",1,7,"en-GB,en-US","esim malaysia"
"esim mobile plans uk",1,7,"en-US","uk esim plans"
"esim new zealand telstra",1,7,"en-GB,en-US","esim new zealand"
"esim personal argentina",1,7,"en-GB,en-US","esim peru"
"esim philippines maya",1,7,"en-GB,en-US","esim philippines"
"esim plans for smartphones",1,7,"en-GB,en-US","esim plans"
"esim setup for android",1,7,"en-GB","esim for android"
"esim singapore singtel",1,7,"en-GB,en-US","esim singapore"
"esim spain lebara",1,7,"en-GB,en-US","esim spain"
"esim taiwan and japan",1,7,"en-GB,en-US","esim taiwan"
"esim thailand ais",1,7,"en-GB,en-US","esim thailand"
"esim turkey data packages",1,7,"en-GB,en-US","esim turkiye"
"esim usa tourist",1,7,"en-GB,en-US","esim usa"
"esim usa travel plans",1,7,"en-US","usa esim plans"
"esim vietnam for tourists",1,7,"en-GB,en-US","esim vietnam"
"esim vs sim card convenience",1,7,"en-GB,en-US","esim vs sim"
"esim with att",1,7,"en-US","is esim worth it"
"esim with phone number china",1,7,"en-GB,en-US","esim with phone number"
"france esim orange",1,7,"en-GB,en-US","france esim"
"fuji simpsonville sc",1,7,"en-GB,en-US","fiji esim"
"fuji simulations",1,7,"en-GB,en-US","fiji esim"
"georgia estimated taxes",1,7,"en-GB,en-US","georgia esim"
"gomo ireland esim",1,7,"en-GB,en-US","ireland esim"
"holafly esim mauritius",1,7,"en-US","holafly esim uk"
"how do i get an esim for japan",1,7,"en-US","how to get an esim for japan"
"how to activate esim on iphone 16",1,7,"en-GB,en-US","how to activate esim"
"how to activate holafly esim",1,7,"en-GB,en-US","holafly esim united arab emirates"
"how to get an italian sim card",1,7,"en-GB,en-US","italy sim card for tourists"
"how to install esim on android",1,7,"en-GB,en-US","how to install esim"
"how to install esim on iphone 17",1,7,"en-GB,en-US","how to install esim"
"india esim airtel",1,7,"en-GB,en-US","india esim"
"indonesian sim card bali",1,7,"en-GB,en-US","indonesia sim card for tourists"
"iphone 12 esim capable",1,7,"en-US","esim macao for iphone"
"ireland sim card companies",1,7,"en-US","ireland sim card for tourists"
"is holafly esim good for data",1,7,"en-GB,en-US","is holafly good"
"is iphone 16 esim only in australia",1,7,"en-US","esim australia for iphone"
"is nomad a good place to stay in new york",1,7,"en-US","is nomad good"
"is nord good reddit",1,7,"en-GB","is nomad good"
"israel prepaid sim card reviews",1,7,"en-US","israel sim card for tourists"
"italy local sim card",1,7,"en-GB,en-US","italy sim card for tourists"
"japan data sim card for tourist",1,7,"en-US","japan sim card for tourists"
"jetpac discount code",1,7,"en-US","is jetpac good"
"kenya simpson",1,7,"en-GB","kenya esim"
"klook south korea esim",1,7,"en-GB,en-US","south korea esim"
"list of sim cards in the philippines",1,7,"en-GB,en-US","philippines sim card for tourists"
"lyca esim belgium",1,7,"en-GB,en-US","esim belgium"
"mexico esim data",1,7,"en-GB,en-US","mexico esim"
"mobile data with esim",1,7,"en-US","esim saudi arabia 10gb"
"mobile sim for morocco",1,7,"en-GB,en-US","morocco sim card for tourists"
"netherlands sim",1,7,"en-GB,en-US","netherlands esim"
"nomad esim coupon code reddit",1,7,"en-US","nomad esim macao"
"nomad esim purchase",1,7,"en-US","nomad esim peru"
"one nz esim top up",1,7,"en-GB,en-US","esim top up"
"peru sim card purchase guide",1,7,"en-GB,en-US","peru esim"
"philippines sim card registration",1,7,"en-GB,en-US","philippines sim card for tourists"
"physical sim card vs esim",1,7,"en-US","esim fiji vs sim"
"pocket wifi esim philippines",1,7,"en-GB,en-US","esim vs pocket wifi"
"poland sims",1,7,"en-GB","poland esim"
"portugal data esim",1,7,"en-US","portugal esim"
"que es el esim en iphone",1,7,"en-US","esim mexico for iphone"
"rica sim card online",1,7,"en-GB,en-US","costa rica sim card for tourists"
"roam food truck",1,7,"en-US","is roami good"
"roamic discount",1,7,"en-US","is roamic good"
"romi gooden",1,7,"en-GB,en-US","is roami good"
"sally goodin",1,7,"en-GB","is saily good"
"saudi arabia sim card list",1,7,"en-GB,en-US","saudi arabia esim"
"sim card for canada",1,7,"en-GB,en-US","canada sim card for tourists"
"sim card for uk",1,7,"en-GB,en-US","uk sim card for tourists"
"sim card for visitors australia",1,7,"en-US","austria sim card for tourists"
"sim card purchase in hong kong",1,7,"en-GB,en-US","hong kong sim card for tourists"
"sim card spain unlimited data",1,7,"en-US","spain sim card for tourists"
"sim for new zealand travel",1,7,"en-US","new zealand sim card for tourists"
"sim for south africa",1,7,"en-GB,en-US","south africa sim card for tourists"
"sim for south america",1,7,"en-GB,en-US","argentina sim card for tourists"
"sim price in saudi arabia",1,7,"en-GB,en-US","saudi arabia sim card for tourists"
"singapore esim data only",1,7,"en-GB,en-US","singapore esim"
"spanish data sim card",1,7,"en-GB,en-US","spain sim card for tourists"
"tourist sim card indonesia",1,7,"en-US","turkiye sim card for tourists"
"travel card for fiji",1,7,"en-GB,en-US","fiji sim card for tourists"
"travel esim card",1,7,"en-US","travel esim"
"travel esim for fiji from australia",1,7,"en-GB,en-US","esim for fiji"
"ubigi compatible devices",1,7,"en-US","is ubigi good"
"ubigi esim card",1,7,"en-GB,en-US","ubigi esim"
"uk esim for travel",1,7,"en-GB,en-US","uk esim"
"uk mobile providers with esim",1,7,"en-US","esim coverage in uk"
"united arab emirates immigration portal",1,7,"en-US","united arab emirates esim"
"usa esim travel",1,7,"en-GB,en-US","usa esim"
"using a credit card in iceland",1,7,"en-GB,en-US","iceland sim card for tourists"
"vodafone greece tourist sim",1,7,"en-US","greece sim card for tourists"
"vodafone spain esim",1,7,"en-GB,en-US","spain esim"
"vodafone tourist sim card portugal",1,7,"en-GB,en-US","portugal sim card for tourists"
"wecom israel esim",1,7,"en-GB,en-US","israel esim"
"what is an esim profile",1,7,"en-GB,en-US","what is an esim"
"what is an esim provider",1,7,"en-US","esim coverage in georgia"
"what is the best esim for france",1,7,"en-GB,en-US","best esim for france"
"what is the best esim for india",1,7,"en-GB,en-US","best esim for india"
"what is the best esim for philippines",1,7,"en-US","best esim for philippines"
"what is the best esim for spain",1,7,"en-GB","best esim for spain"
"what is the best esim to use in spain",1,7,"en-GB,en-US","best esim for spain"
"where do i get an esim",1,7,"en-US","does esim work in georgia"
"yes i am good",1,7,"en-GB","is yesim good"
"airalo code",1,8,"en-US","is airalo good"
"airalo esim global",1,8,"en-US","airalo esim"
"airalo esim installation instructions",1,8,"en-US","airalo esim israel"
"ais tourist sim card",1,8,"en-US","austria sim card for tourists"
"best data esim for india",1,8,"en-GB","best esim for india"
"best esim card for spain",1,8,"en-US","best esim for spain"
"best esim for asia region",1,8,"en-GB,en-US","esim for asia"
"best esim for caribbean",1,8,"en-GB,en-US","best esim for costa rica"
"best esim for china and japan",1,8,"en-GB,en-US","best esim for china"
"best esim for europe from canada",1,8,"en-US","best esim for canada"
"best esim for florida",1,8,"en-GB,en-US","best esim for georgia"
"best esim for north america and canada",1,8,"en-GB,en-US","best esim for canada"
"best esim for thailand travel from canada",1,8,"en-GB,en-US","best esim for thailand"
"best esim for travel in europe",1,8,"en-US","best esim for netherlands"
"best esim for turkey and europe",1,8,"en-GB,en-US","best esim for turkiye"
"best esim for uganda",1,8,"en-GB,en-US","best esim for kenya"
"best esim for usa travel from uk",1,8,"en-GB,en-US","best esim for usa"
"best esim for voice and data in mexico",1,8,"en-GB,en-US","best esim for mexico"
"best esim plan for usa",1,8,"en-US","esim coverage in usa"
"best japan sim card for tourist",1,8,"en-US","japan sim card for tourists"
"best sim card data in the philippines",1,8,"en-US","philippines sim card for tourists"
"best sim card for internet philippines",1,8,"en-GB,en-US","philippines sim card for tourists"
"best sim for india travel",1,8,"en-GB,en-US","india sim card for tourists"
"best sim only deals",1,8,"en-GB","best esim"
"canada esim reddit",1,8,"en-GB,en-US","canada esim"
"cheapest esim deals uk",1,8,"en-GB","cheapest esim uk"
"cheapest monthly esim uk",1,8,"en-GB,en-US","cheapest esim saudi arabia"
"china esim 1 day",1,8,"en-GB,en-US","china esim"
"colombia es mundial",1,8,"en-US","colombia esim"
"columbia siman",1,8,"en-GB","colombia esim"
"czech etimex hranice",1,8,"en-US","czechia esim"
"daily gospel",1,8,"en-US","is saily good"
"do you need an esim for iceland",1,8,"en-US","esim for iceland"
"does china mobile support esim",1,8,"en-US","esim coverage in china"
"does esim cost extra",1,8,"en-US","esim coverage in israel"
"does red pocket support esim",1,8,"en-GB,en-US","esim vs pocket wifi"
"egypt sim card airport",1,8,"en-GB,en-US","egypt sim card for tourists"
"esim argentina movistar",1,8,"en-GB,en-US","esim argentina"
"esim card for android phone",1,8,"en-GB,en-US","esim for android"
"esim card for asia",1,8,"en-US","esim for asia"
"esim card for cruise ship",1,8,"en-GB,en-US","esim for cruise"
"esim card for the uk",1,8,"en-US","esim coverage in uk"
"esim card morocco",1,8,"en-US","esim morocco"
"esim cards for greece",1,8,"en-GB,en-US","esim for greece"
"esim cards for new zealand",1,8,"en-US","esim for new zealand"
"esim cellcom israel",1,8,"en-GB","esim israel"
"esim china mainland",1,8,"en-GB,en-US","esim china"
"esim claro argentina",1,8,"en-GB","argentina esim"
"esim claro peru",1,8,"en-US","esim peru"
"esim colombia holafly",1,8,"en-GB,en-US","esim colombia"
"esim data plan uk ee",1,8,"en-GB,en-US","esim data plan"
"esim data plans in canada",1,8,"en-US","canada esim plans"
"esim deals for egypt",1,8,"en-GB,en-US","esim for egypt"
"esim deals for tourists",1,8,"en-GB,en-US","esim deals"
"esim europe",1,8,"en-GB","esim"
"esim for china from india",1,8,"en-GB,en-US","esim for china"
"esim for europe travel from india",1,8,"en-GB,en-US","esim for europe"
"esim for india travel from uk",1,8,"en-GB,en-US","esim for india"
"esim for italy and greece",1,8,"en-GB,en-US","esim for italy"
"esim for japan trip",1,8,"en-GB,en-US","esim for japan"
"esim for mauritius",1,8,"en-US","esim for macao"
"esim for uk to uk",1,8,"en-GB,en-US","esim for uk"
"esim for vietnam and cambodia travel",1,8,"en-GB,en-US","esim for vietnam"
"esim france voyage",1,8,"en-GB,en-US","esim france"
"esim google fi iphone",1,8,"en-US","esim turkiye for iphone"
"esim holafly como funciona",1,8,"en-US","holafly esim costa rica"
"esim india activation process",1,8,"en-GB,en-US","esim india"
"esim indonesia murah",1,8,"en-GB,en-US","esim indonesia"
"esim japan unlimited data",1,8,"en-GB,en-US","esim japan"
"esim malaysia digi",1,8,"en-GB,en-US","esim malaysia"
"esim mexico providers",1,8,"en-GB,en-US","esim mexico"
"esim plans for tablets",1,8,"en-GB,en-US","esim plans"
"esim prepaid plans uk",1,8,"en-US","uk esim plans"
"esim singapore travel",1,8,"en-GB,en-US","esim singapore"
"esim spain text+call",1,8,"en-GB,en-US","esim spain"
"esim taiwan and thailand",1,8,"en-GB,en-US","esim taiwan"
"esim thailand klook",1,8,"en-GB,en-US","esim thailand"
"esim turkey argos",1,8,"en-GB","esim turkiye"
"esim turkey prepaid options",1,8,"en-US","esim turkiye"
"esim uk activation",1,8,"en-GB,en-US","esim uk"
"esim usa airalo",1,8,"en-GB,en-US","esim usa"
"esim vietnam travel guide",1,8,"en-GB,en-US","esim vietnam"
"esim vodafone fiji",1,8,"en-GB","esim fiji"
"esim vs sim speed",1,8,"en-GB,en-US","esim vs sim"
"esim with at&t",1,8,"en-US","is esim worth it"
"france data sim card",1,8,"en-GB,en-US","france sim card for tourists"
"free service with esim",1,8,"en-US","esim coverage in georgia"
"free sim card ireland",1,8,"en-GB,en-US","ireland sim card for tourists"
"georgia estimated tax payments",1,8,"en-GB,en-US","georgia esim"
"georgia estimated taxes pay",1,8,"en-US","georgia esim"
"holafly esim kosten",1,8,"en-GB","holafly esim uk"
"holafly indonesia esim",1,8,"en-US","indonesia esim"
"how to activate esim on iphone 13",1,8,"en-GB,en-US","how to activate esim"
"how to activate esim on motorola",1,8,"en-US","how to activate esim"
"how to get an iceland card",1,8,"en-GB,en-US","iceland sim card for tourists"
"how to get esim",1,8,"en-US","how to get an esim for mexico"
"how to install esim on iphone 16",1,8,"en-GB,en-US","how to install esim"
"india esim online",1,8,"en-GB,en-US","india esim"
"international sim card for india",1,8,"en-GB,en-US","india sim card for tourists"
"international sim card for travel",1,8,"en-GB,en-US","brazil sim card for tourists"
"iphone se use esim",1,8,"en-US","esim france for iphone"
"is holafly esim good for travel",1,8,"en-GB,en-US","is holafly good"
"italy esim providers",1,8,"en-GB,en-US","italy esim"
"japan esim australia",1,8,"en-GB,en-US","japan esim"
"jetpac esim nz",1,8,"en-GB,en-US","jetpac esim"
"kenya simti",1,8,"en-GB","kenya esim"
"korea sim card with phone number",1,8,"en-US","south korea sim card for tourists"
"lyca netherlands esim",1,8,"en-US","netherlands esim"
"malaysia esim card for tourist",1,8,"en-US","esim coverage in malaysia"
"malaysia esim with local number",1,8,"en-GB,en-US","malaysia esim"
"mexico esim reddit",1,8,"en-GB,en-US","mexico esim"
"mexico sim card iphone",1,8,"en-GB,en-US","mexico sim card for tourists"
"netherlands eliminated",1,8,"en-GB","netherlands esim"
"new zealand esim data",1,8,"en-GB,en-US","new zealand esim"
"nomad esim company",1,8,"en-US","nomad esim macao"
"nomad esim discount code 2025",1,8,"en-GB","nomad esim india"
"nomad leather goods",1,8,"en-GB,en-US","is nomad good"
"nos portugal esim",1,8,"en-US","portugal esim"
"nz sim card for travellers",1,8,"en-GB,en-US","new zealand sim card for tourists"
"orange portugal esim",1,8,"en-GB","portugal esim"
"orange sim card spain",1,8,"en-US","spain sim card for tourists"
"phones that use esim",1,8,"en-US","esim argentina for iphone"
"poland sim card",1,8,"en-GB","poland esim"
"prepaid sim card canada travel",1,8,"en-GB,en-US","canada sim card for tourists"
"proximus belgium esim",1,8,"en-GB,en-US","belgium esim"
"qatar e-sim",1,8,"en-GB","qatar esim"
"que es esim en iphone",1,8,"en-US","esim mexico for iphone"
"roaming deutschland",1,8,"en-US","is roamic good"
"roma goodstart",1,8,"en-GB","is roami good"
"saily esim android setup",1,8,"en-GB","saily esim spain"
"saily esim compatible phones",1,8,"en-US","saily esim macao"
"saily esim in china",1,8,"en-GB","saily esim india"
"sally goodwin",1,8,"en-GB","is saily good"
"sim card for australia",1,8,"en-GB,en-US","australia sim card for tourists"
"sim card for china",1,8,"en-US","china sim card for tourists"
"sim card for peru",1,8,"en-GB,en-US","peru sim card for tourists"
"sim card for use in china",1,8,"en-GB","china sim card for tourists"
"sim card morocco airport",1,8,"en-GB,en-US","morocco sim card for tourists"
"sim cards usa turkey",1,8,"en-US","turkiye sim card for tourists"
"sim price in malaysia for tourist",1,8,"en-GB,en-US","malaysia sim card for tourists"
"smart philippines esim",1,8,"en-GB,en-US","philippines esim"
"south america esim",1,8,"en-GB","south africa esim"
"south korea sim card for foreigners",1,8,"en-GB,en-US","south korea sim card for tourists"
"taiwan esim at airport",1,8,"en-GB,en-US","taiwan esim"
"thailand esim for tourist",1,8,"en-US","how to get an esim for thailand"
"thailand esim travel guide",1,8,"en-GB,en-US","thailand esim"
"tim italy sim card",1,8,"en-GB,en-US","italy sim card for tourists"
"travel esim japan",1,8,"en-GB","travel esim"
"travel esim singapore",1,8,"en-GB,en-US","travel esim"
"travel money card for fiji",1,8,"en-GB,en-US","fiji sim card for tourists"
"turkey e sims",1,8,"en-GB","turkiye esim"
"turkish sim card unlimited data",1,8,"en-GB,en-US","turkiye sim card for tourists"
"ubigi configuration guide",1,8,"en-US","is ubigi good"
"uk esim illimite",1,8,"en-GB,en-US","uk esim"
"united arab emirates emoji",1,8,"en-US","united arab emirates esim"
"us esim data plan",1,8,"en-US","united arab emirates esim plans"
"usa esim data",1,8,"en-GB,en-US","usa esim"
"usa sim card for travellers",1,8,"en-GB","usa sim card for tourists"
"usa sim cards for visitors",1,8,"en-GB,en-US","georgia sim card for tourists"
"vietnam esim with phone number",1,8,"en-GB,en-US","vietnam esim"
"vodafone esim for greece",1,8,"en-GB","esim for greece"
"vodafone esim promo code",1,8,"en-GB,en-US","esim promo code"
"what is an esim australia",1,8,"en-GB,en-US","what is an esim"
"airalo esim installation android",1,9,"en-US","airalo esim israel"
"at&t mexico esim",1,9,"en-US","mexico esim"
"australian esim with phone number",1,9,"en-US","how to get an esim for australia"
"best esim deals",1,9,"en-GB","best esim"
"best esim for australians in bali",1,9,"en-GB,en-US","best esim for australia"
"best esim for china and vietnam",1,9,"en-GB,en-US","best esim for china"
"best esim for cruise ships",1,9,"en-GB,en-US","esim for cruise"
"best esim for italy from canada",1,9,"en-GB,en-US","best esim for italy"
"best esim for jamaica",1,9,"en-US","best esim for fiji"
"best esim for pakistan",1,9,"en-GB,en-US","best esim for qatar"
"best esim for roaming",1,9,"en-GB,en-US","roami esim united arab emirates"
"best esim for scotland",1,9,"en-GB,en-US","best esim for iceland"
"best esim for thailand and cambodia",1,9,"en-GB,en-US","best esim for thailand"
"best esim for the uk",1,9,"en-GB,en-US","best esim for georgia"
"best esim for turkey and greece",1,9,"en-GB,en-US","best esim for turkiye"
"best esim for uk and italy",1,9,"en-GB,en-US","best esim for uk"
"best esim for usa 2026",1,9,"en-GB,en-US","best esim for usa"
"best esim for vietnam and japan",1,9,"en-GB,en-US","best esim for vietnam"
"best esim in singapore",1,9,"en-US","is esim available in singapore"
"best esims for costa rica",1,9,"en-US","esim for costa rica"
"best prepaid sim card for germany",1,9,"en-US","germany sim card for tourists"
"best sim for morocco",1,9,"en-GB","morocco sim card for tourists"
"best singapore esim",1,9,"en-GB","singapore esim"
"best vietnam sim card",1,9,"en-GB,en-US","vietnam sim card for tourists"
"buy airalo esim china",1,9,"en-GB,en-US","airalo esim china"
"buy saudi arabia sim card online",1,9,"en-GB,en-US","saudi arabia sim card for tourists"
"buying a sim card in south africa",1,9,"en-GB,en-US","south africa sim card for tourists"
"buying sim card in singapore",1,9,"en-US","singapore sim card for tourists"
"canada esim for calls and text messages",1,9,"en-GB,en-US","canada esim"
"cheapest sim in spain",1,9,"en-US","spain sim card for tourists"
"cheapest uk esim deals",1,9,"en-GB,en-US","cheapest esim united arab emirates"
"colombia es miembro de la ocde",1,9,"en-US","colombia esim"
"columbia simulations",1,9,"en-GB","colombia esim"
"czechia smarty",1,9,"en-US","czechia esim"
"digital sim card for international travel",1,9,"en-GB,en-US","brazil sim card for tourists"
"does china have esim",1,9,"en-US","esim china vs sim"
"e sim in saudi arabia",1,9,"en-US","esim saudi arabia vs sim"
"esim argentina tuenti",1,9,"en-GB,en-US","esim argentina"
"esim at&t",1,9,"en-US","esim"
"esim australia benefits",1,9,"en-GB,en-US","esim australia"
"esim card for malaysia",1,9,"en-GB","esim for malaysia"
"esim china holafly",1,9,"en-GB,en-US","esim china"
"esim colombia travel",1,9,"en-GB,en-US","esim colombia"
"esim data for china",1,9,"en-US","esim coverage in china"
"esim data plan telstra",1,9,"en-GB,en-US","esim data plan"
"esim deals turkey",1,9,"en-GB,en-US","esim deals"
"esim for china with phone number",1,9,"en-GB,en-US","esim for china"
"esim for india travel from usa",1,9,"en-GB,en-US","esim for india"
"esim for ipad ireland",1,9,"en-GB,en-US","esim for ireland"
"esim for ipad wifi only",1,9,"en-GB,en-US","esim vs pocket wifi"
"esim for iphone 8",1,9,"en-GB,en-US","esim for iphone"
"esim for japan ubigi",1,9,"en-GB,en-US","esim for japan"
"esim for mongolia",1,9,"en-US","esim for macao"
"esim for southeast asia",1,9,"en-GB,en-US","esim for asia"
"esim for spain from the us",1,9,"en-US","esim for spain"
"esim for thailand and malaysia",1,9,"en-GB,en-US","esim for thailand"
"esim for uk calls",1,9,"en-GB,en-US","esim for uk"
"esim for vietnam and hong kong",1,9,"en-GB,en-US","esim for vietnam"
"esim free for phone",1,9,"en-US","esim malaysia for iphone"
"esim india compatible devices",1,9,"en-GB,en-US","esim india"
"esim indonesia apa saja",1,9,"en-GB,en-US","esim indonesia"
"esim iphone t mobile",1,9,"en-US","esim turkiye for iphone"
"esim japan promo code",1,9,"en-GB,en-US","esim promo code"
"esim japan review",1,9,"en-GB,en-US","esim japan"
"esim malaysia hugosim",1,9,"en-GB,en-US","esim malaysia"
"esim mexico para datos",1,9,"en-GB,en-US","esim mexico"
"esim no compatible iphone",1,9,"en-US","esim macao for iphone"
"esim only deals india",1,9,"en-US","esim coverage in india"
"esim que es en iphone",1,9,"en-US","esim colombia for iphone"
"esim singapore phone number",1,9,"en-GB,en-US","esim singapore"
"esim travel netherlands",1,9,"en-GB,en-US","esim for netherlands"
"esim turkey maya",1,9,"en-GB","esim turkiye"
"esim usa activation",1,9,"en-GB,en-US","esim usa"
"esim vs sim data plans",1,9,"en-GB,en-US","esim vs sim"
"europe sim card for travellers from australia",1,9,"en-GB,en-US","austria sim card for tourists"
"france sim card unlimited data",1,9,"en-GB,en-US","france sim card for tourists"
"free sim card spain",1,9,"en-GB,en-US","spain sim card for tourists"
"fuji simple ace",1,9,"en-GB,en-US","fiji esim"
"government phone service with esim",1,9,"en-US","esim coverage in georgia"
"how does holafly esim work",1,9,"en-GB,en-US","holafly esim south africa"
"how to activate esim on android",1,9,"en-GB,en-US","how to activate esim"
"how to activate esim on my o2 app",1,9,"en-GB","how to activate esim"
"how to activate thailand esim",1,9,"en-US","how to get an esim for thailand"
"how to buy esim for thailand",1,9,"en-US","is esim available in iceland"
"how to buy esim in china",1,9,"en-GB,en-US","does esim work in czechia"
"how to buy sim card in italy",1,9,"en-US","italy sim card for tourists"
"how to check esim",1,9,"en-US","how to get an esim for czechia"
"how to install esim on ipad",1,9,"en-US","how to install esim"
"how to rica the sim card",1,9,"en-GB","costa rica sim card for tourists"
"how to top up icc esim",1,9,"en-GB,en-US","esim top up"
"how to use iceland gift card online",1,9,"en-GB,en-US","iceland sim card for tourists"
"india esim data packages",1,9,"en-GB,en-US","india esim"
"indonesia travel esim",1,9,"en-US","indonesia esim"
"inwi esim morocco",1,9,"en-US","esim morocco"
"italy esim for travel",1,9,"en-GB,en-US","italy esim"
"japan wireless esim review",1,9,"en-US","esim japan vs sim"
"jetpac coupon",1,9,"en-US","is jetpac good"
"kenya simon",1,9,"en-GB","kenya esim"
"klook singapore esim",1,9,"en-US","singapore esim"
"lebara spain esim",1,9,"en-GB,en-US","spain esim"
"netherlands eliminated world cup",1,9,"en-GB","netherlands esim"
"netherlands prepaid sim card",1,9,"en-GB","netherlands sim card for tourists"
"nomad esim contact",1,9,"en-US","nomad esim macao"
"nomad esim login",1,9,"en-GB,en-US","nomad esim"
"nomad esim price",1,9,"en-US","nomad esim peru"
"nomad goods",1,9,"en-GB,en-US","is nomad good"
"nz sim card travel",1,9,"en-GB,en-US","new zealand sim card for tourists"
"orange egypt tourist sim card",1,9,"en-GB,en-US","egypt sim card for tourists"
"peru sim card options",1,9,"en-GB,en-US","peru esim"
"qatar aim",1,9,"en-GB","qatar esim"
"reddit esim cards travel guide",1,9,"en-US","esim saudi arabia reddit"
"romani godi raporlar",1,9,"en-US","is roami good"
"rome goodwill",1,9,"en-GB","is roami good"
"saily esim configuration guide",1,9,"en-US","saily esim macao"
"sim card canada tourist",1,9,"en-GB,en-US","colombia sim card for tourists"
"sim card deals ireland",1,9,"en-GB,en-US","ireland sim card for tourists"
"sim card for indonesia",1,9,"en-GB,en-US","indonesia sim card for tourists"
"sim card for uk travel from australia",1,9,"en-US","australia sim card for tourists"
"sim card portugal lisbon airport",1,9,"en-GB,en-US","portugal sim card for tourists"
"sim card price philippines",1,9,"en-GB,en-US","philippines sim card for tourists"
"sim omzetten naar esim",1,9,"en-US","esim netherlands vs sim"
"taiwan esim share hotspot",1,9,"en-GB,en-US","taiwan esim"
"telstra esim for international travel",1,9,"en-US","esim for international travel"
"thailand esim compatibility",1,9,"en-GB,en-US","thailand esim"
"tourist sim for singapore",1,9,"en-GB,en-US","singapore sim card for tourists"
"tourist sim in malaysia",1,9,"en-GB,en-US","malaysia sim card for tourists"
"travel esim australia",1,9,"en-GB,en-US","travel esim"
"travel esim for international trips",1,9,"en-GB","esim for international travel"
"travel esim for japan",1,9,"en-US","travel esim"
"travel sim for new zealand",1,9,"en-GB","new zealand sim card for tourists"
"travel sim south america",1,9,"en-US","argentina sim card for tourists"
"turkey esim argos",1,9,"en-GB","turkiye esim"
"uae sim card plans",1,9,"en-GB,en-US","united arab emirates sim card for tourists"
"uae sim card price",1,9,"en-US","united arab emirates sim card for tourists"
"ubigi coverage",1,9,"en-US","is ubigi good"
"uk esim operatori",1,9,"en-GB,en-US","uk esim"
"united arab emirates emea or apac",1,9,"en-US","united arab emirates esim"
"unlimited esim turkey",1,9,"en-GB,en-US","unlimited esim"
"us sim card for canadian travellers",1,9,"en-US","canada sim card for tourists"
"usa prepaid sim card for tourists",1,9,"en-US","georgia sim card for tourists"
"usa travel sim card",1,9,"en-GB","usa sim card for tourists"
"verizon esim for iceland",1,9,"en-US","esim for iceland"
"vietnam esim online",1,9,"en-GB,en-US","vietnam esim"
"vodafone netherlands esim",1,9,"en-US","netherlands esim"
"vodafone spain esim with phone number",1,9,"en-US","spain esim"
"what is an esim update",1,9,"en-GB,en-US","what is an esim"
"which esim is best for india",1,9,"en-US","best esim for india"
"airalo esim installation guide",1,10,"en-US","airalo esim israel"
"airalo italy esim",1,10,"en-US","italy esim"
"best esim for cruises",1,10,"en-GB","esim for cruise"
"best esim for international travel europe",1,10,"en-GB,en-US","best esim for netherlands"
"best esim for japan 2026",1,10,"en-GB,en-US","best esim for japan"
"best esim for thailand and singapore",1,10,"en-GB,en-US","best esim for thailand"
"best esim for turkey 2025",1,10,"en-GB,en-US","best esim for turkiye"
"best esim for vietnam travel",1,10,"en-GB,en-US","best esim for vietnam"
"best esim in asia",1,10,"en-US","best esim for saudi arabia"
"best indian travel sim cards",1,10,"en-US","india sim card for tourists"
"best sim card for travelling south america",1,10,"en-GB,en-US","argentina sim card for tourists"
"best sim card in germany for students",1,10,"en-US","germany sim card for tourists"
"best travel esim for scandinavia",1,10,"en-US","best esim for iceland"
"best travel sim for australia",1,10,"en-GB,en-US","australia sim card for tourists"
"buy indian esim online",1,10,"en-US","is esim available in india"
"buy south african sim card in uk",1,10,"en-GB,en-US","south africa sim card for tourists"
"buying a sim card in egypt",1,10,"en-GB,en-US","egypt sim card for tourists"
"can hk iphone use esim",1,10,"en-US","esim taiwan for iphone"
"china esim nomad",1,10,"en-GB,en-US","china esim"
"colombia es miembro de la otan",1,10,"en-US","colombia esim"
"columbia simple is better",1,10,"en-GB","colombia esim"
"cost of sim card in canada",1,10,"en-GB,en-US","canada sim card for tourists"
"czechia email",1,10,"en-US","czechia esim"
"data sim card ireland",1,10,"en-GB,en-US","ireland sim card for tourists"
"does saily esim work on cruise ships",1,10,"en-US","saily esim united arab emirates"
"esim australia official website",1,10,"en-GB,en-US","does esim work in australia"
"esim canada free",1,10,"en-GB,en-US","esim canada"
"esim card for travel to iceland",1,10,"en-US","esim for iceland"
"esim data plan international",1,10,"en-GB,en-US","esim data plan"
"esim deals ireland",1,10,"en-GB,en-US","esim deals"
"esim download for android",1,10,"en-GB","esim for android"
"esim for china from australia",1,10,"en-GB,en-US","esim for china"
"esim for europe for 90 days",1,10,"en-GB,en-US","esim for europe"
"esim for iphone xr",1,10,"en-GB,en-US","esim for iphone"
"esim for japan from india",1,10,"en-GB,en-US","esim for japan"
"esim for thailand travel from india",1,10,"en-GB,en-US","esim for thailand"
"esim for uk phone",1,10,"en-GB,en-US","esim for uk"
"esim for usa nomad",1,10,"en-GB,en-US","esim for usa"
"esim india prepaid options",1,10,"en-GB,en-US","esim india"
"esim is better or physical sim",1,10,"en-US","esim uk vs sim"
"esim japan data plan",1,10,"en-GB,en-US","esim japan"
"esim japan discount code",1,10,"en-GB,en-US","esim discount code"
"esim malaysia celcom digi",1,10,"en-GB,en-US","esim malaysia"
"esim mexico para viajes",1,10,"en-GB,en-US","esim mexico"
"esim mobiles in india",1,10,"en-US","esim saudi arabia for iphone"
"esim option in iphone",1,10,"en-US","esim macao for iphone"
"esim plans with unlimited data",1,10,"en-GB,en-US","esim plans"
"esim singapore m1",1,10,"en-GB,en-US","esim singapore"
"esim uk prepaid",1,10,"en-GB,en-US","esim uk"
"esim usa at&t",1,10,"en-GB,en-US","esim usa"
"esimplus",1,10,"en-US","esim"
"free sim card uae",1,10,"en-US","united arab emirates sim card for tourists"
"french data only sim card",1,10,"en-GB,en-US","france sim card for tourists"
"fuji simple ace 400",1,10,"en-US","fiji esim"
"how to activate esim on iphone 14",1,10,"en-GB,en-US","how to activate esim"
"how to buy esim in india",1,10,"en-GB,en-US","does esim work in czechia"
"how to find the esim",1,10,"en-US","how to get an esim for czechia"
"how to install esim from o2 website",1,10,"en-GB,en-US","how to install esim"
"international esim data plan",1,10,"en-US","saudi arabia esim plans"
"international sim card canada",1,10,"en-US","canada sim card for tourists"
"is roamic esim legit",1,10,"en-GB,en-US","roamic esim"
"japan and global esim",1,10,"en-US","esim coverage in japan"
"japan esim airalo",1,10,"en-GB,en-US","japan esim"
"kenya simmons",1,10,"en-GB","kenya esim"
"malaysia mobile sim card",1,10,"en-GB,en-US","malaysia sim card for tourists"
"mobile data sim card belgium",1,10,"en-GB,en-US","belgium sim card for tourists"
"morocco sim card unlimited data",1,10,"en-GB,en-US","morocco sim card for tourists"
"movistar spain esim",1,10,"en-GB","spain esim"
"nomad esim phone number",1,10,"en-US","nomad esim costa rica"
"plastic sim vs esim",1,10,"en-US","esim czechia vs sim"
"prepaid sim card usa for tourists",1,10,"en-GB","peru sim card for tourists"
"rami foodtruck",1,10,"en-US","is roami good"
"saily esim android",1,10,"en-GB","saily esim india"
"saily esim card",1,10,"en-GB,en-US","saily esim"
"saily esim for asia",1,10,"en-GB","esim for asia"
"saily esim kaufen",1,10,"en-GB","saily esim uk"
"sim card for georgia",1,10,"en-GB,en-US","georgia sim card for tourists"
"sim card for tourist in thailand",1,10,"en-US","qatar sim card for tourists"
"thailand esim data packages",1,10,"en-GB,en-US","thailand esim"
"tim tourist sim card italy",1,10,"en-US","italy sim card for tourists"
"travel esim asia",1,10,"en-GB,en-US","travel esim"
"travel esim benefits",1,10,"en-GB,en-US","travel esim"
"travel esim for egypt",1,10,"en-GB","esim for egypt"
"turkey esim voice and data",1,10,"en-GB","turkiye esim"
"ubigi esim nepal",1,10,"en-US","ubigi esim uk"
"ubigi esim ptt",1,10,"en-US","ubigi esim peru"
"uk esim deals",1,10,"en-GB,en-US","uk esim"
"united arab emirates embassy houston",1,10,"en-US","united arab emirates esim"
"unlimited esim uk",1,10,"en-GB,en-US","unlimited esim"
"us sim card for travel",1,10,"en-GB","usa sim card for tourists"
"usa esim providers",1,10,"en-GB,en-US","usa esim"
"what iphone has esim",1,10,"en-US","esim vietnam for iphone"
"what is an esim card for iphone",1,10,"en-GB,en-US","what is an esim"
"what is esim for iphone",1,10,"en-US","esim uk for iphone"
"where to buy sim card philippines",1,10,"en-GB,en-US","philippines sim card for tourists"
"which esim is best for china",1,10,"en-GB","best esim for china"
"airalo esim installation guide for iphone",1,11,"en-US","airalo esim israel"
"avoir une sim et une esim",1,11,"en-US","esim france vs sim"
"best esim for japan 2025",1,11,"en-GB,en-US","best esim for japan"
"best esim for oman",1,11,"en-GB,en-US","best esim for qatar"
"best esim for thailand 2026",1,11,"en-GB,en-US","best esim for thailand"
"best esim for uk and europe from australia",1,11,"en-GB,en-US","best esim for uk"
"best esim provider for japan",1,11,"en-US","does esim work in fiji"
"best esims for india",1,11,"en-US","best esim for georgia"
"best esims for south korea",1,11,"en-US","esim for south korea"
"best unlimited esim japan",1,11,"en-US","unlimited data esim japan"
"buy a french sim card",1,11,"en-GB,en-US","france sim card for tourists"
"buy china esim online",1,11,"en-US","is esim available in czechia"
"can i buy esim online in india",1,11,"en-GB","does esim work in india"
"canada local sim card",1,11,"en-GB,en-US","canada sim card for tourists"
"china esim with local number",1,11,"en-GB,en-US","china esim"
"czechia embassy in zambia",1,11,"en-US","czechia esim"
"data only esim uk",1,11,"en-US","unlimited data esim uk"
"difference between dual sim and esim",1,11,"en-US","esim united arab emirates vs sim"
"does access wireless offer esim",1,11,"en-GB,en-US","esim vs pocket wifi"
"egypt sim card prepaid",1,11,"en-GB,en-US","egypt sim card for tourists"
"esim canada airalo",1,11,"en-GB,en-US","esim canada"
"esim card for usa",1,11,"en-US","esim coverage in usa"
"esim china nomad",1,11,"en-GB,en-US","esim china"
"esim deals worldwide",1,11,"en-GB,en-US","esim deals"
"esim for apple ipad",1,11,"en-US","esim macao for iphone"
"esim for china unicom",1,11,"en-GB,en-US","esim for china"
"esim for iphone 11 att",1,11,"en-GB,en-US","esim for iphone"
"esim for japan and singapore",1,11,"en-GB,en-US","esim for japan"
"esim for uk from usa",1,11,"en-GB,en-US","esim for uk"
"esim for usa travel from india",1,11,"en-GB,en-US","esim for usa"
"esim in philippines available",1,11,"en-GB,en-US","does esim work in argentina"
"esim india prepaid",1,11,"en-GB,en-US","esim india"
"esim japan unlimited",1,11,"en-GB,en-US","esim japan"
"esim malaysia celcom",1,11,"en-GB,en-US","esim malaysia"
"esim mexico travel guide",1,11,"en-GB,en-US","esim mexico"
"esim phones list philippines",1,11,"en-US","esim philippines for iphone"
"esim plans usa",1,11,"en-GB,en-US","esim plans"
"esim qr code",1,11,"en-US","esim"
"esim singapore cheap",1,11,"en-GB,en-US","esim singapore"
"esim uk data only",1,11,"en-GB,en-US","esim uk"
"esim usa providers",1,11,"en-GB,en-US","esim usa"
"esim vietnam airalo",1,11,"en-GB,en-US","esim vietnam"
"esim virgin mobile colombia",1,11,"en-US","esim coverage in colombia"
"esim with phone number and data",1,11,"en-GB,en-US","esim with phone number"
"free mobile sim card france",1,11,"en-US","france sim card for tourists"
"hong kong travel esim",1,11,"en-US","how to get an esim for hong kong"
"hong kong travel sim",1,11,"en-GB,en-US","hong kong sim card for tourists"
"how much is a esim card",1,11,"en-US","united arab emirates esim price"
"how much sim card cost in vietnam",1,11,"en-GB,en-US","vietnam sim card for tourists"
"how to install esim on samsung watch",1,11,"en-GB,en-US","how to install esim"
"how to test esim",1,11,"en-US","how to get an esim for czechia"
"india esim activation process",1,11,"en-GB,en-US","india esim"
"international data roaming esim",1,11,"en-GB","roami esim united arab emirates"
"japan esim options",1,11,"en-GB,en-US","japan esim"
"jetpac esim reddit",1,11,"en-GB,en-US","jetpac esim"
"lg u+ esim korea",1,11,"en-US","ubigi esim south korea"
"malaysia sim card singapore",1,11,"en-US","malaysia sim card for tourists"
"nomad esim compatibility",1,11,"en-US","nomad esim macao"
"orange morocco sim card",1,11,"en-GB,en-US","morocco sim card for tourists"
"perbedaan esim dan sim",1,11,"en-US","esim turkiye vs sim"
"phones with esim capability",1,11,"en-US","esim kenya for iphone"
"reddit esim cards travel advice",1,11,"en-US","esim saudi arabia reddit"
"saudi sim card check",1,11,"en-GB,en-US","saudi arabia sim card for tourists"
"sim card data deals south africa",1,11,"en-US","south africa sim card for tourists"
"sim card for turkey and europe",1,11,"en-GB,en-US","turkiye sim card for tourists"
"sim card in dubai",1,11,"en-US","united arab emirates sim card for tourists"
"sim cards in america for canada",1,11,"en-US","canada sim card for tourists"
"sim cards in america for travelers",1,11,"en-GB","usa sim card for tourists"
"tourist sim card singapore singtel",1,11,"en-GB,en-US","singapore sim card for tourists"
"tourist sim card thailand",1,11,"en-US","india sim card for tourists"
"turkey esim deals",1,11,"en-GB","turkiye esim"
"united arab emirates embassy uk",1,11,"en-US","united arab emirates esim"
"unlimited esim asia",1,11,"en-GB,en-US","unlimited esim"
"unterschied zwischen esim und sim",1,11,"en-US","esim germany vs sim"
"usa esim with calls",1,11,"en-GB,en-US","usa esim"
"vietnam esim matrix",1,11,"en-GB,en-US","vietnam esim"
"vodafone italy tourist sim card",1,11,"en-US","italy sim card for tourists"
"what is an esim for international travel",1,11,"en-GB,en-US","what is an esim"
"where to buy esim for iphone",1,11,"en-US","esim uk for iphone"
"airalo esim not working in china",1,12,"en-GB,en-US","airalo esim hong kong"
"airalo esim sri lanka maldives",1,12,"en-US","airalo esim south africa"
"apple iphone esim compatible",1,12,"en-US","esim macao for iphone"
"best esim for japan from canada",1,12,"en-GB,en-US","best esim for japan"
"best esim for mongolia",1,12,"en-US","best esim for macao"
"best esim for uk and japan",1,12,"en-GB,en-US","best esim for uk"
"best esim for usa 3 months",1,12,"en-GB,en-US","best esim for usa"
"best european esim plans",1,12,"en-US","esim coverage in czechia"
"best sim card for travellers in australia",1,12,"en-GB,en-US","australia sim card for tourists"
"best travel sim for singapore",1,12,"en-GB,en-US","singapore sim card for tourists"
"can saily esim make calls",1,12,"en-US","saily esim united arab emirates"
"cheapest esim compatible phone",1,12,"en-GB,en-US","cheapest esim"
"compare esim plans australia",1,12,"en-US","esim coverage in australia"
"czechia emergency number",1,12,"en-US","czechia esim"
"data only esim canada",1,12,"en-US","unlimited data esim canada"
"does china mobile have esim",1,12,"en-US","esim china vs sim"
"esim and nano sim difference",1,12,"en-US","esim macao vs sim"
"esim canada rogers",1,12,"en-GB,en-US","esim canada"
"esim cards for korea",1,12,"en-US","best esim for south korea"
"esim compatible phones iphone",1,12,"en-GB,en-US","esim compatible phones"
"esim for china from uk",1,12,"en-GB,en-US","esim for china"
"esim for europe trip",1,12,"en-GB,en-US","esim for europe"
"esim for japan and china",1,12,"en-GB,en-US","esim for japan"
"esim for maldives",1,12,"en-US","esim for macao"
"esim for uk and paris",1,12,"en-GB,en-US","esim for uk"
"esim for usa data",1,12,"en-GB,en-US","esim for usa"
"esim in samsung phone",1,12,"en-US","esim malaysia for iphone"
"esim india activation",1,12,"en-GB,en-US","esim india"
"esim japan experience",1,12,"en-GB,en-US","esim japan"
"esim karte costa rica",1,12,"en-US","costa rica esim plans"
"esim mexico para celular",1,12,"en-GB,en-US","esim mexico"
"esim plans 365 days",1,12,"en-GB,en-US","esim plans"
"esim singapore and thailand",1,12,"en-GB,en-US","esim singapore"
"esim t mobile",1,12,"en-US","esim"
"esim uk data packages",1,12,"en-GB,en-US","esim uk"
"esim vietnam how it works",1,12,"en-GB,en-US","esim vietnam"
"esim with italian phone number",1,12,"en-US","does esim work in italy"
"esimo",1,12,"en-GB","esim"
"french mobile sim cards",1,12,"en-GB,en-US","france sim card for tourists"
"germany prepaid sim card",1,12,"en-GB,en-US","germany sim card for tourists"
"hong kong mobile sim card",1,12,"en-GB,en-US","hong kong sim card for tourists"
"how to activate esim on iphone 15",1,12,"en-US","how to activate esim"
"india esim compatible devices",1,12,"en-GB,en-US","india esim"
"international sim card south america",1,12,"en-US","argentina sim card for tourists"
"israel prepaid sim card unlimited",1,12,"en-US","israel sim card for tourists"
"japan esim with phone number for tourist",1,12,"en-GB,en-US","japan esim"
"korea sim card for tourist",1,12,"en-GB,en-US","kenya sim card for tourists"
"korea travel sim card unlimited data",1,12,"en-GB,en-US","south korea sim card for tourists"
"malaysia sim card price",1,12,"en-US","malaysia sim card for tourists"
"mexico esim data plan",1,12,"en-US","esim coverage in mexico"
"migrasi sim ke esim",1,12,"en-US","esim croatia vs sim"
"philippine sim card number",1,12,"en-GB,en-US","philippines sim card for tourists"
"phone with esim support",1,12,"en-US","esim singapore for iphone"
"prepaid sim card ireland",1,12,"en-US","ireland sim card for tourists"
"prepaid sim card italy",1,12,"en-US","italy sim card for tourists"
"purchase canadian sim card",1,12,"en-GB,en-US","canada sim card for tourists"
"rakuten wifi pocket esim",1,12,"en-US","esim vs pocket wifi"
"sim card for uk travel",1,12,"en-GB","uk sim card for tourists"
"sim card vietnam airport",1,12,"en-GB,en-US","vietnam sim card for tourists"
"sim local esim japan",1,12,"en-US","esim japan vs sim"
"swiss sim card for travellers",1,12,"en-GB,en-US","switzerland sim card for tourists"
"tarjeta sim costa rica",1,12,"en-GB,en-US","costa rica sim card for tourists"
"tourist sim card singapore",1,12,"en-US","india sim card for tourists"
"travel sim for nz",1,12,"en-GB,en-US","new zealand sim card for tourists"
"turkey esim online",1,12,"en-GB","turkiye esim"
"ubigi esim phone number",1,12,"en-US","ubigi esim peru"
"united arab emirates embassy in philippines",1,12,"en-US","united arab emirates esim"
"unlimited esim china",1,12,"en-GB,en-US","unlimited esim"
"usa esim free trial",1,12,"en-GB,en-US","usa esim"
"vietnam esim australia",1,12,"en-GB,en-US","vietnam esim"
"vodafone sim vs esim suci",1,12,"en-US","esim czechia vs sim"
"best esim for australians in uk",1,13,"en-US","best esim for australia"
"best esim for japan and usa",1,13,"en-US","best esim for japan"
"best esim for maldives",1,13,"en-US","best esim for macao"
"best esim for uk and singapore",1,13,"en-US","best esim for uk"
"best esim for usa travel from canada",1,13,"en-US","best esim for usa"
"best esims for africa",1,13,"en-US","best esim for south africa"
"china mobile esim buy",1,13,"en-US","esim china vs sim"
"czechia embassy washington dc",1,13,"en-US","czechia esim"
"esim ab welchem iphone",1,13,"en-US","esim austria for iphone"
"esim auf dem iphone",1,13,"en-US","esim germany for iphone"
"esim canada kpn",1,13,"en-US","esim canada"
"esim china travel",1,13,"en-US","esim china"
"esim compatible phones walmart",1,13,"en-US","esim compatible phones"
"esim europe with calling",1,13,"en-US","how to get an esim for belgium"
"esim for caribbean islands",1,13,"en-US","esim coverage in fiji"
"esim for europe with phone number",1,13,"en-US","esim for europe"
"esim for japan travel reddit",1,13,"en-US","esim for japan"
"esim for mozambique",1,13,"en-US","esim for macao"
"esim for usa travel from australia",1,13,"en-US","esim for usa"
"esim india travel guide",1,13,"en-US","esim india"
"esim metro by t mobile",1,13,"en-US","esim"
"esim ou nano sim",1,13,"en-US","esim macao vs sim"
"esim plans for roaming",1,13,"en-US","esim plans"
"esim to physical sim ee",1,13,"en-US","esim kenya vs sim"
"esim uk number",1,13,"en-US","esim uk"
"esim usa travel options",1,13,"en-US","esim usa"
"esim vietnam mobile internet",1,13,"en-US","esim vietnam"
"esim vodacom south africa",1,13,"en-US","esim south africa airport"
"esims for europe travel",1,13,"en-US","esim coverage in greece"
"etisalat tourist sim card",1,13,"en-US","qatar sim card for tourists"
"how to activate esim on iphone 17 pro max",1,13,"en-US","how to activate esim"
"how to apply esim",1,13,"en-US","how to get an esim for brazil"
"how to avail esim",1,13,"en-US","how to get an esim for macao"
"how to buy an esim",1,13,"en-US","how to get an esim for czechia"
"how to buy esim philippines",1,13,"en-US","how to get an esim for peru"
"how to get an esim for verizon",1,13,"en-US","how to get an esim for usa"
"how to get esim from fido",1,13,"en-US","how to get an esim for fiji"
"how to get esim qr",1,13,"en-US","how to get an esim for qatar"
"how to install holafly esim",1,13,"en-US","holafly esim united arab emirates"
"how to purchase esim online",1,13,"en-US","is esim available in israel"
"india esim for nri",1,13,"en-US","india esim"
"international sim cards for travel canada",1,13,"en-US","canada sim card for tourists"
"ireland data only sim",1,13,"en-US","ireland sim card for tourists"
"mobile sim saudi arabia",1,13,"en-US","saudi arabia sim card for tourists"
"nomadic in costa rica",1,13,"en-US","nomad esim costa rica"
"optus sim to esim",1,13,"en-US","esim croatia vs sim"
"singapore and malaysia esim",1,13,"en-US","esim singapore vs sim"
"travel sim card philippines",1,13,"en-US","peru sim card for tourists"
"travel sim in china",1,13,"en-US","china sim card for tourists"
"uk esim for china",1,13,"en-US","esim coverage in china"
"united arab emirates embassy washington dc",1,13,"en-US","united arab emirates esim"
"usa esim buy",1,13,"en-US","usa esim"
"verschil esim en simkaart",1,13,"en-US","esim netherlands vs sim"
"welke iphone heeft esim",1,13,"en-US","esim netherlands for iphone"
"wi-fi esim",1,13,"en-US","esim vs pocket wifi"
"wymiana sim na esim",1,13,"en-US","esim czechia vs sim"
"best esim for australians travelling to japan",1,14,"en-US","best esim for australia"
"best esim for japan and china",1,14,"en-US","best esim for japan"
"best esim for mallorca",1,14,"en-US","best esim for macao"
"best esim for panama",1,14,"en-US","best esim for colombia"
"best esim for the philippines",1,14,"en-US","best esim for peru"
"best sim in saudi",1,14,"en-US","saudi arabia sim card for tourists"
"cheapest esim plan in singapore",1,14,"en-US","is esim available in singapore"
"china mobile esim online",1,14,"en-US","esim czechia for iphone"
"china mobile hk esim",1,14,"en-US","esim hong kong for iphone"
"czechia embassy usa",1,14,"en-US","czechia esim"
"czy mozna miec esim i sim",1,14,"en-US","esim czechia vs sim"
"differenza esim e sim",1,14,"en-US","esim italy vs sim"
"esim canada to uk",1,14,"en-US","esim canada"
"esim china compatibility check",1,14,"en-US","esim china"
"esim compatible phones motorola",1,14,"en-US","esim compatible phones"
"esim for canadian travellers",1,14,"en-US","how to get an esim for canada"
"esim for europe reviews",1,14,"en-US","esim for europe"
"esim for iphone 11 sprint",1,14,"en-US","esim for iphone"
"esim for marrakech",1,14,"en-US","esim for macao"
"esim free trial usa",1,14,"en-US","esim coverage in georgia"
"esim iphone que es",1,14,"en-US","esim argentina for iphone"
"esim mexico para internet",1,14,"en-US","esim mexico"
"esim plans for short term",1,14,"en-US","esim plans"
"esim und sim gleichzeitig",1,14,"en-US","esim austria vs sim"
"esim usa t mobile",1,14,"en-US","esim usa"
"esim vietnam prepaid options",1,14,"en-US","esim vietnam"
"esim with china number",1,14,"en-US","esim coverage in china"
"esimplicity",1,14,"en-US","esim"
"free gov sim card",1,14,"en-US","georgia sim card for tourists"
"free phone esim now",1,14,"en-US","esim poland for iphone"
"hong kong airport sim card",1,14,"en-US","hong kong sim card for tourists"
"how to get an esim for iphone ee",1,14,"en-US","how to get an esim for usa"
"india esim with calls",1,14,"en-US","india esim"
"japan travel sim esim",1,14,"en-US","esim japan vs sim"
"jetpac esim activation",1,14,"en-US","jetpac esim"
"prepaid sim usa tourist",1,14,"en-US","peru sim card for tourists"
"saily esim ptt",1,14,"en-US","saily esim"
"sim card for usa travel from canada",1,14,"en-US","canada sim card for tourists"
"singapore sim card list",1,14,"en-US","singapore sim card for tourists"
"travel esim canada",1,14,"en-US","travel esim"
"united arab emirates embassy pretoria",1,14,"en-US","united arab emirates esim"
"usa esim with phone number free",1,14,"en-US","usa esim"
"welche iphones haben esim",1,14,"en-US","esim germany for iphone"
"what is an international esim",1,14,"en-US","esim united arab emirates"
"where can i buy esim philippines",1,14,"en-US","is esim available in argentina"
"where can i get an esim",1,14,"en-US","is esim available in macao"
"a single esim covering malaysia+thailand",1,15,"en-US","esim coverage in malaysia"
"best data esim for thailand",1,15,"en-US","unlimited data esim thailand"
"best esim for australian travellers to europe",1,15,"en-US","best esim for australia"
"best esim for manila and boracay 15 days",1,15,"en-US","best esim for macao"
"best sim card in malaysia for internet",1,15,"en-US","malaysia sim card for tourists"
"best sim for egypt",1,15,"en-US","egypt sim card for tourists"
"brazil phone card how to use",1,15,"en-US","brazil sim card for tourists"
"buy esim for travel",1,15,"en-US","is esim available in turkiye"
"buy esim usa online",1,15,"en-US","does esim work in usa"
"differenza tra sim e esim",1,15,"en-US","esim italy vs sim"
"e sim for qatar",1,15,"en-US","qatar sim card for tourists"
"esim aktivieren iphone swisscom",1,15,"en-US","esim switzerland for iphone"
"esim australia with calls",1,15,"en-US","esim australia vs sim"
"esim compatible phones vodafone uk",1,15,"en-US","esim compatible phones"
"esim en simkaart tegelijk",1,15,"en-US","esim netherlands vs sim"
"esim for europe and uk from australia",1,15,"en-US","esim for europe"
"esim for iphone 11 verizon",1,15,"en-US","esim for iphone"
"esim for motorola",1,15,"en-US","esim for macao"
"esim for northern cyprus",1,15,"en-US","esim coverage in greece"
"esim for use abroad",1,15,"en-US","esim coverage in united arab emirates"
"esim free trial",1,15,"en-US","esim"
"esim india travel",1,15,"en-US","esim india"
"esim plans with global coverage",1,15,"en-US","esim plans"
"esim pour le maroc",1,15,"en-US","is esim available in morocco"
"hoeveel esim op iphone",1,15,"en-US","esim netherlands for iphone"
"how to get esim for thailand",1,15,"en-US","is esim available in iceland"
"israel prepaid sim card comparison",1,15,"en-US","israel sim card for tourists"
"local travel sim card",1,15,"en-US","georgia sim card for tourists"
"podporuje iphone se esim",1,15,"en-US","esim czechia for iphone"
"sim card for data only canada",1,15,"en-US","canada sim card for tourists"
"travel esim data packages",1,15,"en-US","travel esim"
"triple sim vs esim",1,15,"en-US","esim kenya vs sim"
"which is the best esim",1,15,"en-US","best esim for brazil"
"data sim for egypt",1,16,"en-US","egypt sim card for tourists"
"differenza tra sim ed esim",1,16,"en-US","esim italy vs sim"
"esim maroc pas cher",1,16,"en-US","is esim available in morocco"
"esim metro",1,16,"en-US","esim"
"esim with number uk",1,16,"en-US","esim coverage in uk"
"etisalat qr code for esim",1,16,"en-US","esim coverage in qatar"
"europe travel sim card australia",1,16,"en-US","austria sim card for tourists"
"how to buy sim card in singapore",1,16,"en-US","singapore sim card for tourists"
"iphone compatibles con esim",1,16,"en-US","esim colombia for iphone"
"provider esim di indonesia",1,16,"en-US","esim coverage in indonesia"
"sim als esim nutzen",1,16,"en-US","esim austria vs sim"
"sim card for canada and usa",1,16,"en-US","canada sim card for tourists"
"sim card for marrakech",1,16,"en-US","morocco sim card for tourists"
"sim card france prepaid",1,16,"en-US","france sim card for tourists"
"sim card in malaysia airport",1,16,"en-US","malaysia sim card for tourists"
"sim card internacional colombia",1,16,"en-US","colombia sim card for tourists"
"sim in esim umwandeln swisscom",1,16,"en-US","esim switzerland vs sim"
"sim only offers ireland",1,16,"en-US","ireland sim card for tourists"
"tarjeta sim para argentina",1,16,"en-US","argentina sim card for tourists"
"travel esim for multiple countries",1,16,"en-US","travel esim"
"van simkaart naar esim",1,16,"en-US","esim netherlands vs sim"
"acheter esim pour maroc",1,17,"en-US","is esim available in morocco"
"best esim for europe for australians",1,17,"en-US","how to get an esim for austria"
"best global esim plans",1,17,"en-US","united arab emirates esim plans"
"best sim in germany",1,17,"en-US","germany sim card for tourists"
"best sim in ireland",1,17,"en-US","ireland sim card for tourists"
"best sim only deals spain",1,17,"en-US","spain sim card for tourists"
"esim card south africa",1,17,"en-US","alosim esim south africa"
"esim voor new york",1,17,"en-US","how to get an esim for netherlands"
"hoe werkt esim in buitenland",1,17,"en-US","is esim available in netherlands"
"how to get esim qr code etisalat",1,17,"en-US","esim coverage in qatar"
"international travel sim cards",1,17,"en-US","brazil sim card for tourists"
"iphone compatible avec esim",1,17,"en-US","esim france for iphone"
"italy sim card unlimited data",1,17,"en-US","italy sim card for tourists"
"mejor esim para brasil",1,17,"en-US","best esim for brazil"
"mobile phone with esim capability",1,17,"en-US","esim united arab emirates for iphone"
"prepaid sim card switzerland",1,17,"en-US","switzerland sim card for tourists"
"sim card australia tourist",1,17,"en-US","qatar sim card for tourists"
"sim card virtual colombia",1,17,"en-US","colombia sim card for tourists"
"travel esim with phone number",1,17,"en-US","travel esim"
"uk sim cards for australians",1,17,"en-US","australia sim card for tourists"
"unterschied zwischen sim und esim",1,17,"en-US","esim austria vs sim"
"vanaf welke iphone esim",1,17,"en-US","esim netherlands for iphone"
"y mobile esim iphone",1,17,"en-US","esim colombia for iphone"
"acheter esim en ligne france",1,18,"en-US","is esim available in france"
"acheter une esim pour le maroc",1,18,"en-US","is esim available in morocco"
"appareil iphone compatible esim",1,18,"en-US","esim france for iphone"
"best esim canada",1,18,"en-US","best esim"
"best sim only deals in ireland",1,18,"en-US","ireland sim card for tourists"
"buy french sim card in uk",1,18,"en-US","france sim card for tourists"
"comprar tarjeta esim holafly",1,18,"en-US","holafly esim costa rica"
"esim app",1,18,"en-US","esim"
"esim for bali australia",1,18,"en-US","esim coverage in indonesia"
"esim mobile phones australia",1,18,"en-US","esim australia for iphone"
"esim und sim gleichzeitig nutzen",1,18,"en-US","esim austria vs sim"
"europe sim cards for travelers",1,18,"en-US","netherlands sim card for tourists"
"hoe werkt esim iphone",1,18,"en-US","esim netherlands for iphone"
"iphone es compatible con esim",1,18,"en-US","esim colombia for iphone"
"iphone sim and esim",1,18,"en-US","esim united arab emirates for iphone"
"mobiles with esim in india",1,18,"en-US","esim india for iphone"
"tarjeta sim para viajar a colombia",1,18,"en-US","colombia sim card for tourists"
"travel sim for us and canada",1,18,"en-US","canada sim card for tourists"
"which iphones take esim",1,18,"en-US","esim morocco for iphone"
"airalo esim app",1,19,"en-US","airalo esim"
"aus sim esim machen",1,19,"en-US","esim austria vs sim"
"best sim only deals in france",1,19,"en-US","france sim card for tourists"
"esim activation",1,19,"en-US","esim"
"esim for the maldives",1,19,"en-US","esim coverage in fiji"
"holafly esim reino unido",1,19,"en-US","holafly esim costa rica"
"mobile sim deals ireland",1,19,"en-US","ireland sim card for tourists"
"nz sim cards for visitors",1,19,"en-US","switzerland sim card for tourists"
"sim card movistar colombia",1,19,"en-US","colombia sim card for tourists"
"best esim for cuba",1,20,"en-US","best esim for colombia"
"best esim for use in bali",1,20,"en-US","does esim work in indonesia"
"comment utiliser esim sur iphone",1,20,"en-US","esim france for iphone"
"esim als dual sim",1,20,"en-US","esim austria vs sim"
"esim holafly",1,20,"en-US","esim"
"esim providers for china",1,20,"en-US","esim coverage in czechia"
"irish sim only deals",1,20,"en-US","ireland sim card for tourists"
"migliori esim per marocco",1,20,"en-US","best esim for morocco"
"sim card in french",1,20,"en-US","france sim card for tourists"
"tarjeta esim para colombia",1,20,"en-US","esim coverage in colombia"
"best esim for hawaii",1,21,"en-US","best esim"
"cosmote greece prepaid sim card",1,21,"en-US","greece sim card for tourists"
"esim for sri lanka and maldives",1,21,"en-US","esim coverage in kenya"
"esim oder klassische sim",1,21,"en-US","esim austria vs sim"
"french sim card unlimited data",1,21,"en-US","france sim card for tourists"
"meilleure esim pour le maroc",1,21,"en-US","best esim for morocco"
"best esim for new york",1,22,"en-US","best esim"
"esim temporary number",1,22,"en-US","esim"
"free sim card france",1,22,"en-US","france sim card for tourists"
"nomad limited hong kong",1,22,"en-US","nomad esim hong kong"
"us sim cards for canadians",1,22,"en-US","canada sim card for tourists"
"best esim for alaska",1,23,"en-US","best esim"
"carte sim france pour touriste",1,23,"en-US","france sim card for tourists"
"carte sim france touriste",1,24,"en-US","france sim card for tourists"
"esim free",1,24,"en-US","esim"
"esimplus temporary number",1,25,"en-US","esim"
