keyword,sources,best_rank,markets,best_seed
"best esim plans 2026",57,1,"en-GB,en-US","best esim for uk 2026"
"best esim for eu",57,2,"en-GB,en-US","best esim for belgium 2026"
"best esim for europe",51,1,"en-GB,en-US","best esim for belgium"
"esim usa unlimited data",47,1,"en-GB,en-US","united arab emirates esim unlimited"
"international esim unlimited data",47,1,"en-GB,en-US","india esim unlimited data"
"cheapest esim in uk",46,2,"en-GB,en-US","cheapest esim for belgium"
"cheapest esim for asia",44,1,"en-GB,en-US","cheapest esim for bangkok"
"cheap esim for europe",43,1,"en-GB,en-US","cheapest esim for belgium"
"esim uk unlimited data",41,1,"en-GB,en-US","ireland esim unlimited data"
"best esim for europe review",40,1,"en-GB,en-US","esim for belgium review"
"cheapest esim for usa",40,1,"en-GB,en-US","cheapest esim for usa"
"best esim for japan 2026",38,1,"en-GB,en-US","esim japan 2026"
"best esim for europe and uk",37,1,"en-GB,en-US","esim for belgium review"
"cheapest esim for europe",36,1,"en-GB,en-US","cheapest esim for holland"
"unlimited data esim uk",36,1,"en-GB,en-US","hong kong esim unlimited data"
"global esim unlimited data",36,2,"en-GB,en-US","georgia esim unlimited data"
"best esim for international",36,4,"en-GB,en-US","esim for iceland review"
"best esim for uk and europe",35,1,"en-GB,en-US","best esim for netherlands and belgium"
"esim australia unlimited data",35,1,"en-GB,en-US","australia esim unlimited"
"esim spain unlimited data",35,1,"en-GB,en-US","spain esim unlimited"
"cheapest esim for china",34,1,"en-GB,en-US","cheapest esim for china"
"cheapest esim for india",34,1,"en-GB,en-US","cheapest esim for ksa"
"esim unlimited data europe",33,1,"en-GB,en-US","holland esim unlimited data"
"esim for europe and uk",33,2,"en-US","uk esim coverage map"
"best international esim for europe",33,4,"en-GB,en-US","best esim for netherlands and belgium"
"esim asia unlimited data",32,1,"en-GB,en-US","singapore esim unlimited data"
"best esim for eastern europe",32,5,"en-GB,en-US","best esim for czechia"
"esim for switzerland and europe",31,1,"en-GB,en-US","switzerland esim coverage map"
"esim with unlimited data",31,2,"en-GB,en-US","macao esim unlimited data"
"best esim for mexico",29,1,"en-GB,en-US","best esim for mexico"
"esim options for europe",29,1,"en-GB,en-US","croatia esim coverage map"
"unlimited data travel esim",29,8,"en-GB,en-US","cape town esim unlimited data"
"best esim for uae",28,1,"en-GB,en-US","best esim for uae"
"cheap esim for india",28,9,"en-GB,en-US","esim for india review"
"buy esim for europe",27,3,"en-GB,en-US","esim for czech republic"
"best esim for dubai",26,1,"en-GB,en-US","best esim for dubai"
"free esim unlimited data",26,4,"en-GB,en-US","manila esim unlimited data"
"do i need an esim",25,1,"en-GB,en-US","do i need an esim for manila"
"do i need an esim for europe",25,1,"en-GB,en-US","do i need an esim for germany"
"esim costa rica reddit",25,1,"en-GB,en-US","san jose costa rica esim reddit"
"esim for south america",25,1,"en-GB,en-US","esim for argentina review"
"cheapest monthly esim uk",25,3,"en-GB,en-US","cheapest esim for ireland"
"best esim for spain",24,1,"en-GB,en-US","best esim for spain"
"cheapest esim for korea",24,1,"en-GB,en-US","cheapest esim korea"
"cheapest esims for south africa",24,1,"en-GB,en-US","cheapest esim cape town"
"esim for costa rica travel",24,1,"en-GB,en-US","esim for san jose costa rica"
"best esim for egypt",23,1,"en-GB,en-US","best esim for egypt"
"esim china unlimited data",23,1,"en-GB,en-US","taipei esim unlimited data"
"esim for saudi arabia",23,1,"en-GB,en-US","esim for saudi arabia"
"esim para costa rica",23,4,"en-GB,en-US","costa rica esim unlimited"
"best esim for czech republic",22,1,"en-GB,en-US","best esim for czechia"
"best esim for germany",22,1,"en-GB,en-US","best esim for germany"
"buy esim for dubai",22,1,"en-GB,en-US","cheapest esim united arab emirates"
"esim card costa rica",22,1,"en-GB,en-US","san jose costa rica esim card"
"best esim for singapore malaysia thailand",22,2,"en-GB,en-US","best esim for singapore and malaysia"
"ee unlimited data esim",22,2,"en-GB,en-US","taipei esim unlimited data"
"esim liberty costa rica",22,5,"en-GB,en-US","san jose costa rica esim 2026"
"mejor esim para costa rica",22,9,"en-GB,en-US","cheapest esim costa rica"
"best esim for india from uae",21,1,"en-GB,en-US","esim for qatar review"
"best esim for saudi arabia",21,1,"en-GB,en-US","best esim for saudi arabia"
"best esim for singapore",21,1,"en-GB,en-US","best esim for singapore"
"esim for vietnam travel",21,1,"en-GB,en-US","esim viet nam 2026"
"esim thailand unlimited data",21,1,"en-GB,en-US","bangkok esim unlimited data"
"unlimited data esim europe",21,1,"en-US","holland esim unlimited data"
"best esim for saudi",21,2,"en-GB,en-US","best esim for riyadh"
"best esim for worldwide use",21,2,"en-GB,en-US","esim for iceland review"
"esim for travelling in europe",21,3,"en-GB,en-US","do i need an esim for belgium"
"best esim for portugal",20,1,"en-GB,en-US","best esim for portugal"
"best esim for usa",20,1,"en-GB,en-US","best esim for usa"
"best esim for usa and mexico",20,1,"en-GB,en-US","best esim for usa and mexico"
"cheapest esim for australia",20,1,"en-GB,en-US","cheapest esim for australia"
"cheapest esim for egypt",20,1,"en-GB,en-US","cheapest esim for egypt"
"esim germany unlimited data",20,1,"en-GB,en-US","germany esim unlimited"
"free esim south africa",20,1,"en-GB,en-US","south africa esim unlimited"
"uk esim for europe",20,1,"en-GB,en-US","do i need an esim for belgium"
"esim for traveling in europe",20,3,"en-GB,en-US","croatia esim coverage map"
"esim plans for europe",20,3,"en-GB,en-US","czech republic esim coverage map"
"best esim for turkey and egypt",20,6,"en-GB,en-US","best esim for turkiye"
"esim for travel review",20,7,"en-GB,en-US","esim for brazil review"
"best esim for malaysia",19,1,"en-GB,en-US","best esim for malaysia"
"best esim for south america",19,1,"en-GB,en-US","best esim for colombia 2026"
"best esim for united arab emirates",19,1,"en-GB,en-US","best esim for united arab emirates"
"esim for unlimited data",19,1,"en-GB,en-US","manila esim unlimited data"
"esim italy unlimited data",19,1,"en-GB,en-US","italy esim unlimited"
"best esim for france and spain",19,2,"en-GB,en-US","esim for france and italy"
"how to get an international esim",19,3,"en-GB,en-US","do i need an esim for qatar"
"best travel esim for costa rica",19,4,"en-GB,en-US","best esim for costa rica"
"esim price in south africa",19,8,"en-GB,en-US","cape town esim coverage map"
"best esim for philippines and singapore",18,1,"en-GB,en-US","best esim for singapore and indonesia"
"best esim for switzerland",18,1,"en-GB,en-US","best esim for switzerland"
"cheapest esim for turkey",18,1,"en-GB,en-US","cheapest esim for turkey"
"esim for northern europe",18,1,"en-GB,en-US","belgium esim coverage map"
"esim for usa and mexico",18,1,"en-GB,en-US","esim for usa and mexico"
"philippines esim unlimited data",18,1,"en-GB,en-US","philippines esim unlimited"
"the best esim for europe",18,2,"en-US","best esim for czech republic"
"buy an esim for mexico",18,3,"en-GB,en-US","do i need an esim for cancun"
"esim for hong kong and europe",18,4,"en-GB,en-US","esim for hong kong review"
"free unlimited data esim",18,4,"en-GB,en-US","usa esim unlimited data"
"unlimited data esim south africa",18,13,"en-US","nz esim unlimited data"
"best esim for china",17,1,"en-GB,en-US","best esim for china"
"best esim for singapore and malaysia",17,1,"en-GB,en-US","best esim for singapore and malaysia"
"best esim for us",17,1,"en-GB,en-US","esim for georgia review"
"cheapest esim for new zealand",17,1,"en-GB,en-US","cheapest esim for cape town"
"esim for malaysia and indonesia",17,1,"en-GB,en-US","malaysia esim coverage map"
"travel esim south africa",17,1,"en-GB,en-US","cape town esim coverage map"
"esim comparison for europe",17,2,"en-GB,en-US","esim for poland review"
"best esim for puerto rico",17,3,"en-GB,en-US","best esim for peru"
"buy esim online south africa",17,3,"en-GB,en-US","south africa esim unlimited"
"best esim for italy and greece",16,1,"en-GB,en-US","best esim for italy and greece"
"best esim for poland",16,1,"en-GB,en-US","best esim for poland"
"best esim for vietnam",16,1,"en-GB,en-US","best esim for vietnam"
"cheap esim for thailand",16,1,"en-GB,en-US","cheapest esim for bangkok"
"cheapest esim for peru",16,1,"en-GB,en-US","cheapest esim for peru"
"do i need an esim for singapore",16,1,"en-GB,en-US","do i need an esim for taipei"
"esim for costa rica",16,1,"en-GB,en-US","esim for costa rica"
"esim for hong kong and china",16,1,"en-GB,en-US","hong kong esim 2026"
"esim for hong kong and taiwan",16,1,"en-GB,en-US","taipei esim coverage map"
"europe esim data plan",16,1,"en-GB,en-US","holland esim coverage map"
"esim for hong kong and thailand",16,2,"en-GB,en-US","esim for hong kong review"
"esim for hong kong travel",16,3,"en-GB,en-US","esim for hong kong"
"how to buy esim in singapore",16,3,"en-GB,en-US","do i need an esim for singapore"
"buy esim south africa",16,6,"en-GB,en-US","esim for south africa and namibia"
"get esim online south africa",16,9,"en-GB,en-US","cape town esim unlimited"
"best esim for brazil",15,1,"en-GB,en-US","best esim for brazil"
"best esim for croatia",15,1,"en-GB,en-US","best esim for croatia"
"best esim for india",15,1,"en-GB,en-US","best esim for india"
"best esim for italy",15,1,"en-GB,en-US","best esim for italy"
"best esim for malaysia and singapore",15,1,"en-GB,en-US","esim for singapore review"
"best esim for middle east",15,1,"en-GB,en-US","best esim for riyadh"
"best esim for romania",15,1,"en-GB,en-US","czech republic esim reddit"
"best esim for south korea and japan",15,1,"en-GB,en-US","best esim for south korea and japan"
"best esim for spain and portugal",15,1,"en-GB,en-US","best esim for spain and portugal"
"best esim for thailand and vietnam",15,1,"en-GB,en-US","best esim for thailand and vietnam"
"esim for malaysia and singapore",15,1,"en-GB,en-US","do i need an esim for malaysia"
"esim for south korea",15,1,"en-GB,en-US","esim for south korea"
"esim for switzerland and italy",15,1,"en-GB,en-US","esim for switzerland and italy"
"esim new zealand unlimited data",15,1,"en-GB,en-US","cape town esim unlimited"
"taiwan esim unlimited data",15,1,"en-GB,en-US","taiwan esim unlimited"
"best esim for travel to south africa",15,2,"en-GB,en-US","esim for cape town review"
"cheapest esim for thailand",15,2,"en-GB,en-US","cheapest esim for taipei"
"esim for spain travel",15,2,"en-GB,en-US","spain esim coverage map"
"using an esim in usa",15,2,"en-GB,en-US","do i need an esim for switzerland"
"best esim for asia",15,3,"en-GB,en-US","best esim for taipei 2026"
"best esim plan for mexico",15,3,"en-GB,en-US","cancun esim coverage map"
"esim plans unlimited data",15,4,"en-GB,en-US","georgia esim coverage map"
"esim with number europe",15,5,"en-GB,en-US","belgium esim coverage map"
"cheap esim for turkey",15,6,"en-GB,en-US","esim for turkey review"
"what is the best international esim",15,8,"en-US","best esim for qatar"
"best esim for argentina",14,1,"en-GB,en-US","best esim for argentina"
"best esim for greece",14,1,"en-GB,en-US","best esim for greece"
"best esim for south africa",14,1,"en-GB,en-US","best esim for south africa"
"buy esim for egypt",14,1,"en-GB,en-US","do i need an esim for egypt"
"cheapest esim for morocco",14,1,"en-GB,en-US","cheapest esim for morocco"
"compare esim plans europe",14,1,"en-GB,en-US","czech republic esim coverage map"
"esim for middle east",14,1,"en-GB,en-US","esim for israel review"
"esim for singapore and indonesia",14,1,"en-GB,en-US","esim for singapore and indonesia"
"esim for south africa",14,1,"en-GB,en-US","esim for south africa"
"esim for south africa uk",14,1,"en-GB,en-US","esim for south africa and namibia"
"esim uk and europe",14,1,"en-GB,en-US","esim for finland and sweden"
"best esim for europe travel review",14,2,"en-GB,en-US","esim for belgium review"
"best esim for greece reddit",14,2,"en-GB,en-US","greece esim reddit"
"best esim for south africa from uk",14,2,"en-GB,en-US","best esim for south africa"
"esim for united states",14,2,"en-GB,en-US","usa esim coverage map"
"buy esim for korea",14,6,"en-GB,en-US","esim for korea review"
"esim for hk and china",14,9,"en-GB,en-US","esim czech republic 2026"
"best esim for argentina and chile",13,1,"en-GB,en-US","best esim for argentina 2026"
"best esim for china and hong kong",13,1,"en-GB,en-US","best esim for china and hong kong"
"best esim for korea",13,1,"en-GB,en-US","best esim for korea"
"best esim for latin america",13,1,"en-GB,en-US","best esim for argentina 2026"
"best esim for mexico city",13,1,"en-GB,en-US","esim mexico city"
"best esim for qatar",13,1,"en-GB,en-US","best esim for qatar"
"best esim for turkey",13,1,"en-GB,en-US","best esim for turkiye"
"best esim for vietnam 2025",13,1,"en-GB,en-US","best esim for czech republic 2026"
"best esim for vietnam and singapore",13,1,"en-GB,en-US","best esim for philippines and vietnam"
"esim for hong kong macau and china",13,1,"en-GB,en-US","esim for macao review"
"esim for italy travel",13,1,"en-GB,en-US","esim for italy review"
"esim for new zealand",13,1,"en-GB,en-US","esim for new zealand"
"esim for singapore and vietnam",13,1,"en-GB,en-US","esim for philippines and vietnam"
"esim for turkey and greece",13,1,"en-GB,en-US","esim for turkey and greece"
"esim turkey unlimited data",13,1,"en-GB,en-US","turkey esim coverage map"
"esim united arab emirates",13,1,"en-GB,en-US","esim united arab emirates"
"indonesia best esims coverage",13,1,"en-GB,en-US","kenya esim coverage map"
"best esim for egypt uk",13,2,"en-GB,en-US","best esim for egypt"
"best esim for vietnam cambodia and thailand",13,2,"en-GB,en-US","best esim for vietnam and thailand"
"costa rica esim card",13,2,"en-GB,en-US","costa rica esim"
"esim card for spain and portugal",13,2,"en-GB,en-US","best esim for spain and portugal"
"esim card for vietnam",13,2,"en-GB,en-US","viet nam esim unlimited"
"esim for france and spain",13,2,"en-GB,en-US","france esim coverage map"
"esim for the us",13,2,"en-GB,en-US","esim for georgia review"
"esim for vietnam cambodia and thailand",13,2,"en-GB,en-US","esim for philippines and vietnam"
"how to buy an esim for europe",13,2,"en-GB,en-US","do i need an esim for belgium"
"buy esim hong kong",13,4,"en-GB,en-US","hong kong esim unlimited"
"buy esim for south korea",13,5,"en-GB,en-US","best esim for south korea and japan"
"esim vietnam with number",13,6,"en-GB,en-US","viet nam esim 2026"
"esim for singapore and japan",13,8,"en-GB,en-US","esim for singapore"
"meilleur esim costa rica",13,11,"en-GB,en-US","esim san jose costa rica"
"best esim for australia",12,1,"en-GB,en-US","best esim for australia"
"best esim for austria",12,1,"en-GB,en-US","best esim for austria"
"best esim for colombia",12,1,"en-GB,en-US","best esim for colombia"
"best esim for ireland and northern ireland",12,1,"en-GB,en-US","best esim for ireland 2026"
"best esim for ireland and uk",12,1,"en-GB,en-US","best esim for ireland and uk"
"best esim for kenya",12,1,"en-GB,en-US","best esim for kenya"
"best esim for netherlands",12,1,"en-GB,en-US","best esim for netherlands"
"best esim for switzerland and italy",12,1,"en-GB,en-US","best esim for switzerland and italy"
"can i use an esim",12,1,"en-GB","do i need an esim for uk"
"esim card for brazil",12,1,"en-GB,en-US","brazil esim coverage map"
"esim for germany and austria",12,1,"en-GB,en-US","germany esim coverage map"
"esim for singapore and malaysia",12,1,"en-GB,en-US","do i need an esim for singapore"
"esim nigeria unlimited data",12,1,"en-GB,en-US","kenya esim unlimited data"
"spain esim data plan",12,1,"en-GB,en-US","spain esim coverage map"
"best esim for dubai from uk",12,2,"en-GB,en-US","best esim for dubai"
"best esim for south east asia",12,2,"en-GB,en-US","best esim for ksa 2026"
"buy esim online saudi arabia",12,2,"en-GB,en-US","cheapest esim saudi arabia"
"esim europe unlimited data",12,2,"en-GB,en-US","czech republic esim unlimited"
"esim for malaysia tourist",12,2,"en-GB,en-US","esim for malaysia"
"esim with phone number vietnam",12,2,"en-GB,en-US","viet nam esim unlimited"
"best esim for turkey travel",12,3,"en-GB,en-US","turkey esim coverage map"
"esim for thailand and singapore",12,3,"en-GB,en-US","esim for singapore and indonesia"
"cheapest uk esim deals",12,5,"en-GB,en-US","cheapest esim for portugal"
"best esim plan for europe",12,6,"en-US","holland esim coverage map"
"can esim be used internationally",12,6,"en-GB,en-US","do i need an esim for usa"
"how to use esim overseas",12,7,"en-GB,en-US","do i need an esim for macao"
"best esim for dubai travel 2025",11,1,"en-GB,en-US","best esim for israel 2026"
"best esim for indonesia",11,1,"en-GB,en-US","best esim for indonesia"
"best esim for japan",11,1,"en-GB,en-US","best esim for japan"
"best esim for peru",11,1,"en-GB,en-US","best esim for peru"
"best esim for scandinavia",11,1,"en-GB,en-US","best esim for norway and sweden"
"best esim for south korea",11,1,"en-GB,en-US","best esim for south korea"
"best travel esim for brazil",11,1,"en-GB,en-US","best esim for brazil 2026"
"esim data plan usa",11,1,"en-GB,en-US","usa esim coverage map"
"esim for france travel",11,1,"en-GB,en-US","esim for france review"
"esim for hong kong",11,1,"en-GB,en-US","esim for hong kong"
"esim for italy from uk",11,1,"en-GB,en-US","esim for croatia and italy"
"esim for south korea and japan",11,1,"en-GB,en-US","esim for south korea and japan"
"esim for spain and portugal",11,1,"en-GB,en-US","esim for spain and portugal"
"esim for thailand and vietnam",11,1,"en-GB,en-US","esim for thailand and vietnam"
"esim for the usa",11,1,"en-GB,en-US","usa esim coverage map"
"uae esim with phone number",11,1,"en-GB,en-US","uae esim coverage map"
"best esim card for peru",11,2,"en-GB,en-US","peru esim coverage map"
"best esim for vietnam and cambodia",11,2,"en-GB,en-US","best esim for vietnam"
"esim for use in mexico",11,2,"en-GB,en-US","do i need an esim for argentina"
"vietnam esim for tourist",11,2,"en-GB,en-US","vietnam esim"
"best esim for japan and hong kong",11,3,"en-GB,en-US","hong kong esim best"
"best esim for singapore tourist",11,3,"en-GB,en-US","best esim for singapore"
"cost of esim in spain",11,3,"en-GB,en-US","cheapest esim for spain"
"does esim work in hong kong",11,3,"en-GB,en-US","cheapest esim hong kong"
"esim bali unlimited data",11,3,"en-GB,en-US","esim bali"
"esim costa rica claro",11,3,"en-GB,en-US","esim costa rica"
"esim for morocco with text and phone",11,3,"en-GB,en-US","esim for morocco"
"best esim for ireland and scotland",11,4,"en-GB,en-US","best esim for ireland"
"esim for use in europe",11,4,"en-GB,en-US","esim for czech republic"
"esim japan unlimited data",11,4,"en-GB,en-US","korea esim unlimited data"
"buy esim for china",11,5,"en-GB,en-US","esim czech republic 2026"
"best travel esim for vietnam",11,8,"en-GB,en-US","viet nam esim best"
"how to get esim in uae",11,8,"en-GB,en-US","qatar esim coverage map"
"latin america esim unlimited data",11,8,"en-GB,en-US","brazil esim unlimited data"
"best esim for australia and new zealand",10,1,"en-GB,en-US","best esim for australia and new zealand"
"best esim for cancun",10,1,"en-GB,en-US","best esim for cancun"
"best esim for egypt and jordan",10,1,"en-GB,en-US","best esim for egypt and jordan"
"best esim for france",10,1,"en-GB,en-US","best esim for france"
"best esim for ireland reddit",10,1,"en-GB,en-US","ireland esim reddit"
"best esim for israel",10,1,"en-GB,en-US","best esim for israel"
"best esim for nz",10,1,"en-GB,en-US","best esim for nz"
"best esim for singapore & australia",10,1,"en-GB,en-US","best esim for singapore and indonesia"
"buy esim for france",10,1,"en-GB,en-US","cheapest esim for france"
"esim for bali indonesia",10,1,"en-GB,en-US","bali esim coverage map"
"esim for italy reddit",10,1,"en-GB,en-US","esim for italy review"
"esim for the philippines",10,1,"en-GB,en-US","manila esim coverage map"
"esim for usa and canada",10,1,"en-GB,en-US","esim for osaka"
"thailand esim unlimited data",10,1,"en-GB,en-US","thailand esim unlimited"
"travel esim for turkey",10,1,"en-GB,en-US","turkey esim coverage map"
"us esim data plan",10,1,"en-GB,en-US","georgia esim coverage map"
"best esim card for costa rica",10,2,"en-GB,en-US","best esim for san jose costa rica"
"best esim card for turkey",10,2,"en-GB,en-US","turkey esim card"
"best esim for istanbul",10,2,"en-GB,en-US","best esim for istanbul"
"best esim for portugal and spain",10,2,"en-GB,en-US","best esim for portugal"
"best esim for usa and canada travel",10,2,"en-GB,en-US","best esim for usa and canada"
"cheapest esim for japan",10,2,"en-GB,en-US","cheapest esim for fiji"
"esim card for france",10,2,"en-GB,en-US","france esim coverage map"
"esim for multiple countries",10,2,"en-GB,en-US","kenya esim coverage map"
"esim for new zealand travel",10,2,"en-GB,en-US","esim for new zealand"
"esim for nz travel",10,2,"en-GB,en-US","esim for nz"
"esim for turkey comparison",10,2,"en-GB,en-US","esim for turkiye"
"esim options for japan",10,2,"en-GB,en-US","japan esim coverage map"
"best esim for ecuador",10,3,"en-GB,en-US","esim for colombia review"
"best esim for portugal from canada",10,3,"en-GB,en-US","best esim for portugal"
"best esim for travel to italy",10,3,"en-GB,en-US","best esim for croatia and italy"
"esim for england ireland and scotland",10,3,"en-GB,en-US","esim for england"
"esim for vietnam and cambodia",10,3,"en-GB,en-US","viet nam esim 2026"
"best esim deals for europe",10,4,"en-GB,en-US","cheapest esim for poland"
"best esim for cambodia and vietnam",10,4,"en-US","best esim for vietnam and thailand"
"good esim for china",10,4,"en-GB,en-US","cheapest esim for china"
"international esim data plan",10,4,"en-GB,en-US","iceland esim coverage map"
"data only esim europe",10,5,"en-GB,en-US","italy esim unlimited data"
"esim for hong kong and japan",10,5,"en-GB,en-US","esim for hong kong"
"portugal esim for tourists",10,5,"en-GB,en-US","portugal esim"
"esim card for kenya",10,6,"en-GB,en-US","esim for kenya"
"buy esim for india",10,7,"en-GB,en-US","esim for ksa review"
"beste esim costa rica",10,10,"en-GB,en-US","cheapest esim costa rica"
"buy esim online dubai",10,12,"en-GB,en-US","best esim for dubai"
"best esim for georgia",9,1,"en-GB,en-US","best esim for georgia"
"best esim for hong kong",9,1,"en-GB,en-US","best esim for hong kong"
"best esim for ireland",9,1,"en-GB,en-US","best esim for ireland"
"best esim for new zealand",9,1,"en-GB,en-US","best esim for new zealand"
"best esim for new zealand and australia",9,1,"en-GB,en-US","best esim for new zealand and australia"
"buy esim for russia",9,1,"en-GB,en-US","esim for czech republic review"
"esim card for colombia",9,1,"en-GB,en-US","esim for colombia review"
"esim card for south africa",9,1,"en-GB,en-US","cape town esim card"
"esim for australia and new zealand",9,1,"en-GB,en-US","esim for australia and new zealand"
"esim for japan and south korea",9,1,"en-GB,en-US","esim for japan and south korea"
"esim for mexico travel",9,1,"en-GB,en-US","esim for cancun review"
"esim for the uk",9,1,"en-GB,en-US","uk esim coverage map"
"how to get esim in vietnam",9,1,"en-US","do i need an esim for viet nam"
"malaysia esim with number",9,1,"en-GB,en-US","malaysia esim coverage map"
"morocco esim card for tourist",9,1,"en-GB,en-US","morocco esim card"
"best esim for madrid",9,2,"en-GB,en-US","esim for madrid"
"best esim for marrakech",9,2,"en-GB,en-US","esim for marrakech"
"buy esim for new zealand",9,2,"en-GB,en-US","do i need an esim for nz"
"buy esim for philippines",9,2,"en-GB,en-US","best esim for manila 2026"
"esim card for portugal",9,2,"en-GB,en-US","portugal esim coverage map"
"esim costa rica kolbi",9,2,"en-GB,en-US","esim costa rica"
"esim for england best price",9,2,"en-GB,en-US","esim for england"
"esim for germany trip",9,2,"en-GB,en-US","esim for germany"
"esim for ireland travel",9,2,"en-GB,en-US","ireland esim coverage map"
"esim for korea and japan",9,2,"en-GB,en-US","esim for korea"
"esim for turkey from uk",9,2,"en-US","turkey esim coverage map"
"esim to use in dubai",9,2,"en-GB","do i need an esim for uae"
"using an esim abroad",9,2,"en-GB,en-US","do i need an esim for austria"
"best esim travel egypt",9,3,"en-GB,en-US","egypt esim best"
"best south africa esim",9,3,"en-GB,en-US","cape town esim 2026"
"cheapest esim in usa",9,3,"en-GB,en-US","cheapest esim czech republic"
"esim card for korea",9,3,"en-GB,en-US","korea esim coverage map"
"esim for latin america",9,3,"en-GB,en-US","esim for los angeles"
"portugal esim with phone number",9,3,"en-GB,en-US","portugal esim"
"unlimited esim data plan",9,3,"en-GB,en-US","georgia esim unlimited data"
"what's the best esim for vietnam",9,3,"en-GB,en-US","best esim for viet nam 2026"
"best esim for sweden",9,4,"en-GB,en-US","esim for denmark and sweden"
"esim china hong kong macau",9,4,"en-GB,en-US","esim for macao review"
"best europe esim plans",9,5,"en-GB,en-US","holland esim coverage map"
"esim for costa rica reddit",9,5,"en-GB","esim for san jose costa rica review"
"esim plans in australia",9,5,"en-GB,en-US","australia esim coverage map"
"travel esim for south korea",9,7,"en-GB,en-US","korea esim coverage map"
"best european esim plans",9,8,"en-GB,en-US","holland esim coverage map"
"buy esim online malaysia",9,8,"en-GB,en-US","esim for malaysia review"
"esim summer school 2026",9,9,"en-GB,en-US","czech republic esim 2026"
"esim para usar na argentina",9,10,"en-GB,en-US","esim for argentina review"
"best esim for africa",8,1,"en-GB,en-US","esim for kenya review"
"best esim for canada and usa",8,1,"en-GB,en-US","best esim for canada and usa"
"best esim for chile",8,1,"en-GB,en-US","esim for peru and chile"
"best esim for fiji",8,1,"en-GB,en-US","best esim for fiji"
"best esim for iceland",8,1,"en-GB,en-US","best esim for iceland"
"best esim for italy and greece reddit",8,1,"en-GB,en-US","greece esim reddit"
"best esim for morocco",8,1,"en-GB,en-US","best esim for morocco"
"best esim for morocco uk",8,1,"en-US","esim for morocco review"
"best esim for philippines",8,1,"en-GB,en-US","best esim for philippines"
"best esim for taiwan",8,1,"en-GB,en-US","best esim for taiwan"
"best esim for thailand",8,1,"en-GB,en-US","best esim for thailand"
"best esim for uk",8,1,"en-GB,en-US","best esim for uk"
"best esim plan singapore",8,1,"en-GB,en-US","singapore esim coverage map"
"esim card for morocco",8,1,"en-GB,en-US","do i need an esim for morocco"
"esim for australia from uk",8,1,"en-GB,en-US","australia esim coverage map"
"esim for canada and usa",8,1,"en-GB,en-US","canada esim coverage map"
"esim for ireland and uk",8,1,"en-GB,en-US","ireland esim coverage map"
"esim france unlimited data",8,1,"en-GB,en-US","france esim unlimited"
"south korea esim unlimited data",8,1,"en-GB,en-US","south korea esim unlimited"
"usa esim unlimited data",8,1,"en-GB,en-US","usa esim unlimited"
"best esim card for greece",8,2,"en-GB,en-US","cheapest esim for greece"
"best esim for central america",8,2,"en-GB,en-US","best esim for colombia 2026"
"best esim for costa rica reddit",8,2,"en-GB,en-US","best esim for costa rica"
"best esim for turkey uk",8,2,"en-GB,en-US","best esim for turkiye"
"cheapest esim plan malaysia",8,2,"en-GB,en-US","cheapest esim malaysia"
"esim card for germany",8,2,"en-GB,en-US","germany esim coverage map"
"esim for different countries",8,2,"en-GB,en-US","kenya esim coverage map"
"esim for philippines travel",8,2,"en-GB,en-US","esim for philippines"
"esim for travel in europe",8,2,"en-US","croatia esim coverage map"
"hong kong macau esim",8,2,"en-GB,en-US","macao esim coverage map"
"singapore esim with phone number",8,2,"en-GB,en-US","singapore esim coverage map"
"best esim card for egypt",8,3,"en-GB,en-US","best esim for egypt 2026"
"best esim for bali for australians",8,3,"en-GB,en-US","best esim for bali 2026"
"esim kolbi costa rica",8,3,"en-GB,en-US","esim for costa rica"
"best esim for usa from australia",8,4,"en-GB,en-US","best esim for usa"
"comprar esim colombia online",8,4,"en-GB,en-US","esim rio de janeiro"
"does esim work in mexico",8,4,"en-GB,en-US","esim for usa and mexico"
"esim card for spain",8,4,"en-GB,en-US","spain esim coverage map"
"esim vietnam unlimited data",8,4,"en-GB,en-US","bangkok esim unlimited data"
"esim for japan and vietnam",8,5,"en-GB,en-US","esim for philippines and vietnam"
"how to use esim in different country",8,5,"en-GB,en-US","do i need an esim for czech republic"
"what is the best esim",8,5,"en-GB,en-US","best esim for israel"
"australian esim for europe",8,6,"en-GB,en-US","austria esim coverage map"
"best esim for thailand from india",8,6,"en-GB,en-US","best esim for thailand"
"best travel esim for italy",8,6,"en-GB","esim for italy review"
"singapore esim for tourist",8,6,"en-GB,en-US","singapore esim coverage map"
"esim with number france",8,7,"en-GB,en-US","france esim coverage map"
"mexico esim data plan",8,9,"en-GB,en-US","cancun esim coverage map"
"us esim for canadians",8,9,"en-GB,en-US","esim for canada review"
"s20+ esim",8,10,"en-GB,en-US","czech republic esim 2026"
"esim pour la france",8,14,"en-US","esim for uk and france"
"esim per il kenya",8,15,"en-US","do i need an esim for kenya"
"best esim for bali",7,1,"en-GB,en-US","best esim for bali"
"best esim for canada",7,1,"en-GB,en-US","best esim for canada"
"best esim for england",7,1,"en-GB,en-US","best esim for england"
"best esim for hong kong and macau",7,1,"en-GB,en-US","best esim for macao"
"best esim for taiwan travel",7,1,"en-GB,en-US","best esim for taipei"
"best esim for usa and canada",7,1,"en-GB,en-US","best esim for usa and canada"
"best rated esim for thailand",7,1,"en-GB,en-US","esim for bangkok review"
"best unlimited esim for usa",7,1,"en-GB,en-US","czech republic esim unlimited"
"buy esim for morocco",7,1,"en-GB,en-US","esim for morocco review"
"cheapest esim for bali",7,1,"en-GB,en-US","cheapest esim for bali"
"esim card for greece",7,1,"en-GB,en-US","greece esim coverage map"
"esim card for israel",7,1,"en-GB,en-US","israel esim coverage map"
"esim for europe unlimited data",7,1,"en-US","poland esim unlimited data"
"should i get an esim",7,1,"en-GB","do i need an esim for ireland"
"which is the best esim for malaysia",7,1,"en-GB,en-US","esim for malaysia review"
"best esim for australia from uk",7,2,"en-GB,en-US","best esim for australia 2026"
"best esim for bali from australia",7,2,"en-GB,en-US","best esim for bali"
"best esim for bali indonesia",7,2,"en-GB,en-US","best esim for bali 2026"
"best esim for korea and japan",7,2,"en-GB,en-US","best esim for korea"
"best esim for new zealand from australia",7,2,"en-GB,en-US","best esim for new zealand"
"best esim for thailand uk",7,2,"en-GB,en-US","esim for bangkok review"
"best esim for vietnam from australia",7,2,"en-GB,en-US","best esim for vietnam"
"best unlimited esim for europe",7,2,"en-GB,en-US","czech republic esim unlimited"
"cheapest esim plan singapore",7,2,"en-GB,en-US","cheapest esim for singapore"
"esim card for south korea",7,2,"en-GB,en-US","korea esim coverage map"
"esim card for switzerland",7,2,"en-GB,en-US","switzerland esim coverage map"
"esim for argentina and chile",7,2,"en-GB,en-US","esim for argentina"
"esim for thailand travel",7,2,"en-GB,en-US","esim for thailand"
"esim for turkey uk",7,2,"en-GB,en-US","esim for turkey"
"esim for us and canada",7,2,"en-GB,en-US","esim for usa and canada"
"hong kong esim with phone number",7,2,"en-GB,en-US","hong kong esim"
"best esim for north america and canada",7,3,"en-GB,en-US","best esim for canada 2026"
"esim for europe from australia",7,3,"en-GB,en-US","esim for austria review"
"esim for united kingdom",7,3,"en-GB,en-US","uk esim coverage map"
"esim france england norway",7,3,"en-GB,en-US","esim for norway and sweden"
"malaysia esim with phone number",7,3,"en-GB,en-US","malaysia esim coverage map"
"uk and france esim",7,3,"en-GB,en-US","france esim coverage map"
"best esim for america",7,4,"en-GB,en-US","best esim for georgia 2026"
"best esim for china from australia",7,4,"en-GB,en-US","best esim for china 2026"
"best esims for hong kong and japan",7,4,"en-GB,en-US","best esim for hong kong"
"esim for abu dhabi",7,4,"en-GB,en-US","esim for uae review"
"europe esim for travel",7,4,"en-GB,en-US","belgium esim coverage map"
"best esim provider for ireland",7,5,"en-GB,en-US","best esim for ireland and uk"
"esim card hong kong",7,5,"en-GB,en-US","hong kong esim unlimited"
"esim for central america",7,5,"en-GB,en-US","colombia esim coverage map"
"purchase esim to roam in vietnam",7,5,"en-GB,en-US","viet nam esim coverage map"
"is the s20 esim compatible",7,7,"en-GB,en-US","best esim for egypt 2026"
"esim only deals cheap",7,8,"en-GB,en-US","cheapest esim for bali"
"esim international data plans",7,9,"en-US","ksa esim coverage map"
"esim malaysia and thailand",7,9,"en-GB,en-US","malaysia esim coverage map"
"esim providers south africa",7,9,"en-GB,en-US","esim for south africa and namibia"
"comprar una esim colombia",7,15,"en-US","esim for colombia review"
"comprar esim en colombia",7,16,"en-US","esim for colombia review"
"best esim costa rica",6,1,"en-GB,en-US","cheapest esim costa rica"
"best esim for greece and turkey",6,1,"en-GB,en-US","best esim for greece and turkey"
"best esim for kenya and tanzania",6,1,"en-GB,en-US","esim for kenya and tanzania"
"best esim for turkey 2026",6,1,"en-GB,en-US","esim turkey 2026"
"best esim for usa 2026",6,1,"en-GB,en-US","esim usa 2026"
"best esim to buy for japan",6,1,"en-GB,en-US","best esim for fiji 2026"
"cheapest esim ireland",6,1,"en-GB,en-US","cheapest esim ireland"
"cheapest esim malaysia",6,1,"en-GB,en-US","cheapest esim macao"
"do i need an esim for thailand",6,1,"en-GB,en-US","do i need an esim for bangkok"
"esim data for morocco",6,1,"en-GB,en-US","morocco esim coverage map"
"esim for hong kong and macau",6,1,"en-GB,en-US","macao esim coverage map"
"esim for morocco uk",6,1,"en-GB,en-US","morocco esim coverage map"
"esim spain and portugal",6,1,"en-GB,en-US","portugal esim coverage map"
"hong kong data esim",6,1,"en-GB,en-US","hong kong esim unlimited data"
"unlimited data esim japan",6,1,"en-GB,en-US","fiji esim unlimited data"
"vietnam esim unlimited data",6,1,"en-GB,en-US","vietnam esim unlimited"
"which is the best esim for china",6,1,"en-GB","best esim for taipei 2026"
"which is the best esim for europe",6,1,"en-GB,en-US","best esim for poland 2026"
"best esim for australia travel",6,2,"en-GB,en-US","best esim for australia"
"best esim for france travel",6,2,"en-GB,en-US","best esim for france"
"best esim for india from uk",6,2,"en-GB,en-US","best esim for india"
"best esim for mexico from canada",6,2,"en-GB,en-US","best esim for mexico"
"best esim for norway",6,2,"en-GB,en-US","esim for norway and sweden"
"best esim for philippines travel",6,2,"en-GB,en-US","best esim for philippines"
"best esim for taiwan and japan",6,2,"en-GB,en-US","best esim for taipei"
"best esim for usa from uk",6,2,"en-GB,en-US","best esim for usa"
"cheap esim for japan",6,2,"en-GB,en-US","cheapest esim for japan"
"cheapest esim uk pay as you go",6,2,"en-GB,en-US","cheapest esim uk"
"esim card south korea",6,2,"en-GB,en-US","korea esim coverage map"
"esim for canada from uk",6,2,"en-GB,en-US","do i need an esim for canada"
"esim for portugal and spain",6,2,"en-GB,en-US","esim for portugal"
"esim for usa travel",6,2,"en-GB,en-US","esim for usa"
"esim for vietnam reddit",6,2,"en-GB,en-US","esim for viet nam review"
"esim hong kong and macau",6,2,"en-US","esim for macao review"
"esim hong kong china",6,2,"en-GB,en-US","esim hong kong"
"european esim for travel",6,2,"en-GB,en-US","do i need an esim for croatia"
"france esim with phone number",6,2,"en-GB,en-US","france esim"
"taiwan esim for tourist",6,2,"en-GB,en-US","taipei esim coverage map"
"best esim card for portugal",6,3,"en-GB,en-US","portugal esim best"
"best esim for korea reddit",6,3,"en-GB,en-US","korea esim reddit"
"best esim for mexico from uk",6,3,"en-GB,en-US","best esim for mexico"
"best esim for paris",6,3,"en-GB,en-US","esim for paris"
"buy esim for usa",6,3,"en-GB,en-US","cheapest esim for usa"
"cheapest esim in australia",6,3,"en-GB,en-US","cheapest esim india"
"esim card for italy",6,3,"en-GB,en-US","italy esim coverage map"
"esim for italy from australia",6,3,"en-GB,en-US","esim for italy"
"esim for vietnam viettel",6,3,"en-GB,en-US","viet nam esim 2026"
"how to buy an esim for usa",6,3,"en-GB,en-US","do i need an esim for usa"
"how to purchase an esim for japan",6,3,"en-GB,en-US","do i need an esim for japan"
"what is esim nz",6,3,"en-GB,en-US","esim for nz review"
"best esim card for south africa",6,4,"en-GB,en-US","best esim for south africa and namibia"
"best esim card for spain",6,4,"en-GB,en-US","cheapest esim for spain"
"best esim for bali with number",6,4,"en-GB,en-US","best esim for bali 2026"
"best esim for europe for australians",6,4,"en-GB,en-US","best esim for germany and austria"
"best esim for malawi",6,4,"en-GB,en-US","best esim for malaysia 2026"
"compare esim for usa",6,4,"en-GB,en-US","esim for usa review"
"esim card for france travel",6,4,"en-GB,en-US","france esim coverage map"
"esim for dubai and thailand",6,4,"en-GB,en-US","esim for dubai"
"esim to use in usa",6,4,"en-GB,en-US","do i need an esim for usa"
"esim tunisia unlimited data",6,4,"en-GB,en-US","fiji esim unlimited data"
"recommended esim for japan",6,4,"en-GB,en-US","japan esim coverage map"
"best esim at sea",6,5,"en-GB,en-US","esim for iceland review"
"best esim for thailand travel",6,5,"en-GB,en-US","best esim for thailand"
"best esim for unlimited data",6,5,"en-GB,en-US","brazil esim unlimited data"
"esim australia from nz",6,5,"en-GB,en-US","esim australia"
"airalo esim for morocco",6,6,"en-GB,en-US","esim for morocco"
"best esim for north america",6,6,"en-GB,en-US","best esim for georgia 2026"
"buy china esim online",6,6,"en-GB,en-US","cheapest esim for china"
"esim for north america",6,6,"en-GB,en-US","esim for las vegas"
"esim options for uk",6,6,"en-GB,en-US","do i need an esim for uk"
"esim or international plan",6,6,"en-GB,en-US","iceland esim coverage map"
"buy esim online philippines",6,7,"en-GB,en-US","esim for manila review"
"travelling to morocco from uk esim",6,7,"en-GB,en-US","morocco esim coverage map"
"buy an esim canada",6,8,"en-GB,en-US","esim for canada review"
"orange esim for morocco",6,8,"en-GB,en-US","esim for morocco review"
"esim companies in europe",6,9,"en-US","esim for finland and sweden"
"esim funciona en argentina",6,9,"en-GB,en-US","esim for argentina review"
"esim japan and malaysia",6,11,"en-GB,en-US","esim for malaysia and singapore"
"how to get esim philippines",6,11,"en-GB,en-US","do i need an esim for fiji"
"melhor esim para argentina",6,11,"en-GB,en-US","esim for argentina review"
"best travel esim malaysia",6,12,"en-GB,en-US","esim for kuala lumpur"
"carte esim costa rica",6,12,"en-GB,en-US","esim san jose costa rica 2026"
"esim pour le costa rica",6,12,"en-GB,en-US","costa rica esim unlimited"
"best esim for bangkok",5,1,"en-GB,en-US","best esim for bangkok"
"best esim for cape town",5,1,"en-GB,en-US","esim for cape town"
"best esim for costa rica",5,1,"en-GB,en-US","best esim for costa rica"
"best esim for egypt unlimited data",5,1,"en-GB,en-US","egypt esim unlimited"
"best esim for hong kong and china",5,1,"en-GB,en-US","best esim for hong kong and china"
"best esim for italy 2026",5,1,"en-GB,en-US","esim italy 2026"
"best esim for manila and boracay 15 days",5,1,"en-GB,en-US","best esim for manila"
"best esim for scotland",5,1,"en-GB,en-US","esim for iceland review"
"best esim for the philippines",5,1,"en-US","esim for manila review"
"best esim for the uk",5,1,"en-GB,en-US","best esim for ireland 2026"
"best esim for uk and france",5,1,"en-GB,en-US","best esim for uk and france"
"cheapest esim australia",5,1,"en-GB,en-US","cheapest esim australia"
"cheapest esim for malaysia",5,1,"en-GB,en-US","cheapest esim for macao"
"cheapest esim for portugal",5,1,"en-GB,en-US","cheapest esim portugal"
"cheapest esim south africa",5,1,"en-GB,en-US","cheapest esim seoul"
"cheapest esim switzerland",5,1,"en-GB,en-US","cheapest esim switzerland"
"cheapest esim usa",5,1,"en-GB,en-US","cheapest esim usa"
"do i need an esim for japan",5,1,"en-GB,en-US","do i need an esim for japan"
"do i need an esim for usa",5,1,"en-GB,en-US","do i need an esim for usa"
"esim for china and hong kong",5,1,"en-GB,en-US","esim for hong kong review"
"esim for china reddit",5,1,"en-GB,en-US","esim for china review"
"esim for use in australia",5,1,"en-GB,en-US","do i need an esim for australia"
"esim morocco unlimited data",5,1,"en-GB,en-US","morocco esim unlimited"
"how to get an esim for thailand",5,1,"en-US","do i need an esim for bangkok"
"which esim is best for china",5,1,"en-GB,en-US","best esim for china 2026"
"best esim card for morocco",5,2,"en-GB,en-US","best esim for morocco 2026"
"best esim card for sweden",5,2,"en-GB,en-US","best esim for norway and sweden"
"best esim card for switzerland",5,2,"en-GB,en-US","switzerland esim best"
"best esim for china and japan",5,2,"en-GB,en-US","best esim for japan 2026"
"best esim for mexico travel",5,2,"en-GB,en-US","best esim for usa and mexico"
"best esim for turkey unlimited data",5,2,"en-GB,en-US","turkey esim unlimited"
"best esim for uk and ireland",5,2,"en-GB,en-US","esim for ireland and uk"
"best esim for usa travel",5,2,"en-GB,en-US","best esim for usa"
"buy esim for thailand",5,2,"en-GB,en-US","cheapest esim for bangkok"
"cheapest esim australia prepaid",5,2,"en-GB,en-US","cheapest esim australia"
"cheapest esim turkey unlimited data",5,2,"en-GB,en-US","cheapest esim turkiye"
"esim card for travel to egypt",5,2,"en-GB,en-US","egypt esim coverage map"
"esim for canada travel",5,2,"en-GB,en-US","esim for canada"
"esim for south east asia",5,2,"en-GB,en-US","ksa esim coverage map"
"esim for south pacific",5,2,"en-GB,en-US","fiji esim coverage map"
"esim for uk from australia",5,2,"en-GB,en-US","do i need an esim for australia"
"esim for usa from canada",5,2,"en-US","canada esim coverage map"
"esim in hong kong",5,2,"en-US","esim for hong kong review"
"korea esim with phone number",5,2,"en-GB,en-US","korea esim"
"new zealand esim with phone number",5,2,"en-GB,en-US","new zealand esim"
"what is the best esim for croatia",5,2,"en-GB,en-US","best esim for croatia"
"australia new zealand esim",5,3,"en-GB,en-US","nz esim coverage map"
"best esim card for vietnam",5,3,"en-US","viet nam esim card"
"best esim cards for croatia",5,3,"en-GB,en-US","best esim for croatia"
"best esim for india travel",5,3,"en-GB,en-US","best esim for india"
"best esim for london england",5,3,"en-GB,en-US","best esim for england"
"best esim for malaysia and indonesia",5,3,"en-GB,en-US","best esim for malaysia"
"best esim for travelling europe",5,3,"en-GB,en-US","best esim for netherlands and belgium"
"esim comparison for usa",5,3,"en-GB,en-US","esim for czech republic review"
"esim hong kong taiwan",5,3,"en-GB,en-US","hong kong esim unlimited"
"how esim works in the philippines",5,3,"en-GB,en-US","manila esim coverage map"
"mobile esim for canada",5,3,"en-GB,en-US","canada esim coverage map"
"new zealand esim card",5,3,"en-GB,en-US","new zealand esim unlimited"
"best esim for thailand reddit",5,4,"en-GB,en-US","best esim for thailand"
"esim card for ireland",5,4,"en-GB,en-US","ireland esim coverage map"
"esim card for italy travel",5,4,"en-GB,en-US","italy esim coverage map"
"esim for international use",5,4,"en-US","esim for rio de janeiro"
"esim for mexico from canada",5,4,"en-GB,en-US","esim for mexico"
"esim for new zealand and australia",5,4,"en-GB,en-US","new zealand esim unlimited"
"esim taiwan with phone number",5,4,"en-GB,en-US","taipei esim coverage map"
"how does esim work in india",5,4,"en-GB,en-US","esim for india review"
"how to enter an esim",5,4,"en-GB,en-US","do i need an esim for ksa"
"south korea esim with phone number",5,4,"en-GB,en-US","esim for south korea"
"best esim for south korea reddit",5,5,"en-GB,en-US","best esim for south korea"
"best esim for uk from australia",5,5,"en-GB,en-US","best esim for uk"
"cheap esim for bali",5,5,"en-GB,en-US","bali esim coverage map"
"uk esim for turkey",5,5,"en-GB","esim for turkey review"
"best esim for canada & usa",5,6,"en-GB,en-US","best esim for canada"
"best travel esim for bali",5,6,"en-GB,en-US","cheapest esim for bali"
"esim for turks and caicos",5,6,"en-GB,en-US","esim for turkiye"
"best esim card for mexico",5,7,"en-GB,en-US","best esim for mexico"
"best esim for japan and korea",5,7,"en-GB,en-US","best esim for korea 2026"
"best esim provider in canada",5,7,"en-GB,en-US","best esim for canada and usa"
"esim card for mexico",5,7,"en-GB,en-US","do i need an esim for cancun"
"esim for japan and korea",5,7,"en-GB,en-US","esim for japan"
"esim for vietnam and cambodia travel",5,7,"en-GB,en-US","esim for viet nam"
"how much is esim",5,7,"en-US","cheapest esim czech republic"
"best esim for travel to mexico",5,8,"en-GB,en-US","best esim for cancun"
"esim for europe from canada",5,9,"en-GB,en-US","do i need an esim for canada"
"esim vietnam and cambodia",5,9,"en-GB,en-US","viet nam esim 2026"
"how much is an esim",5,9,"en-GB,en-US","cheapest esim for iceland"
"best esim data plans for europe",5,11,"en-GB,en-US","holland esim coverage map"
"best esim for bolivia",5,11,"en-GB,en-US","best esim for argentina 2026"
"costa rica esim erfahrungen",5,11,"en-GB,en-US","cheapest esim costa rica"
"free mobile esim france",5,12,"en-GB,en-US","france esim unlimited data"
"australia esim card for tourist",4,1,"en-GB,en-US","australia esim card"
"australia esim reddit",4,1,"en-GB,en-US","australia esim reddit"
"best esim card for poland",4,1,"en-GB,en-US","poland esim card"
"best esim for amsterdam",4,1,"en-GB,en-US","best esim for amsterdam"
"best esim for europe from australia",4,1,"en-GB,en-US","australia esim best"
"best esim for germany reddit",4,1,"en-GB,en-US","germany esim reddit"
"best esim for istanbul turkey",4,1,"en-GB,en-US","best esim for istanbul"
"best esim for italy france and spain",4,1,"en-GB,en-US","esim for france and italy"
"best esim for prague",4,1,"en-GB,en-US","best esim for prague"
"best esim for vietnam and thailand",4,1,"en-US","best esim for vietnam and thailand"
"cheapest esim indonesia",4,1,"en-GB,en-US","cheapest esim indonesia"
"cheapest esim japan",4,1,"en-GB,en-US","cheapest esim japan"
"cheapest esim singapore",4,1,"en-GB,en-US","cheapest esim singapore"
"do i need an esim for canada",4,1,"en-GB,en-US","do i need an esim for canada"
"do i need an esim for iceland",4,1,"en-GB,en-US","do i need an esim for ireland"
"do i need an esim for turkey",4,1,"en-GB,en-US","do i need an esim for turkey"
"esim canada unlimited data",4,1,"en-GB,en-US","canada esim unlimited"
"esim card for india",4,1,"en-GB,en-US","india esim coverage map"
"esim for australia advice",4,1,"en-GB,en-US","do i need an esim for australia"
"esim for belgium and netherlands",4,1,"en-GB,en-US","esim for netherlands and belgium"
"esim for europe travel",4,1,"en-GB","croatia esim coverage map"
"esim for greece and turkey",4,1,"en-GB,en-US","esim for greece and turkey"
"esim for ireland",4,1,"en-GB,en-US","esim for ireland"
"esim for japan comparison",4,1,"en-GB,en-US","esim for fiji review"
"esim for malaysia",4,1,"en-GB,en-US","esim for malaysia"
"esim for travel to europe",4,1,"en-GB","do i need an esim for croatia"
"esim for use in india",4,1,"en-GB,en-US","do i need an esim for india"
"esim for vietnam and thailand",4,1,"en-GB,en-US","esim for vietnam and thailand"
"esim ireland",4,1,"en-GB,en-US","esim ireland"
"ireland esim card",4,1,"en-GB,en-US","ireland esim card"
"portugal esim card",4,1,"en-GB,en-US","portugal esim card"
"south africa esim card",4,1,"en-GB,en-US","cape town esim card"
"sri lanka esim review",4,1,"en-GB,en-US","esim for kenya review"
"switzerland esim tourist",4,1,"en-GB,en-US","switzerland esim best"
"turkey esim ban",4,1,"en-GB,en-US","turkey esim best"
"turkey esim unlimited data",4,1,"en-GB,en-US","turkey esim unlimited"
"australia esim card",4,2,"en-GB,en-US","australia esim card"
"best esim card for colombia",4,2,"en-GB,en-US","best esim for colombia"
"best esim card for iceland",4,2,"en-GB,en-US","best esim for iceland"
"best esim for bali from nz",4,2,"en-GB,en-US","nz esim best"
"best esim for canada and usa from australia",4,2,"en-GB,en-US","best esim for canada and usa"
"best esim for canada from uk",4,2,"en-GB,en-US","best esim for canada"
"best esim for germany travel",4,2,"en-GB,en-US","best esim for germany"
"best esim for morocco from uk",4,2,"en-GB,en-US","best esim for morocco"
"best esim for tanzania",4,2,"en-GB,en-US","best esim for kenya 2026"
"best esim for turkey from uk",4,2,"en-GB,en-US","best esim for turkiye"
"cheapest esim plan australia",4,2,"en-GB,en-US","cheapest esim for australia"
"cheapest esim plan usa",4,2,"en-GB,en-US","cheapest esim usa"
"esim for india from uk",4,2,"en-GB,en-US","esim for india"
"esim for india travel",4,2,"en-GB,en-US","esim for india"
"esim ireland providers",4,2,"en-GB,en-US","esim ireland"
"esim saudi arabia tourist",4,2,"en-GB,en-US","esim saudi arabia"
"esim singapore malaysia",4,2,"en-GB,en-US","esim for malaysia and singapore"
"esim south korea reddit",4,2,"en-GB,en-US","esim south korea"
"how to get esim uk",4,2,"en-GB,en-US","do i need an esim for ireland"
"israel esim short term",4,2,"en-GB,en-US","esim for israel"
"singapore cheapest travel esim japan",4,2,"en-GB,en-US","cheapest esim japan"
"spain esim with phone number",4,2,"en-GB,en-US","spain esim"
"turkey esim tourist",4,2,"en-GB,en-US","turkey esim best"
"what is the best esim for europe",4,2,"en-GB,en-US","best esim for czechia"
"best esim card for brazil",4,3,"en-GB,en-US","best esim for brazil"
"best esim for europe from canada",4,3,"en-GB,en-US","best esim for canada 2026"
"best esim for united states",4,3,"en-GB,en-US","best esim for usa 2026"
"best travel esim for new zealand",4,3,"en-GB,en-US","best esim for new zealand"
"buy esim online usa",4,3,"en-GB,en-US","czech republic esim unlimited"
"cheapest esim compatible phones in india",4,3,"en-GB,en-US","cheapest esim nz"
"cheapest esim phone uk",4,3,"en-GB,en-US","cheapest esim for uk"
"cheapest esim uk deal",4,3,"en-GB,en-US","cheapest esim uk"
"esim card for costa rica",4,3,"en-US","esim for san jose costa rica"
"esim card for taiwan",4,3,"en-GB,en-US","taipei esim coverage map"
"esim card switzerland",4,3,"en-GB,en-US","switzerland esim card"
"esim for thailand from india",4,3,"en-GB,en-US","bangkok esim coverage map"
"esim for usa and caribbean",4,3,"en-GB,en-US","esim for osaka"
"esim ireland vodafone",4,3,"en-GB,en-US","esim ireland"
"esim to use in turkey",4,3,"en-GB","do i need an esim for turkey"
"esims for hong kong",4,3,"en-GB,en-US","best esim for hong kong and china"
"japan esim card unlimited data",4,3,"en-GB,en-US","japan esim unlimited data"
"should i install esim before travelling",4,3,"en-GB,en-US","do i need an esim for germany"
"what is the best esim for peru",4,3,"en-GB,en-US","peru esim best"
"best esim for usa data",4,4,"en-GB,en-US","best esim for usa 2026"
"best esim for usa unlimited data",4,4,"en-GB,en-US","usa esim best"
"cheap esim plan usa",4,4,"en-GB,en-US","usa esim coverage map"
"cheapest esim asia",4,4,"en-GB,en-US","cheapest esim china"
"cheapest esim provider uk",4,4,"en-GB,en-US","cheapest esim peru"
"esim card for bali",4,4,"en-GB,en-US","bali esim coverage map"
"esim deals for thailand",4,4,"en-GB,en-US","esim for bangkok review"
"esim for ireland and scotland",4,4,"en-GB,en-US","esim for ireland"
"esim for sri lanka and maldives",4,4,"en-GB,en-US","esim for maldives"
"is esim supported in china",4,4,"en-GB,en-US","do i need an esim for china"
"italy esim with phone number",4,4,"en-GB,en-US","italy esim"
"mexico esim with phone number",4,4,"en-GB,en-US","mexico esim"
"best esim for pakistan",4,5,"en-GB,en-US","esim for ksa review"
"best esim south america",4,5,"en-GB,en-US","best esim for argentina 2026"
"best travel esim for scandinavia",4,5,"en-GB,en-US","best esim for finland and sweden"
"esim local phone number uk and ireland",4,5,"en-GB,en-US","esim for ireland and uk"
"esim plans for japan",4,5,"en-GB,en-US","fiji esim coverage map"
"south america esim card",4,5,"en-GB,en-US","argentina esim coverage map"
"us and canada esim",4,5,"en-GB,en-US","canada esim coverage map"
"best esim for thailand and cambodia",4,6,"en-GB,en-US","best esim for vietnam and thailand"
"best esim plans for new zealand",4,6,"en-GB,en-US","best esim for new zealand"
"does taiwan have esim",4,6,"en-GB,en-US","do i need an esim for taipei"
"esim for data only in usa",4,6,"en-US","usa esim coverage map"
"esim for european travel",4,6,"en-US","do i need an esim for croatia"
"esim in japan available",4,6,"en-GB,en-US","fiji esim coverage map"
"best esim for china travel",4,7,"en-GB,en-US","best esim for china 2026"
"best esim for south pacific",4,7,"en-GB,en-US","best esim for seoul"
"cheap esim deals uk",4,8,"en-GB,en-US","cheapest esim for iceland"
"best esim for cuba",4,9,"en-GB,en-US","best esim for colombia 2026"
"best esim for united kingdom",4,9,"en-GB,en-US","best esim for uk 2026"
"esim for travelling to new zealand",4,9,"en-GB,en-US","do i need an esim for nz"
"esim plans for international travel",4,9,"en-US","brazil esim coverage map"
"esim ho mobile 2023",4,11,"en-GB,en-US","czech republic esim 2026"
"esim singapore 1 day",4,14,"en-US","singapore esim coverage map"
"how to get esim in philippines",4,14,"en-US","do i need an esim for bali"
"migliori esim per marocco",4,14,"en-US","cheapest esim for morocco"
"esim pour le vietnam",4,15,"en-US","viet nam esim unlimited"
"how much is esim in china",4,16,"en-US","czech republic esim unlimited"
"airalo esim united arab emirates",3,1,"en-GB,en-US","esim for united arab emirates"
"bali esim unlimited data",3,1,"en-GB,en-US","bali esim unlimited"
"best esim for egypt reviews",3,1,"en-GB,en-US","esim for egypt review"
"best esim for india and sri lanka",3,1,"en-GB,en-US","best esim for india and sri lanka"
"best esim for italy reddit",3,1,"en-GB,en-US","italy esim reddit"
"best esim for spain reddit",3,1,"en-GB,en-US","spain esim reddit"
"best esim for turkey and greece",3,1,"en-GB,en-US","best esim for turkey and greece"
"best esim for vietnam 2026",3,1,"en-GB,en-US","best esim for viet nam 2026"
"best esim south africa",3,1,"en-GB,en-US","cheapest esim cape town"
"best esims for vietnam",3,1,"en-GB,en-US","viet nam esim best"
"brazil esim card",3,1,"en-GB,en-US","brazil esim card"
"cheapest esim canada",3,1,"en-GB,en-US","cheapest esim canada"
"cheapest esim for brazil",3,1,"en-GB,en-US","cheapest esim brazil"
"cheapest esim for canada",3,1,"en-GB,en-US","cheapest esim for canada"
"cheapest esim for germany",3,1,"en-GB,en-US","cheapest esim germany"
"cheapest esim for saudi arabia",3,1,"en-GB,en-US","cheapest esim saudi arabia"
"cheapest esim for vietnam",3,1,"en-GB,en-US","cheapest esim vietnam"
"cheapest esim thailand",3,1,"en-GB,en-US","cheapest esim thailand"
"cheapest esim uk",3,1,"en-GB,en-US","cheapest esim uk"
"china esim data plan",3,1,"en-GB,en-US","china esim coverage map"
"china esim unlimited data",3,1,"en-GB,en-US","china esim unlimited"
"do i need an esim for korea",3,1,"en-GB,en-US","do i need an esim for uk"
"egypt esim card",3,1,"en-GB,en-US","egypt esim card"
"esim 2026 greece",3,1,"en-GB,en-US","esim greece 2026"
"esim cape town",3,1,"en-GB,en-US","esim cape town"
"esim card for thailand",3,1,"en-GB,en-US","bangkok esim coverage map"
"esim czech republic",3,1,"en-GB,en-US","esim czechia"
"esim data plan uk",3,1,"en-GB,en-US","uk esim coverage map"
"esim for argentina and brazil",3,1,"en-GB,en-US","esim for brazil and argentina"
"esim for australia travel",3,1,"en-GB,en-US","australia esim coverage map"
"esim for bali from australia",3,1,"en-GB,en-US","bali esim coverage map"
"esim for california and las vegas",3,1,"en-GB,en-US","esim for los angeles"
"esim for china travel",3,1,"en-GB,en-US","china esim coverage map"
"esim for iceland reddit",3,1,"en-GB,en-US","esim for iceland review"
"esim for japan reddit",3,1,"en-GB,en-US","esim for japan review"
"esim for japan travel",3,1,"en-GB,en-US","japan esim coverage map"
"esim for maldives",3,1,"en-GB,en-US","esim for maldives"
"esim for marrakech",3,1,"en-GB,en-US","esim for marrakech"
"esim for morocco",3,1,"en-GB,en-US","esim for morocco"
"esim for new york",3,1,"en-GB,en-US","esim for new york"
"esim for spain reddit",3,1,"en-GB,en-US","esim for spain review"
"esim for usa",3,1,"en-GB,en-US","esim for us"
"esim for vietnam",3,1,"en-GB,en-US","esim for vietnam"
"esim in south africa",3,1,"en-US","esim for south africa and namibia"
"esim mexico travel",3,1,"en-GB,en-US","esim mexico city"
"esim netherlands unlimited data",3,1,"en-GB,en-US","netherlands esim unlimited"
"esim switzerland reddit",3,1,"en-GB,en-US","switzerland esim reddit"
"esim usa",3,1,"en-GB,en-US","esim usa"
"greece esim card for tourist",3,1,"en-GB,en-US","greece esim card"
"iceland esim card",3,1,"en-GB,en-US","iceland esim card"
"iceland esim reddit",3,1,"en-GB,en-US","iceland esim reddit"
"iceland esim travel",3,1,"en-GB,en-US","iceland esim best"
"is esim available in saudi arabia",3,1,"en-US","saudi arabia esim unlimited"
"ismrm 2026 cape town",3,1,"en-GB,en-US","best esim for cape town 2026"
"israel esim card",3,1,"en-GB,en-US","israel esim card"
"italy esim card",3,1,"en-GB,en-US","italy esim card"
"japan esim unlimited data",3,1,"en-GB,en-US","japan esim unlimited"
"kenya esim card",3,1,"en-GB,en-US","kenya esim card"
"korea esim unlimited data",3,1,"en-GB,en-US","korea esim unlimited"
"new zealand esim unlimited data",3,1,"en-GB,en-US","new zealand esim unlimited"
"peru esim card",3,1,"en-GB,en-US","peru esim card"
"qatar esim tourist",3,1,"en-GB,en-US","qatar esim best"
"the best esim for thailand",3,1,"en-GB","esim for bangkok review"
"uae esim unlimited data",3,1,"en-GB,en-US","uae esim unlimited"
"uk esim unlimited data",3,1,"en-GB,en-US","uk esim unlimited"
"vietnam esim card",3,1,"en-GB,en-US","viet nam esim card"
"vietnam esim reddit",3,1,"en-GB,en-US","viet nam esim reddit"
"what is the best esim for portugal",3,1,"en-GB,en-US","esim for portugal review"
"australia esim tourist",3,2,"en-GB,en-US","australia esim"
"best esim for bali from uk",3,2,"en-GB,en-US","bali esim best"
"best esim for cartagena colombia",3,2,"en-GB,en-US","colombia esim best"
"best esim for england and scotland",3,2,"en-GB,en-US","best esim for england"
"best esim for indonesia from australia",3,2,"en-GB,en-US","best esim for indonesia"
"best esim for japan 2025",3,2,"en-GB,en-US","best esim for japan 2026"
"best esim for maldives",3,2,"en-GB,en-US","esim for maldives"
"best esim for new york",3,2,"en-GB,en-US","esim new york"
"best esim for travel to fiji",3,2,"en-GB,en-US","best esim for fiji"
"best esim for turkey 2025",3,2,"en-GB,en-US","best esim for turkey 2026"
"best esim for zanzibar",3,2,"en-GB,en-US","esim zanzibar"
"buy airalo esim united arab emirates",3,2,"en-GB,en-US","esim for united arab emirates"
"cheapest esim plan canada",3,2,"en-GB,en-US","cheapest esim canada"
"china hong kong esim",3,2,"en-GB,en-US","esim for hong kong and china"
"does esim work in china",3,2,"en-GB,en-US","do i need an esim for china"
"esim data for china",3,2,"en-GB,en-US","china esim coverage map"
"esim data only australia",3,2,"en-GB,en-US","australia esim unlimited data"
"esim for morocco from uk",3,2,"en-GB,en-US","esim for morocco"
"esim for solomon islands",3,2,"en-GB,en-US","esim for seoul"
"esim for taiwan and japan",3,2,"en-GB,en-US","esim for taiwan"
"esim for usa travel from uk",3,2,"en-GB,en-US","esim for usa"
"esim for use in china",3,2,"en-GB,en-US","do i need an esim for china"
"esim france unlimited data 30 days",3,2,"en-GB,en-US","france esim unlimited data"
"esim germany unlimited europe",3,2,"en-GB,en-US","germany esim unlimited"
"esim netherlands prepaid",3,2,"en-GB,en-US","esim netherlands"
"esim philippines globe",3,2,"en-GB,en-US","esim philippines"
"esim south africa prepaid",3,2,"en-GB,en-US","esim south africa"
"esim to use in canada",3,2,"en-GB,en-US","esim for canada review"
"esim vietnamobile",3,2,"en-GB,en-US","esim viet nam"
"italy esim plans",3,2,"en-GB,en-US","italy esim"
"japan esim unlimited data 15 days",3,2,"en-GB,en-US","japan esim unlimited"
"netherlands esim with phone number",3,2,"en-GB,en-US","netherlands esim"
"play esim poland",3,2,"en-GB,en-US","esim for poland"
"poland esim options",3,2,"en-GB,en-US","esim poland"
"south african esim card uk",3,2,"en-GB,en-US","cape town esim card"
"south korea esim for tourist",3,2,"en-GB,en-US","south korea esim"
"switzerland esim options",3,2,"en-GB,en-US","switzerland esim"
"the best esim for japan",3,2,"en-US","esim for fiji review"
"vietnam esim card iphone pro 16",3,2,"en-GB,en-US","viet nam esim card"
"best esim card for germany",3,3,"en-GB,en-US","germany esim best"
"best esim card for ireland",3,3,"en-GB,en-US","ireland esim card"
"best esim for china reddit",3,3,"en-GB,en-US","best esim for china"
"best esim for japan from australia",3,3,"en-GB,en-US","best esim for japan"
"best esim for multiple countries",3,3,"en-GB,en-US","best esim for iceland 2026"
"best esim for nigeria",3,3,"en-GB,en-US","esim for kenya review"
"best esim for philippines reddit",3,3,"en-GB,en-US","best esim for philippines"
"best esim for use in bali",3,3,"en-GB,en-US","best esim for uae"
"can i get an ee esim",3,3,"en-GB,en-US","do i need an esim for kenya"
"canada esim with phone number",3,3,"en-GB,en-US","canada esim"
"esim card australia and new zealand",3,3,"en-GB,en-US","esim for australia and new zealand"
"esim card for canada",3,3,"en-GB,en-US","canada esim coverage map"
"esim card for croatia",3,3,"en-GB,en-US","croatia esim card"
"esim for bali australia",3,3,"en-GB","bali esim coverage map"
"esim for japan south korea and singapore",3,3,"en-GB,en-US","esim for japan and south korea"
"esim for mexico from uk",3,3,"en-GB,en-US","esim for mexico"
"esim for south africa and zimbabwe",3,3,"en-GB,en-US","esim for south africa"
"esim for thailand from uk",3,3,"en-GB,en-US","esim for thailand"
"esim for traveling to china",3,3,"en-GB,en-US","do i need an esim for china"
"esim for travelling to usa",3,3,"en-GB,en-US","do i need an esim for usa"
"esim for uk and europe",3,3,"en-GB,en-US","esim for uk"
"esim for usa from uk",3,3,"en-GB,en-US","do i need an esim for uk"
"esim phone plans usa",3,3,"en-GB,en-US","usa esim coverage map"
"esim vietnam klook",3,3,"en-GB,en-US","esim vietnam"
"europe esim unlimited data",3,3,"en-US","france esim unlimited data"
"how to buy esim for japan",3,3,"en-GB,en-US","esim for fiji review"
"saudi esim for visitors",3,3,"en-GB,en-US","ksa esim coverage map"
"south africa esim with phone number",3,3,"en-GB,en-US","south africa esim"
"south korea esim card for foreigners",3,3,"en-GB,en-US","south korea esim"
"switzerland esim plans",3,3,"en-GB,en-US","switzerland esim"
"australia esim telstra",3,4,"en-GB,en-US","australia esim best"
"australia esim with phone number",3,4,"en-GB,en-US","australia esim"
"best esim for europe travel",3,4,"en-GB,en-US","best esim for belgium"
"best esim for london",3,4,"en-GB,en-US","best esim for amsterdam"
"best esim for panama",3,4,"en-GB,en-US","best esim for costa rica and panama"
"best esim for rome",3,4,"en-GB,en-US","esim for rome"
"best esims for south africa",3,4,"en-GB,en-US","best esim for cape town 2026"
"cheapest esim in singapore",3,4,"en-GB,en-US","cheapest esim india"
"esim card for china",3,4,"en-GB,en-US","czech republic esim card"
"esim ireland eir",3,4,"en-GB,en-US","esim ireland"
"esim vietnam airalo",3,4,"en-GB,en-US","esim viet nam"
"esim vietnam data plans",3,4,"en-GB,en-US","esim vietnam"
"esim vietnam mobile internet",3,4,"en-GB,en-US","esim vienna"
"how to buy esim",3,4,"en-GB,en-US","esim for israel review"
"japan esim unlimited data best",3,4,"en-GB,en-US","japan esim unlimited data"
"switzerland esim for 10 days how much",3,4,"en-GB,en-US","esim switzerland"
"best esim card for france",3,5,"en-GB,en-US","best esim for france"
"best esim for australians travelling overseas",3,5,"en-GB,en-US","best esim for australia"
"best esim for india from australia",3,5,"en-GB,en-US","best esim for india"
"best esim for japan uk",3,5,"en-GB,en-US","best esim for japan 2026"
"best esim for london uk",3,5,"en-GB,en-US","best esim for ireland and uk"
"best esim for travel in europe",3,5,"en-GB,en-US","best esim for croatia and italy"
"buy esim for japan",3,5,"en-GB,en-US","japan esim coverage map"
"cheapest esim in taiwan",3,5,"en-GB","cheapest esim spain"
"china mobile hong kong esim",3,5,"en-GB,en-US","esim for china and hong kong"
"compare esim plans usa",3,5,"en-GB,en-US","georgia esim coverage map"
"esim card for travel taiwan",3,5,"en-GB,en-US","taipei esim coverage map"
"esim cards for europe reviews",3,5,"en-GB,en-US","esim for holland review"
"esim for japan and china",3,5,"en-GB,en-US","esim for japan and south korea"
"esim for use in usa",3,5,"en-GB,en-US","esim for uae"
"esim for vietnam from australia",3,5,"en-GB,en-US","esim for vietnam"
"esim in new zealand",3,5,"en-GB,en-US","esim cape town 2026"
"esim only deals unlimited",3,5,"en-US","cape town esim unlimited"
"is an esim better",3,5,"en-US","esim for israel review"
"switzerland esim providers",3,5,"en-GB,en-US","switzerland esim"
"what is esim malaysia",3,5,"en-GB,en-US","malaysia esim coverage map"
"best australian esim for europe",3,6,"en-GB,en-US","best esim for germany and austria"
"best data esim for thailand",3,6,"en-GB,en-US","best esim for bangkok"
"buy esim online uk",3,6,"en-GB,en-US","esim for uk review"
"esim card for panama",3,6,"en-GB,en-US","esim for costa rica and panama"
"esim for usa from australia",3,6,"en-GB,en-US","do i need an esim for australia"
"esim for vietnam from india",3,6,"en-GB,en-US","esim for vietnam"
"esim providers in usa",3,6,"en-GB,en-US","esim for las vegas"
"esim uk data only",3,6,"en-GB,en-US","uk esim unlimited data"
"esim vietnam mobile",3,6,"en-GB,en-US","esim vietnam"
"global esims with unlimited plan",3,6,"en-GB,en-US","georgia esim coverage map"
"how to get esim in india",3,6,"en-US","do i need an esim for qatar"
"where can i buy an esim",3,6,"en-GB,en-US","cheapest esim for georgia"
"which esim for japan",3,6,"en-GB,en-US","japan esim coverage map"
"best esim card for bali",3,7,"en-GB,en-US","cheapest esim for bali"
"best esim for thailand tourist",3,7,"en-GB,en-US","best esim for thailand"
"best esim for usa with phone number",3,7,"en-GB,en-US","best esim for usa"
"data only esim usa",3,7,"en-GB,en-US","usa esim unlimited data"
"e sim for morocco",3,7,"en-GB,en-US","cheapest esim for morocco"
"esim australia and new zealand",3,7,"en-GB,en-US","new zealand esim unlimited"
"esim for usa travel from canada",3,7,"en-GB,en-US","canada esim coverage map"
"esim for vietnam and china",3,7,"en-GB,en-US","esim for vietnam"
"esim that works in japan",3,7,"en-GB,en-US","esim for japan and south korea"
"esim vietnam for tourists",3,7,"en-GB,en-US","esim vietnam"
"esim with phone number korea",3,7,"en-US","south korea esim unlimited"
"how to buy esim online in india",3,7,"en-US","esim for india review"
"swiss esim with phone number",3,7,"en-GB,en-US","switzerland esim coverage map"
"best esim for usa travel from uk",3,8,"en-GB,en-US","best esim for usa"
"best esim in singapore",3,8,"en-GB,en-US","best esim for singapore and indonesia"
"best esim service in canada",3,8,"en-GB,en-US","best esim for canada and usa"
"buying esim in china",3,8,"en-GB,en-US","cheapest esim for china"
"can i use an esim in china",3,8,"en-GB,en-US","do i need an esim for macao"
"comprar esim online brasil",3,8,"en-GB,en-US","esim rio de janeiro"
"esim data plan canada",3,8,"en-GB,en-US","canada esim coverage map"
"esim vietnam travel guide",3,8,"en-GB,en-US","esim vietnam"
"how to get esim in china",3,8,"en-US","do i need an esim for macao"
"vietnam and cambodia esim",3,8,"en-US","esim for vietnam and thailand"
"buy esim online india",3,9,"en-GB,en-US","esim for india review"
"esim for at sea",3,9,"en-US","esim for iceland review"
"esim for northern cyprus",3,9,"en-GB,en-US","greece esim coverage map"
"esim for vietnam and hong kong",3,9,"en-GB,en-US","esim for vietnam"
"esim france pas cher",3,9,"en-GB,en-US","esim france"
"esim vietnam reddit",3,9,"en-GB,en-US","esim vietnam"
"indonesia best esims comparison",3,9,"en-US","best esim for indonesia"
"best esim for oman",3,10,"en-GB,en-US","best esim for uae and qatar"
"how much does esim cost",3,10,"en-US","cheapest esim for israel"
"new zealand phone esim",3,10,"en-GB,en-US","new zealand esim unlimited"
"vodafone esim for morocco",3,10,"en-GB,en-US","morocco esim coverage map"
"esim for japan and philippines",3,11,"en-GB,en-US","manila esim coverage map"
"esim to use in thailand",3,11,"en-GB","bangkok esim coverage map"
"saudi esim for tourist",3,11,"en-GB,en-US","best esim for saudi arabia"
"esim per il vietnam",3,13,"en-US","viet nam esim 2026"
"best esim card for south america",3,15,"en-US","cheapest esim for argentina"
"best value esim for europe",3,17,"en-US","cheapest esim for czech republic"
"where can i buy esim philippines",3,18,"en-US","cheapest esim for colombia"
"are esim available in india",2,1,"en-US","india esim coverage map"
"argentina sim card",2,1,"en-GB,en-US","argentina esim card"
"australia esim",2,1,"en-GB,en-US","australia esim"
"australia esims",2,1,"en-US","australia esim best"
"bali esim card",2,1,"en-GB,en-US","bali esim card"
"bali esim reddit",2,1,"en-GB,en-US","bali esim reddit"
"bali esim tourist",2,1,"en-GB,en-US","bali esim best"
"bangkok sim card",2,1,"en-GB,en-US","bangkok esim card"
"belgium sim card options",2,1,"en-GB,en-US","belgium esim card"
"best esim card for denmark",2,1,"en-GB,en-US","best esim for denmark and sweden"
"best esim for hanoi",2,1,"en-GB,en-US","esim for hanoi"
"best esim for las vegas",2,1,"en-GB,en-US","esim las vegas"
"best esim for shanghai",2,1,"en-GB,en-US","esim for shanghai"
"best esim for thailand 2026",2,1,"en-GB,en-US","best esim for holland 2026"
"best esims for peru",2,1,"en-US","esim for peru review"
"can you buy esim at osaka airport",2,1,"en-GB,en-US","esim for osaka"
"canada esim card",2,1,"en-GB,en-US","canada esim card"
"canada esim reddit",2,1,"en-GB,en-US","canada esim reddit"
"cheapest esim egypt",2,1,"en-GB,en-US","cheapest esim egypt"
"cheapest esim europe",2,1,"en-US","cheapest esim colombia"
"cheapest esim for india from uk",2,1,"en-GB,en-US","cheapest esim for india"
"cheapest esim for italy",2,1,"en-GB,en-US","cheapest esim italy"
"cheapest esim for mexico",2,1,"en-GB,en-US","cheapest esim mexico"
"cheapest esim for singapore",2,1,"en-GB,en-US","cheapest esim for singapore"
"cheapest esim for spain",2,1,"en-GB,en-US","cheapest esim for spain"
"cheapest esim for uk",2,1,"en-GB,en-US","cheapest esim for uk"
"cheapest esim nz",2,1,"en-GB,en-US","cheapest esim nz"
"cheapest esim prepaid",2,1,"en-US","cheapest esim prague"
"cheapest esim turkey",2,1,"en-GB,en-US","cheapest esim turkiye"
"china esim card",2,1,"en-GB,en-US","china esim card"
"china esim reddit",2,1,"en-GB,en-US","china esim reddit"
"colombia sim card",2,1,"en-GB,en-US","colombia esim card"
"croatia sim card",2,1,"en-GB,en-US","croatia esim card"
"do i need an esim for china",2,1,"en-GB,en-US","do i need an esim for china"
"do i need an esim for costa rica",2,1,"en-US","do i need an esim for macao"
"do i need an esim for france",2,1,"en-GB,en-US","do i need an esim for france"
"do i need an esim for greece",2,1,"en-GB,en-US","do i need an esim for greece"
"do i need an esim for italy",2,1,"en-GB,en-US","do i need an esim for italy"
"do i need an esim for new zealand",2,1,"en-US","do i need an esim for nz"
"do i need an esim for spain",2,1,"en-GB,en-US","do i need an esim for spain"
"esim australia",2,1,"en-GB,en-US","esim australia"
"esim best value and coverage canada",2,1,"en-GB,en-US","canada esim coverage map"
"esim canada",2,1,"en-GB,en-US","esim canada"
"esim card for europe",2,1,"en-GB,en-US","czech republic esim card"
"esim denmark sweden norway",2,1,"en-GB,en-US","esim for denmark and sweden"
"esim dubai unlimited data",2,1,"en-GB,en-US","dubai esim unlimited"
"esim for australia",2,1,"en-GB,en-US","esim for australia"
"esim for belgium",2,1,"en-GB,en-US","esim for belgium"
"esim for canada reddit",2,1,"en-GB,en-US","esim for canada review"
"esim for cancun",2,1,"en-GB,en-US","esim for cancun"
"esim for czech republic",2,1,"en-GB,en-US","esim for czechia"
"esim for germany",2,1,"en-GB,en-US","esim for germany"
"esim for hawaii",2,1,"en-GB,en-US","esim for hawaii"
"esim for india and sri lanka",2,1,"en-GB,en-US","esim for india and sri lanka"
"esim for istanbul",2,1,"en-GB,en-US","esim for istanbul"
"esim for italy and greece",2,1,"en-GB,en-US","esim for italy and greece"
"esim for macbook pro",2,1,"en-GB,en-US","esim for macao"
"esim for mainland china",2,1,"en-GB,en-US","esim for manila"
"esim for mexico",2,1,"en-GB,en-US","esim for mexico"
"esim for poland",2,1,"en-GB,en-US","esim for poland"
"esim for singapore tourist",2,1,"en-GB,en-US","esim for singapore city"
"esim for thailand",2,1,"en-GB,en-US","esim for thailand"
"esim for toronto",2,1,"en-GB,en-US","esim for toronto"
"esim for turkey",2,1,"en-GB,en-US","esim for turkiye"
"esim for uk and france",2,1,"en-GB,en-US","esim for uk and france"
"esim for zanzibar",2,1,"en-GB,en-US","esim for zanzibar"
"esim germany",2,1,"en-GB,en-US","esim germany"
"esim kuala lumpur",2,1,"en-GB,en-US","esim kuala lumpur"
"esim malaysia",2,1,"en-GB,en-US","esim malaysia"
"esim poland",2,1,"en-GB,en-US","esim poland"
"esim portugal reddit",2,1,"en-GB,en-US","portugal esim reddit"
"esim singapore tourist",2,1,"en-GB,en-US","esim singapore city"
"esim thailand",2,1,"en-GB,en-US","esim thailand"
"esim turkey",2,1,"en-GB,en-US","esim turkey"
"esim turkey reviews",2,1,"en-GB,en-US","esim for turkey review"
"esim vietnam",2,1,"en-GB,en-US","esim vietnam"
"esims for costa rica",2,1,"en-GB,en-US","esim for costa rica and panama"
"fiji sim card",2,1,"en-GB,en-US","fiji esim card"
"hong kong esim tourist",2,1,"en-GB,en-US","hong kong esim best"
"ireland esim",2,1,"en-GB,en-US","ireland esim"
"italy esim tourist",2,1,"en-GB,en-US","italy esim best"
"japan esim card",2,1,"en-GB,en-US","japan esim card"
"japan esim data plan",2,1,"en-GB,en-US","japan esim coverage map"
"japan esim reddit",2,1,"en-GB,en-US","japan esim reddit"
"japan wireless esim review",2,1,"en-GB,en-US","esim for fiji review"
"korea esim card",2,1,"en-GB,en-US","korea esim card"
"korea esim reddit",2,1,"en-GB,en-US","korea esim reddit"
"korea esim travel guide",2,1,"en-GB,en-US","korea esim best"
"ksa sim card",2,1,"en-GB,en-US","ksa esim card"
"macau sim card",2,1,"en-GB,en-US","macao esim card"
"malaysia esim card",2,1,"en-GB,en-US","malaysia esim card"
"malaysia esim tourist",2,1,"en-GB,en-US","malaysia esim best"
"nz esim card",2,1,"en-GB,en-US","nz esim card"
"nz esim for tourists",2,1,"en-GB,en-US","nz esim"
"poland sim card",2,1,"en-GB","poland esim card"
"qatar sim card",2,1,"en-GB,en-US","qatar esim card"
"singapore esim card",2,1,"en-GB,en-US","singapore esim card"
"taipei sim card",2,1,"en-GB,en-US","taipei esim card"
"turkey e sim card",2,1,"en-GB","turkey esim card"
"turkey esim",2,1,"en-GB,en-US","turkey esim"
"turkey esim card",2,1,"en-GB,en-US","turkey esim card"
"uae esim tourist",2,1,"en-GB,en-US","uae esim best"
"uk esim cards for visitors",2,1,"en-GB,en-US","uk esim card"
"unlimited data esim brazil",2,1,"en-GB,en-US","brazil esim unlimited"
"unlimited data esim greece",2,1,"en-GB,en-US","greece esim unlimited"
"usa esim card",2,1,"en-GB,en-US","usa esim card"
"usa esim tourist",2,1,"en-GB,en-US","usa esim best"
"vietnam esim",2,1,"en-GB,en-US","vietnam esim"
"airalo esim card for poland",2,2,"en-GB,en-US","poland esim card"
"airalo esim georgia",2,2,"en-GB,en-US","esim georgia"
"argentina sim card reddit",2,2,"en-GB,en-US","argentina esim card"
"bangkok sim card for tourist",2,2,"en-GB,en-US","bangkok esim card"
"belgium sim card",2,2,"en-GB,en-US","belgium esim card"
"best data esim for france",2,2,"en-GB,en-US","france esim best"
"best esim for hawaii",2,2,"en-GB,en-US","esim for hawaii"
"best esim for japan travel",2,2,"en-GB,en-US","best esim for japan"
"best esim for namibia",2,2,"en-GB,en-US","esim for south africa and namibia"
"best esim for orlando",2,2,"en-GB,en-US","esim orlando"
"best esim for osaka",2,2,"en-GB,en-US","esim for osaka"
"best esim for phuket",2,2,"en-GB,en-US","esim phuket"
"best esim for switzerland one week",2,2,"en-GB,en-US","best esim for switzerland"
"best esim for thailand from uk",2,2,"en-GB,en-US","best esim for thailand"
"best esim for the usa",2,2,"en-GB","best esim for usa and mexico"
"best esim for tokyo",2,2,"en-GB,en-US","esim for tokyo"
"best esim for toronto canada",2,2,"en-GB,en-US","esim for toronto"
"best esim for uk reddit",2,2,"en-GB,en-US","uk esim reddit"
"best esim for uk travel",2,2,"en-GB,en-US","best esim for uk"
"best esim for usa/canada",2,2,"en-US","best esim for canada 2026"
"best esim for use in japan",2,2,"en-GB,en-US","best esim for uae"
"best esim for zimbabwe",2,2,"en-GB,en-US","best esim for nz"
"best esim iceland reddit",2,2,"en-GB,en-US","iceland esim reddit"
"best esim in korea",2,2,"en-GB,en-US","cheapest esim south korea"
"best esim usa unlimited data",2,2,"en-GB,en-US","usa esim unlimited"
"best unlimited data esim uk",2,2,"en-GB,en-US","uk esim unlimited data"
"can you get an esim",2,2,"en-GB","do i need an esim for holland"
"cheapest esim for ghana",2,2,"en-US","cheapest esim for georgia"
"cheapest esim mobile plans",2,2,"en-US","cheapest esim macao"
"cheapest esim multiple devices",2,2,"en-US","cheapest esim mexico"
"croatia esim with phone number",2,2,"en-GB,en-US","croatia esim"
"croatia sim card unlimited data",2,2,"en-GB,en-US","croatia esim card"
"do you need an esim for iceland",2,2,"en-GB,en-US","do i need an esim for iceland"
"esim amsterdam travel tips",2,2,"en-GB,en-US","esim amsterdam"
"esim australia prepaid",2,2,"en-GB,en-US","esim australia"
"esim australia tourist",2,2,"en-GB,en-US","esim australia"
"esim bangkok airport",2,2,"en-GB,en-US","esim bangkok"
"esim brazil compare",2,2,"en-GB,en-US","esim brazil"
"esim canada and usa",2,2,"en-GB,en-US","esim canada"
"esim canada prepaid",2,2,"en-GB,en-US","esim canada"
"esim card covers both istanbul and italy",2,2,"en-GB,en-US","esim istanbul"
"esim for cambodia vietnam and thailand",2,2,"en-US","esim for thailand and vietnam"
"esim for europe reddit",2,2,"en-GB,en-US","cape town esim reddit"
"esim for fiji from australia",2,2,"en-GB,en-US","esim for fiji"
"esim for indonesia from australia",2,2,"en-GB,en-US","esim for indonesia"
"esim for mexico with phone number",2,2,"en-GB,en-US","esim for mexico city"
"esim for namibia",2,2,"en-GB,en-US","esim for miami"
"esim for netherlands and uk",2,2,"en-GB,en-US","esim for netherlands"
"esim for qatar and europe",2,2,"en-GB,en-US","esim for qatar"
"esim for tanzania and zanzibar",2,2,"en-GB,en-US","esim for zanzibar"
"esim france travel",2,2,"en-GB,en-US","esim france"
"esim germany prepaid",2,2,"en-GB,en-US","esim germany"
"esim holanda",2,2,"en-GB,en-US","esim holland"
"esim italy iphone",2,2,"en-GB,en-US","esim italy"
"esim korea and japan",2,2,"en-GB,en-US","best esim for south korea and japan"
"esim malaysia tourist",2,2,"en-GB,en-US","esim malaysia"
"esim mexico travel guide",2,2,"en-GB,en-US","esim mexico city"
"esim seoul korea",2,2,"en-GB,en-US","esim seoul"
"esim singapore and malaysia",2,2,"en-US","esim for singapore and indonesia"
"esim singapore travel",2,2,"en-GB,en-US","esim singapore city"
"esim thailand 30 days unlimited",2,2,"en-GB,en-US","thailand esim unlimited"
"esim thailand tourist",2,2,"en-GB,en-US","esim thailand"
"esim usa travel",2,2,"en-GB,en-US","esim usa"
"esim vietnam viettel",2,2,"en-GB,en-US","esim vietnam"
"fiji sim card nadi airport",2,2,"en-GB,en-US","fiji esim card"
"germany esim prepaid",2,2,"en-GB,en-US","germany esim"
"greece esim card",2,2,"en-GB,en-US","greece esim card"
"how to buy esim for thailand",2,2,"en-GB,en-US","do i need an esim for bangkok"
"indonesia esim tourist",2,2,"en-GB,en-US","indonesia esim"
"ireland esim providers",2,2,"en-GB,en-US","ireland esim"
"japan esim tourist",2,2,"en-GB,en-US","japan esim"
"kenya sim card",2,2,"en-GB,en-US","kenya esim card"
"klook esim taipei",2,2,"en-GB,en-US","esim taipei"
"macau sim card for tourist",2,2,"en-GB,en-US","macao esim card"
"mexico esim card",2,2,"en-GB,en-US","mexico esim"
"morocco esim card",2,2,"en-GB,en-US","morocco esim card"
"new zealand and australia esim",2,2,"en-GB,en-US","nz esim coverage map"
"nz esim travel",2,2,"en-GB,en-US","nz esim best"
"peru sim card",2,2,"en-GB,en-US","peru esim card"
"philippines esim plans",2,2,"en-GB,en-US","philippines esim"
"qatar sim card for tourist",2,2,"en-GB,en-US","qatar esim card"
"singapore esim tourist",2,2,"en-GB,en-US","singapore esim"
"sri lanka esim for tourist",2,2,"en-GB,en-US","best esim for india and sri lanka"
"tokyo traveller esim",2,2,"en-GB,en-US","esim tokyo"
"turkey esim uk",2,2,"en-GB,en-US","turkey esim"
"usa esim travel",2,2,"en-GB,en-US","usa esim best"
"what is the best esim for bali",2,2,"en-GB","cheapest esim for bali"
"airalo esim netherlands",2,3,"en-GB","esim for netherlands"
"airalo esim qatar",2,3,"en-GB,en-US","esim qatar"
"australia esim prepaid",2,3,"en-GB,en-US","australia esim"
"australian esim cards for travellers",2,3,"en-GB,en-US","australia esim card"
"belgian sim card",2,3,"en-GB","belgium esim card"
"belgium sim card unlimited data",2,3,"en-GB,en-US","belgium esim card"
"best esim card for hawaii",2,3,"en-GB,en-US","esim for hawaii"
"best esim card for south korea",2,3,"en-GB,en-US","best esim for south korea"
"best esim for europe and morocco",2,3,"en-GB,en-US","morocco esim best"
"best esim for indonesia reddit",2,3,"en-GB,en-US","best esim for indonesia"
"best esim for italy from australia",2,3,"en-GB,en-US","italy esim best"
"best esim for morocco from canada",2,3,"en-GB,en-US","best esim for morocco"
"best esim for spain travel",2,3,"en-GB,en-US","best esim for spain"
"best esim for thailand from australia",2,3,"en-GB,en-US","best esim for thailand"
"best esim for usa from canada",2,3,"en-GB,en-US","best esim for canada and usa"
"best esim in ireland",2,3,"en-US","esim for ireland review"
"best esim in turkey",2,3,"en-US","best esim for istanbul"
"best esim london uk",2,3,"en-GB,en-US","esim london"
"best travel esim for china",2,3,"en-US","best esim for china 2026"
"brazil esim plans",2,3,"en-GB,en-US","brazil esim"
"buy airalo esim georgia",2,3,"en-GB,en-US","esim georgia"
"cheapest esim europe 30 days",2,3,"en-US","cheapest esim colombia"
"cheapest esim mobile phone",2,3,"en-US","cheapest esim macao"
"cheapest esim phone australia",2,3,"en-GB,en-US","cheapest esim for australia"
"cheapest esim phone in india",2,3,"en-GB,en-US","cheapest esim for india"
"cheapest esim phone singapore",2,3,"en-GB,en-US","cheapest esim for singapore"
"china esim with local number",2,3,"en-GB,en-US","china esim coverage map"
"cosmote esim greece",2,3,"en-GB,en-US","esim greece"
"esic new update 2026",2,3,"en-GB,en-US","czech republic esim 2026"
"esim at kansai airport",2,3,"en-GB,en-US","ksa esim coverage map"
"esim canada plans",2,3,"en-GB,en-US","esim canada"
"esim card for australia and new zealand",2,3,"en-GB,en-US","esim for australia and new zealand"
"esim card for england",2,3,"en-GB,en-US","esim england"
"esim card for usa",2,3,"en-GB,en-US","czech republic esim card"
"esim cards for fiji",2,3,"en-GB,en-US","fiji esim card"
"esim egypt price comparison",2,3,"en-GB,en-US","esim egypt"
"esim for india use",2,3,"en-GB,en-US","india esim coverage map"
"esim for london travel",2,3,"en-GB,en-US","esim for london"
"esim for new zealand from australia",2,3,"en-GB,en-US","esim for new zealand"
"esim for thailand and bali",2,3,"en-GB,en-US","esim for thailand"
"esim for the philippines reddit",2,3,"en-GB,en-US","esim for manila review"
"esim for travel to philippines",2,3,"en-US","do i need an esim for manila"
"esim for travelling to new york",2,3,"en-GB,en-US","esim new york"
"esim for uk and ireland",2,3,"en-GB,en-US","esim for uk"
"esim israel partner",2,3,"en-GB,en-US","esim israel"
"esim malaysia prepaid",2,3,"en-GB,en-US","esim malaysia"
"esim mexico iphone",2,3,"en-GB,en-US","esim mexico city"
"esim philippines smart",2,3,"en-GB,en-US","esim philippines"
"esim singapore cheap",2,3,"en-GB,en-US","esim singapore city"
"esim turkey tourist",2,3,"en-GB,en-US","esim turkey"
"esim uae etisalat",2,3,"en-GB,en-US","esim uae"
"esim usa canada",2,3,"en-GB,en-US","esim for canada and usa"
"esim usa prepaid",2,3,"en-GB,en-US","esim usa"
"esim usa travel unlimited data",2,3,"en-GB,en-US","usa esim unlimited data"
"esim with number uk",2,3,"en-GB,en-US","uk esim coverage map"
"free esim in usa",2,3,"en-GB,en-US","czech republic esim unlimited"
"germany esim options",2,3,"en-GB,en-US","germany esim"
"holafly esim costa rica",2,3,"en-GB,en-US","cheapest esim for san jose costa rica"
"how to buy lg esim card at seoul airport",2,3,"en-GB,en-US","esim seoul"
"ireland esim with phone number",2,3,"en-GB,en-US","ireland esim"
"is esim available in australia",2,3,"en-US","australia esim coverage map"
"italian esim with phone number",2,3,"en-GB,en-US","esim for italy review"
"italy esim with calls and texts",2,3,"en-GB,en-US","italy esim"
"japan esim tourist reddit",2,3,"en-GB,en-US","japan esim reddit"
"korea esim plans",2,3,"en-GB,en-US","korea esim"
"malaysia esim prepaid",2,3,"en-GB,en-US","malaysia esim"
"new zealand esim tourist",2,3,"en-GB,en-US","new zealand esim"
"ooredoo maldives esim",2,3,"en-GB,en-US","esim for maldives"
"peru sim card for tourist",2,3,"en-GB,en-US","peru esim card"
"poland esim with phone number",2,3,"en-GB,en-US","poland esim"
"safaricom esim kenya",2,3,"en-GB,en-US","esim kenya"
"three switch to esim",2,3,"en-GB,en-US","esim czech republic 2026"
"tokyo cheapo esim",2,3,"en-GB,en-US","esim tokyo"
"travel esim brazil",2,3,"en-GB","esim brazil"
"uae esim online",2,3,"en-GB,en-US","uae esim"
"us esim card",2,3,"en-GB,en-US","usa esim card"
"usa esim buy",2,3,"en-US","usa esim best"
"vietnam esim viettel",2,3,"en-GB,en-US","vietnam esim"
"vodafone esim turkiye",2,3,"en-US","turkiye esim"
"vodafone qatar esim",2,3,"en-GB,en-US","qatar esim"
"what is an international esim",2,3,"en-GB,en-US","esim rio de janeiro"
"what is best esim for brazil",2,3,"en-GB,en-US","best esim for brazil"
"what is the best and cheapest esim for japan",2,3,"en-GB,en-US","cheapest esim japan"
"what is the best esim for morocco",2,3,"en-GB,en-US","esim for morocco review"
"what is the best esim in iceland",2,3,"en-GB,en-US","best esim for iceland"
"asia esim south korea japan china",2,4,"en-GB,en-US","esim for japan and south korea"
"australia sim card plans",2,4,"en-GB,en-US","australia esim card"
"best esim brazil",2,4,"en-GB,en-US","esim brazil"
"best esim card for thailand",2,4,"en-GB,en-US","best esim for bangkok"
"best esim deals for usa",2,4,"en-GB,en-US","cheapest esim for usa"
"best esim for canada and alaska",2,4,"en-GB,en-US","best esim for canada"
"best esim for french polynesia",2,4,"en-GB,en-US","best esim for france"
"best esim for india from usa",2,4,"en-GB,en-US","best esim for india"
"best esim for south america travel",2,4,"en-GB,en-US","best esim for south africa"
"best esim for travel to usa from canada",2,4,"en-GB,en-US","best esim for canada and usa"
"best esim for use in europe",2,4,"en-GB,en-US","best esim for uae"
"best esim in usa",2,4,"en-GB,en-US","esim for los angeles"
"best esim provider for hong kong",2,4,"en-GB,en-US","best esim for hong kong"
"best esim to use in philippines",2,4,"en-GB,en-US","do i need an esim for macao"
"best global esim plans",2,4,"en-GB,en-US","israel esim coverage map"
"best new zealand esim",2,4,"en-GB,en-US","cape town esim best"
"cheapest 5g esim singapore",2,4,"en-GB,en-US","cheapest esim for singapore"
"cheapest pay as you go esim",2,4,"en-GB,en-US","cheapest esim for georgia"
"china and hong kong esim",2,4,"en-GB,en-US","best esim for hong kong and china"
"esim australia telstra",2,4,"en-GB,en-US","esim australia"
"esim cards croatia",2,4,"en-GB,en-US","croatia esim card"
"esim for china and japan",2,4,"en-GB,en-US","japan esim coverage map"
"esim for free",2,4,"en-GB","esim for korea"
"esim for germany from india",2,4,"en-GB,en-US","esim for germany"
"esim for india from australia",2,4,"en-GB,en-US","esim for india"
"esim for malaysia travel",2,4,"en-GB,en-US","esim for malaysia"
"esim germany travel",2,4,"en-GB,en-US","esim germany"
"esim indonesia bali",2,4,"en-GB,en-US","esim indonesia"
"esim malaysia singapore",2,4,"en-GB,en-US","esim malaysia"
"esim new zealand data and calls",2,4,"en-GB,en-US","esim new zealand"
"esim philippines prepaid",2,4,"en-GB,en-US","esim philippines"
"esim south korea for both data and phone",2,4,"en-GB,en-US","esim south korea"
"esim stc saudi arabia",2,4,"en-GB,en-US","esim saudi arabia"
"esim to use in australia",2,4,"en-GB","do i need an esim for austria"
"esim turkey uk",2,4,"en-GB,en-US","esim turkey"
"esim usa plans",2,4,"en-GB,en-US","esim usa"
"esim vietnam how it works",2,4,"en-GB,en-US","esim viet nam"
"germany esim plans",2,4,"en-GB,en-US","germany esim"
"hong kong esim iphone",2,4,"en-GB,en-US","hong kong esim"
"iceland esim prepaid",2,4,"en-GB,en-US","iceland esim"
"india esim with phone number",2,4,"en-GB,en-US","india esim coverage map"
"klook esim bangkok",2,4,"en-GB,en-US","esim bangkok"
"lebara esim netherlands",2,4,"en-GB,en-US","esim netherlands"
"magti esim georgia",2,4,"en-GB,en-US","esim georgia"
"nomad esim brazil",2,4,"en-US","esim brazil"
"ooredoo esim qatar",2,4,"en-GB,en-US","esim qatar"
"ooredoo qatar esim",2,4,"en-GB,en-US","qatar esim"
"peru sim card options",2,4,"en-GB,en-US","peru esim card"
"philippines esim with phone number",2,4,"en-GB,en-US","manila esim coverage map"
"saily esim costa rica",2,4,"en-GB,en-US","esim for costa rica and panama"
"three hong kong esim",2,4,"en-GB,en-US","hong kong esim coverage map"
"uk esim for travel",2,4,"en-GB,en-US","uk esim coverage map"
"vivo esim brazil",2,4,"en-GB,en-US","esim for brazil"
"australia sim card from uk",2,5,"en-GB,en-US","australia esim card"
"best esim card for italy",2,5,"en-GB,en-US","best esim for italy 2026"
"best esim card for korea",2,5,"en-GB,en-US","korea esim best"
"best esim for australian travelling to usa",2,5,"en-GB,en-US","best esim for austria"
"best esim for bali telkomsel",2,5,"en-GB,en-US","best esim for bali"
"best esim for international travel europe",2,5,"en-GB,en-US","best esim for netherlands and belgium"
"best esim for italy road trip",2,5,"en-GB,en-US","best esim for italy"
"best esim for london and paris",2,5,"en-GB,en-US","esim for paris"
"best esim for spain with phone number",2,5,"en-GB,en-US","best esim for spain"
"best esim for tokyo reddit",2,5,"en-GB,en-US","esim tokyo"
"best esim for vietnam for australians",2,5,"en-GB,en-US","best esim for vietnam"
"best esim plan for usa",2,5,"en-GB,en-US","best esim for usa 2026"
"cheap phone for esim",2,5,"en-US","cheapest esim for georgia"
"cheapest esim service",2,5,"en-US","cheapest esim ksa"
"cheapest postpaid esim australia",2,5,"en-GB,en-US","cheapest esim for australia"
"china mobile esim plans",2,5,"en-GB,en-US","china esim coverage map"
"esic exam date 2026",2,5,"en-GB,en-US","czech republic esim 2026"
"esim canada with phone number",2,5,"en-GB,en-US","esim canada"
"esim card for india travel",2,5,"en-GB,en-US","india esim coverage map"
"esim card for london",2,5,"en-GB,en-US","esim london"
"esim card for travel",2,5,"en-GB,en-US","cape town esim card"
"esim card for travel to iceland",2,5,"en-GB,en-US","iceland esim card"
"esim for australian number",2,5,"en-GB,en-US","esim for australia"
"esim for freedom mobile",2,5,"en-GB","esim for korea"
"esim for germany with phone number",2,5,"en-GB,en-US","esim for germany"
"esim for india from canada",2,5,"en-GB,en-US","esim for india and sri lanka"
"esim for malaysia and thailand",2,5,"en-GB,en-US","esim for malaysia"
"esim for montenegro",2,5,"en-US","esim for macao"
"esim for thailand from australia",2,5,"en-GB,en-US","esim for thailand"
"esim for turkey maya",2,5,"en-GB,en-US","esim for turkiye"
"esim for use in japan",2,5,"en-US","do i need an esim for japan"
"esim in south korea",2,5,"en-GB,en-US","esim for japan and south korea"
"esim indonesia plans",2,5,"en-GB,en-US","esim indonesia"
"esim malaysia klook",2,5,"en-GB,en-US","esim malaysia"
"esim mexico for tourists",2,5,"en-GB,en-US","esim mexico"
"esim packages saudi arabia",2,5,"en-GB,en-US","esim for saudi arabia"
"esim philippines tourist",2,5,"en-GB,en-US","esim philippines"
"esim phones in egypt",2,5,"en-GB,en-US","egypt esim coverage map"
"esim turkey travel plans",2,5,"en-GB,en-US","esim turkey"
"esim usage guide",2,5,"en-GB,en-US","esim usa"
"esim with free trial",2,5,"en-US","esim for georgia review"
"french esim with phone number",2,5,"en-GB,en-US","esim for france review"
"germany esim for travel",2,5,"en-GB,en-US","germany esim"
"spain esim data",2,5,"en-GB,en-US","spain esim"
"turkey esim data",2,5,"en-GB,en-US","turkey esim"
"usa esim in india",2,5,"en-GB,en-US","india esim coverage map"
"vietnam esim klook",2,5,"en-GB,en-US","vietnam esim"
"which esim is best for switzerland",2,5,"en-GB,en-US","best esim for switzerland"
"which is the best esim for hong kong",2,5,"en-GB,en-US","best esim for hong kong"
"zain ksa esim",2,5,"en-GB,en-US","ksa esim"
"australia esim for bali",2,6,"en-GB,en-US","austria esim"
"australia esim providers",2,6,"en-GB,en-US","australia esim"
"australia sim card for international students",2,6,"en-GB,en-US","australia esim card"
"best esim for australians in europe",2,6,"en-GB,en-US","best esim for australia"
"best esim for australians in japan",2,6,"en-GB,en-US","best esim for austria"
"best esim for montenegro",2,6,"en-GB,en-US","best esim for macao"
"best esim for spain and france",2,6,"en-GB,en-US","best esim for spain"
"best esim to use in ireland",2,6,"en-GB","esim for ireland review"
"buy esim new zealand",2,6,"en-GB,en-US","cheapest esim for nz"
"buy esim usa online",2,6,"en-US","czech republic esim unlimited"
"does it support esim",2,6,"en-GB,en-US","esim for israel review"
"esim australia providers",2,6,"en-GB,en-US","esim australia"
"esim canada ervaringen",2,6,"en-GB,en-US","esim canada"
"esim card germany",2,6,"en-GB,en-US","esim germany"
"esim card uae",2,6,"en-GB,en-US","uae esim card"
"esim data plan australia",2,6,"en-GB,en-US","australia esim coverage map"
"esim for australia and singapore",2,6,"en-GB,en-US","esim for australia"
"esim for mauritius",2,6,"en-GB,en-US","esim for miami"
"esim for uk and paris",2,6,"en-GB,en-US","esim for paris"
"esim malaysia maxis",2,6,"en-GB,en-US","esim malaysia"
"esim personal",2,6,"en-GB,en-US","esim peru"
"esim turkey data packages",2,6,"en-GB,en-US","esim turkey"
"how to apply for esim in india",2,6,"en-GB,en-US","do i need an esim for india"
"how to purchase an esim",2,6,"en-GB,en-US","do i need an esim for czech republic"
"iceland esim with phone number",2,6,"en-GB,en-US","esim iceland"
"is esim worth it",2,6,"en-GB,en-US","esim for israel review"
"korea esim prepaid options",2,6,"en-GB,en-US","korea esim"
"new zealand esim providers",2,6,"en-GB,en-US","new zealand esim"
"should i set up esim",2,6,"en-GB,en-US","do i need an esim for israel"
"travel esim new zealand",2,6,"en-US","cape town esim coverage map"
"turkey esim voice and data",2,6,"en-GB,en-US","turkey esim"
"vodafone portugal esim card",2,6,"en-GB,en-US","portugal esim"
"best esim for asia reddit",2,7,"en-US","hong kong esim reddit"
"best esim for australian travellers",2,7,"en-GB,en-US","best esim for austria"
"best esim for european travel",2,7,"en-US","best esim for croatia"
"best esim for roaming in mexico",2,7,"en-GB,en-US","best esim for mexico"
"best esim for turkey airalo",2,7,"en-GB,en-US","best esim for turkiye"
"best esim in china",2,7,"en-US","czech republic esim best"
"best international esim plans",2,7,"en-GB,en-US","brazil esim coverage map"
"cheapest esim uk plans",2,7,"en-GB,en-US","uk esim coverage map"
"data only esim bali",2,7,"en-GB,en-US","bali esim unlimited data"
"esim australia optus",2,7,"en-GB,en-US","esim australia"
"esim canada tourist",2,7,"en-GB,en-US","esim canada"
"esim card for indonesia",2,7,"en-GB,en-US","esim for indonesia"
"esim card for philippines",2,7,"en-GB,en-US","manila esim coverage map"
"esim card netherlands",2,7,"en-GB,en-US","esim netherlands"
"esim data only uk",2,7,"en-GB,en-US","australia esim unlimited data"
"esim for australian travellers",2,7,"en-GB,en-US","esim for australia"
"esim for thailand airalo",2,7,"en-GB,en-US","esim for thailand"
"esim for usa with phone number",2,7,"en-GB,en-US","esim for usa"
"esim for use in uk",2,7,"en-GB,en-US","esim for uae"
"esim france en ligne",2,7,"en-GB,en-US","esim france"
"esim para o brasil",2,7,"en-GB,en-US","esim rio de janeiro"
"esim turkey maya",2,7,"en-GB,en-US","esim turkey"
"esim usa tourist",2,7,"en-GB,en-US","esim usa"
"esmo 2026 cape town",2,7,"en-GB,en-US","best esim for cape town 2026"
"how to apply for esim",2,7,"en-GB,en-US","do i need an esim for ksa"
"how to get esim in pakistan",2,7,"en-GB,en-US","do i need an esim for qatar"
"malaysia esim card for tourist",2,7,"en-GB,en-US","malaysia esim coverage map"
"peru sim card purchase guide",2,7,"en-GB,en-US","peru esim"
"travel esim latin america",2,7,"en-GB,en-US","argentina esim coverage map"
"turkey esim deals",2,7,"en-GB,en-US","turkey esim"
"what is an esim south africa",2,7,"en-US","cape town esim coverage map"
"australia esim plans",2,8,"en-GB,en-US","australia esim"
"best esim for australia and singapore",2,8,"en-GB,en-US","best esim for singapore"
"best esim for turkey and europe",2,8,"en-GB,en-US","best esim for turkiye"
"best esim for uganda",2,8,"en-GB,en-US","best esim for kenya"
"best esim for vietnam reddit",2,8,"en-GB,en-US","best esim for vietnam"
"esi summer school 2026",2,8,"en-GB,en-US","cape town esim 2026"
"esim australia prepaid 365 days",2,8,"en-GB,en-US","esim australia"
"esim for australia holiday",2,8,"en-GB,en-US","esim for australia"
"esim for japan trip",2,8,"en-GB,en-US","esim for japan"
"esim for use in new zealand",2,8,"en-US","esim for nz review"
"esim per il marocco",2,8,"en-US","esim for morocco review"
"esim turkey argos",2,8,"en-GB,en-US","esim turkiye"
"esim turkey prepaid options",2,8,"en-GB,en-US","esim turkey"
"esim usa airalo",2,8,"en-GB,en-US","esim usa"
"go compare esim deals",2,8,"en-GB,en-US","esim for georgia review"
"indonesia best esims plans",2,8,"en-US","bali esim coverage map"
"indonesia best esims tips",2,8,"en-US","best esim for indonesia"
"is s20 fe esim capable",2,8,"en-GB,en-US","best esim for egypt 2026"
"japan and global esim",2,8,"en-GB,en-US","esim for japan and south korea"
"turkey esim online",2,8,"en-GB,en-US","turkey esim"
"vietnam esim matrix",2,8,"en-GB,en-US","viet nam esim"
"vietnam esim with phone number",2,8,"en-GB,en-US","vietnam esim"
"best esim for canadian travellers",2,9,"en-GB,en-US","best esim for canada and usa"
"best esim for vietnam and japan",2,9,"en-GB,en-US","best esim for vietnam"
"best esims for south korea",2,9,"en-US","best esim for seoul"
"cheapest esim in malaysia",2,9,"en-GB","cheapest esim spain"
"cheapest esim smartphone",2,9,"en-US","cheapest esim nz"
"ea eastern cape applications 2026",2,9,"en-GB,en-US","best esim for cape town 2026"
"esi holiday list 2026",2,9,"en-GB,en-US","cape town esim 2026"
"esim canada reddit",2,9,"en-GB,en-US","esim canada"
"esim price in japan",2,9,"en-GB,en-US","cheapest esim for japan"
"esim usa activation",2,9,"en-GB,en-US","esim usa"
"esim with korean phone number",2,9,"en-US","do i need an esim for korea"
"free esim trial unlimited data",2,9,"en-GB,en-US","israel esim unlimited data"
"korea esim for tourist",2,9,"en-US","korea esim coverage map"
"one new zealand esim",2,9,"en-GB,en-US","new zealand esim unlimited"
"turkey esim argos",2,9,"en-GB,en-US","turkiye esim"
"vietnam esim online",2,9,"en-GB,en-US","vietnam esim"
"best esim for vietnam travel",2,10,"en-GB,en-US","best esim for vietnam"
"buy esim online canada",2,10,"en-GB,en-US","esim for canada review"
"cheapest esim in canada",2,10,"en-GB","cheapest esim spain"
"eastern cape online application 2026",2,10,"en-GB,en-US","best esim for cape town 2026"
"esim canada free",2,10,"en-GB,en-US","esim canada"
"esim usa at&t",2,10,"en-GB,en-US","esim usa"
"esim voor sri lanka",2,10,"en-GB,en-US","best esim for india and sri lanka"
"esim vs physical sim singapore",2,10,"en-US","singapore esim coverage map"
"how to get esim in australia",2,10,"en-GB,en-US","do i need an esim for macao"
"best cheap global esim for travelers",2,11,"en-US","cheapest esim for brazil"
"best esim plans europe",2,11,"en-GB,en-US","best esim for holland 2026"
"best esims for europe and uk",2,11,"en-US","best esim for england"
"buy esim online australia",2,11,"en-GB,en-US","cheapest esim for australia"
"eastern cape ea application 2026",2,11,"en-GB,en-US","best esim for cape town 2026"
"esim pour sri lanka",2,11,"en-GB,en-US","best esim for india and sri lanka"
"how to get an esim india",2,11,"en-GB","do i need an esim for qatar"
"how to get esim in dubai",2,11,"en-US","best esim for dubai"
"is an esim a good idea",2,11,"en-GB,en-US","esim for israel review"
"unlimited data plans esim",2,11,"en-US","bangkok esim unlimited data"
"does the s20 support esim",2,12,"en-US","best esim for iceland 2026"
"esim cards for korea",2,12,"en-US","best esim for south korea"
"esim usa and canada",2,12,"en-GB,en-US","esim usa"
"how to get esim qr",2,12,"en-GB,en-US","esim for qatar review"
"spanish esim with phone number",2,12,"en-GB,en-US","do i need an esim for spain"
"vietnam esim australia",2,12,"en-GB,en-US","vietnam esim"
"cheap esim plans unlimited data",2,13,"en-US","georgia esim unlimited data"
"esim usa new york",2,13,"en-US","esim for las vegas"
"esim versus international plan",2,13,"en-US","brazil esim coverage map"
"how to buy esim philippines",2,13,"en-US","do i need an esim for peru"
"most reliable japan esim",2,13,"en-US","esim for fiji review"
"beste esim anbieter bali",2,14,"en-US","cheapest esim for bali"
"carte esim pour le vietnam",2,14,"en-US","viet nam esim 2026"
"esim 5*6",2,14,"en-US","esim czech republic 2026"
"esim usa t mobile",2,14,"en-US","esim usa"
"esim with calls europe",2,14,"en-US","do i need an esim for belgium"
"mejor esim para brasil",2,14,"en-US","esim rio de janeiro"
"esim available in india",2,15,"en-US","kenya esim coverage map"
"esim maroc pas cher",2,15,"en-US","cheapest esim for morocco"
"esim providers in canada",2,15,"en-US","do i need an esim for canada"
"best esims for egypt",2,16,"en-US","best esim for turkey and greece"
"esim im ausland nutzen",2,16,"en-US","do i need an esim for austria"
"esim to use in europe",2,16,"en-US","esim for france and italy"
"pay monthly esim germany",2,16,"en-US","cheapest esim for germany"
"unlimited data esim bali",2,16,"en-US","croatia esim unlimited data"
"acheter une esim france",2,18,"en-US","cheapest esim for france"
"tarjeta esim para colombia",2,22,"en-US","cheapest esim for colombia"
"airalo esim japan review",1,1,"en-GB,en-US","esim for japan review"
"amsterdam esim",1,1,"en-GB,en-US","amsterdam esim"
"argentina esim",1,1,"en-GB,en-US","argentina esim"
"auckland airport esim",1,1,"en-GB,en-US","esim auckland"
"austria esim",1,1,"en-GB,en-US","austria esim"
"bali e sim card",1,1,"en-GB","bali esim card"
"bali easy esim reviews",1,1,"en-GB,en-US","esim for bali review"
"bali esim",1,1,"en-GB,en-US","bali esim"
"bangkok esim",1,1,"en-GB,en-US","bangkok esim"
"belgium esim",1,1,"en-GB,en-US","belgium esim"
"best esim for france reddit",1,1,"en-GB,en-US","france esim reddit"
"best esim for honduras",1,1,"en-US","best esim for holland"
"best esim for japan and south korea",1,1,"en-GB,en-US","best esim for japan and south korea"
"best esim for kazakhstan and kyrgyzstan",1,1,"en-GB,en-US","best esim for ksa"
"best esim for madagascar",1,1,"en-US","best esim for macao"
"best esim for usa reddit",1,1,"en-GB,en-US","usa esim reddit"
"best esim south korea",1,1,"en-US","cheapest esim south korea"
"best esim to use in vietnam",1,1,"en-GB","viet nam esim best"
"brazil esim",1,1,"en-GB,en-US","brazil esim"
"brazil esims",1,1,"en-US","brazil esim best"
"canada esim",1,1,"en-GB,en-US","canada esim"
"canada esims",1,1,"en-US","canada esim best"
"cancun esim",1,1,"en-GB,en-US","cancun esim"
"cape town simon's town",1,1,"en-GB,en-US","cape town esim"
"cheap esim france",1,1,"en-GB,en-US","cheapest esim france"
"cheap esim india",1,1,"en-GB,en-US","cheapest esim india"
"cheap esim morocco",1,1,"en-GB,en-US","cheapest esim morocco"
"cheap esim new zealand",1,1,"en-GB,en-US","cheapest esim new zealand"
"cheap esim spain",1,1,"en-GB,en-US","cheapest esim spain"
"cheap sim germany",1,1,"en-GB","cheapest esim germany"
"cheapest e sim for japan",1,1,"en-GB,en-US","cheapest esim for japan"
"cheapest esim bali",1,1,"en-GB,en-US","cheapest esim bali"
"cheapest esim china",1,1,"en-GB,en-US","cheapest esim china"
"cheapest esim peru",1,1,"en-GB,en-US","cheapest esim peru"
"cheapest esim plans",1,1,"en-US","cheapest esim poland"
"cheapest phone with esim in philippines",1,1,"en-US","cheapest esim philippines"
"cheapest phone with esim philippines",1,1,"en-GB","cheapest esim philippines"
"china esim",1,1,"en-GB,en-US","china esim"
"china esims",1,1,"en-US","china esim best"
"colombia esim",1,1,"en-GB,en-US","colombia esim"
"costa rica esim",1,1,"en-GB,en-US","costa rica esim"
"croatia esim",1,1,"en-GB,en-US","croatia esim"
"czech republic symbol",1,1,"en-US","czech republic esim"
"czechia symbols",1,1,"en-US","czechia esim"
"do i need an esim for bali",1,1,"en-GB,en-US","do i need an esim for bali"
"do i need an esim for international travel",1,1,"en-US","do i need an esim for india"
"dubai esim",1,1,"en-GB,en-US","dubai esim"
"e sim for italy and greece",1,1,"en-GB","esim for italy and greece"
"e sim for rome",1,1,"en-GB,en-US","esim for rome"
"e sim hangi telefonlarda var",1,1,"en-GB","esim hanoi"
"e sim istanbul",1,1,"en-GB,en-US","esim istanbul"
"e sim japon 2026",1,1,"en-GB","esim japan 2026"
"ecim austria 2026",1,1,"en-GB,en-US","esim austria 2026"
"ecim vienna",1,1,"en-GB,en-US","esim vienna"
"egypt esim",1,1,"en-GB,en-US","egypt esim"
"egypt esims",1,1,"en-US","egypt esim best"
"england esim",1,1,"en-GB,en-US","england esim"
"esem uae 2026",1,1,"en-GB,en-US","esim uae 2026"
"esim 2026 conference",1,1,"en-US","esim nz 2026"
"esim amsterdam",1,1,"en-GB,en-US","esim amsterdam"
"esim argentina",1,1,"en-GB,en-US","esim argentina"
"esim ausland preisvergleich",1,1,"en-US","esim auckland"
"esim austria",1,1,"en-GB,en-US","esim austria"
"esim bali",1,1,"en-GB,en-US","esim bali"
"esim bangkok",1,1,"en-GB,en-US","esim bangkok"
"esim barcelona",1,1,"en-GB,en-US","esim barcelona"
"esim belgium",1,1,"en-GB,en-US","esim belgium"
"esim berlin",1,1,"en-GB,en-US","esim berlin"
"esim brazil",1,1,"en-GB,en-US","esim brazil"
"esim cairo",1,1,"en-GB,en-US","esim cairo"
"esim china",1,1,"en-GB,en-US","esim china"
"esim colombia",1,1,"en-GB,en-US","esim colombia"
"esim costa rica",1,1,"en-GB,en-US","esim costa rica"
"esim croatia",1,1,"en-GB,en-US","esim croatia"
"esim dubai",1,1,"en-GB,en-US","esim dubai"
"esim egypt",1,1,"en-GB,en-US","esim egypt"
"esim egypt and jordan",1,1,"en-GB,en-US","esim for egypt and jordan"
"esim egypt unlimited",1,1,"en-GB,en-US","egypt esim unlimited"
"esim england",1,1,"en-GB,en-US","esim england"
"esim fiji",1,1,"en-GB,en-US","esim fiji"
"esim for amsterdam",1,1,"en-GB,en-US","esim for amsterdam"
"esim for argentina",1,1,"en-GB,en-US","esim for argentina"
"esim for asia reviews",1,1,"en-GB","esim for india review"
"esim for austria",1,1,"en-GB,en-US","esim for austria"
"esim for bali",1,1,"en-GB,en-US","esim for bali"
"esim for bangkok",1,1,"en-GB,en-US","esim for bangkok"
"esim for barcelona",1,1,"en-GB,en-US","esim for barcelona"
"esim for belize",1,1,"en-GB,en-US","esim for berlin"
"esim for bermuda",1,1,"en-GB,en-US","esim for berlin"
"esim for brazil",1,1,"en-GB,en-US","esim for brazil"
"esim for canada",1,1,"en-GB,en-US","esim for canada"
"esim for caribbean",1,1,"en-US","esim for cairo"
"esim for china",1,1,"en-GB,en-US","esim for china"
"esim for colombia",1,1,"en-GB,en-US","esim for colombia"
"esim for croatia",1,1,"en-GB,en-US","esim for croatia"
"esim for dubai",1,1,"en-GB,en-US","esim for dubai"
"esim for egypt",1,1,"en-GB,en-US","esim for egypt"
"esim for england",1,1,"en-GB,en-US","esim for england"
"esim for fiji",1,1,"en-GB,en-US","esim for fiji"
"esim for france",1,1,"en-GB,en-US","esim for france"
"esim for georgia",1,1,"en-GB,en-US","esim for georgia"
"esim for greece",1,1,"en-GB,en-US","esim for greece"
"esim for holiday",1,1,"en-US","esim for holland"
"esim for honor 200",1,1,"en-US","esim for hanoi"
"esim for iceland",1,1,"en-GB,en-US","esim for iceland"
"esim for india",1,1,"en-GB,en-US","esim for india"
"esim for indonesia",1,1,"en-GB,en-US","esim for indonesia"
"esim for israel",1,1,"en-GB,en-US","esim for israel"
"esim for italy",1,1,"en-GB,en-US","esim for italy"
"esim for japan",1,1,"en-GB,en-US","esim for japan"
"esim for kenya",1,1,"en-GB,en-US","esim for kenya"
"esim for korea",1,1,"en-GB,en-US","esim for korea"
"esim for ksa",1,1,"en-GB,en-US","esim for ksa"
"esim for lebanon",1,1,"en-US","esim for lisbon"
"esim for london",1,1,"en-GB,en-US","esim for london"
"esim for madrid",1,1,"en-GB,en-US","esim for madrid"
"esim for netherlands",1,1,"en-GB,en-US","esim for netherlands"
"esim for nz",1,1,"en-GB,en-US","esim for nz"
"esim for orlando",1,1,"en-GB,en-US","esim for orlando"
"esim for paris",1,1,"en-GB,en-US","esim for paris"
"esim for peru",1,1,"en-GB,en-US","esim for peru"
"esim for philippines",1,1,"en-GB,en-US","esim for philippines"
"esim for phuket",1,1,"en-GB,en-US","esim for phuket"
"esim for portugal",1,1,"en-GB,en-US","esim for portugal"
"esim for prague",1,1,"en-GB,en-US","esim for prague"
"esim for qatar",1,1,"en-GB,en-US","esim for qatar"
"esim for seoul",1,1,"en-GB,en-US","esim for seoul"
"esim for singapore",1,1,"en-GB,en-US","esim for singapore"
"esim for spain",1,1,"en-GB,en-US","esim for spain"
"esim for switzerland",1,1,"en-GB,en-US","esim for switzerland"
"esim for taiwan",1,1,"en-GB,en-US","esim for taiwan"
"esim for tokyo",1,1,"en-GB,en-US","esim for tokyo"
"esim for uae",1,1,"en-GB,en-US","esim for uae"
"esim for uk",1,1,"en-GB,en-US","esim for uk"
"esim france",1,1,"en-GB,en-US","esim france"
"esim georgia",1,1,"en-GB,en-US","esim georgia"
"esim greece",1,1,"en-GB,en-US","esim greece"
"esim handover process",1,1,"en-US","esim hanoi"
"esim hawaii",1,1,"en-GB,en-US","esim hawaii"
"esim holland",1,1,"en-GB,en-US","esim holland"
"esim hong kong",1,1,"en-GB,en-US","esim hong kong"
"esim iceland",1,1,"en-GB,en-US","esim iceland"
"esim india",1,1,"en-GB,en-US","esim india"
"esim indonesia",1,1,"en-GB,en-US","esim indonesia"
"esim israel",1,1,"en-GB,en-US","esim israel"
"esim italy",1,1,"en-GB,en-US","esim italy"
"esim japan",1,1,"en-GB,en-US","esim japan"
"esim kenya",1,1,"en-GB,en-US","esim kenya"
"esim korea",1,1,"en-GB,en-US","esim korea"
"esim ksa",1,1,"en-GB,en-US","esim ksa"
"esim london",1,1,"en-GB,en-US","esim london"
"esim los angeles",1,1,"en-GB,en-US","esim los angeles"
"esim macau",1,1,"en-GB,en-US","esim macao"
"esim madrid",1,1,"en-GB,en-US","esim madrid"
"esim maldives",1,1,"en-GB,en-US","esim maldives"
"esim manila",1,1,"en-GB,en-US","esim manila"
"esim marrakech",1,1,"en-GB,en-US","esim marrakech"
"esim melbourne",1,1,"en-GB,en-US","esim melbourne"
"esim mexico",1,1,"en-GB,en-US","esim mexico"
"esim miami",1,1,"en-GB,en-US","esim miami"
"esim morocco",1,1,"en-GB,en-US","esim morocco"
"esim netherlands",1,1,"en-GB,en-US","esim netherlands"
"esim new york",1,1,"en-GB,en-US","esim new york"
"esim new zealand",1,1,"en-GB,en-US","esim new zealand"
"esim nz travel",1,1,"en-GB,en-US","esim nz"
"esim orlando",1,1,"en-GB,en-US","esim orlando"
"esim osaka",1,1,"en-GB,en-US","esim osaka"
"esim paris",1,1,"en-GB,en-US","esim paris"
"esim peru",1,1,"en-GB,en-US","esim peru"
"esim philippines",1,1,"en-GB,en-US","esim philippines"
"esim phuket",1,1,"en-GB,en-US","esim phuket"
"esim portugal",1,1,"en-GB,en-US","esim portugal"
"esim prague",1,1,"en-GB,en-US","esim prague"
"esim qatar",1,1,"en-GB,en-US","esim qatar"
"esim reviews uk",1,1,"en-GB,en-US","esim for uk review"
"esim rio de janeiro",1,1,"en-GB,en-US","esim rio de janeiro"
"esim rome",1,1,"en-GB,en-US","esim rome"
"esim saudi arabia",1,1,"en-GB,en-US","esim saudi arabia"
"esim seoul",1,1,"en-GB,en-US","esim seoul"
"esim shanghai",1,1,"en-GB,en-US","esim shanghai"
"esim singapore",1,1,"en-GB,en-US","esim singapore"
"esim south africa",1,1,"en-GB,en-US","esim south africa"
"esim south korea",1,1,"en-GB,en-US","esim south korea"
"esim spain",1,1,"en-GB,en-US","esim spain"
"esim switzerland",1,1,"en-GB,en-US","esim switzerland"
"esim sydney",1,1,"en-GB,en-US","esim sydney"
"esim taipei",1,1,"en-GB,en-US","esim taipei"
"esim taiwan",1,1,"en-GB,en-US","esim taiwan"
"esim tokyo",1,1,"en-GB,en-US","esim tokyo"
"esim toronto",1,1,"en-GB,en-US","esim toronto"
"esim turkiye",1,1,"en-GB,en-US","esim turkiye"
"esim uae",1,1,"en-GB,en-US","esim uae"
"esim uk",1,1,"en-GB,en-US","esim uk"
"esim uk reddit",1,1,"en-GB,en-US","uk esim reddit"
"esim usa review",1,1,"en-GB,en-US","esim for usa review"
"esim usa user reviews",1,1,"en-GB,en-US","esim for usa review"
"esim vancouver",1,1,"en-GB,en-US","esim vancouver"
"esim viet nam",1,1,"en-GB,en-US","esim viet nam"
"esim zanzibar",1,1,"en-GB,en-US","esim zanzibar"
"esm lisbon",1,1,"en-GB,en-US","esim lisbon"
"fiji esim",1,1,"en-GB,en-US","fiji esim"
"france esim",1,1,"en-GB,en-US","france esim"
"french e sim card",1,1,"en-GB","france esim card"
"french esim card",1,1,"en-US","france esim card"
"georgia esim",1,1,"en-GB,en-US","georgia esim"
"georgia sim card",1,1,"en-GB,en-US","georgia esim card"
"germany esim",1,1,"en-GB,en-US","germany esim"
"germany sim card",1,1,"en-GB,en-US","germany esim card"
"greece esim",1,1,"en-GB,en-US","greece esim"
"greece esims",1,1,"en-US","greece esim best"
"holland sim karte",1,1,"en-US","holland esim card"
"holland simplex",1,1,"en-GB,en-US","holland esim"
"hong kong esim",1,1,"en-GB,en-US","hong kong esim"
"hong kong sim card",1,1,"en-GB,en-US","hong kong esim card"
"iceland esim",1,1,"en-GB,en-US","iceland esim"
"india e sim card",1,1,"en-GB,en-US","india esim card"
"india esim",1,1,"en-GB,en-US","india esim"
"india esim tourist",1,1,"en-US","india esim best"
"indonesia esim",1,1,"en-GB,en-US","indonesia esim"
"ireland esims",1,1,"en-US","ireland esim best"
"israel esim",1,1,"en-GB,en-US","israel esim"
"israel esims",1,1,"en-US","israel esim best"
"istanbul resim",1,1,"en-GB,en-US","istanbul esim"
"italy esim",1,1,"en-GB,en-US","italy esim"
"italy phone plan esim",1,1,"en-GB,en-US","italy esim coverage map"
"japan esim",1,1,"en-GB,en-US","japan esim"
"japan esims",1,1,"en-US","japan esim best"
"kenya esim",1,1,"en-GB,en-US","kenya esim"
"klook esim korea review",1,1,"en-GB,en-US","esim for korea review"
"korea esim",1,1,"en-GB,en-US","korea esim"
"ksa esim",1,1,"en-GB,en-US","ksa esim"
"macao esim",1,1,"en-GB,en-US","macao esim"
"macau esim",1,1,"en-GB,en-US","macao esim"
"malaysia esim",1,1,"en-GB,en-US","malaysia esim"
"manila esim",1,1,"en-GB,en-US","manila esim"
"mexico esim",1,1,"en-GB,en-US","mexico esim"
"morocco esim",1,1,"en-GB,en-US","morocco esim"
"netherlands esim",1,1,"en-GB,en-US","netherlands esim"
"new zealand esim",1,1,"en-GB,en-US","new zealand esim"
"nomad esim china review",1,1,"en-GB,en-US","esim for china review"
"nomad esim review australia",1,1,"en-GB,en-US","esim for australia review"
"nz esim",1,1,"en-GB,en-US","nz esim"
"nz esims",1,1,"en-US","nz esim best"
"one nz travel esim review",1,1,"en-GB,en-US","esim for nz review"
"peru esim",1,1,"en-GB,en-US","peru esim"
"philippines esim",1,1,"en-GB,en-US","philippines esim"
"poland esim",1,1,"en-GB,en-US","poland esim"
"portugal esim",1,1,"en-GB,en-US","portugal esim"
"portugal esims",1,1,"en-US","portugal esim best"
"prague esim",1,1,"en-GB,en-US","prague esim"
"qatar esim",1,1,"en-GB,en-US","qatar esim"
"riyadh simulation center",1,1,"en-GB,en-US","riyadh esim"
"saily esim australia review",1,1,"en-GB,en-US","esim for australia review"
"saily esim review india",1,1,"en-GB,en-US","esim for india review"
"saily esim turkey review",1,1,"en-GB,en-US","esim for turkey review"
"san jose costa rica images",1,1,"en-US","san jose costa rica esim"
"saudi arabia esim",1,1,"en-GB,en-US","saudi arabia esim"
"seoul esim",1,1,"en-GB,en-US","seoul esim"
"singapore esim",1,1,"en-GB,en-US","singapore esim"
"singapore esims",1,1,"en-US","singapore esim best"
"south africa esim",1,1,"en-GB,en-US","south africa esim"
"south korea esim",1,1,"en-GB,en-US","south korea esim"
"spain esim",1,1,"en-GB,en-US","spain esim"
"spain esims",1,1,"en-US","spain esim best"
"spain sim card",1,1,"en-GB,en-US","spain esim card"
"switzerland esim",1,1,"en-GB,en-US","switzerland esim"
"switzerland sim card for tourist",1,1,"en-GB,en-US","switzerland esim card"
"sydney airport esim",1,1,"en-GB,en-US","esim for sydney"
"taipei esim",1,1,"en-GB,en-US","taipei esim"
"taiwan esim",1,1,"en-GB,en-US","taiwan esim"
"thailand esim",1,1,"en-GB,en-US","thailand esim"
"turkiye e sim",1,1,"en-GB,en-US","turkiye esim"
"uae esim",1,1,"en-GB,en-US","uae esim"
"uae sim card",1,1,"en-GB,en-US","uae esim card"
"uk esim",1,1,"en-GB,en-US","uk esim"
"uk esims",1,1,"en-US","uk esim best"
"united arab emirates embassy",1,1,"en-US","united arab emirates esim"
"unlimited esim canada",1,1,"en-GB,en-US","canada esim unlimited"
"unlimited us esim",1,1,"en-GB,en-US","us esim unlimited"
"us esim prepaid",1,1,"en-GB,en-US","us esim"
"usa esim",1,1,"en-GB,en-US","usa esim"
"airalo esim brazil",1,2,"en-GB,en-US","esim for brazil"
"airalo esim colombia",1,2,"en-GB,en-US","esim for colombia"
"airalo india esim review",1,2,"en-GB,en-US","esim for india review"
"amsterdam sim card",1,2,"en-GB,en-US","amsterdam esim"
"argentina simeone",1,2,"en-GB,en-US","argentina esim"
"australian esims for europe",1,2,"en-US","australia esim best"
"bali sim card",1,2,"en-GB,en-US","bali esim card"
"bangkoksims",1,2,"en-GB,en-US","bangkok esim"
"belgian esim",1,2,"en-GB,en-US","belgium esim"
"best esim deals uk",1,2,"en-GB,en-US","uk esim best"
"best esim for armenia",1,2,"en-GB","best esim for argentina"
"best esim for china with vpn",1,2,"en-GB,en-US","best esim for china"
"best esim for columbia",1,2,"en-US","best esim for colombia"
"best esim for holiday in usa",1,2,"en-US","best esim for holland"
"best esim for japan from australia reddit",1,2,"en-GB,en-US","australia esim reddit"
"best esim for kazakhstan",1,2,"en-GB,en-US","best esim for ksa"
"best esim for mainland china",1,2,"en-GB,en-US","best esim for manila"
"best esim for perth",1,2,"en-GB,en-US","best esim for peru"
"best esim in europe",1,2,"en-US","czech republic esim best"
"best esim in south korea",1,2,"en-US","best esim for japan and south korea"
"best esim to use in fiji",1,2,"en-GB,en-US","fiji esim best"
"best esims for france",1,2,"en-GB,en-US","esim for france review"
"brazil sim card",1,2,"en-GB,en-US","brazil esim card"
"buy airalo esim peru",1,2,"en-GB,en-US","esim for peru"
"can i get an esim online",1,2,"en-GB,en-US","do i need an esim for georgia"
"canada esim prepaid",1,2,"en-GB,en-US","canada esim"
"canadian esim card",1,2,"en-GB,en-US","canada esim card"
"cancun es municipio de quintana roo",1,2,"en-GB,en-US","cancun esim"
"cancunissimo",1,2,"en-GB,en-US","cancun esim"
"cape town eisteddfod",1,2,"en-US","cape town esim"
"cheap esim china vpn",1,2,"en-GB,en-US","cheapest esim china"
"cheap esim saudi",1,2,"en-US","cheapest esim ksa"
"cheapest esim compatible phone",1,2,"en-US","cheapest esim nz"
"cheapest esim phone in south africa",1,2,"en-GB,en-US","cheapest esim south africa"
"cheapest esims",1,2,"en-US","cheapest esim usa"
"cheapest sim in germany",1,2,"en-US","cheapest esim germany"
"cheapest sim india",1,2,"en-GB,en-US","cheapest esim india"
"cheapest sim ireland",1,2,"en-US","cheapest esim ireland"
"cheapest sim singapore",1,2,"en-US","cheapest esim singapore"
"china esim buy",1,2,"en-US","china esim best"
"china esim card with phone number",1,2,"en-GB,en-US","china esim card"
"china esim unlimited",1,2,"en-GB,en-US","china esim unlimited"
"china esim with vpn",1,2,"en-GB,en-US","china esim"
"colombia esmeraldas",1,2,"en-GB,en-US","colombia esim"
"czech republic same as czechoslovakia",1,2,"en-US","czech republic esim"
"czechia same as czech republic",1,2,"en-US","czechia esim"
"do i need an esim for norway",1,2,"en-US","do i need an esim for nz"
"do you need an esim for japan",1,2,"en-GB,en-US","do i need an esim for japan"
"do you need an esim for turkey",1,2,"en-GB,en-US","do i need an esim for turkey"
"dubai esim tourist",1,2,"en-GB,en-US","dubai esim"
"e sim for egypt from uk",1,2,"en-GB,en-US","esim for egypt"
"e sim for us and canada",1,2,"en-GB","esim for usa and canada"
"ecim paris",1,2,"en-GB,en-US","esim paris"
"egypt sim card",1,2,"en-GB,en-US","egypt esim card"
"eism melbourne",1,2,"en-GB,en-US","esim melbourne"
"england esim card",1,2,"en-GB,en-US","england esim"
"esem madrid",1,2,"en-GB,en-US","esim madrid"
"esim andorra movistar",1,2,"en-US","esim orlando"
"esim argentina turista",1,2,"en-GB,en-US","esim argentina"
"esim ausland wie funktioniert das",1,2,"en-US","esim auckland"
"esim australia reviews",1,2,"en-GB,en-US","esim for australia review"
"esim bali easy",1,2,"en-GB,en-US","esim bali"
"esim belgien",1,2,"en-GB,en-US","esim belgium"
"esim cannot be added code no longer valid",1,2,"en-US","esim cancun"
"esim card for ksa",1,2,"en-GB,en-US","ksa esim card"
"esim card new zealand",1,2,"en-US","cape town esim card"
"esim caribbean",1,2,"en-US","esim cairo"
"esim china mobile",1,2,"en-GB,en-US","esim china"
"esim china vpn",1,2,"en-GB,en-US","esim china"
"esim colombia prepago",1,2,"en-GB,en-US","esim colombia"
"esim dubai tourist",1,2,"en-GB,en-US","esim dubai"
"esim egypt vodafone",1,2,"en-GB,en-US","esim egypt"
"esim english",1,2,"en-GB,en-US","esim england"
"esim for andorra",1,2,"en-US","esim for orlando"
"esim for cape verde",1,2,"en-GB,en-US","cape town esim coverage map"
"esim for caribbean cruise",1,2,"en-US","esim for cairo"
"esim for dubai from uk",1,2,"en-GB,en-US","esim for dubai"
"esim for foreign travel",1,2,"en-GB,en-US","do i need an esim for fiji"
"esim for haiti",1,2,"en-US","esim for hanoi"
"esim for honduras",1,2,"en-US","esim for holland"
"esim for jamaica",1,2,"en-GB","esim for hawaii"
"esim for kazakhstan",1,2,"en-US","esim for ksa"
"esim for london uk",1,2,"en-GB,en-US","esim for london"
"esim for macbook",1,2,"en-GB,en-US","esim for macao"
"esim for marrakesh",1,2,"en-US","esim for marrakech"
"esim for microsoft surface",1,2,"en-GB,en-US","esim for miami"
"esim for paris reddit",1,2,"en-GB,en-US","esim for paris"
"esim for romania",1,2,"en-GB,en-US","esim for rome"
"esim for uae and saudi arabia",1,2,"en-GB,en-US","esim for uae"
"esim for uk travel",1,2,"en-GB,en-US","esim for uk"
"esim for us",1,2,"en-GB,en-US","esim for us"
"esim france orange",1,2,"en-GB,en-US","esim france"
"esim fujitsu",1,2,"en-GB,en-US","esim fiji"
"esim greece maya",1,2,"en-GB,en-US","esim greece"
"esim hawaiian electric",1,2,"en-GB,en-US","esim hawaii"
"esim honor",1,2,"en-US","esim hanoi"
"esim india tourist",1,2,"en-GB,en-US","esim india"
"esim indonesia tourist",1,2,"en-GB,en-US","esim indonesia"
"esim island",1,2,"en-GB,en-US","esim iceland"
"esim israel unlimited data",1,2,"en-GB,en-US","esim israel"
"esim japan travel",1,2,"en-GB,en-US","esim japan"
"esim kenya airalo",1,2,"en-GB,en-US","esim kenya"
"esim korea tourist",1,2,"en-GB,en-US","esim korea"
"esim london uk",1,2,"en-GB,en-US","esim london"
"esim macropay",1,2,"en-GB,en-US","esim macao"
"esim mainland china",1,2,"en-GB,en-US","esim manila"
"esim marrakesh",1,2,"en-GB,en-US","esim marrakech"
"esim morocco uk",1,2,"en-GB,en-US","esim morocco"
"esim nairobi",1,2,"en-GB","esim cairo"
"esim new zealand travel",1,2,"en-GB,en-US","esim new zealand"
"esim nz",1,2,"en-GB,en-US","esim nz"
"esim per uk",1,2,"en-GB,en-US","esim peru"
"esim portugal vodafone",1,2,"en-GB,en-US","esim portugal"
"esim providers for japan",1,2,"en-GB,en-US","japan esim coverage map"
"esim reviews usa",1,2,"en-GB,en-US","esim for usa review"
"esim romania",1,2,"en-GB,en-US","esim rome"
"esim skandinavien",1,2,"en-GB,en-US","esim ksa"
"esim sydney airport",1,2,"en-GB,en-US","esim sydney"
"esim taiwan unlimited",1,2,"en-GB,en-US","esim taiwan"
"esim to korea",1,2,"en-GB","esim tokyo"
"esim to use abroad",1,2,"en-GB,en-US","do i need an esim for portugal"
"esim tontouta",1,2,"en-GB,en-US","esim toronto"
"esim uae tourist",1,2,"en-GB,en-US","esim uae"
"esim uk pay as you go",1,2,"en-GB,en-US","esim uk"
"esim uk travel",1,2,"en-GB,en-US","esim uk"
"esim us",1,2,"en-US","esim us"
"esim usa reddit",1,2,"en-GB,en-US","usa esim reddit"
"esim vietnam unlimited",1,2,"en-GB,en-US","vietnam esim unlimited"
"esim what is it",1,2,"en-GB,en-US","esim rio de janeiro"
"esims for saudi arabia",1,2,"en-GB","best esim for saudi arabia"
"esm berlin",1,2,"en-GB,en-US","esim berlin"
"esm lisbon 2025",1,2,"en-GB,en-US","esim lisbon"
"esm miami",1,2,"en-GB,en-US","esim miami"
"esm new york",1,2,"en-GB","esim new york"
"esm qatar",1,2,"en-GB,en-US","esim qatar"
"etisalat esim qr code",1,2,"en-US","qatar esim coverage map"
"fidji simo",1,2,"en-GB,en-US","fiji esim"
"france sim card",1,2,"en-GB,en-US","france esim card"
"georgia estimated tax payments 2026",1,2,"en-GB,en-US","georgia esim"
"georgia sim card for tourist",1,2,"en-GB,en-US","georgia esim card"
"georgia simmons",1,2,"en-GB","georgia esim"
"german esim with phone number",1,2,"en-GB,en-US","do i need an esim for germany"
"german sim card",1,2,"en-GB","germany esim card"
"germany sim card for tourists",1,2,"en-GB,en-US","germany esim card"
"holafly esim review china",1,2,"en-GB,en-US","esim for china review"
"holland simmons",1,2,"en-GB,en-US","holland esim"
"hong kong sim card for tourist",1,2,"en-GB,en-US","hong kong esim card"
"how much does a esim cost for italy & greece",1,2,"en-GB,en-US","esim for italy and greece"
"iceland sim card",1,2,"en-US","iceland esim card"
"iceland sim card airport",1,2,"en-GB,en-US","iceland esim card"
"india esim for tourist",1,2,"en-GB,en-US","india esim"
"india sim card",1,2,"en-GB,en-US","india esim card"
"ireland sim card",1,2,"en-US","ireland esim card"
"ireland sim card for tourists",1,2,"en-GB,en-US","ireland esim card"
"israel sim card",1,2,"en-GB,en-US","israel esim card"
"istanbul e sim",1,2,"en-GB,en-US","istanbul esim"
"italy sim card",1,2,"en-GB,en-US","italy esim card"
"japan esim card for tourist",1,2,"en-GB,en-US","japan esim card"
"japan esim network",1,2,"en-US","japan esim best"
"japan wireless esim reddit",1,2,"en-GB,en-US","japan esim reddit"
"klook esim japan review",1,2,"en-GB,en-US","esim for japan review"
"korea esim tourist",1,2,"en-US","korea esim best"
"korea sim card",1,2,"en-GB,en-US","korea esim card"
"malaysia e sim card for tourist",1,2,"en-GB,en-US","malaysia esim card"
"manila simbahan",1,2,"en-GB,en-US","manila esim"
"morocco esim uk",1,2,"en-GB,en-US","morocco esim"
"nz sim cards for tourists",1,2,"en-GB,en-US","nz esim card"
"portugal sim card",1,2,"en-US","portugal esim card"
"portugal sim card for tourist",1,2,"en-GB,en-US","portugal esim card"
"prague simulator",1,2,"en-GB,en-US","prague esim"
"riyadh eim",1,2,"en-GB,en-US","riyadh esim"
"san jose costa rica embassy",1,2,"en-US","san jose costa rica esim"
"saudi arabia esim tourist",1,2,"en-GB,en-US","saudi arabia esim"
"seoul sims 4",1,2,"en-GB,en-US","seoul esim"
"simify esim bali review",1,2,"en-GB,en-US","esim for bali review"
"singapore sim card",1,2,"en-US","singapore esim card"
"singapore sim card for tourist",1,2,"en-GB,en-US","singapore esim card"
"spain sim card for tourist",1,2,"en-GB,en-US","spain esim card"
"switzerland sim card",1,2,"en-GB,en-US","switzerland esim card"
"taipei simple mart",1,2,"en-GB,en-US","taipei esim"
"taiwan esim klook",1,2,"en-GB,en-US","taiwan esim"
"thailand esim tourist",1,2,"en-GB,en-US","thailand esim"
"three uk esim review",1,2,"en-GB,en-US","esim for uk review"
"turkey sim card",1,2,"en-GB","turkey esim card"
"turkiye resim",1,2,"en-US","turkiye esim"
"uae sim card plans",1,2,"en-GB,en-US","uae esim card"
"uk esim card",1,2,"en-GB,en-US","uk esim card"
"uk esim providers",1,2,"en-GB,en-US","uk esim"
"uk esim travel",1,2,"en-US","uk esim best"
"uk esim unlimited",1,2,"en-GB,en-US","uk esim unlimited"
"united arab emirates immigration",1,2,"en-US","united arab emirates esim"
"unlimited esim france",1,2,"en-GB,en-US","france esim unlimited"
"us esim with phone number",1,2,"en-GB,en-US","us esim"
"usa e sim card tourist",1,2,"en-GB,en-US","usa esim card"
"usa esim prepaid",1,2,"en-GB,en-US","usa esim"
"what is the best esim for greece",1,2,"en-US","best esim for greece and turkey"
"airalo esim card turkey",1,3,"en-GB,en-US","turkey esim card"
"airalo esim ireland uk",1,3,"en-GB,en-US","esim for ireland and uk"
"airalo esim saudi arabia",1,3,"en-GB,en-US","esim saudi arabia"
"airalo esim sri lanka maldives",1,3,"en-GB,en-US","esim maldives"
"amsterdam empire",1,3,"en-US","amsterdam esim"
"argentina etimologia",1,3,"en-US","argentina esim"
"australia and new zealand esim",1,3,"en-GB,en-US","best esim for new zealand and australia"
"austria sim card",1,3,"en-GB,en-US","austria esim card"
"bali sim card where to buy",1,3,"en-GB,en-US","bali esim card"
"best e sims for south korea",1,3,"en-GB","best esim for south korea"
"best esim for japan and taiwan",1,3,"en-GB,en-US","best esim for taipei 2026"
"best esim for japan from nz",1,3,"en-GB,en-US","nz esim best"
"best esim for japan tourist",1,3,"en-GB,en-US","best esim for japan"
"best esim for sri lanka",1,3,"en-GB,en-US","esim for india and sri lanka"
"best esim for us and canada",1,3,"en-US","best esim for usa and canada"
"best esim to use in italy",1,3,"en-US","esim for italy review"
"best esims for hong kong",1,3,"en-GB","esim for hong kong review"
"best uk esim pay as you go",1,3,"en-GB,en-US","uk esim best"
"brazil sim card for tourist",1,3,"en-GB,en-US","brazil esim card"
"can you buy an esim in china",1,3,"en-GB,en-US","do i need an esim for china"
"canada sim card",1,3,"en-GB,en-US","canada esim card"
"cancun es mar caribe",1,3,"en-GB,en-US","cancun esim"
"cape town 10s 2026",1,3,"en-GB,en-US","best esim for cape town 2026"
"cape town eisteddfod 2026",1,3,"en-US","cape town esim"
"cheapest esim card",1,3,"en-US","cheapest esim ksa"
"cheapest esim provider",1,3,"en-US","cheapest esim peru"
"cheapest esims with phone number",1,3,"en-US","cheapest esim usa"
"cheapest sim australia",1,3,"en-US","cheapest esim austria"
"china esim travel",1,3,"en-US","china esim best"
"china sim card",1,3,"en-GB,en-US","china esim card"
"claro esim colombia",1,3,"en-GB,en-US","esim for colombia"
"colombia simbolos patrios",1,3,"en-GB,en-US","colombia esim"
"costa rica esim reddit",1,3,"en-GB,en-US","costa rica esim"
"czech republic same as czechia",1,3,"en-US","czech republic esim"
"czechia symbols and flags",1,3,"en-US","czechia esim"
"digicel esim fiji",1,3,"en-GB,en-US","esim fiji"
"do i need an esim for south africa",1,3,"en-US","do i need an esim for ksa"
"do you have to pay for esim",1,3,"en-GB,en-US","do i need an esim for georgia"
"dubai esim card",1,3,"en-GB,en-US","dubai esim"
"e sim engeland",1,3,"en-GB","esim england"
"e sim for costa rica",1,3,"en-GB,en-US","san jose costa rica esim reddit"
"ecim 2026",1,3,"en-US","esim nz 2026"
"egypt esim vodafone",1,3,"en-GB,en-US","egypt esim"
"egypt sim card for tourist",1,3,"en-GB,en-US","egypt esim card"
"england esims for tourists travelling",1,3,"en-GB,en-US","england esim"
"esem paris",1,3,"en-GB,en-US","esim paris"
"esim andorra vodafone",1,3,"en-US","esim orlando"
"esim anonym",1,3,"en-US","esim hanoi"
"esim argentina claro",1,3,"en-GB,en-US","esim argentina"
"esim beeline",1,3,"en-GB,en-US","esim berlin"
"esim cannot be added",1,3,"en-US","esim cancun"
"esim card argentina",1,3,"en-GB,en-US","argentina esim card"
"esim caribbean cruise",1,3,"en-US","esim cairo"
"esim colombia tigo",1,3,"en-GB,en-US","esim colombia"
"esim dubai sept 2026",1,3,"en-GB,en-US","esim dubai"
"esim fisica",1,3,"en-GB","esim fiji"
"esim for bell",1,3,"en-US","esim for berlin"
"esim for caribbean islands",1,3,"en-US","esim for cairo"
"esim for china with vpn",1,3,"en-GB,en-US","esim for china"
"esim for dubai at airport",1,3,"en-GB,en-US","esim for dubai"
"esim for greece airalo",1,3,"en-GB,en-US","esim for greece"
"esim for hainan",1,3,"en-US","esim for hanoi"
"esim for indonesia bali",1,3,"en-GB,en-US","esim for indonesia"
"esim for japan from uk",1,3,"en-GB,en-US","esim for japan"
"esim for korea and thailand",1,3,"en-GB,en-US","esim for korea"
"esim for pakistan",1,3,"en-GB","esim for paris"
"esim for philippines and japan",1,3,"en-GB,en-US","esim for philippines"
"esim for roaming",1,3,"en-US","esim for rome"
"esim for rogers",1,3,"en-GB","esim for rome"
"esim for singapore from australia",1,3,"en-GB,en-US","esim for singapore"
"esim for taiwan and china",1,3,"en-GB,en-US","esim for taiwan"
"esim for tourist",1,3,"en-US","esim for tokyo"
"esim for travel to australia",1,3,"en-GB,en-US","do i need an esim for australia"
"esim for travel to china",1,3,"en-GB,en-US","do i need an esim for taipei"
"esim for travel to uk and france",1,3,"en-GB,en-US","esim for uk and france"
"esim for zimbabwe",1,3,"en-GB,en-US","esim for nz"
"esim greenland",1,3,"en-GB","esim greece"
"esim hawaii 7 days",1,3,"en-GB,en-US","esim hawaii"
"esim hong kong macau",1,3,"en-GB,en-US","esim hong kong"
"esim india for foreigners",1,3,"en-GB,en-US","esim india"
"esim india plans",1,3,"en-GB,en-US","esim india"
"esim indonesia telkomsel",1,3,"en-GB,en-US","esim indonesia"
"esim japan airalo",1,3,"en-GB,en-US","esim japan"
"esim japan best network",1,3,"en-GB","japan esim best"
"esim kartica",1,3,"en-GB,en-US","esim ksa"
"esim key features",1,3,"en-GB","esim kenya"
"esim korea travel",1,3,"en-GB,en-US","esim korea"
"esim lebanon",1,3,"en-US","esim lisbon"
"esim line",1,3,"en-GB","esim lisbon"
"esim londres",1,3,"en-GB","esim london"
"esim mania",1,3,"en-GB,en-US","esim manila"
"esim mexico telcel",1,3,"en-GB,en-US","esim mexico"
"esim mint",1,3,"en-GB","esim miami"
"esim new zealand with calls",1,3,"en-GB,en-US","esim new zealand"
"esim nz plans",1,3,"en-GB,en-US","esim nz"
"esim per ungheria",1,3,"en-GB,en-US","esim peru"
"esim polinesia",1,3,"en-GB","esim poland"
"esim portugal iphone",1,3,"en-GB,en-US","esim portugal"
"esim roemenie",1,3,"en-GB,en-US","esim rome"
"esim selfie",1,3,"en-GB","esim seoul"
"esim south africa vodacom",1,3,"en-GB,en-US","esim south africa"
"esim south korea and japan",1,3,"en-GB,en-US","esim south korea"
"esim spain with phone number",1,3,"en-GB,en-US","esim spain"
"esim taiwan klook",1,3,"en-GB,en-US","esim taiwan"
"esim thailand 30 days",1,3,"en-GB,en-US","esim thailand"
"esim uk providers",1,3,"en-GB,en-US","esim uk"
"esm melbourne",1,3,"en-GB,en-US","esim melbourne"
"esm paris",1,3,"en-GB,en-US","esim paris"
"esm sydney",1,3,"en-GB","esim sydney"
"fiji is imagej",1,3,"en-GB","fiji esim"
"france esim options",1,3,"en-GB,en-US","france esim"
"france sim card for tourist",1,3,"en-GB,en-US","france esim card"
"georgia estimated tax payments 2025",1,3,"en-GB,en-US","georgia esim"
"georgia simpson",1,3,"en-GB","georgia esim"
"government esim for free",1,3,"en-GB,en-US","esim for georgia review"
"greece sim card",1,3,"en-GB,en-US","greece esim card"
"holafly esim japan review",1,3,"en-GB,en-US","esim for japan review"
"holland simplex fifth wheel",1,3,"en-GB,en-US","holland esim"
"hong kong sim card unlimited data",1,3,"en-GB,en-US","hong kong esim card"
"iceland sim card cost",1,3,"en-GB,en-US","iceland esim card"
"india esim with local number",1,3,"en-GB,en-US","india esim"
"india sim card for tourists",1,3,"en-GB,en-US","india esim card"
"indonesia esim telkomsel",1,3,"en-GB,en-US","indonesia esim"
"israel sim card for tourists",1,3,"en-GB,en-US","israel esim card"
"istanbul resimleri",1,3,"en-GB,en-US","istanbul esim"
"italy sim card for travellers",1,3,"en-GB,en-US","italy esim card"
"japan esim card with phone number",1,3,"en-GB,en-US","japan esim card"
"japan esim unlimited",1,3,"en-GB,en-US","japan esim unlimited"
"korea sim card for tourist",1,3,"en-GB,en-US","korea esim card"
"ksa simple battery",1,3,"en-GB,en-US","ksa esim"
"malaysia sim card",1,3,"en-US","malaysia esim card"
"malaysia sim card for tourist",1,3,"en-GB,en-US","malaysia esim card"
"manilla simple cromada para polea gym",1,3,"en-GB,en-US","manila esim"
"mexico esim prepaid",1,3,"en-GB,en-US","mexico esim"
"morocco sim card for tourist",1,3,"en-US","morocco esim card"
"morocco sim cards",1,3,"en-GB,en-US","morocco esim card"
"netherlands sim card",1,3,"en-GB,en-US","netherlands esim"
"nz esim data only",1,3,"en-GB,en-US","nz esim"
"nz sim card prepaid",1,3,"en-GB,en-US","nz esim card"
"nz sim cards",1,3,"en-US","nz esim card"
"orange belgium esim",1,3,"en-GB,en-US","esim for belgium"
"orange poland esim",1,3,"en-GB,en-US","esim for poland"
"peru simbolos",1,3,"en-GB,en-US","peru esim"
"philippines esim providers",1,3,"en-GB,en-US","philippines esim"
"portugal sim card with data",1,3,"en-GB,en-US","portugal esim card"
"povo osaka esim",1,3,"en-GB,en-US","esim osaka"
"praguesim",1,3,"en-GB,en-US","prague esim"
"riyadh animal shelter",1,3,"en-GB","riyadh esim"
"riyadh singapore",1,3,"en-US","riyadh esim"
"san jose costa rica escazu",1,3,"en-US","san jose costa rica esim"
"saudi arabia sim card",1,3,"en-GB,en-US","saudi arabia esim"
"seoul sims",1,3,"en-GB,en-US","seoul esim"
"seoul sims 4 cc",1,3,"en-GB,en-US","seoul esim"
"singapore esim plan",1,3,"en-GB,en-US","singapore esim"
"singapore sim card prepaid",1,3,"en-GB,en-US","singapore esim card"
"spain sim card with phone number",1,3,"en-GB,en-US","spain esim card"
"thailand esim card",1,3,"en-GB,en-US","thailand esim"
"trip.com esim china review",1,3,"en-GB,en-US","esim for china review"
"turkey sim card for tourists",1,3,"en-GB","turkey esim card"
"uae sim card price",1,3,"en-GB,en-US","uae esim card"
"uk esim for china",1,3,"en-GB,en-US","china esim coverage map"
"uk esim three",1,3,"en-US","uk esim best"
"uk esim with phone number",1,3,"en-GB,en-US","uk esim"
"uk sim card",1,3,"en-GB,en-US","uk esim card"
"united arab emirates images",1,3,"en-US","united arab emirates esim"
"unlimited esim usa",1,3,"en-GB,en-US","usa esim unlimited"
"us esim for tourists",1,3,"en-GB,en-US","us esim"
"us mobile esim qr code",1,3,"en-GB,en-US","qatar esim coverage map"
"usa esim with phone number",1,3,"en-GB,en-US","usa esim"
"usa sim card",1,3,"en-GB,en-US","usa esim card"
"vietnam sim card",1,3,"en-GB","viet nam esim card"
"amsterdam images",1,4,"en-US","amsterdam esim"
"argentina similar flag",1,4,"en-GB,en-US","argentina esim"
"australia sim card",1,4,"en-US","australia esim card"
"bali esim klook",1,4,"en-GB,en-US","bali esim"
"bali sim card airport",1,4,"en-GB,en-US","bali esim card"
"bangkok simple map",1,4,"en-GB,en-US","bangkok esim"
"belgium simple recipes",1,4,"en-GB,en-US","belgium esim"
"best data esim nz",1,4,"en-GB,en-US","nz esim best"
"best e sims for malaysia",1,4,"en-GB","best esim for malaysia"
"best esim cape verde",1,4,"en-GB,en-US","cape town esim best"
"best esim for azerbaijan",1,4,"en-US","best esim for nz"
"best esim for greece and italy",1,4,"en-GB,en-US","best esim for greece"
"best esim for japan reddit",1,4,"en-GB,en-US","best esim for japan"
"best esim for paris france",1,4,"en-GB,en-US","esim for paris"
"best esim for philippines and thailand",1,4,"en-GB,en-US","best esim for philippines"
"best esim for samoa",1,4,"en-US","best esim for ksa"
"best esim for singapore and thailand",1,4,"en-GB,en-US","best esim for singapore"
"best esim israel",1,4,"en-GB,en-US","esim israel"
"best esim providers in usa",1,4,"en-US","best esim for georgia"
"best esim to use in south africa",1,4,"en-GB,en-US","best esim for south africa"
"best esims for spain",1,4,"en-GB,en-US","best esim for spain and portugal"
"best esims for uk",1,4,"en-GB","best esim for ireland and uk"
"best of georgia 2026",1,4,"en-GB,en-US","best esim for georgia 2026"
"brazil esim calls",1,4,"en-GB,en-US","brazil esim"
"budget esim spain and portugal",1,4,"en-GB,en-US","esim for spain and portugal"
"buy airalo esim argentina",1,4,"en-GB,en-US","esim for argentina"
"buy airalo esim qatar",1,4,"en-GB,en-US","esim for qatar"
"canada esim data",1,4,"en-GB,en-US","canada esim"
"canada sim card for tourist",1,4,"en-GB,en-US","canada esim card"
"cape town met 2026",1,4,"en-GB,en-US","best esim for cape town 2026"
"cape town symphony orchestra",1,4,"en-US","cape town esim"
"cellcom israel esim",1,4,"en-GB,en-US","israel esim"
"cheap e sim uk",1,4,"en-GB","cheapest esim uk"
"cheapest esim calls only",1,4,"en-US","cheapest esim ksa"
"cheapest esim compatible phone uk",1,4,"en-US","cheapest esim nz"
"cheapest esims for china",1,4,"en-US","cheapest esim usa"
"cheapest prepaid esim australia",1,4,"en-GB,en-US","cheapest esim for australia"
"china esim shopee",1,4,"en-US","china esim best"
"china esim with phone number",1,4,"en-GB,en-US","china esim"
"china sim card for tourist",1,4,"en-GB,en-US","china esim card"
"claro costa rica esim",1,4,"en-GB,en-US","costa rica esim"
"como funciona o esim",1,4,"en-GB,en-US","esim rio de janeiro"
"czech republic sample address",1,4,"en-US","czech republic esim"
"czechia summer traditions",1,4,"en-US","czechia esim"
"download esim on google",1,4,"en-GB,en-US","esim for georgia review"
"dubai esim matrix",1,4,"en-GB,en-US","dubai esim"
"e sim fisico",1,4,"en-GB","esim fiji"
"e sim for turkey from uk",1,4,"en-GB","esim for turkiye"
"ecim 2026 abstract book",1,4,"en-US","esim nz 2026"
"egypt esim uk",1,4,"en-GB,en-US","egypt esim"
"egypt sim card airport",1,4,"en-GB,en-US","egypt esim card"
"england simd",1,4,"en-GB","england esim"
"esam paris",1,4,"en-US","esim paris"
"esim anonima",1,4,"en-US","esim hanoi"
"esim argentina prepago",1,4,"en-GB,en-US","esim argentina"
"esim bali klook",1,4,"en-GB,en-US","esim bali"
"esim berlaku berapa lama",1,4,"en-GB,en-US","esim berlin"
"esim blink",1,4,"en-GB,en-US","esim berlin"
"esim cannot be added visible",1,4,"en-US","esim cancun"
"esim card",1,4,"en-US","esim cairo"
"esim card for china travel",1,4,"en-GB","czech republic esim card"
"esim card for peru",1,4,"en-GB,en-US","esim for peru"
"esim cards in ireland",1,4,"en-GB,en-US","ireland esim card"
"esim china data packages",1,4,"en-GB,en-US","esim china"
"esim china review",1,4,"en-GB,en-US","esim for china review"
"esim claro costa rica",1,4,"en-GB,en-US","esim for costa rica"
"esim colombia claro",1,4,"en-GB,en-US","esim colombia"
"esim dubai test",1,4,"en-GB,en-US","esim dubai"
"esim for armenia",1,4,"en-GB","esim for argentina"
"esim for bali from nz",1,4,"en-GB,en-US","esim for bali"
"esim for cars",1,4,"en-US","esim for cairo"
"esim for french polynesia",1,4,"en-GB","esim for france"
"esim for greece from australia",1,4,"en-GB,en-US","esim for greece"
"esim for japan from australia",1,4,"en-GB,en-US","esim for japan"
"esim for mint mobile",1,4,"en-GB,en-US","esim for miami"
"esim for morocco and spain",1,4,"en-GB,en-US","esim for morocco"
"esim for new zealand spark",1,4,"en-GB,en-US","esim for new zealand"
"esim for pakistan from uk",1,4,"en-GB","esim for paris"
"esim for roaming uk",1,4,"en-US","esim for rome"
"esim for samsung a17",1,4,"en-US","esim for ksa"
"esim for singapore and thailand",1,4,"en-GB,en-US","esim for singapore"
"esim for south africa from australia",1,4,"en-GB,en-US","esim for south africa"
"esim for the caribbean",1,4,"en-GB,en-US","esim for rio de janeiro"
"esim for tonga",1,4,"en-US","esim for tokyo"
"esim for travel to india",1,4,"en-US","do i need an esim for india"
"esim for usa and bahamas",1,4,"en-US","esim for osaka"
"esim for zambia",1,4,"en-GB,en-US","esim for nz"
"esim france sans engagement",1,4,"en-GB,en-US","esim france"
"esim grecia",1,4,"en-GB","esim greece"
"esim hong kong klook",1,4,"en-GB,en-US","esim hong kong"
"esim italy travel",1,4,"en-GB,en-US","esim italy"
"esim jamaica",1,4,"en-GB","esim hawaii"
"esim japan klook",1,4,"en-GB,en-US","esim japan"
"esim japan reviews",1,4,"en-GB","esim for japan review"
"esim kesako",1,4,"en-US","esim ksa"
"esim key benefits",1,4,"en-GB","esim kenya"
"esim libano",1,4,"en-US","esim lisbon"
"esim linemo",1,4,"en-GB","esim lisbon"
"esim long term plans",1,4,"en-GB","esim london"
"esim metro qr code",1,4,"en-GB,en-US","qatar esim coverage map"
"esim mexico internet",1,4,"en-US","esim mexico city"
"esim mineo",1,4,"en-GB","esim miami"
"esim morocco airalo",1,4,"en-GB,en-US","esim morocco"
"esim nz prepaid",1,4,"en-GB,en-US","esim nz"
"esim portugal meo",1,4,"en-GB","esim portugal"
"esim prueba gratis",1,4,"en-GB,en-US","esim peru"
"esim roaming",1,4,"en-GB,en-US","esim rome"
"esim self service att",1,4,"en-GB","esim seoul"
"esim singapore klook",1,4,"en-GB,en-US","esim singapore"
"esim singapore with number",1,4,"en-US","esim singapore city"
"esim south africa cell c",1,4,"en-GB,en-US","esim south africa"
"esim spain iphone",1,4,"en-GB,en-US","esim spain"
"esim sri lanka dialog",1,4,"en-GB,en-US","esim for india and sri lanka"
"esim taiwan vergleich",1,4,"en-GB,en-US","esim taiwan"
"esim thailand 15 days",1,4,"en-GB,en-US","esim thailand"
"esim thailand beste",1,4,"en-GB,en-US","esim thailand"
"esim thailand from uk",1,4,"en-GB","bangkok esim coverage map"
"esim to use in china",1,4,"en-GB","do i need an esim for taipei"
"esim uae du",1,4,"en-GB,en-US","esim uae"
"esim uk plans",1,4,"en-GB,en-US","esim uk"
"esims for sri lanka",1,4,"en-GB","best esim for india and sri lanka"
"esm melbourne pty ltd",1,4,"en-GB,en-US","esim melbourne"
"europe and turkey esim card",1,4,"en-US","turkey esim card"
"fiji travel esim",1,4,"en-GB,en-US","esim fiji"
"france esim prepaid",1,4,"en-GB,en-US","france esim"
"france sim card unlimited data",1,4,"en-GB,en-US","france esim card"
"free esim saudi arabia",1,4,"en-GB,en-US","esim saudi arabia"
"french sim card",1,4,"en-GB","france esim card"
"georgia estimated tax payment online",1,4,"en-GB,en-US","georgia esim"
"german sim card for students",1,4,"en-GB","germany esim card"
"get esim toronto",1,4,"en-GB,en-US","esim toronto"
"gigsky uk & ireland data esim",1,4,"en-GB,en-US","esim for ireland and uk"
"greece esim data plan",1,4,"en-GB,en-US","greece esim"
"greece sim card unlimited data",1,4,"en-GB,en-US","greece esim card"
"greek sim card",1,4,"en-GB","greece esim card"
"holland simplex 2",1,4,"en-GB,en-US","holland esim"
"hong kong sim card price",1,4,"en-GB,en-US","hong kong esim card"
"how to get a free esim",1,4,"en-GB,en-US","do i need an esim for georgia"
"iceland 2026 eclipse packages",1,4,"en-GB,en-US","best esim for iceland 2026"
"india esim local",1,4,"en-GB,en-US","india esim"
"india sim card unlimited data",1,4,"en-GB,en-US","india esim card"
"indian sim card for nri",1,4,"en-GB","india esim card"
"indonesia esim prepaid",1,4,"en-GB,en-US","indonesia esim"
"ism middle east 2026",1,4,"en-GB,en-US","best esim for israel 2026"
"israel sim card kit from pelephone",1,4,"en-GB,en-US","israel esim card"
"istanbul simidi",1,4,"en-GB,en-US","istanbul esim"
"italy sim card for tourist",1,4,"en-GB,en-US","italy esim card"
"japan esim travel",1,4,"en-US","japan esim best"
"journey japan esim reddit",1,4,"en-GB,en-US","japan esim reddit"
"kenya sims",1,4,"en-GB","kenya esim"
"korea esim compatibility",1,4,"en-GB,en-US","korea esim"
"korea sim card with phone number",1,4,"en-GB,en-US","korea esim card"
"ksa sim check",1,4,"en-GB,en-US","ksa esim"
"macau simple pay",1,4,"en-GB,en-US","macao esim"
"malaysian sim card",1,4,"en-GB","malaysia esim card"
"maldives esim tourist",1,4,"en-GB,en-US","esim maldives"
"manila elemi",1,4,"en-GB","manila esim"
"manila time",1,4,"en-US","manila esim"
"meo esim card portugal",1,4,"en-GB,en-US","portugal esim card"
"moroccan sim card",1,4,"en-GB","morocco esim card"
"netherlands simplehelp",1,4,"en-GB,en-US","netherlands esim"
"new esic rules 2026",1,4,"en-GB,en-US","czech republic esim 2026"
"nz esim plans",1,4,"en-GB,en-US","nz esim"
"nz sim card travel",1,4,"en-GB,en-US","nz esim card"
"orange esim belgium",1,4,"en-GB,en-US","esim belgium"
"peru simulator",1,4,"en-GB,en-US","peru esim"
"philippines esim activation",1,4,"en-GB,en-US","philippines esim"
"poland simulator",1,4,"en-GB","poland esim"
"portugal esim vodafone",1,4,"en-GB,en-US","portugal esim"
"prague images",1,4,"en-US","prague esim"
"qatar sim",1,4,"en-GB","qatar esim"
"riyadh animal rescue and shelter",1,4,"en-GB","riyadh esim"
"riyadh images",1,4,"en-US","riyadh esim"
"san jose costa rica map",1,4,"en-US","san jose costa rica esim"
"saudi arabia sim internet packages",1,4,"en-GB,en-US","saudi arabia esim"
"singapore sim card list",1,4,"en-GB,en-US","singapore esim card"
"spain esim prepaid",1,4,"en-GB,en-US","spain esim"
"spain sim card unlimited data",1,4,"en-GB,en-US","spain esim card"
"taipei semicon",1,4,"en-US","taipei esim"
"taiwan esim with phone number",1,4,"en-GB,en-US","taiwan esim"
"thailand esim ais",1,4,"en-GB,en-US","thailand esim"
"the best international esim",1,4,"en-GB,en-US","czech republic esim best"
"tokyo esim card",1,4,"en-GB,en-US","esim tokyo"
"turkey sim card price",1,4,"en-GB","turkey esim card"
"uae sim card options",1,4,"en-GB,en-US","uae esim card"
"uk esim pay as you go",1,4,"en-GB,en-US","uk esim"
"uk esim plans",1,4,"en-GB,en-US","uk esim"
"uk esim talk and text",1,4,"en-US","uk esim best"
"uk sim card in india",1,4,"en-GB,en-US","uk esim card"
"uk sim cards for visitors",1,4,"en-US","uk esim card"
"united arab emirates embassy in usa",1,4,"en-US","united arab emirates esim"
"unlimited esim turkey",1,4,"en-GB,en-US","turkey esim unlimited"
"unlimited europe & uk esim",1,4,"en-GB,en-US","uk esim unlimited"
"us esim travel",1,4,"en-GB,en-US","us esim"
"usa esim prepaid unlimited",1,4,"en-GB,en-US","usa esim unlimited"
"usa esim simify",1,4,"en-US","usa esim best"
"usa sim card for tourists",1,4,"en-GB,en-US","usa esim card"
"vietnam sim card for tourist",1,4,"en-GB","viet nam esim card"
"vodafone esim for iceland",1,4,"en-GB,en-US","esim for iceland"
"vodafone esim for kenya",1,4,"en-GB,en-US","esim for kenya"
"vodafone esim for spain and portugal",1,4,"en-GB,en-US","esim for spain and portugal"
"vodafone fiji esim",1,4,"en-GB,en-US","esim for fiji"
"what esim is best for malaysia",1,4,"en-GB,en-US","best esim for malaysia"
"what is the best esim for australia",1,4,"en-GB,en-US","best esim for australia and new zealand"
"what is the best esim for italy",1,4,"en-GB","esim for italy review"
"what is the best esim for south korea",1,4,"en-GB,en-US","best esim for south korea"
"airalo esim argentina",1,5,"en-GB,en-US","esim for argentina"
"airalo esim china review",1,5,"en-GB,en-US","esim for china review"
"airalo esim costa rica",1,5,"en-GB,en-US","esim costa rica"
"airalo esim for kenya",1,5,"en-GB,en-US","esim for kenya"
"amsterdam smart city",1,5,"en-US","amsterdam esim"
"argentina es mas grande que mexico",1,5,"en-GB,en-US","argentina esim"
"argentina simboli",1,5,"en-US","argentina esim"
"australia sim card for tourist",1,5,"en-US","australia esim card"
"bali sim card price",1,5,"en-GB,en-US","bali esim card"
"belgium sim options",1,5,"en-GB,en-US","belgium esim"
"best e sim for ireland",1,5,"en-GB","best esim for iceland"
"best e sims for south africa",1,5,"en-GB","best esim for south africa"
"best esim card for indonesia",1,5,"en-GB,en-US","best esim for indonesia"
"best esim card for new zealand",1,5,"en-GB,en-US","best esim for new zealand"
"best esim deals for turkey",1,5,"en-GB","turkey esim best"
"best esim for canada from australia",1,5,"en-GB,en-US","best esim for canada"
"best esim for china and taiwan",1,5,"en-GB,en-US","best esim for china"
"best esim for japan review",1,5,"en-GB,en-US","esim for japan review"
"best esim for mexico 2026",1,5,"en-GB,en-US","best esim for mexico"
"best esim for use in canada",1,5,"en-GB,en-US","best esim for uae"
"best esim for zambia",1,5,"en-GB,en-US","best esim for nz"
"best esim in thailand",1,5,"en-GB,en-US","best esim for seoul"
"best esim plans usa",1,5,"en-US","usa esim coverage map"
"best esims for morocco",1,5,"en-US","esim for morocco review"
"can i buy an esim",1,5,"en-GB,en-US","do i need an esim for usa"
"canada esim for tourists",1,5,"en-GB,en-US","canada esim"
"canada sim card prepaid",1,5,"en-GB,en-US","canada esim card"
"canadian sim card for tourists",1,5,"en-GB","canada esim card"
"cancun images",1,5,"en-US","cancun esim"
"cape town symphony choir",1,5,"en-US","cape town esim"
"cheapest esim for america",1,5,"en-US","cheapest esim for uae"
"cheapest payg esim uk",1,5,"en-GB","cheapest esim for uk"
"cheapest sim uk",1,5,"en-GB","cheapest esim uk"
"china esim for tourist",1,5,"en-GB,en-US","china esim"
"china esim reviews",1,5,"en-GB,en-US","esim for china review"
"china esim singapore",1,5,"en-US","china esim best"
"china sim card options",1,5,"en-GB,en-US","china esim card"
"china sim card with vpn",1,5,"en-GB,en-US","china esim card"
"claro esim for peru",1,5,"en-GB,en-US","esim for peru"
"columbia estimated cost",1,5,"en-GB,en-US","colombia esim"
"croatian simple words",1,5,"en-GB","croatia esim"
"czech republic embassy",1,5,"en-US","czech republic esim"
"czechia immigration",1,5,"en-US","czechia esim"
"dubai esim online",1,5,"en-GB,en-US","dubai esim"
"ecim 2026 vienna",1,5,"en-US","esim nz 2026"
"egypt sim card uk",1,5,"en-GB,en-US","egypt esim card"
"england simple map",1,5,"en-GB","england esim"
"esim airtel kenya",1,5,"en-US","esim kenya"
"esim argentina activar",1,5,"en-GB,en-US","esim argentina"
"esim bali australia",1,5,"en-GB,en-US","esim bali"
"esim bilingue",1,5,"en-GB","esim berlin"
"esim card for egypt",1,5,"en-GB,en-US","esim for egypt"
"esim card for iceland",1,5,"en-GB,en-US","esim for iceland"
"esim card for japan",1,5,"en-GB,en-US","japan esim coverage map"
"esim card for japan travel",1,5,"en-GB,en-US","japan esim card"
"esim card hawaii",1,5,"en-GB,en-US","esim hawaii"
"esim card ireland",1,5,"en-GB,en-US","esim ireland"
"esim china airalo",1,5,"en-GB,en-US","esim china"
"esim colombia wom",1,5,"en-GB,en-US","esim colombia"
"esim dubai data",1,5,"en-GB,en-US","esim dubai"
"esim for azerbaijan",1,5,"en-US","esim for nz"
"esim for bali and gili islands",1,5,"en-GB,en-US","esim for bali"
"esim for benidorm",1,5,"en-US","esim for berlin"
"esim for canada with calling",1,5,"en-GB,en-US","esim for canada"
"esim for canary islands",1,5,"en-GB,en-US","cancun esim coverage map"
"esim for greece 6 months",1,5,"en-GB,en-US","esim for greece"
"esim for hajj",1,5,"en-US","esim for hanoi"
"esim for india from usa",1,5,"en-GB,en-US","esim for india"
"esim for italy with phone number",1,5,"en-GB,en-US","esim for italy"
"esim for microsoft surface laptop",1,5,"en-GB,en-US","esim for miami"
"esim for roaming europe",1,5,"en-US","esim for rome"
"esim for samsung",1,5,"en-US","esim for ksa"
"esim for spain from uk",1,5,"en-GB,en-US","esim for spain"
"esim for total wireless",1,5,"en-US","esim for tokyo"
"esim for travel to usa",1,5,"en-GB,en-US","do i need an esim for usa"
"esim for uk travel from india",1,5,"en-GB,en-US","esim for uk"
"esim grecia internet",1,5,"en-GB","esim greece"
"esim hong kong and australia",1,5,"en-GB,en-US","esim hong kong"
"esim honor 400 pro",1,5,"en-US","esim hanoi"
"esim in sri lanka",1,5,"en-US","best esim for india and sri lanka"
"esim india benefits",1,5,"en-GB,en-US","esim india"
"esim italy with phone number",1,5,"en-GB,en-US","esim italy"
"esim jamaica digicel",1,5,"en-GB","esim hawaii"
"esim japan tourist",1,5,"en-GB,en-US","esim japan"
"esim japan travel reddit",1,5,"en-GB,en-US","japan esim reddit"
"esim kanada",1,5,"en-GB,en-US","esim ksa"
"esim key functions",1,5,"en-GB","esim kenya"
"esim korea prepaid",1,5,"en-GB,en-US","esim korea"
"esim linux",1,5,"en-GB","esim lisbon"
"esim lontoo",1,5,"en-GB","esim london"
"esim malawi",1,5,"en-GB,en-US","esim manila"
"esim mifi router",1,5,"en-GB","esim miami"
"esim morocco maya",1,5,"en-GB,en-US","esim morocco"
"esim nz coverage",1,5,"en-GB,en-US","esim nz"
"esim orange poland",1,5,"en-US","esim poland"
"esim para viajar a colombia",1,5,"en-GB,en-US","colombia esim coverage map"
"esim portugal and spain",1,5,"en-GB,en-US","esim portugal"
"esim prueba",1,5,"en-GB,en-US","esim peru"
"esim romania cu numar de telefon",1,5,"en-GB,en-US","esim rome"
"esim singapore malaysia indonesia",1,5,"en-GB,en-US","esim singapore"
"esim south africa telkom",1,5,"en-GB,en-US","esim south africa"
"esim thailand airalo",1,5,"en-GB,en-US","esim thailand"
"esim to use in india",1,5,"en-GB","do i need an esim for ksa"
"esim uae number",1,5,"en-GB,en-US","esim uae"
"esim uk deals",1,5,"en-GB,en-US","esim uk"
"esim uk how does it work",1,5,"en-GB,en-US","esim for uk review"
"esm paris mgen",1,5,"en-GB,en-US","esim paris"
"etisalat egypt esim",1,5,"en-GB,en-US","egypt esim"
"european esim card for travel",1,5,"en-GB,en-US","czech republic esim card"
"fiji simmons",1,5,"en-GB,en-US","fiji esim"
"france esim data",1,5,"en-GB,en-US","france esim"
"france sim card long stay",1,5,"en-GB,en-US","france esim card"
"georgia estimated tax forms for 2026",1,5,"en-US","georgia esim"
"georgia simmerling",1,5,"en-GB","georgia esim"
"german sim card plans",1,5,"en-GB","germany esim card"
"greece sim card for tourist",1,5,"en-US","greece esim card"
"greek sim card for iphone",1,5,"en-GB","greece esim card"
"holland simplex se",1,5,"en-GB,en-US","holland esim"
"hong kong esim prepaid",1,5,"en-GB,en-US","hong kong esim"
"hong kong sim card 365 days",1,5,"en-GB,en-US","hong kong esim card"
"how to buy an esim",1,5,"en-GB,en-US","do i need an esim for czech republic"
"how to buy esim in china",1,5,"en-GB,en-US","cheapest esim for china"
"how to get esim in nigeria",1,5,"en-GB,en-US","do i need an esim for kenya"
"india esim plans",1,5,"en-GB,en-US","india esim"
"indonesia esim with international calls to uk",1,5,"en-GB,en-US","indonesia esim"
"istanbul simit",1,5,"en-GB,en-US","istanbul esim"
"italy sim card unlimited data",1,5,"en-GB,en-US","italy esim card"
"japan esim sale",1,5,"en-US","japan esim best"
"japan esim ubigi",1,5,"en-GB,en-US","japan esim"
"kenya simmons-glasgow",1,5,"en-GB","kenya esim"
"korea sim card with t money",1,5,"en-GB,en-US","korea esim card"
"korean sim card for tourists",1,5,"en-GB","korea esim card"
"ksa embassy",1,5,"en-US","ksa esim"
"lycamobile esim belgium",1,5,"en-GB,en-US","esim belgium"
"malaysia sim card price",1,5,"en-GB,en-US","malaysia esim card"
"manila eisele",1,5,"en-US","manila esim"
"mexico esim telcel",1,5,"en-GB,en-US","mexico esim"
"morocco esim orange",1,5,"en-GB,en-US","morocco esim"
"morocco sim card unlimited data",1,5,"en-GB,en-US","morocco esim card"
"netherlands sim card for tourist",1,5,"en-GB,en-US","netherlands esim"
"new esim card ireland",1,5,"en-GB,en-US","ireland esim card"
"new zealand esim travel",1,5,"en-GB,en-US","new zealand esim"
"nz esim activation",1,5,"en-GB,en-US","nz esim"
"nz sim card in australia",1,5,"en-GB,en-US","nz esim card"
"partner israel esim",1,5,"en-US","israel esim"
"peru sim",1,5,"en-GB,en-US","peru esim"
"peru sim card providers",1,5,"en-GB,en-US","peru esim card"
"philippines esim prepaid",1,5,"en-GB,en-US","philippines esim"
"poland similar flags",1,5,"en-GB","poland esim"
"prague embassy",1,5,"en-US","prague esim"
"qatar similar flag",1,5,"en-GB","qatar esim"
"qr code for esim",1,5,"en-GB,en-US","qatar esim coverage map"
"riyadh embassy",1,5,"en-US","riyadh esim"
"s22+ esim",1,5,"en-US","esim czech republic 2026"
"saily esim fiji",1,5,"en-GB,en-US","esim for fiji"
"san jose costa rica icao",1,5,"en-US","san jose costa rica esim"
"saudi arabia sims",1,5,"en-GB,en-US","saudi arabia esim"
"seoul sim card",1,5,"en-GB,en-US","seoul esim"
"singapore esim prepaid",1,5,"en-GB,en-US","singapore esim"
"solar eclipse iceland 2026",1,5,"en-GB,en-US","best esim for iceland 2026"
"south african e sim",1,5,"en-GB","south africa esim"
"taipei embassy",1,5,"en-US","taipei esim"
"taiwan esim card",1,5,"en-GB,en-US","taiwan esim"
"thailand esim with phone number",1,5,"en-US","bangkok esim coverage map"
"three ireland esim",1,5,"en-GB,en-US","ireland esim"
"tigo esim colombia",1,5,"en-GB,en-US","esim for colombia"
"travel esim egypt",1,5,"en-GB,en-US","esim egypt"
"uae sim card tourist",1,5,"en-GB,en-US","uae esim card"
"ubigi esim japan reviews",1,5,"en-US","esim for japan review"
"uk esim to use abroad",1,5,"en-US","uk esim best"
"uk sim card for travellers",1,5,"en-GB,en-US","uk esim card"
"united arab emirates emblem",1,5,"en-US","united arab emirates esim"
"usa sim cards for visitors",1,5,"en-GB,en-US","usa esim card"
"vietnam sim card price",1,5,"en-GB","viet nam esim card"
"vivo brazil esim",1,5,"en-GB","brazil esim"
"vodafone esim greece",1,5,"en-GB,en-US","esim greece"
"vodafone esim qatar",1,5,"en-GB,en-US","esim qatar"
"vodafone greece esim",1,5,"en-GB,en-US","greece esim"
"what is the best esim for jamaica",1,5,"en-GB","best esim for fiji"
"3 ireland esim",1,6,"en-GB,en-US","ireland esim"
"airalo brazil esim",1,6,"en-GB,en-US","brazil esim"
"airalo esim card canada",1,6,"en-US","canada esim card"
"airalo esim card uae",1,6,"en-GB,en-US","uae esim card"
"airalo esim for peru",1,6,"en-GB,en-US","esim for peru"
"airalo esim germany",1,6,"en-GB","esim for germany"
"amsterdam imdb",1,6,"en-US","amsterdam esim"
"argentina simbolos patrios svg gobierno",1,6,"en-GB,en-US","argentina esim"
"bali sim card prepaid",1,6,"en-GB,en-US","bali esim card"
"bangkok seimitsu",1,6,"en-GB","bangkok esim"
"best egypt esim",1,6,"en-GB,en-US","egypt esim"
"best esim cards for italy",1,6,"en-GB,en-US","italy esim card"
"best esim egypt",1,6,"en-GB,en-US","esim egypt"
"best esim for europe 2025",1,6,"en-US","best esim for morocco 2026"
"best esim for japan holiday",1,6,"en-GB,en-US","best esim for japan"
"best esim for sardinia",1,6,"en-US","best esim for ksa"
"best esim for travelling to south africa",1,6,"en-GB,en-US","best esim for south africa"
"best esim for uk from canada",1,6,"en-GB,en-US","best esim for uk"
"best esim for use in tunisia",1,6,"en-GB,en-US","best esim for uae"
"best japan esim card",1,6,"en-US","japan esim card"
"best travel esim new zealand",1,6,"en-GB,en-US","cape town esim best"
"best value esim for uk",1,6,"en-US","esim for uk review"
"buy esim for portugal",1,6,"en-GB,en-US","esim for portugal"
"cancun small resorts adults only",1,6,"en-US","cancun esim"
"cape town symphony orchestra concerts",1,6,"en-US","cape town esim"
"china esim sms",1,6,"en-US","china esim best"
"china sim card benefits",1,6,"en-GB,en-US","china esim card"
"columbia estimated capital gains 2025",1,6,"en-US","colombia esim"
"columbia simklar login",1,6,"en-GB","colombia esim"
"croatia asistencija",1,6,"en-GB","croatia esim"
"czech republic immigration",1,6,"en-US","czech republic esim"
"czechia emoji",1,6,"en-US","czechia esim"
"do i need to register my esim",1,6,"en-GB,en-US","do i need an esim for georgia"
"does airalo uki mobile esim cover ireland",1,6,"en-GB,en-US","esim for ireland and uk"
"does china have esim",1,6,"en-GB,en-US","do i need an esim for china"
"dubai esim data 2 weeks",1,6,"en-GB,en-US","dubai esim"
"e sim mi fiziksel sim mi",1,6,"en-GB","esim miami"
"ecim 2026 antalya",1,6,"en-US","esim nz 2026"
"egypt sim card prepaid",1,6,"en-GB,en-US","egypt esim card"
"england simpler recycling",1,6,"en-GB","england esim"
"esam hani",1,6,"en-US","esim hanoi"
"esam paris adresse",1,6,"en-US","esim paris"
"esi specialty drug list 2026",1,6,"en-US","best esim for georgia 2026"
"esim argentina compatible",1,6,"en-GB,en-US","esim argentina"
"esim bali indonesia klook",1,6,"en-GB,en-US","esim bali"
"esim can make phone call",1,6,"en-US","esim cancun"
"esim card for japan from australia",1,6,"en-GB","japan esim card"
"esim card for turkey",1,6,"en-GB","turkey esim card"
"esim card france",1,6,"en-US","france esim card"
"esim cards for international travel",1,6,"en-US","esim cairo"
"esim china travel plans",1,6,"en-GB,en-US","esim china"
"esim colombia movistar",1,6,"en-GB,en-US","esim colombia"
"esim dubai resident",1,6,"en-GB,en-US","esim dubai"
"esim etisalat uae",1,6,"en-US","uae esim"
"esim for bali aud",1,6,"en-GB,en-US","esim for bali"
"esim for canada from australia",1,6,"en-GB,en-US","esim for canada"
"esim for italy airalo",1,6,"en-GB,en-US","esim for italy"
"esim for monaco",1,6,"en-GB","esim for manila"
"esim for sale",1,6,"en-US","esim for ksa"
"esim for spain and italy",1,6,"en-GB,en-US","esim for spain"
"esim for sri lanka",1,6,"en-GB,en-US","kenya esim coverage map"
"esim for tourist in singapore",1,6,"en-US","esim for tokyo"
"esim france free",1,6,"en-GB,en-US","esim france"
"esim india airtel",1,6,"en-GB,en-US","esim india"
"esim indonesia klook",1,6,"en-GB,en-US","esim indonesia"
"esim italy reddit",1,6,"en-GB,en-US","esim italy"
"esim japan ubigi",1,6,"en-GB,en-US","esim japan"
"esim karta",1,6,"en-GB,en-US","esim ksa"
"esim key advantages",1,6,"en-GB","esim kenya"
"esim korea data plans",1,6,"en-GB,en-US","esim korea"
"esim linz news",1,6,"en-GB","esim lisbon"
"esim long expiry",1,6,"en-GB","esim london"
"esim mexico data packages",1,6,"en-GB,en-US","esim mexico"
"esim morocco orange",1,6,"en-GB,en-US","esim morocco"
"esim new zealand data",1,6,"en-GB,en-US","esim new zealand"
"esim nz providers",1,6,"en-GB,en-US","esim nz"
"esim pakistan",1,6,"en-GB","esim paris"
"esim philippines reddit",1,6,"en-GB,en-US","esim philippines"
"esim providers in india",1,6,"en-GB,en-US","india esim coverage map"
"esim reviews japan",1,6,"en-US","esim for japan review"
"esim romania online",1,6,"en-GB,en-US","esim rome"
"esim saily",1,6,"en-GB,en-US","esim ksa"
"esim singapore prepaid",1,6,"en-GB,en-US","esim singapore"
"esim spain cost",1,6,"en-GB,en-US","esim spain"
"esim taiwan reddit",1,6,"en-GB,en-US","esim taiwan"
"esim ukraine",1,6,"en-GB,en-US","esim uk"
"etisalat qr code for esim",1,6,"en-GB","qatar esim coverage map"
"fiji sim",1,6,"en-GB,en-US","fiji esim"
"fiji vodafone esim",1,6,"en-US","esim fiji"
"france esim deals",1,6,"en-GB,en-US","france esim"
"georgia and armenia esim",1,6,"en-US","esim georgia"
"georgia estimated tax form 500 es",1,6,"en-US","georgia esim"
"german sim card unlimited data",1,6,"en-GB","germany esim card"
"holafly esim brazil",1,6,"en-US","esim brazil"
"holland simplex iir",1,6,"en-GB,en-US","holland esim"
"hong kong esim with number",1,6,"en-GB,en-US","hong kong esim"
"hong kong sim card reddit",1,6,"en-GB,en-US","hong kong esim card"
"indian sim card company list",1,6,"en-GB","india esim card"
"istanbul e imar",1,6,"en-GB","istanbul esim"
"istanbul isimleri",1,6,"en-GB,en-US","istanbul esim"
"italian esim card for iphone",1,6,"en-GB","italy esim card"
"japan esim with phone number",1,6,"en-GB,en-US","japan esim"
"kenya simbas",1,6,"en-GB","kenya esim"
"klook indonesia esim",1,6,"en-GB,en-US","indonesia esim"
"korea sim card for foreigners",1,6,"en-GB,en-US","korea esim card"
"ksa seminar",1,6,"en-US","ksa esim"
"late applications for 2026 in cape town",1,6,"en-GB,en-US","best esim for cape town 2026"
"liberty costa rica esim",1,6,"en-GB,en-US","costa rica esim"
"lycamobile ireland esim",1,6,"en-GB","ireland esim"
"malaysia esim klook",1,6,"en-GB,en-US","malaysia esim"
"malaysia sim card price for tourist",1,6,"en-GB,en-US","malaysia esim card"
"manila cimitir",1,6,"en-US","manila esim"
"mexico esim plan",1,6,"en-GB,en-US","mexico esim"
"morocco sim card uk",1,6,"en-GB,en-US","morocco esim card"
"netherlands sim only deals",1,6,"en-GB,en-US","netherlands esim"
"nomad esim japan review",1,6,"en-GB","esim for japan review"
"nomad indonesia esim",1,6,"en-GB","indonesia esim"
"nz sim cards for visitors",1,6,"en-GB,en-US","nz esim card"
"orange esim netherlands",1,6,"en-US","esim netherlands"
"pelephone israel esim",1,6,"en-GB,en-US","israel esim"
"peru sim card for travel",1,6,"en-GB,en-US","peru esim card"
"poland simple map",1,6,"en-GB","poland esim"
"prague imax",1,6,"en-US","prague esim"
"prepaid esim belgium",1,6,"en-GB,en-US","esim belgium"
"qatar simaisma project",1,6,"en-GB","qatar esim"
"riyadh singapore flight",1,6,"en-US","riyadh esim"
"s20 fe esim compatible",1,6,"en-GB","best esim for fiji 2026"
"s20 fe support esim",1,6,"en-US","cape town esim 2026"
"saily esim kenya",1,6,"en-US","esim kenya"
"san jose costa rica marketplace",1,6,"en-US","san jose costa rica esim"
"saudi arabia sims 4",1,6,"en-GB,en-US","saudi arabia esim"
"seoul semiconductor",1,6,"en-US","seoul esim"
"seoulsims 2026 #146",1,6,"en-GB","seoul esim"
"south africa sim card for tourist",1,6,"en-GB","south africa esim"
"spain esim for iphone",1,6,"en-GB,en-US","spain esim"
"stc ksa esim",1,6,"en-GB","ksa esim"
"taipei images",1,6,"en-US","taipei esim"
"taiwan esim providers",1,6,"en-GB,en-US","taiwan esim"
"thailand esim plans",1,6,"en-GB,en-US","thailand esim"
"tokyo esim reddit",1,6,"en-GB,en-US","esim tokyo"
"travel esim poland",1,6,"en-US","esim poland"
"trip.com esim hong kong",1,6,"en-GB,en-US","cheapest esim hong kong"
"ubigi esim hawaii",1,6,"en-US","esim hawaii"
"uk sim card prepaid",1,6,"en-GB,en-US","uk esim card"
"united arab emirates embassy in sri lanka",1,6,"en-US","united arab emirates esim"
"usa sim card for travel",1,6,"en-GB,en-US","usa esim card"
"using esim in china",1,6,"en-US","china esim coverage map"
"vietnam sim card options",1,6,"en-GB","viet nam esim card"
"virgin uae esim",1,6,"en-GB,en-US","uae esim"
"visit iceland for eclipse 2026",1,6,"en-GB,en-US","best esim for iceland 2026"
"vodafone germany esim",1,6,"en-GB,en-US","germany esim"
"airalo esim card australia",1,7,"en-GB","australia esim card"
"airalo esim card india",1,7,"en-US","india esim card"
"airalo esim card morocco",1,7,"en-GB,en-US","morocco esim card"
"airalo esim card spain",1,7,"en-GB","spain esim card"
"airalo esim fiji",1,7,"en-US","esim fiji"
"airalo portugal esim",1,7,"en-GB","portugal esim"
"amsterdam smoke boat",1,7,"en-US","amsterdam esim"
"austrian sim card options",1,7,"en-GB","austria esim card"
"bali esim holafly",1,7,"en-GB,en-US","bali esim"
"bali sim card tourist",1,7,"en-GB,en-US","bali esim card"
"bangkok seimitsu machining technology",1,7,"en-GB","bangkok esim"
"best esim for albania",1,7,"en-GB,en-US","best esim for croatia"
"best esim for australians",1,7,"en-GB,en-US","best esim for australia"
"best esim for azores",1,7,"en-US","best esim for nz"
"best esim for china from uk",1,7,"en-GB,en-US","best esim for china"
"best esim for guatemala reddit",1,7,"en-GB,en-US","san jose costa rica esim reddit"
"best esim for italy travel",1,7,"en-GB,en-US","best esim for italy"
"best esim for japan from uk",1,7,"en-GB,en-US","best esim for japan"
"best esim for lebanon",1,7,"en-US","best esim for israel 2026"
"best esim for malta",1,7,"en-US","best esim for macao"
"best esim for saint martin",1,7,"en-US","best esim for ksa"
"best esim for travel to greece",1,7,"en-GB,en-US","best esim for greece"
"best esim iceland",1,7,"en-GB,en-US","iceland esim"
"best esim london",1,7,"en-GB","esim london"
"best esim new zealand",1,7,"en-GB,en-US","cape town esim reddit"
"best esim plans australia",1,7,"en-GB","australia esim best"
"best esim providers for europe",1,7,"en-GB,en-US","best esim for netherlands and belgium"
"best esim thailand tourist",1,7,"en-GB","best esim for bangkok"
"best esim tokyo",1,7,"en-US","esim tokyo"
"best esims for indonesia",1,7,"en-GB,en-US","best esim for singapore and indonesia"
"best of namm 2026",1,7,"en-GB,en-US","best esim for viet nam 2026"
"buy an esim online",1,7,"en-US","cheapest esim for georgia"
"buy magti esim georgia",1,7,"en-US","esim georgia"
"canada esim providers",1,7,"en-GB,en-US","canada esim"
"canadian sim card prepaid",1,7,"en-GB","canada esim card"
"cape town symbols",1,7,"en-US","cape town esim"
"cheap phone in philippines with esim support",1,7,"en-GB,en-US","cheapest esim for manila"
"cheap phone with esim",1,7,"en-GB","cheapest esim for fiji"
"china esim tourist",1,7,"en-US","china esim best"
"china sim card for travel",1,7,"en-GB,en-US","china esim card"
"colombia es mercosur",1,7,"en-GB,en-US","colombia esim"
"compare esim plans australia",1,7,"en-GB,en-US","australia esim coverage map"
"croatia asistencija europa",1,7,"en-GB","croatia esim"
"csl hong kong esim",1,7,"en-GB","hong kong esim"
"czech republic images",1,7,"en-US","czech republic esim"
"czechia summer festivals",1,7,"en-US","czechia esim"
"do i need an esim for travel",1,7,"en-US","do i need an esim for uk"
"does visible offer esim",1,7,"en-GB,en-US","esim for las vegas"
"dubai esim with phone number",1,7,"en-GB,en-US","dubai esim"
"ecim 2026 scientific programme",1,7,"en-US","esim nz 2026"
"egypt sim card hurghada airport",1,7,"en-GB,en-US","egypt esim card"
"england's immigrants",1,7,"en-GB","england esim"
"esam paris avis",1,7,"en-US","esim paris"
"esic new rules 2026 in hindi",1,7,"en-GB,en-US","czech republic esim 2026"
"esim argentina personal",1,7,"en-GB,en-US","esim argentina"
"esim balisim",1,7,"en-GB,en-US","esim bali"
"esim bermuda",1,7,"en-GB","esim berlin"
"esim card for argentina",1,7,"en-GB,en-US","esim for argentina"
"esim card greece",1,7,"en-US","esim greece"
"esim cards for ireland",1,7,"en-GB,en-US","esim for ireland"
"esim china activation guide",1,7,"en-GB,en-US","esim china"
"esim china hong kong",1,7,"en-GB","best esim for china and hong kong"
"esim colombia gratis",1,7,"en-GB,en-US","esim colombia"
"esim for china mainland",1,7,"en-GB,en-US","esim for china"
"esim for sailing",1,7,"en-US","esim for ksa"
"esim for spain and france",1,7,"en-GB,en-US","esim for spain"
"esim for travel to japan",1,7,"en-US","do i need an esim for japan"
"esim for us travel",1,7,"en-US","esim for us"
"esim france and spain",1,7,"en-GB","best esim for france 2026"
"esim handset compatibility",1,7,"en-US","esim hanoi"
"esim india providers",1,7,"en-GB,en-US","esim india"
"esim indonesia reddit",1,7,"en-GB,en-US","esim indonesia"
"esim japan reddit",1,7,"en-GB,en-US","esim japan"
"esim key differences",1,7,"en-GB","esim kenya"
"esim korea travel guide",1,7,"en-GB,en-US","esim korea"
"esim malaysia termurah",1,7,"en-GB,en-US","esim malaysia"
"esim mexico plans",1,7,"en-GB,en-US","esim mexico"
"esim mint mobile",1,7,"en-GB","esim miami"
"esim new zealand telstra",1,7,"en-GB,en-US","esim new zealand"
"esim nz activation",1,7,"en-GB,en-US","esim nz"
"esim para europa",1,7,"en-GB","esim paris"
"esim personal argentina",1,7,"en-GB,en-US","esim peru"
"esim philippines maya",1,7,"en-GB,en-US","esim philippines"
"esim roaming charges",1,7,"en-US","esim rome"
"esim singapore singtel",1,7,"en-GB,en-US","esim singapore"
"esim spain lebara",1,7,"en-GB,en-US","esim spain"
"esim taiwan and japan",1,7,"en-GB,en-US","esim taiwan"
"esim thailand ais",1,7,"en-GB,en-US","esim thailand"
"esims for new zealand",1,7,"en-GB","esim for australia and new zealand"
"france esim orange",1,7,"en-GB,en-US","france esim"
"free trial esim usa",1,7,"en-US","czech republic esim unlimited"
"french sim card unlimited data",1,7,"en-GB","france esim card"
"fuji simpsonville sc",1,7,"en-GB,en-US","fiji esim"
"fuji simulations",1,7,"en-GB,en-US","fiji esim"
"georgia estimated taxes",1,7,"en-GB,en-US","georgia esim"
"gomo ireland esim",1,7,"en-GB,en-US","ireland esim"
"holland simplex fifth wheel bushings",1,7,"en-GB,en-US","holland esim"
"how much is an esim for japan",1,7,"en-US","cheapest esim for fiji"
"how to get esim qr code etisalat",1,7,"en-GB,en-US","qatar esim coverage map"
"india esim airtel",1,7,"en-GB,en-US","india esim"
"indian sim card in uk",1,7,"en-GB","india esim card"
"indonesia best esims for travelers",1,7,"en-US","best esim for indonesia"
"istanbul e imza",1,7,"en-GB","istanbul esim"
"istanbul resim akademisi",1,7,"en-GB,en-US","istanbul esim"
"italy esim price",1,7,"en-GB,en-US","italy esim"
"kenya simpson",1,7,"en-GB","kenya esim"
"klook south korea esim",1,7,"en-GB,en-US","south korea esim"
"korea esim activation process",1,7,"en-GB,en-US","korea esim"
"ksa email",1,7,"en-US","ksa esim"
"lyca esim belgium",1,7,"en-GB,en-US","esim belgium"
"malaysia sim card prepaid",1,7,"en-GB,en-US","malaysia esim card"
"manila seminary",1,7,"en-US","manila esim"
"mexico esim data",1,7,"en-GB,en-US","mexico esim"
"mobily ksa esim for visitors",1,7,"en-GB","ksa esim"
"mtn south africa esim",1,7,"en-GB,en-US","cape town esim coverage map"
"netherlands sim",1,7,"en-GB,en-US","netherlands esim"
"nz esim compatibility",1,7,"en-GB,en-US","nz esim"
"nz sim card auckland airport",1,7,"en-GB,en-US","nz esim card"
"peru sim card data plans",1,7,"en-GB,en-US","peru esim card"
"poland sims",1,7,"en-GB","poland esim"
"portugal data esim",1,7,"en-US","portugal esim"
"prague seminary",1,7,"en-US","prague esim"
"riyadh summit",1,7,"en-US","riyadh esim"
"saily esim israel",1,7,"en-GB,en-US","esim israel"
"san jose costa rica international airport",1,7,"en-US","san jose costa rica esim"
"saudi arabia sim card list",1,7,"en-GB,en-US","saudi arabia esim"
"seoul semiconductor vina",1,7,"en-US","seoul esim"
"singapore esim data only",1,7,"en-GB,en-US","singapore esim"
"south african sim card for travellers",1,7,"en-GB","south africa esim"
"stc esim packages ksa",1,7,"en-GB,en-US","ksa esim coverage map"
"taipei immigration",1,7,"en-US","taipei esim"
"thailand esim providers",1,7,"en-GB,en-US","thailand esim"
"travel esim card europe",1,7,"en-GB,en-US","czech republic esim card"
"travel esim for fiji from australia",1,7,"en-GB,en-US","esim for fiji"
"uk sim card pay as you go",1,7,"en-GB,en-US","uk esim card"
"united arab emirates immigration portal",1,7,"en-US","united arab emirates esim"
"us esim plan",1,7,"en-GB,en-US","us esim"
"usa sim card options",1,7,"en-GB","usa esim card"
"usa sim card prepago",1,7,"en-US","usa esim card"
"vietnam sim card unlimited data",1,7,"en-GB","viet nam esim card"
"vodafone spain esim",1,7,"en-GB,en-US","spain esim"
"wecom israel esim",1,7,"en-GB,en-US","israel esim"
"what is the best esim for france",1,7,"en-GB,en-US","best esim for france"
"what is the best esim for india",1,7,"en-GB,en-US","best esim for india"
"what is the best esim for philippines",1,7,"en-US","best esim for philippines"
"what is the best esim for spain",1,7,"en-GB","best esim for spain"
"what is the best esim to use in spain",1,7,"en-GB,en-US","best esim for spain"
"what is your esim",1,7,"en-US","esim for new york"
"where to find esim qr code",1,7,"en-US","qatar esim coverage map"
"airalo esim card portugal",1,8,"en-GB","portugal esim card"
"airalo esim new zealand",1,8,"en-GB,en-US","esim new zealand"
"amsterdam empire cast",1,8,"en-US","amsterdam esim"
"bali esim providers",1,8,"en-GB,en-US","bali esim"
"bali sim card unlimited data",1,8,"en-GB,en-US","bali esim card"
"bangkoksims sims 4",1,8,"en-GB","bangkok esim"
"best data esim for india",1,8,"en-GB","best esim for india"
"best esim card for india",1,8,"en-US","india esim card"
"best esim cards for japan and korea",1,8,"en-GB","best esim for korea"
"best esim for bali for 7 days",1,8,"en-GB,en-US","best esim for bali"
"best esim for caribbean",1,8,"en-GB,en-US","best esim for costa rica"
"best esim for florida",1,8,"en-GB,en-US","best esim for georgia"
"best esim for international travel australia",1,8,"en-GB,en-US","esim for australia review"
"best esim for italy for iphone",1,8,"en-GB,en-US","best esim for italy"
"best esim for london and dublin",1,8,"en-GB,en-US","esim for london"
"best esim for thailand travel from canada",1,8,"en-GB,en-US","best esim for thailand"
"best esim for uk coverage",1,8,"en-GB,en-US","best esim for uk"
"best esim for us travel",1,8,"en-US","best esim for us"
"best esim for voice and data in mexico",1,8,"en-GB,en-US","best esim for mexico"
"best esim in vietnam",1,8,"en-US","best esim for thailand and vietnam"
"best esim rome italy",1,8,"en-GB","esim rome"
"can i buy esim online in india",1,8,"en-GB","do i need an esim for india"
"canadian sim card uk",1,8,"en-GB","canada esim card"
"cape town einwohner",1,8,"en-US","cape town esim"
"cheapest esim deals uk",1,8,"en-GB","cheapest esim uk"
"cheapest phone with esim",1,8,"en-US","cheapest esim for fiji"
"china esim 1 day",1,8,"en-GB,en-US","china esim"
"china sim card with number",1,8,"en-GB","china esim card"
"colombia es mundial",1,8,"en-US","colombia esim"
"columbia siman",1,8,"en-GB","colombia esim"
"czech etimex hranice",1,8,"en-US","czechia esim"
"czech republic embassy in ghana",1,8,"en-US","czech republic esim"
"data only esim canada",1,8,"en-GB,en-US","canada esim unlimited data"
"data only esim uk",1,8,"en-US","uk esim unlimited data"
"england eliminated",1,8,"en-GB","england esim"
"esim argentina movistar",1,8,"en-GB,en-US","esim argentina"
"esim bereich",1,8,"en-GB","esim berlin"
"esim card for us",1,8,"en-GB,en-US","czech republic esim card"
"esim card iphone",1,8,"en-US","esim cairo"
"esim card morocco",1,8,"en-US","esim morocco"
"esim cards for greece",1,8,"en-GB,en-US","esim for greece"
"esim cards for new zealand",1,8,"en-US","esim for new zealand"
"esim cellcom israel",1,8,"en-GB","esim israel"
"esim china mainland",1,8,"en-GB,en-US","esim china"
"esim claro argentina",1,8,"en-GB","argentina esim"
"esim claro peru",1,8,"en-US","esim peru"
"esim colombia holafly",1,8,"en-GB,en-US","esim colombia"
"esim deals for egypt",1,8,"en-GB,en-US","esim for egypt"
"esim for china from india",1,8,"en-GB,en-US","esim for china"
"esim for india travel from uk",1,8,"en-GB,en-US","esim for india"
"esim for nepal",1,8,"en-GB","esim for nz"
"esim for saudi",1,8,"en-US","esim for ksa"
"esim for uk to uk",1,8,"en-GB,en-US","esim for uk"
"esim france voyage",1,8,"en-GB,en-US","esim france"
"esim india activation process",1,8,"en-GB,en-US","esim india"
"esim indonesia murah",1,8,"en-GB,en-US","esim indonesia"
"esim korea mobile internet",1,8,"en-GB,en-US","esim korea"
"esim malaysia digi",1,8,"en-GB,en-US","esim malaysia"
"esim mexico providers",1,8,"en-GB,en-US","esim mexico"
"esim mobile plan australia",1,8,"en-GB,en-US","australia esim coverage map"
"esim nz spark",1,8,"en-GB,en-US","esim nz"
"esim on 3 network",1,8,"en-GB,en-US","kenya esim coverage map"
"esim only deals canada",1,8,"en-US","cheapest esim for canada"
"esim roaming compatibility",1,8,"en-US","esim rome"
"esim spain text+call",1,8,"en-GB,en-US","esim spain"
"esim taiwan and thailand",1,8,"en-GB,en-US","esim taiwan"
"esim thailand klook",1,8,"en-GB,en-US","esim thailand"
"esim uk activation",1,8,"en-GB,en-US","esim uk"
"esim user benefits",1,8,"en-GB,en-US","esim us"
"esim vodafone fiji",1,8,"en-GB","esim fiji"
"esim with china number",1,8,"en-GB,en-US","china esim coverage map"
"french sim card pay as you go",1,8,"en-GB","france esim card"
"georgia estimated tax payments",1,8,"en-GB,en-US","georgia esim"
"georgia estimated taxes pay",1,8,"en-US","georgia esim"
"holafly indonesia esim",1,8,"en-US","indonesia esim"
"holafly ireland esim",1,8,"en-US","ireland esim"
"holland on ice 2026",1,8,"en-GB,en-US","best esim for holland 2026"
"holland symphony orchestra",1,8,"en-US","holland esim"
"how does esim work in japan",1,8,"en-GB,en-US","do i need an esim for japan"
"how to get esim in saudi arabia",1,8,"en-GB","do i need an esim for qatar"
"how to properly use an esim",1,8,"en-GB,en-US","do i need an esim for ksa"
"india esim online",1,8,"en-GB,en-US","india esim"
"indian sim card cost",1,8,"en-GB","india esim card"
"is s20 fe esim compatible",1,8,"en-US","best esim for fiji 2026"
"istanbul resim kursu",1,8,"en-GB,en-US","istanbul esim"
"italy esim providers",1,8,"en-GB,en-US","italy esim"
"japan esim australia",1,8,"en-GB,en-US","japan esim"
"kenya simti",1,8,"en-GB","kenya esim"
"korean sim card with korean number",1,8,"en-GB","korea esim card"
"ksa emoji",1,8,"en-US","ksa esim"
"lebara esim ksa",1,8,"en-GB","ksa esim"
"lyca netherlands esim",1,8,"en-US","netherlands esim"
"malaysia esim with local number",1,8,"en-GB,en-US","malaysia esim"
"malaysia sim card with phone number",1,8,"en-GB,en-US","malaysia esim card"
"manila embassy",1,8,"en-US","manila esim"
"mexico esim reddit",1,8,"en-GB,en-US","mexico esim"
"netherlands eliminated",1,8,"en-GB","netherlands esim"
"new zealand esim data",1,8,"en-GB,en-US","new zealand esim"
"nomad esim peru",1,8,"en-GB","esim peru"
"nos portugal esim",1,8,"en-US","portugal esim"
"nz sim cards for australian tourists",1,8,"en-GB,en-US","nz esim card"
"orange esim card for france",1,8,"en-US","france esim card"
"orange portugal esim",1,8,"en-GB","portugal esim"
"prague semi marathon",1,8,"en-US","prague esim"
"proximus belgium esim",1,8,"en-GB,en-US","belgium esim"
"qatar e-sim",1,8,"en-GB","qatar esim"
"qr code esim card",1,8,"en-US","qatar esim coverage map"
"riyadh esnad",1,8,"en-US","riyadh esim"
"san jose costa rica iata code",1,8,"en-US","san jose costa rica esim"
"seoul semiconductor led",1,8,"en-US","seoul esim"
"smart philippines esim",1,8,"en-GB,en-US","philippines esim"
"south america esim",1,8,"en-GB","south africa esim"
"taipei immigration office",1,8,"en-US","taipei esim"
"taiwan esim at airport",1,8,"en-GB,en-US","taiwan esim"
"thailand esim for tourist",1,8,"en-US","bangkok esim coverage map"
"thailand esim travel guide",1,8,"en-GB,en-US","thailand esim"
"turkey e sims",1,8,"en-GB","turkiye esim"
"uk esim illimite",1,8,"en-GB,en-US","uk esim"
"uk sim card deals",1,8,"en-GB,en-US","uk esim card"
"ultra mobile esim plans",1,8,"en-US","uae esim coverage map"
"united arab emirates emoji",1,8,"en-US","united arab emirates esim"
"us esim providers",1,8,"en-GB,en-US","us esim"
"usa esim data",1,8,"en-GB,en-US","usa esim"
"usa sim card prepaid plans",1,8,"en-GB,en-US","usa esim card"
"vietnam sim card for travel",1,8,"en-GB","viet nam esim card"
"vodafone esim for greece",1,8,"en-GB","esim for greece"
"what is an esim australia",1,8,"en-US","esim for australia and new zealand"
"what is esim verizon",1,8,"en-GB,en-US","esim for las vegas"
"what is the esim card",1,8,"en-US","viet nam esim card"
"airalo esim card nz",1,9,"en-GB","nz esim card"
"amsterdam empire netflix",1,9,"en-US","amsterdam esim"
"at&t mexico esim",1,9,"en-US","mexico esim"
"bali esim for australians",1,9,"en-GB,en-US","bali esim"
"best esim cards for australia",1,9,"en-US","australia esim card"
"best esim for australians in bali",1,9,"en-GB,en-US","best esim for australia"
"best esim for bali travel",1,9,"en-GB,en-US","best esim for bali"
"best esim for china and vietnam",1,9,"en-GB,en-US","best esim for china"
"best esim for italy from canada",1,9,"en-GB,en-US","best esim for italy"
"best esim for jamaica",1,9,"en-US","best esim for fiji"
"best esim for nepal",1,9,"en-GB","best esim for nz"
"best esim for traveling japan",1,9,"en-GB,en-US","do i need an esim for japan"
"best esim for uk and italy",1,9,"en-GB,en-US","best esim for uk"
"best esims for costa rica",1,9,"en-US","esim for costa rica"
"best singapore esim",1,9,"en-GB","singapore esim"
"canada esim for calls and text messages",1,9,"en-GB,en-US","canada esim"
"cape town singles events",1,9,"en-US","cape town esim"
"cheap esim for egypt",1,9,"en-GB,en-US","esim for egypt"
"cheap esim plans australia",1,9,"en-GB,en-US","australia esim coverage map"
"cheapest esim for travel",1,9,"en-US","cheapest esim for uk"
"china sim card activation",1,9,"en-GB,en-US","china esim card"
"colombia es miembro de la ocde",1,9,"en-US","colombia esim"
"columbia simulations",1,9,"en-GB","colombia esim"
"czech republic resume format",1,9,"en-US","czech republic esim"
"czechia smarty",1,9,"en-US","czechia esim"
"esam paris classement",1,9,"en-US","esim paris"
"esim argentina tuenti",1,9,"en-GB,en-US","esim argentina"
"esim australia benefits",1,9,"en-GB,en-US","esim australia"
"esim berechtigungen",1,9,"en-GB","esim berlin"
"esim card for dubai",1,9,"en-GB,en-US","esim for dubai"
"esim card for malaysia",1,9,"en-GB","esim for malaysia"
"esim card japan",1,9,"en-US","esim cairo"
"esim cards for bali",1,9,"en-GB","bali esim card"
"esim china holafly",1,9,"en-GB,en-US","esim china"
"esim china prepaid options",1,9,"en-GB,en-US","esim china"
"esim colombia travel",1,9,"en-GB,en-US","esim colombia"
"esim for china with phone number",1,9,"en-GB,en-US","esim for china"
"esim for india travel from usa",1,9,"en-GB,en-US","esim for india"
"esim for ipad ireland",1,9,"en-GB,en-US","esim for ireland"
"esim for japan ubigi",1,9,"en-GB,en-US","esim for japan"
"esim for mongolia",1,9,"en-US","esim for macao"
"esim for samsung a13",1,9,"en-US","esim for ksa"
"esim for spain from the us",1,9,"en-US","esim for spain"
"esim for thailand and malaysia",1,9,"en-GB,en-US","esim for thailand"
"esim for travel to uk",1,9,"en-GB","do i need an esim for uk"
"esim for uk calls",1,9,"en-GB,en-US","esim for uk"
"esim for use in canada",1,9,"en-GB","esim for uae"
"esim how to use",1,9,"en-GB","esim for egypt review"
"esim india compatible devices",1,9,"en-GB,en-US","esim india"
"esim indonesia apa saja",1,9,"en-GB,en-US","esim indonesia"
"esim japan review",1,9,"en-GB,en-US","esim japan"
"esim korea for tourists",1,9,"en-US","esim for korea"
"esim korea prepaid options",1,9,"en-GB,en-US","esim korea"
"esim malaysia hugosim",1,9,"en-GB,en-US","esim malaysia"
"esim mexico para datos",1,9,"en-GB,en-US","esim mexico"
"esim nz data",1,9,"en-GB,en-US","esim nz"
"esim providers in ireland",1,9,"en-GB,en-US","ireland esim coverage map"
"esim roaming activation",1,9,"en-US","esim rome"
"esim singapore phone number",1,9,"en-GB,en-US","esim singapore"
"esim travel netherlands",1,9,"en-GB,en-US","esim for netherlands"
"esim turkey activation guide",1,9,"en-GB,en-US","esim turkey"
"esim usa with number",1,9,"en-US","usa esim coverage map"
"esim usim",1,9,"en-GB,en-US","esim us"
"french sim cards in britain",1,9,"en-GB","france esim card"
"friendi ksa esim",1,9,"en-GB","ksa esim"
"fuji simple ace",1,9,"en-GB,en-US","fiji esim"
"hall and simeral",1,9,"en-GB","holland esim"
"holland america solar eclipse 2026",1,9,"en-GB,en-US","best esim for holland 2026"
"holland sinkhole",1,9,"en-US","holland esim"
"how good are esims",1,9,"en-GB,en-US","esim for georgia review"
"iceland solar eclipse 2026 package",1,9,"en-US","best esim for iceland 2026"
"india esim data packages",1,9,"en-GB,en-US","india esim"
"indian sim card work in nepal",1,9,"en-GB","india esim card"
"indonesia travel esim",1,9,"en-US","indonesia esim"
"inwi esim morocco",1,9,"en-US","esim morocco"
"istanbul sim card",1,9,"en-GB,en-US","istanbul esim"
"italy esim for travel",1,9,"en-GB,en-US","italy esim"
"japan esim plans",1,9,"en-GB,en-US","japan esim"
"kenya simon",1,9,"en-GB","kenya esim"
"klook singapore esim",1,9,"en-US","singapore esim"
"korea esim data packages",1,9,"en-GB,en-US","korea esim"
"ksa smart movers",1,9,"en-US","ksa esim"
"las mejores esim en mexico",1,9,"en-GB,en-US","esim for mexico city"
"lebara spain esim",1,9,"en-GB,en-US","spain esim"
"malaysia sim card plan",1,9,"en-GB,en-US","malaysia esim card"
"manila images",1,9,"en-US","manila esim"
"netherlands eliminated world cup",1,9,"en-GB","netherlands esim"
"new zealand esim prepaid",1,9,"en-GB,en-US","new zealand esim"
"nz esim prepaid",1,9,"en-GB,en-US","nz esim"
"personal argentina esim",1,9,"en-GB","argentina esim"
"prague emojis",1,9,"en-US","prague esim"
"provedores internacionais de esim",1,9,"en-GB,en-US","esim rio de janeiro"
"qatar aim",1,9,"en-GB","qatar esim"
"riyadh smart city",1,9,"en-US","riyadh esim"
"san jose costa rica marriott",1,9,"en-US","san jose costa rica esim"
"seoul semiconductor vietnam",1,9,"en-US","seoul esim"
"south african sim card",1,9,"en-GB","south africa esim"
"taipei immigration arrival card",1,9,"en-US","taipei esim"
"taiwan esim share hotspot",1,9,"en-GB,en-US","taiwan esim"
"thailand esim compatibility",1,9,"en-GB,en-US","thailand esim"
"turkey esim holafly",1,9,"en-GB,en-US","turkey esim"
"uk esim operatori",1,9,"en-GB,en-US","uk esim"
"uk sim cards for tourists",1,9,"en-GB,en-US","uk esim card"
"united arab emirates emea or apac",1,9,"en-US","united arab emirates esim"
"us esim free trial",1,9,"en-GB,en-US","us esim"
"usa esim plans",1,9,"en-GB,en-US","usa esim"
"usa sim card uk",1,9,"en-GB,en-US","usa esim card"
"verizon esim for iceland",1,9,"en-US","esim for iceland"
"vietnam sim card comparison",1,9,"en-GB","viet nam esim card"
"visible esim qr code",1,9,"en-US","qatar esim coverage map"
"vodafone netherlands esim",1,9,"en-US","netherlands esim"
"vodafone spain esim with phone number",1,9,"en-US","spain esim"
"what is an esim uk",1,9,"en-GB,en-US","esim for ireland and uk"
"which esim is best for india",1,9,"en-US","best esim for india"
"airalo italy esim",1,10,"en-US","italy esim"
"bali esim online",1,10,"en-GB,en-US","bali esim"
"best esim for mauritius",1,10,"en-US","best esim for macao"
"best esim for sri lanka and singapore",1,10,"en-GB,en-US","esim for india and sri lanka"
"best esim for thailand and singapore",1,10,"en-GB,en-US","best esim for thailand"
"best esim in asia",1,10,"en-US","best esim for saudi arabia"
"best esim to use in mexico",1,10,"en-US","do i need an esim for argentina"
"best of brazil 2026",1,10,"en-GB,en-US","best esim for brazil 2026"
"best value esim for bali",1,10,"en-US","esim for bali review"
"buy esim for usa travel",1,10,"en-GB,en-US","usa esim coverage map"
"buy indian esim online",1,10,"en-US","cheapest esim for india"
"cape town images",1,10,"en-US","cape town esim"
"cheap pay as you go esim",1,10,"en-GB,en-US","cheapest esim for georgia"
"china esim nomad",1,10,"en-GB,en-US","china esim"
"china sim card data plans",1,10,"en-GB,en-US","china esim card"
"colombia es miembro de la otan",1,10,"en-US","colombia esim"
"columbia simple is better",1,10,"en-GB","colombia esim"
"czech republic embassy in philippines",1,10,"en-US","czech republic esim"
"czechia email",1,10,"en-US","czechia esim"
"does china use esim",1,10,"en-GB,en-US","esim for china review"
"esam paris adresse mail",1,10,"en-US","esim paris"
"esim card for southeast asia",1,10,"en-US","viet nam esim card"
"esim card usa",1,10,"en-US","esim cairo"
"esim for china from australia",1,10,"en-GB,en-US","esim for china"
"esim for international travel india",1,10,"en-GB,en-US","india esim coverage map"
"esim for japan from india",1,10,"en-GB,en-US","esim for japan"
"esim for samsung s22",1,10,"en-US","esim for ksa"
"esim for thailand travel from india",1,10,"en-GB,en-US","esim for thailand"
"esim for uk phone",1,10,"en-GB,en-US","esim for uk"
"esim for usa nomad",1,10,"en-GB,en-US","esim for usa"
"esim india prepaid options",1,10,"en-GB,en-US","esim india"
"esim japan data plan",1,10,"en-GB,en-US","esim japan"
"esim korea with phone number",1,10,"en-GB,en-US","esim korea"
"esim malaysia celcom digi",1,10,"en-GB,en-US","esim malaysia"
"esim mexico para viajes",1,10,"en-GB,en-US","esim mexico"
"esim phone plans canada",1,10,"en-GB,en-US","canada esim coverage map"
"esim roaming plans",1,10,"en-US","esim rome"
"esim singapore m1",1,10,"en-GB,en-US","esim singapore"
"esim thailand tourist uk",1,10,"en-GB,en-US","bangkok esim coverage map"
"esim turkey 7 days",1,10,"en-GB,en-US","esim turkey"
"esim uk prepaid",1,10,"en-GB,en-US","esim uk"
"esim while in china",1,10,"en-GB","china esim coverage map"
"esim-san",1,10,"en-US","san jose costa rica esim 2026"
"french sim card for iphone",1,10,"en-GB","france esim card"
"fuji simple ace 400",1,10,"en-US","fiji esim"
"holafly mexico esim",1,10,"en-GB","mexico esim"
"holland singapore",1,10,"en-US","holland esim"
"how to register esim in the us",1,10,"en-GB,en-US","do i need an esim for usa"
"india esim prepaid options",1,10,"en-GB,en-US","india esim"
"indian sim card for foreigners",1,10,"en-GB","india esim card"
"istanbul resimleri arka plan",1,10,"en-GB,en-US","istanbul esim"
"japan esim airalo",1,10,"en-GB,en-US","japan esim"
"kenya simmons",1,10,"en-GB","kenya esim"
"ksa embassy attestation",1,10,"en-US","ksa esim"
"malaysia sim card at airport",1,10,"en-GB,en-US","malaysia esim card"
"manila semaphore",1,10,"en-US","manila esim"
"movistar spain esim",1,10,"en-GB","spain esim"
"nz esim with phone number",1,10,"en-GB,en-US","nz esim"
"onde comprar um esim",1,10,"en-GB,en-US","esim rio de janeiro"
"prague smetana hall",1,10,"en-US","prague esim"
"purchase esim card online",1,10,"en-GB,en-US","czech republic esim card"
"riyadh imax",1,10,"en-US","riyadh esim"
"san jose costa rica in which country",1,10,"en-US","san jose costa rica esim"
"seoul semiconductor sunlike",1,10,"en-US","seoul esim"
"taipei embassy in malaysia",1,10,"en-US","taipei esim"
"thailand esim data packages",1,10,"en-GB,en-US","thailand esim"
"travel esim for egypt",1,10,"en-GB","esim for egypt"
"uk and europe esim",1,10,"en-GB,en-US","belgium esim coverage map"
"uk esim deals",1,10,"en-GB,en-US","uk esim"
"uk sim card for australian phone",1,10,"en-GB,en-US","uk esim card"
"uk sim cards australia",1,10,"en-GB,en-US","uk esim card"
"united arab emirates embassy houston",1,10,"en-US","united arab emirates esim"
"us esim deals",1,10,"en-GB,en-US","us esim"
"usa esim providers",1,10,"en-GB,en-US","usa esim"
"usa sim card prepaid",1,10,"en-GB,en-US","usa esim card"
"vietnam sim card for tourist price",1,10,"en-GB","viet nam esim card"
"vodafone esim for turkey",1,10,"en-GB,en-US","turkey esim coverage map"
"what is the advantage of an esim",1,10,"en-US","esim for israel review"
"bali esim companies",1,11,"en-GB,en-US","bali esim"
"best esim for uk and europe from australia",1,11,"en-GB,en-US","best esim for uk"
"best esim plans in australia",1,11,"en-GB,en-US","best esim for australia 2026"
"best esim provider in uk",1,11,"en-GB,en-US","best esim for england"
"best esims for india",1,11,"en-US","best esim for georgia"
"can i buy an esim in china",1,11,"en-GB,en-US","do i need an esim for czech republic"
"canada data only esim",1,11,"en-GB,en-US","canada esim coverage map"
"cape town eservices",1,11,"en-US","cape town esim"
"china sim card unlimited data",1,11,"en-GB,en-US","china esim card"
"china sim card with phone number",1,11,"en-US","china esim card"
"como obter um esim",1,11,"en-GB,en-US","esim rio de janeiro"
"czech republic embassy in uae",1,11,"en-US","czech republic esim"
"czechia embassy in zambia",1,11,"en-US","czechia esim"
"does china support esim",1,11,"en-GB,en-US","esim for china review"
"esam paris 10",1,11,"en-US","esim paris"
"esim canada airalo",1,11,"en-GB,en-US","esim canada"
"esim china nomad",1,11,"en-GB,en-US","esim china"
"esim for china unicom",1,11,"en-GB,en-US","esim for china"
"esim for japan and singapore",1,11,"en-GB,en-US","esim for japan"
"esim for uk from usa",1,11,"en-GB,en-US","esim for uk"
"esim for usa travel from india",1,11,"en-GB,en-US","esim for usa"
"esim india prepaid",1,11,"en-GB,en-US","esim india"
"esim japan unlimited",1,11,"en-GB,en-US","esim japan"
"esim malaysia celcom",1,11,"en-GB,en-US","esim malaysia"
"esim providers for china",1,11,"en-GB,en-US","china esim coverage map"
"esim that works in china",1,11,"en-GB,en-US","best esim for china 2026"
"esim usa providers",1,11,"en-GB,en-US","esim usa"
"holland singer",1,11,"en-US","holland esim"
"how much does an esim cost",1,11,"en-GB","cheapest esim for israel"
"india esim activation process",1,11,"en-GB,en-US","india esim"
"japan esim options",1,11,"en-GB,en-US","japan esim"
"korea esim compatible devices",1,11,"en-GB,en-US","korea esim"
"nz esim providers",1,11,"en-GB,en-US","nz esim"
"riyadh embassy philippines",1,11,"en-US","riyadh esim"
"thailand esim data plans",1,11,"en-GB,en-US","thailand esim"
"travel esim usa and canada",1,11,"en-GB","esim for canada and usa"
"uk sim card in pakistan",1,11,"en-GB,en-US","uk esim card"
"united arab emirates embassy uk",1,11,"en-US","united arab emirates esim"
"us esim for data",1,11,"en-GB,en-US","us esim"
"usa esim with calls",1,11,"en-GB,en-US","usa esim"
"usa sim card unlimited data",1,11,"en-GB,en-US","usa esim card"
"vietnam sim card purchase guide",1,11,"en-GB","viet nam esim card"
"which prepaid esim is cheap in malaysia",1,11,"en-GB,en-US","cheapest esim for malaysia"
"best esim for japan from canada",1,12,"en-GB,en-US","best esim for japan"
"best esim for mongolia",1,12,"en-US","best esim for macao"
"best esim for uk and japan",1,12,"en-GB,en-US","best esim for uk"
"best esim for usa 3 months",1,12,"en-GB,en-US","best esim for usa"
"best esims for usa and canada",1,12,"en-GB","esim for canada and usa"
"buy esim online in india",1,12,"en-GB","cheapest esim for india"
"cape town seminary",1,12,"en-US","cape town esim"
"cheap esim phone australia",1,12,"en-GB","cheapest esim for australia"
"china esim with local phone number",1,12,"en-GB,en-US","china esim coverage map"
"china travel esim card",1,12,"en-US","czech republic esim card"
"czech republic sample mobile number",1,12,"en-US","czech republic esim"
"czechia emergency number",1,12,"en-US","czechia esim"
"esam paris mba",1,12,"en-US","esim paris"
"esim canada rogers",1,12,"en-GB,en-US","esim canada"
"esim china prepaid",1,12,"en-GB,en-US","esim china"
"esim europe with calling",1,12,"en-US","do i need an esim for belgium"
"esim for china from uk",1,12,"en-GB,en-US","esim for china"
"esim for mallorca",1,12,"en-GB","esim for miami"
"esim for usa data",1,12,"en-GB,en-US","esim for usa"
"esim in the philippines",1,12,"en-US","manila esim unlimited data"
"esim india activation",1,12,"en-GB,en-US","esim india"
"esim japan experience",1,12,"en-GB,en-US","esim japan"
"esim mexico para celular",1,12,"en-GB,en-US","esim mexico"
"esim singapore and thailand",1,12,"en-GB,en-US","esim singapore"
"esim uk data packages",1,12,"en-GB,en-US","esim uk"
"hoe werkt een esim in het buitenland",1,12,"en-US","do i need an esim for holland"
"holland imports",1,12,"en-US","holland esim"
"india esim compatible devices",1,12,"en-GB,en-US","india esim"
"japan esim with phone number for tourist",1,12,"en-GB,en-US","japan esim"
"migliore esim per sri lanka",1,12,"en-GB,en-US","best esim for india and sri lanka"
"nz esim 2degrees",1,12,"en-GB,en-US","nz esim"
"para que serve o esim",1,12,"en-GB,en-US","esim rio de janeiro"
"riyadh embassy india",1,12,"en-US","riyadh esim"
"travel esim for china",1,12,"en-US","taipei esim coverage map"
"united arab emirates embassy in philippines",1,12,"en-US","united arab emirates esim"
"usa esim free trial",1,12,"en-GB,en-US","usa esim"
"usa sim card deals",1,12,"en-GB,en-US","usa esim card"
"vietnam sim card australia",1,12,"en-GB","viet nam esim card"
"best esim for australians in uk",1,13,"en-US","best esim for australia"
"best esim for japan and usa",1,13,"en-US","best esim for japan"
"best esim for koh samui",1,13,"en-US","best esim for ksa"
"best esim for uk and singapore",1,13,"en-US","best esim for uk"
"best esim for usa travel from canada",1,13,"en-US","best esim for usa"
"best esims for africa",1,13,"en-US","best esim for south africa"
"buy esim card online",1,13,"en-US","czech republic esim card"
"cape town eisteddfod music",1,13,"en-US","cape town esim"
"como funciona um esim",1,13,"en-US","esim rio de janeiro"
"czech republic embassy in india",1,13,"en-US","czech republic esim"
"czechia embassy washington dc",1,13,"en-US","czechia esim"
"does the s20 have an esim",1,13,"en-US","best esim for holland 2026"
"esam paris logo",1,13,"en-US","esim paris"
"esim canada kpn",1,13,"en-US","esim canada"
"esim china travel",1,13,"en-US","esim china"
"esim for japan travel reddit",1,13,"en-US","esim for japan"
"esim for mozambique",1,13,"en-US","esim for macao"
"esim for usa travel from australia",1,13,"en-US","esim for usa"
"esim india travel guide",1,13,"en-US","esim india"
"esim karte costa rica",1,13,"en-US","san jose costa rica esim coverage map"
"esim mexico prepaid plans",1,13,"en-US","esim mexico"
"esim uk number",1,13,"en-US","esim uk"
"esim usa travel options",1,13,"en-US","esim usa"
"esim voor new york",1,13,"en-US","esim for new york"
"how to have an esim",1,13,"en-US","do i need an esim for fiji"
"iem rio 2026 cs2",1,13,"en-US","best esim for brazil 2026"
"india esim for nri",1,13,"en-US","india esim"
"korea esim activation guide",1,13,"en-US","korea esim"
"paris esim phone travel",1,13,"en-US","france esim coverage map"
"riyadh embassy pakistan",1,13,"en-US","riyadh esim"
"turkey esim airalo",1,13,"en-US","turkey esim"
"united arab emirates embassy washington dc",1,13,"en-US","united arab emirates esim"
"us esim prepaid for canadians",1,13,"en-US","us esim"
"which esim is best",1,13,"en-US","esim for macao review"
"best esim for australians travelling to japan",1,14,"en-US","best esim for australia"
"best esim for canadians travelling to uk",1,14,"en-US","do i need an esim for canada"
"best esim for japan and china",1,14,"en-US","best esim for japan"
"best esim for mallorca",1,14,"en-US","best esim for macao"
"best esim for southeast asia",1,14,"en-US","best esim for korea"
"cape town eisteddfod ballet",1,14,"en-US","cape town esim"
"czech republic embassy in pakistan",1,14,"en-US","czech republic esim"
"czechia embassy usa",1,14,"en-US","czechia esim"
"does 2 degrees support esim",1,14,"en-US","best esim for georgia 2026"
"esim canada to uk",1,14,"en-US","esim canada"
"esim china compatibility check",1,14,"en-US","esim china"
"esim for travel to vietnam",1,14,"en-US","best esim for thailand and vietnam"
"esim india prepaid plans",1,14,"en-US","esim india"
"esim mexico para internet",1,14,"en-US","esim mexico"
"esim usa and mexico",1,14,"en-US","best esim for usa and mexico"
"esim vietnam prepaid options",1,14,"en-US","esim vietnam"
"esim with italian phone number",1,14,"en-US","esim for italy review"
"how to use esim in thailand",1,14,"en-US","esim for iceland review"
"iem rio 2026 data",1,14,"en-US","best esim for brazil 2026"
"india esim with calls",1,14,"en-US","india esim"
"loving new york esim",1,14,"en-US","esim for new york"
"united arab emirates embassy pretoria",1,14,"en-US","united arab emirates esim"
"usa esim with phone number free",1,14,"en-US","usa esim"
"a single esim covering malaysia+thailand",1,15,"en-US","malaysia esim coverage map"
"best esim for australian travellers to europe",1,15,"en-US","best esim for australia"
"best esim for caribbean cruise",1,15,"en-US","best esim for ksa"
"cape town singles",1,15,"en-US","cape town esim"
"como adquirir o esim",1,15,"en-US","esim rio de janeiro"
"cual es el mejor esim para mexico",1,15,"en-US","best esim for cancun"
"esim card for asia",1,15,"en-US","hong kong esim card"
"esim card in hk",1,15,"en-US","hong kong esim unlimited"
"esim china coverage details",1,15,"en-US","esim china"
"esim data only belgie",1,15,"en-US","belgium esim unlimited data"
"esim for motorola",1,15,"en-US","esim for macao"
"esim india travel",1,15,"en-US","esim india"
"esim pour new york",1,15,"en-US","esim for new york"
"funktioniert esim in namibia",1,15,"en-US","esim for south africa and namibia"
"how to get esim from fido",1,15,"en-US","do i need an esim for fiji"
"which is the best esim",1,15,"en-US","best esim for brazil"
"best european esim card",1,16,"en-US","czech republic esim card"
"can we port esim",1,16,"en-US","do i need an esim for portugal"
"como adquirir um esim",1,16,"en-US","esim rio de janeiro"
"esim with phone number europe",1,16,"en-US","poland esim coverage map"
"how much is esim in philippines",1,16,"en-US","cheapest esim for peru"
"iem brasil 2026 local",1,16,"en-US","best esim for brazil 2026"
"ism 2026 conference israel",1,16,"en-US","best esim for israel 2026"
"la mejor esim en mexico",1,16,"en-US","best esim for cancun"
"migliore esim per marocco",1,16,"en-US","cheapest esim for morocco"
"unlimited data sim in ksa",1,16,"en-US","ksa esim unlimited data"
"acheter esim pour maroc",1,17,"en-US","cheapest esim for morocco"
"best esim for abroad",1,17,"en-US","esim for morocco review"
"esim internacional estados unidos",1,17,"en-US","esim rio de janeiro"
"esim pas cher france",1,17,"en-US","cheapest esim for france"
"esim singapore en indonesie",1,17,"en-US","esim for singapore and indonesia"
"how to buy an international esim card",1,17,"en-US","czech republic esim card"
"iem rio 2026 simulator",1,17,"en-US","best esim for brazil 2026"
"orange holiday europe esim plan",1,17,"en-US","holland esim coverage map"
"buy esim in india",1,18,"en-US","cheapest esim saudi arabia"
"esi new rules 2026",1,18,"en-US","cape town esim 2026"
"esim cards for european travel",1,18,"en-US","czech republic esim card"
"esim data only plan",1,18,"en-US","ireland esim coverage map"
"hoe werkt esim in buitenland",1,18,"en-US","do i need an esim for holland"
"iem rio 2026 cs",1,18,"en-US","best esim for brazil 2026"
"indonesia best esims activation",1,18,"en-US","best esim for indonesia"
"what esim works in caribbean",1,18,"en-US","esim for rio de janeiro"
"does eir support esim",1,19,"en-US","esim for iceland review"
"esi payment due date for march 2026",1,19,"en-US","cape town esim 2026"
"iem rio 2026 times",1,19,"en-US","best esim for brazil 2026"
"acheter esim en ligne france",1,20,"en-US","cheapest esim for france"
"cheap esim uk pay as you go",1,20,"en-US","cheapest esim for georgia"
"how to have esim",1,20,"en-US","esim for iceland review"
"iem rio de janeiro 2026",1,20,"en-US","best esim for brazil 2026"
"esim la moins cher",1,21,"en-US","cheapest esim for france"
"meilleure esim pour le maroc",1,21,"en-US","best esim for morocco"
