keyword,词型,需求分,sources,中位位次,top3次数,覆盖国数,markets,best_seed,归属页型,归属URL,站内现状,国家,国家slug,品牌,在旧词库
esim vs regular sim,通用·对比,96.7,47,2.0,37,49,en-US,esim belgium vs sim,形态对比指南,/guides/esim-vs-physical-sim/,已覆盖,,,,否
international esim for iphone,通用·全球,96.7,47,2.0,34,50,en-US,esim argentina for iphone,通用枢纽,/guides/,已覆盖,,,,否
what is esim vs sim,通用·对比,96.7,47,2.0,37,50,en-US,esim china vs sim,形态对比指南,/guides/esim-vs-physical-sim/,已覆盖,,,,否
esim for costa rica travel,国家·核心,93.3,44,3.0,44,2,"en-GB,en-US",does esim work in costa rica,国家页,/compare/costa-rica/,已覆盖,CR,costa-rica,,否
sim card vs esim,通用·对比,93.3,40,3.0,21,42,en-US,esim qatar vs sim,形态对比指南,/guides/esim-vs-physical-sim/,已覆盖,,,,否
esim for costa rica,国家·核心,93.0,33,1.0,45,5,"en-GB,en-US",alosim esim costa rica,国家页,/compare/costa-rica/,已覆盖,CR,costa-rica,,否
esim card costa rica,国家·核心,92.7,36,2.0,45,1,"en-GB,en-US",esim costa rica price,国家页,/compare/costa-rica/,已覆盖,CR,costa-rica,,否
best esim plans 2026,通用·规则/规格,90.0,57,4.0,46,51,"en-GB,en-US",best esim for bangkok 2026,首页/枢纽,/,已覆盖,,,,否
esim for iphone us,国家·设备兼容,90.0,45,4.0,22,48,en-US,esim georgia for iphone,国家页,/compare/united-states/,已覆盖,US,united-states,,否
esim for saudi arabia,国家·核心,90.0,46,4.0,37,7,"en-GB,en-US",alosim esim saudi arabia,国家页,/compare/saudi-arabia/,已覆盖,SA,saudi-arabia,,否
esim for south america,区域,90.0,43,4.0,26,10,"en-GB,en-US",argentina esim coverage map,区域指南,/guides/best-americas-esim/,已覆盖,,,,是
unlimited data esim europe,区域,90.0,61,4.0,30,48,en-US,unlimited data esim austria,区域指南,/guides/best-europe-esim/,已覆盖,,,,否
best esim for europe and uk,国家·核心,89.0,39,4.0,21,17,"en-GB,en-US",best esim for denmark and sweden,国家页,/compare/united-kingdom/,已覆盖,GB,united-kingdom,,否
buy esim for iphone,通用·设备兼容,89.0,39,4.0,14,42,en-US,esim belgium for iphone,兼容指南,/guides/esim-compatibility-check/,已覆盖,,,,否
unlimited data esim uk,国家·规格/流量,89.0,39,4.0,18,40,"en-GB,en-US",hong kong esim unlimited data,国家页·无限流量区,/compare/united-kingdom/#plans,已覆盖,GB,united-kingdom,,否
esim for south korea,国家·核心,87.7,31,2.0,28,7,"en-GB,en-US",alosim esim south korea,国家页,/compare/south-korea/,已覆盖,KR,south-korea,,否
esim for south africa,国家·核心,87.3,34,3.0,35,11,"en-GB,en-US",alosim esim south africa,国家页,/compare/south-africa/,已覆盖,ZA,south-africa,,否
best esim for europe,区域,86.7,52,5.0,38,22,"en-GB,en-US",best esim,区域指南,/guides/best-europe-esim/,已覆盖,,,,是
cheapest esim for usa,国家·价格/交易,86.7,41,5.0,25,37,"en-GB,en-US",cheapest esim for georgia,国家页,/compare/united-states/,已覆盖,US,united-states,,否
esim asia unlimited data,区域,86.7,62,5.0,39,44,"en-GB,en-US",fiji esim unlimited data,区域指南,/guides/best-asia-esim/,已覆盖,,,,否
esim for unlimited data,通用·规则/规格,86.7,43,5.0,22,35,"en-GB,en-US",unlimited data esim georgia,无限流量研究,/research/unlimited-esim/,已覆盖,,,,否
esim usa unlimited data,国家·规格/流量,86.7,91,5.0,43,62,"en-GB,en-US",united arab emirates esim unlimited,国家页·无限流量区,/compare/united-states/#plans,已覆盖,US,united-states,,否
esim unlimited data europe,区域,86.3,33,3.0,21,34,"en-GB,en-US",austria esim unlimited data,区域指南,/guides/best-europe-esim/,已覆盖,,,,否
do i need an esim for europe,区域,85.7,39,5.0,21,27,"en-GB,en-US",do i need an esim for austria,区域指南,/guides/best-europe-esim/,已覆盖,,,,否
best esim for czech republic,国家·核心,85.0,25,1.0,33,5,"en-GB,en-US",best esim for czechia,国家页,/compare/czechia/,已覆盖,CZ,czechia,,是
esim costa rica reddit,国家·核心,85.0,42,4.0,6,2,"en-GB,en-US",san jose costa rica esim reddit,国家页,/compare/costa-rica/,已覆盖,CR,costa-rica,,否
is esim available in saudi arabia,国家·核心,84.7,28,2.0,21,10,en-US,cheap esim saudi arabia,国家页,/compare/saudi-arabia/,已覆盖,SA,saudi-arabia,,否
esim for hong kong and china,区域,84.3,31,3.0,32,4,"en-GB,en-US",how to get an esim for hong kong,未建页型,（无区域页）,缺口,"HK,CN","hong-kong,china",,否
esim for hong kong,国家·核心,84.0,24,1.0,28,4,"en-GB,en-US",alosim esim hong kong,国家页,/compare/hong-kong/,已覆盖,HK,hong-kong,,是
buy esim for dubai,城市,83.3,55,6.0,21,9,"en-GB,en-US",cheap esim united arab emirates,未建页型（禁区）,（无城市页，建议并入国家页）,缺口,,,,否
esim for new zealand,国家·核心,83.3,30,3.0,25,7,"en-GB,en-US",alosim esim new zealand,国家页,/compare/new-zealand/,已覆盖,NZ,new-zealand,,否
esim spain unlimited data,国家·规格/流量,83.3,57,6.0,33,29,"en-GB,en-US",spain esim unlimited,国家页·无限流量区,/compare/spain/#plans,已覆盖,ES,spain,,否
esim uk unlimited data,国家·规格/流量,83.3,82,6.0,18,56,"en-GB,en-US",unlimited data esim singapore,国家页·无限流量区,/compare/united-kingdom/#plans,已覆盖,GB,united-kingdom,,否
esim with unlimited data,通用·规则/规格,83.3,53,6.0,17,38,"en-GB,en-US",unlimited data esim israel,无限流量研究,/research/unlimited-esim/,已覆盖,,,,否
international esim unlimited data,通用·全球,83.3,93,6.0,40,62,"en-GB,en-US",unlimited data esim saudi arabia,通用枢纽,/guides/,已覆盖,,,,否
best esim for dubai,城市,82.3,39,6.0,21,10,"en-GB,en-US",best esim for uae and qatar,未建页型（禁区）,（无城市页，建议并入国家页）,缺口,,,,是
best esim for uk and europe,国家·核心,81.7,35,5.0,16,16,"en-GB,en-US",best esim for netherlands and belgium,国家页,/compare/united-kingdom/,已覆盖,GB,united-kingdom,,否
esim australia unlimited data,国家·规格/流量,81.7,67,6.5,27,45,"en-GB,en-US",australia esim unlimited,国家页·无限流量区,/compare/australia/#plans,已覆盖,AU,australia,,否
how to get an esim,通用·问题,81.0,31,4.0,15,32,en-US,how to get an esim for georgia,首页/枢纽,/,已覆盖,,,,否
best esim for india from uae,区域,80.3,37,6.0,14,8,"en-GB,en-US",best esim for uae and qatar,未建页型,（无区域页）,缺口,"AE,IN","united-arab-emirates,india",,否
best esim for europe review,区域,80.0,40,7.0,11,26,"en-GB,en-US",esim for belgium review,区域指南,/guides/best-europe-esim/,已覆盖,,,,否
cheapest esim for asia,区域,80.0,47,7.0,13,41,"en-GB,en-US",cheapest esim for bangkok,区域指南,/guides/best-asia-esim/,已覆盖,,,,否
esim for switzerland and europe,国家·核心,80.0,54,7.0,19,14,"en-GB,en-US",esim coverage in switzerland,国家页,/compare/switzerland/,已覆盖,CH,switzerland,,否
free esim south africa,国家·核心,80.0,40,7.0,16,5,"en-GB,en-US",south africa esim unlimited,国家页,/compare/south-africa/,已覆盖,ZA,south-africa,,否
how to get an international esim,通用·全球,80.0,49,7.0,10,35,"en-GB,en-US",how to get an esim for germany,通用枢纽,/guides/,已覆盖,,,,否
esim for use in europe,区域,79.0,39,7.0,10,16,"en-GB,en-US",esim coverage in croatia,区域指南,/guides/best-europe-esim/,已覆盖,,,,否
esim italy unlimited data,国家·规格/流量,78.0,38,7.0,14,20,"en-GB,en-US",italy esim unlimited,国家页·无限流量区,/compare/italy/#plans,已覆盖,IT,italy,,否
esim for middle east,区域,77.5,40,7.0,7,6,"en-GB,en-US",esim for israel review,区域指南,/guides/best-africa-middle-east-esim/,已覆盖,,,,否
best esim for south korea and japan,区域,77.3,24,3.0,22,4,"en-GB,en-US",best esim for seoul,未建页型,（无区域页）,缺口,"KR,JP","south-korea,japan",,否
buy esim for egypt,国家·核心,77.0,37,7.0,15,9,"en-GB,en-US",esim coverage in egypt,国家页,/compare/egypt/,已覆盖,EG,egypt,,否
best esim for eu,通用·其他,76.7,57,8.0,9,23,"en-GB,en-US",best esim for belgium 2026,首页/枢纽,/,已覆盖,,,,否
best esim for greece,国家·核心,76.7,20,2.0,24,3,"en-GB,en-US",does esim work in greece,国家页,/compare/greece/,已覆盖,GR,greece,,是
best esim for netherlands,国家·核心,76.7,20,2.0,28,5,"en-GB,en-US",does esim work in netherlands,国家页,/compare/netherlands/,已覆盖,NL,netherlands,,是
buy esim online south africa,国家·核心,76.7,40,8.0,11,7,"en-GB,en-US",alosim esim south africa,国家页,/compare/south-africa/,已覆盖,ZA,south-africa,,否
cheapest esim for europe,区域,76.7,40,8.0,15,31,"en-GB,en-US",cheapest esim for belgium,区域指南,/guides/best-europe-esim/,已覆盖,,,,否
esim for south africa uk,区域,76.7,41,8.0,19,10,"en-GB,en-US",esim south africa 10gb,区域指南,/guides/best-africa-middle-east-esim/,已覆盖,"ZA,GB","south-africa,united-kingdom",,否
esim for vietnam travel,国家·核心,76.7,25,3.5,24,4,"en-GB,en-US",esim viet nam 2026,国家页,/compare/vietnam/,已覆盖,VN,vietnam,,否
best esim for spain,国家·核心,76.3,33,6.0,18,6,"en-GB,en-US",best esim for spain 2026,国家页,/compare/spain/,已覆盖,ES,spain,,是
esim for hong kong and taiwan,区域,75.3,32,6.0,8,5,"en-GB,en-US",esim coverage in taiwan,未建页型,（无区域页）,缺口,"HK,TW","hong-kong,taiwan",,否
esim germany unlimited data,国家·规格/流量,75.3,32,6.0,17,18,"en-GB,en-US",germany esim unlimited,国家页·无限流量区,/compare/germany/#plans,已覆盖,DE,germany,,否
best esim for germany,国家·核心,75.0,25,4.0,25,9,"en-GB,en-US",does esim work in germany,国家页,/compare/germany/,已覆盖,DE,germany,,是
buy esim online saudi arabia,国家·核心,75.0,35,7.0,19,7,"en-GB,en-US",does esim work in saudi arabia,国家页,/compare/saudi-arabia/,已覆盖,SA,saudi-arabia,,否
do i need an esim,通用·问题,75.0,25,4.0,13,26,"en-GB,en-US",do i need an esim for georgia,首页/枢纽,/,已覆盖,,,,否
best esim for egypt,国家·核心,74.7,28,5.0,24,10,"en-GB,en-US",best esim for egypt 2026,国家页,/compare/egypt/,已覆盖,EG,egypt,,是
esim uk and europe,国家·核心,74.7,28,5.0,10,16,"en-GB,en-US",does esim work in belgium,国家页,/compare/united-kingdom/,已覆盖,GB,united-kingdom,,否
best esim for mexico,国家·核心,74.3,31,6.0,10,10,"en-GB,en-US",best esim for argentina 2026,国家页,/compare/mexico/,已覆盖,MX,mexico,,是
best esim for brazil,国家·核心,74.0,19,2.5,26,4,"en-GB,en-US",does esim work in brazil,国家页,/compare/brazil/,已覆盖,BR,brazil,,是
best esim for portugal,国家·核心,73.7,27,5.0,15,6,"en-GB,en-US",how to get an esim for portugal,国家页,/compare/portugal/,已覆盖,PT,portugal,,是
best esim for saudi,通用·其他,73.7,37,8.0,12,10,"en-GB,en-US",esim saudi arabia 10gb,首页/枢纽,/,已覆盖,,,,否
best esim for vietnam,国家·核心,73.7,17,2.0,17,5,"en-GB,en-US",best esim for viet nam,国家页,/compare/vietnam/,已覆盖,VN,vietnam,,是
cheapest esim for india,国家·价格/交易,73.7,37,8.0,14,33,"en-GB,en-US",cheapest esim for fiji,国家页,/compare/india/,已覆盖,IN,india,,是
best esim for uae,国家·核心,73.3,44,9.0,19,11,"en-GB,en-US",best esim for uae 2026,国家页,/compare/united-arab-emirates/,已覆盖,AE,united-arab-emirates,,否
esim for malaysia and singapore,区域,73.3,20,3.0,16,6,"en-GB,en-US",does esim work in malaysia,未建页型,（无区域页）,缺口,"SG,MY","singapore,malaysia",,否
best esim for china and hong kong,区域,72.7,16,2.0,21,3,"en-GB,en-US",cheap esim hong kong,未建页型,（无区域页）,缺口,"HK,CN","hong-kong,china",,否
esim for hong kong travel,国家·核心,72.3,29,6.0,9,2,"en-GB,en-US",esim for hong kong,国家页,/compare/hong-kong/,已覆盖,HK,hong-kong,,否
esim for italy travel,国家·核心,72.3,19,3.0,19,5,"en-GB,en-US",does esim work in italy,国家页,/compare/italy/,已覆盖,IT,italy,,否
best esim for fiji,国家·核心,72.0,12,1.0,17,1,"en-GB,en-US",does esim work in fiji,国家页,/compare/fiji/,已覆盖,FJ,fiji,,是
best esim for switzerland,国家·核心,72.0,22,4.0,18,11,"en-GB,en-US",does esim work in switzerland,国家页,/compare/switzerland/,已覆盖,CH,switzerland,,是
esim card for south africa,国家·核心,72.0,22,4.0,9,4,"en-GB,en-US",cape town esim card,国家页,/compare/south-africa/,已覆盖,ZA,south-africa,,否
esim and sim difference,通用·对比,71.7,45,5.0,2,48,en-US,esim france vs sim,形态对比指南,/guides/esim-vs-physical-sim/,已覆盖,,,,否
esim for travelling in europe,区域,71.7,43,8.0,6,14,"en-GB,en-US",esim coverage in belgium,区域指南,/guides/best-europe-esim/,已覆盖,,,,否
esim hong kong china,区域,71.3,18,3.0,17,2,"en-GB,en-US",is esim available in hong kong,未建页型,（无区域页）,缺口,"HK,CN","hong-kong,china",,否
esim saudi arabia tourist,国家·核心,71.3,18,3.0,24,3,"en-GB,en-US",alosim esim saudi arabia,国家页,/compare/saudi-arabia/,已覆盖,SA,saudi-arabia,,否
how does esim work internationally,通用·问题,71.3,18,3.0,19,19,"en-GB,en-US",does esim work in iceland,概念指南,/guides/what-is-an-esim/,已覆盖,,,,否
best esim costa rica,国家·核心,71.0,11,1.0,21,1,"en-GB,en-US",cheapest esim costa rica,国家页,/compare/costa-rica/,已覆盖,CR,costa-rica,,否
esim for germany and austria,区域,71.0,21,4.0,17,6,"en-GB,en-US",does esim work in austria,未建页型,（无区域页）,缺口,"DE,AT","germany,austria",,否
esim new zealand unlimited data,国家·规格/流量,71.0,36,7.0,6,27,"en-GB,en-US",cape town esim unlimited,国家页·无限流量区,/compare/new-zealand/#plans,已覆盖,NZ,new-zealand,,否
esim for europe and uk,国家·核心,70.8,71,9.0,7,24,"en-GB,en-US",esim coverage in belgium,国家页,/compare/united-kingdom/,已覆盖,GB,united-kingdom,,否
esim for france travel,国家·核心,70.7,14,2.0,16,3,"en-GB,en-US",does esim work in france,国家页,/compare/france/,已覆盖,FR,france,,否
best esim for argentina and chile,国家·核心,70.3,17,3.0,16,4,"en-GB,en-US",best esim for argentina 2026,国家页,/compare/argentina/,已覆盖,AR,argentina,,否
best esim for singapore and malaysia,区域,70.3,17,3.0,16,5,"en-GB,en-US",esim for singapore review,未建页型,（无区域页）,缺口,"SG,MY","singapore,malaysia",,否
does esim work in hong kong,国家·核心,70.3,32,6.0,6,12,"en-GB,en-US",cheap esim hong kong,国家页,/compare/hong-kong/,已覆盖,HK,hong-kong,,是
esim for singapore and malaysia,区域,70.3,17,3.0,16,4,"en-GB,en-US",esim coverage in singapore,未建页型,（无区域页）,缺口,"SG,MY","singapore,malaysia",,否
is esim available in india,国家·核心,70.3,17,3.0,13,16,en-US,is esim available in georgia,国家页,/compare/india/,已覆盖,IN,india,,否
best esim for poland,国家·核心,70.0,20,4.0,16,6,"en-GB,en-US",does esim work in poland,国家页,/compare/poland/,已覆盖,PL,poland,,是
esim united arab emirates,国家·核心,70.0,42,10.0,19,5,"en-GB,en-US",alosim esim united arab emirates,国家页,/compare/united-arab-emirates/,已覆盖,AE,united-arab-emirates,,是
best esim for hong kong,国家·核心,69.7,13,2.0,13,3,"en-GB,en-US",esim hong kong price,国家页,/compare/hong-kong/,已覆盖,HK,hong-kong,,是
best esim for israel,国家·核心,69.7,13,2.0,15,2,"en-GB,en-US",does esim work in israel,国家页,/compare/israel/,已覆盖,IL,israel,,是
best esim for morocco,国家·核心,69.7,13,2.0,12,2,"en-GB,en-US",does esim work in morocco,国家页,/compare/morocco/,已覆盖,MA,morocco,,是
best esim for saudi arabia,国家·核心,69.7,23,5.0,11,10,"en-GB,en-US",does esim work in saudi arabia,国家页,/compare/saudi-arabia/,已覆盖,SA,saudi-arabia,,是
best esim for taiwan,国家·核心,69.7,13,2.0,15,4,"en-GB,en-US",esim taiwan for iphone,国家页,/compare/taiwan/,已覆盖,TW,taiwan,,是
esim for mexico travel,国家·核心,69.7,13,2.0,16,4,"en-GB,en-US",esim for cancun review,国家页,/compare/mexico/,已覆盖,MX,mexico,,否
best esim for ireland and northern ireland,国家·核心,69.3,16,3.0,16,5,"en-GB,en-US",does esim work in ireland,国家页,/compare/ireland/,已覆盖,IE,ireland,,否
best esim for malaysia and singapore,区域,69.3,16,3.0,13,6,"en-GB,en-US",esim for singapore review,未建页型,（无区域页）,缺口,"SG,MY","singapore,malaysia",,否
best esim for philippines and singapore,区域,69.3,26,6.0,10,7,"en-GB,en-US",best esim for singapore and indonesia,未建页型,（无区域页）,缺口,"PH,SG","philippines,singapore",,否
best esim for singapore,国家·核心,69.3,26,6.0,10,6,"en-GB,en-US",esim singapore for iphone,国家页,/compare/singapore/,已覆盖,SG,singapore,,是
does esim work in mexico,国家·核心,69.3,26,6.0,8,13,"en-GB,en-US",does esim work in uk,国家页,/compare/mexico/,已覆盖,MX,mexico,,是
esim for singapore and indonesia,区域,69.3,26,6.0,9,6,"en-GB,en-US",esim coverage in indonesia,未建页型,（无区域页）,缺口,"SG,ID","singapore,indonesia",,否
esim for spain travel,国家·核心,69.3,26,6.0,18,4,"en-GB,en-US",does esim work in spain,国家页,/compare/spain/,已覆盖,ES,spain,,否
esim in south africa,国家·核心,69.3,16,3.0,9,7,en-US,alosim esim south africa,国家页,/compare/south-africa/,已覆盖,ZA,south-africa,,否
how to buy an esim for europe,区域,69.3,26,6.0,11,16,"en-GB,en-US",how to get an esim for belgium,区域指南,/guides/best-europe-esim/,已覆盖,,,,否
best esim for cancun,城市,69.0,9,1.0,13,1,"en-GB,en-US",best esim for cancun 2026,未建页型（禁区）,（无城市页，建议并入国家页）,缺口,,,,是
best esim for peru,国家·核心,68.3,15,3.0,20,4,"en-GB,en-US",does esim work in peru,国家页,/compare/peru/,已覆盖,PE,peru,,是
best esim for travel to south africa,国家·核心,68.3,25,6.0,10,5,"en-GB,en-US",best esim for south africa and namibia,国家页,/compare/south-africa/,已覆盖,ZA,south-africa,,否
buy esim for europe,区域,68.3,66,9.0,6,21,"en-GB,en-US",is esim available in belgium,区域指南,/guides/best-europe-esim/,已覆盖,,,,否
cheapest esim in uk,国家·价格/交易,68.3,46,9.0,6,42,"en-GB,en-US",cheapest esim for austria,国家页,/compare/united-kingdom/,已覆盖,GB,united-kingdom,,否
esim card for morocco,国家·核心,68.3,15,3.0,14,1,"en-GB,en-US",how to get an esim for morocco,国家页,/compare/morocco/,已覆盖,MA,morocco,,否
travel esim south africa,国家·核心,68.3,30,6.0,6,5,"en-GB,en-US",cape town esim coverage map,国家页,/compare/south-africa/,已覆盖,ZA,south-africa,,否
best esim for austria,国家·核心,68.0,18,4.0,16,5,"en-GB,en-US",austria esim best,国家页,/compare/austria/,已覆盖,AT,austria,,是
best esim for japan 2026,国家·核心,67.8,37,9.0,7,32,"en-GB,en-US",best esim for spain 2026,国家页,/compare/japan/,已覆盖,JP,japan,,否
best esim for malaysia,国家·核心,67.7,21,5.0,15,8,"en-GB,en-US",best esim for malaysia 2026,国家页,/compare/malaysia/,已覆盖,MY,malaysia,,是
best esim for morocco uk,区域,67.3,14,3.0,9,1,en-US,esim for morocco review,未建页型,（无区域页）,缺口,"MA,GB","morocco,united-kingdom",,否
esim costa rica kolbi,国家·核心,67.3,14,3.0,16,1,"en-GB,en-US",esim costa rica,国家页,/compare/costa-rica/,已覆盖,CR,costa-rica,,否
best esim for colombia,国家·核心,67.0,17,4.0,15,4,"en-GB,en-US",does esim work in colombia,国家页,/compare/colombia/,已覆盖,CO,colombia,,是
best esim for italy,国家·核心,67.0,17,4.0,16,5,"en-GB,en-US",best esim for croatia and italy,国家页,/compare/italy/,已覆盖,IT,italy,,是
best esim for south africa,国家·核心,67.0,17,4.0,15,8,"en-GB,en-US",esim south africa reddit,国家页,/compare/south-africa/,已覆盖,ZA,south-africa,,是
costa rica esim card,国家·核心,67.0,17,4.0,8,2,"en-GB,en-US",costa rica esim,国家页,/compare/costa-rica/,已覆盖,CR,costa-rica,,否
esim card for south korea,国家·核心,67.0,17,4.0,9,2,"en-GB,en-US",cheap esim south korea,国家页,/compare/south-korea/,已覆盖,KR,south-korea,,否
jetpac asia pacific esim,品牌（全局）,67.0,7,1.0,14,9,"en-GB,en-US",jetpac esim costa rica,品牌 Hub,/esim-providers/jetpac/,已覆盖,,,jetpac,否
using an esim in usa,国家·核心,67.0,27,7.0,9,17,"en-GB,en-US",does esim work in georgia,国家页,/compare/united-states/,已覆盖,US,united-states,,否
best esim for greece reddit,国家·核心,66.7,20,5.0,9,3,"en-GB,en-US",esim greece reddit,国家页,/compare/greece/,已覆盖,GR,greece,,否
best esim for portugal and spain,区域,66.7,20,5.0,14,4,"en-GB,en-US",best esim for portugal,未建页型,（无区域页）,缺口,"PT,ES","portugal,spain",,否
best esim for usa,国家·核心,66.7,20,5.0,13,11,"en-GB,en-US",best esim for ksa,国家页,/compare/united-states/,已覆盖,US,united-states,,否
cheap esim for europe,区域,66.7,60,11.0,14,30,"en-GB,en-US",cheapest esim czech republic,区域指南,/guides/best-europe-esim/,已覆盖,,,,否
compare esim plans europe,区域,66.7,20,5.0,13,16,"en-GB,en-US",czech republic esim coverage map,区域指南,/guides/best-europe-esim/,已覆盖,,,,否
philippines esim unlimited data,国家·规格/流量,66.7,35,8.0,6,23,"en-GB,en-US",philippines esim unlimited,国家页·无限流量区,/compare/philippines/#plans,已覆盖,PH,philippines,,否
best esim for turkey,通用·其他,66.3,13,3.0,17,4,"en-GB,en-US",best esim for turkiye,首页/枢纽,/,已覆盖,,,,是
esim for australia and new zealand,区域,66.3,18,4.5,9,8,"en-GB,en-US",is esim available in new zealand,未建页型,（无区域页）,缺口,"NZ,AU","new-zealand,australia",,否
esim for canada and usa,区域,66.3,13,3.0,14,2,"en-GB,en-US",is esim available in canada,未建页型,（无区域页）,缺口,"CA,US","canada,united-states",,否
esim for switzerland and italy,区域,66.3,23,6.0,11,8,"en-GB,en-US",esim for croatia and italy,未建页型,（无区域页）,缺口,"CH,IT","switzerland,italy",,否
esim in hong kong,国家·核心,66.2,12,2.0,7,2,en-US,alosim esim hong kong,国家页,/compare/hong-kong/,已覆盖,HK,hong-kong,,否
best esim for costa rica,国家·核心,66.0,6,1.0,8,2,"en-GB,en-US",cheap esim costa rica,国家页,/compare/costa-rica/,已覆盖,CR,costa-rica,,是
best esim for france and spain,区域,66.0,26,7.0,11,5,"en-GB,en-US",best esim for france and italy,未建页型,（无区域页）,缺口,"FR,ES","france,spain",,否
spain esim data plan,国家·规格/流量,66.0,16,4.0,12,7,"en-GB,en-US",spain esim plans,国家页,/compare/spain/,已覆盖,ES,spain,,否
us sim card for tourists,国家·核心,66.0,16,4.0,11,17,"en-GB,en-US",colombia sim card for tourists,国家页,/compare/united-states/,已覆盖,US,united-states,,否
vietnam esim unlimited data,国家·规格/流量,66.0,6,1.0,8,2,"en-GB,en-US",vietnam esim unlimited,国家页·无限流量区,/compare/vietnam/#plans,已覆盖,VN,vietnam,,否
best esim for italy and greece,区域,65.7,19,5.0,12,4,"en-GB,en-US",best esim for croatia and italy,未建页型,（无区域页）,缺口,"GR,IT","greece,italy",,否
best esim for south america,区域,65.7,19,5.0,19,9,"en-GB,en-US",best esim for colombia 2026,区域指南,/guides/best-americas-esim/,已覆盖,,,,是
cheapest esim for morocco,国家·价格/交易,65.7,19,5.0,11,7,"en-GB,en-US",cheapest esim morocco,国家页,/compare/morocco/,已覆盖,MA,morocco,,是
does esim work in china,国家·核心,65.7,14,3.5,12,12,"en-GB,en-US",does esim work in czechia,国家页,/compare/china/,已覆盖,CN,china,,是
best esim for south korea,国家·核心,65.3,12,3.0,13,7,"en-GB,en-US",cheapest esim south korea,国家页,/compare/south-korea/,已覆盖,KR,south-korea,,是
best esim for france,国家·核心,65.0,15,4.0,12,3,"en-GB,en-US",is esim available in france,国家页,/compare/france/,已覆盖,FR,france,,是
best esim for new zealand and australia,区域,65.0,15,4.0,9,6,"en-GB,en-US",esim new zealand reddit,未建页型,（无区域页）,缺口,"NZ,AU","new-zealand,australia",,否
best esim for thailand and vietnam,区域,65.0,15,4.0,9,5,"en-GB,en-US",best esim for vietnam and thailand,未建页型,（无区域页）,缺口,"TH,VN","thailand,vietnam",,否
cheapest esim ireland,国家·价格/交易,65.0,5,1.0,10,5,"en-GB,en-US",cheapest esim iceland,国家页,/compare/ireland/,已覆盖,IE,ireland,,否
esim for france and spain,区域,65.0,15,4.0,8,6,"en-GB,en-US",esim for france and italy,未建页型,（无区域页）,缺口,"FR,ES","france,spain",,否
esim for hong kong and thailand,区域,65.0,30,8.5,10,6,"en-GB,en-US",esim for hong kong review,未建页型,（无区域页）,缺口,"HK,TH","hong-kong,thailand",,否
buy an esim for mexico,国家·核心,64.7,38,8.0,4,10,"en-GB,en-US",esim coverage in mexico,国家页,/compare/mexico/,已覆盖,MX,mexico,,否
esim turkey unlimited data,通用·规则/规格,64.7,23,6.5,13,12,"en-GB,en-US",turkey esim coverage map,无限流量研究,/research/unlimited-esim/,已覆盖,,,,否
best esim for japan,国家·核心,64.3,11,3.0,14,4,"en-GB,en-US",japan esim best,国家页,/compare/japan/,已覆盖,JP,japan,,是
cheapest esim for new zealand,国家·价格/交易,64.3,21,6.0,10,13,"en-GB,en-US",cheapest esim for cape town,国家页,/compare/new-zealand/,已覆盖,NZ,new-zealand,,是
uae esim with phone number,国家·规格/流量,64.3,26,6.0,6,4,"en-GB,en-US",esim united arab emirates airport,国家页,/compare/united-arab-emirates/,已覆盖,AE,united-arab-emirates,,否
esim para costa rica,国家·核心,64.2,47,8.0,3,1,"en-GB,en-US",esim costa rica 10gb,国家页,/compare/costa-rica/,已覆盖,CR,costa-rica,,否
airalo esim united arab emirates,品牌×国家,64.0,4,1.0,10,2,"en-GB,en-US",esim for united arab emirates,品牌×国家子页,/compare/united-arab-emirates/airalo/,已覆盖,AE,united-arab-emirates,airalo,否
best esim for new zealand from australia,区域,64.0,9,2.5,10,4,"en-GB,en-US",best esim for new zealand,未建页型,（无区域页）,缺口,"NZ,AU","new-zealand,australia",,否
best esim for singapore malaysia thailand,区域,64.0,29,7.0,6,4,"en-GB,en-US",best esim for malaysia and singapore,未建页型,（无区域页）,缺口,"SG,TH,MY","singapore,thailand,malaysia",,否
esim card for vietnam,国家·核心,64.0,19,5.5,8,4,"en-GB,en-US",how to get an esim for vietnam,国家页,/compare/vietnam/,已覆盖,VN,vietnam,,否
best esim for china,国家·核心,63.7,17,5.0,9,10,"en-GB,en-US",best esim for taipei,国家页,/compare/china/,已覆盖,CN,china,,是
best esim card for costa rica,国家·核心,63.3,10,3.0,12,1,"en-GB,en-US",best esim for costa rica and panama,国家页,/compare/costa-rica/,已覆盖,CR,costa-rica,,否
best esim for thailand,国家·核心,63.3,10,3.0,9,4,"en-GB,en-US",best esim for bangkok 2026,国家页,/compare/thailand/,已覆盖,TH,thailand,,是
esim for thailand travel,国家·核心,63.3,10,3.0,10,4,"en-GB,en-US",does esim work in thailand,国家页,/compare/thailand/,已覆盖,TH,thailand,,否
ubigi esim japan review,品牌×国家,63.3,10,3.0,12,11,"en-GB,en-US",ubigi esim hong kong,品牌×国家子页,/compare/japan/ubigi/,已覆盖,JP,japan,ubigi,否
best esim for ireland and uk,区域,63.0,13,4.0,10,5,"en-GB,en-US",best esim for iceland,未建页型,（无区域页）,缺口,"IE,GB","ireland,united-kingdom",,否
india sim card for tourists,国家·核心,63.0,13,4.0,9,15,"en-GB,en-US",kenya sim card for tourists,国家页,/compare/india/,已覆盖,IN,india,,是
how to get an esim for thailand,国家·核心,62.8,12,3.0,7,10,en-US,does esim work in thailand,国家页,/compare/thailand/,已覆盖,TH,thailand,,否
best esim for africa,区域,62.7,16,5.0,12,5,"en-GB,en-US",esim for kenya review,区域指南,/guides/best-africa-middle-east-esim/,已覆盖,,,,是
esim for malaysia tourist,国家·核心,62.7,16,5.0,8,4,"en-GB,en-US",esim for malaysia,国家页,/compare/malaysia/,已覆盖,MY,malaysia,,否
esim for philippines travel,国家·核心,62.7,11,3.5,10,3,"en-GB,en-US",does esim work in philippines,国家页,/compare/philippines/,已覆盖,PH,philippines,,否
esim morocco unlimited data,国家·规格/流量,62.7,6,2.0,11,1,"en-GB,en-US",morocco esim unlimited,国家页·无限流量区,/compare/morocco/#plans,已覆盖,MA,morocco,,否
europe esim data plan,区域,62.7,16,5.0,14,16,"en-GB,en-US",belgium esim coverage map,区域指南,/guides/best-europe-esim/,已覆盖,,,,否
esim for japan and south korea,区域,62.5,15,4.0,7,3,"en-GB,en-US",alosim esim south korea,未建页型,（无区域页）,缺口,"KR,JP","south-korea,japan",,否
best esim for south africa from uk,区域,62.3,19,6.0,15,7,"en-GB,en-US",best esim for south africa,区域指南,/guides/best-africa-middle-east-esim/,已覆盖,"ZA,GB","south-africa,united-kingdom",,否
cheapest esim plan singapore,国家·价格/交易,62.3,9,3.0,10,2,"en-GB,en-US",cheapest esim singapore,国家页·套餐表,/compare/singapore/#plans,已覆盖,SG,singapore,,否
esim for hong kong macau and china,区域,62.3,19,6.0,12,3,"en-GB,en-US",does esim work in macao,未建页型,（无区域页）,缺口,"HK,CN","hong-kong,china",,否
cheapest esim for korea,国家·价格/交易,62.2,28,8.0,7,19,"en-GB,en-US",cheapest esim korea,国家页,/compare/south-korea/,已覆盖,KR,south-korea,,否
best esim for new zealand,国家·核心,62.0,12,4.0,11,5,"en-GB,en-US",cheap esim new zealand,国家页,/compare/new-zealand/,已覆盖,NZ,new-zealand,,是
buy esim for new zealand,国家·核心,62.0,22,7.0,9,6,"en-GB,en-US",esim new zealand 10gb,国家页,/compare/new-zealand/,已覆盖,NZ,new-zealand,,否
alosim esim plans,品牌（全局）,61.8,6,1.5,7,5,"en-GB,en-US",alosim esim peru,品牌 Hub,/esim-providers/alosim/,已覆盖,,,alosim,否
best esim for greece and turkey,国家·核心,61.7,5,2.0,9,2,"en-GB,en-US",best esim for greece,国家页,/compare/greece/,已覆盖,GR,greece,,否
best esim for kenya and tanzania,国家·核心,61.7,5,2.0,8,3,"en-GB,en-US",esim for kenya and tanzania,国家页,/compare/kenya/,已覆盖,KE,kenya,,否
best esim for middle east,区域,61.7,15,5.0,8,12,"en-GB,en-US",best esim for riyadh,区域指南,/guides/best-africa-middle-east-esim/,已覆盖,,,,否
best esim for spain and portugal,区域,61.7,15,5.0,11,4,"en-GB,en-US",best esim for spain,未建页型,（无区域页）,缺口,"PT,ES","portugal,spain",,否
best esim for united arab emirates,国家·核心,61.7,25,8.0,14,8,"en-GB,en-US",cheapest esim united arab emirates,国家页,/compare/united-arab-emirates/,已覆盖,AE,united-arab-emirates,,是
best travel esim for brazil,国家·核心,61.7,15,5.0,14,2,"en-GB,en-US",best esim for brazil 2026,国家页,/compare/brazil/,已覆盖,BR,brazil,,否
cheapest esim australia prepaid,国家·价格/交易,61.7,5,2.0,9,5,"en-GB,en-US",cheapest esim australia,国家页,/compare/australia/,已覆盖,AU,australia,,否
cheapest esim turkey unlimited data,通用·价格交易,61.7,5,2.0,12,2,"en-GB,en-US",cheapest esim turkiye,无限流量研究,/research/unlimited-esim/,已覆盖,,,,否
esim card for colombia,国家·核心,61.7,15,5.0,10,1,"en-GB,en-US",esim coverage in colombia,国家页,/compare/colombia/,已覆盖,CO,colombia,,否
esim comparison for europe,城市,61.7,30,8.0,6,14,"en-GB,en-US",esim coverage in czechia,未建页型（禁区）,（无城市页，建议并入国家页）,缺口,,,,否
esim for korea and japan,区域,61.7,20,5.0,6,3,"en-GB,en-US",esim for korea,未建页型,（无区域页）,缺口,"KR,JP","south-korea,japan",,否
best esim for argentina,国家·核心,61.3,18,6.0,13,5,"en-GB,en-US",does esim work in argentina,国家页,/compare/argentina/,已覆盖,AR,argentina,,是
esim card for costa rica,国家·核心,61.3,8,3.0,8,1,en-US,how to get an esim for costa rica,国家页,/compare/costa-rica/,已覆盖,CR,costa-rica,,否
esim for turkey uk,国家·核心,61.3,8,3.0,8,3,"en-GB,en-US",esim for turkiye,国家页,/compare/united-kingdom/,已覆盖,GB,united-kingdom,,否
usa esim unlimited data,国家·规格/流量,61.3,8,3.0,9,6,"en-GB,en-US",usa esim unlimited,国家页·无限流量区,/compare/united-states/#plans,已覆盖,US,united-states,,否
esim card for israel,国家·核心,61.0,11,4.0,9,1,"en-GB,en-US",esim coverage in israel,国家页,/compare/israel/,已覆盖,IL,israel,,否
esim for bali indonesia,国家·核心,61.0,11,4.0,8,3,"en-GB,en-US",bali esim coverage map,国家页,/compare/indonesia/,已覆盖,ID,indonesia,,否
best esim for indonesia,国家·核心,60.8,15,4.5,7,5,"en-GB,en-US",does esim work in indonesia,国家页,/compare/indonesia/,已覆盖,ID,indonesia,,是
can i use an esim,通用·问题,60.8,15,4.5,7,14,"en-GB,en-US",do i need an esim for uk,首页/枢纽,/,已覆盖,,,,否
global esim unlimited data,通用·全球,60.8,75,9.0,3,52,"en-GB,en-US",georgia esim unlimited data,通用枢纽,/guides/,已覆盖,,,,否
best esim card for poland,国家·核心,60.7,4,2.0,8,1,"en-GB,en-US",poland esim card,国家页,/compare/poland/,已覆盖,PL,poland,,否
best esim for germany travel,国家·核心,60.7,4,2.0,8,2,"en-GB,en-US",best esim for germany,国家页,/compare/germany/,已覆盖,DE,germany,,否
best esim for italy 2026,国家·核心,60.7,4,2.0,10,1,"en-GB,en-US",esim italy 2026,国家页,/compare/italy/,已覆盖,IT,italy,,否
buy airalo esim united arab emirates,品牌×国家,60.7,4,2.0,12,1,"en-GB,en-US",airalo esim united arab emirates,品牌×国家子页,/compare/united-arab-emirates/airalo/,已覆盖,AE,united-arab-emirates,airalo,否
esim for belgium and netherlands,区域,60.7,4,2.0,10,2,"en-GB,en-US",esim for netherlands and belgium,未建页型,（无区域页）,缺口,"NL,BE","netherlands,belgium",,否
esim for iceland reddit,国家·核心,60.7,4,2.0,8,1,"en-GB,en-US",esim iceland reddit,国家页,/compare/iceland/,已覆盖,IS,iceland,,否
esim data for morocco,国家·核心,60.5,13,4.0,7,1,"en-GB,en-US",esim coverage in morocco,国家页,/compare/morocco/,已覆盖,MA,morocco,,否
best esim for canada and usa,区域,60.3,7,3.0,8,4,"en-GB,en-US",esim for canada review,未建页型,（无区域页）,缺口,"CA,US","canada,united-states",,否
best esim for egypt uk,区域,60.3,17,6.0,10,3,"en-GB,en-US",best esim for egypt,未建页型,（无区域页）,缺口,"EG,GB","egypt,united-kingdom",,否
best esim for hong kong and macau,国家·核心,60.3,7,3.0,10,2,"en-GB,en-US",best esim for macao,国家页,/compare/hong-kong/,已覆盖,HK,hong-kong,,否
best esim for mexico city,国家·核心,60.3,17,6.0,8,6,"en-GB,en-US",esim for mexico city,国家页,/compare/mexico/,已覆盖,MX,mexico,,是
best esim for australia and new zealand,区域,60.0,10,4.0,8,5,"en-GB,en-US",esim for new zealand and australia,未建页型,（无区域页）,缺口,"NZ,AU","new-zealand,australia",,否
best esim for usa 2026,国家·核心,60.0,5,1.0,6,4,"en-GB,en-US",best esim for ksa 2026,国家页,/compare/united-states/,已覆盖,US,united-states,,否
cheapest esim malaysia,国家·价格/交易,60.0,5,1.0,6,5,"en-GB,en-US",cheapest esim macao,国家页,/compare/malaysia/,已覆盖,MY,malaysia,,否
esim china unlimited data,国家·规格/流量,60.0,42,10.0,4,30,"en-GB,en-US",taipei esim unlimited data,国家页·无限流量区,/compare/china/#plans,已覆盖,CN,china,,否
uk esim for europe,国家·核心,60.0,45,13.0,14,16,"en-GB,en-US",austria esim coverage map,国家页,/compare/united-kingdom/,已覆盖,GB,united-kingdom,,否
esim for new zealand travel,国家·核心,59.8,19,6.0,7,5,"en-GB,en-US",esim for new zealand,国家页,/compare/new-zealand/,已覆盖,NZ,new-zealand,,否
best esim for australia,国家·核心,59.7,13,5.0,9,6,"en-GB,en-US",best esim for austria,国家页,/compare/australia/,已覆盖,AU,australia,,是
best esim for georgia,国家·核心,59.7,13,5.0,8,1,"en-GB,en-US",does esim work in georgia,国家页,/compare/georgia/,已覆盖,GE,georgia,,是
best esim for iceland,国家·核心,59.7,13,5.0,10,1,"en-GB,en-US",does esim work in iceland,国家页,/compare/iceland/,已覆盖,IS,iceland,,是
best esim for kenya,国家·核心,59.7,18,6.5,15,6,"en-GB,en-US",best esim for kenya 2026,国家页,/compare/kenya/,已覆盖,KE,kenya,,是
esim card for greece,国家·核心,59.7,13,5.0,8,3,"en-GB,en-US",esim coverage in greece,国家页,/compare/greece/,已覆盖,GR,greece,,否
poland esim options,国家·核心,59.7,3,2.0,8,1,"en-GB,en-US",esim for poland,国家页,/compare/poland/,已覆盖,PL,poland,,否
best new zealand esim,国家·核心,59.5,12,4.0,7,3,"en-GB,en-US",esim new zealand reddit,国家页,/compare/new-zealand/,已覆盖,NZ,new-zealand,,否
best esim card for peru,国家·核心,59.3,16,6.0,10,1,"en-GB,en-US",esim coverage in peru,国家页,/compare/peru/,已覆盖,PE,peru,,否
best esim for australia travel,国家·核心,59.3,6,3.0,10,3,"en-GB,en-US",best esim for australia,国家页,/compare/australia/,已覆盖,AU,australia,,否
best esim for india from uk,区域,59.3,6,3.0,8,1,"en-GB,en-US",best esim for india,未建页型,（无区域页）,缺口,"IN,GB","india,united-kingdom",,否
best esim for nz,国家·核心,59.3,21,6.0,6,7,"en-GB,en-US",best esim for nz 2026,国家页,/compare/new-zealand/,已覆盖,NZ,new-zealand,,否
best esim for taiwan travel,国家·核心,59.3,11,4.5,9,2,"en-GB,en-US",best esim for taipei,国家页,/compare/taiwan/,已覆盖,TW,taiwan,,否
best esim for usa from uk,区域,59.3,6,3.0,9,4,"en-GB,en-US",best esim for usa,未建页型,（无区域页）,缺口,"US,GB","united-states,united-kingdom",,否
do i need an esim for singapore,国家·核心,59.3,16,6.0,8,10,"en-GB,en-US",do i need an esim for cape town,国家页,/compare/singapore/,已覆盖,SG,singapore,,否
esim for south korea and japan,区域,59.3,16,6.0,8,6,"en-GB,en-US",does esim work in south korea,未建页型,（无区域页）,缺口,"KR,JP","south-korea,japan",,否
esim hong kong and macau,国家·核心,59.3,11,3.0,6,1,en-US,does esim work in macao,国家页,/compare/hong-kong/,已覆盖,HK,hong-kong,,否
esim for apple iphone,通用·设备兼容,59.2,25,5.0,3,26,en-US,esim macao for iphone,兼容指南,/guides/esim-compatibility-check/,已覆盖,,,,否
esim vs normal sim,通用·对比,59.2,25,5.0,3,26,en-US,esim croatia vs sim,形态对比指南,/guides/esim-vs-physical-sim/,已覆盖,,,,否
free unlimited data esim,通用·规则/规格,59.2,62,8.0,1,54,"en-GB,en-US",unlimited data esim georgia,无限流量研究,/research/unlimited-esim/,已覆盖,,,,否
cheap esim morocco,国家·价格/交易,59.0,4,1.0,6,4,"en-GB,en-US",cheap esim mexico,国家页,/compare/morocco/,已覆盖,MA,morocco,,否
cheapest esim for portugal,国家·价格/交易,59.0,4,1.0,6,3,"en-GB,en-US",cheapest esim portugal,国家页,/compare/portugal/,已覆盖,PT,portugal,,是
brazil esim card,国家·核心,58.7,2,2.0,8,1,"en-GB,en-US",brazil esim,国家页,/compare/brazil/,已覆盖,BR,brazil,,否
esim for the philippines,国家·核心,58.7,12,5.0,9,5,"en-GB,en-US",esim for manila review,国家页,/compare/philippines/,已覆盖,PH,philippines,,否
should i get an esim,通用·问题,58.7,7,2.0,6,8,en-GB,do i need an esim for ireland,首页/枢纽,/,已覆盖,,,,否
south korea esim unlimited data,国家·规格/流量,58.7,12,5.0,9,6,"en-GB,en-US",south korea esim unlimited,国家页·无限流量区,/compare/south-korea/#plans,已覆盖,KR,south-korea,,否
what is nomad esim,品牌（全局）,58.7,7,2.0,6,9,en-US,nomad esim saudi arabia,品牌 Hub,/esim-providers/nomad/,已覆盖,,,nomad,否
esim to use in dubai,城市,58.5,31,8.5,5,8,"en-GB,en-US",does esim work in israel,未建页型（禁区）,（无城市页，建议并入国家页）,缺口,,,,否
which is the best esim for europe,区域,58.5,6,2.5,7,6,"en-GB,en-US",best esim for poland 2026,区域指南,/guides/best-europe-esim/,已覆盖,,,,否
best esim for turkey 2026,通用·其他,58.3,5,3.0,11,2,"en-GB,en-US",esim turkey 2026,首页/枢纽,/,已覆盖,,,,否
best esim for usa travel,国家·核心,58.3,5,3.0,8,3,"en-GB,en-US",best esim for usa,国家页,/compare/united-states/,已覆盖,US,united-states,,否
best esim in korea,国家·核心,58.3,15,6.0,8,2,"en-GB,en-US",cheapest esim south korea,国家页,/compare/south-korea/,已覆盖,KR,south-korea,,否
cheapest esim plan australia,国家·价格/交易,58.3,5,3.0,8,3,"en-GB,en-US",cheapest esim poland,国家页·套餐表,/compare/australia/#plans,已覆盖,AU,australia,,否
esim for australia travel,国家·核心,58.3,5,3.0,10,3,"en-GB,en-US",australia esim coverage map,国家页,/compare/australia/,已覆盖,AU,australia,,否
what is the best esim for croatia,国家·核心,58.3,5,3.0,14,1,"en-GB,en-US",best esim for croatia,国家页,/compare/croatia/,已覆盖,HR,croatia,,否
best esim for cape town,城市,58.2,4,2.0,7,1,"en-GB,en-US",cape town esim best,未建页型（禁区）,（无城市页，建议并入国家页）,缺口,,,,是
best esim south africa,国家·核心,58.2,4,2.0,7,3,"en-GB,en-US",cape town esim reddit,国家页,/compare/south-africa/,已覆盖,ZA,south-africa,,否
greece esim card for tourist,国家·核心,58.2,4,2.0,7,1,"en-GB,en-US",greece esim card,国家页,/compare/greece/,已覆盖,GR,greece,,否
israel esim short term,国家·核心,58.2,4,2.0,7,1,"en-GB,en-US",esim for israel,国家页,/compare/israel/,已覆盖,IL,israel,,否
japan esim unlimited data 15 days,国家·规格/流量,58.2,4,2.0,7,1,"en-GB,en-US",japan esim unlimited,国家页·无限流量区,/compare/japan/#plans,已覆盖,JP,japan,,否
portugal sim card for tourist,国家·核心,58.2,4,2.0,7,3,"en-GB,en-US",portugal sim card for tourists,国家页,/compare/portugal/,已覆盖,PT,portugal,,否
cheapest esim for saudi arabia,国家·价格/交易,58.0,3,1.0,6,4,"en-GB,en-US",cheapest esim saudi arabia,国家页,/compare/saudi-arabia/,已覆盖,SA,saudi-arabia,,是
cheapest esim for vietnam,国家·价格/交易,58.0,3,1.0,6,2,"en-GB,en-US",cheapest esim vietnam,国家页,/compare/vietnam/,已覆盖,VN,vietnam,,是
cheapest esim plan malaysia,国家·价格/交易,57.7,11,5.0,8,4,"en-GB,en-US",cheapest esim malaysia,国家页·套餐表,/compare/malaysia/#plans,已覆盖,MY,malaysia,,否
esim for australia from uk,区域,57.5,10,4.0,7,4,"en-GB,en-US",australia esim coverage map,未建页型,（无区域页）,缺口,"AU,GB","australia,united-kingdom",,否
best esim card for colombia,国家·核心,57.3,4,3.0,8,1,"en-GB,en-US",best esim for colombia,国家页,/compare/colombia/,已覆盖,CO,colombia,,否
esim for usa from canada,区域,57.3,9,3.0,6,3,en-US,canada esim coverage map,未建页型,（无区域页）,缺口,"CA,US","canada,united-states",,否
esim netherlands unlimited data,国家·规格/流量,57.3,4,3.0,9,1,"en-GB,en-US",netherlands esim unlimited,国家页·无限流量区,/compare/netherlands/#plans,已覆盖,NL,netherlands,,否
esim singapore malaysia,区域,57.3,4,3.0,8,2,"en-GB,en-US",esim for malaysia and singapore,未建页型,（无区域页）,缺口,"SG,MY","singapore,malaysia",,否
how to get esim in vietnam,国家·核心,57.3,14,4.5,6,4,en-US,does esim work in vietnam,国家页,/compare/vietnam/,已覆盖,VN,vietnam,,否
what is the best esim for europe,区域,57.3,4,3.0,9,4,"en-GB,en-US",best esim for czechia,区域指南,/guides/best-europe-esim/,已覆盖,,,,否
esim card for switzerland,国家·核心,57.2,13,5.0,7,3,"en-GB,en-US",esim coverage in switzerland,国家页,/compare/switzerland/,已覆盖,CH,switzerland,,否
esim france unlimited data,国家·规格/流量,57.2,13,5.0,7,5,"en-GB,en-US",france esim unlimited,国家页·无限流量区,/compare/france/#plans,已覆盖,FR,france,,否
best esim for thailand uk,区域,57.0,12,4.0,6,3,"en-GB,en-US",esim for bangkok review,未建页型,（无区域页）,缺口,"TH,GB","thailand,united-kingdom",,否
unlimited data esim brazil,国家·规格/流量,57.0,2,1.0,6,1,"en-GB,en-US",brazil esim unlimited,国家页·无限流量区,/compare/brazil/#plans,已覆盖,BR,brazil,,否
unlimited data esim greece,国家·规格/流量,57.0,2,1.0,6,1,"en-GB,en-US",greece esim unlimited,国家页·无限流量区,/compare/greece/#plans,已覆盖,GR,greece,,否
cheapest esim uk pay as you go,国家·价格/交易,56.8,6,3.0,7,5,"en-GB,en-US",cheapest esim uk,国家页,/compare/united-kingdom/,已覆盖,GB,united-kingdom,,否
saily esim south africa,品牌×国家,56.8,6,3.0,7,7,"en-GB,en-US",saily esim new zealand,品牌×国家子页,/compare/south-africa/saily/,已覆盖,ZA,south-africa,saily,否
airalo esim ireland uk,区域,56.7,5,2.0,6,4,"en-GB,en-US",airalo esim ireland,品牌 Hub·区域覆盖,/esim-providers/airalo/,已覆盖,"IE,GB","ireland,united-kingdom",airalo,否
best esim for italy and greece reddit,区域,56.7,10,5.0,8,2,"en-GB,en-US",esim greece reddit,未建页型,（无区域页）,缺口,"GR,IT","greece,italy",,否
best esim for taiwan and japan,区域,56.7,10,5.0,8,2,"en-GB,en-US",best esim for taipei,未建页型,（无区域页）,缺口,"TW,JP","taiwan,japan",,否
cheapest esim australia,国家·价格/交易,56.7,5,2.0,6,4,"en-GB,en-US",cheapest esim austria,国家页,/compare/australia/,已覆盖,AU,australia,,否
cheapest esim for egypt,国家·价格/交易,56.7,25,9.5,9,13,"en-GB,en-US",cheapest esim for israel,国家页,/compare/egypt/,已覆盖,EG,egypt,,是
cheapest esim for peru,国家·价格/交易,56.7,20,8.0,10,7,"en-GB,en-US",best esim for peru and chile,国家页,/compare/peru/,已覆盖,PE,peru,,是
south africa esim card,国家·核心,56.7,5,2.0,6,3,"en-GB,en-US",cape town esim card,国家页,/compare/south-africa/,已覆盖,ZA,south-africa,,否
ubigi esim land rover,品牌（全局）,56.5,4,1.0,5,3,"en-GB,en-US",ubigi esim iceland,品牌 Hub,/esim-providers/ubigi/,已覆盖,,,ubigi,否
australia esim tourist,国家·核心,56.3,3,3.0,9,3,"en-GB,en-US",australia esim,国家页,/compare/australia/,已覆盖,AU,australia,,否
esim for morocco uk,区域,56.3,8,3.0,6,1,"en-GB,en-US",does esim work in morocco,未建页型,（无区域页）,缺口,"MA,GB","morocco,united-kingdom",,否
esim for vietnam and thailand,区域,56.3,3,3.0,8,2,"en-GB,en-US",esim for vietnam,未建页型,（无区域页）,缺口,"TH,VN","thailand,vietnam",,否
south korea esim for tourist,国家·核心,56.3,3,3.0,8,2,"en-GB,en-US",south korea esim,国家页,/compare/south-korea/,已覆盖,KR,south-korea,,否
switzerland esim options,国家·核心,56.3,3,3.0,8,1,"en-GB,en-US",switzerland esim,国家页,/compare/switzerland/,已覆盖,CH,switzerland,,否
best esim for france travel,国家·核心,56.2,7,3.5,7,3,"en-GB,en-US",best esim for france,国家页,/compare/france/,已覆盖,FR,france,,否
esim for canada from uk,区域,56.0,11,4.0,6,3,"en-GB,en-US",is esim available in canada,未建页型,（无区域页）,缺口,"CA,GB","canada,united-kingdom",,否
esim for new zealand from australia,区域,56.0,11,4.0,6,2,"en-GB,en-US",how to get an esim for new zealand,未建页型,（无区域页）,缺口,"NZ,AU","new-zealand,australia",,否
esim for use in mexico,国家·核心,56.0,26,10.0,8,9,"en-GB,en-US",does esim work in argentina,国家页,/compare/mexico/,已覆盖,MX,mexico,,否
best esim for germany reddit,国家·核心,55.8,5,3.0,7,2,"en-GB,en-US",esim germany reddit,国家页,/compare/germany/,已覆盖,DE,germany,,否
esim australia and new zealand,区域,55.8,15,6.0,7,6,"en-GB,en-US",does esim work in new zealand,未建页型,（无区域页）,缺口,"NZ,AU","new-zealand,australia",,否
best esim for bangkok,城市,55.7,4,2.0,6,1,"en-GB,en-US",bangkok esim best,未建页型（禁区）,（无城市页，建议并入国家页）,缺口,,,,是
best esim for morocco from uk,区域,55.7,4,2.0,6,2,"en-GB,en-US",best esim for morocco,未建页型,（无区域页）,缺口,"MA,GB","morocco,united-kingdom",,否
best esim for romania,通用·其他,55.7,19,8.0,10,8,"en-GB,en-US",czech republic esim reddit,首页/枢纽,/,已覆盖,,,,是
esim canada unlimited data,国家·规格/流量,55.7,4,2.0,6,2,"en-GB,en-US",canada esim unlimited,国家页·无限流量区,/compare/canada/#plans,已覆盖,CA,canada,,否
esim card south korea,国家·核心,55.7,9,5.0,8,2,"en-GB,en-US",esim south korea 10gb,国家页,/compare/south-korea/,已覆盖,KR,south-korea,,否
esim costa rica claro,国家·核心,55.7,19,5.0,4,1,"en-GB,en-US",esim costa rica,国家页,/compare/costa-rica/,已覆盖,CR,costa-rica,,否
esim 2026 greece,国家·核心,55.5,3,1.0,5,2,"en-GB,en-US",esim greece 2026,国家页,/compare/greece/,已覆盖,GR,greece,,否
esim companies in europe,区域,55.5,23,7.0,5,11,"en-GB,en-US",does esim work in belgium,区域指南,/guides/best-europe-esim/,已覆盖,,,,否
nomad esim review australia,品牌×国家,55.5,8,4.0,7,10,"en-GB,en-US",esim for australia review,品牌×国家子页,/compare/australia/nomad/,已覆盖,AU,australia,nomad,否
airalo esim qatar,品牌×国家,55.3,2,3.0,8,1,"en-GB,en-US",esim for qatar,品牌×国家子页,/compare/qatar/airalo/,已覆盖,QA,qatar,airalo,否
best esim for bali,城市,55.2,6,3.5,7,2,"en-GB,en-US",bali esim best,未建页型（禁区）,（无城市页，建议并入国家页）,缺口,,,,是
best esim to use in italy,国家·核心,55.0,5,1.0,4,1,en-US,does esim work in italy,国家页,/compare/italy/,已覆盖,IT,italy,,否
ee unlimited data esim,通用·规则/规格,55.0,47,14.0,6,36,"en-GB,en-US",cape town esim unlimited data,无限流量研究,/research/unlimited-esim/,已覆盖,,,,否
esim for ireland and uk,区域,55.0,10,4.0,6,4,"en-GB,en-US",esim coverage in ireland,未建页型,（无区域页）,缺口,"IE,GB","ireland,united-kingdom",,否
esim for japan travel,国家·核心,55.0,5,2.5,6,1,"en-GB,en-US",japan esim coverage map,国家页,/compare/japan/,已覆盖,JP,japan,,否
esim options for europe,区域,55.0,55,10.0,2,13,"en-GB,en-US",croatia esim coverage map,区域指南,/guides/best-europe-esim/,已覆盖,,,,否
thailand esim unlimited data,国家·规格/流量,55.0,10,4.0,6,8,"en-GB,en-US",thailand esim unlimited,国家页·无限流量区,/compare/thailand/#plans,已覆盖,TH,thailand,,否
best esim for europe travel review,区域,54.8,14,6.0,7,15,"en-GB,en-US",esim for belgium review,区域指南,/guides/best-europe-esim/,已覆盖,,,,否
best esim for italy reddit,国家·核心,54.8,4,3.0,7,1,"en-GB,en-US",italy esim reddit,国家页,/compare/italy/,已覆盖,IT,italy,,否
esim for germany trip,国家·核心,54.8,14,6.0,7,4,"en-GB,en-US",esim for germany,国家页,/compare/germany/,已覆盖,DE,germany,,否
esim france unlimited data 30 days,国家·规格/流量,54.8,4,3.0,7,1,"en-GB,en-US",france esim unlimited data,国家页·无限流量区,/compare/france/#plans,已覆盖,FR,france,,否
best esim usa unlimited data,国家·规格/流量,54.7,3,2.0,6,2,"en-GB,en-US",usa esim unlimited,国家页·无限流量区,/compare/united-states/#plans,已覆盖,US,united-states,,否
cheapest esim plan canada,国家·价格/交易,54.7,3,2.0,6,2,"en-GB,en-US",cheapest esim canada,国家页·套餐表,/compare/canada/#plans,已覆盖,CA,canada,,否
esim for china travel,国家·核心,54.7,3,2.0,6,2,"en-GB,en-US",china esim coverage map,国家页,/compare/china/,已覆盖,CN,china,,否
esim switzerland reddit,国家·核心,54.7,3,2.0,6,1,"en-GB,en-US",switzerland esim reddit,国家页,/compare/switzerland/,已覆盖,CH,switzerland,,否
esim versus sim card,通用·对比,54.7,38,8.0,0,40,en-US,esim fiji vs sim,形态对比指南,/guides/esim-vs-physical-sim/,已覆盖,,,,否
saily esim australia review,品牌×国家,54.7,3,2.0,6,3,"en-GB,en-US",esim for australia review,品牌×国家子页,/compare/australia/saily/,已覆盖,AU,australia,saily,否
saudi arabia esim tourist,国家·核心,54.7,3,2.0,6,1,"en-GB,en-US",esim saudi arabia reddit,国家页,/compare/saudi-arabia/,已覆盖,SA,saudi-arabia,,否
esim czech republic,国家·核心,54.5,2,1.0,5,2,"en-GB,en-US",esim czechia,国家页,/compare/czechia/,已覆盖,CZ,czechia,,是
best esim for hong kong and china,区域,54.0,4,2.5,6,4,"en-GB,en-US",best esim for hong kong,未建页型,（无区域页）,缺口,"HK,CN","hong-kong,china",,否
best esim for india,国家·核心,54.0,14,7.0,8,6,"en-GB,en-US",best esim for india 2026,国家页,/compare/india/,已覆盖,IN,india,,是
cheapest esim usa,国家·价格/交易,54.0,4,1.0,4,4,"en-GB,en-US",cheapest esim ksa,国家页,/compare/united-states/,已覆盖,US,united-states,,否
esim ireland providers,国家·核心,54.0,4,2.5,6,4,"en-GB,en-US",esim ireland,国家页,/compare/ireland/,已覆盖,IE,ireland,,否
best esim for canada,国家·核心,53.8,13,6.0,7,2,"en-GB,en-US",best esim for canada 2026,国家页,/compare/canada/,已覆盖,CA,canada,,是
best esim for switzerland one week,国家·核心,53.7,2,2.0,6,1,"en-GB,en-US",best esim for switzerland,国家页,/compare/switzerland/,已覆盖,CH,switzerland,,否
buy airalo esim peru,品牌×国家,53.7,2,2.0,6,1,"en-GB,en-US",airalo esim peru,品牌×国家子页,/compare/peru/airalo/,已覆盖,PE,peru,airalo,否
esim card for brazil,国家·核心,53.7,17,8.0,9,4,"en-GB,en-US",esim coverage in brazil,国家页,/compare/brazil/,已覆盖,BR,brazil,,否
esim germany prepaid,国家·核心,53.7,2,2.0,6,2,"en-GB,en-US",esim germany,国家页,/compare/germany/,已覆盖,DE,germany,,否
esim usa travel,国家·核心,53.7,2,2.0,6,2,"en-GB,en-US",esim usa,国家页,/compare/united-states/,已覆盖,US,united-states,,否
esim vietnam viettel,国家·核心,53.7,2,2.0,6,2,"en-GB,en-US",esim vietnam,国家页,/compare/vietnam/,已覆盖,VN,vietnam,,否
germany sim card for tourists,国家·核心,53.7,7,3.5,6,8,"en-GB,en-US",poland sim card for tourists,国家页,/compare/germany/,已覆盖,DE,germany,,是
best esim for egypt unlimited data,国家·规格/流量,53.5,6,4.0,7,1,"en-GB,en-US",egypt esim unlimited,国家页·无限流量区,/compare/egypt/#plans,已覆盖,EG,egypt,,否
what is holafly esim,品牌（全局）,53.5,6,2.5,5,8,en-US,holafly esim saudi arabia,品牌 Hub,/esim-providers/holafly/,已覆盖,,,holafly,否
best esim for croatia,国家·核心,53.3,20,9.0,10,5,"en-GB,en-US",croatia esim best,国家页,/compare/croatia/,已覆盖,HR,croatia,,是
esim liberty costa rica,国家·核心,53.3,41,9.0,0,1,"en-GB,en-US",san jose costa rica esim 2026,国家页,/compare/costa-rica/,已覆盖,CR,costa-rica,,否
yesim esim card,品牌（全局）,53.2,4,2.0,5,4,"en-GB,en-US",yesim esim china,品牌 Hub,/esim-providers/yesim/,已覆盖,,,yesim,否
airalo esim plans,品牌（全局）,53.0,3,1.0,4,1,"en-GB,en-US",airalo esim plan,品牌 Hub,/esim-providers/airalo/,已覆盖,,,airalo,否
best esim south korea,国家·核心,53.0,3,1.0,4,2,en-US,cheap esim south korea,国家页,/compare/south-korea/,已覆盖,KR,south-korea,,否
roamic esim usa,品牌×国家,53.0,3,1.0,4,4,"en-GB,en-US",roami esim usa,品牌×国家子页,/compare/united-states/roamic/,已覆盖,US,united-states,roamic,否
turkey esim unlimited data,通用·规则/规格,53.0,3,1.0,4,2,"en-GB,en-US",turkiye esim unlimited,无限流量研究,/research/unlimited-esim/,已覆盖,,,,否
best travel esim for costa rica,国家·核心,52.7,36,8.0,0,1,"en-GB,en-US",best esim for costa rica,国家页,/compare/costa-rica/,已覆盖,CR,costa-rica,,否
esim for india travel,国家·核心,52.7,6,3.5,6,1,"en-GB,en-US",esim for india,国家页,/compare/india/,已覆盖,IN,india,,否
vietnam esim for tourist,国家·核心,52.5,15,7.0,7,4,"en-GB,en-US",vietnam esim,国家页,/compare/vietnam/,已覆盖,VN,vietnam,,否
australia esim prepaid,国家·核心,52.3,4,3.0,6,3,"en-GB,en-US",australia esim price,国家页,/compare/australia/,已覆盖,AU,australia,,否
best esim for canada from uk,区域,52.3,4,3.0,6,2,"en-GB,en-US",best esim for canada,未建页型,（无区域页）,缺口,"CA,GB","canada,united-kingdom",,否
cheapest esim for malaysia,国家·价格/交易,52.3,4,1.5,4,4,en-US,cheapest esim for macao,国家页,/compare/malaysia/,已覆盖,MY,malaysia,,是
esim egypt price comparison,国家·对比,52.3,4,3.0,6,1,"en-GB,en-US",egypt esim price,国家页,/compare/egypt/,已覆盖,EG,egypt,,否
esim spain and portugal,区域,52.3,19,6.0,4,4,"en-GB,en-US",does esim work in portugal,未建页型,（无区域页）,缺口,"PT,ES","portugal,spain",,否
how to get an esim for japan,国家·核心,52.3,4,1.5,4,5,en-US,how to get an esim for fiji,国家页,/compare/japan/,已覆盖,JP,japan,,否
best esim for turkey uk,国家·核心,52.2,8,3.5,5,4,"en-GB,en-US",best esim for turkiye,国家页,/compare/united-kingdom/,已覆盖,GB,united-kingdom,,否
esim for california and las vegas,城市,52.2,3,2.0,5,0,"en-GB,en-US",esim for los angeles,未建页型（禁区）,（无城市页，建议并入国家页）,缺口,,,,否
esim for ireland travel,国家·核心,52.2,13,5.0,5,5,"en-GB,en-US",ireland esim coverage map,国家页,/compare/ireland/,已覆盖,IE,ireland,,否
esim italy iphone,国家·设备兼容,52.2,3,2.0,5,1,"en-GB,en-US",esim italy for iphone,国家页,/compare/italy/,已覆盖,IT,italy,,否
esim mexico travel,国家·核心,52.2,3,2.0,5,1,"en-GB,en-US",esim mexico city,国家页,/compare/mexico/,已覆盖,MX,mexico,,否
esim new zealand travel,国家·核心,52.2,3,2.0,5,1,"en-GB,en-US",esim new zealand,国家页,/compare/new-zealand/,已覆盖,NZ,new-zealand,,否
germany esim prepaid,国家·核心,52.2,3,2.0,5,1,"en-GB,en-US",germany esim price,国家页,/compare/germany/,已覆盖,DE,germany,,否
ireland esim providers,国家·核心,52.2,3,2.0,5,2,"en-GB,en-US",ireland esim price,国家页,/compare/ireland/,已覆盖,IE,ireland,,否
philippines esim plans,国家·规格/流量,52.2,3,2.0,5,1,"en-GB,en-US",philippines esim,国家页,/compare/philippines/,已覆盖,PH,philippines,,是
qatar esim tourist,国家·核心,52.2,3,2.0,5,1,"en-GB,en-US",qatar esim best,国家页,/compare/qatar/,已覆盖,QA,qatar,,否
best esim for las vegas,城市,52.0,2,1.0,4,0,"en-GB,en-US",esim for las vegas,未建页型（禁区）,（无城市页，建议并入国家页）,缺口,,,,是
best esim for vietnam and cambodia,国家·核心,52.0,12,4.0,4,4,"en-GB,en-US",best esim for vietnam,国家页,/compare/vietnam/,已覆盖,VN,vietnam,,否
esim denmark sweden norway,通用·其他,52.0,2,1.0,4,0,"en-GB,en-US",esim for denmark and sweden,首页/枢纽,/,已覆盖,,,,否
esim for macbook pro,通用·其他,52.0,2,1.0,4,1,"en-GB,en-US",esim for macao,首页/枢纽,/,已覆盖,,,,否
esim for vietnam,国家·核心,52.0,2,1.0,4,1,"en-GB,en-US",esim for vienna,国家页,/compare/vietnam/,已覆盖,VN,vietnam,,否
holafly esim for china,品牌×国家,52.0,7,4.0,6,9,"en-GB,en-US",holafly esim hong kong,品牌×国家子页,/compare/china/holafly/,已覆盖,CN,china,holafly,否
usa sim card for tourists,国家·核心,52.0,7,4.0,6,8,"en-GB,en-US",colombia sim card for tourists,国家页,/compare/united-states/,已覆盖,US,united-states,,否
do i need an esim for thailand,国家·核心,51.8,6,3.0,5,6,"en-GB,en-US",do i need an esim for bangkok,国家页,/compare/thailand/,已覆盖,TH,thailand,,否
esim for europe travel,区域,51.8,6,3.0,5,7,"en-GB,en-US",croatia esim coverage map,区域指南,/guides/best-europe-esim/,已覆盖,,,,否
best esim for india travel,国家·核心,51.7,5,3.5,6,1,"en-GB,en-US",best esim for india,国家页,/compare/india/,已覆盖,IN,india,,否
cost of esim in spain,国家·价格/交易,51.7,25,8.0,4,8,"en-GB,en-US",esim coverage in spain,国家页,/compare/spain/,已覆盖,ES,spain,,否
esim price in south africa,国家·价格/交易,51.7,40,11.0,2,7,"en-GB,en-US",esim south africa price,国家页,/compare/south-africa/,已覆盖,ZA,south-africa,,否
esim for malaysia and indonesia,区域,51.5,29,10.0,5,8,"en-GB,en-US",malaysia esim coverage map,未建页型,（无区域页）,缺口,"ID,MY","indonesia,malaysia",,否
esim for traveling in europe,区域,51.5,34,10.0,3,12,"en-GB,en-US",esim coverage in croatia,区域指南,/guides/best-europe-esim/,已覆盖,,,,否
how to get an esim for indonesia,国家·核心,51.5,4,1.0,3,5,en-US,how to get an esim for china,国家页,/compare/indonesia/,已覆盖,ID,indonesia,,否
best esim for egypt reviews,国家·核心,51.3,3,3.0,6,1,"en-GB,en-US",esim for egypt review,国家页,/compare/egypt/,已覆盖,EG,egypt,,否
best esim for qatar,国家·核心,51.3,18,9.0,8,5,"en-GB,en-US",does esim work in qatar,国家页,/compare/qatar/,已覆盖,QA,qatar,,是
best esim for travel to fiji,国家·核心,51.3,3,3.0,6,1,"en-GB,en-US",best esim for fiji,国家页,/compare/fiji/,已覆盖,FJ,fiji,,否
best esim for zanzibar,城市,51.3,3,3.0,6,1,"en-GB,en-US",esim for zanzibar,未建页型（禁区）,（无城市页，建议并入国家页）,缺口,,,,是
best unlimited data esim uk,国家·规格/流量,51.3,3,3.0,6,1,"en-GB,en-US",uk esim unlimited data,国家页·无限流量区,/compare/united-kingdom/#plans,已覆盖,GB,united-kingdom,,否
buy airalo esim georgia,品牌×国家,51.3,3,3.0,6,1,"en-GB,en-US",airalo esim georgia,品牌×国家子页,/compare/georgia/airalo/,已覆盖,GE,georgia,airalo,否
esim for argentina and brazil,区域,51.3,3,3.0,6,2,"en-GB,en-US",esim for brazil and argentina,未建页型,（无区域页）,缺口,"AR,BR","argentina,brazil",,否
esim usa prepaid,国家·核心,51.3,3,3.0,6,2,"en-GB,en-US",esim usa price,国家页,/compare/united-states/,已覆盖,US,united-states,,否
how to get esim in india,国家·核心,51.3,18,6.0,4,15,en-US,how to get an esim for qatar,国家页,/compare/india/,已覆盖,IN,india,,否
iceland esim reddit,国家·核心,51.3,3,3.0,6,2,"en-GB,en-US",ireland esim reddit,国家页,/compare/iceland/,已覆盖,IS,iceland,,否
play esim poland,国家·核心,51.3,3,3.0,6,1,"en-GB,en-US",esim for poland,国家页,/compare/poland/,已覆盖,PL,poland,,否
the best esim for europe,区域,51.3,18,6.0,4,10,en-US,best esim for czech republic,区域指南,/guides/best-europe-esim/,已覆盖,,,,否
yesim esim review,品牌（全局）,51.3,3,1.5,4,3,"en-GB,en-US",yesim esim,品牌 Hub,/esim-providers/yesim/,已覆盖,,,yesim,是
best esim for japan travel,国家·核心,51.2,2,2.0,5,1,"en-GB,en-US",best esim for japan,国家页,/compare/japan/,已覆盖,JP,japan,,否
canada esim prepaid,国家·核心,51.2,2,2.0,5,1,"en-GB,en-US",canada esim price,国家页,/compare/canada/,已覆盖,CA,canada,,否
cheap esim china vpn,国家·价格/交易,51.2,2,2.0,5,1,"en-GB,en-US",cheap esim china,国家页,/compare/china/,已覆盖,CN,china,,否
esim singapore tourist,国家·核心,51.2,2,2.0,5,1,"en-GB,en-US",esim singapore city,国家页,/compare/singapore/,已覆盖,SG,singapore,,否
japan esim tourist,国家·核心,51.2,2,2.0,5,1,"en-GB,en-US",japan esim,国家页,/compare/japan/,已覆盖,JP,japan,,否
malaysia esim tourist,国家·核心,51.2,2,2.0,5,1,"en-GB,en-US",malaysia esim best,国家页,/compare/malaysia/,已覆盖,MY,malaysia,,否
singapore esim tourist,国家·核心,51.2,2,2.0,5,1,"en-GB,en-US",singapore esim,国家页,/compare/singapore/,已覆盖,SG,singapore,,否
unlimited data esim japan,国家·规格/流量,51.2,27,9.5,5,26,"en-GB,en-US",unlimited data esim fiji,国家页·无限流量区,/compare/japan/#plans,已覆盖,JP,japan,,否
usa esim prepaid,国家·核心,51.2,2,2.0,5,2,"en-GB,en-US",usa esim,国家页,/compare/united-states/,已覆盖,US,united-states,,否
are esim available in india,国家·核心,51.0,6,2.5,4,3,en-US,esim coverage in india,国家页,/compare/india/,已覆盖,IN,india,,否
cheap esim france,国家·价格/交易,51.0,1,1.0,4,1,"en-GB,en-US",cheapest esim france,国家页,/compare/france/,已覆盖,FR,france,,否
cheap esim india,国家·价格/交易,51.0,1,1.0,4,1,"en-GB,en-US",cheapest esim india,国家页,/compare/india/,已覆盖,IN,india,,否
cheap esim new zealand,国家·价格/交易,51.0,1,1.0,4,1,"en-GB,en-US",cheapest esim new zealand,国家页,/compare/new-zealand/,已覆盖,NZ,new-zealand,,否
cheap esim spain,国家·价格/交易,51.0,1,1.0,4,1,"en-GB,en-US",cheapest esim spain,国家页,/compare/spain/,已覆盖,ES,spain,,否
cheapest esim for italy,国家·价格/交易,51.0,1,1.0,4,1,"en-GB,en-US",cheapest esim italy,国家页,/compare/italy/,已覆盖,IT,italy,,是
cheapest esim turkey,通用·价格交易,51.0,1,1.0,4,1,"en-GB,en-US",cheapest esim turkiye,首页/枢纽,/,已覆盖,,,,否
esim for czech republic,国家·核心,51.0,1,1.0,4,1,"en-GB,en-US",esim for czechia,国家页,/compare/czechia/,已覆盖,CZ,czechia,,否
esim for turkey,通用·其他,51.0,1,1.0,4,1,"en-GB,en-US",esim for turkiye,首页/枢纽,/,已覆盖,,,,否
esim macau,城市,51.0,1,1.0,4,1,"en-GB,en-US",esim macao,未建页型（禁区）,（无城市页，建议并入国家页）,缺口,,,,是
how does esim work in japan,国家·核心,50.8,5,3.0,5,4,"en-GB,en-US",does esim work in japan,国家页,/compare/japan/,已覆盖,JP,japan,,否
best esim for turkey from uk,国家·核心,50.7,4,2.0,4,2,"en-GB,en-US",best esim for turkiye,国家页,/compare/united-kingdom/,已覆盖,GB,united-kingdom,,否
esim south korea reddit,国家·核心,50.7,4,3.5,6,2,"en-GB,en-US",esim south korea,国家页,/compare/south-korea/,已覆盖,KR,south-korea,,否
best esim in south korea,国家·核心,50.5,3,1.0,3,3,en-US,does esim work in south korea,国家页,/compare/south-korea/,已覆盖,KR,south-korea,,否
esim available in ireland,国家·核心,50.5,3,1.0,3,3,en-US,is esim available in iceland,国家页,/compare/ireland/,已覆盖,IE,ireland,,否
iphone 16 pro esim price in kenya,国家·设备兼容,50.5,3,1.0,3,1,"en-GB,en-US",esim kenya for iphone,国家页,/compare/kenya/,已覆盖,KE,kenya,,否
jetpac esim morocco,品牌×国家,50.5,3,1.0,3,3,en-US,jetpac esim macao,品牌×国家子页,/compare/morocco/jetpac/,已覆盖,MA,morocco,jetpac,否
jetpac esim plans,品牌（全局）,50.5,3,1.0,3,2,"en-GB,en-US",jetpac esim plan,品牌 Hub,/esim-providers/jetpac/,已覆盖,,,jetpac,否
saily esim plans,品牌（全局）,50.5,3,1.0,3,1,"en-GB,en-US",saily esim plan,品牌 Hub,/esim-providers/saily/,已覆盖,,,saily,否
ubigi esim plans,品牌（全局）,50.5,3,1.0,3,2,"en-GB,en-US",ubigi esim plan,品牌 Hub,/esim-providers/ubigi/,已覆盖,,,ubigi,否
airalo esim saudi arabia,品牌×国家,50.3,2,3.0,6,3,"en-GB,en-US",airalo esim usa,品牌×国家子页,/compare/saudi-arabia/airalo/,已覆盖,SA,saudi-arabia,airalo,否
belgium sim card options,国家·核心,50.3,2,3.0,6,1,"en-GB,en-US",belgium esim card,国家页,/compare/belgium/,已覆盖,BE,belgium,,否
best esim for shanghai,城市,50.3,2,1.5,4,0,"en-GB,en-US",esim for shanghai,未建页型（禁区）,（无城市页，建议并入国家页）,缺口,,,,是
esim australia prepaid,国家·核心,50.3,2,3.0,6,3,"en-GB,en-US",esim australia,国家页,/compare/australia/,已覆盖,AU,australia,,否
esim australia tourist,国家·核心,50.3,2,3.0,6,3,"en-GB,en-US",esim australia,国家页,/compare/australia/,已覆盖,AU,australia,,否
esim card for germany,国家·核心,50.3,12,6.0,6,4,"en-GB,en-US",esim coverage in germany,国家页,/compare/germany/,已覆盖,DE,germany,,否
georgia sim card for tourist,国家·核心,50.3,2,1.5,4,1,"en-GB,en-US",georgia sim card for tourists,国家页,/compare/georgia/,已覆盖,GE,georgia,,否
greece esim card,国家·核心,50.3,2,3.0,6,1,"en-GB,en-US",greece esim card,国家页,/compare/greece/,已覆盖,GR,greece,,否
how to use nomad esim,品牌（全局）,50.3,7,3.0,4,9,en-GB,nomad esim saudi arabia,品牌 Hub,/esim-providers/nomad/,已覆盖,,,nomad,否
ksa sim card,国家·落地渠道,50.3,2,1.5,4,1,"en-GB,en-US",ksa esim card,国家页,/compare/saudi-arabia/,已覆盖,SA,saudi-arabia,,否
macau sim card,城市,50.3,2,3.0,6,1,"en-GB,en-US",macao esim card,未建页型（禁区）,（无城市页，建议并入国家页）,缺口,,,,否
safaricom esim kenya,国家·核心,50.3,2,3.0,6,1,"en-GB,en-US",esim for kenya,国家页,/compare/kenya/,已覆盖,KE,kenya,,否
saudi arabia sim card,国家·核心,50.3,2,3.0,6,1,"en-GB,en-US",saudi arabia sim card for tourists,国家页,/compare/saudi-arabia/,已覆盖,SA,saudi-arabia,,否
vietnam esim viettel,国家·核心,50.3,2,3.0,6,2,"en-GB,en-US",vietnam esim,国家页,/compare/vietnam/,已覆盖,VN,vietnam,,否
what is saily esim,品牌（全局）,50.3,7,3.0,4,9,"en-GB,en-US",saily esim united arab emirates,品牌 Hub,/esim-providers/saily/,已覆盖,,,saily,否
airalo esim japan review,品牌×国家,50.2,6,3.5,5,6,"en-GB,en-US",esim for japan review,品牌×国家子页,/compare/japan/airalo/,已覆盖,JP,japan,airalo,否
best esim for vietnam and singapore,区域,50.2,16,6.5,5,5,"en-GB,en-US",best esim for philippines and vietnam,未建页型,（无区域页）,缺口,"SG,VN","singapore,vietnam",,否
esim for italy reddit,国家·核心,50.2,16,5.0,3,3,"en-GB,en-US",esim for italy review,国家页,/compare/italy/,已覆盖,IT,italy,,否
buy esim for philippines,国家·核心,50.0,15,7.0,6,3,"en-GB,en-US",does esim work in philippines,国家页,/compare/philippines/,已覆盖,PH,philippines,,否
best esim for philippines reddit,国家·核心,49.8,4,3.0,5,2,"en-GB,en-US",esim philippines reddit,国家页,/compare/philippines/,已覆盖,PH,philippines,,否
hong kong esim tourist,国家·核心,49.8,4,3.0,5,1,"en-GB,en-US",hong kong esim best,国家页,/compare/hong-kong/,已覆盖,HK,hong-kong,,否
how to get an esim for android,通用·设备兼容,49.8,4,1.5,3,5,en-US,how to get an esim for canada,兼容指南,/guides/esim-compatibility-check/,已覆盖,,,,否
spain esim with phone number,国家·规格/流量,49.8,9,4.5,5,1,"en-GB,en-US",spain esim,国家页,/compare/spain/,已覆盖,ES,spain,,否
yesim esim thailand,品牌×国家,49.8,4,3.0,5,4,"en-GB,en-US",yesim esim taiwan,品牌×国家子页,/compare/thailand/yesim/,已覆盖,TH,thailand,yesim,否
best esim for maldives,城市,49.7,3,2.0,4,1,"en-GB,en-US",esim for maldives,未建页型（禁区）,（无城市页，建议并入国家页）,缺口,,,,是
best esim for prague,城市,49.7,3,2.0,4,1,"en-GB,en-US",esim for prague,未建页型（禁区）,（无城市页，建议并入国家页）,缺口,,,,是
best south africa esim,国家·核心,49.7,23,9.5,6,3,"en-GB,en-US",alosim esim south africa,国家页,/compare/south-africa/,已覆盖,ZA,south-africa,,否
esim for hong kong and europe,国家·核心,49.7,33,8.0,0,5,"en-GB,en-US",roamic esim hong kong,国家页,/compare/hong-kong/,已覆盖,HK,hong-kong,,否
esim for morocco from uk,区域,49.7,3,2.0,4,2,"en-GB,en-US",esim for morocco,未建页型,（无区域页）,缺口,"MA,GB","morocco,united-kingdom",,否
roamic esim reviews,品牌（全局）,49.7,3,2.0,4,1,"en-GB,en-US",roamic esim,品牌 Hub,/esim-providers/roamic/,已覆盖,,,roamic,否
best esim for france reddit,国家·核心,49.5,2,1.0,3,1,"en-GB,en-US",esim france reddit,国家页,/compare/france/,已覆盖,FR,france,,否
best esim for usa reddit,国家·核心,49.5,2,1.0,3,2,"en-GB,en-US",usa esim reddit,国家页,/compare/united-states/,已覆盖,US,united-states,,否
cheap sim germany,国家·价格/交易,49.5,2,1.0,3,1,"en-GB,en-US",cheap esim germany,国家页,/compare/germany/,已覆盖,DE,germany,,否
cheapest esim thailand,国家·价格/交易,49.5,2,1.0,3,2,"en-GB,en-US",cheapest esim taiwan,国家页,/compare/thailand/,已覆盖,TH,thailand,,否
esim for mainland china,国家·核心,49.5,2,1.0,3,1,"en-GB,en-US",esim for manila,国家页,/compare/china/,已覆盖,CN,china,,否
holafly esim plans,品牌（全局）,49.5,2,1.0,3,1,"en-GB,en-US",holafly esim plan,品牌 Hub,/esim-providers/holafly/,已覆盖,,,holafly,否
is ubigi a good esim,品牌（全局）,49.5,7,4.0,5,8,"en-GB,en-US",ubigi esim saudi arabia,品牌 Hub,/esim-providers/ubigi/,已覆盖,,,ubigi,否
morocco sim card for tourist,国家·核心,49.5,2,1.0,3,1,"en-GB,en-US",morocco sim card for tourists,国家页,/compare/morocco/,已覆盖,MA,morocco,,否
nomad esim china review,品牌×国家,49.5,7,4.0,5,7,"en-GB,en-US",esim for china review,品牌×国家子页,/compare/china/nomad/,已覆盖,CN,china,nomad,否
nomad esim plans,品牌（全局）,49.5,2,1.0,3,1,"en-GB,en-US",nomad esim plan,品牌 Hub,/esim-providers/nomad/,已覆盖,,,nomad,否
roamic esim turkije,品牌（全局）,49.5,2,1.0,3,2,"en-GB,en-US",roamic esim turkiye,品牌 Hub,/esim-providers/roamic/,已覆盖,,,roamic,否
saily esim egitto,品牌（全局）,49.5,2,1.0,3,2,"en-GB,en-US",saily esim egypt,品牌 Hub,/esim-providers/saily/,已覆盖,,,saily,否
saily esim review india,品牌×国家,49.5,7,4.0,5,8,"en-GB,en-US",esim for india review,品牌×国家子页,/compare/india/saily/,已覆盖,IN,india,saily,否
australia esim,国家·核心,49.3,1,1.5,4,2,"en-GB,en-US",austria esim,国家页,/compare/australia/,已覆盖,AU,australia,,是
best esim for international,通用·全球,49.3,36,9.0,0,18,"en-GB,en-US",best esim for brazil 2026,通用枢纽,/guides/,已覆盖,,,,否
best esim for switzerland and italy,区域,49.3,11,6.0,6,5,"en-GB,en-US",esim for switzerland and italy,未建页型,（无区域页）,缺口,"CH,IT","switzerland,italy",,否
best esim in turkey,通用·其他,49.3,6,3.0,4,3,en-US,does esim work in turkiye,首页/枢纽,/,已覆盖,,,,否
esim australia,国家·核心,49.3,1,1.5,4,2,"en-GB,en-US",esim austria,国家页,/compare/australia/,已覆盖,AU,australia,,是
esim egypt unlimited,国家·规格/流量,49.3,1,1.5,4,1,"en-GB,en-US",egypt esim unlimited,国家页·无限流量区,/compare/egypt/#plans,已覆盖,EG,egypt,,否
esim for australia,国家·核心,49.3,1,1.5,4,2,"en-GB,en-US",esim for austria,国家页,/compare/australia/,已覆盖,AU,australia,,否
esim for northern europe,区域,49.3,31,9.0,2,13,"en-GB,en-US",belgium esim coverage map,区域指南,/guides/best-europe-esim/,已覆盖,,,,否
hong kong esim with phone number,国家·规格/流量,49.3,16,6.0,4,1,"en-GB,en-US",hong kong esim,国家页,/compare/hong-kong/,已覆盖,HK,hong-kong,,否
macau esim,城市,49.3,1,1.5,4,1,"en-GB,en-US",macao esim,未建页型（禁区）,（无城市页，建议并入国家页）,缺口,,,,是
switzerland sim card for tourist,国家·核心,49.3,6,3.0,4,6,"en-GB,en-US",switzerland sim card for tourists,国家页,/compare/switzerland/,已覆盖,CH,switzerland,,否
which is the best esim for china,国家·核心,49.3,6,3.0,4,6,en-GB,best esim for china 2026,国家页,/compare/china/,已覆盖,CN,china,,否
buy esim for thailand,国家·核心,49.2,10,5.0,5,2,"en-GB,en-US",esim thailand for iphone,国家页,/compare/thailand/,已覆盖,TH,thailand,,否
esim to use in usa,国家·核心,49.2,15,5.0,3,7,"en-GB,en-US",does esim work in usa,国家页,/compare/united-states/,已覆盖,US,united-states,,否
china sim card for tourist,国家·核心,49.0,9,5.5,6,8,"en-GB,en-US",china sim card for tourists,国家页,/compare/china/,已覆盖,CN,china,,否
best esim for china reddit,国家·核心,48.8,3,3.0,5,1,"en-GB,en-US",best esim for china,国家页,/compare/china/,已覆盖,CN,china,,否
best esim for indonesia reddit,国家·核心,48.8,3,3.0,5,1,"en-GB,en-US",esim indonesia reddit,国家页,/compare/indonesia/,已覆盖,ID,indonesia,,否
best esim for vietnam 2026,国家·核心,48.8,3,3.0,5,2,"en-GB,en-US",best esim for viet nam 2026,国家页,/compare/vietnam/,已覆盖,VN,vietnam,,否
brazil esim plans,国家·规格/流量,48.8,3,3.0,5,1,"en-GB,en-US",brazil esim price,国家页,/compare/brazil/,已覆盖,BR,brazil,,是
esim for usa,国家·核心,48.8,3,1.5,3,2,"en-GB,en-US",esim for us,国家页,/compare/united-states/,已覆盖,US,united-states,,否
esim usa,国家·核心,48.8,3,1.5,3,2,"en-GB,en-US",esim us,国家页,/compare/united-states/,已覆盖,US,united-states,,否
hong kong macau esim,国家·核心,48.8,13,6.0,5,2,"en-GB,en-US",macao esim coverage map,国家页,/compare/hong-kong/,已覆盖,HK,hong-kong,,否
malaysia esim prepaid,国家·核心,48.8,3,3.0,5,1,"en-GB,en-US",malaysia esim price,国家页,/compare/malaysia/,已覆盖,MY,malaysia,,否
airalo esim australia coverage,品牌×国家,48.7,2,2.0,4,3,"en-GB,en-US",airalo esim australia,品牌×国家子页,/compare/australia/airalo/,已覆盖,AU,australia,airalo,否
bangkok sim card,城市,48.7,2,2.0,4,1,"en-GB,en-US",bangkok esim card,未建页型（禁区）,（无城市页，建议并入国家页）,缺口,,,,否
best esim for phuket,城市,48.7,2,2.0,4,1,"en-GB,en-US",esim for phuket,未建页型（禁区）,（无城市页，建议并入国家页）,缺口,,,,是
best esim for thailand from uk,区域,48.7,2,2.0,4,2,"en-GB,en-US",best esim for thailand,未建页型,（无区域页）,缺口,"TH,GB","thailand,united-kingdom",,否
best esim for uk travel,国家·核心,48.7,2,2.0,4,2,"en-GB,en-US",best esim for uk,国家页,/compare/united-kingdom/,已覆盖,GB,united-kingdom,,否
cheapest esim for germany,国家·价格/交易,48.7,2,2.0,4,1,"en-GB,en-US",cheapest esim germany,国家页,/compare/germany/,已覆盖,DE,germany,,是
croatia sim card,国家·核心,48.7,2,2.0,4,1,"en-GB,en-US",croatia esim card,国家页,/compare/croatia/,已覆盖,HR,croatia,,否
esim holanda,通用·其他,48.7,2,2.0,4,2,"en-GB,en-US",esim poland,首页/枢纽,/,已覆盖,,,,否
esim malaysia tourist,国家·核心,48.7,2,2.0,4,2,"en-GB,en-US",esim malaysia,国家页,/compare/malaysia/,已覆盖,MY,malaysia,,否
esim thailand tourist,国家·核心,48.7,2,2.0,4,2,"en-GB,en-US",esim thailand,国家页,/compare/thailand/,已覆盖,TH,thailand,,否
esim turkey,通用·其他,48.7,2,2.0,4,1,"en-GB,en-US",esim turkiye,首页/枢纽,/,已覆盖,,,,是
jetpac esim new zealand,品牌×国家,48.7,7,5.0,6,9,"en-GB,en-US",jetpac esim south africa,品牌×国家子页,/compare/new-zealand/jetpac/,已覆盖,NZ,new-zealand,jetpac,否
peru esim card,国家·核心,48.7,2,2.0,4,1,"en-GB,en-US",peru esim,国家页,/compare/peru/,已覆盖,PE,peru,,否
qatar sim card,国家·核心,48.7,2,2.0,4,1,"en-GB,en-US",qatar esim card,国家页,/compare/qatar/,已覆盖,QA,qatar,,否
saily esim turkey review,品牌（全局）,48.7,2,2.0,4,2,"en-GB,en-US",esim for turkey review,品牌 Hub,/esim-providers/saily/,已覆盖,,,saily,否
taipei sim card,城市,48.7,2,2.0,4,1,"en-GB,en-US",taipei esim card,未建页型（禁区）,（无城市页，建议并入国家页）,缺口,,,,否
turkey esim uk,国家·核心,48.7,2,2.0,4,2,"en-GB,en-US",turkiye esim,国家页,/compare/united-kingdom/,已覆盖,GB,united-kingdom,,否
ubigi esim for japan,品牌×国家,48.7,7,5.0,6,9,"en-GB,en-US",ubigi esim hong kong,品牌×国家子页,/compare/japan/ubigi/,已覆盖,JP,japan,ubigi,否
unlimited esim canada,国家·规格/流量,48.7,2,2.0,4,1,"en-GB,en-US",canada esim unlimited,国家页·无限流量区,/compare/canada/#plans,已覆盖,CA,canada,,是
unlimited esim france,国家·规格/流量,48.7,2,2.0,4,1,"en-GB,en-US",france esim unlimited,国家页·无限流量区,/compare/france/#plans,已覆盖,FR,france,,是
best esim for ireland,国家·核心,48.5,11,5.5,5,4,"en-GB,en-US",best esim for holland,国家页,/compare/ireland/,已覆盖,IE,ireland,,是
best esim for philippines travel,国家·核心,48.5,6,4.0,5,3,"en-GB,en-US",best esim for philippines,国家页,/compare/philippines/,已覆盖,PH,philippines,,否
esim card for portugal,国家·核心,48.3,15,6.0,4,2,"en-GB,en-US",how to get an esim for portugal,国家页,/compare/portugal/,已覆盖,PT,portugal,,否
esim for usa and canada,区域,48.3,15,7.5,6,7,"en-GB,en-US",esim for osaka,未建页型,（无区域页）,缺口,"CA,US","canada,united-states",,否
does esim work in india,国家·核心,48.2,4,2.0,3,5,en-US,does esim work in indonesia,国家页,/compare/india/,已覆盖,IN,india,,是
ubigi esim morocco,品牌×国家,48.2,4,2.0,3,3,"en-GB,en-US",ubigi esim mexico,品牌×国家子页,/compare/morocco/ubigi/,已覆盖,MA,morocco,ubigi,否
esim for canada travel,国家·核心,48.0,8,4.0,4,3,"en-GB,en-US",esim for canada,国家页,/compare/canada/,已覆盖,CA,canada,,否
how to get an esim for europe,区域,48.0,3,1.0,2,4,en-US,how to get an esim for colombia,区域指南,/guides/best-europe-esim/,已覆盖,,,,否
best esim for spain travel,国家·核心,47.8,2,3.0,5,1,"en-GB,en-US",best esim for spain,国家页,/compare/spain/,已覆盖,ES,spain,,否
cheapest esim plans,通用·价格交易,47.8,2,1.5,3,1,"en-GB,en-US",cheapest esim poland,首页/枢纽,/,已覆盖,,,,否
costa rica esim reddit,国家·核心,47.8,2,3.0,5,1,"en-GB,en-US",costa rica esim price,国家页,/compare/costa-rica/,已覆盖,CR,costa-rica,,否
esim portugal iphone,国家·设备兼容,47.8,2,3.0,5,1,"en-GB,en-US",esim portugal for iphone,国家页,/compare/portugal/,已覆盖,PT,portugal,,否
mexico esim prepaid,国家·核心,47.8,2,3.0,5,1,"en-GB,en-US",mexico esim price,国家页,/compare/mexico/,已覆盖,MX,mexico,,否
philippines esim providers,国家·核心,47.8,2,3.0,5,1,"en-GB,en-US",philippines esim,国家页,/compare/philippines/,已覆盖,PH,philippines,,否
singapore esim plan,国家·规格/流量,47.8,2,3.0,5,1,"en-GB,en-US",singapore esim price,国家页,/compare/singapore/,已覆盖,SG,singapore,,否
airalo esim brazil,品牌×国家,47.7,1,2.0,4,1,"en-GB,en-US",esim for brazil,品牌×国家子页,/compare/brazil/airalo/,已覆盖,BR,brazil,airalo,否
airalo esim colombia,品牌×国家,47.7,1,2.0,4,1,"en-GB,en-US",esim for colombia,品牌×国家子页,/compare/colombia/airalo/,已覆盖,CO,colombia,airalo,否
belgian esim,通用·其他,47.7,1,2.0,4,1,"en-GB,en-US",belgium esim,首页/枢纽,/,已覆盖,,,,否
best esim for bali indonesia,国家·核心,47.7,11,5.0,4,3,"en-GB,en-US",bali esim coverage map,国家页,/compare/indonesia/,已覆盖,ID,indonesia,,否
best esim for china with vpn,国家·核心,47.7,1,2.0,4,1,"en-GB,en-US",best esim for china,国家页,/compare/china/,已覆盖,CN,china,,否
best esim for perth,城市,47.7,1,2.0,4,1,"en-GB,en-US",best esim for peru,未建页型（禁区）,（无城市页，建议并入国家页）,缺口,,,,是
cheapest esim phone in south africa,国家·价格/交易,47.7,1,2.0,4,2,"en-GB,en-US",cheapest esim south africa,国家页,/compare/south-africa/,已覆盖,ZA,south-africa,,否
cheapest sim india,国家·价格/交易,47.7,1,2.0,4,1,"en-GB,en-US",cheapest esim india,国家页,/compare/india/,已覆盖,IN,india,,否
china esim unlimited,国家·规格/流量,47.7,1,2.0,4,1,"en-GB,en-US",china esim unlimited,国家页·无限流量区,/compare/china/#plans,已覆盖,CN,china,,否
china esim with vpn,国家·核心,47.7,1,2.0,4,1,"en-GB,en-US",china esim,国家页,/compare/china/,已覆盖,CN,china,,否
e sim for egypt from uk,区域,47.7,1,2.0,4,1,"en-GB,en-US",esim for egypt,未建页型,（无区域页）,缺口,"EG,GB","egypt,united-kingdom",,否
esim argentina turista,国家·核心,47.7,1,2.0,4,1,"en-GB,en-US",esim argentina,国家页,/compare/argentina/,已覆盖,AR,argentina,,否
esim belgien,通用·其他,47.7,1,2.0,4,1,"en-GB,en-US",esim belgium,首页/枢纽,/,已覆盖,,,,否
esim colombia prepago,国家·核心,47.7,1,2.0,4,1,"en-GB,en-US",esim colombia,国家页,/compare/colombia/,已覆盖,CO,colombia,,否
esim egypt vodafone,国家·核心,47.7,1,2.0,4,1,"en-GB,en-US",esim egypt,国家页,/compare/egypt/,已覆盖,EG,egypt,,否
esim for europe from australia,国家·核心,47.7,16,6.5,4,7,"en-GB,en-US",does esim work in austria,国家页,/compare/australia/,已覆盖,AU,australia,,否
esim for macbook,通用·其他,47.7,1,2.0,4,1,"en-GB,en-US",esim for macao,首页/枢纽,/,已覆盖,,,,否
esim for uk travel,国家·核心,47.7,1,2.0,4,1,"en-GB,en-US",esim for uk,国家页,/compare/united-kingdom/,已覆盖,GB,united-kingdom,,否
esim fujitsu,通用·其他,47.7,1,2.0,4,1,"en-GB,en-US",esim fiji,首页/枢纽,/,已覆盖,,,,否
esim greece maya,国家·核心,47.7,1,2.0,4,1,"en-GB,en-US",esim greece,国家页,/compare/greece/,已覆盖,GR,greece,,否
esim india tourist,国家·核心,47.7,1,2.0,4,1,"en-GB,en-US",esim india,国家页,/compare/india/,已覆盖,IN,india,,否
esim indonesia tourist,国家·核心,47.7,1,2.0,4,1,"en-GB,en-US",esim indonesia,国家页,/compare/indonesia/,已覆盖,ID,indonesia,,否
esim israel unlimited data,国家·规格/流量,47.7,1,2.0,4,1,"en-GB,en-US",esim israel,国家页·无限流量区,/compare/israel/#plans,已覆盖,IL,israel,,否
esim japan travel,国家·核心,47.7,1,2.0,4,1,"en-GB,en-US",esim japan,国家页,/compare/japan/,已覆盖,JP,japan,,否
esim kenya airalo,品牌×国家,47.7,1,2.0,4,1,"en-GB,en-US",esim kenya,品牌×国家子页,/compare/kenya/airalo/,已覆盖,KE,kenya,airalo,否
esim macropay,通用·其他,47.7,1,2.0,4,1,"en-GB,en-US",esim macao,首页/枢纽,/,已覆盖,,,,否
esim per uk,国家·核心,47.7,1,2.0,4,1,"en-GB,en-US",esim peru,国家页,/compare/united-kingdom/,已覆盖,GB,united-kingdom,,否
esim portugal vodafone,国家·核心,47.7,1,2.0,4,1,"en-GB,en-US",esim portugal,国家页,/compare/portugal/,已覆盖,PT,portugal,,否
esim taiwan unlimited,国家·规格/流量,47.7,1,2.0,4,1,"en-GB,en-US",esim taiwan,国家页·无限流量区,/compare/taiwan/#plans,已覆盖,TW,taiwan,,否
esim vietnam unlimited,国家·规格/流量,47.7,1,2.0,4,1,"en-GB,en-US",vietnam esim unlimited,国家页·无限流量区,/compare/vietnam/#plans,已覆盖,VN,vietnam,,否
india esim for tourist,国家·核心,47.7,1,2.0,4,1,"en-GB,en-US",india esim,国家页,/compare/india/,已覆盖,IN,india,,否
is esim available in australia,国家·核心,47.7,11,5.0,4,5,en-US,esim coverage in australia,国家页,/compare/australia/,已覆盖,AU,australia,,否
morocco esim uk,区域,47.7,1,2.0,4,1,"en-GB,en-US",morocco esim,未建页型,（无区域页）,缺口,"MA,GB","morocco,united-kingdom",,否
taiwan esim klook,国家·落地渠道,47.7,1,2.0,4,1,"en-GB,en-US",taiwan esim,国家页,/compare/taiwan/,已覆盖,TW,taiwan,,否
thailand esim tourist,国家·核心,47.7,1,2.0,4,1,"en-GB,en-US",thailand esim,国家页,/compare/thailand/,已覆盖,TH,thailand,,否
turkiye e sim,国家·核心,47.7,1,2.0,4,1,"en-GB,en-US",turkiye esim,国家页,/compare/turkiye/,已覆盖,TR,turkiye,,否
uk esim providers,国家·核心,47.7,1,2.0,4,1,"en-GB,en-US",uk esim,国家页,/compare/united-kingdom/,已覆盖,GB,united-kingdom,,否
uk esim unlimited,国家·规格/流量,47.7,1,2.0,4,1,"en-GB,en-US",uk esim unlimited,国家页·无限流量区,/compare/united-kingdom/#plans,已覆盖,GB,united-kingdom,,否
best esim for malaysia and indonesia,区域,47.5,5,4.0,5,4,"en-GB,en-US",best esim for malaysia,未建页型,（无区域页）,缺口,"ID,MY","indonesia,malaysia",,否
best travel esim for new zealand,国家·核心,47.5,5,4.0,5,4,"en-GB,en-US",best esim for new zealand,国家页,/compare/new-zealand/,已覆盖,NZ,new-zealand,,否
esim for england ireland and scotland,区域,47.5,15,7.0,5,3,"en-GB,en-US",esim coverage in ireland,未建页型,（无区域页）,缺口,"IE,GB","ireland,united-kingdom",,否
france sim card for tourist,国家·核心,47.5,5,4.0,5,4,"en-GB,en-US",belgium sim card for tourists,国家页,/compare/france/,已覆盖,FR,france,,否
how does esim work in india,国家·核心,47.5,15,7.0,5,10,"en-GB,en-US",does esim work in georgia,国家页,/compare/india/,已覆盖,IN,india,,否
best esim for dubai from uk,国家·核心,47.3,19,6.0,2,4,"en-GB,en-US",best esim for dubai,国家页,/compare/united-kingdom/,已覆盖,GB,united-kingdom,,否
best esim for istanbul turkey,城市,47.3,4,3.0,4,2,"en-GB,en-US",best esim for istanbul,未建页型（禁区）,（无城市页，建议并入国家页）,缺口,,,,否
best esim for new york,城市,47.3,4,3.0,4,1,"en-GB,en-US",esim for new york,未建页型（禁区）,（无城市页，建议并入国家页）,缺口,,,,是
cheapest esim uk deal,国家·价格/交易,47.3,4,3.0,4,3,"en-GB,en-US",cheapest esim uk,国家页,/compare/united-kingdom/,已覆盖,GB,united-kingdom,,否
esim for spain reddit,国家·核心,47.3,4,3.0,4,1,"en-GB,en-US",esim for spain review,国家页,/compare/spain/,已覆盖,ES,spain,,否
holafly esim costa rica,品牌×国家,47.3,4,3.0,4,2,"en-GB,en-US",holafly esim macao,品牌×国家子页,/compare/costa-rica/holafly/,已覆盖,CR,costa-rica,holafly,否
jetpac esim europe,品牌（全局）,47.3,4,3.0,4,3,"en-GB,en-US",jetpac esim colombia,品牌 Hub,/esim-providers/jetpac/,已覆盖,,,jetpac,否
airalo esim morocco,品牌×国家,47.2,3,2.0,3,3,en-US,airalo esim macao,品牌×国家子页,/compare/morocco/airalo/,已覆盖,MA,morocco,airalo,否
best esim iceland reddit,国家·核心,47.2,3,2.0,3,1,"en-GB,en-US",esim iceland reddit,国家页,/compare/iceland/,已覆盖,IS,iceland,,否
esim for turkey from uk,国家·核心,47.2,13,5.0,3,3,en-US,turkey esim coverage map,国家页,/compare/united-kingdom/,已覆盖,GB,united-kingdom,,否
esim ireland,国家·核心,47.2,3,2.0,3,3,en-GB,esim iceland,国家页,/compare/ireland/,已覆盖,IE,ireland,,是
holafly esim marocco,品牌（全局）,47.2,3,2.0,3,3,en-US,holafly esim macao,品牌 Hub,/esim-providers/holafly/,已覆盖,,,holafly,否
how to get an esim for international travel,通用·全球,47.2,3,2.0,3,3,en-US,how to get an esim for china,通用枢纽,/guides/,已覆盖,,,,否
nomad esim plans china 50gb,品牌×国家,47.2,3,2.0,3,2,"en-GB,en-US",nomad esim plan,品牌×国家子页,/compare/china/nomad/,已覆盖,CN,china,nomad,否
airalo esim australia,品牌×国家,47.0,2,1.0,2,2,"en-GB,en-US",airalo esim austria,品牌×国家子页,/compare/australia/airalo/,已覆盖,AU,australia,airalo,否
best esim for toronto canada,国家·核心,47.0,2,2.5,4,0,"en-GB,en-US",esim for toronto,国家页,/compare/canada/,已覆盖,CA,canada,,否
best esim in malaysia,国家·核心,47.0,2,1.0,2,1,en-US,does esim work in malaysia,国家页,/compare/malaysia/,已覆盖,MY,malaysia,,否
best esim to use in vietnam,国家·核心,47.0,2,1.0,2,2,en-GB,does esim work in vietnam,国家页,/compare/vietnam/,已覆盖,VN,vietnam,,否
cheap esim ireland,国家·价格/交易,47.0,2,1.0,2,2,en-US,cheap esim iceland,国家页,/compare/ireland/,已覆盖,IE,ireland,,否
cheapest esim europe,区域,47.0,2,1.0,2,2,en-US,cheapest esim colombia,区域指南,/guides/best-europe-esim/,已覆盖,,,,否
cheapest esim for brazil,国家·价格/交易,47.0,2,2.5,4,1,"en-GB,en-US",cheapest esim brazil,国家页,/compare/brazil/,已覆盖,BR,brazil,,是
cheapest esim mobile plans,通用·价格交易,47.0,2,2.5,4,2,en-US,cheapest esim macao,首页/枢纽,/,已覆盖,,,,否
do i need an esim for korea,国家·核心,47.0,2,1.0,2,2,en-US,do i need an esim for ksa,国家页,/compare/south-korea/,已覆盖,KR,south-korea,,否
esim australia and singapore,区域,47.0,2,1.0,2,3,en-US,esim australia vs sim,未建页型,（无区域页）,缺口,"SG,AU","singapore,australia",,否
esim for android phone,通用·设备兼容,47.0,2,1.0,2,1,"en-GB,en-US",esim for android,兼容指南,/guides/esim-compatibility-check/,已覆盖,,,,否
esim for hong kong and macau,国家·核心,47.0,7,4.0,4,2,"en-GB,en-US",does esim work in macao,国家页,/compare/hong-kong/,已覆盖,HK,hong-kong,,否
esim for tanzania and zanzibar,城市,47.0,2,2.5,4,1,"en-GB,en-US",esim for zanzibar,未建页型（禁区）,（无城市页，建议并入国家页）,缺口,,,,否
hong kong sim card,国家·核心,47.0,2,1.0,2,1,"en-GB,en-US",hong kong esim card,国家页,/compare/hong-kong/,已覆盖,HK,hong-kong,,否
japan esim unlimited data,国家·规格/流量,47.0,2,2.5,4,1,"en-GB,en-US",japan esim unlimited,国家页·无限流量区,/compare/japan/#plans,已覆盖,JP,japan,,否
kenya sim card,国家·核心,47.0,2,2.5,4,1,"en-GB,en-US",kenya esim card,国家页,/compare/kenya/,已覆盖,KE,kenya,,否
new zealand sim cards for tourists,国家·核心,47.0,2,1.0,2,2,"en-GB,en-US",new zealand sim card for tourists,国家页,/compare/new-zealand/,已覆盖,NZ,new-zealand,,否
nomad esim australia,品牌×国家,47.0,2,1.0,2,2,"en-GB,en-US",nomad esim austria,品牌×国家子页,/compare/australia/nomad/,已覆盖,AU,australia,nomad,否
roamless esim price portugal,国家·价格/交易,47.0,2,1.0,2,1,"en-GB,en-US",esim portugal price,国家页,/compare/portugal/,已覆盖,PT,portugal,,否
saily esim australia,品牌×国家,47.0,2,1.0,2,2,"en-GB,en-US",saily esim austria,品牌×国家子页,/compare/australia/saily/,已覆盖,AU,australia,saily,否
us esim prepaid,国家·核心,47.0,2,1.0,2,2,"en-GB,en-US",us esim,国家页,/compare/united-states/,已覆盖,US,united-states,,否
vietnam sim card for tourist,国家·核心,47.0,2,1.0,2,2,"en-GB,en-US",vietnam sim card for tourists,国家页,/compare/vietnam/,已覆盖,VN,vietnam,,否
yesim esim erfahrungen,品牌（全局）,47.0,2,1.0,2,2,en-US,yesim esim colombia,品牌 Hub,/esim-providers/yesim/,已覆盖,,,yesim,否
best esim for mexico from uk,区域,46.8,6,4.5,5,3,"en-GB,en-US",best esim for mexico,未建页型,（无区域页）,缺口,"MX,GB","mexico,united-kingdom",,否
esim for thailand and vietnam,区域,46.8,16,6.0,3,5,"en-GB,en-US",esim coverage in vietnam,未建页型,（无区域页）,缺口,"TH,VN","thailand,vietnam",,否
best esim cards for croatia,国家·核心,46.7,5,5.0,6,1,"en-GB,en-US",best esim for croatia,国家页,/compare/croatia/,已覆盖,HR,croatia,,否
best esim for turkey travel,通用·其他,46.7,15,5.0,2,4,"en-GB,en-US",best esim for istanbul,首页/枢纽,/,已覆盖,,,,否
buy esim south africa,国家·核心,46.7,41,11.0,0,9,"en-GB,en-US",esim south africa 10gb,国家页,/compare/south-africa/,已覆盖,ZA,south-africa,,否
esim for taiwan and japan,区域,46.7,5,3.5,4,2,"en-GB,en-US",esim for taiwan,未建页型,（无区域页）,缺口,"TW,JP","taiwan,japan",,否
mejor esim para costa rica,国家·核心,46.7,42,11.0,0,1,"en-GB,en-US",cheap esim costa rica,国家页,/compare/costa-rica/,已覆盖,CR,costa-rica,,否
do i need an esim for usa,国家·核心,46.5,4,2.5,3,4,en-US,do i need an esim for uae,国家页,/compare/united-states/,已覆盖,US,united-states,,否
esim for new zealand and australia,区域,46.5,9,4.0,3,3,"en-GB,en-US",esim coverage in new zealand,未建页型,（无区域页）,缺口,"NZ,AU","new-zealand,australia",,否
how to buy esim in singapore,国家·核心,46.5,24,8.5,3,5,"en-GB,en-US",does esim work in singapore,国家页,/compare/singapore/,已覆盖,SG,singapore,,否
best esim for amsterdam,城市,46.3,3,3.0,4,1,"en-GB,en-US",esim for amsterdam,未建页型（禁区）,（无城市页，建议并入国家页）,缺口,,,,是
brazil sim card for tourist,国家·核心,46.3,3,3.0,4,2,"en-GB,en-US",brazil sim card for tourists,国家页,/compare/brazil/,已覆盖,BR,brazil,,否
cheapest esim japan,国家·价格/交易,46.3,3,3.0,4,3,"en-GB,en-US",cheapest esim spain,国家页,/compare/japan/,已覆盖,JP,japan,,否
china hong kong esim,区域,46.3,3,3.0,4,2,"en-GB,en-US",esim for hong kong and china,未建页型,（无区域页）,缺口,"HK,CN","hong-kong,china",,否
esim for japan south korea and singapore,区域,46.3,3,3.0,4,3,"en-GB,en-US",esim for japan and south korea,未建页型,（无区域页）,缺口,"KR,SG,JP","south-korea,singapore,japan",,否
esim for uk from australia,区域,46.3,13,6.0,4,5,"en-GB,en-US",does esim work in australia,未建页型,（无区域页）,缺口,"AU,GB","australia,united-kingdom",,否
esim for usa travel from uk,区域,46.3,3,3.0,4,3,"en-GB,en-US",esim for usa,未建页型,（无区域页）,缺口,"US,GB","united-states,united-kingdom",,否
esim hong kong taiwan,区域,46.3,13,6.0,4,2,"en-GB,en-US",esim hong kong 10gb,未建页型,（无区域页）,缺口,"HK,TW","hong-kong,taiwan",,否
esim thailand 30 days unlimited,国家·规格/流量,46.3,3,3.0,4,2,"en-GB,en-US",thailand esim unlimited,国家页·无限流量区,/compare/thailand/#plans,已覆盖,TH,thailand,,否
ubigi esim europe,品牌（全局）,46.3,3,3.0,4,2,"en-GB,en-US",ubigi esim colombia,品牌 Hub,/esim-providers/ubigi/,已覆盖,,,ubigi,否
airalo esim ireland,品牌×国家,46.2,2,2.0,3,2,"en-GB,en-US",airalo esim ireland,品牌×国家子页,/compare/ireland/airalo/,已覆盖,IE,ireland,airalo,否
airalo esim plans and pricing,品牌（全局）,46.2,2,2.0,3,1,"en-GB,en-US",airalo esim plan,品牌 Hub,/esim-providers/airalo/,已覆盖,,,airalo,否
airalo esim uae,品牌×国家,46.2,2,2.0,3,3,"en-GB,en-US",airalo esim usa,品牌×国家子页,/compare/united-arab-emirates/airalo/,已覆盖,AE,united-arab-emirates,airalo,否
bali esim tourist,城市,46.2,2,2.0,3,1,"en-GB,en-US",bali esim best,未建页型（禁区）,（无城市页，建议并入国家页）,缺口,,,,否
best esim for japan from australia reddit,区域,46.2,2,2.0,3,2,"en-GB,en-US",esim australia reddit,未建页型,（无区域页）,缺口,"AU,JP","australia,japan",,否
best esim to use in fiji,国家·核心,46.2,2,2.0,3,1,"en-GB,en-US",fiji esim best,国家页,/compare/fiji/,已覆盖,FJ,fiji,,否
can you buy esim at osaka airport,城市,46.2,2,2.0,3,0,"en-GB,en-US",esim for osaka,未建页型（禁区）,（无城市页，建议并入国家页）,缺口,,,,否
cheapest esim prepaid,通用·价格交易,46.2,2,2.0,3,2,en-US,cheapest esim prague,首页/枢纽,/,已覆盖,,,,否
esim amsterdam travel tips,城市,46.2,2,2.0,3,1,"en-GB,en-US",esim amsterdam,未建页型（禁区）,（无城市页，建议并入国家页）,缺口,,,,否
esim cape town,城市,46.2,2,2.0,3,1,"en-GB,en-US",esim for cape town,未建页型（禁区）,（无城市页，建议并入国家页）,缺口,,,,否
esim card for spain and portugal,区域,46.2,22,8.0,3,2,"en-GB,en-US",best esim for spain and portugal,未建页型,（无区域页）,缺口,"PT,ES","portugal,spain",,否
ireland sim card for tourists,国家·核心,46.2,2,2.0,3,2,"en-GB,en-US",iceland sim card for tourists,国家页,/compare/ireland/,已覆盖,IE,ireland,,是
saily esim japan review,品牌×国家,46.2,2,2.0,3,2,"en-GB,en-US",saily esim japan,品牌×国家子页,/compare/japan/saily/,已覆盖,JP,japan,saily,否
uae esim tourist,国家·核心,46.2,2,2.0,3,1,"en-GB,en-US",uae esim best,国家页,/compare/united-arab-emirates/,已覆盖,AE,united-arab-emirates,,否
ubigi esim japan,品牌×国家,46.2,2,2.0,3,1,"en-GB,en-US",ubigi esim,品牌×国家子页,/compare/japan/ubigi/,已覆盖,JP,japan,ubigi,否
airalo esim for usa,品牌×国家,46.0,6,4.0,4,8,"en-GB,en-US",airalo esim south korea,品牌×国家子页,/compare/united-states/airalo/,已覆盖,US,united-states,airalo,否
bali easy esim reviews,城市,46.0,1,1.0,2,1,"en-GB,en-US",esim for bali review,未建页型（禁区）,（无城市页，建议并入国家页）,缺口,,,,否
best esim for madagascar,通用·其他,46.0,1,1.0,2,1,en-US,best esim for macao,首页/枢纽,/,已覆盖,,,,是
best esim for scandinavia,区域,46.0,11,7.0,6,4,"en-GB,en-US",best esim for finland and sweden,未建页型,（无区域页）,缺口,,,,是
cheapest e sim for japan,国家·价格/交易,46.0,1,1.0,2,1,"en-GB,en-US",cheapest esim for japan,国家页,/compare/japan/,已覆盖,JP,japan,,否
cheapest esim for australia,国家·价格/交易,46.0,21,7.0,2,19,"en-GB,en-US",cheapest esim for austria,国家页,/compare/australia/,已覆盖,AU,australia,,是
cheapest phone with esim in philippines,国家·价格/交易,46.0,1,1.0,2,1,en-US,cheapest esim philippines,国家页,/compare/philippines/,已覆盖,PH,philippines,,否
cheapest phone with esim philippines,国家·价格/交易,46.0,1,1.0,2,1,en-GB,cheapest esim philippines,国家页,/compare/philippines/,已覆盖,PH,philippines,,否
e sim for rome,城市,46.0,1,1.0,2,0,"en-GB,en-US",esim for rome,未建页型（禁区）,（无城市页，建议并入国家页）,缺口,,,,否
e sim istanbul,城市,46.0,1,1.0,2,1,"en-GB,en-US",esim istanbul,未建页型（禁区）,（无城市页，建议并入国家页）,缺口,,,,否
e sim usa 10gb,国家·规格/流量,46.0,1,1.0,2,2,"en-GB,en-US",esim usa 10gb,国家页,/compare/united-states/,已覆盖,US,united-states,,否
esim china mobile,国家·核心,46.0,1,2.5,4,1,"en-GB,en-US",esim china,国家页,/compare/china/,已覆盖,CN,china,,否
esim china vpn,国家·核心,46.0,1,2.5,4,1,"en-GB,en-US",esim china,国家页,/compare/china/,已覆盖,CN,china,,否
esim discount codes,通用·价格交易,46.0,1,1.0,2,0,"en-GB,en-US",esim discount code,折扣页,/esim-deals/,已覆盖,,,,是
esim egypt and jordan,国家·核心,46.0,1,1.0,2,1,"en-GB,en-US",esim for egypt and jordan,国家页,/compare/egypt/,已覆盖,EG,egypt,,否
esim for cruise ships,通用·其他,46.0,1,1.0,2,0,"en-GB,en-US",esim for cruise,首页/枢纽,/,已覆盖,,,,否
esim for europe reddit,区域,46.0,6,4.0,4,7,"en-GB,en-US",esim united arab emirates reddit,区域指南,/guides/best-europe-esim/,已覆盖,,,,否
esim france orange,国家·核心,46.0,1,2.5,4,1,"en-GB,en-US",esim france,国家页,/compare/france/,已覆盖,FR,france,,否
esim hotspot,通用·规则/规格,46.0,1,1.0,2,0,"en-GB,en-US",esim hot spot,首页/枢纽,/,已覆盖,,,,否
esim kuala lumpur,城市,46.0,1,1.0,2,0,"en-GB,en-US",esim for kuala lumpur,未建页型（禁区）,（无城市页，建议并入国家页）,缺口,,,,否
esim morocco uk,区域,46.0,1,2.5,4,1,"en-GB,en-US",esim morocco,未建页型,（无区域页）,缺口,"MA,GB","morocco,united-kingdom",,否
esim nz travel,国家·核心,46.0,1,1.0,2,1,"en-GB,en-US",esim nz,国家页,/compare/new-zealand/,已覆盖,NZ,new-zealand,,否
esim reviews uk,国家·核心,46.0,1,1.0,2,1,"en-GB,en-US",esim for uk review,国家页,/compare/united-kingdom/,已覆盖,GB,united-kingdom,,否
esim speed test,通用·其他,46.0,1,1.0,2,0,"en-GB,en-US",esim speed,首页/枢纽,/,已覆盖,,,,否
esim top up - travelsim,通用·规则/规格,46.0,1,1.0,2,0,"en-GB,en-US",esim top up,首页/枢纽,/,已覆盖,,,,否
esim uk reddit,国家·核心,46.0,1,1.0,2,1,"en-GB,en-US",uk esim reddit,国家页,/compare/united-kingdom/,已覆盖,GB,united-kingdom,,否
esim vs pocket wifi japan,国家·对比,46.0,1,1.0,2,0,"en-GB,en-US",esim vs pocket wifi,国家页,/compare/japan/,已覆盖,JP,japan,,否
georgia sim card,国家·核心,46.0,1,1.0,2,1,"en-GB,en-US",georgia esim card,国家页,/compare/georgia/,已覆盖,GE,georgia,,否
germany sim card,国家·核心,46.0,1,1.0,2,1,"en-GB,en-US",germany esim card,国家页,/compare/germany/,已覆盖,DE,germany,,否
holafly esim australia,品牌×国家,46.0,1,1.0,2,2,"en-GB,en-US",holafly esim austria,品牌×国家子页,/compare/australia/holafly/,已覆盖,AU,australia,holafly,否
holafly esim georgien,品牌（全局）,46.0,1,1.0,2,1,"en-GB,en-US",holafly esim georgia,品牌 Hub,/esim-providers/holafly/,已覆盖,,,holafly,否
holafly esim turkey,品牌（全局）,46.0,1,1.0,2,1,"en-GB,en-US",holafly esim turkiye,品牌 Hub,/esim-providers/holafly/,已覆盖,,,holafly,否
holafly new zealand esim,品牌×国家,46.0,1,1.0,2,1,"en-GB,en-US",holafly esim new zealand,品牌×国家子页,/compare/new-zealand/holafly/,已覆盖,NZ,new-zealand,holafly,否
how does an esim work in australia,国家·核心,46.0,1,1.0,2,2,"en-GB,en-US",does esim work in australia,国家页,/compare/australia/,已覆盖,AU,australia,,否
how does esim work in canada,国家·核心,46.0,1,1.0,2,1,"en-GB,en-US",does esim work in canada,国家页,/compare/canada/,已覆盖,CA,canada,,否
how does esim work in singapore,国家·核心,46.0,1,1.0,2,1,"en-GB,en-US",does esim work in singapore,国家页,/compare/singapore/,已覆盖,SG,singapore,,否
india e sim card,国家·核心,46.0,1,1.0,2,1,"en-GB,en-US",india esim card,国家页,/compare/india/,已覆盖,IN,india,,否
is jetpac esim good,品牌（全局）,46.0,1,1.0,2,0,"en-GB,en-US",is jetpac good,品牌 Hub,/esim-providers/jetpac/,已覆盖,,,jetpac,否
jetpac esim australia,品牌×国家,46.0,1,1.0,2,2,"en-GB,en-US",jetpac esim austria,品牌×国家子页,/compare/australia/jetpac/,已覆盖,AU,australia,jetpac,否
jetpac esim for indonesia,品牌×国家,46.0,1,1.0,2,1,"en-GB,en-US",jetpac esim indonesia,品牌×国家子页,/compare/indonesia/jetpac/,已覆盖,ID,indonesia,jetpac,否
klook esim korea review,国家·落地渠道,46.0,1,1.0,2,1,"en-GB,en-US",esim for korea review,国家页,/compare/south-korea/,已覆盖,KR,south-korea,,否
nomad esim iceland,品牌×国家,46.0,1,1.0,2,1,"en-GB,en-US",nomad esim ireland,品牌×国家子页,/compare/iceland/nomad/,已覆盖,IS,iceland,nomad,否
nomad esim turkey,品牌（全局）,46.0,1,1.0,2,1,"en-GB,en-US",nomad esim turkiye,品牌 Hub,/esim-providers/nomad/,已覆盖,,,nomad,否
one nz travel esim review,国家·核心,46.0,1,1.0,2,1,"en-GB,en-US",esim for nz review,国家页,/compare/new-zealand/,已覆盖,NZ,new-zealand,,否
saily esim brasile,品牌（全局）,46.0,1,1.0,2,1,"en-GB,en-US",saily esim brazil,品牌 Hub,/esim-providers/saily/,已覆盖,,,saily,否
saily esim turkey,品牌（全局）,46.0,1,1.0,2,1,"en-GB,en-US",saily esim turkiye,品牌 Hub,/esim-providers/saily/,已覆盖,,,saily,否
sim card for costa rica,国家·核心,46.0,1,1.0,2,1,"en-GB,en-US",costa rica sim card for tourists,国家页,/compare/costa-rica/,已覆盖,CR,costa-rica,,否
sim card for fiji,国家·核心,46.0,1,1.0,2,1,"en-GB,en-US",fiji sim card for tourists,国家页,/compare/fiji/,已覆盖,FJ,fiji,,否
sim card for mexico,国家·核心,46.0,1,1.0,2,1,"en-GB,en-US",mexico sim card for tourists,国家页,/compare/mexico/,已覆盖,MX,mexico,,否
sim card for south korea,国家·核心,46.0,1,1.0,2,2,"en-GB,en-US",south korea sim card for tourists,国家页,/compare/south-korea/,已覆盖,KR,south-korea,,否
spain sim card,国家·核心,46.0,1,1.0,2,1,"en-GB,en-US",spain esim card,国家页,/compare/spain/,已覆盖,ES,spain,,否
sydney airport esim,城市,46.0,1,1.0,2,0,"en-GB,en-US",esim for sydney,未建页型（禁区）,（无城市页，建议并入国家页）,缺口,,,,否
turkey esim,通用·其他,46.0,1,1.0,2,1,en-GB,turkiye esim,首页/枢纽,/,已覆盖,,,,是
uae sim card,国家·核心,46.0,1,1.0,2,1,"en-GB,en-US",uae esim card,国家页,/compare/united-arab-emirates/,已覆盖,AE,united-arab-emirates,,否
ubigi esim australia,品牌×国家,46.0,1,1.0,2,2,"en-GB,en-US",ubigi esim austria,品牌×国家子页,/compare/australia/ubigi/,已覆盖,AU,australia,ubigi,否
ubigi esim belgie,品牌（全局）,46.0,1,1.0,2,1,"en-GB,en-US",ubigi esim belgium,品牌 Hub,/esim-providers/ubigi/,已覆盖,,,ubigi,否
ubigi esim brasilien,品牌（全局）,46.0,1,1.0,2,1,"en-GB,en-US",ubigi esim brazil,品牌 Hub,/esim-providers/ubigi/,已覆盖,,,ubigi,否
ubigi esim turkey,品牌（全局）,46.0,1,1.0,2,1,"en-GB,en-US",ubigi esim turkiye,品牌 Hub,/esim-providers/ubigi/,已覆盖,,,ubigi,否
vietnam esim,国家·核心,46.0,1,1.0,2,1,"en-GB,en-US",viet nam esim,国家页,/compare/vietnam/,已覆盖,VN,vietnam,,是
esim china and hong kong,区域,45.8,5,3.0,3,1,en-US,alosim esim hong kong,未建页型,（无区域页）,缺口,"HK,CN","hong-kong,china",,否
esim for europe unlimited data,区域,45.7,9,5.0,4,7,en-US,poland esim unlimited data,区域指南,/guides/best-europe-esim/,已覆盖,,,,否
esim thailand unlimited data,国家·规格/流量,45.7,29,9.5,2,21,"en-GB,en-US",bangkok esim unlimited data,国家页·无限流量区,/compare/thailand/#plans,已覆盖,TH,thailand,,否
new zealand esim card,国家·核心,45.5,8,4.0,3,3,"en-GB,en-US",esim new zealand 10gb,国家页,/compare/new-zealand/,已覆盖,NZ,new-zealand,,否
argentina sim card,国家·核心,45.3,2,3.0,4,1,"en-GB,en-US",argentina esim card,国家页,/compare/argentina/,已覆盖,AR,argentina,,否
best esim for morocco from canada,区域,45.3,2,3.0,4,1,"en-GB,en-US",best esim for morocco,未建页型,（无区域页）,缺口,"MA,CA","morocco,canada",,否
best esim for thailand from australia,区域,45.3,2,3.0,4,2,"en-GB,en-US",best esim for thailand,未建页型,（无区域页）,缺口,"AU,TH","australia,thailand",,否
cheap esim europe,区域,45.3,2,1.5,2,2,en-US,cheap esim colombia,区域指南,/guides/best-europe-esim/,已覆盖,,,,否
cheapest esim for canada,国家·价格/交易,45.3,2,1.5,2,2,en-US,cheapest esim for cancun,国家页,/compare/canada/,已覆盖,CA,canada,,是
cheapest esim phone singapore,国家·价格/交易,45.3,2,3.0,4,1,"en-GB,en-US",cheapest esim singapore,国家页,/compare/singapore/,已覆盖,SG,singapore,,否
croatia esim with phone number,国家·规格/流量,45.3,2,3.0,4,1,"en-GB,en-US",croatia esim,国家页,/compare/croatia/,已覆盖,HR,croatia,,否
egypt esim card,国家·核心,45.3,2,3.0,4,1,"en-GB,en-US",egypt esim,国家页,/compare/egypt/,已覆盖,EG,egypt,,否
esim canada prepaid,国家·核心,45.3,2,3.0,4,2,"en-GB,en-US",esim canada,国家页,/compare/canada/,已覆盖,CA,canada,,否
esim hong kong macau,国家·核心,45.3,2,3.0,4,1,"en-GB,en-US",esim hong kong,国家页,/compare/hong-kong/,已覆盖,HK,hong-kong,,否
esim israel partner,国家·核心,45.3,2,3.0,4,1,"en-GB,en-US",esim israel,国家页,/compare/israel/,已覆盖,IL,israel,,否
esim malaysia prepaid,国家·核心,45.3,2,3.0,4,2,"en-GB,en-US",esim malaysia,国家页,/compare/malaysia/,已覆盖,MY,malaysia,,否
fiji sim card,国家·核心,45.3,2,3.0,4,1,"en-GB,en-US",fiji esim card,国家页,/compare/fiji/,已覆盖,FJ,fiji,,否
iceland esim card,国家·核心,45.3,2,3.0,4,1,"en-GB,en-US",iceland esim,国家页,/compare/iceland/,已覆盖,IS,iceland,,否
ireland esim with phone number,国家·规格/流量,45.3,2,3.0,4,2,"en-GB,en-US",ireland esim,国家页,/compare/ireland/,已覆盖,IE,ireland,,否
kenya esim card,国家·核心,45.3,2,3.0,4,1,"en-GB,en-US",kenya esim,国家页,/compare/kenya/,已覆盖,KE,kenya,,否
nomad esim for travel,品牌（全局）,45.3,7,6.0,6,9,"en-GB,en-US",nomad esim saudi arabia,品牌 Hub,/esim-providers/nomad/,已覆盖,,,nomad,否
unlimited esim usa,国家·规格/流量,45.3,2,3.0,4,2,"en-GB,en-US",usa esim unlimited,国家页·无限流量区,/compare/united-states/#plans,已覆盖,US,united-states,,否
what is the best and cheapest esim for japan,国家·价格/交易,45.3,2,3.0,4,1,"en-GB,en-US",cheapest esim japan,国家页,/compare/japan/,已覆盖,JP,japan,,否
best esim for turkey unlimited data,通用·规则/规格,45.0,5,4.0,4,2,"en-GB,en-US",turkey esim unlimited,无限流量研究,/research/unlimited-esim/,已覆盖,,,,否
best esim for uk and ireland,区域,45.0,5,4.0,4,2,"en-GB,en-US",esim for ireland and uk,未建页型,（无区域页）,缺口,"IE,GB","ireland,united-kingdom",,否
portugal esim with phone number,国家·规格/流量,45.0,15,7.0,4,2,"en-GB,en-US",portugal esim,国家页,/compare/portugal/,已覆盖,PT,portugal,,否
best esim for costa rica reddit,国家·核心,44.8,9,6.0,5,1,"en-GB,en-US",best esim for costa rica,国家页,/compare/costa-rica/,已覆盖,CR,costa-rica,,否
best esim in ireland,国家·核心,44.8,4,3.0,3,1,en-US,does esim work in ireland,国家页,/compare/ireland/,已覆盖,IE,ireland,,否
airalo esim kanada,品牌（全局）,44.7,3,2.0,2,3,"en-GB,en-US",airalo esim canada,品牌 Hub,/esim-providers/airalo/,已覆盖,,,airalo,否
do i need an esim for canada,国家·核心,44.7,3,2.0,2,3,en-US,do i need an esim for cancun,国家页,/compare/canada/,已覆盖,CA,canada,,否
esim china hong kong macau,区域,44.7,13,5.0,2,3,"en-GB,en-US",is esim available in macao,未建页型,（无区域页）,缺口,"HK,CN","hong-kong,china",,否
esim vietnam klook,国家·落地渠道,44.7,3,3.5,4,2,"en-GB,en-US",esim vietnam,国家页,/compare/vietnam/,已覆盖,VN,vietnam,,否
how to get an esim for mint mobile,通用·问题,44.7,3,2.0,2,4,en-US,how to get an esim for mexico,首页/枢纽,/,已覆盖,,,,否
jetpac esim promo code,品牌（全局）,44.7,8,5.0,4,7,"en-GB,en-US",jetpac esim peru,品牌 Hub,/esim-providers/jetpac/,已覆盖,,,jetpac,否
saily esim asia,品牌（全局）,44.7,3,2.0,2,2,"en-GB,en-US",saily esim china,品牌 Hub,/esim-providers/saily/,已覆盖,,,saily,否
saily esim malaysia,品牌×国家,44.7,3,2.0,2,3,en-US,saily esim macao,品牌×国家子页,/compare/malaysia/saily/,已覆盖,MY,malaysia,saily,否
ubigi esim malaysia,品牌×国家,44.7,3,2.0,2,3,en-US,ubigi esim macao,品牌×国家子页,/compare/malaysia/ubigi/,已覆盖,MY,malaysia,ubigi,否
best esim for orlando,城市,44.5,2,2.5,3,0,"en-GB,en-US",esim for orlando,未建页型（禁区）,（无城市页，建议并入国家页）,缺口,,,,是
esim card covers both istanbul and italy,国家·核心,44.5,2,2.5,3,1,"en-GB,en-US",esim for istanbul,国家页,/compare/italy/,已覆盖,IT,italy,,否
esim card for thailand,国家·核心,44.5,7,4.0,3,3,"en-GB,en-US",bangkok esim coverage map,国家页,/compare/thailand/,已覆盖,TH,thailand,,否
esim for china and hong kong,区域,44.5,7,4.0,3,2,"en-GB,en-US",esim for hong kong review,未建页型,（无区域页）,缺口,"HK,CN","hong-kong,china",,否
esim in japan for iphone,国家·设备兼容,44.5,7,4.0,3,7,en-US,esim japan for iphone,国家页,/compare/japan/,已覆盖,JP,japan,,否
malaysia e sim card for tourist,国家·核心,44.5,2,2.5,3,1,"en-GB,en-US",malaysia esim card,国家页,/compare/malaysia/,已覆盖,MY,malaysia,,否
nz sim cards for tourists,国家·核心,44.5,2,2.5,3,2,"en-GB,en-US",nz esim card,国家页,/compare/new-zealand/,已覆盖,NZ,new-zealand,,否
airalo esim card,品牌（全局）,44.3,1,1.5,2,0,"en-GB,en-US",airalo esim,品牌 Hub,/esim-providers/airalo/,已覆盖,,,airalo,否
best esim for australia from uk,区域,44.3,11,4.5,2,4,"en-GB,en-US",best esim for australia 2026,未建页型,（无区域页）,缺口,"AU,GB","australia,united-kingdom",,否
china esim card,国家·核心,44.3,1,3.0,4,1,"en-GB,en-US",china esim,国家页,/compare/china/,已覆盖,CN,china,,否
claro esim colombia,国家·核心,44.3,1,3.0,4,1,"en-GB,en-US",esim for colombia,国家页,/compare/colombia/,已覆盖,CO,colombia,,否
egypt esim vodafone,国家·核心,44.3,1,3.0,4,1,"en-GB,en-US",egypt esim,国家页,/compare/egypt/,已覆盖,EG,egypt,,否
esim argentina claro,国家·核心,44.3,1,3.0,4,1,"en-GB,en-US",esim argentina,国家页,/compare/argentina/,已覆盖,AR,argentina,,否
esim card for india,国家·核心,44.3,6,4.5,4,3,"en-GB,en-US",india esim coverage map,国家页,/compare/india/,已覆盖,IN,india,,否
esim colombia tigo,国家·核心,44.3,1,3.0,4,1,"en-GB,en-US",esim colombia,国家页,/compare/colombia/,已覆盖,CO,colombia,,否
esim for belize,通用·其他,44.3,1,1.5,2,0,"en-GB,en-US",esim for berlin,首页/枢纽,/,已覆盖,,,,否
esim for bermuda,通用·其他,44.3,1,1.5,2,0,"en-GB,en-US",esim for berlin,首页/枢纽,/,已覆盖,,,,否
esim for china with vpn,国家·核心,44.3,1,3.0,4,1,"en-GB,en-US",esim for china,国家页,/compare/china/,已覆盖,CN,china,,否
esim for greece airalo,品牌×国家,44.3,1,3.0,4,1,"en-GB,en-US",esim for greece,品牌×国家子页,/compare/greece/airalo/,已覆盖,GR,greece,airalo,否
esim for indonesia bali,国家·核心,44.3,1,3.0,4,1,"en-GB,en-US",esim for indonesia,国家页,/compare/indonesia/,已覆盖,ID,indonesia,,否
esim for japan from uk,区域,44.3,1,3.0,4,1,"en-GB,en-US",esim for japan,未建页型,（无区域页）,缺口,"JP,GB","japan,united-kingdom",,否
esim for philippines and japan,区域,44.3,1,3.0,4,1,"en-GB,en-US",esim for philippines,未建页型,（无区域页）,缺口,"PH,JP","philippines,japan",,否
esim for singapore from australia,区域,44.3,1,3.0,4,1,"en-GB,en-US",esim for singapore,未建页型,（无区域页）,缺口,"SG,AU","singapore,australia",,否
esim for taiwan and china,区域,44.3,1,3.0,4,1,"en-GB,en-US",esim for taiwan,未建页型,（无区域页）,缺口,"TW,CN","taiwan,china",,否
esim indonesia telkomsel,国家·核心,44.3,1,3.0,4,1,"en-GB,en-US",esim indonesia,国家页,/compare/indonesia/,已覆盖,ID,indonesia,,否
esim japan airalo,品牌×国家,44.3,1,3.0,4,1,"en-GB,en-US",esim japan,品牌×国家子页,/compare/japan/airalo/,已覆盖,JP,japan,airalo,否
esim mexico telcel,国家·核心,44.3,1,3.0,4,1,"en-GB,en-US",esim mexico,国家页,/compare/mexico/,已覆盖,MX,mexico,,否
esim new zealand with calls,国家·核心,44.3,1,3.0,4,1,"en-GB,en-US",esim new zealand,国家页,/compare/new-zealand/,已覆盖,NZ,new-zealand,,否
esim per ungheria,通用·其他,44.3,1,3.0,4,1,"en-GB,en-US",esim peru,首页/枢纽,/,已覆盖,,,,否
esim south africa vodacom,国家·核心,44.3,1,3.0,4,2,"en-GB,en-US",esim south africa,国家页,/compare/south-africa/,已覆盖,ZA,south-africa,,否
esim south korea and japan,区域,44.3,1,3.0,4,2,"en-GB,en-US",esim south korea,未建页型,（无区域页）,缺口,"KR,JP","south-korea,japan",,否
esim spain with phone number,国家·规格/流量,44.3,1,3.0,4,1,"en-GB,en-US",esim spain,国家页,/compare/spain/,已覆盖,ES,spain,,否
esim taiwan klook,国家·落地渠道,44.3,1,3.0,4,1,"en-GB,en-US",esim taiwan,国家页,/compare/taiwan/,已覆盖,TW,taiwan,,否
esim thailand 30 days,国家·规格/流量,44.3,1,3.0,4,1,"en-GB,en-US",esim thailand,国家页,/compare/thailand/,已覆盖,TH,thailand,,否
esim uk providers,国家·核心,44.3,1,3.0,4,1,"en-GB,en-US",esim uk,国家页,/compare/united-kingdom/,已覆盖,GB,united-kingdom,,否
esim usa review,国家·核心,44.3,1,1.5,2,2,"en-GB,en-US",esim for usa review,国家页,/compare/united-states/,已覆盖,US,united-states,,否
france esim options,国家·核心,44.3,1,3.0,4,1,"en-GB,en-US",france esim,国家页,/compare/france/,已覆盖,FR,france,,否
how to install esim on iphone,通用·设备兼容,44.3,1,1.5,2,0,"en-GB,en-US",how to install esim,兼容指南,/guides/esim-compatibility-check/,已覆盖,,,,否
india esim with local number,国家·核心,44.3,1,3.0,4,1,"en-GB,en-US",india esim,国家页,/compare/india/,已覆盖,IN,india,,否
indonesia esim telkomsel,国家·核心,44.3,1,3.0,4,1,"en-GB,en-US",indonesia esim,国家页,/compare/indonesia/,已覆盖,ID,indonesia,,否
japan esim card,国家·核心,44.3,1,3.0,4,1,"en-GB,en-US",japan esim,国家页,/compare/japan/,已覆盖,JP,japan,,否
japan esim unlimited,国家·规格/流量,44.3,1,3.0,4,1,"en-GB,en-US",japan esim unlimited,国家页·无限流量区,/compare/japan/#plans,已覆盖,JP,japan,,是
netherlands sim card,国家·核心,44.3,1,3.0,4,1,"en-GB,en-US",netherlands esim,国家页,/compare/netherlands/,已覆盖,NL,netherlands,,否
orange belgium esim,国家·核心,44.3,1,3.0,4,1,"en-GB,en-US",esim for belgium,国家页,/compare/belgium/,已覆盖,BE,belgium,,否
thailand esim card,国家·核心,44.3,1,3.0,4,1,"en-GB,en-US",thailand esim,国家页,/compare/thailand/,已覆盖,TH,thailand,,否
uk esim with phone number,国家·规格/流量,44.3,1,3.0,4,1,"en-GB,en-US",uk esim,国家页,/compare/united-kingdom/,已覆盖,GB,united-kingdom,,否
unlimited us esim,国家·规格/流量,44.3,1,1.5,2,1,"en-GB,en-US",us esim unlimited,国家页·无限流量区,/compare/united-states/#plans,已覆盖,US,united-states,,否
usa esim with phone number,国家·规格/流量,44.3,1,3.0,4,2,"en-GB,en-US",usa esim,国家页,/compare/united-states/,已覆盖,US,united-states,,否
australia new zealand esim,区域,44.2,10,5.0,3,4,"en-GB,en-US",best esim for australia and new zealand,未建页型,（无区域页）,缺口,"NZ,AU","new-zealand,australia",,否
best esim plan for mexico,国家·规格/流量,44.2,20,8.0,3,9,"en-GB,en-US",esim coverage in mexico,国家页,/compare/mexico/,已覆盖,MX,mexico,,否
esim for china reddit,国家·核心,44.2,10,5.0,3,9,"en-GB,en-US",esim for china review,国家页,/compare/china/,已覆盖,CN,china,,否
esim japan and south korea,区域,44.2,5,3.5,3,2,"en-GB,en-US",alosim esim south korea,未建页型,（无区域页）,缺口,"KR,JP","south-korea,japan",,否
best esim for portugal from canada,区域,44.0,14,7.0,4,3,"en-GB,en-US",best esim for portugal,未建页型,（无区域页）,缺口,"PT,CA","portugal,canada",,否
best esim for singapore tourist,国家·核心,44.0,14,7.0,4,4,"en-GB,en-US",best esim for singapore,国家页,/compare/singapore/,已覆盖,SG,singapore,,否
cheapest esim plan usa,国家·价格/交易,44.0,4,4.0,4,4,"en-GB,en-US",cheapest esim usa,国家页·套餐表,/compare/united-states/#plans,已覆盖,US,united-states,,否
esim ireland vodafone,国家·核心,44.0,4,4.0,4,4,"en-GB,en-US",esim ireland,国家页,/compare/ireland/,已覆盖,IE,ireland,,否
esim plans for europe,区域,44.0,39,13.5,2,29,"en-GB,en-US",czech republic esim coverage map,区域指南,/guides/best-europe-esim/,已覆盖,,,,否
best esim for vietnam 2025,国家·核心,43.8,13,6.0,3,13,"en-GB,en-US",best esim for czech republic 2026,国家页,/compare/vietnam/,已覆盖,VN,vietnam,,否
best esim for vietnam and thailand,区域,43.8,3,3.0,3,2,en-US,best esim for thailand and vietnam,未建页型,（无区域页）,缺口,"TH,VN","thailand,vietnam",,否
canadian sim card for tourists,通用·其他,43.8,3,3.0,3,2,"en-GB,en-US",canada sim card for tourists,形态对比指南,/guides/esim-vs-physical-sim/,已覆盖,,,,否
cheapest esim uk,国家·价格/交易,43.8,3,3.0,3,2,"en-GB,en-US",cheapest esim,国家页,/compare/united-kingdom/,已覆盖,GB,united-kingdom,,否
china mobile sim card for tourist,国家·核心,43.8,3,3.0,3,3,"en-GB,en-US",czechia sim card for tourists,国家页,/compare/china/,已覆盖,CN,china,,否
croatia sim card unlimited data,国家·规格/流量,43.8,3,3.0,3,1,"en-GB,en-US",croatia sim card for tourists,国家页·无限流量区,/compare/croatia/#plans,已覆盖,HR,croatia,,否
esim for bali from australia,国家·核心,43.8,3,3.0,3,1,"en-GB,en-US",bali esim coverage map,国家页,/compare/australia/,已覆盖,AU,australia,,否
esim for ireland,国家·核心,43.8,3,3.0,3,3,en-GB,esim for holland,国家页,/compare/ireland/,已覆盖,IE,ireland,,否
how does an esim work overseas,通用·全球,43.8,13,6.0,3,13,"en-GB,en-US",does esim work in iceland,通用枢纽,/guides/,已覆盖,,,,否
jetpac esim usa,品牌×国家,43.8,3,3.0,3,2,"en-GB,en-US",jetpac esim uk,品牌×国家子页,/compare/united-states/jetpac/,已覆盖,US,united-states,jetpac,否
roamic esim card,品牌（全局）,43.8,3,3.0,3,1,"en-GB,en-US",roamic esim,品牌 Hub,/esim-providers/roamic/,已覆盖,,,roamic,否
airalo esim,品牌（全局）,43.7,2,2.0,2,1,"en-GB,en-US",airalo esim,品牌 Hub,/esim-providers/airalo/,已覆盖,,,airalo,否
airalo esim china not working,品牌×国家,43.7,2,2.0,2,1,"en-GB,en-US",airalo esim china,品牌×国家子页,/compare/china/airalo/,已覆盖,CN,china,airalo,否
airalo esim coverage map,品牌（全局）,43.7,2,2.0,2,1,"en-GB,en-US",esim coverage map,品牌 Hub,/esim-providers/airalo/,已覆盖,,,airalo,否
alosim esim install,品牌（全局）,43.7,7,5.0,4,7,"en-GB,en-US",alosim esim india,品牌 Hub,/esim-providers/alosim/,已覆盖,,,alosim,否
best esim for bali from australia,国家·核心,43.7,7,5.0,4,3,"en-GB,en-US",best esim for bali,国家页,/compare/australia/,已覆盖,AU,australia,,否
best esim for korea,国家·核心,43.7,17,8.0,4,7,"en-GB,en-US",best esim for korea 2026,国家页,/compare/south-korea/,已覆盖,KR,south-korea,,否
best esim for namibia,通用·其他,43.7,2,2.0,2,3,"en-GB,en-US",esim for south africa and namibia,首页/枢纽,/,已覆盖,,,,是
best esim for us,国家·核心,43.7,17,8.0,4,11,"en-GB,en-US",esim for georgia review,国家页,/compare/united-states/,已覆盖,US,united-states,,否
best esim for vietnam from australia,区域,43.7,7,6.5,6,5,"en-GB,en-US",best esim for vietnam,未建页型,（无区域页）,缺口,"AU,VN","australia,vietnam",,否
cheap esim saudi,通用·价格交易,43.7,2,2.0,2,3,en-US,cheap esim usa,首页/枢纽,/,已覆盖,,,,否
cheapest esim multiple devices,通用·价格交易,43.7,2,2.0,2,2,en-US,cheapest esim mexico,首页/枢纽,/,已覆盖,,,,否
do i need an esim for costa rica,国家·核心,43.7,2,2.0,2,2,en-US,do i need an esim for macao,国家页,/compare/costa-rica/,已覆盖,CR,costa-rica,,否
esim bangkok airport,城市,43.7,2,2.0,2,1,"en-GB,en-US",esim bangkok,未建页型（禁区）,（无城市页，建议并入国家页）,缺口,,,,否
esim for cambodia vietnam and thailand,区域,43.7,2,2.0,2,2,en-US,esim for thailand and vietnam,未建页型,（无区域页）,缺口,"TH,VN","thailand,vietnam",,否
esim for fiji from australia,区域,43.7,2,3.5,4,1,"en-GB,en-US",esim for fiji,未建页型,（无区域页）,缺口,"AU,FJ","australia,fiji",,否
esim kolbi costa rica,国家·核心,43.7,12,5.0,2,1,"en-GB,en-US",esim for costa rica,国家页,/compare/costa-rica/,已覆盖,CR,costa-rica,,否
esim prices for japan,国家·价格/交易,43.7,2,2.0,2,1,"en-GB,en-US",esim japan price,国家页,/compare/japan/,已覆盖,JP,japan,,否
esim seoul korea,国家·核心,43.7,2,2.0,2,1,"en-GB,en-US",esim seoul,国家页,/compare/south-korea/,已覆盖,KR,south-korea,,否
indonesia esim tourist,国家·核心,43.7,2,3.5,4,1,"en-GB,en-US",indonesia esim,国家页,/compare/indonesia/,已覆盖,ID,indonesia,,否
is saily esim good for vietnam,品牌×国家,43.7,2,2.0,2,3,"en-GB,en-US",saily esim vietnam,品牌×国家子页,/compare/vietnam/saily/,已覆盖,VN,vietnam,saily,否
jetpac esim review,品牌（全局）,43.7,2,2.0,2,1,"en-GB,en-US",jetpac esim,品牌 Hub,/esim-providers/jetpac/,已覆盖,,,jetpac,是
klook esim taipei,城市,43.7,2,2.0,2,1,"en-GB,en-US",esim taipei,未建页型（禁区）,（无城市页，建议并入国家页）,缺口,,,,否
new zealand sim card for tourist,国家·核心,43.7,2,2.0,2,2,"en-GB,en-US",new zealand sim card for tourists,国家页,/compare/new-zealand/,已覆盖,NZ,new-zealand,,否
nomad esim indonesia,品牌×国家,43.7,2,2.0,2,2,"en-GB,en-US",nomad esim india,品牌×国家子页,/compare/indonesia/nomad/,已覆盖,ID,indonesia,nomad,否
nomad esim mexico tiene numeros telefonicos,品牌×国家,43.7,2,2.0,2,2,"en-GB,en-US",nomad esim mexico,品牌×国家子页,/compare/mexico/nomad/,已覆盖,MX,mexico,nomad,否
nomad esim morocco,品牌×国家,43.7,2,2.0,2,2,en-US,nomad esim macao,品牌×国家子页,/compare/morocco/nomad/,已覆盖,MA,morocco,nomad,否
poland esim with phone number,国家·规格/流量,43.7,2,3.5,4,1,"en-GB,en-US",poland esim,国家页,/compare/poland/,已覆盖,PL,poland,,否
saily esim uae,品牌×国家,43.7,2,2.0,2,3,"en-GB,en-US",saily esim usa,品牌×国家子页,/compare/united-arab-emirates/saily/,已覆盖,AE,united-arab-emirates,saily,否
vietnam sim card for tourist price,国家·价格/交易,43.7,2,2.0,2,2,"en-GB,en-US",vietnam sim card for tourists,国家页,/compare/vietnam/,已覆盖,VN,vietnam,,否
vodafone egypt esim price,国家·价格/交易,43.7,2,2.0,2,1,"en-GB,en-US",egypt esim price,国家页,/compare/egypt/,已覆盖,EG,egypt,,否
australian esim i can get in america,通用·其他,43.5,1,1.0,1,2,en-US,how to get an esim for australia,首页/枢纽,/,已覆盖,,,,否
bali e sim card,城市,43.5,1,1.0,1,1,en-GB,bali esim card,未建页型（禁区）,（无城市页，建议并入国家页）,缺口,,,,否
best esim coverage for italy,国家·网络覆盖,43.5,1,1.0,1,1,en-US,esim coverage in italy,国家网络页,/networks/italy/,缺口,IT,italy,,否
best esim for honduras,通用·其他,43.5,1,1.0,1,1,en-US,best esim for holland,首页/枢纽,/,已覆盖,,,,是
best esim in japan,国家·核心,43.5,1,1.0,1,1,en-GB,does esim work in fiji,国家页,/compare/japan/,已覆盖,JP,japan,,否
best esim to use in thailand,国家·核心,43.5,1,1.0,1,1,en-GB,does esim work in thailand,国家页,/compare/thailand/,已覆盖,TH,thailand,,否
canadian esim plans,通用·规则/规格,43.5,1,1.0,1,1,en-US,canada esim plans,首页/枢纽,/,已覆盖,,,,否
cheap esim australia,国家·价格/交易,43.5,1,1.0,1,2,en-US,cheap esim austria,国家页,/compare/australia/,已覆盖,AU,australia,,否
cheap esim for vietnam,国家·价格/交易,43.5,1,1.0,1,1,en-US,cheap esim vietnam,国家页,/compare/vietnam/,已覆盖,VN,vietnam,,否
cheap esim plan,通用·价格交易,43.5,1,1.0,1,1,en-US,cheap esim poland,首页/枢纽,/,已覆盖,,,,否
cheap esim prepaid,通用·价格交易,43.5,1,1.0,1,1,en-US,cheap esim peru,首页/枢纽,/,已覆盖,,,,否
cheap esim thailand,国家·价格/交易,43.5,1,1.0,1,1,en-US,cheap esim taiwan,国家页,/compare/thailand/,已覆盖,TH,thailand,,否
cheap esim turkey,通用·价格交易,43.5,1,1.0,1,1,en-US,cheap esim turkiye,首页/枢纽,/,已覆盖,,,,否
china esim plan,国家·规格/流量,43.5,1,1.0,1,1,en-US,china esim plans,国家页,/compare/china/,已覆盖,CN,china,,否
do i need an esim for international travel,通用·全球,43.5,1,1.0,1,1,en-US,do i need an esim for india,通用枢纽,/guides/,已覆盖,,,,否
e sim hangi telefonlarda var,通用·其他,43.5,1,1.0,1,0,en-GB,esim hanoi,首页/枢纽,/,已覆盖,,,,否
e sim japon 2026,通用·其他,43.5,1,1.0,1,1,en-GB,esim japan 2026,首页/枢纽,/,已覆盖,,,,否
esim 2026 conference,通用·其他,43.5,1,1.0,1,1,en-US,esim nz 2026,首页/枢纽,/,已覆盖,,,,否
esim at kansai airport,通用·其他,43.5,6,4.0,3,8,"en-GB,en-US",esim united arab emirates airport,首页/枢纽,/,已覆盖,,,,否
esim ausland preisvergleich,通用·其他,43.5,1,1.0,1,0,en-US,esim auckland,首页/枢纽,/,已覆盖,,,,否
esim china 10 dagen,国家·核心,43.5,1,1.0,1,1,en-US,esim china 10gb,国家页,/compare/china/,已覆盖,CN,china,,否
esim china iphone,国家·设备兼容,43.5,1,1.0,1,1,en-US,esim china for iphone,国家页,/compare/china/,已覆盖,CN,china,,否
esim coverage,通用·其他,43.5,1,1.0,1,0,en-US,esim coverage map,首页/枢纽,/,已覆盖,,,,否
esim for caribbean,区域,43.5,1,1.0,1,0,en-US,esim for cairo,区域指南,/guides/best-americas-esim/,已覆盖,,,,是
esim for holiday,通用·其他,43.5,1,1.0,1,1,en-US,esim for holland,首页/枢纽,/,已覆盖,,,,否
esim for honor 200,通用·其他,43.5,1,1.0,1,0,en-US,esim for hanoi,首页/枢纽,/,已覆盖,,,,否
esim for iphone ireland,国家·设备兼容,43.5,1,1.0,1,1,en-US,esim ireland for iphone,国家页,/compare/ireland/,已覆盖,IE,ireland,,否
esim for lebanon,通用·其他,43.5,1,1.0,1,0,en-US,esim for lisbon,首页/枢纽,/,已覆盖,,,,否
esim for travel to new zealand,国家·核心,43.5,1,1.0,1,1,en-US,how to get an esim for new zealand,国家页,/compare/new-zealand/,已覆盖,NZ,new-zealand,,否
esim handover process,通用·其他,43.5,1,1.0,1,0,en-US,esim hanoi,首页/枢纽,/,已覆盖,,,,否
esim japan coverage,国家·网络覆盖,43.5,1,1.0,1,1,en-US,esim coverage in japan,国家网络页,/networks/japan/,已覆盖,JP,japan,,否
esim japan price,国家·价格/交易,43.5,1,1.0,1,1,en-GB,esim spain price,国家页,/compare/japan/,已覆盖,JP,japan,,否
esim plans for france,国家·规格/流量,43.5,1,1.0,1,1,en-US,france esim plans,国家页,/compare/france/,已覆盖,FR,france,,否
esim plans ireland,国家·规格/流量,43.5,1,1.0,1,1,en-US,ireland esim plans,国家页,/compare/ireland/,已覆盖,IE,ireland,,否
esim thailand and singapore,区域,43.5,1,1.0,1,1,en-US,esim thailand vs sim,未建页型,（无区域页）,缺口,"SG,TH","singapore,thailand",,否
esim uk coverage,国家·网络覆盖,43.5,1,1.0,1,1,en-US,esim coverage in uk,国家网络页,/networks/united-kingdom/,已覆盖,GB,united-kingdom,,否
esim vietnam and singapore,区域,43.5,1,1.0,1,1,en-US,esim vietnam vs sim,未建页型,（无区域页）,缺口,"SG,VN","singapore,vietnam",,否
esim vs nano sim,通用·对比,43.5,1,1.0,1,1,en-US,esim macao vs sim,形态对比指南,/guides/esim-vs-physical-sim/,已覆盖,,,,否
french e sim card,通用·其他,43.5,1,1.0,1,1,en-GB,france esim card,形态对比指南,/guides/esim-vs-physical-sim/,已覆盖,,,,否
french esim card,通用·其他,43.5,1,1.0,1,1,en-US,france esim card,形态对比指南,/guides/esim-vs-physical-sim/,已覆盖,,,,否
get esim for turkey,通用·其他,43.5,1,1.0,1,1,en-US,how to get an esim for turkiye,首页/枢纽,/,已覆盖,,,,否
greece sim plans,国家·核心,43.5,1,1.0,1,1,en-US,greece esim plans,国家页,/compare/greece/,已覆盖,GR,greece,,否
holafly esim philippines,品牌×国家,43.5,1,1.0,1,1,en-US,holafly esim fiji,品牌×国家子页,/compare/philippines/holafly/,已覆盖,PH,philippines,holafly,否
holafly esim prepagata,品牌（全局）,43.5,1,1.0,1,1,en-US,holafly esim peru,品牌 Hub,/esim-providers/holafly/,已覆盖,,,holafly,否
holafly esim recensioni,品牌（全局）,43.5,1,1.0,1,1,en-US,holafly esim greece,品牌 Hub,/esim-providers/holafly/,已覆盖,,,holafly,否
holafly esim singapore,品牌×国家,43.5,1,1.0,1,1,en-US,holafly esim spain,品牌×国家子页,/compare/singapore/holafly/,已覆盖,SG,singapore,holafly,否
holland sim karte,国家·核心,43.5,1,1.0,1,1,en-US,holland esim card,国家页,/compare/netherlands/,已覆盖,NL,netherlands,,否
how to get an esim for samsung phone,通用·设备兼容,43.5,1,1.0,1,2,en-US,how to get an esim for usa,兼容指南,/guides/esim-compatibility-check/,已覆盖,,,,否
how to get an esim in france,国家·核心,43.5,1,1.0,1,1,en-US,how to get an esim for france,国家页,/compare/france/,已覆盖,FR,france,,否
how to get an esim in ireland,国家·核心,43.5,1,1.0,1,1,en-US,how to get an esim for ireland,国家页,/compare/ireland/,已覆盖,IE,ireland,,否
how to get esim singapore number,国家·核心,43.5,1,1.0,1,1,en-US,how to get an esim for singapore,国家页,/compare/singapore/,已覆盖,SG,singapore,,否
india esim tourist,国家·核心,43.5,1,1.0,1,1,en-US,india esim best,国家页,/compare/india/,已覆盖,IN,india,,否
iphone 17 esim malaysia,国家·设备兼容,43.5,1,1.0,1,1,en-US,esim malaysia for iphone,国家页,/compare/malaysia/,已覆盖,MY,malaysia,,否
iphone 17 esim only australia,国家·设备兼容,43.5,1,1.0,1,2,en-US,esim australia for iphone,国家页,/compare/australia/,已覆盖,AU,australia,,否
iphone 17e esim only uk,国家·设备兼容,43.5,1,1.0,1,1,en-US,esim uk for iphone,国家页,/compare/united-kingdom/,已覆盖,GB,united-kingdom,,否
is bmw esim available in australia,国家·核心,43.5,1,1.0,1,2,en-US,is esim available in australia,国家页,/compare/australia/,已覆盖,AU,australia,,否
is esim available in the philippines,国家·核心,43.5,1,1.0,1,1,en-US,is esim available in uk,国家页,/compare/philippines/,已覆盖,PH,philippines,,否
japan airport esim,国家·落地渠道,43.5,1,1.0,1,1,en-US,esim japan airport,国家页,/compare/japan/,已覆盖,JP,japan,,否
japan esim card unlimited data,国家·规格/流量,43.5,6,4.0,3,2,"en-GB,en-US",unlimited data esim japan,国家页·无限流量区,/compare/japan/#plans,已覆盖,JP,japan,,否
japan sim cards for tourists,国家·核心,43.5,1,1.0,1,1,en-US,japan sim card for tourists,国家页,/compare/japan/,已覆盖,JP,japan,,否
malaysia sim plan,国家·核心,43.5,1,1.0,1,1,en-US,malaysia esim plans,国家页,/compare/malaysia/,已覆盖,MY,malaysia,,否
no esim iphone free usa number,国家·设备兼容,43.5,1,1.0,1,2,en-US,esim usa for iphone,国家页,/compare/united-states/,已覆盖,US,united-states,,否
nomad esim philippinen,品牌（全局）,43.5,1,1.0,1,1,en-US,nomad esim fiji,品牌 Hub,/esim-providers/nomad/,已覆盖,,,nomad,否
nomad esim recensioni,品牌（全局）,43.5,1,1.0,1,1,en-US,nomad esim greece,品牌 Hub,/esim-providers/nomad/,已覆盖,,,nomad,否
roamic esim erfahrungen,品牌（全局）,43.5,1,1.0,1,1,en-US,roamic esim colombia,品牌 Hub,/esim-providers/roamic/,已覆盖,,,roamic,否
roamic esim wann aktivieren,品牌（全局）,43.5,1,1.0,1,1,en-US,roamic esim taiwan,品牌 Hub,/esim-providers/roamic/,已覆盖,,,roamic,否
saily esim germany,品牌×国家,43.5,1,1.0,1,1,en-GB,saily esim georgia,品牌×国家子页,/compare/germany/saily/,已覆盖,DE,germany,saily,否
saily esim giappone,品牌（全局）,43.5,1,1.0,1,1,en-US,saily esim georgia,品牌 Hub,/esim-providers/saily/,已覆盖,,,saily,否
saily esim qr code,品牌（全局）,43.5,1,1.0,1,1,en-US,saily esim qatar,品牌 Hub,/esim-providers/saily/,已覆盖,,,saily,否
sim card for turkey,通用·其他,43.5,1,1.0,1,1,en-US,turkiye sim card for tourists,形态对比指南,/guides/esim-vs-physical-sim/,已覆盖,,,,否
thailand sim price,国家·价格/交易,43.5,1,1.0,1,1,en-US,thailand esim price,国家页,/compare/thailand/,已覆盖,TH,thailand,,否
tsim europe esim with usa coverage,国家·网络覆盖,43.5,1,1.0,1,2,en-US,esim coverage in usa,国家网络页,/networks/united-states/,已覆盖,US,united-states,,否
ubigi esim germany,品牌×国家,43.5,1,1.0,1,1,en-GB,ubigi esim georgia,品牌×国家子页,/compare/germany/ubigi/,已覆盖,DE,germany,ubigi,否
ubigi esim giappone,品牌（全局）,43.5,1,1.0,1,1,en-US,ubigi esim georgia,品牌 Hub,/esim-providers/ubigi/,已覆盖,,,ubigi,否
uk sim price in pakistan,国家·价格/交易,43.5,1,1.0,1,1,en-US,uk esim price,国家页,/compare/united-kingdom/,已覆盖,GB,united-kingdom,,否
unlimited data esim international,通用·全球,43.5,1,1.0,1,1,en-US,unlimited data esim india,通用枢纽,/guides/,已覆盖,,,,否
unlimited data esim turkey,通用·规则/规格,43.5,1,1.0,1,1,en-US,unlimited data esim turkiye,无限流量研究,/research/unlimited-esim/,已覆盖,,,,否
unlimited data sim australia,国家·规格/流量,43.5,1,1.0,1,2,en-US,unlimited data esim australia,国家页·无限流量区,/compare/australia/#plans,已覆盖,AU,australia,,否
unlimited data sim france,国家·规格/流量,43.5,1,1.0,1,1,en-US,unlimited data esim france,国家页·无限流量区,/compare/france/#plans,已覆盖,FR,france,,否
unlimited data sim germany,国家·规格/流量,43.5,1,1.0,1,1,en-US,unlimited data esim germany,国家页·无限流量区,/compare/germany/#plans,已覆盖,DE,germany,,否
unlimited data sim ireland,国家·规格/流量,43.5,1,1.0,1,1,en-US,unlimited data esim ireland,国家页·无限流量区,/compare/ireland/#plans,已覆盖,IE,ireland,,否
unlimited data sim malaysia,国家·规格/流量,43.5,1,1.0,1,1,en-US,unlimited data esim malaysia,国家页·无限流量区,/compare/malaysia/#plans,已覆盖,MY,malaysia,,否
unlimited data sim philippines,国家·规格/流量,43.5,1,1.0,1,1,en-US,unlimited data esim philippines,国家页·无限流量区,/compare/philippines/#plans,已覆盖,PH,philippines,,否
unlimited data sim portugal,国家·规格/流量,43.5,1,1.0,1,1,en-US,unlimited data esim portugal,国家页·无限流量区,/compare/portugal/#plans,已覆盖,PT,portugal,,否
unlimited data sim spain,国家·规格/流量,43.5,1,1.0,1,1,en-US,unlimited data esim spain,国家页·无限流量区,/compare/spain/#plans,已覆盖,ES,spain,,否
usa sim price in pakistan,国家·价格/交易,43.5,1,1.0,1,2,en-US,usa esim price,国家页,/compare/united-states/,已覆盖,US,united-states,,否
which esim plans allow sms in south africa,国家·规格/流量,43.5,1,1.0,1,2,en-US,south africa esim plans,国家页,/compare/south-africa/,已覆盖,ZA,south-africa,,否
yesim esim aktivieren,品牌（全局）,43.5,1,1.0,1,1,en-GB,yesim esim uk,品牌 Hub,/esim-providers/yesim/,已覆盖,,,yesim,否
esim card for korea,国家·核心,43.3,20,7.5,2,2,"en-GB,en-US",esim south korea 10gb,国家页,/compare/south-korea/,已覆盖,KR,south-korea,,否
malaysia sim card for tourist,国家·核心,43.3,5,4.5,4,4,"en-GB,en-US",malaysia sim card for tourists,国家页,/compare/malaysia/,已覆盖,MY,malaysia,,否
verizon sim vs esim,通用·对比,43.2,9,5.0,3,9,en-US,esim peru vs sim,形态对比指南,/guides/esim-vs-physical-sim/,已覆盖,,,,否
best esim for cartagena colombia,国家·核心,43.0,3,4.0,4,1,"en-GB,en-US",colombia esim best,国家页,/compare/colombia/,已覆盖,CO,colombia,,否
best esim for singapore & australia,区域,43.0,13,7.0,4,3,"en-GB,en-US",best esim for singapore and indonesia,未建页型,（无区域页）,缺口,"SG,AU","singapore,australia",,否
can esim be used internationally,通用·问题,43.0,33,10.0,0,18,"en-GB,en-US",is esim available in brazil,首页/枢纽,/,已覆盖,,,,否
esim australia from nz,区域,43.0,23,7.0,0,7,"en-GB,en-US",alosim esim new zealand,未建页型,（无区域页）,缺口,"NZ,AU","new-zealand,australia",,否
esim for greece and turkey,国家·核心,43.0,3,4.0,4,1,"en-GB,en-US",esim for greece,国家页,/compare/greece/,已覆盖,GR,greece,,否
esim for morocco with text and phone,国家·核心,43.0,18,8.5,4,2,"en-GB,en-US",esim for morocco,国家页,/compare/morocco/,已覆盖,MA,morocco,,否
esim philippines globe,国家·核心,43.0,3,4.0,4,1,"en-GB,en-US",esim philippines,国家页,/compare/philippines/,已覆盖,PH,philippines,,否
esim south africa prepaid,国家·核心,43.0,13,7.0,4,2,"en-GB,en-US",esim south africa,国家页,/compare/south-africa/,已覆盖,ZA,south-africa,,否
esim vietnamobile,通用·其他,43.0,3,4.0,4,2,"en-GB,en-US",esim viet nam,首页/枢纽,/,已覆盖,,,,否
portugal esim card,国家·核心,43.0,3,4.0,4,1,"en-GB,en-US",portugal esim,国家页,/compare/portugal/,已覆盖,PT,portugal,,否
esim for nz travel,国家·核心,42.8,17,7.5,3,5,"en-GB,en-US",esim for nz,国家页,/compare/new-zealand/,已覆盖,NZ,new-zealand,,否
esim for travelling to new york,城市,42.8,2,3.0,3,0,"en-GB,en-US",esim for new york,未建页型（禁区）,（无城市页，建议并入国家页）,缺口,,,,否
nomad esim prepaid data plan,品牌（全局）,42.8,2,3.0,3,1,"en-GB,en-US",nomad esim peru,品牌 Hub,/esim-providers/nomad/,已覆盖,,,nomad,否
ooredoo maldives esim,城市,42.8,2,3.0,3,0,"en-GB,en-US",esim for maldives,未建页型（禁区）,（无城市页，建议并入国家页）,缺口,,,,否
tokyo traveller esim,城市,42.8,2,3.0,3,0,"en-GB,en-US",esim tokyo,未建页型（禁区）,（无城市页，建议并入国家页）,缺口,,,,否
amsterdam sim card,城市,42.7,1,2.0,2,1,"en-GB,en-US",amsterdam esim,未建页型（禁区）,（无城市页，建议并入国家页）,缺口,,,,否
auckland airport esim,城市,42.7,1,2.0,2,0,"en-GB,en-US",esim auckland,未建页型（禁区）,（无城市页，建议并入国家页）,缺口,,,,否
austria esim,国家·核心,42.7,1,2.0,2,2,en-GB,austria esim,国家页,/compare/austria/,已覆盖,AT,austria,,是
bali sim card,城市,42.7,1,2.0,2,1,"en-GB,en-US",bali esim card,未建页型（禁区）,（无城市页，建议并入国家页）,缺口,,,,否
best esim for armenia,通用·其他,42.7,1,2.0,2,1,en-GB,best esim for argentina,首页/枢纽,/,已覆盖,,,,是
best esim for columbia,通用·其他,42.7,1,2.0,2,1,en-US,best esim for colombia,首页/枢纽,/,已覆盖,,,,否
best esim for mainland china,国家·核心,42.7,1,2.0,2,1,"en-GB,en-US",best esim for manila,国家页,/compare/china/,已覆盖,CN,china,,否
best international esim for europe,区域,42.7,36,11.0,0,17,"en-GB,en-US",best esim for netherlands and belgium,区域指南,/guides/best-europe-esim/,已覆盖,,,,否
best sim card in hong kong for tourist,国家·核心,42.7,1,2.0,2,1,"en-GB,en-US",hong kong sim card for tourists,国家页,/compare/hong-kong/,已覆盖,HK,hong-kong,,否
brazil sim card,国家·核心,42.7,1,2.0,2,1,"en-GB,en-US",brazil esim card,国家页,/compare/brazil/,已覆盖,BR,brazil,,否
buy airalo esim brazil,品牌×国家,42.7,1,2.0,2,1,"en-GB,en-US",airalo esim brazil,品牌×国家子页,/compare/brazil/airalo/,已覆盖,BR,brazil,airalo,否
buy airalo esim colombia,品牌×国家,42.7,1,2.0,2,1,"en-GB,en-US",airalo esim colombia,品牌×国家子页,/compare/colombia/airalo/,已覆盖,CO,colombia,airalo,否
buy airalo esim costa rica,品牌×国家,42.7,1,2.0,2,1,"en-GB,en-US",airalo esim costa rica,品牌×国家子页,/compare/costa-rica/airalo/,已覆盖,CR,costa-rica,airalo,否
buy airalo esim egypt,品牌×国家,42.7,1,2.0,2,1,"en-GB,en-US",airalo esim egypt,品牌×国家子页,/compare/egypt/airalo/,已覆盖,EG,egypt,airalo,否
buy airalo esim germany,品牌×国家,42.7,1,2.0,2,1,"en-GB,en-US",airalo esim germany,品牌×国家子页,/compare/germany/airalo/,已覆盖,DE,germany,airalo,否
buy airalo esim greece,品牌×国家,42.7,1,2.0,2,1,"en-GB,en-US",airalo esim greece,品牌×国家子页,/compare/greece/airalo/,已覆盖,GR,greece,airalo,否
buy airalo esim hong kong,品牌×国家,42.7,1,2.0,2,1,"en-GB,en-US",airalo esim hong kong,品牌×国家子页,/compare/hong-kong/airalo/,已覆盖,HK,hong-kong,airalo,否
buy airalo esim indonesia,品牌×国家,42.7,1,2.0,2,1,"en-GB,en-US",airalo esim indonesia,品牌×国家子页,/compare/indonesia/airalo/,已覆盖,ID,indonesia,airalo,否
buy airalo esim italy,品牌×国家,42.7,1,2.0,2,1,"en-GB,en-US",airalo esim italy,品牌×国家子页,/compare/italy/airalo/,已覆盖,IT,italy,airalo,否
buy airalo esim malaysia,品牌×国家,42.7,1,2.0,2,1,"en-GB,en-US",airalo esim malaysia,品牌×国家子页,/compare/malaysia/airalo/,已覆盖,MY,malaysia,airalo,否
buy airalo esim morocco,品牌×国家,42.7,1,2.0,2,1,"en-GB,en-US",airalo esim morocco,品牌×国家子页,/compare/morocco/airalo/,已覆盖,MA,morocco,airalo,否
buy airalo esim netherlands,品牌×国家,42.7,1,2.0,2,1,"en-GB,en-US",airalo esim netherlands,品牌×国家子页,/compare/netherlands/airalo/,已覆盖,NL,netherlands,airalo,否
buy airalo esim new zealand,品牌×国家,42.7,1,2.0,2,1,"en-GB,en-US",airalo esim new zealand,品牌×国家子页,/compare/new-zealand/airalo/,已覆盖,NZ,new-zealand,airalo,否
buy airalo esim philippines,品牌×国家,42.7,1,2.0,2,1,"en-GB,en-US",airalo esim philippines,品牌×国家子页,/compare/philippines/airalo/,已覆盖,PH,philippines,airalo,否
buy airalo esim portugal,品牌×国家,42.7,1,2.0,2,1,"en-GB,en-US",airalo esim portugal,品牌×国家子页,/compare/portugal/airalo/,已覆盖,PT,portugal,airalo,否
buy airalo esim saudi arabia,品牌×国家,42.7,1,2.0,2,1,"en-GB,en-US",airalo esim saudi arabia,品牌×国家子页,/compare/saudi-arabia/airalo/,已覆盖,SA,saudi-arabia,airalo,否
buy airalo esim singapore,品牌×国家,42.7,1,2.0,2,1,"en-GB,en-US",airalo esim singapore,品牌×国家子页,/compare/singapore/airalo/,已覆盖,SG,singapore,airalo,否
buy airalo esim south africa,品牌×国家,42.7,1,2.0,2,2,"en-GB,en-US",airalo esim south africa,品牌×国家子页,/compare/south-africa/airalo/,已覆盖,ZA,south-africa,airalo,否
buy airalo esim switzerland,品牌×国家,42.7,1,2.0,2,1,"en-GB,en-US",airalo esim switzerland,品牌×国家子页,/compare/switzerland/airalo/,已覆盖,CH,switzerland,airalo,否
buy airalo esim vietnam,品牌×国家,42.7,1,2.0,2,1,"en-GB,en-US",airalo esim vietnam,品牌×国家子页,/compare/vietnam/airalo/,已覆盖,VN,vietnam,airalo,否
canadian esim card,通用·其他,42.7,1,2.0,2,1,"en-GB,en-US",canada esim card,形态对比指南,/guides/esim-vs-physical-sim/,已覆盖,,,,否
cheapest esim egypt,国家·价格/交易,42.7,1,2.0,2,1,en-US,cheapest esim colombia,国家页,/compare/egypt/,已覆盖,EG,egypt,,否
cheapest esim for spain,国家·价格/交易,42.7,1,2.0,2,1,en-US,cheapest esim spain,国家页,/compare/spain/,已覆盖,ES,spain,,是
cheapest esim nz,国家·价格/交易,42.7,1,2.0,2,1,"en-GB,en-US",cheapest esim for nz,国家页,/compare/new-zealand/,已覆盖,NZ,new-zealand,,否
cheapest sim in germany,国家·价格/交易,42.7,1,2.0,2,1,en-US,cheapest esim germany,国家页,/compare/germany/,已覆盖,DE,germany,,否
cheapest sim ireland,国家·价格/交易,42.7,1,2.0,2,1,en-US,cheapest esim ireland,国家页,/compare/ireland/,已覆盖,IE,ireland,,否
cheapest sim singapore,国家·价格/交易,42.7,1,2.0,2,1,en-US,cheapest esim singapore,国家页,/compare/singapore/,已覆盖,SG,singapore,,否
china esim card with phone number,国家·规格/流量,42.7,1,2.0,2,1,"en-GB,en-US",china esim card,国家页,/compare/china/,已覆盖,CN,china,,否
china sim card for tourist price,国家·价格/交易,42.7,1,2.0,2,1,"en-GB,en-US",china sim card for tourists,国家页,/compare/china/,已覆盖,CN,china,,否
do you need an esim for japan,国家·核心,42.7,1,2.0,2,1,"en-GB,en-US",do i need an esim for japan,国家页,/compare/japan/,已覆盖,JP,japan,,否
do you need an esim for turkey,通用·问题,42.7,1,2.0,2,1,"en-GB,en-US",do i need an esim for turkey,首页/枢纽,/,已覆盖,,,,否
does telstra esim work in japan,国家·核心,42.7,1,2.0,2,1,"en-GB,en-US",does esim work in japan,国家页,/compare/japan/,已覆盖,JP,japan,,否
dubai esim tourist,城市,42.7,1,2.0,2,1,"en-GB,en-US",dubai esim,未建页型（禁区）,（无城市页，建议并入国家页）,缺口,,,,否
egypt sim card,国家·核心,42.7,1,2.0,2,1,"en-GB,en-US",egypt esim card,国家页,/compare/egypt/,已覆盖,EG,egypt,,否
england esim card,国家·核心,42.7,1,2.0,2,1,"en-GB,en-US",england esim,国家页,/compare/united-kingdom/,已覆盖,GB,united-kingdom,,否
esim austria,国家·核心,42.7,1,2.0,2,2,en-GB,esim austria,国家页,/compare/austria/,已覆盖,AT,austria,,是
esim bali easy,城市,42.7,1,2.0,2,1,"en-GB,en-US",esim bali,未建页型（禁区）,（无城市页，建议并入国家页）,缺口,,,,否
esim card for france,国家·核心,42.7,16,8.0,4,3,"en-GB,en-US",france esim coverage map,国家页,/compare/france/,已覆盖,FR,france,,否
esim card for ksa,国家·落地渠道,42.7,1,2.0,2,1,"en-GB,en-US",ksa esim card,国家页,/compare/saudi-arabia/,已覆盖,SA,saudi-arabia,,否
esim compatible phones samsung,通用·设备兼容,42.7,1,2.0,2,0,"en-GB,en-US",esim compatible phones,兼容指南,/guides/esim-compatibility-check/,已覆盖,,,,否
esim data plans for ipad,通用·设备兼容,42.7,1,2.0,2,0,"en-GB,en-US",esim data plan,兼容指南,/guides/esim-compatibility-check/,已覆盖,,,,否
esim deals uk,国家·价格/交易,42.7,1,2.0,2,0,"en-GB,en-US",esim deals,国家页,/compare/united-kingdom/,已覆盖,GB,united-kingdom,,否
esim dubai tourist,城市,42.7,1,2.0,2,1,"en-GB,en-US",esim dubai,未建页型（禁区）,（无城市页，建议并入国家页）,缺口,,,,否
esim for android,通用·设备兼容,42.7,1,2.0,2,0,"en-GB,en-US",esim for android,兼容指南,/guides/esim-compatibility-check/,已覆盖,,,,否
esim for asia travel,区域,42.7,1,2.0,2,1,"en-GB,en-US",esim for asia,区域指南,/guides/best-asia-esim/,已覆盖,,,,否
esim for austria,国家·核心,42.7,1,2.0,2,2,en-GB,esim for austria,国家页,/compare/austria/,已覆盖,AT,austria,,否
esim for dubai from uk,国家·核心,42.7,1,2.0,2,1,"en-GB,en-US",esim for dubai,国家页,/compare/united-kingdom/,已覆盖,GB,united-kingdom,,否
esim for germany,国家·核心,42.7,1,2.0,2,1,en-GB,esim for georgia,国家页,/compare/germany/,已覆盖,DE,germany,,否
esim for international travel from australia,国家·核心,42.7,1,2.0,2,1,"en-GB,en-US",esim for international travel,国家页,/compare/australia/,已覆盖,AU,australia,,否
esim for london uk,国家·核心,42.7,1,2.0,2,0,"en-GB,en-US",esim for london,国家页,/compare/united-kingdom/,已覆盖,GB,united-kingdom,,否
esim for paris reddit,城市,42.7,1,2.0,2,0,"en-GB,en-US",esim for paris,未建页型（禁区）,（无城市页，建议并入国家页）,缺口,,,,否
esim for portugal and spain,区域,42.7,6,5.0,4,1,"en-GB,en-US",esim for portugal,未建页型,（无区域页）,缺口,"PT,ES","portugal,spain",,否
esim for romania,通用·其他,42.7,1,2.0,2,0,"en-GB,en-US",esim for rome,首页/枢纽,/,已覆盖,,,,否
esim for uae and saudi arabia,区域,42.7,1,2.0,2,1,"en-GB,en-US",esim for uae,未建页型,（无区域页）,缺口,"AE,SA","united-arab-emirates,saudi-arabia",,否
esim germany,国家·核心,42.7,1,2.0,2,1,en-GB,esim georgia,国家页,/compare/germany/,已覆盖,DE,germany,,是
esim hawaiian electric,城市,42.7,1,2.0,2,0,"en-GB,en-US",esim hawaii,未建页型（禁区）,（无城市页，建议并入国家页）,缺口,,,,否
esim hotspot device,通用·规则/规格,42.7,1,2.0,2,0,"en-GB,en-US",esim hot spot,首页/枢纽,/,已覆盖,,,,否
esim korea tourist,国家·核心,42.7,1,2.0,2,1,"en-GB,en-US",esim korea,国家页,/compare/south-korea/,已覆盖,KR,south-korea,,否
esim london uk,国家·核心,42.7,1,2.0,2,0,"en-GB,en-US",esim london,国家页,/compare/united-kingdom/,已覆盖,GB,united-kingdom,,否
esim mainland china,国家·核心,42.7,1,2.0,2,1,"en-GB,en-US",esim manila,国家页,/compare/china/,已覆盖,CN,china,,否
esim marrakesh,通用·其他,42.7,1,2.0,2,0,"en-GB,en-US",esim marrakech,首页/枢纽,/,已覆盖,,,,否
esim nz,国家·核心,42.7,1,2.0,2,1,"en-GB,en-US",esim nz,国家页,/compare/new-zealand/,已覆盖,NZ,new-zealand,,否
esim plans australia,国家·规格/流量,42.7,1,2.0,2,0,"en-GB,en-US",esim plans,国家页,/compare/australia/,已覆盖,AU,australia,,否
esim romania,通用·其他,42.7,1,2.0,2,0,"en-GB,en-US",esim rome,首页/枢纽,/,已覆盖,,,,是
esim speed comparison,城市,42.7,1,2.0,2,0,"en-GB,en-US",esim speed,未建页型（禁区）,（无城市页，建议并入国家页）,缺口,,,,否
esim sydney airport,城市,42.7,1,2.0,2,0,"en-GB,en-US",esim sydney,未建页型（禁区）,（无城市页，建议并入国家页）,缺口,,,,否
esim tontouta,通用·其他,42.7,1,2.0,2,0,"en-GB,en-US",esim toronto,首页/枢纽,/,已覆盖,,,,否
esim turkiye,国家·核心,42.7,1,2.0,2,1,en-GB,esim turkiye,国家页,/compare/turkiye/,已覆盖,TR,turkiye,,否
esim uae tourist,国家·核心,42.7,1,2.0,2,1,"en-GB,en-US",esim uae,国家页,/compare/united-arab-emirates/,已覆盖,AE,united-arab-emirates,,否
esim usa reddit,国家·核心,42.7,1,2.0,2,2,"en-GB,en-US",usa esim reddit,国家页,/compare/united-states/,已覆盖,US,united-states,,否
esim usa user reviews,国家·核心,42.7,1,2.0,2,2,"en-GB,en-US",esim for usa review,国家页,/compare/united-states/,已覆盖,US,united-states,,否
esim vietnam,国家·核心,42.7,1,2.0,2,0,"en-GB,en-US",esim vienna,国家页,/compare/vietnam/,已覆盖,VN,vietnam,,是
esim vs pocket wifi,通用·对比,42.7,1,2.0,2,0,"en-GB,en-US",esim vs pocket wifi,形态对比指南,/guides/esim-vs-physical-sim/,已覆盖,,,,是
esim what is it,通用·其他,42.7,1,2.0,2,0,"en-GB,en-US",esim rio de janeiro,首页/枢纽,/,已覆盖,,,,否
esim with phone number usa,国家·规格/流量,42.7,1,2.0,2,0,"en-GB,en-US",esim with phone number,国家页,/compare/united-states/,已覆盖,US,united-states,,否
france data sim card for tourist,国家·核心,42.7,1,2.0,2,1,"en-GB,en-US",france sim card for tourists,国家页,/compare/france/,已覆盖,FR,france,,否
france sim card,国家·核心,42.7,1,2.0,2,1,"en-GB,en-US",france esim card,国家页,/compare/france/,已覆盖,FR,france,,否
holafly esim italia,品牌（全局）,42.7,1,2.0,2,1,"en-GB,en-US",holafly esim italy,品牌 Hub,/esim-providers/holafly/,已覆盖,,,holafly,否
holafly esim review,品牌（全局）,42.7,1,2.0,2,0,"en-GB,en-US",holafly esim,品牌 Hub,/esim-providers/holafly/,已覆盖,,,holafly,是
how does esim work in india for a us citizen,区域,42.7,1,2.0,2,1,"en-GB,en-US",does esim work in india,未建页型,（无区域页）,缺口,"IN,US","india,united-states",,否
how much does a esim cost for italy & greece,区域,42.7,1,2.0,2,2,"en-GB,en-US",esim for italy and greece,未建页型,（无区域页）,缺口,"GR,IT","greece,italy",,否
how to activate esim on iphone,通用·设备兼容,42.7,1,2.0,2,0,"en-GB,en-US",how to activate esim,兼容指南,/guides/esim-compatibility-check/,已覆盖,,,,否
how to get a sim card in india for tourists,国家·核心,42.7,1,2.0,2,1,"en-GB,en-US",india sim card for tourists,国家页,/compare/india/,已覆盖,IN,india,,否
india sim card,国家·核心,42.7,1,2.0,2,1,"en-GB,en-US",india esim card,国家页,/compare/india/,已覆盖,IN,india,,否
israel prepaid sim card for tourists,国家·核心,42.7,1,2.0,2,1,"en-GB,en-US",israel sim card for tourists,国家页,/compare/israel/,已覆盖,IL,israel,,否
israel sim card,国家·核心,42.7,1,2.0,2,1,"en-GB,en-US",israel esim card,国家页,/compare/israel/,已覆盖,IL,israel,,否
istanbul e sim,城市,42.7,1,2.0,2,1,"en-GB,en-US",istanbul esim,未建页型（禁区）,（无城市页，建议并入国家页）,缺口,,,,否
italy sim card,国家·核心,42.7,1,2.0,2,1,"en-GB,en-US",italy esim card,国家页,/compare/italy/,已覆盖,IT,italy,,否
japan esim card for tourist,国家·核心,42.7,1,2.0,2,1,"en-GB,en-US",japan esim card,国家页,/compare/japan/,已覆盖,JP,japan,,否
japan sim card for tourist haneda airport,国家·落地渠道,42.7,1,2.0,2,1,"en-GB,en-US",japan sim card for tourists,国家页,/compare/japan/,已覆盖,JP,japan,,否
japan wireless esim reddit,国家·核心,42.7,1,2.0,2,1,"en-GB,en-US",japan esim reddit,国家页,/compare/japan/,已覆盖,JP,japan,,否
korea sim card,国家·核心,42.7,1,2.0,2,1,"en-GB,en-US",korea esim card,国家页,/compare/south-korea/,已覆盖,KR,south-korea,,否
macao esim,国家·核心,42.7,1,2.0,2,1,en-GB,macao esim,国家页,/compare/macao/,已覆盖,MO,macao,,否
pay as you go esim uk no contract,国家·核心,42.7,1,2.0,2,0,"en-GB,en-US",esim no contract,国家页,/compare/united-kingdom/,已覆盖,GB,united-kingdom,,否
saily esim data plans,品牌（全局）,42.7,1,2.0,2,0,"en-GB,en-US",saily esim plan,品牌 Hub,/esim-providers/saily/,已覆盖,,,saily,否
saily esim philippines review,品牌×国家,42.7,1,2.0,2,1,"en-GB,en-US",saily esim philippines,品牌×国家子页,/compare/philippines/saily/,已覆盖,PH,philippines,saily,否
saily esim review,品牌（全局）,42.7,1,2.0,2,0,"en-GB,en-US",saily esim,品牌 Hub,/esim-providers/saily/,已覆盖,,,saily,是
sim card for philippines travel,国家·核心,42.7,1,2.0,2,1,"en-GB,en-US",philippines sim card for tourists,国家页,/compare/philippines/,已覆盖,PH,philippines,,否
simify esim bali review,城市,42.7,1,2.0,2,1,"en-GB,en-US",esim for bali review,未建页型（禁区）,（无城市页，建议并入国家页）,缺口,,,,否
switzerland data sim card for tourist,国家·核心,42.7,1,2.0,2,1,"en-GB,en-US",switzerland sim card for tourists,国家页,/compare/switzerland/,已覆盖,CH,switzerland,,否
switzerland sim card,国家·核心,42.7,1,2.0,2,1,"en-GB,en-US",switzerland esim card,国家页,/compare/switzerland/,已覆盖,CH,switzerland,,否
thailand sim card for tourist agoda,国家·核心,42.7,1,2.0,2,1,"en-GB,en-US",thailand sim card for tourists,国家页,/compare/thailand/,已覆盖,TH,thailand,,否
three uk esim review,国家·核心,42.7,1,2.0,2,1,"en-GB,en-US",esim for uk review,国家页,/compare/united-kingdom/,已覆盖,GB,united-kingdom,,否
top up esim,通用·规则/规格,42.7,1,2.0,2,0,"en-GB,en-US",esim top up,首页/枢纽,/,已覆盖,,,,否
uk esim card,国家·核心,42.7,1,2.0,2,1,"en-GB,en-US",uk esim card,国家页,/compare/united-kingdom/,已覆盖,GB,united-kingdom,,否
uk prepaid sim card for tourist,国家·核心,42.7,1,2.0,2,1,"en-GB,en-US",uk sim card for tourists,国家页,/compare/united-kingdom/,已覆盖,GB,united-kingdom,,否
us esim with phone number,国家·规格/流量,42.7,1,2.0,2,1,"en-GB,en-US",us esim,国家页,/compare/united-states/,已覆盖,US,united-states,,否
usa e sim card tourist,国家·核心,42.7,1,2.0,2,2,"en-GB,en-US",usa esim card,国家页,/compare/united-states/,已覆盖,US,united-states,,否
vodafone egypt sim card for tourist,国家·核心,42.7,1,2.0,2,1,"en-GB,en-US",egypt sim card for tourists,国家页,/compare/egypt/,已覆盖,EG,egypt,,否
what is an esim card,通用·问题,42.7,1,2.0,2,0,"en-GB,en-US",what is an esim,形态对比指南,/guides/esim-vs-physical-sim/,已覆盖,,,,否
esim for use in australia,国家·核心,42.5,5,4.0,3,3,"en-GB,en-US",do i need an esim for australia,国家页,/compare/australia/,已覆盖,AU,australia,,否
best esim for korea and japan,区域,42.3,9,6.0,4,4,"en-GB,en-US",best esim for korea,未建页型,（无区域页）,缺口,"KR,JP","south-korea,japan",,否
best esim for travel to italy,国家·核心,42.3,14,6.0,2,5,"en-GB,en-US",how to get an esim for italy,国家页,/compare/italy/,已覆盖,IT,italy,,否
qatar sim card for tourist,国家·核心,42.3,4,4.5,4,2,"en-GB,en-US",qatar sim card for tourists,国家页,/compare/qatar/,已覆盖,QA,qatar,,否
singapore cheapest travel esim japan,区域,42.3,4,4.5,4,2,"en-GB,en-US",cheapest esim japan,未建页型,（无区域页）,缺口,"SG,JP","singapore,japan",,否
best esim for bali for australians,城市,42.2,8,5.0,3,1,"en-GB,en-US",best esim for bali 2026,未建页型（禁区）,（无城市页，建议并入国家页）,缺口,,,,否
buy esim for russia,通用·其他,42.2,23,11.0,5,7,"en-GB,en-US",do i need an esim for czech republic,首页/枢纽,/,已覆盖,,,,否
esim canada plans,国家·核心,42.2,3,3.5,3,2,"en-GB,en-US",canada esim plans,国家页,/compare/canada/,已覆盖,CA,canada,,否
esim for malaysia,国家·核心,42.2,3,3.5,3,2,"en-GB,en-US",esim for manila,国家页,/compare/malaysia/,已覆盖,MY,malaysia,,否
esim for south pacific,通用·其他,42.2,8,5.0,3,4,"en-GB,en-US",fiji esim coverage map,首页/枢纽,/,已覆盖,,,,否
esim for vietnam and cambodia,国家·核心,42.2,13,5.0,1,4,"en-GB,en-US",viet nam esim 2026,国家页,/compare/vietnam/,已覆盖,VN,vietnam,,否
esim in new zealand,国家·核心,42.2,8,5.0,3,7,"en-GB,en-US",alosim esim new zealand,国家页,/compare/new-zealand/,已覆盖,NZ,new-zealand,,否
korea esim with phone number,国家·规格/流量,42.2,8,5.0,3,2,"en-GB,en-US",korea esim,国家页,/compare/south-korea/,已覆盖,KR,south-korea,,否
south africa sim card for tourist,国家·核心,42.2,8,6.5,5,8,"en-GB,en-US",croatia sim card for tourists,国家页,/compare/south-africa/,已覆盖,ZA,south-africa,,否
best esim for worldwide use,通用·全球,42.0,22,10.0,4,16,"en-GB,en-US",esim for colombia review,通用枢纽,/guides/,已覆盖,,,,否
esim card for italy,国家·核心,42.0,12,7.0,4,3,"en-GB,en-US",esim coverage in italy,国家页,/compare/italy/,已覆盖,IT,italy,,否
esim for usa travel,国家·核心,42.0,7,5.5,4,4,"en-GB,en-US",esim for usa,国家页,/compare/united-states/,已覆盖,US,united-states,,否
esim philippines smart,国家·核心,42.0,2,4.0,4,1,"en-GB,en-US",esim philippines,国家页,/compare/philippines/,已覆盖,PH,philippines,,否
esim usa prepaid plans,国家·核心,42.0,2,2.5,2,2,"en-GB,en-US",esim usa price,国家页,/compare/united-states/,已覆盖,US,united-states,,否
how to get an esim for uk,国家·核心,42.0,2,2.5,2,3,en-US,how to get an esim for peru,国家页,/compare/united-kingdom/,已覆盖,GB,united-kingdom,,否
how to purchase an esim for japan,国家·核心,42.0,12,7.0,4,3,"en-GB,en-US",how to get an esim for fiji,国家页,/compare/japan/,已覆盖,JP,japan,,否
nomad esim taiwan,品牌×国家,42.0,2,2.5,2,2,en-GB,nomad esim thailand,品牌×国家子页,/compare/taiwan/nomad/,已覆盖,TW,taiwan,nomad,否
saily esim taiwan,品牌×国家,42.0,2,2.5,2,2,en-GB,saily esim thailand,品牌×国家子页,/compare/taiwan/saily/,已覆盖,TW,taiwan,saily,否
taiwan esim unlimited data,国家·规格/流量,42.0,27,13.0,6,17,"en-GB,en-US",taiwan esim unlimited,国家页·无限流量区,/compare/taiwan/#plans,已覆盖,TW,taiwan,,否
ubigi esim asia,品牌（全局）,42.0,2,2.5,2,2,en-GB,ubigi esim india,品牌 Hub,/esim-providers/ubigi/,已覆盖,,,ubigi,否
what is airalo esim,品牌（全局）,42.0,7,4.0,2,9,"en-GB,en-US",airalo esim hong kong,品牌 Hub,/esim-providers/airalo/,已覆盖,,,airalo,否
best esim for ireland reddit,国家·核心,41.8,11,6.0,3,6,"en-GB,en-US",esim ireland reddit,国家页,/compare/ireland/,已覆盖,IE,ireland,,否
holafly esim south america,品牌（全局）,41.8,6,6.0,5,8,"en-GB,en-US",holafly esim costa rica,品牌 Hub,/esim-providers/holafly/,已覆盖,,,holafly,否
australia sim card for tourist,国家·核心,41.7,5,5.0,4,5,"en-GB,en-US",australia sim card for tourists,国家页,/compare/australia/,已覆盖,AU,australia,,否
best esim for manila and boracay 15 days,城市,41.7,5,5.0,4,2,"en-GB,en-US",best esim for manila,未建页型（禁区）,（无城市页，建议并入国家页）,缺口,,,,否
best esim for bali from nz,国家·核心,41.5,4,4.0,3,2,"en-GB,en-US",nz esim best,国家页,/compare/new-zealand/,已覆盖,NZ,new-zealand,,否
best esim for latin america,区域,41.5,14,7.0,3,7,"en-GB,en-US",best esim for argentina 2026,区域指南,/guides/best-americas-esim/,已覆盖,,,,是
best esim for spain reddit,国家·核心,41.5,4,4.0,3,1,"en-GB,en-US",esim spain reddit,国家页,/compare/spain/,已覆盖,ES,spain,,否
cheap esim for thailand,国家·价格/交易,41.5,24,10.0,3,11,"en-GB,en-US",cheapest esim for bangkok,国家页,/compare/thailand/,已覆盖,TH,thailand,,否
esim for usa and mexico,区域,41.5,34,11.5,1,9,"en-GB,en-US",esim for osaka,未建页型,（无区域页）,缺口,"MX,US","mexico,united-states",,否
how esim works in the philippines,国家·核心,41.5,14,7.0,3,9,"en-GB,en-US",esim coverage in philippines,国家页,/compare/philippines/,已覆盖,PH,philippines,,否
turkey esim ban,通用·其他,41.5,4,4.0,3,2,"en-GB,en-US",turkey esim best,首页/枢纽,/,已覆盖,,,,否
airalo esim malaysia,品牌×国家,41.3,3,3.0,2,3,en-US,airalo esim macao,品牌×国家子页,/compare/malaysia/airalo/,已覆盖,MY,malaysia,airalo,否
airalo esim portugal,品牌×国家,41.3,3,3.0,2,2,en-US,airalo esim peru,品牌×国家子页,/compare/portugal/airalo/,已覆盖,PT,portugal,airalo,否
alosim esim activation,品牌（全局）,41.3,3,3.0,2,3,"en-GB,en-US",alosim esim uk,品牌 Hub,/esim-providers/alosim/,已覆盖,,,alosim,否
best esim for uk,国家·核心,41.3,8,6.0,4,4,"en-GB,en-US",best esim for uk 2026,国家页,/compare/united-kingdom/,已覆盖,GB,united-kingdom,,否
cheap esim mobile phone,通用·价格交易,41.3,3,3.0,2,3,en-US,cheap esim mexico,首页/枢纽,/,已覆盖,,,,否
cheapest esim in australia,国家·价格/交易,41.3,8,9.0,8,9,"en-GB,en-US",cheapest esim china,国家页,/compare/australia/,已覆盖,AU,australia,,否
esim bali unlimited data,城市,41.3,18,9.0,4,12,"en-GB,en-US",unlimited data esim indonesia,未建页型（禁区）,（无城市页，建议并入国家页）,缺口,,,,否
esim for travel to philippines,国家·核心,41.3,3,3.0,2,2,en-US,how to get an esim for philippines,国家页,/compare/philippines/,已覆盖,PH,philippines,,否
sim card in germany for tourist,国家·核心,41.3,8,6.0,4,9,"en-GB,en-US",germany sim card for tourists,国家页,/compare/germany/,已覆盖,DE,germany,,否
the best esim for japan,国家·核心,41.3,3,3.0,2,4,en-US,esim for fiji review,国家页,/compare/japan/,已覆盖,JP,japan,,否
the best esim for thailand,国家·核心,41.3,3,3.0,2,3,en-GB,esim for bangkok review,国家页,/compare/thailand/,已覆盖,TH,thailand,,否
best esim to use in mexico,国家·核心,41.2,7,5.0,3,3,en-US,is esim available in mexico,国家页,/compare/mexico/,已覆盖,MX,mexico,,否
hong kong sim card for tourist,国家·核心,41.2,7,6.5,5,6,"en-GB,en-US",hong kong sim card for tourists,国家页,/compare/hong-kong/,已覆盖,HK,hong-kong,,否
nomad esim for china,品牌×国家,41.2,7,5.0,3,9,en-GB,nomad esim hong kong,品牌×国家子页,/compare/china/nomad/,已覆盖,CN,china,nomad,否
what is best esim for brazil,国家·核心,41.2,2,3.5,3,1,"en-GB,en-US",best esim for brazil,国家页,/compare/brazil/,已覆盖,BR,brazil,,否
what is the best esim in iceland,国家·核心,41.2,2,3.5,3,1,"en-GB,en-US",best esim for iceland,国家页,/compare/iceland/,已覆盖,IS,iceland,,否
best sim card for greece,国家·核心,41.0,1,2.5,2,1,"en-GB,en-US",greece sim card for tourists,国家页,/compare/greece/,已覆盖,GR,greece,,否
best sim card in australia for tourist,国家·核心,41.0,1,2.5,2,2,"en-GB,en-US",australia sim card for tourists,国家页,/compare/australia/,已覆盖,AU,australia,,否
best sim card malaysia for tourist,国家·核心,41.0,1,2.5,2,1,"en-GB,en-US",malaysia sim card for tourists,国家页,/compare/malaysia/,已覆盖,MY,malaysia,,否
buy airalo esim france,品牌×国家,41.0,1,2.5,2,1,"en-GB,en-US",airalo esim france,品牌×国家子页,/compare/france/airalo/,已覆盖,FR,france,airalo,否
buy esim for france,国家·核心,41.0,16,10.0,6,4,"en-GB,en-US",does esim work in france,国家页,/compare/france/,已覆盖,FR,france,,否
buy esim for korea,国家·核心,41.0,31,10.0,0,6,"en-GB,en-US",esim south korea price,国家页,/compare/south-korea/,已覆盖,KR,south-korea,,否
buy esim for south korea,国家·核心,41.0,31,10.0,0,6,"en-GB,en-US",does esim work in south korea,国家页,/compare/south-korea/,已覆盖,KR,south-korea,,否
esim australia reviews,国家·核心,41.0,1,2.5,2,2,"en-GB,en-US",esim for australia review,国家页,/compare/australia/,已覆盖,AU,australia,,否
esim for indonesia from australia,区域,41.0,6,5.5,4,2,"en-GB,en-US",esim for indonesia,未建页型,（无区域页）,缺口,"AU,ID","australia,indonesia",,否
esim for iphone 12,通用·设备兼容,41.0,1,2.5,2,0,"en-GB,en-US",esim for iphone,兼容指南,/guides/esim-compatibility-check/,已覆盖,,,,否
esim nigeria unlimited data,通用·规则/规格,41.0,26,10.0,2,19,"en-GB,en-US",unlimited data esim kenya,无限流量研究,/research/unlimited-esim/,已覆盖,,,,否
esim reviews usa,国家·核心,41.0,1,2.5,2,2,"en-GB,en-US",esim for usa review,国家页,/compare/united-states/,已覆盖,US,united-states,,否
france esim with phone number,国家·规格/流量,41.0,11,7.0,4,1,"en-GB,en-US",france esim,国家页,/compare/france/,已覆盖,FR,france,,否
holafly esim brasilien,品牌（全局）,41.0,1,2.5,2,1,"en-GB,en-US",holafly esim brazil,品牌 Hub,/esim-providers/holafly/,已覆盖,,,holafly,否
holafly esim china review,品牌×国家,41.0,6,4.0,2,7,"en-GB,en-US",holafly esim hong kong,品牌×国家子页,/compare/china/holafly/,已覆盖,CN,china,holafly,否
how to get esim in china,国家·核心,41.0,11,7.0,4,8,"en-GB,en-US",how to get an esim for china,国家页,/compare/china/,已覆盖,CN,china,,否
iceland sim card airport,国家·落地渠道,41.0,1,2.5,2,1,"en-GB,en-US",iceland esim card,国家页,/compare/iceland/,已覆盖,IS,iceland,,否
is holafly best value esim for usa,品牌×国家,41.0,1,2.5,2,2,"en-GB,en-US",holafly esim usa,品牌×国家子页,/compare/united-states/holafly/,已覆盖,US,united-states,holafly,否
klook esim japan review,国家·落地渠道,41.0,1,2.5,2,1,"en-GB,en-US",esim for japan review,国家页,/compare/japan/,已覆盖,JP,japan,,否
nomad esim card,品牌（全局）,41.0,1,2.5,2,0,"en-GB,en-US",nomad esim,品牌 Hub,/esim-providers/nomad/,已覆盖,,,nomad,否
nomad esim review,品牌（全局）,41.0,1,2.5,2,0,"en-GB,en-US",nomad esim,品牌 Hub,/esim-providers/nomad/,已覆盖,,,nomad,是
saily esim ultra,品牌（全局）,41.0,1,2.5,2,1,"en-GB,en-US",saily esim uk,品牌 Hub,/esim-providers/saily/,已覆盖,,,saily,否
sim card for korea,国家·核心,41.0,1,2.5,2,2,"en-GB,en-US",south korea sim card for tourists,国家页,/compare/south-korea/,已覆盖,KR,south-korea,,否
sim card for morocco,国家·核心,41.0,1,2.5,2,1,"en-GB,en-US",morocco sim card for tourists,国家页,/compare/morocco/,已覆盖,MA,morocco,,否
sim card in bali for tourist,城市,41.0,1,2.5,2,1,"en-GB,en-US",indonesia sim card for tourists,未建页型（禁区）,（无城市页，建议并入国家页）,缺口,,,,否
travel esim usa,国家·核心,41.0,1,2.5,2,0,"en-GB,en-US",travel esim,国家页,/compare/united-states/,已覆盖,US,united-states,,否
esim for hong kong and japan,区域,40.8,25,9.0,1,5,"en-GB,en-US",yesim esim hong kong,未建页型,（无区域页）,缺口,"HK,JP","hong-kong,japan",,否
taiwan esim for tourist,国家·核心,40.8,10,7.5,5,2,"en-GB,en-US",taipei esim coverage map,国家页,/compare/taiwan/,已覆盖,TW,taiwan,,否
australia esim card for tourist,国家·核心,40.7,4,5.0,4,3,"en-GB,en-US",australia esim card,国家页,/compare/australia/,已覆盖,AU,australia,,否
best esim for istanbul,城市,40.7,14,8.0,4,4,"en-GB,en-US",best esim for istanbul,未建页型（禁区）,（无城市页，建议并入国家页）,缺口,,,,是
esim japan and korea,区域,40.7,4,3.5,2,2,en-US,alosim esim south korea,未建页型,（无区域页）,缺口,"KR,JP","south-korea,japan",,否
south korea esim with phone number,国家·规格/流量,40.7,14,5.0,0,2,"en-GB,en-US",esim for south korea,国家页,/compare/south-korea/,已覆盖,KR,south-korea,,否
airalo esim card canada,品牌×国家,40.3,2,3.0,2,1,"en-GB,en-US",airalo esim canada,品牌×国家子页,/compare/canada/airalo/,已覆盖,CA,canada,airalo,否
airalo esim card costa rica,品牌×国家,40.3,2,3.0,2,1,"en-GB,en-US",airalo esim costa rica,品牌×国家子页,/compare/costa-rica/airalo/,已覆盖,CR,costa-rica,airalo,否
airalo esim card portugal,品牌×国家,40.3,2,3.0,2,1,"en-GB,en-US",airalo esim portugal,品牌×国家子页,/compare/portugal/airalo/,已覆盖,PT,portugal,airalo,否
airalo esim japan how to activate,品牌×国家,40.3,2,3.0,2,2,"en-GB,en-US",airalo esim japan,品牌×国家子页,/compare/japan/airalo/,已覆盖,JP,japan,airalo,否
airalo india esim review,品牌×国家,40.3,2,3.0,2,1,"en-GB,en-US",esim for india review,品牌×国家子页,/compare/india/airalo/,已覆盖,IN,india,airalo,否
australia and new zealand esim,区域,40.3,2,3.0,2,3,"en-GB,en-US",best esim for new zealand and australia,未建页型,（无区域页）,缺口,"NZ,AU","new-zealand,australia",,否
australian esim cards for travellers,通用·其他,40.3,2,3.0,2,3,"en-GB,en-US",australia esim card,形态对比指南,/guides/esim-vs-physical-sim/,已覆盖,,,,否
bali esim unlimited data,城市,40.3,2,3.0,2,1,"en-GB,en-US",bali esim unlimited,未建页型（禁区）,（无城市页，建议并入国家页）,缺口,,,,否
best esim card for egypt,国家·核心,40.3,12,6.0,2,1,"en-GB,en-US",best esim for egypt 2026,国家页,/compare/egypt/,已覆盖,EG,egypt,,否
best esim for philippines,国家·核心,40.3,7,6.0,4,5,"en-GB,en-US",best esim for manila 2026,国家页,/compare/philippines/,已覆盖,PH,philippines,,是
best esim for zimbabwe,通用·其他,40.3,2,3.0,2,2,"en-GB,en-US",best esim for nz,首页/枢纽,/,已覆盖,,,,是
buy esim hong kong,国家·核心,40.3,27,9.0,0,2,"en-GB,en-US",esim hong kong 10gb,国家页,/compare/hong-kong/,已覆盖,HK,hong-kong,,否
canada sim card for tourist,国家·核心,40.3,2,3.0,2,1,"en-GB,en-US",canada sim card for tourists,国家页,/compare/canada/,已覆盖,CA,canada,,否
cheapest esim europe 30 days,区域,40.3,2,3.0,2,2,en-US,cheapest esim colombia,区域指南,/guides/best-europe-esim/,已覆盖,,,,否
cheapest esim for india from uk,区域,40.3,2,3.0,2,1,"en-GB,en-US",cheapest esim for india,未建页型,（无区域页）,缺口,"IN,GB","india,united-kingdom",,否
e sim for kenya,国家·核心,40.3,2,3.0,2,1,"en-GB,en-US",esim kenya vs sim,国家页,/compare/kenya/,已覆盖,KE,kenya,,否
egypt sim card for tourist,国家·核心,40.3,7,6.0,4,6,"en-GB,en-US",egypt sim card for tourists,国家页,/compare/egypt/,已覆盖,EG,egypt,,否
esim card for australia and new zealand,区域,40.3,2,3.0,2,3,"en-GB,en-US",esim for australia and new zealand,未建页型,（无区域页）,缺口,"NZ,AU","new-zealand,australia",,否
esim for iphone 11,通用·设备兼容,40.3,2,3.0,2,1,"en-GB,en-US",esim for iphone,兼容指南,/guides/esim-compatibility-check/,已覆盖,,,,否
esim for london travel,城市,40.3,2,3.0,2,0,"en-GB,en-US",esim for london,未建页型（禁区）,（无城市页，建议并入国家页）,缺口,,,,否
esim for morocco,国家·核心,40.3,2,3.0,2,1,en-US,esim for macao,国家页,/compare/morocco/,已覆盖,MA,morocco,,否
esim for qatar and europe,国家·核心,40.3,2,4.5,4,1,"en-GB,en-US",esim for qatar,国家页,/compare/qatar/,已覆盖,QA,qatar,,否
esim in south korea,国家·核心,40.3,7,6.0,4,3,"en-GB,en-US",alosim esim south korea,国家页,/compare/south-korea/,已覆盖,KR,south-korea,,否
esim uae etisalat,国家·核心,40.3,2,3.0,2,1,"en-GB,en-US",esim uae,国家页,/compare/united-arab-emirates/,已覆盖,AE,united-arab-emirates,,否
esim usa canada,区域,40.3,2,3.0,2,3,"en-GB,en-US",esim for canada and usa,未建页型,（无区域页）,缺口,"CA,US","canada,united-states",,否
holafly esim taiwan,品牌×国家,40.3,2,3.0,2,2,en-GB,holafly esim japan,品牌×国家子页,/compare/taiwan/holafly/,已覆盖,TW,taiwan,holafly,否
israel esim card,国家·核心,40.3,2,4.5,4,1,"en-GB,en-US",israel esim,国家页,/compare/israel/,已覆盖,IL,israel,,否
korea esim unlimited data,国家·规格/流量,40.3,2,3.0,2,1,"en-GB,en-US",korea esim unlimited,国家页·无限流量区,/compare/south-korea/#plans,已覆盖,KR,south-korea,,否
mexico esim card,国家·核心,40.3,2,4.5,4,1,"en-GB,en-US",mexico esim,国家页,/compare/mexico/,已覆盖,MX,mexico,,否
saily esim europe,品牌（全局）,40.3,2,3.0,2,1,"en-GB,en-US",saily esim colombia,品牌 Hub,/esim-providers/saily/,已覆盖,,,saily,否
saily esim pricing plans,品牌（全局）,40.3,2,3.0,2,1,"en-GB,en-US",saily esim plan,品牌 Hub,/esim-providers/saily/,已覆盖,,,saily,否
sri lanka sim card for tourists,通用·其他,40.3,2,3.0,2,2,"en-GB,en-US",kenya sim card for tourists,形态对比指南,/guides/esim-vs-physical-sim/,已覆盖,,,,是
travel sim card south africa,国家·核心,40.3,2,3.0,2,3,"en-GB,en-US",south africa sim card for tourists,国家页,/compare/south-africa/,已覆盖,ZA,south-africa,,否
uae esim unlimited data,国家·规格/流量,40.3,2,3.0,2,1,"en-GB,en-US",uae esim unlimited,国家页·无限流量区,/compare/united-arab-emirates/#plans,已覆盖,AE,united-arab-emirates,,否
uae sim card price,国家·价格/交易,40.3,2,3.0,2,2,"en-GB,en-US",uae esim card,国家页,/compare/united-arab-emirates/,已覆盖,AE,united-arab-emirates,,否
unlimited data esim usa,国家·规格/流量,40.3,2,3.0,2,2,en-US,unlimited data esim peru,国家页·无限流量区,/compare/united-states/#plans,已覆盖,US,united-states,,否
what is esim australia,国家·核心,40.3,2,3.0,2,2,en-US,does esim work in australia,国家页,/compare/australia/,已覆盖,AU,australia,,否
airalo esim free trial,品牌（全局）,40.2,1,2.0,1,1,en-GB,airalo esim france,品牌 Hub,/esim-providers/airalo/,已覆盖,,,airalo,否
airalo esim promo code,品牌（全局）,40.2,1,2.0,1,1,en-US,airalo esim peru,品牌 Hub,/esim-providers/airalo/,已覆盖,,,airalo,否
australia sim plans,国家·核心,40.2,1,2.0,1,2,en-US,australia esim plans,国家页,/compare/australia/,已覆盖,AU,australia,,否
available esim in australia,国家·核心,40.2,1,2.0,1,2,en-US,is esim available in australia,国家页,/compare/australia/,已覆盖,AU,australia,,否
best esim,通用·其他,40.2,1,2.0,1,0,en-US,best esim,首页/枢纽,/,已覆盖,,,,否
best esim for holiday in usa,国家·核心,40.2,1,2.0,1,1,en-US,best esim for holland,国家页,/compare/united-states/,已覆盖,US,united-states,,否
best esim for usa and canada,区域,40.2,6,5.0,3,5,"en-GB,en-US",best esim for canada 2026,未建页型,（无区域页）,缺口,"CA,US","canada,united-states",,否
best esim in europe,区域,40.2,1,2.0,1,1,en-US,czech republic esim best,区域指南,/guides/best-europe-esim/,已覆盖,,,,否
best esim japan reddit,国家·核心,40.2,1,2.0,1,1,en-US,esim japan reddit,国家页,/compare/japan/,已覆盖,JP,japan,,否
best esim mexico reddit,国家·核心,40.2,1,2.0,1,1,en-US,esim mexico reddit,国家页,/compare/mexico/,已覆盖,MX,mexico,,否
best esim plan for japan,国家·规格/流量,40.2,1,2.0,1,1,en-US,japan esim plans,国家页,/compare/japan/,已覆盖,JP,japan,,否
best esim plans for italy,国家·规格/流量,40.2,1,2.0,1,1,en-US,italy esim plans,国家页,/compare/italy/,已覆盖,IT,italy,,否
best esim to use in australia,国家·核心,40.2,1,2.0,1,2,en-GB,does esim work in australia,国家页,/compare/australia/,已覆盖,AU,australia,,否
best esim to use in egypt,国家·核心,40.2,1,2.0,1,1,en-GB,does esim work in egypt,国家页,/compare/egypt/,已覆盖,EG,egypt,,否
best esim to use in philippines,国家·核心,40.2,6,5.0,3,2,"en-GB,en-US",does esim work in philippines,国家页,/compare/philippines/,已覆盖,PH,philippines,,否
best sim card for ireland,国家·核心,40.2,1,2.0,1,1,en-GB,ireland sim card for tourists,国家页,/compare/ireland/,已覆盖,IE,ireland,,否
best sim card for philippines,国家·核心,40.2,1,2.0,1,1,en-GB,philippines sim card for tourists,国家页,/compare/philippines/,已覆盖,PH,philippines,,否
best sim card in netherlands,国家·核心,40.2,1,2.0,1,1,en-US,netherlands sim card for tourists,国家页,/compare/netherlands/,已覆盖,NL,netherlands,,否
best travel sim card for south africa,国家·核心,40.2,1,2.0,1,2,en-GB,south africa sim card for tourists,国家页,/compare/south-africa/,已覆盖,ZA,south-africa,,否
buy airalo esim india,品牌×国家,40.2,1,2.0,1,1,en-US,airalo esim india,品牌×国家子页,/compare/india/airalo/,已覆盖,IN,india,airalo,否
buy airalo esim spain,品牌×国家,40.2,1,2.0,1,1,en-US,airalo esim spain,品牌×国家子页,/compare/spain/airalo/,已覆盖,ES,spain,airalo,否
cheap esim indonesia,国家·价格/交易,40.2,1,2.0,1,1,en-US,cheap esim india,国家页,/compare/indonesia/,已覆盖,ID,indonesia,,否
cheap sim ireland,国家·价格/交易,40.2,1,2.0,1,1,en-US,cheap esim ireland,国家页,/compare/ireland/,已覆盖,IE,ireland,,否
cheapest esim for uk,国家·价格/交易,40.2,1,2.0,1,1,en-US,cheapest esim for uae,国家页,/compare/united-kingdom/,已覆盖,GB,united-kingdom,,否
china esim buy,国家·核心,40.2,1,2.0,1,1,en-US,china esim best,国家页,/compare/china/,已覆盖,CN,china,,否
china sim price,国家·价格/交易,40.2,1,2.0,1,1,en-US,china esim price,国家页,/compare/china/,已覆盖,CN,china,,否
do i need an esim for norway,通用·问题,40.2,1,2.0,1,1,en-US,do i need an esim for nz,首页/枢纽,/,已覆盖,,,,否
e sim for us and canada,区域,40.2,1,2.0,1,3,en-GB,esim for usa and canada,未建页型,（无区域页）,缺口,"CA,US","canada,united-states",,否
esim andorra movistar,通用·其他,40.2,1,2.0,1,0,en-US,esim orlando,首页/枢纽,/,已覆盖,,,,否
esim ausland wie funktioniert das,通用·其他,40.2,1,2.0,1,0,en-US,esim auckland,首页/枢纽,/,已覆盖,,,,否
esim cannot be added code no longer valid,通用·价格交易,40.2,1,2.0,1,1,en-US,esim cancun,折扣页,/esim-deals/,已覆盖,,,,否
esim card for use in philippines,国家·核心,40.2,1,2.0,1,1,en-US,esim coverage in philippines,国家页,/compare/philippines/,已覆盖,PH,philippines,,否
esim card new zealand,国家·核心,40.2,1,2.0,1,1,en-US,cape town esim card,国家页,/compare/new-zealand/,已覆盖,NZ,new-zealand,,否
esim caribbean,区域,40.2,1,2.0,1,0,en-US,esim cairo,区域指南,/guides/best-americas-esim/,已覆盖,,,,否
esim cheap germany,国家·价格/交易,40.2,1,2.0,1,1,en-US,cheap esim germany,国家页,/compare/germany/,已覆盖,DE,germany,,否
esim china iphone xs,国家·设备兼容,40.2,1,2.0,1,1,en-US,esim china for iphone,国家页,/compare/china/,已覆盖,CN,china,,否
esim for andorra,通用·其他,40.2,1,2.0,1,0,en-US,esim for orlando,首页/枢纽,/,已覆盖,,,,否
esim for cancun,城市,40.2,1,2.0,1,1,en-GB,esim cancun,未建页型（禁区）,（无城市页，建议并入国家页）,缺口,,,,是
esim for cruise,通用·其他,40.2,1,2.0,1,0,en-US,esim for cruise,首页/枢纽,/,已覆盖,,,,否
esim for cruises,通用·其他,40.2,1,2.0,1,0,en-GB,esim for cruise,首页/枢纽,/,已覆盖,,,,否
esim for haiti,通用·其他,40.2,1,2.0,1,0,en-US,esim for hanoi,首页/枢纽,/,已覆盖,,,,否
esim for honduras,通用·其他,40.2,1,2.0,1,1,en-US,esim for holland,首页/枢纽,/,已覆盖,,,,否
esim for italy,国家·核心,40.2,1,2.0,1,0,en-GB,is esim worth it,国家页,/compare/italy/,已覆盖,IT,italy,,否
esim for jamaica,通用·其他,40.2,1,2.0,1,0,en-GB,esim for hawaii,首页/枢纽,/,已覆盖,,,,否
esim for kazakhstan,通用·其他,40.2,1,2.0,1,1,en-US,esim for ksa,首页/枢纽,/,已覆盖,,,,否
esim for marrakesh,通用·其他,40.2,1,2.0,1,0,en-US,esim for marrakech,首页/枢纽,/,已覆盖,,,,否
esim for poland,国家·核心,40.2,1,2.0,1,1,en-GB,esim for holland,国家页,/compare/poland/,已覆盖,PL,poland,,否
esim for toronto,城市,40.2,1,2.0,1,0,en-US,esim for tokyo,未建页型（禁区）,（无城市页，建议并入国家页）,缺口,,,,是
esim honor,通用·其他,40.2,1,2.0,1,0,en-US,esim hanoi,首页/枢纽,/,已覆盖,,,,否
esim iphone usa,国家·设备兼容,40.2,1,2.0,1,2,en-US,esim usa for iphone,国家页,/compare/united-states/,已覆盖,US,united-states,,否
esim nairobi,城市,40.2,1,2.0,1,0,en-GB,esim cairo,未建页型（禁区）,（无城市页，建议并入国家页）,缺口,,,,否
esim to korea,国家·核心,40.2,1,2.0,1,0,en-GB,esim tokyo,国家页,/compare/south-korea/,已覆盖,KR,south-korea,,否
esim uk,国家·核心,40.2,1,2.0,1,0,en-GB,esim,国家页,/compare/united-kingdom/,已覆盖,GB,united-kingdom,,否
esim us,国家·核心,40.2,1,2.0,1,1,en-US,esim us,国家页,/compare/united-states/,已覆盖,US,united-states,,否
esim usa coverage,国家·网络覆盖,40.2,1,2.0,1,2,en-US,esim coverage in usa,国家网络页,/networks/united-states/,已覆盖,US,united-states,,否
etisalat esim qr code,通用·价格交易,40.2,1,2.0,1,1,en-US,qatar esim coverage map,折扣页,/esim-deals/,已覆盖,,,,否
german sim card,通用·其他,40.2,1,2.0,1,1,en-GB,germany esim card,形态对比指南,/guides/esim-vs-physical-sim/,已覆盖,,,,否
get a ireland esim for calls,国家·核心,40.2,1,2.0,1,1,en-US,how to get an esim for ireland,国家页,/compare/ireland/,已覆盖,IE,ireland,,否
holafly esim brasil,品牌（全局）,40.2,1,2.0,1,1,en-US,holafly esim brazil,品牌 Hub,/esim-providers/holafly/,已覆盖,,,holafly,否
holafly esim egitto,品牌（全局）,40.2,1,2.0,1,1,en-GB,holafly esim egypt,品牌 Hub,/esim-providers/holafly/,已覆盖,,,holafly,否
holafly esim germany,品牌×国家,40.2,1,2.0,1,1,en-GB,holafly esim georgia,品牌×国家子页,/compare/germany/holafly/,已覆盖,DE,germany,holafly,否
holafly esim purchase,品牌（全局）,40.2,1,2.0,1,1,en-US,holafly esim peru,品牌 Hub,/esim-providers/holafly/,已覆盖,,,holafly,否
holafly esim speed,品牌（全局）,40.2,1,2.0,1,1,en-US,holafly esim spain,品牌 Hub,/esim-providers/holafly/,已覆盖,,,holafly,否
holafly sim france,品牌×国家,40.2,1,2.0,1,1,en-US,holafly esim france,品牌×国家子页,/compare/france/holafly/,已覆盖,FR,france,holafly,否
holafly sim usa,品牌×国家,40.2,1,2.0,1,2,en-GB,holafly esim usa,品牌×国家子页,/compare/united-states/holafly/,已覆盖,US,united-states,holafly,否
how to get an esim in canada,国家·核心,40.2,1,2.0,1,1,en-US,how to get an esim for canada,国家页,/compare/canada/,已覆盖,CA,canada,,否
how to get an esim in singapore,国家·核心,40.2,1,2.0,1,1,en-US,how to get an esim for singapore,国家页,/compare/singapore/,已覆盖,SG,singapore,,否
how to get vodafone esim for iphone in india,国家·设备兼容,40.2,1,2.0,1,1,en-US,esim india for iphone,国家页,/compare/india/,已覆盖,IN,india,,否
how to install esim,通用·问题,40.2,1,2.0,1,0,en-US,how to install esim,安装指南,/guides/how-to-install-esim/,已覆盖,,,,否
iceland sim card,国家·核心,40.2,1,2.0,1,1,en-US,iceland esim card,国家页,/compare/iceland/,已覆盖,IS,iceland,,否
india sim plans,国家·核心,40.2,1,2.0,1,1,en-US,india esim plans,国家页,/compare/india/,已覆盖,IN,india,,否
iphone 17 esim hong kong,国家·设备兼容,40.2,1,2.0,1,1,en-US,esim hong kong for iphone,国家页,/compare/hong-kong/,已覆盖,HK,hong-kong,,否
iphone 17 pro esim uk,国家·设备兼容,40.2,1,2.0,1,1,en-US,esim uk for iphone,国家页,/compare/united-kingdom/,已覆盖,GB,united-kingdom,,否
ireland esim,国家·核心,40.2,1,2.0,1,1,en-GB,holland esim,国家页,/compare/ireland/,已覆盖,IE,ireland,,是
ireland sim card,国家·核心,40.2,1,2.0,1,1,en-US,ireland esim card,国家页,/compare/ireland/,已覆盖,IE,ireland,,否
is esim good,通用·问题,40.2,1,2.0,1,0,en-GB,is yesim good,首页/枢纽,/,已覆盖,,,,否
is iphone 14 esim compatible australia,国家·设备兼容,40.2,1,2.0,1,2,en-US,esim australia for iphone,国家页,/compare/australia/,已覆盖,AU,australia,,否
is iphone 17 in canada esim only,国家·设备兼容,40.2,1,2.0,1,1,en-US,esim canada for iphone,国家页,/compare/canada/,已覆盖,CA,canada,,否
japan esim network,国家·网络覆盖,40.2,1,2.0,1,1,en-US,japan esim best,国家网络页,/networks/japan/,已覆盖,JP,japan,,否
klook esim promo code,通用·价格交易,40.2,1,2.0,1,0,en-US,esim promo code,折扣页,/esim-deals/,已覆盖,,,,否
korea esim tourist,国家·核心,40.2,1,2.0,1,1,en-US,korea esim best,国家页,/compare/south-korea/,已覆盖,KR,south-korea,,否
nomad esim egypt,品牌×国家,40.2,1,2.0,1,1,en-US,nomad esim colombia,品牌×国家子页,/compare/egypt/nomad/,已覆盖,EG,egypt,nomad,否
nomad esim free trial,品牌（全局）,40.2,1,2.0,1,1,en-GB,nomad esim france,品牌 Hub,/esim-providers/nomad/,已覆盖,,,nomad,否
nz esim,国家·核心,40.2,1,2.0,1,1,en-US,nz esim,国家页,/compare/new-zealand/,已覆盖,NZ,new-zealand,,否
philippines sim card for tourist price,国家·价格/交易,40.2,1,2.0,1,1,en-US,philippines sim card for tourists,国家页,/compare/philippines/,已覆盖,PH,philippines,,否
portugal sim card,国家·核心,40.2,1,2.0,1,1,en-US,portugal esim card,国家页,/compare/portugal/,已覆盖,PT,portugal,,否
saily esim iceland,品牌×国家,40.2,1,2.0,1,1,en-US,saily esim ireland,品牌×国家子页,/compare/iceland/saily/,已覆盖,IS,iceland,saily,否
saily esim is ok in uk,品牌×国家,40.2,1,2.0,1,1,en-US,saily esim israel,品牌×国家子页,/compare/united-kingdom/saily/,已覆盖,GB,united-kingdom,saily,否
sim card for ireland,国家·核心,40.2,1,2.0,1,1,en-US,ireland sim card for tourists,国家页,/compare/ireland/,已覆盖,IE,ireland,,否
sim card for portugal,国家·核心,40.2,1,2.0,1,1,en-US,portugal sim card for tourists,国家页,/compare/portugal/,已覆盖,PT,portugal,,否
sim card for singapore tourist,国家·核心,40.2,1,2.0,1,1,en-GB,singapore sim card for tourists,国家页,/compare/singapore/,已覆盖,SG,singapore,,否
sim card in portugal,国家·核心,40.2,1,2.0,1,1,en-GB,portugal sim card for tourists,国家页,/compare/portugal/,已覆盖,PT,portugal,,否
sim card in singapore for tourist,国家·核心,40.2,1,2.0,1,1,en-US,singapore sim card for tourists,国家页,/compare/singapore/,已覆盖,SG,singapore,,否
singapore sim card,国家·核心,40.2,1,2.0,1,1,en-US,singapore esim card,国家页,/compare/singapore/,已覆盖,SG,singapore,,否
turkcell tourist sim card,通用·其他,40.2,1,2.0,1,1,en-US,turkiye sim card for tourists,形态对比指南,/guides/esim-vs-physical-sim/,已覆盖,,,,否
turkey sim card,通用·其他,40.2,1,2.0,1,1,en-GB,turkey esim card,形态对比指南,/guides/esim-vs-physical-sim/,已覆盖,,,,否
ubigi esim taiwan,品牌×国家,40.2,1,2.0,1,1,en-GB,ubigi esim thailand,品牌×国家子页,/compare/taiwan/ubigi/,已覆盖,TW,taiwan,ubigi,否
uk esim prepaid,国家·核心,40.2,1,2.0,1,1,en-US,uk esim price,国家页,/compare/united-kingdom/,已覆盖,GB,united-kingdom,,否
uk esim travel,国家·核心,40.2,1,2.0,1,1,en-US,uk esim best,国家页,/compare/united-kingdom/,已覆盖,GB,united-kingdom,,否
uk sim plans,国家·核心,40.2,1,2.0,1,1,en-US,uk esim plans,国家页,/compare/united-kingdom/,已覆盖,GB,united-kingdom,,否
unlimited data sim south africa,国家·规格/流量,40.2,1,2.0,1,2,en-US,unlimited data esim south africa,国家页·无限流量区,/compare/south-africa/#plans,已覆盖,ZA,south-africa,,否
unlimited data sim uk,国家·规格/流量,40.2,1,2.0,1,1,en-US,unlimited data esim uk,国家页·无限流量区,/compare/united-kingdom/#plans,已覆盖,GB,united-kingdom,,否
unlimited data sim usa,国家·规格/流量,40.2,1,2.0,1,2,en-US,unlimited data esim usa,国家页·无限流量区,/compare/united-states/#plans,已覆盖,US,united-states,,否
us esim plans,国家·规格/流量,40.2,1,2.0,1,2,en-US,usa esim plans,国家页,/compare/united-states/,已覆盖,US,united-states,,否
what is esim uk,国家·核心,40.2,1,2.0,1,1,en-GB,does esim work in ireland,国家页,/compare/united-kingdom/,已覆盖,GB,united-kingdom,,否
what is the best esim for greece,国家·核心,40.2,1,2.0,1,2,en-US,best esim for greece and turkey,国家页,/compare/greece/,已覆盖,GR,greece,,否
where to get esim philippines,国家·核心,40.2,1,2.0,1,1,en-US,how to get an esim for philippines,国家页,/compare/philippines/,已覆盖,PH,philippines,,否
yesim esim kuba erfahrungen,品牌（全局）,40.2,1,2.0,1,1,en-GB,yesim esim uk,品牌 Hub,/esim-providers/yesim/,已覆盖,,,yesim,否
diferencia entre sim y esim,通用·其他,40.0,5,4.0,2,5,en-US,esim argentina vs sim,首页/枢纽,/,已覆盖,,,,否
esim for use in india,国家·核心,40.0,5,4.0,2,5,"en-GB,en-US",do i need an esim for india,国家页,/compare/india/,已覆盖,IN,india,,否
how to use esim overseas,通用·全球,40.0,30,10.0,0,14,"en-GB,en-US",how to get an esim for croatia,通用枢纽,/guides/,已覆盖,,,,否
unlimited data esim south africa,国家·规格/流量,40.0,43,16.0,0,33,en-US,nz esim unlimited data,国家页·无限流量区,/compare/south-africa/#plans,已覆盖,ZA,south-africa,,否
unlimited data travel esim,通用·规则/规格,40.0,68,15.0,0,52,"en-GB,en-US",cape town esim unlimited data,无限流量研究,/research/unlimited-esim/,已覆盖,,,,否
esim card for travel to egypt,国家·核心,39.8,9,6.0,3,1,"en-GB,en-US",egypt esim coverage map,国家页,/compare/egypt/,已覆盖,EG,egypt,,否
european esim card for iphone,区域,39.8,9,6.0,3,10,en-US,esim belgium for iphone,区域指南,/guides/best-europe-esim/,已覆盖,,,,否
spain sim card for tourist,国家·核心,39.8,9,7.5,5,8,"en-GB,en-US",spain sim card for tourists,国家页,/compare/spain/,已覆盖,ES,spain,,否
switzerland esim plans,国家·规格/流量,39.8,4,6.0,5,1,"en-GB,en-US",switzerland esim price,国家页,/compare/switzerland/,已覆盖,CH,switzerland,,是
alosim esim benefits,品牌（全局）,39.7,3,3.5,2,3,"en-GB,en-US",alosim esim,品牌 Hub,/esim-providers/alosim/,已覆盖,,,alosim,否
best esim for england and scotland,国家·核心,39.7,3,3.5,2,1,"en-GB,en-US",best esim for england,国家页,/compare/united-kingdom/,已覆盖,GB,united-kingdom,,否
do i need an esim for turkey,通用·问题,39.7,3,3.5,2,3,"en-GB,en-US",do i need an esim for egypt,首页/枢纽,/,已覆盖,,,,否
esim germany unlimited europe,国家·规格/流量,39.7,3,5.0,4,2,"en-GB,en-US",germany esim unlimited,国家页·无限流量区,/compare/germany/#plans,已覆盖,DE,germany,,否
esim netherlands prepaid,国家·核心,39.7,3,5.0,4,1,"en-GB,en-US",esim netherlands,国家页,/compare/netherlands/,已覆盖,NL,netherlands,,否
holafly esim for usa,品牌×国家,39.7,8,8.0,6,10,"en-GB,en-US",holafly esim united arab emirates,品牌×国家子页,/compare/united-states/holafly/,已覆盖,US,united-states,holafly,否
holafly esim installation,品牌（全局）,39.7,3,3.5,2,3,"en-GB,en-US",holafly esim israel,品牌 Hub,/esim-providers/holafly/,已覆盖,,,holafly,否
holafly esim kanada,品牌（全局）,39.7,3,3.5,2,3,"en-GB,en-US",holafly esim canada,品牌 Hub,/esim-providers/holafly/,已覆盖,,,holafly,否
netherlands esim with phone number,国家·规格/流量,39.7,3,5.0,4,1,"en-GB,en-US",netherlands esim,国家页,/compare/netherlands/,已覆盖,NL,netherlands,,否
new zealand esim tourist,国家·核心,39.7,3,5.0,4,1,"en-GB,en-US",new zealand esim,国家页,/compare/new-zealand/,已覆盖,NZ,new-zealand,,否
new zealand esim with phone number,国家·规格/流量,39.7,8,6.5,4,2,"en-GB,en-US",new zealand esim,国家页,/compare/new-zealand/,已覆盖,NZ,new-zealand,,否
nomad esim kanada,品牌（全局）,39.7,3,3.5,2,3,"en-GB,en-US",nomad esim kenya,品牌 Hub,/esim-providers/nomad/,已覆盖,,,nomad,否
south korea esim card for foreigners,国家·核心,39.7,3,5.0,4,2,"en-GB,en-US",south korea esim,国家页,/compare/south-korea/,已覆盖,KR,south-korea,,否
what's the difference between sim and esim,通用·对比,39.7,23,8.0,0,25,en-US,esim germany vs sim,形态对比指南,/guides/esim-vs-physical-sim/,已覆盖,,,,否
do i need an esim for new zealand,国家·核心,39.5,2,2.5,1,2,en-US,do i need an esim for nz,国家页,/compare/new-zealand/,已覆盖,NZ,new-zealand,,否
does esim work in south africa,国家·核心,39.5,2,2.5,1,3,en-US,does esim work in usa,国家页,/compare/south-africa/,已覆盖,ZA,south-africa,,是
esim price philippines,国家·价格/交易,39.5,2,2.5,1,1,"en-GB,en-US",esim philippines price,国家页,/compare/philippines/,已覆盖,PH,philippines,,否
nomad esim customer service,品牌（全局）,39.5,7,5.5,3,9,"en-GB,en-US",nomad esim saudi arabia,品牌 Hub,/esim-providers/nomad/,已覆盖,,,nomad,否
nomad esim malaysia,品牌×国家,39.5,2,2.5,1,2,en-US,nomad esim macao,品牌×国家子页,/compare/malaysia/nomad/,已覆盖,MY,malaysia,nomad,否
what's the best esim for vietnam,国家·核心,39.5,12,7.0,3,4,"en-GB,en-US",best esim for viet nam 2026,国家页,/compare/vietnam/,已覆盖,VN,vietnam,,否
airalo esim card egypt,品牌×国家,39.3,1,3.0,2,1,"en-GB,en-US",airalo esim egypt,品牌×国家子页,/compare/egypt/airalo/,已覆盖,EG,egypt,airalo,否
airalo esim card for new zealand,品牌×国家,39.3,1,3.0,2,1,"en-GB,en-US",airalo esim new zealand,品牌×国家子页,/compare/new-zealand/airalo/,已覆盖,NZ,new-zealand,airalo,否
airalo esim card italy,品牌×国家,39.3,1,3.0,2,1,"en-GB,en-US",airalo esim italy,品牌×国家子页,/compare/italy/airalo/,已覆盖,IT,italy,airalo,否
airalo esim card malaysia,品牌×国家,39.3,1,3.0,2,1,"en-GB,en-US",airalo esim malaysia,品牌×国家子页,/compare/malaysia/airalo/,已覆盖,MY,malaysia,airalo,否
airalo esim card south africa,品牌×国家,39.3,1,3.0,2,2,"en-GB,en-US",airalo esim south africa,品牌×国家子页,/compare/south-africa/airalo/,已覆盖,ZA,south-africa,airalo,否
airalo esim card vietnam,品牌×国家,39.3,1,3.0,2,1,"en-GB,en-US",airalo esim vietnam,品牌×国家子页,/compare/vietnam/airalo/,已覆盖,VN,vietnam,airalo,否
airalo esim china hotspot,品牌×国家,39.3,1,3.0,2,1,"en-GB,en-US",airalo esim china,品牌×国家子页,/compare/china/airalo/,已覆盖,CN,china,airalo,否
austria sim card,国家·核心,39.3,1,3.0,2,2,"en-GB,en-US",austria esim card,国家页,/compare/austria/,已覆盖,AT,austria,,否
bali esim card,城市,39.3,1,3.0,2,1,"en-GB,en-US",bali esim,未建页型（禁区）,（无城市页，建议并入国家页）,缺口,,,,否
bali sim card where to buy,城市,39.3,1,3.0,2,1,"en-GB,en-US",bali esim card,未建页型（禁区）,（无城市页，建议并入国家页）,缺口,,,,否
best egypt sim card for tourist,国家·核心,39.3,1,3.0,2,1,"en-GB,en-US",egypt sim card for tourists,国家页,/compare/egypt/,已覆盖,EG,egypt,,否
best esim for sri lanka,通用·其他,39.3,1,3.0,2,1,"en-GB,en-US",esim for india and sri lanka,首页/枢纽,/,已覆盖,,,,是
best new zealand sim card for tourist,国家·核心,39.3,1,3.0,2,1,"en-GB,en-US",new zealand sim card for tourists,国家页,/compare/new-zealand/,已覆盖,NZ,new-zealand,,否
best uk prepaid sim card for tourist,国家·核心,39.3,1,3.0,2,1,"en-GB,en-US",uk sim card for tourists,国家页,/compare/united-kingdom/,已覆盖,GB,united-kingdom,,否
buy airalo esim australia,品牌×国家,39.3,1,3.0,2,2,"en-GB,en-US",airalo esim australia,品牌×国家子页,/compare/australia/airalo/,已覆盖,AU,australia,airalo,否
canada data sim card for tourist,国家·核心,39.3,1,3.0,2,1,"en-GB,en-US",canada sim card for tourists,国家页,/compare/canada/,已覆盖,CA,canada,,否
canada sim card,国家·核心,39.3,1,3.0,2,1,"en-GB,en-US",canada esim card,国家页,/compare/canada/,已覆盖,CA,canada,,否
cheapest esim phone,通用·价格交易,39.3,1,3.0,2,0,"en-GB,en-US",cheapest esim,首页/枢纽,/,已覆盖,,,,否
cheapest esim provider,通用·价格交易,39.3,1,3.0,2,1,en-US,cheapest esim peru,首页/枢纽,/,已覆盖,,,,否
cheapest sim australia,国家·价格/交易,39.3,1,3.0,2,2,en-US,cheapest esim austria,国家页,/compare/australia/,已覆盖,AU,australia,,否
china sim card,国家·核心,39.3,1,3.0,2,1,"en-GB,en-US",china esim card,国家页,/compare/china/,已覆盖,CN,china,,否
dubai esim card,城市,39.3,1,3.0,2,1,"en-GB,en-US",dubai esim,未建页型（禁区）,（无城市页，建议并入国家页）,缺口,,,,否
esim adapter for android,通用·设备兼容,39.3,1,3.0,2,0,"en-GB,en-US",esim for android,兼容指南,/guides/esim-compatibility-check/,已覆盖,,,,否
esim beeline,通用·其他,39.3,1,3.0,2,0,"en-GB,en-US",esim berlin,首页/枢纽,/,已覆盖,,,,否
esim card argentina,国家·核心,39.3,1,3.0,2,1,"en-GB,en-US",argentina esim card,国家页,/compare/argentina/,已覆盖,AR,argentina,,否
esim deals australia,国家·价格/交易,39.3,1,3.0,2,0,"en-GB,en-US",esim deals,国家页,/compare/australia/,已覆盖,AU,australia,,否
esim dubai sept 2026,城市,39.3,1,3.0,2,1,"en-GB,en-US",esim dubai,未建页型（禁区）,（无城市页，建议并入国家页）,缺口,,,,否
esim fisica,通用·其他,39.3,1,3.0,2,1,en-GB,esim fiji,首页/枢纽,/,已覆盖,,,,否
esim for asian countries,区域,39.3,1,3.0,2,1,"en-GB,en-US",esim for asia,区域指南,/guides/best-asia-esim/,已覆盖,,,,否
esim for cruise ships at sea,通用·其他,39.3,1,3.0,2,0,"en-GB,en-US",esim for cruise,首页/枢纽,/,已覆盖,,,,否
esim for dubai at airport,城市,39.3,1,3.0,2,1,"en-GB,en-US",esim for dubai,未建页型（禁区）,（无城市页，建议并入国家页）,缺口,,,,否
esim for india from uk,区域,39.3,6,6.0,4,1,"en-GB,en-US",esim for india,未建页型,（无区域页）,缺口,"IN,GB","india,united-kingdom",,否
esim for international travel at&t,通用·全球,39.3,1,3.0,2,1,"en-GB,en-US",esim for international travel,通用枢纽,/guides/,已覆盖,,,,否
esim for korea and thailand,区域,39.3,1,3.0,2,1,"en-GB,en-US",esim for korea,未建页型,（无区域页）,缺口,"KR,TH","south-korea,thailand",,否
esim for travel to uk and france,区域,39.3,1,3.0,2,2,"en-GB,en-US",esim for uk and france,未建页型,（无区域页）,缺口,"FR,GB","france,united-kingdom",,否
esim for zimbabwe,通用·其他,39.3,1,3.0,2,1,"en-GB,en-US",esim for nz,首页/枢纽,/,已覆盖,,,,否
esim greenland,通用·其他,39.3,1,3.0,2,1,en-GB,esim greece,首页/枢纽,/,已覆盖,,,,是
esim hawaii 7 days,城市,39.3,1,3.0,2,0,"en-GB,en-US",esim hawaii,未建页型（禁区）,（无城市页，建议并入国家页）,缺口,,,,否
esim hotspot not working iphone,通用·设备兼容,39.3,1,3.0,2,0,"en-GB,en-US",esim hot spot,兼容指南,/guides/esim-compatibility-check/,已覆盖,,,,是
esim island,通用·其他,39.3,1,3.0,2,1,"en-GB,en-US",esim iceland,首页/枢纽,/,已覆盖,,,,否
esim kartica,通用·其他,39.3,1,3.0,2,1,"en-GB,en-US",esim ksa,首页/枢纽,/,已覆盖,,,,否
esim key features,通用·其他,39.3,1,3.0,2,1,en-GB,esim kenya,首页/枢纽,/,已覆盖,,,,否
esim korea travel,国家·核心,39.3,1,3.0,2,1,"en-GB,en-US",esim korea,国家页,/compare/south-korea/,已覆盖,KR,south-korea,,否
esim mania,通用·其他,39.3,1,3.0,2,1,"en-GB,en-US",esim manila,首页/枢纽,/,已覆盖,,,,否
esim nz plans,国家·核心,39.3,1,3.0,2,1,"en-GB,en-US",esim nz,国家页,/compare/new-zealand/,已覆盖,NZ,new-zealand,,否
esim plans canada,国家·规格/流量,39.3,1,3.0,2,0,"en-GB,en-US",esim plans,国家页,/compare/canada/,已覆盖,CA,canada,,否
esim polinesia,通用·其他,39.3,1,3.0,2,1,en-GB,esim poland,首页/枢纽,/,已覆盖,,,,否
esim roemenie,通用·其他,39.3,1,3.0,2,0,"en-GB,en-US",esim rome,首页/枢纽,/,已覆盖,,,,否
esim speed performance,通用·其他,39.3,1,3.0,2,0,"en-GB,en-US",esim speed,首页/枢纽,/,已覆盖,,,,否
esim uk no contract,国家·核心,39.3,1,3.0,2,0,"en-GB,en-US",esim no contract,国家页,/compare/united-kingdom/,已覆盖,GB,united-kingdom,,否
esim uk travel,国家·核心,39.3,1,3.0,2,1,"en-GB,en-US",esim uk,国家页,/compare/united-kingdom/,已覆盖,GB,united-kingdom,,否
esim vs pocket wifi japan reddit,国家·对比,39.3,1,3.0,2,0,"en-GB,en-US",esim vs pocket wifi,国家页,/compare/japan/,已覆盖,JP,japan,,否
esim vs sim pros and cons,通用·对比,39.3,1,3.0,2,0,"en-GB,en-US",esim vs sim,形态对比指南,/guides/esim-vs-physical-sim/,已覆盖,,,,否
esim work in india,国家·核心,39.3,1,3.0,2,1,"en-GB,en-US",does esim work in india,国家页,/compare/india/,已覆盖,IN,india,,否
greece sim card,国家·核心,39.3,1,3.0,2,1,"en-GB,en-US",greece esim card,国家页,/compare/greece/,已覆盖,GR,greece,,否
holafly esim china reddit,品牌×国家,39.3,1,3.0,2,1,"en-GB,en-US",holafly esim china,品牌×国家子页,/compare/china/holafly/,已覆盖,CN,china,holafly,否
holafly esim india,品牌×国家,39.3,1,3.0,2,1,"en-GB,en-US",holafly esim spain,品牌×国家子页,/compare/india/holafly/,已覆盖,IN,india,holafly,否
hong kong sim card unlimited data,国家·规格/流量,39.3,1,3.0,2,1,"en-GB,en-US",hong kong esim card,国家页·无限流量区,/compare/hong-kong/#plans,已覆盖,HK,hong-kong,,否
how to activate esim on samsung,通用·设备兼容,39.3,1,3.0,2,0,"en-GB,en-US",how to activate esim,兼容指南,/guides/esim-compatibility-check/,已覆盖,,,,否
italy sim card for travellers,国家·核心,39.3,1,3.0,2,1,"en-GB,en-US",italy esim card,国家页,/compare/italy/,已覆盖,IT,italy,,否
japan esim card with phone number,国家·规格/流量,39.3,1,3.0,2,1,"en-GB,en-US",japan esim card,国家页,/compare/japan/,已覆盖,JP,japan,,否
japan sim card for tourist narita airport,国家·落地渠道,39.3,1,3.0,2,1,"en-GB,en-US",japan sim card for tourists,国家页,/compare/japan/,已覆盖,JP,japan,,否
nz esim data only,国家·核心,39.3,1,3.0,2,1,"en-GB,en-US",nz esim,国家页,/compare/new-zealand/,已覆盖,NZ,new-zealand,,否
saily esim saudi arabia,品牌×国家,39.3,1,3.0,2,2,"en-GB,en-US",saily esim usa,品牌×国家子页,/compare/saudi-arabia/saily/,已覆盖,SA,saudi-arabia,saily,否
sim card in france for tourists,国家·核心,39.3,1,3.0,2,1,"en-GB,en-US",france sim card for tourists,国家页,/compare/france/,已覆盖,FR,france,,否
sim card italy for tourist,国家·核心,39.3,1,3.0,2,1,"en-GB,en-US",italy sim card for tourists,国家页,/compare/italy/,已覆盖,IT,italy,,否
sim in saudi arabia,国家·核心,39.3,1,3.0,2,1,"en-GB,en-US",saudi arabia sim card for tourists,国家页,/compare/saudi-arabia/,已覆盖,SA,saudi-arabia,,否
simba sim card singapore for tourists,国家·核心,39.3,1,3.0,2,1,"en-GB,en-US",singapore sim card for tourists,国家页,/compare/singapore/,已覆盖,SG,singapore,,否
spain sim card with phone number,国家·规格/流量,39.3,1,3.0,2,1,"en-GB,en-US",spain esim card,国家页,/compare/spain/,已覆盖,ES,spain,,否
thailand sim card for tourist price,国家·价格/交易,39.3,1,3.0,2,1,"en-GB,en-US",thailand sim card for tourists,国家页,/compare/thailand/,已覆盖,TH,thailand,,否
uk sim card,国家·核心,39.3,1,3.0,2,1,"en-GB,en-US",uk esim card,国家页,/compare/united-kingdom/,已覆盖,GB,united-kingdom,,否
unlimited esim japan,国家·规格/流量,39.3,1,3.0,2,0,"en-GB,en-US",unlimited esim,国家页·无限流量区,/compare/japan/#plans,已覆盖,JP,japan,,是
us esim for tourists,国家·核心,39.3,1,3.0,2,1,"en-GB,en-US",us esim,国家页,/compare/united-states/,已覆盖,US,united-states,,否
what is an esim and how does it work,通用·问题,39.3,1,3.0,2,0,"en-GB,en-US",what is an esim,概念指南,/guides/what-is-an-esim/,已覆盖,,,,否
best esim card for brazil,国家·核心,39.0,4,4.0,2,1,"en-GB,en-US",best esim for brazil,国家页,/compare/brazil/,已覆盖,BR,brazil,,否
best esim card for iceland,国家·核心,39.0,4,5.5,4,1,"en-GB,en-US",best esim for iceland,国家页,/compare/iceland/,已覆盖,IS,iceland,,否
esim for uk and europe,国家·核心,39.0,4,4.0,2,3,"en-GB,en-US",esim for uk,国家页,/compare/united-kingdom/,已覆盖,GB,united-kingdom,,否
esim for uk and ireland,区域,39.0,4,4.0,2,1,"en-GB,en-US",esim for uk,未建页型,（无区域页）,缺口,"IE,GB","ireland,united-kingdom",,否
esim phone plans usa,国家·核心,39.0,4,4.0,2,4,"en-GB,en-US",georgia esim coverage map,国家页,/compare/united-states/,已覆盖,US,united-states,,否
esim to use in australia,国家·核心,39.0,4,4.0,2,5,"en-GB,en-US",does esim work in austria,国家页,/compare/australia/,已覆盖,AU,australia,,否
malaysia esim with number,国家·核心,39.0,14,7.0,2,3,"en-GB,en-US",malaysia esim coverage map,国家页,/compare/malaysia/,已覆盖,MY,malaysia,,否
mexico esim with phone number,国家·规格/流量,39.0,9,4.0,0,2,"en-GB,en-US",does esim work in mexico,国家页,/compare/mexico/,已覆盖,MX,mexico,,否
esim data plan usa,国家·规格/流量,38.8,13,9.0,5,13,"en-GB,en-US",usa esim coverage map,国家页,/compare/united-states/,已覆盖,US,united-states,,否
esim for travel in europe,区域,38.8,18,7.5,1,8,"en-GB,en-US",croatia esim coverage map,区域指南,/guides/best-europe-esim/,已覆盖,,,,否
airalo esim netherlands,品牌×国家,38.7,2,3.5,2,1,en-GB,esim for netherlands,品牌×国家子页,/compare/netherlands/airalo/,已覆盖,NL,netherlands,airalo,否
bangkok sim card for tourist,城市,38.7,2,3.5,2,1,"en-GB,en-US",bangkok esim card,未建页型（禁区）,（无城市页，建议并入国家页）,缺口,,,,否
best esim for eastern europe,区域,38.7,32,11.0,0,17,"en-GB,en-US",best esim for czechia,区域指南,/guides/best-europe-esim/,已覆盖,,,,否
best esim for osaka,城市,38.7,2,3.5,2,0,"en-GB,en-US",esim for osaka,未建页型（禁区）,（无城市页，建议并入国家页）,缺口,,,,是
best esim for usa from canada,区域,38.7,2,3.5,2,3,"en-GB,en-US",best esim for canada and usa,未建页型,（无区域页）,缺口,"CA,US","canada,united-states",,否
best rated esim for thailand,国家·核心,38.7,12,8.0,4,3,"en-GB,en-US",esim for bangkok review,国家页,/compare/thailand/,已覆盖,TH,thailand,,否
cheapest esim mobile phone,通用·价格交易,38.7,2,3.5,2,2,en-US,cheapest esim macao,首页/枢纽,/,已覆盖,,,,否
china esim unlimited data,国家·规格/流量,38.7,2,5.0,4,1,"en-GB,en-US",china esim unlimited,国家页·无限流量区,/compare/china/#plans,已覆盖,CN,china,,否
does a china esim work in hong kong,区域,38.7,2,3.5,2,2,"en-GB,en-US",does esim work in hong kong,未建页型,（无区域页）,缺口,"HK,CN","hong-kong,china",,否
esim for netherlands and uk,区域,38.7,2,5.0,4,1,"en-GB,en-US",esim for netherlands,未建页型,（无区域页）,缺口,"NL,GB","netherlands,united-kingdom",,否
esim for travel to europe,区域,38.7,7,5.0,2,4,"en-GB,en-US",do i need an esim for croatia,区域指南,/guides/best-europe-esim/,已覆盖,,,,否
esim for turkey comparison,城市,38.7,12,9.5,6,3,"en-GB,en-US",esim for turkiye,未建页型（禁区）,（无城市页，建议并入国家页）,缺口,,,,否
holafly esim usa,品牌×国家,38.7,2,3.5,2,1,"en-GB,en-US",holafly esim uk,品牌×国家子页,/compare/united-states/holafly/,已覆盖,US,united-states,holafly,否
holafly vs airalo for southern italy esim,品牌×国家,38.7,2,3.5,2,1,"en-GB,en-US",holafly esim italy,品牌×国家子页,/compare/italy/holafly/,已覆盖,IT,italy,"holafly,airalo",否
iceland sim card cost,国家·价格/交易,38.7,2,3.5,2,1,"en-GB,en-US",iceland sim card for tourists,国家页,/compare/iceland/,已覆盖,IS,iceland,,否
israel sim card for tourists,国家·核心,38.7,2,3.5,2,2,"en-GB,en-US",israel esim card,国家页,/compare/israel/,已覆盖,IL,israel,,是
portugal sim card with data,国家·核心,38.7,2,3.5,2,1,"en-GB,en-US",portugal sim card for tourists,国家页,/compare/portugal/,已覆盖,PT,portugal,,否
best esim card for portugal,国家·核心,38.5,6,4.0,1,2,"en-GB,en-US",portugal esim best,国家页,/compare/portugal/,已覆盖,PT,portugal,,否
best esim for tanzania,通用·其他,38.3,5,6.0,4,3,"en-GB,en-US",best esim for kenya 2026,首页/枢纽,/,已覆盖,,,,是
canada esim with phone number,国家·规格/流量,38.3,5,6.0,4,1,"en-GB,en-US",canada esim,国家页,/compare/canada/,已覆盖,CA,canada,,否
esim for vietnam cambodia and thailand,区域,38.3,15,9.0,4,4,"en-GB,en-US",esim for philippines and vietnam,未建页型,（无区域页）,缺口,"TH,VN","thailand,vietnam",,否
what is esim nz,国家·核心,38.3,15,7.5,2,5,"en-GB,en-US",esim for nz review,国家页,/compare/new-zealand/,已覆盖,NZ,new-zealand,,否
cheapest esim for thailand,国家·价格/交易,38.2,19,11.0,5,13,"en-GB,en-US",cheapest esim for fiji,国家页,/compare/thailand/,已覆盖,TH,thailand,,是
cheapest esim in usa,国家·价格/交易,38.2,9,5.0,1,9,"en-GB,en-US",cheapest esim czech republic,国家页,/compare/united-states/,已覆盖,US,united-states,,否
esim for singapore and vietnam,区域,38.2,19,8.0,1,6,"en-GB,en-US",esim for philippines and vietnam,未建页型,（无区域页）,缺口,"SG,VN","singapore,vietnam",,否
best esim card for germany,国家·核心,38.0,3,4.0,2,1,"en-GB,en-US",germany esim best,国家页,/compare/germany/,已覆盖,DE,germany,,否
best esim for hawaii,城市,38.0,3,4.0,2,0,"en-GB,en-US",esim for hawaii,未建页型（禁区）,（无城市页，建议并入国家页）,缺口,,,,否
best esim for japan from australia,区域,38.0,3,4.0,2,3,"en-GB,en-US",best esim for japan,未建页型,（无区域页）,缺口,"AU,JP","australia,japan",,否
best esim for marrakech,城市,38.0,13,8.5,4,2,"en-GB,en-US",esim for marrakech,未建页型（禁区）,（无城市页，建议并入国家页）,缺口,,,,是
cheapest esim canada,国家·价格/交易,38.0,3,4.0,2,2,"en-GB,en-US",cheapest esim cancun,国家页,/compare/canada/,已覆盖,CA,canada,,否
cheapest esim phone australia,国家·价格/交易,38.0,3,4.0,2,2,"en-GB,en-US",cheapest esim for australia,国家页,/compare/australia/,已覆盖,AU,australia,,否
does taiwan have esim,国家·核心,38.0,8,7.0,4,2,"en-GB,en-US",does esim work in taiwan,国家页,/compare/taiwan/,已覆盖,TW,taiwan,,否
esim card for croatia,国家·核心,38.0,3,4.0,2,1,"en-GB,en-US",croatia esim card,国家页,/compare/croatia/,已覆盖,HR,croatia,,否
esim for the us,国家·核心,38.0,18,10.0,4,9,"en-GB,en-US",esim for georgia review,国家页,/compare/united-states/,已覆盖,US,united-states,,否
esim mexico iphone,国家·设备兼容,38.0,3,4.0,2,1,"en-GB,en-US",esim mexico for iphone,国家页,/compare/mexico/,已覆盖,MX,mexico,,否
free esim unlimited data,通用·规则/规格,38.0,28,10.0,0,28,"en-GB,en-US",india esim unlimited data,无限流量研究,/research/unlimited-esim/,已覆盖,,,,否
government esim for free,通用·其他,38.0,3,4.0,2,1,"en-GB,en-US",esim coverage in georgia,首页/枢纽,/,已覆盖,,,,否
italian sim card for tourists,通用·其他,38.0,3,4.0,2,3,"en-GB,en-US",argentina sim card for tourists,形态对比指南,/guides/esim-vs-physical-sim/,已覆盖,,,,否
japan esim tourist reddit,国家·核心,38.0,3,4.0,2,1,"en-GB,en-US",japan esim reddit,国家页,/compare/japan/,已覆盖,JP,japan,,否
south africa esim with phone number,国家·规格/流量,38.0,3,5.5,4,2,"en-GB,en-US",south africa esim,国家页,/compare/south-africa/,已覆盖,ZA,south-africa,,否
vietnam esim card,国家·核心,38.0,3,4.0,2,2,"en-GB,en-US",viet nam esim card,国家页,/compare/vietnam/,已覆盖,VN,vietnam,,否
best esim for iphone in japan,国家·设备兼容,37.8,2,3.0,1,2,en-US,esim japan for iphone,国家页,/compare/japan/,已覆盖,JP,japan,,否
best sim card in dubai for tourists,城市,37.8,2,3.0,1,2,en-GB,united arab emirates sim card for tourists,未建页型（禁区）,（无城市页，建议并入国家页）,缺口,,,,否
cheap esim plan canada,国家·价格/交易,37.8,2,3.0,1,2,en-US,cheap esim canada,国家页·套餐表,/compare/canada/#plans,已覆盖,CA,canada,,否
cheapest esim for ghana,通用·价格交易,37.8,2,3.0,1,2,en-US,cheapest esim for georgia,首页/枢纽,/,已覆盖,,,,是
does esim work in kenya,国家·核心,37.8,2,3.0,1,3,en-US,does esim work in uk,国家页,/compare/kenya/,已覆盖,KE,kenya,,是
esim malaysia and singapore,区域,37.8,2,3.0,1,3,en-US,esim malaysia vs sim,未建页型,（无区域页）,缺口,"SG,MY","singapore,malaysia",,否
esim prices australia,国家·价格/交易,37.8,2,3.0,1,2,"en-GB,en-US",esim australia price,国家页,/compare/australia/,已覆盖,AU,australia,,否
is esim available in south africa,国家·核心,37.8,2,3.0,1,3,en-US,is esim available in usa,国家页,/compare/south-africa/,已覆盖,ZA,south-africa,,否
jetpac esim thailand,品牌×国家,37.8,2,3.0,1,2,en-US,jetpac esim taiwan,品牌×国家子页,/compare/thailand/jetpac/,已覆盖,TH,thailand,jetpac,否
nomad esim egitto,品牌（全局）,37.8,2,3.0,1,2,"en-GB,en-US",nomad esim egypt,品牌 Hub,/esim-providers/nomad/,已覆盖,,,nomad,否
saily esim england,品牌×国家,37.8,2,3.0,1,2,"en-GB,en-US",saily esim ireland,品牌×国家子页,/compare/united-kingdom/saily/,已覆盖,GB,united-kingdom,saily,否
ubigi esim portugal,品牌×国家,37.8,2,3.0,1,2,en-US,ubigi esim poland,品牌×国家子页,/compare/portugal/ubigi/,已覆盖,PT,portugal,ubigi,否
what is the best esim for bali,城市,37.8,2,3.0,1,1,en-GB,cheapest esim for bali,未建页型（禁区）,（无城市页，建议并入国家页）,缺口,,,,否
best esim for mexico from canada,区域,37.7,6,6.5,4,4,"en-GB,en-US",best esim for mexico,未建页型,（无区域页）,缺口,"CA,MX","canada,mexico",,否
esim india for foreigners,国家·核心,37.7,1,3.5,2,1,"en-GB,en-US",esim india,国家页,/compare/india/,已覆盖,IN,india,,否
esim india plans,国家·核心,37.7,1,3.5,2,1,"en-GB,en-US",esim india,国家页,/compare/india/,已覆盖,IN,india,,否
esim options for japan,国家·核心,37.7,16,8.0,2,2,"en-GB,en-US",japan esim coverage map,国家页,/compare/japan/,已覆盖,JP,japan,,否
esim uk pay as you go,国家·核心,37.7,1,3.5,2,1,"en-GB,en-US",esim uk,国家页,/compare/united-kingdom/,已覆盖,GB,united-kingdom,,否
netherlands sim card for tourist,国家·核心,37.7,6,5.0,2,5,"en-GB,en-US",belgium sim card for tourists,国家页,/compare/netherlands/,已覆盖,NL,netherlands,,否
orange poland esim,国家·核心,37.7,1,3.5,2,1,"en-GB,en-US",esim for poland,国家页,/compare/poland/,已覆盖,PL,poland,,否
best esim card for switzerland,国家·核心,37.5,5,4.0,1,2,"en-GB,en-US",switzerland esim best,国家页,/compare/switzerland/,已覆盖,CH,switzerland,,否
best esim for japan and hong kong,区域,37.5,20,8.5,1,3,"en-GB,en-US",hong kong esim best,未建页型,（无区域页）,缺口,"HK,JP","hong-kong,japan",,否
japan sim card for tourist,国家·核心,37.5,5,5.5,3,5,"en-GB,en-US",japan sim card for tourists,国家页,/compare/japan/,已覆盖,JP,japan,,否
airalo esim card for poland,品牌×国家,37.2,3,5.0,3,1,"en-GB,en-US",airalo esim poland,品牌×国家子页,/compare/poland/airalo/,已覆盖,PL,poland,airalo,否
esim for thailand and singapore,区域,37.2,18,8.0,1,7,"en-GB,en-US",esim for singapore and indonesia,未建页型,（无区域页）,缺口,"SG,TH","singapore,thailand",,否
esim with phone number vietnam,国家·规格/流量,37.2,18,9.5,3,2,"en-GB,en-US",viet nam esim coverage map,国家页,/compare/vietnam/,已覆盖,VN,vietnam,,否
macau sim card for tourist,城市,37.2,3,5.0,3,1,"en-GB,en-US",macao sim card for tourists,未建页型（禁区）,（无城市页，建议并入国家页）,缺口,,,,否
best esim card for south korea,国家·核心,37.0,2,4.0,2,2,"en-GB,en-US",best esim for south korea,国家页,/compare/south-korea/,已覆盖,KR,south-korea,,否
best esim for hanoi,城市,37.0,2,4.0,2,0,"en-GB,en-US",esim for hanoi,未建页型（禁区）,（无城市页，建议并入国家页）,缺口,,,,是
best esim for puerto rico,通用·其他,37.0,17,8.5,2,3,"en-GB,en-US",best esim for peru,首页/枢纽,/,已覆盖,,,,是
buy airalo esim argentina,品牌×国家,37.0,2,4.0,2,1,"en-GB,en-US",airalo esim argentina,品牌×国家子页,/compare/argentina/airalo/,已覆盖,AR,argentina,airalo,否
buy airalo esim qatar,品牌×国家,37.0,2,4.0,2,1,"en-GB,en-US",airalo esim qatar,品牌×国家子页,/compare/qatar/airalo/,已覆盖,QA,qatar,airalo,否
colombia sim card,国家·核心,37.0,2,4.0,2,1,"en-GB,en-US",colombia esim card,国家页,/compare/colombia/,已覆盖,CO,colombia,,否
esim canada and usa,区域,37.0,2,4.0,2,2,"en-GB,en-US",esim canada,未建页型,（无区域页）,缺口,"CA,US","canada,united-states",,否
esim dubai unlimited data,城市,37.0,2,4.0,2,1,"en-GB,en-US",dubai esim unlimited,未建页型（禁区）,（无城市页，建议并入国家页）,缺口,,,,否
esim for thailand and bali,国家·核心,37.0,2,4.0,2,2,"en-GB,en-US",esim for thailand,国家页,/compare/thailand/,已覆盖,TH,thailand,,否
esim france travel,国家·核心,37.0,2,5.5,4,1,"en-GB,en-US",esim france,国家页,/compare/france/,已覆盖,FR,france,,否
esim portugal reddit,国家·核心,37.0,2,4.0,2,1,"en-GB,en-US",portugal esim reddit,国家页,/compare/portugal/,已覆盖,PT,portugal,,否
esim turkey tourist,通用·其他,37.0,2,4.0,2,2,"en-GB,en-US",esim turkey,首页/枢纽,/,已覆盖,,,,否
esim usa travel unlimited data,国家·规格/流量,37.0,2,4.0,2,2,"en-GB,en-US",usa esim unlimited data,国家页·无限流量区,/compare/united-states/#plans,已覆盖,US,united-states,,否
germany esim options,国家·核心,37.0,2,5.5,4,1,"en-GB,en-US",germany esim,国家页,/compare/germany/,已覆盖,DE,germany,,否
how to get esim in uae,国家·核心,37.0,37,13.0,0,9,"en-GB,en-US",is esim available in saudi arabia,国家页,/compare/united-arab-emirates/,已覆盖,AE,united-arab-emirates,,否
italy esim with calls and texts,国家·核心,37.0,2,5.5,4,1,"en-GB,en-US",italy esim,国家页,/compare/italy/,已覆盖,IT,italy,,否
malaysia esim with phone number,国家·规格/流量,37.0,12,7.0,2,2,"en-GB,en-US",is esim available in malaysia,国家页,/compare/malaysia/,已覆盖,MY,malaysia,,否
morocco esim card,国家·核心,37.0,2,4.0,2,1,"en-GB,en-US",morocco esim card,国家页,/compare/morocco/,已覆盖,MA,morocco,,否
nomad esim uae,品牌×国家,37.0,2,4.0,2,3,"en-GB,en-US",nomad esim usa,品牌×国家子页,/compare/united-arab-emirates/nomad/,已覆盖,AE,united-arab-emirates,nomad,否
saily esim usa,品牌×国家,37.0,2,4.0,2,1,"en-GB,en-US",saily esim uk,品牌×国家子页,/compare/united-states/saily/,已覆盖,US,united-states,saily,否
sim card for spain,国家·核心,37.0,2,4.0,2,2,"en-GB,en-US",spain sim card for tourists,国家页,/compare/spain/,已覆盖,ES,spain,,否
airalo esim asia,品牌（全局）,36.8,1,3.0,1,1,en-GB,airalo esim india,品牌 Hub,/esim-providers/airalo/,已覆盖,,,airalo,否
airalo esim istanbul,品牌（全局）,36.8,1,3.0,1,1,en-US,airalo esim israel,品牌 Hub,/esim-providers/airalo/,已覆盖,,,airalo,否
best esim for kazakhstan and kyrgyzstan,通用·其他,36.8,1,3.0,1,1,"en-GB,en-US",best esim for ksa,首页/枢纽,/,已覆盖,,,,否
best esim for norway,通用·其他,36.8,6,6.0,3,3,"en-GB,en-US",esim for norway and sweden,首页/枢纽,/,已覆盖,,,,是
best esim for us and canada,区域,36.8,1,3.0,1,3,en-US,best esim for usa and canada,未建页型,（无区域页）,缺口,"CA,US","canada,united-states",,否
best esim in uk,国家·核心,36.8,1,3.0,1,1,en-GB,does esim work in uk,国家页,/compare/united-kingdom/,已覆盖,GB,united-kingdom,,否
best esim to use in japan,国家·核心,36.8,1,3.0,1,1,en-GB,does esim work in japan,国家页,/compare/japan/,已覆盖,JP,japan,,否
best sim card for data philippines,国家·核心,36.8,1,3.0,1,1,en-GB,philippines sim card for tourists,国家页,/compare/philippines/,已覆盖,PH,philippines,,否
best sim card for tourist in vietnam,国家·核心,36.8,1,3.0,1,1,en-GB,vietnam sim card for tourists,国家页,/compare/vietnam/,已覆盖,VN,vietnam,,否
best vietnam sim card for tourist,国家·核心,36.8,1,3.0,1,1,en-US,vietnam sim card for tourists,国家页,/compare/vietnam/,已覆盖,VN,vietnam,,否
bsnl esim available in india,国家·核心,36.8,1,3.0,1,1,en-US,is esim available in india,国家页,/compare/india/,已覆盖,IN,india,,否
buy airalo esim canada,品牌×国家,36.8,1,3.0,1,1,"en-GB,en-US",airalo esim canada,品牌×国家子页,/compare/canada/airalo/,已覆盖,CA,canada,airalo,否
can i use saily esim in china,品牌×国家,36.8,1,3.0,1,1,en-US,saily esim china,品牌×国家子页,/compare/china/saily/,已覆盖,CN,china,saily,否
cheap esim for usa,国家·价格/交易,36.8,1,3.0,1,1,en-US,cheap esim peru,国家页,/compare/united-states/,已覆盖,US,united-states,,否
cheap esim phone that will work in china,国家·价格/交易,36.8,1,3.0,1,1,en-US,cheap esim china,国家页,/compare/china/,已覆盖,CN,china,,否
cheap sim uk,国家·价格/交易,36.8,1,3.0,1,1,en-US,cheap esim uk,国家页,/compare/united-kingdom/,已覆盖,GB,united-kingdom,,否
cheapest esim card,通用·价格交易,36.8,1,3.0,1,1,en-US,cheapest esim ksa,形态对比指南,/guides/esim-vs-physical-sim/,已覆盖,,,,否
china esim travel,国家·核心,36.8,1,3.0,1,1,en-US,china esim best,国家页,/compare/china/,已覆盖,CN,china,,否
costa rica travel sim,国家·核心,36.8,1,3.0,1,1,"en-GB,en-US",costa rica sim card for tourists,国家页,/compare/costa-rica/,已覆盖,CR,costa-rica,,否
do i need an esim for south africa,国家·核心,36.8,1,3.0,1,1,en-US,do i need an esim for ksa,国家页,/compare/south-africa/,已覆盖,ZA,south-africa,,否
do i need an esim in japan,国家·核心,36.8,1,3.0,1,1,en-US,does esim work in japan,国家页,/compare/japan/,已覆盖,JP,japan,,否
does hong kong iphone support esim,国家·设备兼容,36.8,1,3.0,1,1,en-US,esim hong kong for iphone,国家页,/compare/hong-kong/,已覆盖,HK,hong-kong,,否
e sim engeland,通用·其他,36.8,1,3.0,1,1,en-GB,esim england,首页/枢纽,/,已覆盖,,,,否
esim andorra vodafone,通用·其他,36.8,1,3.0,1,0,en-US,esim orlando,首页/枢纽,/,已覆盖,,,,否
esim anonym,通用·其他,36.8,1,3.0,1,0,en-US,esim hanoi,首页/枢纽,/,已覆盖,,,,否
esim cannot be added,通用·其他,36.8,1,3.0,1,1,en-US,esim cancun,首页/枢纽,/,已覆盖,,,,否
esim caribbean cruise,区域,36.8,1,3.0,1,0,en-US,esim cairo,区域指南,/guides/best-americas-esim/,已覆盖,,,,否
esim deals,通用·价格交易,36.8,1,3.0,1,0,en-GB,esim,折扣页,/esim-deals/,已覆盖,,,,否
esim for bell,通用·其他,36.8,1,3.0,1,0,en-US,esim for berlin,首页/枢纽,/,已覆盖,,,,否
esim for hainan,通用·其他,36.8,1,3.0,1,0,en-US,esim for hanoi,首页/枢纽,/,已覆盖,,,,否
esim for istanbul,城市,36.8,1,3.0,1,1,"en-GB,en-US",esim istanbul,未建页型（禁区）,（无城市页，建议并入国家页）,缺口,,,,是
esim for microsoft surface,通用·其他,36.8,1,3.0,1,0,"en-GB,en-US",esim for miami,首页/枢纽,/,已覆盖,,,,否
esim for pakistan,通用·其他,36.8,1,3.0,1,0,en-GB,esim for paris,首页/枢纽,/,已覆盖,,,,否
esim for roaming,通用·全球,36.8,1,3.0,1,0,en-US,esim for rome,通用枢纽,/guides/,已覆盖,,,,否
esim for rogers,通用·其他,36.8,1,3.0,1,0,en-GB,esim for rome,首页/枢纽,/,已覆盖,,,,否
esim for thailand,国家·核心,36.8,1,3.0,1,1,en-GB,esim for holland,国家页,/compare/thailand/,已覆盖,TH,thailand,,否
esim for tourist,通用·其他,36.8,1,3.0,1,0,en-US,esim for tokyo,首页/枢纽,/,已覆盖,,,,否
esim japan best network,国家·网络覆盖,36.8,1,3.0,1,1,en-GB,japan esim best,国家网络页,/networks/japan/,已覆盖,JP,japan,,否
esim japan data plans,国家·核心,36.8,1,3.0,1,1,en-US,japan esim plans,国家页,/compare/japan/,已覆盖,JP,japan,,否
esim lebanon,通用·其他,36.8,1,3.0,1,0,en-US,esim lisbon,首页/枢纽,/,已覆盖,,,,是
esim line,通用·其他,36.8,1,3.0,1,0,en-GB,esim lisbon,首页/枢纽,/,已覆盖,,,,否
esim londres,通用·其他,36.8,1,3.0,1,0,en-GB,esim london,首页/枢纽,/,已覆盖,,,,否
esim mint,通用·其他,36.8,1,3.0,1,0,en-GB,esim miami,首页/枢纽,/,已覆盖,,,,否
esim poland,国家·核心,36.8,1,3.0,1,1,en-GB,esim holland,国家页,/compare/poland/,已覆盖,PL,poland,,是
esim selfie,通用·其他,36.8,1,3.0,1,1,en-GB,esim seoul,首页/枢纽,/,已覆盖,,,,否
esim skandinavien,通用·其他,36.8,1,3.0,1,1,"en-GB,en-US",esim ksa,首页/枢纽,/,已覆盖,,,,否
esim uk iphone,国家·设备兼容,36.8,1,3.0,1,1,en-US,esim uk for iphone,国家页,/compare/united-kingdom/,已覆盖,GB,united-kingdom,,否
esim with international roaming,通用·全球,36.8,1,3.0,1,0,en-US,is esim worth it,通用枢纽,/guides/,已覆盖,,,,否
eskimo china esim plan,国家·规格/流量,36.8,1,3.0,1,1,en-US,china esim plans,国家页,/compare/china/,已覆盖,CN,china,,否
freedom mobile canada plan esim,国家·核心,36.8,1,3.0,1,1,en-US,canada esim plans,国家页,/compare/canada/,已覆盖,CA,canada,,否
get an esim card south africa vodacom,国家·核心,36.8,1,3.0,1,2,en-US,how to get an esim for south africa,国家页,/compare/south-africa/,已覆盖,ZA,south-africa,,否
get esim online south africa,国家·核心,36.8,31,12.0,1,4,"en-GB,en-US",how to get an esim for south africa,国家页,/compare/south-africa/,已覆盖,ZA,south-africa,,否
holafly esim price,品牌（全局）,36.8,1,3.0,1,1,en-US,holafly esim peru,品牌 Hub,/esim-providers/holafly/,已覆盖,,,holafly,否
holafly sim uk,品牌×国家,36.8,1,3.0,1,1,en-GB,holafly esim uk,品牌×国家子页,/compare/united-kingdom/holafly/,已覆盖,GB,united-kingdom,holafly,否
how to get an australian esim,通用·问题,36.8,1,3.0,1,2,en-US,how to get an esim for australia,首页/枢纽,/,已覆盖,,,,否
how to use an esim for travel,通用·问题,36.8,1,3.0,1,1,en-US,how to get an esim for turkiye,首页/枢纽,/,已覆盖,,,,否
india esim provider,国家·核心,36.8,1,3.0,1,1,en-US,india esim price,国家页,/compare/india/,已覆盖,IN,india,,否
iphone 14 usa esim,国家·设备兼容,36.8,1,3.0,1,2,en-US,esim usa for iphone,国家页,/compare/united-states/,已覆盖,US,united-states,,否
iphone 16 australia esim,国家·设备兼容,36.8,1,3.0,1,2,en-US,esim australia for iphone,国家页,/compare/australia/,已覆盖,AU,australia,,否
iphone 17 esim china,国家·设备兼容,36.8,1,3.0,1,1,en-US,esim china for iphone,国家页,/compare/china/,已覆盖,CN,china,,否
iphone 17 esim in india,国家·设备兼容,36.8,1,3.0,1,1,en-US,esim india for iphone,国家页,/compare/india/,已覆盖,IN,india,,否
iphone esim canada,国家·设备兼容,36.8,1,3.0,1,1,en-US,esim canada for iphone,国家页,/compare/canada/,已覆盖,CA,canada,,否
is esim good or bad,通用·对比,36.8,1,3.0,1,0,en-GB,is yesim good,首页/枢纽,/,已覆盖,,,,否
is holafly esim worth it,品牌（全局）,36.8,1,3.0,1,0,"en-GB,en-US",is esim worth it,品牌 Hub,/esim-providers/holafly/,已覆盖,,,holafly,否
malaysia sim card,国家·核心,36.8,1,3.0,1,1,en-US,malaysia esim card,国家页,/compare/malaysia/,已覆盖,MY,malaysia,,否
maxis malaysia prepaid esim plan,国家·规格/流量,36.8,1,3.0,1,1,en-US,malaysia esim plans,国家页,/compare/malaysia/,已覆盖,MY,malaysia,,否
nomad esim asia,品牌（全局）,36.8,1,3.0,1,1,en-GB,nomad esim india,品牌 Hub,/esim-providers/nomad/,已覆盖,,,nomad,否
nomad esim coupon,品牌（全局）,36.8,1,3.0,1,1,en-US,nomad esim macao,品牌 Hub,/esim-providers/nomad/,已覆盖,,,nomad,否
nomad esim europe reviews,品牌（全局）,36.8,1,3.0,1,1,en-US,nomad esim colombia,品牌 Hub,/esim-providers/nomad/,已覆盖,,,nomad,否
nz sim cards,国家·核心,36.8,1,3.0,1,1,en-US,nz esim card,国家页,/compare/new-zealand/,已覆盖,NZ,new-zealand,,否
saily esim coupon,品牌（全局）,36.8,1,3.0,1,1,en-US,saily esim macao,品牌 Hub,/esim-providers/saily/,已覆盖,,,saily,否
saily esim istanbul,品牌（全局）,36.8,1,3.0,1,1,en-US,saily esim israel,品牌 Hub,/esim-providers/saily/,已覆盖,,,saily,否
saily esim promo code & travel setup guide,品牌（全局）,36.8,1,3.0,1,1,en-US,saily esim peru,品牌 Hub,/esim-providers/saily/,已覆盖,,,saily,否
sim card for germany,国家·核心,36.8,1,3.0,1,1,en-US,germany sim card for tourists,国家页,/compare/germany/,已覆盖,DE,germany,,否
sim card in germany,国家·核心,36.8,1,3.0,1,1,en-GB,germany sim card for tourists,国家页,/compare/germany/,已覆盖,DE,germany,,否
sim card in switzerland for tourist,国家·核心,36.8,6,4.5,1,7,en-US,poland sim card for tourists,国家页,/compare/switzerland/,已覆盖,CH,switzerland,,否
telstra esim plans australia,国家·规格/流量,36.8,1,3.0,1,2,en-US,australia esim plans,国家页,/compare/australia/,已覆盖,AU,australia,,否
travel esim europe,区域,36.8,1,3.0,1,0,"en-GB,en-US",travel esim,区域指南,/guides/best-europe-esim/,已覆盖,,,,否
travel esim philippines reddit,国家·核心,36.8,1,3.0,1,1,en-US,esim philippines reddit,国家页,/compare/philippines/,已覆盖,PH,philippines,,否
uk esim data plan for travelers,国家·规格/流量,36.8,1,3.0,1,1,en-US,uk esim plans,国家页,/compare/united-kingdom/,已覆盖,GB,united-kingdom,,否
uk esim three,国家·核心,36.8,1,3.0,1,1,en-US,uk esim best,国家页,/compare/united-kingdom/,已覆盖,GB,united-kingdom,,否
vietnam sim card,国家·核心,36.8,1,3.0,1,1,en-GB,viet nam esim card,国家页,/compare/vietnam/,已覆盖,VN,vietnam,,否
vodafone esim iphone italy,国家·设备兼容,36.8,1,3.0,1,1,en-US,esim italy for iphone,国家页,/compare/italy/,已覆盖,IT,italy,,否
vodafone italy sim card for tourists,国家·核心,36.8,1,3.0,1,1,"en-GB,en-US",italy sim card for tourists,国家页,/compare/italy/,已覆盖,IT,italy,,否
where to get esim for japan,国家·核心,36.8,1,3.0,1,1,en-US,how to get an esim for japan,国家页,/compare/japan/,已覆盖,JP,japan,,否
which travel esim plans are best for india,国家·规格/流量,36.8,1,3.0,1,1,en-US,india esim plans,国家页,/compare/india/,已覆盖,IN,india,,否
best esim card for morocco,国家·核心,36.7,5,5.0,2,1,"en-GB,en-US",best esim for morocco 2026,国家页,/compare/morocco/,已覆盖,MA,morocco,,否
best esim card for vietnam,国家·核心,36.7,5,5.0,2,1,en-US,viet nam esim best,国家页,/compare/vietnam/,已覆盖,VN,vietnam,,否
esim for argentina and chile,国家·核心,36.7,10,8.0,4,3,"en-GB,en-US",esim for argentina,国家页,/compare/argentina/,已覆盖,AR,argentina,,否
esim for south east asia,区域,36.7,10,6.5,2,7,"en-GB,en-US",ksa esim coverage map,区域指南,/guides/best-asia-esim/,已覆盖,,,,否
esim for use in japan,国家·核心,36.7,5,5.0,2,2,en-US,esim coverage in japan,国家页,/compare/japan/,已覆盖,JP,japan,,否
esim to use in turkey,通用·其他,36.7,5,5.0,2,3,en-GB,does esim work in turkiye,首页/枢纽,/,已覆盖,,,,否
morocco esim card for tourist,国家·核心,36.7,15,11.0,6,1,"en-GB,en-US",morocco esim card,国家页,/compare/morocco/,已覆盖,MA,morocco,,否
best esim for united states,通用·其他,36.5,4,5.5,3,4,"en-GB,en-US",best esim for georgia 2026,首页/枢纽,/,已覆盖,,,,是
esim vietnam data plans,国家·核心,36.5,4,4.0,1,2,"en-GB,en-US",vietnam esim plans,国家页,/compare/vietnam/,已覆盖,VN,vietnam,,否
best esim for indonesia from australia,区域,36.3,3,6.0,4,2,"en-GB,en-US",best esim for indonesia,未建页型,（无区域页）,缺口,"AU,ID","australia,indonesia",,否
fiji sim card nadi airport,国家·落地渠道,36.3,3,4.5,2,1,"en-GB,en-US",fiji esim card,国家页,/compare/fiji/,已覆盖,FJ,fiji,,否
nomad esim china vpn,品牌×国家,36.3,3,4.5,2,3,"en-GB,en-US",nomad esim china,品牌×国家子页,/compare/china/nomad/,已覆盖,CN,china,nomad,否
airalo esim taiwan,品牌×国家,36.2,2,3.5,1,2,en-GB,airalo esim thailand,品牌×国家子页,/compare/taiwan/airalo/,已覆盖,TW,taiwan,airalo,否
best esim for asia,区域,36.2,17,8.0,1,13,"en-GB,en-US",best esim for taipei 2026,区域指南,/guides/best-asia-esim/,已覆盖,,,,是
best esim for south east asia,区域,36.2,12,8.0,3,13,"en-GB,en-US",best esim for ksa 2026,区域指南,/guides/best-asia-esim/,已覆盖,,,,否
esim to use in china,国家·核心,36.2,2,3.5,1,2,en-GB,does esim work in czechia,国家页,/compare/china/,已覆盖,CN,china,,否
esim vs physical sim australia,国家·对比,36.2,2,3.5,1,3,en-US,esim australia vs sim,国家页,/compare/australia/,已覆盖,AU,australia,,否
holafly esim mexique,品牌（全局）,36.2,2,3.5,1,2,"en-GB,en-US",holafly esim mexico,品牌 Hub,/esim-providers/holafly/,已覆盖,,,holafly,否
is esim available in japan,国家·核心,36.2,2,3.5,1,3,en-US,is esim available in usa,国家页,/compare/japan/,已覆盖,JP,japan,,否
is there an esim in the philippines,国家·核心,36.2,2,3.5,1,2,en-US,esim philippines vs sim,国家页,/compare/philippines/,已覆盖,PH,philippines,,否
saily esim india,品牌×国家,36.2,2,3.5,1,2,en-GB,saily esim china,品牌×国家子页,/compare/india/saily/,已覆盖,IN,india,saily,否
ubigi esim europe reviews,品牌（全局）,36.2,2,3.5,1,2,en-US,ubigi esim colombia,品牌 Hub,/esim-providers/ubigi/,已覆盖,,,ubigi,否
best esim for japan tourist,国家·核心,36.0,1,4.0,2,1,"en-GB,en-US",best esim for japan,国家页,/compare/japan/,已覆盖,JP,japan,,否
best esim for vietnam cambodia and thailand,区域,36.0,16,10.0,4,4,"en-GB,en-US",best esim for thailand and vietnam,未建页型,（无区域页）,缺口,"TH,VN","thailand,vietnam",,否
cheap esim for india,国家·价格/交易,36.0,36,18.0,0,27,"en-GB,en-US",esim for india review,国家页,/compare/india/,已覆盖,IN,india,,否
digicel esim fiji,国家·核心,36.0,1,4.0,2,1,"en-GB,en-US",esim fiji,国家页,/compare/fiji/,已覆盖,FJ,fiji,,否
esim for italy from uk,区域,36.0,16,10.0,4,5,"en-GB,en-US",esim for croatia and italy,未建页型,（无区域页）,缺口,"IT,GB","italy,united-kingdom",,否
european esim for travel,区域,36.0,6,5.5,2,5,"en-GB,en-US",croatia esim coverage map,区域指南,/guides/best-europe-esim/,已覆盖,,,,否
esim taiwan with phone number,国家·规格/流量,35.8,10,6.0,1,2,"en-GB,en-US",is esim available in taiwan,国家页,/compare/taiwan/,已覆盖,TW,taiwan,,否
alosim esim compatibility,品牌（全局）,35.7,4,5.0,2,4,"en-GB,en-US",alosim esim macao,品牌 Hub,/esim-providers/alosim/,已覆盖,,,alosim,否
best esim for canada and usa from australia,区域,35.7,4,5.0,2,3,"en-GB,en-US",best esim for canada and usa,未建页型,（无区域页）,缺口,"AU,CA,US","australia,canada,united-states",,否
best esim for europe from australia,国家·核心,35.7,4,5.0,2,4,"en-GB,en-US",australia esim best,国家页,/compare/australia/,已覆盖,AU,australia,,否
do i need an esim for japan,国家·核心,35.7,4,5.0,2,4,"en-GB,en-US",do i need an esim for kenya,国家页,/compare/japan/,已覆盖,JP,japan,,否
esim card for europe,区域,35.7,4,5.0,2,2,"en-GB,en-US",czech republic esim card,区域指南,/guides/best-europe-esim/,已覆盖,,,,否
esim for england best price,国家·价格/交易,35.7,9,6.5,2,6,"en-GB,en-US",esim for england,国家页,/compare/united-kingdom/,已覆盖,GB,united-kingdom,,否
esim for iphone 11 india,国家·设备兼容,35.7,4,5.0,2,3,"en-GB,en-US",esim india for iphone,国家页,/compare/india/,已覆盖,IN,india,,否
esim vs sim card,通用·对比,35.7,4,5.0,2,2,"en-GB,en-US",esim vs sim,形态对比指南,/guides/esim-vs-physical-sim/,已覆盖,,,,否
greece sim card for tourist,国家·核心,35.7,4,5.0,2,3,"en-GB,en-US",greece sim card for tourists,国家页,/compare/greece/,已覆盖,GR,greece,,否
best esim card for greece,国家·核心,35.5,8,5.5,1,3,"en-GB,en-US",cheapest esim for greece,国家页,/compare/greece/,已覆盖,GR,greece,,否
best esim for nigeria,通用·其他,35.5,3,4.0,1,2,"en-GB,en-US",esim for kenya review,首页/枢纽,/,已覆盖,,,,是
esim for latin america,区域,35.5,13,7.0,1,6,"en-GB,en-US",esim for los angeles,区域指南,/guides/best-americas-esim/,已覆盖,,,,是
germany esim plans,国家·规格/流量,35.5,3,4.0,1,1,"en-GB,en-US",germany esim price,国家页,/compare/germany/,已覆盖,DE,germany,,是
iceland esim prepaid,国家·核心,35.5,3,4.0,1,1,"en-GB,en-US",iceland esim price,国家页,/compare/iceland/,已覆盖,IS,iceland,,否
ireland esim card,国家·核心,35.5,3,4.0,1,2,"en-GB,en-US",holland esim card,国家页,/compare/ireland/,已覆盖,IE,ireland,,否
roamic esim app,品牌（全局）,35.5,3,4.0,1,1,"en-GB,en-US",roamic esim,品牌 Hub,/esim-providers/roamic/,已覆盖,,,roamic,否
singapore esim with phone number,国家·规格/流量,35.5,13,7.0,1,3,"en-GB,en-US",singapore esim coverage map,国家页,/compare/singapore/,已覆盖,SG,singapore,,否
cheapest esim phone in india,国家·价格/交易,35.3,2,4.5,2,1,"en-GB,en-US",cheapest esim for india,国家页,/compare/india/,已覆盖,IN,india,,否
does airalo uki mobile esim cover ireland,品牌×国家,35.3,2,4.5,2,2,"en-GB,en-US",airalo esim ireland,品牌×国家子页,/compare/ireland/airalo/,已覆盖,IE,ireland,airalo,否
holafly global esim with phone number,品牌（全局）,35.3,7,6.0,2,9,"en-GB,en-US",holafly esim united arab emirates,品牌 Hub,/esim-providers/holafly/,已覆盖,,,holafly,否
holafly ireland esim,品牌×国家,35.3,2,4.5,2,1,"en-GB,en-US",holafly esim ireland,品牌×国家子页,/compare/ireland/holafly/,已覆盖,IE,ireland,holafly,否
korea esim plans,国家·规格/流量,35.3,2,4.5,2,1,"en-GB,en-US",korea esim,国家页,/compare/south-korea/,已覆盖,KR,south-korea,,否
travel esim brazil,国家·核心,35.3,2,4.5,2,1,en-GB,esim brazil,国家页,/compare/brazil/,已覆盖,BR,brazil,,否
uae esim online,国家·核心,35.3,2,4.5,2,1,"en-GB,en-US",uae esim,国家页,/compare/united-arab-emirates/,已覆盖,AE,united-arab-emirates,,否
uk esim unlimited data,国家·规格/流量,35.3,2,6.0,4,1,"en-GB,en-US",uk esim unlimited,国家页·无限流量区,/compare/united-kingdom/#plans,已覆盖,GB,united-kingdom,,否
which is the best esim for malaysia,国家·核心,35.3,7,6.0,2,4,"en-GB,en-US",esim for malaysia review,国家页,/compare/malaysia/,已覆盖,MY,malaysia,,否
airalo esim review,品牌（全局）,35.2,1,3.5,1,0,"en-GB,en-US",airalo esim,品牌 Hub,/esim-providers/airalo/,已覆盖,,,airalo,是
buy airalo esim thailand,品牌×国家,35.2,1,3.5,1,1,"en-GB,en-US",airalo esim thailand,品牌×国家子页,/compare/thailand/airalo/,已覆盖,TH,thailand,airalo,否
can you top up airalo esim,品牌（全局）,35.2,1,3.5,1,0,"en-GB,en-US",esim top up,品牌 Hub,/esim-providers/airalo/,已覆盖,,,airalo,否
cheap esim plan usa,国家·价格/交易,35.2,6,5.0,1,6,"en-GB,en-US",cheap esim usa,国家页·套餐表,/compare/united-states/#plans,已覆盖,US,united-states,,否
esim for us,国家·核心,35.2,1,3.5,1,1,"en-GB,en-US",esim for us,国家页,/compare/united-states/,已覆盖,US,united-states,,否
holafly esim china,品牌×国家,35.2,1,3.5,1,0,"en-GB,en-US",holafly esim,品牌×国家子页,/compare/china/holafly/,已覆盖,CN,china,holafly,否
is holafly esim good for japan,品牌×国家,35.2,1,3.5,1,1,"en-GB,en-US",holafly esim japan,品牌×国家子页,/compare/japan/holafly/,已覆盖,JP,japan,holafly,否
morocco sim cards,国家·核心,35.2,1,3.5,1,1,"en-GB,en-US",morocco esim card,国家页,/compare/morocco/,已覆盖,MA,morocco,,否
nomad esim card japan,品牌×国家,35.2,6,5.0,1,7,"en-GB,en-US",nomad esim japan,品牌×国家子页,/compare/japan/nomad/,已覆盖,JP,japan,nomad,否
nz sim card prepaid,国家·核心,35.2,1,3.5,1,1,"en-GB,en-US",nz esim card,国家页,/compare/new-zealand/,已覆盖,NZ,new-zealand,,否
povo osaka esim,城市,35.2,1,3.5,1,0,"en-GB,en-US",esim osaka,未建页型（禁区）,（无城市页，建议并入国家页）,缺口,,,,否
sim card for hong kong and macau,国家·核心,35.2,1,3.5,1,1,"en-GB,en-US",macao sim card for tourists,国家页,/compare/hong-kong/,已覆盖,HK,hong-kong,,否
sim card for india travel,国家·核心,35.2,1,3.5,1,1,"en-GB,en-US",india sim card for tourists,国家页,/compare/india/,已覆盖,IN,india,,否
sim card for south africa,国家·核心,35.2,1,3.5,1,2,"en-GB,en-US",south africa sim card for tourists,国家页,/compare/south-africa/,已覆盖,ZA,south-africa,,否
singapore sim card prepaid,国家·核心,35.2,1,3.5,1,1,"en-GB,en-US",singapore esim card,国家页,/compare/singapore/,已覆盖,SG,singapore,,否
travel esim vodafone,通用·其他,35.2,1,3.5,1,0,"en-GB,en-US",travel esim,首页/枢纽,/,已覆盖,,,,否
trip.com esim china review,国家·核心,35.2,1,3.5,1,1,"en-GB,en-US",esim for china review,国家页,/compare/china/,已覆盖,CN,china,,否
trip.com esim promo code,通用·价格交易,35.2,1,3.5,1,0,"en-GB,en-US",esim promo code,折扣页,/esim-deals/,已覆盖,,,,否
uk and france esim,区域,35.2,11,8.0,3,2,"en-GB,en-US",esim coverage in france,未建页型,（无区域页）,缺口,"FR,GB","france,united-kingdom",,否
us esim data plan,国家·规格/流量,35.2,11,8.0,3,11,"en-GB,en-US",georgia esim coverage map,国家页,/compare/united-states/,已覆盖,US,united-states,,否
usa sim card,国家·核心,35.2,1,3.5,1,2,"en-GB,en-US",usa esim card,国家页,/compare/united-states/,已覆盖,US,united-states,,否
esim card for new zealand,国家·核心,34.8,4,4.5,1,1,"en-GB,en-US",esim new zealand 10gb,国家页,/compare/new-zealand/,已覆盖,NZ,new-zealand,,否
esim phones in egypt,国家·核心,34.8,9,6.0,1,4,"en-GB,en-US",esim egypt for iphone,国家页,/compare/egypt/,已覆盖,EG,egypt,,否
best esim for usa from australia,区域,34.7,8,5.0,0,6,"en-GB,en-US",best esim for usa,未建页型,（无区域页）,缺口,"AU,US","australia,united-states",,否
ubigi esim usa,品牌×国家,34.7,3,5.0,2,2,"en-GB,en-US",ubigi esim uk,品牌×国家子页,/compare/united-states/ubigi/,已覆盖,US,united-states,ubigi,否
airalo esim incelemesi,品牌（全局）,34.5,2,4.0,1,2,en-GB,airalo esim india,品牌 Hub,/esim-providers/airalo/,已覆盖,,,airalo,否
airalo esim japan,品牌×国家,34.5,2,4.0,1,1,"en-GB,en-US",airalo esim spain,品牌×国家子页,/compare/japan/airalo/,已覆盖,JP,japan,airalo,否
best data esim for france,国家·核心,34.5,2,4.0,1,1,"en-GB,en-US",france esim best,国家页,/compare/france/,已覆盖,FR,france,,否
best esim card for denmark,通用·其他,34.5,2,4.0,1,0,"en-GB,en-US",best esim for denmark and sweden,形态对比指南,/guides/esim-vs-physical-sim/,已覆盖,,,,否
best esim card for hawaii,城市,34.5,2,4.0,1,0,"en-GB,en-US",esim for hawaii,未建页型（禁区）,（无城市页，建议并入国家页）,缺口,,,,否
best esim card for turkey,通用·其他,34.5,12,7.0,1,3,"en-GB,en-US",turkey esim card,形态对比指南,/guides/esim-vs-physical-sim/,已覆盖,,,,否
best esim for europe and morocco,国家·核心,34.5,2,4.0,1,1,"en-GB,en-US",morocco esim best,国家页,/compare/morocco/,已覆盖,MA,morocco,,否
best esim for italy from australia,区域,34.5,2,4.0,1,1,"en-GB,en-US",italy esim best,未建页型,（无区域页）,缺口,"AU,IT","australia,italy",,否
best esim for usa/canada,通用·其他,34.5,2,4.0,1,1,en-US,best esim for canada 2026,首页/枢纽,/,已覆盖,,,,否
can i get an esim online,通用·问题,34.5,2,4.0,1,1,"en-GB,en-US",do i need an esim for georgia,首页/枢纽,/,已覆盖,,,,否
can you get an esim,通用·问题,34.5,2,4.0,1,2,en-GB,do i need an esim for holland,首页/枢纽,/,已覆盖,,,,否
e sim for italy and greece,区域,34.5,2,4.0,1,2,en-GB,esim for italy and greece,未建页型,（无区域页）,缺口,"GR,IT","greece,italy",,否
esim card,通用·其他,34.5,2,4.0,1,0,"en-GB,en-US",esim,形态对比指南,/guides/esim-vs-physical-sim/,已覆盖,,,,否
esim for asia reviews,区域,34.5,2,4.0,1,2,"en-GB,en-US",esim for india review,区域指南,/guides/best-asia-esim/,已覆盖,,,,否
esim for travel to australia,国家·核心,34.5,2,4.0,1,2,"en-GB,en-US",do i need an esim for australia,国家页,/compare/australia/,已覆盖,AU,australia,,否
esim korea and japan,区域,34.5,2,4.0,1,3,"en-GB,en-US",best esim for south korea and japan,未建页型,（无区域页）,缺口,"KR,JP","south-korea,japan",,否
esim spain iphone,国家·设备兼容,34.5,2,4.0,1,1,"en-GB,en-US",esim spain for iphone,国家页,/compare/spain/,已覆盖,ES,spain,,否
france esim prepaid,国家·核心,34.5,2,4.0,1,1,"en-GB,en-US",france esim price,国家页,/compare/france/,已覆盖,FR,france,,否
greece esim data plan,国家·规格/流量,34.5,2,4.0,1,1,"en-GB,en-US",greece esim plans,国家页,/compare/greece/,已覆盖,GR,greece,,否
holafly esim europe,品牌（全局）,34.5,2,4.0,1,1,"en-GB,en-US",holafly esim,品牌 Hub,/esim-providers/holafly/,已覆盖,,,holafly,否
how to get an esim for iphone in japan,国家·设备兼容,34.5,2,4.0,1,1,en-US,esim japan for iphone,国家页,/compare/japan/,已覆盖,JP,japan,,否
indonesia esim prepaid,国家·核心,34.5,2,4.0,1,1,"en-GB,en-US",indonesia esim price,国家页,/compare/indonesia/,已覆盖,ID,indonesia,,否
is esim available in bangladesh,通用·问题,34.5,2,4.0,1,3,en-US,is esim available in uk,首页/枢纽,/,已覆盖,,,,否
is esim safe reddit,通用·问题,34.5,2,4.0,1,2,en-US,esim united arab emirates reddit,首页/枢纽,/,已覆盖,,,,否
japan esim data plan,国家·规格/流量,34.5,2,4.0,1,2,"en-GB,en-US",japan esim coverage map,国家页,/compare/japan/,已覆盖,JP,japan,,否
nomad esim promo code,品牌（全局）,34.5,2,4.0,1,1,"en-GB,en-US",nomad esim peru,品牌 Hub,/esim-providers/nomad/,已覆盖,,,nomad,否
saily esim in europe,品牌（全局）,34.5,7,7.0,3,9,"en-GB,en-US",saily esim united arab emirates,品牌 Hub,/esim-providers/saily/,已覆盖,,,saily,否
saily esim kanada,品牌（全局）,34.5,2,4.0,1,2,"en-GB,en-US",saily esim kenya,品牌 Hub,/esim-providers/saily/,已覆盖,,,saily,否
sim card for spain travel,国家·核心,34.5,2,4.0,1,2,en-GB,argentina sim card for tourists,国家页,/compare/spain/,已覆盖,ES,spain,,否
sim card prepaid usa for tourists,国家·核心,34.5,2,4.0,1,3,"en-GB,en-US",usa sim card for tourists,国家页,/compare/united-states/,已覆盖,US,united-states,,否
sk esim south korea,国家·核心,34.5,2,4.0,1,2,"en-GB,en-US",esim south korea airport,国家页,/compare/south-korea/,已覆盖,KR,south-korea,,否
spain esim prepaid,国家·核心,34.5,2,4.0,1,1,"en-GB,en-US",spain esim price,国家页,/compare/spain/,已覆盖,ES,spain,,否
tokyo cheapo esim,城市,34.5,2,4.0,1,0,"en-GB,en-US",esim tokyo,未建页型（禁区）,（无城市页，建议并入国家页）,缺口,,,,否
usa esim prepaid unlimited,国家·规格/流量,34.5,2,4.0,1,2,"en-GB,en-US",usa esim price,国家页·无限流量区,/compare/united-states/#plans,已覆盖,US,united-states,,否
what is the best esim for morocco,国家·核心,34.5,2,4.0,1,1,"en-GB,en-US",esim for morocco review,国家页,/compare/morocco/,已覆盖,MA,morocco,,否
esim for hk and china,国家·核心,34.3,31,12.0,0,3,"en-GB,en-US",esim hong kong price,国家页,/compare/china/,已覆盖,CN,china,,否
how to use holafly esim,品牌（全局）,34.3,6,4.5,0,8,en-GB,holafly esim saudi arabia,品牌 Hub,/esim-providers/holafly/,已覆盖,,,holafly,否
airalo esim costa rica,品牌×国家,34.2,5,5.0,1,2,"en-GB,en-US",airalo esim macao,品牌×国家子页,/compare/costa-rica/airalo/,已覆盖,CR,costa-rica,airalo,否
airalo esim for south africa,品牌×国家,34.2,5,5.0,1,6,en-US,esim south africa airport,品牌×国家子页,/compare/south-africa/airalo/,已覆盖,ZA,south-africa,airalo,否
best esim for the uk,国家·核心,34.2,5,6.5,3,4,"en-GB,en-US",best esim for ireland 2026,国家页,/compare/united-kingdom/,已覆盖,GB,united-kingdom,,否
how to buy an esim for usa,国家·核心,34.2,10,6.5,1,5,"en-GB,en-US",do i need an esim for usa,国家页,/compare/united-states/,已覆盖,US,united-states,,否
how to use saily esim,品牌（全局）,34.2,5,5.0,1,7,en-GB,saily esim united arab emirates,品牌 Hub,/esim-providers/saily/,已覆盖,,,saily,否
australia esim card,国家·核心,34.0,4,7.0,4,3,"en-GB,en-US",australia esim card,国家页,/compare/australia/,已覆盖,AU,australia,,否
best esim for madrid,城市,34.0,9,8.5,4,3,"en-GB,en-US",esim for madrid,未建页型（禁区）,（无城市页，建议并入国家页）,缺口,,,,是
esim card for taiwan,国家·核心,34.0,9,7.0,2,2,"en-GB,en-US",esim coverage in taiwan,国家页,/compare/taiwan/,已覆盖,TW,taiwan,,否
airalo esim card morocco,品牌×国家,33.7,2,5.0,2,1,"en-GB,en-US",airalo esim morocco,品牌×国家子页,/compare/morocco/airalo/,已覆盖,MA,morocco,airalo,否
airalo esim turkey,品牌（全局）,33.7,2,5.0,2,1,"en-GB,en-US",airalo esim turkiye,品牌 Hub,/esim-providers/airalo/,已覆盖,,,airalo,否
best esim for use in japan,国家·核心,33.7,2,5.0,2,2,"en-GB,en-US",best esim for uae,国家页,/compare/japan/,已覆盖,JP,japan,,否
cheapest esim for mexico,国家·价格/交易,33.7,2,5.0,2,2,"en-GB,en-US",cheapest esim mexico,国家页,/compare/mexico/,已覆盖,MX,mexico,,是
do you need an esim for iceland,国家·核心,33.7,2,5.0,2,1,"en-GB,en-US",do i need an esim for iceland,国家页,/compare/iceland/,已覆盖,IS,iceland,,否
esim brazil compare,国家·对比,33.7,2,5.0,2,1,"en-GB,en-US",esim brazil,国家页,/compare/brazil/,已覆盖,BR,brazil,,否
esim for multiple countries,通用·其他,33.7,12,8.0,2,8,"en-GB,en-US",kenya esim coverage map,首页/枢纽,/,已覆盖,,,,否
nomad esim usa,品牌×国家,33.7,2,5.0,2,1,"en-GB,en-US",nomad esim uk,品牌×国家子页,/compare/united-states/nomad/,已覆盖,US,united-states,nomad,否
peru sim card,国家·核心,33.7,2,5.0,2,1,"en-GB,en-US",peru esim card,国家页,/compare/peru/,已覆盖,PE,peru,,否
uk sim cards for tourists,国家·核心,33.7,2,5.0,2,1,"en-GB,en-US",uk sim card for tourists,国家页,/compare/united-kingdom/,已覆盖,GB,united-kingdom,,否
vodafone qatar esim,国家·核心,33.7,2,5.0,2,1,"en-GB,en-US",qatar esim,国家页,/compare/qatar/,已覆盖,QA,qatar,,否
airalo esim card turkey,品牌（全局）,33.5,1,4.0,1,1,"en-GB,en-US",turkey esim card,品牌 Hub,/esim-providers/airalo/,已覆盖,,,airalo,否
best esim for japan from nz,区域,33.5,1,4.0,1,1,"en-GB,en-US",nz esim best,未建页型,（无区域页）,缺口,"NZ,JP","new-zealand,japan",,否
best esim for kazakhstan,通用·其他,33.5,1,4.0,1,1,"en-GB,en-US",best esim for ksa,首页/枢纽,/,已覆盖,,,,是
costa rica sim card for iphone,国家·设备兼容,33.5,1,4.0,1,1,"en-GB,en-US",costa rica sim card for tourists,国家页,/compare/costa-rica/,已覆盖,CR,costa-rica,,否
how to install esim o2,通用·问题,33.5,1,4.0,1,0,"en-GB,en-US",how to install esim,安装指南,/guides/how-to-install-esim/,已覆盖,,,,否
how to install esim on samsung,通用·设备兼容,33.5,1,4.0,1,0,"en-GB,en-US",how to install esim,兼容指南,/guides/esim-compatibility-check/,已覆盖,,,,否
prepaid esim top up,通用·规则/规格,33.5,1,4.0,1,0,"en-GB,en-US",esim top up,首页/枢纽,/,已覆盖,,,,否
sim card for europe travel,区域,33.5,1,4.0,1,1,"en-GB,en-US",belgium sim card for tourists,区域指南,/guides/best-europe-esim/,已覆盖,,,,否
ubigi esim south africa,品牌×国家,33.5,6,8.5,5,7,"en-GB,en-US",ubigi esim hong kong,品牌×国家子页,/compare/south-africa/ubigi/,已覆盖,ZA,south-africa,ubigi,否
esim for international roaming,通用·全球,33.3,5,6.0,2,4,"en-GB,en-US",roami esim united arab emirates,通用枢纽,/guides/,已覆盖,,,,否
esim providers in india,国家·核心,33.3,5,6.0,2,2,"en-GB,en-US",esim coverage in india,国家页,/compare/india/,已覆盖,IN,india,,否
turkey sim card for tourists,通用·其他,33.3,5,6.0,2,5,"en-GB,en-US",turkiye sim card for tourists,形态对比指南,/guides/esim-vs-physical-sim/,已覆盖,,,,是
esim for thailand from india,区域,33.2,9,8.0,3,3,"en-GB,en-US",is esim available in thailand,未建页型,（无区域页）,缺口,"TH,IN","thailand,india",,否
roamic esim china,品牌×国家,33.2,4,5.0,1,2,"en-GB,en-US",roami esim china,品牌×国家子页,/compare/china/roamic/,已覆盖,CN,china,roamic,否
turkey esim tourist,通用·其他,33.2,4,5.0,1,2,"en-GB,en-US",turkey esim best,首页/枢纽,/,已覆盖,,,,否
uae sim card tourist,国家·核心,33.2,4,5.0,1,4,"en-GB,en-US",qatar sim card for tourists,国家页,/compare/united-arab-emirates/,已覆盖,AE,united-arab-emirates,,否
unlimited esim data plan,通用·规则/规格,33.2,19,11.0,3,14,"en-GB,en-US",unlimited esim,无限流量研究,/research/unlimited-esim/,已覆盖,,,,否
airalo esim georgia,品牌×国家,33.0,3,7.0,4,1,"en-GB,en-US",esim for georgia,品牌×国家子页,/compare/georgia/airalo/,已覆盖,GE,georgia,airalo,否
best esim for central america,区域,33.0,8,7.0,2,5,"en-GB,en-US",best esim for colombia 2026,区域指南,/guides/best-americas-esim/,已覆盖,,,,是
cheap esim mobile plans,通用·价格交易,33.0,3,4.0,0,3,en-US,cheap esim macao,首页/枢纽,/,已覆盖,,,,否
cheap esim plans australia,国家·价格/交易,33.0,3,5.5,2,3,"en-GB,en-US",cheap esim australia,国家页·套餐表,/compare/australia/#plans,已覆盖,AU,australia,,否
cheapest esim for china,国家·价格/交易,33.0,33,13.0,0,31,"en-GB,en-US",cheapest esim for peru,国家页,/compare/china/,已覆盖,CN,china,,是
esim for costa rica reddit,国家·核心,33.0,13,7.0,0,1,en-GB,roamic esim costa rica,国家页,/compare/costa-rica/,已覆盖,CR,costa-rica,,否
esim for south africa and zimbabwe,国家·核心,33.0,3,7.0,4,3,"en-GB,en-US",esim for south africa,国家页,/compare/south-africa/,已覆盖,ZA,south-africa,,否
esim ireland eir,国家·核心,33.0,3,4.0,0,3,"en-GB,en-US",esim ireland,国家页,/compare/ireland/,已覆盖,IE,ireland,,否
esim with number europe,区域,33.0,23,10.0,0,14,"en-GB,en-US",belgium esim coverage map,区域指南,/guides/best-europe-esim/,已覆盖,,,,否
how does an esim work abroad,通用·全球,33.0,8,10.0,6,8,"en-GB,en-US",does esim work in greece,通用枢纽,/guides/,已覆盖,,,,否
new zealand esim unlimited data,国家·规格/流量,33.0,3,7.0,4,2,"en-GB,en-US",new zealand esim unlimited,国家页·无限流量区,/compare/new-zealand/#plans,已覆盖,NZ,new-zealand,,否
saily esim installation,品牌（全局）,33.0,3,4.0,0,3,en-GB,saily esim china,品牌 Hub,/esim-providers/saily/,已覆盖,,,saily,否
ubigi esim japan uk,区域,33.0,3,4.0,0,3,"en-GB,en-US",ubigi esim japan,品牌 Hub·区域覆盖,/esim-providers/ubigi/,已覆盖,"JP,GB","japan,united-kingdom",ubigi,否
best esim london uk,国家·核心,32.8,2,4.5,1,0,"en-GB,en-US",esim london,国家页,/compare/united-kingdom/,已覆盖,GB,united-kingdom,,否
best travel esim for china,国家·核心,32.8,2,4.5,1,2,en-US,best esim for china 2026,国家页,/compare/china/,已覆盖,CN,china,,否
holafly esim russia,品牌（全局）,32.8,2,4.5,1,3,"en-GB,en-US",holafly esim austria,品牌 Hub,/esim-providers/holafly/,已覆盖,,,holafly,否
iphone sim vs esim,通用·对比,32.8,7,6.0,1,7,en-US,esim macao vs sim,兼容指南,/guides/esim-compatibility-check/,已覆盖,,,,否
nomad esim card china,品牌×国家,32.8,7,6.0,1,8,"en-GB,en-US",nomad esim hong kong,品牌×国家子页,/compare/china/nomad/,已覆盖,CN,china,nomad,否
saily esim morocco,品牌×国家,32.8,2,4.5,1,2,en-US,saily esim mexico,品牌×国家子页,/compare/morocco/saily/,已覆盖,MA,morocco,saily,否
three switch to esim,通用·其他,32.8,2,4.5,1,1,"en-GB,en-US",esim czech republic 2026,首页/枢纽,/,已覆盖,,,,否
ubigi esim europe unlimited,品牌（全局）,32.8,2,4.5,1,2,en-US,ubigi esim colombia,品牌 Hub,/esim-providers/ubigi/,已覆盖,,,ubigi,否
esim card for spain,国家·核心,32.5,15,8.5,1,3,"en-GB,en-US",esim coverage in spain,国家页,/compare/spain/,已覆盖,ES,spain,,否
alosim esim canada,品牌×国家,32.3,4,6.0,2,4,"en-GB,en-US",alosim esim china,品牌×国家子页,/compare/canada/alosim/,已覆盖,CA,canada,alosim,否
cheapest esim switzerland,国家·价格/交易,32.3,4,6.0,2,4,"en-GB,en-US",cheapest esim for switzerland,国家页,/compare/switzerland/,已覆盖,CH,switzerland,,否
esim card switzerland,国家·核心,32.3,4,6.0,2,1,"en-GB,en-US",switzerland esim card,国家页,/compare/switzerland/,已覆盖,CH,switzerland,,否
esim for mexico from canada,区域,32.3,9,6.0,0,4,"en-GB,en-US",esim for mexico,未建页型,（无区域页）,缺口,"CA,MX","canada,mexico",,否
esim for thailand from uk,区域,32.3,4,6.0,2,3,"en-GB,en-US",esim for thailand,未建页型,（无区域页）,缺口,"TH,GB","thailand,united-kingdom",,否
esim for the uk,国家·核心,32.3,14,9.0,2,5,"en-GB,en-US",uk esim coverage map,国家页,/compare/united-kingdom/,已覆盖,GB,united-kingdom,,否
italy phone plan esim,国家·核心,32.3,4,6.0,2,1,"en-GB,en-US",italy esim coverage map,国家页,/compare/italy/,已覆盖,IT,italy,,否
japan esim unlimited data best,国家·规格/流量,32.3,4,4.5,0,1,"en-GB,en-US",unlimited data esim japan,国家页·无限流量区,/compare/japan/#plans,已覆盖,JP,japan,,否
sri lanka esim review,通用·其他,32.3,4,6.0,2,3,"en-GB,en-US",esim for kenya review,首页/枢纽,/,已覆盖,,,,否
best esim plans usa,国家·规格/流量,32.2,3,5.0,1,3,en-US,united arab emirates esim plans,国家页,/compare/united-states/,已覆盖,US,united-states,,否
best esim travel egypt,国家·核心,32.2,13,8.0,1,1,"en-GB,en-US",egypt esim best,国家页,/compare/egypt/,已覆盖,EG,egypt,,否
esim for united states,通用·其他,32.2,23,11.0,1,9,"en-GB,en-US",usa esim coverage map,首页/枢纽,/,已覆盖,,,,否
esim indonesia plans,国家·核心,32.2,3,5.0,1,1,"en-GB,en-US",indonesia esim plans,国家页,/compare/indonesia/,已覆盖,ID,indonesia,,否
iceland esim travel,国家·核心,32.2,3,5.0,1,1,"en-GB,en-US",iceland esim best,国家页,/compare/iceland/,已覆盖,IS,iceland,,否
saily esim indonesia,品牌×国家,32.2,3,5.0,1,3,en-GB,saily esim india,品牌×国家子页,/compare/indonesia/saily/,已覆盖,ID,indonesia,saily,否
sim card indonesia for tourist,国家·核心,32.2,3,5.0,1,3,en-US,croatia sim card for tourists,国家页,/compare/indonesia/,已覆盖,ID,indonesia,,否
ubigi esim promo code 2026,品牌（全局）,32.2,3,5.0,1,1,en-US,ubigi esim peru,品牌 Hub,/esim-providers/ubigi/,已覆盖,,,ubigi,否
what is the best esim for portugal,国家·核心,32.2,3,5.0,1,1,"en-GB,en-US",esim for portugal review,国家页,/compare/portugal/,已覆盖,PT,portugal,,否
asia esim south korea japan china,区域,32.0,2,4.0,0,3,"en-GB,en-US",esim for japan and south korea,区域指南,/guides/best-asia-esim/,已覆盖,"KR,JP,CN","south-korea,japan,china",,否
australia sim card plans,国家·核心,32.0,2,4.0,0,3,"en-GB,en-US",australia esim card,国家页,/compare/australia/,已覆盖,AU,australia,,否
best esim for asia reddit,区域,32.0,7,7.0,2,7,en-US,esim united arab emirates reddit,区域指南,/guides/best-asia-esim/,已覆盖,,,,否
best esim for canada and alaska,国家·核心,32.0,2,4.0,0,1,"en-GB,en-US",best esim for canada,国家页,/compare/canada/,已覆盖,CA,canada,,否
best esim for india from usa,区域,32.0,2,4.0,0,1,"en-GB,en-US",best esim for india,未建页型,（无区域页）,缺口,"IN,US","india,united-states",,否
best esim for korea reddit,国家·核心,32.0,7,7.0,2,3,"en-GB,en-US",korea esim reddit,国家页,/compare/south-korea/,已覆盖,KR,south-korea,,否
best esim for south america travel,区域,32.0,2,4.0,0,3,"en-GB,en-US",best esim for south africa,区域指南,/guides/best-americas-esim/,已覆盖,,,,否
cheapest 5g esim singapore,国家·价格/交易,32.0,2,4.0,0,1,"en-GB,en-US",cheapest esim singapore,国家页,/compare/singapore/,已覆盖,SG,singapore,,否
esim for germany from india,区域,32.0,2,4.0,0,2,"en-GB,en-US",esim for germany,未建页型,（无区域页）,缺口,"DE,IN","germany,india",,否
esim for india from australia,区域,32.0,2,4.0,0,1,"en-GB,en-US",esim for india,未建页型,（无区域页）,缺口,"AU,IN","australia,india",,否
esim for malaysia travel,国家·核心,32.0,2,4.0,0,2,"en-GB,en-US",esim for malaysia,国家页,/compare/malaysia/,已覆盖,MY,malaysia,,否
esim germany travel,国家·核心,32.0,2,4.0,0,2,"en-GB,en-US",esim germany,国家页,/compare/germany/,已覆盖,DE,germany,,否
esim malaysia singapore,区域,32.0,2,4.0,0,2,"en-GB,en-US",esim malaysia,未建页型,（无区域页）,缺口,"SG,MY","singapore,malaysia",,否
esim south east asia,区域,32.0,2,4.0,0,1,"en-GB,en-US",alosim esim saudi arabia,区域指南,/guides/best-asia-esim/,已覆盖,,,,否
holafly esim morocco,品牌×国家,32.0,2,4.0,0,2,en-US,holafly esim macao,品牌×国家子页,/compare/morocco/holafly/,已覆盖,MA,morocco,holafly,否
hong kong esim iphone,国家·设备兼容,32.0,2,4.0,0,1,"en-GB,en-US",hong kong esim,国家页,/compare/hong-kong/,已覆盖,HK,hong-kong,,否
hong kong sim card price,国家·价格/交易,32.0,2,4.0,0,1,"en-GB,en-US",hong kong esim card,国家页,/compare/hong-kong/,已覆盖,HK,hong-kong,,否
how to use ubigi esim,品牌（全局）,32.0,7,7.0,2,9,"en-GB,en-US",ubigi esim saudi arabia,品牌 Hub,/esim-providers/ubigi/,已覆盖,,,ubigi,否
is roamic esim good,品牌（全局）,32.0,2,5.5,2,0,"en-GB,en-US",is roamic good,品牌 Hub,/esim-providers/roamic/,已覆盖,,,roamic,否
jetpac esim bali,品牌（全局）,32.0,2,4.0,0,1,"en-GB,en-US",jetpac esim,品牌 Hub,/esim-providers/jetpac/,已覆盖,,,jetpac,否
klook esim bangkok,城市,32.0,2,4.0,0,1,"en-GB,en-US",esim bangkok,未建页型（禁区）,（无城市页，建议并入国家页）,缺口,,,,否
korea sim card with phone number,国家·规格/流量,32.0,2,4.0,0,2,"en-GB,en-US",korea esim card,国家页,/compare/south-korea/,已覆盖,KR,south-korea,,否
lebara esim netherlands,国家·核心,32.0,2,4.0,0,1,"en-GB,en-US",esim for netherlands,国家页,/compare/netherlands/,已覆盖,NL,netherlands,,否
nomad esim promo code 2026,品牌（全局）,32.0,2,4.0,0,1,"en-GB,en-US",esim promo code,品牌 Hub,/esim-providers/nomad/,已覆盖,,,nomad,否
ooredoo esim qatar,国家·核心,32.0,2,4.0,0,1,"en-GB,en-US",esim qatar,国家页,/compare/qatar/,已覆盖,QA,qatar,,否
uae sim card plans,国家·核心,32.0,2,5.5,2,2,"en-GB,en-US",uae esim card,国家页,/compare/united-arab-emirates/,已覆盖,AE,united-arab-emirates,,否
ubigi esim new zealand,品牌×国家,32.0,7,7.0,2,9,"en-GB,en-US",ubigi esim hong kong,品牌×国家子页,/compare/new-zealand/ubigi/,已覆盖,NZ,new-zealand,ubigi,否
what is an esim iphone,通用·设备兼容,32.0,2,4.0,0,2,"en-GB,en-US",what is an esim,兼容指南,/guides/esim-compatibility-check/,已覆盖,,,,否
airalo esim recharge plans,品牌（全局）,31.8,1,4.5,1,0,"en-GB,en-US",airalo esim plan,品牌 Hub,/esim-providers/airalo/,已覆盖,,,airalo,否
best e sim for greece,国家·核心,31.8,1,4.5,1,1,"en-GB,en-US",greece sim card for tourists,国家页,/compare/greece/,已覆盖,GR,greece,,否
best usa sim card for tourists,国家·核心,31.8,1,4.5,1,2,"en-GB,en-US",usa sim card for tourists,国家页,/compare/united-states/,已覆盖,US,united-states,,否
buy airalo esim mexico,品牌×国家,31.8,1,4.5,1,1,"en-GB,en-US",airalo esim mexico,品牌×国家子页,/compare/mexico/airalo/,已覆盖,MX,mexico,airalo,否
esim english,通用·其他,31.8,1,4.5,1,1,"en-GB,en-US",esim england,首页/枢纽,/,已覆盖,,,,否
mexico prepaid sim card,国家·核心,31.8,1,4.5,1,1,"en-GB,en-US",mexico sim card for tourists,国家页,/compare/mexico/,已覆盖,MX,mexico,,否
saily esim costa rica,品牌×国家,31.8,6,6.0,1,2,"en-GB,en-US",yesim esim costa rica,品牌×国家子页,/compare/costa-rica/saily/,已覆盖,CR,costa-rica,saily,否
saily esim uk,品牌×国家,31.8,1,4.5,1,0,"en-GB,en-US",saily esim,品牌×国家子页,/compare/united-kingdom/saily/,已覆盖,GB,united-kingdom,saily,否
sim card for argentina,国家·核心,31.8,1,4.5,1,1,"en-GB,en-US",argentina sim card for tourists,国家页,/compare/argentina/,已覆盖,AR,argentina,,否
sim card for ireland and northern ireland,国家·核心,31.8,1,4.5,1,1,"en-GB,en-US",ireland sim card for tourists,国家页,/compare/ireland/,已覆盖,IE,ireland,,否
travel sim card morocco,国家·核心,31.8,1,4.5,1,1,"en-GB,en-US",morocco sim card for tourists,国家页,/compare/morocco/,已覆盖,MA,morocco,,否
best esim card for sweden,通用·其他,31.7,5,6.5,2,0,"en-GB,en-US",best esim for norway and sweden,形态对比指南,/guides/esim-vs-physical-sim/,已覆盖,,,,否
cheapest esim for japan,国家·价格/交易,31.7,10,8.0,2,10,"en-GB,en-US",cheapest esim for fiji,国家页,/compare/japan/,已覆盖,JP,japan,,是
esim new zealand data and calls,国家·核心,31.7,5,5.0,0,2,"en-GB,en-US",esim new zealand,国家页,/compare/new-zealand/,已覆盖,NZ,new-zealand,,否
peru sim card for tourist,国家·核心,31.7,5,8.0,4,3,"en-GB,en-US",peru sim card for tourists,国家页,/compare/peru/,已覆盖,PE,peru,,否
cheapest esim compatible phones in india,国家·设备兼容,31.5,4,5.5,1,3,"en-GB,en-US",cheapest esim nz,国家页,/compare/india/,已覆盖,IN,india,,否
vietnam esim reddit,国家·核心,31.5,4,7.0,3,2,"en-GB,en-US",vietnam esim price,国家页,/compare/vietnam/,已覆盖,VN,vietnam,,否
cheapest esim in singapore,国家·价格/交易,31.3,3,4.5,0,3,"en-GB,en-US",cheapest esim india,国家页,/compare/singapore/,已覆盖,SG,singapore,,否
esim compatible phones in india,国家·设备兼容,31.3,3,6.0,2,2,"en-GB,en-US",esim compatible phones,国家页,/compare/india/,已覆盖,IN,india,,否
esim europe unlimited data,区域,31.3,13,9.0,2,13,"en-GB,en-US",czech republic esim unlimited,区域指南,/guides/best-europe-esim/,已覆盖,,,,否
esim stc saudi arabia,国家·核心,31.3,13,7.5,0,1,"en-GB,en-US",esim for saudi arabia,国家页,/compare/saudi-arabia/,已覆盖,SA,saudi-arabia,,否
italy esim plans,国家·规格/流量,31.3,3,7.5,4,1,"en-GB,en-US",italy esim,国家页,/compare/italy/,已覆盖,IT,italy,,是
mexico esim plan,国家·规格/流量,31.3,3,6.0,2,1,"en-GB,en-US",mexico esim plans,国家页,/compare/mexico/,已覆盖,MX,mexico,,否
switzerland esim for 10 days how much,国家·价格/交易,31.3,3,4.5,0,1,"en-GB,en-US",esim switzerland,国家页·套餐表,/compare/switzerland/#plans,已覆盖,CH,switzerland,,否
which iphone use esim,通用·设备兼容,31.3,18,9.0,0,19,en-US,esim argentina for iphone,兼容指南,/guides/esim-compatibility-check/,已覆盖,,,,否
airalo esim asia plans,品牌（全局）,31.2,2,5.0,1,1,"en-GB,en-US",airalo esim plan,品牌 Hub,/esim-providers/airalo/,已覆盖,,,airalo,否
airalo esim card spain,品牌×国家,31.2,2,5.0,1,1,"en-GB,en-US",airalo esim spain,品牌×国家子页,/compare/spain/airalo/,已覆盖,ES,spain,airalo,否
airalo esim sri lanka maldives,品牌（全局）,31.2,2,5.0,1,2,"en-GB,en-US",esim maldives,品牌 Hub,/esim-providers/airalo/,已覆盖,,,airalo,否
best esim for the usa,国家·核心,31.2,2,5.0,1,4,en-GB,best esim for usa and mexico,国家页,/compare/united-states/,已覆盖,US,united-states,,否
cheap esim compatible phones,通用·设备兼容,31.2,2,5.0,1,2,en-US,cheap esim macao,兼容指南,/guides/esim-compatibility-check/,已覆盖,,,,否
esim canada,国家·核心,31.2,2,5.0,1,1,"en-GB,en-US",esim cancun,国家页,/compare/canada/,已覆盖,CA,canada,,是
esim for mexico with phone number,国家·规格/流量,31.2,2,5.0,1,1,"en-GB,en-US",esim for mexico city,国家页,/compare/mexico/,已覆盖,MX,mexico,,否
hong kong esim prepaid,国家·核心,31.2,2,5.0,1,1,"en-GB,en-US",hong kong esim price,国家页,/compare/hong-kong/,已覆盖,HK,hong-kong,,否
how to buy lg esim card at seoul airport,城市,31.2,2,5.0,1,1,"en-GB,en-US",esim seoul,未建页型（禁区）,（无城市页，建议并入国家页）,缺口,,,,否
india esim plans,国家·规格/流量,31.2,2,5.0,1,1,"en-GB,en-US",india esim price,国家页,/compare/india/,已覆盖,IN,india,,是
philippines esim prepaid,国家·核心,31.2,2,5.0,1,1,"en-GB,en-US",philippines esim price,国家页,/compare/philippines/,已覆盖,PH,philippines,,否
saily esim promo code,品牌（全局）,31.2,2,5.0,1,1,"en-GB,en-US",saily esim peru,品牌 Hub,/esim-providers/saily/,已覆盖,,,saily,否
sim card for spain and portugal,区域,31.2,2,5.0,1,2,"en-GB,en-US",portugal sim card for tourists,未建页型,（无区域页）,缺口,"PT,ES","portugal,spain",,否
singapore esim prepaid,国家·核心,31.2,2,5.0,1,1,"en-GB,en-US",singapore esim price,国家页,/compare/singapore/,已覆盖,SG,singapore,,否
sri lanka esim for tourist,通用·其他,31.2,2,5.0,1,1,"en-GB,en-US",best esim for india and sri lanka,首页/枢纽,/,已覆盖,,,,否
swisscom sim card for tourist,通用·其他,31.2,2,5.0,1,2,"en-GB,en-US",poland sim card for tourists,形态对比指南,/guides/esim-vs-physical-sim/,已覆盖,,,,否
ubigi esim promo code,品牌（全局）,31.2,7,8.0,3,6,"en-GB,en-US",ubigi esim peru,品牌 Hub,/esim-providers/ubigi/,已覆盖,,,ubigi,否
us esim card,国家·核心,31.2,2,5.0,1,2,"en-GB,en-US",usa esim card,国家页,/compare/united-states/,已覆盖,US,united-states,,否
airalo esim china vpn,品牌×国家,31.0,1,4.0,0,1,"en-GB,en-US",airalo esim china,品牌×国家子页,/compare/china/airalo/,已覆盖,CN,china,airalo,否
airalo esim coupon code,品牌（全局）,31.0,1,4.0,0,1,en-US,airalo esim macao,品牌 Hub,/esim-providers/airalo/,已覆盖,,,airalo,否
airalo esim data plan,品牌（全局）,31.0,1,4.0,0,0,"en-GB,en-US",airalo esim plan,品牌 Hub,/esim-providers/airalo/,已覆盖,,,airalo,否
airalo esim mexico,品牌×国家,31.0,1,4.0,0,1,en-US,airalo esim uk,品牌×国家子页,/compare/mexico/airalo/,已覆盖,MX,mexico,airalo,否
airalo esim says activating,品牌（全局）,31.0,1,4.0,0,2,"en-GB,en-US",airalo esim usa,品牌 Hub,/esim-providers/airalo/,已覆盖,,,airalo,否
airtel esim activation for iphone in usa,国家·设备兼容,31.0,1,4.0,0,2,en-US,esim usa for iphone,国家页,/compare/united-states/,已覆盖,US,united-states,,否
australia sim card,国家·核心,31.0,1,4.0,0,2,en-US,australia esim card,国家页,/compare/australia/,已覆盖,AU,australia,,否
bali esim klook,城市,31.0,1,4.0,0,1,"en-GB,en-US",bali esim,未建页型（禁区）,（无城市页，建议并入国家页）,缺口,,,,否
bali sim card airport,城市,31.0,1,4.0,0,1,"en-GB,en-US",bali esim card,未建页型（禁区）,（无城市页，建议并入国家页）,缺口,,,,否
best esim for azerbaijan,通用·其他,31.0,1,4.0,0,1,en-US,best esim for nz,首页/枢纽,/,已覆盖,,,,是
best esim for greece and italy,区域,31.0,1,4.0,0,1,"en-GB,en-US",best esim for greece,未建页型,（无区域页）,缺口,"GR,IT","greece,italy",,否
best esim for philippines and thailand,区域,31.0,1,4.0,0,1,"en-GB,en-US",best esim for philippines,未建页型,（无区域页）,缺口,"PH,TH","philippines,thailand",,否
best esim for samoa,通用·其他,31.0,1,4.0,0,1,en-US,best esim for ksa,首页/枢纽,/,已覆盖,,,,是
best esim for singapore and thailand,区域,31.0,1,4.0,0,1,"en-GB,en-US",best esim for singapore,未建页型,（无区域页）,缺口,"SG,TH","singapore,thailand",,否
best esim in portugal,国家·核心,31.0,1,4.0,0,1,en-GB,does esim work in portugal,国家页,/compare/portugal/,已覆盖,PT,portugal,,否
best esim providers in usa,国家·核心,31.0,1,4.0,0,1,en-US,best esim for georgia,国家页,/compare/united-states/,已覆盖,US,united-states,,否
best esim to use in india,国家·核心,31.0,1,4.0,0,1,en-GB,does esim work in india,国家页,/compare/india/,已覆盖,IN,india,,否
best sim card in usa for tourist,国家·核心,31.0,1,4.0,0,2,en-GB,usa sim card for tourists,国家页,/compare/united-states/,已覆盖,US,united-states,,否
brazil esim calls,国家·核心,31.0,1,4.0,0,1,"en-GB,en-US",brazil esim,国家页,/compare/brazil/,已覆盖,BR,brazil,,否
can you get esim in china,国家·核心,31.0,1,4.0,0,1,en-US,how to get an esim for china,国家页,/compare/china/,已覆盖,CN,china,,否
canada esim data,国家·核心,31.0,1,4.0,0,1,"en-GB,en-US",canada esim,国家页,/compare/canada/,已覆盖,CA,canada,,否
cellcom israel esim,国家·核心,31.0,1,4.0,0,1,"en-GB,en-US",israel esim,国家页,/compare/israel/,已覆盖,IL,israel,,否
cheap e sim uk,国家·价格/交易,31.0,1,4.0,0,1,en-GB,cheapest esim uk,国家页,/compare/united-kingdom/,已覆盖,GB,united-kingdom,,否
cheap esim for uk,国家·价格/交易,31.0,1,4.0,0,1,en-US,cheap esim peru,国家页,/compare/united-kingdom/,已覆盖,GB,united-kingdom,,否
cheap esim handset australia,国家·价格/交易,31.0,1,4.0,0,2,en-US,cheap esim australia,国家页,/compare/australia/,已覆盖,AU,australia,,否
cheap esim usa,国家·价格/交易,31.0,1,4.0,0,1,en-US,cheap esim uk,国家页,/compare/united-states/,已覆盖,US,united-states,,否
cheapest esim calls only,通用·价格交易,31.0,1,4.0,0,1,en-US,cheapest esim ksa,首页/枢纽,/,已覆盖,,,,否
cheapest esim compatible phone uk,国家·设备兼容,31.0,1,4.0,0,1,en-US,cheapest esim nz,国家页,/compare/united-kingdom/,已覆盖,GB,united-kingdom,,否
cheapest esim for singapore,国家·价格/交易,31.0,1,4.0,0,1,en-US,cheapest esim for ksa,国家页,/compare/singapore/,已覆盖,SG,singapore,,是
cheapest prepaid esim australia,国家·价格/交易,31.0,1,4.0,0,2,"en-GB,en-US",cheapest esim for australia,国家页,/compare/australia/,已覆盖,AU,australia,,否
china esim shopee,国家·落地渠道,31.0,1,4.0,0,1,en-US,china esim best,国家页,/compare/china/,已覆盖,CN,china,,否
china esim with phone number,国家·规格/流量,31.0,1,4.0,0,1,"en-GB,en-US",china esim,国家页,/compare/china/,已覆盖,CN,china,,否
compare esim plans japan,国家·对比,31.0,1,4.0,0,1,en-US,japan esim plans,国家页,/compare/japan/,已覆盖,JP,japan,,否
do i need an esim for spain,国家·核心,31.0,1,4.0,0,1,en-US,do i need an esim for ksa,国家页,/compare/spain/,已覆盖,ES,spain,,否
does an esim from holafly work in china,品牌×国家,31.0,1,4.0,0,1,"en-GB,en-US",does esim work in china,品牌×国家子页,/compare/china/holafly/,已覆盖,CN,china,holafly,否
dubai esim matrix,城市,31.0,1,4.0,0,1,"en-GB,en-US",dubai esim,未建页型（禁区）,（无城市页，建议并入国家页）,缺口,,,,否
dubai sim card tourist,城市,31.0,1,4.0,0,1,en-GB,united arab emirates sim card for tourists,未建页型（禁区）,（无城市页，建议并入国家页）,缺口,,,,否
e sim available in india,国家·核心,31.0,1,4.0,0,1,en-US,is esim available in india,国家页,/compare/india/,已覆盖,IN,india,,否
e sim fisico,通用·其他,31.0,1,4.0,0,1,en-GB,esim fiji,首页/枢纽,/,已覆盖,,,,否
e sim for morocco from uk,区域,31.0,1,4.0,0,1,en-US,morocco sim card for tourists,未建页型,（无区域页）,缺口,"MA,GB","morocco,united-kingdom",,否
e sim for turkey from uk,国家·核心,31.0,1,4.0,0,1,en-GB,esim for turkiye,国家页,/compare/united-kingdom/,已覆盖,GB,united-kingdom,,否
egypt esim uk,区域,31.0,1,4.0,0,1,"en-GB,en-US",egypt esim,未建页型,（无区域页）,缺口,"EG,GB","egypt,united-kingdom",,否
esim anonima,通用·其他,31.0,1,4.0,0,0,en-US,esim hanoi,首页/枢纽,/,已覆盖,,,,否
esim argentina prepago,国家·核心,31.0,1,4.0,0,1,"en-GB,en-US",esim argentina,国家页,/compare/argentina/,已覆盖,AR,argentina,,否
esim bali klook,城市,31.0,1,4.0,0,1,"en-GB,en-US",esim bali,未建页型（禁区）,（无城市页，建议并入国家页）,缺口,,,,否
esim cannot be added visible,通用·其他,31.0,1,4.0,0,1,en-US,esim cancun,首页/枢纽,/,已覆盖,,,,否
esim card for china travel,国家·核心,31.0,1,4.0,0,1,en-GB,czech republic esim card,国家页,/compare/china/,已覆盖,CN,china,,否
esim card for peru,国家·核心,31.0,1,4.0,0,1,"en-GB,en-US",esim for peru,国家页,/compare/peru/,已覆盖,PE,peru,,否
esim china data packages,国家·核心,31.0,1,4.0,0,1,"en-GB,en-US",esim china,国家页,/compare/china/,已覆盖,CN,china,,否
esim colombia claro,国家·核心,31.0,1,4.0,0,1,"en-GB,en-US",esim colombia,国家页,/compare/colombia/,已覆盖,CO,colombia,,否
esim compatible phones uk,国家·设备兼容,31.0,1,4.0,0,0,"en-GB,en-US",esim compatible phones,国家页,/compare/united-kingdom/,已覆盖,GB,united-kingdom,,否
esim deals usa,国家·价格/交易,31.0,1,4.0,0,0,"en-GB,en-US",esim deals,国家页,/compare/united-states/,已覆盖,US,united-states,,否
esim dubai test,城市,31.0,1,4.0,0,1,"en-GB,en-US",esim dubai,未建页型（禁区）,（无城市页，建议并入国家页）,缺口,,,,否
esim for armenia,通用·其他,31.0,1,4.0,0,1,en-GB,esim for argentina,首页/枢纽,/,已覆盖,,,,否
esim for bali from nz,国家·核心,31.0,1,4.0,0,1,"en-GB,en-US",esim for bali,国家页,/compare/new-zealand/,已覆盖,NZ,new-zealand,,否
esim for belgium,国家·核心,31.0,1,4.0,0,0,en-US,esim for berlin,国家页,/compare/belgium/,已覆盖,BE,belgium,,否
esim for cars,通用·其他,31.0,1,4.0,0,0,en-US,esim for cairo,首页/枢纽,/,已覆盖,,,,否
esim for cruises at sea,通用·其他,31.0,1,4.0,0,0,"en-GB,en-US",esim for cruise,首页/枢纽,/,已覆盖,,,,否
esim for french polynesia,通用·其他,31.0,1,4.0,0,1,en-GB,esim for france,首页/枢纽,/,已覆盖,,,,否
esim for greece from australia,区域,31.0,1,4.0,0,1,"en-GB,en-US",esim for greece,未建页型,（无区域页）,缺口,"AU,GR","australia,greece",,否
esim for hawaii,城市,31.0,1,4.0,0,0,en-US,esim for hanoi,未建页型（禁区）,（无城市页，建议并入国家页）,缺口,,,,否
esim for iphone 15,通用·设备兼容,31.0,1,4.0,0,0,"en-GB,en-US",esim for iphone,兼容指南,/guides/esim-compatibility-check/,已覆盖,,,,否
esim for morocco and spain,区域,31.0,1,4.0,0,1,"en-GB,en-US",esim for morocco,未建页型,（无区域页）,缺口,"MA,ES","morocco,spain",,否
esim for new zealand spark,国家·核心,31.0,1,4.0,0,1,"en-GB,en-US",esim for new zealand,国家页,/compare/new-zealand/,已覆盖,NZ,new-zealand,,否
esim for pakistan from uk,国家·核心,31.0,1,4.0,0,0,en-GB,esim for paris,国家页,/compare/united-kingdom/,已覆盖,GB,united-kingdom,,否
esim for roaming uk,国家·核心,31.0,1,4.0,0,0,en-US,esim for rome,国家页,/compare/united-kingdom/,已覆盖,GB,united-kingdom,,否
esim for samsung a17,通用·设备兼容,31.0,1,4.0,0,1,en-US,esim for ksa,兼容指南,/guides/esim-compatibility-check/,已覆盖,,,,否
esim for singapore and thailand,区域,31.0,1,4.0,0,1,"en-GB,en-US",esim for singapore,未建页型,（无区域页）,缺口,"SG,TH","singapore,thailand",,否
esim for south africa from australia,区域,31.0,1,4.0,0,2,"en-GB,en-US",esim for south africa,区域指南,/guides/best-africa-middle-east-esim/,已覆盖,"ZA,AU","south-africa,australia",,否
esim for tonga,通用·其他,31.0,1,4.0,0,0,en-US,esim for tokyo,首页/枢纽,/,已覆盖,,,,否
esim for travel to india,国家·核心,31.0,1,4.0,0,1,en-US,do i need an esim for india,国家页,/compare/india/,已覆盖,IN,india,,否
esim for usa and bahamas,国家·核心,31.0,1,4.0,0,0,en-US,esim for osaka,国家页,/compare/united-states/,已覆盖,US,united-states,,否
esim for zambia,通用·其他,31.0,1,4.0,0,1,"en-GB,en-US",esim for nz,首页/枢纽,/,已覆盖,,,,否
esim france sans engagement,国家·核心,31.0,1,4.0,0,1,"en-GB,en-US",esim france,国家页,/compare/france/,已覆盖,FR,france,,否
esim grecia,通用·其他,31.0,1,4.0,0,1,en-GB,esim greece,首页/枢纽,/,已覆盖,,,,否
esim hong kong klook,国家·落地渠道,31.0,1,4.0,0,1,"en-GB,en-US",esim hong kong,国家页,/compare/hong-kong/,已覆盖,HK,hong-kong,,否
esim hotspot setup,通用·规则/规格,31.0,1,4.0,0,0,"en-GB,en-US",esim hot spot,安装指南,/guides/how-to-install-esim/,已覆盖,,,,否
esim instructions for android,通用·设备兼容,31.0,1,4.0,0,0,"en-GB,en-US",esim for android,兼容指南,/guides/esim-compatibility-check/,已覆盖,,,,否
esim iphone,通用·设备兼容,31.0,1,4.0,0,0,en-US,esim,兼容指南,/guides/esim-compatibility-check/,已覆盖,,,,否
esim iphone qr code,通用·设备兼容,31.0,1,4.0,0,1,en-US,esim qatar for iphone,折扣页,/esim-deals/,已覆盖,,,,否
esim italy travel,国家·核心,31.0,1,4.0,0,1,"en-GB,en-US",esim italy,国家页,/compare/italy/,已覆盖,IT,italy,,否
esim jamaica,通用·其他,31.0,1,4.0,0,0,en-GB,esim hawaii,首页/枢纽,/,已覆盖,,,,是
esim japan klook,国家·落地渠道,31.0,1,4.0,0,1,"en-GB,en-US",esim japan,国家页,/compare/japan/,已覆盖,JP,japan,,否
esim japan reviews,国家·核心,31.0,1,4.0,0,1,en-GB,esim for japan review,国家页,/compare/japan/,已覆盖,JP,japan,,否
esim kesako,通用·其他,31.0,1,4.0,0,1,en-US,esim ksa,首页/枢纽,/,已覆盖,,,,否
esim key benefits,通用·其他,31.0,1,4.0,0,1,en-GB,esim kenya,首页/枢纽,/,已覆盖,,,,否
esim libano,通用·其他,31.0,1,4.0,0,0,en-US,esim lisbon,首页/枢纽,/,已覆盖,,,,否
esim linemo,通用·其他,31.0,1,4.0,0,0,en-GB,esim lisbon,首页/枢纽,/,已覆盖,,,,否
esim long term plans,通用·其他,31.0,1,4.0,0,0,en-GB,esim london,首页/枢纽,/,已覆盖,,,,否
esim malaysia,国家·核心,31.0,1,4.0,0,1,"en-GB,en-US",esim manila,国家页,/compare/malaysia/,已覆盖,MY,malaysia,,是
esim mexico internet,国家·核心,31.0,1,4.0,0,1,en-US,esim mexico city,国家页,/compare/mexico/,已覆盖,MX,mexico,,否
esim mineo,通用·其他,31.0,1,4.0,0,0,en-GB,esim miami,首页/枢纽,/,已覆盖,,,,否
esim mobile plans australia,国家·核心,31.0,1,4.0,0,2,en-US,australia esim plans,国家页,/compare/australia/,已覆盖,AU,australia,,否
esim morocco airalo,品牌×国家,31.0,1,4.0,0,1,"en-GB,en-US",esim morocco,品牌×国家子页,/compare/morocco/airalo/,已覆盖,MA,morocco,airalo,否
esim nz prepaid,国家·核心,31.0,1,4.0,0,1,"en-GB,en-US",esim nz,国家页,/compare/new-zealand/,已覆盖,NZ,new-zealand,,否
esim plans for data,通用·规则/规格,31.0,1,4.0,0,0,"en-GB,en-US",esim plans,首页/枢纽,/,已覆盖,,,,否
esim portugal meo,国家·核心,31.0,1,4.0,0,1,en-GB,esim portugal,国家页,/compare/portugal/,已覆盖,PT,portugal,,否
esim prepaid plans malaysia,国家·核心,31.0,1,4.0,0,1,en-US,malaysia esim plans,国家页,/compare/malaysia/,已覆盖,MY,malaysia,,否
esim prueba gratis,通用·其他,31.0,1,4.0,0,1,"en-GB,en-US",esim peru,首页/枢纽,/,已覆盖,,,,否
esim roaming,通用·全球,31.0,1,4.0,0,0,"en-GB,en-US",esim rome,通用枢纽,/guides/,已覆盖,,,,否
esim self service att,通用·其他,31.0,1,4.0,0,1,en-GB,esim seoul,首页/枢纽,/,已覆盖,,,,否
esim singapore klook,国家·落地渠道,31.0,1,4.0,0,1,"en-GB,en-US",esim singapore,国家页,/compare/singapore/,已覆盖,SG,singapore,,否
esim singapore with number,国家·核心,31.0,1,4.0,0,1,en-US,esim singapore city,国家页,/compare/singapore/,已覆盖,SG,singapore,,否
esim taiwan vergleich,国家·核心,31.0,1,4.0,0,1,"en-GB,en-US",esim taiwan,国家页,/compare/taiwan/,已覆盖,TW,taiwan,,否
esim thailand from uk,区域,31.0,1,4.0,0,1,en-GB,bangkok esim coverage map,未建页型,（无区域页）,缺口,"TH,GB","thailand,united-kingdom",,否
esim uae du,国家·核心,31.0,1,4.0,0,1,"en-GB,en-US",esim uae,国家页,/compare/united-arab-emirates/,已覆盖,AE,united-arab-emirates,,否
esim usa data plans,国家·核心,31.0,1,4.0,0,2,en-US,usa esim plans,国家页,/compare/united-states/,已覆盖,US,united-states,,否
esim vs sim card cost,通用·对比,31.0,1,4.0,0,0,"en-GB,en-US",esim vs sim,形态对比指南,/guides/esim-vs-physical-sim/,已覆盖,,,,否
esim with phone number uk,国家·规格/流量,31.0,1,4.0,0,0,"en-GB,en-US",esim with phone number,国家页,/compare/united-kingdom/,已覆盖,GB,united-kingdom,,否
esim with talk and text,通用·其他,31.0,1,4.0,0,0,en-US,is esim worth it,首页/枢纽,/,已覆盖,,,,否
europe and turkey esim card,区域,31.0,1,4.0,0,1,en-US,turkey esim card,区域指南,/guides/best-europe-esim/,已覆盖,,,,否
french sim card,通用·其他,31.0,1,4.0,0,1,en-GB,france esim card,形态对比指南,/guides/esim-vs-physical-sim/,已覆盖,,,,否
german sim card for students,通用·其他,31.0,1,4.0,0,1,en-GB,germany esim card,形态对比指南,/guides/esim-vs-physical-sim/,已覆盖,,,,否
get esim toronto,城市,31.0,1,4.0,0,0,"en-GB,en-US",esim toronto,未建页型（禁区）,（无城市页，建议并入国家页）,缺口,,,,否
gigsky uk & ireland data esim,区域,31.0,1,4.0,0,2,"en-GB,en-US",esim for ireland and uk,未建页型,（无区域页）,缺口,"IE,GB","ireland,united-kingdom",,否
greek sim card,通用·其他,31.0,1,4.0,0,1,en-GB,greece esim card,形态对比指南,/guides/esim-vs-physical-sim/,已覆盖,,,,否
holafly esim aktivieren android pdf,品牌（全局）,31.0,1,4.0,0,1,en-GB,holafly esim uk,品牌 Hub,/esim-providers/holafly/,已覆盖,,,holafly,否
how to activate esim on ipad,通用·设备兼容,31.0,1,4.0,0,0,"en-GB,en-US",how to activate esim,兼容指南,/guides/esim-compatibility-check/,已覆盖,,,,否
how to get an esim for at&t,通用·问题,31.0,1,4.0,0,2,en-US,how to get an esim for usa,首页/枢纽,/,已覆盖,,,,否
how to get esim in india for foreigners,国家·核心,31.0,1,4.0,0,1,en-US,how to get an esim for india,国家页,/compare/india/,已覆盖,IN,india,,否
how to get lebara esim uk,国家·核心,31.0,1,4.0,0,1,en-US,how to get an esim for uk,国家页,/compare/united-kingdom/,已覆盖,GB,united-kingdom,,否
how to install esim from my o2 app,通用·问题,31.0,1,4.0,0,0,en-GB,how to install esim,安装指南,/guides/how-to-install-esim/,已覆盖,,,,否
india esim local,国家·核心,31.0,1,4.0,0,1,"en-GB,en-US",india esim,国家页,/compare/india/,已覆盖,IN,india,,否
indian sim card for nri,通用·其他,31.0,1,4.0,0,1,en-GB,india esim card,形态对比指南,/guides/esim-vs-physical-sim/,已覆盖,,,,否
iphone 14 esim compatible uk,国家·设备兼容,31.0,1,4.0,0,1,en-US,esim uk for iphone,国家页,/compare/united-kingdom/,已覆盖,GB,united-kingdom,,否
iphone 16 esim china,国家·设备兼容,31.0,1,4.0,0,1,en-US,esim china for iphone,国家页,/compare/china/,已覆盖,CN,china,,否
iphone 16 esim hong kong,国家·设备兼容,31.0,1,4.0,0,1,en-US,esim hong kong for iphone,国家页,/compare/hong-kong/,已覆盖,HK,hong-kong,,否
iphone 17 esim canada,国家·设备兼容,31.0,1,4.0,0,1,en-US,esim canada for iphone,国家页,/compare/canada/,已覆盖,CA,canada,,否
is esim good for international travel,通用·全球,31.0,1,4.0,0,0,en-GB,is yesim good,通用枢纽,/guides/,已覆盖,,,,否
israel sim card kit from pelephone,国家·核心,31.0,1,4.0,0,1,"en-GB,en-US",israel esim card,国家页,/compare/israel/,已覆盖,IL,israel,,否
italy sim card for tourist,国家·核心,31.0,1,4.0,0,1,"en-GB,en-US",italy esim card,国家页,/compare/italy/,已覆盖,IT,italy,,否
japan esim or pocket wifi,国家·对比,31.0,1,4.0,0,0,en-GB,esim vs pocket wifi,国家页,/compare/japan/,已覆盖,JP,japan,,否
japan esim travel,国家·核心,31.0,1,4.0,0,1,en-US,japan esim best,国家页,/compare/japan/,已覆盖,JP,japan,,否
jetpack esim compatibility,通用·设备兼容,31.0,1,4.0,0,1,en-US,jetpac esim uk,兼容指南,/guides/esim-compatibility-check/,已覆盖,,,,否
journey japan esim reddit,国家·核心,31.0,1,4.0,0,1,"en-GB,en-US",japan esim reddit,国家页,/compare/japan/,已覆盖,JP,japan,,否
korea esim compatibility,国家·设备兼容,31.0,1,4.0,0,1,"en-GB,en-US",korea esim,国家页,/compare/south-korea/,已覆盖,KR,south-korea,,否
ksa sim check,国家·落地渠道,31.0,1,4.0,0,1,"en-GB,en-US",ksa esim,国家页,/compare/saudi-arabia/,已覆盖,SA,saudi-arabia,,否
malaysia esim card,国家·核心,31.0,1,4.0,0,1,"en-GB,en-US",malaysia esim,国家页,/compare/malaysia/,已覆盖,MY,malaysia,,否
malaysian sim card,通用·其他,31.0,1,4.0,0,1,en-GB,malaysia esim card,形态对比指南,/guides/esim-vs-physical-sim/,已覆盖,,,,否
moroccan sim card,通用·其他,31.0,1,4.0,0,1,en-GB,morocco esim card,形态对比指南,/guides/esim-vs-physical-sim/,已覆盖,,,,否
new zealand prepaid sim card for tourist,国家·核心,31.0,1,4.0,0,1,"en-GB,en-US",new zealand sim card for tourists,国家页,/compare/new-zealand/,已覆盖,NZ,new-zealand,,否
nomad esim china promotion,品牌×国家,31.0,1,4.0,0,1,"en-GB,en-US",nomad esim china,品牌×国家子页,/compare/china/nomad/,已覆盖,CN,china,nomad,否
nomad esim coupon code,品牌（全局）,31.0,1,4.0,0,1,en-US,nomad esim macao,品牌 Hub,/esim-providers/nomad/,已覆盖,,,nomad,否
nz esim plans,国家·规格/流量,31.0,1,4.0,0,1,"en-GB,en-US",nz esim,国家页,/compare/new-zealand/,已覆盖,NZ,new-zealand,,否
orange esim belgium,国家·核心,31.0,1,4.0,0,1,"en-GB,en-US",esim belgium,国家页,/compare/belgium/,已覆盖,BE,belgium,,否
pay as you go esim no contract,通用·其他,31.0,1,4.0,0,0,"en-GB,en-US",esim no contract,首页/枢纽,/,已覆盖,,,,否
philippines esim activation,国家·核心,31.0,1,4.0,0,1,"en-GB,en-US",philippines esim,国家页,/compare/philippines/,已覆盖,PH,philippines,,否
portugal esim vodafone,国家·核心,31.0,1,4.0,0,1,"en-GB,en-US",portugal esim,国家页,/compare/portugal/,已覆盖,PT,portugal,,否
prepaid sim card singapore for tourist,国家·核心,31.0,1,4.0,0,1,"en-GB,en-US",singapore sim card for tourists,国家页,/compare/singapore/,已覆盖,SG,singapore,,否
qatar sim,国家·核心,31.0,1,4.0,0,1,en-GB,qatar esim,国家页,/compare/qatar/,已覆盖,QA,qatar,,否
saily esim app,品牌（全局）,31.0,1,4.0,0,0,"en-GB,en-US",saily esim,品牌 Hub,/esim-providers/saily/,已覆盖,,,saily,否
saily esim mexico,品牌×国家,31.0,1,4.0,0,1,en-US,saily esim uk,品牌×国家子页,/compare/mexico/saily/,已覆盖,MX,mexico,saily,否
saily esim process,品牌（全局）,31.0,1,4.0,0,1,en-US,saily esim peru,品牌 Hub,/esim-providers/saily/,已覆盖,,,saily,否
saudi arabia sim internet packages,国家·核心,31.0,1,4.0,0,1,"en-GB,en-US",saudi arabia esim,国家页,/compare/saudi-arabia/,已覆盖,SA,saudi-arabia,,否
sim card for egypt,国家·核心,31.0,1,4.0,0,1,"en-GB,en-US",egypt sim card for tourists,国家页,/compare/egypt/,已覆盖,EG,egypt,,否
sim card for hong kong,国家·核心,31.0,1,4.0,0,1,en-GB,hong kong sim card for tourists,国家页,/compare/hong-kong/,已覆盖,HK,hong-kong,,否
sim card for italy,国家·核心,31.0,1,4.0,0,1,en-US,italy sim card for tourists,国家页,/compare/italy/,已覆盖,IT,italy,,否
sim card for south america,区域,31.0,1,4.0,0,1,en-US,argentina sim card for tourists,区域指南,/guides/best-americas-esim/,已覆盖,,,,否
sim card for use in turkey,通用·其他,31.0,1,4.0,0,1,en-GB,turkiye sim card for tourists,形态对比指南,/guides/esim-vs-physical-sim/,已覆盖,,,,否
sim card for vietnam,国家·核心,31.0,1,4.0,0,1,"en-GB,en-US",vietnam sim card for tourists,国家页,/compare/vietnam/,已覆盖,VN,vietnam,,否
singapore esim card,国家·核心,31.0,1,4.0,0,1,"en-GB,en-US",singapore esim,国家页,/compare/singapore/,已覆盖,SG,singapore,,否
south america sim card,区域,31.0,1,4.0,0,1,en-GB,argentina sim card for tourists,区域指南,/guides/best-americas-esim/,已覆盖,,,,否
spain sim card unlimited data,国家·规格/流量,31.0,1,4.0,0,1,"en-GB,en-US",spain esim card,国家页·无限流量区,/compare/spain/#plans,已覆盖,ES,spain,,否
taiwan esim with phone number,国家·规格/流量,31.0,1,4.0,0,1,"en-GB,en-US",taiwan esim,国家页,/compare/taiwan/,已覆盖,TW,taiwan,,否
thailand esim packages,国家·核心,31.0,1,4.0,0,1,en-US,thailand esim price,国家页,/compare/thailand/,已覆盖,TH,thailand,,否
thailand sim card for tourist 2025,国家·核心,31.0,1,4.0,0,1,"en-GB,en-US",thailand sim card for tourists,国家页,/compare/thailand/,已覆盖,TH,thailand,,否
transfer esim to new iphone australia,国家·设备兼容,31.0,1,4.0,0,2,en-US,esim australia for iphone,国家页,/compare/australia/,已覆盖,AU,australia,,否
uae sim card options,国家·核心,31.0,1,4.0,0,1,"en-GB,en-US",uae esim card,国家页,/compare/united-arab-emirates/,已覆盖,AE,united-arab-emirates,,否
ubigi esim egypt,品牌×国家,31.0,1,4.0,0,1,en-US,ubigi esim colombia,品牌×国家子页,/compare/egypt/ubigi/,已覆盖,EG,egypt,ubigi,否
ubigi esim review,品牌（全局）,31.0,1,4.0,0,0,"en-GB,en-US",ubigi esim,品牌 Hub,/esim-providers/ubigi/,已覆盖,,,ubigi,是
uk esim data plan,国家·规格/流量,31.0,1,4.0,0,1,en-US,uk esim plans,国家页,/compare/united-kingdom/,已覆盖,GB,united-kingdom,,否
uk esim talk and text,国家·核心,31.0,1,4.0,0,1,en-US,uk esim best,国家页,/compare/united-kingdom/,已覆盖,GB,united-kingdom,,否
uk sim cards for visitors,国家·核心,31.0,1,4.0,0,1,en-US,uk esim card,国家页,/compare/united-kingdom/,已覆盖,GB,united-kingdom,,否
unlimited esim europe,区域,31.0,1,4.0,0,0,"en-GB,en-US",unlimited esim,区域指南,/guides/best-europe-esim/,已覆盖,,,,否
unlimited europe & uk esim,国家·规格/流量,31.0,1,4.0,0,1,"en-GB,en-US",uk esim unlimited,国家页·无限流量区,/compare/united-kingdom/#plans,已覆盖,GB,united-kingdom,,否
us esim travel,国家·核心,31.0,1,4.0,0,1,"en-GB,en-US",us esim,国家页,/compare/united-states/,已覆盖,US,united-states,,否
usa esim simify,国家·核心,31.0,1,4.0,0,2,en-US,usa esim best,国家页,/compare/united-states/,已覆盖,US,united-states,,否
vodafone fiji esim,国家·核心,31.0,1,4.0,0,1,"en-GB,en-US",esim for fiji,国家页,/compare/fiji/,已覆盖,FJ,fiji,,否
what is the best esim for italy,国家·核心,31.0,1,4.0,0,1,en-GB,esim for italy review,国家页,/compare/italy/,已覆盖,IT,italy,,否
which esim should i get for japan,国家·核心,31.0,1,4.0,0,1,en-US,how to get an esim for japan,国家页,/compare/japan/,已覆盖,JP,japan,,否
yesim - esim,品牌（全局）,31.0,1,4.0,0,0,"en-GB,en-US",yesim esim,品牌 Hub,/esim-providers/yesim/,已覆盖,,,yesim,否
best esim for london england,国家·核心,30.8,5,6.0,1,2,"en-GB,en-US",best esim for england,国家页,/compare/united-kingdom/,已覆盖,GB,united-kingdom,,否
best esim for mexico travel,国家·核心,30.8,5,6.0,1,4,"en-GB,en-US",best esim for usa and mexico,国家页,/compare/mexico/,已覆盖,MX,mexico,,否
best esim for travelling europe,区域,30.8,5,6.0,1,4,"en-GB,en-US",best esim for netherlands and belgium,区域指南,/guides/best-europe-esim/,已覆盖,,,,否
best esim for usa and canada travel,区域,30.8,10,9.0,3,4,"en-GB,en-US",best esim for usa and canada,未建页型,（无区域页）,缺口,"CA,US","canada,united-states",,否
esim for usa from uk,区域,30.8,5,6.0,1,3,"en-GB,en-US",do i need an esim for uk,未建页型,（无区域页）,缺口,"US,GB","united-states,united-kingdom",,否
new zealand esim providers,国家·核心,30.8,5,6.0,1,2,"en-GB,en-US",new zealand esim price,国家页,/compare/new-zealand/,已覆盖,NZ,new-zealand,,否
uae sim card for tourist,国家·核心,30.8,5,6.0,1,5,en-US,qatar sim card for tourists,国家页,/compare/united-arab-emirates/,已覆盖,AE,united-arab-emirates,,否
best esim for turkey and egypt,国家·核心,30.7,24,11.0,0,5,"en-GB,en-US",best esim for turkiye,国家页,/compare/egypt/,已覆盖,EG,egypt,,否
best esim for uk and france,区域,30.7,4,6.5,2,2,"en-GB,en-US",esim for uk and france,未建页型,（无区域页）,缺口,"FR,GB","france,united-kingdom",,否
esim for international travel iphone,通用·全球,30.7,4,5.0,0,4,"en-GB,en-US",esim united arab emirates for iphone,通用枢纽,/guides/,已覆盖,,,,否
esim for ireland and scotland,国家·核心,30.7,4,5.0,0,4,"en-GB,en-US",esim for ireland,国家页,/compare/ireland/,已覆盖,IE,ireland,,否
esim singapore and malaysia,区域,30.7,4,6.5,2,3,en-US,does esim work in malaysia,未建页型,（无区域页）,缺口,"SG,MY","singapore,malaysia",,否
esim with phone number korea,国家·规格/流量,30.7,14,8.0,0,2,"en-GB,en-US",yesim esim south korea,国家页,/compare/south-korea/,已覆盖,KR,south-korea,,否
how to get esim in nigeria,通用·问题,30.7,4,5.0,0,1,"en-GB,en-US",does esim work in kenya,首页/枢纽,/,已覆盖,,,,否
should i install esim before travelling,通用·问题,30.7,4,6.5,2,4,"en-GB,en-US",do i need an esim for germany,安装指南,/guides/how-to-install-esim/,已覆盖,,,,否
best esim card for ireland,国家·核心,30.5,3,5.5,1,1,"en-GB,en-US",ireland esim card,国家页,/compare/ireland/,已覆盖,IE,ireland,,否
best esim for uk reddit,国家·核心,30.5,3,7.0,3,1,"en-GB,en-US",esim uk reddit,国家页,/compare/united-kingdom/,已覆盖,GB,united-kingdom,,否
esim card for canada,国家·核心,30.5,8,7.0,1,1,"en-GB,en-US",canada esim coverage map,国家页,/compare/canada/,已覆盖,CA,canada,,否
esim card hong kong,国家·核心,30.5,18,10.0,1,1,"en-GB,en-US",esim hong kong price,国家页,/compare/hong-kong/,已覆盖,HK,hong-kong,,否
is esim supported in china,国家·核心,30.5,8,7.0,1,3,"en-GB,en-US",esim coverage in china,国家页,/compare/china/,已覆盖,CN,china,,否
belgium sim card,国家·核心,30.3,2,6.0,2,1,"en-GB,en-US",belgium esim card,国家页,/compare/belgium/,已覆盖,BE,belgium,,否
best esim for china from australia,区域,30.3,7,6.0,0,6,"en-GB,en-US",best esim for china 2026,未建页型,（无区域页）,缺口,"AU,CN","australia,china",,否
best esim for india and sri lanka,国家·核心,30.3,2,6.0,2,1,"en-GB,en-US",esim for india and sri lanka,国家页,/compare/india/,已覆盖,IN,india,,否
best esim provider for hong kong,国家·核心,30.3,2,4.5,0,1,"en-GB,en-US",best esim for hong kong,国家页,/compare/hong-kong/,已覆盖,HK,hong-kong,,否
cosmote esim greece,国家·核心,30.3,2,6.0,2,1,"en-GB,en-US",esim greece,国家页,/compare/greece/,已覆盖,GR,greece,,否
esim australia telstra,国家·核心,30.3,2,4.5,0,3,"en-GB,en-US",esim australia,国家页,/compare/australia/,已覆盖,AU,australia,,否
esim cards for fiji,国家·核心,30.3,2,6.0,2,1,"en-GB,en-US",fiji esim card,国家页,/compare/fiji/,已覆盖,FJ,fiji,,否
holafly mexico esim,品牌×国家,30.3,2,6.0,2,1,"en-GB,en-US",holafly esim mexico,品牌×国家子页,/compare/mexico/holafly/,已覆盖,MX,mexico,holafly,否
how much is an esim in japan,国家·价格/交易,30.3,2,4.5,0,1,en-US,is esim available in fiji,国家页,/compare/japan/,已覆盖,JP,japan,,否
uk esim cards for visitors,国家·核心,30.3,2,6.0,2,1,"en-GB,en-US",uk esim card,国家页,/compare/united-kingdom/,已覆盖,GB,united-kingdom,,否
vodafone esim turkiye,国家·核心,30.3,2,6.0,2,1,en-US,turkiye esim,国家页,/compare/turkiye/,已覆盖,TR,turkiye,,否
albania sim card tourist,通用·其他,30.2,1,5.0,1,1,"en-GB,en-US",croatia sim card for tourists,形态对比指南,/guides/esim-vs-physical-sim/,已覆盖,,,,否
best esim for dubai travel 2025,城市,30.2,11,11.0,5,9,"en-GB,en-US",best esim for israel 2026,未建页型（禁区）,（无城市页，建议并入国家页）,缺口,,,,否
buy esim for morocco,国家·核心,30.2,11,9.5,3,1,"en-GB,en-US",esim for morocco review,国家页,/compare/morocco/,已覆盖,MA,morocco,,否
can you buy an esim in china,国家·核心,30.2,1,5.0,1,1,"en-GB,en-US",do i need an esim for china,国家页,/compare/china/,已覆盖,CN,china,,否
esim for foreign travel,通用·其他,30.2,1,5.0,1,1,"en-GB,en-US",do i need an esim for fiji,首页/枢纽,/,已覆盖,,,,否
esim for japan reddit,国家·核心,30.2,6,6.5,1,6,"en-GB,en-US",esim for japan review,国家页,/compare/japan/,已覆盖,JP,japan,,否
holafly esim south africa,品牌×国家,30.2,6,9.5,5,7,"en-GB,en-US",holafly esim saudi arabia,品牌×国家子页,/compare/south-africa/holafly/,已覆盖,ZA,south-africa,holafly,否
nomad esim kopen,品牌（全局）,30.2,1,5.0,1,1,"en-GB,en-US",nomad esim uk,品牌 Hub,/esim-providers/nomad/,已覆盖,,,nomad,否
saudi arabia sim card price,国家·价格/交易,30.2,1,5.0,1,1,"en-GB,en-US",saudi arabia sim card for tourists,国家页,/compare/saudi-arabia/,已覆盖,SA,saudi-arabia,,否
will an ee esim work in usa,国家·核心,30.2,1,5.0,1,2,"en-GB,en-US",does esim work in usa,国家页,/compare/united-states/,已覆盖,US,united-states,,否
esim best value and coverage canada,国家·网络覆盖,30.0,5,7.0,2,3,"en-GB,en-US",esim coverage in canada,国家网络页,/networks/canada/,已覆盖,CA,canada,,否
esim card for france travel,国家·核心,30.0,10,7.0,0,1,"en-GB,en-US",france esim coverage map,国家页,/compare/france/,已覆盖,FR,france,,否
free esim in usa,国家·核心,30.0,5,7.0,2,4,"en-GB,en-US",esim coverage in georgia,国家页,/compare/united-states/,已覆盖,US,united-states,,否
how to use esim in thailand,国家·核心,30.0,5,7.0,2,2,"en-GB,en-US",esim coverage in thailand,国家页,/compare/thailand/,已覆盖,TH,thailand,,否
what is the best esim for peru,国家·核心,30.0,5,7.0,2,1,"en-GB,en-US",peru esim best,国家页,/compare/peru/,已覆盖,PE,peru,,否
best esim for europe from canada,国家·核心,29.8,4,6.0,1,1,"en-GB,en-US",best esim for canada 2026,国家页,/compare/canada/,已覆盖,CA,canada,,否
china esim data plan,国家·规格/流量,29.8,4,6.0,1,2,"en-GB,en-US",china esim coverage map,国家页,/compare/china/,已覆盖,CN,china,,否
esim for the philippines reddit,国家·核心,29.8,4,6.0,1,3,"en-GB,en-US",esim for manila review,国家页,/compare/philippines/,已覆盖,PH,philippines,,否
esim for the usa,国家·核心,29.8,14,12.0,5,10,"en-GB,en-US",usa esim coverage map,国家页,/compare/united-states/,已覆盖,US,united-states,,否
how to get a free esim,通用·问题,29.8,4,6.0,1,3,"en-GB,en-US",how to get an esim for georgia,首页/枢纽,/,已覆盖,,,,否
airalo esim installation,品牌（全局）,29.7,3,5.0,0,3,"en-GB,en-US",airalo esim israel,品牌 Hub,/esim-providers/airalo/,已覆盖,,,airalo,否
australia esim with phone number,国家·规格/流量,29.7,3,5.0,0,3,"en-GB,en-US",australia esim,国家页,/compare/australia/,已覆盖,AU,australia,,否
best esim card for france,国家·核心,29.7,3,5.0,0,1,"en-GB,en-US",best esim for france,国家页,/compare/france/,已覆盖,FR,france,,否
best esim for india from australia,区域,29.7,3,5.0,0,1,"en-GB,en-US",best esim for india,未建页型,（无区域页）,缺口,"AU,IN","australia,india",,否
best esim for london,城市,29.7,3,5.0,0,2,"en-GB,en-US",best esim for amsterdam,未建页型（禁区）,（无城市页，建议并入国家页）,缺口,,,,是
esim for thailand from australia,区域,29.7,3,5.0,0,2,"en-GB,en-US",esim for thailand,未建页型,（无区域页）,缺口,"AU,TH","australia,thailand",,否
esim for turks and caicos,通用·其他,29.7,8,6.5,0,4,"en-GB,en-US",esim coverage in turkiye,首页/枢纽,/,已覆盖,,,,否
esim for vietnam from australia,区域,29.7,3,5.0,0,2,"en-GB,en-US",esim for vietnam,未建页型,（无区域页）,缺口,"AU,VN","australia,vietnam",,否
hong kong data esim,国家·核心,29.7,8,8.0,2,2,"en-GB,en-US",unlimited data esim hong kong,国家页,/compare/hong-kong/,已覆盖,HK,hong-kong,,否
iphone that support esim,通用·设备兼容,29.7,13,8.0,0,13,en-US,esim macao for iphone,兼容指南,/guides/esim-compatibility-check/,已覆盖,,,,否
korean sim card for tourists,通用·其他,29.7,3,5.0,0,3,"en-GB,en-US",kenya sim card for tourists,形态对比指南,/guides/esim-vs-physical-sim/,已覆盖,,,,否
sim card china tourists,国家·核心,29.7,8,8.0,2,8,"en-GB,en-US",macao sim card for tourists,国家页,/compare/china/,已覆盖,CN,china,,否
best esim plan singapore,国家·规格/流量,29.5,12,10.0,3,2,"en-GB,en-US",singapore esim coverage map,国家页,/compare/singapore/,已覆盖,SG,singapore,,否
holafly esim inde,品牌（全局）,29.5,2,5.5,1,2,"en-GB,en-US",holafly esim india,品牌 Hub,/esim-providers/holafly/,已覆盖,,,holafly,否
holafly esim unlimited data,品牌（全局）,29.5,7,7.0,1,8,"en-GB,en-US",holafly esim united arab emirates,品牌 Hub,/esim-providers/holafly/,已覆盖,,,holafly,否
how to buy esim for japan,国家·核心,29.5,7,7.0,1,3,"en-GB,en-US",esim for fiji review,国家页,/compare/japan/,已覆盖,JP,japan,,否
is saily esim good for japan,品牌×国家,29.5,2,5.5,1,1,"en-GB,en-US",saily esim japan,品牌×国家子页,/compare/japan/saily/,已覆盖,JP,japan,saily,否
nomad esim portugal,品牌×国家,29.5,2,5.5,1,2,en-US,nomad esim poland,品牌×国家子页,/compare/portugal/nomad/,已覆盖,PT,portugal,nomad,否
saudi esim for visitors,通用·其他,29.5,17,10.0,1,3,"en-GB,en-US",ksa esim coverage map,首页/枢纽,/,已覆盖,,,,否
airalo esim card thailand,品牌×国家,29.3,1,4.5,0,1,"en-GB,en-US",airalo esim thailand,品牌×国家子页,/compare/thailand/airalo/,已覆盖,TH,thailand,airalo,否
best esim for japan reddit,国家·核心,29.3,1,4.5,0,1,"en-GB,en-US",best esim for japan,国家页,/compare/japan/,已覆盖,JP,japan,,否
best esim israel,国家·核心,29.3,1,4.5,0,1,"en-GB,en-US",esim israel,国家页,/compare/israel/,已覆盖,IL,israel,,否
best malaysia sim card for tourist 2025,国家·核心,29.3,1,4.5,0,1,"en-GB,en-US",malaysia sim card for tourists,国家页,/compare/malaysia/,已覆盖,MY,malaysia,,否
budget esim spain and portugal,区域,29.3,1,4.5,0,2,"en-GB,en-US",esim for spain and portugal,未建页型,（无区域页）,缺口,"PT,ES","portugal,spain",,否
buy airalo esim japan,品牌×国家,29.3,1,4.5,0,1,"en-GB,en-US",airalo esim japan,品牌×国家子页,/compare/japan/airalo/,已覆盖,JP,japan,airalo,否
claro costa rica esim,国家·核心,29.3,1,4.5,0,1,"en-GB,en-US",costa rica esim,国家页,/compare/costa-rica/,已覆盖,CR,costa-rica,,否
como funciona o esim,通用·其他,29.3,1,4.5,0,0,"en-GB,en-US",esim rio de janeiro,首页/枢纽,/,已覆盖,,,,否
dual sim vs esim,通用·对比,29.3,6,6.0,0,6,en-US,esim qatar vs sim,形态对比指南,/guides/esim-vs-physical-sim/,已覆盖,,,,否
esim berlaku berapa lama,通用·其他,29.3,1,4.5,0,0,"en-GB,en-US",esim berlin,首页/枢纽,/,已覆盖,,,,否
esim cards in ireland,国家·核心,29.3,1,4.5,0,1,"en-GB,en-US",ireland esim card,国家页,/compare/ireland/,已覆盖,IE,ireland,,否
esim claro costa rica,国家·核心,29.3,1,4.5,0,1,"en-GB,en-US",esim for costa rica,国家页,/compare/costa-rica/,已覆盖,CR,costa-rica,,否
esim for iphone se,通用·设备兼容,29.3,6,6.0,0,6,en-US,esim croatia for iphone,兼容指南,/guides/esim-compatibility-check/,已覆盖,,,,否
esim for japan from australia,区域,29.3,1,4.5,0,1,"en-GB,en-US",esim for japan,未建页型,（无区域页）,缺口,"AU,JP","australia,japan",,否
esim for spain and portugal,区域,29.3,11,10.5,4,3,"en-GB,en-US",esim for spain,未建页型,（无区域页）,缺口,"PT,ES","portugal,spain",,否
esim thailand beste,国家·核心,29.3,1,4.5,0,1,"en-GB,en-US",esim thailand,国家页,/compare/thailand/,已覆盖,TH,thailand,,否
free esim saudi arabia,国家·核心,29.3,1,4.5,0,1,"en-GB,en-US",esim saudi arabia,国家页,/compare/saudi-arabia/,已覆盖,SA,saudi-arabia,,否
india sim card unlimited data,国家·规格/流量,29.3,1,4.5,0,1,"en-GB,en-US",india esim card,国家页·无限流量区,/compare/india/#plans,已覆盖,IN,india,,否
maldives esim tourist,城市,29.3,1,4.5,0,0,"en-GB,en-US",esim maldives,未建页型（禁区）,（无城市页，建议并入国家页）,缺口,,,,否
meilleur esim costa rica,国家·核心,29.3,26,12.0,0,1,"en-GB,en-US",cheap esim costa rica,国家页,/compare/costa-rica/,已覆盖,CR,costa-rica,,否
meo esim card portugal,国家·核心,29.3,1,4.5,0,1,"en-GB,en-US",portugal esim card,国家页,/compare/portugal/,已覆盖,PT,portugal,,否
nomad esim china,品牌×国家,29.3,1,4.5,0,0,"en-GB,en-US",nomad esim,品牌×国家子页,/compare/china/nomad/,已覆盖,CN,china,nomad,否
prepaid sim card canada for tourists,国家·核心,29.3,1,4.5,0,1,"en-GB,en-US",canada sim card for tourists,国家页,/compare/canada/,已覆盖,CA,canada,,否
sim card for france,国家·核心,29.3,1,4.5,0,1,"en-GB,en-US",france sim card for tourists,国家页,/compare/france/,已覆盖,FR,france,,否
singapore sim card for tourists,国家·核心,29.3,6,6.0,0,7,"en-GB,en-US",indonesia sim card for tourists,国家页,/compare/singapore/,已覆盖,SG,singapore,,是
thailand esim ais,国家·核心,29.3,1,4.5,0,1,"en-GB,en-US",thailand esim,国家页,/compare/thailand/,已覆盖,TH,thailand,,否
tokyo esim card,城市,29.3,1,4.5,0,0,"en-GB,en-US",esim tokyo,未建页型（禁区）,（无城市页，建议并入国家页）,缺口,,,,否
travel sim for philippines,国家·核心,29.3,1,4.5,0,1,"en-GB,en-US",philippines sim card for tourists,国家页,/compare/philippines/,已覆盖,PH,philippines,,否
uk esim pay as you go,国家·核心,29.3,1,4.5,0,1,"en-GB,en-US",uk esim,国家页,/compare/united-kingdom/,已覆盖,GB,united-kingdom,,否
uk esim plans,国家·规格/流量,29.3,1,4.5,0,1,"en-GB,en-US",uk esim,国家页,/compare/united-kingdom/,已覆盖,GB,united-kingdom,,否
uk sim card in india,区域,29.3,1,4.5,0,1,"en-GB,en-US",uk esim card,未建页型,（无区域页）,缺口,"IN,GB","india,united-kingdom",,否
vodafone australia sim card for tourist,国家·核心,29.3,1,4.5,0,2,"en-GB,en-US",australia sim card for tourists,国家页,/compare/australia/,已覆盖,AU,australia,,否
vodafone esim for kenya,国家·核心,29.3,1,4.5,0,1,"en-GB,en-US",esim for kenya,国家页,/compare/kenya/,已覆盖,KE,kenya,,否
vodafone esim for spain and portugal,区域,29.3,1,4.5,0,2,"en-GB,en-US",esim for spain and portugal,未建页型,（无区域页）,缺口,"PT,ES","portugal,spain",,否
what esim is best for malaysia,国家·核心,29.3,1,4.5,0,1,"en-GB,en-US",best esim for malaysia,国家页,/compare/malaysia/,已覆盖,MY,malaysia,,否
what is the best esim for south korea,国家·核心,29.3,1,4.5,0,2,"en-GB,en-US",best esim for south korea,国家页,/compare/south-korea/,已覆盖,KR,south-korea,,否
best esim for paris,城市,29.2,10,8.0,1,3,"en-GB,en-US",esim for paris,未建页型（禁区）,（无城市页，建议并入国家页）,缺口,,,,是
best esim for scotland,通用·其他,29.2,5,8.0,3,4,"en-GB,en-US",esim for iceland review,首页/枢纽,/,已覆盖,,,,否
cheapest monthly esim uk,国家·价格/交易,29.2,25,12.5,1,25,"en-GB,en-US",cheapest esim for ireland,国家页,/compare/united-kingdom/,已覆盖,GB,united-kingdom,,否
mobile esim for canada,国家·核心,29.2,10,8.0,1,3,"en-GB,en-US",canada esim coverage map,国家页,/compare/canada/,已覆盖,CA,canada,,否
alosim esim card,品牌（全局）,29.0,4,7.0,2,4,"en-GB,en-US",alosim esim china,品牌 Hub,/esim-providers/alosim/,已覆盖,,,alosim,否
cheap phone in philippines with esim support,国家·价格/交易,29.0,4,7.0,2,2,"en-GB,en-US",cheap esim philippines,国家页,/compare/philippines/,已覆盖,PH,philippines,,否
esim data plan uk,国家·规格/流量,29.0,4,7.0,2,3,"en-GB,en-US",ireland esim coverage map,国家页,/compare/united-kingdom/,已覆盖,GB,united-kingdom,,否
holafly esim review china,品牌×国家,29.0,4,7.0,2,6,"en-GB,en-US",esim for china review,品牌×国家子页,/compare/china/holafly/,已覆盖,CN,china,holafly,否
airalo esim card india,品牌×国家,28.8,3,6.0,1,2,"en-GB,en-US",airalo esim india,品牌×国家子页,/compare/india/airalo/,已覆盖,IN,india,airalo,否
australia esim providers,国家·核心,28.8,3,6.0,1,3,"en-GB,en-US",australia esim price,国家页,/compare/australia/,已覆盖,AU,australia,,否
best esim for bali from uk,国家·核心,28.8,3,6.0,1,1,"en-GB,en-US",bali esim best,国家页,/compare/united-kingdom/,已覆盖,GB,united-kingdom,,否
best esim for chile,通用·其他,28.8,8,9.0,3,4,"en-GB,en-US",esim for peru and chile,首页/枢纽,/,已覆盖,,,,是
cheap esim mauritius,城市,28.8,3,6.0,1,3,en-US,cheap esim mexico,未建页型（禁区）,（无城市页，建议并入国家页）,缺口,,,,否
esim for united kingdom,通用·其他,28.8,13,9.0,1,5,"en-GB,en-US",uk esim coverage map,首页/枢纽,/,已覆盖,,,,否
esim in the philippines,国家·核心,28.8,3,6.0,1,3,en-US,esim coverage in philippines,国家页,/compare/philippines/,已覆盖,PH,philippines,,否
how to get esim online,通用·问题,28.8,8,7.5,1,8,en-US,how to get an esim for georgia,首页/枢纽,/,已覆盖,,,,否
taiwan sim card for tourist,国家·核心,28.8,3,6.0,1,3,"en-GB,en-US",taiwan sim card for tourists,国家页,/compare/taiwan/,已覆盖,TW,taiwan,,否
thailand sim card for tourists,国家·核心,28.8,3,6.0,1,4,en-US,iceland sim card for tourists,国家页,/compare/thailand/,已覆盖,TH,thailand,,是
airalo esim discount code,品牌（全局）,28.7,2,5.0,0,0,"en-GB,en-US",esim discount code,品牌 Hub,/esim-providers/airalo/,已覆盖,,,airalo,否
airalo esim middle east,品牌（全局）,28.7,2,5.0,0,2,en-US,airalo esim mexico,品牌 Hub,/esim-providers/airalo/,已覆盖,,,airalo,否
best esim brazil,国家·核心,28.7,2,5.0,0,1,"en-GB,en-US",esim brazil,国家页,/compare/brazil/,已覆盖,BR,brazil,,否
best esim for italy road trip,国家·核心,28.7,2,5.0,0,1,"en-GB,en-US",best esim for italy,国家页,/compare/italy/,已覆盖,IT,italy,,否
best esim for north america and canada,国家·核心,28.7,7,8.0,2,4,"en-GB,en-US",best esim for canada 2026,国家页,/compare/canada/,已覆盖,CA,canada,,否
best esim for spain with phone number,国家·规格/流量,28.7,2,5.0,0,1,"en-GB,en-US",best esim for spain,国家页,/compare/spain/,已覆盖,ES,spain,,否
best esim for travel to usa from canada,区域,28.7,2,5.0,0,3,"en-GB,en-US",best esim for canada and usa,未建页型,（无区域页）,缺口,"CA,US","canada,united-states",,否
best esim for vietnam for australians,国家·核心,28.7,2,5.0,0,2,"en-GB,en-US",best esim for vietnam,国家页,/compare/vietnam/,已覆盖,VN,vietnam,,否
buy esim for japan,国家·核心,28.7,7,6.5,0,2,"en-GB,en-US",esim coverage in japan,国家页,/compare/japan/,已覆盖,JP,japan,,否
cheapest esim for turkey,通用·价格交易,28.7,22,11.0,0,10,"en-GB,en-US",cheapest esim czech republic,首页/枢纽,/,已覆盖,,,,是
cheapest postpaid esim australia,国家·价格/交易,28.7,2,5.0,0,2,"en-GB,en-US",cheapest esim australia,国家页,/compare/australia/,已覆盖,AU,australia,,否
esim 10gb free trial,通用·规则/规格,28.7,2,5.0,0,2,en-US,esim saudi arabia 10gb,首页/枢纽,/,已覆盖,,,,否
esim canada with phone number,国家·规格/流量,28.7,2,5.0,0,2,"en-GB,en-US",esim canada,国家页,/compare/canada/,已覆盖,CA,canada,,否
esim for free,通用·其他,28.7,2,5.0,0,2,en-GB,esim for korea,首页/枢纽,/,已覆盖,,,,否
esim for germany with phone number,国家·规格/流量,28.7,2,5.0,0,2,"en-GB,en-US",esim for germany,国家页,/compare/germany/,已覆盖,DE,germany,,否
esim for italy with phone number,国家·规格/流量,28.7,2,5.0,0,1,"en-GB,en-US",esim for italy,国家页,/compare/italy/,已覆盖,IT,italy,,否
esim for malaysia and thailand,区域,28.7,2,5.0,0,2,"en-GB,en-US",esim for malaysia,未建页型,（无区域页）,缺口,"TH,MY","thailand,malaysia",,否
esim for montenegro,通用·其他,28.7,2,5.0,0,1,en-US,esim for macao,首页/枢纽,/,已覆盖,,,,否
esim for turkey maya,通用·其他,28.7,2,5.0,0,2,"en-GB,en-US",esim for turkiye,首页/枢纽,/,已覆盖,,,,否
esim japan travel reddit,国家·核心,28.7,2,5.0,0,1,"en-GB,en-US",esim japan reddit,国家页,/compare/japan/,已覆盖,JP,japan,,否
esim malaysia klook,国家·落地渠道,28.7,2,5.0,0,2,"en-GB,en-US",esim malaysia,国家页,/compare/malaysia/,已覆盖,MY,malaysia,,否
esim philippines prepaid,国家·核心,28.7,2,5.0,0,1,"en-GB,en-US",esim philippines,国家页,/compare/philippines/,已覆盖,PH,philippines,,否
esim turkey uk,国家·核心,28.7,2,5.0,0,2,"en-GB,en-US",esim turkey,国家页,/compare/united-kingdom/,已覆盖,GB,united-kingdom,,否
esim usa plans,国家·核心,28.7,2,5.0,0,2,"en-GB,en-US",esim usa,国家页,/compare/united-states/,已覆盖,US,united-states,,否
france sim card long stay,国家·核心,28.7,2,5.0,0,1,"en-GB,en-US",france sim card for tourists,国家页,/compare/france/,已覆盖,FR,france,,否
germany esim for travel,国家·核心,28.7,2,5.0,0,1,"en-GB,en-US",germany esim,国家页,/compare/germany/,已覆盖,DE,germany,,否
holafly esim instructions,品牌（全局）,28.7,2,5.0,0,2,"en-GB,en-US",holafly esim india,品牌 Hub,/esim-providers/holafly/,已覆盖,,,holafly,否
italy esim card,国家·核心,28.7,2,5.0,0,1,"en-GB,en-US",italy esim,国家页,/compare/italy/,已覆盖,IT,italy,,否
italy sim card unlimited data,国家·规格/流量,28.7,2,5.0,0,1,"en-GB,en-US",italy esim card,国家页·无限流量区,/compare/italy/#plans,已覆盖,IT,italy,,否
japan sim card for tourist from australia,区域,28.7,2,5.0,0,3,"en-GB,en-US",japan sim card for tourists,未建页型,（无区域页）,缺口,"AU,JP","australia,japan",,否
malaysia sim card price,国家·价格/交易,28.7,2,5.0,0,1,"en-GB,en-US",malaysia esim card,国家页,/compare/malaysia/,已覆盖,MY,malaysia,,否
nomad esim installation,品牌（全局）,28.7,2,5.0,0,2,en-GB,nomad esim india,品牌 Hub,/esim-providers/nomad/,已覆盖,,,nomad,否
sim card vs esim card,通用·对比,28.7,2,5.0,0,2,en-US,esim fiji vs sim,形态对比指南,/guides/esim-vs-physical-sim/,已覆盖,,,,否
singapore sim card list,国家·核心,28.7,2,5.0,0,1,"en-GB,en-US",singapore esim card,国家页,/compare/singapore/,已覆盖,SG,singapore,,否
sosim esim hong kong,国家·核心,28.7,2,5.0,0,1,"en-GB,en-US",alosim esim hong kong,国家页,/compare/hong-kong/,已覆盖,HK,hong-kong,,否
spain esim data,国家·核心,28.7,2,5.0,0,1,"en-GB,en-US",spain esim,国家页,/compare/spain/,已覆盖,ES,spain,,否
turkey sim card price,通用·价格交易,28.7,2,5.0,0,2,"en-GB,en-US",turkey esim card,形态对比指南,/guides/esim-vs-physical-sim/,已覆盖,,,,否
vietnam esim klook,国家·落地渠道,28.7,2,5.0,0,2,"en-GB,en-US",vietnam esim,国家页,/compare/vietnam/,已覆盖,VN,vietnam,,否
vivo esim brazil,国家·核心,28.7,2,5.0,0,1,"en-GB,en-US",esim for brazil,国家页,/compare/brazil/,已覆盖,BR,brazil,,否
which esim is best for switzerland,国家·核心,28.7,2,5.0,0,1,"en-GB,en-US",best esim for switzerland,国家页,/compare/switzerland/,已覆盖,CH,switzerland,,否
best sim card in turkey for tourists,通用·其他,28.5,1,5.5,1,1,"en-GB,en-US",turkiye sim card for tourists,形态对比指南,/guides/esim-vs-physical-sim/,已覆盖,,,,否
best uk esim pay as you go,国家·核心,28.5,1,5.5,1,1,"en-GB,en-US",uk esim best,国家页,/compare/united-kingdom/,已覆盖,GB,united-kingdom,,否
chinese sim card for tourist,通用·其他,28.5,6,7.0,1,6,"en-GB,en-US",macao sim card for tourists,形态对比指南,/guides/esim-vs-physical-sim/,已覆盖,,,,否
do you have to pay for esim,通用·问题,28.5,1,5.5,1,1,"en-GB,en-US",do i need an esim for georgia,首页/枢纽,/,已覆盖,,,,否
esim card for indonesia,国家·核心,28.5,6,7.0,1,1,"en-GB,en-US",esim coverage in indonesia,国家页,/compare/indonesia/,已覆盖,ID,indonesia,,否
esim for cape verde,通用·其他,28.5,1,5.5,1,1,"en-GB,en-US",cape town esim coverage map,首页/枢纽,/,已覆盖,,,,否
esim vs physical sim,通用·对比,28.5,6,7.0,1,4,"en-GB,en-US",esim georgia vs sim,形态对比指南,/guides/esim-vs-physical-sim/,已覆盖,,,,是
how good is world sim in peru,国家·核心,28.5,1,5.5,1,1,"en-GB,en-US",peru sim card for tourists,国家页,/compare/peru/,已覆盖,PE,peru,,否
how to buy esim online in india,国家·核心,28.5,6,7.0,1,2,en-US,is esim available in czechia,国家页,/compare/india/,已覆盖,IN,india,,否
how to get esim uk,国家·核心,28.5,26,13.0,1,22,"en-GB,en-US",do i need an esim for ireland,国家页,/compare/united-kingdom/,已覆盖,GB,united-kingdom,,否
korea travel sim card,国家·核心,28.5,1,5.5,1,2,"en-GB,en-US",south korea sim card for tourists,国家页,/compare/south-korea/,已覆盖,KR,south-korea,,否
saudi sim for visitors,通用·其他,28.5,1,5.5,1,1,"en-GB,en-US",saudi arabia sim card for tourists,首页/枢纽,/,已覆盖,,,,否
sim card for colombia,国家·核心,28.5,1,5.5,1,1,"en-GB,en-US",colombia sim card for tourists,国家页,/compare/colombia/,已覆盖,CO,colombia,,否
sim card in spain for tourist,国家·核心,28.5,1,5.5,1,1,"en-GB,en-US",argentina sim card for tourists,国家页,/compare/spain/,已覆盖,ES,spain,,否
sim card in usa for tourist,国家·核心,28.5,1,5.5,1,2,"en-GB,en-US",usa sim card for tourists,国家页,/compare/united-states/,已覆盖,US,united-states,,否
sim cards for iceland,国家·核心,28.5,1,5.5,1,1,"en-GB,en-US",iceland sim card for tourists,国家页,/compare/iceland/,已覆盖,IS,iceland,,否
best esim for canada & usa,区域,28.3,5,6.0,0,3,"en-GB,en-US",best esim for canada,未建页型,（无区域页）,缺口,"CA,US","canada,united-states",,否
best esim for the philippines,国家·核心,28.3,5,7.5,2,4,en-US,esim for manila review,国家页,/compare/philippines/,已覆盖,PH,philippines,,否
best esim for uk from australia,区域,28.3,5,6.0,0,4,"en-GB,en-US",best esim for uk,未建页型,（无区域页）,缺口,"AU,GB","australia,united-kingdom",,否
esim for my phone,通用·其他,28.3,10,7.5,0,10,en-US,esim argentina for iphone,首页/枢纽,/,已覆盖,,,,否
esim for sri lanka and maldives,城市,28.3,5,6.0,0,2,"en-GB,en-US",esim for maldives,未建页型（禁区）,（无城市页，建议并入国家页）,缺口,,,,否
how to activate nomad esim,品牌（全局）,28.3,5,6.0,0,6,en-US,nomad esim saudi arabia,品牌 Hub,/esim-providers/nomad/,已覆盖,,,nomad,否
indonesian sim card for tourist,通用·其他,28.3,5,7.5,2,6,"en-GB,en-US",croatia sim card for tourists,形态对比指南,/guides/esim-vs-physical-sim/,已覆盖,,,,否
philippines esim with phone number,国家·规格/流量,28.3,5,6.0,0,2,"en-GB,en-US",manila esim coverage map,国家页,/compare/philippines/,已覆盖,PH,philippines,,否
best esim plans for new zealand,国家·规格/流量,28.2,9,8.0,1,2,"en-GB,en-US",new zealand esim plans,国家页,/compare/new-zealand/,已覆盖,NZ,new-zealand,,否
esim app for iphone,通用·设备兼容,28.2,9,8.0,1,10,en-US,esim georgia for iphone,兼容指南,/guides/esim-compatibility-check/,已覆盖,,,,否
esim card vs sim card,通用·对比,28.0,8,7.0,0,9,en-US,esim india vs sim,形态对比指南,/guides/esim-vs-physical-sim/,已覆盖,,,,否
esim for iphone uk,国家·设备兼容,28.0,28,13.5,0,30,en-US,esim ireland for iphone,国家页,/compare/united-kingdom/,已覆盖,GB,united-kingdom,,否
recommended esim for japan,国家·核心,28.0,8,7.0,0,3,"en-GB,en-US",do i need an esim for fiji,国家页,/compare/japan/,已覆盖,JP,japan,,否
roamic esim activation,品牌（全局）,28.0,3,5.5,0,1,"en-GB,en-US",roamic esim uk,品牌 Hub,/esim-providers/roamic/,已覆盖,,,roamic,否
which esim provider in japan uses au,国家·核心,28.0,3,5.5,0,1,"en-GB,en-US",esim coverage in fiji,国家页,/compare/japan/,已覆盖,JP,japan,,否
airalo esim for peru,品牌×国家,27.8,2,6.0,1,1,"en-GB,en-US",airalo esim peru,品牌×国家子页,/compare/peru/airalo/,已覆盖,PE,peru,airalo,否
airalo esim germany,品牌×国家,27.8,2,6.0,1,2,en-GB,airalo esim georgia,品牌×国家子页,/compare/germany/airalo/,已覆盖,DE,germany,airalo,否
best esim deals uk,国家·价格/交易,27.8,2,6.0,1,1,"en-GB,en-US",uk esim best,国家页,/compare/united-kingdom/,已覆盖,GB,united-kingdom,,否
best esim for japan and taiwan,区域,27.8,2,6.0,1,2,"en-GB,en-US",best esim for taipei 2026,未建页型,（无区域页）,缺口,"TW,JP","taiwan,japan",,否
e sim card poland,国家·核心,27.8,2,6.0,1,1,"en-GB,en-US",poland sim card for tourists,国家页,/compare/poland/,已覆盖,PL,poland,,否
e sim for morocco,国家·核心,27.8,7,7.5,1,1,"en-GB,en-US",morocco sim card for tourists,国家页,/compare/morocco/,已覆盖,MA,morocco,,否
esim card for england,国家·核心,27.8,2,6.0,1,1,"en-GB,en-US",esim england,国家页,/compare/united-kingdom/,已覆盖,GB,united-kingdom,,否
esim china travel plans,国家·核心,27.8,2,6.0,1,1,"en-GB,en-US",china esim plans,国家页,/compare/china/,已覆盖,CN,china,,否
esim for namibia,通用·其他,27.8,2,6.0,1,1,"en-GB,en-US",esim for miami,首页/枢纽,/,已覆盖,,,,否
esim india airtel,国家·核心,27.8,2,6.0,1,1,"en-GB,en-US",esim india airport,国家页,/compare/india/,已覆盖,IN,india,,否
how to use esim on iphone abroad,通用·全球,27.8,12,9.0,1,13,en-US,esim united arab emirates for iphone,通用枢纽,/guides/,已覆盖,,,,否
italy esim tourist,国家·核心,27.8,2,6.0,1,1,"en-GB,en-US",italy esim best,国家页,/compare/italy/,已覆盖,IT,italy,,否
nomad esim europe,品牌（全局）,27.8,2,6.0,1,1,"en-GB,en-US",nomad esim colombia,品牌 Hub,/esim-providers/nomad/,已覆盖,,,nomad,否
nz esim travel,国家·核心,27.8,2,6.0,1,1,"en-GB,en-US",nz esim best,国家页,/compare/new-zealand/,已覆盖,NZ,new-zealand,,否
taiwan esim providers,国家·核心,27.8,2,6.0,1,1,"en-GB,en-US",taiwan esim price,国家页,/compare/taiwan/,已覆盖,TW,taiwan,,否
thailand esim plans,国家·规格/流量,27.8,2,6.0,1,1,"en-GB,en-US",thailand esim price,国家页,/compare/thailand/,已覆盖,TH,thailand,,是
ubigi esim philippines,品牌×国家,27.8,2,6.0,1,2,en-US,ubigi esim fiji,品牌×国家子页,/compare/philippines/ubigi/,已覆盖,PH,philippines,ubigi,否
usa esim tourist,国家·核心,27.8,2,6.0,1,2,"en-GB,en-US",usa esim best,国家页,/compare/united-states/,已覆盖,US,united-states,,否
airalo esim china,品牌×国家,27.7,1,5.0,0,0,en-GB,airalo esim,品牌×国家子页,/compare/china/airalo/,已覆盖,CN,china,airalo,否
airalo esim china stopped working,品牌×国家,27.7,1,5.0,0,1,"en-GB,en-US",airalo esim china,品牌×国家子页,/compare/china/airalo/,已覆盖,CN,china,airalo,否
airalo esim hk,品牌（全局）,27.7,1,5.0,0,1,en-GB,airalo esim uk,品牌 Hub,/esim-providers/airalo/,已覆盖,,,airalo,否
airalo esim review japan,品牌×国家,27.7,1,5.0,0,1,en-US,airalo esim new zealand,品牌×国家子页,/compare/japan/airalo/,已覆盖,JP,japan,airalo,否
airalo esim us,品牌×国家,27.7,1,5.0,0,1,"en-GB,en-US",airalo esim uk,品牌×国家子页,/compare/united-states/airalo/,已覆盖,US,united-states,airalo,否
bali sim card price,城市,27.7,1,5.0,0,1,"en-GB,en-US",bali esim card,未建页型（禁区）,（无城市页，建议并入国家页）,缺口,,,,否
belgium sim options,国家·核心,27.7,1,5.0,0,1,"en-GB,en-US",belgium esim,国家页,/compare/belgium/,已覆盖,BE,belgium,,否
best canada sim card for tourist,国家·核心,27.7,1,5.0,0,1,"en-GB,en-US",canada sim card for tourists,国家页,/compare/canada/,已覆盖,CA,canada,,否
best data esim nz,国家·核心,27.7,1,5.0,0,1,"en-GB,en-US",nz esim best,国家页,/compare/new-zealand/,已覆盖,NZ,new-zealand,,否
best e sim for ireland,国家·核心,27.7,1,5.0,0,1,en-GB,best esim for iceland,国家页,/compare/ireland/,已覆盖,IE,ireland,,否
best esim card for new zealand,国家·核心,27.7,1,5.0,0,1,"en-GB,en-US",best esim for new zealand,国家页,/compare/new-zealand/,已覆盖,NZ,new-zealand,,否
best esim deals for turkey,通用·价格交易,27.7,1,5.0,0,1,en-GB,turkey esim best,折扣页,/esim-deals/,已覆盖,,,,否
best esim for canada from australia,区域,27.7,1,5.0,0,1,"en-GB,en-US",best esim for canada,未建页型,（无区域页）,缺口,"AU,CA","australia,canada",,否
best esim for china and taiwan,区域,27.7,1,5.0,0,1,"en-GB,en-US",best esim for china,未建页型,（无区域页）,缺口,"TW,CN","taiwan,china",,否
best esim for ireland and scotland,国家·核心,27.7,16,9.5,0,4,"en-GB,en-US",best esim for iceland,国家页,/compare/ireland/,已覆盖,IE,ireland,,否
best esim for mexico 2026,国家·核心,27.7,1,5.0,0,1,"en-GB,en-US",best esim for mexico,国家页,/compare/mexico/,已覆盖,MX,mexico,,否
best esim for paris france,国家·核心,27.7,1,5.0,0,0,"en-GB,en-US",esim for paris,国家页,/compare/france/,已覆盖,FR,france,,否
best esim for use in canada,国家·核心,27.7,1,5.0,0,1,"en-GB,en-US",best esim for uae,国家页,/compare/canada/,已覆盖,CA,canada,,否
best esim for zambia,通用·其他,27.7,1,5.0,0,1,"en-GB,en-US",best esim for nz,首页/枢纽,/,已覆盖,,,,是
best esim to use in south africa,国家·核心,27.7,1,5.0,0,2,"en-GB,en-US",best esim for south africa,国家页,/compare/south-africa/,已覆盖,ZA,south-africa,,否
best sim cards for travel in egypt,国家·核心,27.7,1,5.0,0,1,en-US,egypt sim card for tourists,国家页,/compare/egypt/,已覆盖,EG,egypt,,否
can i get esim in china,国家·核心,27.7,1,5.0,0,1,en-US,how to get an esim for china,国家页,/compare/china/,已覆盖,CN,china,,否
canada esim for tourists,国家·核心,27.7,1,5.0,0,1,"en-GB,en-US",canada esim,国家页,/compare/canada/,已覆盖,CA,canada,,否
cheap australian esim,通用·价格交易,27.7,1,5.0,0,2,en-US,cheap esim australia,首页/枢纽,/,已覆盖,,,,否
cheap esim contract,通用·价格交易,27.7,1,5.0,0,1,en-US,cheap esim macao,首页/枢纽,/,已覆盖,,,,否
cheap esim plans canada,国家·价格/交易,27.7,1,5.0,0,1,en-US,canada esim plans,国家页·套餐表,/compare/canada/#plans,已覆盖,CA,canada,,否
cheap sim prepaid,通用·价格交易,27.7,1,5.0,0,1,en-US,cheap esim peru,首页/枢纽,/,已覆盖,,,,否
cheapest esim for america,通用·价格交易,27.7,1,5.0,0,1,en-US,cheapest esim for uae,首页/枢纽,/,已覆盖,,,,否
cheapest no contract esim,通用·价格交易,27.7,1,5.0,0,0,"en-GB,en-US",esim no contract,首页/枢纽,/,已覆盖,,,,否
cheapest payg esim uk,国家·价格/交易,27.7,1,5.0,0,1,en-GB,cheapest esim for uk,国家页,/compare/united-kingdom/,已覆盖,GB,united-kingdom,,否
cheapest sim uk,国家·价格/交易,27.7,1,5.0,0,1,en-GB,cheapest esim uk,国家页,/compare/united-kingdom/,已覆盖,GB,united-kingdom,,否
china esim for tourist,国家·核心,27.7,1,5.0,0,1,"en-GB,en-US",china esim,国家页,/compare/china/,已覆盖,CN,china,,否
china esim singapore,区域,27.7,1,5.0,0,1,en-US,china esim best,未建页型,（无区域页）,缺口,"SG,CN","singapore,china",,否
china prepaid sim card for tourist,国家·核心,27.7,1,5.0,0,1,"en-GB,en-US",china sim card for tourists,国家页,/compare/china/,已覆盖,CN,china,,否
cosmote sim card greece,国家·核心,27.7,1,5.0,0,1,en-US,greece sim card for tourists,国家页,/compare/greece/,已覆盖,GR,greece,,否
descargar esim en iphone,通用·设备兼容,27.7,1,5.0,0,1,en-US,esim colombia for iphone,兼容指南,/guides/esim-compatibility-check/,已覆盖,,,,否
dubai esim online,城市,27.7,1,5.0,0,1,"en-GB,en-US",dubai esim,未建页型（禁区）,（无城市页，建议并入国家页）,缺口,,,,否
e sim card for costa rica,国家·核心,27.7,1,5.0,0,1,en-US,esim costa rica vs sim,国家页,/compare/costa-rica/,已覆盖,CR,costa-rica,,否
e sim saudi arabia,国家·核心,27.7,1,5.0,0,1,en-US,yesim esim saudi arabia,国家页,/compare/saudi-arabia/,已覆盖,SA,saudi-arabia,,否
ee esim plans uk,国家·规格/流量,27.7,1,5.0,0,1,en-US,uk esim plans,国家页,/compare/united-kingdom/,已覆盖,GB,united-kingdom,,否
esim airtel kenya,国家·核心,27.7,1,5.0,0,1,en-US,esim kenya,国家页,/compare/kenya/,已覆盖,KE,kenya,,否
esim app for android,通用·设备兼容,27.7,1,5.0,0,0,"en-GB,en-US",esim for android,兼容指南,/guides/esim-compatibility-check/,已覆盖,,,,否
esim argentina activar,国家·核心,27.7,1,5.0,0,1,"en-GB,en-US",esim argentina,国家页,/compare/argentina/,已覆盖,AR,argentina,,否
esim bali australia,国家·核心,27.7,1,5.0,0,1,"en-GB,en-US",esim bali,国家页,/compare/australia/,已覆盖,AU,australia,,否
esim bilingue,通用·其他,27.7,1,5.0,0,0,en-GB,esim berlin,首页/枢纽,/,已覆盖,,,,否
esim blink,通用·其他,27.7,1,5.0,0,0,"en-GB,en-US",esim berlin,首页/枢纽,/,已覆盖,,,,否
esim card for egypt,国家·核心,27.7,1,5.0,0,1,"en-GB,en-US",esim for egypt,国家页,/compare/egypt/,已覆盖,EG,egypt,,否
esim card for japan travel,国家·核心,27.7,1,5.0,0,1,"en-GB,en-US",japan esim card,国家页,/compare/japan/,已覆盖,JP,japan,,否
esim china airalo,品牌×国家,27.7,1,5.0,0,1,"en-GB,en-US",esim china,品牌×国家子页,/compare/china/airalo/,已覆盖,CN,china,airalo,否
esim china plans,国家·核心,27.7,1,5.0,0,1,en-US,china esim plans,国家页,/compare/china/,已覆盖,CN,china,,否
esim china review,国家·核心,27.7,1,5.0,0,1,"en-GB,en-US",esim for china review,国家页,/compare/china/,已覆盖,CN,china,,否
esim colombia wom,国家·核心,27.7,1,5.0,0,1,"en-GB,en-US",esim colombia,国家页,/compare/colombia/,已覆盖,CO,colombia,,否
esim compatible phones fizz,通用·设备兼容,27.7,1,5.0,0,0,"en-GB,en-US",esim compatible phones,兼容指南,/guides/esim-compatibility-check/,已覆盖,,,,否
esim deals for europe,区域,27.7,1,5.0,0,0,"en-GB,en-US",esim deals,区域指南,/guides/best-europe-esim/,已覆盖,,,,否
esim dubai data,城市,27.7,1,5.0,0,1,"en-GB,en-US",esim dubai,未建页型（禁区）,（无城市页，建议并入国家页）,缺口,,,,否
esim for asia and oceania,区域,27.7,1,5.0,0,1,"en-GB,en-US",esim for asia,区域指南,/guides/best-asia-esim/,已覆盖,,,,否
esim for azerbaijan,通用·其他,27.7,1,5.0,0,1,en-US,esim for nz,首页/枢纽,/,已覆盖,,,,否
esim for bali and gili islands,城市,27.7,1,5.0,0,1,"en-GB,en-US",esim for bali,未建页型（禁区）,（无城市页，建议并入国家页）,缺口,,,,否
esim for benidorm,通用·其他,27.7,1,5.0,0,0,en-US,esim for berlin,首页/枢纽,/,已覆盖,,,,否
esim for canada with calling,国家·核心,27.7,1,5.0,0,1,"en-GB,en-US",esim for canada,国家页,/compare/canada/,已覆盖,CA,canada,,否
esim for cruise and land,通用·其他,27.7,1,5.0,0,0,"en-GB,en-US",esim for cruise,首页/枢纽,/,已覆盖,,,,否
esim for europe,区域,27.7,1,5.0,0,0,en-US,esim,区域指南,/guides/best-europe-esim/,已覆盖,,,,是
esim for greece 6 months,国家·核心,27.7,1,5.0,0,1,"en-GB,en-US",esim for greece,国家页,/compare/greece/,已覆盖,GR,greece,,否
esim for hajj,通用·其他,27.7,1,5.0,0,0,en-US,esim for hanoi,首页/枢纽,/,已覆盖,,,,否
esim for india from usa,区域,27.7,1,5.0,0,1,"en-GB,en-US",esim for india,未建页型,（无区域页）,缺口,"IN,US","india,united-states",,否
esim for iphone 14,通用·设备兼容,27.7,1,5.0,0,0,"en-GB,en-US",esim for iphone,兼容指南,/guides/esim-compatibility-check/,已覆盖,,,,否
esim for mexico,国家·核心,27.7,1,5.0,0,0,en-US,esim for miami,国家页,/compare/mexico/,已覆盖,MX,mexico,,否
esim for roaming europe,区域,27.7,1,5.0,0,0,en-US,esim for rome,区域指南,/guides/best-europe-esim/,已覆盖,,,,否
esim for samsung,通用·设备兼容,27.7,1,5.0,0,1,en-US,esim for ksa,兼容指南,/guides/esim-compatibility-check/,已覆盖,,,,否
esim for spain from uk,区域,27.7,1,5.0,0,1,"en-GB,en-US",esim for spain,未建页型,（无区域页）,缺口,"ES,GB","spain,united-kingdom",,否
esim for total wireless,通用·其他,27.7,1,5.0,0,0,en-US,esim for tokyo,首页/枢纽,/,已覆盖,,,,否
esim for uk travel from india,区域,27.7,1,5.0,0,1,"en-GB,en-US",esim for uk,未建页型,（无区域页）,缺口,"IN,GB","india,united-kingdom",,否
esim grecia internet,通用·其他,27.7,1,5.0,0,1,en-GB,esim greece,首页/枢纽,/,已覆盖,,,,否
esim hong kong and australia,区域,27.7,1,5.0,0,1,"en-GB,en-US",esim hong kong,未建页型,（无区域页）,缺口,"AU,HK","australia,hong-kong",,否
esim honor 400 pro,通用·其他,27.7,1,5.0,0,0,en-US,esim hanoi,首页/枢纽,/,已覆盖,,,,否
esim hotspot plans,通用·规则/规格,27.7,1,5.0,0,0,"en-GB,en-US",esim hot spot,首页/枢纽,/,已覆盖,,,,否
esim in sri lanka,通用·其他,27.7,1,5.0,0,1,en-US,best esim for india and sri lanka,首页/枢纽,/,已覆盖,,,,否
esim india benefits,国家·核心,27.7,1,5.0,0,1,"en-GB,en-US",esim india,国家页,/compare/india/,已覆盖,IN,india,,否
esim italy with phone number,国家·规格/流量,27.7,1,5.0,0,1,"en-GB,en-US",esim italy,国家页,/compare/italy/,已覆盖,IT,italy,,否
esim jamaica digicel,通用·其他,27.7,1,5.0,0,0,en-GB,esim hawaii,首页/枢纽,/,已覆盖,,,,否
esim japan tourist,国家·核心,27.7,1,5.0,0,1,"en-GB,en-US",esim japan,国家页,/compare/japan/,已覆盖,JP,japan,,否
esim kanada,通用·其他,27.7,1,5.0,0,1,"en-GB,en-US",esim ksa,首页/枢纽,/,已覆盖,,,,否
esim key functions,通用·其他,27.7,1,5.0,0,1,en-GB,esim kenya,首页/枢纽,/,已覆盖,,,,否
esim korea prepaid,国家·核心,27.7,1,5.0,0,1,"en-GB,en-US",esim korea,国家页,/compare/south-korea/,已覆盖,KR,south-korea,,否
esim linux,通用·其他,27.7,1,5.0,0,0,en-GB,esim lisbon,首页/枢纽,/,已覆盖,,,,否
esim lontoo,通用·其他,27.7,1,5.0,0,0,en-GB,esim london,首页/枢纽,/,已覆盖,,,,否
esim malawi,通用·其他,27.7,1,5.0,0,1,"en-GB,en-US",esim manila,首页/枢纽,/,已覆盖,,,,是
esim mifi router,通用·其他,27.7,1,5.0,0,0,en-GB,esim miami,首页/枢纽,/,已覆盖,,,,否
esim morocco maya,国家·核心,27.7,1,5.0,0,1,"en-GB,en-US",esim morocco,国家页,/compare/morocco/,已覆盖,MA,morocco,,否
esim nz coverage,国家·网络覆盖,27.7,1,5.0,0,1,"en-GB,en-US",esim nz,国家网络页,/networks/new-zealand/,缺口,NZ,new-zealand,,否
esim orange poland,国家·核心,27.7,1,5.0,0,1,en-US,esim poland,国家页,/compare/poland/,已覆盖,PL,poland,,否
esim plan malaysia,国家·规格/流量,27.7,1,5.0,0,1,en-US,malaysia esim plans,国家页,/compare/malaysia/,已覆盖,MY,malaysia,,否
esim plans for travel,通用·规则/规格,27.7,1,5.0,0,0,"en-GB,en-US",esim plans,首页/枢纽,/,已覆盖,,,,否
esim prepaid plans australia,国家·核心,27.7,1,5.0,0,2,en-US,australia esim plans,国家页,/compare/australia/,已覆盖,AU,australia,,否
esim prueba,通用·其他,27.7,1,5.0,0,1,"en-GB,en-US",esim peru,首页/枢纽,/,已覆盖,,,,否
esim romania cu numar de telefon,通用·其他,27.7,1,5.0,0,0,"en-GB,en-US",esim rome,首页/枢纽,/,已覆盖,,,,否
esim singapore malaysia indonesia,区域,27.7,1,5.0,0,1,"en-GB,en-US",esim singapore,未建页型,（无区域页）,缺口,"SG,ID,MY","singapore,indonesia,malaysia",,否
esim south africa telkom,国家·核心,27.7,1,5.0,0,2,"en-GB,en-US",esim south africa,国家页,/compare/south-africa/,已覆盖,ZA,south-africa,,否
esim supported mobiles in india,国家·核心,27.7,1,5.0,0,1,en-US,esim coverage in india,国家页,/compare/india/,已覆盖,IN,india,,否
esim thailand,国家·核心,27.7,1,5.0,0,1,en-GB,esim holland,国家页,/compare/thailand/,已覆盖,TH,thailand,,是
esim thailand 15 days,国家·规格/流量,27.7,1,5.0,0,1,"en-GB,en-US",esim thailand,国家页,/compare/thailand/,已覆盖,TH,thailand,,否
esim uae number,国家·核心,27.7,1,5.0,0,1,"en-GB,en-US",esim uae,国家页,/compare/united-arab-emirates/,已覆盖,AE,united-arab-emirates,,否
esim vs sim card speed,通用·对比,27.7,1,5.0,0,0,"en-GB,en-US",esim vs sim,形态对比指南,/guides/esim-vs-physical-sim/,已覆盖,,,,否
esim with international coverage,通用·全球,27.7,1,5.0,0,0,en-US,is esim worth it,通用枢纽,/guides/,已覆盖,,,,否
fiji travel esim,国家·核心,27.7,1,5.0,0,1,"en-GB,en-US",esim fiji,国家页,/compare/fiji/,已覆盖,FJ,fiji,,否
france esim data,国家·核心,27.7,1,5.0,0,1,"en-GB,en-US",france esim,国家页,/compare/france/,已覆盖,FR,france,,否
german sim card plans,通用·其他,27.7,1,5.0,0,1,en-GB,germany esim card,形态对比指南,/guides/esim-vs-physical-sim/,已覆盖,,,,否
get esim online india,国家·核心,27.7,1,5.0,0,1,en-US,how to get an esim for india,国家页,/compare/india/,已覆盖,IN,india,,否
get free esim uk,国家·核心,27.7,1,5.0,0,1,en-US,how to get an esim for uk,国家页,/compare/united-kingdom/,已覆盖,GB,united-kingdom,,否
greece sim card unlimited data,国家·规格/流量,27.7,1,5.0,0,1,"en-GB,en-US",greece esim card,国家页·无限流量区,/compare/greece/#plans,已覆盖,GR,greece,,否
greek sim card for iphone,通用·设备兼容,27.7,1,5.0,0,1,en-GB,greece esim card,兼容指南,/guides/esim-compatibility-check/,已覆盖,,,,否
holafly esim coupon,品牌（全局）,27.7,1,5.0,0,1,en-US,holafly esim macao,品牌 Hub,/esim-providers/holafly/,已覆盖,,,holafly,否
hong kong sim card 365 days,国家·规格/流量,27.7,1,5.0,0,1,"en-GB,en-US",hong kong esim card,国家页,/compare/hong-kong/,已覆盖,HK,hong-kong,,否
how to activate holafly esim in china,品牌×国家,27.7,1,5.0,0,1,en-GB,holafly esim china,品牌×国家子页,/compare/china/holafly/,已覆盖,CN,china,holafly,否
how to get an esim for iphone,通用·设备兼容,27.7,1,5.0,0,2,en-US,how to get an esim for usa,兼容指南,/guides/esim-compatibility-check/,已覆盖,,,,否
how to get saily esim to work in china,品牌×国家,27.7,1,5.0,0,1,en-US,saily esim china,品牌×国家子页,/compare/china/saily/,已覆盖,CN,china,saily,否
how to install esim on apple watch,通用·设备兼容,27.7,1,5.0,0,0,"en-GB,en-US",how to install esim,兼容指南,/guides/esim-compatibility-check/,已覆盖,,,,否
indonesia esim with international calls to uk,区域,27.7,1,5.0,0,1,"en-GB,en-US",indonesia esim,未建页型,（无区域页）,缺口,"ID,GB","indonesia,united-kingdom",,否
international roaming data esim,通用·全球,27.7,1,5.0,0,1,en-US,roami esim united arab emirates,通用枢纽,/guides/,已覆盖,,,,否
iphone 12 esim compatible uk,国家·设备兼容,27.7,1,5.0,0,1,en-US,esim uk for iphone,国家页,/compare/united-kingdom/,已覆盖,GB,united-kingdom,,否
iphone 15 esim china,国家·设备兼容,27.7,1,5.0,0,1,en-US,esim china for iphone,国家页,/compare/china/,已覆盖,CN,china,,否
iphone 17 esim australia,国家·设备兼容,27.7,1,5.0,0,2,en-US,esim australia for iphone,国家页,/compare/australia/,已覆盖,AU,australia,,否
iphone 17 pro max esim canada,国家·设备兼容,27.7,1,5.0,0,1,en-US,esim canada for iphone,国家页,/compare/canada/,已覆盖,CA,canada,,否
iphone 17 pro max esim hong kong,国家·设备兼容,27.7,1,5.0,0,1,en-US,esim hong kong for iphone,国家页,/compare/hong-kong/,已覆盖,HK,hong-kong,,否
is saily esim good,品牌（全局）,27.7,1,5.0,0,0,"en-GB,en-US",is saily good,品牌 Hub,/esim-providers/saily/,已覆盖,,,saily,否
japan esim sale,国家·价格/交易,27.7,1,5.0,0,1,en-US,japan esim best,国家页,/compare/japan/,已覆盖,JP,japan,,否
japanese sim card for tourists,通用·其他,27.7,1,5.0,0,1,en-GB,japan sim card for tourists,形态对比指南,/guides/esim-vs-physical-sim/,已覆盖,,,,否
jio esim plans india,国家·规格/流量,27.7,1,5.0,0,1,en-US,india esim plans,国家页,/compare/india/,已覆盖,IN,india,,否
lycamobile esim belgium,国家·核心,27.7,1,5.0,0,1,"en-GB,en-US",esim belgium,国家页,/compare/belgium/,已覆盖,BE,belgium,,否
mexico esim telcel,国家·核心,27.7,1,5.0,0,1,"en-GB,en-US",mexico esim,国家页,/compare/mexico/,已覆盖,MX,mexico,,否
morocco esim orange,国家·核心,27.7,1,5.0,0,1,"en-GB,en-US",morocco esim,国家页,/compare/morocco/,已覆盖,MA,morocco,,否
new zealand esim travel,国家·核心,27.7,1,5.0,0,1,"en-GB,en-US",new zealand esim,国家页,/compare/new-zealand/,已覆盖,NZ,new-zealand,,否
nomad esim cost,品牌（全局）,27.7,1,5.0,0,1,en-US,nomad esim macao,品牌 Hub,/esim-providers/nomad/,已覆盖,,,nomad,否
nomad esim india,品牌×国家,27.7,1,5.0,0,1,en-GB,nomad esim spain,品牌×国家子页,/compare/india/nomad/,已覆盖,IN,india,nomad,否
nomad esim mexico,品牌×国家,27.7,1,5.0,0,1,en-US,nomad esim uk,品牌×国家子页,/compare/mexico/nomad/,已覆盖,MX,mexico,nomad,否
nomad esim promo,品牌（全局）,27.7,1,5.0,0,1,en-US,nomad esim peru,品牌 Hub,/esim-providers/nomad/,已覆盖,,,nomad,否
nz esim activation,国家·核心,27.7,1,5.0,0,1,"en-GB,en-US",nz esim,国家页,/compare/new-zealand/,已覆盖,NZ,new-zealand,,否
partner israel esim,国家·核心,27.7,1,5.0,0,1,en-US,israel esim,国家页,/compare/israel/,已覆盖,IL,israel,,否
peru sim card providers,国家·核心,27.7,1,5.0,0,1,"en-GB,en-US",peru esim card,国家页,/compare/peru/,已覆盖,PE,peru,,否
portable wifi vs esim,通用·对比,27.7,1,5.0,0,0,en-US,esim vs pocket wifi,形态对比指南,/guides/esim-vs-physical-sim/,已覆盖,,,,否
portable wifi with esim,通用·其他,27.7,1,5.0,0,0,en-GB,esim vs pocket wifi,首页/枢纽,/,已覆盖,,,,否
prepaid sim card in usa for tourist guide,国家·核心,27.7,1,5.0,0,2,"en-GB,en-US",usa sim card for tourists,国家页,/compare/united-states/,已覆盖,US,united-states,,否
s22+ esim,通用·其他,27.7,1,5.0,0,1,en-US,esim czech republic 2026,首页/枢纽,/,已覆盖,,,,否
saily esim configuration,品牌（全局）,27.7,1,5.0,0,1,en-US,saily esim macao,品牌 Hub,/esim-providers/saily/,已覆盖,,,saily,否
saily esim europe reddit,品牌（全局）,27.7,1,5.0,0,1,en-US,saily esim colombia,品牌 Hub,/esim-providers/saily/,已覆盖,,,saily,否
saily esim fiji,品牌×国家,27.7,1,5.0,0,1,"en-GB,en-US",esim for fiji,品牌×国家子页,/compare/fiji/saily/,已覆盖,FJ,fiji,saily,否
saily esim karte,品牌（全局）,27.7,1,5.0,0,1,en-GB,saily esim uk,品牌 Hub,/esim-providers/saily/,已覆盖,,,saily,否
saily esim prices,品牌（全局）,27.7,1,5.0,0,1,en-US,saily esim peru,品牌 Hub,/esim-providers/saily/,已覆盖,,,saily,否
seoul sim card,城市,27.7,1,5.0,0,1,"en-GB,en-US",seoul esim,未建页型（禁区）,（无城市页，建议并入国家页）,缺口,,,,否
sim card in the philippines,国家·核心,27.7,1,5.0,0,1,en-US,philippines sim card for tourists,国家页,/compare/philippines/,已覆盖,PH,philippines,,否
sim card to use in italy,国家·核心,27.7,1,5.0,0,1,en-GB,italy sim card for tourists,国家页,/compare/italy/,已覆盖,IT,italy,,否
sim cards for south america,区域,27.7,1,5.0,0,1,en-GB,argentina sim card for tourists,区域指南,/guides/best-americas-esim/,已覆盖,,,,否
singapore esim for tourist,国家·核心,27.7,11,8.0,0,4,"en-GB,en-US",cape town esim reddit,国家页,/compare/singapore/,已覆盖,SG,singapore,,否
singapore sim card for tourist,国家·核心,27.7,6,8.0,2,7,"en-GB,en-US",singapore esim card,国家页,/compare/singapore/,已覆盖,SG,singapore,,否
south african e sim,区域,27.7,1,5.0,0,2,en-GB,south africa esim,区域指南,/guides/best-africa-middle-east-esim/,已覆盖,,,,否
taiwan esim card,国家·核心,27.7,1,5.0,0,1,"en-GB,en-US",taiwan esim,国家页,/compare/taiwan/,已覆盖,TW,taiwan,,否
thailand e sim card for tourist,国家·核心,27.7,1,5.0,0,1,"en-GB,en-US",thailand sim card for tourists,国家页,/compare/thailand/,已覆盖,TH,thailand,,否
thailand esim reddit,国家·核心,27.7,1,5.0,0,1,en-US,thailand esim price,国家页,/compare/thailand/,已覆盖,TH,thailand,,否
thailand sim card for tourist,国家·核心,27.7,1,5.0,0,2,en-GB,south korea sim card for tourists,国家页,/compare/thailand/,已覆盖,TH,thailand,,否
three ireland esim,国家·核心,27.7,1,5.0,0,1,"en-GB,en-US",ireland esim,国家页,/compare/ireland/,已覆盖,IE,ireland,,否
tigo esim colombia,国家·核心,27.7,1,5.0,0,1,"en-GB,en-US",esim for colombia,国家页,/compare/colombia/,已覆盖,CO,colombia,,否
transfer airtel esim to new iphone in usa,国家·设备兼容,27.7,1,5.0,0,2,en-US,esim usa for iphone,国家页,/compare/united-states/,已覆盖,US,united-states,,否
travel esim egypt,国家·核心,27.7,1,5.0,0,1,"en-GB,en-US",esim egypt,国家页,/compare/egypt/,已覆盖,EG,egypt,,否
ubigi esim discount,品牌（全局）,27.7,1,5.0,0,1,en-GB,ubigi esim india,品牌 Hub,/esim-providers/ubigi/,已覆盖,,,ubigi,否
ubigi esim japan reviews,品牌×国家,27.7,1,5.0,0,1,en-US,esim for japan review,品牌×国家子页,/compare/japan/ubigi/,已覆盖,JP,japan,ubigi,否
uk esim to use abroad,国家·核心,27.7,1,5.0,0,1,en-US,uk esim best,国家页,/compare/united-kingdom/,已覆盖,GB,united-kingdom,,否
uk travel sim card,国家·核心,27.7,1,5.0,0,1,en-US,uk sim card for tourists,国家页,/compare/united-kingdom/,已覆盖,GB,united-kingdom,,否
usa esim card,国家·核心,27.7,1,5.0,0,2,"en-GB,en-US",usa esim,国家页,/compare/united-states/,已覆盖,US,united-states,,否
vietnam sim card price,国家·价格/交易,27.7,1,5.0,0,1,en-GB,viet nam esim card,国家页,/compare/vietnam/,已覆盖,VN,vietnam,,否
vivo brazil esim,国家·核心,27.7,1,5.0,0,1,en-GB,brazil esim,国家页,/compare/brazil/,已覆盖,BR,brazil,,否
vodafone esim qatar,国家·核心,27.7,1,5.0,0,1,"en-GB,en-US",esim qatar,国家页,/compare/qatar/,已覆盖,QA,qatar,,否
vodafone greece esim,国家·核心,27.7,1,5.0,0,1,"en-GB,en-US",greece esim,国家页,/compare/greece/,已覆盖,GR,greece,,否
what is an esim card and how does it work,通用·问题,27.7,1,5.0,0,0,"en-GB,en-US",what is an esim,形态对比指南,/guides/esim-vs-physical-sim/,已覆盖,,,,否
what is the best esim for australia,国家·核心,27.7,1,5.0,0,3,"en-GB,en-US",best esim for australia and new zealand,国家页,/compare/australia/,已覆盖,AU,australia,,否
what is the best esim for jamaica,通用·问题,27.7,1,5.0,0,1,en-GB,best esim for fiji,概念指南,/guides/what-is-an-esim/,已覆盖,,,,否
esim data only australia,国家·核心,27.5,5,7.0,1,3,"en-GB,en-US",australia esim unlimited data,国家页,/compare/australia/,已覆盖,AU,australia,,否
esim for thailand airalo,品牌×国家,27.5,5,7.0,1,6,"en-GB,en-US",airalo esim south korea,品牌×国家子页,/compare/thailand/airalo/,已覆盖,TH,thailand,airalo,否
which esim is best for china,国家·核心,27.5,5,7.0,1,4,"en-GB,en-US",best esim for china 2026,国家页,/compare/china/,已覆盖,CN,china,,否
best esim for europe travel,区域,27.3,4,6.0,0,3,"en-GB,en-US",best esim for belgium,区域指南,/guides/best-europe-esim/,已覆盖,,,,否
best esim for italy france and spain,区域,27.3,4,9.0,4,2,"en-GB,en-US",best esim for france and italy,未建页型,（无区域页）,缺口,"FR,IT,ES","france,italy,spain",,否
best esim for usa and mexico,区域,27.3,19,12.0,2,9,"en-GB,en-US",esim for usa and mexico,未建页型,（无区域页）,缺口,"MX,US","mexico,united-states",,否
best esim for usa unlimited data,国家·规格/流量,27.3,4,6.0,0,3,"en-GB,en-US",usa esim best,国家页·无限流量区,/compare/united-states/#plans,已覆盖,US,united-states,,否
esim for china and japan,区域,27.3,4,6.0,0,2,"en-GB,en-US",japan esim coverage map,未建页型,（无区域页）,缺口,"JP,CN","japan,china",,否
international esim card for iphone,通用·全球,27.3,4,6.0,0,4,en-US,esim qatar for iphone,通用枢纽,/guides/,已覆盖,,,,否
best esim for thailand reddit,国家·核心,27.2,8,8.0,1,7,"en-GB,en-US",esim thailand reddit,国家页,/compare/thailand/,已覆盖,TH,thailand,,否
buy esim online usa,国家·核心,27.2,8,8.0,1,4,"en-GB,en-US",czech republic esim unlimited,国家页,/compare/united-states/,已覆盖,US,united-states,,否
esim card australia and new zealand,区域,27.2,3,6.5,1,4,"en-GB,en-US",esim for australia and new zealand,未建页型,（无区域页）,缺口,"NZ,AU","new-zealand,australia",,否
esim for use in china,国家·核心,27.2,3,6.5,1,3,"en-GB,en-US",do i need an esim for china,国家页,/compare/china/,已覆盖,CN,china,,否
holafly esim instalar,品牌（全局）,27.2,3,6.5,1,3,"en-GB,en-US",holafly esim israel,品牌 Hub,/esim-providers/holafly/,已覆盖,,,holafly,否
airalo esim international,品牌（全局）,27.0,2,5.5,0,2,en-GB,airalo esim india,品牌 Hub,/esim-providers/airalo/,已覆盖,,,airalo,否
argentina sim card reddit,国家·核心,27.0,2,7.0,2,1,"en-GB,en-US",argentina esim card,国家页,/compare/argentina/,已覆盖,AR,argentina,,否
best esim card for south africa,国家·核心,27.0,7,7.0,0,3,"en-GB,en-US",esim south africa reddit,国家页,/compare/south-africa/,已覆盖,ZA,south-africa,,否
best esim for america,通用·其他,27.0,7,7.0,0,5,"en-GB,en-US",best esim for georgia 2026,首页/枢纽,/,已覆盖,,,,否
best esim for bali telkomsel,城市,27.0,2,5.5,0,1,"en-GB,en-US",best esim for bali,未建页型（禁区）,（无城市页，建议并入国家页）,缺口,,,,否
best esim for tokyo reddit,城市,27.0,2,5.5,0,0,"en-GB,en-US",esim for tokyo,未建页型（禁区）,（无城市页，建议并入国家页）,缺口,,,,否
egypt sim card uk,区域,27.0,2,5.5,0,1,"en-GB,en-US",egypt esim card,未建页型,（无区域页）,缺口,"EG,GB","egypt,united-kingdom",,否
esim for australian number,通用·其他,27.0,2,5.5,0,3,"en-GB,en-US",esim for australia,首页/枢纽,/,已覆盖,,,,否
esim indonesia bali,国家·核心,27.0,2,5.5,0,1,"en-GB,en-US",esim indonesia,国家页,/compare/indonesia/,已覆盖,ID,indonesia,,否
esim local phone number uk and ireland,区域,27.0,7,7.0,0,2,"en-GB,en-US",is esim available in ireland,未建页型,（无区域页）,缺口,"IE,GB","ireland,united-kingdom",,否
esim mexico for tourists,国家·核心,27.0,2,5.5,0,1,"en-GB,en-US",esim mexico,国家页,/compare/mexico/,已覆盖,MX,mexico,,否
esim packages saudi arabia,国家·核心,27.0,2,5.5,0,1,"en-GB,en-US",esim for saudi arabia,国家页,/compare/saudi-arabia/,已覆盖,SA,saudi-arabia,,否
esim south korea for both data and phone,国家·核心,27.0,2,5.5,0,2,"en-GB,en-US",esim south korea,国家页,/compare/south-korea/,已覆盖,KR,south-korea,,否
esim to use in india,国家·核心,27.0,2,5.5,0,2,en-GB,do i need an esim for ksa,国家页,/compare/india/,已覆盖,IN,india,,否
esim turkey reviews,通用·其他,27.0,2,7.0,2,1,"en-GB,en-US",esim for turkey review,首页/枢纽,/,已覆盖,,,,否
is esim available in china,国家·核心,27.0,7,7.0,0,8,en-US,is esim available in uk,国家页,/compare/china/,已覆盖,CN,china,,否
nomad esim brazil,品牌×国家,27.0,2,5.5,0,1,en-US,esim brazil,品牌×国家子页,/compare/brazil/nomad/,已覆盖,BR,brazil,nomad,否
reviews of airalo esim,品牌（全局）,27.0,7,7.0,0,9,en-US,airalo esim hong kong,品牌 Hub,/esim-providers/airalo/,已覆盖,,,airalo,否
saily esim montenegro,品牌（全局）,27.0,2,5.5,0,2,en-US,saily esim mexico,品牌 Hub,/esim-providers/saily/,已覆盖,,,saily,否
turkey esim data,通用·其他,27.0,2,5.5,0,2,"en-GB,en-US",turkey esim,首页/枢纽,/,已覆盖,,,,否
uk sim card for travellers,国家·核心,27.0,2,5.5,0,1,"en-GB,en-US",uk sim card for tourists,国家页,/compare/united-kingdom/,已覆盖,GB,united-kingdom,,否
does orange esim work in uk,国家·核心,26.8,1,6.0,1,1,"en-GB,en-US",does esim work in uk,国家页,/compare/united-kingdom/,已覆盖,GB,united-kingdom,,否
esim for different countries,通用·其他,26.8,11,9.0,1,7,"en-GB,en-US",kenya esim coverage map,首页/枢纽,/,已覆盖,,,,否
esim vs physical sim singapore,国家·对比,26.8,6,7.5,1,3,en-US,esim singapore vs sim,国家页,/compare/singapore/,已覆盖,SG,singapore,,否
hong kong tourist sim card airport,国家·落地渠道,26.8,1,6.0,1,1,"en-GB,en-US",hong kong sim card for tourists,国家页,/compare/hong-kong/,已覆盖,HK,hong-kong,,否
international sim card indonesia,国家·核心,26.8,1,6.0,1,1,"en-GB,en-US",indonesia sim card for tourists,国家页,/compare/indonesia/,已覆盖,ID,indonesia,,否
israel prepaid sim card deals,国家·价格/交易,26.8,1,6.0,1,1,"en-GB,en-US",israel sim card for tourists,国家页,/compare/israel/,已覆盖,IL,israel,,否
japan prepaid sim card for tourist,国家·核心,26.8,1,6.0,1,1,"en-GB,en-US",fiji sim card for tourists,国家页,/compare/japan/,已覆盖,JP,japan,,否
sim card for mexico from canada,区域,26.8,1,6.0,1,1,"en-GB,en-US",mexico sim card for tourists,未建页型,（无区域页）,缺口,"CA,MX","canada,mexico",,否
sim card in qatar,国家·核心,26.8,1,6.0,1,1,"en-GB,en-US",qatar sim card for tourists,国家页,/compare/qatar/,已覆盖,QA,qatar,,否
sim for costa rica,国家·核心,26.8,1,6.0,1,1,"en-GB,en-US",costa rica sim card for tourists,国家页,/compare/costa-rica/,已覆盖,CR,costa-rica,,否
us mobile esim qr code,国家·价格/交易,26.8,1,6.0,1,1,"en-GB,en-US",qatar esim coverage map,国家页,/compare/united-states/,已覆盖,US,united-states,,否
best esim for china and japan,区域,26.7,5,8.0,2,3,"en-GB,en-US",best esim for china 2026,未建页型,（无区域页）,缺口,"JP,CN","japan,china",,否
best esim for ecuador,通用·其他,26.7,10,9.5,2,3,"en-GB,en-US",esim for colombia review,首页/枢纽,/,已覆盖,,,,是
esim for travel review,通用·其他,26.7,20,11.0,0,20,"en-GB,en-US",esim for brazil review,首页/枢纽,/,已覆盖,,,,否
holafly esim discount code,品牌（全局）,26.7,5,8.0,2,3,"en-GB,en-US",esim discount code,品牌 Hub,/esim-providers/holafly/,已覆盖,,,holafly,否
indonesia sim card for tourist,国家·核心,26.7,5,8.0,2,6,"en-GB,en-US",indonesia sim card for tourists,国家页,/compare/indonesia/,已覆盖,ID,indonesia,,否
airalo esim for china,品牌×国家,26.5,4,7.0,1,5,"en-GB,en-US",airalo esim south korea,品牌×国家子页,/compare/china/airalo/,已覆盖,CN,china,airalo,否
cheapest esim south africa,国家·价格/交易,26.5,4,7.0,1,4,"en-GB,en-US",cheapest esim seoul,国家页,/compare/south-africa/,已覆盖,ZA,south-africa,,否
sim card in thailand for tourist,国家·核心,26.5,4,7.0,1,5,"en-GB,en-US",iceland sim card for tourists,国家页,/compare/thailand/,已覆盖,TH,thailand,,否
switzerland esim providers,国家·核心,26.5,4,7.0,1,1,"en-GB,en-US",switzerland esim price,国家页,/compare/switzerland/,已覆盖,CH,switzerland,,否
switzerland esim tourist,国家·核心,26.5,4,7.0,1,1,"en-GB,en-US",switzerland esim best,国家页,/compare/switzerland/,已覆盖,CH,switzerland,,否
travel esim for turkey,通用·其他,26.5,14,10.0,1,4,"en-GB,en-US",turkey esim coverage map,首页/枢纽,/,已覆盖,,,,否
alosim esim review,品牌（全局）,26.3,3,6.0,0,3,"en-GB,en-US",alosim esim uk,品牌 Hub,/esim-providers/alosim/,已覆盖,,,alosim,是
best esim for rome,城市,26.3,3,6.0,0,2,"en-GB,en-US",esim for rome,未建页型（禁区）,（无城市页，建议并入国家页）,缺口,,,,是
cheapest esim in taiwan,国家·价格/交易,26.3,3,6.0,0,3,en-GB,cheapest esim spain,国家页,/compare/taiwan/,已覆盖,TW,taiwan,,否
download esim for iphone,通用·设备兼容,26.3,3,6.0,0,3,en-US,esim georgia for iphone,兼容指南,/guides/esim-compatibility-check/,已覆盖,,,,否
esim data plan australia,国家·规格/流量,26.3,3,6.0,0,3,"en-GB,en-US",esim data plan,国家页,/compare/australia/,已覆盖,AU,australia,,否
esim for japan and vietnam,区域,26.3,13,9.0,0,6,"en-GB,en-US",esim for philippines and vietnam,未建页型,（无区域页）,缺口,"VN,JP","vietnam,japan",,否
esim for vietnam from india,区域,26.3,3,6.0,0,2,"en-GB,en-US",esim for vietnam,未建页型,（无区域页）,缺口,"VN,IN","vietnam,india",,否
esim providers in usa,国家·核心,26.3,8,9.0,2,4,"en-GB,en-US",esim coverage in georgia,国家页,/compare/united-states/,已覆盖,US,united-states,,否
esim vietnam mobile,国家·核心,26.3,3,6.0,0,2,"en-GB,en-US",esim vietnam,国家页,/compare/vietnam/,已覆盖,VN,vietnam,,否
saily esim installiert sich nicht,品牌（全局）,26.3,3,6.0,0,3,en-GB,saily esim india,品牌 Hub,/esim-providers/saily/,已覆盖,,,saily,否
sim card for germany travel,国家·核心,26.3,3,6.0,0,4,"en-GB,en-US",austria sim card for tourists,国家页,/compare/germany/,已覆盖,DE,germany,,否
which esim for japan,国家·核心,26.3,3,6.0,0,3,"en-GB,en-US",esim for japan and south korea,国家页,/compare/japan/,已覆盖,JP,japan,,否
best esim to buy for japan,国家·核心,26.2,7,8.0,1,2,"en-GB,en-US",best esim for fiji 2026,国家页,/compare/japan/,已覆盖,JP,japan,,否
best unlimited esim for europe,区域,26.2,7,8.0,1,4,"en-GB,en-US",czech republic esim unlimited,区域指南,/guides/best-europe-esim/,已覆盖,,,,否
how to get esim in saudi arabia,国家·核心,26.2,7,8.0,1,5,"en-GB,en-US",how to get an esim for saudi arabia,国家页,/compare/saudi-arabia/,已覆盖,SA,saudi-arabia,,否
south african sim card for travellers,区域,26.2,2,6.5,1,2,"en-GB,en-US",south africa sim card for tourists,区域指南,/guides/best-africa-middle-east-esim/,已覆盖,,,,否
ubigi esim in china,品牌×国家,26.2,2,6.5,1,2,en-GB,ubigi esim india,品牌×国家子页,/compare/china/ubigi/,已覆盖,CN,china,ubigi,否
what is esim malaysia,国家·核心,26.2,7,8.0,1,5,"en-GB,en-US",esim coverage in malaysia,国家页,/compare/malaysia/,已覆盖,MY,malaysia,,否
airalo esim argentina,品牌×国家,26.0,1,5.5,0,1,"en-GB,en-US",esim for argentina,品牌×国家子页,/compare/argentina/airalo/,已覆盖,AR,argentina,airalo,否
best esim card for indonesia,国家·核心,26.0,1,5.5,0,1,"en-GB,en-US",best esim for indonesia,国家页,/compare/indonesia/,已覆盖,ID,indonesia,,否
canada prepaid sim card for tourist,国家·核心,26.0,1,5.5,0,1,"en-GB,en-US",canada sim card for tourists,国家页,/compare/canada/,已覆盖,CA,canada,,否
canada sim card prepaid,国家·核心,26.0,1,5.5,0,1,"en-GB,en-US",canada esim card,国家页,/compare/canada/,已覆盖,CA,canada,,否
cheapest esim telstra online sim,通用·价格交易,26.0,1,5.5,0,0,"en-GB,en-US",cheapest esim,首页/枢纽,/,已覆盖,,,,否
china sim card options,国家·核心,26.0,1,5.5,0,1,"en-GB,en-US",china esim card,国家页,/compare/china/,已覆盖,CN,china,,否
does revolut esim work in china,国家·核心,26.0,1,5.5,0,1,"en-GB,en-US",does esim work in china,国家页,/compare/china/,已覆盖,CN,china,,否
esim card ireland,国家·核心,26.0,1,5.5,0,1,"en-GB,en-US",esim ireland,国家页,/compare/ireland/,已覆盖,IE,ireland,,否
esim for japan and korea,区域,26.0,6,7.0,0,4,"en-GB,en-US",esim coverage in japan,未建页型,（无区域页）,缺口,"KR,JP","south-korea,japan",,否
esim for mint mobile,通用·其他,26.0,1,5.5,0,0,"en-GB,en-US",esim for miami,首页/枢纽,/,已覆盖,,,,否
esim for zanzibar,城市,26.0,1,5.5,0,1,"en-GB,en-US",esim for nz,未建页型（禁区）,（无城市页，建议并入国家页）,缺口,,,,是
esim portugal and spain,区域,26.0,1,5.5,0,1,"en-GB,en-US",esim portugal,未建页型,（无区域页）,缺口,"PT,ES","portugal,spain",,否
esim thailand airalo,品牌×国家,26.0,1,5.5,0,1,"en-GB,en-US",esim thailand,品牌×国家子页,/compare/thailand/airalo/,已覆盖,TH,thailand,airalo,否
etisalat egypt esim,国家·核心,26.0,1,5.5,0,1,"en-GB,en-US",egypt esim,国家页,/compare/egypt/,已覆盖,EG,egypt,,否
how to activate esim on apple watch,通用·设备兼容,26.0,1,5.5,0,0,"en-GB,en-US",how to activate esim,兼容指南,/guides/esim-compatibility-check/,已覆盖,,,,否
how to top up trip.com esim,通用·规则/规格,26.0,1,5.5,0,0,"en-GB,en-US",esim top up,首页/枢纽,/,已覆盖,,,,否
international esim data plan,通用·全球,26.0,11,8.5,0,11,"en-GB,en-US",iceland esim coverage map,通用枢纽,/guides/,已覆盖,,,,否
japan esim reddit,国家·核心,26.0,1,5.5,0,1,"en-GB,en-US",japan esim,国家页,/compare/japan/,已覆盖,JP,japan,,否
korea sim card with t money,国家·核心,26.0,1,5.5,0,1,"en-GB,en-US",korea esim card,国家页,/compare/south-korea/,已覆盖,KR,south-korea,,否
new esim card ireland,国家·核心,26.0,1,5.5,0,1,"en-GB,en-US",ireland esim card,国家页,/compare/ireland/,已覆盖,IE,ireland,,否
nz sim card in australia,区域,26.0,1,5.5,0,1,"en-GB,en-US",nz esim card,未建页型,（无区域页）,缺口,"NZ,AU","new-zealand,australia",,否
optus sim card australia for tourists,国家·核心,26.0,1,5.5,0,2,"en-GB,en-US",australia sim card for tourists,国家页,/compare/australia/,已覆盖,AU,australia,,否
peru sim,国家·核心,26.0,1,5.5,0,1,"en-GB,en-US",peru esim,国家页,/compare/peru/,已覆盖,PE,peru,,否
pocket wifi with esim support,通用·其他,26.0,1,5.5,0,0,"en-GB,en-US",esim vs pocket wifi,首页/枢纽,/,已覆盖,,,,否
sim card for france travel,国家·核心,26.0,1,5.5,0,1,"en-GB,en-US",france sim card for tourists,国家页,/compare/france/,已覆盖,FR,france,,否
sim card for singapore,国家·核心,26.0,1,5.5,0,1,"en-GB,en-US",singapore sim card for tourists,国家页,/compare/singapore/,已覆盖,SG,singapore,,否
sim card for uk and ireland,区域,26.0,1,5.5,0,1,"en-GB,en-US",ireland sim card for tourists,未建页型,（无区域页）,缺口,"IE,GB","ireland,united-kingdom",,否
travel esim uk,国家·核心,26.0,1,5.5,0,0,"en-GB,en-US",travel esim,国家页,/compare/united-kingdom/,已覆盖,GB,united-kingdom,,否
virtual sim card costa rica,国家·核心,26.0,1,5.5,0,1,"en-GB,en-US",costa rica sim card for tourists,国家页,/compare/costa-rica/,已覆盖,CR,costa-rica,,否
what is a nomad esim card,品牌（全局）,26.0,6,7.0,0,8,"en-GB,en-US",nomad esim saudi arabia,品牌 Hub,/esim-providers/nomad/,已覆盖,,,nomad,否
australia esim reddit,国家·核心,25.8,5,9.0,3,3,"en-GB,en-US",esim australia reddit,国家页,/compare/australia/,已覆盖,AU,australia,,否
airalo esim new zealand,品牌×国家,25.7,4,8.0,2,4,"en-GB,en-US",airalo esim hong kong,品牌×国家子页,/compare/new-zealand/airalo/,已覆盖,NZ,new-zealand,airalo,否
australia esim plans,国家·规格/流量,25.7,4,8.0,2,3,"en-GB,en-US",austria esim plans,国家页,/compare/australia/,已覆盖,AU,australia,,是
best esim card for mexico,国家·核心,25.7,9,8.0,0,2,"en-GB,en-US",is esim available in mexico,国家页,/compare/mexico/,已覆盖,MX,mexico,,否
best esim to use in ireland,国家·核心,25.7,4,6.5,0,1,"en-GB,en-US",does esim work in ireland,国家页,/compare/ireland/,已覆盖,IE,ireland,,否
buy esim for usa,国家·核心,25.7,14,11.0,2,9,"en-GB,en-US",does esim work in usa,国家页,/compare/united-states/,已覆盖,US,united-states,,否
buy esim online philippines,国家·核心,25.7,14,9.5,0,6,"en-GB,en-US",does esim work in philippines,国家页,/compare/philippines/,已覆盖,PH,philippines,,否
cheap esim for turkey,通用·价格交易,25.7,19,11.0,0,8,"en-GB,en-US",esim for turkey review,首页/枢纽,/,已覆盖,,,,否
cheapest esim singapore,国家·价格/交易,25.7,4,6.5,0,3,"en-GB,en-US",cheapest esim nz,国家页,/compare/singapore/,已覆盖,SG,singapore,,否
esim card for ireland,国家·核心,25.7,9,8.0,0,2,"en-GB,en-US",esim coverage in ireland,国家页,/compare/ireland/,已覆盖,IE,ireland,,否
esim card for italy travel,国家·核心,25.7,9,8.0,0,1,"en-GB,en-US",italy esim coverage map,国家页,/compare/italy/,已覆盖,IT,italy,,否
esim in india for iphone,国家·设备兼容,25.7,19,11.0,0,21,en-US,esim india for iphone,国家页,/compare/india/,已覆盖,IN,india,,否
italy esim with phone number,国家·规格/流量,25.7,9,8.0,0,1,"en-GB,en-US",is esim available in italy,国家页,/compare/italy/,已覆盖,IT,italy,,否
nz esim for tourists,国家·核心,25.7,4,8.0,2,3,"en-GB,en-US",nz esim,国家页,/compare/new-zealand/,已覆盖,NZ,new-zealand,,否
unlimited data plans esim,通用·规则/规格,25.7,19,11.0,0,20,en-US,unlimited data esim georgia,无限流量研究,/research/unlimited-esim/,已覆盖,,,,否
where to buy esim,通用·问题,25.7,9,8.0,0,9,en-US,is esim available in czechia,首页/枢纽,/,已覆盖,,,,否
do i need an esim for iceland,国家·核心,25.5,3,7.0,1,3,en-US,do i need an esim for ireland,国家页,/compare/iceland/,已覆盖,IS,iceland,,否
does esim work in egypt,国家·核心,25.5,3,7.0,1,4,en-US,does esim work in colombia,国家页,/compare/egypt/,已覆盖,EG,egypt,,是
esim for traveling to china,国家·核心,25.5,3,7.0,1,2,"en-GB,en-US",do i need an esim for china,国家页,/compare/china/,已覆盖,CN,china,,否
esim for travelling to usa,国家·核心,25.5,3,7.0,1,4,"en-GB,en-US",do i need an esim for usa,国家页,/compare/united-states/,已覆盖,US,united-states,,否
esim to use in canada,国家·核心,25.5,3,7.0,1,3,"en-GB,en-US",esim for canada review,国家页,/compare/canada/,已覆盖,CA,canada,,否
esim vs physical sim uk,国家·对比,25.5,3,7.0,1,3,en-US,esim uk vs sim,国家页,/compare/united-kingdom/,已覆盖,GB,united-kingdom,,否
esim with number uk,国家·核心,25.5,3,7.0,1,1,"en-GB,en-US",uk esim coverage map,国家页,/compare/united-kingdom/,已覆盖,GB,united-kingdom,,否
holafly esim andorra,品牌（全局）,25.5,3,7.0,1,3,en-GB,holafly esim canada,品牌 Hub,/esim-providers/holafly/,已覆盖,,,holafly,否
how to buy esim for thailand,国家·核心,25.5,3,7.0,1,2,"en-GB,en-US",do i need an esim for bangkok,国家页,/compare/thailand/,已覆盖,TH,thailand,,否
turkey e sim card,通用·其他,25.5,3,7.0,1,2,"en-GB,en-US",turkey esim card,形态对比指南,/guides/esim-vs-physical-sim/,已覆盖,,,,否
airalo esim sri lanka,品牌（全局）,25.3,2,6.0,0,3,"en-GB,en-US",airalo esim south africa,品牌 Hub,/esim-providers/airalo/,已覆盖,,,airalo,否
australia sim card from uk,区域,25.3,2,6.0,0,3,"en-GB,en-US",australia esim card,未建页型,（无区域页）,缺口,"AU,GB","australia,united-kingdom",,否
best esim card for korea,国家·核心,25.3,2,6.0,0,1,"en-GB,en-US",korea esim best,国家页,/compare/south-korea/,已覆盖,KR,south-korea,,否
best esim for montenegro,通用·其他,25.3,2,6.0,0,2,"en-GB,en-US",best esim for croatia,首页/枢纽,/,已覆盖,,,,是
best esim for spain and france,区域,25.3,2,6.0,0,1,"en-GB,en-US",best esim for spain,未建页型,（无区域页）,缺口,"FR,ES","france,spain",,否
best esim for thailand travel,国家·核心,25.3,7,7.5,0,4,"en-GB,en-US",best esim for thailand,国家页,/compare/thailand/,已覆盖,TH,thailand,,否
best esim in usa,国家·核心,25.3,2,6.0,0,1,"en-GB,en-US",esim for los angeles,国家页,/compare/united-states/,已覆盖,US,united-states,,否
beste esim costa rica,国家·核心,25.3,22,12.0,0,1,"en-GB,en-US",cheap esim costa rica,国家页,/compare/costa-rica/,已覆盖,CR,costa-rica,,否
egypt sim card airport,国家·落地渠道,25.3,2,6.0,0,1,"en-GB,en-US",egypt esim card,国家页,/compare/egypt/,已覆盖,EG,egypt,,否
esim canada ervaringen,国家·核心,25.3,2,6.0,0,2,"en-GB,en-US",esim canada,国家页,/compare/canada/,已覆盖,CA,canada,,否
esim card for india travel,国家·核心,25.3,2,6.0,0,1,"en-GB,en-US",india esim coverage map,国家页,/compare/india/,已覆盖,IN,india,,否
esim card for travel,通用·其他,25.3,2,6.0,0,1,"en-GB,en-US",cape town esim card,形态对比指南,/guides/esim-vs-physical-sim/,已覆盖,,,,否
esim cards croatia,国家·核心,25.3,2,6.0,0,1,"en-GB,en-US",croatia esim card,国家页,/compare/croatia/,已覆盖,HR,croatia,,否
esim compatible phones australia,国家·设备兼容,25.3,2,6.0,0,2,"en-GB,en-US",esim compatible phones,国家页,/compare/australia/,已覆盖,AU,australia,,否
esim data roaming japan,国家·核心,25.3,2,6.0,0,3,"en-GB,en-US",roami esim united arab emirates,国家页,/compare/japan/,已覆盖,JP,japan,,否
esim for central america,区域,25.3,7,7.5,0,5,"en-GB,en-US",colombia esim coverage map,区域指南,/guides/best-americas-esim/,已覆盖,,,,是
esim for freedom mobile,通用·其他,25.3,2,6.0,0,2,en-GB,esim for korea,首页/枢纽,/,已覆盖,,,,否
esim for india from canada,区域,25.3,2,6.0,0,1,"en-GB,en-US",esim for india and sri lanka,未建页型,（无区域页）,缺口,"CA,IN","canada,india",,否
esim for sri lanka,通用·其他,25.3,2,6.0,0,1,"en-GB,en-US",esim coverage in kenya,首页/枢纽,/,已覆盖,,,,否
esim malaysia maxis,国家·核心,25.3,2,6.0,0,2,"en-GB,en-US",esim malaysia,国家页,/compare/malaysia/,已覆盖,MY,malaysia,,否
esim para viajar a colombia,国家·核心,25.3,2,6.0,0,1,"en-GB,en-US",colombia esim coverage map,国家页,/compare/colombia/,已覆盖,CO,colombia,,否
esim personal,通用·其他,25.3,2,6.0,0,1,"en-GB,en-US",esim peru,首页/枢纽,/,已覆盖,,,,否
esim philippines tourist,国家·核心,25.3,2,6.0,0,1,"en-GB,en-US",esim philippines,国家页,/compare/philippines/,已覆盖,PH,philippines,,否
esim turkey travel plans,通用·其他,25.3,2,6.0,0,2,"en-GB,en-US",esim turkey,首页/枢纽,/,已覆盖,,,,否
esim usage guide,通用·其他,25.3,2,6.0,0,2,"en-GB,en-US",esim usa,首页/枢纽,/,已覆盖,,,,否
free government esim service,通用·其他,25.3,2,6.0,0,1,"en-GB,en-US",esim coverage in georgia,首页/枢纽,/,已覆盖,,,,否
holafly esim manual,品牌（全局）,25.3,2,6.0,0,2,en-US,holafly esim uk,品牌 Hub,/esim-providers/holafly/,已覆盖,,,holafly,否
how to enter an esim,通用·问题,25.3,12,9.0,0,8,"en-GB,en-US",do i need an esim for ksa,首页/枢纽,/,已覆盖,,,,否
iceland esim with phone number,国家·规格/流量,25.3,2,6.0,0,1,"en-GB,en-US",esim iceland,国家页,/compare/iceland/,已覆盖,IS,iceland,,否
india esim with phone number,国家·规格/流量,25.3,2,6.0,0,1,"en-GB,en-US",india esim coverage map,国家页,/compare/india/,已覆盖,IN,india,,否
jetpac esim card,品牌（全局）,25.3,2,6.0,0,1,"en-GB,en-US",jetpac esim,品牌 Hub,/esim-providers/jetpac/,已覆盖,,,jetpac,否
jetpac esim japan review,品牌×国家,25.3,7,7.5,0,9,"en-GB,en-US",jetpac esim saudi arabia,品牌×国家子页,/compare/japan/jetpac/,已覆盖,JP,japan,jetpac,否
korea sim card for tourist,国家·核心,25.3,2,7.5,2,2,"en-GB,en-US",korea esim card,国家页,/compare/south-korea/,已覆盖,KR,south-korea,,否
london sim card for tourist,城市,25.3,2,6.0,0,2,en-US,uk sim card for tourists,未建页型（禁区）,（无城市页，建议并入国家页）,缺口,,,,否
malaysia sim card price for tourist,国家·价格/交易,25.3,2,6.0,0,1,"en-GB,en-US",malaysia sim card for tourists,国家页,/compare/malaysia/,已覆盖,MY,malaysia,,否
morocco sim card uk,区域,25.3,2,6.0,0,1,"en-GB,en-US",morocco sim card for tourists,未建页型,（无区域页）,缺口,"MA,GB","morocco,united-kingdom",,否
netherlands sim only deals,国家·价格/交易,25.3,2,6.0,0,1,"en-GB,en-US",netherlands esim,国家页,/compare/netherlands/,已覆盖,NL,netherlands,,否
nomad esim in united states,品牌（全局）,25.3,2,6.0,0,2,"en-GB,en-US",nomad esim india,品牌 Hub,/esim-providers/nomad/,已覆盖,,,nomad,否
ooredoo qatar esim,国家·核心,25.3,2,6.0,0,1,"en-GB,en-US",qatar esim,国家页,/compare/qatar/,已覆盖,QA,qatar,,否
saily esim kenya,品牌×国家,25.3,2,6.0,0,2,"en-GB,en-US",esim kenya,品牌×国家子页,/compare/kenya/saily/,已覆盖,KE,kenya,saily,否
sim card for china travel,国家·核心,25.3,2,6.0,0,2,"en-GB,en-US",czechia sim card for tourists,国家页,/compare/china/,已覆盖,CN,china,,否
sim card in turkey for tourists,通用·其他,25.3,2,6.0,0,2,"en-GB,en-US",kenya sim card for tourists,形态对比指南,/guides/esim-vs-physical-sim/,已覆盖,,,,否
which is the best esim for hong kong,国家·核心,25.3,2,6.0,0,1,"en-GB,en-US",best esim for hong kong,国家页,/compare/hong-kong/,已覆盖,HK,hong-kong,,否
best sim card for spain travel,国家·核心,25.2,1,6.5,1,1,"en-GB,en-US",spain sim card for tourists,国家页,/compare/spain/,已覆盖,ES,spain,,否
best sim card in india for tourist,国家·核心,25.2,1,6.5,1,1,"en-GB,en-US",india sim card for tourists,国家页,/compare/india/,已覆盖,IN,india,,否
colombia prepaid sim card,国家·核心,25.2,1,6.5,1,1,"en-GB,en-US",colombia sim card for tourists,国家页,/compare/colombia/,已覆盖,CO,colombia,,否
esim for vietnam reddit,国家·核心,25.2,11,9.5,1,3,"en-GB,en-US",esim for viet nam review,国家页,/compare/vietnam/,已覆盖,VN,vietnam,,否
hong kong travel sim card,国家·核心,25.2,1,6.5,1,1,"en-GB,en-US",hong kong sim card for tourists,国家页,/compare/hong-kong/,已覆盖,HK,hong-kong,,否
sim card for kenya,国家·核心,25.2,1,6.5,1,1,"en-GB,en-US",kenya sim card for tourists,国家页,/compare/kenya/,已覆盖,KE,kenya,,否
sim card for switzerland,国家·核心,25.2,1,6.5,1,1,"en-GB,en-US",switzerland sim card for tourists,国家页,/compare/switzerland/,已覆盖,CH,switzerland,,否
sim card for turkey travel,通用·其他,25.2,1,6.5,1,1,"en-GB,en-US",turkiye sim card for tourists,形态对比指南,/guides/esim-vs-physical-sim/,已覆盖,,,,否
buy esim online dubai,城市,25.0,25,14.5,0,6,"en-GB,en-US",cheap esim saudi arabia,未建页型（禁区）,（无城市页，建议并入国家页）,缺口,,,,否
china mobile hong kong esim,区域,25.0,5,7.0,0,3,"en-GB,en-US",esim for china and hong kong,未建页型,（无区域页）,缺口,"HK,CN","hong-kong,china",,否
esim uk how does it work,国家·核心,25.0,5,8.5,2,4,"en-GB,en-US",does esim work in ireland,国家页,/compare/united-kingdom/,已覆盖,GB,united-kingdom,,否
how to get esim in pakistan,通用·问题,25.0,5,7.0,0,3,"en-GB,en-US",how to get an esim for qatar,首页/枢纽,/,已覆盖,,,,否
saily esim new zealand,品牌×国家,25.0,5,8.5,2,7,"en-GB,en-US",saily esim south africa,品牌×国家子页,/compare/new-zealand/saily/,已覆盖,NZ,new-zealand,saily,否
sim card usa tourist,国家·核心,25.0,5,7.0,0,5,en-GB,mexico sim card for tourists,国家页,/compare/united-states/,已覆盖,US,united-states,,否
esim data for china,国家·核心,24.8,4,7.5,1,3,"en-GB,en-US",china esim coverage map,国家页,/compare/china/,已覆盖,CN,china,,否
sim card in dubai for tourist,城市,24.8,4,7.5,1,4,en-US,united arab emirates sim card for tourists,未建页型（禁区）,（无城市页，建议并入国家页）,缺口,,,,否
where to get esim,通用·问题,24.8,4,7.5,1,4,en-US,is esim available in georgia,首页/枢纽,/,已覆盖,,,,否
best esim for thailand from india,区域,24.7,8,8.0,0,5,"en-GB,en-US",best esim for thailand,未建页型,（无区域页）,缺口,"TH,IN","thailand,india",,否
best esim plan for usa,国家·规格/流量,24.7,3,6.5,0,3,"en-GB,en-US",best esim for georgia 2026,国家页,/compare/united-states/,已覆盖,US,united-states,,否
esim for turkey and greece,国家·核心,24.7,18,11.0,0,4,"en-GB,en-US",esim for turkiye,国家页,/compare/greece/,已覆盖,GR,greece,,否
swiss esim with phone number,通用·规则/规格,24.7,8,8.0,0,1,"en-GB,en-US",is esim available in switzerland,首页/枢纽,/,已覆盖,,,,否
travel esim for south korea,国家·核心,24.7,18,11.0,0,4,"en-GB,en-US",does esim work in south korea,国家页,/compare/south-korea/,已覆盖,KR,south-korea,,否
airalo esim with phone number,品牌（全局）,24.5,7,8.5,1,9,"en-GB,en-US",airalo esim saudi arabia,品牌 Hub,/esim-providers/airalo/,已覆盖,,,airalo,否
belgian sim card,通用·其他,24.5,2,7.0,1,1,en-GB,belgium esim card,形态对比指南,/guides/esim-vs-physical-sim/,已覆盖,,,,否
belgium sim card unlimited data,国家·规格/流量,24.5,2,7.0,1,1,"en-GB,en-US",belgium esim card,国家页·无限流量区,/compare/belgium/#plans,已覆盖,BE,belgium,,否
canada esim providers,国家·核心,24.5,2,7.0,1,1,"en-GB,en-US",canada esim price,国家页,/compare/canada/,已覆盖,CA,canada,,否
esim for canada reddit,国家·核心,24.5,2,7.0,1,1,"en-GB,en-US",esim for canada review,国家页,/compare/canada/,已覆盖,CA,canada,,否
esim for caribbean cruise,区域,24.5,2,7.0,1,0,"en-GB,en-US",esim for cairo,区域指南,/guides/best-americas-esim/,已覆盖,,,,否
esim for india use,国家·核心,24.5,2,7.0,1,1,"en-GB,en-US",india esim coverage map,国家页,/compare/india/,已覆盖,IN,india,,否
esim for iphone 11 canada,国家·设备兼容,24.5,2,7.0,1,1,en-US,esim canada for iphone,国家页,/compare/canada/,已覆盖,CA,canada,,否
esim for singapore tourist,国家·核心,24.5,2,7.0,1,1,"en-GB,en-US",esim for singapore city,国家页,/compare/singapore/,已覆盖,SG,singapore,,否
esim mexico plans,国家·核心,24.5,2,7.0,1,1,"en-GB,en-US",mexico esim plans,国家页,/compare/mexico/,已覆盖,MX,mexico,,否
europe sim card for travellers,区域,24.5,2,7.0,1,2,"en-GB,en-US",netherlands sim card for tourists,区域指南,/guides/best-europe-esim/,已覆盖,,,,否
holafly esim japan,品牌×国家,24.5,2,7.0,1,1,"en-GB,en-US",holafly esim spain,品牌×国家子页,/compare/japan/holafly/,已覆盖,JP,japan,holafly,否
italy esim price,国家·价格/交易,24.5,2,7.0,1,1,"en-GB,en-US",esim italy price,国家页,/compare/italy/,已覆盖,IT,italy,,是
new zealand and australia esim,区域,24.5,2,7.0,1,1,"en-GB,en-US",nz esim coverage map,未建页型,（无区域页）,缺口,"NZ,AU","new-zealand,australia",,否
saily esim coupon code,品牌（全局）,24.5,2,7.0,1,1,en-US,saily esim macao,品牌 Hub,/esim-providers/saily/,已覆盖,,,saily,否
saily esim japan,品牌×国家,24.5,2,7.0,1,1,"en-GB,en-US",saily esim spain,品牌×国家子页,/compare/japan/saily/,已覆盖,JP,japan,saily,否
sim card for traveling abroad to spain,国家·核心,24.5,2,7.0,1,2,"en-GB,en-US",spain sim card for tourists,国家页,/compare/spain/,已覆盖,ES,spain,,否
thailand esim providers,国家·核心,24.5,2,7.0,1,1,"en-GB,en-US",thailand esim price,国家页,/compare/thailand/,已覆盖,TH,thailand,,否
ubigi esim japan promo code,品牌×国家,24.5,7,10.0,3,7,"en-GB,en-US",ubigi esim japan,品牌×国家子页,/compare/japan/ubigi/,已覆盖,JP,japan,ubigi,否
usa esim travel,国家·核心,24.5,2,7.0,1,2,"en-GB,en-US",usa esim best,国家页,/compare/united-states/,已覆盖,US,united-states,,否
airalo esim china apn,品牌×国家,24.3,1,6.0,0,1,en-US,airalo esim china,品牌×国家子页,/compare/china/airalo/,已覆盖,CN,china,airalo,否
airalo esim coupon,品牌（全局）,24.3,1,6.0,0,1,en-US,airalo esim macao,品牌 Hub,/esim-providers/airalo/,已覆盖,,,airalo,否
airalo esim europe plan,品牌（全局）,24.3,1,6.0,0,0,"en-GB,en-US",airalo esim plan,品牌 Hub,/esim-providers/airalo/,已覆盖,,,airalo,否
airalo esim for kenya,品牌×国家,24.3,1,6.0,0,1,"en-GB,en-US",esim for kenya,品牌×国家子页,/compare/kenya/airalo/,已覆盖,KE,kenya,airalo,否
airalo esim marruecos,品牌（全局）,24.3,1,6.0,0,1,en-US,airalo esim mexico,品牌 Hub,/esim-providers/airalo/,已覆盖,,,airalo,否
airtel esim plans in india,国家·规格/流量,24.3,1,6.0,0,1,en-US,india esim plans,国家页,/compare/india/,已覆盖,IN,india,,否
bali esim reddit,城市,24.3,1,6.0,0,1,"en-GB,en-US",bali esim,未建页型（禁区）,（无城市页，建议并入国家页）,缺口,,,,否
bali sim card prepaid,城市,24.3,1,6.0,0,1,"en-GB,en-US",bali esim card,未建页型（禁区）,（无城市页，建议并入国家页）,缺口,,,,否
best china sim card for tourist,国家·核心,24.3,1,6.0,0,1,"en-GB,en-US",china sim card for tourists,国家页,/compare/china/,已覆盖,CN,china,,否
best esim app for europe,区域,24.3,6,7.5,0,7,en-US,esim austria for iphone,区域指南,/guides/best-europe-esim/,已覆盖,,,,否
best esim egypt,国家·核心,24.3,1,6.0,0,1,"en-GB,en-US",esim egypt,国家页,/compare/egypt/,已覆盖,EG,egypt,,否
best esim for bali with number,城市,24.3,6,7.5,0,1,"en-GB,en-US",best esim for bali 2026,未建页型（禁区）,（无城市页，建议并入国家页）,缺口,,,,否
best esim for europe 2025,区域,24.3,1,6.0,0,1,en-US,best esim for morocco 2026,区域指南,/guides/best-europe-esim/,已覆盖,,,,否
best esim for japan holiday,国家·核心,24.3,1,6.0,0,1,"en-GB,en-US",best esim for japan,国家页,/compare/japan/,已覆盖,JP,japan,,否
best esim for japan review,国家·核心,24.3,1,6.0,0,1,"en-GB,en-US",esim for japan review,国家页,/compare/japan/,已覆盖,JP,japan,,否
best esim for sardinia,通用·其他,24.3,1,6.0,0,1,en-US,best esim for ksa,首页/枢纽,/,已覆盖,,,,否
best esim for uk from canada,区域,24.3,1,6.0,0,1,"en-GB,en-US",best esim for uk,未建页型,（无区域页）,缺口,"CA,GB","canada,united-kingdom",,否
best esim for use in tunisia,通用·其他,24.3,1,6.0,0,1,"en-GB,en-US",best esim for uae,首页/枢纽,/,已覆盖,,,,否
best esim plans uk,国家·规格/流量,24.3,1,6.0,0,1,en-US,uk esim plans,国家页,/compare/united-kingdom/,已覆盖,GB,united-kingdom,,否
best japan esim card,国家·核心,24.3,1,6.0,0,1,en-US,japan esim card,国家页,/compare/japan/,已覆盖,JP,japan,,否
best prepaid phone plans canada with esim,国家·核心,24.3,1,6.0,0,1,en-US,canada esim plans,国家页,/compare/canada/,已覆盖,CA,canada,,否
best sim card in thailand for tourist,国家·核心,24.3,1,6.0,0,1,"en-GB,en-US",thailand sim card for tourists,国家页,/compare/thailand/,已覆盖,TH,thailand,,否
best value esim for uk,国家·核心,24.3,1,6.0,0,1,en-US,esim for uk review,国家页,/compare/united-kingdom/,已覆盖,GB,united-kingdom,,否
canada esim card,国家·核心,24.3,1,6.0,0,1,"en-GB,en-US",canada esim,国家页,/compare/canada/,已覆盖,CA,canada,,否
cheap prepaid esim australia,国家·价格/交易,24.3,1,6.0,0,2,en-US,cheap esim australia,国家页,/compare/australia/,已覆盖,AU,australia,,否
china esim reviews,国家·核心,24.3,1,6.0,0,1,"en-GB,en-US",esim for china review,国家页,/compare/china/,已覆盖,CN,china,,否
china esim sms,国家·规格/流量,24.3,1,6.0,0,1,en-US,china esim best,国家页,/compare/china/,已覆盖,CN,china,,否
claro esim for peru,国家·核心,24.3,1,6.0,0,1,"en-GB,en-US",esim for peru,国家页,/compare/peru/,已覆盖,PE,peru,,否
como descargar la esim iphone,通用·设备兼容,24.3,1,6.0,0,1,en-US,esim colombia for iphone,兼容指南,/guides/esim-compatibility-check/,已覆盖,,,,否
does iphone 14 have esim canada,国家·设备兼容,24.3,1,6.0,0,1,en-US,esim canada for iphone,国家页,/compare/canada/,已覆盖,CA,canada,,否
dubai esim data 2 weeks,城市,24.3,1,6.0,0,1,"en-GB,en-US",dubai esim,未建页型（禁区）,（无城市页，建议并入国家页）,缺口,,,,否
e sim mi fiziksel sim mi,通用·其他,24.3,1,6.0,0,0,en-GB,esim miami,首页/枢纽,/,已覆盖,,,,否
esim argentina compatible,国家·设备兼容,24.3,1,6.0,0,1,"en-GB,en-US",esim argentina,国家页,/compare/argentina/,已覆盖,AR,argentina,,否
esim bali indonesia klook,国家·落地渠道,24.3,1,6.0,0,1,"en-GB,en-US",esim bali,国家页,/compare/indonesia/,已覆盖,ID,indonesia,,否
esim can make phone call,通用·规则/规格,24.3,1,6.0,0,1,en-US,esim cancun,首页/枢纽,/,已覆盖,,,,否
esim card for japan from australia,区域,24.3,1,6.0,0,1,en-GB,japan esim card,未建页型,（无区域页）,缺口,"AU,JP","australia,japan",,否
esim card for turkey,通用·其他,24.3,1,6.0,0,1,en-GB,turkey esim card,形态对比指南,/guides/esim-vs-physical-sim/,已覆盖,,,,否
esim card france,国家·核心,24.3,1,6.0,0,1,en-US,france esim card,国家页,/compare/france/,已覆盖,FR,france,,否
esim card hawaii,城市,24.3,1,6.0,0,0,"en-GB,en-US",esim hawaii,未建页型（禁区）,（无城市页，建议并入国家页）,缺口,,,,否
esim colombia movistar,国家·核心,24.3,1,6.0,0,1,"en-GB,en-US",esim colombia,国家页,/compare/colombia/,已覆盖,CO,colombia,,否
esim data plan for laptop,通用·规则/规格,24.3,1,6.0,0,0,"en-GB,en-US",esim data plan,首页/枢纽,/,已覆盖,,,,否
esim deals for data,通用·价格交易,24.3,1,6.0,0,0,"en-GB,en-US",esim deals,折扣页,/esim-deals/,已覆盖,,,,否
esim dubai resident,城市,24.3,1,6.0,0,1,"en-GB,en-US",esim dubai,未建页型（禁区）,（无城市页，建议并入国家页）,缺口,,,,否
esim etisalat uae,国家·核心,24.3,1,6.0,0,1,en-US,uae esim,国家页,/compare/united-arab-emirates/,已覆盖,AE,united-arab-emirates,,否
esim for australia advice,国家·核心,24.3,6,9.0,2,3,"en-GB,en-US",do i need an esim for australia,国家页,/compare/australia/,已覆盖,AU,australia,,否
esim for bali aud,城市,24.3,1,6.0,0,1,"en-GB,en-US",esim for bali,未建页型（禁区）,（无城市页，建议并入国家页）,缺口,,,,否
esim for business uk,国家·核心,24.3,1,6.0,0,1,en-GB,does esim work in uk,国家页,/compare/united-kingdom/,已覆盖,GB,united-kingdom,,否
esim for canada from australia,区域,24.3,1,6.0,0,1,"en-GB,en-US",esim for canada,未建页型,（无区域页）,缺口,"AU,CA","australia,canada",,否
esim for cruise to bahamas,通用·其他,24.3,1,6.0,0,0,"en-GB,en-US",esim for cruise,首页/枢纽,/,已覆盖,,,,否
esim for europe calls and data,区域,24.3,1,6.0,0,1,"en-GB,en-US",esim for europe,区域指南,/guides/best-europe-esim/,已覆盖,,,,否
esim for iphone 13,通用·设备兼容,24.3,1,6.0,0,0,"en-GB,en-US",esim for iphone,兼容指南,/guides/esim-compatibility-check/,已覆盖,,,,否
esim for italy airalo,品牌×国家,24.3,1,6.0,0,1,"en-GB,en-US",esim for italy,品牌×国家子页,/compare/italy/airalo/,已覆盖,IT,italy,airalo,否
esim for monaco,通用·其他,24.3,1,6.0,0,1,en-GB,esim for manila,首页/枢纽,/,已覆盖,,,,否
esim for sale,通用·价格交易,24.3,1,6.0,0,1,en-US,esim for ksa,首页/枢纽,/,已覆盖,,,,否
esim for spain and italy,区域,24.3,1,6.0,0,1,"en-GB,en-US",esim for spain,未建页型,（无区域页）,缺口,"IT,ES","italy,spain",,否
esim for tourist in singapore,国家·核心,24.3,1,6.0,0,0,en-US,esim for tokyo,国家页,/compare/singapore/,已覆盖,SG,singapore,,否
esim for travel to usa,国家·核心,24.3,1,6.0,0,2,"en-GB,en-US",do i need an esim for usa,国家页,/compare/united-states/,已覆盖,US,united-states,,否
esim for usa and caribbean,国家·核心,24.3,6,9.0,2,5,"en-GB,en-US",esim for costa rica and panama,国家页,/compare/united-states/,已覆盖,US,united-states,,否
esim france free,国家·核心,24.3,1,6.0,0,1,"en-GB,en-US",esim france,国家页,/compare/france/,已覆盖,FR,france,,否
esim hotspot not working,通用·规则/规格,24.3,1,6.0,0,0,"en-GB,en-US",esim hot spot,首页/枢纽,/,已覆盖,,,,是
esim indonesia klook,国家·落地渠道,24.3,1,6.0,0,1,"en-GB,en-US",esim indonesia,国家页,/compare/indonesia/,已覆盖,ID,indonesia,,否
esim italy reddit,国家·核心,24.3,1,6.0,0,1,"en-GB,en-US",esim italy,国家页,/compare/italy/,已覆盖,IT,italy,,否
esim japan ubigi,品牌×国家,24.3,1,6.0,0,1,"en-GB,en-US",esim japan,品牌×国家子页,/compare/japan/ubigi/,已覆盖,JP,japan,ubigi,否
esim key advantages,通用·其他,24.3,1,6.0,0,1,en-GB,esim kenya,首页/枢纽,/,已覆盖,,,,否
esim korea data plans,国家·核心,24.3,1,6.0,0,1,"en-GB,en-US",esim korea,国家页,/compare/south-korea/,已覆盖,KR,south-korea,,否
esim linz news,通用·其他,24.3,1,6.0,0,0,en-GB,esim lisbon,首页/枢纽,/,已覆盖,,,,否
esim long expiry,通用·其他,24.3,1,6.0,0,0,en-GB,esim london,首页/枢纽,/,已覆盖,,,,否
esim meaning,通用·其他,24.3,1,6.0,0,0,en-US,esim,首页/枢纽,/,已覆盖,,,,否
esim mexico data packages,国家·核心,24.3,1,6.0,0,1,"en-GB,en-US",esim mexico,国家页,/compare/mexico/,已覆盖,MX,mexico,,否
esim morocco orange,国家·核心,24.3,1,6.0,0,1,"en-GB,en-US",esim morocco,国家页,/compare/morocco/,已覆盖,MA,morocco,,否
esim new zealand data,国家·核心,24.3,1,6.0,0,1,"en-GB,en-US",esim new zealand,国家页,/compare/new-zealand/,已覆盖,NZ,new-zealand,,否
esim nz providers,国家·核心,24.3,1,6.0,0,1,"en-GB,en-US",esim nz,国家页,/compare/new-zealand/,已覆盖,NZ,new-zealand,,否
esim only iphone uk,国家·设备兼容,24.3,1,6.0,0,1,en-US,esim uk for iphone,国家页,/compare/united-kingdom/,已覆盖,GB,united-kingdom,,否
esim only plans australia,国家·设备兼容,24.3,1,6.0,0,2,en-US,australia esim plans,国家页,/compare/australia/,已覆盖,AU,australia,,否
esim ou carte sim,通用·其他,24.3,1,6.0,0,1,en-US,esim france vs sim,首页/枢纽,/,已覆盖,,,,否
esim pakistan,通用·其他,24.3,1,6.0,0,0,en-GB,esim paris,首页/枢纽,/,已覆盖,,,,是
esim philippines reddit,国家·核心,24.3,1,6.0,0,1,"en-GB,en-US",esim philippines,国家页,/compare/philippines/,已覆盖,PH,philippines,,否
esim plans uk,国家·规格/流量,24.3,1,6.0,0,0,"en-GB,en-US",esim plans,国家页,/compare/united-kingdom/,已覆盖,GB,united-kingdom,,否
esim pour le costa rica,国家·核心,24.3,21,12.0,0,1,"en-GB,en-US",alosim esim costa rica,国家页,/compare/costa-rica/,已覆盖,CR,costa-rica,,否
esim price in pakistan,通用·价格交易,24.3,6,9.0,2,4,"en-GB,en-US",saudi arabia esim price,首页/枢纽,/,已覆盖,,,,否
esim reviews japan,国家·核心,24.3,1,6.0,0,1,en-US,esim for japan review,国家页,/compare/japan/,已覆盖,JP,japan,,否
esim romania online,通用·其他,24.3,1,6.0,0,0,"en-GB,en-US",esim rome,首页/枢纽,/,已覆盖,,,,否
esim singapore prepaid,国家·核心,24.3,1,6.0,0,1,"en-GB,en-US",esim singapore,国家页,/compare/singapore/,已覆盖,SG,singapore,,否
esim spain cost,国家·价格/交易,24.3,1,6.0,0,1,"en-GB,en-US",esim spain,国家页,/compare/spain/,已覆盖,ES,spain,,否
esim taiwan reddit,国家·核心,24.3,1,6.0,0,1,"en-GB,en-US",esim taiwan,国家页,/compare/taiwan/,已覆盖,TW,taiwan,,否
esim uk deals,国家·价格/交易,24.3,1,6.0,0,1,"en-GB,en-US",esim uk,国家页,/compare/united-kingdom/,已覆盖,GB,united-kingdom,,否
esim uk plans,国家·核心,24.3,1,6.0,0,1,"en-GB,en-US",esim uk,国家页,/compare/united-kingdom/,已覆盖,GB,united-kingdom,,否
esim vs sim card benefits,通用·对比,24.3,1,6.0,0,0,"en-GB,en-US",esim vs sim,形态对比指南,/guides/esim-vs-physical-sim/,已覆盖,,,,否
esim with phone number japan,国家·规格/流量,24.3,1,6.0,0,0,"en-GB,en-US",esim with phone number,国家页,/compare/japan/,已覆盖,JP,japan,,否
esim with text,通用·其他,24.3,1,6.0,0,0,en-US,is esim worth it,首页/枢纽,/,已覆盖,,,,否
fiji vodafone esim,国家·核心,24.3,1,6.0,0,1,en-US,esim fiji,国家页,/compare/fiji/,已覆盖,FJ,fiji,,否
france esim deals,国家·价格/交易,24.3,1,6.0,0,1,"en-GB,en-US",france esim,国家页,/compare/france/,已覆盖,FR,france,,否
france orange sim card,国家·核心,24.3,1,6.0,0,1,en-US,france sim card for tourists,国家页,/compare/france/,已覆盖,FR,france,,否
georgia and armenia esim,国家·核心,24.3,1,6.0,0,1,en-US,esim georgia,国家页,/compare/georgia/,已覆盖,GE,georgia,,否
german sim card unlimited data,通用·规则/规格,24.3,1,6.0,0,1,en-GB,germany esim card,形态对比指南,/guides/esim-vs-physical-sim/,已覆盖,,,,否
holafly esim brazil,品牌×国家,24.3,1,6.0,0,1,en-US,esim brazil,品牌×国家子页,/compare/brazil/holafly/,已覆盖,BR,brazil,holafly,否
holafly esim come attivare,品牌（全局）,24.3,1,6.0,0,1,en-US,holafly esim macao,品牌 Hub,/esim-providers/holafly/,已覆盖,,,holafly,否
holafly esim europe reviews,品牌（全局）,24.3,1,6.0,0,1,en-US,holafly esim peru,品牌 Hub,/esim-providers/holafly/,已覆盖,,,holafly,否
holafly esim kenya,品牌×国家,24.3,1,6.0,0,1,en-GB,holafly esim uk,品牌×国家子页,/compare/kenya/holafly/,已覆盖,KE,kenya,holafly,否
hong kong esim with number,国家·核心,24.3,1,6.0,0,1,"en-GB,en-US",hong kong esim,国家页,/compare/hong-kong/,已覆盖,HK,hong-kong,,否
hong kong sim card reddit,国家·核心,24.3,1,6.0,0,1,"en-GB,en-US",hong kong esim card,国家页,/compare/hong-kong/,已覆盖,HK,hong-kong,,否
how to activate esim on ee app,通用·问题,24.3,1,6.0,0,0,en-GB,how to activate esim,安装指南,/guides/how-to-install-esim/,已覆盖,,,,否
how to buy an esim online,通用·问题,24.3,1,6.0,0,1,en-US,how to get an esim for brazil,首页/枢纽,/,已覆盖,,,,否
how to get an esim card,通用·问题,24.3,1,6.0,0,1,en-US,how to get an esim for fiji,形态对比指南,/guides/esim-vs-physical-sim/,已覆盖,,,,否
how to get an esim for att,通用·问题,24.3,1,6.0,0,2,en-US,how to get an esim for usa,首页/枢纽,/,已覆盖,,,,否
how to get an esim for iphone uk,国家·设备兼容,24.3,1,6.0,0,1,en-US,how to get an esim for uk,国家页,/compare/united-kingdom/,已覆盖,GB,united-kingdom,,否
how to install esim on my o2 app,通用·问题,24.3,1,6.0,0,0,en-US,how to install esim,安装指南,/guides/how-to-install-esim/,已覆盖,,,,否
how to install nomad esim,品牌（全局）,24.3,6,7.5,0,8,"en-GB,en-US",nomad esim saudi arabia,品牌 Hub,/esim-providers/nomad/,已覆盖,,,nomad,否
how to rica a sim card,通用·问题,24.3,1,6.0,0,1,en-US,costa rica sim card for tourists,形态对比指南,/guides/esim-vs-physical-sim/,已覆盖,,,,否
indian sim card company list,通用·其他,24.3,1,6.0,0,1,en-GB,india esim card,形态对比指南,/guides/esim-vs-physical-sim/,已覆盖,,,,否
iphone xr esim compatible australia,国家·设备兼容,24.3,1,6.0,0,2,en-US,esim australia for iphone,国家页,/compare/australia/,已覆盖,AU,australia,,否
is airalo a good esim,品牌（全局）,24.3,1,6.0,0,0,"en-GB,en-US",is airalo good,品牌 Hub,/esim-providers/airalo/,已覆盖,,,airalo,否
italian esim card for iphone,通用·设备兼容,24.3,1,6.0,0,1,en-GB,italy esim card,兼容指南,/guides/esim-compatibility-check/,已覆盖,,,,否
japan e sim card for tourist,国家·核心,24.3,1,6.0,0,1,"en-GB,en-US",japan sim card for tourists,国家页,/compare/japan/,已覆盖,JP,japan,,否
japan esim ubigi,品牌×国家,24.3,1,6.0,0,1,"en-GB,en-US",japan esim,品牌×国家子页,/compare/japan/ubigi/,已覆盖,JP,japan,ubigi,否
japan esim with phone number,国家·规格/流量,24.3,1,6.0,0,1,"en-GB,en-US",japan esim,国家页,/compare/japan/,已覆盖,JP,japan,,否
jetpac esim trustpilot,品牌（全局）,24.3,1,6.0,0,1,en-US,jetpac esim uk,品牌 Hub,/esim-providers/jetpac/,已覆盖,,,jetpac,否
jetpac global esim,品牌（全局）,24.3,1,6.0,0,0,en-US,is jetpac good,品牌 Hub,/esim-providers/jetpac/,已覆盖,,,jetpac,否
klook esim discount code,通用·价格交易,24.3,1,6.0,0,0,en-US,esim discount code,折扣页,/esim-deals/,已覆盖,,,,否
lebara esim promo code,通用·价格交易,24.3,1,6.0,0,0,en-GB,esim promo code,折扣页,/esim-deals/,已覆盖,,,,否
liberty costa rica esim,国家·核心,24.3,1,6.0,0,1,"en-GB,en-US",costa rica esim,国家页,/compare/costa-rica/,已覆盖,CR,costa-rica,,否
lycamobile ireland esim,国家·核心,24.3,1,6.0,0,1,en-GB,ireland esim,国家页,/compare/ireland/,已覆盖,IE,ireland,,否
malaysia esim klook,国家·落地渠道,24.3,1,6.0,0,1,"en-GB,en-US",malaysia esim,国家页,/compare/malaysia/,已覆盖,MY,malaysia,,否
maroc telecom sim card,通用·其他,24.3,1,6.0,0,1,en-US,morocco sim card for tourists,形态对比指南,/guides/esim-vs-physical-sim/,已覆盖,,,,否
nomad esim como funciona,品牌（全局）,24.3,1,6.0,0,1,en-US,nomad esim macao,品牌 Hub,/esim-providers/nomad/,已覆盖,,,nomad,否
nomad esim einrichten,品牌（全局）,24.3,1,6.0,0,1,en-US,nomad esim colombia,品牌 Hub,/esim-providers/nomad/,已覆盖,,,nomad,否
nomad esim korea,品牌×国家,24.3,1,6.0,0,1,"en-GB,en-US",nomad esim uk,品牌×国家子页,/compare/south-korea/nomad/,已覆盖,KR,south-korea,nomad,否
nomad esim promotion code,品牌（全局）,24.3,1,6.0,0,1,en-US,nomad esim peru,品牌 Hub,/esim-providers/nomad/,已覆盖,,,nomad,否
nomad indonesia esim,品牌×国家,24.3,1,6.0,0,1,en-GB,indonesia esim,品牌×国家子页,/compare/indonesia/nomad/,已覆盖,ID,indonesia,nomad,否
online sim card germany,国家·核心,24.3,1,6.0,0,1,"en-GB,en-US",germany sim card for tourists,国家页,/compare/germany/,已覆盖,DE,germany,,否
orange esim netherlands,国家·核心,24.3,1,6.0,0,1,en-US,esim netherlands,国家页,/compare/netherlands/,已覆盖,NL,netherlands,,否
orange travel esim top up,通用·规则/规格,24.3,1,6.0,0,0,"en-GB,en-US",esim top up,首页/枢纽,/,已覆盖,,,,否
pelephone israel esim,国家·核心,24.3,1,6.0,0,1,"en-GB,en-US",israel esim,国家页,/compare/israel/,已覆盖,IL,israel,,否
peru sim card for travel,国家·核心,24.3,1,6.0,0,1,"en-GB,en-US",peru esim card,国家页,/compare/peru/,已覆盖,PE,peru,,否
prepaid esim belgium,国家·核心,24.3,1,6.0,0,1,"en-GB,en-US",esim belgium,国家页,/compare/belgium/,已覆盖,BE,belgium,,否
prepaid sim card in usa for tourist options,国家·核心,24.3,1,6.0,0,2,"en-GB,en-US",usa sim card for tourists,国家页,/compare/united-states/,已覆盖,US,united-states,,否
prepaid sim card in usa for tourist plans,国家·核心,24.3,1,6.0,0,2,en-US,usa sim card for tourists,国家页,/compare/united-states/,已覆盖,US,united-states,,否
prepaid sim card netherlands,国家·核心,24.3,1,6.0,0,1,en-US,netherlands sim card for tourists,国家页,/compare/netherlands/,已覆盖,NL,netherlands,,否
prepaid sim card portugal,国家·核心,24.3,1,6.0,0,1,"en-GB,en-US",portugal sim card for tourists,国家页,/compare/portugal/,已覆盖,PT,portugal,,否
s20 fe esim compatible,通用·设备兼容,24.3,1,6.0,0,1,en-GB,best esim for fiji 2026,兼容指南,/guides/esim-compatibility-check/,已覆盖,,,,否
s20 fe support esim,通用·其他,24.3,1,6.0,0,1,en-US,cape town esim 2026,首页/枢纽,/,已覆盖,,,,否
saily esim contact,品牌（全局）,24.3,1,6.0,0,1,en-US,saily esim macao,品牌 Hub,/esim-providers/saily/,已覆盖,,,saily,否
saily esim korea,品牌×国家,24.3,1,6.0,0,1,en-GB,saily esim uk,品牌×国家子页,/compare/south-korea/saily/,已覆盖,KR,south-korea,saily,否
sim a esim tigo colombia,国家·核心,24.3,1,6.0,0,1,en-US,esim colombia vs sim,国家页,/compare/colombia/,已覆盖,CO,colombia,,否
sim card for dubai,城市,24.3,1,6.0,0,1,en-GB,united arab emirates sim card for tourists,未建页型（禁区）,（无城市页，建议并入国家页）,缺口,,,,否
sim card for india,国家·核心,24.3,1,6.0,0,1,"en-GB,en-US",india sim card for tourists,国家页,/compare/india/,已覆盖,IN,india,,否
sim in the philippines,国家·核心,24.3,1,6.0,0,1,"en-GB,en-US",philippines sim card for tourists,国家页,/compare/philippines/,已覆盖,PH,philippines,,否
spain esim for iphone,国家·设备兼容,24.3,1,6.0,0,1,"en-GB,en-US",spain esim,国家页,/compare/spain/,已覆盖,ES,spain,,是
stc ksa esim,国家·落地渠道,24.3,1,6.0,0,1,en-GB,ksa esim,国家页,/compare/saudi-arabia/,已覆盖,SA,saudi-arabia,,否
tourist sim card japan,国家·核心,24.3,1,6.0,0,1,en-US,turkiye sim card for tourists,国家页,/compare/japan/,已覆盖,JP,japan,,否
travel esim china,国家·核心,24.3,1,6.0,0,0,"en-GB,en-US",travel esim,国家页,/compare/china/,已覆盖,CN,china,,否
travel esim poland,国家·核心,24.3,1,6.0,0,1,en-US,esim poland,国家页,/compare/poland/,已覆盖,PL,poland,,否
ubigi esim compatible phones,品牌（全局）,24.3,1,6.0,0,1,en-US,ubigi esim uk,品牌 Hub,/esim-providers/ubigi/,已覆盖,,,ubigi,否
ubigi esim hawaii,品牌（全局）,24.3,1,6.0,0,0,en-US,esim hawaii,品牌 Hub,/esim-providers/ubigi/,已覆盖,,,ubigi,否
unlimited esim deals,通用·价格交易,24.3,1,6.0,0,0,"en-GB,en-US",unlimited esim,折扣页,/esim-deals/,已覆盖,,,,否
usa sim card for travel,国家·核心,24.3,1,6.0,0,2,"en-GB,en-US",usa esim card,国家页,/compare/united-states/,已覆盖,US,united-states,,否
vietnam sim card options,国家·核心,24.3,1,6.0,0,1,en-GB,viet nam esim card,国家页,/compare/vietnam/,已覆盖,VN,vietnam,,否
vodafone esim for iceland,国家·核心,24.3,1,6.0,0,1,"en-GB,en-US",esim for iceland,国家页,/compare/iceland/,已覆盖,IS,iceland,,否
vodafone esim greece,国家·核心,24.3,1,6.0,0,1,"en-GB,en-US",esim greece,国家页,/compare/greece/,已覆盖,GR,greece,,否
vodafone germany esim,国家·核心,24.3,1,6.0,0,1,"en-GB,en-US",germany esim,国家页,/compare/germany/,已覆盖,DE,germany,,否
what is an esim phone,通用·问题,24.3,1,6.0,0,0,en-US,what is an esim,概念指南,/guides/what-is-an-esim/,已覆盖,,,,否
what is the best esim to get for japan,国家·核心,24.3,1,6.0,0,1,en-US,how to get an esim for japan,国家页,/compare/japan/,已覆盖,JP,japan,,否
where to get china esim,国家·核心,24.3,1,6.0,0,1,en-US,how to get an esim for china,国家页,/compare/china/,已覆盖,CN,china,,否
zym sim to esim,通用·其他,24.3,1,6.0,0,1,en-US,esim czechia vs sim,首页/枢纽,/,已覆盖,,,,否
how does holafly esim work in china,品牌×国家,24.2,5,8.0,1,6,"en-GB,en-US",holafly esim south korea,品牌×国家子页,/compare/china/holafly/,已覆盖,CN,china,holafly,否
best esim south america,区域,24.0,4,7.0,0,3,"en-GB,en-US",best esim for argentina 2026,区域指南,/guides/best-americas-esim/,已覆盖,,,,否
how does nomad esim work,品牌（全局）,24.0,4,7.0,0,6,"en-GB,en-US",nomad esim south africa,品牌 Hub,/esim-providers/nomad/,已覆盖,,,nomad,否
how to use esim in different country,通用·问题,24.0,14,10.0,0,9,"en-GB,en-US",do i need an esim for czech republic,首页/枢纽,/,已覆盖,,,,否
portugal esim for tourists,国家·核心,24.0,14,10.0,0,2,"en-GB,en-US",portugal esim,国家页,/compare/portugal/,已覆盖,PT,portugal,,否
japan wireless esim review,国家·核心,23.8,3,7.5,1,2,"en-GB,en-US",esim for fiji review,国家页,/compare/japan/,已覆盖,JP,japan,,否
cheapest esim service,通用·价格交易,23.7,2,6.5,0,2,en-US,cheapest esim ksa,首页/枢纽,/,已覆盖,,,,否
embedded sim vs esim,通用·对比,23.7,2,6.5,0,2,en-US,esim brazil vs sim,形态对比指南,/guides/esim-vs-physical-sim/,已覆盖,,,,否
esim australia providers,国家·核心,23.7,2,6.5,0,3,"en-GB,en-US",esim australia,国家页,/compare/australia/,已覆盖,AU,australia,,否
esim for australia and singapore,区域,23.7,2,6.5,0,3,"en-GB,en-US",esim for australia,未建页型,（无区域页）,缺口,"SG,AU","singapore,australia",,否
esim for mexico from uk,区域,23.7,7,11.0,4,4,"en-GB,en-US",esim for mexico,未建页型,（无区域页）,缺口,"MX,GB","mexico,united-kingdom",,否
esim for singapore and japan,区域,23.7,17,11.0,0,6,"en-GB,en-US",esim for singapore,未建页型,（无区域页）,缺口,"SG,JP","singapore,japan",,否
esim plans unlimited data,通用·规则/规格,23.7,17,11.0,0,16,"en-GB,en-US",georgia esim coverage map,无限流量研究,/research/unlimited-esim/,已覆盖,,,,否
how does ubigi esim work,品牌（全局）,23.7,7,8.0,0,9,"en-GB,en-US",ubigi esim hong kong,品牌 Hub,/esim-providers/ubigi/,已覆盖,,,ubigi,否
how to install ubigi esim,品牌（全局）,23.7,7,8.0,0,9,"en-GB,en-US",ubigi esim saudi arabia,品牌 Hub,/esim-providers/ubigi/,已覆盖,,,ubigi,否
how to use esim in japan,国家·核心,23.7,2,6.5,0,2,en-US,does esim work in fiji,国家页,/compare/japan/,已覆盖,JP,japan,,否
how to use jetpac esim,品牌（全局）,23.7,7,8.0,0,9,"en-GB,en-US",jetpac esim saudi arabia,品牌 Hub,/esim-providers/jetpac/,已覆盖,,,jetpac,否
korea esim prepaid options,国家·核心,23.7,2,6.5,0,1,"en-GB,en-US",korea esim,国家页,/compare/south-korea/,已覆盖,KR,south-korea,,否
magti esim georgia,国家·核心,23.7,2,6.5,0,1,"en-GB,en-US",esim for georgia,国家页,/compare/georgia/,已覆盖,GE,georgia,,否
ubigi esim india,品牌×国家,23.7,2,6.5,0,2,en-GB,ubigi esim china,品牌×国家子页,/compare/india/ubigi/,已覆盖,IN,india,ubigi,否
unlimited esim turkey,通用·规则/规格,23.7,2,6.5,0,1,"en-GB,en-US",turkey esim unlimited,无限流量研究,/research/unlimited-esim/,已覆盖,,,,是
zain ksa esim,国家·落地渠道,23.7,2,6.5,0,1,"en-GB,en-US",ksa esim,国家页,/compare/saudi-arabia/,已覆盖,SA,saudi-arabia,,否
buy irish sim card in uk,国家·核心,23.5,1,7.0,1,1,"en-GB,en-US",ireland sim card for tourists,国家页,/compare/united-kingdom/,已覆盖,GB,united-kingdom,,否
e sim for costa rica,国家·核心,23.5,1,7.0,1,1,"en-GB,en-US",san jose costa rica esim reddit,国家页,/compare/costa-rica/,已覆盖,CR,costa-rica,,否
is esim available in philippines,国家·核心,23.5,11,10.0,1,11,en-US,is esim available in peru,国家页,/compare/philippines/,已覆盖,PH,philippines,,否
movistar sim card argentina,国家·核心,23.5,1,7.0,1,1,"en-GB,en-US",argentina sim card for tourists,国家页,/compare/argentina/,已覆盖,AR,argentina,,否
sim card for japan and south korea,区域,23.5,1,7.0,1,2,"en-GB,en-US",south korea sim card for tourists,未建页型,（无区域页）,缺口,"KR,JP","south-korea,japan",,否
best esim for cambodia and vietnam,国家·核心,23.3,10,9.0,0,4,en-US,best esim for vietnam and thailand,国家页,/compare/vietnam/,已覆盖,VN,vietnam,,否
how does esim work on iphone internationally,通用·设备兼容,23.3,10,9.0,0,11,en-US,esim brazil for iphone,兼容指南,/guides/esim-compatibility-check/,已覆盖,,,,否
how much is esim,通用·价格交易,23.3,10,9.0,0,10,"en-GB,en-US",united arab emirates esim price,首页/枢纽,/,已覆盖,,,,否
how to purchase an esim,通用·问题,23.3,5,7.5,0,4,"en-GB,en-US",how to get an esim for israel,首页/枢纽,/,已覆盖,,,,否
is holafly esim good,品牌（全局）,23.3,5,7.5,0,5,"en-GB,en-US",is holafly good,品牌 Hub,/esim-providers/holafly/,已覆盖,,,holafly,否
american sim card for tourists,通用·其他,23.2,4,8.0,1,4,"en-GB,en-US",argentina sim card for tourists,形态对比指南,/guides/esim-vs-physical-sim/,已覆盖,,,,否
cheapest esim phone uk,国家·价格/交易,23.2,4,8.0,1,3,"en-GB,en-US",cheapest esim for uk,国家页,/compare/united-kingdom/,已覆盖,GB,united-kingdom,,否
esim compatible phones nz,国家·设备兼容,23.2,4,8.0,1,1,"en-GB,en-US",esim new zealand for iphone,国家页,/compare/new-zealand/,已覆盖,NZ,new-zealand,,否
german esim with phone number,通用·规则/规格,23.2,4,8.0,1,1,"en-GB,en-US",do i need an esim for germany,首页/枢纽,/,已覆盖,,,,否
airalo esim card australia,品牌×国家,23.0,3,7.0,0,3,"en-GB,en-US",airalo esim australia,品牌×国家子页,/compare/australia/airalo/,已覆盖,AU,australia,airalo,否
airalo esim card japan,品牌×国家,23.0,3,7.0,0,3,"en-GB,en-US",airalo esim japan,品牌×国家子页,/compare/japan/airalo/,已覆盖,JP,japan,airalo,否
airalo esim china review,品牌×国家,23.0,3,7.0,0,3,"en-GB,en-US",esim for china review,品牌×国家子页,/compare/china/airalo/,已覆盖,CN,china,airalo,否
best esim for thailand tourist,国家·核心,23.0,3,7.0,0,2,"en-GB,en-US",best esim for thailand,国家页,/compare/thailand/,已覆盖,TH,thailand,,否
best esim for usa with phone number,国家·规格/流量,23.0,3,7.0,0,3,"en-GB,en-US",best esim for usa,国家页,/compare/united-states/,已覆盖,US,united-states,,否
buy esim usa online,国家·核心,23.0,3,7.0,0,3,en-US,czech republic esim unlimited,国家页,/compare/united-states/,已覆盖,US,united-states,,否
data only esim europe,区域,23.0,18,11.5,0,12,"en-GB,en-US",belgium esim unlimited data,区域指南,/guides/best-europe-esim/,已覆盖,,,,否
esim card for china,国家·核心,23.0,3,7.0,0,3,"en-GB,en-US",czech republic esim card,国家页,/compare/china/,已覆盖,CN,china,,否
esim france and spain,区域,23.0,3,7.0,0,2,"en-GB,en-US",does esim work in spain,未建页型,（无区域页）,缺口,"FR,ES","france,spain",,否
esim vietnam for tourists,国家·核心,23.0,3,7.0,0,2,"en-GB,en-US",esim vietnam,国家页,/compare/vietnam/,已覆盖,VN,vietnam,,否
how much does an esim cost,通用·价格交易,23.0,3,7.0,0,3,en-GB,esim united arab emirates price,首页/枢纽,/,已覆盖,,,,否
norway sim card for tourist,通用·其他,23.0,3,8.5,2,3,"en-GB,en-US",netherlands sim card for tourists,形态对比指南,/guides/esim-vs-physical-sim/,已覆盖,,,,否
phone with esim in india,国家·核心,23.0,3,7.0,0,3,en-US,esim saudi arabia for iphone,国家页,/compare/india/,已覆盖,IN,india,,否
roamic esim hotspot,品牌（全局）,23.0,3,7.0,0,1,"en-GB,en-US",roamic esim,品牌 Hub,/esim-providers/roamic/,已覆盖,,,roamic,否
saily esim installation instructions,品牌（全局）,23.0,3,7.0,0,3,en-GB,saily esim india,品牌 Hub,/esim-providers/saily/,已覆盖,,,saily,否
thailand esim with phone number,国家·规格/流量,23.0,3,7.0,0,2,en-US,bangkok esim coverage map,国家页,/compare/thailand/,已覆盖,TH,thailand,,否
three hong kong esim,国家·核心,23.0,3,7.0,0,1,"en-GB,en-US",hong kong esim coverage map,国家页,/compare/hong-kong/,已覆盖,HK,hong-kong,,否
tourist sim card dubai,城市,23.0,3,7.0,0,3,en-GB,qatar sim card for tourists,未建页型（禁区）,（无城市页，建议并入国家页）,缺口,,,,否
best unlimited esim for usa,国家·规格/流量,22.8,7,9.0,1,6,"en-GB,en-US",czech republic esim unlimited,国家页·无限流量区,/compare/united-states/#plans,已覆盖,US,united-states,,否
holafly esim asia,品牌（全局）,22.8,2,7.5,1,1,"en-GB,en-US",holafly esim india,品牌 Hub,/esim-providers/holafly/,已覆盖,,,holafly,否
ubigi esim korea,品牌×国家,22.8,2,7.5,1,1,"en-GB,en-US",ubigi esim uk,品牌×国家子页,/compare/south-korea/ubigi/,已覆盖,KR,south-korea,ubigi,否
3 ireland esim,国家·核心,22.7,1,6.5,0,1,"en-GB,en-US",ireland esim,国家页,/compare/ireland/,已覆盖,IE,ireland,,否
airalo brazil esim,品牌×国家,22.7,1,6.5,0,1,"en-GB,en-US",brazil esim,品牌×国家子页,/compare/brazil/airalo/,已覆盖,BR,brazil,airalo,否
airalo esim card uae,品牌×国家,22.7,1,6.5,0,1,"en-GB,en-US",uae esim card,品牌×国家子页,/compare/united-arab-emirates/airalo/,已覆盖,AE,united-arab-emirates,airalo,否
airalo esim china reddit,品牌×国家,22.7,1,6.5,0,1,"en-GB,en-US",airalo esim china,品牌×国家子页,/compare/china/airalo/,已覆盖,CN,china,airalo,否
airalo esim top ups,品牌（全局）,22.7,1,6.5,0,0,"en-GB,en-US",esim top up,品牌 Hub,/esim-providers/airalo/,已覆盖,,,airalo,否
airalo esim uk,品牌×国家,22.7,1,6.5,0,0,"en-GB,en-US",airalo esim,品牌×国家子页,/compare/united-kingdom/airalo/,已覆盖,GB,united-kingdom,airalo,否
airalo travel esim plans,品牌（全局）,22.7,1,6.5,0,0,"en-GB,en-US",airalo esim plan,品牌 Hub,/esim-providers/airalo/,已覆盖,,,airalo,否
android esim phones,通用·设备兼容,22.7,1,6.5,0,0,"en-GB,en-US",esim for android,兼容指南,/guides/esim-compatibility-check/,已覆盖,,,,否
best egypt esim,国家·核心,22.7,1,6.5,0,1,"en-GB,en-US",egypt esim,国家页,/compare/egypt/,已覆盖,EG,egypt,,否
best esim card for spain,国家·核心,22.7,6,8.0,0,2,"en-GB,en-US",cheapest esim for spain,国家页,/compare/spain/,已覆盖,ES,spain,,否
best esim cards for italy,国家·核心,22.7,1,6.5,0,1,"en-GB,en-US",italy esim card,国家页,/compare/italy/,已覆盖,IT,italy,,否
best esim for north america,区域,22.7,6,8.0,0,6,"en-GB,en-US",best esim for georgia 2026,区域指南,/guides/best-americas-esim/,已覆盖,,,,是
best esim for south korea reddit,国家·核心,22.7,6,8.0,0,3,"en-GB,en-US",best esim for south korea,国家页,/compare/south-korea/,已覆盖,KR,south-korea,,否
best travel sim for egypt,国家·核心,22.7,1,6.5,0,1,"en-GB,en-US",egypt sim card for tourists,国家页,/compare/egypt/,已覆盖,EG,egypt,,否
buy esim for portugal,国家·核心,22.7,1,6.5,0,1,"en-GB,en-US",esim for portugal,国家页,/compare/portugal/,已覆盖,PT,portugal,,否
can i buy an esim,通用·问题,22.7,1,6.5,0,2,"en-GB,en-US",do i need an esim for usa,首页/枢纽,/,已覆盖,,,,否
china hong kong macau data sim,区域,22.7,1,6.5,0,1,"en-GB,en-US",macao sim card for tourists,未建页型,（无区域页）,缺口,"HK,CN","hong-kong,china",,否
china sim card benefits,国家·核心,22.7,1,6.5,0,1,"en-GB,en-US",china esim card,国家页,/compare/china/,已覆盖,CN,china,,否
do i need to register my esim,通用·问题,22.7,1,6.5,0,1,"en-GB,en-US",do i need an esim for georgia,首页/枢纽,/,已覆盖,,,,否
esim card for kenya,国家·核心,22.7,16,11.0,0,2,"en-GB,en-US",esim for kenya,国家页,/compare/kenya/,已覆盖,KE,kenya,,否
esim karta,通用·其他,22.7,1,6.5,0,1,"en-GB,en-US",esim ksa,首页/枢纽,/,已覆盖,,,,否
esim saily,品牌（全局）,22.7,1,6.5,0,1,"en-GB,en-US",esim ksa,品牌 Hub,/esim-providers/saily/,已覆盖,,,saily,否
esim ukraine,通用·其他,22.7,1,6.5,0,1,"en-GB,en-US",esim uk,首页/枢纽,/,已覆盖,,,,是
european esim card for travel,区域,22.7,1,6.5,0,1,"en-GB,en-US",czech republic esim card,区域指南,/guides/best-europe-esim/,已覆盖,,,,否
how much is airalo esim,品牌（全局）,22.7,6,8.0,0,7,en-US,airalo esim hong kong,品牌 Hub,/esim-providers/airalo/,已覆盖,,,airalo,否
korea sim card for foreigners,国家·核心,22.7,1,6.5,0,1,"en-GB,en-US",korea esim card,国家页,/compare/south-korea/,已覆盖,KR,south-korea,,否
nomad esim website,品牌（全局）,22.7,1,6.5,0,0,"en-GB,en-US",nomad esim,品牌 Hub,/esim-providers/nomad/,已覆盖,,,nomad,否
saily esim discount codes,品牌（全局）,22.7,1,6.5,0,0,"en-GB,en-US",esim discount code,品牌 Hub,/esim-providers/saily/,已覆盖,,,saily,否
sim card czech republic,国家·核心,22.7,1,6.5,0,1,"en-GB,en-US",czechia sim card for tourists,国家页,/compare/czechia/,已覆盖,CZ,czechia,,否
sim card for malaysia,国家·核心,22.7,1,6.5,0,1,"en-GB,en-US",malaysia sim card for tourists,国家页,/compare/malaysia/,已覆盖,MY,malaysia,,否
sim card for new zealand,国家·核心,22.7,1,6.5,0,1,"en-GB,en-US",new zealand sim card for tourists,国家页,/compare/new-zealand/,已覆盖,NZ,new-zealand,,否
sim card for vietnam and singapore,区域,22.7,1,6.5,0,1,"en-GB,en-US",vietnam sim card for tourists,未建页型,（无区域页）,缺口,"SG,VN","singapore,vietnam",,否
the best international esim,通用·全球,22.7,1,6.5,0,1,"en-GB,en-US",czech republic esim best,通用枢纽,/guides/,已覆盖,,,,否
tokyo esim reddit,城市,22.7,1,6.5,0,0,"en-GB,en-US",esim tokyo,未建页型（禁区）,（无城市页，建议并入国家页）,缺口,,,,否
travel sim card new zealand,国家·核心,22.7,1,6.5,0,1,"en-GB,en-US",new zealand sim card for tourists,国家页,/compare/new-zealand/,已覆盖,NZ,new-zealand,,否
ubigi esim italy,品牌×国家,22.7,1,6.5,0,0,"en-GB,en-US",ubigi esim,品牌×国家子页,/compare/italy/ubigi/,已覆盖,IT,italy,ubigi,否
uk sim card prepaid,国家·核心,22.7,1,6.5,0,1,"en-GB,en-US",uk esim card,国家页,/compare/united-kingdom/,已覆盖,GB,united-kingdom,,否
verizon costa rica sim card,国家·核心,22.7,1,6.5,0,1,"en-GB,en-US",costa rica sim card for tourists,国家页,/compare/costa-rica/,已覆盖,CR,costa-rica,,否
virgin uae esim,国家·核心,22.7,1,6.5,0,1,"en-GB,en-US",uae esim,国家页,/compare/united-arab-emirates/,已覆盖,AE,united-arab-emirates,,否
vodafone fiji tourist sim,国家·核心,22.7,1,6.5,0,1,"en-GB,en-US",fiji sim card for tourists,国家页,/compare/fiji/,已覆盖,FJ,fiji,,否
what is an esim card android,通用·设备兼容,22.7,1,6.5,0,0,"en-GB,en-US",what is an esim,兼容指南,/guides/esim-compatibility-check/,已覆盖,,,,否
where to buy airalo esim,品牌（全局）,22.7,6,8.0,0,8,"en-GB,en-US",airalo esim saudi arabia,品牌 Hub,/esim-providers/airalo/,已覆盖,,,airalo,否
best international esim plans,通用·全球,22.5,5,8.5,1,4,"en-GB,en-US",united arab emirates esim plans,通用枢纽,/guides/,已覆盖,,,,否
how to get esim to work,通用·问题,22.5,5,8.5,1,4,"en-GB,en-US",does esim work in georgia,首页/枢纽,/,已覆盖,,,,否
best esim for use in bali,城市,22.3,4,9.0,2,4,"en-GB,en-US",best esim for uae,未建页型（禁区）,（无城市页，建议并入国家页）,缺口,,,,否
best travel esim for italy,国家·核心,22.3,9,9.0,0,4,en-GB,does esim work in italy,国家页,/compare/italy/,已覆盖,IT,italy,,否
best travel esim for scandinavia,区域,22.3,4,7.5,0,1,"en-GB,en-US",best esim for finland and sweden,未建页型,（无区域页）,缺口,,,,否
esim only deals canada,国家·设备兼容,22.3,4,7.5,0,2,en-US,is esim available in canada,国家页,/compare/canada/,已覆盖,CA,canada,,否
mobile phone with esim,通用·其他,22.3,9,9.0,0,9,en-US,esim saudi arabia for iphone,首页/枢纽,/,已覆盖,,,,否
nomad esim costa rica,品牌×国家,22.3,4,7.5,0,4,"en-GB,en-US",roami esim costa rica,品牌×国家子页,/compare/costa-rica/nomad/,已覆盖,CR,costa-rica,nomad,否
sim cards usa for tourists,国家·核心,22.3,9,9.0,0,9,en-US,georgia sim card for tourists,国家页,/compare/united-states/,已覆盖,US,united-states,,否
best esim for multiple countries,通用·其他,22.2,3,8.0,1,3,"en-GB,en-US",best esim for iceland 2026,首页/枢纽,/,已覆盖,,,,否
best esim for vietnam reddit,国家·核心,22.2,3,8.0,1,2,"en-GB,en-US",esim vietnam reddit,国家页,/compare/vietnam/,已覆盖,VN,vietnam,,否
etisalat esim price uae,国家·价格/交易,22.2,3,8.0,1,2,"en-GB,en-US",united arab emirates esim price,国家页,/compare/united-arab-emirates/,已覆盖,AE,united-arab-emirates,,否
jetpac esim discount code,品牌（全局）,22.2,3,8.0,1,1,"en-GB,en-US",jetpac esim india,品牌 Hub,/esim-providers/jetpac/,已覆盖,,,jetpac,否
malaysia sim card for tourist price,国家·价格/交易,22.2,3,8.0,1,3,en-US,malaysia sim card for tourists,国家页,/compare/malaysia/,已覆盖,MY,malaysia,,否
best esim card for thailand,国家·核心,22.0,2,7.0,0,1,"en-GB,en-US",best esim for bangkok,国家页,/compare/thailand/,已覆盖,TH,thailand,,否
best esim for egypt and jordan,国家·核心,22.0,12,11.5,2,2,"en-GB,en-US",esim for egypt and jordan,国家页,/compare/egypt/,已覆盖,EG,egypt,,否
best esim for european travel,区域,22.0,2,7.0,0,1,en-US,best esim for croatia,区域指南,/guides/best-europe-esim/,已覆盖,,,,否
best esim for turkey airalo,品牌（全局）,22.0,2,7.0,0,2,"en-GB,en-US",best esim for turkiye,品牌 Hub,/esim-providers/airalo/,已覆盖,,,airalo,否
best esim for use in europe,区域,22.0,2,7.0,0,2,"en-GB,en-US",best esim for uae,区域指南,/guides/best-europe-esim/,已覆盖,,,,否
e sim costa rica,国家·核心,22.0,2,7.0,0,1,en-US,esim costa rica vs sim,国家页,/compare/costa-rica/,已覆盖,CR,costa-rica,,否
esim canada tourist,国家·核心,22.0,2,7.0,0,2,"en-GB,en-US",esim canada,国家页,/compare/canada/,已覆盖,CA,canada,,否
esim card for iphone se,通用·设备兼容,22.0,2,7.0,0,2,en-US,esim fiji for iphone,兼容指南,/guides/esim-compatibility-check/,已覆盖,,,,否
esim card for london,城市,22.0,2,7.0,0,0,"en-GB,en-US",esim london,未建页型（禁区）,（无城市页，建议并入国家页）,缺口,,,,否
esim card germany,国家·核心,22.0,2,7.0,0,1,"en-GB,en-US",esim germany,国家页,/compare/germany/,已覆盖,DE,germany,,否
esim card uae,国家·核心,22.0,2,7.0,0,1,"en-GB,en-US",uae esim card,国家页,/compare/united-arab-emirates/,已覆盖,AE,united-arab-emirates,,否
esim cards for international travel,通用·全球,22.0,2,7.0,0,1,"en-GB,en-US",esim cairo,通用枢纽,/guides/,已覆盖,,,,否
esim companies in india,国家·核心,22.0,2,7.0,0,1,"en-GB,en-US",does esim work in india,国家页,/compare/india/,已覆盖,IN,india,,否
esim for international travel india,国家·核心,22.0,2,7.0,0,2,"en-GB,en-US",esim for international travel,国家页,/compare/india/,已覆盖,IN,india,,否
esim for usa with phone number,国家·规格/流量,22.0,2,7.0,0,2,"en-GB,en-US",esim for usa,国家页,/compare/united-states/,已覆盖,US,united-states,,否
esim providers south africa,国家·核心,22.0,22,13.0,0,5,"en-GB,en-US",cheap esim south africa,国家页,/compare/south-africa/,已覆盖,ZA,south-africa,,否
esim turkey data packages,通用·其他,22.0,2,7.0,0,2,"en-GB,en-US",esim turkey,首页/枢纽,/,已覆盖,,,,否
esim usa tourist,国家·核心,22.0,2,7.0,0,2,"en-GB,en-US",esim usa,国家页,/compare/united-states/,已覆盖,US,united-states,,否
france sim card unlimited data,国家·规格/流量,22.0,2,7.0,0,1,"en-GB,en-US",france esim card,国家页·无限流量区,/compare/france/#plans,已覆盖,FR,france,,否
government phone with esim,通用·其他,22.0,2,7.0,0,1,en-US,esim coverage in georgia,首页/枢纽,/,已覆盖,,,,否
is esim available in iphone 11,通用·设备兼容,22.0,2,7.0,0,3,en-US,is esim available in uk,兼容指南,/guides/esim-compatibility-check/,已覆盖,,,,否
jetpac esim china,品牌×国家,22.0,2,7.0,0,1,"en-GB,en-US",jetpac esim,品牌×国家子页,/compare/china/jetpac/,已覆盖,CN,china,jetpac,否
nz sim card travel,国家·核心,22.0,2,7.0,0,2,"en-GB,en-US",nz esim card,国家页,/compare/new-zealand/,已覆盖,NZ,new-zealand,,否
nz sim cards for visitors,国家·核心,22.0,2,7.0,0,2,"en-GB,en-US",nz esim card,国家页,/compare/new-zealand/,已覆盖,NZ,new-zealand,,否
peru sim card purchase guide,国家·核心,22.0,2,7.0,0,1,"en-GB,en-US",peru esim,国家页,/compare/peru/,已覆盖,PE,peru,,否
que es mejor sim o esim,通用·其他,22.0,2,7.0,0,2,en-US,esim argentina vs sim,首页/枢纽,/,已覆盖,,,,否
saily esim compatibility,品牌（全局）,22.0,2,7.0,0,2,en-US,saily esim macao,品牌 Hub,/esim-providers/saily/,已覆盖,,,saily,否
should i set up esim,通用·问题,22.0,2,7.0,0,2,"en-GB,en-US",do i need an esim for israel,安装指南,/guides/how-to-install-esim/,已覆盖,,,,否
ubigi esim japan discount codes,品牌×国家,22.0,2,7.0,0,2,"en-GB,en-US",ubigi esim japan,品牌×国家子页,/compare/japan/ubigi/,已覆盖,JP,japan,ubigi,否
uk esim for travel,国家·核心,22.0,2,7.0,0,1,"en-GB,en-US",uk esim coverage map,国家页,/compare/united-kingdom/,已覆盖,GB,united-kingdom,,否
ultra mobile esim plans,通用·规则/规格,22.0,2,7.0,0,2,en-US,united arab emirates esim plans,首页/枢纽,/,已覆盖,,,,否
using an esim abroad,通用·全球,22.0,12,14.0,4,11,"en-GB,en-US",do i need an esim for austria,通用枢纽,/guides/,已覆盖,,,,否
vodafone portugal esim card,国家·核心,22.0,2,7.0,0,1,"en-GB,en-US",portugal esim,国家页,/compare/portugal/,已覆盖,PT,portugal,,否
what is an international esim,通用·全球,22.0,2,8.5,2,1,"en-GB,en-US",esim rio de janeiro,通用枢纽,/guides/,已覆盖,,,,否
esim for travel to china,国家·核心,21.8,1,7.5,1,1,"en-GB,en-US",do i need an esim for taipei,国家页,/compare/china/,已覆盖,CN,china,,否
esim that works in japan,国家·核心,21.8,6,9.0,1,5,"en-GB,en-US",is esim available in japan,国家页,/compare/japan/,已覆盖,JP,japan,,否
using esim in china,国家·核心,21.8,6,9.0,1,4,"en-GB,en-US",esim coverage in china,国家页,/compare/china/,已覆盖,CN,china,,否
best esim for japan and korea,区域,21.7,5,8.0,0,3,"en-GB,en-US",best esim for korea 2026,未建页型,（无区域页）,缺口,"KR,JP","south-korea,japan",,否
esim for vietnam and cambodia travel,国家·核心,21.7,5,8.0,0,3,"en-GB,en-US",esim for vienna,国家页,/compare/vietnam/,已覆盖,VN,vietnam,,否
is holafly esim legit,品牌（全局）,21.7,5,8.0,0,6,en-US,holafly esim saudi arabia,品牌 Hub,/esim-providers/holafly/,已覆盖,,,holafly,否
uk esim for turkey,国家·核心,21.7,5,8.0,0,2,en-GB,esim for turkey review,国家页,/compare/united-kingdom/,已覆盖,GB,united-kingdom,,否
what is the best international esim,通用·全球,21.7,15,11.0,0,12,en-US,best esim for qatar,通用枢纽,/guides/,已覆盖,,,,否
how much is an esim,通用·价格交易,21.5,9,10.0,1,8,"en-GB,en-US",esim united arab emirates price,首页/枢纽,/,已覆盖,,,,否
vietnam esim card iphone pro 16,国家·设备兼容,21.5,4,10.0,3,2,"en-GB,en-US",esim vietnam for iphone,国家页,/compare/vietnam/,已覆盖,VN,vietnam,,否
australian sim cards for tourists,通用·其他,21.3,3,9.0,2,4,"en-GB,en-US",australia sim card for tourists,形态对比指南,/guides/esim-vs-physical-sim/,已覆盖,,,,否
esim deals for thailand,国家·价格/交易,21.3,8,9.0,0,2,"en-GB,en-US",cheapest esim for bangkok,国家页,/compare/thailand/,已覆盖,TH,thailand,,否
esim for abu dhabi,城市,21.3,18,12.0,0,4,"en-GB,en-US",alosim esim united arab emirates,未建页型（禁区）,（无城市页，建议并入国家页）,缺口,,,,是
esim for vietnam and china,区域,21.3,3,7.5,0,2,"en-GB,en-US",esim for vietnam,未建页型,（无区域页）,缺口,"VN,CN","vietnam,china",,否
how to get esim philippines,国家·核心,21.3,18,12.0,0,14,"en-GB,en-US",how to get an esim for costa rica,国家页,/compare/philippines/,已覆盖,PH,philippines,,否
australia prepaid sim card for tourist,国家·核心,21.2,2,8.0,1,3,"en-GB,en-US",australia sim card for tourists,国家页,/compare/australia/,已覆盖,AU,australia,,否
best esim for italy for iphone,国家·设备兼容,21.2,2,8.0,1,1,"en-GB,en-US",esim italy for iphone,国家页,/compare/italy/,已覆盖,IT,italy,,否
best esim for uk coverage,国家·网络覆盖,21.2,2,8.0,1,1,"en-GB,en-US",esim coverage in uk,国家网络页,/networks/united-kingdom/,已覆盖,GB,united-kingdom,,否
esim for caribbean islands,区域,21.2,2,8.0,1,1,en-US,esim for cairo,区域指南,/guides/best-americas-esim/,已覆盖,,,,否
esim singapore travel,国家·核心,21.2,2,8.0,1,1,"en-GB,en-US",esim singapore city,国家页,/compare/singapore/,已覆盖,SG,singapore,,否
korea esim travel guide,国家·核心,21.2,2,8.0,1,1,"en-GB,en-US",korea esim best,国家页,/compare/south-korea/,已覆盖,KR,south-korea,,否
poland sim card,国家·核心,21.2,2,8.0,1,1,en-GB,poland esim card,国家页,/compare/poland/,已覆盖,PL,poland,,否
4s esim discount code,通用·价格交易,21.0,1,7.0,0,0,en-GB,esim discount code,折扣页,/esim-deals/,已覆盖,,,,是
airalo esim europe,品牌（全局）,21.0,1,7.0,0,0,"en-GB,en-US",airalo esim,品牌 Hub,/esim-providers/airalo/,已覆盖,,,airalo,否
airalo esim fiji,品牌×国家,21.0,1,7.0,0,1,en-US,esim fiji,品牌×国家子页,/compare/fiji/airalo/,已覆盖,FJ,fiji,airalo,否
airalo portugal esim,品牌×国家,21.0,1,7.0,0,1,en-GB,portugal esim,品牌×国家子页,/compare/portugal/airalo/,已覆盖,PT,portugal,airalo,否
apple iphone 13 esim uk,国家·设备兼容,21.0,1,7.0,0,1,en-US,esim uk for iphone,国家页,/compare/united-kingdom/,已覆盖,GB,united-kingdom,,否
austrian sim card options,通用·其他,21.0,1,7.0,0,2,en-GB,austria esim card,形态对比指南,/guides/esim-vs-physical-sim/,已覆盖,,,,否
bali esim holafly,品牌（全局）,21.0,1,7.0,0,1,"en-GB,en-US",bali esim,品牌 Hub,/esim-providers/holafly/,已覆盖,,,holafly,否
bali sim card tourist,城市,21.0,1,7.0,0,1,"en-GB,en-US",bali esim card,未建页型（禁区）,（无城市页，建议并入国家页）,缺口,,,,否
best esim for asia travel,区域,21.0,1,7.0,0,1,"en-GB,en-US",esim for asia,区域指南,/guides/best-asia-esim/,已覆盖,,,,否
best esim for australians,通用·其他,21.0,1,7.0,0,2,"en-GB,en-US",best esim for australia,首页/枢纽,/,已覆盖,,,,否
best esim for azores,通用·其他,21.0,1,7.0,0,1,en-US,best esim for nz,首页/枢纽,/,已覆盖,,,,否
best esim for china from uk,区域,21.0,1,7.0,0,1,"en-GB,en-US",best esim for china,未建页型,（无区域页）,缺口,"CN,GB","china,united-kingdom",,否
best esim for england,国家·核心,21.0,6,8.5,0,4,"en-GB,en-US",england esim,国家页,/compare/united-kingdom/,已覆盖,GB,united-kingdom,,否
best esim for italy travel,国家·核心,21.0,1,7.0,0,1,"en-GB,en-US",best esim for italy,国家页,/compare/italy/,已覆盖,IT,italy,,否
best esim for japan from uk,区域,21.0,1,7.0,0,1,"en-GB,en-US",best esim for japan,未建页型,（无区域页）,缺口,"JP,GB","japan,united-kingdom",,否
best esim for lebanon,通用·其他,21.0,1,7.0,0,1,en-US,best esim for israel 2026,首页/枢纽,/,已覆盖,,,,是
best esim for malta,通用·其他,21.0,1,7.0,0,1,en-US,best esim for macao,首页/枢纽,/,已覆盖,,,,是
best esim for saint martin,通用·其他,21.0,1,7.0,0,1,en-US,best esim for ksa,首页/枢纽,/,已覆盖,,,,否
best esim for travel to greece,国家·核心,21.0,1,7.0,0,1,"en-GB,en-US",best esim for greece,国家页,/compare/greece/,已覆盖,GR,greece,,否
best esim for travelling to south africa,国家·核心,21.0,1,7.0,0,2,"en-GB,en-US",best esim for south africa,国家页,/compare/south-africa/,已覆盖,ZA,south-africa,,否
best esim for unlimited data,通用·规则/规格,21.0,6,8.5,0,7,"en-GB,en-US",brazil esim unlimited data,无限流量研究,/research/unlimited-esim/,已覆盖,,,,否
best esim iceland,国家·核心,21.0,1,7.0,0,1,"en-GB,en-US",iceland esim,国家页,/compare/iceland/,已覆盖,IS,iceland,,否
best esim london,城市,21.0,1,7.0,0,0,en-GB,esim london,未建页型（禁区）,（无城市页，建议并入国家页）,缺口,,,,否
best esim plans australia,国家·规格/流量,21.0,1,7.0,0,2,en-GB,australia esim best,国家页,/compare/australia/,已覆盖,AU,australia,,否
best esim plans canada,国家·规格/流量,21.0,1,7.0,0,1,en-US,canada esim plans,国家页,/compare/canada/,已覆盖,CA,canada,,否
best esim thailand tourist,国家·核心,21.0,1,7.0,0,1,en-GB,best esim for bangkok,国家页,/compare/thailand/,已覆盖,TH,thailand,,否
best esim tokyo,城市,21.0,1,7.0,0,0,en-US,esim tokyo,未建页型（禁区）,（无城市页，建议并入国家页）,缺口,,,,否
best sim card in japan for tourist,国家·核心,21.0,1,7.0,0,1,en-GB,japan sim card for tourists,国家页,/compare/japan/,已覆盖,JP,japan,,否
best sim card plans for italy,国家·核心,21.0,1,7.0,0,1,"en-GB,en-US",italy sim card for tourists,国家页,/compare/italy/,已覆盖,IT,italy,,否
best travel sim for vietnam,国家·核心,21.0,1,7.0,0,1,"en-GB,en-US",vietnam sim card for tourists,国家页,/compare/vietnam/,已覆盖,VN,vietnam,,否
buy magti esim georgia,国家·核心,21.0,1,7.0,0,1,en-US,esim georgia,国家页,/compare/georgia/,已覆盖,GE,georgia,,否
buying a sim card in morocco,国家·核心,21.0,1,7.0,0,1,"en-GB,en-US",morocco sim card for tourists,国家页,/compare/morocco/,已覆盖,MA,morocco,,否
canada travel sim card,国家·核心,21.0,1,7.0,0,1,en-US,canada sim card for tourists,国家页,/compare/canada/,已覆盖,CA,canada,,否
canadian sim card prepaid,通用·其他,21.0,1,7.0,0,1,en-GB,canada esim card,形态对比指南,/guides/esim-vs-physical-sim/,已覆盖,,,,否
cell phones vietnam sim card,国家·核心,21.0,1,7.0,0,1,en-US,vietnam sim card for tourists,国家页,/compare/vietnam/,已覆盖,VN,vietnam,,否
cheap phone with esim,通用·价格交易,21.0,1,7.0,0,1,en-GB,cheapest esim for fiji,首页/枢纽,/,已覆盖,,,,否
china esim reddit,国家·核心,21.0,1,7.0,0,1,"en-GB,en-US",china esim,国家页,/compare/china/,已覆盖,CN,china,,否
china esim tourist,国家·核心,21.0,1,7.0,0,1,en-US,china esim best,国家页,/compare/china/,已覆盖,CN,china,,否
como descargar esim iphone,通用·设备兼容,21.0,1,7.0,0,1,en-US,esim colombia for iphone,兼容指南,/guides/esim-compatibility-check/,已覆盖,,,,否
csl hong kong esim,国家·核心,21.0,1,7.0,0,1,en-GB,hong kong esim,国家页,/compare/hong-kong/,已覆盖,HK,hong-kong,,否
data only sim card for france,国家·核心,21.0,1,7.0,0,1,"en-GB,en-US",france sim card for tourists,国家页,/compare/france/,已覆盖,FR,france,,否
do i need an esim for travel,通用·问题,21.0,1,7.0,0,1,en-US,do i need an esim for uk,首页/枢纽,/,已覆盖,,,,否
dubai esim with phone number,城市,21.0,1,7.0,0,1,"en-GB,en-US",dubai esim,未建页型（禁区）,（无城市页，建议并入国家页）,缺口,,,,否
dubai sim for tourist,城市,21.0,1,7.0,0,1,en-US,united arab emirates sim card for tourists,未建页型（禁区）,（无城市页，建议并入国家页）,缺口,,,,否
egypt sim card hurghada airport,国家·落地渠道,21.0,1,7.0,0,1,"en-GB,en-US",egypt esim card,国家页,/compare/egypt/,已覆盖,EG,egypt,,否
esim argentina personal,国家·核心,21.0,1,7.0,0,1,"en-GB,en-US",esim argentina,国家页,/compare/argentina/,已覆盖,AR,argentina,,否
esim balisim,城市,21.0,1,7.0,0,1,"en-GB,en-US",esim bali,未建页型（禁区）,（无城市页，建议并入国家页）,缺口,,,,否
esim bermuda,通用·其他,21.0,1,7.0,0,0,en-GB,esim berlin,首页/枢纽,/,已覆盖,,,,是
esim card for australia,国家·核心,21.0,1,7.0,0,2,en-US,how to get an esim for australia,国家页,/compare/australia/,已覆盖,AU,australia,,否
esim card for iceland,国家·核心,21.0,1,7.0,0,1,"en-GB,en-US",esim for iceland,国家页,/compare/iceland/,已覆盖,IS,iceland,,否
esim card greece,国家·核心,21.0,1,7.0,0,1,en-US,esim greece,国家页,/compare/greece/,已覆盖,GR,greece,,否
esim card iphone usa,国家·设备兼容,21.0,1,7.0,0,2,en-US,esim usa for iphone,国家页,/compare/united-states/,已覆盖,US,united-states,,否
esim china activation guide,国家·核心,21.0,1,7.0,0,1,"en-GB,en-US",esim china,国家页,/compare/china/,已覆盖,CN,china,,否
esim china hong kong,区域,21.0,1,7.0,0,2,en-GB,best esim for china and hong kong,未建页型,（无区域页）,缺口,"HK,CN","hong-kong,china",,否
esim colombia gratis,国家·核心,21.0,1,7.0,0,1,"en-GB,en-US",esim colombia,国家页,/compare/colombia/,已覆盖,CO,colombia,,否
esim compatible phones unlocked,通用·设备兼容,21.0,1,7.0,0,0,"en-GB,en-US",esim compatible phones,兼容指南,/guides/esim-compatibility-check/,已覆盖,,,,否
esim data plans australia,国家·核心,21.0,1,7.0,0,2,en-US,australia esim plans,国家页,/compare/australia/,已覆盖,AU,australia,,否
esim deals for roaming,通用·全球,21.0,1,7.0,0,0,"en-GB,en-US",esim deals,通用枢纽,/guides/,已覆盖,,,,否
esim for china mainland,国家·核心,21.0,1,7.0,0,1,"en-GB,en-US",esim for china,国家页,/compare/china/,已覆盖,CN,china,,否
esim for europe and norway,区域,21.0,1,7.0,0,1,"en-GB,en-US",esim for europe,区域指南,/guides/best-europe-esim/,已覆盖,,,,否
esim for india and sri lanka,国家·核心,21.0,1,7.0,0,1,"en-GB,en-US",esim for india,国家页,/compare/india/,已覆盖,IN,india,,否
esim for iphone 17,通用·设备兼容,21.0,1,7.0,0,0,"en-GB,en-US",esim for iphone,兼容指南,/guides/esim-compatibility-check/,已覆盖,,,,否
esim for italy from australia,区域,21.0,11,13.0,4,4,"en-GB,en-US",esim for italy,未建页型,（无区域页）,缺口,"AU,IT","australia,italy",,否
esim for microsoft surface laptop,通用·其他,21.0,1,7.0,0,0,"en-GB,en-US",esim for miami,首页/枢纽,/,已覆盖,,,,否
esim for sailing,通用·其他,21.0,1,7.0,0,1,en-US,esim for ksa,首页/枢纽,/,已覆盖,,,,否
esim for spain and france,区域,21.0,1,7.0,0,1,"en-GB,en-US",esim for spain,未建页型,（无区域页）,缺口,"FR,ES","france,spain",,否
esim for travel to japan,国家·核心,21.0,1,7.0,0,1,en-US,do i need an esim for japan,国家页,/compare/japan/,已覆盖,JP,japan,,否
esim for uk and france,区域,21.0,1,7.0,0,1,"en-GB,en-US",esim for uk,未建页型,（无区域页）,缺口,"FR,GB","france,united-kingdom",,否
esim for us travel,国家·核心,21.0,1,7.0,0,1,en-US,esim for us,国家页,/compare/united-states/,已覆盖,US,united-states,,否
esim handset compatibility,通用·设备兼容,21.0,1,7.0,0,0,en-US,esim hanoi,兼容指南,/guides/esim-compatibility-check/,已覆盖,,,,否
esim in french polynesia,通用·其他,21.0,1,7.0,0,1,en-US,esim coverage in fiji,首页/枢纽,/,已覆盖,,,,否
esim india providers,国家·核心,21.0,1,7.0,0,1,"en-GB,en-US",esim india,国家页,/compare/india/,已覆盖,IN,india,,否
esim indonesia reddit,国家·核心,21.0,1,7.0,0,1,"en-GB,en-US",esim indonesia,国家页,/compare/indonesia/,已覆盖,ID,indonesia,,否
esim japan,国家·核心,21.0,1,7.0,0,0,en-US,esim,国家页,/compare/japan/,已覆盖,JP,japan,,是
esim japan reddit,国家·核心,21.0,1,7.0,0,1,"en-GB,en-US",esim japan,国家页,/compare/japan/,已覆盖,JP,japan,,否
esim japan unlimited data,国家·规格/流量,21.0,11,10.0,0,11,"en-GB,en-US",korea esim unlimited data,国家页·无限流量区,/compare/japan/#plans,已覆盖,JP,japan,,否
esim key differences,通用·其他,21.0,1,7.0,0,1,en-GB,esim kenya,形态对比指南,/guides/esim-vs-physical-sim/,已覆盖,,,,否
esim korea travel guide,国家·核心,21.0,1,7.0,0,1,"en-GB,en-US",esim korea,国家页,/compare/south-korea/,已覆盖,KR,south-korea,,否
esim malaysia termurah,国家·核心,21.0,1,7.0,0,1,"en-GB,en-US",esim malaysia,国家页,/compare/malaysia/,已覆盖,MY,malaysia,,否
esim mint mobile,通用·其他,21.0,1,7.0,0,0,en-GB,esim miami,首页/枢纽,/,已覆盖,,,,否
esim mobile plans uk,国家·核心,21.0,1,7.0,0,1,en-US,uk esim plans,国家页,/compare/united-kingdom/,已覆盖,GB,united-kingdom,,否
esim new zealand telstra,国家·核心,21.0,1,7.0,0,1,"en-GB,en-US",esim new zealand,国家页,/compare/new-zealand/,已覆盖,NZ,new-zealand,,否
esim nz activation,国家·核心,21.0,1,7.0,0,1,"en-GB,en-US",esim nz,国家页,/compare/new-zealand/,已覆盖,NZ,new-zealand,,否
esim options for android,通用·设备兼容,21.0,1,7.0,0,0,"en-GB,en-US",esim for android,兼容指南,/guides/esim-compatibility-check/,已覆盖,,,,否
esim or pocket wifi japan reddit,国家·对比,21.0,1,7.0,0,0,"en-GB,en-US",esim vs pocket wifi,国家页,/compare/japan/,已覆盖,JP,japan,,否
esim para europa,通用·其他,21.0,1,7.0,0,0,en-GB,esim paris,首页/枢纽,/,已覆盖,,,,否
esim personal argentina,国家·核心,21.0,1,7.0,0,1,"en-GB,en-US",esim peru,国家页,/compare/argentina/,已覆盖,AR,argentina,,否
esim philippines maya,国家·核心,21.0,1,7.0,0,1,"en-GB,en-US",esim philippines,国家页,/compare/philippines/,已覆盖,PH,philippines,,否
esim plans for smartphones,通用·规则/规格,21.0,1,7.0,0,0,"en-GB,en-US",esim plans,首页/枢纽,/,已覆盖,,,,否
esim roaming charges,通用·全球,21.0,1,7.0,0,0,en-US,esim rome,通用枢纽,/guides/,已覆盖,,,,否
esim setup for android,通用·设备兼容,21.0,1,7.0,0,0,en-GB,esim for android,兼容指南,/guides/esim-compatibility-check/,已覆盖,,,,否
esim singapore singtel,国家·核心,21.0,1,7.0,0,1,"en-GB,en-US",esim singapore,国家页,/compare/singapore/,已覆盖,SG,singapore,,否
esim spain lebara,国家·核心,21.0,1,7.0,0,1,"en-GB,en-US",esim spain,国家页,/compare/spain/,已覆盖,ES,spain,,否
esim taiwan and japan,区域,21.0,1,7.0,0,1,"en-GB,en-US",esim taiwan,未建页型,（无区域页）,缺口,"TW,JP","taiwan,japan",,否
esim thailand ais,国家·核心,21.0,1,7.0,0,1,"en-GB,en-US",esim thailand,国家页,/compare/thailand/,已覆盖,TH,thailand,,否
esim usa travel plans,国家·核心,21.0,1,7.0,0,2,en-US,usa esim plans,国家页,/compare/united-states/,已覆盖,US,united-states,,否
esim vs sim card convenience,通用·对比,21.0,1,7.0,0,0,"en-GB,en-US",esim vs sim,形态对比指南,/guides/esim-vs-physical-sim/,已覆盖,,,,否
esim with att,通用·其他,21.0,1,7.0,0,0,en-US,is esim worth it,首页/枢纽,/,已覆盖,,,,否
esim with phone number china,国家·规格/流量,21.0,1,7.0,0,0,"en-GB,en-US",esim with phone number,国家页,/compare/china/,已覆盖,CN,china,,否
esim with phone number europe,区域,21.0,6,10.0,2,4,"en-GB,en-US",esim with phone number,区域指南,/guides/best-europe-esim/,已覆盖,,,,否
france esim orange,国家·核心,21.0,1,7.0,0,1,"en-GB,en-US",france esim,国家页,/compare/france/,已覆盖,FR,france,,否
free trial esim usa,国家·核心,21.0,1,7.0,0,1,en-US,czech republic esim unlimited,国家页,/compare/united-states/,已覆盖,US,united-states,,否
good esim for china,国家·核心,21.0,11,10.0,0,6,"en-GB,en-US",cheapest esim for china,国家页,/compare/china/,已覆盖,CN,china,,否
holafly esim card,品牌（全局）,21.0,1,7.0,0,0,"en-GB,en-US",holafly esim,品牌 Hub,/esim-providers/holafly/,已覆盖,,,holafly,否
holafly esim mauritius,品牌（全局）,21.0,1,7.0,0,1,en-US,holafly esim uk,品牌 Hub,/esim-providers/holafly/,已覆盖,,,holafly,否
how do i get an esim for japan,国家·核心,21.0,1,7.0,0,1,en-US,how to get an esim for japan,国家页,/compare/japan/,已覆盖,JP,japan,,否
how to activate esim on iphone 16,通用·设备兼容,21.0,1,7.0,0,0,"en-GB,en-US",how to activate esim,兼容指南,/guides/esim-compatibility-check/,已覆盖,,,,否
india esim airtel,国家·核心,21.0,1,7.0,0,1,"en-GB,en-US",india esim,国家页,/compare/india/,已覆盖,IN,india,,否
indian sim card in uk,国家·核心,21.0,1,7.0,0,1,en-GB,india esim card,国家页,/compare/united-kingdom/,已覆盖,GB,united-kingdom,,否
iphone 12 esim capable,通用·设备兼容,21.0,1,7.0,0,1,en-US,esim macao for iphone,兼容指南,/guides/esim-compatibility-check/,已覆盖,,,,否
ireland sim card companies,国家·核心,21.0,1,7.0,0,1,en-US,ireland sim card for tourists,国家页,/compare/ireland/,已覆盖,IE,ireland,,否
is holafly esim good for data,品牌（全局）,21.0,1,7.0,0,0,"en-GB,en-US",is holafly good,品牌 Hub,/esim-providers/holafly/,已覆盖,,,holafly,否
is iphone 16 esim only in australia,国家·设备兼容,21.0,1,7.0,0,2,en-US,esim australia for iphone,国家页,/compare/australia/,已覆盖,AU,australia,,否
israel prepaid sim card reviews,国家·核心,21.0,1,7.0,0,1,en-US,israel sim card for tourists,国家页,/compare/israel/,已覆盖,IL,israel,,否
israel prepaid sim card with data,国家·核心,21.0,1,7.0,0,1,"en-GB,en-US",israel sim card for tourists,国家页,/compare/israel/,已覆盖,IL,israel,,否
japan data sim card for tourist,国家·核心,21.0,1,7.0,0,1,en-US,japan sim card for tourists,国家页,/compare/japan/,已覆盖,JP,japan,,否
klook indonesia esim,国家·落地渠道,21.0,1,7.0,0,1,"en-GB,en-US",indonesia esim,国家页,/compare/indonesia/,已覆盖,ID,indonesia,,否
korea esim activation process,国家·核心,21.0,1,7.0,0,1,"en-GB,en-US",korea esim,国家页,/compare/south-korea/,已覆盖,KR,south-korea,,否
korea esim for tourist,国家·核心,21.0,6,8.5,0,3,"en-GB,en-US",alosim esim south korea,国家页,/compare/south-korea/,已覆盖,KR,south-korea,,否
lyca esim belgium,国家·核心,21.0,1,7.0,0,1,"en-GB,en-US",esim belgium,国家页,/compare/belgium/,已覆盖,BE,belgium,,否
malaysia sim card prepaid,国家·核心,21.0,1,7.0,0,1,"en-GB,en-US",malaysia esim card,国家页,/compare/malaysia/,已覆盖,MY,malaysia,,否
mexico esim data,国家·核心,21.0,1,7.0,0,1,"en-GB,en-US",mexico esim,国家页,/compare/mexico/,已覆盖,MX,mexico,,否
mobile data with esim,通用·其他,21.0,1,7.0,0,1,en-US,esim saudi arabia 10gb,首页/枢纽,/,已覆盖,,,,否
mobily ksa esim for visitors,国家·落地渠道,21.0,1,7.0,0,1,en-GB,ksa esim,国家页,/compare/saudi-arabia/,已覆盖,SA,saudi-arabia,,否
netherlands sim,国家·核心,21.0,1,7.0,0,1,"en-GB,en-US",netherlands esim,国家页,/compare/netherlands/,已覆盖,NL,netherlands,,否
nomad esim coupon code reddit,品牌（全局）,21.0,1,7.0,0,1,en-US,nomad esim macao,品牌 Hub,/esim-providers/nomad/,已覆盖,,,nomad,否
nomad esim purchase,品牌（全局）,21.0,1,7.0,0,1,en-US,nomad esim peru,品牌 Hub,/esim-providers/nomad/,已覆盖,,,nomad,否
nz esim compatibility,国家·设备兼容,21.0,1,7.0,0,1,"en-GB,en-US",nz esim,国家页,/compare/new-zealand/,已覆盖,NZ,new-zealand,,否
peru sim card data plans,国家·核心,21.0,1,7.0,0,1,"en-GB,en-US",peru esim card,国家页,/compare/peru/,已覆盖,PE,peru,,否
physical sim card vs esim,通用·对比,21.0,1,7.0,0,1,en-US,esim fiji vs sim,形态对比指南,/guides/esim-vs-physical-sim/,已覆盖,,,,否
portugal data esim,国家·核心,21.0,1,7.0,0,1,en-US,portugal esim,国家页,/compare/portugal/,已覆盖,PT,portugal,,否
que es el esim en iphone,通用·设备兼容,21.0,1,7.0,0,1,en-US,esim mexico for iphone,兼容指南,/guides/esim-compatibility-check/,已覆盖,,,,否
saily esim israel,品牌×国家,21.0,1,7.0,0,1,"en-GB,en-US",esim israel,品牌×国家子页,/compare/israel/saily/,已覆盖,IL,israel,saily,否
saudi arabia sim card list,国家·核心,21.0,1,7.0,0,1,"en-GB,en-US",saudi arabia esim,国家页,/compare/saudi-arabia/,已覆盖,SA,saudi-arabia,,否
saudi sim card price,通用·价格交易,21.0,1,7.0,0,1,"en-GB,en-US",saudi arabia sim card for tourists,形态对比指南,/guides/esim-vs-physical-sim/,已覆盖,,,,否
sim card for seoul korea,国家·核心,21.0,1,7.0,0,2,"en-GB,en-US",south korea sim card for tourists,国家页,/compare/south-korea/,已覆盖,KR,south-korea,,否
sim card for visitors australia,国家·核心,21.0,1,7.0,0,2,en-US,austria sim card for tourists,国家页,/compare/australia/,已覆盖,AU,australia,,否
sim card in uae,国家·核心,21.0,1,7.0,0,1,"en-GB,en-US",united arab emirates sim card for tourists,国家页,/compare/united-arab-emirates/,已覆盖,AE,united-arab-emirates,,否
sim card spain unlimited data,国家·规格/流量,21.0,1,7.0,0,1,en-US,spain sim card for tourists,国家页·无限流量区,/compare/spain/#plans,已覆盖,ES,spain,,否
sim for new zealand travel,国家·核心,21.0,1,7.0,0,1,en-US,new zealand sim card for tourists,国家页,/compare/new-zealand/,已覆盖,NZ,new-zealand,,否
singapore esim data only,国家·核心,21.0,1,7.0,0,1,"en-GB,en-US",singapore esim,国家页,/compare/singapore/,已覆盖,SG,singapore,,否
three ireland sim card,国家·核心,21.0,1,7.0,0,1,"en-GB,en-US",ireland sim card for tourists,国家页,/compare/ireland/,已覆盖,IE,ireland,,否
tourist sim card indonesia,国家·核心,21.0,1,7.0,0,1,en-US,turkiye sim card for tourists,国家页,/compare/indonesia/,已覆盖,ID,indonesia,,否
travel esim card,通用·其他,21.0,1,7.0,0,0,en-US,travel esim,形态对比指南,/guides/esim-vs-physical-sim/,已覆盖,,,,否
travel esim for fiji from australia,区域,21.0,1,7.0,0,1,"en-GB,en-US",esim for fiji,未建页型,（无区域页）,缺口,"AU,FJ","australia,fiji",,否
travel sim card malaysia,国家·核心,21.0,1,7.0,0,1,"en-GB,en-US",malaysia sim card for tourists,国家页,/compare/malaysia/,已覆盖,MY,malaysia,,否
travel sim south africa,国家·核心,21.0,1,7.0,0,2,"en-GB,en-US",south africa sim card for tourists,国家页,/compare/south-africa/,已覆盖,ZA,south-africa,,否
uk mobile providers with esim,国家·核心,21.0,1,7.0,0,1,en-US,esim coverage in uk,国家页,/compare/united-kingdom/,已覆盖,GB,united-kingdom,,否
us esim plan,国家·规格/流量,21.0,1,7.0,0,1,"en-GB,en-US",us esim,国家页,/compare/united-states/,已覆盖,US,united-states,,否
usa sim card options,国家·核心,21.0,1,7.0,0,2,en-GB,usa esim card,国家页,/compare/united-states/,已覆盖,US,united-states,,否
usa sim card prepago,国家·核心,21.0,1,7.0,0,2,en-US,usa esim card,国家页,/compare/united-states/,已覆盖,US,united-states,,否
vietnam sim card unlimited data,国家·规格/流量,21.0,1,7.0,0,1,en-GB,viet nam esim card,国家页·无限流量区,/compare/vietnam/#plans,已覆盖,VN,vietnam,,否
vodafone greece tourist sim,国家·核心,21.0,1,7.0,0,1,en-US,greece sim card for tourists,国家页,/compare/greece/,已覆盖,GR,greece,,否
vodafone spain esim,国家·核心,21.0,1,7.0,0,1,"en-GB,en-US",spain esim,国家页,/compare/spain/,已覆盖,ES,spain,,否
wecom israel esim,国家·核心,21.0,1,7.0,0,1,"en-GB,en-US",israel esim,国家页,/compare/israel/,已覆盖,IL,israel,,否
what is an esim provider,通用·问题,21.0,1,7.0,0,1,en-US,esim coverage in georgia,概念指南,/guides/what-is-an-esim/,已覆盖,,,,否
what is the best esim for india,国家·核心,21.0,1,7.0,0,1,"en-GB,en-US",best esim for india,国家页,/compare/india/,已覆盖,IN,india,,否
what is the best esim for philippines,国家·核心,21.0,1,7.0,0,1,en-US,best esim for philippines,国家页,/compare/philippines/,已覆盖,PH,philippines,,否
what is the best esim for spain,国家·核心,21.0,1,7.0,0,1,en-GB,best esim for spain,国家页,/compare/spain/,已覆盖,ES,spain,,否
what is your esim,通用·问题,21.0,1,7.0,0,0,en-US,esim for new york,概念指南,/guides/what-is-an-esim/,已覆盖,,,,否
where do i get an esim,通用·问题,21.0,1,7.0,0,1,en-US,does esim work in georgia,首页/枢纽,/,已覆盖,,,,否
where to find esim qr code,通用·价格交易,21.0,1,7.0,0,1,en-US,qatar esim coverage map,折扣页,/esim-deals/,已覆盖,,,,否
cheapest esim asia,区域,20.7,4,8.0,0,4,"en-GB,en-US",cheapest esim china,区域指南,/guides/best-asia-esim/,已覆盖,,,,否
esim or international plan,通用·全球,20.7,9,9.5,0,8,"en-GB,en-US",united arab emirates esim plans,通用枢纽,/guides/,已覆盖,,,,否
esim per il marocco,通用·其他,20.7,4,8.0,0,1,en-US,esim coverage in morocco,首页/枢纽,/,已覆盖,,,,否
esim with phone number australia,国家·规格/流量,20.7,4,8.0,0,2,"en-GB,en-US",is esim available in australia,国家页,/compare/australia/,已覆盖,AU,australia,,否
how to set up holafly esim,品牌（全局）,20.7,4,8.0,0,4,"en-GB,en-US",holafly esim hong kong,品牌 Hub,/esim-providers/holafly/,已覆盖,,,holafly,否
nomad esim discount code,品牌（全局）,20.7,4,8.0,0,3,"en-GB,en-US",esim discount code,品牌 Hub,/esim-providers/nomad/,已覆盖,,,nomad,否
can i get an ee esim,通用·问题,20.5,3,8.5,1,3,"en-GB,en-US",do i need an esim for kenya,首页/枢纽,/,已覆盖,,,,否
airalo esim installation iphone,品牌（全局）,20.3,2,7.5,0,2,"en-GB,en-US",airalo esim israel,品牌 Hub,/esim-providers/airalo/,已覆盖,,,airalo,否
best esim for australian travelling to usa,国家·核心,20.3,2,7.5,0,3,"en-GB,en-US",best esim for austria,国家页,/compare/united-states/,已覆盖,US,united-states,,否
best esim in china,国家·核心,20.3,2,7.5,0,2,en-US,czech republic esim best,国家页,/compare/china/,已覆盖,CN,china,,否
esim australia optus,国家·核心,20.3,2,7.5,0,3,"en-GB,en-US",esim australia,国家页,/compare/australia/,已覆盖,AU,australia,,否
esim card netherlands,国家·核心,20.3,2,7.5,0,1,"en-GB,en-US",esim netherlands,国家页,/compare/netherlands/,已覆盖,NL,netherlands,,否
esim for australian travellers,通用·其他,20.3,2,7.5,0,3,"en-GB,en-US",esim for australia,首页/枢纽,/,已覆盖,,,,否
esim for canary islands,通用·其他,20.3,2,7.5,0,2,"en-GB,en-US",yesim esim costa rica,首页/枢纽,/,已覆盖,,,,否
esim to use in europe,区域,20.3,12,10.5,0,11,"en-GB,en-US",does esim work in belgium,区域指南,/guides/best-europe-esim/,已覆盖,,,,否
how to get esim etisalat,通用·问题,20.3,2,7.5,0,1,en-US,how to get an esim for qatar,首页/枢纽,/,已覆盖,,,,否
morocco sim card unlimited data,国家·规格/流量,20.3,2,7.5,0,1,"en-GB,en-US",morocco esim card,国家页·无限流量区,/compare/morocco/#plans,已覆盖,MA,morocco,,否
saudi esim for tourist,通用·其他,20.3,17,12.0,0,4,"en-GB,en-US",roami esim saudi arabia,首页/枢纽,/,已覆盖,,,,否
south america esim card,区域,20.3,7,9.0,0,4,"en-GB,en-US",argentina esim coverage map,区域指南,/guides/best-americas-esim/,已覆盖,,,,否
ee esim with roaming,通用·全球,20.2,6,9.5,1,7,"en-GB,en-US",roami esim united arab emirates,通用枢纽,/guides/,已覆盖,,,,否
esim tunisia unlimited data,通用·规则/规格,20.2,11,11.0,1,6,"en-GB,en-US",unlimited data esim fiji,无限流量研究,/research/unlimited-esim/,已覆盖,,,,否
australian esim for europe,区域,20.0,15,11.5,0,5,"en-GB,en-US",austria esim coverage map,区域指南,/guides/best-europe-esim/,已覆盖,,,,否
italian esim with phone number,通用·规则/规格,19.8,4,9.0,1,1,"en-GB,en-US",esim for italy review,首页/枢纽,/,已覆盖,,,,否
airalo esim installation video,品牌（全局）,19.7,3,8.0,0,3,"en-GB,en-US",airalo esim israel,品牌 Hub,/esim-providers/airalo/,已覆盖,,,airalo,否
best esim for london uk,国家·核心,19.7,3,8.0,0,3,"en-GB,en-US",best esim for ireland and uk,国家页,/compare/united-kingdom/,已覆盖,GB,united-kingdom,,否
best esim for travel in europe,区域,19.7,3,8.0,0,4,"en-GB,en-US",best esim for croatia and italy,区域指南,/guides/best-europe-esim/,已覆盖,,,,否
best esim for usa travel from uk,区域,19.7,3,8.0,0,3,"en-GB,en-US",best esim for usa,未建页型,（无区域页）,缺口,"US,GB","united-states,united-kingdom",,否
buy an esim online,通用·其他,19.7,8,9.5,0,7,en-US,is esim available in czechia,首页/枢纽,/,已覆盖,,,,否
cheapest esim indonesia,国家·价格/交易,19.7,3,8.0,0,3,en-GB,cheapest esim india,国家页,/compare/indonesia/,已覆盖,ID,indonesia,,否
china mobile esim plans,国家·规格/流量,19.7,3,8.0,0,2,"en-GB,en-US",china esim coverage map,国家页,/compare/china/,已覆盖,CN,china,,是
compare esim for usa,国家·对比,19.7,8,9.5,0,4,"en-GB,en-US",esim for czech republic review,国家页,/compare/united-states/,已覆盖,US,united-states,,否
esim card for japan,国家·核心,19.7,3,8.0,0,2,"en-GB,en-US",japan esim coverage map,国家页,/compare/japan/,已覆盖,JP,japan,,否
esim for use in usa,国家·核心,19.7,3,8.0,0,2,"en-GB,en-US",esim for uae,国家页,/compare/united-states/,已覆盖,US,united-states,,否
esim only deals unlimited,通用·设备兼容,19.7,3,8.0,0,3,en-US,cape town esim unlimited,折扣页,/esim-deals/,已覆盖,,,,否
esim vietnam travel guide,国家·核心,19.7,3,8.0,0,2,"en-GB,en-US",esim vietnam,国家页,/compare/vietnam/,已覆盖,VN,vietnam,,否
how to buy esim,通用·问题,19.7,3,8.0,0,3,"en-GB,en-US",esim for israel review,首页/枢纽,/,已覆盖,,,,否
is an esim better,通用·对比,19.7,3,8.0,0,3,en-US,esim for israel review,首页/枢纽,/,已覆盖,,,,否
malaysia esim card for tourist,国家·核心,19.7,3,8.0,0,1,"en-GB,en-US",malaysia esim coverage map,国家页,/compare/malaysia/,已覆盖,MY,malaysia,,否
roamic esim albanien,品牌（全局）,19.7,3,8.0,0,1,"en-GB,en-US",roamic esim,品牌 Hub,/esim-providers/roamic/,已覆盖,,,roamic,否
saily esim instructions,品牌（全局）,19.7,3,8.0,0,3,en-GB,saily esim india,品牌 Hub,/esim-providers/saily/,已覆盖,,,saily,否
sim vs esim benefits,通用·对比,19.7,3,8.0,0,4,en-US,esim australia vs sim,形态对比指南,/guides/esim-vs-physical-sim/,已覆盖,,,,否
esim france england norway,区域,19.5,7,10.0,1,5,"en-GB,en-US",esim for norway and sweden,未建页型,（无区域页）,缺口,"FR,GB","france,united-kingdom",,否
holafly esim compatible phones,品牌（全局）,19.5,2,8.5,1,1,en-US,holafly esim macao,品牌 Hub,/esim-providers/holafly/,已覆盖,,,holafly,否
saily esim europe review,品牌（全局）,19.5,7,10.0,1,9,"en-GB,en-US",saily esim colombia,品牌 Hub,/esim-providers/saily/,已覆盖,,,saily,否
best esim for malawi,通用·其他,19.3,6,9.0,0,4,"en-GB,en-US",best esim for fiji 2026,首页/枢纽,/,已覆盖,,,,是
best esim new zealand,国家·核心,19.3,1,7.5,0,1,"en-GB,en-US",cape town esim reddit,国家页,/compare/new-zealand/,已覆盖,NZ,new-zealand,,否
best sim card for italy travel,国家·核心,19.3,1,7.5,0,1,"en-GB,en-US",italy sim card for tourists,国家页,/compare/italy/,已覆盖,IT,italy,,否
best travel sim card for vietnam,国家·核心,19.3,1,7.5,0,1,"en-GB,en-US",vietnam sim card for tourists,国家页,/compare/vietnam/,已覆盖,VN,vietnam,,否
cheap esim for japan,国家·价格/交易,19.3,11,12.0,2,7,"en-GB,en-US",cheapest esim for japan,国家页,/compare/japan/,已覆盖,JP,japan,,否
china sim card for travel,国家·核心,19.3,1,7.5,0,1,"en-GB,en-US",china esim card,国家页,/compare/china/,已覆盖,CN,china,,否
esim card for argentina,国家·核心,19.3,1,7.5,0,1,"en-GB,en-US",esim for argentina,国家页,/compare/argentina/,已覆盖,AR,argentina,,否
esim cards for ireland,国家·核心,19.3,1,7.5,0,1,"en-GB,en-US",esim for ireland,国家页,/compare/ireland/,已覆盖,IE,ireland,,否
esim for at sea,通用·其他,19.3,6,9.0,0,3,en-US,alosim esim united arab emirates,首页/枢纽,/,已覆盖,,,,否
esim metro qr code,通用·价格交易,19.3,1,7.5,0,1,"en-GB,en-US",qatar esim coverage map,折扣页,/esim-deals/,已覆盖,,,,否
esim price in japan,国家·价格/交易,19.3,6,9.0,0,4,"en-GB,en-US",south korea esim price,国家页,/compare/japan/,已覆盖,JP,japan,,否
esim sri lanka dialog,通用·其他,19.3,1,7.5,0,1,"en-GB,en-US",esim for india and sri lanka,首页/枢纽,/,已覆盖,,,,否
germany dedicated sim card,国家·核心,19.3,1,7.5,0,1,"en-GB,en-US",germany sim card for tourists,国家页,/compare/germany/,已覆盖,DE,germany,,否
gigsky esim costa rica,国家·核心,19.3,1,7.5,0,1,"en-GB,en-US",ubigi esim costa rica,国家页,/compare/costa-rica/,已覆盖,CR,costa-rica,,否
gomo ireland esim,国家·核心,19.3,1,7.5,0,1,"en-GB,en-US",ireland esim,国家页,/compare/ireland/,已覆盖,IE,ireland,,否
how to activate esim on iphone 17,通用·设备兼容,19.3,1,7.5,0,0,"en-GB,en-US",how to activate esim,兼容指南,/guides/esim-compatibility-check/,已覆盖,,,,否
how to apply for esim,通用·问题,19.3,11,10.5,0,9,"en-GB,en-US",how to get an esim for georgia,首页/枢纽,/,已覆盖,,,,否
how to install esim on android,通用·设备兼容,19.3,1,7.5,0,0,"en-GB,en-US",how to install esim,兼容指南,/guides/esim-compatibility-check/,已覆盖,,,,否
japan tourist sim card price,国家·价格/交易,19.3,1,7.5,0,1,"en-GB,en-US",fiji sim card for tourists,国家页,/compare/japan/,已覆盖,JP,japan,,否
klook south korea esim,国家·落地渠道,19.3,1,7.5,0,2,"en-GB,en-US",south korea esim,国家页,/compare/south-korea/,已覆盖,KR,south-korea,,否
new zealand sim card for travellers,国家·核心,19.3,1,7.5,0,1,"en-GB,en-US",new zealand sim card for tourists,国家页,/compare/new-zealand/,已覆盖,NZ,new-zealand,,否
nomad esim south africa,品牌×国家,19.3,6,12.0,4,7,"en-GB,en-US",nomad esim new zealand,品牌×国家子页,/compare/south-africa/nomad/,已覆盖,ZA,south-africa,nomad,否
nz sim card auckland airport,国家·落地渠道,19.3,1,7.5,0,1,"en-GB,en-US",nz esim card,国家页,/compare/new-zealand/,已覆盖,NZ,new-zealand,,否
one new zealand esim,国家·核心,19.3,6,9.0,0,2,"en-GB,en-US",new zealand esim plans,国家页,/compare/new-zealand/,已覆盖,NZ,new-zealand,,否
one nz esim top up,国家·规格/流量,19.3,1,7.5,0,0,"en-GB,en-US",esim top up,国家页,/compare/new-zealand/,已覆盖,NZ,new-zealand,,否
qr code for esim,通用·价格交易,19.3,1,7.5,0,1,"en-GB,en-US",qatar esim coverage map,折扣页,/esim-deals/,已覆盖,,,,否
sim card for canada,国家·核心,19.3,1,7.5,0,1,"en-GB,en-US",canada sim card for tourists,国家页,/compare/canada/,已覆盖,CA,canada,,否
sim card for china and hong kong,区域,19.3,1,7.5,0,1,"en-GB,en-US",hong kong sim card for tourists,未建页型,（无区域页）,缺口,"HK,CN","hong-kong,china",,否
sim card price in qatar airport,国家·落地渠道,19.3,1,7.5,0,1,"en-GB,en-US",qatar sim card for tourists,国家页,/compare/qatar/,已覆盖,QA,qatar,,否
travel sim card singapore,国家·核心,19.3,1,7.5,0,1,"en-GB,en-US",singapore sim card for tourists,国家页,/compare/singapore/,已覆盖,SG,singapore,,否
ubigi esim discount code,品牌（全局）,19.3,6,9.0,0,6,"en-GB,en-US",ubigi esim india,品牌 Hub,/esim-providers/ubigi/,已覆盖,,,ubigi,否
uk sim card pay as you go,国家·核心,19.3,1,7.5,0,1,"en-GB,en-US",uk esim card,国家页,/compare/united-kingdom/,已覆盖,GB,united-kingdom,,否
what is an esim profile,通用·问题,19.3,1,7.5,0,0,"en-GB,en-US",what is an esim,概念指南,/guides/what-is-an-esim/,已覆盖,,,,否
what is the best esim for france,国家·核心,19.3,1,7.5,0,1,"en-GB,en-US",best esim for france,国家页,/compare/france/,已覆盖,FR,france,,否
what is the best esim to use in spain,国家·核心,19.3,1,7.5,0,1,"en-GB,en-US",best esim for spain,国家页,/compare/spain/,已覆盖,ES,spain,,否
where can i buy an esim,通用·问题,19.3,6,9.0,0,4,"en-GB,en-US",is esim available in georgia,首页/枢纽,/,已覆盖,,,,否
esim comparison for usa,国家·对比,19.2,10,11.0,1,6,"en-GB,en-US",esim for czech republic review,国家页,/compare/united-states/,已覆盖,US,united-states,,否
esim for travelling to new zealand,国家·核心,19.0,9,10.0,0,5,"en-GB,en-US",does esim work in new zealand,国家页,/compare/new-zealand/,已覆盖,NZ,new-zealand,,否
esim vietnam with number,国家·核心,19.0,19,14.0,0,2,"en-GB,en-US",viet nam esim 2026,国家页,/compare/vietnam/,已覆盖,VN,vietnam,,否
holafly esim japan review,品牌×国家,19.0,9,15.0,4,10,"en-GB,en-US",holafly esim japan,品牌×国家子页,/compare/japan/holafly/,已覆盖,JP,japan,holafly,否
how to get an esim ee,通用·问题,19.0,4,8.5,0,4,en-US,how to get an esim for iceland,首页/枢纽,/,已覆盖,,,,否
nanosim / esim,通用·其他,19.0,4,8.5,0,5,"en-GB,en-US",alosim esim saudi arabia,首页/枢纽,/,已覆盖,,,,否
esim for roaming usa,国家·核心,18.8,3,9.0,1,2,"en-GB,en-US",roami esim united arab emirates,国家页,/compare/united-states/,已覆盖,US,united-states,,否
europe esim unlimited data,区域,18.8,3,9.0,1,3,en-US,france esim unlimited data,区域指南,/guides/best-europe-esim/,已覆盖,,,,否
airalo esim card uk,品牌×国家,18.7,2,8.0,0,2,"en-GB,en-US",airalo esim saudi arabia,品牌×国家子页,/compare/united-kingdom/airalo/,已覆盖,GB,united-kingdom,airalo,否
airalo esim instructions,品牌（全局）,18.7,2,8.0,0,2,en-GB,airalo esim india,品牌 Hub,/esim-providers/airalo/,已覆盖,,,airalo,否
australia sim card for international students,国家·核心,18.7,2,8.0,0,3,"en-GB,en-US",australia esim card,国家页,/compare/australia/,已覆盖,AU,australia,,否
best esim card for italy,国家·核心,18.7,2,8.0,0,1,"en-GB,en-US",best esim for italy 2026,国家页,/compare/italy/,已覆盖,IT,italy,,否
best esim for australia and singapore,区域,18.7,2,8.0,0,3,"en-GB,en-US",best esim for australia,未建页型,（无区域页）,缺口,"SG,AU","singapore,australia",,否
best esim for french polynesia,通用·其他,18.7,2,8.0,0,2,"en-GB,en-US",best esim for france,首页/枢纽,/,已覆盖,,,,是
best esim for international travel,通用·全球,18.7,2,8.0,0,1,"en-GB,en-US",esim for international travel,通用枢纽,/guides/,已覆盖,,,,否
best esim for turkey and europe,区域,18.7,2,8.0,0,2,"en-GB,en-US",best esim for turkiye,区域指南,/guides/best-europe-esim/,已覆盖,,,,否
buy esim for india,国家·核心,18.7,12,11.0,0,5,"en-GB,en-US",do i need an esim for india,国家页,/compare/india/,已覆盖,IN,india,,否
does china have esim,国家·核心,18.7,2,8.0,0,1,"en-GB,en-US",do i need an esim for china,国家页,/compare/china/,已覆盖,CN,china,,否
esim card for travel to iceland,国家·核心,18.7,2,8.0,0,1,"en-GB,en-US",iceland esim card,国家页,/compare/iceland/,已覆盖,IS,iceland,,否
esim companies in australia,国家·核心,18.7,2,8.0,0,2,"en-GB,en-US",does esim work in australia,国家页,/compare/australia/,已覆盖,AU,australia,,否
esim for iphone 16,通用·设备兼容,18.7,2,8.0,0,1,"en-GB,en-US",esim israel for iphone,兼容指南,/guides/esim-compatibility-check/,已覆盖,,,,否
esim for japan trip,国家·核心,18.7,2,8.0,0,1,"en-GB,en-US",esim for japan,国家页,/compare/japan/,已覆盖,JP,japan,,否
esim for mauritius,城市,18.7,2,8.0,0,1,"en-GB,en-US",esim for miami,未建页型（禁区）,（无城市页，建议并入国家页）,缺口,,,,否
esim for usa from australia,区域,18.7,7,9.5,0,3,"en-GB,en-US",do i need an esim for australia,未建页型,（无区域页）,缺口,"AU,US","australia,united-states",,否
esim for use in uk,国家·核心,18.7,2,8.0,0,2,"en-GB,en-US",esim for uae,国家页,/compare/united-kingdom/,已覆盖,GB,united-kingdom,,否
esim turkey maya,通用·其他,18.7,2,8.0,0,2,"en-GB,en-US",esim turkey,首页/枢纽,/,已覆盖,,,,否
esim turkey prepaid options,通用·其他,18.7,2,8.0,0,2,"en-GB,en-US",esim turkiye,首页/枢纽,/,已覆盖,,,,否
esim usa airalo,品牌×国家,18.7,2,8.0,0,2,"en-GB,en-US",esim usa,品牌×国家子页,/compare/united-states/airalo/,已覆盖,US,united-states,airalo,否
holafly esim internacional,品牌（全局）,18.7,2,8.0,0,2,"en-GB,en-US",holafly esim india,品牌 Hub,/esim-providers/holafly/,已覆盖,,,holafly,否
holafly esim promo code,品牌（全局）,18.7,2,8.0,0,2,en-US,holafly esim peru,品牌 Hub,/esim-providers/holafly/,已覆盖,,,holafly,否
how does jetpac esim work,品牌（全局）,18.7,7,9.5,0,9,"en-GB,en-US",jetpac esim saudi arabia,品牌 Hub,/esim-providers/jetpac/,已覆盖,,,jetpac,否
how to buy esim in china,国家·核心,18.7,2,8.0,0,2,"en-GB,en-US",cheapest esim for china,国家页,/compare/china/,已覆盖,CN,china,,否
is esim worth it,通用·价格交易,18.7,2,8.0,0,2,"en-GB,en-US",esim for israel review,首页/枢纽,/,已覆盖,,,,否
que es esim y sim,通用·其他,18.7,2,8.0,0,2,en-US,esim argentina vs sim,首页/枢纽,/,已覆盖,,,,否
sim card in australia for travellers,国家·核心,18.7,2,8.0,0,3,"en-GB,en-US",austria sim card for tourists,国家页,/compare/australia/,已覆盖,AU,australia,,否
south african sim card,区域,18.7,2,8.0,0,2,"en-GB,en-US",south africa sim card for tourists,区域指南,/guides/best-africa-middle-east-esim/,已覆盖,,,,否
thailand esim for tourist,国家·核心,18.7,2,8.0,0,2,en-US,how to get an esim for thailand,国家页,/compare/thailand/,已覆盖,TH,thailand,,否
thailand sim card for indian tourist,国家·核心,18.7,2,8.0,0,2,"en-GB,en-US",india sim card for tourists,国家页,/compare/thailand/,已覆盖,TH,thailand,,否
trip.com esim hong kong,国家·核心,18.7,2,8.0,0,1,"en-GB,en-US",cheapest esim hong kong,国家页,/compare/hong-kong/,已覆盖,HK,hong-kong,,否
turkey esim voice and data,通用·规则/规格,18.7,2,8.0,0,2,"en-GB,en-US",turkey esim,首页/枢纽,/,已覆盖,,,,否
ubigi esim uk,品牌×国家,18.7,2,8.0,0,1,"en-GB,en-US",ubigi esim,品牌×国家子页,/compare/united-kingdom/ubigi/,已覆盖,GB,united-kingdom,ubigi,否
usa esim in india,区域,18.7,2,8.0,0,1,"en-GB,en-US",india esim coverage map,未建页型,（无区域页）,缺口,"IN,US","india,united-states",,否
usa sim cards for visitors,国家·核心,18.7,2,8.0,0,3,"en-GB,en-US",usa esim card,国家页,/compare/united-states/,已覆盖,US,united-states,,否
vietnam esim with phone number,国家·规格/流量,18.7,2,8.0,0,2,"en-GB,en-US",vietnam esim,国家页,/compare/vietnam/,已覆盖,VN,vietnam,,否
what is an esim australia,国家·核心,18.7,2,8.0,0,3,"en-GB,en-US",what is an esim,国家页,/compare/australia/,已覆盖,AU,australia,,否
what is an esim south africa,国家·核心,18.7,2,8.0,0,1,en-US,cape town esim coverage map,国家页,/compare/south-africa/,已覆盖,ZA,south-africa,,否
esim plans for international travel,通用·全球,18.5,6,10.0,1,6,en-US,united arab emirates esim plans,通用枢纽,/guides/,已覆盖,,,,否
airalo esim card usa,品牌×国家,18.3,5,9.0,0,5,"en-GB,en-US",airalo esim usa,品牌×国家子页,/compare/united-states/airalo/,已覆盖,US,united-states,airalo,否
airalo global esim review,品牌（全局）,18.3,5,9.0,0,7,en-US,airalo esim united arab emirates,品牌 Hub,/esim-providers/airalo/,已覆盖,,,airalo,否
buy esim in china,国家·核心,18.3,5,9.0,0,4,"en-GB,en-US",does esim work in china,国家页,/compare/china/,已覆盖,CN,china,,否
buy esim online malaysia,国家·核心,18.3,15,12.0,0,4,"en-GB,en-US",does esim work in malaysia,国家页,/compare/malaysia/,已覆盖,MY,malaysia,,否
esim for europe from canada,国家·核心,18.3,15,12.0,0,6,"en-GB,en-US",is esim available in canada,国家页,/compare/canada/,已覆盖,CA,canada,,否
europe sim card for tourist,区域,18.3,15,12.0,0,16,"en-GB,en-US",croatia sim card for tourists,区域指南,/guides/best-europe-esim/,已覆盖,,,,否
iphone hong kong esim,国家·设备兼容,18.3,5,9.0,0,5,en-US,esim hong kong 10gb,国家页,/compare/hong-kong/,已覆盖,HK,hong-kong,,否
what is iphone esim,通用·设备兼容,18.3,5,9.0,0,5,en-US,esim turkiye for iphone,兼容指南,/guides/esim-compatibility-check/,已覆盖,,,,否
esim for bali australia,国家·核心,18.2,4,9.5,1,2,"en-GB,en-US",bali esim coverage map,国家页,/compare/australia/,已覆盖,AU,australia,,否
esim compatible phones south africa,国家·设备兼容,18.0,8,10.0,0,4,"en-GB,en-US",esim south africa for iphone,国家页,/compare/south-africa/,已覆盖,ZA,south-africa,,否
esim for international travel in nz,国家·核心,18.0,3,8.5,0,2,"en-GB,en-US",esim for international travel,国家页,/compare/new-zealand/,已覆盖,NZ,new-zealand,,否
esim for north america,区域,18.0,8,10.0,0,3,"en-GB,en-US",esim for las vegas,区域指南,/guides/best-americas-esim/,已覆盖,,,,是
esim vietnam mobile internet,国家·核心,18.0,3,8.5,0,2,"en-GB,en-US",esim vienna,国家页,/compare/vietnam/,已覆盖,VN,vietnam,,否
ubigi esim japan and korea,区域,18.0,8,10.0,0,9,"en-GB,en-US",ubigi esim japan,品牌 Hub·区域覆盖,/esim-providers/ubigi/,已覆盖,"KR,JP","south-korea,japan",ubigi,否
what is better sim or esim,通用·对比,18.0,8,10.0,0,9,en-US,esim india vs sim,概念指南,/guides/what-is-an-esim/,已覆盖,,,,否
where to buy esim in philippines,国家·核心,18.0,8,10.0,0,7,en-US,does esim work in philippines,国家页,/compare/philippines/,已覆盖,PH,philippines,,否
airalo esim card mexico,品牌×国家,17.8,2,9.0,1,2,"en-GB,en-US",airalo esim mexico,品牌×国家子页,/compare/mexico/airalo/,已覆盖,MX,mexico,airalo,否
airalo esim korea,品牌×国家,17.8,2,9.0,1,1,"en-GB,en-US",airalo esim uk,品牌×国家子页,/compare/south-korea/airalo/,已覆盖,KR,south-korea,airalo,否
cheap esim for egypt,国家·价格/交易,17.8,2,9.0,1,1,"en-GB,en-US",cheap esim egypt,国家页,/compare/egypt/,已覆盖,EG,egypt,,否
esim china prepaid options,国家·核心,17.8,2,9.0,1,1,"en-GB,en-US",esim china price,国家页,/compare/china/,已覆盖,CN,china,,否
mobily esim saudi arabia,国家·核心,17.8,2,9.0,1,1,"en-GB,en-US",esim saudi arabia 10gb,国家页,/compare/saudi-arabia/,已覆盖,SA,saudi-arabia,,否
new zealand esim prepaid,国家·核心,17.8,2,9.0,1,1,"en-GB,en-US",new zealand esim price,国家页,/compare/new-zealand/,已覆盖,NZ,new-zealand,,否
sim card for australia travel,国家·核心,17.8,2,9.0,1,3,"en-GB,en-US",austria sim card for tourists,国家页,/compare/australia/,已覆盖,AU,australia,,否
airalo esim global,品牌（全局）,17.7,1,8.0,0,0,en-US,airalo esim,品牌 Hub,/esim-providers/airalo/,已覆盖,,,airalo,否
airalo esim installation instructions,品牌（全局）,17.7,1,8.0,0,1,en-US,airalo esim israel,品牌 Hub,/esim-providers/airalo/,已覆盖,,,airalo,否
ais tourist sim card,通用·其他,17.7,1,8.0,0,2,en-US,austria sim card for tourists,形态对比指南,/guides/esim-vs-physical-sim/,已覆盖,,,,否
bali esim providers,城市,17.7,1,8.0,0,1,"en-GB,en-US",bali esim,未建页型（禁区）,（无城市页，建议并入国家页）,缺口,,,,否
bali sim card unlimited data,城市,17.7,1,8.0,0,1,"en-GB,en-US",bali esim card,未建页型（禁区）,（无城市页，建议并入国家页）,缺口,,,,否
best data esim for india,国家·核心,17.7,1,8.0,0,1,en-GB,best esim for india,国家页,/compare/india/,已覆盖,IN,india,,否
best esim cape verde,通用·其他,17.7,1,8.0,0,1,"en-GB,en-US",cape town esim best,首页/枢纽,/,已覆盖,,,,否
best esim card for india,国家·核心,17.7,1,8.0,0,1,en-US,india esim card,国家页,/compare/india/,已覆盖,IN,india,,否
best esim cards for japan and korea,区域,17.7,1,8.0,0,1,en-GB,best esim for korea,未建页型,（无区域页）,缺口,"KR,JP","south-korea,japan",,否
best esim for bali for 7 days,城市,17.7,1,8.0,0,1,"en-GB,en-US",best esim for bali,未建页型（禁区）,（无城市页，建议并入国家页）,缺口,,,,否
best esim for london and dublin,城市,17.7,1,8.0,0,0,"en-GB,en-US",esim for london,未建页型（禁区）,（无城市页，建议并入国家页）,缺口,,,,否
best esim for thailand travel from canada,区域,17.7,1,8.0,0,1,"en-GB,en-US",best esim for thailand,未建页型,（无区域页）,缺口,"TH,CA","thailand,canada",,否
best esim for us travel,国家·核心,17.7,1,8.0,0,1,en-US,best esim for us,国家页,/compare/united-states/,已覆盖,US,united-states,,否
best esim in vietnam,国家·核心,17.7,1,8.0,0,2,en-US,best esim for thailand and vietnam,国家页,/compare/vietnam/,已覆盖,VN,vietnam,,否
best esim rome italy,国家·核心,17.7,1,8.0,0,0,en-GB,esim rome,国家页,/compare/italy/,已覆盖,IT,italy,,否
best japan sim card for tourist,国家·核心,17.7,1,8.0,0,1,en-US,japan sim card for tourists,国家页,/compare/japan/,已覆盖,JP,japan,,否
best sim card data in the philippines,国家·核心,17.7,1,8.0,0,1,en-US,philippines sim card for tourists,国家页,/compare/philippines/,已覆盖,PH,philippines,,否
best sim only deals,通用·价格交易,17.7,1,8.0,0,0,en-GB,best esim,折扣页,/esim-deals/,已覆盖,,,,否
best travel esim new zealand,国家·核心,17.7,1,8.0,0,1,"en-GB,en-US",cape town esim best,国家页,/compare/new-zealand/,已覆盖,NZ,new-zealand,,否
buy an esim canada,国家·核心,17.7,11,11.0,0,4,"en-GB,en-US",does esim work in canada,国家页,/compare/canada/,已覆盖,CA,canada,,否
buy sim card in vietnam,国家·核心,17.7,1,8.0,0,1,"en-GB,en-US",vietnam sim card for tourists,国家页,/compare/vietnam/,已覆盖,VN,vietnam,,否
buying a sim card in france,国家·核心,17.7,1,8.0,0,1,"en-GB,en-US",france sim card for tourists,国家页,/compare/france/,已覆盖,FR,france,,否
buying a sim card in mexico,国家·核心,17.7,1,8.0,0,1,"en-GB,en-US",mexico sim card for tourists,国家页,/compare/mexico/,已覆盖,MX,mexico,,否
canada esim reddit,国家·核心,17.7,1,8.0,0,1,"en-GB,en-US",canada esim,国家页,/compare/canada/,已覆盖,CA,canada,,否
canadian sim card uk,国家·核心,17.7,1,8.0,0,1,en-GB,canada esim card,国家页,/compare/united-kingdom/,已覆盖,GB,united-kingdom,,否
cheapest esim deals uk,国家·价格/交易,17.7,1,8.0,0,1,en-GB,cheapest esim uk,国家页,/compare/united-kingdom/,已覆盖,GB,united-kingdom,,否
cheapest phone with esim,通用·价格交易,17.7,1,8.0,0,1,en-US,cheapest esim for fiji,首页/枢纽,/,已覆盖,,,,否
china esim 1 day,国家·规格/流量,17.7,1,8.0,0,1,"en-GB,en-US",china esim,国家页,/compare/china/,已覆盖,CN,china,,否
china sim card with number,国家·核心,17.7,1,8.0,0,1,en-GB,china esim card,国家页,/compare/china/,已覆盖,CN,china,,否
does china mobile support esim,国家·核心,17.7,1,8.0,0,1,en-US,esim coverage in china,国家页,/compare/china/,已覆盖,CN,china,,否
does esim cost extra,通用·价格交易,17.7,1,8.0,0,1,en-US,esim coverage in israel,首页/枢纽,/,已覆盖,,,,否
download esim on google,通用·其他,17.7,1,8.0,0,1,"en-GB,en-US",esim for georgia review,首页/枢纽,/,已覆盖,,,,否
esim argentina movistar,国家·核心,17.7,1,8.0,0,1,"en-GB,en-US",esim argentina,国家页,/compare/argentina/,已覆盖,AR,argentina,,否
esim bereich,通用·其他,17.7,1,8.0,0,0,en-GB,esim berlin,首页/枢纽,/,已覆盖,,,,否
esim card for cruise ship,通用·其他,17.7,1,8.0,0,0,"en-GB,en-US",esim for cruise,形态对比指南,/guides/esim-vs-physical-sim/,已覆盖,,,,否
esim card for the uk,国家·核心,17.7,1,8.0,0,1,en-US,esim coverage in uk,国家页,/compare/united-kingdom/,已覆盖,GB,united-kingdom,,否
esim card iphone,通用·设备兼容,17.7,1,8.0,0,0,en-US,esim cairo,兼容指南,/guides/esim-compatibility-check/,已覆盖,,,,否
esim card morocco,国家·核心,17.7,1,8.0,0,1,en-US,esim morocco,国家页,/compare/morocco/,已覆盖,MA,morocco,,否
esim cards for new zealand,国家·核心,17.7,1,8.0,0,1,en-US,esim for new zealand,国家页,/compare/new-zealand/,已覆盖,NZ,new-zealand,,否
esim cellcom israel,国家·核心,17.7,1,8.0,0,1,en-GB,esim israel,国家页,/compare/israel/,已覆盖,IL,israel,,否
esim china mainland,国家·核心,17.7,1,8.0,0,1,"en-GB,en-US",esim china,国家页,/compare/china/,已覆盖,CN,china,,否
esim claro argentina,国家·核心,17.7,1,8.0,0,1,en-GB,argentina esim,国家页,/compare/argentina/,已覆盖,AR,argentina,,否
esim claro peru,国家·核心,17.7,1,8.0,0,1,en-US,esim peru,国家页,/compare/peru/,已覆盖,PE,peru,,否
esim colombia holafly,品牌×国家,17.7,1,8.0,0,1,"en-GB,en-US",esim colombia,品牌×国家子页,/compare/colombia/holafly/,已覆盖,CO,colombia,holafly,否
esim data plan uk ee,国家·规格/流量,17.7,1,8.0,0,0,"en-GB,en-US",esim data plan,国家页,/compare/united-kingdom/,已覆盖,GB,united-kingdom,,否
esim data plans in canada,国家·核心,17.7,1,8.0,0,1,en-US,canada esim plans,国家页,/compare/canada/,已覆盖,CA,canada,,否
esim deals for tourists,通用·价格交易,17.7,1,8.0,0,0,"en-GB,en-US",esim deals,折扣页,/esim-deals/,已覆盖,,,,否
esim europe,区域,17.7,1,8.0,0,0,en-GB,esim,区域指南,/guides/best-europe-esim/,已覆盖,,,,否
esim for china from india,区域,17.7,1,8.0,0,1,"en-GB,en-US",esim for china,未建页型,（无区域页）,缺口,"IN,CN","india,china",,否
esim for europe travel from india,国家·核心,17.7,1,8.0,0,1,"en-GB,en-US",esim for europe,国家页,/compare/india/,已覆盖,IN,india,,否
esim for india travel from uk,区域,17.7,1,8.0,0,1,"en-GB,en-US",esim for india,未建页型,（无区域页）,缺口,"IN,GB","india,united-kingdom",,否
esim for italy and greece,区域,17.7,1,8.0,0,1,"en-GB,en-US",esim for italy,未建页型,（无区域页）,缺口,"GR,IT","greece,italy",,否
esim for japan comparison,国家·对比,17.7,6,11.0,2,2,"en-GB,en-US",esim for fiji review,国家页,/compare/japan/,已覆盖,JP,japan,,否
esim for nepal,通用·其他,17.7,1,8.0,0,1,en-GB,esim for nz,首页/枢纽,/,已覆盖,,,,否
esim for saudi,通用·其他,17.7,1,8.0,0,1,en-US,esim for ksa,首页/枢纽,/,已覆盖,,,,否
esim for the caribbean,区域,17.7,1,8.0,0,0,"en-GB,en-US",esim for rio de janeiro,区域指南,/guides/best-americas-esim/,已覆盖,,,,否
esim for uk to uk,国家·核心,17.7,1,8.0,0,1,"en-GB,en-US",esim for uk,国家页,/compare/united-kingdom/,已覆盖,GB,united-kingdom,,否
esim france voyage,国家·核心,17.7,1,8.0,0,1,"en-GB,en-US",esim france,国家页,/compare/france/,已覆盖,FR,france,,否
esim google fi iphone,通用·设备兼容,17.7,1,8.0,0,1,en-US,esim turkiye for iphone,兼容指南,/guides/esim-compatibility-check/,已覆盖,,,,否
esim holafly como funciona,品牌（全局）,17.7,1,8.0,0,1,en-US,holafly esim costa rica,品牌 Hub,/esim-providers/holafly/,已覆盖,,,holafly,否
esim india activation process,国家·核心,17.7,1,8.0,0,1,"en-GB,en-US",esim india,国家页,/compare/india/,已覆盖,IN,india,,否
esim indonesia murah,国家·核心,17.7,1,8.0,0,1,"en-GB,en-US",esim indonesia,国家页,/compare/indonesia/,已覆盖,ID,indonesia,,否
esim korea mobile internet,国家·核心,17.7,1,8.0,0,1,"en-GB,en-US",esim korea,国家页,/compare/south-korea/,已覆盖,KR,south-korea,,否
esim malaysia digi,国家·核心,17.7,1,8.0,0,1,"en-GB,en-US",esim malaysia,国家页,/compare/malaysia/,已覆盖,MY,malaysia,,否
esim mexico providers,国家·核心,17.7,1,8.0,0,1,"en-GB,en-US",esim mexico,国家页,/compare/mexico/,已覆盖,MX,mexico,,否
esim nz spark,国家·核心,17.7,1,8.0,0,1,"en-GB,en-US",esim nz,国家页,/compare/new-zealand/,已覆盖,NZ,new-zealand,,否
esim plans for tablets,通用·规则/规格,17.7,1,8.0,0,0,"en-GB,en-US",esim plans,首页/枢纽,/,已覆盖,,,,否
esim prepaid plans uk,国家·核心,17.7,1,8.0,0,1,en-US,uk esim plans,国家页,/compare/united-kingdom/,已覆盖,GB,united-kingdom,,否
esim providers for japan,国家·核心,17.7,6,11.0,2,2,"en-GB,en-US",does esim work in fiji,国家页,/compare/japan/,已覆盖,JP,japan,,否
esim roaming compatibility,通用·全球,17.7,1,8.0,0,0,en-US,esim rome,通用枢纽,/guides/,已覆盖,,,,否
esim spain text+call,国家·规格/流量,17.7,1,8.0,0,1,"en-GB,en-US",esim spain,国家页,/compare/spain/,已覆盖,ES,spain,,否
esim taiwan and thailand,区域,17.7,1,8.0,0,1,"en-GB,en-US",esim taiwan,未建页型,（无区域页）,缺口,"TH,TW","thailand,taiwan",,否
esim thailand klook,国家·落地渠道,17.7,1,8.0,0,1,"en-GB,en-US",esim thailand,国家页,/compare/thailand/,已覆盖,TH,thailand,,否
esim user benefits,通用·其他,17.7,1,8.0,0,1,"en-GB,en-US",esim us,首页/枢纽,/,已覆盖,,,,否
esim vodafone fiji,国家·核心,17.7,1,8.0,0,1,en-GB,esim fiji,国家页,/compare/fiji/,已覆盖,FJ,fiji,,否
esim vs sim speed,通用·对比,17.7,1,8.0,0,0,"en-GB,en-US",esim vs sim,形态对比指南,/guides/esim-vs-physical-sim/,已覆盖,,,,否
esim with at&t,通用·其他,17.7,1,8.0,0,0,en-US,is esim worth it,首页/枢纽,/,已覆盖,,,,否
fiji sim,国家·核心,17.7,1,8.0,0,1,"en-GB,en-US",fiji esim,国家页,/compare/fiji/,已覆盖,FJ,fiji,,否
free service with esim,通用·其他,17.7,1,8.0,0,1,en-US,esim coverage in georgia,首页/枢纽,/,已覆盖,,,,否
free sim card ireland,国家·核心,17.7,1,8.0,0,1,"en-GB,en-US",ireland sim card for tourists,国家页,/compare/ireland/,已覆盖,IE,ireland,,否
french sim card pay as you go,通用·其他,17.7,1,8.0,0,1,en-GB,france esim card,形态对比指南,/guides/esim-vs-physical-sim/,已覆盖,,,,否
holafly esim kosten,品牌（全局）,17.7,1,8.0,0,1,en-GB,holafly esim uk,品牌 Hub,/esim-providers/holafly/,已覆盖,,,holafly,否
holafly esim thailand and vietnam,区域,17.7,6,11.0,2,7,"en-GB,en-US",holafly esim thailand,品牌 Hub·区域覆盖,/esim-providers/holafly/,已覆盖,"TH,VN","thailand,vietnam",holafly,否
holafly indonesia esim,品牌×国家,17.7,1,8.0,0,1,en-US,indonesia esim,品牌×国家子页,/compare/indonesia/holafly/,已覆盖,ID,indonesia,holafly,否
how to activate esim on motorola,通用·问题,17.7,1,8.0,0,0,en-US,how to activate esim,安装指南,/guides/how-to-install-esim/,已覆盖,,,,否
how to activate holafly esim,品牌（全局）,17.7,1,8.0,0,1,"en-GB,en-US",holafly esim united arab emirates,品牌 Hub,/esim-providers/holafly/,已覆盖,,,holafly,否
how to activate saily esim,品牌（全局）,17.7,1,8.0,0,1,"en-GB,en-US",saily esim united arab emirates,品牌 Hub,/esim-providers/saily/,已覆盖,,,saily,否
how to get an esim for south africa,国家·核心,17.7,1,8.0,0,2,en-US,how to get an esim for usa,国家页,/compare/south-africa/,已覆盖,ZA,south-africa,,否
how to get esim,通用·问题,17.7,1,8.0,0,1,en-US,how to get an esim for mexico,首页/枢纽,/,已覆盖,,,,否
how to install esim on iphone 17,通用·设备兼容,17.7,1,8.0,0,0,"en-GB,en-US",how to install esim,兼容指南,/guides/esim-compatibility-check/,已覆盖,,,,否
india esim online,国家·核心,17.7,1,8.0,0,1,"en-GB,en-US",india esim,国家页,/compare/india/,已覆盖,IN,india,,否
indian sim card cost,通用·价格交易,17.7,1,8.0,0,1,en-GB,india esim card,形态对比指南,/guides/esim-vs-physical-sim/,已覆盖,,,,否
iphone se use esim,通用·设备兼容,17.7,1,8.0,0,1,en-US,esim france for iphone,兼容指南,/guides/esim-compatibility-check/,已覆盖,,,,否
is holafly esim good for travel,品牌（全局）,17.7,1,8.0,0,0,"en-GB,en-US",is holafly good,品牌 Hub,/esim-providers/holafly/,已覆盖,,,holafly,否
is s20 fe esim compatible,通用·设备兼容,17.7,1,8.0,0,1,en-US,best esim for fiji 2026,兼容指南,/guides/esim-compatibility-check/,已覆盖,,,,否
israel prepaid sim card best,国家·核心,17.7,1,8.0,0,1,"en-GB,en-US",israel sim card for tourists,国家页,/compare/israel/,已覆盖,IL,israel,,否
italy esim providers,国家·核心,17.7,1,8.0,0,1,"en-GB,en-US",italy esim,国家页,/compare/italy/,已覆盖,IT,italy,,否
japan esim australia,区域,17.7,1,8.0,0,1,"en-GB,en-US",japan esim,未建页型,（无区域页）,缺口,"AU,JP","australia,japan",,否
jetpac esim nz,品牌×国家,17.7,1,8.0,0,0,"en-GB,en-US",jetpac esim,品牌×国家子页,/compare/new-zealand/jetpac/,已覆盖,NZ,new-zealand,jetpac,否
korean sim card with korean number,通用·其他,17.7,1,8.0,0,1,en-GB,korea esim card,形态对比指南,/guides/esim-vs-physical-sim/,已覆盖,,,,否
lebara esim ksa,国家·落地渠道,17.7,1,8.0,0,1,en-GB,ksa esim,国家页,/compare/saudi-arabia/,已覆盖,SA,saudi-arabia,,否
local sim for spain,国家·核心,17.7,1,8.0,0,1,"en-GB,en-US",spain sim card for tourists,国家页,/compare/spain/,已覆盖,ES,spain,,否
lyca netherlands esim,国家·核心,17.7,1,8.0,0,1,en-US,netherlands esim,国家页,/compare/netherlands/,已覆盖,NL,netherlands,,否
malaysia esim with local number,国家·核心,17.7,1,8.0,0,1,"en-GB,en-US",malaysia esim,国家页,/compare/malaysia/,已覆盖,MY,malaysia,,否
malaysia sim card with phone number,国家·规格/流量,17.7,1,8.0,0,1,"en-GB,en-US",malaysia esim card,国家页,/compare/malaysia/,已覆盖,MY,malaysia,,否
mexico esim reddit,国家·核心,17.7,1,8.0,0,1,"en-GB,en-US",mexico esim,国家页,/compare/mexico/,已覆盖,MX,mexico,,否
new zealand esim data,国家·核心,17.7,1,8.0,0,1,"en-GB,en-US",new zealand esim,国家页,/compare/new-zealand/,已覆盖,NZ,new-zealand,,否
nomad esim company,品牌（全局）,17.7,1,8.0,0,1,en-US,nomad esim macao,品牌 Hub,/esim-providers/nomad/,已覆盖,,,nomad,否
nomad esim discount code 2025,品牌（全局）,17.7,1,8.0,0,1,en-GB,nomad esim india,品牌 Hub,/esim-providers/nomad/,已覆盖,,,nomad,否
nomad esim peru,品牌×国家,17.7,1,8.0,0,1,en-GB,esim peru,品牌×国家子页,/compare/peru/nomad/,已覆盖,PE,peru,nomad,否
nos portugal esim,国家·核心,17.7,1,8.0,0,1,en-US,portugal esim,国家页,/compare/portugal/,已覆盖,PT,portugal,,否
nz esim card,国家·核心,17.7,1,8.0,0,1,"en-GB,en-US",nz esim,国家页,/compare/new-zealand/,已覆盖,NZ,new-zealand,,否
orange esim card for france,国家·核心,17.7,1,8.0,0,1,en-US,france esim card,国家页,/compare/france/,已覆盖,FR,france,,否
orange portugal esim,国家·核心,17.7,1,8.0,0,1,en-GB,portugal esim,国家页,/compare/portugal/,已覆盖,PT,portugal,,否
orange sim card spain,国家·核心,17.7,1,8.0,0,1,en-US,spain sim card for tourists,国家页,/compare/spain/,已覆盖,ES,spain,,否
philippines sim card registration,国家·核心,17.7,1,8.0,0,1,"en-GB,en-US",philippines sim card for tourists,国家页,/compare/philippines/,已覆盖,PH,philippines,,否
phones that use esim,通用·其他,17.7,1,8.0,0,1,en-US,esim argentina for iphone,首页/枢纽,/,已覆盖,,,,否
pocket wifi esim philippines,国家·核心,17.7,1,8.0,0,0,"en-GB,en-US",esim vs pocket wifi,国家页,/compare/philippines/,已覆盖,PH,philippines,,否
prepaid sim card for morocco,国家·核心,17.7,1,8.0,0,1,"en-GB,en-US",morocco sim card for tourists,国家页,/compare/morocco/,已覆盖,MA,morocco,,否
qatar e-sim,国家·核心,17.7,1,8.0,0,1,en-GB,qatar esim,国家页,/compare/qatar/,已覆盖,QA,qatar,,否
qr code esim card,通用·价格交易,17.7,1,8.0,0,1,en-US,qatar esim coverage map,折扣页,/esim-deals/,已覆盖,,,,否
que es esim en iphone,通用·设备兼容,17.7,1,8.0,0,1,en-US,esim mexico for iphone,兼容指南,/guides/esim-compatibility-check/,已覆盖,,,,否
saily esim android setup,品牌（全局）,17.7,1,8.0,0,1,en-GB,saily esim spain,品牌 Hub,/esim-providers/saily/,已覆盖,,,saily,否
saily esim compatible phones,品牌（全局）,17.7,1,8.0,0,1,en-US,saily esim macao,品牌 Hub,/esim-providers/saily/,已覆盖,,,saily,否
saily esim in china,品牌×国家,17.7,1,8.0,0,1,en-GB,saily esim india,品牌×国家子页,/compare/china/saily/,已覆盖,CN,china,saily,否
sim card for china,国家·核心,17.7,1,8.0,0,1,en-US,china sim card for tourists,国家页,/compare/china/,已覆盖,CN,china,,否
sim card for uk,国家·核心,17.7,1,8.0,0,1,"en-GB,en-US",uk sim card for tourists,国家页,/compare/united-kingdom/,已覆盖,GB,united-kingdom,,否
sim card for use in china,国家·核心,17.7,1,8.0,0,1,en-GB,china sim card for tourists,国家页,/compare/china/,已覆盖,CN,china,,否
sim card greece price,国家·价格/交易,17.7,1,8.0,0,1,"en-GB,en-US",greece sim card for tourists,国家页,/compare/greece/,已覆盖,GR,greece,,否
sim card in korea for foreigners,国家·核心,17.7,1,8.0,0,2,"en-GB,en-US",south korea sim card for tourists,国家页,/compare/south-korea/,已覆盖,KR,south-korea,,否
sim cards usa turkey,国家·核心,17.7,1,8.0,0,1,en-US,turkiye sim card for tourists,国家页,/compare/united-states/,已覆盖,US,united-states,,否
smart philippines esim,国家·核心,17.7,1,8.0,0,1,"en-GB,en-US",philippines esim,国家页,/compare/philippines/,已覆盖,PH,philippines,,否
south america esim,区域,17.7,1,8.0,0,2,en-GB,south africa esim,区域指南,/guides/best-americas-esim/,已覆盖,,,,是
spanish sim card in uk,国家·核心,17.7,1,8.0,0,1,"en-GB,en-US",spain sim card for tourists,国家页,/compare/united-kingdom/,已覆盖,GB,united-kingdom,,否
taiwan esim at airport,国家·落地渠道,17.7,1,8.0,0,1,"en-GB,en-US",taiwan esim,国家页,/compare/taiwan/,已覆盖,TW,taiwan,,否
thailand esim travel guide,国家·核心,17.7,1,8.0,0,1,"en-GB,en-US",thailand esim,国家页,/compare/thailand/,已覆盖,TH,thailand,,否
travel esim card europe,区域,17.7,1,8.0,0,1,"en-GB,en-US",czech republic esim card,区域指南,/guides/best-europe-esim/,已覆盖,,,,否
travel esim japan,国家·核心,17.7,1,8.0,0,0,en-GB,travel esim,国家页,/compare/japan/,已覆盖,JP,japan,,否
ubigi esim costa rica,品牌×国家,17.7,1,8.0,0,1,en-US,ubigi esim uk,品牌×国家子页,/compare/costa-rica/ubigi/,已覆盖,CR,costa-rica,ubigi,否
uk esim illimite,国家·核心,17.7,1,8.0,0,1,"en-GB,en-US",uk esim,国家页,/compare/united-kingdom/,已覆盖,GB,united-kingdom,,否
us esim providers,国家·核心,17.7,1,8.0,0,1,"en-GB,en-US",us esim,国家页,/compare/united-states/,已覆盖,US,united-states,,否
usa and mexico sim,区域,17.7,1,8.0,0,1,"en-GB,en-US",mexico sim card for tourists,未建页型,（无区域页）,缺口,"MX,US","mexico,united-states",,否
usa esim data,国家·核心,17.7,1,8.0,0,2,"en-GB,en-US",usa esim,国家页,/compare/united-states/,已覆盖,US,united-states,,否
usa sim card for travellers,国家·核心,17.7,1,8.0,0,2,en-GB,usa sim card for tourists,国家页,/compare/united-states/,已覆盖,US,united-states,,否
vietnam local sim card,国家·核心,17.7,1,8.0,0,1,"en-GB,en-US",vietnam sim card for tourists,国家页,/compare/vietnam/,已覆盖,VN,vietnam,,否
vietnam sim card for travel,国家·核心,17.7,1,8.0,0,1,en-GB,viet nam esim card,国家页,/compare/vietnam/,已覆盖,VN,vietnam,,否
vodafone esim for greece,国家·核心,17.7,1,8.0,0,1,en-GB,esim for greece,国家页,/compare/greece/,已覆盖,GR,greece,,否
vodafone esim promo code,通用·价格交易,17.7,1,8.0,0,0,"en-GB,en-US",esim promo code,折扣页,/esim-deals/,已覆盖,,,,否
what is the esim card,通用·问题,17.7,1,8.0,0,1,en-US,viet nam esim card,形态对比指南,/guides/esim-vs-physical-sim/,已覆盖,,,,否
esim for solomon islands,通用·其他,17.5,5,10.0,1,3,"en-GB,en-US",esim for seoul,首页/枢纽,/,已覆盖,,,,否
saily esim for canada,品牌×国家,17.5,5,10.0,1,6,"en-GB,en-US",saily esim hong kong,品牌×国家子页,/compare/canada/saily/,已覆盖,CA,canada,saily,否
best esim for australians travelling overseas,通用·全球,17.3,4,9.0,0,3,"en-GB,en-US",best esim for australia,通用枢纽,/guides/,已覆盖,,,,否
best esim for pakistan,通用·其他,17.3,4,9.0,0,3,"en-GB,en-US",esim for ksa review,首页/枢纽,/,已覆盖,,,,是
best esim for thailand and cambodia,国家·核心,17.3,4,9.0,0,2,"en-GB,en-US",best esim for thailand and vietnam,国家页,/compare/thailand/,已覆盖,TH,thailand,,否
best esim service in canada,国家·核心,17.3,4,9.0,0,3,"en-GB,en-US",does esim work in canada,国家页,/compare/canada/,已覆盖,CA,canada,,否
cheapest esim provider uk,国家·价格/交易,17.3,4,9.0,0,4,"en-GB,en-US",cheapest esim peru,国家页,/compare/united-kingdom/,已覆盖,GB,united-kingdom,,否
comprar esim colombia online,国家·核心,17.3,14,12.0,0,1,"en-GB,en-US",esim rio de janeiro,国家页,/compare/colombia/,已覆盖,CO,colombia,,否
esim provider in australia,国家·核心,17.3,4,9.0,0,3,"en-GB,en-US",does esim work in australia,国家页,/compare/australia/,已覆盖,AU,australia,,否
esim vietnam unlimited data,国家·规格/流量,17.3,9,10.5,0,7,"en-GB,en-US",bangkok esim unlimited data,国家页·无限流量区,/compare/vietnam/#plans,已覆盖,VN,vietnam,,否
esim with free trial,通用·其他,17.3,4,9.0,0,2,en-US,esim for georgia review,首页/枢纽,/,已覆盖,,,,否
esim with phone number canada,国家·规格/流量,17.3,4,9.0,0,1,"en-GB,en-US",esim with phone number,国家页,/compare/canada/,已覆盖,CA,canada,,否
does saily esim work in china,品牌×国家,17.2,8,12.5,3,9,"en-GB,en-US",does esim work in china,品牌×国家子页,/compare/china/saily/,已覆盖,CN,china,saily,否
airalo esim installed but not activated,品牌（全局）,17.0,2,8.5,0,2,"en-GB,en-US",airalo esim israel,品牌 Hub,/esim-providers/airalo/,已覆盖,,,airalo,否
best esim for australians in japan,国家·核心,17.0,2,8.5,0,3,"en-GB,en-US",best esim for austria,国家页,/compare/japan/,已覆盖,JP,japan,,否
best esim for london and paris,城市,17.0,2,8.5,0,0,"en-GB,en-US",esim for paris,未建页型（禁区）,（无城市页，建议并入国家页）,缺口,,,,否
best esim for worldwide roaming,通用·全球,17.0,2,8.5,0,1,"en-GB,en-US",roami esim united arab emirates,通用枢纽,/guides/,已覆盖,,,,否
best esim plan for europe,区域,17.0,12,11.5,0,13,en-US,holland esim coverage map,区域指南,/guides/best-europe-esim/,已覆盖,,,,否
best esim provider for ireland,国家·核心,17.0,7,10.0,0,2,"en-GB,en-US",best esim for ireland and uk,国家页,/compare/ireland/,已覆盖,IE,ireland,,否
cell phone with esim,通用·其他,17.0,7,10.0,0,6,en-US,esim argentina for iphone,首页/枢纽,/,已覆盖,,,,否
egypt sim card prepaid,国家·核心,17.0,2,8.5,0,1,"en-GB,en-US",egypt esim card,国家页,/compare/egypt/,已覆盖,EG,egypt,,否
esim australia prepaid 365 days,国家·规格/流量,17.0,2,8.5,0,3,"en-GB,en-US",esim australia,国家页,/compare/australia/,已覆盖,AU,australia,,否
esim for australia holiday,国家·核心,17.0,2,8.5,0,3,"en-GB,en-US",esim for australia,国家页,/compare/australia/,已覆盖,AU,australia,,否
esim only deals cheap,通用·设备兼容,17.0,7,10.0,0,7,"en-GB,en-US",cheapest esim for bali,折扣页,/esim-deals/,已覆盖,,,,否
european sim card for travel,区域,17.0,2,8.5,0,2,"en-GB,en-US",belgium sim card for tourists,区域指南,/guides/best-europe-esim/,已覆盖,,,,否
how much does an esim card cost,通用·价格交易,17.0,2,8.5,0,2,en-US,saudi arabia esim price,形态对比指南,/guides/esim-vs-physical-sim/,已覆盖,,,,否
how much does esim cost,通用·价格交易,17.0,7,10.0,0,7,en-US,saudi arabia esim price,首页/枢纽,/,已覆盖,,,,否
ist esim besser als sim,通用·其他,17.0,2,8.5,0,3,en-US,esim germany vs sim,首页/枢纽,/,已覆盖,,,,否
latin america esim unlimited data,区域,17.0,17,13.5,0,9,"en-GB,en-US",argentina esim unlimited data,区域指南,/guides/best-americas-esim/,已覆盖,,,,否
sim cards in america for tourists,通用·其他,17.0,7,10.0,0,7,"en-GB,en-US",brazil sim card for tourists,形态对比指南,/guides/esim-vs-physical-sim/,已覆盖,,,,否
smart sim to esim,通用·其他,17.0,2,8.5,0,2,en-US,esim kenya vs sim,首页/枢纽,/,已覆盖,,,,否
travel esim new zealand,国家·核心,17.0,2,8.5,0,1,en-US,cape town esim coverage map,国家页,/compare/new-zealand/,已覆盖,NZ,new-zealand,,否
tunisia sim card for tourists,通用·其他,17.0,2,8.5,0,2,"en-GB,en-US",greece sim card for tourists,形态对比指南,/guides/esim-vs-physical-sim/,已覆盖,,,,是
us and canada esim,区域,17.0,7,10.0,0,1,"en-GB,en-US",canada esim coverage map,未建页型,（无区域页）,缺口,"CA,US","canada,united-states",,否
what's the difference between esim and sim,通用·对比,17.0,2,8.5,0,2,en-US,esim egypt vs sim,形态对比指南,/guides/esim-vs-physical-sim/,已覆盖,,,,否
peru and brazil data sim card,区域,16.8,1,9.0,1,1,"en-GB,en-US",peru sim card for tourists,未建页型,（无区域页）,缺口,"BR,PE","brazil,peru",,否
airalo esim for morocco,品牌×国家,16.7,10,11.0,0,3,"en-GB,en-US",airalo esim united arab emirates,品牌×国家子页,/compare/morocco/airalo/,已覆盖,MA,morocco,airalo,否
best travel esim for bali,城市,16.7,5,9.5,0,1,"en-GB,en-US",cheapest esim for bali,未建页型（禁区）,（无城市页，建议并入国家页）,缺口,,,,否
esim for international use,通用·全球,16.7,10,11.0,0,6,en-US,esim for rio de janeiro,通用枢纽,/guides/,已覆盖,,,,否
nomad esim japan review,品牌×国家,16.5,9,13.5,3,10,"en-GB,en-US",nomad esim japan,品牌×国家子页,/compare/japan/nomad/,已覆盖,JP,japan,nomad,否
airalo esim compatible phones,品牌（全局）,16.3,3,9.0,0,2,en-US,airalo esim macao,品牌 Hub,/esim-providers/airalo/,已覆盖,,,airalo,否
buy esim in india,国家·核心,16.3,13,12.0,0,8,"en-GB,en-US",does esim work in india,国家页,/compare/india/,已覆盖,IN,india,,否
can i use an esim in china,国家·核心,16.3,3,9.0,0,3,"en-GB,en-US",do i need an esim for brazil,国家页,/compare/china/,已覆盖,CN,china,,否
esim card for philippines,国家·核心,16.3,3,9.0,0,2,"en-GB,en-US",how to get an esim for philippines,国家页,/compare/philippines/,已覆盖,PH,philippines,,否
esim mobile in india,国家·核心,16.3,3,9.0,0,2,en-US,esim coverage in india,国家页,/compare/india/,已覆盖,IN,india,,否
esim phones in india,国家·核心,16.3,3,9.0,0,3,en-US,esim saudi arabia for iphone,国家页,/compare/india/,已覆盖,IN,india,,否
esim vietnam reddit,国家·核心,16.3,3,9.0,0,2,"en-GB,en-US",esim vietnam,国家页,/compare/vietnam/,已覆盖,VN,vietnam,,否
going from sim to esim,通用·其他,16.3,3,9.0,0,3,en-US,esim croatia vs sim,首页/枢纽,/,已覆盖,,,,否
how does an international esim work,通用·全球,16.3,3,9.0,0,3,"en-GB,en-US",does esim work in iceland,通用枢纽,/guides/,已覆盖,,,,否
philippines tourist sim card,国家·核心,16.3,3,9.0,0,3,en-US,peru sim card for tourists,国家页,/compare/philippines/,已覆盖,PH,philippines,,否
phones with an esim,通用·其他,16.3,3,9.0,0,3,en-US,esim belgium for iphone,首页/枢纽,/,已覆盖,,,,否
best esim for tokyo,城市,16.2,2,9.5,1,1,"en-GB,en-US",esim for tokyo,未建页型（禁区）,（无城市页，建议并入国家页）,缺口,,,,是
airalo esim canada,品牌×国家,16.0,1,8.5,0,0,"en-GB,en-US",airalo esim,品牌×国家子页,/compare/canada/airalo/,已覆盖,CA,canada,airalo,否
best esim for asia region,区域,16.0,1,8.5,0,1,"en-GB,en-US",esim for asia,区域指南,/guides/best-asia-esim/,已覆盖,,,,否
best esim for voice and data in mexico,国家·规格/流量,16.0,1,8.5,0,1,"en-GB,en-US",best esim for mexico,国家页,/compare/mexico/,已覆盖,MX,mexico,,否
best esim providers for europe,区域,16.0,1,8.5,0,2,"en-GB,en-US",best esim for netherlands and belgium,区域指南,/guides/best-europe-esim/,已覆盖,,,,否
best sim card for new zealand travel,国家·核心,16.0,1,8.5,0,1,"en-GB,en-US",new zealand sim card for tourists,国家页,/compare/new-zealand/,已覆盖,NZ,new-zealand,,否
buy airalo esim uk,品牌×国家,16.0,1,8.5,0,1,"en-GB,en-US",airalo esim uk,品牌×国家子页,/compare/united-kingdom/airalo/,已覆盖,GB,united-kingdom,airalo,否
china sim card with vpn,国家·核心,16.0,1,8.5,0,1,"en-GB,en-US",china esim card,国家页,/compare/china/,已覆盖,CN,china,,否
costa rica sim card unlimited data,国家·规格/流量,16.0,1,8.5,0,1,"en-GB,en-US",costa rica sim card for tourists,国家页·无限流量区,/compare/costa-rica/#plans,已覆盖,CR,costa-rica,,否
egypt e sim card,国家·核心,16.0,1,8.5,0,1,"en-GB,en-US",egypt sim card for tourists,国家页,/compare/egypt/,已覆盖,EG,egypt,,否
esim card for android phone,通用·设备兼容,16.0,1,8.5,0,0,"en-GB,en-US",esim for android,兼容指南,/guides/esim-compatibility-check/,已覆盖,,,,否
esim cards for greece,国家·核心,16.0,1,8.5,0,1,"en-GB,en-US",esim for greece,国家页,/compare/greece/,已覆盖,GR,greece,,否
esim deals for egypt,国家·价格/交易,16.0,1,8.5,0,1,"en-GB,en-US",esim for egypt,国家页,/compare/egypt/,已覆盖,EG,egypt,,否
esim for japan and philippines,区域,16.0,6,10.0,0,4,"en-GB,en-US",does esim work in philippines,未建页型,（无区域页）,缺口,"PH,JP","philippines,japan",,否
esim france en ligne,国家·核心,16.0,6,10.0,0,1,"en-GB,en-US",esim france,国家页,/compare/france/,已覆盖,FR,france,,否
esim plans in australia,国家·规格/流量,16.0,16,14.5,0,15,"en-GB,en-US",australia esim coverage map,国家页,/compare/australia/,已覆盖,AU,australia,,否
esim uk activation,国家·核心,16.0,1,8.5,0,1,"en-GB,en-US",esim uk,国家页,/compare/united-kingdom/,已覆盖,GB,united-kingdom,,否
esim vietnam and cambodia,国家·核心,16.0,6,10.0,0,2,"en-GB,en-US",viet nam esim 2026,国家页,/compare/vietnam/,已覆盖,VN,vietnam,,否
iphones with esim support,通用·其他,16.0,6,10.0,0,7,en-US,esim ireland for iphone,首页/枢纽,/,已覆盖,,,,否
is nomad esim good,品牌（全局）,16.0,6,10.0,0,7,"en-GB,en-US",is nomad good,品牌 Hub,/esim-providers/nomad/,已覆盖,,,nomad,否
kashmir sim card for tourist,通用·其他,16.0,1,8.5,0,1,"en-GB,en-US",czechia sim card for tourists,形态对比指南,/guides/esim-vs-physical-sim/,已覆盖,,,,否
list of sim cards in the philippines,国家·核心,16.0,1,8.5,0,1,"en-GB,en-US",philippines sim card for tourists,国家页,/compare/philippines/,已覆盖,PH,philippines,,否
proximus belgium esim,国家·核心,16.0,1,8.5,0,1,"en-GB,en-US",belgium esim,国家页,/compare/belgium/,已覆盖,BE,belgium,,否
rica sim card online,通用·其他,16.0,1,8.5,0,1,"en-GB,en-US",costa rica sim card for tourists,形态对比指南,/guides/esim-vs-physical-sim/,已覆盖,,,,否
saily esim china,品牌×国家,16.0,1,8.5,0,0,"en-GB,en-US",saily esim,品牌×国家子页,/compare/china/saily/,已覆盖,CN,china,saily,否
sim for south africa,国家·核心,16.0,1,8.5,0,2,"en-GB,en-US",south africa sim card for tourists,国家页,/compare/south-africa/,已覆盖,ZA,south-africa,,否
sim price in malaysia for tourist,国家·价格/交易,16.0,1,8.5,0,1,"en-GB,en-US",malaysia sim card for tourists,国家页,/compare/malaysia/,已覆盖,MY,malaysia,,否
tim sim card brazil,国家·核心,16.0,1,8.5,0,1,"en-GB,en-US",brazil sim card for tourists,国家页,/compare/brazil/,已覆盖,BR,brazil,,否
travel sim for india,国家·核心,16.0,1,8.5,0,1,"en-GB,en-US",india sim card for tourists,国家页,/compare/india/,已覆盖,IN,india,,否
travel sim for italy,国家·核心,16.0,1,8.5,0,1,"en-GB,en-US",italy sim card for tourists,国家页,/compare/italy/,已覆盖,IT,italy,,否
ubigi esim card,品牌（全局）,16.0,1,8.5,0,0,"en-GB,en-US",ubigi esim,品牌 Hub,/esim-providers/ubigi/,已覆盖,,,ubigi,否
uk sim card deals,国家·价格/交易,16.0,1,8.5,0,1,"en-GB,en-US",uk esim card,国家页,/compare/united-kingdom/,已覆盖,GB,united-kingdom,,否
usa sim card prepaid plans,国家·核心,16.0,1,8.5,0,2,"en-GB,en-US",usa esim card,国家页,/compare/united-states/,已覆盖,US,united-states,,否
esim for us and canada,区域,15.8,10,12.0,1,5,"en-GB,en-US",esim for usa and canada,未建页型,（无区域页）,缺口,"CA,US","canada,united-states",,否
best esim for south pacific,通用·其他,15.7,4,9.5,0,4,"en-GB,en-US",best esim for seoul,首页/枢纽,/,已覆盖,,,,否
best europe esim plans,区域,15.7,9,11.0,0,9,"en-GB,en-US",holland esim coverage map,区域指南,/guides/best-europe-esim/,已覆盖,,,,否
buy esim new zealand,国家·核心,15.7,9,11.0,0,3,"en-GB,en-US",does esim work in new zealand,国家页,/compare/new-zealand/,已覆盖,NZ,new-zealand,,否
cheap phone for esim,通用·价格交易,15.7,4,9.5,0,4,en-US,cheapest esim for georgia,首页/枢纽,/,已覆盖,,,,否
china and hong kong esim,区域,15.7,4,9.5,0,2,"en-GB,en-US",best esim for hong kong and china,未建页型,（无区域页）,缺口,"HK,CN","hong-kong,china",,否
esim card for bali,城市,15.7,4,9.5,0,1,"en-GB,en-US",bali esim coverage map,未建页型（禁区）,（无城市页，建议并入国家页）,缺口,,,,否
esim for european travel,区域,15.7,9,11.0,0,4,en-US,do i need an esim for croatia,区域指南,/guides/best-europe-esim/,已覆盖,,,,否
esim for usa travel from canada,区域,15.7,4,9.5,0,3,"en-GB,en-US",canada esim coverage map,未建页型,（无区域页）,缺口,"CA,US","canada,united-states",,否
best esim for turkey 2025,通用·其他,15.5,3,10.0,1,2,"en-GB,en-US",best esim for turkey 2026,首页/枢纽,/,已覆盖,,,,否
esim card for usa,国家·核心,15.5,3,10.0,1,3,"en-GB,en-US",czech republic esim card,国家页,/compare/united-states/,已覆盖,US,united-states,,否
hong kong iphone esim,国家·设备兼容,15.5,3,10.0,1,1,"en-GB,en-US",esim hong kong for iphone,国家页,/compare/hong-kong/,已覆盖,HK,hong-kong,,否
what esim works in caribbean,区域,15.5,3,10.0,1,2,"en-GB,en-US",does esim work in costa rica,区域指南,/guides/best-americas-esim/,已覆盖,,,,否
airalo esim india,品牌×国家,15.3,2,9.0,0,1,"en-GB,en-US",airalo esim spain,品牌×国家子页,/compare/india/airalo/,已覆盖,IN,india,airalo,否
best esim for roaming in mexico,国家·核心,15.3,2,9.0,0,2,"en-GB,en-US",best esim for mexico,国家页,/compare/mexico/,已覆盖,MX,mexico,,否
best esim for turkey and greece,国家·核心,15.3,2,9.0,0,2,"en-GB,en-US",best esim for turkiye,国家页,/compare/greece/,已覆盖,GR,greece,,否
best esim for vietnam and japan,区域,15.3,2,9.0,0,2,"en-GB,en-US",best esim for vietnam,未建页型,（无区域页）,缺口,"VN,JP","vietnam,japan",,否
cheapest esim in malaysia,国家·价格/交易,15.3,2,9.0,0,2,en-GB,cheapest esim india,国家页,/compare/malaysia/,已覆盖,MY,malaysia,,否
cheapest esim uk plans,国家·价格/交易,15.3,2,9.0,0,1,"en-GB,en-US",uk esim coverage map,国家页·套餐表,/compare/united-kingdom/#plans,已覆盖,GB,united-kingdom,,否
difference between sim card and esim,通用·对比,15.3,2,9.0,0,2,en-US,esim india vs sim,形态对比指南,/guides/esim-vs-physical-sim/,已覆盖,,,,否
does saily esim have a phone number,品牌（全局）,15.3,2,9.0,0,3,"en-GB,en-US",saily esim united arab emirates,品牌 Hub,/esim-providers/saily/,已覆盖,,,saily,否
esim canada reddit,国家·核心,15.3,2,9.0,0,2,"en-GB,en-US",esim canada,国家页,/compare/canada/,已覆盖,CA,canada,,否
esim china not working,国家·核心,15.3,2,9.0,0,2,"en-GB,en-US",does esim work in china,国家页,/compare/china/,已覆盖,CN,china,,否
esim for use in new zealand,国家·核心,15.3,2,9.0,0,4,en-US,esim for nz review,国家页,/compare/new-zealand/,已覆盖,NZ,new-zealand,,否
esim usa activation,国家·核心,15.3,2,9.0,0,2,"en-GB,en-US",esim usa,国家页,/compare/united-states/,已覆盖,US,united-states,,否
free phone with esim,通用·其他,15.3,2,9.0,0,2,en-US,esim kenya for iphone,首页/枢纽,/,已覆盖,,,,否
how does saily esim work,品牌（全局）,15.3,2,9.0,0,4,"en-GB,en-US",saily esim south korea,品牌 Hub,/esim-providers/saily/,已覆盖,,,saily,否
how to apply for esim in india,国家·核心,15.3,7,10.5,0,6,"en-GB,en-US",do i need an esim for india,国家页,/compare/india/,已覆盖,IN,india,,否
is s20 fe esim capable,通用·问题,15.3,2,9.0,0,2,"en-GB,en-US",best esim for egypt 2026,首页/枢纽,/,已覆盖,,,,否
peru sim card options,国家·核心,15.3,2,9.0,0,1,"en-GB,en-US",peru esim card,国家页,/compare/peru/,已覆盖,PE,peru,,否
saily esim international,品牌（全局）,15.3,2,9.0,0,2,en-GB,saily esim china,品牌 Hub,/esim-providers/saily/,已覆盖,,,saily,否
saily esim unlimited data,品牌（全局）,15.3,2,9.0,0,2,"en-GB,en-US",saily esim uk,品牌 Hub,/esim-providers/saily/,已覆盖,,,saily,否
saily japan esim review,品牌×国家,15.3,2,9.0,0,3,en-GB,saily esim south korea,品牌×国家子页,/compare/japan/saily/,已覆盖,JP,japan,saily,否
spain travel sim card,国家·核心,15.3,2,9.0,0,2,en-US,argentina sim card for tourists,国家页,/compare/spain/,已覆盖,ES,spain,,否
turkey esim deals,通用·价格交易,15.3,2,9.0,0,2,"en-GB,en-US",turkey esim,折扣页,/esim-deals/,已覆盖,,,,否
us esim prepaid for canadians,国家·核心,15.3,2,9.0,0,2,en-US,usa esim price,国家页,/compare/united-states/,已覆盖,US,united-states,,否
vietnam esim online,国家·核心,15.3,2,9.0,0,2,"en-GB,en-US",vietnam esim,国家页,/compare/vietnam/,已覆盖,VN,vietnam,,否
was ist besser sim oder esim,通用·其他,15.3,2,9.0,0,3,en-US,esim germany vs sim,首页/枢纽,/,已覆盖,,,,否
esim for vietnam viettel,国家·核心,15.2,6,11.0,1,1,"en-GB,en-US",viet nam esim 2026,国家页,/compare/vietnam/,已覆盖,VN,vietnam,,否
philippines sim card for tourist,国家·核心,15.2,6,11.0,1,6,"en-GB,en-US",philippines sim card for tourists,国家页,/compare/philippines/,已覆盖,PH,philippines,,否
best esim for australians in europe,区域,15.0,5,10.0,0,3,"en-GB,en-US",best esim for australia,区域指南,/guides/best-europe-esim/,已覆盖,,,,否
cheap esim for bali,城市,15.0,5,10.0,0,2,"en-GB,en-US",bali esim coverage map,未建页型（禁区）,（无城市页，建议并入国家页）,缺口,,,,否
costa rica esim erfahrungen,国家·核心,15.0,15,13.0,0,1,"en-GB,en-US",cheap esim costa rica,国家页,/compare/costa-rica/,已覆盖,CR,costa-rica,,否
esim card for travel taiwan,国家·核心,15.0,5,10.0,0,2,"en-GB,en-US",taipei esim coverage map,国家页,/compare/taiwan/,已覆盖,TW,taiwan,,否
esim data plan canada,国家·规格/流量,15.0,5,10.0,0,2,"en-GB,en-US",esim data plan,国家页,/compare/canada/,已覆盖,CA,canada,,否
esim para usar na argentina,国家·核心,15.0,15,15.0,0,2,"en-GB,en-US",esim for argentina review,国家页,/compare/argentina/,已覆盖,AR,argentina,,否
esim providers in canada,国家·核心,15.0,5,10.0,0,1,"en-GB,en-US",is esim available in canada,国家页,/compare/canada/,已覆盖,CA,canada,,否
free sim cards usa for tourists,国家·核心,15.0,5,10.0,0,5,"en-GB,en-US",georgia sim card for tourists,国家页,/compare/united-states/,已覆盖,US,united-states,,否
holafly esim review reddit,品牌（全局）,15.0,5,10.0,0,6,en-US,holafly esim saudi arabia,品牌 Hub,/esim-providers/holafly/,已覆盖,,,holafly,否
iphones with esim capability,通用·其他,15.0,5,10.0,0,5,en-US,esim macao for iphone,首页/枢纽,/,已覆盖,,,,否
sim y esim diferencia,通用·其他,15.0,5,10.0,0,5,en-US,esim colombia vs sim,首页/枢纽,/,已覆盖,,,,否
vietnam and cambodia esim,国家·核心,15.0,5,10.0,0,3,en-US,esim for vietnam and thailand,国家页,/compare/vietnam/,已覆盖,VN,vietnam,,否
does esim work in nigeria,通用·问题,14.7,8,11.0,0,10,"en-GB,en-US",does esim work in usa,首页/枢纽,/,已覆盖,,,,是
esim card for mexico,国家·核心,14.7,8,11.0,0,5,"en-GB,en-US",do i need an esim for cancun,国家页,/compare/mexico/,已覆盖,MX,mexico,,否
esim for vietnam and hong kong,区域,14.7,3,9.5,0,2,"en-GB,en-US",esim for vietnam,未建页型,（无区域页）,缺口,"HK,VN","hong-kong,vietnam",,否
esim in japan available,国家·核心,14.7,8,11.0,0,5,"en-GB,en-US",fiji esim coverage map,国家页,/compare/japan/,已覆盖,JP,japan,,否
esim international data plans,通用·全球,14.7,8,11.0,0,8,en-US,saudi arabia esim plans,通用枢纽,/guides/,已覆盖,,,,否
new zealand phone esim,国家·核心,14.7,8,11.0,0,2,"en-GB,en-US",esim new zealand vs sim,国家页,/compare/new-zealand/,已覆盖,NZ,new-zealand,,否
saily esim phone number,品牌（全局）,14.7,3,9.5,0,4,"en-GB,en-US",saily esim saudi arabia,品牌 Hub,/esim-providers/saily/,已覆盖,,,saily,否
what is the best esim,通用·问题,14.7,8,11.0,0,8,"en-GB,en-US",best esim for israel,概念指南,/guides/what-is-an-esim/,已覆盖,,,,否
india esim prepaid options,国家·核心,14.5,2,10.0,1,1,"en-GB,en-US",india esim price,国家页,/compare/india/,已覆盖,IN,india,,否
jetpac esim japan,品牌×国家,14.5,2,10.0,1,1,"en-GB,en-US",jetpac esim spain,品牌×国家子页,/compare/japan/jetpac/,已覆盖,JP,japan,jetpac,否
nomad esim japan,品牌×国家,14.5,2,10.0,1,1,"en-GB,en-US",nomad esim spain,品牌×国家子页,/compare/japan/nomad/,已覆盖,JP,japan,nomad,否
airalo esim card nz,品牌×国家,14.3,1,9.0,0,1,en-GB,nz esim card,品牌×国家子页,/compare/new-zealand/airalo/,已覆盖,NZ,new-zealand,airalo,否
airalo esim installation android,品牌（全局）,14.3,1,9.0,0,1,en-US,airalo esim israel,品牌 Hub,/esim-providers/airalo/,已覆盖,,,airalo,否
airalo esim thailand review,品牌×国家,14.3,6,12.0,2,7,"en-GB,en-US",airalo esim thailand,品牌×国家子页,/compare/thailand/airalo/,已覆盖,TH,thailand,airalo,否
at&t mexico esim,国家·核心,14.3,1,9.0,0,1,en-US,mexico esim,国家页,/compare/mexico/,已覆盖,MX,mexico,,否
australian esim with phone number,通用·规则/规格,14.3,1,9.0,0,2,en-US,how to get an esim for australia,首页/枢纽,/,已覆盖,,,,否
bali esim for australians,城市,14.3,1,9.0,0,1,"en-GB,en-US",bali esim,未建页型（禁区）,（无城市页，建议并入国家页）,缺口,,,,否
best esim cards for australia,国家·核心,14.3,1,9.0,0,2,en-US,australia esim card,国家页,/compare/australia/,已覆盖,AU,australia,,否
best esim deals,通用·价格交易,14.3,1,9.0,0,0,en-GB,best esim,折扣页,/esim-deals/,已覆盖,,,,否
best esim for australians in bali,城市,14.3,1,9.0,0,2,"en-GB,en-US",best esim for australia,未建页型（禁区）,（无城市页，建议并入国家页）,缺口,,,,否
best esim for bali travel,城市,14.3,1,9.0,0,1,"en-GB,en-US",best esim for bali,未建页型（禁区）,（无城市页，建议并入国家页）,缺口,,,,否
best esim for china and vietnam,区域,14.3,1,9.0,0,1,"en-GB,en-US",best esim for china,未建页型,（无区域页）,缺口,"VN,CN","vietnam,china",,否
best esim for cruise ships,通用·其他,14.3,1,9.0,0,0,"en-GB,en-US",esim for cruise,首页/枢纽,/,已覆盖,,,,否
best esim for florida,通用·其他,14.3,1,9.0,0,1,"en-GB,en-US",best esim for georgia,首页/枢纽,/,已覆盖,,,,否
best esim for guatemala reddit,通用·其他,14.3,1,9.0,0,1,"en-GB,en-US",san jose costa rica esim reddit,首页/枢纽,/,已覆盖,,,,否
best esim for italy from canada,区域,14.3,1,9.0,0,1,"en-GB,en-US",best esim for italy,未建页型,（无区域页）,缺口,"CA,IT","canada,italy",,否
best esim for jamaica,通用·其他,14.3,1,9.0,0,1,en-US,best esim for fiji,首页/枢纽,/,已覆盖,,,,是
best esim for nepal,通用·其他,14.3,1,9.0,0,1,en-GB,best esim for nz,首页/枢纽,/,已覆盖,,,,是
best esim for uk and italy,区域,14.3,1,9.0,0,1,"en-GB,en-US",best esim for uk,未建页型,（无区域页）,缺口,"IT,GB","italy,united-kingdom",,否
best prepaid sim card for germany,国家·核心,14.3,1,9.0,0,1,en-US,germany sim card for tourists,国家页,/compare/germany/,已覆盖,DE,germany,,否
best prepaid sim card for spain,国家·核心,14.3,1,9.0,0,1,"en-GB,en-US",spain sim card for tourists,国家页,/compare/spain/,已覆盖,ES,spain,,否
best sim for morocco,国家·核心,14.3,1,9.0,0,1,en-GB,morocco sim card for tourists,国家页,/compare/morocco/,已覆盖,MA,morocco,,否
best singapore esim,国家·核心,14.3,1,9.0,0,1,en-GB,singapore esim,国家页,/compare/singapore/,已覆盖,SG,singapore,,否
buying sim card in singapore,国家·核心,14.3,1,9.0,0,1,en-US,singapore sim card for tourists,国家页,/compare/singapore/,已覆盖,SG,singapore,,否
canada esim for calls and text messages,国家·核心,14.3,1,9.0,0,1,"en-GB,en-US",canada esim,国家页,/compare/canada/,已覆盖,CA,canada,,否
carte esim costa rica,国家·核心,14.3,11,12.0,0,1,"en-GB,en-US",esim costa rica 10gb,国家页,/compare/costa-rica/,已覆盖,CR,costa-rica,,否
cheapest esim for travel,通用·价格交易,14.3,1,9.0,0,1,en-US,cheapest esim for uk,首页/枢纽,/,已覆盖,,,,否
cheapest sim in spain,国家·价格/交易,14.3,1,9.0,0,1,en-US,spain sim card for tourists,国家页,/compare/spain/,已覆盖,ES,spain,,否
china sim card activation,国家·核心,14.3,1,9.0,0,1,"en-GB,en-US",china esim card,国家页,/compare/china/,已覆盖,CN,china,,否
does red pocket support esim,通用·问题,14.3,1,9.0,0,0,"en-GB,en-US",esim vs pocket wifi,首页/枢纽,/,已覆盖,,,,否
does visible offer esim,通用·价格交易,14.3,1,9.0,0,0,"en-GB,en-US",esim for las vegas,首页/枢纽,/,已覆盖,,,,否
e sim in saudi arabia,国家·核心,14.3,1,9.0,0,1,en-US,esim saudi arabia vs sim,国家页,/compare/saudi-arabia/,已覆盖,SA,saudi-arabia,,否
esim argentina tuenti,国家·核心,14.3,1,9.0,0,1,"en-GB,en-US",esim argentina,国家页,/compare/argentina/,已覆盖,AR,argentina,,否
esim at&t,通用·其他,14.3,1,9.0,0,0,en-US,esim,首页/枢纽,/,已覆盖,,,,否
esim australia benefits,国家·核心,14.3,1,9.0,0,2,"en-GB,en-US",esim australia,国家页,/compare/australia/,已覆盖,AU,australia,,否
esim berechtigungen,通用·其他,14.3,1,9.0,0,0,en-GB,esim berlin,首页/枢纽,/,已覆盖,,,,否
esim card for dubai,城市,14.3,1,9.0,0,1,"en-GB,en-US",esim for dubai,未建页型（禁区）,（无城市页，建议并入国家页）,缺口,,,,否
esim card for malaysia,国家·核心,14.3,1,9.0,0,1,en-GB,esim for malaysia,国家页,/compare/malaysia/,已覆盖,MY,malaysia,,否
esim card for us,国家·核心,14.3,1,9.0,0,1,"en-GB,en-US",czech republic esim card,国家页,/compare/united-states/,已覆盖,US,united-states,,否
esim card japan,国家·核心,14.3,1,9.0,0,0,en-US,esim cairo,国家页,/compare/japan/,已覆盖,JP,japan,,否
esim cards for bali,城市,14.3,1,9.0,0,1,en-GB,bali esim card,未建页型（禁区）,（无城市页，建议并入国家页）,缺口,,,,否
esim colombia travel,国家·核心,14.3,1,9.0,0,1,"en-GB,en-US",esim colombia,国家页,/compare/colombia/,已覆盖,CO,colombia,,否
esim data plan telstra,通用·规则/规格,14.3,1,9.0,0,0,"en-GB,en-US",esim data plan,首页/枢纽,/,已覆盖,,,,否
esim deals turkey,通用·价格交易,14.3,1,9.0,0,0,"en-GB,en-US",esim deals,折扣页,/esim-deals/,已覆盖,,,,否
esim for china with phone number,国家·规格/流量,14.3,1,9.0,0,1,"en-GB,en-US",esim for china,国家页,/compare/china/,已覆盖,CN,china,,否
esim for dubai and thailand,国家·核心,14.3,11,12.0,0,5,"en-GB,en-US",esim for dubai,国家页,/compare/thailand/,已覆盖,TH,thailand,,否
esim for india travel from usa,区域,14.3,1,9.0,0,1,"en-GB,en-US",esim for india,未建页型,（无区域页）,缺口,"IN,US","india,united-states",,否
esim for iphone 8,通用·设备兼容,14.3,1,9.0,0,0,"en-GB,en-US",esim for iphone,兼容指南,/guides/esim-compatibility-check/,已覆盖,,,,否
esim for japan ubigi,品牌×国家,14.3,1,9.0,0,1,"en-GB,en-US",esim for japan,品牌×国家子页,/compare/japan/ubigi/,已覆盖,JP,japan,ubigi,否
esim for mongolia,通用·其他,14.3,1,9.0,0,1,en-US,esim for macao,首页/枢纽,/,已覆盖,,,,否
esim for samsung a13,通用·设备兼容,14.3,1,9.0,0,1,en-US,esim for ksa,兼容指南,/guides/esim-compatibility-check/,已覆盖,,,,否
esim for spain from the us,区域,14.3,1,9.0,0,1,en-US,esim for spain,未建页型,（无区域页）,缺口,"ES,US","spain,united-states",,否
esim for thailand and malaysia,区域,14.3,1,9.0,0,1,"en-GB,en-US",esim for thailand,未建页型,（无区域页）,缺口,"TH,MY","thailand,malaysia",,否
esim for travel to uk,国家·核心,14.3,1,9.0,0,1,en-GB,do i need an esim for uk,国家页,/compare/united-kingdom/,已覆盖,GB,united-kingdom,,否
esim for uk calls,国家·核心,14.3,1,9.0,0,1,"en-GB,en-US",esim for uk,国家页,/compare/united-kingdom/,已覆盖,GB,united-kingdom,,否
esim for use in canada,国家·核心,14.3,1,9.0,0,1,en-GB,esim for uae,国家页,/compare/canada/,已覆盖,CA,canada,,否
esim free for phone,通用·其他,14.3,1,9.0,0,1,en-US,esim malaysia for iphone,首页/枢纽,/,已覆盖,,,,否
esim how to use,通用·其他,14.3,1,9.0,0,1,en-GB,esim for egypt review,首页/枢纽,/,已覆盖,,,,否
esim india compatible devices,国家·设备兼容,14.3,1,9.0,0,1,"en-GB,en-US",esim india,国家页,/compare/india/,已覆盖,IN,india,,否
esim indonesia apa saja,国家·核心,14.3,1,9.0,0,1,"en-GB,en-US",esim indonesia,国家页,/compare/indonesia/,已覆盖,ID,indonesia,,否
esim iphone t mobile,通用·设备兼容,14.3,1,9.0,0,1,en-US,esim turkiye for iphone,兼容指南,/guides/esim-compatibility-check/,已覆盖,,,,否
esim japan promo code,国家·价格/交易,14.3,1,9.0,0,0,"en-GB,en-US",esim promo code,国家页,/compare/japan/,已覆盖,JP,japan,,否
esim japan review,国家·核心,14.3,1,9.0,0,1,"en-GB,en-US",esim japan,国家页,/compare/japan/,已覆盖,JP,japan,,否
esim korea for tourists,国家·核心,14.3,1,9.0,0,1,en-US,esim for korea,国家页,/compare/south-korea/,已覆盖,KR,south-korea,,否
esim korea prepaid options,国家·核心,14.3,1,9.0,0,1,"en-GB,en-US",esim korea,国家页,/compare/south-korea/,已覆盖,KR,south-korea,,否
esim malaysia and thailand,区域,14.3,11,12.0,0,4,"en-GB,en-US",does esim work in malaysia,未建页型,（无区域页）,缺口,"TH,MY","thailand,malaysia",,否
esim malaysia hugosim,国家·核心,14.3,1,9.0,0,1,"en-GB,en-US",esim malaysia,国家页,/compare/malaysia/,已覆盖,MY,malaysia,,否
esim mexico para datos,国家·核心,14.3,1,9.0,0,1,"en-GB,en-US",esim mexico,国家页,/compare/mexico/,已覆盖,MX,mexico,,否
esim no compatible iphone,通用·设备兼容,14.3,1,9.0,0,1,en-US,esim macao for iphone,兼容指南,/guides/esim-compatibility-check/,已覆盖,,,,否
esim nz data,国家·核心,14.3,1,9.0,0,1,"en-GB,en-US",esim nz,国家页,/compare/new-zealand/,已覆盖,NZ,new-zealand,,否
esim only deals india,国家·设备兼容,14.3,1,9.0,0,1,en-US,esim coverage in india,国家页,/compare/india/,已覆盖,IN,india,,否
esim que es en iphone,通用·设备兼容,14.3,1,9.0,0,1,en-US,esim colombia for iphone,兼容指南,/guides/esim-compatibility-check/,已覆盖,,,,否
esim roaming activation,通用·全球,14.3,1,9.0,0,0,en-US,esim rome,通用枢纽,/guides/,已覆盖,,,,否
esim singapore phone number,国家·规格/流量,14.3,1,9.0,0,1,"en-GB,en-US",esim singapore,国家页,/compare/singapore/,已覆盖,SG,singapore,,否
esim travel netherlands,国家·核心,14.3,1,9.0,0,1,"en-GB,en-US",esim for netherlands,国家页,/compare/netherlands/,已覆盖,NL,netherlands,,否
esim turkey activation guide,通用·其他,14.3,1,9.0,0,1,"en-GB,en-US",esim turkey,首页/枢纽,/,已覆盖,,,,否
esim vs sim data plans,通用·对比,14.3,1,9.0,0,0,"en-GB,en-US",esim vs sim,形态对比指南,/guides/esim-vs-physical-sim/,已覆盖,,,,否
etisalat sim card for tourists,通用·其他,14.3,1,9.0,0,1,"en-GB,en-US",qatar sim card for tourists,形态对比指南,/guides/esim-vs-physical-sim/,已覆盖,,,,否
france data sim card,国家·核心,14.3,1,9.0,0,1,"en-GB,en-US",france sim card for tourists,国家页,/compare/france/,已覆盖,FR,france,,否
french sim cards in britain,国家·核心,14.3,1,9.0,0,1,en-GB,france esim card,国家页,/compare/united-kingdom/,已覆盖,GB,united-kingdom,,否
friendi ksa esim,国家·落地渠道,14.3,1,9.0,0,1,en-GB,ksa esim,国家页,/compare/saudi-arabia/,已覆盖,SA,saudi-arabia,,否
government phone service with esim,通用·其他,14.3,1,9.0,0,1,en-US,esim coverage in georgia,首页/枢纽,/,已覆盖,,,,否
holafly esim canada,品牌×国家,14.3,1,9.0,0,0,"en-GB,en-US",holafly esim,品牌×国家子页,/compare/canada/holafly/,已覆盖,CA,canada,holafly,否
holafly esim uk,品牌×国家,14.3,1,9.0,0,1,en-US,holafly esim peru,品牌×国家子页,/compare/united-kingdom/holafly/,已覆盖,GB,united-kingdom,holafly,否
how to activate esim on my o2 app,通用·问题,14.3,1,9.0,0,0,en-GB,how to activate esim,安装指南,/guides/how-to-install-esim/,已覆盖,,,,否
how to activate thailand esim,国家·核心,14.3,1,9.0,0,1,en-US,how to get an esim for thailand,国家页,/compare/thailand/,已覆盖,TH,thailand,,否
how to buy sim card in italy,国家·核心,14.3,1,9.0,0,1,en-US,italy sim card for tourists,国家页,/compare/italy/,已覆盖,IT,italy,,否
how to check esim,通用·问题,14.3,1,9.0,0,1,en-US,how to get an esim for czechia,首页/枢纽,/,已覆盖,,,,否
how to install esim on ipad,通用·设备兼容,14.3,1,9.0,0,0,en-US,how to install esim,兼容指南,/guides/esim-compatibility-check/,已覆盖,,,,否
how to install esim on iphone 16,通用·设备兼容,14.3,1,9.0,0,0,"en-GB,en-US",how to install esim,兼容指南,/guides/esim-compatibility-check/,已覆盖,,,,是
how to rica the sim card,通用·问题,14.3,1,9.0,0,1,en-GB,costa rica sim card for tourists,形态对比指南,/guides/esim-vs-physical-sim/,已覆盖,,,,否
how to top up icc esim,通用·规则/规格,14.3,1,9.0,0,0,"en-GB,en-US",esim top up,首页/枢纽,/,已覆盖,,,,否
india esim data packages,国家·核心,14.3,1,9.0,0,1,"en-GB,en-US",india esim,国家页,/compare/india/,已覆盖,IN,india,,否
indian sim card work in nepal,通用·其他,14.3,1,9.0,0,1,en-GB,india esim card,形态对比指南,/guides/esim-vs-physical-sim/,已覆盖,,,,否
indonesia travel esim,国家·核心,14.3,1,9.0,0,1,en-US,indonesia esim,国家页,/compare/indonesia/,已覆盖,ID,indonesia,,否
inwi esim morocco,国家·核心,14.3,1,9.0,0,1,en-US,esim morocco,国家页,/compare/morocco/,已覆盖,MA,morocco,,否
ireland sim card dublin airport,国家·落地渠道,14.3,1,9.0,0,1,"en-GB,en-US",ireland sim card for tourists,国家页,/compare/ireland/,已覆盖,IE,ireland,,否
ireland sim only deals,国家·价格/交易,14.3,1,9.0,0,1,"en-GB,en-US",ireland sim card for tourists,国家页,/compare/ireland/,已覆盖,IE,ireland,,否
israel prepaid sim card online,国家·核心,14.3,1,9.0,0,1,"en-GB,en-US",israel sim card for tourists,国家页,/compare/israel/,已覆盖,IL,israel,,否
italy esim for travel,国家·核心,14.3,1,9.0,0,1,"en-GB,en-US",italy esim,国家页,/compare/italy/,已覆盖,IT,italy,,否
japan esim plans,国家·规格/流量,14.3,1,9.0,0,1,"en-GB,en-US",japan esim,国家页,/compare/japan/,已覆盖,JP,japan,,是
klook singapore esim,国家·落地渠道,14.3,1,9.0,0,1,en-US,singapore esim,国家页,/compare/singapore/,已覆盖,SG,singapore,,否
korea esim data packages,国家·核心,14.3,1,9.0,0,1,"en-GB,en-US",korea esim,国家页,/compare/south-korea/,已覆盖,KR,south-korea,,否
malaysia sim card plan,国家·核心,14.3,1,9.0,0,1,"en-GB,en-US",malaysia esim card,国家页,/compare/malaysia/,已覆盖,MY,malaysia,,否
mobile sim for morocco,国家·核心,14.3,1,9.0,0,1,"en-GB,en-US",morocco sim card for tourists,国家页,/compare/morocco/,已覆盖,MA,morocco,,否
netherlands prepaid sim card,国家·核心,14.3,1,9.0,0,1,en-GB,netherlands sim card for tourists,国家页,/compare/netherlands/,已覆盖,NL,netherlands,,否
nomad esim contact,品牌（全局）,14.3,1,9.0,0,1,en-US,nomad esim macao,品牌 Hub,/esim-providers/nomad/,已覆盖,,,nomad,否
nomad esim login,品牌（全局）,14.3,1,9.0,0,0,"en-GB,en-US",nomad esim,品牌 Hub,/esim-providers/nomad/,已覆盖,,,nomad,否
nomad esim price,品牌（全局）,14.3,1,9.0,0,1,en-US,nomad esim peru,品牌 Hub,/esim-providers/nomad/,已覆盖,,,nomad,否
nz esim prepaid,国家·核心,14.3,1,9.0,0,1,"en-GB,en-US",nz esim,国家页,/compare/new-zealand/,已覆盖,NZ,new-zealand,,否
nz sim card for travellers,国家·核心,14.3,1,9.0,0,1,"en-GB,en-US",new zealand sim card for tourists,国家页,/compare/new-zealand/,已覆盖,NZ,new-zealand,,否
personal argentina esim,国家·核心,14.3,1,9.0,0,1,en-GB,argentina esim,国家页,/compare/argentina/,已覆盖,AR,argentina,,否
provedores internacionais de esim,通用·其他,14.3,1,9.0,0,0,"en-GB,en-US",esim rio de janeiro,首页/枢纽,/,已覆盖,,,,否
reddit esim cards travel guide,通用·其他,14.3,1,9.0,0,1,en-US,esim saudi arabia reddit,形态对比指南,/guides/esim-vs-physical-sim/,已覆盖,,,,否
saily esim configuration guide,品牌（全局）,14.3,1,9.0,0,1,en-US,saily esim macao,品牌 Hub,/esim-providers/saily/,已覆盖,,,saily,否
saily esim discount code,品牌（全局）,14.3,1,9.0,0,0,"en-GB,en-US",saily esim,品牌 Hub,/esim-providers/saily/,已覆盖,,,saily,否
sim card for australia,国家·核心,14.3,1,9.0,0,2,"en-GB,en-US",australia sim card for tourists,国家页,/compare/australia/,已覆盖,AU,australia,,否
sim card for uk travel from australia,区域,14.3,1,9.0,0,2,en-US,australia sim card for tourists,未建页型,（无区域页）,缺口,"AU,GB","australia,united-kingdom",,否
sim omzetten naar esim,通用·其他,14.3,1,9.0,0,1,en-US,esim netherlands vs sim,首页/枢纽,/,已覆盖,,,,否
south korea sim card for foreigners,国家·核心,14.3,1,9.0,0,2,"en-GB,en-US",south korea sim card for tourists,国家页,/compare/south-korea/,已覆盖,KR,south-korea,,否
spain sim only deals,国家·价格/交易,14.3,1,9.0,0,1,"en-GB,en-US",spain sim card for tourists,国家页,/compare/spain/,已覆盖,ES,spain,,否
taiwan esim share hotspot,国家·规格/流量,14.3,1,9.0,0,1,"en-GB,en-US",taiwan esim,国家页,/compare/taiwan/,已覆盖,TW,taiwan,,否
telstra esim for international travel,通用·全球,14.3,1,9.0,0,1,en-US,esim for international travel,通用枢纽,/guides/,已覆盖,,,,否
thailand esim compatibility,国家·设备兼容,14.3,1,9.0,0,1,"en-GB,en-US",thailand esim,国家页,/compare/thailand/,已覆盖,TH,thailand,,否
travel esim comparison,城市,14.3,1,9.0,0,0,"en-GB,en-US",travel esim,未建页型（禁区）,（无城市页，建议并入国家页）,缺口,,,,否
travel esim for international trips,通用·全球,14.3,1,9.0,0,1,en-GB,esim for international travel,通用枢纽,/guides/,已覆盖,,,,否
travel esim for japan,国家·核心,14.3,1,9.0,0,0,en-US,travel esim,国家页,/compare/japan/,已覆盖,JP,japan,,否
travel sim for new zealand,国家·核心,14.3,1,9.0,0,1,en-GB,new zealand sim card for tourists,国家页,/compare/new-zealand/,已覆盖,NZ,new-zealand,,否
travel sim south america,区域,14.3,1,9.0,0,1,en-US,argentina sim card for tourists,区域指南,/guides/best-americas-esim/,已覆盖,,,,否
turkey esim holafly,品牌（全局）,14.3,1,9.0,0,1,"en-GB,en-US",turkey esim,品牌 Hub,/esim-providers/holafly/,已覆盖,,,holafly,否
uk esim operatori,国家·核心,14.3,1,9.0,0,1,"en-GB,en-US",uk esim,国家页,/compare/united-kingdom/,已覆盖,GB,united-kingdom,,否
us esim free trial,国家·核心,14.3,1,9.0,0,1,"en-GB,en-US",us esim,国家页,/compare/united-states/,已覆盖,US,united-states,,否
us sim card for canadian travellers,国家·核心,14.3,1,9.0,0,1,en-US,canada sim card for tourists,国家页,/compare/united-states/,已覆盖,US,united-states,,否
usa esim plans,国家·规格/流量,14.3,1,9.0,0,2,"en-GB,en-US",usa esim,国家页,/compare/united-states/,已覆盖,US,united-states,,否
usa prepaid sim card for tourists,国家·核心,14.3,1,9.0,0,1,en-US,georgia sim card for tourists,国家页,/compare/united-states/,已覆盖,US,united-states,,否
usa travel sim card,国家·核心,14.3,1,9.0,0,2,en-GB,usa sim card for tourists,国家页,/compare/united-states/,已覆盖,US,united-states,,否
verizon esim for iceland,国家·核心,14.3,1,9.0,0,1,en-US,esim for iceland,国家页,/compare/iceland/,已覆盖,IS,iceland,,否
vietnam sim card comparison,国家·对比,14.3,1,9.0,0,1,en-GB,viet nam esim card,国家页,/compare/vietnam/,已覆盖,VN,vietnam,,否
visible esim qr code,通用·价格交易,14.3,1,9.0,0,1,en-US,qatar esim coverage map,折扣页,/esim-deals/,已覆盖,,,,否
vodafone netherlands esim,国家·核心,14.3,1,9.0,0,1,en-US,netherlands esim,国家页,/compare/netherlands/,已覆盖,NL,netherlands,,否
vodafone spain esim with phone number,国家·规格/流量,14.3,1,9.0,0,1,en-US,spain esim,国家页,/compare/spain/,已覆盖,ES,spain,,否
vodafone tourist sim card portugal,国家·核心,14.3,1,9.0,0,1,"en-GB,en-US",portugal sim card for tourists,国家页,/compare/portugal/,已覆盖,PT,portugal,,否
which esim is best for india,国家·核心,14.3,1,9.0,0,1,en-US,best esim for india,国家页,/compare/india/,已覆盖,IN,india,,否
who owns saily esim,品牌（全局）,14.3,6,10.5,0,8,"en-GB,en-US",saily esim united arab emirates,品牌 Hub,/esim-providers/saily/,已覆盖,,,saily,否
south african esim card uk,国家·核心,14.2,10,12.5,1,3,"en-GB,en-US",cape town esim card,国家页,/compare/united-kingdom/,已覆盖,GB,united-kingdom,,否
best esim for usa data,国家·核心,14.0,4,10.0,0,3,"en-GB,en-US",best esim for usa 2026,国家页,/compare/united-states/,已覆盖,US,united-states,,否
best travel esim for vietnam,国家·核心,14.0,14,13.0,0,4,"en-GB,en-US",viet nam esim best,国家页,/compare/vietnam/,已覆盖,VN,vietnam,,否
cyprus sim card for tourist,通用·其他,14.0,4,10.0,0,4,en-US,turkiye sim card for tourists,形态对比指南,/guides/esim-vs-physical-sim/,已覆盖,,,,否
esim options for uk,国家·核心,14.0,9,11.5,0,3,"en-GB,en-US",do i need an esim for uk,国家页,/compare/united-kingdom/,已覆盖,GB,united-kingdom,,否
esim pour la france,国家·核心,14.0,14,17.0,0,3,en-US,esim france vs sim,国家页,/compare/france/,已覆盖,FR,france,,否
esim with number france,国家·核心,14.0,14,14.0,0,3,"en-GB,en-US",does esim work in france,国家页,/compare/france/,已覆盖,FR,france,,否
international sim cards for travel europe,区域,14.0,4,10.0,0,4,"en-GB,en-US",germany sim card for tourists,区域指南,/guides/best-europe-esim/,已覆盖,,,,否
best esim deals for usa,国家·价格/交易,13.7,2,9.5,0,3,"en-GB,en-US",cheapest esim for usa,国家页,/compare/united-states/,已覆盖,US,united-states,,否
best esim for australian travellers,通用·其他,13.7,2,9.5,0,3,"en-GB,en-US",best esim for austria,首页/枢纽,/,已覆盖,,,,否
best esim for europe for australians,区域,13.7,7,11.0,0,4,"en-GB,en-US",best esim for germany and austria,区域指南,/guides/best-europe-esim/,已覆盖,,,,否
buy china esim online,国家·核心,13.7,7,11.0,0,3,"en-GB,en-US",cheapest esim for china,国家页,/compare/china/,已覆盖,CN,china,,否
can i buy esim online in india,国家·核心,13.7,2,9.5,0,1,en-GB,do i need an esim for india,国家页,/compare/india/,已覆盖,IN,india,,否
data only esim uk,国家·核心,13.7,2,9.5,0,1,en-US,uk esim unlimited data,国家页,/compare/united-kingdom/,已覆盖,GB,united-kingdom,,否
esim for new york,城市,13.7,2,9.5,0,0,"en-GB,en-US",esim for los angeles,未建页型（禁区）,（无城市页，建议并入国家页）,缺口,,,,是
esim turkey argos,通用·其他,13.7,2,9.5,0,2,"en-GB,en-US",esim turkiye,首页/枢纽,/,已覆盖,,,,否
esim versus physical sim,通用·对比,13.7,2,9.5,0,2,en-US,esim egypt vs sim,形态对比指南,/guides/esim-vs-physical-sim/,已覆盖,,,,否
esim with korean phone number,通用·规则/规格,13.7,7,11.0,0,2,"en-GB,en-US",yesim esim south korea,首页/枢纽,/,已覆盖,,,,否
europe esim for travel,区域,13.7,7,11.0,0,8,"en-GB,en-US",belgium esim coverage map,区域指南,/guides/best-europe-esim/,已覆盖,,,,否
how to purchase esim,通用·问题,13.7,2,9.5,0,2,en-US,is esim available in israel,首页/枢纽,/,已覆盖,,,,否
phone with esim philippines,国家·核心,13.7,2,9.5,0,1,en-US,is esim available in philippines,国家页,/compare/philippines/,已覆盖,PH,philippines,,否
sim card singapore tourist,国家·核心,13.7,2,9.5,0,3,en-GB,indonesia sim card for tourists,国家页,/compare/singapore/,已覆盖,SG,singapore,,否
what is esim and how it works,通用·问题,13.7,2,9.5,0,2,"en-GB,en-US",does esim work in israel,概念指南,/guides/what-is-an-esim/,已覆盖,,,,否
esim available in india,国家·核心,13.5,11,15.0,1,9,en-US,is esim available in china,国家页,/compare/india/,已覆盖,IN,india,,否
sim card for brazil,国家·核心,13.5,1,10.0,1,1,"en-GB,en-US",brazil sim card for tourists,国家页,/compare/brazil/,已覆盖,BR,brazil,,否
best esim deals for europe,区域,13.3,10,12.0,0,11,"en-GB,en-US",cheapest esim for poland,区域指南,/guides/best-europe-esim/,已覆盖,,,,否
best esim provider in canada,国家·核心,13.3,5,10.5,0,3,"en-GB,en-US",best esim for canada and usa,国家页,/compare/canada/,已覆盖,CA,canada,,否
buying esim in china,国家·核心,13.3,5,10.5,0,2,"en-GB,en-US",cheapest esim for china,国家页,/compare/china/,已覆盖,CN,china,,否
travelling to morocco from uk esim,区域,13.3,10,12.0,0,1,"en-GB,en-US",does esim work in morocco,未建页型,（无区域页）,缺口,"MA,GB","morocco,united-kingdom",,否
us esim for canadians,国家·核心,13.3,10,12.0,0,3,"en-GB,en-US",esim for canada review,国家页,/compare/united-states/,已覆盖,US,united-states,,否
airalo esim customer service number,品牌（全局）,13.0,3,10.0,0,3,en-US,airalo esim saudi arabia,品牌 Hub,/esim-providers/airalo/,已覆盖,,,airalo,否
australia esim telstra,国家·核心,13.0,3,10.0,0,3,"en-GB,en-US",australia esim best,国家页,/compare/australia/,已覆盖,AU,australia,,否
best esim card for bali,城市,13.0,3,10.0,0,1,"en-GB,en-US",cheapest esim for bali,未建页型（禁区）,（无城市页，建议并入国家页）,缺口,,,,否
best esim for japan uk,区域,13.0,3,10.0,0,1,"en-GB,en-US",best esim for japan 2026,未建页型,（无区域页）,缺口,"JP,GB","japan,united-kingdom",,否
best esim for panama,通用·其他,13.0,3,10.0,0,2,"en-GB,en-US",best esim for costa rica and panama,首页/枢纽,/,已覆盖,,,,是
buy esim for china,国家·核心,13.0,13,15.0,0,4,"en-GB,en-US",esim czech republic 2026,国家页,/compare/china/,已覆盖,CN,china,,否
comprar esim en colombia,国家·核心,13.0,13,18.5,0,1,en-US,esim colombia for iphone,国家页,/compare/colombia/,已覆盖,CO,colombia,,否
comprar una esim colombia,国家·核心,13.0,13,17.5,0,1,en-US,how to get an esim for colombia,国家页,/compare/colombia/,已覆盖,CO,colombia,,否
desde que iphone tiene esim,通用·设备兼容,13.0,3,10.0,0,3,en-US,esim colombia for iphone,兼容指南,/guides/esim-compatibility-check/,已覆盖,,,,否
esim card for panama,通用·其他,13.0,3,10.0,0,1,"en-GB,en-US",esim for costa rica and panama,形态对比指南,/guides/esim-vs-physical-sim/,已覆盖,,,,否
esim compatible phones philippines,国家·设备兼容,13.0,3,10.0,0,1,"en-GB,en-US",esim compatible phones,国家页,/compare/philippines/,已覆盖,PH,philippines,,否
esim phone plans canada,国家·核心,13.0,3,10.0,0,1,"en-GB,en-US",canada esim plans,国家页,/compare/canada/,已覆盖,CA,canada,,否
esim usa with number,国家·核心,13.0,3,10.0,0,3,en-US,usa esim coverage map,国家页,/compare/united-states/,已覆盖,US,united-states,,否
how to register esim in the us,国家·核心,13.0,3,10.0,0,4,"en-GB,en-US",how to get an esim for georgia,国家页,/compare/united-states/,已覆盖,US,united-states,,否
i-phone esim,通用·其他,13.0,13,16.0,0,15,en-US,esim indonesia for iphone,首页/枢纽,/,已覆盖,,,,否
international travel sim card europe,区域,13.0,3,10.0,0,3,en-US,belgium sim card for tourists,区域指南,/guides/best-europe-esim/,已覆盖,,,,否
nz sim cards for australian tourists,国家·核心,13.0,3,10.0,0,4,"en-GB,en-US",nz esim card,国家页,/compare/new-zealand/,已覆盖,NZ,new-zealand,,否
sim card india tourist,国家·核心,13.0,3,10.0,0,3,"en-GB,en-US",indonesia sim card for tourists,国家页,/compare/india/,已覆盖,IN,india,,否
thai sim card for tourist,通用·其他,13.0,3,10.0,0,4,"en-GB,en-US",fiji sim card for tourists,形态对比指南,/guides/esim-vs-physical-sim/,已覆盖,,,,否
unterschied sim zu esim,通用·其他,13.0,3,10.0,0,4,en-US,esim austria vs sim,首页/枢纽,/,已覆盖,,,,否
verschil sim en esim,通用·其他,13.0,3,10.0,0,3,en-US,esim belgium vs sim,首页/枢纽,/,已覆盖,,,,否
how to get esim in australia,国家·核心,12.8,7,12.0,1,6,"en-GB,en-US",how to get an esim for australia,国家页,/compare/australia/,已覆盖,AU,australia,,否
best esim for caribbean,区域,12.7,1,9.5,0,1,"en-GB,en-US",best esim for costa rica,区域指南,/guides/best-americas-esim/,已覆盖,,,,是
best esim for international travel australia,国家·核心,12.7,1,9.5,0,2,"en-GB,en-US",esim for australia review,国家页,/compare/australia/,已覆盖,AU,australia,,否
best esim for traveling japan,国家·核心,12.7,1,9.5,0,1,"en-GB,en-US",do i need an esim for japan,国家页,/compare/japan/,已覆盖,JP,japan,,否
best sim card for internet philippines,国家·核心,12.7,1,9.5,0,1,"en-GB,en-US",philippines sim card for tourists,国家页,/compare/philippines/,已覆盖,PH,philippines,,否
buy airalo esim china,品牌×国家,12.7,1,9.5,0,1,"en-GB,en-US",airalo esim china,品牌×国家子页,/compare/china/airalo/,已覆盖,CN,china,airalo,否
buy saudi arabia sim card online,国家·核心,12.7,1,9.5,0,1,"en-GB,en-US",saudi arabia sim card for tourists,国家页,/compare/saudi-arabia/,已覆盖,SA,saudi-arabia,,否
e sim for portugal,国家·核心,12.7,1,9.5,0,1,"en-GB,en-US",portugal sim card for tourists,国家页,/compare/portugal/,已覆盖,PT,portugal,,否
esim china holafly,品牌×国家,12.7,1,9.5,0,1,"en-GB,en-US",esim china,品牌×国家子页,/compare/china/holafly/,已覆盖,CN,china,holafly,否
esim for ipad ireland,国家·设备兼容,12.7,1,9.5,0,1,"en-GB,en-US",esim for ireland,国家页,/compare/ireland/,已覆盖,IE,ireland,,否
esim for southeast asia,区域,12.7,1,9.5,0,1,"en-GB,en-US",esim for asia,区域指南,/guides/best-asia-esim/,已覆盖,,,,是
esim mobile plan australia,国家·核心,12.7,1,9.5,0,2,"en-GB,en-US",australia esim coverage map,国家页,/compare/australia/,已覆盖,AU,australia,,否
esim usim,通用·其他,12.7,1,9.5,0,1,"en-GB,en-US",esim us,首页/枢纽,/,已覆盖,,,,否
how does holafly esim work,品牌（全局）,12.7,1,9.5,0,2,"en-GB,en-US",holafly esim south africa,品牌 Hub,/esim-providers/holafly/,已覆盖,,,holafly,否
how to activate esim on iphone 13,通用·设备兼容,12.7,1,9.5,0,0,"en-GB,en-US",how to activate esim,兼容指南,/guides/esim-compatibility-check/,已覆盖,,,,否
how to get an esim india,国家·核心,12.7,6,11.0,0,6,"en-GB,en-US",how to get an esim for egypt,国家页,/compare/india/,已覆盖,IN,india,,否
indonesian sim card bali,城市,12.7,1,9.5,0,1,"en-GB,en-US",indonesia sim card for tourists,未建页型（禁区）,（无城市页，建议并入国家页）,缺口,,,,否
italy local sim card,国家·核心,12.7,1,9.5,0,1,"en-GB,en-US",italy sim card for tourists,国家页,/compare/italy/,已覆盖,IT,italy,,否
lebara spain esim,国家·核心,12.7,1,9.5,0,1,"en-GB,en-US",spain esim,国家页,/compare/spain/,已覆盖,ES,spain,,否
mexico sim card iphone,国家·设备兼容,12.7,1,9.5,0,1,"en-GB,en-US",mexico sim card for tourists,国家页,/compare/mexico/,已覆盖,MX,mexico,,否
sim card deals ireland,国家·价格/交易,12.7,1,9.5,0,1,"en-GB,en-US",ireland sim card for tourists,国家页,/compare/ireland/,已覆盖,IE,ireland,,否
sim card for india travel from uk,区域,12.7,1,9.5,0,1,"en-GB,en-US",india sim card for tourists,未建页型,（无区域页）,缺口,"IN,GB","india,united-kingdom",,否
sim price in saudi arabia,国家·价格/交易,12.7,1,9.5,0,1,"en-GB,en-US",saudi arabia sim card for tourists,国家页,/compare/saudi-arabia/,已覆盖,SA,saudi-arabia,,否
stc esim packages ksa,国家·落地渠道,12.7,1,9.5,0,1,"en-GB,en-US",ksa esim coverage map,国家页,/compare/saudi-arabia/,已覆盖,SA,saudi-arabia,,否
tourist sim in malaysia,国家·核心,12.7,1,9.5,0,1,"en-GB,en-US",malaysia sim card for tourists,国家页,/compare/malaysia/,已覆盖,MY,malaysia,,否
travel esim singapore,国家·核心,12.7,1,9.5,0,0,"en-GB,en-US",travel esim,国家页,/compare/singapore/,已覆盖,SG,singapore,,否
usa sim card uk,区域,12.7,1,9.5,0,2,"en-GB,en-US",usa esim card,未建页型,（无区域页）,缺口,"US,GB","united-states,united-kingdom",,否
what is an esim update,通用·问题,12.7,1,9.5,0,0,"en-GB,en-US",what is an esim,概念指南,/guides/what-is-an-esim/,已覆盖,,,,否
does it support esim,通用·问题,12.3,4,10.5,0,2,"en-GB,en-US",esim for israel review,首页/枢纽,/,已覆盖,,,,否
esim v sim card,通用·其他,12.3,4,10.5,0,5,en-US,esim austria vs sim,形态对比指南,/guides/esim-vs-physical-sim/,已覆盖,,,,否
esim vs carte sim,通用·对比,12.3,4,10.5,0,4,en-US,esim belgium vs sim,形态对比指南,/guides/esim-vs-physical-sim/,已覆盖,,,,否
french esim with phone number,通用·规则/规格,12.3,4,10.5,0,1,"en-GB,en-US",esim for france review,首页/枢纽,/,已覆盖,,,,否
holafly esim china not working,品牌×国家,12.3,4,12.0,2,4,"en-GB,en-US",holafly esim china,品牌×国家子页,/compare/china/holafly/,已覆盖,CN,china,holafly,否
iphone with esim support,通用·设备兼容,12.3,4,10.5,0,4,en-US,esim macao for iphone,兼容指南,/guides/esim-compatibility-check/,已覆盖,,,,否
mexico esim data plan,国家·规格/流量,12.3,9,12.0,0,9,"en-GB,en-US",cancun esim coverage map,国家页,/compare/mexico/,已覆盖,MX,mexico,,否
unlimited data esim vietnam,国家·规格/流量,12.3,4,10.5,0,4,en-US,unlimited data esim thailand,国家页·无限流量区,/compare/vietnam/#plans,已覆盖,VN,vietnam,,否
best esim for japan 2025,国家·核心,12.2,3,11.0,1,2,"en-GB,en-US",best esim for japan 2026,国家页,/compare/japan/,已覆盖,JP,japan,,否
airalo esim card china,品牌×国家,12.0,2,10.0,0,1,"en-GB,en-US",airalo esim hong kong,品牌×国家子页,/compare/china/airalo/,已覆盖,CN,china,airalo,否
best e-sim for colombia,国家·核心,12.0,2,10.0,0,1,"en-GB,en-US",colombia sim card for tourists,国家页,/compare/colombia/,已覆盖,CO,colombia,,否
best esim for international travel europe,区域,12.0,2,10.0,0,2,"en-GB,en-US",best esim for netherlands and belgium,区域指南,/guides/best-europe-esim/,已覆盖,,,,否
best esim for mauritius,城市,12.0,2,10.0,0,1,en-US,best esim for macao,未建页型（禁区）,（无城市页，建议并入国家页）,缺口,,,,是
best esim for vietnam travel,国家·核心,12.0,2,10.0,0,2,"en-GB,en-US",best esim for vietnam,国家页,/compare/vietnam/,已覆盖,VN,vietnam,,否
buy indian esim online,通用·其他,12.0,2,10.0,0,1,en-US,is esim available in india,首页/枢纽,/,已覆盖,,,,否
buy sim card china as tourist,国家·核心,12.0,2,10.0,0,2,"en-GB,en-US",czechia sim card for tourists,国家页,/compare/china/,已覆盖,CN,china,,否
cheapest esim smartphone,通用·设备兼容,12.0,2,10.0,0,2,en-US,cheapest esim nz,兼容指南,/guides/esim-compatibility-check/,已覆盖,,,,否
cheapest uk esim deals,国家·价格/交易,12.0,12,13.5,0,12,"en-GB,en-US",cheapest esim for iceland,国家页,/compare/united-kingdom/,已覆盖,GB,united-kingdom,,否
compare esim plans australia,国家·对比,12.0,2,10.0,0,2,"en-GB,en-US",australia esim coverage map,国家页,/compare/australia/,已覆盖,AU,australia,,否
does china use esim,国家·核心,12.0,2,10.0,0,1,"en-GB,en-US",esim coverage in china,国家页,/compare/china/,已覆盖,CN,china,,否
does nomad esim work in china,品牌×国家,12.0,7,17.0,2,9,"en-GB,en-US",does esim work in china,品牌×国家子页,/compare/china/nomad/,已覆盖,CN,china,nomad,否
esim canada free,国家·核心,12.0,2,10.0,0,2,"en-GB,en-US",esim canada,国家页,/compare/canada/,已覆盖,CA,canada,,否
esim funciona en argentina,国家·核心,12.0,12,15.0,0,1,"en-GB,en-US",esim for argentina review,国家页,/compare/argentina/,已覆盖,AR,argentina,,否
esim per il kenya,国家·核心,12.0,12,17.0,0,2,en-US,how to get an esim for kenya,国家页,/compare/kenya/,已覆盖,KE,kenya,,否
esim plans for japan,国家·规格/流量,12.0,7,11.5,0,6,"en-GB,en-US",fiji esim coverage map,国家页,/compare/japan/,已覆盖,JP,japan,,否
esim terbaik di indonesia,国家·核心,12.0,2,10.0,0,1,en-US,is esim available in indonesia,国家页,/compare/indonesia/,已覆盖,ID,indonesia,,否
esim usa at&t,国家·核心,12.0,2,10.0,0,2,"en-GB,en-US",esim usa,国家页,/compare/united-states/,已覆盖,US,united-states,,否
esim voor sri lanka,通用·其他,12.0,2,10.0,0,1,"en-GB,en-US",best esim for india and sri lanka,首页/枢纽,/,已覆盖,,,,否
how to install saily esim,品牌（全局）,12.0,2,10.0,0,2,"en-GB,en-US",saily esim united arab emirates,品牌 Hub,/esim-providers/saily/,已覆盖,,,saily,否
is the s20 esim compatible,通用·设备兼容,12.0,7,11.5,0,7,"en-GB,en-US",best esim for egypt 2026,兼容指南,/guides/esim-compatibility-check/,已覆盖,,,,否
nomad esim referral code,品牌（全局）,12.0,2,10.0,0,2,"en-GB,en-US",nomad esim south africa,品牌 Hub,/esim-providers/nomad/,已覆盖,,,nomad,否
orange esim for morocco,国家·核心,12.0,12,13.0,0,1,"en-GB,en-US",esim for morocco review,国家页,/compare/morocco/,已覆盖,MA,morocco,,否
turkey esim online,通用·其他,12.0,2,10.0,0,2,"en-GB,en-US",turkey esim,首页/枢纽,/,已覆盖,,,,否
ubigi esim china not working,品牌×国家,12.0,7,15.0,2,9,"en-GB,en-US",ubigi esim china,品牌×国家子页,/compare/china/ubigi/,已覆盖,CN,china,ubigi,否
unlimited data esim bali,城市,12.0,12,15.0,0,11,en-US,unlimited data esim fiji,未建页型（禁区）,（无城市页，建议并入国家页）,缺口,,,,否
usa tourist sim card,国家·核心,12.0,2,10.0,0,2,en-US,georgia sim card for tourists,国家页,/compare/united-states/,已覆盖,US,united-states,,否
von sim auf esim,通用·其他,12.0,2,10.0,0,3,en-US,esim austria vs sim,首页/枢纽,/,已覆盖,,,,否
saily esim review japan,品牌×国家,11.8,6,12.0,1,8,"en-GB,en-US",saily esim south korea,品牌×国家子页,/compare/japan/saily/,已覆盖,JP,japan,saily,否
best european esim plans,区域,11.7,10,12.5,0,8,"en-GB,en-US",holland esim coverage map,区域指南,/guides/best-europe-esim/,已覆盖,,,,否
how to setup ubigi esim on iphone,品牌（全局）,11.7,5,11.0,0,7,en-US,ubigi esim hong kong,品牌 Hub,/esim-providers/ubigi/,已覆盖,,,ubigi,否
nomad esim in china,品牌×国家,11.5,9,14.5,1,11,"en-GB,en-US",nomad esim india,品牌×国家子页,/compare/china/nomad/,已覆盖,CN,china,nomad,否
ubigi esim japan reddit,品牌×国家,11.5,9,15.0,1,10,"en-GB,en-US",esim japan reddit,品牌×国家子页,/compare/japan/ubigi/,已覆盖,JP,japan,ubigi,否
best esim for travel to mexico,国家·核心,11.3,8,12.0,0,2,"en-GB,en-US",best esim for cancun,国家页,/compare/mexico/,已覆盖,MX,mexico,,否
buy esim online australia,国家·核心,11.3,8,12.0,0,4,"en-GB,en-US",does esim work in australia,国家页,/compare/australia/,已覆盖,AU,australia,,否
ee sim only esim,通用·其他,11.3,8,12.0,0,8,"en-GB,en-US",yesim esim united arab emirates,首页/枢纽,/,已覆盖,,,,否
esim for japan and china,区域,11.3,3,10.5,0,3,"en-GB,en-US",esim for japan and south korea,未建页型,（无区域页）,缺口,"JP,CN","japan,china",,否
sim only esim uk,国家·核心,11.3,3,10.5,0,3,"en-GB,en-US",yesim esim united arab emirates,国家页,/compare/united-kingdom/,已覆盖,GB,united-kingdom,,否
turkish tourist sim card,通用·其他,11.3,3,10.5,0,3,"en-GB,en-US",czechia sim card for tourists,形态对比指南,/guides/esim-vs-physical-sim/,已覆盖,,,,否
best esim for thailand 2026,国家·核心,11.2,2,11.0,1,2,"en-GB,en-US",best esim for holland 2026,国家页,/compare/thailand/,已覆盖,TH,thailand,,否
cheap esim uk pay as you go,国家·价格/交易,11.2,2,11.0,1,2,en-US,cheap esim uk,国家页,/compare/united-kingdom/,已覆盖,GB,united-kingdom,,否
china esim with local number,国家·核心,11.2,2,11.0,1,1,"en-GB,en-US",china esim coverage map,国家页,/compare/china/,已覆盖,CN,china,,否
esim mexico travel guide,国家·核心,11.2,2,11.0,1,1,"en-GB,en-US",esim mexico city,国家页,/compare/mexico/,已覆盖,MX,mexico,,否
esim singapore cheap,国家·价格/交易,11.2,2,11.0,1,1,"en-GB,en-US",esim singapore city,国家页,/compare/singapore/,已覆盖,SG,singapore,,否
thailand esim data plans,国家·核心,11.2,2,11.0,1,1,"en-GB,en-US",thailand esim plans,国家页,/compare/thailand/,已覆盖,TH,thailand,,否
which prepaid esim is cheap in malaysia,国家·价格/交易,11.2,2,11.0,1,1,"en-GB,en-US",cheap esim malaysia,国家页,/compare/malaysia/,已覆盖,MY,malaysia,,否
airalo esim installation guide,品牌（全局）,11.0,1,10.0,0,1,en-US,airalo esim israel,品牌 Hub,/esim-providers/airalo/,已覆盖,,,airalo,否
airalo italy esim,品牌×国家,11.0,1,10.0,0,1,en-US,italy esim,品牌×国家子页,/compare/italy/airalo/,已覆盖,IT,italy,airalo,否
bali esim online,城市,11.0,1,10.0,0,1,"en-GB,en-US",bali esim,未建页型（禁区）,（无城市页，建议并入国家页）,缺口,,,,否
best esim for cruises,通用·其他,11.0,1,10.0,0,0,en-GB,esim for cruise,首页/枢纽,/,已覆盖,,,,否
best esim for thailand and singapore,区域,11.0,1,10.0,0,1,"en-GB,en-US",best esim for thailand,未建页型,（无区域页）,缺口,"SG,TH","singapore,thailand",,否
best esim in asia,区域,11.0,1,10.0,0,1,en-US,best esim for saudi arabia,区域指南,/guides/best-asia-esim/,已覆盖,,,,否
best indian travel sim cards,通用·其他,11.0,1,10.0,0,1,en-US,india sim card for tourists,形态对比指南,/guides/esim-vs-physical-sim/,已覆盖,,,,否
best sim card for travelling south america,区域,11.0,1,10.0,0,1,"en-GB,en-US",argentina sim card for tourists,区域指南,/guides/best-americas-esim/,已覆盖,,,,否
best sim card in germany for students,国家·核心,11.0,1,10.0,0,1,en-US,germany sim card for tourists,国家页,/compare/germany/,已覆盖,DE,germany,,否
best value esim for bali,城市,11.0,1,10.0,0,1,en-US,esim for bali review,未建页型（禁区）,（无城市页，建议并入国家页）,缺口,,,,否
best vietnam sim card,国家·核心,11.0,1,10.0,0,1,"en-GB,en-US",vietnam sim card for tourists,国家页,/compare/vietnam/,已覆盖,VN,vietnam,,否
buy esim online canada,国家·核心,11.0,6,11.5,0,1,"en-GB,en-US",does esim work in canada,国家页,/compare/canada/,已覆盖,CA,canada,,否
can hk iphone use esim,通用·设备兼容,11.0,1,10.0,0,1,en-US,esim taiwan for iphone,兼容指南,/guides/esim-compatibility-check/,已覆盖,,,,否
china esim nomad,品牌×国家,11.0,1,10.0,0,1,"en-GB,en-US",china esim,品牌×国家子页,/compare/china/nomad/,已覆盖,CN,china,nomad,否
china sim card data plans,国家·核心,11.0,1,10.0,0,1,"en-GB,en-US",china esim card,国家页,/compare/china/,已覆盖,CN,china,,否
do i need an esim for france,国家·核心,11.0,1,10.0,0,1,en-US,do i need an esim for uk,国家页,/compare/france/,已覆盖,FR,france,,否
does saily esim work on cruise ships,品牌（全局）,11.0,1,10.0,0,1,en-US,saily esim united arab emirates,品牌 Hub,/esim-providers/saily/,已覆盖,,,saily,否
esim card for southeast asia,区域,11.0,1,10.0,0,1,en-US,viet nam esim card,区域指南,/guides/best-asia-esim/,已覆盖,,,,否
esim card usa,国家·核心,11.0,1,10.0,0,0,en-US,esim cairo,国家页,/compare/united-states/,已覆盖,US,united-states,,否
esim data plan international,通用·全球,11.0,1,10.0,0,0,"en-GB,en-US",esim data plan,通用枢纽,/guides/,已覆盖,,,,否
esim deals ireland,国家·价格/交易,11.0,1,10.0,0,0,"en-GB,en-US",esim deals,国家页,/compare/ireland/,已覆盖,IE,ireland,,否
esim download for android,通用·设备兼容,11.0,1,10.0,0,0,en-GB,esim for android,兼容指南,/guides/esim-compatibility-check/,已覆盖,,,,否
esim for china from australia,区域,11.0,1,10.0,0,1,"en-GB,en-US",esim for china,未建页型,（无区域页）,缺口,"AU,CN","australia,china",,否
esim for europe for 90 days,区域,11.0,1,10.0,0,1,"en-GB,en-US",esim for europe,区域指南,/guides/best-europe-esim/,已覆盖,,,,否
esim for ipad wifi only,通用·设备兼容,11.0,1,10.0,0,0,"en-GB,en-US",esim vs pocket wifi,兼容指南,/guides/esim-compatibility-check/,已覆盖,,,,否
esim for iphone xr,通用·设备兼容,11.0,1,10.0,0,0,"en-GB,en-US",esim for iphone,兼容指南,/guides/esim-compatibility-check/,已覆盖,,,,否
esim for japan from india,区域,11.0,1,10.0,0,1,"en-GB,en-US",esim for japan,未建页型,（无区域页）,缺口,"JP,IN","japan,india",,否
esim for samsung s22,通用·设备兼容,11.0,1,10.0,0,1,en-US,esim for ksa,兼容指南,/guides/esim-compatibility-check/,已覆盖,,,,否
esim for thailand travel from india,区域,11.0,1,10.0,0,1,"en-GB,en-US",esim for thailand,未建页型,（无区域页）,缺口,"TH,IN","thailand,india",,否
esim for uk phone,国家·核心,11.0,1,10.0,0,1,"en-GB,en-US",esim for uk,国家页,/compare/united-kingdom/,已覆盖,GB,united-kingdom,,否
esim for usa nomad,品牌×国家,11.0,1,10.0,0,2,"en-GB,en-US",esim for usa,品牌×国家子页,/compare/united-states/nomad/,已覆盖,US,united-states,nomad,否
esim india prepaid options,国家·核心,11.0,1,10.0,0,1,"en-GB,en-US",esim india,国家页,/compare/india/,已覆盖,IN,india,,否
esim is better or physical sim,通用·对比,11.0,1,10.0,0,1,en-US,esim uk vs sim,形态对比指南,/guides/esim-vs-physical-sim/,已覆盖,,,,否
esim japan data plan,国家·规格/流量,11.0,1,10.0,0,1,"en-GB,en-US",esim japan,国家页,/compare/japan/,已覆盖,JP,japan,,否
esim japan discount code,国家·价格/交易,11.0,1,10.0,0,0,"en-GB,en-US",esim discount code,国家页,/compare/japan/,已覆盖,JP,japan,,否
esim korea with phone number,国家·规格/流量,11.0,1,10.0,0,1,"en-GB,en-US",esim korea,国家页,/compare/south-korea/,已覆盖,KR,south-korea,,否
esim malaysia celcom digi,国家·核心,11.0,1,10.0,0,1,"en-GB,en-US",esim malaysia,国家页,/compare/malaysia/,已覆盖,MY,malaysia,,否
esim mexico para viajes,国家·核心,11.0,1,10.0,0,1,"en-GB,en-US",esim mexico,国家页,/compare/mexico/,已覆盖,MX,mexico,,否
esim mobiles in india,国家·核心,11.0,1,10.0,0,1,en-US,esim saudi arabia for iphone,国家页,/compare/india/,已覆盖,IN,india,,否
esim morocco,国家·核心,11.0,1,10.0,0,0,en-GB,esim,国家页,/compare/morocco/,已覆盖,MA,morocco,,是
esim option in iphone,通用·设备兼容,11.0,1,10.0,0,1,en-US,esim macao for iphone,兼容指南,/guides/esim-compatibility-check/,已覆盖,,,,否
esim plans with unlimited data,通用·规则/规格,11.0,1,10.0,0,0,"en-GB,en-US",esim plans,无限流量研究,/research/unlimited-esim/,已覆盖,,,,否
esim roaming plans,通用·全球,11.0,1,10.0,0,0,en-US,esim rome,通用枢纽,/guides/,已覆盖,,,,否
esim singapore m1,国家·核心,11.0,1,10.0,0,1,"en-GB,en-US",esim singapore,国家页,/compare/singapore/,已覆盖,SG,singapore,,否
esim turkey 7 days,通用·规则/规格,11.0,1,10.0,0,1,"en-GB,en-US",esim turkey,首页/枢纽,/,已覆盖,,,,否
esim uk prepaid,国家·核心,11.0,1,10.0,0,1,"en-GB,en-US",esim uk,国家页,/compare/united-kingdom/,已覆盖,GB,united-kingdom,,否
esim-san,通用·其他,11.0,1,10.0,0,1,en-US,san jose costa rica esim 2026,首页/枢纽,/,已覆盖,,,,否
europe sim card for travellers from australia,国家·核心,11.0,1,10.0,0,2,"en-GB,en-US",austria sim card for tourists,国家页,/compare/australia/,已覆盖,AU,australia,,否
free mobile esim france,国家·核心,11.0,11,14.0,0,1,"en-GB,en-US",esim france vs sim,国家页,/compare/france/,已覆盖,FR,france,,否
free sim card spain,国家·核心,11.0,1,10.0,0,1,"en-GB,en-US",spain sim card for tourists,国家页,/compare/spain/,已覆盖,ES,spain,,否
free sim card uae,国家·核心,11.0,1,10.0,0,1,en-US,united arab emirates sim card for tourists,国家页,/compare/united-arab-emirates/,已覆盖,AE,united-arab-emirates,,否
french sim card for iphone,通用·设备兼容,11.0,1,10.0,0,1,en-GB,france esim card,兼容指南,/guides/esim-compatibility-check/,已覆盖,,,,否
how to find the esim,通用·问题,11.0,1,10.0,0,1,en-US,how to get an esim for czechia,首页/枢纽,/,已覆盖,,,,否
indian sim card for foreigners,通用·其他,11.0,1,10.0,0,1,en-GB,india esim card,形态对比指南,/guides/esim-vs-physical-sim/,已覆盖,,,,否
international sim card canada,国家·核心,11.0,1,10.0,0,1,en-US,canada sim card for tourists,国家页,/compare/canada/,已覆盖,CA,canada,,否
international sim card for india,国家·核心,11.0,1,10.0,0,1,"en-GB,en-US",india sim card for tourists,国家页,/compare/india/,已覆盖,IN,india,,否
ireland sim only plans,国家·核心,11.0,1,10.0,0,1,"en-GB,en-US",ireland sim card for tourists,国家页,/compare/ireland/,已覆盖,IE,ireland,,否
is roamic esim legit,品牌（全局）,11.0,1,10.0,0,0,"en-GB,en-US",roamic esim,品牌 Hub,/esim-providers/roamic/,已覆盖,,,roamic,否
istanbul sim card,城市,11.0,1,10.0,0,1,"en-GB,en-US",istanbul esim,未建页型（禁区）,（无城市页，建议并入国家页）,缺口,,,,否
japan esim airalo,品牌×国家,11.0,1,10.0,0,1,"en-GB,en-US",japan esim,品牌×国家子页,/compare/japan/airalo/,已覆盖,JP,japan,airalo,否
korea esim card,国家·核心,11.0,1,10.0,0,1,"en-GB,en-US",korea esim,国家页,/compare/south-korea/,已覆盖,KR,south-korea,,否
malaysia sim card at airport,国家·落地渠道,11.0,1,10.0,0,1,"en-GB,en-US",malaysia esim card,国家页,/compare/malaysia/,已覆盖,MY,malaysia,,否
movistar spain esim,国家·核心,11.0,1,10.0,0,1,en-GB,spain esim,国家页,/compare/spain/,已覆盖,ES,spain,,否
mtn south africa esim,国家·核心,11.0,1,10.0,0,1,"en-GB,en-US",cape town esim coverage map,国家页,/compare/south-africa/,已覆盖,ZA,south-africa,,否
nomad esim phone number,品牌（全局）,11.0,1,10.0,0,1,en-US,nomad esim costa rica,品牌 Hub,/esim-providers/nomad/,已覆盖,,,nomad,否
nz esim with phone number,国家·规格/流量,11.0,1,10.0,0,1,"en-GB,en-US",nz esim,国家页,/compare/new-zealand/,已覆盖,NZ,new-zealand,,否
onde comprar um esim,通用·其他,11.0,1,10.0,0,0,"en-GB,en-US",esim rio de janeiro,首页/枢纽,/,已覆盖,,,,否
plastic sim vs esim,通用·对比,11.0,1,10.0,0,1,en-US,esim czechia vs sim,形态对比指南,/guides/esim-vs-physical-sim/,已覆盖,,,,否
prepaid sim card usa for tourists,国家·核心,11.0,1,10.0,0,1,en-GB,peru sim card for tourists,国家页,/compare/united-states/,已覆盖,US,united-states,,否
purchase esim to roam in vietnam,国家·核心,11.0,11,13.0,0,2,"en-GB,en-US",viet nam esim coverage map,国家页,/compare/vietnam/,已覆盖,VN,vietnam,,否
saily esim android,品牌（全局）,11.0,1,10.0,0,1,en-GB,saily esim india,品牌 Hub,/esim-providers/saily/,已覆盖,,,saily,否
saily esim card,品牌（全局）,11.0,1,10.0,0,0,"en-GB,en-US",saily esim,品牌 Hub,/esim-providers/saily/,已覆盖,,,saily,否
saily esim for asia,品牌（全局）,11.0,1,10.0,0,1,en-GB,esim for asia,品牌 Hub,/esim-providers/saily/,已覆盖,,,saily,否
saily esim kaufen,品牌（全局）,11.0,1,10.0,0,1,en-GB,saily esim uk,品牌 Hub,/esim-providers/saily/,已覆盖,,,saily,否
sim card for tourist in thailand,国家·核心,11.0,1,10.0,0,1,en-US,qatar sim card for tourists,国家页,/compare/thailand/,已覆盖,TH,thailand,,否
sim card morocco airport,国家·落地渠道,11.0,1,10.0,0,1,"en-GB,en-US",morocco sim card for tourists,国家页,/compare/morocco/,已覆盖,MA,morocco,,否
sim card price philippines,国家·价格/交易,11.0,1,10.0,0,1,"en-GB,en-US",philippines sim card for tourists,国家页,/compare/philippines/,已覆盖,PH,philippines,,否
sim card purchase in hong kong,国家·核心,11.0,1,10.0,0,1,"en-GB,en-US",hong kong sim card for tourists,国家页,/compare/hong-kong/,已覆盖,HK,hong-kong,,否
thailand esim data packages,国家·核心,11.0,1,10.0,0,1,"en-GB,en-US",thailand esim,国家页,/compare/thailand/,已覆盖,TH,thailand,,否
tim tourist sim card italy,国家·核心,11.0,1,10.0,0,1,en-US,italy sim card for tourists,国家页,/compare/italy/,已覆盖,IT,italy,,否
tourist sim for singapore,国家·核心,11.0,1,10.0,0,1,"en-GB,en-US",singapore sim card for tourists,国家页,/compare/singapore/,已覆盖,SG,singapore,,否
travel esim australia,国家·核心,11.0,1,10.0,0,0,"en-GB,en-US",travel esim,国家页,/compare/australia/,已覆盖,AU,australia,,否
travel esim for egypt,国家·核心,11.0,1,10.0,0,1,en-GB,esim for egypt,国家页,/compare/egypt/,已覆盖,EG,egypt,,否
ubigi esim china,品牌×国家,11.0,1,10.0,0,0,"en-GB,en-US",ubigi esim,品牌×国家子页,/compare/china/ubigi/,已覆盖,CN,china,ubigi,否
ubigi esim nepal,品牌（全局）,11.0,1,10.0,0,1,en-US,ubigi esim uk,品牌 Hub,/esim-providers/ubigi/,已覆盖,,,ubigi,否
ubigi esim ptt,品牌（全局）,11.0,1,10.0,0,1,en-US,ubigi esim peru,品牌 Hub,/esim-providers/ubigi/,已覆盖,,,ubigi,否
uk esim deals,国家·价格/交易,11.0,1,10.0,0,1,"en-GB,en-US",uk esim,国家页,/compare/united-kingdom/,已覆盖,GB,united-kingdom,,否
unlimited esim uk,国家·规格/流量,11.0,1,10.0,0,0,"en-GB,en-US",unlimited esim,国家页·无限流量区,/compare/united-kingdom/#plans,已覆盖,GB,united-kingdom,,否
us esim deals,国家·价格/交易,11.0,1,10.0,0,1,"en-GB,en-US",us esim,国家页,/compare/united-states/,已覆盖,US,united-states,,否
us sim card for travel,国家·核心,11.0,1,10.0,0,2,en-GB,usa sim card for tourists,国家页,/compare/united-states/,已覆盖,US,united-states,,否
usa esim providers,国家·核心,11.0,1,10.0,0,2,"en-GB,en-US",usa esim,国家页,/compare/united-states/,已覆盖,US,united-states,,否
what iphone has esim,通用·设备兼容,11.0,1,10.0,0,1,en-US,esim vietnam for iphone,兼容指南,/guides/esim-compatibility-check/,已覆盖,,,,否
what is esim for iphone,通用·设备兼容,11.0,1,10.0,0,1,en-US,esim uk for iphone,兼容指南,/guides/esim-compatibility-check/,已覆盖,,,,否
what is esim verizon,通用·问题,11.0,1,10.0,0,0,"en-GB,en-US",esim for las vegas,概念指南,/guides/what-is-an-esim/,已覆盖,,,,否
what is the advantage of an esim,通用·问题,11.0,1,10.0,0,1,en-US,esim for israel review,概念指南,/guides/what-is-an-esim/,已覆盖,,,,否
best esim for united kingdom,通用·其他,10.7,4,11.0,0,3,"en-GB,en-US",best esim for uk 2026,首页/枢纽,/,已覆盖,,,,是
esim versus international plan,通用·全球,10.7,4,11.0,0,4,en-US,united arab emirates esim plans,通用枢纽,/guides/,已覆盖,,,,否
free esim trial unlimited data,通用·规则/规格,10.7,4,11.0,0,2,"en-GB,en-US",unlimited data esim israel,无限流量研究,/research/unlimited-esim/,已覆盖,,,,否
travel sim card europe,区域,10.7,4,11.0,0,4,"en-GB,en-US",germany sim card for tourists,区域指南,/guides/best-europe-esim/,已覆盖,,,,否
uk esim with roaming,国家·核心,10.7,4,11.0,0,4,"en-GB,en-US",roami esim united arab emirates,国家页,/compare/united-kingdom/,已覆盖,GB,united-kingdom,,否
airalo esim for japan,品牌×国家,10.3,7,12.0,0,9,"en-GB,en-US",airalo esim hong kong,品牌×国家子页,/compare/japan/airalo/,已覆盖,JP,japan,airalo,否
best esim for canadian travellers,通用·其他,10.3,2,10.5,0,3,"en-GB,en-US",best esim for canada and usa,首页/枢纽,/,已覆盖,,,,否
cheapest esim in canada,国家·价格/交易,10.3,2,10.5,0,2,en-GB,cheapest esim spain,国家页,/compare/canada/,已覆盖,CA,canada,,否
esim card japan airalo,品牌×国家,10.3,2,10.5,0,3,en-US,airalo esim hong kong,品牌×国家子页,/compare/japan/airalo/,已覆盖,JP,japan,airalo,否
free esim service trial,通用·其他,10.3,2,10.5,0,2,en-US,esim coverage in israel,首页/枢纽,/,已覆盖,,,,否
holafly esim for europe,品牌（全局）,10.3,7,12.0,0,9,"en-GB,en-US",holafly esim hong kong,品牌 Hub,/esim-providers/holafly/,已覆盖,,,holafly,否
holafly esim for japan,品牌×国家,10.3,7,12.0,0,9,"en-GB,en-US",holafly esim south korea,品牌×国家子页,/compare/japan/holafly/,已覆盖,JP,japan,holafly,否
turkey esim argos,通用·其他,10.3,2,10.5,0,2,"en-GB,en-US",turkiye esim,首页/枢纽,/,已覆盖,,,,否
what iphones use esim,通用·问题,10.3,2,10.5,0,2,en-US,esim france for iphone,首页/枢纽,/,已覆盖,,,,否
canada data only esim,国家·核心,9.7,3,11.0,0,1,"en-GB,en-US",esim canada vs sim,国家页,/compare/canada/,已覆盖,CA,canada,,否
esim cards for europe reviews,区域,9.7,3,11.0,0,3,"en-GB,en-US",esim for holland review,区域指南,/guides/best-europe-esim/,已覆盖,,,,否
esim uk data only,国家·核心,9.7,3,11.0,0,1,"en-GB,en-US",uk esim coverage map,国家页,/compare/united-kingdom/,已覆盖,GB,united-kingdom,,否
esim vietnam airalo,品牌×国家,9.7,3,11.0,0,2,"en-GB,en-US",esim viet nam,品牌×国家子页,/compare/vietnam/airalo/,已覆盖,VN,vietnam,airalo,否
esim while in china,国家·核心,9.7,3,11.0,0,2,"en-GB,en-US",china esim coverage map,国家页,/compare/china/,已覆盖,CN,china,,否
how much is an esim for japan,国家·价格/交易,9.7,3,11.0,0,3,"en-GB,en-US",cheapest esim for fiji,国家页,/compare/japan/,已覆盖,JP,japan,,否
international cell phone esim,通用·全球,9.7,3,11.0,0,3,en-US,esim belgium for iphone,通用枢纽,/guides/,已覆盖,,,,否
japan and global esim,国家·核心,9.7,3,11.0,0,3,"en-GB,en-US",esim for japan and south korea,国家页,/compare/japan/,已覆盖,JP,japan,,否
meglio sim o esim,通用·其他,9.7,3,11.0,0,3,en-US,esim croatia vs sim,首页/枢纽,/,已覆盖,,,,否
nomad esim review reddit,品牌（全局）,9.7,3,11.0,0,4,en-US,nomad esim saudi arabia,品牌 Hub,/esim-providers/nomad/,已覆盖,,,nomad,否
verschil tussen sim en esim,通用·其他,9.7,3,11.0,0,3,en-US,esim belgium vs sim,首页/枢纽,/,已覆盖,,,,否
best esim for sri lanka and singapore,国家·核心,9.3,1,10.5,0,1,"en-GB,en-US",esim for india and sri lanka,国家页,/compare/singapore/,已覆盖,SG,singapore,,否
buying a sim card in south africa,国家·核心,9.3,1,10.5,0,2,"en-GB,en-US",south africa sim card for tourists,国家页,/compare/south-africa/,已覆盖,ZA,south-africa,,否
cheapest esim for bali,城市,9.3,6,12.0,0,3,"en-GB,en-US",esim for bali review,未建页型（禁区）,（无城市页，建议并入国家页）,缺口,,,,否
data sim card ireland,国家·核心,9.3,1,10.5,0,1,"en-GB,en-US",ireland sim card for tourists,国家页,/compare/ireland/,已覆盖,IE,ireland,,否
data sim in spain,国家·核心,9.3,1,10.5,0,1,"en-GB,en-US",spain sim card for tourists,国家页,/compare/spain/,已覆盖,ES,spain,,否
esim australia official website,国家·核心,9.3,1,10.5,0,2,"en-GB,en-US",does esim work in australia,国家页,/compare/australia/,已覆盖,AU,australia,,否
esim south africa cell c,国家·核心,9.3,6,12.0,0,2,"en-GB,en-US",esim south africa,国家页,/compare/south-africa/,已覆盖,ZA,south-africa,,否
holafly esim vietnam,品牌×国家,9.3,1,10.5,0,0,"en-GB,en-US",holafly esim,品牌×国家子页,/compare/vietnam/holafly/,已覆盖,VN,vietnam,holafly,否
how to activate esim on android,通用·设备兼容,9.3,1,10.5,0,0,"en-GB,en-US",how to activate esim,兼容指南,/guides/esim-compatibility-check/,已覆盖,,,,否
how to activate esim on iphone 14,通用·设备兼容,9.3,1,10.5,0,0,"en-GB,en-US",how to activate esim,兼容指南,/guides/esim-compatibility-check/,已覆盖,,,,否
how to install esim from o2 website,通用·问题,9.3,1,10.5,0,0,"en-GB,en-US",how to install esim,安装指南,/guides/how-to-install-esim/,已覆盖,,,,否
international sim card for travel,通用·全球,9.3,1,10.5,0,1,"en-GB,en-US",brazil sim card for tourists,通用枢纽,/guides/,已覆盖,,,,否
las mejores esim en mexico,国家·核心,9.3,1,10.5,0,1,"en-GB,en-US",esim for mexico city,国家页,/compare/mexico/,已覆盖,MX,mexico,,否
malaysia mobile sim card,国家·核心,9.3,1,10.5,0,1,"en-GB,en-US",malaysia sim card for tourists,国家页,/compare/malaysia/,已覆盖,MY,malaysia,,否
orange egypt tourist sim card,国家·核心,9.3,1,10.5,0,1,"en-GB,en-US",egypt sim card for tourists,国家页,/compare/egypt/,已覆盖,EG,egypt,,否
saily esim canada,品牌×国家,9.3,1,10.5,0,0,"en-GB,en-US",saily esim,品牌×国家子页,/compare/canada/saily/,已覆盖,CA,canada,saily,否
sim card for indonesia,国家·核心,9.3,1,10.5,0,1,"en-GB,en-US",indonesia sim card for tourists,国家页,/compare/indonesia/,已覆盖,ID,indonesia,,否
sim card portugal lisbon airport,国家·落地渠道,9.3,1,10.5,0,1,"en-GB,en-US",portugal sim card for tourists,国家页,/compare/portugal/,已覆盖,PT,portugal,,否
tim italy sim card,国家·核心,9.3,1,10.5,0,1,"en-GB,en-US",italy sim card for tourists,国家页,/compare/italy/,已覆盖,IT,italy,,否
turkish sim card unlimited data,通用·规则/规格,9.3,1,10.5,0,1,"en-GB,en-US",turkiye sim card for tourists,形态对比指南,/guides/esim-vs-physical-sim/,已覆盖,,,,否
usa sim card prepaid,国家·核心,9.3,1,10.5,0,2,"en-GB,en-US",usa esim card,国家页,/compare/united-states/,已覆盖,US,united-states,,否
ventajas esim vs sim,通用·对比,9.3,6,12.0,0,6,en-US,esim argentina vs sim,形态对比指南,/guides/esim-vs-physical-sim/,已覆盖,,,,否
what is an esim card for iphone,通用·设备兼容,9.3,1,10.5,0,0,"en-GB,en-US",what is an esim,兼容指南,/guides/esim-compatibility-check/,已覆盖,,,,否
what is an esim uk,国家·核心,9.3,1,10.5,0,2,"en-GB,en-US",esim for ireland and uk,国家页,/compare/united-kingdom/,已覆盖,GB,united-kingdom,,否
best esim for sweden,通用·其他,9.0,9,14.0,0,5,"en-GB,en-US",esim for denmark and sweden,首页/枢纽,/,已覆盖,,,,是
esim japan and malaysia,区域,9.0,9,13.0,0,2,"en-GB,en-US",does esim work in malaysia,未建页型,（无区域页）,缺口,"MY,JP","malaysia,japan",,否
esim providers in ireland,国家·核心,9.0,4,11.5,0,1,"en-GB,en-US",does esim work in ireland,国家页,/compare/ireland/,已覆盖,IE,ireland,,否
esim summer school 2026,通用·其他,9.0,9,15.0,0,6,"en-GB,en-US",czech republic esim 2026,首页/枢纽,/,已覆盖,,,,否
esim to use abroad,通用·全球,9.0,4,15.0,2,2,"en-GB,en-US",do i need an esim for portugal,通用枢纽,/guides/,已覆盖,,,,否
single sim + esim,通用·其他,9.0,9,15.0,0,9,en-US,esim ireland vs sim,首页/枢纽,/,已覆盖,,,,否
vodafone esim for morocco,国家·核心,9.0,9,15.0,0,1,"en-GB,en-US",morocco esim coverage map,国家页,/compare/morocco/,已覆盖,MA,morocco,,否
australia esim for bali,国家·核心,8.7,2,11.0,0,3,"en-GB,en-US",austria esim,国家页,/compare/australia/,已覆盖,AU,australia,,否
best esim for uganda,通用·其他,8.7,2,11.0,0,2,"en-GB,en-US",best esim for kenya,首页/枢纽,/,已覆盖,,,,是
esim compatible phones check,通用·设备兼容,8.7,2,11.0,0,1,"en-GB,en-US",esim compatible phones,兼容指南,/guides/esim-compatibility-check/,已覆盖,,,,否
esim data only uk,国家·核心,8.7,2,11.0,0,3,"en-GB,en-US",australia esim unlimited data,国家页,/compare/united-kingdom/,已覆盖,GB,united-kingdom,,否
esim or normal sim,通用·对比,8.7,2,11.0,0,2,en-US,esim malaysia vs sim,首页/枢纽,/,已覆盖,,,,否
esim pour sri lanka,通用·其他,8.7,2,11.0,0,1,"en-GB,en-US",best esim for india and sri lanka,首页/枢纽,/,已覆盖,,,,否
esim vs sim fisica,通用·对比,8.7,2,11.0,0,2,en-US,esim macao vs sim,形态对比指南,/guides/esim-vs-physical-sim/,已覆盖,,,,否
esim with china number,国家·核心,8.7,2,11.0,0,1,"en-GB,en-US",china esim coverage map,国家页,/compare/china/,已覆盖,CN,china,,否
etisalat qr code for esim,通用·价格交易,8.7,2,11.0,0,1,"en-GB,en-US",qatar esim coverage map,折扣页,/esim-deals/,已覆盖,,,,否
que es esim iphone,通用·设备兼容,8.7,2,11.0,0,2,en-US,esim colombia for iphone,兼容指南,/guides/esim-compatibility-check/,已覆盖,,,,否
unterschied sim und esim,通用·其他,8.7,2,11.0,0,3,en-US,esim germany vs sim,首页/枢纽,/,已覆盖,,,,否
us mobile esim compatible,国家·设备兼容,8.7,2,11.0,0,2,en-US,esim coverage in georgia,国家页,/compare/united-states/,已覆盖,US,united-states,,否
using esim with apple phone,通用·其他,8.7,2,11.0,0,2,en-US,esim peru for iphone,首页/枢纽,/,已覆盖,,,,否
vietnam esim matrix,国家·核心,8.7,2,11.0,0,2,"en-GB,en-US",viet nam esim,国家页,/compare/vietnam/,已覆盖,VN,vietnam,,否
how to get esim in philippines,国家·核心,8.5,6,14.5,1,6,en-US,how to get an esim for philippines,国家页,/compare/philippines/,已覆盖,PH,philippines,,否
airalo esim south africa,品牌×国家,8.3,5,12.0,0,5,"en-GB,en-US",airalo esim new zealand,品牌×国家子页,/compare/south-africa/airalo/,已覆盖,ZA,south-africa,airalo,否
best esim provider in uk,国家·核心,8.0,3,11.5,0,2,"en-GB,en-US",does esim work in uk,国家页,/compare/united-kingdom/,已覆盖,GB,united-kingdom,,否
best travel esim malaysia,国家·核心,8.0,8,14.0,0,1,"en-GB,en-US",is esim available in malaysia,国家页,/compare/malaysia/,已覆盖,MY,malaysia,,否
does china support esim,国家·核心,8.0,3,11.5,0,2,"en-GB,en-US",esim coverage in china,国家页,/compare/china/,已覆盖,CN,china,,否
esim for europe airalo,品牌（全局）,8.0,8,15.0,0,10,"en-GB,en-US",esim for europe,品牌 Hub,/esim-providers/airalo/,已覆盖,,,airalo,否
esim france pas cher,国家·核心,8.0,8,16.0,0,1,"en-GB,en-US",esim france,国家页,/compare/france/,已覆盖,FR,france,,否
holafly esim not working,品牌（全局）,8.0,3,11.5,0,3,"en-GB,en-US",holafly esim new zealand,品牌 Hub,/esim-providers/holafly/,已覆盖,,,holafly,否
nomad esim esim me,品牌（全局）,8.0,8,13.0,0,10,en-US,nomad esim colombia,品牌 Hub,/esim-providers/nomad/,已覆盖,,,nomad,否
s20+ esim,通用·其他,8.0,8,14.5,0,6,"en-GB,en-US",czech republic esim 2026,首页/枢纽,/,已覆盖,,,,否
cheapest esim compatible phone,通用·设备兼容,7.8,2,12.0,1,1,"en-GB,en-US",cheapest esim nz,兼容指南,/guides/esim-compatibility-check/,已覆盖,,,,否
esim china prepaid,国家·核心,7.8,2,12.0,1,1,"en-GB,en-US",esim china price,国家页,/compare/china/,已覆盖,CN,china,,否
airalo esim installation guide for iphone,品牌（全局）,7.7,1,11.0,0,1,en-US,airalo esim israel,品牌 Hub,/esim-providers/airalo/,已覆盖,,,airalo,否
avoir une sim et une esim,通用·其他,7.7,1,11.0,0,1,en-US,esim france vs sim,首页/枢纽,/,已覆盖,,,,否
bali esim companies,城市,7.7,1,11.0,0,1,"en-GB,en-US",bali esim,未建页型（禁区）,（无城市页，建议并入国家页）,缺口,,,,否
best esim for uk and europe from australia,区域,7.7,1,11.0,0,1,"en-GB,en-US",best esim for uk,区域指南,/guides/best-europe-esim/,已覆盖,"AU,GB","australia,united-kingdom",,否
best esim in thailand,国家·核心,7.7,1,11.0,0,1,"en-GB,en-US",best esim for seoul,国家页,/compare/thailand/,已覆盖,TH,thailand,,否
best esim provider for japan,国家·核心,7.7,1,11.0,0,1,en-US,does esim work in fiji,国家页,/compare/japan/,已覆盖,JP,japan,,否
best unlimited esim japan,国家·规格/流量,7.7,1,11.0,0,1,en-US,unlimited data esim japan,国家页·无限流量区,/compare/japan/#plans,已覆盖,JP,japan,,否
buy esim online uk,国家·核心,7.7,6,12.5,0,2,"en-GB,en-US",esim for uk review,国家页,/compare/united-kingdom/,已覆盖,GB,united-kingdom,,否
buy south african sim card in uk,国家·核心,7.7,1,11.0,0,2,"en-GB,en-US",south africa sim card for tourists,国家页,/compare/united-kingdom/,已覆盖,GB,united-kingdom,,否
china sim card with phone number,国家·规格/流量,7.7,1,11.0,0,1,en-US,china esim card,国家页,/compare/china/,已覆盖,CN,china,,否
como obter um esim,通用·其他,7.7,1,11.0,0,0,"en-GB,en-US",esim rio de janeiro,首页/枢纽,/,已覆盖,,,,否
difference between dual sim and esim,通用·对比,7.7,1,11.0,0,1,en-US,esim united arab emirates vs sim,形态对比指南,/guides/esim-vs-physical-sim/,已覆盖,,,,否
do i need an esim for greece,国家·核心,7.7,1,11.0,0,1,en-US,do i need an esim for uk,国家页,/compare/greece/,已覆盖,GR,greece,,否
esim canada airalo,品牌×国家,7.7,1,11.0,0,1,"en-GB,en-US",esim canada,品牌×国家子页,/compare/canada/airalo/,已覆盖,CA,canada,airalo,否
esim china nomad,品牌×国家,7.7,1,11.0,0,1,"en-GB,en-US",esim china,品牌×国家子页,/compare/china/nomad/,已覆盖,CN,china,nomad,否
esim deals worldwide,通用·全球,7.7,1,11.0,0,0,"en-GB,en-US",esim deals,通用枢纽,/guides/,已覆盖,,,,否
esim for apple ipad,通用·设备兼容,7.7,1,11.0,0,1,en-US,esim macao for iphone,兼容指南,/guides/esim-compatibility-check/,已覆盖,,,,否
esim for china unicom,国家·核心,7.7,1,11.0,0,1,"en-GB,en-US",esim for china,国家页,/compare/china/,已覆盖,CN,china,,否
esim for iphone 11 att,通用·设备兼容,7.7,1,11.0,0,0,"en-GB,en-US",esim for iphone,兼容指南,/guides/esim-compatibility-check/,已覆盖,,,,否
esim for japan and singapore,区域,7.7,1,11.0,0,1,"en-GB,en-US",esim for japan,未建页型,（无区域页）,缺口,"SG,JP","singapore,japan",,否
esim for uk from usa,区域,7.7,1,11.0,0,1,"en-GB,en-US",esim for uk,未建页型,（无区域页）,缺口,"US,GB","united-states,united-kingdom",,否
esim for usa travel from india,区域,7.7,1,11.0,0,2,"en-GB,en-US",esim for usa,未建页型,（无区域页）,缺口,"IN,US","india,united-states",,否
esim india,国家·核心,7.7,1,11.0,0,0,en-GB,esim,国家页,/compare/india/,已覆盖,IN,india,,是
esim india prepaid,国家·核心,7.7,1,11.0,0,1,"en-GB,en-US",esim india,国家页,/compare/india/,已覆盖,IN,india,,否
esim japan unlimited,国家·规格/流量,7.7,1,11.0,0,1,"en-GB,en-US",esim japan,国家页·无限流量区,/compare/japan/#plans,已覆盖,JP,japan,,否
esim malaysia celcom,国家·核心,7.7,1,11.0,0,1,"en-GB,en-US",esim malaysia,国家页,/compare/malaysia/,已覆盖,MY,malaysia,,否
esim phones list philippines,国家·核心,7.7,1,11.0,0,1,en-US,esim philippines for iphone,国家页,/compare/philippines/,已覆盖,PH,philippines,,否
esim plans usa,国家·规格/流量,7.7,1,11.0,0,0,"en-GB,en-US",esim plans,国家页,/compare/united-states/,已覆盖,US,united-states,,否
esim qr code,通用·价格交易,7.7,1,11.0,0,0,en-US,esim,折扣页,/esim-deals/,已覆盖,,,,否
esim usa providers,国家·核心,7.7,1,11.0,0,2,"en-GB,en-US",esim usa,国家页,/compare/united-states/,已覆盖,US,united-states,,否
esim virgin mobile colombia,国家·核心,7.7,1,11.0,0,1,en-US,esim coverage in colombia,国家页,/compare/colombia/,已覆盖,CO,colombia,,否
esim with phone number and data,通用·规则/规格,7.7,1,11.0,0,0,"en-GB,en-US",esim with phone number,首页/枢纽,/,已覆盖,,,,否
free mobile sim card france,国家·核心,7.7,1,11.0,0,1,en-US,france sim card for tourists,国家页,/compare/france/,已覆盖,FR,france,,否
holafly esim thailand,品牌×国家,7.7,1,11.0,0,0,"en-GB,en-US",holafly esim,品牌×国家子页,/compare/thailand/holafly/,已覆盖,TH,thailand,holafly,否
hong kong travel esim,国家·核心,7.7,1,11.0,0,1,en-US,how to get an esim for hong kong,国家页,/compare/hong-kong/,已覆盖,HK,hong-kong,,否
hong kong travel sim,国家·核心,7.7,1,11.0,0,1,"en-GB,en-US",hong kong sim card for tourists,国家页,/compare/hong-kong/,已覆盖,HK,hong-kong,,否
how much is a esim card,通用·价格交易,7.7,1,11.0,0,1,en-US,united arab emirates esim price,形态对比指南,/guides/esim-vs-physical-sim/,已覆盖,,,,否
how to buy esim in india,国家·核心,7.7,1,11.0,0,1,"en-GB,en-US",does esim work in czechia,国家页,/compare/india/,已覆盖,IN,india,,否
how to get an esim for switzerland,国家·核心,7.7,1,11.0,0,2,en-US,how to get an esim for usa,国家页,/compare/switzerland/,已覆盖,CH,switzerland,,否
how to get an italian sim card,通用·问题,7.7,1,11.0,0,1,"en-GB,en-US",italy sim card for tourists,形态对比指南,/guides/esim-vs-physical-sim/,已覆盖,,,,否
how to test esim,通用·问题,7.7,1,11.0,0,1,en-US,how to get an esim for czechia,首页/枢纽,/,已覆盖,,,,否
india esim activation process,国家·核心,7.7,1,11.0,0,1,"en-GB,en-US",india esim,国家页,/compare/india/,已覆盖,IN,india,,否
international data roaming esim,通用·全球,7.7,1,11.0,0,1,en-GB,roami esim united arab emirates,通用枢纽,/guides/,已覆盖,,,,否
japan esim options,国家·核心,7.7,1,11.0,0,1,"en-GB,en-US",japan esim,国家页,/compare/japan/,已覆盖,JP,japan,,否
jetpac esim reddit,品牌（全局）,7.7,1,11.0,0,0,"en-GB,en-US",jetpac esim,品牌 Hub,/esim-providers/jetpac/,已覆盖,,,jetpac,否
korea esim compatible devices,国家·设备兼容,7.7,1,11.0,0,1,"en-GB,en-US",korea esim,国家页,/compare/south-korea/,已覆盖,KR,south-korea,,否
lg u+ esim korea,国家·核心,7.7,1,11.0,0,2,en-US,ubigi esim south korea,国家页,/compare/south-korea/,已覆盖,KR,south-korea,,否
malaysia sim card singapore,区域,7.7,1,11.0,0,1,en-US,malaysia sim card for tourists,未建页型,（无区域页）,缺口,"SG,MY","singapore,malaysia",,否
mobile data sim card belgium,国家·核心,7.7,1,11.0,0,1,"en-GB,en-US",belgium sim card for tourists,国家页,/compare/belgium/,已覆盖,BE,belgium,,否
nomad esim compatibility,品牌（全局）,7.7,1,11.0,0,1,en-US,nomad esim macao,品牌 Hub,/esim-providers/nomad/,已覆盖,,,nomad,否
nomad esim south korea,品牌×国家,7.7,6,12.5,0,7,"en-GB,en-US",nomad esim hong kong,品牌×国家子页,/compare/south-korea/nomad/,已覆盖,KR,south-korea,nomad,否
nz esim providers,国家·核心,7.7,1,11.0,0,1,"en-GB,en-US",nz esim,国家页,/compare/new-zealand/,已覆盖,NZ,new-zealand,,否
perbedaan esim dan sim,通用·其他,7.7,1,11.0,0,1,en-US,esim turkiye vs sim,首页/枢纽,/,已覆盖,,,,否
phones with esim capability,通用·其他,7.7,1,11.0,0,1,en-US,esim kenya for iphone,首页/枢纽,/,已覆盖,,,,否
purchase esim card online,通用·其他,7.7,1,11.0,0,1,"en-GB,en-US",czech republic esim card,形态对比指南,/guides/esim-vs-physical-sim/,已覆盖,,,,否
reddit esim cards travel advice,通用·其他,7.7,1,11.0,0,1,en-US,esim saudi arabia reddit,形态对比指南,/guides/esim-vs-physical-sim/,已覆盖,,,,否
saily esim thailand,品牌×国家,7.7,1,11.0,0,0,"en-GB,en-US",saily esim,品牌×国家子页,/compare/thailand/saily/,已覆盖,TH,thailand,saily,否
saudi sim card check,通用·其他,7.7,1,11.0,0,1,"en-GB,en-US",saudi arabia sim card for tourists,形态对比指南,/guides/esim-vs-physical-sim/,已覆盖,,,,否
sim card data deals south africa,国家·价格/交易,7.7,1,11.0,0,2,en-US,south africa sim card for tourists,国家页·套餐表,/compare/south-africa/#plans,已覆盖,ZA,south-africa,,否
sim card in dubai,城市,7.7,1,11.0,0,1,en-US,united arab emirates sim card for tourists,未建页型（禁区）,（无城市页，建议并入国家页）,缺口,,,,否
sim cards in america for canada,国家·核心,7.7,1,11.0,0,1,en-US,canada sim card for tourists,国家页,/compare/canada/,已覆盖,CA,canada,,否
sim cards in america for travelers,通用·其他,7.7,1,11.0,0,2,en-GB,usa sim card for tourists,形态对比指南,/guides/esim-vs-physical-sim/,已覆盖,,,,否
sim for south america,区域,7.7,1,11.0,0,1,"en-GB,en-US",argentina sim card for tourists,区域指南,/guides/best-americas-esim/,已覆盖,,,,否
tourist sim card thailand,国家·核心,7.7,1,11.0,0,1,en-US,india sim card for tourists,国家页,/compare/thailand/,已覆盖,TH,thailand,,否
travel esim benefits,通用·其他,7.7,1,11.0,0,0,"en-GB,en-US",travel esim,首页/枢纽,/,已覆盖,,,,否
travel esim usa and canada,区域,7.7,1,11.0,0,3,en-GB,esim for canada and usa,未建页型,（无区域页）,缺口,"CA,US","canada,united-states",,否
turkey esim card,通用·其他,7.7,1,11.0,0,1,"en-GB,en-US",turkey esim,形态对比指南,/guides/esim-vs-physical-sim/,已覆盖,,,,否
uk and europe esim,国家·核心,7.7,1,11.0,0,1,"en-GB,en-US",belgium esim coverage map,国家页,/compare/united-kingdom/,已覆盖,GB,united-kingdom,,否
uk sim card for australian phone,国家·核心,7.7,1,11.0,0,1,"en-GB,en-US",uk esim card,国家页,/compare/united-kingdom/,已覆盖,GB,united-kingdom,,否
uk sim cards australia,区域,7.7,1,11.0,0,1,"en-GB,en-US",uk esim card,未建页型,（无区域页）,缺口,"AU,GB","australia,united-kingdom",,否
unlimited esim asia,区域,7.7,1,11.0,0,0,"en-GB,en-US",unlimited esim,区域指南,/guides/best-asia-esim/,已覆盖,,,,否
unterschied zwischen esim und sim,通用·其他,7.7,1,11.0,0,1,en-US,esim germany vs sim,首页/枢纽,/,已覆盖,,,,否
us esim for data,国家·核心,7.7,1,11.0,0,1,"en-GB,en-US",us esim,国家页,/compare/united-states/,已覆盖,US,united-states,,否
usa esim with calls,国家·核心,7.7,1,11.0,0,2,"en-GB,en-US",usa esim,国家页,/compare/united-states/,已覆盖,US,united-states,,否
vietnam sim card purchase guide,国家·核心,7.7,1,11.0,0,1,en-GB,viet nam esim card,国家页,/compare/vietnam/,已覆盖,VN,vietnam,,否
vodafone italy tourist sim card,国家·核心,7.7,1,11.0,0,1,en-US,italy sim card for tourists,国家页,/compare/italy/,已覆盖,IT,italy,,否
where to buy esim for iphone,通用·设备兼容,7.7,1,11.0,0,1,en-US,esim uk for iphone,兼容指南,/guides/esim-compatibility-check/,已覆盖,,,,否
best data esim for thailand,国家·核心,7.3,4,12.0,0,2,"en-GB,en-US",bangkok esim unlimited data,国家页,/compare/thailand/,已覆盖,TH,thailand,,否
best esim for china travel,国家·核心,7.3,4,12.0,0,3,"en-GB,en-US",best esim for china 2026,国家页,/compare/china/,已覆盖,CN,china,,否
airalo esim for vietnam,品牌×国家,7.0,2,11.5,0,3,"en-GB,en-US",airalo esim hong kong,品牌×国家子页,/compare/vietnam/airalo/,已覆盖,VN,vietnam,airalo,否
esim card for asia,区域,7.0,2,11.5,0,2,en-US,esim for asia,区域指南,/guides/best-asia-esim/,已覆盖,,,,否
esim for mobile phone,通用·其他,7.0,7,15.0,0,8,en-US,esim qatar for iphone,首页/枢纽,/,已覆盖,,,,否
esim singapore 1 day,国家·规格/流量,7.0,7,16.0,0,1,en-US,singapore esim coverage map,国家页,/compare/singapore/,已覆盖,SG,singapore,,否
how much is esim in china,国家·价格/交易,7.0,7,16.0,0,5,"en-GB,en-US",esim hong kong price,国家页,/compare/china/,已覆盖,CN,china,,否
how to activate ubigi esim,品牌（全局）,7.0,7,16.0,0,9,"en-GB,en-US",ubigi esim saudi arabia,品牌 Hub,/esim-providers/ubigi/,已覆盖,,,ubigi,否
how to get esim in dubai,城市,7.0,7,14.0,0,4,en-US,how to get an esim for saudi arabia,未建页型（禁区）,（无城市页，建议并入国家页）,缺口,,,,否
melhor esim para argentina,国家·核心,7.0,7,14.0,0,2,"en-GB,en-US",esim for argentina review,国家页,/compare/argentina/,已覆盖,AR,argentina,,否
nomad esim for europe,品牌（全局）,7.0,7,13.0,0,9,"en-GB,en-US",nomad esim saudi arabia,品牌 Hub,/esim-providers/nomad/,已覆盖,,,nomad,否
sim card in netherlands,国家·核心,7.0,2,11.5,0,2,"en-GB,en-US",netherlands sim card for tourists,国家页,/compare/netherlands/,已覆盖,NL,netherlands,,否
travel esim latin america,区域,7.0,2,11.5,0,2,"en-GB,en-US",argentina esim coverage map,区域指南,/guides/best-americas-esim/,已覆盖,,,,否
data only esim usa,国家·核心,6.7,5,12.5,0,5,"en-GB,en-US",usa esim unlimited data,国家页,/compare/united-states/,已覆盖,US,united-states,,否
spanish esim with phone number,通用·规则/规格,6.7,5,12.5,0,1,"en-GB,en-US",how to get an esim for spain,首页/枢纽,/,已覆盖,,,,否
cheap esim phone australia,国家·价格/交易,6.5,4,13.0,1,2,"en-GB,en-US",cheap esim australia,国家页,/compare/australia/,已覆盖,AU,australia,,否
cheap esim plans unlimited data,通用·价格交易,6.5,4,13.0,1,3,en-US,cheap esim poland,无限流量研究,/research/unlimited-esim/,已覆盖,,,,否
ubigi esim qr code,品牌（全局）,6.5,4,20.0,1,5,en-US,ubigi esim qatar,品牌 Hub,/esim-providers/ubigi/,已覆盖,,,ubigi,否
best australian esim for europe,区域,6.3,3,12.0,0,4,"en-GB,en-US",best esim for germany and austria,区域指南,/guides/best-europe-esim/,已覆盖,,,,否
buy esim online in india,国家·核心,6.3,3,12.0,0,2,"en-GB,en-US",esim coverage in india,国家页,/compare/india/,已覆盖,IN,india,,否
esim to use in thailand,国家·核心,6.3,3,12.0,0,3,en-GB,bangkok esim coverage map,国家页,/compare/thailand/,已覆盖,TH,thailand,,否
esim usa and canada,区域,6.3,3,12.0,0,3,"en-GB,en-US",esim usa,未建页型,（无区域页）,缺口,"CA,US","canada,united-states",,否
how to set up saily esim,品牌（全局）,6.3,3,12.0,0,3,"en-GB,en-US",saily esim united arab emirates,品牌 Hub,/esim-providers/saily/,已覆盖,,,saily,否
sim cards for travel in europe,区域,6.3,3,12.0,0,3,en-US,netherlands sim card for tourists,区域指南,/guides/best-europe-esim/,已覆盖,,,,否
ubigi esim coupon code,品牌（全局）,6.3,3,12.0,0,3,en-US,ubigi esim uk,品牌 Hub,/esim-providers/ubigi/,已覆盖,,,ubigi,否
van sim naar esim,通用·其他,6.3,3,12.0,0,3,en-US,esim belgium vs sim,首页/枢纽,/,已覆盖,,,,否
acheter une esim france,国家·核心,6.0,6,18.5,0,1,en-US,does esim work in france,国家页,/compare/france/,已覆盖,FR,france,,否
best esim at sea,通用·其他,6.0,6,14.5,0,4,"en-GB,en-US",esim for fiji review,首页/枢纽,/,已覆盖,,,,否
best esim plans in australia,国家·规格/流量,6.0,1,11.5,0,2,"en-GB,en-US",best esim for australia 2026,国家页,/compare/australia/,已覆盖,AU,australia,,否
best sim for india travel,国家·核心,6.0,1,11.5,0,1,"en-GB,en-US",india sim card for tourists,国家页,/compare/india/,已覆盖,IN,india,,否
buying a sim card in egypt,国家·核心,6.0,1,11.5,0,1,"en-GB,en-US",egypt sim card for tourists,国家页,/compare/egypt/,已覆盖,EG,egypt,,否
can i buy an esim in china,国家·核心,6.0,1,11.5,0,1,"en-GB,en-US",do i need an esim for czech republic,国家页,/compare/china/,已覆盖,CN,china,,否
china sim card unlimited data,国家·规格/流量,6.0,1,11.5,0,1,"en-GB,en-US",china esim card,国家页·无限流量区,/compare/china/#plans,已覆盖,CN,china,,否
compare esim plans usa,国家·对比,6.0,6,16.0,0,5,"en-GB,en-US",georgia esim coverage map,国家页,/compare/united-states/,已覆盖,US,united-states,,否
digital sim card for international travel,通用·全球,6.0,1,11.5,0,1,"en-GB,en-US",brazil sim card for tourists,通用枢纽,/guides/,已覆盖,,,,否
does access wireless offer esim,通用·价格交易,6.0,1,11.5,0,0,"en-GB,en-US",esim vs pocket wifi,首页/枢纽,/,已覆盖,,,,否
esim in philippines available,国家·核心,6.0,1,11.5,0,1,"en-GB,en-US",does esim work in argentina,国家页,/compare/philippines/,已覆盖,PH,philippines,,否
esim that works in china,国家·核心,6.0,1,11.5,0,1,"en-GB,en-US",best esim for china 2026,国家页,/compare/china/,已覆盖,CN,china,,否
holafly esim new york,品牌（全局）,6.0,6,20.0,0,8,en-US,holafly esim hong kong,品牌 Hub,/esim-providers/holafly/,已覆盖,,,holafly,否
holafly esim sri lanka,品牌（全局）,6.0,6,20.0,0,8,en-US,holafly esim south korea,品牌 Hub,/esim-providers/holafly/,已覆盖,,,holafly,否
how much sim card cost in vietnam,国家·价格/交易,6.0,1,11.5,0,1,"en-GB,en-US",vietnam sim card for tourists,国家页,/compare/vietnam/,已覆盖,VN,vietnam,,否
how to install esim on samsung watch,通用·设备兼容,6.0,1,11.5,0,0,"en-GB,en-US",how to install esim,兼容指南,/guides/esim-compatibility-check/,已覆盖,,,,否
nomad esim canada,品牌×国家,6.0,1,11.5,0,0,"en-GB,en-US",nomad esim,品牌×国家子页,/compare/canada/nomad/,已覆盖,CA,canada,nomad,否
nomad esim not working,品牌（全局）,6.0,6,19.0,0,8,"en-GB,en-US",nomad esim saudi arabia,品牌 Hub,/esim-providers/nomad/,已覆盖,,,nomad,否
pay monthly esim germany,国家·核心,6.0,6,15.0,0,1,"en-GB,en-US",does esim work in germany,国家页,/compare/germany/,已覆盖,DE,germany,,否
reviews on saily esim,品牌（全局）,6.0,6,14.0,0,8,"en-GB,en-US",saily esim united arab emirates,品牌 Hub,/esim-providers/saily/,已覆盖,,,saily,否
sim card for peru,国家·核心,6.0,1,11.5,0,1,"en-GB,en-US",peru sim card for tourists,国家页,/compare/peru/,已覆盖,PE,peru,,否
sim card for turkey and europe,区域,6.0,1,11.5,0,1,"en-GB,en-US",turkiye sim card for tourists,区域指南,/guides/best-europe-esim/,已覆盖,,,,否
spanish data sim card,通用·其他,6.0,1,11.5,0,1,"en-GB,en-US",spain sim card for tourists,形态对比指南,/guides/esim-vs-physical-sim/,已覆盖,,,,否
tourist sim card singapore singtel,国家·核心,6.0,1,11.5,0,1,"en-GB,en-US",singapore sim card for tourists,国家页,/compare/singapore/,已覆盖,SG,singapore,,否
travel esim asia,区域,6.0,1,11.5,0,0,"en-GB,en-US",travel esim,区域指南,/guides/best-asia-esim/,已覆盖,,,,否
usa sim card unlimited data,国家·规格/流量,6.0,1,11.5,0,2,"en-GB,en-US",usa esim card,国家页·无限流量区,/compare/united-states/#plans,已覆盖,US,united-states,,否
what is an esim for international travel,通用·全球,6.0,1,11.5,0,0,"en-GB,en-US",what is an esim,通用枢纽,/guides/,已覆盖,,,,否
where to buy sim card philippines,国家·核心,6.0,1,11.5,0,1,"en-GB,en-US",philippines sim card for tourists,国家页,/compare/philippines/,已覆盖,PH,philippines,,否
who owns nomad esim,品牌（全局）,6.0,6,18.5,0,8,"en-GB,en-US",nomad esim united arab emirates,品牌 Hub,/esim-providers/nomad/,已覆盖,,,nomad,否
esim ho mobile 2023,通用·其他,5.7,4,12.5,0,3,"en-GB,en-US",czech republic esim 2026,首页/枢纽,/,已覆盖,,,,否
esim available in philippines,国家·核心,5.5,3,15.0,1,3,en-US,is esim available in fiji,国家页,/compare/philippines/,已覆盖,PH,philippines,,否
australian sim cards for travellers,通用·其他,5.3,2,12.0,0,3,"en-GB,en-US",austria sim card for tourists,形态对比指南,/guides/esim-vs-physical-sim/,已覆盖,,,,否
cheapest pay as you go esim,通用·价格交易,5.3,2,12.0,0,2,"en-GB,en-US",cheapest esim for georgia,首页/枢纽,/,已覆盖,,,,否
china travel sim card where to buy,国家·核心,5.3,2,12.0,0,2,"en-GB,en-US",china sim card for tourists,国家页,/compare/china/,已覆盖,CN,china,,否
data only esim bali,城市,5.3,2,12.0,0,1,"en-GB,en-US",bali esim unlimited data,未建页型（禁区）,（无城市页，建议并入国家页）,缺口,,,,否
data only esim canada,国家·核心,5.3,2,12.0,0,1,"en-GB,en-US",canada esim unlimited data,国家页,/compare/canada/,已覆盖,CA,canada,,否
esim auf neues iphone,通用·设备兼容,5.3,2,12.0,0,3,en-US,esim austria for iphone,兼容指南,/guides/esim-compatibility-check/,已覆盖,,,,否
esim cards for korea,国家·核心,5.3,2,12.0,0,2,en-US,best esim for south korea,国家页,/compare/south-korea/,已覆盖,KR,south-korea,,否
esim for maldives,城市,5.3,2,12.0,0,1,"en-GB,en-US",esim for miami,未建页型（禁区）,（无城市页，建议并入国家页）,缺口,,,,否
esim for uk and paris,国家·核心,5.3,2,12.0,0,1,"en-GB,en-US",esim for paris,国家页,/compare/united-kingdom/,已覆盖,GB,united-kingdom,,否
esim north america and canada,国家·核心,5.3,2,12.0,0,2,"en-GB,en-US",does esim work in canada,国家页,/compare/canada/,已覆盖,CA,canada,,否
esim providers for china,国家·核心,5.3,2,12.0,0,2,"en-GB,en-US",china esim coverage map,国家页,/compare/china/,已覆盖,CN,china,,否
esim providers in china,国家·核心,5.3,2,12.0,0,2,en-US,esim coverage in china,国家页,/compare/china/,已覆盖,CN,china,,否
esim vietnam how it works,国家·核心,5.3,2,12.0,0,2,"en-GB,en-US",esim viet nam,国家页,/compare/vietnam/,已覆盖,VN,vietnam,,否
go compare esim deals,通用·对比,5.3,2,12.0,0,1,"en-GB,en-US",esim for georgia review,折扣页,/esim-deals/,已覆盖,,,,否
vietnam esim australia,区域,5.3,2,12.0,0,2,"en-GB,en-US",vietnam esim,未建页型,（无区域页）,缺口,"AU,VN","australia,vietnam",,否
airalo esim card global,品牌（全局）,5.0,5,20.0,0,6,en-US,airalo esim costa rica,品牌 Hub,/esim-providers/airalo/,已覆盖,,,airalo,否
best esim data plans for europe,区域,5.0,5,14.5,0,5,"en-GB,en-US",holland esim coverage map,区域指南,/guides/best-europe-esim/,已覆盖,,,,否
best esim for bolivia,通用·其他,5.0,5,17.0,0,3,"en-GB,en-US",best esim for argentina 2026,首页/枢纽,/,已覆盖,,,,是
comprar esim online brasil,通用·其他,5.0,5,17.0,0,1,"en-GB,en-US",esim rio de janeiro,首页/枢纽,/,已覆盖,,,,否
diferencia de sim y esim,通用·其他,5.0,5,13.0,0,5,en-US,esim spain vs sim,首页/枢纽,/,已覆盖,,,,否
diferencias de esim y sim,通用·其他,5.0,5,13.0,0,5,en-US,esim argentina vs sim,首页/枢纽,/,已覆盖,,,,否
esim for data only in usa,国家·核心,5.0,5,13.0,0,5,en-US,esim coverage in usa,国家页,/compare/united-states/,已覆盖,US,united-states,,否
esim vs dual sim,通用·对比,5.0,5,13.0,0,5,en-US,esim iceland vs sim,形态对比指南,/guides/esim-vs-physical-sim/,已覆盖,,,,否
holafly esim usa erfahrungen,品牌×国家,5.0,5,21.0,0,7,en-US,holafly esim south korea,品牌×国家子页,/compare/united-states/holafly/,已覆盖,US,united-states,holafly,否
nomad esim not working in china,品牌×国家,5.0,5,22.0,0,6,en-US,nomad esim hong kong,品牌×国家子页,/compare/china/nomad/,已覆盖,CN,china,nomad,否
best esim for oman,通用·其他,4.7,3,12.5,0,3,"en-GB,en-US",best esim for uae and qatar,首页/枢纽,/,已覆盖,,,,是
how to get esim qr,通用·问题,4.7,3,12.5,0,1,"en-GB,en-US",esim for qatar review,安装指南,/guides/how-to-install-esim/,已覆盖,,,,否
esim china coverage details,国家·网络覆盖,4.5,2,15.0,1,1,en-US,esim coverage in china,国家网络页,/networks/china/,已覆盖,CN,china,,否
uk esim for china,区域,4.5,2,13.0,1,1,"en-GB,en-US",china esim coverage map,未建页型,（无区域页）,缺口,"CN,GB","china,united-kingdom",,否
usa esim buy,国家·核心,4.5,2,13.0,1,2,en-US,usa esim best,国家页,/compare/united-states/,已覆盖,US,united-states,,否
airalo esim thailand,品牌×国家,4.3,1,12.0,0,0,en-GB,airalo esim,品牌×国家子页,/compare/thailand/airalo/,已覆盖,TH,thailand,airalo,否
apple iphone esim compatible,通用·设备兼容,4.3,1,12.0,0,1,en-US,esim macao for iphone,兼容指南,/guides/esim-compatibility-check/,已覆盖,,,,否
best esim for japan from canada,区域,4.3,1,12.0,0,1,"en-GB,en-US",best esim for japan,未建页型,（无区域页）,缺口,"CA,JP","canada,japan",,否
best esim for mongolia,通用·其他,4.3,1,12.0,0,1,en-US,best esim for macao,首页/枢纽,/,已覆盖,,,,是
best esim for roaming,通用·全球,4.3,1,12.0,0,1,"en-GB,en-US",roami esim united arab emirates,通用枢纽,/guides/,已覆盖,,,,否
best esim for uk and japan,区域,4.3,1,12.0,0,1,"en-GB,en-US",best esim for uk,未建页型,（无区域页）,缺口,"JP,GB","japan,united-kingdom",,否
best esim for usa 3 months,国家·核心,4.3,1,12.0,0,2,"en-GB,en-US",best esim for usa,国家页,/compare/united-states/,已覆盖,US,united-states,,否
best sim card for travellers in australia,国家·核心,4.3,1,12.0,0,2,"en-GB,en-US",australia sim card for tourists,国家页,/compare/australia/,已覆盖,AU,australia,,否
can saily esim make calls,品牌（全局）,4.3,1,12.0,0,1,en-US,saily esim united arab emirates,品牌 Hub,/esim-providers/saily/,已覆盖,,,saily,否
china travel esim card,国家·核心,4.3,1,12.0,0,1,en-US,czech republic esim card,国家页,/compare/china/,已覆盖,CN,china,,否
does china mobile have esim,国家·核心,4.3,1,12.0,0,1,en-US,esim china vs sim,国家页,/compare/china/,已覆盖,CN,china,,否
esim and nano sim difference,通用·对比,4.3,1,12.0,0,1,en-US,esim macao vs sim,形态对比指南,/guides/esim-vs-physical-sim/,已覆盖,,,,否
esim canada rogers,国家·核心,4.3,1,12.0,0,1,"en-GB,en-US",esim canada,国家页,/compare/canada/,已覆盖,CA,canada,,否
esim compatible phones iphone,通用·设备兼容,4.3,1,12.0,0,0,"en-GB,en-US",esim compatible phones,兼容指南,/guides/esim-compatibility-check/,已覆盖,,,,否
esim for china from uk,区域,4.3,1,12.0,0,1,"en-GB,en-US",esim for china,未建页型,（无区域页）,缺口,"CN,GB","china,united-kingdom",,否
esim for europe trip,区域,4.3,1,12.0,0,1,"en-GB,en-US",esim for europe,区域指南,/guides/best-europe-esim/,已覆盖,,,,否
esim for mallorca,通用·其他,4.3,1,12.0,0,0,en-GB,esim for miami,首页/枢纽,/,已覆盖,,,,否
esim for usa data,国家·核心,4.3,1,12.0,0,2,"en-GB,en-US",esim for usa,国家页,/compare/united-states/,已覆盖,US,united-states,,否
esim in samsung phone,通用·设备兼容,4.3,1,12.0,0,1,en-US,esim malaysia for iphone,兼容指南,/guides/esim-compatibility-check/,已覆盖,,,,否
esim india activation,国家·核心,4.3,1,12.0,0,1,"en-GB,en-US",esim india,国家页,/compare/india/,已覆盖,IN,india,,否
esim japan experience,国家·核心,4.3,1,12.0,0,1,"en-GB,en-US",esim japan,国家页,/compare/japan/,已覆盖,JP,japan,,否
esim mexico para celular,国家·核心,4.3,1,12.0,0,1,"en-GB,en-US",esim mexico,国家页,/compare/mexico/,已覆盖,MX,mexico,,否
esim plans 365 days,通用·规则/规格,4.3,1,12.0,0,0,"en-GB,en-US",esim plans,首页/枢纽,/,已覆盖,,,,否
esim singapore and thailand,区域,4.3,1,12.0,0,1,"en-GB,en-US",esim singapore,未建页型,（无区域页）,缺口,"SG,TH","singapore,thailand",,否
esim t mobile,通用·其他,4.3,1,12.0,0,0,en-US,esim,首页/枢纽,/,已覆盖,,,,否
esim uk data packages,国家·核心,4.3,1,12.0,0,1,"en-GB,en-US",esim uk,国家页,/compare/united-kingdom/,已覆盖,GB,united-kingdom,,否
french data only sim card,通用·其他,4.3,1,12.0,0,1,"en-GB,en-US",france sim card for tourists,形态对比指南,/guides/esim-vs-physical-sim/,已覆盖,,,,否
hong kong mobile sim card,国家·核心,4.3,1,12.0,0,1,"en-GB,en-US",hong kong sim card for tourists,国家页,/compare/hong-kong/,已覆盖,HK,hong-kong,,否
how to activate esim on iphone 15,通用·设备兼容,4.3,1,12.0,0,0,en-US,how to activate esim,兼容指南,/guides/esim-compatibility-check/,已覆盖,,,,否
how to properly use an esim,通用·问题,4.3,1,12.0,0,1,"en-GB,en-US",do i need an esim for ksa,首页/枢纽,/,已覆盖,,,,否
india esim compatible devices,国家·设备兼容,4.3,1,12.0,0,1,"en-GB,en-US",india esim,国家页,/compare/india/,已覆盖,IN,india,,否
international sim card south america,区域,4.3,1,12.0,0,1,en-US,argentina sim card for tourists,区域指南,/guides/best-americas-esim/,已覆盖,,,,否
israel prepaid sim card unlimited,国家·规格/流量,4.3,1,12.0,0,1,en-US,israel sim card for tourists,国家页·无限流量区,/compare/israel/#plans,已覆盖,IL,israel,,否
japan esim with phone number for tourist,国家·规格/流量,4.3,1,12.0,0,1,"en-GB,en-US",japan esim,国家页,/compare/japan/,已覆盖,JP,japan,,否
jetpac esim canada,品牌×国家,4.3,1,12.0,0,0,"en-GB,en-US",jetpac esim,品牌×国家子页,/compare/canada/jetpac/,已覆盖,CA,canada,jetpac,否
korea esim reddit,国家·核心,4.3,1,12.0,0,1,"en-GB,en-US",korea esim,国家页,/compare/south-korea/,已覆盖,KR,south-korea,,否
korea travel sim card unlimited data,国家·规格/流量,4.3,1,12.0,0,2,"en-GB,en-US",south korea sim card for tourists,国家页·无限流量区,/compare/south-korea/#plans,已覆盖,KR,south-korea,,否
migliore esim per sri lanka,通用·其他,4.3,1,12.0,0,1,"en-GB,en-US",best esim for india and sri lanka,首页/枢纽,/,已覆盖,,,,否
migrasi sim ke esim,通用·其他,4.3,1,12.0,0,1,en-US,esim croatia vs sim,首页/枢纽,/,已覆盖,,,,否
nz esim 2degrees,国家·核心,4.3,1,12.0,0,1,"en-GB,en-US",nz esim,国家页,/compare/new-zealand/,已覆盖,NZ,new-zealand,,否
para que serve o esim,通用·其他,4.3,1,12.0,0,0,"en-GB,en-US",esim rio de janeiro,首页/枢纽,/,已覆盖,,,,否
phone with esim support,通用·其他,4.3,1,12.0,0,1,en-US,esim singapore for iphone,首页/枢纽,/,已覆盖,,,,否
prepaid sim card ireland,国家·核心,4.3,1,12.0,0,1,en-US,ireland sim card for tourists,国家页,/compare/ireland/,已覆盖,IE,ireland,,否
prepaid sim card italy,国家·核心,4.3,1,12.0,0,1,en-US,italy sim card for tourists,国家页,/compare/italy/,已覆盖,IT,italy,,否
rakuten wifi pocket esim,通用·其他,4.3,1,12.0,0,0,en-US,esim vs pocket wifi,首页/枢纽,/,已覆盖,,,,否
sim card canada tourist,国家·核心,4.3,1,12.0,0,1,"en-GB,en-US",colombia sim card for tourists,国家页,/compare/canada/,已覆盖,CA,canada,,否
sim card for uk travel,国家·核心,4.3,1,12.0,0,1,en-GB,uk sim card for tourists,国家页,/compare/united-kingdom/,已覆盖,GB,united-kingdom,,否
sim local esim japan,国家·核心,4.3,1,12.0,0,1,en-US,esim japan vs sim,国家页,/compare/japan/,已覆盖,JP,japan,,否
tarjeta sim costa rica,国家·核心,4.3,1,12.0,0,1,"en-GB,en-US",costa rica sim card for tourists,国家页,/compare/costa-rica/,已覆盖,CR,costa-rica,,否
tourist sim card singapore,国家·核心,4.3,1,12.0,0,1,en-US,india sim card for tourists,国家页,/compare/singapore/,已覆盖,SG,singapore,,否
travel esim for china,国家·核心,4.3,1,12.0,0,1,en-US,taipei esim coverage map,国家页,/compare/china/,已覆盖,CN,china,,否
travel sim for nz,国家·核心,4.3,1,12.0,0,1,"en-GB,en-US",new zealand sim card for tourists,国家页,/compare/new-zealand/,已覆盖,NZ,new-zealand,,否
ubigi esim phone number,品牌（全局）,4.3,1,12.0,0,1,en-US,ubigi esim peru,品牌 Hub,/esim-providers/ubigi/,已覆盖,,,ubigi,否
uk sim card in pakistan,国家·核心,4.3,1,12.0,0,1,"en-GB,en-US",uk esim card,国家页,/compare/united-kingdom/,已覆盖,GB,united-kingdom,,否
unlimited esim china,国家·规格/流量,4.3,1,12.0,0,0,"en-GB,en-US",unlimited esim,国家页·无限流量区,/compare/china/#plans,已覆盖,CN,china,,是
usa esim free trial,国家·核心,4.3,1,12.0,0,2,"en-GB,en-US",usa esim,国家页,/compare/united-states/,已覆盖,US,united-states,,否
vietnam sim card australia,区域,4.3,1,12.0,0,1,en-GB,viet nam esim card,未建页型,（无区域页）,缺口,"AU,VN","australia,vietnam",,否
vodafone sim vs esim suci,通用·对比,4.3,1,12.0,0,1,en-US,esim czechia vs sim,形态对比指南,/guides/esim-vs-physical-sim/,已覆盖,,,,否
air esim for global,通用·全球,4.0,4,15.0,0,2,"en-GB,en-US",jetpac esim united arab emirates,通用枢纽,/guides/,已覆盖,,,,否
airalo esim china hong kong,区域,4.0,4,19.0,0,5,"en-GB,en-US",airalo esim china,品牌 Hub·区域覆盖,/esim-providers/airalo/,已覆盖,"HK,CN","hong-kong,china",airalo,否
best esim for cuba,通用·其他,4.0,4,15.0,0,3,"en-GB,en-US",best esim for colombia 2026,首页/枢纽,/,已覆盖,,,,是
best esim in singapore,国家·核心,4.0,4,13.0,0,2,"en-GB,en-US",best esim for singapore and indonesia,国家页,/compare/singapore/,已覆盖,SG,singapore,,否
buy esim online india,国家·核心,4.0,4,19.0,0,3,"en-GB,en-US",esim for india review,国家页,/compare/india/,已覆盖,IN,india,,否
can i buy nomad esim in china,品牌×国家,4.0,4,20.5,0,6,en-US,nomad esim hong kong,品牌×国家子页,/compare/china/nomad/,已覆盖,CN,china,nomad,否
cheap esim deals uk,国家·价格/交易,4.0,4,19.0,0,4,"en-GB,en-US",cheapest esim for iceland,国家页,/compare/united-kingdom/,已覆盖,GB,united-kingdom,,否
erfahrungen mit holafly esim,品牌（全局）,4.0,4,22.5,0,5,en-US,holafly esim hong kong,品牌 Hub,/esim-providers/holafly/,已覆盖,,,holafly,否
esim card in hk,通用·其他,4.0,4,15.0,0,1,"en-GB,en-US",esim hong kong price,形态对比指南,/guides/esim-vs-physical-sim/,已覆盖,,,,否
esim for northern cyprus,通用·其他,4.0,4,16.0,0,2,"en-GB,en-US",greece esim coverage map,首页/枢纽,/,已覆盖,,,,否
esim im ausland nutzen,通用·其他,4.0,4,16.5,0,2,en-US,esim coverage in austria,首页/枢纽,/,已覆盖,,,,否
esim para o brasil,通用·其他,4.0,4,15.0,0,1,"en-GB,en-US",esim rio de janeiro,首页/枢纽,/,已覆盖,,,,否
esim pour le vietnam,国家·核心,4.0,4,15.5,0,1,en-US,viet nam esim best,国家页,/compare/vietnam/,已覆盖,VN,vietnam,,否
esim with calls europe,区域,4.0,4,16.5,0,3,en-US,do i need an esim for belgium,区域指南,/guides/best-europe-esim/,已覆盖,,,,否
hoe werkt een esim in het buitenland,通用·其他,4.0,4,13.5,0,2,en-US,how to get an esim for netherlands,首页/枢纽,/,已覆盖,,,,否
how much does airalo esim cost,品牌（全局）,4.0,4,13.0,0,5,en-US,airalo esim hong kong,品牌 Hub,/esim-providers/airalo/,已覆盖,,,airalo,否
is saily a good esim,品牌（全局）,4.0,4,17.5,0,6,en-US,saily esim saudi arabia,品牌 Hub,/esim-providers/saily/,已覆盖,,,saily,否
migliori esim per marocco,通用·其他,4.0,4,20.0,0,1,en-US,cheapest esim for morocco,首页/枢纽,/,已覆盖,,,,否
unlimited data esim new zealand,国家·规格/流量,4.0,4,15.5,0,4,en-US,unlimited data esim uk,国家页·无限流量区,/compare/new-zealand/#plans,已覆盖,NZ,new-zealand,,否
where can i buy esim philippines,国家·核心,4.0,4,18.5,0,4,en-US,is esim available in argentina,国家页,/compare/philippines/,已覆盖,PH,philippines,,否
airalo global esim call pricing,品牌（全局）,3.7,2,12.5,0,2,"en-GB,en-US",airalo esim hong kong,品牌 Hub,/esim-providers/airalo/,已覆盖,,,airalo,否
best cheap global esim for travelers,通用·全球,3.7,2,12.5,0,2,en-US,cheapest esim for brazil,通用枢纽,/guides/,已覆盖,,,,否
does the s20 support esim,通用·问题,3.7,2,12.5,0,2,en-US,best esim for iceland 2026,首页/枢纽,/,已覆盖,,,,否
esim better than physical sim,通用·对比,3.7,2,12.5,0,2,en-US,esim singapore vs sim,形态对比指南,/guides/esim-vs-physical-sim/,已覆盖,,,,否
esim europe with calling,区域,3.7,2,12.5,0,1,en-US,do i need an esim for belgium,区域指南,/guides/best-europe-esim/,已覆盖,,,,否
esim karte costa rica,国家·核心,3.7,2,12.5,0,1,en-US,costa rica esim plans,国家页,/compare/costa-rica/,已覆盖,CR,costa-rica,,否
airalo esim card europe,品牌（全局）,3.0,3,13.0,0,3,en-US,airalo esim new zealand,品牌 Hub,/esim-providers/airalo/,已覆盖,,,airalo,否
airalo esim how does it work,品牌（全局）,3.0,3,13.5,0,5,"en-GB,en-US",airalo esim south africa,品牌 Hub,/esim-providers/airalo/,已覆盖,,,airalo,否
best esim card for south america,区域,3.0,3,17.0,0,1,en-US,cheapest esim for argentina,区域指南,/guides/best-americas-esim/,已覆盖,,,,否
best global esim plans,通用·全球,3.0,3,17.0,0,3,"en-GB,en-US",israel esim coverage map,通用枢纽,/guides/,已覆盖,,,,否
best value esim for europe,区域,3.0,3,18.0,0,2,en-US,cheapest esim for czech republic,区域指南,/guides/best-europe-esim/,已覆盖,,,,否
e-sim ubigi,品牌（全局）,3.0,3,21.0,0,4,en-US,ubigi esim south africa,品牌 Hub,/esim-providers/ubigi/,已覆盖,,,ubigi,否
esim data only belgie,通用·其他,3.0,3,16.0,0,2,en-US,belgium esim unlimited data,首页/枢纽,/,已覆盖,,,,否
esim enabled phones in india,国家·核心,3.0,3,16.0,0,3,en-US,esim saudi arabia for iphone,国家页,/compare/india/,已覆盖,IN,india,,否
esim maroc pas cher,通用·其他,3.0,3,16.0,0,1,en-US,cheapest esim for morocco,首页/枢纽,/,已覆盖,,,,否
esim per il vietnam,国家·核心,3.0,3,16.0,0,1,en-US,viet nam esim 2026,国家页,/compare/vietnam/,已覆盖,VN,vietnam,,否
esim smartphones in india,国家·核心,3.0,3,13.0,0,3,en-US,esim saudi arabia for iphone,国家页,/compare/india/,已覆盖,IN,india,,否
esim voor het buitenland,通用·其他,3.0,3,18.0,0,1,en-US,how to get an esim for netherlands,首页/枢纽,/,已覆盖,,,,否
hoe werkt esim buitenland,通用·其他,3.0,3,16.0,0,1,en-US,how to get an esim for netherlands,首页/枢纽,/,已覆盖,,,,否
how to buy esim philippines,国家·核心,3.0,3,13.0,0,2,en-US,how to get an esim for peru,国家页,/compare/philippines/,已覆盖,PH,philippines,,否
mobile phones with esim support in india,国家·核心,3.0,3,15.0,0,3,en-US,esim saudi arabia for iphone,国家页,/compare/india/,已覆盖,IN,india,,否
saily esim not working china,品牌×国家,3.0,3,18.0,0,4,en-US,saily esim china,品牌×国家子页,/compare/china/saily/,已覆盖,CN,china,saily,否
tarjeta esim para colombia,国家·核心,3.0,3,22.0,0,1,en-US,esim coverage in colombia,国家页,/compare/colombia/,已覆盖,CO,colombia,,否
best travel sim for singapore,国家·核心,2.7,1,12.5,0,1,"en-GB,en-US",singapore sim card for tourists,国家页,/compare/singapore/,已覆盖,SG,singapore,,否
china esim with local phone number,国家·规格/流量,2.7,1,12.5,0,1,"en-GB,en-US",china esim coverage map,国家页,/compare/china/,已覆盖,CN,china,,否
esim on 3 network,通用·其他,2.7,1,12.5,0,1,"en-GB,en-US",kenya esim coverage map,首页/枢纽,/,已覆盖,,,,否
orange morocco sim card,国家·核心,2.7,1,12.5,0,1,"en-GB,en-US",morocco sim card for tourists,国家页,/compare/morocco/,已覆盖,MA,morocco,,否
prepaid sim card canada travel,国家·核心,2.7,1,12.5,0,1,"en-GB,en-US",canada sim card for tourists,国家页,/compare/canada/,已覆盖,CA,canada,,否
sim card vietnam airport,国家·落地渠道,2.7,1,12.5,0,1,"en-GB,en-US",vietnam sim card for tourists,国家页,/compare/vietnam/,已覆盖,VN,vietnam,,否
swiss sim card for travellers,通用·其他,2.7,1,12.5,0,1,"en-GB,en-US",switzerland sim card for tourists,形态对比指南,/guides/esim-vs-physical-sim/,已覆盖,,,,否
usa sim card deals,国家·价格/交易,2.7,1,12.5,0,2,"en-GB,en-US",usa esim card,国家页,/compare/united-states/,已覆盖,US,united-states,,否
vodafone esim for turkey,通用·其他,2.7,1,12.5,0,1,"en-GB,en-US",turkey esim coverage map,首页/枢纽,/,已覆盖,,,,否
a single esim covering malaysia+thailand,通用·其他,2.0,2,15.0,0,1,en-US,esim coverage in malaysia,首页/枢纽,/,已覆盖,,,,否
acheter esim en ligne france,国家·核心,2.0,2,19.0,0,1,en-US,is esim available in france,国家页,/compare/france/,已覆盖,FR,france,,否
acheter esim pour maroc,通用·其他,2.0,2,17.0,0,1,en-US,is esim available in morocco,首页/枢纽,/,已覆盖,,,,否
airalo europe esim review,品牌（全局）,2.0,2,17.0,0,3,en-US,airalo esim new zealand,品牌 Hub,/esim-providers/airalo/,已覆盖,,,airalo,否
best esim for albania,通用·其他,2.0,2,15.0,0,1,"en-GB,en-US",best esim for croatia,首页/枢纽,/,已覆盖,,,,是
best esim plans europe,区域,2.0,2,14.0,0,2,"en-GB,en-US",best esim for holland 2026,区域指南,/guides/best-europe-esim/,已覆盖,,,,否
beste esim anbieter bali,城市,2.0,2,14.5,0,1,en-US,cheapest esim for bali,未建页型（禁区）,（无城市页，建议并入国家页）,缺口,,,,否
carte esim pour le vietnam,国家·核心,2.0,2,14.5,0,1,en-US,viet nam esim 2026,国家页,/compare/vietnam/,已覆盖,VN,vietnam,,否
celulares con esim colombia,国家·核心,2.0,2,14.0,0,1,en-US,esim colombia for iphone,国家页,/compare/colombia/,已覆盖,CO,colombia,,否
como funciona nomad esim,品牌（全局）,2.0,2,13.5,0,2,en-US,nomad esim saudi arabia,品牌 Hub,/esim-providers/nomad/,已覆盖,,,nomad,否
cost of esim card,通用·价格交易,2.0,2,15.0,0,2,en-US,saudi arabia esim price,形态对比指南,/guides/esim-vs-physical-sim/,已覆盖,,,,否
esim 5*6,通用·其他,2.0,2,15.0,0,2,en-US,esim czech republic 2026,首页/枢纽,/,已覆盖,,,,否
esim besser als sim,通用·其他,2.0,2,13.0,0,3,en-US,esim austria vs sim,首页/枢纽,/,已覆盖,,,,否
esim for data roaming,通用·全球,2.0,2,14.5,0,2,en-US,roami esim united arab emirates,通用枢纽,/guides/,已覆盖,,,,否
esim for ipad uk,国家·设备兼容,2.0,2,14.5,0,2,en-US,esim ireland for iphone,国家页,/compare/united-kingdom/,已覆盖,GB,united-kingdom,,否
esim for marrakech,城市,2.0,2,14.0,0,1,"en-GB,en-US",esim for miami,未建页型（禁区）,（无城市页，建议并入国家页）,缺口,,,,是
esim in der schweiz,通用·其他,2.0,2,17.5,0,1,en-US,is esim available in switzerland,首页/枢纽,/,已覆盖,,,,否
esim india prepaid plans,国家·核心,2.0,2,14.0,0,1,en-US,india esim plans,国家页,/compare/india/,已覆盖,IN,india,,否
esim mexico prepaid plans,国家·核心,2.0,2,13.0,0,1,en-US,mexico esim plans,国家页,/compare/mexico/,已覆盖,MX,mexico,,否
esim mobile phones in india,国家·核心,2.0,2,14.0,0,2,en-US,esim india for iphone,国家页,/compare/india/,已覆盖,IN,india,,否
esim phones in canada,国家·核心,2.0,2,13.5,0,1,en-US,esim canada vs sim,国家页,/compare/canada/,已覆盖,CA,canada,,否
esim supported phones in india,国家·核心,2.0,2,17.5,0,2,en-US,esim saudi arabia for iphone,国家页,/compare/india/,已覆盖,IN,india,,否
esim usa new york,国家·核心,2.0,2,13.5,0,0,en-US,esim for las vegas,国家页,/compare/united-states/,已覆盖,US,united-states,,否
esim usa t mobile,国家·核心,2.0,2,14.0,0,2,en-US,esim usa,国家页,/compare/united-states/,已覆盖,US,united-states,,否
esim voor new york,城市,2.0,2,15.0,0,1,en-US,esim for new york,未建页型（禁区）,（无城市页，建议并入国家页）,缺口,,,,否
esim with italian phone number,通用·规则/规格,2.0,2,13.0,0,1,en-US,does esim work in italy,首页/枢纽,/,已覆盖,,,,否
french sim card unlimited data,通用·规则/规格,2.0,2,14.0,0,1,"en-GB,en-US",france esim card,形态对比指南,/guides/esim-vs-physical-sim/,已覆盖,,,,否
hk sim card for tourist,通用·其他,2.0,2,15.0,0,2,en-US,china sim card for tourists,形态对比指南,/guides/esim-vs-physical-sim/,已覆盖,,,,否
hoe werkt esim in buitenland,通用·其他,2.0,2,17.5,0,2,en-US,is esim available in netherlands,首页/枢纽,/,已覆盖,,,,否
how to apply esim in etisalat,通用·问题,2.0,2,15.5,0,1,en-US,esim coverage in qatar,首页/枢纽,/,已覆盖,,,,否
how to buy an esim,通用·问题,2.0,2,13.0,0,2,"en-GB,en-US",do i need an esim for czech republic,首页/枢纽,/,已覆盖,,,,否
how to buy an esim in china,国家·核心,2.0,2,13.0,0,2,en-US,how to get an esim for czechia,国家页,/compare/china/,已覆盖,CN,china,,否
how to get esim from fido,通用·问题,2.0,2,14.0,0,1,en-US,how to get an esim for fiji,首页/枢纽,/,已覆盖,,,,否
how to get esim qr code etisalat,通用·价格交易,2.0,2,15.0,0,1,"en-GB,en-US",qatar esim coverage map,折扣页,/esim-deals/,已覆盖,,,,否
is an esim a good idea,通用·问题,2.0,2,13.0,0,2,"en-GB,en-US",esim for israel review,首页/枢纽,/,已覆盖,,,,否
mejor esim para brasil,通用·其他,2.0,2,17.0,0,1,en-US,esim rio de janeiro,首页/枢纽,/,已覆盖,,,,否
most reliable japan esim,国家·核心,2.0,2,13.5,0,2,en-US,esim for fiji review,国家页,/compare/japan/,已覆盖,JP,japan,,否
nokia phones with esim,通用·其他,2.0,2,14.5,0,2,en-US,esim kenya vs sim,首页/枢纽,/,已覆盖,,,,否
nomad esim lost data,品牌（全局）,2.0,2,21.5,0,3,en-US,nomad esim costa rica,品牌 Hub,/esim-providers/nomad/,已覆盖,,,nomad,否
setting up holafly esim,品牌（全局）,2.0,2,19.0,0,2,en-US,holafly esim saudi arabia,品牌 Hub,/esim-providers/holafly/,已覆盖,,,holafly,否
sim card china foreigner tourist,国家·核心,2.0,2,14.0,0,2,en-US,czechia sim card for tourists,国家页,/compare/china/,已覆盖,CN,china,,否
sim card for overseas travel from australia,国家·核心,2.0,2,14.0,0,3,en-US,australia sim card for tourists,国家页,/compare/australia/,已覆盖,AU,australia,,否
sim card for singapore and malaysia,区域,2.0,2,14.0,0,2,"en-GB,en-US",malaysia sim card for tourists,未建页型,（无区域页）,缺口,"SG,MY","singapore,malaysia",,否
ventajas de la esim sobre la sim,通用·其他,2.0,2,15.5,0,2,en-US,esim argentina vs sim,首页/枢纽,/,已覆盖,,,,否
was ist eine sim und esim,通用·其他,2.0,2,14.0,0,3,en-US,esim germany vs sim,首页/枢纽,/,已覆盖,,,,否
which phone support esim in india,国家·设备兼容,2.0,2,17.0,0,2,en-US,esim india for iphone,国家页,/compare/india/,已覆盖,IN,india,,否
acheter une esim pour le maroc,通用·其他,1.0,1,18.0,0,1,en-US,is esim available in morocco,首页/枢纽,/,已覆盖,,,,否
airalo esim app,品牌（全局）,1.0,1,19.0,0,0,en-US,airalo esim,品牌 Hub,/esim-providers/airalo/,已覆盖,,,airalo,否
airalo esim card price,品牌（全局）,1.0,1,13.5,0,1,"en-GB,en-US",airalo esim hong kong,品牌 Hub,/esim-providers/airalo/,已覆盖,,,airalo,否
airalo esim not working in china,品牌×国家,1.0,1,13.0,0,1,"en-GB,en-US",airalo esim hong kong,品牌×国家子页,/compare/china/airalo/,已覆盖,CN,china,airalo,否
airalo esim singapore,品牌×国家,1.0,1,14.0,0,0,en-US,airalo esim,品牌×国家子页,/compare/singapore/airalo/,已覆盖,SG,singapore,airalo,否
airalo esim usa,品牌×国家,1.0,1,18.0,0,0,en-US,airalo esim,品牌×国家子页,/compare/united-states/airalo/,已覆盖,US,united-states,airalo,否
appareil iphone compatible esim,通用·设备兼容,1.0,1,18.0,0,1,en-US,esim france for iphone,兼容指南,/guides/esim-compatibility-check/,已覆盖,,,,否
aus sim esim machen,通用·其他,1.0,1,19.0,0,2,en-US,esim austria vs sim,首页/枢纽,/,已覆盖,,,,否
best esim canada,国家·核心,1.0,1,18.0,0,0,en-US,best esim,国家页,/compare/canada/,已覆盖,CA,canada,,否
best esim for abroad,通用·全球,1.0,1,17.0,0,1,en-US,esim for morocco review,通用枢纽,/guides/,已覆盖,,,,否
best esim for alaska,城市,1.0,1,23.0,0,0,en-US,best esim,未建页型（禁区）,（无城市页，建议并入国家页）,缺口,,,,否
best esim for australian travellers to europe,区域,1.0,1,15.0,0,2,en-US,best esim for australia,区域指南,/guides/best-europe-esim/,已覆盖,,,,否
best esim for australians in uk,国家·核心,1.0,1,13.0,0,2,en-US,best esim for australia,国家页,/compare/united-kingdom/,已覆盖,GB,united-kingdom,,否
best esim for australians travelling to japan,国家·核心,1.0,1,14.0,0,2,en-US,best esim for australia,国家页,/compare/japan/,已覆盖,JP,japan,,否
best esim for canadians travelling to uk,国家·核心,1.0,1,14.0,0,1,en-US,do i need an esim for canada,国家页,/compare/united-kingdom/,已覆盖,GB,united-kingdom,,否
best esim for caribbean cruise,区域,1.0,1,15.0,0,1,en-US,best esim for ksa,区域指南,/guides/best-americas-esim/,已覆盖,,,,否
best esim for japan and china,区域,1.0,1,14.0,0,1,en-US,best esim for japan,未建页型,（无区域页）,缺口,"JP,CN","japan,china",,否
best esim for japan and usa,区域,1.0,1,13.0,0,1,en-US,best esim for japan,未建页型,（无区域页）,缺口,"JP,US","japan,united-states",,否
best esim for koh samui,通用·其他,1.0,1,13.0,0,1,en-US,best esim for ksa,首页/枢纽,/,已覆盖,,,,否
best esim for mallorca,通用·其他,1.0,1,14.0,0,1,en-US,best esim for macao,首页/枢纽,/,已覆盖,,,,否
best esim for southeast asia,区域,1.0,1,14.0,0,1,en-US,best esim for korea,区域指南,/guides/best-asia-esim/,已覆盖,,,,是
best esim for uk and singapore,区域,1.0,1,13.0,0,1,en-US,best esim for uk,未建页型,（无区域页）,缺口,"SG,GB","singapore,united-kingdom",,否
best esim for usa travel from canada,区域,1.0,1,13.0,0,2,en-US,best esim for usa,未建页型,（无区域页）,缺口,"CA,US","canada,united-states",,否
best european esim card,区域,1.0,1,16.0,0,1,en-US,czech republic esim card,区域指南,/guides/best-europe-esim/,已覆盖,,,,否
best sim card in malaysia for internet,国家·核心,1.0,1,15.0,0,1,en-US,malaysia sim card for tourists,国家页,/compare/malaysia/,已覆盖,MY,malaysia,,否
best sim for egypt,国家·核心,1.0,1,15.0,0,1,en-US,egypt sim card for tourists,国家页,/compare/egypt/,已覆盖,EG,egypt,,否
best sim in germany,国家·核心,1.0,1,17.0,0,1,en-US,germany sim card for tourists,国家页,/compare/germany/,已覆盖,DE,germany,,否
best sim in ireland,国家·核心,1.0,1,17.0,0,1,en-US,ireland sim card for tourists,国家页,/compare/ireland/,已覆盖,IE,ireland,,否
best sim in saudi,通用·其他,1.0,1,14.0,0,1,en-US,saudi arabia sim card for tourists,首页/枢纽,/,已覆盖,,,,否
best sim only deals in france,国家·价格/交易,1.0,1,19.0,0,1,en-US,france sim card for tourists,国家页,/compare/france/,已覆盖,FR,france,,否
best sim only deals in ireland,国家·价格/交易,1.0,1,18.0,0,1,en-US,ireland sim card for tourists,国家页,/compare/ireland/,已覆盖,IE,ireland,,否
best sim only deals spain,国家·价格/交易,1.0,1,17.0,0,1,en-US,spain sim card for tourists,国家页,/compare/spain/,已覆盖,ES,spain,,否
best travel sim for australia,国家·核心,1.0,1,13.0,0,2,"en-GB,en-US",australia sim card for tourists,国家页,/compare/australia/,已覆盖,AU,australia,,否
buy a french sim card,通用·其他,1.0,1,13.0,0,1,"en-GB,en-US",france sim card for tourists,形态对比指南,/guides/esim-vs-physical-sim/,已覆盖,,,,否
buy esim card online,通用·其他,1.0,1,13.0,0,1,en-US,czech republic esim card,形态对比指南,/guides/esim-vs-physical-sim/,已覆盖,,,,否
buy esim for travel,通用·其他,1.0,1,15.0,0,1,en-US,is esim available in turkiye,首页/枢纽,/,已覆盖,,,,否
buy esim for usa travel,国家·核心,1.0,1,14.5,0,2,"en-GB,en-US",usa esim coverage map,国家页,/compare/united-states/,已覆盖,US,united-states,,否
buy french sim card in uk,国家·核心,1.0,1,18.0,0,1,en-US,france sim card for tourists,国家页,/compare/united-kingdom/,已覆盖,GB,united-kingdom,,否
can we port esim,通用·问题,1.0,1,16.0,0,1,en-US,do i need an esim for portugal,首页/枢纽,/,已覆盖,,,,否
canada local sim card,国家·核心,1.0,1,15.5,0,1,"en-GB,en-US",canada sim card for tourists,国家页,/compare/canada/,已覆盖,CA,canada,,否
carte sim france pour touriste,国家·核心,1.0,1,23.0,0,1,en-US,france sim card for tourists,国家页,/compare/france/,已覆盖,FR,france,,否
carte sim france touriste,国家·核心,1.0,1,24.0,0,1,en-US,france sim card for tourists,国家页,/compare/france/,已覆盖,FR,france,,否
cheap pay as you go esim,通用·价格交易,1.0,1,14.0,0,1,"en-GB,en-US",cheapest esim for georgia,首页/枢纽,/,已覆盖,,,,否
cheapest esim plan in singapore,国家·价格/交易,1.0,1,14.0,0,1,en-US,is esim available in singapore,国家页·套餐表,/compare/singapore/#plans,已覆盖,SG,singapore,,否
china mobile esim buy,国家·核心,1.0,1,13.0,0,1,en-US,esim china vs sim,国家页,/compare/china/,已覆盖,CN,china,,否
china mobile esim online,国家·核心,1.0,1,14.0,0,1,en-US,esim czechia for iphone,国家页,/compare/china/,已覆盖,CN,china,,否
china mobile hk esim,国家·核心,1.0,1,14.0,0,1,en-US,esim hong kong for iphone,国家页,/compare/china/,已覆盖,CN,china,,否
comment utiliser esim sur iphone,通用·设备兼容,1.0,1,20.0,0,1,en-US,esim france for iphone,兼容指南,/guides/esim-compatibility-check/,已覆盖,,,,否
como adquirir o esim,通用·其他,1.0,1,15.0,0,0,en-US,esim rio de janeiro,首页/枢纽,/,已覆盖,,,,否
como adquirir um esim,通用·其他,1.0,1,16.0,0,0,en-US,esim rio de janeiro,首页/枢纽,/,已覆盖,,,,否
como funciona um esim,通用·其他,1.0,1,13.0,0,0,en-US,esim rio de janeiro,首页/枢纽,/,已覆盖,,,,否
comprar tarjeta esim holafly,品牌（全局）,1.0,1,18.0,0,1,en-US,holafly esim costa rica,品牌 Hub,/esim-providers/holafly/,已覆盖,,,holafly,否
cosmote greece prepaid sim card,国家·核心,1.0,1,21.0,0,1,en-US,greece sim card for tourists,国家页,/compare/greece/,已覆盖,GR,greece,,否
cost of sim card in canada,国家·价格/交易,1.0,1,14.5,0,1,"en-GB,en-US",canada sim card for tourists,国家页,/compare/canada/,已覆盖,CA,canada,,否
cual es el mejor esim para mexico,国家·核心,1.0,1,15.0,0,1,en-US,best esim for cancun,国家页,/compare/mexico/,已覆盖,MX,mexico,,否
czy mozna miec esim i sim,通用·其他,1.0,1,14.0,0,1,en-US,esim czechia vs sim,首页/枢纽,/,已覆盖,,,,否
data sim for egypt,国家·核心,1.0,1,16.0,0,1,en-US,egypt sim card for tourists,国家页,/compare/egypt/,已覆盖,EG,egypt,,否
differenza esim e sim,通用·其他,1.0,1,14.0,0,1,en-US,esim italy vs sim,首页/枢纽,/,已覆盖,,,,否
differenza tra sim e esim,通用·其他,1.0,1,15.0,0,1,en-US,esim italy vs sim,首页/枢纽,/,已覆盖,,,,否
differenza tra sim ed esim,通用·其他,1.0,1,16.0,0,1,en-US,esim italy vs sim,首页/枢纽,/,已覆盖,,,,否
do i need an esim for china,国家·核心,1.0,1,15.0,0,1,en-US,do i need an esim for uk,国家页,/compare/china/,已覆盖,CN,china,,否
do i need an esim for italy,国家·核心,1.0,1,13.0,0,1,en-US,do i need an esim for uk,国家页,/compare/italy/,已覆盖,IT,italy,,否
does 2 degrees support esim,通用·问题,1.0,1,14.0,0,1,en-US,best esim for georgia 2026,首页/枢纽,/,已覆盖,,,,否
does eir support esim,通用·问题,1.0,1,19.0,0,1,en-US,esim for iceland review,首页/枢纽,/,已覆盖,,,,否
does the s20 have an esim,通用·问题,1.0,1,13.0,0,1,en-US,best esim for holland 2026,首页/枢纽,/,已覆盖,,,,否
e sim for qatar,国家·核心,1.0,1,15.0,0,1,en-US,qatar sim card for tourists,国家页,/compare/qatar/,已覆盖,QA,qatar,,否
esim ab welchem iphone,通用·设备兼容,1.0,1,13.0,0,2,en-US,esim austria for iphone,兼容指南,/guides/esim-compatibility-check/,已覆盖,,,,否
esim activation,通用·其他,1.0,1,19.0,0,0,en-US,esim,首页/枢纽,/,已覆盖,,,,否
esim airalo,品牌（全局）,1.0,1,14.0,0,0,"en-GB,en-US",esim,品牌 Hub,/esim-providers/airalo/,已覆盖,,,airalo,否
esim aktivieren iphone swisscom,通用·设备兼容,1.0,1,15.0,0,1,en-US,esim switzerland for iphone,兼容指南,/guides/esim-compatibility-check/,已覆盖,,,,否
esim als dual sim,通用·其他,1.0,1,20.0,0,2,en-US,esim austria vs sim,首页/枢纽,/,已覆盖,,,,否
esim app,通用·其他,1.0,1,18.0,0,0,en-US,esim,首页/枢纽,/,已覆盖,,,,否
esim auf dem iphone,通用·设备兼容,1.0,1,13.0,0,1,en-US,esim germany for iphone,兼容指南,/guides/esim-compatibility-check/,已覆盖,,,,否
esim australia with calls,国家·核心,1.0,1,15.0,0,2,en-US,esim australia vs sim,国家页,/compare/australia/,已覆盖,AU,australia,,否
esim canada kpn,国家·核心,1.0,1,13.0,0,1,en-US,esim canada,国家页,/compare/canada/,已覆盖,CA,canada,,否
esim canada to uk,区域,1.0,1,14.0,0,1,en-US,esim canada,未建页型,（无区域页）,缺口,"CA,GB","canada,united-kingdom",,否
esim card south africa,国家·核心,1.0,1,17.0,0,2,en-US,alosim esim south africa,国家页,/compare/south-africa/,已覆盖,ZA,south-africa,,否
esim cards for european travel,区域,1.0,1,18.0,0,1,en-US,czech republic esim card,区域指南,/guides/best-europe-esim/,已覆盖,,,,否
esim china compatibility check,国家·设备兼容,1.0,1,14.0,0,1,en-US,esim china,国家页,/compare/china/,已覆盖,CN,china,,否
esim china travel,国家·核心,1.0,1,13.0,0,1,en-US,esim china,国家页,/compare/china/,已覆盖,CN,china,,否
esim compatible phones motorola,通用·设备兼容,1.0,1,14.0,0,0,en-US,esim compatible phones,兼容指南,/guides/esim-compatibility-check/,已覆盖,,,,否
esim compatible phones vodafone uk,国家·设备兼容,1.0,1,15.0,0,0,en-US,esim compatible phones,国家页,/compare/united-kingdom/,已覆盖,GB,united-kingdom,,否
esim compatible phones walmart,通用·设备兼容,1.0,1,13.0,0,0,en-US,esim compatible phones,兼容指南,/guides/esim-compatibility-check/,已覆盖,,,,否
esim data only plan,通用·其他,1.0,1,18.0,0,1,en-US,ireland esim coverage map,首页/枢纽,/,已覆盖,,,,否
esim en simkaart tegelijk,通用·其他,1.0,1,15.0,0,1,en-US,esim netherlands vs sim,首页/枢纽,/,已覆盖,,,,否
esim for canadian travellers,通用·其他,1.0,1,14.0,0,1,en-US,how to get an esim for canada,首页/枢纽,/,已覆盖,,,,否
esim for europe and uk from australia,区域,1.0,1,15.0,0,1,en-US,esim for europe,区域指南,/guides/best-europe-esim/,已覆盖,"AU,GB","australia,united-kingdom",,否
esim for europe reviews,区域,1.0,1,14.0,0,1,en-US,esim for europe,区域指南,/guides/best-europe-esim/,已覆盖,,,,否
esim for europe with phone number,区域,1.0,1,13.0,0,1,en-US,esim for europe,区域指南,/guides/best-europe-esim/,已覆盖,,,,否
esim for iphone 11 sprint,通用·设备兼容,1.0,1,14.0,0,0,en-US,esim for iphone,兼容指南,/guides/esim-compatibility-check/,已覆盖,,,,否
esim for iphone 11 verizon,通用·设备兼容,1.0,1,15.0,0,0,en-US,esim for iphone,兼容指南,/guides/esim-compatibility-check/,已覆盖,,,,否
esim for japan travel reddit,国家·核心,1.0,1,13.0,0,1,en-US,esim for japan,国家页,/compare/japan/,已覆盖,JP,japan,,否
esim for motorola,通用·其他,1.0,1,15.0,0,1,en-US,esim for macao,首页/枢纽,/,已覆盖,,,,否
esim for mozambique,通用·其他,1.0,1,13.0,0,1,en-US,esim for macao,首页/枢纽,/,已覆盖,,,,否
esim for the maldives,城市,1.0,1,19.0,0,1,en-US,esim coverage in fiji,未建页型（禁区）,（无城市页，建议并入国家页）,缺口,,,,否
esim for travel to vietnam,国家·核心,1.0,1,14.0,0,2,en-US,best esim for thailand and vietnam,国家页,/compare/vietnam/,已覆盖,VN,vietnam,,否
esim for usa travel from australia,区域,1.0,1,13.0,0,2,en-US,esim for usa,未建页型,（无区域页）,缺口,"AU,US","australia,united-states",,否
esim for use abroad,通用·全球,1.0,1,15.0,0,1,en-US,esim coverage in united arab emirates,通用枢纽,/guides/,已覆盖,,,,否
esim free,通用·其他,1.0,1,24.0,0,0,en-US,esim,首页/枢纽,/,已覆盖,,,,否
esim free trial,通用·其他,1.0,1,15.0,0,0,en-US,esim,首页/枢纽,/,已覆盖,,,,否
esim free trial usa,国家·核心,1.0,1,14.0,0,1,en-US,esim coverage in georgia,国家页,/compare/united-states/,已覆盖,US,united-states,,否
esim holafly,品牌（全局）,1.0,1,20.0,0,0,en-US,esim,品牌 Hub,/esim-providers/holafly/,已覆盖,,,holafly,否
esim india travel,国家·核心,1.0,1,15.0,0,1,en-US,esim india,国家页,/compare/india/,已覆盖,IN,india,,否
esim india travel guide,国家·核心,1.0,1,13.0,0,1,en-US,esim india,国家页,/compare/india/,已覆盖,IN,india,,否
esim internacional estados unidos,通用·其他,1.0,1,17.0,0,0,en-US,esim rio de janeiro,首页/枢纽,/,已覆盖,,,,否
esim iphone que es,通用·设备兼容,1.0,1,14.0,0,1,en-US,esim argentina for iphone,兼容指南,/guides/esim-compatibility-check/,已覆盖,,,,否
esim la moins cher,通用·其他,1.0,1,21.0,0,1,en-US,cheapest esim for france,首页/枢纽,/,已覆盖,,,,否
esim metro,通用·其他,1.0,1,16.0,0,0,en-US,esim,首页/枢纽,/,已覆盖,,,,否
esim metro by t mobile,通用·其他,1.0,1,13.0,0,0,en-US,esim,首页/枢纽,/,已覆盖,,,,否
esim mexico para internet,国家·核心,1.0,1,14.0,0,1,en-US,esim mexico,国家页,/compare/mexico/,已覆盖,MX,mexico,,否
esim mobile phones australia,国家·核心,1.0,1,18.0,0,2,en-US,esim australia for iphone,国家页,/compare/australia/,已覆盖,AU,australia,,否
esim oder klassische sim,通用·其他,1.0,1,21.0,0,2,en-US,esim austria vs sim,首页/枢纽,/,已覆盖,,,,否
esim ou nano sim,通用·其他,1.0,1,13.0,0,1,en-US,esim macao vs sim,首页/枢纽,/,已覆盖,,,,否
esim pas cher france,国家·核心,1.0,1,17.0,0,1,en-US,cheapest esim for france,国家页,/compare/france/,已覆盖,FR,france,,否
esim plans for roaming,通用·全球,1.0,1,13.0,0,0,en-US,esim plans,通用枢纽,/guides/,已覆盖,,,,否
esim plans for short term,通用·规则/规格,1.0,1,14.0,0,0,en-US,esim plans,首页/枢纽,/,已覆盖,,,,否
esim plans with global coverage,通用·全球,1.0,1,15.0,0,0,en-US,esim plans,通用枢纽,/guides/,已覆盖,,,,否
esim pour le maroc,通用·其他,1.0,1,15.0,0,1,en-US,is esim available in morocco,首页/枢纽,/,已覆盖,,,,否
esim pour new york,城市,1.0,1,15.0,0,0,en-US,esim for new york,未建页型（禁区）,（无城市页，建议并入国家页）,缺口,,,,否
esim singapore en indonesie,国家·核心,1.0,1,17.0,0,2,en-US,esim for singapore and indonesia,国家页,/compare/singapore/,已覆盖,SG,singapore,,否
esim temporary number,通用·其他,1.0,1,22.0,0,0,en-US,esim,首页/枢纽,/,已覆盖,,,,否
esim thailand tourist uk,区域,1.0,1,13.5,0,1,"en-GB,en-US",bangkok esim coverage map,未建页型,（无区域页）,缺口,"TH,GB","thailand,united-kingdom",,否
esim to physical sim ee,通用·其他,1.0,1,13.0,0,1,en-US,esim kenya vs sim,形态对比指南,/guides/esim-vs-physical-sim/,已覆盖,,,,否
esim uk number,国家·核心,1.0,1,13.0,0,1,en-US,esim uk,国家页,/compare/united-kingdom/,已覆盖,GB,united-kingdom,,否
esim und sim gleichzeitig,通用·其他,1.0,1,14.0,0,2,en-US,esim austria vs sim,首页/枢纽,/,已覆盖,,,,否
esim und sim gleichzeitig nutzen,通用·其他,1.0,1,18.0,0,2,en-US,esim austria vs sim,首页/枢纽,/,已覆盖,,,,否
esim usa and mexico,区域,1.0,1,14.0,0,3,en-US,best esim for usa and mexico,未建页型,（无区域页）,缺口,"MX,US","mexico,united-states",,否
esim usa travel options,国家·核心,1.0,1,13.0,0,2,en-US,esim usa,国家页,/compare/united-states/,已覆盖,US,united-states,,否
esim vietnam prepaid options,国家·核心,1.0,1,14.0,0,1,en-US,esim vietnam,国家页,/compare/vietnam/,已覆盖,VN,vietnam,,否
esim vodacom south africa,国家·核心,1.0,1,13.0,0,2,en-US,esim south africa airport,国家页,/compare/south-africa/,已覆盖,ZA,south-africa,,否
etisalat tourist sim card,通用·其他,1.0,1,13.0,0,1,en-US,qatar sim card for tourists,形态对比指南,/guides/esim-vs-physical-sim/,已覆盖,,,,否
europe sim cards for travelers,区域,1.0,1,18.0,0,1,en-US,netherlands sim card for tourists,区域指南,/guides/best-europe-esim/,已覆盖,,,,否
europe travel sim card australia,国家·核心,1.0,1,16.0,0,2,en-US,austria sim card for tourists,国家页,/compare/australia/,已覆盖,AU,australia,,否
free gov sim card,通用·其他,1.0,1,14.0,0,1,en-US,georgia sim card for tourists,形态对比指南,/guides/esim-vs-physical-sim/,已覆盖,,,,否
free phone esim now,通用·其他,1.0,1,14.0,0,1,en-US,esim poland for iphone,首页/枢纽,/,已覆盖,,,,否
free sim card france,国家·核心,1.0,1,22.0,0,1,en-US,france sim card for tourists,国家页,/compare/france/,已覆盖,FR,france,,否
french mobile sim cards,通用·其他,1.0,1,14.5,0,1,"en-GB,en-US",france sim card for tourists,形态对比指南,/guides/esim-vs-physical-sim/,已覆盖,,,,否
funktioniert esim in namibia,通用·其他,1.0,1,15.0,0,2,en-US,esim for south africa and namibia,首页/枢纽,/,已覆盖,,,,否
germany prepaid sim card,国家·核心,1.0,1,14.0,0,1,"en-GB,en-US",germany sim card for tourists,国家页,/compare/germany/,已覆盖,DE,germany,,否
hoe werkt esim iphone,通用·设备兼容,1.0,1,18.0,0,1,en-US,esim netherlands for iphone,兼容指南,/guides/esim-compatibility-check/,已覆盖,,,,否
hoeveel esim op iphone,通用·设备兼容,1.0,1,15.0,0,1,en-US,esim netherlands for iphone,兼容指南,/guides/esim-compatibility-check/,已覆盖,,,,否
holafly esim reino unido,品牌（全局）,1.0,1,19.0,0,1,en-US,holafly esim costa rica,品牌 Hub,/esim-providers/holafly/,已覆盖,,,holafly,否
hong kong airport sim card,国家·落地渠道,1.0,1,14.0,0,1,en-US,hong kong sim card for tourists,国家页,/compare/hong-kong/,已覆盖,HK,hong-kong,,否
how much is esim in philippines,国家·价格/交易,1.0,1,16.0,0,1,en-US,cheapest esim for peru,国家页,/compare/philippines/,已覆盖,PH,philippines,,否
how to activate esim on iphone 17 pro max,通用·设备兼容,1.0,1,13.0,0,0,en-US,how to activate esim,兼容指南,/guides/esim-compatibility-check/,已覆盖,,,,否
how to apply esim,通用·问题,1.0,1,13.0,0,1,en-US,how to get an esim for brazil,首页/枢纽,/,已覆盖,,,,否
how to avail esim,通用·问题,1.0,1,13.0,0,1,en-US,how to get an esim for macao,首页/枢纽,/,已覆盖,,,,否
how to buy an international esim card,通用·全球,1.0,1,17.0,0,1,en-US,czech republic esim card,通用枢纽,/guides/,已覆盖,,,,否
how to buy sim card in singapore,国家·核心,1.0,1,16.0,0,1,en-US,singapore sim card for tourists,国家页,/compare/singapore/,已覆盖,SG,singapore,,否
how to get an esim for iphone ee,通用·设备兼容,1.0,1,14.0,0,2,en-US,how to get an esim for usa,兼容指南,/guides/esim-compatibility-check/,已覆盖,,,,否
how to get an esim for verizon,通用·问题,1.0,1,13.0,0,2,en-US,how to get an esim for usa,首页/枢纽,/,已覆盖,,,,否
how to get esim for thailand,国家·核心,1.0,1,15.0,0,1,en-US,is esim available in iceland,国家页,/compare/thailand/,已覆盖,TH,thailand,,否
how to have an esim,通用·问题,1.0,1,13.0,0,1,en-US,do i need an esim for fiji,首页/枢纽,/,已覆盖,,,,否
how to have esim,通用·问题,1.0,1,20.0,0,1,en-US,esim for iceland review,首页/枢纽,/,已覆盖,,,,否
how to install holafly esim,品牌（全局）,1.0,1,13.0,0,1,en-US,holafly esim united arab emirates,品牌 Hub,/esim-providers/holafly/,已覆盖,,,holafly,否
how to purchase esim online,通用·问题,1.0,1,13.0,0,1,en-US,is esim available in israel,首页/枢纽,/,已覆盖,,,,否
india esim for nri,国家·核心,1.0,1,13.0,0,1,en-US,india esim,国家页,/compare/india/,已覆盖,IN,india,,否
india esim with calls,国家·核心,1.0,1,14.0,0,1,en-US,india esim,国家页,/compare/india/,已覆盖,IN,india,,否
international sim cards for travel canada,国家·核心,1.0,1,13.0,0,1,en-US,canada sim card for tourists,国家页,/compare/canada/,已覆盖,CA,canada,,否
international travel sim cards,通用·全球,1.0,1,17.0,0,1,en-US,brazil sim card for tourists,通用枢纽,/guides/,已覆盖,,,,否
iphone compatible avec esim,通用·设备兼容,1.0,1,17.0,0,1,en-US,esim france for iphone,兼容指南,/guides/esim-compatibility-check/,已覆盖,,,,否
iphone compatibles con esim,通用·设备兼容,1.0,1,16.0,0,1,en-US,esim colombia for iphone,兼容指南,/guides/esim-compatibility-check/,已覆盖,,,,否
iphone es compatible con esim,通用·设备兼容,1.0,1,18.0,0,1,en-US,esim colombia for iphone,兼容指南,/guides/esim-compatibility-check/,已覆盖,,,,否
iphone sim and esim,通用·设备兼容,1.0,1,18.0,0,1,en-US,esim united arab emirates for iphone,兼容指南,/guides/esim-compatibility-check/,已覆盖,,,,否
ireland data only sim,国家·核心,1.0,1,13.0,0,1,en-US,ireland sim card for tourists,国家页,/compare/ireland/,已覆盖,IE,ireland,,否
irish sim only deals,通用·价格交易,1.0,1,20.0,0,1,en-US,ireland sim card for tourists,折扣页,/esim-deals/,已覆盖,,,,否
israel prepaid sim card comparison,国家·对比,1.0,1,15.0,0,1,en-US,israel sim card for tourists,国家页,/compare/israel/,已覆盖,IL,israel,,否
japan travel sim esim,国家·核心,1.0,1,14.0,0,1,en-US,esim japan vs sim,国家页,/compare/japan/,已覆盖,JP,japan,,否
jetpac esim activation,品牌（全局）,1.0,1,14.0,0,0,en-US,jetpac esim,品牌 Hub,/esim-providers/jetpac/,已覆盖,,,jetpac,否
korea esim activation guide,国家·核心,1.0,1,13.0,0,1,en-US,korea esim,国家页,/compare/south-korea/,已覆盖,KR,south-korea,,否
la mejor esim en mexico,国家·核心,1.0,1,16.0,0,1,en-US,best esim for cancun,国家页,/compare/mexico/,已覆盖,MX,mexico,,否
local travel sim card,通用·其他,1.0,1,15.0,0,1,en-US,georgia sim card for tourists,形态对比指南,/guides/esim-vs-physical-sim/,已覆盖,,,,否
loving new york esim,城市,1.0,1,14.0,0,0,en-US,esim for new york,未建页型（禁区）,（无城市页，建议并入国家页）,缺口,,,,否
meilleure esim pour le maroc,通用·其他,1.0,1,21.0,0,1,en-US,best esim for morocco,首页/枢纽,/,已覆盖,,,,否
migliore esim per marocco,通用·其他,1.0,1,16.0,0,1,en-US,cheapest esim for morocco,首页/枢纽,/,已覆盖,,,,否
mobile phone with esim capability,通用·其他,1.0,1,17.0,0,1,en-US,esim united arab emirates for iphone,首页/枢纽,/,已覆盖,,,,否
mobile sim deals ireland,国家·价格/交易,1.0,1,19.0,0,1,en-US,ireland sim card for tourists,国家页,/compare/ireland/,已覆盖,IE,ireland,,否
mobile sim saudi arabia,国家·核心,1.0,1,13.0,0,1,en-US,saudi arabia sim card for tourists,国家页,/compare/saudi-arabia/,已覆盖,SA,saudi-arabia,,否
mobiles with esim in india,国家·核心,1.0,1,18.0,0,1,en-US,esim india for iphone,国家页,/compare/india/,已覆盖,IN,india,,否
nomad esim thailand,品牌×国家,1.0,1,15.0,0,0,en-US,nomad esim,品牌×国家子页,/compare/thailand/nomad/,已覆盖,TH,thailand,nomad,否
optus sim to esim,通用·其他,1.0,1,13.0,0,1,en-US,esim croatia vs sim,首页/枢纽,/,已覆盖,,,,否
orange holiday europe esim plan,区域,1.0,1,17.0,0,1,en-US,holland esim coverage map,区域指南,/guides/best-europe-esim/,已覆盖,,,,否
paris esim phone travel,城市,1.0,1,13.0,0,1,en-US,france esim coverage map,未建页型（禁区）,（无城市页，建议并入国家页）,缺口,,,,否
philippine sim card number,通用·其他,1.0,1,13.0,0,1,"en-GB,en-US",philippines sim card for tourists,形态对比指南,/guides/esim-vs-physical-sim/,已覆盖,,,,否
podporuje iphone se esim,通用·设备兼容,1.0,1,15.0,0,1,en-US,esim czechia for iphone,兼容指南,/guides/esim-compatibility-check/,已覆盖,,,,否
prepaid sim card switzerland,国家·核心,1.0,1,17.0,0,1,en-US,switzerland sim card for tourists,国家页,/compare/switzerland/,已覆盖,CH,switzerland,,否
prepaid sim usa tourist,国家·核心,1.0,1,14.0,0,1,en-US,peru sim card for tourists,国家页,/compare/united-states/,已覆盖,US,united-states,,否
provider esim di indonesia,国家·核心,1.0,1,16.0,0,1,en-US,esim coverage in indonesia,国家页,/compare/indonesia/,已覆盖,ID,indonesia,,否
purchase canadian sim card,通用·其他,1.0,1,16.5,0,1,"en-GB,en-US",canada sim card for tourists,形态对比指南,/guides/esim-vs-physical-sim/,已覆盖,,,,否
saily esim ptt,品牌（全局）,1.0,1,14.0,0,0,en-US,saily esim,品牌 Hub,/esim-providers/saily/,已覆盖,,,saily,否
sim als esim nutzen,通用·其他,1.0,1,16.0,0,2,en-US,esim austria vs sim,首页/枢纽,/,已覆盖,,,,否
sim card australia tourist,国家·核心,1.0,1,17.0,0,1,en-US,qatar sim card for tourists,国家页,/compare/australia/,已覆盖,AU,australia,,否
sim card for canada and usa,区域,1.0,1,16.0,0,1,en-US,canada sim card for tourists,未建页型,（无区域页）,缺口,"CA,US","canada,united-states",,否
sim card for data only canada,国家·核心,1.0,1,15.0,0,1,en-US,canada sim card for tourists,国家页,/compare/canada/,已覆盖,CA,canada,,否
sim card for georgia,国家·核心,1.0,1,13.0,0,1,"en-GB,en-US",georgia sim card for tourists,国家页,/compare/georgia/,已覆盖,GE,georgia,,否
sim card for marrakech,城市,1.0,1,16.0,0,1,en-US,morocco sim card for tourists,未建页型（禁区）,（无城市页，建议并入国家页）,缺口,,,,否
sim card for usa travel from canada,区域,1.0,1,14.0,0,1,en-US,canada sim card for tourists,未建页型,（无区域页）,缺口,"CA,US","canada,united-states",,否
sim card france prepaid,国家·核心,1.0,1,16.0,0,1,en-US,france sim card for tourists,国家页,/compare/france/,已覆盖,FR,france,,否
sim card in french,通用·其他,1.0,1,20.0,0,1,en-US,france sim card for tourists,形态对比指南,/guides/esim-vs-physical-sim/,已覆盖,,,,否
sim card in malaysia airport,国家·落地渠道,1.0,1,16.0,0,1,en-US,malaysia sim card for tourists,国家页,/compare/malaysia/,已覆盖,MY,malaysia,,否
sim card internacional colombia,国家·核心,1.0,1,16.0,0,1,en-US,colombia sim card for tourists,国家页,/compare/colombia/,已覆盖,CO,colombia,,否
sim card movistar colombia,国家·核心,1.0,1,19.0,0,1,en-US,colombia sim card for tourists,国家页,/compare/colombia/,已覆盖,CO,colombia,,否
sim card virtual colombia,国家·核心,1.0,1,17.0,0,1,en-US,colombia sim card for tourists,国家页,/compare/colombia/,已覆盖,CO,colombia,,否
sim in esim umwandeln swisscom,通用·其他,1.0,1,16.0,0,1,en-US,esim switzerland vs sim,首页/枢纽,/,已覆盖,,,,否
sim only offers ireland,国家·核心,1.0,1,16.0,0,1,en-US,ireland sim card for tourists,国家页,/compare/ireland/,已覆盖,IE,ireland,,否
singapore and malaysia esim,区域,1.0,1,13.0,0,1,en-US,esim singapore vs sim,未建页型,（无区域页）,缺口,"SG,MY","singapore,malaysia",,否
tarjeta sim para argentina,国家·核心,1.0,1,16.0,0,1,en-US,argentina sim card for tourists,国家页,/compare/argentina/,已覆盖,AR,argentina,,否
tarjeta sim para viajar a colombia,国家·核心,1.0,1,18.0,0,1,en-US,colombia sim card for tourists,国家页,/compare/colombia/,已覆盖,CO,colombia,,否
travel esim canada,国家·核心,1.0,1,14.0,0,0,en-US,travel esim,国家页,/compare/canada/,已覆盖,CA,canada,,否
travel esim data packages,通用·其他,1.0,1,15.0,0,0,en-US,travel esim,首页/枢纽,/,已覆盖,,,,否
travel esim for multiple countries,通用·其他,1.0,1,16.0,0,0,en-US,travel esim,首页/枢纽,/,已覆盖,,,,否
travel esim with phone number,通用·规则/规格,1.0,1,17.0,0,0,en-US,travel esim,首页/枢纽,/,已覆盖,,,,否
travel sim card philippines,国家·核心,1.0,1,13.0,0,1,en-US,peru sim card for tourists,国家页,/compare/philippines/,已覆盖,PH,philippines,,否
travel sim for us and canada,区域,1.0,1,18.0,0,1,en-US,canada sim card for tourists,未建页型,（无区域页）,缺口,"CA,US","canada,united-states",,否
travel sim in china,国家·核心,1.0,1,13.0,0,1,en-US,china sim card for tourists,国家页,/compare/china/,已覆盖,CN,china,,否
triple sim vs esim,通用·对比,1.0,1,15.0,0,1,en-US,esim kenya vs sim,形态对比指南,/guides/esim-vs-physical-sim/,已覆盖,,,,否
turkey esim airalo,品牌（全局）,1.0,1,13.0,0,1,en-US,turkey esim,品牌 Hub,/esim-providers/airalo/,已覆盖,,,airalo,否
uk sim cards for australians,国家·核心,1.0,1,17.0,0,2,en-US,australia sim card for tourists,国家页,/compare/united-kingdom/,已覆盖,GB,united-kingdom,,否
unlimited data sim in ksa,国家·落地渠道,1.0,1,16.0,0,1,en-US,ksa esim unlimited data,国家页·无限流量区,/compare/saudi-arabia/#plans,已覆盖,SA,saudi-arabia,,否
unterschied zwischen sim und esim,通用·其他,1.0,1,17.0,0,2,en-US,esim austria vs sim,首页/枢纽,/,已覆盖,,,,否
us sim cards for canadians,国家·核心,1.0,1,22.0,0,1,en-US,canada sim card for tourists,国家页,/compare/united-states/,已覆盖,US,united-states,,否
usa esim with phone number free,国家·规格/流量,1.0,1,14.0,0,2,en-US,usa esim,国家页,/compare/united-states/,已覆盖,US,united-states,,否
van simkaart naar esim,通用·其他,1.0,1,16.0,0,1,en-US,esim netherlands vs sim,首页/枢纽,/,已覆盖,,,,否
vanaf welke iphone esim,通用·设备兼容,1.0,1,17.0,0,1,en-US,esim netherlands for iphone,兼容指南,/guides/esim-compatibility-check/,已覆盖,,,,否
verschil esim en simkaart,通用·其他,1.0,1,13.0,0,1,en-US,esim netherlands vs sim,首页/枢纽,/,已覆盖,,,,否
welche iphones haben esim,通用·其他,1.0,1,14.0,0,1,en-US,esim germany for iphone,首页/枢纽,/,已覆盖,,,,否
welke iphone heeft esim,通用·设备兼容,1.0,1,13.0,0,1,en-US,esim netherlands for iphone,兼容指南,/guides/esim-compatibility-check/,已覆盖,,,,否
where can i get an esim,通用·问题,1.0,1,14.0,0,1,en-US,is esim available in macao,首页/枢纽,/,已覆盖,,,,否
which esim is best,通用·问题,1.0,1,13.0,0,1,en-US,esim for macao review,首页/枢纽,/,已覆盖,,,,否
which iphones take esim,通用·问题,1.0,1,18.0,0,1,en-US,esim morocco for iphone,首页/枢纽,/,已覆盖,,,,否
which is the best esim,通用·问题,1.0,1,15.0,0,1,en-US,best esim for brazil,首页/枢纽,/,已覆盖,,,,否
wi-fi esim,通用·其他,1.0,1,13.0,0,0,en-US,esim vs pocket wifi,首页/枢纽,/,已覆盖,,,,否
wymiana sim na esim,通用·其他,1.0,1,13.0,0,1,en-US,esim czechia vs sim,首页/枢纽,/,已覆盖,,,,否
y mobile esim iphone,通用·设备兼容,1.0,1,17.0,0,1,en-US,esim colombia for iphone,兼容指南,/guides/esim-compatibility-check/,已覆盖,,,,否
