keyword,需求分,sources,中位位次,top3次数,best_rank,best_seed,覆盖国数,markets
esim vs regular sim,96.7,47,2,37,1,esim belgium vs sim,49,en-US
international esim for iphone,96.7,47,2,34,1,esim argentina for iphone,50,en-US
what is esim vs sim,96.7,47,2,37,1,esim china vs sim,50,en-US
esim for costa rica travel,93.3,44,3,44,1,does esim work in costa rica,2,"en-GB,en-US"
sim card vs esim,93.3,40,3.0,21,1,esim qatar vs sim,42,en-US
esim for costa rica,93.0,33,1.0,45,1,alosim esim costa rica,5,"en-GB,en-US"
esim card costa rica,92.7,36,2.0,45,1,esim costa rica price,1,"en-GB,en-US"
unlimited data esim europe,90.0,61,4,30,1,unlimited data esim austria,48,en-US
best esim plans 2026,90.0,57,4.0,46,1,best esim for bangkok 2026,51,"en-GB,en-US"
esim for saudi arabia,90.0,46,4.0,37,1,alosim esim saudi arabia,7,"en-GB,en-US"
esim for iphone us,90.0,45,4,22,1,esim georgia for iphone,48,en-US
esim for south america,90.0,43,4.0,26,1,argentina esim coverage map,10,"en-GB,en-US"
best esim for europe and uk,89.0,39,4.0,21,1,best esim for denmark and sweden,17,"en-GB,en-US"
buy esim for iphone,89.0,39,4,14,2,esim belgium for iphone,42,en-US
unlimited data esim uk,89.0,39,4,18,1,hong kong esim unlimited data,40,"en-GB,en-US"
esim for south korea,87.7,31,2.0,28,1,alosim esim south korea,7,"en-GB,en-US"
esim for south africa,87.3,34,3.0,35,1,alosim esim south africa,11,"en-GB,en-US"
esim usa unlimited data,86.7,91,5.0,43,1,united arab emirates esim unlimited,62,"en-GB,en-US"
esim asia unlimited data,86.7,62,5.0,39,1,fiji esim unlimited data,44,"en-GB,en-US"
best esim for europe,86.7,52,5.0,38,1,best esim,22,"en-GB,en-US"
esim for unlimited data,86.7,43,5,22,1,unlimited data esim georgia,35,"en-GB,en-US"
cheapest esim for usa,86.7,41,5,25,1,cheapest esim for georgia,37,"en-GB,en-US"
esim unlimited data europe,86.3,33,3,21,1,austria esim unlimited data,34,"en-GB,en-US"
do i need an esim for europe,85.7,39,5,21,1,do i need an esim for austria,27,"en-GB,en-US"
esim costa rica reddit,85.0,42,4.0,6,1,san jose costa rica esim reddit,2,"en-GB,en-US"
best esim for czech republic,85.0,25,1,33,1,best esim for czechia,5,"en-GB,en-US"
is esim available in saudi arabia,84.7,28,2,21,1,cheap esim saudi arabia,10,en-US
esim for hong kong and china,84.3,31,3,32,1,how to get an esim for hong kong,4,"en-GB,en-US"
esim for hong kong,84.0,24,1,28,1,alosim esim hong kong,4,"en-GB,en-US"
international esim unlimited data,83.3,93,6,40,1,unlimited data esim saudi arabia,62,"en-GB,en-US"
esim uk unlimited data,83.3,82,6.0,18,1,unlimited data esim singapore,56,"en-GB,en-US"
esim spain unlimited data,83.3,57,6,33,1,spain esim unlimited,29,"en-GB,en-US"
buy esim for dubai,83.3,55,6,21,1,cheap esim united arab emirates,9,"en-GB,en-US"
esim with unlimited data,83.3,53,6,17,1,unlimited data esim israel,38,"en-GB,en-US"
esim for new zealand,83.3,30,3.0,25,1,alosim esim new zealand,7,"en-GB,en-US"
best esim for dubai,82.3,39,6.0,21,1,best esim for uae and qatar,10,"en-GB,en-US"
esim australia unlimited data,81.7,67,6.5,27,1,australia esim unlimited,45,"en-GB,en-US"
best esim for uk and europe,81.7,35,5.0,16,1,best esim for netherlands and belgium,16,"en-GB,en-US"
how to get an esim,81.0,31,4,15,1,how to get an esim for georgia,32,en-US
best esim for india from uae,80.3,37,6.0,14,1,best esim for uae and qatar,8,"en-GB,en-US"
esim for switzerland and europe,80.0,54,7.0,19,1,esim coverage in switzerland,14,"en-GB,en-US"
how to get an international esim,80.0,49,7,10,1,how to get an esim for germany,35,"en-GB,en-US"
cheapest esim for asia,80.0,47,7,13,1,cheapest esim for bangkok,41,"en-GB,en-US"
best esim for europe review,80.0,40,7,11,1,esim for belgium review,26,"en-GB,en-US"
free esim south africa,80.0,40,7.0,16,1,south africa esim unlimited,5,"en-GB,en-US"
esim for use in europe,79.0,39,7.0,10,1,esim coverage in croatia,16,"en-GB,en-US"
esim italy unlimited data,78.0,38,7.0,14,1,italy esim unlimited,20,"en-GB,en-US"
esim for middle east,77.5,40,7.0,7,1,esim for israel review,6,"en-GB,en-US"
best esim for south korea and japan,77.3,24,3.0,22,1,best esim for seoul,4,"en-GB,en-US"
buy esim for egypt,77.0,37,7.0,15,1,esim coverage in egypt,9,"en-GB,en-US"
best esim for eu,76.7,57,8.0,9,2,best esim for belgium 2026,23,"en-GB,en-US"
esim for south africa uk,76.7,41,8,19,1,esim south africa 10gb,10,"en-GB,en-US"
buy esim online south africa,76.7,40,8.0,11,2,alosim esim south africa,7,"en-GB,en-US"
cheapest esim for europe,76.7,40,8.0,15,1,cheapest esim for belgium,31,"en-GB,en-US"
esim for vietnam travel,76.7,25,3.5,24,1,esim viet nam 2026,4,"en-GB,en-US"
best esim for greece,76.7,20,2.0,24,1,does esim work in greece,3,"en-GB,en-US"
best esim for netherlands,76.7,20,2.0,28,1,does esim work in netherlands,5,"en-GB,en-US"
best esim for spain,76.3,33,6.0,18,1,best esim for spain 2026,6,"en-GB,en-US"
esim for hong kong and taiwan,75.3,32,6,8,1,esim coverage in taiwan,5,"en-GB,en-US"
esim germany unlimited data,75.3,32,6,17,1,germany esim unlimited,18,"en-GB,en-US"
buy esim online saudi arabia,75.0,35,7.0,19,1,does esim work in saudi arabia,7,"en-GB,en-US"
best esim for germany,75.0,25,4,25,1,does esim work in germany,9,"en-GB,en-US"
do i need an esim,75.0,25,4.0,13,1,do i need an esim for georgia,26,"en-GB,en-US"
best esim for egypt,74.7,28,5,24,1,best esim for egypt 2026,10,"en-GB,en-US"
esim uk and europe,74.7,28,5,10,1,does esim work in belgium,16,"en-GB,en-US"
best esim for mexico,74.3,31,6.0,10,2,best esim for argentina 2026,10,"en-GB,en-US"
best esim for brazil,74.0,19,2.5,26,1,does esim work in brazil,4,"en-GB,en-US"
best esim for saudi,73.7,37,8.0,12,2,esim saudi arabia 10gb,10,"en-GB,en-US"
cheapest esim for india,73.7,37,8.0,14,1,cheapest esim for fiji,33,"en-GB,en-US"
best esim for portugal,73.7,27,5.0,15,1,how to get an esim for portugal,6,"en-GB,en-US"
best esim for vietnam,73.7,17,2,17,1,best esim for viet nam,5,"en-GB,en-US"
best esim for uae,73.3,44,9.0,19,1,best esim for uae 2026,11,"en-GB,en-US"
esim for malaysia and singapore,73.3,20,3,16,1,does esim work in malaysia,6,"en-GB,en-US"
best esim for china and hong kong,72.7,16,2.0,21,1,cheap esim hong kong,3,"en-GB,en-US"
esim for hong kong travel,72.3,29,6,9,3,esim for hong kong,2,"en-GB,en-US"
esim for italy travel,72.3,19,3,19,1,does esim work in italy,5,"en-GB,en-US"
best esim for switzerland,72.0,22,4,18,1,does esim work in switzerland,11,"en-GB,en-US"
esim card for south africa,72.0,22,4,9,1,cape town esim card,4,"en-GB,en-US"
best esim for fiji,72.0,12,1,17,1,does esim work in fiji,1,"en-GB,en-US"
esim and sim difference,71.7,45,5,2,3,esim france vs sim,48,en-US
esim for travelling in europe,71.7,43,8,6,2,esim coverage in belgium,14,"en-GB,en-US"
esim hong kong china,71.3,18,3,17,1,is esim available in hong kong,2,"en-GB,en-US"
esim saudi arabia tourist,71.3,18,3.0,24,2,alosim esim saudi arabia,3,"en-GB,en-US"
how does esim work internationally,71.3,18,3.0,19,1,does esim work in iceland,19,"en-GB,en-US"
esim new zealand unlimited data,71.0,36,7,6,1,cape town esim unlimited,27,"en-GB,en-US"
esim for germany and austria,71.0,21,4.0,17,1,does esim work in austria,6,"en-GB,en-US"
best esim costa rica,71.0,11,1,21,1,cheapest esim costa rica,1,"en-GB,en-US"
esim for europe and uk,70.8,71,9,7,1,esim coverage in belgium,24,"en-GB,en-US"
esim for france travel,70.7,14,2,16,1,does esim work in france,3,"en-GB,en-US"
does esim work in hong kong,70.3,32,6.0,6,2,cheap esim hong kong,12,"en-GB,en-US"
best esim for argentina and chile,70.3,17,3.0,16,1,best esim for argentina 2026,4,"en-GB,en-US"
best esim for singapore and malaysia,70.3,17,3,16,1,esim for singapore review,5,"en-GB,en-US"
esim for singapore and malaysia,70.3,17,3.0,16,1,esim coverage in singapore,4,"en-GB,en-US"
is esim available in india,70.3,17,3,13,1,is esim available in georgia,16,en-US
esim united arab emirates,70.0,42,10,19,1,alosim esim united arab emirates,5,"en-GB,en-US"
indonesia best esims coverage,70.0,30,7,8,1,kenya esim coverage map,20,"en-GB,en-US"
best esim for poland,70.0,20,4.0,16,1,does esim work in poland,6,"en-GB,en-US"
best esim for saudi arabia,69.7,23,5.0,11,1,does esim work in saudi arabia,10,"en-GB,en-US"
best esim for hong kong,69.7,13,2.0,13,1,esim hong kong price,3,"en-GB,en-US"
best esim for israel,69.7,13,2,15,1,does esim work in israel,2,"en-GB,en-US"
best esim for morocco,69.7,13,2,12,1,does esim work in morocco,2,"en-GB,en-US"
best esim for taiwan,69.7,13,2,15,1,esim taiwan for iphone,4,"en-GB,en-US"
esim for mexico travel,69.7,13,2.0,16,1,esim for cancun review,4,"en-GB,en-US"
best esim for philippines and singapore,69.3,26,6.0,10,1,best esim for singapore and indonesia,7,"en-GB,en-US"
best esim for singapore,69.3,26,6.0,10,1,esim singapore for iphone,6,"en-GB,en-US"
does esim work in mexico,69.3,26,6.0,8,1,does esim work in uk,13,"en-GB,en-US"
esim for singapore and indonesia,69.3,26,6.0,9,1,esim coverage in indonesia,6,"en-GB,en-US"
esim for spain travel,69.3,26,6.0,18,1,does esim work in spain,4,"en-GB,en-US"
how to buy an esim for europe,69.3,26,6,11,1,how to get an esim for belgium,16,"en-GB,en-US"
best esim for ireland and northern ireland,69.3,16,3.0,16,1,does esim work in ireland,5,"en-GB,en-US"
best esim for malaysia and singapore,69.3,16,3.0,13,1,esim for singapore review,6,"en-GB,en-US"
esim in south africa,69.3,16,3,9,1,alosim esim south africa,7,en-US
best esim for cancun,69.0,9,1,13,1,best esim for cancun 2026,1,"en-GB,en-US"
buy esim for europe,68.3,66,9.0,6,1,is esim available in belgium,21,"en-GB,en-US"
cheapest esim in uk,68.3,46,9.0,6,2,cheapest esim for austria,42,"en-GB,en-US"
travel esim south africa,68.3,30,6.0,6,1,cape town esim coverage map,5,"en-GB,en-US"
best esim for travel to south africa,68.3,25,6.0,10,2,best esim for south africa and namibia,5,"en-GB,en-US"
best esim for peru,68.3,15,3.0,20,1,does esim work in peru,4,"en-GB,en-US"
esim card for morocco,68.3,15,3.0,14,1,how to get an esim for morocco,1,"en-GB,en-US"
best esim for austria,68.0,18,4.0,16,1,austria esim best,5,"en-GB,en-US"
best esim for japan 2026,67.8,37,9.0,7,1,best esim for spain 2026,32,"en-GB,en-US"
best esim for malaysia,67.7,21,5.0,15,1,best esim for malaysia 2026,8,"en-GB,en-US"
best esim for morocco uk,67.3,14,3,9,1,esim for morocco review,1,en-US
esim costa rica kolbi,67.3,14,3.0,16,2,esim costa rica,1,"en-GB,en-US"
using an esim in usa,67.0,27,7,9,2,does esim work in georgia,17,"en-GB,en-US"
best esim for colombia,67.0,17,4,15,1,does esim work in colombia,4,"en-GB,en-US"
best esim for italy,67.0,17,4,16,1,best esim for croatia and italy,5,"en-GB,en-US"
best esim for south africa,67.0,17,4,15,1,esim south africa reddit,8,"en-GB,en-US"
costa rica esim card,67.0,17,4.0,8,2,costa rica esim,2,"en-GB,en-US"
esim card for south korea,67.0,17,4,9,2,cheap esim south korea,2,"en-GB,en-US"
jetpac asia pacific esim,67.0,7,1.0,14,1,jetpac esim costa rica,9,"en-GB,en-US"
cheap esim for europe,66.7,60,11,14,1,cheapest esim czech republic,30,"en-GB,en-US"
philippines esim unlimited data,66.7,35,8,6,1,philippines esim unlimited,23,"en-GB,en-US"
best esim for greece reddit,66.7,20,5,9,2,esim greece reddit,3,"en-GB,en-US"
best esim for portugal and spain,66.7,20,5,14,2,best esim for portugal,4,"en-GB,en-US"
best esim for usa,66.7,20,5.0,13,1,best esim for ksa,11,"en-GB,en-US"
compare esim plans europe,66.7,20,5.0,13,1,czech republic esim coverage map,16,"en-GB,en-US"
esim for switzerland and italy,66.3,23,6.0,11,1,esim for croatia and italy,8,"en-GB,en-US"
esim for australia and new zealand,66.3,18,4.5,9,1,is esim available in new zealand,8,"en-GB,en-US"
best esim for turkey,66.3,13,3,17,1,best esim for turkiye,4,"en-GB,en-US"
esim for canada and usa,66.3,13,3.0,14,1,is esim available in canada,2,"en-GB,en-US"
esim in hong kong,66.2,12,2,7,1,alosim esim hong kong,2,en-US
best esim for france and spain,66.0,26,7,11,2,best esim for france and italy,5,"en-GB,en-US"
spain esim data plan,66.0,16,4,12,1,spain esim plans,7,"en-GB,en-US"
us sim card for tourists,66.0,16,4,11,1,colombia sim card for tourists,17,"en-GB,en-US"
best esim for costa rica,66.0,6,1.0,8,1,cheap esim costa rica,2,"en-GB,en-US"
vietnam esim unlimited data,66.0,6,1,8,1,vietnam esim unlimited,2,"en-GB,en-US"
best esim for italy and greece,65.7,19,5,12,1,best esim for croatia and italy,4,"en-GB,en-US"
best esim for south america,65.7,19,5,19,1,best esim for colombia 2026,9,"en-GB,en-US"
cheapest esim for morocco,65.7,19,5,11,2,cheapest esim morocco,7,"en-GB,en-US"
does esim work in china,65.7,14,3.5,12,1,does esim work in czechia,12,"en-GB,en-US"
best esim for south korea,65.3,12,3,13,1,cheapest esim south korea,7,"en-GB,en-US"
esim for hong kong and thailand,65.0,30,8.5,10,2,esim for hong kong review,6,"en-GB,en-US"
best esim for france,65.0,15,4,12,1,is esim available in france,3,"en-GB,en-US"
best esim for new zealand and australia,65.0,15,4.0,9,2,esim new zealand reddit,6,"en-GB,en-US"
best esim for thailand and vietnam,65.0,15,4,9,1,best esim for vietnam and thailand,5,"en-GB,en-US"
esim for france and spain,65.0,15,4,8,2,esim for france and italy,6,"en-GB,en-US"
cheapest esim ireland,65.0,5,1.0,10,1,cheapest esim iceland,5,"en-GB,en-US"
buy an esim for mexico,64.7,38,8,4,2,esim coverage in mexico,10,"en-GB,en-US"
esim turkey unlimited data,64.7,23,6.5,13,1,turkey esim coverage map,12,"en-GB,en-US"
uae esim with phone number,64.3,26,6,6,1,esim united arab emirates airport,4,"en-GB,en-US"
cheapest esim for new zealand,64.3,21,6.0,10,1,cheapest esim for cape town,13,"en-GB,en-US"
best esim for japan,64.3,11,3.0,14,1,japan esim best,4,"en-GB,en-US"
esim para costa rica,64.2,47,8,3,3,esim costa rica 10gb,1,"en-GB,en-US"
best esim for singapore malaysia thailand,64.0,29,7,6,2,best esim for malaysia and singapore,4,"en-GB,en-US"
esim card for vietnam,64.0,19,5.5,8,2,how to get an esim for vietnam,4,"en-GB,en-US"
best esim for new zealand from australia,64.0,9,2.5,10,2,best esim for new zealand,4,"en-GB,en-US"
airalo esim united arab emirates,64.0,4,1,10,1,esim for united arab emirates,2,"en-GB,en-US"
best esim for china,63.7,17,5.0,9,1,best esim for taipei,10,"en-GB,en-US"
best esim card for costa rica,63.3,10,3.0,12,2,best esim for costa rica and panama,1,"en-GB,en-US"
best esim for thailand,63.3,10,3.0,9,1,best esim for bangkok 2026,4,"en-GB,en-US"
esim for thailand travel,63.3,10,3,10,2,does esim work in thailand,4,"en-GB,en-US"
ubigi esim japan review,63.3,10,3.0,12,2,ubigi esim hong kong,11,"en-GB,en-US"
best esim for ireland and uk,63.0,13,4.0,10,2,best esim for iceland,5,"en-GB,en-US"
india sim card for tourists,63.0,13,4.0,9,2,kenya sim card for tourists,15,"en-GB,en-US"
how to get an esim for thailand,62.8,12,3.0,7,1,does esim work in thailand,10,en-US
best esim for africa,62.7,16,5,12,1,esim for kenya review,5,"en-GB,en-US"
esim for malaysia tourist,62.7,16,5,8,2,esim for malaysia,4,"en-GB,en-US"
europe esim data plan,62.7,16,5.0,14,1,belgium esim coverage map,16,"en-GB,en-US"
esim for philippines travel,62.7,11,3.5,10,2,does esim work in philippines,3,"en-GB,en-US"
esim morocco unlimited data,62.7,6,2,11,1,morocco esim unlimited,1,"en-GB,en-US"
esim for japan and south korea,62.5,15,4.0,7,2,alosim esim south korea,3,"en-GB,en-US"
best esim for south africa from uk,62.3,19,6,15,2,best esim for south africa,7,"en-GB,en-US"
esim for hong kong macau and china,62.3,19,6,12,1,does esim work in macao,3,"en-GB,en-US"
cheapest esim plan singapore,62.3,9,3,10,2,cheapest esim singapore,2,"en-GB,en-US"
cheapest esim for korea,62.2,28,8.0,7,1,cheapest esim korea,19,"en-GB,en-US"
buy esim for new zealand,62.0,22,7,9,2,esim new zealand 10gb,6,"en-GB,en-US"
best esim for new zealand,62.0,12,4,11,2,cheap esim new zealand,5,"en-GB,en-US"
alosim esim plans,61.8,6,1.5,7,1,alosim esim peru,5,"en-GB,en-US"
esim comparison for europe,61.7,30,8,6,2,esim coverage in czechia,14,"en-GB,en-US"
best esim for united arab emirates,61.7,25,8,14,1,cheapest esim united arab emirates,8,"en-GB,en-US"
esim for korea and japan,61.7,20,5,6,2,esim for korea,3,"en-GB,en-US"
best esim for middle east,61.7,15,5.0,8,1,best esim for riyadh,12,"en-GB,en-US"
best esim for spain and portugal,61.7,15,5.0,11,2,best esim for spain,4,"en-GB,en-US"
best travel esim for brazil,61.7,15,5,14,1,best esim for brazil 2026,2,"en-GB,en-US"
esim card for colombia,61.7,15,5.0,10,1,esim coverage in colombia,1,"en-GB,en-US"
best esim for greece and turkey,61.7,5,2,9,2,best esim for greece,2,"en-GB,en-US"
best esim for kenya and tanzania,61.7,5,2,8,1,esim for kenya and tanzania,3,"en-GB,en-US"
cheapest esim australia prepaid,61.7,5,2.0,9,2,cheapest esim australia,5,"en-GB,en-US"
cheapest esim turkey unlimited data,61.7,5,2.0,12,2,cheapest esim turkiye,2,"en-GB,en-US"
best esim for argentina,61.3,18,6,13,1,does esim work in argentina,5,"en-GB,en-US"
esim card for costa rica,61.3,8,3.0,8,1,how to get an esim for costa rica,1,en-US
esim for turkey uk,61.3,8,3,8,2,esim for turkiye,3,"en-GB,en-US"
usa esim unlimited data,61.3,8,3.0,9,1,usa esim unlimited,6,"en-GB,en-US"
esim card for israel,61.0,11,4,9,1,esim coverage in israel,1,"en-GB,en-US"
esim for bali indonesia,61.0,11,4,8,1,bali esim coverage map,3,"en-GB,en-US"
global esim unlimited data,60.8,75,9.0,3,2,georgia esim unlimited data,52,"en-GB,en-US"
best esim for indonesia,60.8,15,4.5,7,1,does esim work in indonesia,5,"en-GB,en-US"
can i use an esim,60.8,15,4.5,7,1,do i need an esim for uk,14,"en-GB,en-US"
best esim card for poland,60.7,4,2.0,8,1,poland esim card,1,"en-GB,en-US"
best esim for germany travel,60.7,4,2.0,8,2,best esim for germany,2,"en-GB,en-US"
best esim for italy 2026,60.7,4,2.0,10,1,esim italy 2026,1,"en-GB,en-US"
buy airalo esim united arab emirates,60.7,4,2.0,12,2,airalo esim united arab emirates,1,"en-GB,en-US"
esim for belgium and netherlands,60.7,4,2,10,1,esim for netherlands and belgium,2,"en-GB,en-US"
esim for iceland reddit,60.7,4,2.0,8,1,esim iceland reddit,1,"en-GB,en-US"
esim data for morocco,60.5,13,4,7,1,esim coverage in morocco,1,"en-GB,en-US"
best esim for egypt uk,60.3,17,6,10,2,best esim for egypt,3,"en-GB,en-US"
best esim for mexico city,60.3,17,6.0,8,1,esim for mexico city,6,"en-GB,en-US"
best esim for canada and usa,60.3,7,3,8,1,esim for canada review,4,"en-GB,en-US"
best esim for hong kong and macau,60.3,7,3,10,1,best esim for macao,2,"en-GB,en-US"
uk esim for europe,60.0,45,13,14,1,austria esim coverage map,16,"en-GB,en-US"
esim china unlimited data,60.0,42,10,4,1,taipei esim unlimited data,30,"en-GB,en-US"
best esim for australia and new zealand,60.0,10,4,8,1,esim for new zealand and australia,5,"en-GB,en-US"
best esim for usa 2026,60.0,5,1.0,6,1,best esim for ksa 2026,4,"en-GB,en-US"
cheapest esim malaysia,60.0,5,1.0,6,1,cheapest esim macao,5,"en-GB,en-US"
esim for new zealand travel,59.8,19,6,7,2,esim for new zealand,5,"en-GB,en-US"
best esim for kenya,59.7,18,6.5,15,1,best esim for kenya 2026,6,"en-GB,en-US"
best esim for australia,59.7,13,5.0,9,1,best esim for austria,6,"en-GB,en-US"
best esim for georgia,59.7,13,5.0,8,1,does esim work in georgia,1,"en-GB,en-US"
best esim for iceland,59.7,13,5,10,1,does esim work in iceland,1,"en-GB,en-US"
esim card for greece,59.7,13,5,8,1,esim coverage in greece,3,"en-GB,en-US"
poland esim options,59.7,3,2.0,8,2,esim for poland,1,"en-GB,en-US"
best new zealand esim,59.5,12,4.0,7,1,esim new zealand reddit,3,"en-GB,en-US"
best esim for nz,59.3,21,6.0,6,1,best esim for nz 2026,7,"en-GB,en-US"
best esim card for peru,59.3,16,6.0,10,2,esim coverage in peru,1,"en-GB,en-US"
do i need an esim for singapore,59.3,16,6.0,8,1,do i need an esim for cape town,10,"en-GB,en-US"
esim for south korea and japan,59.3,16,6,8,2,does esim work in south korea,6,"en-GB,en-US"
best esim for taiwan travel,59.3,11,4.5,9,1,best esim for taipei,2,"en-GB,en-US"
esim hong kong and macau,59.3,11,3,6,2,does esim work in macao,1,en-US
best esim for australia travel,59.3,6,3.0,10,2,best esim for australia,3,"en-GB,en-US"
best esim for india from uk,59.3,6,3.0,8,2,best esim for india,1,"en-GB,en-US"
best esim for usa from uk,59.3,6,3,9,2,best esim for usa,4,"en-GB,en-US"
free unlimited data esim,59.2,62,8,1,2,unlimited data esim georgia,54,"en-GB,en-US"
esim for apple iphone,59.2,25,5,3,1,esim macao for iphone,26,en-US
esim vs normal sim,59.2,25,5,3,2,esim croatia vs sim,26,en-US
cheap esim morocco,59.0,4,1,6,1,cheap esim mexico,4,"en-GB,en-US"
cheapest esim for portugal,59.0,4,1.0,6,1,cheapest esim portugal,3,"en-GB,en-US"
esim for the philippines,58.7,12,5,9,1,esim for manila review,5,"en-GB,en-US"
south korea esim unlimited data,58.7,12,5,9,1,south korea esim unlimited,6,"en-GB,en-US"
should i get an esim,58.7,7,2,6,1,do i need an esim for ireland,8,en-GB
what is nomad esim,58.7,7,2,6,1,nomad esim saudi arabia,9,en-US
brazil esim card,58.7,2,2.0,8,2,brazil esim,1,"en-GB,en-US"
esim to use in dubai,58.5,31,8.5,5,2,does esim work in israel,8,"en-GB,en-US"
which is the best esim for europe,58.5,6,2.5,7,1,best esim for poland 2026,6,"en-GB,en-US"
best esim in korea,58.3,15,6.0,8,2,cheapest esim south korea,2,"en-GB,en-US"
best esim for turkey 2026,58.3,5,3.0,11,1,esim turkey 2026,2,"en-GB,en-US"
best esim for usa travel,58.3,5,3,8,2,best esim for usa,3,"en-GB,en-US"
cheapest esim plan australia,58.3,5,3,8,2,cheapest esim poland,3,"en-GB,en-US"
esim for australia travel,58.3,5,3,10,1,australia esim coverage map,3,"en-GB,en-US"
what is the best esim for croatia,58.3,5,3.0,14,2,best esim for croatia,1,"en-GB,en-US"
cheapest esims for south africa,58.2,39,11.0,5,1,cheapest esim cape town,16,"en-GB,en-US"
best esim for cape town,58.2,4,2,7,1,cape town esim best,1,"en-GB,en-US"
best esim south africa,58.2,4,2,7,1,cape town esim reddit,3,"en-GB,en-US"
greece esim card for tourist,58.2,4,2,7,1,greece esim card,1,"en-GB,en-US"
israel esim short term,58.2,4,2,7,2,esim for israel,1,"en-GB,en-US"
japan esim unlimited data 15 days,58.2,4,2,7,2,japan esim unlimited,1,"en-GB,en-US"
portugal sim card for tourist,58.2,4,2.0,7,1,portugal sim card for tourists,3,"en-GB,en-US"
cheapest esim for saudi arabia,58.0,3,1.0,6,1,cheapest esim saudi arabia,4,"en-GB,en-US"
cheapest esim for vietnam,58.0,3,1.0,6,1,cheapest esim vietnam,2,"en-GB,en-US"
cheapest esim plan malaysia,57.7,11,5,8,2,cheapest esim malaysia,4,"en-GB,en-US"
esim for australia from uk,57.5,10,4.0,7,1,australia esim coverage map,4,"en-GB,en-US"
how to get esim in vietnam,57.3,14,4.5,6,1,does esim work in vietnam,4,en-US
esim for usa from canada,57.3,9,3,6,2,canada esim coverage map,3,en-US
best esim card for colombia,57.3,4,3.0,8,2,best esim for colombia,1,"en-GB,en-US"
esim netherlands unlimited data,57.3,4,3,9,1,netherlands esim unlimited,1,"en-GB,en-US"
esim singapore malaysia,57.3,4,3.0,8,2,esim for malaysia and singapore,2,"en-GB,en-US"
what is the best esim for europe,57.3,4,3.0,9,2,best esim for czechia,4,"en-GB,en-US"
esim card for switzerland,57.2,13,5,7,2,esim coverage in switzerland,3,"en-GB,en-US"
esim france unlimited data,57.2,13,5,7,1,france esim unlimited,5,"en-GB,en-US"
best esim for thailand uk,57.0,12,4,6,2,esim for bangkok review,3,"en-GB,en-US"
unlimited data esim brazil,57.0,2,1.0,6,1,brazil esim unlimited,1,"en-GB,en-US"
unlimited data esim greece,57.0,2,1.0,6,1,greece esim unlimited,1,"en-GB,en-US"
cheapest esim uk pay as you go,56.8,6,3,7,2,cheapest esim uk,5,"en-GB,en-US"
saily esim south africa,56.8,6,3.0,7,2,saily esim new zealand,7,"en-GB,en-US"
cheapest esim for egypt,56.7,25,9.5,9,1,cheapest esim for israel,13,"en-GB,en-US"
cheapest esim for peru,56.7,20,8.0,10,1,best esim for peru and chile,7,"en-GB,en-US"
best esim for italy and greece reddit,56.7,10,5,8,1,esim greece reddit,2,"en-GB,en-US"
best esim for taiwan and japan,56.7,10,5,8,2,best esim for taipei,2,"en-GB,en-US"
airalo esim ireland uk,56.7,5,2,6,1,airalo esim ireland,4,"en-GB,en-US"
cheapest esim australia,56.7,5,2.0,6,1,cheapest esim austria,4,"en-GB,en-US"
south africa esim card,56.7,5,2,6,1,cape town esim card,3,"en-GB,en-US"
ubigi esim land rover,56.5,4,1,5,1,ubigi esim iceland,3,"en-GB,en-US"
esim for morocco uk,56.3,8,3,6,1,does esim work in morocco,1,"en-GB,en-US"
australia esim tourist,56.3,3,3,9,2,australia esim,3,"en-GB,en-US"
esim for vietnam and thailand,56.3,3,3.0,8,3,esim for vietnam,2,"en-GB,en-US"
south korea esim for tourist,56.3,3,3.0,8,2,south korea esim,2,"en-GB,en-US"
switzerland esim options,56.3,3,3.0,8,2,switzerland esim,1,"en-GB,en-US"
best esim for france travel,56.2,7,3.5,7,2,best esim for france,3,"en-GB,en-US"
esim for use in mexico,56.0,26,10.0,8,1,does esim work in argentina,9,"en-GB,en-US"
esim for canada from uk,56.0,11,4,6,2,is esim available in canada,3,"en-GB,en-US"
esim for new zealand from australia,56.0,11,4,6,2,how to get an esim for new zealand,2,"en-GB,en-US"
esim australia and new zealand,55.8,15,6.0,7,1,does esim work in new zealand,6,"en-GB,en-US"
best esim for germany reddit,55.8,5,3,7,1,esim germany reddit,2,"en-GB,en-US"
best esim for romania,55.7,19,8.0,10,1,czech republic esim reddit,8,"en-GB,en-US"
esim costa rica claro,55.7,19,5,4,3,esim costa rica,1,"en-GB,en-US"
esim card south korea,55.7,9,5,8,2,esim south korea 10gb,2,"en-GB,en-US"
best esim for bangkok,55.7,4,2,6,1,bangkok esim best,1,"en-GB,en-US"
best esim for morocco from uk,55.7,4,2.0,6,2,best esim for morocco,2,"en-GB,en-US"
esim canada unlimited data,55.7,4,2,6,1,canada esim unlimited,2,"en-GB,en-US"
esim companies in europe,55.5,23,7,5,1,does esim work in belgium,11,"en-GB,en-US"
nomad esim review australia,55.5,8,4.0,7,1,esim for australia review,10,"en-GB,en-US"
esim 2026 greece,55.5,3,1,5,1,esim greece 2026,2,"en-GB,en-US"
airalo esim qatar,55.3,2,3.0,8,3,esim for qatar,1,"en-GB,en-US"
best esim for bali,55.2,6,3.5,7,1,bali esim best,2,"en-GB,en-US"
esim options for europe,55.0,55,10,2,1,croatia esim coverage map,13,"en-GB,en-US"
ee unlimited data esim,55.0,47,14,6,2,cape town esim unlimited data,36,"en-GB,en-US"
esim for ireland and uk,55.0,10,4,6,1,esim coverage in ireland,4,"en-GB,en-US"
thailand esim unlimited data,55.0,10,4.0,6,1,thailand esim unlimited,8,"en-GB,en-US"
best esim to use in italy,55.0,5,1,4,1,does esim work in italy,1,en-US
esim for japan travel,55.0,5,2.5,6,1,japan esim coverage map,1,"en-GB,en-US"
best esim for europe travel review,54.8,14,6.0,7,2,esim for belgium review,15,"en-GB,en-US"
esim for germany trip,54.8,14,6,7,2,esim for germany,4,"en-GB,en-US"
best esim for italy reddit,54.8,4,3,7,1,italy esim reddit,1,"en-GB,en-US"
esim france unlimited data 30 days,54.8,4,3,7,2,france esim unlimited data,1,"en-GB,en-US"
esim versus sim card,54.7,38,8.0,0,5,esim fiji vs sim,40,en-US
best esim usa unlimited data,54.7,3,2,6,2,usa esim unlimited,2,"en-GB,en-US"
cheapest esim plan canada,54.7,3,2.0,6,2,cheapest esim canada,2,"en-GB,en-US"
esim for china travel,54.7,3,2,6,1,china esim coverage map,2,"en-GB,en-US"
esim switzerland reddit,54.7,3,2.0,6,1,switzerland esim reddit,1,"en-GB,en-US"
ismrm 2026 cape town,54.7,3,2.0,6,1,best esim for cape town 2026,1,"en-GB,en-US"
saily esim australia review,54.7,3,2.0,6,1,esim for australia review,3,"en-GB,en-US"
saudi arabia esim tourist,54.7,3,2.0,6,2,esim saudi arabia reddit,1,"en-GB,en-US"
esim czech republic,54.5,2,1,5,1,esim czechia,2,"en-GB,en-US"
best esim for india,54.0,14,7,8,1,best esim for india 2026,6,"en-GB,en-US"
best esim for hong kong and china,54.0,4,2.5,6,2,best esim for hong kong,4,"en-GB,en-US"
cheapest esim usa,54.0,4,1,4,1,cheapest esim ksa,4,"en-GB,en-US"
esim ireland providers,54.0,4,2.5,6,2,esim ireland,4,"en-GB,en-US"
best esim for canada,53.8,13,6,7,1,best esim for canada 2026,2,"en-GB,en-US"
esim card for brazil,53.7,17,8,9,1,esim coverage in brazil,4,"en-GB,en-US"
germany sim card for tourists,53.7,7,3.5,6,1,poland sim card for tourists,8,"en-GB,en-US"
best esim for switzerland one week,53.7,2,2.0,6,2,best esim for switzerland,1,"en-GB,en-US"
buy airalo esim peru,53.7,2,2.0,6,1,airalo esim peru,1,"en-GB,en-US"
esim germany prepaid,53.7,2,2.0,6,2,esim germany,2,"en-GB,en-US"
esim usa travel,53.7,2,2.0,6,2,esim usa,2,"en-GB,en-US"
esim vietnam viettel,53.7,2,2.0,6,2,esim vietnam,2,"en-GB,en-US"
best esim for egypt unlimited data,53.5,6,4,7,1,egypt esim unlimited,1,"en-GB,en-US"
what is holafly esim,53.5,6,2.5,5,1,holafly esim saudi arabia,8,en-US
esim liberty costa rica,53.3,41,9.0,0,5,san jose costa rica esim 2026,1,"en-GB,en-US"
best esim for croatia,53.3,20,9.0,10,1,croatia esim best,5,"en-GB,en-US"
yesim esim card,53.2,4,2,5,1,yesim esim china,4,"en-GB,en-US"
airalo esim plans,53.0,3,1.0,4,1,airalo esim plan,1,"en-GB,en-US"
best esim south korea,53.0,3,1.0,4,1,cheap esim south korea,2,en-US
roamic esim usa,53.0,3,1.0,4,1,roami esim usa,4,"en-GB,en-US"
turkey esim unlimited data,53.0,3,1.0,4,1,turkiye esim unlimited,2,"en-GB,en-US"
best travel esim for costa rica,52.7,36,8.0,0,4,best esim for costa rica,1,"en-GB,en-US"
esim for india travel,52.7,6,3.5,6,2,esim for india,1,"en-GB,en-US"
vietnam esim for tourist,52.5,15,7.0,7,2,vietnam esim,4,"en-GB,en-US"
esim spain and portugal,52.3,19,6.0,4,1,does esim work in portugal,4,"en-GB,en-US"
australia esim prepaid,52.3,4,3.0,6,1,australia esim price,3,"en-GB,en-US"
best esim for canada from uk,52.3,4,3,6,2,best esim for canada,2,"en-GB,en-US"
cheapest esim for malaysia,52.3,4,1.5,4,1,cheapest esim for macao,4,en-US
esim egypt price comparison,52.3,4,3.0,6,1,egypt esim price,1,"en-GB,en-US"
how to get an esim for japan,52.3,4,1.5,4,1,how to get an esim for fiji,5,en-US
esim for ireland travel,52.2,13,5.0,5,2,ireland esim coverage map,5,"en-GB,en-US"
best esim for turkey uk,52.2,8,3.5,5,2,best esim for turkiye,4,"en-GB,en-US"
esim for california and las vegas,52.2,3,2.0,5,1,esim for los angeles,0,"en-GB,en-US"
esim italy iphone,52.2,3,2,5,1,esim italy for iphone,1,"en-GB,en-US"
esim mexico travel,52.2,3,2,5,1,esim mexico city,1,"en-GB,en-US"
esim new zealand travel,52.2,3,2,5,2,esim new zealand,1,"en-GB,en-US"
germany esim prepaid,52.2,3,2,5,1,germany esim price,1,"en-GB,en-US"
ireland esim providers,52.2,3,2.0,5,1,ireland esim price,2,"en-GB,en-US"
philippines esim plans,52.2,3,2,5,2,philippines esim,1,"en-GB,en-US"
qatar esim tourist,52.2,3,2,5,1,qatar esim best,1,"en-GB,en-US"
best esim for vietnam and cambodia,52.0,12,4.0,4,2,best esim for vietnam,4,"en-GB,en-US"
holafly esim for china,52.0,7,4.0,6,1,holafly esim hong kong,9,"en-GB,en-US"
usa sim card for tourists,52.0,7,4.0,6,2,colombia sim card for tourists,8,"en-GB,en-US"
best esim for las vegas,52.0,2,1.0,4,1,esim for las vegas,0,"en-GB,en-US"
esim denmark sweden norway,52.0,2,1.0,4,1,esim for denmark and sweden,0,"en-GB,en-US"
esim for macbook pro,52.0,2,1,4,1,esim for macao,1,"en-GB,en-US"
esim for vietnam,52.0,2,1.0,4,1,esim for vienna,1,"en-GB,en-US"
do i need an esim for thailand,51.8,6,3,5,1,do i need an esim for bangkok,6,"en-GB,en-US"
esim for europe travel,51.8,6,3,5,1,croatia esim coverage map,7,"en-GB,en-US"
esim price in south africa,51.7,40,11.0,2,1,esim south africa price,7,"en-GB,en-US"
cost of esim in spain,51.7,25,8.0,4,1,esim coverage in spain,8,"en-GB,en-US"
best esim for india travel,51.7,5,3.5,6,3,best esim for india,1,"en-GB,en-US"
esim for traveling in europe,51.5,34,10.0,3,2,esim coverage in croatia,12,"en-GB,en-US"
esim for malaysia and indonesia,51.5,29,10,5,1,malaysia esim coverage map,8,"en-GB,en-US"
how to get an esim for indonesia,51.5,4,1.0,3,1,how to get an esim for china,5,en-US
best esim for qatar,51.3,18,9,8,1,does esim work in qatar,5,"en-GB,en-US"
how to get esim in india,51.3,18,6.0,4,2,how to get an esim for qatar,15,en-US
the best esim for europe,51.3,18,6,4,2,best esim for czech republic,10,en-US
best esim for egypt reviews,51.3,3,3.0,6,1,esim for egypt review,1,"en-GB,en-US"
best esim for travel to fiji,51.3,3,3.0,6,2,best esim for fiji,1,"en-GB,en-US"
best esim for zanzibar,51.3,3,3.0,6,2,esim for zanzibar,1,"en-GB,en-US"
best unlimited data esim uk,51.3,3,3,6,2,uk esim unlimited data,1,"en-GB,en-US"
buy airalo esim georgia,51.3,3,3.0,6,2,airalo esim georgia,1,"en-GB,en-US"
esim for argentina and brazil,51.3,3,3.0,6,1,esim for brazil and argentina,2,"en-GB,en-US"
esim usa prepaid,51.3,3,3,6,1,esim usa price,2,"en-GB,en-US"
iceland esim reddit,51.3,3,3.0,6,1,ireland esim reddit,2,"en-GB,en-US"
play esim poland,51.3,3,3.0,6,2,esim for poland,1,"en-GB,en-US"
yesim esim review,51.3,3,1.5,4,1,yesim esim,3,"en-GB,en-US"
unlimited data esim japan,51.2,27,9.5,5,1,unlimited data esim fiji,26,"en-GB,en-US"
best esim for japan travel,51.2,2,2,5,2,best esim for japan,1,"en-GB,en-US"
canada esim prepaid,51.2,2,2,5,1,canada esim price,1,"en-GB,en-US"
cheap esim china vpn,51.2,2,2,5,2,cheap esim china,1,"en-GB,en-US"
esim singapore tourist,51.2,2,2,5,1,esim singapore city,1,"en-GB,en-US"
japan esim tourist,51.2,2,2,5,2,japan esim,1,"en-GB,en-US"
malaysia esim tourist,51.2,2,2,5,1,malaysia esim best,1,"en-GB,en-US"
singapore esim tourist,51.2,2,2,5,2,singapore esim,1,"en-GB,en-US"
usa esim prepaid,51.2,2,2,5,2,usa esim,2,"en-GB,en-US"
are esim available in india,51.0,6,2.5,4,1,esim coverage in india,3,en-US
cheap esim france,51.0,1,1.0,4,1,cheapest esim france,1,"en-GB,en-US"
cheap esim india,51.0,1,1.0,4,1,cheapest esim india,1,"en-GB,en-US"
cheap esim new zealand,51.0,1,1.0,4,1,cheapest esim new zealand,1,"en-GB,en-US"
cheap esim spain,51.0,1,1.0,4,1,cheapest esim spain,1,"en-GB,en-US"
cheapest esim for italy,51.0,1,1.0,4,1,cheapest esim italy,1,"en-GB,en-US"
cheapest esim turkey,51.0,1,1.0,4,1,cheapest esim turkiye,1,"en-GB,en-US"
esim for czech republic,51.0,1,1.0,4,1,esim for czechia,1,"en-GB,en-US"
esim for turkey,51.0,1,1.0,4,1,esim for turkiye,1,"en-GB,en-US"
esim macau,51.0,1,1.0,4,1,esim macao,1,"en-GB,en-US"
how does esim work in japan,50.8,5,3,5,1,does esim work in japan,4,"en-GB,en-US"
best esim for turkey from uk,50.7,4,2,4,2,best esim for turkiye,2,"en-GB,en-US"
esim south korea reddit,50.7,4,3.5,6,2,esim south korea,2,"en-GB,en-US"
best esim in south korea,50.5,3,1,3,1,does esim work in south korea,3,en-US
esim available in ireland,50.5,3,1,3,1,is esim available in iceland,3,en-US
iphone 16 pro esim price in kenya,50.5,3,1,3,1,esim kenya for iphone,1,"en-GB,en-US"
jetpac esim morocco,50.5,3,1,3,1,jetpac esim macao,3,en-US
jetpac esim plans,50.5,3,1.0,3,1,jetpac esim plan,2,"en-GB,en-US"
saily esim plans,50.5,3,1.0,3,1,saily esim plan,1,"en-GB,en-US"
ubigi esim plans,50.5,3,1.0,3,1,ubigi esim plan,2,"en-GB,en-US"
esim card for germany,50.3,12,6.0,6,1,esim coverage in germany,4,"en-GB,en-US"
how to use nomad esim,50.3,7,3,4,1,nomad esim saudi arabia,9,en-GB
what is saily esim,50.3,7,3.0,4,1,saily esim united arab emirates,9,"en-GB,en-US"
airalo esim saudi arabia,50.3,2,3.0,6,3,airalo esim usa,3,"en-GB,en-US"
belgium sim card options,50.3,2,3.0,6,1,belgium esim card,1,"en-GB,en-US"
best esim for shanghai,50.3,2,1.5,4,1,esim for shanghai,0,"en-GB,en-US"
esim australia prepaid,50.3,2,3.0,6,2,esim australia,3,"en-GB,en-US"
esim australia tourist,50.3,2,3.0,6,2,esim australia,3,"en-GB,en-US"
georgia sim card for tourist,50.3,2,1.5,4,1,georgia sim card for tourists,1,"en-GB,en-US"
greece esim card,50.3,2,3.0,6,2,greece esim card,1,"en-GB,en-US"
ksa sim card,50.3,2,1.5,4,1,ksa esim card,1,"en-GB,en-US"
macau sim card,50.3,2,3.0,6,1,macao esim card,1,"en-GB,en-US"
safaricom esim kenya,50.3,2,3.0,6,3,esim for kenya,1,"en-GB,en-US"
saudi arabia sim card,50.3,2,3.0,6,1,saudi arabia sim card for tourists,1,"en-GB,en-US"
vietnam esim viettel,50.3,2,3.0,6,3,vietnam esim,2,"en-GB,en-US"
best esim for vietnam and singapore,50.2,16,6.5,5,1,best esim for philippines and vietnam,5,"en-GB,en-US"
esim for italy reddit,50.2,16,5.0,3,1,esim for italy review,3,"en-GB,en-US"
airalo esim japan review,50.2,6,3.5,5,1,esim for japan review,6,"en-GB,en-US"
buy esim for philippines,50.0,15,7,6,2,does esim work in philippines,3,"en-GB,en-US"
spain esim with phone number,49.8,9,4.5,5,2,spain esim,1,"en-GB,en-US"
best esim for philippines reddit,49.8,4,3,5,2,esim philippines reddit,2,"en-GB,en-US"
hong kong esim tourist,49.8,4,3.0,5,1,hong kong esim best,1,"en-GB,en-US"
how to get an esim for android,49.8,4,1.5,3,1,how to get an esim for canada,5,en-US
yesim esim thailand,49.8,4,3,5,1,yesim esim taiwan,4,"en-GB,en-US"
esim for hong kong and europe,49.7,33,8,0,4,roamic esim hong kong,5,"en-GB,en-US"
best south africa esim,49.7,23,9.5,6,3,alosim esim south africa,3,"en-GB,en-US"
best esim for maldives,49.7,3,2.0,4,2,esim for maldives,1,"en-GB,en-US"
best esim for prague,49.7,3,2,4,2,esim for prague,1,"en-GB,en-US"
esim for morocco from uk,49.7,3,2,4,2,esim for morocco,2,"en-GB,en-US"
roamic esim reviews,49.7,3,2.0,4,1,roamic esim,1,"en-GB,en-US"
is ubigi a good esim,49.5,7,4,5,2,ubigi esim saudi arabia,8,"en-GB,en-US"
nomad esim china review,49.5,7,4.0,5,1,esim for china review,7,"en-GB,en-US"
saily esim review india,49.5,7,4,5,1,esim for india review,8,"en-GB,en-US"
best esim for france reddit,49.5,2,1,3,1,esim france reddit,1,"en-GB,en-US"
best esim for usa reddit,49.5,2,1,3,1,usa esim reddit,2,"en-GB,en-US"
cheap sim germany,49.5,2,1,3,1,cheap esim germany,1,"en-GB,en-US"
cheapest esim thailand,49.5,2,1,3,1,cheapest esim taiwan,2,"en-GB,en-US"
esim for mainland china,49.5,2,1,3,1,esim for manila,1,"en-GB,en-US"
holafly esim plans,49.5,2,1,3,1,holafly esim plan,1,"en-GB,en-US"
morocco sim card for tourist,49.5,2,1,3,1,morocco sim card for tourists,1,"en-GB,en-US"
nomad esim plans,49.5,2,1,3,1,nomad esim plan,1,"en-GB,en-US"
roamic esim turkije,49.5,2,1,3,1,roamic esim turkiye,2,"en-GB,en-US"
saily esim egitto,49.5,2,1,3,1,saily esim egypt,2,"en-GB,en-US"
best esim for international,49.3,36,9,0,4,best esim for brazil 2026,18,"en-GB,en-US"
esim for northern europe,49.3,31,9,2,1,belgium esim coverage map,13,"en-GB,en-US"
hong kong esim with phone number,49.3,16,6,4,2,hong kong esim,1,"en-GB,en-US"
best esim for switzerland and italy,49.3,11,6.0,6,2,esim for switzerland and italy,5,"en-GB,en-US"
best esim in turkey,49.3,6,3.0,4,1,does esim work in turkiye,3,en-US
switzerland sim card for tourist,49.3,6,3.0,4,1,switzerland sim card for tourists,6,"en-GB,en-US"
which is the best esim for china,49.3,6,3.0,4,1,best esim for china 2026,6,en-GB
australia esim,49.3,1,1.5,4,1,austria esim,2,"en-GB,en-US"
esim australia,49.3,1,1.5,4,1,esim austria,2,"en-GB,en-US"
esim egypt unlimited,49.3,1,1.5,4,1,egypt esim unlimited,1,"en-GB,en-US"
esim for australia,49.3,1,1.5,4,1,esim for austria,2,"en-GB,en-US"
macau esim,49.3,1,1.5,4,1,macao esim,1,"en-GB,en-US"
esim to use in usa,49.2,15,5,3,2,does esim work in usa,7,"en-GB,en-US"
buy esim for thailand,49.2,10,5,5,1,esim thailand for iphone,2,"en-GB,en-US"
china sim card for tourist,49.0,9,5.5,6,1,china sim card for tourists,8,"en-GB,en-US"
hong kong macau esim,48.8,13,6.0,5,2,macao esim coverage map,2,"en-GB,en-US"
best esim for china reddit,48.8,3,3,5,3,best esim for china,1,"en-GB,en-US"
best esim for indonesia reddit,48.8,3,3,5,2,esim indonesia reddit,1,"en-GB,en-US"
best esim for vietnam 2026,48.8,3,3.0,5,1,best esim for viet nam 2026,2,"en-GB,en-US"
brazil esim plans,48.8,3,3,5,1,brazil esim price,1,"en-GB,en-US"
esim for usa,48.8,3,1.5,3,1,esim for us,2,"en-GB,en-US"
esim usa,48.8,3,1.5,3,1,esim us,2,"en-GB,en-US"
malaysia esim prepaid,48.8,3,3,5,1,malaysia esim price,1,"en-GB,en-US"
jetpac esim new zealand,48.7,7,5,6,1,jetpac esim south africa,9,"en-GB,en-US"
ubigi esim for japan,48.7,7,5.0,6,1,ubigi esim hong kong,9,"en-GB,en-US"
airalo esim australia coverage,48.7,2,2.0,4,2,airalo esim australia,3,"en-GB,en-US"
bangkok sim card,48.7,2,2.0,4,1,bangkok esim card,1,"en-GB,en-US"
best esim for phuket,48.7,2,2.0,4,2,esim for phuket,1,"en-GB,en-US"
best esim for thailand from uk,48.7,2,2,4,2,best esim for thailand,2,"en-GB,en-US"
best esim for uk travel,48.7,2,2.0,4,2,best esim for uk,2,"en-GB,en-US"
cheapest esim for germany,48.7,2,2.0,4,1,cheapest esim germany,1,"en-GB,en-US"
croatia sim card,48.7,2,2.0,4,1,croatia esim card,1,"en-GB,en-US"
esim holanda,48.7,2,2.0,4,2,esim poland,2,"en-GB,en-US"
esim malaysia tourist,48.7,2,2.0,4,2,esim malaysia,2,"en-GB,en-US"
esim thailand tourist,48.7,2,2,4,2,esim thailand,2,"en-GB,en-US"
esim turkey,48.7,2,2,4,1,esim turkiye,1,"en-GB,en-US"
peru esim card,48.7,2,2.0,4,2,peru esim,1,"en-GB,en-US"
qatar sim card,48.7,2,2.0,4,1,qatar esim card,1,"en-GB,en-US"
saily esim turkey review,48.7,2,2.0,4,1,esim for turkey review,2,"en-GB,en-US"
taipei sim card,48.7,2,2.0,4,1,taipei esim card,1,"en-GB,en-US"
turkey esim uk,48.7,2,2.0,4,2,turkiye esim,2,"en-GB,en-US"
unlimited esim canada,48.7,2,2.0,4,1,canada esim unlimited,1,"en-GB,en-US"
unlimited esim france,48.7,2,2.0,4,2,france esim unlimited,1,"en-GB,en-US"
best esim for ireland,48.5,11,5.5,5,1,best esim for holland,4,"en-GB,en-US"
best esim for philippines travel,48.5,6,4,5,2,best esim for philippines,3,"en-GB,en-US"
esim card for portugal,48.3,15,6.0,4,2,how to get an esim for portugal,2,"en-GB,en-US"
esim for usa and canada,48.3,15,7.5,6,1,esim for osaka,7,"en-GB,en-US"
does esim work in india,48.2,4,2.0,3,1,does esim work in indonesia,5,en-US
ubigi esim morocco,48.2,4,2,3,1,ubigi esim mexico,3,"en-GB,en-US"
esim for canada travel,48.0,8,4,4,2,esim for canada,3,"en-GB,en-US"
how to get an esim for europe,48.0,3,1,2,1,how to get an esim for colombia,4,en-US
best esim for spain travel,47.8,2,3.0,5,3,best esim for spain,1,"en-GB,en-US"
cheapest esim plans,47.8,2,1.5,3,1,cheapest esim poland,1,"en-GB,en-US"
costa rica esim reddit,47.8,2,3,5,1,costa rica esim price,1,"en-GB,en-US"
esim portugal iphone,47.8,2,3,5,1,esim portugal for iphone,1,"en-GB,en-US"
mexico esim prepaid,47.8,2,3,5,1,mexico esim price,1,"en-GB,en-US"
philippines esim providers,47.8,2,3,5,3,philippines esim,1,"en-GB,en-US"
singapore esim plan,47.8,2,3,5,2,singapore esim price,1,"en-GB,en-US"
esim for europe from australia,47.7,16,6.5,4,3,does esim work in austria,7,"en-GB,en-US"
best esim for bali indonesia,47.7,11,5.0,4,2,bali esim coverage map,3,"en-GB,en-US"
is esim available in australia,47.7,11,5,4,1,esim coverage in australia,5,en-US
airalo esim brazil,47.7,1,2.0,4,2,esim for brazil,1,"en-GB,en-US"
airalo esim colombia,47.7,1,2.0,4,2,esim for colombia,1,"en-GB,en-US"
argentina simeone,47.7,1,2.0,4,2,argentina esim,1,"en-GB,en-US"
belgian esim,47.7,1,2.0,4,2,belgium esim,1,"en-GB,en-US"
best esim for china with vpn,47.7,1,2.0,4,2,best esim for china,1,"en-GB,en-US"
best esim for perth,47.7,1,2.0,4,2,best esim for peru,1,"en-GB,en-US"
cheapest esim phone in south africa,47.7,1,2.0,4,2,cheapest esim south africa,2,"en-GB,en-US"
cheapest sim india,47.7,1,2.0,4,2,cheapest esim india,1,"en-GB,en-US"
china esim unlimited,47.7,1,2.0,4,2,china esim unlimited,1,"en-GB,en-US"
china esim with vpn,47.7,1,2.0,4,2,china esim,1,"en-GB,en-US"
colombia esmeraldas,47.7,1,2.0,4,2,colombia esim,1,"en-GB,en-US"
e sim for egypt from uk,47.7,1,2.0,4,2,esim for egypt,1,"en-GB,en-US"
esim argentina turista,47.7,1,2.0,4,2,esim argentina,1,"en-GB,en-US"
esim belgien,47.7,1,2.0,4,2,esim belgium,1,"en-GB,en-US"
esim colombia prepago,47.7,1,2.0,4,2,esim colombia,1,"en-GB,en-US"
esim egypt vodafone,47.7,1,2.0,4,2,esim egypt,1,"en-GB,en-US"
esim for macbook,47.7,1,2.0,4,2,esim for macao,1,"en-GB,en-US"
esim for uk travel,47.7,1,2.0,4,2,esim for uk,1,"en-GB,en-US"
esim fujitsu,47.7,1,2.0,4,2,esim fiji,1,"en-GB,en-US"
esim greece maya,47.7,1,2.0,4,2,esim greece,1,"en-GB,en-US"
esim india tourist,47.7,1,2.0,4,2,esim india,1,"en-GB,en-US"
esim indonesia tourist,47.7,1,2.0,4,2,esim indonesia,1,"en-GB,en-US"
esim israel unlimited data,47.7,1,2.0,4,2,esim israel,1,"en-GB,en-US"
esim japan travel,47.7,1,2.0,4,2,esim japan,1,"en-GB,en-US"
esim kenya airalo,47.7,1,2.0,4,2,esim kenya,1,"en-GB,en-US"
esim macropay,47.7,1,2.0,4,2,esim macao,1,"en-GB,en-US"
esim per uk,47.7,1,2.0,4,2,esim peru,1,"en-GB,en-US"
esim portugal vodafone,47.7,1,2.0,4,2,esim portugal,1,"en-GB,en-US"
esim taiwan unlimited,47.7,1,2.0,4,2,esim taiwan,1,"en-GB,en-US"
esim vietnam unlimited,47.7,1,2.0,4,2,vietnam esim unlimited,1,"en-GB,en-US"
esm qatar,47.7,1,2.0,4,2,esim qatar,1,"en-GB,en-US"
fidji simo,47.7,1,2.0,4,2,fiji esim,1,"en-GB,en-US"
india esim for tourist,47.7,1,2.0,4,2,india esim,1,"en-GB,en-US"
morocco esim uk,47.7,1,2.0,4,2,morocco esim,1,"en-GB,en-US"
taiwan esim klook,47.7,1,2.0,4,2,taiwan esim,1,"en-GB,en-US"
thailand esim tourist,47.7,1,2.0,4,2,thailand esim,1,"en-GB,en-US"
turkiye e sim,47.7,1,2.0,4,1,turkiye esim,1,"en-GB,en-US"
uk esim providers,47.7,1,2.0,4,2,uk esim,1,"en-GB,en-US"
uk esim unlimited,47.7,1,2.0,4,2,uk esim unlimited,1,"en-GB,en-US"
esim for england ireland and scotland,47.5,15,7,5,3,esim coverage in ireland,3,"en-GB,en-US"
how does esim work in india,47.5,15,7,5,1,does esim work in georgia,10,"en-GB,en-US"
best esim for malaysia and indonesia,47.5,5,4,5,3,best esim for malaysia,4,"en-GB,en-US"
best travel esim for new zealand,47.5,5,4,5,3,best esim for new zealand,4,"en-GB,en-US"
france sim card for tourist,47.5,5,4.0,5,1,belgium sim card for tourists,4,"en-GB,en-US"
best esim for dubai from uk,47.3,19,6,2,2,best esim for dubai,4,"en-GB,en-US"
best esim for istanbul turkey,47.3,4,3,4,1,best esim for istanbul,2,"en-GB,en-US"
best esim for new york,47.3,4,3,4,2,esim for new york,1,"en-GB,en-US"
cheapest esim uk deal,47.3,4,3,4,3,cheapest esim uk,3,"en-GB,en-US"
esim for spain reddit,47.3,4,3.0,4,1,esim for spain review,1,"en-GB,en-US"
holafly esim costa rica,47.3,4,3,4,3,holafly esim macao,2,"en-GB,en-US"
jetpac esim europe,47.3,4,3,4,1,jetpac esim colombia,3,"en-GB,en-US"
esim for turkey from uk,47.2,13,5,3,2,turkey esim coverage map,3,en-US
airalo esim morocco,47.2,3,2,3,2,airalo esim macao,3,en-US
best esim iceland reddit,47.2,3,2,3,2,esim iceland reddit,1,"en-GB,en-US"
esim ireland,47.2,3,2.0,3,2,esim iceland,3,en-GB
holafly esim marocco,47.2,3,2,3,1,holafly esim macao,3,en-US
how to get an esim for international travel,47.2,3,2,3,2,how to get an esim for china,3,en-US
nomad esim plans china 50gb,47.2,3,2.0,3,2,nomad esim plan,2,"en-GB,en-US"
esim for hong kong and macau,47.0,7,4.0,4,1,does esim work in macao,2,"en-GB,en-US"
airalo esim australia,47.0,2,1,2,1,airalo esim austria,2,"en-GB,en-US"
australia esims,47.0,2,1.0,2,1,australia esim best,3,en-US
best esim for toronto canada,47.0,2,2.5,4,2,esim for toronto,0,"en-GB,en-US"
best esim in malaysia,47.0,2,1.0,2,1,does esim work in malaysia,1,en-US
best esim to use in vietnam,47.0,2,1.0,2,1,does esim work in vietnam,2,en-GB
cheap esim ireland,47.0,2,1.0,2,1,cheap esim iceland,2,en-US
cheapest esim europe,47.0,2,1,2,1,cheapest esim colombia,2,en-US
cheapest esim for brazil,47.0,2,2.5,4,1,cheapest esim brazil,1,"en-GB,en-US"
cheapest esim mobile plans,47.0,2,2.5,4,2,cheapest esim macao,2,en-US
do i need an esim for korea,47.0,2,1.0,2,1,do i need an esim for ksa,2,en-US
esim australia and singapore,47.0,2,1.0,2,1,esim australia vs sim,3,en-US
esim for android phone,47.0,2,1,2,1,esim for android,1,"en-GB,en-US"
esim for tanzania and zanzibar,47.0,2,2.5,4,2,esim for zanzibar,1,"en-GB,en-US"
hong kong sim card,47.0,2,1,2,1,hong kong esim card,1,"en-GB,en-US"
japan esim unlimited data,47.0,2,2.5,4,1,japan esim unlimited,1,"en-GB,en-US"
kenya sim card,47.0,2,2.5,4,2,kenya esim card,1,"en-GB,en-US"
new zealand sim cards for tourists,47.0,2,1,2,1,new zealand sim card for tourists,2,"en-GB,en-US"
nomad esim australia,47.0,2,1,2,1,nomad esim austria,2,"en-GB,en-US"
roamless esim price portugal,47.0,2,1.0,2,1,esim portugal price,1,"en-GB,en-US"
saily esim australia,47.0,2,1,2,1,saily esim austria,2,"en-GB,en-US"
us esim prepaid,47.0,2,1,2,1,us esim,2,"en-GB,en-US"
vietnam sim card for tourist,47.0,2,1,2,1,vietnam sim card for tourists,2,"en-GB,en-US"
yesim esim erfahrungen,47.0,2,1.0,2,1,yesim esim colombia,2,en-US
esim for thailand and vietnam,46.8,16,6,3,1,esim coverage in vietnam,5,"en-GB,en-US"
best esim for mexico from uk,46.8,6,4.5,5,3,best esim for mexico,3,"en-GB,en-US"
mejor esim para costa rica,46.7,42,11,0,8,cheap esim costa rica,1,"en-GB,en-US"
buy esim south africa,46.7,41,11,0,6,esim south africa 10gb,9,"en-GB,en-US"
best esim for turkey travel,46.7,15,5.0,2,3,best esim for istanbul,4,"en-GB,en-US"
best esim cards for croatia,46.7,5,5.0,6,3,best esim for croatia,1,"en-GB,en-US"
esim for taiwan and japan,46.7,5,3.5,4,2,esim for taiwan,2,"en-GB,en-US"
how to buy esim in singapore,46.5,24,8.5,3,2,does esim work in singapore,5,"en-GB,en-US"
esim for new zealand and australia,46.5,9,4,3,2,esim coverage in new zealand,3,"en-GB,en-US"
do i need an esim for usa,46.5,4,2.5,3,1,do i need an esim for uae,4,en-US
esim for uk from australia,46.3,13,6.0,4,2,does esim work in australia,5,"en-GB,en-US"
esim hong kong taiwan,46.3,13,6,4,2,esim hong kong 10gb,2,"en-GB,en-US"
best esim for amsterdam,46.3,3,3,4,2,esim for amsterdam,1,"en-GB,en-US"
brazil sim card for tourist,46.3,3,3.0,4,1,brazil sim card for tourists,2,"en-GB,en-US"
cheapest esim japan,46.3,3,3,4,2,cheapest esim spain,3,"en-GB,en-US"
china hong kong esim,46.3,3,3.0,4,2,esim for hong kong and china,2,"en-GB,en-US"
esim for japan south korea and singapore,46.3,3,3.0,4,3,esim for japan and south korea,3,"en-GB,en-US"
esim for usa travel from uk,46.3,3,3,4,2,esim for usa,3,"en-GB,en-US"
esim thailand 30 days unlimited,46.3,3,3.0,4,2,thailand esim unlimited,2,"en-GB,en-US"
ubigi esim europe,46.3,3,3.0,4,1,ubigi esim colombia,2,"en-GB,en-US"
esim card for spain and portugal,46.2,22,8,3,2,best esim for spain and portugal,2,"en-GB,en-US"
airalo esim ireland,46.2,2,2,3,2,airalo esim ireland,2,"en-GB,en-US"
airalo esim plans and pricing,46.2,2,2,3,2,airalo esim plan,1,"en-GB,en-US"
airalo esim uae,46.2,2,2,3,2,airalo esim usa,3,"en-GB,en-US"
bali esim tourist,46.2,2,2,3,1,bali esim best,1,"en-GB,en-US"
best esim for japan from australia reddit,46.2,2,2,3,2,esim australia reddit,2,"en-GB,en-US"
best esim to use in fiji,46.2,2,2,3,2,fiji esim best,1,"en-GB,en-US"
can you buy esim at osaka airport,46.2,2,2.0,3,1,esim for osaka,0,"en-GB,en-US"
cheapest esim prepaid,46.2,2,2,3,1,cheapest esim prague,2,en-US
esim amsterdam travel tips,46.2,2,2,3,2,esim amsterdam,1,"en-GB,en-US"
esim cape town,46.2,2,2,3,1,esim for cape town,1,"en-GB,en-US"
ireland sim card for tourists,46.2,2,2,3,1,iceland sim card for tourists,2,"en-GB,en-US"
saily esim japan review,46.2,2,2,3,2,saily esim japan,2,"en-GB,en-US"
uae esim tourist,46.2,2,2,3,1,uae esim best,1,"en-GB,en-US"
ubigi esim japan,46.2,2,2,3,2,ubigi esim,1,"en-GB,en-US"
cheapest esim for australia,46.0,21,7,2,1,cheapest esim for austria,19,"en-GB,en-US"
best esim for scandinavia,46.0,11,7,6,1,best esim for finland and sweden,4,"en-GB,en-US"
airalo esim for usa,46.0,6,4.0,4,2,airalo esim south korea,8,"en-GB,en-US"
esim for europe reddit,46.0,6,4,4,2,esim united arab emirates reddit,7,"en-GB,en-US"
bali easy esim reviews,46.0,1,1.0,2,1,esim for bali review,1,"en-GB,en-US"
best esim for madagascar,46.0,1,1.0,2,1,best esim for macao,1,en-US
cape town simon's town,46.0,1,1.0,2,1,cape town esim,1,"en-GB,en-US"
cheapest e sim for japan,46.0,1,1.0,2,1,cheapest esim for japan,1,"en-GB,en-US"
cheapest phone with esim in philippines,46.0,1,1.0,2,1,cheapest esim philippines,1,en-US
cheapest phone with esim philippines,46.0,1,1.0,2,1,cheapest esim philippines,1,en-GB
czechia symbols,46.0,1,1.0,2,1,czechia esim,1,en-US
e sim for rome,46.0,1,1.0,2,1,esim for rome,0,"en-GB,en-US"
e sim istanbul,46.0,1,1.0,2,1,esim istanbul,1,"en-GB,en-US"
e sim usa 10gb,46.0,1,1.0,2,1,esim usa 10gb,2,"en-GB,en-US"
ecim austria 2026,46.0,1,1.0,2,1,esim austria 2026,2,"en-GB,en-US"
ecim vienna,46.0,1,1.0,2,1,esim vienna,0,"en-GB,en-US"
esem uae 2026,46.0,1,1.0,2,1,esim uae 2026,1,"en-GB,en-US"
esim china mobile,46.0,1,2.5,4,2,esim china,1,"en-GB,en-US"
esim china vpn,46.0,1,2.5,4,2,esim china,1,"en-GB,en-US"
esim discount codes,46.0,1,1.0,2,1,esim discount code,0,"en-GB,en-US"
esim egypt and jordan,46.0,1,1.0,2,1,esim for egypt and jordan,1,"en-GB,en-US"
esim for cruise ships,46.0,1,1.0,2,1,esim for cruise,0,"en-GB,en-US"
esim france orange,46.0,1,2.5,4,2,esim france,1,"en-GB,en-US"
esim hotspot,46.0,1,1.0,2,1,esim hot spot,0,"en-GB,en-US"
esim kuala lumpur,46.0,1,1.0,2,1,esim for kuala lumpur,0,"en-GB,en-US"
esim morocco uk,46.0,1,2.5,4,2,esim morocco,1,"en-GB,en-US"
esim nz travel,46.0,1,1.0,2,1,esim nz,1,"en-GB,en-US"
esim reviews uk,46.0,1,1.0,2,1,esim for uk review,1,"en-GB,en-US"
esim speed test,46.0,1,1.0,2,1,esim speed,0,"en-GB,en-US"
esim top up - travelsim,46.0,1,1.0,2,1,esim top up,0,"en-GB,en-US"
esim uk reddit,46.0,1,1.0,2,1,uk esim reddit,1,"en-GB,en-US"
esim vs pocket wifi japan,46.0,1,1.0,2,1,esim vs pocket wifi,0,"en-GB,en-US"
esm lisbon,46.0,1,1.0,2,1,esim lisbon,0,"en-GB,en-US"
georgia sim card,46.0,1,1.0,2,1,georgia esim card,1,"en-GB,en-US"
germany sim card,46.0,1,1.0,2,1,germany esim card,1,"en-GB,en-US"
holafly esim australia,46.0,1,1.0,2,1,holafly esim austria,2,"en-GB,en-US"
holafly esim georgien,46.0,1,1.0,2,1,holafly esim georgia,1,"en-GB,en-US"
holafly esim turkey,46.0,1,1.0,2,1,holafly esim turkiye,1,"en-GB,en-US"
holafly new zealand esim,46.0,1,1.0,2,1,holafly esim new zealand,1,"en-GB,en-US"
holland simplex,46.0,1,1.0,2,1,holland esim,1,"en-GB,en-US"
how does an esim work in australia,46.0,1,1.0,2,1,does esim work in australia,2,"en-GB,en-US"
how does esim work in canada,46.0,1,1.0,2,1,does esim work in canada,1,"en-GB,en-US"
how does esim work in singapore,46.0,1,1.0,2,1,does esim work in singapore,1,"en-GB,en-US"
india e sim card,46.0,1,1.0,2,1,india esim card,1,"en-GB,en-US"
is daily goodie box legit,46.0,1,1.0,2,1,is saily good,0,"en-GB,en-US"
is jetpac esim good,46.0,1,1.0,2,1,is jetpac good,0,"en-GB,en-US"
is nomad good in r6,46.0,1,1.0,2,1,is nomad good,0,"en-GB,en-US"
is roamic good,46.0,1,1.0,2,1,is roami good,0,"en-GB,en-US"
is ubigi good in japan,46.0,1,1.0,2,1,is ubigi good,0,"en-GB,en-US"
istanbul resim,46.0,1,1.0,2,1,istanbul esim,1,"en-GB,en-US"
jetpac esim australia,46.0,1,1.0,2,1,jetpac esim austria,2,"en-GB,en-US"
jetpac esim for indonesia,46.0,1,1.0,2,1,jetpac esim indonesia,1,"en-GB,en-US"
klook esim korea review,46.0,1,1.0,2,1,esim for korea review,1,"en-GB,en-US"
nomad esim iceland,46.0,1,1.0,2,1,nomad esim ireland,1,"en-GB,en-US"
nomad esim turkey,46.0,1,1.0,2,1,nomad esim turkiye,1,"en-GB,en-US"
one nz travel esim review,46.0,1,1.0,2,1,esim for nz review,1,"en-GB,en-US"
riyadh simulation center,46.0,1,1.0,2,1,riyadh esim,1,"en-GB,en-US"
saily esim brasile,46.0,1,1.0,2,1,saily esim brazil,1,"en-GB,en-US"
saily esim turkey,46.0,1,1.0,2,1,saily esim turkiye,1,"en-GB,en-US"
sim card for costa rica,46.0,1,1.0,2,1,costa rica sim card for tourists,1,"en-GB,en-US"
sim card for fiji,46.0,1,1.0,2,1,fiji sim card for tourists,1,"en-GB,en-US"
sim card for mexico,46.0,1,1.0,2,1,mexico sim card for tourists,1,"en-GB,en-US"
sim card for south korea,46.0,1,1.0,2,1,south korea sim card for tourists,2,"en-GB,en-US"
spain sim card,46.0,1,1.0,2,1,spain esim card,1,"en-GB,en-US"
sydney airport esim,46.0,1,1.0,2,1,esim for sydney,0,"en-GB,en-US"
turkey esim,46.0,1,1.0,2,1,turkiye esim,1,en-GB
uae sim card,46.0,1,1.0,2,1,uae esim card,1,"en-GB,en-US"
ubigi esim australia,46.0,1,1.0,2,1,ubigi esim austria,2,"en-GB,en-US"
ubigi esim belgie,46.0,1,1.0,2,1,ubigi esim belgium,1,"en-GB,en-US"
ubigi esim brasilien,46.0,1,1.0,2,1,ubigi esim brazil,1,"en-GB,en-US"
ubigi esim turkey,46.0,1,1.0,2,1,ubigi esim turkiye,1,"en-GB,en-US"
united arab emirates embassy,46.0,1,1.0,2,1,united arab emirates esim,1,en-US
vietnam esim,46.0,1,1.0,2,1,viet nam esim,1,"en-GB,en-US"
esim china and hong kong,45.8,5,3,3,3,alosim esim hong kong,1,en-US
esim thailand unlimited data,45.7,29,9.5,2,1,bangkok esim unlimited data,21,"en-GB,en-US"
esim for europe unlimited data,45.7,9,5,4,1,poland esim unlimited data,7,en-US
new zealand esim card,45.5,8,4.0,3,3,esim new zealand 10gb,3,"en-GB,en-US"
nomad esim for travel,45.3,7,6.0,6,2,nomad esim saudi arabia,9,"en-GB,en-US"
argentina sim card,45.3,2,3.0,4,1,argentina esim card,1,"en-GB,en-US"
best esim for morocco from canada,45.3,2,3.0,4,3,best esim for morocco,1,"en-GB,en-US"
best esim for thailand from australia,45.3,2,3,4,3,best esim for thailand,2,"en-GB,en-US"
best esims for peru,45.3,2,1.5,2,1,esim for peru review,1,en-US
cheap esim europe,45.3,2,1.5,2,1,cheap esim colombia,2,en-US
cheapest esim for canada,45.3,2,1.5,2,1,cheapest esim for cancun,2,en-US
cheapest esim phone singapore,45.3,2,3.0,4,3,cheapest esim singapore,1,"en-GB,en-US"
croatia esim with phone number,45.3,2,3.0,4,2,croatia esim,1,"en-GB,en-US"
egypt esim card,45.3,2,3.0,4,2,egypt esim,1,"en-GB,en-US"
esim canada prepaid,45.3,2,3,4,2,esim canada,2,"en-GB,en-US"
esim hong kong macau,45.3,2,3,4,3,esim hong kong,1,"en-GB,en-US"
esim israel partner,45.3,2,3.0,4,3,esim israel,1,"en-GB,en-US"
esim malaysia prepaid,45.3,2,3.0,4,3,esim malaysia,2,"en-GB,en-US"
fiji sim card,45.3,2,3.0,4,1,fiji esim card,1,"en-GB,en-US"
iceland esim card,45.3,2,3.0,4,2,iceland esim,1,"en-GB,en-US"
ireland esim with phone number,45.3,2,3,4,3,ireland esim,2,"en-GB,en-US"
kenya esim card,45.3,2,3.0,4,2,kenya esim,1,"en-GB,en-US"
unlimited esim usa,45.3,2,3.0,4,3,usa esim unlimited,2,"en-GB,en-US"
what is the best and cheapest esim for japan,45.3,2,3.0,4,3,cheapest esim japan,1,"en-GB,en-US"
portugal esim with phone number,45.0,15,7.0,4,3,portugal esim,2,"en-GB,en-US"
best esim for turkey unlimited data,45.0,5,4.0,4,2,turkey esim unlimited,2,"en-GB,en-US"
best esim for uk and ireland,45.0,5,4.0,4,2,esim for ireland and uk,2,"en-GB,en-US"
best esim for costa rica reddit,44.8,9,6,5,2,best esim for costa rica,1,"en-GB,en-US"
best esim in ireland,44.8,4,3.0,3,2,does esim work in ireland,1,en-US
esim china hong kong macau,44.7,13,5,2,2,is esim available in macao,3,"en-GB,en-US"
jetpac esim promo code,44.7,8,5,4,1,jetpac esim peru,7,"en-GB,en-US"
airalo esim kanada,44.7,3,2,2,2,airalo esim canada,3,"en-GB,en-US"
do i need an esim for canada,44.7,3,2,2,1,do i need an esim for cancun,3,en-US
esim vietnam klook,44.7,3,3.5,4,3,esim vietnam,2,"en-GB,en-US"
how to get an esim for mint mobile,44.7,3,2,2,1,how to get an esim for mexico,4,en-US
saily esim asia,44.7,3,2,2,2,saily esim china,2,"en-GB,en-US"
saily esim malaysia,44.7,3,2,2,1,saily esim macao,3,en-US
ubigi esim malaysia,44.7,3,2,2,1,ubigi esim macao,3,en-US
esim card for thailand,44.5,7,4,3,1,bangkok esim coverage map,3,"en-GB,en-US"
esim for china and hong kong,44.5,7,4,3,1,esim for hong kong review,2,"en-GB,en-US"
esim in japan for iphone,44.5,7,4,3,1,esim japan for iphone,7,en-US
best esim for orlando,44.5,2,2.5,3,2,esim for orlando,0,"en-GB,en-US"
esim card covers both istanbul and italy,44.5,2,2.5,3,2,esim for istanbul,1,"en-GB,en-US"
malaysia e sim card for tourist,44.5,2,2.5,3,2,malaysia esim card,1,"en-GB,en-US"
nz sim cards for tourists,44.5,2,2.5,3,2,nz esim card,2,"en-GB,en-US"
best esim for australia from uk,44.3,11,4.5,2,2,best esim for australia 2026,4,"en-GB,en-US"
esim card for india,44.3,6,4.5,4,1,india esim coverage map,3,"en-GB,en-US"
airalo esim card,44.3,1,1.5,2,1,airalo esim,0,"en-GB,en-US"
china esim card,44.3,1,3.0,4,3,china esim,1,"en-GB,en-US"
claro esim colombia,44.3,1,3.0,4,3,esim for colombia,1,"en-GB,en-US"
colombia simbolos patrios,44.3,1,3.0,4,3,colombia esim,1,"en-GB,en-US"
egypt esim vodafone,44.3,1,3.0,4,3,egypt esim,1,"en-GB,en-US"
esim argentina claro,44.3,1,3.0,4,3,esim argentina,1,"en-GB,en-US"
esim colombia tigo,44.3,1,3.0,4,3,esim colombia,1,"en-GB,en-US"
esim for belize,44.3,1,1.5,2,1,esim for berlin,0,"en-GB,en-US"
esim for bermuda,44.3,1,1.5,2,1,esim for berlin,0,"en-GB,en-US"
esim for china with vpn,44.3,1,3.0,4,3,esim for china,1,"en-GB,en-US"
esim for greece airalo,44.3,1,3.0,4,3,esim for greece,1,"en-GB,en-US"
esim for indonesia bali,44.3,1,3.0,4,3,esim for indonesia,1,"en-GB,en-US"
esim for japan from uk,44.3,1,3.0,4,3,esim for japan,1,"en-GB,en-US"
esim for philippines and japan,44.3,1,3.0,4,3,esim for philippines,1,"en-GB,en-US"
esim for singapore from australia,44.3,1,3.0,4,3,esim for singapore,1,"en-GB,en-US"
esim for taiwan and china,44.3,1,3.0,4,3,esim for taiwan,1,"en-GB,en-US"
esim indonesia telkomsel,44.3,1,3.0,4,3,esim indonesia,1,"en-GB,en-US"
esim japan airalo,44.3,1,3.0,4,3,esim japan,1,"en-GB,en-US"
esim mexico telcel,44.3,1,3.0,4,3,esim mexico,1,"en-GB,en-US"
esim new zealand with calls,44.3,1,3.0,4,3,esim new zealand,1,"en-GB,en-US"
esim per ungheria,44.3,1,3.0,4,3,esim peru,1,"en-GB,en-US"
esim south africa vodacom,44.3,1,3.0,4,3,esim south africa,2,"en-GB,en-US"
esim south korea and japan,44.3,1,3.0,4,3,esim south korea,2,"en-GB,en-US"
esim spain with phone number,44.3,1,3.0,4,3,esim spain,1,"en-GB,en-US"
esim taiwan klook,44.3,1,3.0,4,3,esim taiwan,1,"en-GB,en-US"
esim thailand 30 days,44.3,1,3.0,4,3,esim thailand,1,"en-GB,en-US"
esim uk providers,44.3,1,3.0,4,3,esim uk,1,"en-GB,en-US"
esim usa review,44.3,1,1.5,2,1,esim for usa review,2,"en-GB,en-US"
france esim options,44.3,1,3.0,4,3,france esim,1,"en-GB,en-US"
how to install esim on iphone,44.3,1,1.5,2,1,how to install esim,0,"en-GB,en-US"
india esim with local number,44.3,1,3.0,4,3,india esim,1,"en-GB,en-US"
indonesia esim telkomsel,44.3,1,3.0,4,3,indonesia esim,1,"en-GB,en-US"
japan esim card,44.3,1,3.0,4,3,japan esim,1,"en-GB,en-US"
japan esim unlimited,44.3,1,3.0,4,3,japan esim unlimited,1,"en-GB,en-US"
netherlands sim card,44.3,1,3.0,4,3,netherlands esim,1,"en-GB,en-US"
orange belgium esim,44.3,1,3.0,4,3,esim for belgium,1,"en-GB,en-US"
peru simbolos,44.3,1,3.0,4,3,peru esim,1,"en-GB,en-US"
thailand esim card,44.3,1,3.0,4,3,thailand esim,1,"en-GB,en-US"
uk esim with phone number,44.3,1,3.0,4,3,uk esim,1,"en-GB,en-US"
unlimited us esim,44.3,1,1.5,2,1,us esim unlimited,1,"en-GB,en-US"
usa esim with phone number,44.3,1,3.0,4,3,usa esim,2,"en-GB,en-US"
best esim plan for mexico,44.2,20,8,3,3,esim coverage in mexico,9,"en-GB,en-US"
australia new zealand esim,44.2,10,5,3,3,best esim for australia and new zealand,4,"en-GB,en-US"
esim for china reddit,44.2,10,5.0,3,1,esim for china review,9,"en-GB,en-US"
esim japan and south korea,44.2,5,3.5,3,2,alosim esim south korea,2,"en-GB,en-US"
esim plans for europe,44.0,39,13.5,2,3,czech republic esim coverage map,29,"en-GB,en-US"
best esim for portugal from canada,44.0,14,7,4,3,best esim for portugal,3,"en-GB,en-US"
best esim for singapore tourist,44.0,14,7,4,3,best esim for singapore,4,"en-GB,en-US"
cheapest esim plan usa,44.0,4,4,4,2,cheapest esim usa,4,"en-GB,en-US"
esim ireland vodafone,44.0,4,4.0,4,3,esim ireland,4,"en-GB,en-US"
best esim for vietnam 2025,43.8,13,6.0,3,1,best esim for czech republic 2026,13,"en-GB,en-US"
how does an esim work overseas,43.8,13,6.0,3,2,does esim work in iceland,13,"en-GB,en-US"
best esim for vietnam and thailand,43.8,3,3,3,1,best esim for thailand and vietnam,2,en-US
canadian sim card for tourists,43.8,3,3,3,1,canada sim card for tourists,2,"en-GB,en-US"
cheapest esim uk,43.8,3,3,3,2,cheapest esim,2,"en-GB,en-US"
china mobile sim card for tourist,43.8,3,3,3,1,czechia sim card for tourists,3,"en-GB,en-US"
croatia sim card unlimited data,43.8,3,3.0,3,1,croatia sim card for tourists,1,"en-GB,en-US"
esim for bali from australia,43.8,3,3.0,3,1,bali esim coverage map,1,"en-GB,en-US"
esim for ireland,43.8,3,3.0,3,1,esim for holland,3,en-GB
jetpac esim usa,43.8,3,3,3,1,jetpac esim uk,2,"en-GB,en-US"
roamic esim card,43.8,3,3.0,3,2,roamic esim,1,"en-GB,en-US"
best esim for korea,43.7,17,8.0,4,2,best esim for korea 2026,7,"en-GB,en-US"
best esim for us,43.7,17,8.0,4,1,esim for georgia review,11,"en-GB,en-US"
esim kolbi costa rica,43.7,12,5.0,2,3,esim for costa rica,1,"en-GB,en-US"
alosim esim install,43.7,7,5.0,4,1,alosim esim india,7,"en-GB,en-US"
best esim for bali from australia,43.7,7,5,4,2,best esim for bali,3,"en-GB,en-US"
best esim for vietnam from australia,43.7,7,6.5,6,2,best esim for vietnam,5,"en-GB,en-US"
airalo esim,43.7,2,2.0,2,2,airalo esim,1,"en-GB,en-US"
airalo esim china not working,43.7,2,2,2,2,airalo esim china,1,"en-GB,en-US"
airalo esim coverage map,43.7,2,2,2,1,esim coverage map,1,"en-GB,en-US"
best esim for namibia,43.7,2,2,2,2,esim for south africa and namibia,3,"en-GB,en-US"
cheap esim saudi,43.7,2,2.0,2,2,cheap esim usa,3,en-US
cheapest esim multiple devices,43.7,2,2,2,2,cheapest esim mexico,2,en-US
do i need an esim for costa rica,43.7,2,2.0,2,1,do i need an esim for macao,2,en-US
esim bangkok airport,43.7,2,2,2,2,esim bangkok,1,"en-GB,en-US"
esim for cambodia vietnam and thailand,43.7,2,2.0,2,2,esim for thailand and vietnam,2,en-US
esim for fiji from australia,43.7,2,3.5,4,2,esim for fiji,1,"en-GB,en-US"
esim prices for japan,43.7,2,2.0,2,2,esim japan price,1,"en-GB,en-US"
esim seoul korea,43.7,2,2,2,2,esim seoul,1,"en-GB,en-US"
indonesia esim tourist,43.7,2,3.5,4,2,indonesia esim,1,"en-GB,en-US"
is saily esim good for vietnam,43.7,2,2,2,2,saily esim vietnam,3,"en-GB,en-US"
jetpac esim review,43.7,2,2,2,2,jetpac esim,1,"en-GB,en-US"
klook esim taipei,43.7,2,2,2,2,esim taipei,1,"en-GB,en-US"
new zealand sim card for tourist,43.7,2,2,2,2,new zealand sim card for tourists,2,"en-GB,en-US"
nomad esim indonesia,43.7,2,2,2,2,nomad esim india,2,"en-GB,en-US"
nomad esim mexico tiene numeros telefonicos,43.7,2,2,2,2,nomad esim mexico,2,"en-GB,en-US"
nomad esim morocco,43.7,2,2.0,2,2,nomad esim macao,2,en-US
poland esim with phone number,43.7,2,3.5,4,3,poland esim,1,"en-GB,en-US"
saily esim uae,43.7,2,2,2,2,saily esim usa,3,"en-GB,en-US"
vietnam sim card for tourist price,43.7,2,2,2,2,vietnam sim card for tourists,2,"en-GB,en-US"
vodafone egypt esim price,43.7,2,2.0,2,2,egypt esim price,1,"en-GB,en-US"
esim at kansai airport,43.5,6,4,3,2,esim united arab emirates airport,8,"en-GB,en-US"
japan esim card unlimited data,43.5,6,4.0,3,3,unlimited data esim japan,2,"en-GB,en-US"
alosim discount code,43.5,1,1,1,1,is alosim good,0,en-US
australian esim i can get in america,43.5,1,1,1,1,how to get an esim for australia,2,en-US
bali e sim card,43.5,1,1,1,1,bali esim card,1,en-GB
best esim coverage for italy,43.5,1,1,1,1,esim coverage in italy,1,en-US
best esim for honduras,43.5,1,1,1,1,best esim for holland,1,en-US
best esim in japan,43.5,1,1,1,1,does esim work in fiji,1,en-GB
best esim to use in thailand,43.5,1,1,1,1,does esim work in thailand,1,en-GB
brazil esims,43.5,1,1,1,1,brazil esim best,1,en-US
canada esims,43.5,1,1,1,1,canada esim best,1,en-US
canadian esim plans,43.5,1,1,1,1,canada esim plans,1,en-US
cheap esim australia,43.5,1,1,1,1,cheap esim austria,2,en-US
cheap esim for vietnam,43.5,1,1,1,1,cheap esim vietnam,1,en-US
cheap esim plan,43.5,1,1,1,1,cheap esim poland,1,en-US
cheap esim prepaid,43.5,1,1,1,1,cheap esim peru,1,en-US
cheap esim thailand,43.5,1,1,1,1,cheap esim taiwan,1,en-US
cheap esim turkey,43.5,1,1,1,1,cheap esim turkiye,1,en-US
china esim plan,43.5,1,1,1,1,china esim plans,1,en-US
china esims,43.5,1,1,1,1,china esim best,1,en-US
czech republic symbol,43.5,1,1,1,1,czech republic esim,1,en-US
do i need an esim for international travel,43.5,1,1,1,1,do i need an esim for india,1,en-US
e sim hangi telefonlarda var,43.5,1,1,1,1,esim hanoi,0,en-GB
e sim japon 2026,43.5,1,1,1,1,esim japan 2026,1,en-GB
egypt esims,43.5,1,1,1,1,egypt esim best,1,en-US
esim 2026 conference,43.5,1,1,1,1,esim nz 2026,1,en-US
esim ausland preisvergleich,43.5,1,1,1,1,esim auckland,0,en-US
esim china 10 dagen,43.5,1,1,1,1,esim china 10gb,1,en-US
esim china iphone,43.5,1,1,1,1,esim china for iphone,1,en-US
esim coverage,43.5,1,1,1,1,esim coverage map,0,en-US
esim for caribbean,43.5,1,1,1,1,esim for cairo,0,en-US
esim for holiday,43.5,1,1,1,1,esim for holland,1,en-US
esim for honor 200,43.5,1,1,1,1,esim for hanoi,0,en-US
esim for iphone ireland,43.5,1,1,1,1,esim ireland for iphone,1,en-US
esim for lebanon,43.5,1,1,1,1,esim for lisbon,0,en-US
esim for travel to new zealand,43.5,1,1,1,1,how to get an esim for new zealand,1,en-US
esim handover process,43.5,1,1,1,1,esim hanoi,0,en-US
esim japan coverage,43.5,1,1,1,1,esim coverage in japan,1,en-US
esim japan price,43.5,1,1,1,1,esim spain price,1,en-GB
esim plans for france,43.5,1,1,1,1,france esim plans,1,en-US
esim plans ireland,43.5,1,1,1,1,ireland esim plans,1,en-US
esim thailand and singapore,43.5,1,1,1,1,esim thailand vs sim,1,en-US
esim uk coverage,43.5,1,1,1,1,esim coverage in uk,1,en-US
esim vietnam and singapore,43.5,1,1,1,1,esim vietnam vs sim,1,en-US
esim vs nano sim,43.5,1,1,1,1,esim macao vs sim,1,en-US
french e sim card,43.5,1,1,1,1,france esim card,1,en-GB
french esim card,43.5,1,1,1,1,france esim card,1,en-US
get esim for turkey,43.5,1,1,1,1,how to get an esim for turkiye,1,en-US
greece esims,43.5,1,1,1,1,greece esim best,1,en-US
greece sim plans,43.5,1,1,1,1,greece esim plans,1,en-US
holafly esim philippines,43.5,1,1,1,1,holafly esim fiji,1,en-US
holafly esim prepagata,43.5,1,1,1,1,holafly esim peru,1,en-US
holafly esim recensioni,43.5,1,1,1,1,holafly esim greece,1,en-US
holafly esim singapore,43.5,1,1,1,1,holafly esim spain,1,en-US
holland sim karte,43.5,1,1,1,1,holland esim card,1,en-US
how to get an esim for samsung phone,43.5,1,1,1,1,how to get an esim for usa,2,en-US
how to get an esim in france,43.5,1,1,1,1,how to get an esim for france,1,en-US
how to get an esim in ireland,43.5,1,1,1,1,how to get an esim for ireland,1,en-US
how to get esim singapore number,43.5,1,1,1,1,how to get an esim for singapore,1,en-US
india esim tourist,43.5,1,1,1,1,india esim best,1,en-US
iphone 17 esim malaysia,43.5,1,1,1,1,esim malaysia for iphone,1,en-US
iphone 17 esim only australia,43.5,1,1,1,1,esim australia for iphone,2,en-US
iphone 17e esim only uk,43.5,1,1,1,1,esim uk for iphone,1,en-US
ireland esims,43.5,1,1,1,1,ireland esim best,1,en-US
is bmw esim available in australia,43.5,1,1,1,1,is esim available in australia,2,en-US
is esim available in the philippines,43.5,1,1,1,1,is esim available in uk,1,en-US
israel esims,43.5,1,1,1,1,israel esim best,1,en-US
japan airport esim,43.5,1,1,1,1,esim japan airport,1,en-US
japan esims,43.5,1,1,1,1,japan esim best,1,en-US
japan sim cards for tourists,43.5,1,1,1,1,japan sim card for tourists,1,en-US
malaysia sim plan,43.5,1,1,1,1,malaysia esim plans,1,en-US
no esim iphone free usa number,43.5,1,1,1,1,esim usa for iphone,2,en-US
nomad esim philippinen,43.5,1,1,1,1,nomad esim fiji,1,en-US
nomad esim recensioni,43.5,1,1,1,1,nomad esim greece,1,en-US
nz esims,43.5,1,1,1,1,nz esim best,1,en-US
portugal esims,43.5,1,1,1,1,portugal esim best,1,en-US
roamic esim erfahrungen,43.5,1,1,1,1,roamic esim colombia,1,en-US
roamic esim wann aktivieren,43.5,1,1,1,1,roamic esim taiwan,1,en-US
saily esim germany,43.5,1,1,1,1,saily esim georgia,1,en-GB
saily esim giappone,43.5,1,1,1,1,saily esim georgia,1,en-US
saily esim qr code,43.5,1,1,1,1,saily esim qatar,1,en-US
san jose costa rica images,43.5,1,1,1,1,san jose costa rica esim,1,en-US
sim card for turkey,43.5,1,1,1,1,turkiye sim card for tourists,1,en-US
singapore esims,43.5,1,1,1,1,singapore esim best,1,en-US
spain esims,43.5,1,1,1,1,spain esim best,1,en-US
thailand sim price,43.5,1,1,1,1,thailand esim price,1,en-US
tsim europe esim with usa coverage,43.5,1,1,1,1,esim coverage in usa,2,en-US
ubigi esim germany,43.5,1,1,1,1,ubigi esim georgia,1,en-GB
ubigi esim giappone,43.5,1,1,1,1,ubigi esim georgia,1,en-US
uk esims,43.5,1,1,1,1,uk esim best,1,en-US
uk sim price in pakistan,43.5,1,1,1,1,uk esim price,1,en-US
unlimited data esim international,43.5,1,1,1,1,unlimited data esim india,1,en-US
unlimited data esim turkey,43.5,1,1,1,1,unlimited data esim turkiye,1,en-US
unlimited data sim australia,43.5,1,1,1,1,unlimited data esim australia,2,en-US
unlimited data sim france,43.5,1,1,1,1,unlimited data esim france,1,en-US
unlimited data sim germany,43.5,1,1,1,1,unlimited data esim germany,1,en-US
unlimited data sim ireland,43.5,1,1,1,1,unlimited data esim ireland,1,en-US
unlimited data sim malaysia,43.5,1,1,1,1,unlimited data esim malaysia,1,en-US
unlimited data sim philippines,43.5,1,1,1,1,unlimited data esim philippines,1,en-US
unlimited data sim portugal,43.5,1,1,1,1,unlimited data esim portugal,1,en-US
unlimited data sim spain,43.5,1,1,1,1,unlimited data esim spain,1,en-US
usa sim price in pakistan,43.5,1,1,1,1,usa esim price,2,en-US
which esim plans allow sms in south africa,43.5,1,1,1,1,south africa esim plans,2,en-US
yesim esim aktivieren,43.5,1,1,1,1,yesim esim uk,1,en-GB
esim card for korea,43.3,20,7.5,2,3,esim south korea 10gb,2,"en-GB,en-US"
malaysia sim card for tourist,43.3,5,4.5,4,1,malaysia sim card for tourists,4,"en-GB,en-US"
verizon sim vs esim,43.2,9,5,3,1,esim peru vs sim,9,en-US
can esim be used internationally,43.0,33,10.0,0,4,is esim available in brazil,18,"en-GB,en-US"
esim australia from nz,43.0,23,7,0,5,alosim esim new zealand,7,"en-GB,en-US"
esim for morocco with text and phone,43.0,18,8.5,4,3,esim for morocco,2,"en-GB,en-US"
best esim for singapore & australia,43.0,13,7.0,4,1,best esim for singapore and indonesia,3,"en-GB,en-US"
esim south africa prepaid,43.0,13,7.0,4,2,esim south africa,2,"en-GB,en-US"
best esim for cartagena colombia,43.0,3,4.0,4,2,colombia esim best,1,"en-GB,en-US"
esim for greece and turkey,43.0,3,4.0,4,2,esim for greece,1,"en-GB,en-US"
esim philippines globe,43.0,3,4.0,4,2,esim philippines,1,"en-GB,en-US"
esim vietnamobile,43.0,3,4.0,4,2,esim viet nam,2,"en-GB,en-US"
portugal esim card,43.0,3,4.0,4,2,portugal esim,1,"en-GB,en-US"
esim for nz travel,42.8,17,7.5,3,2,esim for nz,5,"en-GB,en-US"
esim for travelling to new york,42.8,2,3.0,3,3,esim for new york,0,"en-GB,en-US"
nomad esim prepaid data plan,42.8,2,3,3,2,nomad esim peru,1,"en-GB,en-US"
ooredoo maldives esim,42.8,2,3.0,3,3,esim for maldives,0,"en-GB,en-US"
tokyo traveller esim,42.8,2,3.0,3,2,esim tokyo,0,"en-GB,en-US"
best international esim for europe,42.7,36,11.0,0,4,best esim for netherlands and belgium,17,"en-GB,en-US"
esim card for france,42.7,16,8.0,4,2,france esim coverage map,3,"en-GB,en-US"
esim for portugal and spain,42.7,6,5,4,2,esim for portugal,1,"en-GB,en-US"
amsterdam sim card,42.7,1,2.0,2,2,amsterdam esim,1,"en-GB,en-US"
auckland airport esim,42.7,1,2.0,2,1,esim auckland,0,"en-GB,en-US"
austria esim,42.7,1,2.0,2,2,austria esim,2,en-GB
bali sim card,42.7,1,2.0,2,2,bali esim card,1,"en-GB,en-US"
bangkoksims,42.7,1,2.0,2,2,bangkok esim,1,"en-GB,en-US"
best esim for armenia,42.7,1,2.0,2,2,best esim for argentina,1,en-GB
best esim for columbia,42.7,1,2.0,2,2,best esim for colombia,1,en-US
best esim for mainland china,42.7,1,2.0,2,2,best esim for manila,1,"en-GB,en-US"
best sim card in hong kong for tourist,42.7,1,2.0,2,2,hong kong sim card for tourists,1,"en-GB,en-US"
brazil sim card,42.7,1,2.0,2,2,brazil esim card,1,"en-GB,en-US"
buy airalo esim brazil,42.7,1,2.0,2,2,airalo esim brazil,1,"en-GB,en-US"
buy airalo esim colombia,42.7,1,2.0,2,2,airalo esim colombia,1,"en-GB,en-US"
buy airalo esim costa rica,42.7,1,2.0,2,2,airalo esim costa rica,1,"en-GB,en-US"
buy airalo esim egypt,42.7,1,2.0,2,2,airalo esim egypt,1,"en-GB,en-US"
buy airalo esim germany,42.7,1,2.0,2,2,airalo esim germany,1,"en-GB,en-US"
buy airalo esim greece,42.7,1,2.0,2,2,airalo esim greece,1,"en-GB,en-US"
buy airalo esim hong kong,42.7,1,2.0,2,2,airalo esim hong kong,1,"en-GB,en-US"
buy airalo esim indonesia,42.7,1,2.0,2,2,airalo esim indonesia,1,"en-GB,en-US"
buy airalo esim italy,42.7,1,2.0,2,2,airalo esim italy,1,"en-GB,en-US"
buy airalo esim malaysia,42.7,1,2.0,2,2,airalo esim malaysia,1,"en-GB,en-US"
buy airalo esim morocco,42.7,1,2.0,2,2,airalo esim morocco,1,"en-GB,en-US"
buy airalo esim netherlands,42.7,1,2.0,2,2,airalo esim netherlands,1,"en-GB,en-US"
buy airalo esim new zealand,42.7,1,2.0,2,2,airalo esim new zealand,1,"en-GB,en-US"
buy airalo esim philippines,42.7,1,2.0,2,2,airalo esim philippines,1,"en-GB,en-US"
buy airalo esim portugal,42.7,1,2.0,2,2,airalo esim portugal,1,"en-GB,en-US"
buy airalo esim saudi arabia,42.7,1,2.0,2,2,airalo esim saudi arabia,1,"en-GB,en-US"
buy airalo esim singapore,42.7,1,2.0,2,2,airalo esim singapore,1,"en-GB,en-US"
buy airalo esim south africa,42.7,1,2.0,2,2,airalo esim south africa,2,"en-GB,en-US"
buy airalo esim switzerland,42.7,1,2.0,2,2,airalo esim switzerland,1,"en-GB,en-US"
buy airalo esim vietnam,42.7,1,2.0,2,2,airalo esim vietnam,1,"en-GB,en-US"
canadian esim card,42.7,1,2.0,2,2,canada esim card,1,"en-GB,en-US"
cheapest esim egypt,42.7,1,2.0,2,2,cheapest esim colombia,1,en-US
cheapest esim for spain,42.7,1,2.0,2,2,cheapest esim spain,1,en-US
cheapest esim nz,42.7,1,2.0,2,1,cheapest esim for nz,1,"en-GB,en-US"
cheapest esims,42.7,1,2.0,2,2,cheapest esim usa,2,en-US
cheapest sim in germany,42.7,1,2.0,2,2,cheapest esim germany,1,en-US
cheapest sim ireland,42.7,1,2.0,2,2,cheapest esim ireland,1,en-US
cheapest sim singapore,42.7,1,2.0,2,2,cheapest esim singapore,1,en-US
china esim card with phone number,42.7,1,2.0,2,2,china esim card,1,"en-GB,en-US"
china sim card for tourist price,42.7,1,2.0,2,2,china sim card for tourists,1,"en-GB,en-US"
czechia same as czech republic,42.7,1,2.0,2,2,czechia esim,1,en-US
do you need an esim for japan,42.7,1,2.0,2,2,do i need an esim for japan,1,"en-GB,en-US"
do you need an esim for turkey,42.7,1,2.0,2,2,do i need an esim for turkey,1,"en-GB,en-US"
does telstra esim work in japan,42.7,1,2.0,2,2,does esim work in japan,1,"en-GB,en-US"
dubai esim tourist,42.7,1,2.0,2,2,dubai esim,1,"en-GB,en-US"
ecim paris,42.7,1,2.0,2,2,esim paris,0,"en-GB,en-US"
egypt sim card,42.7,1,2.0,2,2,egypt esim card,1,"en-GB,en-US"
eism melbourne,42.7,1,2.0,2,2,esim melbourne,0,"en-GB,en-US"
england esim card,42.7,1,2.0,2,2,england esim,1,"en-GB,en-US"
esem madrid,42.7,1,2.0,2,2,esim madrid,0,"en-GB,en-US"
esim austria,42.7,1,2.0,2,2,esim austria,2,en-GB
esim bali easy,42.7,1,2.0,2,2,esim bali,1,"en-GB,en-US"
esim card for ksa,42.7,1,2.0,2,2,ksa esim card,1,"en-GB,en-US"
esim compatible phones samsung,42.7,1,2.0,2,2,esim compatible phones,0,"en-GB,en-US"
esim data plans for ipad,42.7,1,2.0,2,2,esim data plan,0,"en-GB,en-US"
esim deals uk,42.7,1,2.0,2,2,esim deals,0,"en-GB,en-US"
esim dubai tourist,42.7,1,2.0,2,2,esim dubai,1,"en-GB,en-US"
esim for android,42.7,1,2.0,2,2,esim for android,0,"en-GB,en-US"
esim for asia travel,42.7,1,2.0,2,2,esim for asia,1,"en-GB,en-US"
esim for austria,42.7,1,2.0,2,2,esim for austria,2,en-GB
esim for dubai from uk,42.7,1,2.0,2,2,esim for dubai,1,"en-GB,en-US"
esim for germany,42.7,1,2.0,2,2,esim for georgia,1,en-GB
esim for international travel from australia,42.7,1,2.0,2,2,esim for international travel,1,"en-GB,en-US"
esim for london uk,42.7,1,2.0,2,2,esim for london,0,"en-GB,en-US"
esim for paris reddit,42.7,1,2.0,2,2,esim for paris,0,"en-GB,en-US"
esim for romania,42.7,1,2.0,2,2,esim for rome,0,"en-GB,en-US"
esim for uae and saudi arabia,42.7,1,2.0,2,2,esim for uae,1,"en-GB,en-US"
esim germany,42.7,1,2.0,2,2,esim georgia,1,en-GB
esim hawaiian electric,42.7,1,2.0,2,2,esim hawaii,0,"en-GB,en-US"
esim hotspot device,42.7,1,2.0,2,2,esim hot spot,0,"en-GB,en-US"
esim korea tourist,42.7,1,2.0,2,2,esim korea,1,"en-GB,en-US"
esim london uk,42.7,1,2.0,2,2,esim london,0,"en-GB,en-US"
esim mainland china,42.7,1,2.0,2,2,esim manila,1,"en-GB,en-US"
esim marrakesh,42.7,1,2.0,2,2,esim marrakech,0,"en-GB,en-US"
esim nz,42.7,1,2.0,2,2,esim nz,1,"en-GB,en-US"
esim plans australia,42.7,1,2.0,2,2,esim plans,0,"en-GB,en-US"
esim romania,42.7,1,2.0,2,2,esim rome,0,"en-GB,en-US"
esim speed comparison,42.7,1,2.0,2,2,esim speed,0,"en-GB,en-US"
esim sydney airport,42.7,1,2.0,2,2,esim sydney,0,"en-GB,en-US"
esim tontouta,42.7,1,2.0,2,2,esim toronto,0,"en-GB,en-US"
esim turkiye,42.7,1,2.0,2,2,esim turkiye,1,en-GB
esim uae tourist,42.7,1,2.0,2,2,esim uae,1,"en-GB,en-US"
esim usa reddit,42.7,1,2.0,2,2,usa esim reddit,2,"en-GB,en-US"
esim usa user reviews,42.7,1,2.0,2,1,esim for usa review,2,"en-GB,en-US"
esim vietnam,42.7,1,2.0,2,2,esim vienna,0,"en-GB,en-US"
esim vs pocket wifi,42.7,1,2.0,2,2,esim vs pocket wifi,0,"en-GB,en-US"
esim what is it,42.7,1,2.0,2,2,esim rio de janeiro,0,"en-GB,en-US"
esim with phone number usa,42.7,1,2.0,2,2,esim with phone number,0,"en-GB,en-US"
esims for saudi arabia,42.7,1,2.0,2,2,best esim for saudi arabia,1,en-GB
esm berlin,42.7,1,2.0,2,2,esim berlin,0,"en-GB,en-US"
esm discount code,42.7,1,2.0,2,2,esim discount code,0,"en-GB,en-US"
esm lisbon 2025,42.7,1,2.0,2,2,esim lisbon,0,"en-GB,en-US"
esm miami,42.7,1,2.0,2,2,esim miami,0,"en-GB,en-US"
france data sim card for tourist,42.7,1,2.0,2,2,france sim card for tourists,1,"en-GB,en-US"
france sim card,42.7,1,2.0,2,2,france esim card,1,"en-GB,en-US"
georgia simmons,42.7,1,2.0,2,2,georgia esim,1,en-GB
holafly esim italia,42.7,1,2.0,2,2,holafly esim italy,1,"en-GB,en-US"
holafly esim review,42.7,1,2.0,2,2,holafly esim,0,"en-GB,en-US"
how does esim work in india for a us citizen,42.7,1,2.0,2,2,does esim work in india,1,"en-GB,en-US"
how much does a esim cost for italy & greece,42.7,1,2.0,2,2,esim for italy and greece,2,"en-GB,en-US"
how to activate esim on iphone,42.7,1,2.0,2,2,how to activate esim,0,"en-GB,en-US"
how to get a sim card in india for tourists,42.7,1,2.0,2,2,india sim card for tourists,1,"en-GB,en-US"
india sim card,42.7,1,2.0,2,2,india esim card,1,"en-GB,en-US"
is airalo good for data,42.7,1,2.0,2,2,is airalo good,0,"en-GB,en-US"
is daily goodie box a scam,42.7,1,2.0,2,2,is saily good,0,"en-GB,en-US"
is holafly good in japan,42.7,1,2.0,2,2,is holafly good,0,"en-GB,en-US"
is omad good for weight loss,42.7,1,2.0,2,2,is nomad good,0,"en-GB,en-US"
is ubigi good,42.7,1,2.0,2,2,is ubigi good,0,"en-GB,en-US"
israel prepaid sim card for tourists,42.7,1,2.0,2,2,israel sim card for tourists,1,"en-GB,en-US"
israel sim card,42.7,1,2.0,2,2,israel esim card,1,"en-GB,en-US"
istanbul e sim,42.7,1,2.0,2,2,istanbul esim,1,"en-GB,en-US"
italy sim card,42.7,1,2.0,2,2,italy esim card,1,"en-GB,en-US"
japan esim card for tourist,42.7,1,2.0,2,2,japan esim card,1,"en-GB,en-US"
japan sim card for tourist haneda airport,42.7,1,2.0,2,2,japan sim card for tourists,1,"en-GB,en-US"
japan wireless esim reddit,42.7,1,2.0,2,2,japan esim reddit,1,"en-GB,en-US"
korea sim card,42.7,1,2.0,2,2,korea esim card,1,"en-GB,en-US"
macao esim,42.7,1,2.0,2,2,macao esim,1,en-GB
manila simbahan,42.7,1,2.0,2,2,manila esim,1,"en-GB,en-US"
nomad america costa rica,42.7,1,2.0,2,2,nomad esim costa rica,1,"en-GB,en-US"
pay as you go esim uk no contract,42.7,1,2.0,2,2,esim no contract,0,"en-GB,en-US"
prague simulator,42.7,1,2.0,2,2,prague esim,1,"en-GB,en-US"
riyadh eim,42.7,1,2.0,2,2,riyadh esim,1,"en-GB,en-US"
saily esim data plans,42.7,1,2.0,2,2,saily esim plan,0,"en-GB,en-US"
saily esim philippines review,42.7,1,2.0,2,2,saily esim philippines,1,"en-GB,en-US"
saily esim review,42.7,1,2.0,2,2,saily esim,0,"en-GB,en-US"
seoul sims 4,42.7,1,2.0,2,2,seoul esim,1,"en-GB,en-US"
sim card for philippines travel,42.7,1,2.0,2,1,philippines sim card for tourists,1,"en-GB,en-US"
simify esim bali review,42.7,1,2.0,2,2,esim for bali review,1,"en-GB,en-US"
switzerland data sim card for tourist,42.7,1,2.0,2,2,switzerland sim card for tourists,1,"en-GB,en-US"
switzerland sim card,42.7,1,2.0,2,2,switzerland esim card,1,"en-GB,en-US"
taipei simple mart,42.7,1,2.0,2,2,taipei esim,1,"en-GB,en-US"
thailand sim card for tourist agoda,42.7,1,2.0,2,2,thailand sim card for tourists,1,"en-GB,en-US"
three uk esim review,42.7,1,2.0,2,2,esim for uk review,1,"en-GB,en-US"
top up esim,42.7,1,2.0,2,2,esim top up,0,"en-GB,en-US"
turkiye resim,42.7,1,2.0,2,2,turkiye esim,1,en-US
uk esim card,42.7,1,2.0,2,2,uk esim card,1,"en-GB,en-US"
uk prepaid sim card for tourist,42.7,1,2.0,2,2,uk sim card for tourists,1,"en-GB,en-US"
united arab emirates immigration,42.7,1,2.0,2,2,united arab emirates esim,1,en-US
us esim with phone number,42.7,1,2.0,2,2,us esim,1,"en-GB,en-US"
usa e sim card tourist,42.7,1,2.0,2,2,usa esim card,2,"en-GB,en-US"
vodafone egypt sim card for tourist,42.7,1,2.0,2,2,egypt sim card for tourists,1,"en-GB,en-US"
what is an esim card,42.7,1,2.0,2,2,what is an esim,0,"en-GB,en-US"
esim for use in australia,42.5,5,4,3,1,do i need an esim for australia,3,"en-GB,en-US"
best esim for travel to italy,42.3,14,6.0,2,2,how to get an esim for italy,5,"en-GB,en-US"
best esim for korea and japan,42.3,9,6.0,4,2,best esim for korea,4,"en-GB,en-US"
qatar sim card for tourist,42.3,4,4.5,4,1,qatar sim card for tourists,2,"en-GB,en-US"
singapore cheapest travel esim japan,42.3,4,4.5,4,2,cheapest esim japan,2,"en-GB,en-US"
buy esim for russia,42.2,23,11,5,1,do i need an esim for czech republic,7,"en-GB,en-US"
esim for vietnam and cambodia,42.2,13,5.0,1,3,viet nam esim 2026,4,"en-GB,en-US"
best esim for bali for australians,42.2,8,5.0,3,3,best esim for bali 2026,1,"en-GB,en-US"
esim for south pacific,42.2,8,5.0,3,2,fiji esim coverage map,4,"en-GB,en-US"
esim in new zealand,42.2,8,5.0,3,1,alosim esim new zealand,7,"en-GB,en-US"
korea esim with phone number,42.2,8,5,3,2,korea esim,2,"en-GB,en-US"
south africa sim card for tourist,42.2,8,6.5,5,1,croatia sim card for tourists,8,"en-GB,en-US"
esim canada plans,42.2,3,3.5,3,2,canada esim plans,2,"en-GB,en-US"
esim for malaysia,42.2,3,3.5,3,2,esim for manila,2,"en-GB,en-US"
taiwan esim unlimited data,42.0,27,13.0,6,1,taiwan esim unlimited,17,"en-GB,en-US"
best esim for worldwide use,42.0,22,10.0,4,2,esim for colombia review,16,"en-GB,en-US"
esim card for italy,42.0,12,7,4,3,esim coverage in italy,3,"en-GB,en-US"
how to purchase an esim for japan,42.0,12,7,4,2,how to get an esim for fiji,3,"en-GB,en-US"
esim for usa travel,42.0,7,5.5,4,2,esim for usa,4,"en-GB,en-US"
what is airalo esim,42.0,7,4.0,2,3,airalo esim hong kong,9,"en-GB,en-US"
esim philippines smart,42.0,2,4.0,4,3,esim philippines,1,"en-GB,en-US"
esim usa prepaid plans,42.0,2,2.5,2,2,esim usa price,2,"en-GB,en-US"
how to get an esim for uk,42.0,2,2.5,2,2,how to get an esim for peru,3,en-US
nomad esim taiwan,42.0,2,2.5,2,2,nomad esim thailand,2,en-GB
saily esim taiwan,42.0,2,2.5,2,2,saily esim thailand,2,en-GB
ubigi esim asia,42.0,2,2.5,2,2,ubigi esim india,2,en-GB
best esim for ireland reddit,41.8,11,6,3,1,esim ireland reddit,6,"en-GB,en-US"
holafly esim south america,41.8,6,6.0,5,2,holafly esim costa rica,8,"en-GB,en-US"
australia sim card for tourist,41.7,5,5,4,1,australia sim card for tourists,5,"en-GB,en-US"
best esim for manila and boracay 15 days,41.7,5,5,4,1,best esim for manila,2,"en-GB,en-US"
esim for usa and mexico,41.5,34,11.5,1,2,esim for osaka,9,"en-GB,en-US"
cheap esim for thailand,41.5,24,10,3,1,cheapest esim for bangkok,11,"en-GB,en-US"
best esim for latin america,41.5,14,7,3,1,best esim for argentina 2026,7,"en-GB,en-US"
how esim works in the philippines,41.5,14,7.0,3,3,esim coverage in philippines,9,"en-GB,en-US"
best esim for bali from nz,41.5,4,4,3,2,nz esim best,2,"en-GB,en-US"
best esim for spain reddit,41.5,4,4,3,1,esim spain reddit,1,"en-GB,en-US"
turkey esim ban,41.5,4,4,3,1,turkey esim best,2,"en-GB,en-US"
esim bali unlimited data,41.3,18,9.0,4,1,unlimited data esim indonesia,12,"en-GB,en-US"
best esim for uk,41.3,8,6.0,4,1,best esim for uk 2026,4,"en-GB,en-US"
cheapest esim in australia,41.3,8,9,8,3,cheapest esim china,9,"en-GB,en-US"
sim card in germany for tourist,41.3,8,6,4,2,germany sim card for tourists,9,"en-GB,en-US"
airalo esim malaysia,41.3,3,3,2,1,airalo esim macao,3,en-US
airalo esim portugal,41.3,3,3,2,1,airalo esim peru,2,en-US
alosim esim activation,41.3,3,3.0,2,2,alosim esim uk,3,"en-GB,en-US"
cheap esim mobile phone,41.3,3,3,2,2,cheap esim mexico,3,en-US
esim for travel to philippines,41.3,3,3,2,3,how to get an esim for philippines,2,en-US
the best esim for japan,41.3,3,3,2,2,esim for fiji review,4,en-US
the best esim for thailand,41.3,3,3,2,1,esim for bangkok review,3,en-GB
best esim to use in mexico,41.2,7,5,3,1,is esim available in mexico,3,en-US
hong kong sim card for tourist,41.2,7,6.5,5,1,hong kong sim card for tourists,6,"en-GB,en-US"
nomad esim for china,41.2,7,5,3,1,nomad esim hong kong,9,en-GB
what is best esim for brazil,41.2,2,3.5,3,3,best esim for brazil,1,"en-GB,en-US"
what is the best esim in iceland,41.2,2,3.5,3,3,best esim for iceland,1,"en-GB,en-US"
buy esim for korea,41.0,31,10.0,0,5,esim south korea price,6,"en-GB,en-US"
buy esim for south korea,41.0,31,10,0,5,does esim work in south korea,6,"en-GB,en-US"
esim nigeria unlimited data,41.0,26,10,2,1,unlimited data esim kenya,19,"en-GB,en-US"
buy esim for france,41.0,16,10,6,1,does esim work in france,4,"en-GB,en-US"
france esim with phone number,41.0,11,7,4,2,france esim,1,"en-GB,en-US"
how to get esim in china,41.0,11,7.0,4,3,how to get an esim for china,8,"en-GB,en-US"
esim for indonesia from australia,41.0,6,5.5,4,2,esim for indonesia,2,"en-GB,en-US"
holafly esim china review,41.0,6,4.0,2,2,holafly esim hong kong,7,"en-GB,en-US"
best sim card for greece,41.0,1,2.5,2,2,greece sim card for tourists,1,"en-GB,en-US"
best sim card in australia for tourist,41.0,1,2.5,2,2,australia sim card for tourists,2,"en-GB,en-US"
best sim card malaysia for tourist,41.0,1,2.5,2,2,malaysia sim card for tourists,1,"en-GB,en-US"
buy airalo esim france,41.0,1,2.5,2,2,airalo esim france,1,"en-GB,en-US"
cancun es municipio de quintana roo,41.0,1,2.5,2,2,cancun esim,1,"en-GB,en-US"
esim australia reviews,41.0,1,2.5,2,2,esim for australia review,2,"en-GB,en-US"
esim for iphone 12,41.0,1,2.5,2,2,esim for iphone,0,"en-GB,en-US"
esim reviews usa,41.0,1,2.5,2,2,esim for usa review,2,"en-GB,en-US"
holafly esim brasilien,41.0,1,2.5,2,2,holafly esim brazil,1,"en-GB,en-US"
holland simmons,41.0,1,2.5,2,2,holland esim,1,"en-GB,en-US"
iceland sim card airport,41.0,1,2.5,2,2,iceland esim card,1,"en-GB,en-US"
is holafly best value esim for usa,41.0,1,2.5,2,2,holafly esim usa,2,"en-GB,en-US"
klook esim japan review,41.0,1,2.5,2,2,esim for japan review,1,"en-GB,en-US"
nomad esim card,41.0,1,2.5,2,2,nomad esim,0,"en-GB,en-US"
nomad esim review,41.0,1,2.5,2,2,nomad esim,0,"en-GB,en-US"
saily esim ultra,41.0,1,2.5,2,2,saily esim uk,1,"en-GB,en-US"
sim card for korea,41.0,1,2.5,2,2,south korea sim card for tourists,2,"en-GB,en-US"
sim card for morocco,41.0,1,2.5,2,2,morocco sim card for tourists,1,"en-GB,en-US"
sim card in bali for tourist,41.0,1,2.5,2,2,indonesia sim card for tourists,1,"en-GB,en-US"
travel esim usa,41.0,1,2.5,2,2,travel esim,0,"en-GB,en-US"
esim for hong kong and japan,40.8,25,9.0,1,3,yesim esim hong kong,5,"en-GB,en-US"
taiwan esim for tourist,40.8,10,7.5,5,2,taipei esim coverage map,2,"en-GB,en-US"
best esim for istanbul,40.7,14,8,4,2,best esim for istanbul,4,"en-GB,en-US"
south korea esim with phone number,40.7,14,5,0,4,esim for south korea,2,"en-GB,en-US"
australia esim card for tourist,40.7,4,5.0,4,1,australia esim card,3,"en-GB,en-US"
esim japan and korea,40.7,4,3.5,2,3,alosim esim south korea,2,en-US
buy esim hong kong,40.3,27,9,0,4,esim hong kong 10gb,2,"en-GB,en-US"
best esim card for egypt,40.3,12,6.0,2,3,best esim for egypt 2026,1,"en-GB,en-US"
best esim for philippines,40.3,7,6,4,1,best esim for manila 2026,5,"en-GB,en-US"
egypt sim card for tourist,40.3,7,6.0,4,1,egypt sim card for tourists,6,"en-GB,en-US"
esim in south korea,40.3,7,6,4,1,alosim esim south korea,3,"en-GB,en-US"
airalo esim card canada,40.3,2,3,2,3,airalo esim canada,1,"en-GB,en-US"
airalo esim card costa rica,40.3,2,3,2,3,airalo esim costa rica,1,"en-GB,en-US"
airalo esim card portugal,40.3,2,3,2,3,airalo esim portugal,1,"en-GB,en-US"
airalo esim japan how to activate,40.3,2,3,2,3,airalo esim japan,2,"en-GB,en-US"
airalo india esim review,40.3,2,3,2,2,esim for india review,1,"en-GB,en-US"
australia and new zealand esim,40.3,2,3,2,3,best esim for new zealand and australia,3,"en-GB,en-US"
australian esim cards for travellers,40.3,2,3,2,3,australia esim card,3,"en-GB,en-US"
bali esim unlimited data,40.3,2,3.0,2,1,bali esim unlimited,1,"en-GB,en-US"
best esim for zimbabwe,40.3,2,3.0,2,2,best esim for nz,2,"en-GB,en-US"
canada sim card for tourist,40.3,2,3.0,2,2,canada sim card for tourists,1,"en-GB,en-US"
cheapest esim europe 30 days,40.3,2,3,2,3,cheapest esim colombia,2,en-US
cheapest esim for india from uk,40.3,2,3.0,2,1,cheapest esim for india,1,"en-GB,en-US"
e sim for kenya,40.3,2,3,2,3,esim kenya vs sim,1,"en-GB,en-US"
esim card for australia and new zealand,40.3,2,3,2,3,esim for australia and new zealand,3,"en-GB,en-US"
esim for iphone 11,40.3,2,3,2,2,esim for iphone,1,"en-GB,en-US"
esim for london travel,40.3,2,3,2,3,esim for london,0,"en-GB,en-US"
esim for morocco,40.3,2,3,2,3,esim for macao,1,en-US
esim for qatar and europe,40.3,2,4.5,4,2,esim for qatar,1,"en-GB,en-US"
esim uae etisalat,40.3,2,3,2,3,esim uae,1,"en-GB,en-US"
esim usa canada,40.3,2,3,2,3,esim for canada and usa,3,"en-GB,en-US"
holafly esim taiwan,40.3,2,3.0,2,3,holafly esim japan,2,en-GB
israel esim card,40.3,2,4.5,4,3,israel esim,1,"en-GB,en-US"
korea esim unlimited data,40.3,2,3.0,2,1,korea esim unlimited,1,"en-GB,en-US"
mexico esim card,40.3,2,4.5,4,2,mexico esim,1,"en-GB,en-US"
saily esim europe,40.3,2,3,2,1,saily esim colombia,1,"en-GB,en-US"
saily esim pricing plans,40.3,2,3,2,3,saily esim plan,1,"en-GB,en-US"
sri lanka sim card for tourists,40.3,2,3.0,2,1,kenya sim card for tourists,2,"en-GB,en-US"
travel sim card south africa,40.3,2,3,2,2,south africa sim card for tourists,3,"en-GB,en-US"
uae esim unlimited data,40.3,2,3.0,2,1,uae esim unlimited,1,"en-GB,en-US"
uae sim card price,40.3,2,3,2,3,uae esim card,2,"en-GB,en-US"
unlimited data esim usa,40.3,2,3.0,2,3,unlimited data esim peru,2,en-US
what is esim australia,40.3,2,3.0,2,3,does esim work in australia,2,en-US
best esim for usa and canada,40.2,6,5.0,3,2,best esim for canada 2026,5,"en-GB,en-US"
best esim to use in philippines,40.2,6,5,3,1,does esim work in philippines,2,"en-GB,en-US"
airalo esim free trial,40.2,1,2,1,2,airalo esim france,1,en-GB
airalo esim promo code,40.2,1,2,1,2,airalo esim peru,1,en-US
alosim coupon,40.2,1,2,1,2,is alosim good,0,en-US
australia sim plans,40.2,1,2,1,2,australia esim plans,2,en-US
australian esims for europe,40.2,1,2,1,2,australia esim best,2,en-US
available esim in australia,40.2,1,2,1,2,is esim available in australia,2,en-US
best esim,40.2,1,2,1,2,best esim,0,en-US
best esim for holiday in usa,40.2,1,2,1,2,best esim for holland,1,en-US
best esim in europe,40.2,1,2,1,2,czech republic esim best,1,en-US
best esim japan reddit,40.2,1,2,1,2,esim japan reddit,1,en-US
best esim mexico reddit,40.2,1,2,1,2,esim mexico reddit,1,en-US
best esim plan for japan,40.2,1,2,1,2,japan esim plans,1,en-US
best esim plans for italy,40.2,1,2,1,2,italy esim plans,1,en-US
best esim to use in australia,40.2,1,2,1,2,does esim work in australia,2,en-GB
best esim to use in egypt,40.2,1,2,1,2,does esim work in egypt,1,en-GB
best sim card for ireland,40.2,1,2,1,2,ireland sim card for tourists,1,en-GB
best sim card for philippines,40.2,1,2,1,2,philippines sim card for tourists,1,en-GB
best sim card in netherlands,40.2,1,2,1,2,netherlands sim card for tourists,1,en-US
best travel sim card for south africa,40.2,1,2,1,2,south africa sim card for tourists,2,en-GB
buy airalo esim india,40.2,1,2,1,2,airalo esim india,1,en-US
buy airalo esim spain,40.2,1,2,1,2,airalo esim spain,1,en-US
cape town eisteddfod,40.2,1,2,1,2,cape town esim,1,en-US
cheap esim indonesia,40.2,1,2,1,2,cheap esim india,1,en-US
cheap sim ireland,40.2,1,2,1,2,cheap esim ireland,1,en-US
cheapest esim for uk,40.2,1,2,1,2,cheapest esim for uae,1,en-US
china esim buy,40.2,1,2,1,2,china esim best,1,en-US
china sim price,40.2,1,2,1,2,china esim price,1,en-US
czech republic same as czechoslovakia,40.2,1,2,1,2,czech republic esim,1,en-US
do i need an esim for norway,40.2,1,2,1,2,do i need an esim for nz,1,en-US
e sim for us and canada,40.2,1,2,1,2,esim for usa and canada,3,en-GB
esim andorra movistar,40.2,1,2,1,2,esim orlando,0,en-US
esim ausland wie funktioniert das,40.2,1,2,1,2,esim auckland,0,en-US
esim cannot be added code no longer valid,40.2,1,2,1,2,esim cancun,1,en-US
esim card for use in philippines,40.2,1,2,1,2,esim coverage in philippines,1,en-US
esim card new zealand,40.2,1,2,1,2,cape town esim card,1,en-US
esim caribbean,40.2,1,2,1,2,esim cairo,0,en-US
esim cheap germany,40.2,1,2,1,2,cheap esim germany,1,en-US
esim china iphone xs,40.2,1,2,1,2,esim china for iphone,1,en-US
esim for andorra,40.2,1,2,1,2,esim for orlando,0,en-US
esim for cancun,40.2,1,2,1,2,esim cancun,1,en-GB
esim for cruise,40.2,1,2,1,2,esim for cruise,0,en-US
esim for cruises,40.2,1,2,1,2,esim for cruise,0,en-GB
esim for haiti,40.2,1,2,1,2,esim for hanoi,0,en-US
esim for honduras,40.2,1,2,1,2,esim for holland,1,en-US
esim for italy,40.2,1,2,1,2,is esim worth it,0,en-GB
esim for jamaica,40.2,1,2,1,2,esim for hawaii,0,en-GB
esim for kazakhstan,40.2,1,2,1,2,esim for ksa,1,en-US
esim for marrakesh,40.2,1,2,1,2,esim for marrakech,0,en-US
esim for poland,40.2,1,2,1,2,esim for holland,1,en-GB
esim for toronto,40.2,1,2,1,2,esim for tokyo,0,en-US
esim honor,40.2,1,2,1,2,esim hanoi,0,en-US
esim iphone usa,40.2,1,2,1,2,esim usa for iphone,2,en-US
esim nairobi,40.2,1,2,1,2,esim cairo,0,en-GB
esim to korea,40.2,1,2,1,2,esim tokyo,0,en-GB
esim uk,40.2,1,2,1,2,esim,0,en-GB
esim us,40.2,1,2,1,2,esim us,1,en-US
esim usa coverage,40.2,1,2,1,2,esim coverage in usa,2,en-US
esm new york,40.2,1,2,1,2,esim new york,0,en-GB
etisalat esim qr code,40.2,1,2,1,2,qatar esim coverage map,1,en-US
german sim card,40.2,1,2,1,2,germany esim card,1,en-GB
get a ireland esim for calls,40.2,1,2,1,2,how to get an esim for ireland,1,en-US
holafly esim brasil,40.2,1,2,1,2,holafly esim brazil,1,en-US
holafly esim egitto,40.2,1,2,1,2,holafly esim egypt,1,en-GB
holafly esim germany,40.2,1,2,1,2,holafly esim georgia,1,en-GB
holafly esim purchase,40.2,1,2,1,2,holafly esim peru,1,en-US
holafly esim speed,40.2,1,2,1,2,holafly esim spain,1,en-US
holafly sim france,40.2,1,2,1,2,holafly esim france,1,en-US
holafly sim usa,40.2,1,2,1,2,holafly esim usa,2,en-GB
how to get an esim in canada,40.2,1,2,1,2,how to get an esim for canada,1,en-US
how to get an esim in singapore,40.2,1,2,1,2,how to get an esim for singapore,1,en-US
how to get vodafone esim for iphone in india,40.2,1,2,1,2,esim india for iphone,1,en-US
how to install esim,40.2,1,2,1,2,how to install esim,0,en-US
iceland sim card,40.2,1,2,1,2,iceland esim card,1,en-US
india sim plans,40.2,1,2,1,2,india esim plans,1,en-US
iphone 17 esim hong kong,40.2,1,2,1,2,esim hong kong for iphone,1,en-US
iphone 17 pro esim uk,40.2,1,2,1,2,esim uk for iphone,1,en-US
ireland esim,40.2,1,2,1,2,holland esim,1,en-GB
ireland sim card,40.2,1,2,1,2,ireland esim card,1,en-US
is esim good,40.2,1,2,1,2,is yesim good,0,en-GB
is iphone 14 esim compatible australia,40.2,1,2,1,2,esim australia for iphone,2,en-US
is iphone 17 in canada esim only,40.2,1,2,1,2,esim canada for iphone,1,en-US
is rain good,40.2,1,2,1,2,is roami good,0,en-GB
japan esim network,40.2,1,2,1,2,japan esim best,1,en-US
jetpac global,40.2,1,2,1,2,is jetpac good,0,en-US
klook esim promo code,40.2,1,2,1,2,esim promo code,0,en-US
korea esim tourist,40.2,1,2,1,2,korea esim best,1,en-US
nomad esim egypt,40.2,1,2,1,2,nomad esim colombia,1,en-US
nomad esim free trial,40.2,1,2,1,2,nomad esim france,1,en-GB
nz esim,40.2,1,2,1,2,nz esim,1,en-US
philippines sim card for tourist price,40.2,1,2,1,2,philippines sim card for tourists,1,en-US
portugal sim card,40.2,1,2,1,2,portugal esim card,1,en-US
roman gods,40.2,1,2,1,2,is roami good,0,en-US
saily esim iceland,40.2,1,2,1,2,saily esim ireland,1,en-US
saily esim is ok in uk,40.2,1,2,1,2,saily esim israel,1,en-US
san jose costa rica embassy,40.2,1,2,1,2,san jose costa rica esim,1,en-US
sim card for ireland,40.2,1,2,1,2,ireland sim card for tourists,1,en-US
sim card for portugal,40.2,1,2,1,2,portugal sim card for tourists,1,en-US
sim card for singapore tourist,40.2,1,2,1,2,singapore sim card for tourists,1,en-GB
sim card in portugal,40.2,1,2,1,2,portugal sim card for tourists,1,en-GB
sim card in singapore for tourist,40.2,1,2,1,2,singapore sim card for tourists,1,en-US
singapore sim card,40.2,1,2,1,2,singapore esim card,1,en-US
turkcell tourist sim card,40.2,1,2,1,2,turkiye sim card for tourists,1,en-US
turkey sim card,40.2,1,2,1,2,turkey esim card,1,en-GB
ubigi esim taiwan,40.2,1,2,1,2,ubigi esim thailand,1,en-GB
uk esim prepaid,40.2,1,2,1,2,uk esim price,1,en-US
uk esim travel,40.2,1,2,1,2,uk esim best,1,en-US
uk sim plans,40.2,1,2,1,2,uk esim plans,1,en-US
unlimited data sim south africa,40.2,1,2,1,2,unlimited data esim south africa,2,en-US
unlimited data sim uk,40.2,1,2,1,2,unlimited data esim uk,1,en-US
unlimited data sim usa,40.2,1,2,1,2,unlimited data esim usa,2,en-US
us esim plans,40.2,1,2,1,2,usa esim plans,2,en-US
what is esim uk,40.2,1,2,1,2,does esim work in ireland,1,en-GB
what is the best esim for greece,40.2,1,2,1,2,best esim for greece and turkey,2,en-US
where to get esim philippines,40.2,1,2,1,2,how to get an esim for philippines,1,en-US
yesim esim kuba erfahrungen,40.2,1,2,1,2,yesim esim uk,1,en-GB
unlimited data travel esim,40.0,68,15.0,0,8,cape town esim unlimited data,52,"en-GB,en-US"
unlimited data esim south africa,40.0,43,16.0,0,13,nz esim unlimited data,33,en-US
how to use esim overseas,40.0,30,10,0,4,how to get an esim for croatia,14,"en-GB,en-US"
diferencia entre sim y esim,40.0,5,4,2,1,esim argentina vs sim,5,en-US
esim for use in india,40.0,5,4,2,1,do i need an esim for india,5,"en-GB,en-US"
esim card for travel to egypt,39.8,9,6,3,2,egypt esim coverage map,1,"en-GB,en-US"
european esim card for iphone,39.8,9,6,3,3,esim belgium for iphone,10,en-US
spain sim card for tourist,39.8,9,7.5,5,1,spain sim card for tourists,8,"en-GB,en-US"
switzerland esim plans,39.8,4,6,5,1,switzerland esim price,1,"en-GB,en-US"
what's the difference between sim and esim,39.7,23,8,0,6,esim germany vs sim,25,en-US
holafly esim for usa,39.7,8,8,6,1,holafly esim united arab emirates,10,"en-GB,en-US"
new zealand esim with phone number,39.7,8,6.5,4,2,new zealand esim,2,"en-GB,en-US"
alosim esim benefits,39.7,3,3.5,2,3,alosim esim,3,"en-GB,en-US"
best esim for england and scotland,39.7,3,3.5,2,2,best esim for england,1,"en-GB,en-US"
do i need an esim for turkey,39.7,3,3.5,2,2,do i need an esim for egypt,3,"en-GB,en-US"
esim germany unlimited europe,39.7,3,5.0,4,2,germany esim unlimited,2,"en-GB,en-US"
esim netherlands prepaid,39.7,3,5.0,4,2,esim netherlands,1,"en-GB,en-US"
holafly esim installation,39.7,3,3.5,2,1,holafly esim israel,3,"en-GB,en-US"
holafly esim kanada,39.7,3,3.5,2,2,holafly esim canada,3,"en-GB,en-US"
netherlands esim with phone number,39.7,3,5.0,4,2,netherlands esim,1,"en-GB,en-US"
new zealand esim tourist,39.7,3,5,4,3,new zealand esim,1,"en-GB,en-US"
nomad esim kanada,39.7,3,3.5,2,1,nomad esim kenya,3,"en-GB,en-US"
south korea esim card for foreigners,39.7,3,5.0,4,3,south korea esim,2,"en-GB,en-US"
what's the best esim for vietnam,39.5,12,7,3,3,best esim for viet nam 2026,4,"en-GB,en-US"
nomad esim customer service,39.5,7,5.5,3,3,nomad esim saudi arabia,9,"en-GB,en-US"
do i need an esim for new zealand,39.5,2,2.5,1,1,do i need an esim for nz,2,en-US
does esim work in south africa,39.5,2,2.5,1,1,does esim work in usa,3,en-US
esim price philippines,39.5,2,2.5,1,1,esim philippines price,1,"en-GB,en-US"
nomad esim malaysia,39.5,2,2.5,1,1,nomad esim macao,2,en-US
esim for india from uk,39.3,6,6,4,2,esim for india,1,"en-GB,en-US"
airalo esim card egypt,39.3,1,3.0,2,3,airalo esim egypt,1,"en-GB,en-US"
airalo esim card for new zealand,39.3,1,3.0,2,3,airalo esim new zealand,1,"en-GB,en-US"
airalo esim card italy,39.3,1,3.0,2,3,airalo esim italy,1,"en-GB,en-US"
airalo esim card malaysia,39.3,1,3.0,2,3,airalo esim malaysia,1,"en-GB,en-US"
airalo esim card south africa,39.3,1,3.0,2,3,airalo esim south africa,2,"en-GB,en-US"
airalo esim card vietnam,39.3,1,3.0,2,3,airalo esim vietnam,1,"en-GB,en-US"
airalo esim china hotspot,39.3,1,3.0,2,3,airalo esim china,1,"en-GB,en-US"
argentina etimologia,39.3,1,3.0,2,3,argentina esim,1,en-US
austria sim card,39.3,1,3.0,2,3,austria esim card,2,"en-GB,en-US"
bali esim card,39.3,1,3.0,2,3,bali esim,1,"en-GB,en-US"
bali sim card where to buy,39.3,1,3.0,2,3,bali esim card,1,"en-GB,en-US"
best e sims for south korea,39.3,1,3.0,2,3,best esim for south korea,2,en-GB
best egypt sim card for tourist,39.3,1,3.0,2,3,egypt sim card for tourists,1,"en-GB,en-US"
best esim for sri lanka,39.3,1,3.0,2,3,esim for india and sri lanka,1,"en-GB,en-US"
best new zealand sim card for tourist,39.3,1,3.0,2,3,new zealand sim card for tourists,1,"en-GB,en-US"
best uk prepaid sim card for tourist,39.3,1,3.0,2,3,uk sim card for tourists,1,"en-GB,en-US"
buy airalo esim australia,39.3,1,3.0,2,3,airalo esim australia,2,"en-GB,en-US"
canada data sim card for tourist,39.3,1,3.0,2,3,canada sim card for tourists,1,"en-GB,en-US"
canada sim card,39.3,1,3.0,2,3,canada esim card,1,"en-GB,en-US"
cape town 10s 2026,39.3,1,3.0,2,3,best esim for cape town 2026,1,"en-GB,en-US"
cheapest esim phone,39.3,1,3.0,2,3,cheapest esim,0,"en-GB,en-US"
cheapest esim provider,39.3,1,3.0,2,3,cheapest esim peru,1,en-US
cheapest esims with phone number,39.3,1,3.0,2,3,cheapest esim usa,2,en-US
cheapest sim australia,39.3,1,3.0,2,3,cheapest esim austria,2,en-US
china sim card,39.3,1,3.0,2,3,china esim card,1,"en-GB,en-US"
czechia symbols and flags,39.3,1,3.0,2,3,czechia esim,1,en-US
dubai esim card,39.3,1,3.0,2,3,dubai esim,1,"en-GB,en-US"
england esims for tourists travelling,39.3,1,3.0,2,3,england esim,1,"en-GB,en-US"
esim adapter for android,39.3,1,3.0,2,3,esim for android,0,"en-GB,en-US"
esim beeline,39.3,1,3.0,2,3,esim berlin,0,"en-GB,en-US"
esim card argentina,39.3,1,3.0,2,3,argentina esim card,1,"en-GB,en-US"
esim deals australia,39.3,1,3.0,2,3,esim deals,0,"en-GB,en-US"
esim dubai sept 2026,39.3,1,3.0,2,3,esim dubai,1,"en-GB,en-US"
esim fisica,39.3,1,3.0,2,3,esim fiji,1,en-GB
esim for asian countries,39.3,1,3.0,2,3,esim for asia,1,"en-GB,en-US"
esim for cruise ships at sea,39.3,1,3.0,2,3,esim for cruise,0,"en-GB,en-US"
esim for dubai at airport,39.3,1,3.0,2,3,esim for dubai,1,"en-GB,en-US"
esim for international travel at&t,39.3,1,3.0,2,3,esim for international travel,1,"en-GB,en-US"
esim for korea and thailand,39.3,1,3.0,2,3,esim for korea,1,"en-GB,en-US"
esim for travel to uk and france,39.3,1,3.0,2,3,esim for uk and france,2,"en-GB,en-US"
esim for zimbabwe,39.3,1,3.0,2,3,esim for nz,1,"en-GB,en-US"
esim greenland,39.3,1,3.0,2,3,esim greece,1,en-GB
esim hawaii 7 days,39.3,1,3.0,2,3,esim hawaii,0,"en-GB,en-US"
esim hotspot not working iphone,39.3,1,3.0,2,3,esim hot spot,0,"en-GB,en-US"
esim island,39.3,1,3.0,2,2,esim iceland,1,"en-GB,en-US"
esim kartica,39.3,1,3.0,2,3,esim ksa,1,"en-GB,en-US"
esim key features,39.3,1,3.0,2,3,esim kenya,1,en-GB
esim korea travel,39.3,1,3.0,2,3,esim korea,1,"en-GB,en-US"
esim mania,39.3,1,3.0,2,3,esim manila,1,"en-GB,en-US"
esim nz plans,39.3,1,3.0,2,3,esim nz,1,"en-GB,en-US"
esim plans canada,39.3,1,3.0,2,3,esim plans,0,"en-GB,en-US"
esim polinesia,39.3,1,3.0,2,3,esim poland,1,en-GB
esim roemenie,39.3,1,3.0,2,3,esim rome,0,"en-GB,en-US"
esim speed performance,39.3,1,3.0,2,3,esim speed,0,"en-GB,en-US"
esim uk no contract,39.3,1,3.0,2,3,esim no contract,0,"en-GB,en-US"
esim uk travel,39.3,1,3.0,2,2,esim uk,1,"en-GB,en-US"
esim vs pocket wifi japan reddit,39.3,1,3.0,2,3,esim vs pocket wifi,0,"en-GB,en-US"
esim vs sim pros and cons,39.3,1,3.0,2,3,esim vs sim,0,"en-GB,en-US"
esim work in india,39.3,1,3.0,2,3,does esim work in india,1,"en-GB,en-US"
esm melbourne,39.3,1,3.0,2,3,esim melbourne,0,"en-GB,en-US"
fiji is imagej,39.3,1,3.0,2,3,fiji esim,1,en-GB
georgia estimated tax payments 2026,39.3,1,3.0,2,2,georgia esim,1,"en-GB,en-US"
georgia simpson,39.3,1,3.0,2,3,georgia esim,1,en-GB
greece sim card,39.3,1,3.0,2,3,greece esim card,1,"en-GB,en-US"
holafly esim china reddit,39.3,1,3.0,2,3,holafly esim china,1,"en-GB,en-US"
holafly esim india,39.3,1,3.0,2,3,holafly esim spain,1,"en-GB,en-US"
hong kong sim card unlimited data,39.3,1,3.0,2,3,hong kong esim card,1,"en-GB,en-US"
how to activate esim on samsung,39.3,1,3.0,2,3,how to activate esim,0,"en-GB,en-US"
is airalo good for travel,39.3,1,3.0,2,3,is airalo good,0,"en-GB,en-US"
is daily goodie box real,39.3,1,3.0,2,3,is saily good,0,"en-GB,en-US"
is holafly good in usa,39.3,1,3.0,2,3,is holafly good,0,"en-GB,en-US"
istanbul resimleri,39.3,1,3.0,2,3,istanbul esim,1,"en-GB,en-US"
italy sim card for travellers,39.3,1,3.0,2,3,italy esim card,1,"en-GB,en-US"
japan esim card with phone number,39.3,1,3.0,2,3,japan esim card,1,"en-GB,en-US"
japan sim card for tourist narita airport,39.3,1,3.0,2,3,japan sim card for tourists,1,"en-GB,en-US"
ksa simple battery,39.3,1,3.0,2,3,ksa esim,1,"en-GB,en-US"
manilla simple cromada para polea gym,39.3,1,3.0,2,3,manila esim,1,"en-GB,en-US"
nz esim data only,39.3,1,3.0,2,3,nz esim,1,"en-GB,en-US"
praguesim,39.3,1,3.0,2,3,prague esim,1,"en-GB,en-US"
saily esim saudi arabia,39.3,1,3.0,2,3,saily esim usa,2,"en-GB,en-US"
sim card in france for tourists,39.3,1,3.0,2,3,france sim card for tourists,1,"en-GB,en-US"
sim card italy for tourist,39.3,1,3.0,2,3,italy sim card for tourists,1,"en-GB,en-US"
sim in saudi arabia,39.3,1,3.0,2,3,saudi arabia sim card for tourists,1,"en-GB,en-US"
simba sim card singapore for tourists,39.3,1,3.0,2,3,singapore sim card for tourists,1,"en-GB,en-US"
spain sim card with phone number,39.3,1,3.0,2,3,spain esim card,1,"en-GB,en-US"
thailand sim card for tourist price,39.3,1,3.0,2,3,thailand sim card for tourists,1,"en-GB,en-US"
uk sim card,39.3,1,3.0,2,3,uk esim card,1,"en-GB,en-US"
united arab emirates images,39.3,1,3.0,2,3,united arab emirates esim,1,en-US
unlimited esim japan,39.3,1,3.0,2,3,unlimited esim,0,"en-GB,en-US"
us esim for tourists,39.3,1,3.0,2,3,us esim,1,"en-GB,en-US"
what is an esim and how does it work,39.3,1,3.0,2,3,what is an esim,0,"en-GB,en-US"
malaysia esim with number,39.0,14,7,2,1,malaysia esim coverage map,3,"en-GB,en-US"
mexico esim with phone number,39.0,9,4,0,4,does esim work in mexico,2,"en-GB,en-US"
best esim card for brazil,39.0,4,4.0,2,3,best esim for brazil,1,"en-GB,en-US"
best esim card for iceland,39.0,4,5.5,4,2,best esim for iceland,1,"en-GB,en-US"
esim for uk and europe,39.0,4,4,2,3,esim for uk,3,"en-GB,en-US"
esim for uk and ireland,39.0,4,4,2,3,esim for uk,1,"en-GB,en-US"
esim phone plans usa,39.0,4,4,2,3,georgia esim coverage map,4,"en-GB,en-US"
esim to use in australia,39.0,4,4,2,1,does esim work in austria,5,"en-GB,en-US"
esim for travel in europe,38.8,18,7.5,1,2,croatia esim coverage map,8,"en-GB,en-US"
esim data plan usa,38.8,13,9.0,5,1,usa esim coverage map,13,"en-GB,en-US"
best esim for eastern europe,38.7,32,11,0,5,best esim for czechia,17,"en-GB,en-US"
best rated esim for thailand,38.7,12,8.0,4,1,esim for bangkok review,3,"en-GB,en-US"
esim for turkey comparison,38.7,12,9.5,6,2,esim for turkiye,3,"en-GB,en-US"
esim for travel to europe,38.7,7,5,2,1,do i need an esim for croatia,4,"en-GB,en-US"
airalo esim netherlands,38.7,2,3.5,2,3,esim for netherlands,1,en-GB
bangkok sim card for tourist,38.7,2,3.5,2,2,bangkok esim card,1,"en-GB,en-US"
best esim for osaka,38.7,2,3.5,2,2,esim for osaka,0,"en-GB,en-US"
best esim for usa from canada,38.7,2,3.5,2,3,best esim for canada and usa,3,"en-GB,en-US"
cheapest esim mobile phone,38.7,2,3.5,2,3,cheapest esim macao,2,en-US
china esim unlimited data,38.7,2,5.0,4,1,china esim unlimited,1,"en-GB,en-US"
does a china esim work in hong kong,38.7,2,3.5,2,2,does esim work in hong kong,2,"en-GB,en-US"
esim for netherlands and uk,38.7,2,5.0,4,2,esim for netherlands,1,"en-GB,en-US"
holafly esim usa,38.7,2,3.5,2,2,holafly esim uk,1,"en-GB,en-US"
holafly vs airalo for southern italy esim,38.7,2,3.5,2,3,holafly esim italy,1,"en-GB,en-US"
iceland sim card cost,38.7,2,3.5,2,2,iceland sim card for tourists,1,"en-GB,en-US"
israel sim card for tourists,38.7,2,3.5,2,3,israel esim card,2,"en-GB,en-US"
portugal sim card with data,38.7,2,3.5,2,3,portugal sim card for tourists,1,"en-GB,en-US"
best esim card for portugal,38.5,6,4,1,3,portugal esim best,2,"en-GB,en-US"
esim for vietnam cambodia and thailand,38.3,15,9,4,2,esim for philippines and vietnam,4,"en-GB,en-US"
what is esim nz,38.3,15,7.5,2,3,esim for nz review,5,"en-GB,en-US"
best esim for tanzania,38.3,5,6,4,2,best esim for kenya 2026,3,"en-GB,en-US"
canada esim with phone number,38.3,5,6.0,4,3,canada esim,1,"en-GB,en-US"
cheapest esim for thailand,38.2,19,11,5,2,cheapest esim for fiji,13,"en-GB,en-US"
esim for singapore and vietnam,38.2,19,8,1,1,esim for philippines and vietnam,6,"en-GB,en-US"
cheapest esim in usa,38.2,9,5,1,3,cheapest esim czech republic,9,"en-GB,en-US"
free esim unlimited data,38.0,28,10,0,4,india esim unlimited data,28,"en-GB,en-US"
esim for the us,38.0,18,10,4,2,esim for georgia review,9,"en-GB,en-US"
best esim for marrakech,38.0,13,8.5,4,2,esim for marrakech,2,"en-GB,en-US"
does taiwan have esim,38.0,8,7.0,4,1,does esim work in taiwan,2,"en-GB,en-US"
best esim card for germany,38.0,3,4.0,2,3,germany esim best,1,"en-GB,en-US"
best esim for hawaii,38.0,3,4,2,2,esim for hawaii,0,"en-GB,en-US"
best esim for japan from australia,38.0,3,4,2,3,best esim for japan,3,"en-GB,en-US"
cheapest esim canada,38.0,3,4.0,2,1,cheapest esim cancun,2,"en-GB,en-US"
cheapest esim phone australia,38.0,3,4,2,3,cheapest esim for australia,2,"en-GB,en-US"
esim card for croatia,38.0,3,4.0,2,3,croatia esim card,1,"en-GB,en-US"
esim mexico iphone,38.0,3,4.0,2,1,esim mexico for iphone,1,"en-GB,en-US"
government esim for free,38.0,3,4,2,2,esim coverage in georgia,1,"en-GB,en-US"
italian sim card for tourists,38.0,3,4,2,2,argentina sim card for tourists,3,"en-GB,en-US"
japan esim tourist reddit,38.0,3,4.0,2,3,japan esim reddit,1,"en-GB,en-US"
south africa esim with phone number,38.0,3,5.5,4,3,south africa esim,2,"en-GB,en-US"
vietnam esim card,38.0,3,4.0,2,1,viet nam esim card,2,"en-GB,en-US"
best esim for iphone in japan,37.8,2,3.0,1,2,esim japan for iphone,2,en-US
best sim card in dubai for tourists,37.8,2,3.0,1,1,united arab emirates sim card for tourists,2,en-GB
cheap esim plan canada,37.8,2,3.0,1,2,cheap esim canada,2,en-US
cheapest esim for ghana,37.8,2,3.0,1,2,cheapest esim for georgia,2,en-US
does esim work in kenya,37.8,2,3.0,1,2,does esim work in uk,3,en-US
esim malaysia and singapore,37.8,2,3.0,1,1,esim malaysia vs sim,3,en-US
esim prices australia,37.8,2,3.0,1,1,esim australia price,2,"en-GB,en-US"
is esim available in south africa,37.8,2,3.0,1,2,is esim available in usa,3,en-US
jetpac esim thailand,37.8,2,3.0,1,1,jetpac esim taiwan,2,en-US
nomad esim egitto,37.8,2,3.0,1,2,nomad esim egypt,2,"en-GB,en-US"
saily esim england,37.8,2,3.0,1,2,saily esim ireland,2,"en-GB,en-US"
ubigi esim portugal,37.8,2,3.0,1,2,ubigi esim poland,2,en-US
what is the best esim for bali,37.8,2,3.0,1,2,cheapest esim for bali,1,en-GB
esim options for japan,37.7,16,8.0,2,2,japan esim coverage map,2,"en-GB,en-US"
best esim for mexico from canada,37.7,6,6.5,4,2,best esim for mexico,4,"en-GB,en-US"
netherlands sim card for tourist,37.7,6,5,2,1,belgium sim card for tourists,5,"en-GB,en-US"
esim india for foreigners,37.7,1,3.5,2,3,esim india,1,"en-GB,en-US"
esim india plans,37.7,1,3.5,2,3,esim india,1,"en-GB,en-US"
esim uk pay as you go,37.7,1,3.5,2,2,esim uk,1,"en-GB,en-US"
orange poland esim,37.7,1,3.5,2,3,esim for poland,1,"en-GB,en-US"
best esim for japan and hong kong,37.5,20,8.5,1,3,hong kong esim best,3,"en-GB,en-US"
best esim card for switzerland,37.5,5,4.0,1,2,switzerland esim best,2,"en-GB,en-US"
japan sim card for tourist,37.5,5,5.5,3,1,japan sim card for tourists,5,"en-GB,en-US"
esim for thailand and singapore,37.2,18,8,1,3,esim for singapore and indonesia,7,"en-GB,en-US"
esim with phone number vietnam,37.2,18,9.5,3,2,viet nam esim coverage map,2,"en-GB,en-US"
airalo esim card for poland,37.2,3,5.0,3,1,airalo esim poland,1,"en-GB,en-US"
esims for costa rica,37.2,3,5,3,1,esim for costa rica and panama,1,"en-GB,en-US"
macau sim card for tourist,37.2,3,5,3,1,macao sim card for tourists,1,"en-GB,en-US"
how to get esim in uae,37.0,37,13,0,7,is esim available in saudi arabia,9,"en-GB,en-US"
best esim for puerto rico,37.0,17,8.5,2,3,best esim for peru,3,"en-GB,en-US"
malaysia esim with phone number,37.0,12,7.0,2,3,is esim available in malaysia,2,"en-GB,en-US"
best esim card for south korea,37.0,2,4.0,2,3,best esim for south korea,2,"en-GB,en-US"
best esim for hanoi,37.0,2,4.0,2,1,esim for hanoi,0,"en-GB,en-US"
buy airalo esim argentina,37.0,2,4.0,2,2,airalo esim argentina,1,"en-GB,en-US"
buy airalo esim qatar,37.0,2,4.0,2,2,airalo esim qatar,1,"en-GB,en-US"
colombia sim card,37.0,2,4.0,2,1,colombia esim card,1,"en-GB,en-US"
esim canada and usa,37.0,2,4,2,2,esim canada,2,"en-GB,en-US"
esim dubai unlimited data,37.0,2,4.0,2,1,dubai esim unlimited,1,"en-GB,en-US"
esim for thailand and bali,37.0,2,4,2,3,esim for thailand,2,"en-GB,en-US"
esim france travel,37.0,2,5.5,4,2,esim france,1,"en-GB,en-US"
esim portugal reddit,37.0,2,4.0,2,1,portugal esim reddit,1,"en-GB,en-US"
esim turkey tourist,37.0,2,4.0,2,3,esim turkey,2,"en-GB,en-US"
esim usa travel unlimited data,37.0,2,4.0,2,3,usa esim unlimited data,2,"en-GB,en-US"
germany esim options,37.0,2,5.5,4,3,germany esim,1,"en-GB,en-US"
italy esim with calls and texts,37.0,2,5.5,4,3,italy esim,1,"en-GB,en-US"
morocco esim card,37.0,2,4.0,2,2,morocco esim card,1,"en-GB,en-US"
nomad esim uae,37.0,2,4.0,2,2,nomad esim usa,3,"en-GB,en-US"
saily esim usa,37.0,2,4.0,2,2,saily esim uk,1,"en-GB,en-US"
sim card for spain,37.0,2,4.0,2,2,spain sim card for tourists,2,"en-GB,en-US"
get esim online south africa,36.8,31,12.0,1,2,how to get an esim for south africa,4,"en-GB,en-US"
best esim for norway,36.8,6,6,3,2,esim for norway and sweden,3,"en-GB,en-US"
sim card in switzerland for tourist,36.8,6,4.5,1,3,poland sim card for tourists,7,en-US
airalo esim asia,36.8,1,3,1,3,airalo esim india,1,en-GB
airalo esim istanbul,36.8,1,3,1,3,airalo esim israel,1,en-US
alosim guadeloupe,36.8,1,3,1,3,is alosim good,0,en-US
amsterdam empire,36.8,1,3,1,3,amsterdam esim,1,en-US
best esim for kazakhstan and kyrgyzstan,36.8,1,3.0,1,1,best esim for ksa,1,"en-GB,en-US"
best esim for us and canada,36.8,1,3,1,3,best esim for usa and canada,3,en-US
best esim in uk,36.8,1,3,1,3,does esim work in uk,1,en-GB
best esim to use in japan,36.8,1,3,1,3,does esim work in japan,1,en-GB
best esims for hong kong,36.8,1,3,1,3,esim for hong kong review,1,en-GB
best sim card for data philippines,36.8,1,3,1,3,philippines sim card for tourists,1,en-GB
best sim card for tourist in vietnam,36.8,1,3,1,3,vietnam sim card for tourists,1,en-GB
best vietnam sim card for tourist,36.8,1,3,1,3,vietnam sim card for tourists,1,en-US
bigode,36.8,1,3,1,3,is ubigi good,0,en-US
bsnl esim available in india,36.8,1,3,1,3,is esim available in india,1,en-US
buy airalo esim canada,36.8,1,3.0,1,2,airalo esim canada,1,"en-GB,en-US"
can i use saily esim in china,36.8,1,3,1,3,saily esim china,1,en-US
cancunissimo,36.8,1,3.0,1,2,cancun esim,1,"en-GB,en-US"
cape town eisteddfod 2026,36.8,1,3,1,3,cape town esim,1,en-US
cheap esim for usa,36.8,1,3,1,3,cheap esim peru,1,en-US
cheap esim phone that will work in china,36.8,1,3,1,3,cheap esim china,1,en-US
cheap sim uk,36.8,1,3,1,3,cheap esim uk,1,en-US
cheapest esim card,36.8,1,3,1,3,cheapest esim ksa,1,en-US
china esim travel,36.8,1,3,1,3,china esim best,1,en-US
costa rica travel sim,36.8,1,3.0,1,2,costa rica sim card for tourists,1,"en-GB,en-US"
czech republic same as czechia,36.8,1,3,1,3,czech republic esim,1,en-US
do i need an esim for south africa,36.8,1,3,1,3,do i need an esim for ksa,1,en-US
do i need an esim in japan,36.8,1,3,1,3,does esim work in japan,1,en-US
does hong kong iphone support esim,36.8,1,3,1,3,esim hong kong for iphone,1,en-US
e sim engeland,36.8,1,3,1,3,esim england,1,en-GB
ecim 2026,36.8,1,3,1,3,esim nz 2026,1,en-US
esim andorra vodafone,36.8,1,3,1,3,esim orlando,0,en-US
esim anonym,36.8,1,3,1,3,esim hanoi,0,en-US
esim cannot be added,36.8,1,3,1,3,esim cancun,1,en-US
esim caribbean cruise,36.8,1,3,1,3,esim cairo,0,en-US
esim deals,36.8,1,3,1,3,esim,0,en-GB
esim for bell,36.8,1,3,1,3,esim for berlin,0,en-US
esim for hainan,36.8,1,3,1,3,esim for hanoi,0,en-US
esim for istanbul,36.8,1,3.0,1,2,esim istanbul,1,"en-GB,en-US"
esim for microsoft surface,36.8,1,3.0,1,2,esim for miami,0,"en-GB,en-US"
esim for pakistan,36.8,1,3,1,3,esim for paris,0,en-GB
esim for roaming,36.8,1,3,1,3,esim for rome,0,en-US
esim for rogers,36.8,1,3,1,3,esim for rome,0,en-GB
esim for thailand,36.8,1,3,1,3,esim for holland,1,en-GB
esim for tourist,36.8,1,3,1,3,esim for tokyo,0,en-US
esim japan best network,36.8,1,3,1,3,japan esim best,1,en-GB
esim japan data plans,36.8,1,3,1,3,japan esim plans,1,en-US
esim lebanon,36.8,1,3,1,3,esim lisbon,0,en-US
esim line,36.8,1,3,1,3,esim lisbon,0,en-GB
esim londres,36.8,1,3,1,3,esim london,0,en-GB
esim mint,36.8,1,3,1,3,esim miami,0,en-GB
esim poland,36.8,1,3,1,3,esim holland,1,en-GB
esim selfie,36.8,1,3,1,3,esim seoul,1,en-GB
esim skandinavien,36.8,1,3.0,1,2,esim ksa,1,"en-GB,en-US"
esim uk iphone,36.8,1,3,1,3,esim uk for iphone,1,en-US
esim with international roaming,36.8,1,3,1,3,is esim worth it,0,en-US
esims portal login,36.8,1,3,1,3,esim,0,en-US
eskimo china esim plan,36.8,1,3,1,3,china esim plans,1,en-US
esm sydney,36.8,1,3,1,3,esim sydney,0,en-GB
freedom mobile canada plan esim,36.8,1,3,1,3,canada esim plans,1,en-US
get an esim card south africa vodacom,36.8,1,3,1,3,how to get an esim for south africa,2,en-US
holafly esim price,36.8,1,3,1,3,holafly esim peru,1,en-US
holafly sim uk,36.8,1,3,1,3,holafly esim uk,1,en-GB
how to get an australian esim,36.8,1,3,1,3,how to get an esim for australia,2,en-US
how to use an esim for travel,36.8,1,3,1,3,how to get an esim for turkiye,1,en-US
india esim provider,36.8,1,3,1,3,india esim price,1,en-US
iphone 14 usa esim,36.8,1,3,1,3,esim usa for iphone,2,en-US
iphone 16 australia esim,36.8,1,3,1,3,esim australia for iphone,2,en-US
iphone 17 esim china,36.8,1,3,1,3,esim china for iphone,1,en-US
iphone 17 esim in india,36.8,1,3,1,3,esim india for iphone,1,en-US
iphone esim canada,36.8,1,3,1,3,esim canada for iphone,1,en-US
is esim good or bad,36.8,1,3,1,3,is yesim good,0,en-GB
is holafly esim worth it,36.8,1,3.0,1,2,is esim worth it,0,"en-GB,en-US"
is ram good,36.8,1,3,1,3,is roami good,0,en-GB
jetpack download,36.8,1,3,1,3,is jetpac good,0,en-US
malaysia sim card,36.8,1,3,1,3,malaysia esim card,1,en-US
maxis malaysia prepaid esim plan,36.8,1,3,1,3,malaysia esim plans,1,en-US
nomad esim asia,36.8,1,3,1,3,nomad esim india,1,en-GB
nomad esim coupon,36.8,1,3,1,3,nomad esim macao,1,en-US
nomad esim europe reviews,36.8,1,3,1,3,nomad esim colombia,1,en-US
nz sim cards,36.8,1,3,1,3,nz esim card,1,en-US
rami goldratt,36.8,1,3,1,3,is roami good,0,en-US
riyadh animal shelter,36.8,1,3,1,3,riyadh esim,1,en-GB
riyadh singapore,36.8,1,3,1,3,riyadh esim,1,en-US
roamic discount code,36.8,1,3,1,3,is roamic good,0,en-US
romac goodyear az,36.8,1,3,1,3,is roamic good,0,en-GB
saily esim coupon,36.8,1,3,1,3,saily esim macao,1,en-US
saily esim istanbul,36.8,1,3,1,3,saily esim israel,1,en-US
saily esim promo code & travel setup guide,36.8,1,3,1,3,saily esim peru,1,en-US
san jose costa rica escazu,36.8,1,3,1,3,san jose costa rica esim,1,en-US
sim card for germany,36.8,1,3,1,3,germany sim card for tourists,1,en-US
sim card in germany,36.8,1,3,1,3,germany sim card for tourists,1,en-GB
telstra esim plans australia,36.8,1,3,1,3,australia esim plans,2,en-US
travel esim europe,36.8,1,3.0,1,2,travel esim,0,"en-GB,en-US"
travel esim philippines reddit,36.8,1,3,1,3,esim philippines reddit,1,en-US
uk esim data plan for travelers,36.8,1,3,1,3,uk esim plans,1,en-US
uk esim three,36.8,1,3,1,3,uk esim best,1,en-US
unlimited data esims,36.8,1,3,1,3,unlimited data esim usa,2,en-US
vietnam sim card,36.8,1,3,1,3,viet nam esim card,1,en-GB
vodafone esim iphone italy,36.8,1,3,1,3,esim italy for iphone,1,en-US
vodafone italy sim card for tourists,36.8,1,3.0,1,2,italy sim card for tourists,1,"en-GB,en-US"
where to get esim for japan,36.8,1,3,1,3,how to get an esim for japan,1,en-US
which travel esim plans are best for india,36.8,1,3,1,3,india esim plans,1,en-US
morocco esim card for tourist,36.7,15,11.0,6,1,morocco esim card,1,"en-GB,en-US"
esim for argentina and chile,36.7,10,8,4,2,esim for argentina,3,"en-GB,en-US"
esim for south east asia,36.7,10,6.5,2,2,ksa esim coverage map,7,"en-GB,en-US"
best esim card for morocco,36.7,5,5.0,2,2,best esim for morocco 2026,1,"en-GB,en-US"
best esim card for vietnam,36.7,5,5,2,3,viet nam esim best,1,en-US
esim for use in japan,36.7,5,5,2,2,esim coverage in japan,2,en-US
esim to use in turkey,36.7,5,5,2,1,does esim work in turkiye,3,en-GB
best esim for united states,36.5,4,5.5,3,3,best esim for georgia 2026,4,"en-GB,en-US"
esim vietnam data plans,36.5,4,4,1,1,vietnam esim plans,2,"en-GB,en-US"
best esim for indonesia from australia,36.3,3,6,4,2,best esim for indonesia,2,"en-GB,en-US"
fiji sim card nadi airport,36.3,3,4.5,2,2,fiji esim card,1,"en-GB,en-US"
nomad esim china vpn,36.3,3,4.5,2,3,nomad esim china,3,"en-GB,en-US"
best esim for asia,36.2,17,8.0,1,3,best esim for taipei 2026,13,"en-GB,en-US"
best esim for south east asia,36.2,12,8,3,2,best esim for ksa 2026,13,"en-GB,en-US"
airalo esim taiwan,36.2,2,3.5,1,3,airalo esim thailand,2,en-GB
esim to use in china,36.2,2,3.5,1,3,does esim work in czechia,2,en-GB
esim vs physical sim australia,36.2,2,3.5,1,2,esim australia vs sim,3,en-US
holafly esim mexique,36.2,2,3.5,1,1,holafly esim mexico,2,"en-GB,en-US"
is esim available in japan,36.2,2,3.5,1,1,is esim available in usa,3,en-US
is there an esim in the philippines,36.2,2,3.5,1,3,esim philippines vs sim,2,en-US
saily esim india,36.2,2,3.5,1,3,saily esim china,2,en-GB
ubigi esim europe reviews,36.2,2,3.5,1,2,ubigi esim colombia,2,en-US
cheap esim for india,36.0,36,18.0,0,9,esim for india review,27,"en-GB,en-US"
best esim for vietnam cambodia and thailand,36.0,16,10.0,4,2,best esim for thailand and vietnam,4,"en-GB,en-US"
esim for italy from uk,36.0,16,10.0,4,1,esim for croatia and italy,5,"en-GB,en-US"
european esim for travel,36.0,6,5.5,2,2,croatia esim coverage map,5,"en-GB,en-US"
best esim for japan tourist,36.0,1,4.0,2,3,best esim for japan,1,"en-GB,en-US"
digicel esim fiji,36.0,1,4.0,2,3,esim fiji,1,"en-GB,en-US"
esim taiwan with phone number,35.8,10,6,1,2,is esim available in taiwan,2,"en-GB,en-US"
esim for england best price,35.7,9,6.5,2,2,esim for england,6,"en-GB,en-US"
alosim esim compatibility,35.7,4,5,2,1,alosim esim macao,4,"en-GB,en-US"
best esim for canada and usa from australia,35.7,4,5.0,2,2,best esim for canada and usa,3,"en-GB,en-US"
best esim for europe from australia,35.7,4,5,2,1,australia esim best,4,"en-GB,en-US"
do i need an esim for japan,35.7,4,5,2,1,do i need an esim for kenya,4,"en-GB,en-US"
esim card for europe,35.7,4,5,2,1,czech republic esim card,2,"en-GB,en-US"
esim for iphone 11 india,35.7,4,5,2,1,esim india for iphone,3,"en-GB,en-US"
esim vs sim card,35.7,4,5.0,2,2,esim vs sim,2,"en-GB,en-US"
greece sim card for tourist,35.7,4,5,2,1,greece sim card for tourists,3,"en-GB,en-US"
esim for latin america,35.5,13,7,1,3,esim for los angeles,6,"en-GB,en-US"
singapore esim with phone number,35.5,13,7.0,1,2,singapore esim coverage map,3,"en-GB,en-US"
best esim card for greece,35.5,8,5.5,1,2,cheapest esim for greece,3,"en-GB,en-US"
best esim for nigeria,35.5,3,4,1,3,esim for kenya review,2,"en-GB,en-US"
germany esim plans,35.5,3,4,1,2,germany esim price,1,"en-GB,en-US"
iceland esim prepaid,35.5,3,4,1,1,iceland esim price,1,"en-GB,en-US"
ireland esim card,35.5,3,4.0,1,1,holland esim card,2,"en-GB,en-US"
roamic esim app,35.5,3,4.0,1,3,roamic esim,1,"en-GB,en-US"
holafly global esim with phone number,35.3,7,6,2,1,holafly esim united arab emirates,9,"en-GB,en-US"
which is the best esim for malaysia,35.3,7,6.0,2,1,esim for malaysia review,4,"en-GB,en-US"
cheapest esim phone in india,35.3,2,4.5,2,3,cheapest esim for india,1,"en-GB,en-US"
does airalo uki mobile esim cover ireland,35.3,2,4.5,2,3,airalo esim ireland,2,"en-GB,en-US"
holafly ireland esim,35.3,2,4.5,2,1,holafly esim ireland,1,"en-GB,en-US"
korea esim plans,35.3,2,4.5,2,3,korea esim,1,"en-GB,en-US"
travel esim brazil,35.3,2,4.5,2,3,esim brazil,1,en-GB
uae esim online,35.3,2,4.5,2,3,uae esim,1,"en-GB,en-US"
uk esim unlimited data,35.3,2,6.0,4,1,uk esim unlimited,1,"en-GB,en-US"
uk and france esim,35.2,11,8,3,2,esim coverage in france,2,"en-GB,en-US"
us esim data plan,35.2,11,8,3,1,georgia esim coverage map,11,"en-GB,en-US"
cheap esim plan usa,35.2,6,5,1,3,cheap esim usa,6,"en-GB,en-US"
nomad esim card japan,35.2,6,5.0,1,3,nomad esim japan,7,"en-GB,en-US"
airalo esim review,35.2,1,3.5,1,3,airalo esim,0,"en-GB,en-US"
buy airalo esim thailand,35.2,1,3.5,1,3,airalo esim thailand,1,"en-GB,en-US"
can you top up airalo esim,35.2,1,3.5,1,3,esim top up,0,"en-GB,en-US"
cancun es mar caribe,35.2,1,3.5,1,3,cancun esim,1,"en-GB,en-US"
costa rica digital nomad,35.2,1,3.5,1,3,nomad esim costa rica,1,"en-GB,en-US"
esem paris,35.2,1,3.5,1,3,esim paris,0,"en-GB,en-US"
esim for us,35.2,1,3.5,1,2,esim for us,1,"en-GB,en-US"
holafly esim china,35.2,1,3.5,1,3,holafly esim,0,"en-GB,en-US"
holland simplex fifth wheel,35.2,1,3.5,1,3,holland esim,1,"en-GB,en-US"
is holafly esim good for japan,35.2,1,3.5,1,3,holafly esim japan,1,"en-GB,en-US"
is omad good for you,35.2,1,3.5,1,3,is nomad good,0,"en-GB,en-US"
morocco sim cards,35.2,1,3.5,1,3,morocco esim card,1,"en-GB,en-US"
nz sim card prepaid,35.2,1,3.5,1,3,nz esim card,1,"en-GB,en-US"
povo osaka esim,35.2,1,3.5,1,3,esim osaka,0,"en-GB,en-US"
seoul sims,35.2,1,3.5,1,3,seoul esim,1,"en-GB,en-US"
seoul sims 4 cc,35.2,1,3.5,1,3,seoul esim,1,"en-GB,en-US"
sim card for hong kong and macau,35.2,1,3.5,1,2,macao sim card for tourists,1,"en-GB,en-US"
sim card for india travel,35.2,1,3.5,1,3,india sim card for tourists,1,"en-GB,en-US"
sim card for south africa,35.2,1,3.5,1,3,south africa sim card for tourists,2,"en-GB,en-US"
singapore sim card prepaid,35.2,1,3.5,1,3,singapore esim card,1,"en-GB,en-US"
travel esim vodafone,35.2,1,3.5,1,3,travel esim,0,"en-GB,en-US"
trip.com esim china review,35.2,1,3.5,1,3,esim for china review,1,"en-GB,en-US"
trip.com esim promo code,35.2,1,3.5,1,3,esim promo code,0,"en-GB,en-US"
usa sim card,35.2,1,3.5,1,3,usa esim card,2,"en-GB,en-US"
esim phones in egypt,34.8,9,6.0,1,1,esim egypt for iphone,4,"en-GB,en-US"
esim card for new zealand,34.8,4,4.5,1,2,esim new zealand 10gb,1,"en-GB,en-US"
best esim for usa from australia,34.7,8,5,0,4,best esim for usa,6,"en-GB,en-US"
ubigi esim usa,34.7,3,5,2,2,ubigi esim uk,2,"en-GB,en-US"
best esim card for turkey,34.5,12,7.0,1,2,turkey esim card,3,"en-GB,en-US"
saily esim in europe,34.5,7,7,3,2,saily esim united arab emirates,9,"en-GB,en-US"
airalo esim incelemesi,34.5,2,4.0,1,2,airalo esim india,2,en-GB
airalo esim japan,34.5,2,4,1,2,airalo esim spain,1,"en-GB,en-US"
best data esim for france,34.5,2,4.0,1,2,france esim best,1,"en-GB,en-US"
best esim card for denmark,34.5,2,4.0,1,1,best esim for denmark and sweden,0,"en-GB,en-US"
best esim card for hawaii,34.5,2,4,1,3,esim for hawaii,0,"en-GB,en-US"
best esim for europe and morocco,34.5,2,4.0,1,3,morocco esim best,1,"en-GB,en-US"
best esim for italy from australia,34.5,2,4.0,1,3,italy esim best,1,"en-GB,en-US"
best esim for usa/canada,34.5,2,4.0,1,2,best esim for canada 2026,1,en-US
can i get an esim online,34.5,2,4,1,2,do i need an esim for georgia,1,"en-GB,en-US"
can you get an esim,34.5,2,4.0,1,2,do i need an esim for holland,2,en-GB
e sim for italy and greece,34.5,2,4.0,1,1,esim for italy and greece,2,en-GB
esic new update 2026,34.5,2,4.0,1,3,czech republic esim 2026,1,"en-GB,en-US"
esim card,34.5,2,4,1,2,esim,0,"en-GB,en-US"
esim for asia reviews,34.5,2,4,1,1,esim for india review,2,"en-GB,en-US"
esim for travel to australia,34.5,2,4,1,3,do i need an esim for australia,2,"en-GB,en-US"
esim korea and japan,34.5,2,4.0,1,2,best esim for south korea and japan,3,"en-GB,en-US"
esim spain iphone,34.5,2,4,1,1,esim spain for iphone,1,"en-GB,en-US"
france esim prepaid,34.5,2,4,1,1,france esim price,1,"en-GB,en-US"
greece esim data plan,34.5,2,4,1,2,greece esim plans,1,"en-GB,en-US"
holafly esim europe,34.5,2,4,1,3,holafly esim,1,"en-GB,en-US"
how to get an esim for iphone in japan,34.5,2,4.0,1,3,esim japan for iphone,1,en-US
indonesia esim prepaid,34.5,2,4,1,1,indonesia esim price,1,"en-GB,en-US"
is esim available in bangladesh,34.5,2,4.0,1,3,is esim available in uk,3,en-US
is esim safe reddit,34.5,2,4.0,1,3,esim united arab emirates reddit,2,en-US
japan esim data plan,34.5,2,4.0,1,1,japan esim coverage map,2,"en-GB,en-US"
nomad esim promo code,34.5,2,4,1,3,nomad esim peru,1,"en-GB,en-US"
saily esim kanada,34.5,2,4,1,2,saily esim kenya,2,"en-GB,en-US"
sim card for spain travel,34.5,2,4.0,1,1,argentina sim card for tourists,2,en-GB
sim card prepaid usa for tourists,34.5,2,4,1,3,usa sim card for tourists,3,"en-GB,en-US"
sk esim south korea,34.5,2,4,1,2,esim south korea airport,2,"en-GB,en-US"
spain esim prepaid,34.5,2,4,1,1,spain esim price,1,"en-GB,en-US"
tokyo cheapo esim,34.5,2,4.0,1,3,esim tokyo,0,"en-GB,en-US"
usa esim prepaid unlimited,34.5,2,4,1,3,usa esim price,2,"en-GB,en-US"
what is the best esim for morocco,34.5,2,4,1,3,esim for morocco review,1,"en-GB,en-US"
esim for hk and china,34.3,31,12.0,0,9,esim hong kong price,3,"en-GB,en-US"
how to use holafly esim,34.3,6,4.5,0,4,holafly esim saudi arabia,8,en-GB
georgia estimated tax payments 2025,34.3,1,4.5,2,3,georgia esim,1,"en-GB,en-US"
how to buy an esim for usa,34.2,10,6.5,1,3,do i need an esim for usa,5,"en-GB,en-US"
airalo esim costa rica,34.2,5,5.0,1,3,airalo esim macao,2,"en-GB,en-US"
airalo esim for south africa,34.2,5,5,1,3,esim south africa airport,6,en-US
best esim for the uk,34.2,5,6.5,3,1,best esim for ireland 2026,4,"en-GB,en-US"
how to use saily esim,34.2,5,5,1,3,saily esim united arab emirates,7,en-GB
best esim for madrid,34.0,9,8.5,4,2,esim for madrid,3,"en-GB,en-US"
esim card for taiwan,34.0,9,7,2,3,esim coverage in taiwan,2,"en-GB,en-US"
australia esim card,34.0,4,7.0,4,2,australia esim card,3,"en-GB,en-US"
esim for multiple countries,33.7,12,8,2,2,kenya esim coverage map,8,"en-GB,en-US"
airalo esim card morocco,33.7,2,5.0,2,3,airalo esim morocco,1,"en-GB,en-US"
airalo esim turkey,33.7,2,5.0,2,1,airalo esim turkiye,1,"en-GB,en-US"
best esim for use in japan,33.7,2,5.0,2,2,best esim for uae,2,"en-GB,en-US"
cheapest esim for mexico,33.7,2,5,2,1,cheapest esim mexico,2,"en-GB,en-US"
do you need an esim for iceland,33.7,2,5.0,2,2,do i need an esim for iceland,1,"en-GB,en-US"
esim brazil compare,33.7,2,5.0,2,2,esim brazil,1,"en-GB,en-US"
nomad esim usa,33.7,2,5.0,2,2,nomad esim uk,1,"en-GB,en-US"
peru sim card,33.7,2,5.0,2,2,peru esim card,1,"en-GB,en-US"
uk sim cards for tourists,33.7,2,5.0,2,1,uk sim card for tourists,1,"en-GB,en-US"
vodafone qatar esim,33.7,2,5.0,2,3,qatar esim,1,"en-GB,en-US"
ubigi esim south africa,33.5,6,8.5,5,1,ubigi esim hong kong,7,"en-GB,en-US"
airalo esim card turkey,33.5,1,4.0,1,3,turkey esim card,1,"en-GB,en-US"
best esim for japan from nz,33.5,1,4.0,1,3,nz esim best,1,"en-GB,en-US"
best esim for kazakhstan,33.5,1,4.0,1,2,best esim for ksa,1,"en-GB,en-US"
best esims for france,33.5,1,4.0,1,2,esim for france review,1,"en-GB,en-US"
costa rica sim card for iphone,33.5,1,4.0,1,3,costa rica sim card for tourists,1,"en-GB,en-US"
esm paris,33.5,1,4.0,1,3,esim paris,0,"en-GB,en-US"
how to install esim o2,33.5,1,4.0,1,3,how to install esim,0,"en-GB,en-US"
how to install esim on samsung,33.5,1,4.0,1,3,how to install esim,0,"en-GB,en-US"
prepaid esim top up,33.5,1,4.0,1,3,esim top up,0,"en-GB,en-US"
sim card for europe travel,33.5,1,4.0,1,2,belgium sim card for tourists,1,"en-GB,en-US"
yesim godel,33.5,1,4.0,1,2,is yesim good,0,"en-GB,en-US"
esim for international roaming,33.3,5,6.0,2,1,roami esim united arab emirates,4,"en-GB,en-US"
esim providers in india,33.3,5,6,2,2,esim coverage in india,2,"en-GB,en-US"
turkey sim card for tourists,33.3,5,6,2,1,turkiye sim card for tourists,5,"en-GB,en-US"
unlimited esim data plan,33.2,19,11,3,2,unlimited esim,14,"en-GB,en-US"
esim for thailand from india,33.2,9,8.0,3,2,is esim available in thailand,3,"en-GB,en-US"
roamic esim china,33.2,4,5,1,1,roami esim china,2,"en-GB,en-US"
turkey esim tourist,33.2,4,5,1,2,turkey esim best,2,"en-GB,en-US"
uae sim card tourist,33.2,4,5,1,2,qatar sim card for tourists,4,"en-GB,en-US"
cheapest esim for china,33.0,33,13,0,7,cheapest esim for peru,31,"en-GB,en-US"
esim with number europe,33.0,23,10.0,0,5,belgium esim coverage map,14,"en-GB,en-US"
esim for costa rica reddit,33.0,13,7,0,5,roamic esim costa rica,1,en-GB
best esim for central america,33.0,8,7.0,2,2,best esim for colombia 2026,5,"en-GB,en-US"
how does an esim work abroad,33.0,8,10.0,6,2,does esim work in greece,8,"en-GB,en-US"
airalo esim georgia,33.0,3,7,4,2,esim for georgia,1,"en-GB,en-US"
cheap esim mobile plans,33.0,3,4,0,4,cheap esim macao,3,en-US
cheap esim plans australia,33.0,3,5.5,2,2,cheap esim australia,3,"en-GB,en-US"
esim for south africa and zimbabwe,33.0,3,7,4,3,esim for south africa,3,"en-GB,en-US"
esim ireland eir,33.0,3,4,0,4,esim ireland,3,"en-GB,en-US"
new zealand esim unlimited data,33.0,3,7,4,1,new zealand esim unlimited,2,"en-GB,en-US"
saily esim installation,33.0,3,4,0,4,saily esim china,3,en-GB
ubigi esim japan uk,33.0,3,4.0,0,4,ubigi esim japan,3,"en-GB,en-US"
iphone sim vs esim,32.8,7,6,1,3,esim macao vs sim,7,en-US
nomad esim card china,32.8,7,6,1,1,nomad esim hong kong,8,"en-GB,en-US"
best esim london uk,32.8,2,4.5,1,3,esim london,0,"en-GB,en-US"
best travel esim for china,32.8,2,4.5,1,3,best esim for china 2026,2,en-US
holafly esim russia,32.8,2,4.5,1,2,holafly esim austria,3,"en-GB,en-US"
saily esim morocco,32.8,2,4.5,1,3,saily esim mexico,2,en-US
three switch to esim,32.8,2,4.5,1,3,esim czech republic 2026,1,"en-GB,en-US"
ubigi esim europe unlimited,32.8,2,4.5,1,3,ubigi esim colombia,2,en-US
esim card for spain,32.5,15,8.5,1,3,esim coverage in spain,3,"en-GB,en-US"
esim for the uk,32.3,14,9.0,2,1,uk esim coverage map,5,"en-GB,en-US"
esim for mexico from canada,32.3,9,6,0,4,esim for mexico,4,"en-GB,en-US"
alosim esim canada,32.3,4,6,2,1,alosim esim china,4,"en-GB,en-US"
cheapest esim switzerland,32.3,4,6,2,1,cheapest esim for switzerland,4,"en-GB,en-US"
esim card switzerland,32.3,4,6.0,2,3,switzerland esim card,1,"en-GB,en-US"
esim for thailand from uk,32.3,4,6.0,2,3,esim for thailand,3,"en-GB,en-US"
italy phone plan esim,32.3,4,6,2,1,italy esim coverage map,1,"en-GB,en-US"
japan esim unlimited data best,32.3,4,4.5,0,4,unlimited data esim japan,1,"en-GB,en-US"
sri lanka esim review,32.3,4,6.0,2,1,esim for kenya review,3,"en-GB,en-US"
esim for united states,32.2,23,11,1,2,usa esim coverage map,9,"en-GB,en-US"
best esim travel egypt,32.2,13,8,1,3,egypt esim best,1,"en-GB,en-US"
best esim plans usa,32.2,3,5,1,3,united arab emirates esim plans,3,en-US
esim indonesia plans,32.2,3,5,1,1,indonesia esim plans,1,"en-GB,en-US"
iceland esim travel,32.2,3,5,1,1,iceland esim best,1,"en-GB,en-US"
saily esim indonesia,32.2,3,5,1,3,saily esim india,3,en-GB
sim card indonesia for tourist,32.2,3,5,1,2,croatia sim card for tourists,3,en-US
ubigi esim promo code 2026,32.2,3,5,1,2,ubigi esim peru,1,en-US
what is the best esim for portugal,32.2,3,5.0,1,1,esim for portugal review,1,"en-GB,en-US"
best esim for asia reddit,32.0,7,7,2,1,esim united arab emirates reddit,7,en-US
best esim for korea reddit,32.0,7,7.0,2,3,korea esim reddit,3,"en-GB,en-US"
how to use ubigi esim,32.0,7,7.0,2,1,ubigi esim saudi arabia,9,"en-GB,en-US"
ubigi esim new zealand,32.0,7,7,2,2,ubigi esim hong kong,9,"en-GB,en-US"
asia esim south korea japan china,32.0,2,4.0,0,4,esim for japan and south korea,3,"en-GB,en-US"
australia sim card plans,32.0,2,4,0,4,australia esim card,3,"en-GB,en-US"
best esim for canada and alaska,32.0,2,4.0,0,4,best esim for canada,1,"en-GB,en-US"
best esim for india from usa,32.0,2,4.0,0,4,best esim for india,1,"en-GB,en-US"
best esim for south america travel,32.0,2,4,0,4,best esim for south africa,3,"en-GB,en-US"
cheapest 5g esim singapore,32.0,2,4.0,0,4,cheapest esim singapore,1,"en-GB,en-US"
esim for germany from india,32.0,2,4.0,0,4,esim for germany,2,"en-GB,en-US"
esim for india from australia,32.0,2,4,0,4,esim for india,1,"en-GB,en-US"
esim for malaysia travel,32.0,2,4.0,0,4,esim for malaysia,2,"en-GB,en-US"
esim germany travel,32.0,2,4.0,0,4,esim germany,2,"en-GB,en-US"
esim malaysia singapore,32.0,2,4.0,0,4,esim malaysia,2,"en-GB,en-US"
esim south east asia,32.0,2,4,0,4,alosim esim saudi arabia,1,"en-GB,en-US"
holafly esim morocco,32.0,2,4.0,0,4,holafly esim macao,2,en-US
hong kong esim iphone,32.0,2,4.0,0,4,hong kong esim,1,"en-GB,en-US"
hong kong sim card price,32.0,2,4,0,4,hong kong esim card,1,"en-GB,en-US"
is roamic esim good,32.0,2,5.5,2,2,is roamic good,0,"en-GB,en-US"
jetpac esim bali,32.0,2,4,0,4,jetpac esim,1,"en-GB,en-US"
klook esim bangkok,32.0,2,4,0,4,esim bangkok,1,"en-GB,en-US"
korea sim card with phone number,32.0,2,4,0,4,korea esim card,2,"en-GB,en-US"
lebara esim netherlands,32.0,2,4.0,0,4,esim for netherlands,1,"en-GB,en-US"
nomad esim promo code 2026,32.0,2,4,0,4,esim promo code,1,"en-GB,en-US"
ooredoo esim qatar,32.0,2,4.0,0,4,esim qatar,1,"en-GB,en-US"
uae sim card plans,32.0,2,5.5,2,2,uae esim card,2,"en-GB,en-US"
what is an esim iphone,32.0,2,4,0,4,what is an esim,2,"en-GB,en-US"
saily esim costa rica,31.8,6,6,1,3,yesim esim costa rica,2,"en-GB,en-US"
airalo esim recharge plans,31.8,1,4.5,1,3,airalo esim plan,0,"en-GB,en-US"
best e sim for greece,31.8,1,4.5,1,3,greece sim card for tourists,1,"en-GB,en-US"
best usa sim card for tourists,31.8,1,4.5,1,2,usa sim card for tourists,2,"en-GB,en-US"
buy airalo esim mexico,31.8,1,4.5,1,2,airalo esim mexico,1,"en-GB,en-US"
esim english,31.8,1,4.5,1,2,esim england,1,"en-GB,en-US"
is nomad foods listed,31.8,1,4.5,1,3,is nomad good,0,"en-GB,en-US"
mexico prepaid sim card,31.8,1,4.5,1,2,mexico sim card for tourists,1,"en-GB,en-US"
saily esim uk,31.8,1,4.5,1,3,saily esim,0,"en-GB,en-US"
sim card for argentina,31.8,1,4.5,1,1,argentina sim card for tourists,1,"en-GB,en-US"
sim card for ireland and northern ireland,31.8,1,4.5,1,3,ireland sim card for tourists,1,"en-GB,en-US"
travel sim card morocco,31.8,1,4.5,1,2,morocco sim card for tourists,1,"en-GB,en-US"
cheapest esim for japan,31.7,10,8,2,2,cheapest esim for fiji,10,"en-GB,en-US"
best esim card for sweden,31.7,5,6.5,2,2,best esim for norway and sweden,0,"en-GB,en-US"
esim new zealand data and calls,31.7,5,5,0,4,esim new zealand,2,"en-GB,en-US"
peru sim card for tourist,31.7,5,8.0,4,1,peru sim card for tourists,3,"en-GB,en-US"
cheapest esim compatible phones in india,31.5,4,5.5,1,3,cheapest esim nz,3,"en-GB,en-US"
vietnam esim reddit,31.5,4,7,3,1,vietnam esim price,2,"en-GB,en-US"
which iphone use esim,31.3,18,9.0,0,5,esim argentina for iphone,19,en-US
esim europe unlimited data,31.3,13,9,2,2,czech republic esim unlimited,13,"en-GB,en-US"
esim stc saudi arabia,31.3,13,7.5,0,4,esim for saudi arabia,1,"en-GB,en-US"
cheapest esim in singapore,31.3,3,4.5,0,4,cheapest esim india,3,"en-GB,en-US"
esim compatible phones in india,31.3,3,6.0,2,3,esim compatible phones,2,"en-GB,en-US"
italy esim plans,31.3,3,7.5,4,2,italy esim,1,"en-GB,en-US"
mexico esim plan,31.3,3,6.0,2,1,mexico esim plans,1,"en-GB,en-US"
switzerland esim for 10 days how much,31.3,3,4.5,0,4,esim switzerland,1,"en-GB,en-US"
ubigi esim promo code,31.2,7,8,3,1,ubigi esim peru,6,"en-GB,en-US"
airalo esim asia plans,31.2,2,5,1,3,airalo esim plan,1,"en-GB,en-US"
airalo esim card spain,31.2,2,5.0,1,3,airalo esim spain,1,"en-GB,en-US"
airalo esim sri lanka maldives,31.2,2,5,1,3,esim maldives,2,"en-GB,en-US"
best esim for the usa,31.2,2,5,1,2,best esim for usa and mexico,4,en-GB
cheap esim compatible phones,31.2,2,5.0,1,1,cheap esim macao,2,en-US
esim canada,31.2,2,5.0,1,1,esim cancun,1,"en-GB,en-US"
esim for mexico with phone number,31.2,2,5,1,2,esim for mexico city,1,"en-GB,en-US"
hong kong esim prepaid,31.2,2,5,1,1,hong kong esim price,1,"en-GB,en-US"
how to buy lg esim card at seoul airport,31.2,2,5,1,3,esim seoul,1,"en-GB,en-US"
india esim plans,31.2,2,5,1,2,india esim price,1,"en-GB,en-US"
philippines esim prepaid,31.2,2,5,1,1,philippines esim price,1,"en-GB,en-US"
roamic esims,31.2,2,5.0,1,2,roamic esim usa,2,en-US
saily esim promo code,31.2,2,5,1,2,saily esim peru,1,"en-GB,en-US"
sim card for spain and portugal,31.2,2,5.0,1,3,portugal sim card for tourists,2,"en-GB,en-US"
singapore esim prepaid,31.2,2,5,1,1,singapore esim price,1,"en-GB,en-US"
sri lanka esim for tourist,31.2,2,5.0,1,2,best esim for india and sri lanka,1,"en-GB,en-US"
swisscom sim card for tourist,31.2,2,5.0,1,2,poland sim card for tourists,2,"en-GB,en-US"
us esim card,31.2,2,5,1,3,usa esim card,2,"en-GB,en-US"
airalo esim china vpn,31.0,1,4.0,0,4,airalo esim china,1,"en-GB,en-US"
airalo esim coupon code,31.0,1,4,0,4,airalo esim macao,1,en-US
airalo esim data plan,31.0,1,4.0,0,4,airalo esim plan,0,"en-GB,en-US"
airalo esim mexico,31.0,1,4,0,4,airalo esim uk,1,en-US
airalo esim says activating,31.0,1,4.0,0,4,airalo esim usa,2,"en-GB,en-US"
airtel esim activation for iphone in usa,31.0,1,4,0,4,esim usa for iphone,2,en-US
amsterdam images,31.0,1,4,0,4,amsterdam esim,1,en-US
australia sim card,31.0,1,4,0,4,australia esim card,2,en-US
bali esim klook,31.0,1,4.0,0,4,bali esim,1,"en-GB,en-US"
bali sim card airport,31.0,1,4.0,0,4,bali esim card,1,"en-GB,en-US"
bangkok simple map,31.0,1,4.0,0,4,bangkok esim,1,"en-GB,en-US"
belgium simple recipes,31.0,1,4.0,0,4,belgium esim,1,"en-GB,en-US"
best e sims for malaysia,31.0,1,4.0,0,4,best esim for malaysia,1,en-GB
best esim for azerbaijan,31.0,1,4,0,4,best esim for nz,1,en-US
best esim for greece and italy,31.0,1,4.0,0,4,best esim for greece,1,"en-GB,en-US"
best esim for philippines and thailand,31.0,1,4.0,0,4,best esim for philippines,1,"en-GB,en-US"
best esim for samoa,31.0,1,4,0,4,best esim for ksa,1,en-US
best esim for singapore and thailand,31.0,1,4.0,0,4,best esim for singapore,1,"en-GB,en-US"
best esim in portugal,31.0,1,4,0,4,does esim work in portugal,1,en-GB
best esim providers in usa,31.0,1,4.0,0,4,best esim for georgia,1,en-US
best esim to use in india,31.0,1,4,0,4,does esim work in india,1,en-GB
best esims for uk,31.0,1,4,0,4,best esim for ireland and uk,2,en-GB
best sim card in usa for tourist,31.0,1,4,0,4,usa sim card for tourists,2,en-GB
brazil esim calls,31.0,1,4.0,0,4,brazil esim,1,"en-GB,en-US"
can you get esim in china,31.0,1,4,0,4,how to get an esim for china,1,en-US
canada esim data,31.0,1,4.0,0,4,canada esim,1,"en-GB,en-US"
cape town symphony orchestra,31.0,1,4,0,4,cape town esim,1,en-US
cellcom israel esim,31.0,1,4.0,0,4,israel esim,1,"en-GB,en-US"
cheap e sim uk,31.0,1,4.0,0,4,cheapest esim uk,1,en-GB
cheap esim for uk,31.0,1,4,0,4,cheap esim peru,1,en-US
cheap esim handset australia,31.0,1,4,0,4,cheap esim australia,2,en-US
cheap esim usa,31.0,1,4,0,4,cheap esim uk,1,en-US
cheapest esim calls only,31.0,1,4,0,4,cheapest esim ksa,1,en-US
cheapest esim compatible phone uk,31.0,1,4,0,4,cheapest esim nz,1,en-US
cheapest esim for singapore,31.0,1,4,0,4,cheapest esim for ksa,1,en-US
cheapest esims for china,31.0,1,4.0,0,4,cheapest esim usa,2,en-US
cheapest prepaid esim australia,31.0,1,4.0,0,4,cheapest esim for australia,2,"en-GB,en-US"
china esim shopee,31.0,1,4,0,4,china esim best,1,en-US
china esim with phone number,31.0,1,4.0,0,4,china esim,1,"en-GB,en-US"
compare esim plans japan,31.0,1,4,0,4,japan esim plans,1,en-US
czech republic sample address,31.0,1,4,0,4,czech republic esim,1,en-US
czechia summer traditions,31.0,1,4.0,0,4,czechia esim,1,en-US
do i need an esim for spain,31.0,1,4,0,4,do i need an esim for ksa,1,en-US
does an esim from holafly work in china,31.0,1,4.0,0,4,does esim work in china,1,"en-GB,en-US"
dubai esim matrix,31.0,1,4.0,0,4,dubai esim,1,"en-GB,en-US"
dubai sim card tourist,31.0,1,4,0,4,united arab emirates sim card for tourists,1,en-GB
e sim available in india,31.0,1,4,0,4,is esim available in india,1,en-US
e sim fisico,31.0,1,4.0,0,4,esim fiji,1,en-GB
e sim for morocco from uk,31.0,1,4,0,4,morocco sim card for tourists,1,en-US
e sim for turkey from uk,31.0,1,4.0,0,4,esim for turkiye,1,en-GB
ecim 2026 abstract book,31.0,1,4,0,4,esim nz 2026,1,en-US
egypt esim uk,31.0,1,4.0,0,4,egypt esim,1,"en-GB,en-US"
england simd,31.0,1,4,0,4,england esim,1,en-GB
esam paris,31.0,1,4,0,4,esim paris,0,en-US
esim anonima,31.0,1,4,0,4,esim hanoi,0,en-US
esim argentina prepago,31.0,1,4.0,0,4,esim argentina,1,"en-GB,en-US"
esim bali klook,31.0,1,4.0,0,4,esim bali,1,"en-GB,en-US"
esim cannot be added visible,31.0,1,4,0,4,esim cancun,1,en-US
esim card for china travel,31.0,1,4,0,4,czech republic esim card,1,en-GB
esim card for peru,31.0,1,4.0,0,4,esim for peru,1,"en-GB,en-US"
esim china data packages,31.0,1,4.0,0,4,esim china,1,"en-GB,en-US"
esim colombia claro,31.0,1,4.0,0,4,esim colombia,1,"en-GB,en-US"
esim compatible phones uk,31.0,1,4.0,0,4,esim compatible phones,0,"en-GB,en-US"
esim deals usa,31.0,1,4.0,0,4,esim deals,0,"en-GB,en-US"
esim dubai test,31.0,1,4.0,0,4,esim dubai,1,"en-GB,en-US"
esim for armenia,31.0,1,4.0,0,4,esim for argentina,1,en-GB
esim for bali from nz,31.0,1,4.0,0,4,esim for bali,1,"en-GB,en-US"
esim for belgium,31.0,1,4,0,4,esim for berlin,0,en-US
esim for cars,31.0,1,4,0,4,esim for cairo,0,en-US
esim for cruises at sea,31.0,1,4.0,0,4,esim for cruise,0,"en-GB,en-US"
esim for french polynesia,31.0,1,4.0,0,4,esim for france,1,en-GB
esim for greece from australia,31.0,1,4.0,0,4,esim for greece,1,"en-GB,en-US"
esim for hawaii,31.0,1,4,0,4,esim for hanoi,0,en-US
esim for iphone 15,31.0,1,4.0,0,4,esim for iphone,0,"en-GB,en-US"
esim for morocco and spain,31.0,1,4.0,0,4,esim for morocco,1,"en-GB,en-US"
esim for new zealand spark,31.0,1,4.0,0,4,esim for new zealand,1,"en-GB,en-US"
esim for pakistan from uk,31.0,1,4,0,4,esim for paris,0,en-GB
esim for roaming uk,31.0,1,4,0,4,esim for rome,0,en-US
esim for samsung a17,31.0,1,4,0,4,esim for ksa,1,en-US
esim for singapore and thailand,31.0,1,4.0,0,4,esim for singapore,1,"en-GB,en-US"
esim for south africa from australia,31.0,1,4.0,0,4,esim for south africa,2,"en-GB,en-US"
esim for tonga,31.0,1,4,0,4,esim for tokyo,0,en-US
esim for travel to india,31.0,1,4,0,4,do i need an esim for india,1,en-US
esim for usa and bahamas,31.0,1,4,0,4,esim for osaka,0,en-US
esim for zambia,31.0,1,4.0,0,4,esim for nz,1,"en-GB,en-US"
esim france sans engagement,31.0,1,4.0,0,4,esim france,1,"en-GB,en-US"
esim grecia,31.0,1,4.0,0,4,esim greece,1,en-GB
esim hong kong klook,31.0,1,4.0,0,4,esim hong kong,1,"en-GB,en-US"
esim hotspot setup,31.0,1,4.0,0,4,esim hot spot,0,"en-GB,en-US"
esim instructions for android,31.0,1,4.0,0,4,esim for android,0,"en-GB,en-US"
esim iphone,31.0,1,4,0,4,esim,0,en-US
esim iphone qr code,31.0,1,4,0,4,esim qatar for iphone,1,en-US
esim italy travel,31.0,1,4.0,0,4,esim italy,1,"en-GB,en-US"
esim jamaica,31.0,1,4,0,4,esim hawaii,0,en-GB
esim japan klook,31.0,1,4.0,0,4,esim japan,1,"en-GB,en-US"
esim japan reviews,31.0,1,4,0,4,esim for japan review,1,en-GB
esim kesako,31.0,1,4,0,4,esim ksa,1,en-US
esim key benefits,31.0,1,4.0,0,4,esim kenya,1,en-GB
esim libano,31.0,1,4,0,4,esim lisbon,0,en-US
esim linemo,31.0,1,4,0,4,esim lisbon,0,en-GB
esim long term plans,31.0,1,4,0,4,esim london,0,en-GB
esim malaysia,31.0,1,4.0,0,4,esim manila,1,"en-GB,en-US"
esim mexico internet,31.0,1,4,0,4,esim mexico city,1,en-US
esim mineo,31.0,1,4,0,4,esim miami,0,en-GB
esim mobile plans australia,31.0,1,4,0,4,australia esim plans,2,en-US
esim morocco airalo,31.0,1,4.0,0,4,esim morocco,1,"en-GB,en-US"
esim nz prepaid,31.0,1,4.0,0,4,esim nz,1,"en-GB,en-US"
esim plans for data,31.0,1,4.0,0,4,esim plans,0,"en-GB,en-US"
esim portugal meo,31.0,1,4.0,0,4,esim portugal,1,en-GB
esim prepaid plans malaysia,31.0,1,4,0,4,malaysia esim plans,1,en-US
esim prueba gratis,31.0,1,4.0,0,4,esim peru,1,"en-GB,en-US"
esim roaming,31.0,1,4.0,0,4,esim rome,0,"en-GB,en-US"
esim self service att,31.0,1,4,0,4,esim seoul,1,en-GB
esim singapore klook,31.0,1,4.0,0,4,esim singapore,1,"en-GB,en-US"
esim singapore with number,31.0,1,4,0,4,esim singapore city,1,en-US
esim taiwan vergleich,31.0,1,4.0,0,4,esim taiwan,1,"en-GB,en-US"
esim thailand from uk,31.0,1,4,0,4,bangkok esim coverage map,1,en-GB
esim uae du,31.0,1,4.0,0,4,esim uae,1,"en-GB,en-US"
esim usa data plans,31.0,1,4,0,4,usa esim plans,2,en-US
esim vs sim card cost,31.0,1,4.0,0,4,esim vs sim,0,"en-GB,en-US"
esim with phone number uk,31.0,1,4.0,0,4,esim with phone number,0,"en-GB,en-US"
esim with talk and text,31.0,1,4,0,4,is esim worth it,0,en-US
esims for sri lanka,31.0,1,4,0,4,best esim for india and sri lanka,1,en-GB
esm melbourne pty ltd,31.0,1,4.0,0,4,esim melbourne,0,"en-GB,en-US"
europe and turkey esim card,31.0,1,4,0,4,turkey esim card,1,en-US
french sim card,31.0,1,4,0,4,france esim card,1,en-GB
german sim card for students,31.0,1,4,0,4,germany esim card,1,en-GB
get esim toronto,31.0,1,4.0,0,4,esim toronto,0,"en-GB,en-US"
gigsky uk & ireland data esim,31.0,1,4.0,0,4,esim for ireland and uk,2,"en-GB,en-US"
greek sim card,31.0,1,4,0,4,greece esim card,1,en-GB
holafly esim aktivieren android pdf,31.0,1,4,0,4,holafly esim uk,1,en-GB
how to activate esim on ipad,31.0,1,4.0,0,4,how to activate esim,0,"en-GB,en-US"
how to get an esim for at&t,31.0,1,4,0,4,how to get an esim for usa,2,en-US
how to get esim in india for foreigners,31.0,1,4,0,4,how to get an esim for india,1,en-US
how to get lebara esim uk,31.0,1,4,0,4,how to get an esim for uk,1,en-US
how to install esim from my o2 app,31.0,1,4,0,4,how to install esim,0,en-GB
india esim local,31.0,1,4.0,0,4,india esim,1,"en-GB,en-US"
indian sim card for nri,31.0,1,4,0,4,india esim card,1,en-GB
iphone 14 esim compatible uk,31.0,1,4,0,4,esim uk for iphone,1,en-US
iphone 16 esim china,31.0,1,4,0,4,esim china for iphone,1,en-US
iphone 16 esim hong kong,31.0,1,4,0,4,esim hong kong for iphone,1,en-US
iphone 17 esim canada,31.0,1,4,0,4,esim canada for iphone,1,en-US
is airalo good in japan,31.0,1,4.0,0,4,is airalo good,0,"en-GB,en-US"
is daily goodie box legitimate,31.0,1,4.0,0,4,is saily good,0,"en-GB,en-US"
is esim good for international travel,31.0,1,4,0,4,is yesim good,0,en-GB
is ram good for gaming,31.0,1,4,0,4,is roami good,0,en-GB
israel sim card kit from pelephone,31.0,1,4.0,0,4,israel esim card,1,"en-GB,en-US"
istanbul simidi,31.0,1,4.0,0,4,istanbul esim,1,"en-GB,en-US"
italy sim card for tourist,31.0,1,4.0,0,4,italy esim card,1,"en-GB,en-US"
japan esim or pocket wifi,31.0,1,4,0,4,esim vs pocket wifi,0,en-GB
japan esim travel,31.0,1,4,0,4,japan esim best,1,en-US
jetpac game,31.0,1,4,0,4,is jetpac good,0,en-US
jetpack esim compatibility,31.0,1,4,0,4,jetpac esim uk,1,en-US
journey japan esim reddit,31.0,1,4.0,0,4,japan esim reddit,1,"en-GB,en-US"
kenya sims,31.0,1,4.0,0,4,kenya esim,1,en-GB
korea esim compatibility,31.0,1,4.0,0,4,korea esim,1,"en-GB,en-US"
ksa sim check,31.0,1,4.0,0,4,ksa esim,1,"en-GB,en-US"
macau simple pay,31.0,1,4.0,0,4,macao esim,1,"en-GB,en-US"
malaysia esim card,31.0,1,4.0,0,4,malaysia esim,1,"en-GB,en-US"
malaysian sim card,31.0,1,4,0,4,malaysia esim card,1,en-GB
manila elemi,31.0,1,4,0,4,manila esim,1,en-GB
manila time,31.0,1,4,0,4,manila esim,1,en-US
moroccan sim card,31.0,1,4,0,4,morocco esim card,1,en-GB
netherlands simplehelp,31.0,1,4.0,0,4,netherlands esim,1,"en-GB,en-US"
new zealand prepaid sim card for tourist,31.0,1,4.0,0,4,new zealand sim card for tourists,1,"en-GB,en-US"
nomad esim china promotion,31.0,1,4.0,0,4,nomad esim china,1,"en-GB,en-US"
nomad esim coupon code,31.0,1,4,0,4,nomad esim macao,1,en-US
nz esim plans,31.0,1,4.0,0,4,nz esim,1,"en-GB,en-US"
orange esim belgium,31.0,1,4.0,0,4,esim belgium,1,"en-GB,en-US"
pay as you go esim no contract,31.0,1,4.0,0,4,esim no contract,0,"en-GB,en-US"
peru simulator,31.0,1,4.0,0,4,peru esim,1,"en-GB,en-US"
philippines esim activation,31.0,1,4.0,0,4,philippines esim,1,"en-GB,en-US"
poland simulator,31.0,1,4.0,0,4,poland esim,1,en-GB
portugal esim vodafone,31.0,1,4.0,0,4,portugal esim,1,"en-GB,en-US"
prague images,31.0,1,4,0,4,prague esim,1,en-US
prepaid sim card singapore for tourist,31.0,1,4.0,0,4,singapore sim card for tourists,1,"en-GB,en-US"
qatar sim,31.0,1,4.0,0,4,qatar esim,1,en-GB
riyadh animal rescue and shelter,31.0,1,4,0,4,riyadh esim,1,en-GB
riyadh images,31.0,1,4,0,4,riyadh esim,1,en-US
roaming colombia,31.0,1,4,0,4,is roamic good,0,en-US
romani food,31.0,1,4,0,4,is roami good,0,en-US
romanic good morning greeting,31.0,1,4,0,4,is roamic good,0,en-GB
saily esim app,31.0,1,4.0,0,4,saily esim,0,"en-GB,en-US"
saily esim mexico,31.0,1,4,0,4,saily esim uk,1,en-US
saily esim process,31.0,1,4,0,4,saily esim peru,1,en-US
san jose costa rica map,31.0,1,4,0,4,san jose costa rica esim,1,en-US
saudi arabia sim internet packages,31.0,1,4.0,0,4,saudi arabia esim,1,"en-GB,en-US"
sim card for egypt,31.0,1,4.0,0,4,egypt sim card for tourists,1,"en-GB,en-US"
sim card for hong kong,31.0,1,4,0,4,hong kong sim card for tourists,1,en-GB
sim card for italy,31.0,1,4,0,4,italy sim card for tourists,1,en-US
sim card for south america,31.0,1,4,0,4,argentina sim card for tourists,1,en-US
sim card for use in turkey,31.0,1,4,0,4,turkiye sim card for tourists,1,en-GB
sim card for vietnam,31.0,1,4.0,0,4,vietnam sim card for tourists,1,"en-GB,en-US"
singapore esim card,31.0,1,4.0,0,4,singapore esim,1,"en-GB,en-US"
south america sim card,31.0,1,4,0,4,argentina sim card for tourists,1,en-GB
spain sim card unlimited data,31.0,1,4.0,0,4,spain esim card,1,"en-GB,en-US"
taipei semicon,31.0,1,4,0,4,taipei esim,1,en-US
taiwan esim with phone number,31.0,1,4.0,0,4,taiwan esim,1,"en-GB,en-US"
thailand esim packages,31.0,1,4,0,4,thailand esim price,1,en-US
thailand sim card for tourist 2025,31.0,1,4.0,0,4,thailand sim card for tourists,1,"en-GB,en-US"
transfer esim to new iphone australia,31.0,1,4,0,4,esim australia for iphone,2,en-US
uae sim card options,31.0,1,4.0,0,4,uae esim card,1,"en-GB,en-US"
ubigi coupon code,31.0,1,4,0,4,is ubigi good,0,en-US
ubigi esim egypt,31.0,1,4,0,4,ubigi esim colombia,1,en-US
ubigi esim review,31.0,1,4.0,0,4,ubigi esim,0,"en-GB,en-US"
uk esim data plan,31.0,1,4,0,4,uk esim plans,1,en-US
uk esim talk and text,31.0,1,4,0,4,uk esim best,1,en-US
uk sim cards for visitors,31.0,1,4,0,4,uk esim card,1,en-US
united arab emirates embassy in usa,31.0,1,4.0,0,4,united arab emirates esim,1,en-US
unlimited esim europe,31.0,1,4.0,0,4,unlimited esim,0,"en-GB,en-US"
unlimited europe & uk esim,31.0,1,4.0,0,4,uk esim unlimited,1,"en-GB,en-US"
us esim travel,31.0,1,4.0,0,4,us esim,1,"en-GB,en-US"
usa esim simify,31.0,1,4,0,4,usa esim best,2,en-US
vodafone fiji esim,31.0,1,4.0,0,4,esim for fiji,1,"en-GB,en-US"
what is the best esim for italy,31.0,1,4,0,4,esim for italy review,1,en-GB
which esim should i get for japan,31.0,1,4,0,4,how to get an esim for japan,1,en-US
yesim - esim,31.0,1,4.0,0,4,yesim esim,0,"en-GB,en-US"
best esim for usa and canada travel,30.8,10,9.0,3,2,best esim for usa and canada,4,"en-GB,en-US"
best esim for london england,30.8,5,6.0,1,3,best esim for england,2,"en-GB,en-US"
best esim for mexico travel,30.8,5,6,1,2,best esim for usa and mexico,4,"en-GB,en-US"
best esim for travelling europe,30.8,5,6.0,1,3,best esim for netherlands and belgium,4,"en-GB,en-US"
esim for usa from uk,30.8,5,6,1,3,do i need an esim for uk,3,"en-GB,en-US"
new zealand esim providers,30.8,5,6,1,2,new zealand esim price,2,"en-GB,en-US"
uae sim card for tourist,30.8,5,6,1,3,qatar sim card for tourists,5,en-US
best esim for turkey and egypt,30.7,24,11.0,0,6,best esim for turkiye,5,"en-GB,en-US"
esim with phone number korea,30.7,14,8.0,0,4,yesim esim south korea,2,"en-GB,en-US"
best esim for uk and france,30.7,4,6.5,2,2,esim for uk and france,2,"en-GB,en-US"
esim for international travel iphone,30.7,4,5,0,4,esim united arab emirates for iphone,4,"en-GB,en-US"
esim for ireland and scotland,30.7,4,5.0,0,4,esim for ireland,4,"en-GB,en-US"
esim singapore and malaysia,30.7,4,6.5,2,2,does esim work in malaysia,3,en-US
how to get esim in nigeria,30.7,4,5.0,0,4,does esim work in kenya,1,"en-GB,en-US"
should i install esim before travelling,30.7,4,6.5,2,3,do i need an esim for germany,4,"en-GB,en-US"
esim card hong kong,30.5,18,10,1,3,esim hong kong price,1,"en-GB,en-US"
esim card for canada,30.5,8,7,1,3,canada esim coverage map,1,"en-GB,en-US"
is esim supported in china,30.5,8,7,1,3,esim coverage in china,3,"en-GB,en-US"
best esim card for ireland,30.5,3,5.5,1,3,ireland esim card,1,"en-GB,en-US"
best esim for uk reddit,30.5,3,7,3,2,esim uk reddit,1,"en-GB,en-US"
best esim for china from australia,30.3,7,6,0,4,best esim for china 2026,6,"en-GB,en-US"
belgium sim card,30.3,2,6.0,2,2,belgium esim card,1,"en-GB,en-US"
best esim for india and sri lanka,30.3,2,6.0,2,2,esim for india and sri lanka,1,"en-GB,en-US"
best esim provider for hong kong,30.3,2,4.5,0,4,best esim for hong kong,1,"en-GB,en-US"
cosmote esim greece,30.3,2,6.0,2,3,esim greece,1,"en-GB,en-US"
esim australia telstra,30.3,2,4.5,0,4,esim australia,3,"en-GB,en-US"
esim cards for fiji,30.3,2,6.0,2,3,fiji esim card,1,"en-GB,en-US"
holafly mexico esim,30.3,2,6.0,2,1,holafly esim mexico,1,"en-GB,en-US"
how much is an esim in japan,30.3,2,4.5,0,4,is esim available in fiji,1,en-US
uk esim cards for visitors,30.3,2,6.0,2,1,uk esim card,1,"en-GB,en-US"
vodafone esim turkiye,30.3,2,6.0,2,3,turkiye esim,1,en-US
best esim for dubai travel 2025,30.2,11,11,5,1,best esim for israel 2026,9,"en-GB,en-US"
buy esim for morocco,30.2,11,9.5,3,1,esim for morocco review,1,"en-GB,en-US"
esim for japan reddit,30.2,6,6.5,1,1,esim for japan review,6,"en-GB,en-US"
holafly esim south africa,30.2,6,9.5,5,1,holafly esim saudi arabia,7,"en-GB,en-US"
albania sim card tourist,30.2,1,5.0,1,3,croatia sim card for tourists,1,"en-GB,en-US"
can you buy an esim in china,30.2,1,5.0,1,3,do i need an esim for china,1,"en-GB,en-US"
esim for foreign travel,30.2,1,5.0,1,2,do i need an esim for fiji,1,"en-GB,en-US"
jetpack food,30.2,1,5.0,1,2,is jetpac good,0,"en-GB,en-US"
nomad esim kopen,30.2,1,5.0,1,3,nomad esim uk,1,"en-GB,en-US"
saudi arabia sim card price,30.2,1,5.0,1,2,saudi arabia sim card for tourists,1,"en-GB,en-US"
will an ee esim work in usa,30.2,1,5.0,1,1,does esim work in usa,2,"en-GB,en-US"
esim card for france travel,30.0,10,7.0,0,4,france esim coverage map,1,"en-GB,en-US"
esim best value and coverage canada,30.0,5,7,2,1,esim coverage in canada,3,"en-GB,en-US"
free esim in usa,30.0,5,7.0,2,3,esim coverage in georgia,4,"en-GB,en-US"
how to use esim in thailand,30.0,5,7.0,2,1,esim coverage in thailand,2,"en-GB,en-US"
what is the best esim for peru,30.0,5,7,2,3,peru esim best,1,"en-GB,en-US"
esim for the usa,29.8,14,12,5,1,usa esim coverage map,10,"en-GB,en-US"
best esim for europe from canada,29.8,4,6.0,1,3,best esim for canada 2026,1,"en-GB,en-US"
china esim data plan,29.8,4,6.0,1,1,china esim coverage map,2,"en-GB,en-US"
esim for the philippines reddit,29.8,4,6.0,1,3,esim for manila review,3,"en-GB,en-US"
how to get a free esim,29.8,4,6,1,3,how to get an esim for georgia,3,"en-GB,en-US"
iphone that support esim,29.7,13,8,0,4,esim macao for iphone,13,en-US
esim for turks and caicos,29.7,8,6.5,0,5,esim coverage in turkiye,4,"en-GB,en-US"
hong kong data esim,29.7,8,8,2,1,unlimited data esim hong kong,2,"en-GB,en-US"
sim card china tourists,29.7,8,8.0,2,1,macao sim card for tourists,8,"en-GB,en-US"
airalo esim installation,29.7,3,5,0,4,airalo esim israel,3,"en-GB,en-US"
australia esim with phone number,29.7,3,5,0,4,australia esim,3,"en-GB,en-US"
best esim card for france,29.7,3,5,0,5,best esim for france,1,"en-GB,en-US"
best esim for india from australia,29.7,3,5.0,0,5,best esim for india,1,"en-GB,en-US"
best esim for london,29.7,3,5,0,4,best esim for amsterdam,2,"en-GB,en-US"
esim for thailand from australia,29.7,3,5.0,0,5,esim for thailand,2,"en-GB,en-US"
esim for vietnam from australia,29.7,3,5.0,0,5,esim for vietnam,2,"en-GB,en-US"
korean sim card for tourists,29.7,3,5,0,4,kenya sim card for tourists,3,"en-GB,en-US"
saudi esim for visitors,29.5,17,10.0,1,3,ksa esim coverage map,3,"en-GB,en-US"
best esim plan singapore,29.5,12,10,3,1,singapore esim coverage map,2,"en-GB,en-US"
holafly esim unlimited data,29.5,7,7.0,1,3,holafly esim united arab emirates,8,"en-GB,en-US"
how to buy esim for japan,29.5,7,7,1,3,esim for fiji review,3,"en-GB,en-US"
holafly esim inde,29.5,2,5.5,1,2,holafly esim india,2,"en-GB,en-US"
is saily esim good for japan,29.5,2,5.5,1,3,saily esim japan,1,"en-GB,en-US"
nomad esim portugal,29.5,2,5.5,1,3,nomad esim poland,2,en-US
meilleur esim costa rica,29.3,26,12.0,0,10,cheap esim costa rica,1,"en-GB,en-US"
esim for spain and portugal,29.3,11,10.5,4,2,esim for spain,3,"en-GB,en-US"
dual sim vs esim,29.3,6,6.0,0,4,esim qatar vs sim,6,en-US
esim for iphone se,29.3,6,6.0,0,4,esim croatia for iphone,6,en-US
singapore sim card for tourists,29.3,6,6,0,4,indonesia sim card for tourists,7,"en-GB,en-US"
airalo esim card thailand,29.3,1,4.5,0,4,airalo esim thailand,1,"en-GB,en-US"
best esim for japan reddit,29.3,1,4.5,0,4,best esim for japan,1,"en-GB,en-US"
best esim israel,29.3,1,4.5,0,4,esim israel,1,"en-GB,en-US"
best malaysia sim card for tourist 2025,29.3,1,4.5,0,4,malaysia sim card for tourists,1,"en-GB,en-US"
budget esim spain and portugal,29.3,1,4.5,0,4,esim for spain and portugal,2,"en-GB,en-US"
buy airalo esim japan,29.3,1,4.5,0,4,airalo esim japan,1,"en-GB,en-US"
claro costa rica esim,29.3,1,4.5,0,4,costa rica esim,1,"en-GB,en-US"
como funciona o esim,29.3,1,4.5,0,4,esim rio de janeiro,0,"en-GB,en-US"
esim berlaku berapa lama,29.3,1,4.5,0,4,esim berlin,0,"en-GB,en-US"
esim cards in ireland,29.3,1,4.5,0,4,ireland esim card,1,"en-GB,en-US"
esim claro costa rica,29.3,1,4.5,0,4,esim for costa rica,1,"en-GB,en-US"
esim for japan from australia,29.3,1,4.5,0,4,esim for japan,1,"en-GB,en-US"
esim thailand beste,29.3,1,4.5,0,4,esim thailand,1,"en-GB,en-US"
free esim saudi arabia,29.3,1,4.5,0,4,esim saudi arabia,1,"en-GB,en-US"
holland simplex 2,29.3,1,4.5,0,4,holland esim,1,"en-GB,en-US"
india sim card unlimited data,29.3,1,4.5,0,4,india esim card,1,"en-GB,en-US"
is omad good for fat loss,29.3,1,4.5,0,4,is nomad good,0,"en-GB,en-US"
ism middle east 2026,29.3,1,4.5,0,4,best esim for israel 2026,1,"en-GB,en-US"
maldives esim tourist,29.3,1,4.5,0,4,esim maldives,0,"en-GB,en-US"
meo esim card portugal,29.3,1,4.5,0,4,portugal esim card,1,"en-GB,en-US"
nomad esim china,29.3,1,4.5,0,4,nomad esim,0,"en-GB,en-US"
prepaid sim card canada for tourists,29.3,1,4.5,0,4,canada sim card for tourists,1,"en-GB,en-US"
sim card for france,29.3,1,4.5,0,4,france sim card for tourists,1,"en-GB,en-US"
thailand esim ais,29.3,1,4.5,0,4,thailand esim,1,"en-GB,en-US"
tokyo esim card,29.3,1,4.5,0,4,esim tokyo,0,"en-GB,en-US"
travel sim for philippines,29.3,1,4.5,0,4,philippines sim card for tourists,1,"en-GB,en-US"
uk esim pay as you go,29.3,1,4.5,0,4,uk esim,1,"en-GB,en-US"
uk esim plans,29.3,1,4.5,0,4,uk esim,1,"en-GB,en-US"
uk sim card in india,29.3,1,4.5,0,4,uk esim card,1,"en-GB,en-US"
vodafone australia sim card for tourist,29.3,1,4.5,0,4,australia sim card for tourists,2,"en-GB,en-US"
vodafone esim for kenya,29.3,1,4.5,0,4,esim for kenya,1,"en-GB,en-US"
vodafone esim for spain and portugal,29.3,1,4.5,0,4,esim for spain and portugal,2,"en-GB,en-US"
what esim is best for malaysia,29.3,1,4.5,0,4,best esim for malaysia,1,"en-GB,en-US"
what is the best esim for south korea,29.3,1,4.5,0,4,best esim for south korea,2,"en-GB,en-US"
cheapest monthly esim uk,29.2,25,12.5,1,3,cheapest esim for ireland,25,"en-GB,en-US"
best esim for paris,29.2,10,8,1,3,esim for paris,3,"en-GB,en-US"
mobile esim for canada,29.2,10,8,1,3,canada esim coverage map,3,"en-GB,en-US"
best esim for scotland,29.2,5,8.0,3,1,esim for iceland review,4,"en-GB,en-US"
alosim esim card,29.0,4,7,2,3,alosim esim china,4,"en-GB,en-US"
cheap phone in philippines with esim support,29.0,4,7,2,1,cheap esim philippines,2,"en-GB,en-US"
esim data plan uk,29.0,4,7.0,2,1,ireland esim coverage map,3,"en-GB,en-US"
holafly esim review china,29.0,4,7,2,2,esim for china review,6,"en-GB,en-US"
esim for united kingdom,28.8,13,9,1,3,uk esim coverage map,5,"en-GB,en-US"
best esim for chile,28.8,8,9.0,3,1,esim for peru and chile,4,"en-GB,en-US"
how to get esim online,28.8,8,7.5,1,2,how to get an esim for georgia,8,en-US
airalo esim card india,28.8,3,6.0,1,3,airalo esim india,2,"en-GB,en-US"
australia esim providers,28.8,3,6,1,2,australia esim price,3,"en-GB,en-US"
best esim for bali from uk,28.8,3,6,1,2,bali esim best,1,"en-GB,en-US"
best esims for vietnam,28.8,3,6.0,1,1,viet nam esim best,3,"en-GB,en-US"
cheap esim mauritius,28.8,3,6,1,3,cheap esim mexico,3,en-US
esim in the philippines,28.8,3,6,1,1,esim coverage in philippines,3,en-US
taiwan sim card for tourist,28.8,3,6,1,1,taiwan sim card for tourists,3,"en-GB,en-US"
thailand sim card for tourists,28.8,3,6,1,3,iceland sim card for tourists,4,en-US
cheapest esim for turkey,28.7,22,11.0,0,4,cheapest esim czech republic,10,"en-GB,en-US"
best esim for north america and canada,28.7,7,8,2,3,best esim for canada 2026,4,"en-GB,en-US"
buy esim for japan,28.7,7,6.5,0,4,esim coverage in japan,2,"en-GB,en-US"
airalo esim discount code,28.7,2,5,0,5,esim discount code,0,"en-GB,en-US"
airalo esim middle east,28.7,2,5.0,0,5,airalo esim mexico,2,en-US
best esim brazil,28.7,2,5.0,0,4,esim brazil,1,"en-GB,en-US"
best esim for italy road trip,28.7,2,5.0,0,5,best esim for italy,1,"en-GB,en-US"
best esim for spain with phone number,28.7,2,5.0,0,5,best esim for spain,1,"en-GB,en-US"
best esim for travel to usa from canada,28.7,2,5.0,0,4,best esim for canada and usa,3,"en-GB,en-US"
best esim for vietnam for australians,28.7,2,5.0,0,5,best esim for vietnam,2,"en-GB,en-US"
cheapest postpaid esim australia,28.7,2,5.0,0,5,cheapest esim australia,2,"en-GB,en-US"
esim 10gb free trial,28.7,2,5.0,0,4,esim saudi arabia 10gb,2,en-US
esim canada with phone number,28.7,2,5,0,5,esim canada,2,"en-GB,en-US"
esim for free,28.7,2,5,0,4,esim for korea,2,en-GB
esim for germany with phone number,28.7,2,5.0,0,5,esim for germany,2,"en-GB,en-US"
esim for italy with phone number,28.7,2,5,0,5,esim for italy,1,"en-GB,en-US"
esim for malaysia and thailand,28.7,2,5.0,0,5,esim for malaysia,2,"en-GB,en-US"
esim for montenegro,28.7,2,5,0,5,esim for macao,1,en-US
esim for turkey maya,28.7,2,5.0,0,5,esim for turkiye,2,"en-GB,en-US"
esim japan travel reddit,28.7,2,5,0,4,esim japan reddit,1,"en-GB,en-US"
esim malaysia klook,28.7,2,5.0,0,5,esim malaysia,2,"en-GB,en-US"
esim philippines prepaid,28.7,2,5.0,0,4,esim philippines,1,"en-GB,en-US"
esim turkey uk,28.7,2,5.0,0,4,esim turkey,2,"en-GB,en-US"
esim usa plans,28.7,2,5.0,0,4,esim usa,2,"en-GB,en-US"
france sim card long stay,28.7,2,5,0,5,france sim card for tourists,1,"en-GB,en-US"
germany esim for travel,28.7,2,5.0,0,5,germany esim,1,"en-GB,en-US"
holafly esim instructions,28.7,2,5,0,4,holafly esim india,2,"en-GB,en-US"
italy esim card,28.7,2,5.0,0,5,italy esim,1,"en-GB,en-US"
italy sim card unlimited data,28.7,2,5,0,5,italy esim card,1,"en-GB,en-US"
japan sim card for tourist from australia,28.7,2,5.0,0,4,japan sim card for tourists,3,"en-GB,en-US"
malaysia sim card price,28.7,2,5,0,5,malaysia esim card,1,"en-GB,en-US"
nomad esim installation,28.7,2,5.0,0,4,nomad esim india,2,en-GB
sim card vs esim card,28.7,2,5.0,0,4,esim fiji vs sim,2,en-US
singapore sim card list,28.7,2,5,0,4,singapore esim card,1,"en-GB,en-US"
sosim esim hong kong,28.7,2,5.0,0,4,alosim esim hong kong,1,"en-GB,en-US"
spain esim data,28.7,2,5,0,5,spain esim,1,"en-GB,en-US"
turkey sim card price,28.7,2,5,0,4,turkey esim card,2,"en-GB,en-US"
vietnam esim klook,28.7,2,5.0,0,5,vietnam esim,2,"en-GB,en-US"
vivo esim brazil,28.7,2,5.0,0,4,esim for brazil,1,"en-GB,en-US"
which esim is best for switzerland,28.7,2,5.0,0,5,best esim for switzerland,1,"en-GB,en-US"
how to get esim uk,28.5,26,13,1,2,do i need an esim for ireland,22,"en-GB,en-US"
chinese sim card for tourist,28.5,6,7,1,3,macao sim card for tourists,6,"en-GB,en-US"
esim card for indonesia,28.5,6,7,1,2,esim coverage in indonesia,1,"en-GB,en-US"
esim vs physical sim,28.5,6,7,1,3,esim georgia vs sim,4,"en-GB,en-US"
how to buy esim online in india,28.5,6,7.0,1,3,is esim available in czechia,2,en-US
best sim card in turkey for tourists,28.5,1,5.5,1,2,turkiye sim card for tourists,1,"en-GB,en-US"
best uk esim pay as you go,28.5,1,5.5,1,3,uk esim best,1,"en-GB,en-US"
do you have to pay for esim,28.5,1,5.5,1,3,do i need an esim for georgia,1,"en-GB,en-US"
esim for cape verde,28.5,1,5.5,1,2,cape town esim coverage map,1,"en-GB,en-US"
how good is world sim in peru,28.5,1,5.5,1,2,peru sim card for tourists,1,"en-GB,en-US"
korea travel sim card,28.5,1,5.5,1,2,south korea sim card for tourists,2,"en-GB,en-US"
saudi sim for visitors,28.5,1,5.5,1,2,saudi arabia sim card for tourists,1,"en-GB,en-US"
sim card for colombia,28.5,1,5.5,1,1,colombia sim card for tourists,1,"en-GB,en-US"
sim card in spain for tourist,28.5,1,5.5,1,2,argentina sim card for tourists,1,"en-GB,en-US"
sim card in usa for tourist,28.5,1,5.5,1,3,usa sim card for tourists,2,"en-GB,en-US"
sim cards for iceland,28.5,1,5.5,1,1,iceland sim card for tourists,1,"en-GB,en-US"
esim for my phone,28.3,10,7.5,0,6,esim argentina for iphone,10,en-US
best esim for canada & usa,28.3,5,6.0,0,6,best esim for canada,3,"en-GB,en-US"
best esim for the philippines,28.3,5,7.5,2,1,esim for manila review,4,en-US
best esim for uk from australia,28.3,5,6.0,0,5,best esim for uk,4,"en-GB,en-US"
esim for sri lanka and maldives,28.3,5,6,0,4,esim for maldives,2,"en-GB,en-US"
how to activate nomad esim,28.3,5,6,0,5,nomad esim saudi arabia,6,en-US
indonesian sim card for tourist,28.3,5,7.5,2,2,croatia sim card for tourists,6,"en-GB,en-US"
philippines esim with phone number,28.3,5,6,0,4,manila esim coverage map,2,"en-GB,en-US"
best esim plans for new zealand,28.2,9,8,1,1,new zealand esim plans,2,"en-GB,en-US"
esim app for iphone,28.2,9,8,1,3,esim georgia for iphone,10,en-US
esim for iphone uk,28.0,28,13.5,0,9,esim ireland for iphone,30,en-US
esim card vs sim card,28.0,8,7.0,0,5,esim india vs sim,9,en-US
recommended esim for japan,28.0,8,7,0,4,do i need an esim for fiji,3,"en-GB,en-US"
roamic esim activation,28.0,3,5.5,0,4,roamic esim uk,1,"en-GB,en-US"
which esim provider in japan uses au,28.0,3,5.5,0,4,esim coverage in fiji,1,"en-GB,en-US"
how to use esim on iphone abroad,27.8,12,9.0,1,3,esim united arab emirates for iphone,13,en-US
e sim for morocco,27.8,7,7.5,1,3,morocco sim card for tourists,1,"en-GB,en-US"
airalo esim for peru,27.8,2,6.0,1,2,airalo esim peru,1,"en-GB,en-US"
airalo esim germany,27.8,2,6,1,2,airalo esim georgia,2,en-GB
best esim deals uk,27.8,2,6,1,2,uk esim best,1,"en-GB,en-US"
best esim for japan and taiwan,27.8,2,6,1,3,best esim for taipei 2026,2,"en-GB,en-US"
e sim card poland,27.8,2,6,1,1,poland sim card for tourists,1,"en-GB,en-US"
esim card for england,27.8,2,6,1,3,esim england,1,"en-GB,en-US"
esim china travel plans,27.8,2,6,1,2,china esim plans,1,"en-GB,en-US"
esim for namibia,27.8,2,6,1,2,esim for miami,1,"en-GB,en-US"
esim india airtel,27.8,2,6,1,1,esim india airport,1,"en-GB,en-US"
italy esim tourist,27.8,2,6,1,1,italy esim best,1,"en-GB,en-US"
nomad esim europe,27.8,2,6,1,1,nomad esim colombia,1,"en-GB,en-US"
nz esim travel,27.8,2,6,1,2,nz esim best,1,"en-GB,en-US"
taiwan esim providers,27.8,2,6,1,1,taiwan esim price,1,"en-GB,en-US"
thailand esim plans,27.8,2,6,1,2,thailand esim price,1,"en-GB,en-US"
ubigi esim philippines,27.8,2,6.0,1,1,ubigi esim fiji,2,en-US
usa esim tourist,27.8,2,6,1,1,usa esim best,2,"en-GB,en-US"
best esim for ireland and scotland,27.7,16,9.5,0,4,best esim for iceland,4,"en-GB,en-US"
singapore esim for tourist,27.7,11,8.0,0,6,cape town esim reddit,4,"en-GB,en-US"
singapore sim card for tourist,27.7,6,8,2,2,singapore esim card,7,"en-GB,en-US"
airalo esim china,27.7,1,5,0,5,airalo esim,0,en-GB
airalo esim china stopped working,27.7,1,5.0,0,5,airalo esim china,1,"en-GB,en-US"
airalo esim hk,27.7,1,5,0,5,airalo esim uk,1,en-GB
airalo esim review japan,27.7,1,5,0,5,airalo esim new zealand,1,en-US
airalo esim us,27.7,1,5.0,0,4,airalo esim uk,1,"en-GB,en-US"
amsterdam smart city,27.7,1,5,0,5,amsterdam esim,1,en-US
argentina simboli,27.7,1,5.0,0,5,argentina esim,1,en-US
argentina similar flag,27.7,1,5.0,0,4,argentina esim,1,"en-GB,en-US"
bali sim card price,27.7,1,5.0,0,5,bali esim card,1,"en-GB,en-US"
belgium sim options,27.7,1,5.0,0,5,belgium esim,1,"en-GB,en-US"
best canada sim card for tourist,27.7,1,5.0,0,4,canada sim card for tourists,1,"en-GB,en-US"
best data esim nz,27.7,1,5.0,0,4,nz esim best,1,"en-GB,en-US"
best e sim for ireland,27.7,1,5.0,0,5,best esim for iceland,1,en-GB
best e sims for south africa,27.7,1,5.0,0,5,best esim for south africa,2,en-GB
best esim card for new zealand,27.7,1,5.0,0,5,best esim for new zealand,1,"en-GB,en-US"
best esim deals for turkey,27.7,1,5,0,5,turkey esim best,1,en-GB
best esim for canada from australia,27.7,1,5.0,0,5,best esim for canada,1,"en-GB,en-US"
best esim for china and taiwan,27.7,1,5.0,0,5,best esim for china,1,"en-GB,en-US"
best esim for mexico 2026,27.7,1,5.0,0,5,best esim for mexico,1,"en-GB,en-US"
best esim for paris france,27.7,1,5.0,0,4,esim for paris,0,"en-GB,en-US"
best esim for use in canada,27.7,1,5.0,0,5,best esim for uae,1,"en-GB,en-US"
best esim for zambia,27.7,1,5.0,0,5,best esim for nz,1,"en-GB,en-US"
best esim to use in south africa,27.7,1,5.0,0,4,best esim for south africa,2,"en-GB,en-US"
best esims for morocco,27.7,1,5,0,5,esim for morocco review,1,en-US
best sim cards for travel in egypt,27.7,1,5,0,5,egypt sim card for tourists,1,en-US
can i get esim in china,27.7,1,5,0,5,how to get an esim for china,1,en-US
canada esim for tourists,27.7,1,5.0,0,5,canada esim,1,"en-GB,en-US"
cancun images,27.7,1,5,0,5,cancun esim,1,en-US
cape town symphony choir,27.7,1,5,0,5,cape town esim,1,en-US
cheap australian esim,27.7,1,5,0,5,cheap esim australia,2,en-US
cheap esim contract,27.7,1,5,0,5,cheap esim macao,1,en-US
cheap esim plans canada,27.7,1,5,0,5,canada esim plans,1,en-US
cheap sim prepaid,27.7,1,5,0,5,cheap esim peru,1,en-US
cheapest esim for america,27.7,1,5,0,5,cheapest esim for uae,1,en-US
cheapest no contract esim,27.7,1,5.0,0,5,esim no contract,0,"en-GB,en-US"
cheapest payg esim uk,27.7,1,5,0,5,cheapest esim for uk,1,en-GB
cheapest sim uk,27.7,1,5.0,0,5,cheapest esim uk,1,en-GB
china esim for tourist,27.7,1,5.0,0,5,china esim,1,"en-GB,en-US"
china esim singapore,27.7,1,5,0,5,china esim best,1,en-US
china prepaid sim card for tourist,27.7,1,5.0,0,5,china sim card for tourists,1,"en-GB,en-US"
columbia estimated cost,27.7,1,5.0,0,5,colombia esim,1,"en-GB,en-US"
cosmote sim card greece,27.7,1,5,0,5,greece sim card for tourists,1,en-US
croatian simple words,27.7,1,5.0,0,5,croatia esim,1,en-GB
czech republic embassy,27.7,1,5,0,5,czech republic esim,1,en-US
czechia immigration,27.7,1,5.0,0,5,czechia esim,1,en-US
descargar esim en iphone,27.7,1,5,0,5,esim colombia for iphone,1,en-US
dubai esim online,27.7,1,5.0,0,5,dubai esim,1,"en-GB,en-US"
e sim card for costa rica,27.7,1,5,0,5,esim costa rica vs sim,1,en-US
e sim saudi arabia,27.7,1,5,0,5,yesim esim saudi arabia,1,en-US
ecim 2026 vienna,27.7,1,5,0,5,esim nz 2026,1,en-US
ee esim plans uk,27.7,1,5,0,5,uk esim plans,1,en-US
england simple map,27.7,1,5,0,5,england esim,1,en-GB
esim airtel kenya,27.7,1,5.0,0,5,esim kenya,1,en-US
esim app for android,27.7,1,5.0,0,5,esim for android,0,"en-GB,en-US"
esim argentina activar,27.7,1,5.0,0,5,esim argentina,1,"en-GB,en-US"
esim bali australia,27.7,1,5.0,0,5,esim bali,1,"en-GB,en-US"
esim bilingue,27.7,1,5,0,5,esim berlin,0,en-GB
esim blink,27.7,1,5.0,0,4,esim berlin,0,"en-GB,en-US"
esim card for egypt,27.7,1,5.0,0,5,esim for egypt,1,"en-GB,en-US"
esim card for japan travel,27.7,1,5.0,0,5,japan esim card,1,"en-GB,en-US"
esim china airalo,27.7,1,5.0,0,5,esim china,1,"en-GB,en-US"
esim china plans,27.7,1,5,0,5,china esim plans,1,en-US
esim china review,27.7,1,5.0,0,4,esim for china review,1,"en-GB,en-US"
esim colombia wom,27.7,1,5.0,0,5,esim colombia,1,"en-GB,en-US"
esim compatible phones fizz,27.7,1,5.0,0,5,esim compatible phones,0,"en-GB,en-US"
esim deals for europe,27.7,1,5.0,0,5,esim deals,0,"en-GB,en-US"
esim dubai data,27.7,1,5.0,0,5,esim dubai,1,"en-GB,en-US"
esim for asia and oceania,27.7,1,5.0,0,5,esim for asia,1,"en-GB,en-US"
esim for azerbaijan,27.7,1,5,0,5,esim for nz,1,en-US
esim for bali and gili islands,27.7,1,5.0,0,5,esim for bali,1,"en-GB,en-US"
esim for benidorm,27.7,1,5,0,5,esim for berlin,0,en-US
esim for canada with calling,27.7,1,5.0,0,5,esim for canada,1,"en-GB,en-US"
esim for cruise and land,27.7,1,5.0,0,5,esim for cruise,0,"en-GB,en-US"
esim for europe,27.7,1,5,0,5,esim,0,en-US
esim for greece 6 months,27.7,1,5.0,0,5,esim for greece,1,"en-GB,en-US"
esim for hajj,27.7,1,5,0,5,esim for hanoi,0,en-US
esim for india from usa,27.7,1,5.0,0,5,esim for india,1,"en-GB,en-US"
esim for iphone 14,27.7,1,5.0,0,5,esim for iphone,0,"en-GB,en-US"
esim for mexico,27.7,1,5,0,5,esim for miami,0,en-US
esim for roaming europe,27.7,1,5,0,5,esim for rome,0,en-US
esim for samsung,27.7,1,5,0,5,esim for ksa,1,en-US
esim for spain from uk,27.7,1,5.0,0,5,esim for spain,1,"en-GB,en-US"
esim for total wireless,27.7,1,5,0,5,esim for tokyo,0,en-US
esim for uk travel from india,27.7,1,5.0,0,5,esim for uk,1,"en-GB,en-US"
esim grecia internet,27.7,1,5.0,0,5,esim greece,1,en-GB
esim hong kong and australia,27.7,1,5.0,0,5,esim hong kong,1,"en-GB,en-US"
esim honor 400 pro,27.7,1,5,0,5,esim hanoi,0,en-US
esim hotspot plans,27.7,1,5.0,0,5,esim hot spot,0,"en-GB,en-US"
esim in sri lanka,27.7,1,5,0,5,best esim for india and sri lanka,1,en-US
esim india benefits,27.7,1,5.0,0,5,esim india,1,"en-GB,en-US"
esim italy with phone number,27.7,1,5.0,0,5,esim italy,1,"en-GB,en-US"
esim jamaica digicel,27.7,1,5,0,5,esim hawaii,0,en-GB
esim japan tourist,27.7,1,5.0,0,5,esim japan,1,"en-GB,en-US"
esim kanada,27.7,1,5.0,0,5,esim ksa,1,"en-GB,en-US"
esim key functions,27.7,1,5.0,0,5,esim kenya,1,en-GB
esim korea prepaid,27.7,1,5.0,0,5,esim korea,1,"en-GB,en-US"
esim linux,27.7,1,5,0,5,esim lisbon,0,en-GB
esim lontoo,27.7,1,5,0,5,esim london,0,en-GB
esim malawi,27.7,1,5.0,0,5,esim manila,1,"en-GB,en-US"
esim mifi router,27.7,1,5,0,5,esim miami,0,en-GB
esim morocco maya,27.7,1,5.0,0,5,esim morocco,1,"en-GB,en-US"
esim nz coverage,27.7,1,5.0,0,5,esim nz,1,"en-GB,en-US"
esim orange poland,27.7,1,5.0,0,5,esim poland,1,en-US
esim plan malaysia,27.7,1,5,0,5,malaysia esim plans,1,en-US
esim plans for travel,27.7,1,5.0,0,5,esim plans,0,"en-GB,en-US"
esim prepaid plans australia,27.7,1,5,0,5,australia esim plans,2,en-US
esim prueba,27.7,1,5.0,0,5,esim peru,1,"en-GB,en-US"
esim romania cu numar de telefon,27.7,1,5.0,0,5,esim rome,0,"en-GB,en-US"
esim singapore malaysia indonesia,27.7,1,5.0,0,5,esim singapore,1,"en-GB,en-US"
esim south africa telkom,27.7,1,5.0,0,5,esim south africa,2,"en-GB,en-US"
esim supported mobiles in india,27.7,1,5,0,5,esim coverage in india,1,en-US
esim thailand,27.7,1,5,0,5,esim holland,1,en-GB
esim thailand 15 days,27.7,1,5.0,0,4,esim thailand,1,"en-GB,en-US"
esim uae number,27.7,1,5.0,0,5,esim uae,1,"en-GB,en-US"
esim vs sim card speed,27.7,1,5.0,0,5,esim vs sim,0,"en-GB,en-US"
esim with international coverage,27.7,1,5,0,5,is esim worth it,0,en-US
fiji travel esim,27.7,1,5.0,0,4,esim fiji,1,"en-GB,en-US"
france esim data,27.7,1,5.0,0,5,france esim,1,"en-GB,en-US"
georgia estimated tax forms for 2026,27.7,1,5.0,0,5,georgia esim,1,en-US
georgia simmerling,27.7,1,5.0,0,5,georgia esim,1,en-GB
german sim card plans,27.7,1,5,0,5,germany esim card,1,en-GB
get esim online india,27.7,1,5,0,5,how to get an esim for india,1,en-US
get free esim uk,27.7,1,5,0,5,how to get an esim for uk,1,en-US
greece sim card unlimited data,27.7,1,5.0,0,4,greece esim card,1,"en-GB,en-US"
greek sim card for iphone,27.7,1,5,0,5,greece esim card,1,en-GB
holafly esim coupon,27.7,1,5,0,5,holafly esim macao,1,en-US
hong kong sim card 365 days,27.7,1,5.0,0,5,hong kong esim card,1,"en-GB,en-US"
how do esims work in japan,27.7,1,5.0,0,4,does esim work in japan,1,"en-GB,en-US"
how to activate holafly esim in china,27.7,1,5,0,5,holafly esim china,1,en-GB
how to get an esim for iphone,27.7,1,5,0,5,how to get an esim for usa,2,en-US
how to get saily esim to work in china,27.7,1,5,0,5,saily esim china,1,en-US
how to install esim on apple watch,27.7,1,5.0,0,4,how to install esim,0,"en-GB,en-US"
indonesia esim with international calls to uk,27.7,1,5.0,0,5,indonesia esim,1,"en-GB,en-US"
international roaming data esim,27.7,1,5,0,5,roami esim united arab emirates,1,en-US
iphone 12 esim compatible uk,27.7,1,5,0,5,esim uk for iphone,1,en-US
iphone 15 esim china,27.7,1,5,0,5,esim china for iphone,1,en-US
iphone 17 esim australia,27.7,1,5,0,5,esim australia for iphone,2,en-US
iphone 17 pro max esim canada,27.7,1,5,0,5,esim canada for iphone,1,en-US
iphone 17 pro max esim hong kong,27.7,1,5,0,5,esim hong kong for iphone,1,en-US
is airalo good for india,27.7,1,5.0,0,5,is airalo good,0,"en-GB,en-US"
is ram good in r6,27.7,1,5,0,5,is roami good,0,en-GB
is saily esim good,27.7,1,5.0,0,5,is saily good,0,"en-GB,en-US"
istanbul simit,27.7,1,5.0,0,5,istanbul esim,1,"en-GB,en-US"
japan esim sale,27.7,1,5,0,5,japan esim best,1,en-US
japanese sim card for tourists,27.7,1,5,0,5,japan sim card for tourists,1,en-GB
jetpac online,27.7,1,5,0,5,is jetpac good,0,en-US
jio esim plans india,27.7,1,5,0,5,india esim plans,1,en-US
kenya simmons-glasgow,27.7,1,5.0,0,5,kenya esim,1,en-GB
ksa embassy,27.7,1,5,0,5,ksa esim,1,en-US
lycamobile esim belgium,27.7,1,5.0,0,5,esim belgium,1,"en-GB,en-US"
manila eisele,27.7,1,5,0,5,manila esim,1,en-US
mexico esim telcel,27.7,1,5.0,0,5,mexico esim,1,"en-GB,en-US"
morocco esim orange,27.7,1,5.0,0,5,morocco esim,1,"en-GB,en-US"
new esic rules 2026,27.7,1,5.0,0,4,czech republic esim 2026,1,"en-GB,en-US"
new zealand esim travel,27.7,1,5.0,0,5,new zealand esim,1,"en-GB,en-US"
nomad esim cost,27.7,1,5,0,5,nomad esim macao,1,en-US
nomad esim india,27.7,1,5,0,5,nomad esim spain,1,en-GB
nomad esim mexico,27.7,1,5,0,5,nomad esim uk,1,en-US
nomad esim promo,27.7,1,5,0,5,nomad esim peru,1,en-US
nz esim activation,27.7,1,5.0,0,5,nz esim,1,"en-GB,en-US"
partner israel esim,27.7,1,5.0,0,5,israel esim,1,en-US
peru sim card providers,27.7,1,5.0,0,5,peru esim card,1,"en-GB,en-US"
poland similar flags,27.7,1,5.0,0,5,poland esim,1,en-GB
portable wifi vs esim,27.7,1,5,0,5,esim vs pocket wifi,0,en-US
portable wifi with esim,27.7,1,5,0,5,esim vs pocket wifi,0,en-GB
prague embassy,27.7,1,5,0,5,prague esim,1,en-US
prepaid sim card in usa for tourist guide,27.7,1,5.0,0,4,usa sim card for tourists,2,"en-GB,en-US"
qatar similar flag,27.7,1,5.0,0,5,qatar esim,1,en-GB
riyadh embassy,27.7,1,5,0,5,riyadh esim,1,en-US
roam foods,27.7,1,5,0,5,is roami good,0,en-US
roamic coupon,27.7,1,5,0,5,is roamic good,0,en-US
s22+ esim,27.7,1,5,0,5,esim czech republic 2026,1,en-US
saily esim configuration,27.7,1,5,0,5,saily esim macao,1,en-US
saily esim europe reddit,27.7,1,5,0,5,saily esim colombia,1,en-US
saily esim fiji,27.7,1,5.0,0,5,esim for fiji,1,"en-GB,en-US"
saily esim karte,27.7,1,5,0,5,saily esim uk,1,en-GB
saily esim prices,27.7,1,5,0,5,saily esim peru,1,en-US
san jose costa rica icao,27.7,1,5,0,5,san jose costa rica esim,1,en-US
saudi arabia international airport,27.7,1,5,0,5,esim saudi arabia airport,1,en-US
saudi arabia sims,27.7,1,5.0,0,5,saudi arabia esim,1,"en-GB,en-US"
seoul sim card,27.7,1,5.0,0,5,seoul esim,1,"en-GB,en-US"
sim card in the philippines,27.7,1,5,0,5,philippines sim card for tourists,1,en-US
sim card to use in italy,27.7,1,5,0,5,italy sim card for tourists,1,en-GB
sim cards for south america,27.7,1,5,0,5,argentina sim card for tourists,1,en-GB
south african e sim,27.7,1,5.0,0,5,south africa esim,2,en-GB
taipei embassy,27.7,1,5,0,5,taipei esim,1,en-US
taiwan esim card,27.7,1,5.0,0,5,taiwan esim,1,"en-GB,en-US"
thailand e sim card for tourist,27.7,1,5.0,0,5,thailand sim card for tourists,1,"en-GB,en-US"
thailand esim reddit,27.7,1,5,0,5,thailand esim price,1,en-US
thailand sim card for tourist,27.7,1,5,0,5,south korea sim card for tourists,2,en-GB
three ireland esim,27.7,1,5.0,0,5,ireland esim,1,"en-GB,en-US"
tigo esim colombia,27.7,1,5.0,0,5,esim for colombia,1,"en-GB,en-US"
transfer airtel esim to new iphone in usa,27.7,1,5,0,5,esim usa for iphone,2,en-US
travel esim egypt,27.7,1,5.0,0,5,esim egypt,1,"en-GB,en-US"
ubigi code,27.7,1,5,0,5,is ubigi good,0,en-US
ubigi esim discount,27.7,1,5,0,5,ubigi esim india,1,en-GB
ubigi esim japan reviews,27.7,1,5,0,5,esim for japan review,1,en-US
uk esim to use abroad,27.7,1,5,0,5,uk esim best,1,en-US
uk travel sim card,27.7,1,5,0,5,uk sim card for tourists,1,en-US
united arab emirates emblem,27.7,1,5.0,0,5,united arab emirates esim,1,en-US
usa esim card,27.7,1,5.0,0,5,usa esim,2,"en-GB,en-US"
vietnam sim card price,27.7,1,5,0,5,viet nam esim card,1,en-GB
vivo brazil esim,27.7,1,5.0,0,5,brazil esim,1,en-GB
vodafone esim qatar,27.7,1,5.0,0,5,esim qatar,1,"en-GB,en-US"
vodafone greece esim,27.7,1,5.0,0,5,greece esim,1,"en-GB,en-US"
what is an esim card and how does it work,27.7,1,5.0,0,5,what is an esim,0,"en-GB,en-US"
what is esi coverage,27.7,1,5,0,5,esim coverage in georgia,1,en-US
what is the best esim for australia,27.7,1,5.0,0,4,best esim for australia and new zealand,3,"en-GB,en-US"
what is the best esim for jamaica,27.7,1,5.0,0,5,best esim for fiji,1,en-GB
yes i'm good,27.7,1,5,0,5,is yesim good,0,en-GB
esim data only australia,27.5,5,7,1,2,australia esim unlimited data,3,"en-GB,en-US"
esim for thailand airalo,27.5,5,7,1,3,airalo esim south korea,6,"en-GB,en-US"
which esim is best for china,27.5,5,7.0,1,1,best esim for china 2026,4,"en-GB,en-US"
best esim for usa and mexico,27.3,19,12,2,2,esim for usa and mexico,9,"en-GB,en-US"
best esim for europe travel,27.3,4,6,0,4,best esim for belgium,3,"en-GB,en-US"
best esim for italy france and spain,27.3,4,9.0,4,1,best esim for france and italy,2,"en-GB,en-US"
best esim for usa unlimited data,27.3,4,6.0,0,4,usa esim best,3,"en-GB,en-US"
esim for china and japan,27.3,4,6,0,4,japan esim coverage map,2,"en-GB,en-US"
international esim card for iphone,27.3,4,6.0,0,5,esim qatar for iphone,4,en-US
best esim for thailand reddit,27.2,8,8,1,2,esim thailand reddit,7,"en-GB,en-US"
buy esim online usa,27.2,8,8,1,3,czech republic esim unlimited,4,"en-GB,en-US"
esim card australia and new zealand,27.2,3,6.5,1,3,esim for australia and new zealand,4,"en-GB,en-US"
esim for use in china,27.2,3,6.5,1,2,do i need an esim for china,3,"en-GB,en-US"
holafly esim instalar,27.2,3,6.5,1,2,holafly esim israel,3,"en-GB,en-US"
best esim card for south africa,27.0,7,7.0,0,4,esim south africa reddit,3,"en-GB,en-US"
best esim for america,27.0,7,7.0,0,4,best esim for georgia 2026,5,"en-GB,en-US"
esim local phone number uk and ireland,27.0,7,7,0,5,is esim available in ireland,2,"en-GB,en-US"
is esim available in china,27.0,7,7,0,5,is esim available in uk,8,en-US
reviews of airalo esim,27.0,7,7,0,6,airalo esim hong kong,9,en-US
airalo esim international,27.0,2,5.5,0,4,airalo esim india,2,en-GB
argentina sim card reddit,27.0,2,7.0,2,2,argentina esim card,1,"en-GB,en-US"
best esim for bali telkomsel,27.0,2,5.5,0,5,best esim for bali,1,"en-GB,en-US"
best esim for tokyo reddit,27.0,2,5.5,0,5,esim for tokyo,0,"en-GB,en-US"
egypt sim card uk,27.0,2,5.5,0,5,egypt esim card,1,"en-GB,en-US"
esim for australian number,27.0,2,5.5,0,5,esim for australia,3,"en-GB,en-US"
esim indonesia bali,27.0,2,5.5,0,4,esim indonesia,1,"en-GB,en-US"
esim mexico for tourists,27.0,2,5.5,0,5,esim mexico,1,"en-GB,en-US"
esim packages saudi arabia,27.0,2,5.5,0,5,esim for saudi arabia,1,"en-GB,en-US"
esim south korea for both data and phone,27.0,2,5.5,0,4,esim south korea,2,"en-GB,en-US"
esim to use in india,27.0,2,5.5,0,5,do i need an esim for ksa,2,en-GB
esim turkey reviews,27.0,2,7.0,2,1,esim for turkey review,1,"en-GB,en-US"
nomad esim brazil,27.0,2,5.5,0,4,esim brazil,1,en-US
saily esim montenegro,27.0,2,5.5,0,4,saily esim mexico,2,en-US
turkey esim data,27.0,2,5.5,0,5,turkey esim,2,"en-GB,en-US"
uk sim card for travellers,27.0,2,5.5,0,4,uk sim card for tourists,1,"en-GB,en-US"
esim for different countries,26.8,11,9,1,2,kenya esim coverage map,7,"en-GB,en-US"
esim vs physical sim singapore,26.8,6,7.5,1,1,esim singapore vs sim,3,en-US
does orange esim work in uk,26.8,1,6.0,1,2,does esim work in uk,1,"en-GB,en-US"
hong kong tourist sim card airport,26.8,1,6.0,1,3,hong kong sim card for tourists,1,"en-GB,en-US"
international sim card indonesia,26.8,1,6.0,1,2,indonesia sim card for tourists,1,"en-GB,en-US"
israel prepaid sim card deals,26.8,1,6.0,1,3,israel sim card for tourists,1,"en-GB,en-US"
japan prepaid sim card for tourist,26.8,1,6.0,1,3,fiji sim card for tourists,1,"en-GB,en-US"
sim card for mexico from canada,26.8,1,6.0,1,3,mexico sim card for tourists,1,"en-GB,en-US"
sim card in qatar,26.8,1,6.0,1,2,qatar sim card for tourists,1,"en-GB,en-US"
sim for costa rica,26.8,1,6.0,1,2,costa rica sim card for tourists,1,"en-GB,en-US"
us mobile esim qr code,26.8,1,6.0,1,3,qatar esim coverage map,1,"en-GB,en-US"
esim for travel review,26.7,20,11.0,0,7,esim for brazil review,20,"en-GB,en-US"
best esim for ecuador,26.7,10,9.5,2,3,esim for colombia review,3,"en-GB,en-US"
best esim for china and japan,26.7,5,8.0,2,2,best esim for china 2026,3,"en-GB,en-US"
holafly esim discount code,26.7,5,8,2,3,esim discount code,3,"en-GB,en-US"
indonesia sim card for tourist,26.7,5,8.0,2,1,indonesia sim card for tourists,6,"en-GB,en-US"
travel esim for turkey,26.5,14,10,1,1,turkey esim coverage map,4,"en-GB,en-US"
airalo esim for china,26.5,4,7.0,1,3,airalo esim south korea,5,"en-GB,en-US"
cheapest esim south africa,26.5,4,7.0,1,1,cheapest esim seoul,4,"en-GB,en-US"
sim card in thailand for tourist,26.5,4,7.0,1,3,iceland sim card for tourists,5,"en-GB,en-US"
switzerland esim providers,26.5,4,7,1,2,switzerland esim price,1,"en-GB,en-US"
switzerland esim tourist,26.5,4,7,1,1,switzerland esim best,1,"en-GB,en-US"
esim for japan and vietnam,26.3,13,9,0,5,esim for philippines and vietnam,6,"en-GB,en-US"
esim providers in usa,26.3,8,9.0,2,1,esim coverage in georgia,4,"en-GB,en-US"
alosim esim review,26.3,3,6.0,0,5,alosim esim uk,3,"en-GB,en-US"
best esim for rome,26.3,3,6,0,4,esim for rome,2,"en-GB,en-US"
best esims for south africa,26.3,3,6.0,0,4,best esim for cape town 2026,1,"en-GB,en-US"
cheapest esim in taiwan,26.3,3,6.0,0,5,cheapest esim spain,3,en-GB
download esim for iphone,26.3,3,6,0,5,esim georgia for iphone,3,en-US
esim data plan australia,26.3,3,6,0,4,esim data plan,3,"en-GB,en-US"
esim for vietnam from india,26.3,3,6.0,0,6,esim for vietnam,2,"en-GB,en-US"
esim vietnam mobile,26.3,3,6.0,0,6,esim vietnam,2,"en-GB,en-US"
saily esim installiert sich nicht,26.3,3,6,0,5,saily esim india,3,en-GB
sim card for germany travel,26.3,3,6.0,0,5,austria sim card for tourists,4,"en-GB,en-US"
which esim for japan,26.3,3,6,0,6,esim for japan and south korea,3,"en-GB,en-US"
best esim to buy for japan,26.2,7,8,1,1,best esim for fiji 2026,2,"en-GB,en-US"
best unlimited esim for europe,26.2,7,8,1,2,czech republic esim unlimited,4,"en-GB,en-US"
how to get esim in saudi arabia,26.2,7,8,1,1,how to get an esim for saudi arabia,5,"en-GB,en-US"
what is esim malaysia,26.2,7,8,1,2,esim coverage in malaysia,5,"en-GB,en-US"
south african sim card for travellers,26.2,2,6.5,1,3,south africa sim card for tourists,2,"en-GB,en-US"
ubigi esim in china,26.2,2,6.5,1,3,ubigi esim india,2,en-GB
international esim data plan,26.0,11,8.5,0,4,iceland esim coverage map,11,"en-GB,en-US"
esim for japan and korea,26.0,6,7,0,7,esim coverage in japan,4,"en-GB,en-US"
what is a nomad esim card,26.0,6,7.0,0,4,nomad esim saudi arabia,8,"en-GB,en-US"
airalo esim argentina,26.0,1,5.5,0,5,esim for argentina,1,"en-GB,en-US"
best esim card for indonesia,26.0,1,5.5,0,5,best esim for indonesia,1,"en-GB,en-US"
canada prepaid sim card for tourist,26.0,1,5.5,0,5,canada sim card for tourists,1,"en-GB,en-US"
canada sim card prepaid,26.0,1,5.5,0,5,canada esim card,1,"en-GB,en-US"
cheapest esim telstra online sim,26.0,1,5.5,0,5,cheapest esim,0,"en-GB,en-US"
china sim card options,26.0,1,5.5,0,5,china esim card,1,"en-GB,en-US"
digital nomad visa costa rica,26.0,1,5.5,0,4,nomad esim costa rica,1,"en-GB,en-US"
does revolut esim work in china,26.0,1,5.5,0,5,does esim work in china,1,"en-GB,en-US"
esim card ireland,26.0,1,5.5,0,5,esim ireland,1,"en-GB,en-US"
esim for mint mobile,26.0,1,5.5,0,4,esim for miami,0,"en-GB,en-US"
esim for zanzibar,26.0,1,5.5,0,5,esim for nz,1,"en-GB,en-US"
esim portugal and spain,26.0,1,5.5,0,5,esim portugal,1,"en-GB,en-US"
esim thailand airalo,26.0,1,5.5,0,5,esim thailand,1,"en-GB,en-US"
etisalat egypt esim,26.0,1,5.5,0,5,egypt esim,1,"en-GB,en-US"
fiji simmons,26.0,1,5.5,0,5,fiji esim,1,"en-GB,en-US"
holafly is it good,26.0,1,5.5,0,5,is holafly good,0,"en-GB,en-US"
holland simplex se,26.0,1,5.5,0,5,holland esim,1,"en-GB,en-US"
how to activate esim on apple watch,26.0,1,5.5,0,5,how to activate esim,0,"en-GB,en-US"
how to top up trip.com esim,26.0,1,5.5,0,5,esim top up,0,"en-GB,en-US"
iceland 2026 eclipse packages,26.0,1,5.5,0,4,best esim for iceland 2026,1,"en-GB,en-US"
is holafly any good,26.0,1,5.5,0,5,is holafly good,0,"en-GB,en-US"
is omad good for reducing belly fat,26.0,1,5.5,0,5,is nomad good,0,"en-GB,en-US"
japan esim reddit,26.0,1,5.5,0,4,japan esim,1,"en-GB,en-US"
korea sim card with t money,26.0,1,5.5,0,5,korea esim card,1,"en-GB,en-US"
new esim card ireland,26.0,1,5.5,0,5,ireland esim card,1,"en-GB,en-US"
nz sim card in australia,26.0,1,5.5,0,5,nz esim card,1,"en-GB,en-US"
optus sim card australia for tourists,26.0,1,5.5,0,5,australia sim card for tourists,2,"en-GB,en-US"
peru sim,26.0,1,5.5,0,5,peru esim,1,"en-GB,en-US"
pocket wifi with esim support,26.0,1,5.5,0,4,esim vs pocket wifi,0,"en-GB,en-US"
sim card for france travel,26.0,1,5.5,0,4,france sim card for tourists,1,"en-GB,en-US"
sim card for singapore,26.0,1,5.5,0,5,singapore sim card for tourists,1,"en-GB,en-US"
sim card for uk and ireland,26.0,1,5.5,0,4,ireland sim card for tourists,1,"en-GB,en-US"
travel esim uk,26.0,1,5.5,0,5,travel esim,0,"en-GB,en-US"
virtual sim card costa rica,26.0,1,5.5,0,4,costa rica sim card for tourists,1,"en-GB,en-US"
australia esim reddit,25.8,5,9.0,3,1,esim australia reddit,3,"en-GB,en-US"
cheap esim for turkey,25.7,19,11,0,6,esim for turkey review,8,"en-GB,en-US"
esim in india for iphone,25.7,19,11,0,4,esim india for iphone,21,en-US
unlimited data plans esim,25.7,19,11,0,5,unlimited data esim georgia,20,en-US
buy esim for usa,25.7,14,11.0,2,3,does esim work in usa,9,"en-GB,en-US"
buy esim online philippines,25.7,14,9.5,0,5,does esim work in philippines,6,"en-GB,en-US"
best esim card for mexico,25.7,9,8,0,5,is esim available in mexico,2,"en-GB,en-US"
esim card for ireland,25.7,9,8.0,0,4,esim coverage in ireland,2,"en-GB,en-US"
esim card for italy travel,25.7,9,8,0,4,italy esim coverage map,1,"en-GB,en-US"
italy esim with phone number,25.7,9,8.0,0,4,is esim available in italy,1,"en-GB,en-US"
where to buy esim,25.7,9,8,0,4,is esim available in czechia,9,en-US
airalo esim new zealand,25.7,4,8,2,3,airalo esim hong kong,4,"en-GB,en-US"
australia esim plans,25.7,4,8.0,2,1,austria esim plans,3,"en-GB,en-US"
best esim to use in ireland,25.7,4,6.5,0,5,does esim work in ireland,1,"en-GB,en-US"
cheapest esim singapore,25.7,4,6.5,0,5,cheapest esim nz,3,"en-GB,en-US"
nz esim for tourists,25.7,4,8.0,2,1,nz esim,3,"en-GB,en-US"
do i need an esim for iceland,25.5,3,7.0,1,1,do i need an esim for ireland,3,en-US
does esim work in egypt,25.5,3,7,1,1,does esim work in colombia,4,en-US
esim for traveling to china,25.5,3,7.0,1,3,do i need an esim for china,2,"en-GB,en-US"
esim for travelling to usa,25.5,3,7.0,1,3,do i need an esim for usa,4,"en-GB,en-US"
esim to use in canada,25.5,3,7.0,1,2,esim for canada review,3,"en-GB,en-US"
esim vs physical sim uk,25.5,3,7,1,1,esim uk vs sim,3,en-US
esim with number uk,25.5,3,7.0,1,3,uk esim coverage map,1,"en-GB,en-US"
holafly esim andorra,25.5,3,7,1,2,holafly esim canada,3,en-GB
how to buy esim for thailand,25.5,3,7.0,1,2,do i need an esim for bangkok,2,"en-GB,en-US"
turkey e sim card,25.5,3,7,1,1,turkey esim card,2,"en-GB,en-US"
beste esim costa rica,25.3,22,12,0,9,cheap esim costa rica,1,"en-GB,en-US"
how to enter an esim,25.3,12,9,0,4,do i need an esim for ksa,8,"en-GB,en-US"
best esim for thailand travel,25.3,7,7.5,0,5,best esim for thailand,4,"en-GB,en-US"
esim for central america,25.3,7,7.5,0,5,colombia esim coverage map,5,"en-GB,en-US"
jetpac esim japan review,25.3,7,7.5,0,5,jetpac esim saudi arabia,9,"en-GB,en-US"
airalo esim sri lanka,25.3,2,6.0,0,5,airalo esim south africa,3,"en-GB,en-US"
australia sim card from uk,25.3,2,6,0,5,australia esim card,3,"en-GB,en-US"
best esim card for korea,25.3,2,6.0,0,5,korea esim best,1,"en-GB,en-US"
best esim for montenegro,25.3,2,6.0,0,6,best esim for croatia,2,"en-GB,en-US"
best esim for spain and france,25.3,2,6.0,0,6,best esim for spain,1,"en-GB,en-US"
best esim in usa,25.3,2,6,0,4,esim for los angeles,1,"en-GB,en-US"
egypt sim card airport,25.3,2,6.0,0,4,egypt esim card,1,"en-GB,en-US"
esim canada ervaringen,25.3,2,6,0,6,esim canada,2,"en-GB,en-US"
esim card for india travel,25.3,2,6,0,5,india esim coverage map,1,"en-GB,en-US"
esim card for travel,25.3,2,6,0,5,cape town esim card,1,"en-GB,en-US"
esim cards croatia,25.3,2,6.0,0,4,croatia esim card,1,"en-GB,en-US"
esim compatible phones australia,25.3,2,6,0,6,esim compatible phones,2,"en-GB,en-US"
esim data roaming japan,25.3,2,6,0,4,roami esim united arab emirates,3,"en-GB,en-US"
esim for freedom mobile,25.3,2,6,0,5,esim for korea,2,en-GB
esim for india from canada,25.3,2,6.0,0,5,esim for india and sri lanka,1,"en-GB,en-US"
esim for sri lanka,25.3,2,6,0,5,esim coverage in kenya,1,"en-GB,en-US"
esim malaysia maxis,25.3,2,6,0,6,esim malaysia,2,"en-GB,en-US"
esim para viajar a colombia,25.3,2,6,0,5,colombia esim coverage map,1,"en-GB,en-US"
esim personal,25.3,2,6,0,6,esim peru,1,"en-GB,en-US"
esim philippines tourist,25.3,2,6.0,0,5,esim philippines,1,"en-GB,en-US"
esim turkey travel plans,25.3,2,6.0,0,5,esim turkey,2,"en-GB,en-US"
esim usage guide,25.3,2,6.0,0,5,esim usa,2,"en-GB,en-US"
free government esim service,25.3,2,6,0,4,esim coverage in georgia,1,"en-GB,en-US"
holafly esim manual,25.3,2,6.0,0,5,holafly esim uk,2,en-US
iceland esim with phone number,25.3,2,6.0,0,6,esim iceland,1,"en-GB,en-US"
india esim with phone number,25.3,2,6.0,0,4,india esim coverage map,1,"en-GB,en-US"
jetpac esim card,25.3,2,6,0,6,jetpac esim,1,"en-GB,en-US"
korea sim card for tourist,25.3,2,7.5,2,3,korea esim card,2,"en-GB,en-US"
london sim card for tourist,25.3,2,6.0,0,4,uk sim card for tourists,2,en-US
malaysia sim card price for tourist,25.3,2,6,0,5,malaysia sim card for tourists,1,"en-GB,en-US"
morocco sim card uk,25.3,2,6.0,0,4,morocco sim card for tourists,1,"en-GB,en-US"
netherlands sim only deals,25.3,2,6,0,6,netherlands esim,1,"en-GB,en-US"
nomad esim in united states,25.3,2,6,0,4,nomad esim india,2,"en-GB,en-US"
ooredoo qatar esim,25.3,2,6.0,0,4,qatar esim,1,"en-GB,en-US"
saily esim kenya,25.3,2,6,0,6,esim kenya,2,"en-GB,en-US"
sim card for china travel,25.3,2,6.0,0,4,czechia sim card for tourists,2,"en-GB,en-US"
sim card in turkey for tourists,25.3,2,6,0,4,kenya sim card for tourists,2,"en-GB,en-US"
which is the best esim for hong kong,25.3,2,6.0,0,5,best esim for hong kong,1,"en-GB,en-US"
esim for vietnam reddit,25.2,11,9.5,1,2,esim for viet nam review,3,"en-GB,en-US"
best sim card for spain travel,25.2,1,6.5,1,3,spain sim card for tourists,1,"en-GB,en-US"
best sim card in india for tourist,25.2,1,6.5,1,3,india sim card for tourists,1,"en-GB,en-US"
colombia prepaid sim card,25.2,1,6.5,1,2,colombia sim card for tourists,1,"en-GB,en-US"
hong kong travel sim card,25.2,1,6.5,1,3,hong kong sim card for tourists,1,"en-GB,en-US"
jetpack food delivery,25.2,1,6.5,1,3,is jetpac good,0,"en-GB,en-US"
sim card for kenya,25.2,1,6.5,1,1,kenya sim card for tourists,1,"en-GB,en-US"
sim card for switzerland,25.2,1,6.5,1,3,switzerland sim card for tourists,1,"en-GB,en-US"
sim card for turkey travel,25.2,1,6.5,1,3,turkiye sim card for tourists,1,"en-GB,en-US"
buy esim online dubai,25.0,25,14.5,0,9,cheap esim saudi arabia,6,"en-GB,en-US"
china mobile hong kong esim,25.0,5,7,0,5,esim for china and hong kong,3,"en-GB,en-US"
esim uk how does it work,25.0,5,8.5,2,1,does esim work in ireland,4,"en-GB,en-US"
how to get esim in pakistan,25.0,5,7,0,5,how to get an esim for qatar,3,"en-GB,en-US"
saily esim new zealand,25.0,5,8.5,2,2,saily esim south africa,7,"en-GB,en-US"
sim card usa tourist,25.0,5,7,0,5,mexico sim card for tourists,5,en-GB
esim data for china,24.8,4,7.5,1,2,china esim coverage map,3,"en-GB,en-US"
sim card in dubai for tourist,24.8,4,7.5,1,1,united arab emirates sim card for tourists,4,en-US
where to get esim,24.8,4,7.5,1,3,is esim available in georgia,4,en-US
esim for turkey and greece,24.7,18,11,0,4,esim for turkiye,4,"en-GB,en-US"
travel esim for south korea,24.7,18,11,0,7,does esim work in south korea,4,"en-GB,en-US"
best esim for thailand from india,24.7,8,8,0,6,best esim for thailand,5,"en-GB,en-US"
swiss esim with phone number,24.7,8,8,0,4,is esim available in switzerland,1,"en-GB,en-US"
best esim plan for usa,24.7,3,6.5,0,5,best esim for georgia 2026,3,"en-GB,en-US"
airalo esim with phone number,24.5,7,8.5,1,3,airalo esim saudi arabia,9,"en-GB,en-US"
ubigi esim japan promo code,24.5,7,10.0,3,2,ubigi esim japan,7,"en-GB,en-US"
belgian sim card,24.5,2,7,1,3,belgium esim card,1,en-GB
belgium sim card unlimited data,24.5,2,7.0,1,3,belgium esim card,1,"en-GB,en-US"
canada esim providers,24.5,2,7,1,2,canada esim price,1,"en-GB,en-US"
esim for canada reddit,24.5,2,7,1,1,esim for canada review,1,"en-GB,en-US"
esim for caribbean cruise,24.5,2,7,1,2,esim for cairo,0,"en-GB,en-US"
esim for india use,24.5,2,7,1,3,india esim coverage map,1,"en-GB,en-US"
esim for iphone 11 canada,24.5,2,7.0,1,1,esim canada for iphone,1,en-US
esim for singapore tourist,24.5,2,7,1,1,esim for singapore city,1,"en-GB,en-US"
esim mexico plans,24.5,2,7,1,2,mexico esim plans,1,"en-GB,en-US"
europe sim card for travellers,24.5,2,7.0,1,3,netherlands sim card for tourists,2,"en-GB,en-US"
holafly esim japan,24.5,2,7,1,1,holafly esim spain,1,"en-GB,en-US"
italy esim price,24.5,2,7,1,1,esim italy price,1,"en-GB,en-US"
new zealand and australia esim,24.5,2,7,1,2,nz esim coverage map,1,"en-GB,en-US"
saily esim coupon code,24.5,2,7.0,1,2,saily esim macao,1,en-US
saily esim japan,24.5,2,7,1,2,saily esim spain,1,"en-GB,en-US"
sim card for traveling abroad to spain,24.5,2,7.0,1,3,spain sim card for tourists,2,"en-GB,en-US"
thailand esim providers,24.5,2,7,1,3,thailand esim price,1,"en-GB,en-US"
usa esim travel,24.5,2,7,1,2,usa esim best,2,"en-GB,en-US"
esim pour le costa rica,24.3,21,12,0,11,alosim esim costa rica,1,"en-GB,en-US"
best esim app for europe,24.3,6,7.5,0,4,esim austria for iphone,7,en-US
best esim for bali with number,24.3,6,7.5,0,4,best esim for bali 2026,1,"en-GB,en-US"
esim for australia advice,24.3,6,9,2,1,do i need an esim for australia,3,"en-GB,en-US"
esim for usa and caribbean,24.3,6,9,2,3,esim for costa rica and panama,5,"en-GB,en-US"
esim price in pakistan,24.3,6,9.0,2,3,saudi arabia esim price,4,"en-GB,en-US"
how to install nomad esim,24.3,6,7.5,0,6,nomad esim saudi arabia,8,"en-GB,en-US"
airalo esim china apn,24.3,1,6,0,6,airalo esim china,1,en-US
airalo esim coupon,24.3,1,6,0,6,airalo esim macao,1,en-US
airalo esim europe plan,24.3,1,6.0,0,5,airalo esim plan,0,"en-GB,en-US"
airalo esim for kenya,24.3,1,6.0,0,5,esim for kenya,1,"en-GB,en-US"
airalo esim marruecos,24.3,1,6,0,6,airalo esim mexico,1,en-US
airtel esim plans in india,24.3,1,6,0,6,india esim plans,1,en-US
amsterdam imdb,24.3,1,6,0,6,amsterdam esim,1,en-US
bali esim reddit,24.3,1,6.0,0,6,bali esim,1,"en-GB,en-US"
bali sim card prepaid,24.3,1,6.0,0,6,bali esim card,1,"en-GB,en-US"
bangkok seimitsu,24.3,1,6,0,6,bangkok esim,1,en-GB
best china sim card for tourist,24.3,1,6.0,0,6,china sim card for tourists,1,"en-GB,en-US"
best esim egypt,24.3,1,6.0,0,6,esim egypt,1,"en-GB,en-US"
best esim for europe 2025,24.3,1,6,0,6,best esim for morocco 2026,1,en-US
best esim for japan holiday,24.3,1,6.0,0,6,best esim for japan,1,"en-GB,en-US"
best esim for japan review,24.3,1,6.0,0,5,esim for japan review,1,"en-GB,en-US"
best esim for sardinia,24.3,1,6,0,6,best esim for ksa,1,en-US
best esim for uk from canada,24.3,1,6.0,0,6,best esim for uk,1,"en-GB,en-US"
best esim for use in tunisia,24.3,1,6.0,0,6,best esim for uae,1,"en-GB,en-US"
best esim plans uk,24.3,1,6,0,6,uk esim plans,1,en-US
best esims for spain,24.3,1,6.0,0,4,best esim for spain and portugal,2,"en-GB,en-US"
best japan esim card,24.3,1,6,0,6,japan esim card,1,en-US
best prepaid phone plans canada with esim,24.3,1,6,0,6,canada esim plans,1,en-US
best sim card in thailand for tourist,24.3,1,6.0,0,6,thailand sim card for tourists,1,"en-GB,en-US"
best value esim for uk,24.3,1,6,0,6,esim for uk review,1,en-US
canada esim card,24.3,1,6.0,0,6,canada esim,1,"en-GB,en-US"
cancun small resorts adults only,24.3,1,6,0,6,cancun esim,1,en-US
cape town met 2026,24.3,1,6.0,0,4,best esim for cape town 2026,1,"en-GB,en-US"
cape town symphony orchestra concerts,24.3,1,6,0,6,cape town esim,1,en-US
cheap prepaid esim australia,24.3,1,6,0,6,cheap esim australia,2,en-US
china esim reviews,24.3,1,6.0,0,5,esim for china review,1,"en-GB,en-US"
china esim sms,24.3,1,6,0,6,china esim best,1,en-US
claro esim for peru,24.3,1,6.0,0,5,esim for peru,1,"en-GB,en-US"
columbia estimated capital gains 2025,24.3,1,6.0,0,6,colombia esim,1,en-US
columbia simklar login,24.3,1,6.0,0,6,colombia esim,1,en-GB
como descargar la esim iphone,24.3,1,6,0,6,esim colombia for iphone,1,en-US
croatia asistencija,24.3,1,6.0,0,6,croatia esim,1,en-GB
czech republic immigration,24.3,1,6,0,6,czech republic esim,1,en-US
czechia emoji,24.3,1,6.0,0,6,czechia esim,1,en-US
does iphone 14 have esim canada,24.3,1,6,0,6,esim canada for iphone,1,en-US
dubai esim data 2 weeks,24.3,1,6.0,0,6,dubai esim,1,"en-GB,en-US"
e sim mi fiziksel sim mi,24.3,1,6,0,6,esim miami,0,en-GB
ecim 2026 antalya,24.3,1,6,0,6,esim nz 2026,1,en-US
ee roaming saudi arabia,24.3,1,6.0,0,4,roami esim saudi arabia,1,"en-GB,en-US"
england simpler recycling,24.3,1,6,0,6,england esim,1,en-GB
esam hani,24.3,1,6,0,6,esim hanoi,0,en-US
esam paris adresse,24.3,1,6,0,6,esim paris,0,en-US
esi specialty drug list 2026,24.3,1,6,0,6,best esim for georgia 2026,1,en-US
esim argentina compatible,24.3,1,6.0,0,6,esim argentina,1,"en-GB,en-US"
esim bali indonesia klook,24.3,1,6.0,0,6,esim bali,1,"en-GB,en-US"
esim can make phone call,24.3,1,6,0,6,esim cancun,1,en-US
esim card for japan from australia,24.3,1,6,0,6,japan esim card,1,en-GB
esim card for turkey,24.3,1,6,0,6,turkey esim card,1,en-GB
esim card france,24.3,1,6,0,6,france esim card,1,en-US
esim card hawaii,24.3,1,6.0,0,5,esim hawaii,0,"en-GB,en-US"
esim colombia movistar,24.3,1,6.0,0,6,esim colombia,1,"en-GB,en-US"
esim data plan for laptop,24.3,1,6.0,0,6,esim data plan,0,"en-GB,en-US"
esim deals for data,24.3,1,6.0,0,6,esim deals,0,"en-GB,en-US"
esim dubai resident,24.3,1,6.0,0,6,esim dubai,1,"en-GB,en-US"
esim etisalat uae,24.3,1,6,0,6,uae esim,1,en-US
esim for bali aud,24.3,1,6.0,0,6,esim for bali,1,"en-GB,en-US"
esim for business uk,24.3,1,6,0,6,does esim work in uk,1,en-GB
esim for canada from australia,24.3,1,6.0,0,6,esim for canada,1,"en-GB,en-US"
esim for cruise to bahamas,24.3,1,6.0,0,6,esim for cruise,0,"en-GB,en-US"
esim for europe calls and data,24.3,1,6.0,0,6,esim for europe,1,"en-GB,en-US"
esim for iphone 13,24.3,1,6.0,0,6,esim for iphone,0,"en-GB,en-US"
esim for italy airalo,24.3,1,6.0,0,6,esim for italy,1,"en-GB,en-US"
esim for monaco,24.3,1,6,0,6,esim for manila,1,en-GB
esim for sale,24.3,1,6,0,6,esim for ksa,1,en-US
esim for spain and italy,24.3,1,6.0,0,6,esim for spain,1,"en-GB,en-US"
esim for tourist in singapore,24.3,1,6,0,6,esim for tokyo,0,en-US
esim for travel to usa,24.3,1,6.0,0,5,do i need an esim for usa,2,"en-GB,en-US"
esim france free,24.3,1,6.0,0,6,esim france,1,"en-GB,en-US"
esim hotspot not working,24.3,1,6.0,0,6,esim hot spot,0,"en-GB,en-US"
esim indonesia klook,24.3,1,6.0,0,6,esim indonesia,1,"en-GB,en-US"
esim italy reddit,24.3,1,6.0,0,6,esim italy,1,"en-GB,en-US"
esim japan ubigi,24.3,1,6.0,0,6,esim japan,1,"en-GB,en-US"
esim key advantages,24.3,1,6.0,0,6,esim kenya,1,en-GB
esim korea data plans,24.3,1,6.0,0,6,esim korea,1,"en-GB,en-US"
esim linz news,24.3,1,6,0,6,esim lisbon,0,en-GB
esim long expiry,24.3,1,6,0,6,esim london,0,en-GB
esim meaning,24.3,1,6,0,6,esim,0,en-US
esim mexico data packages,24.3,1,6.0,0,6,esim mexico,1,"en-GB,en-US"
esim morocco orange,24.3,1,6.0,0,6,esim morocco,1,"en-GB,en-US"
esim new zealand data,24.3,1,6.0,0,6,esim new zealand,1,"en-GB,en-US"
esim nz providers,24.3,1,6.0,0,6,esim nz,1,"en-GB,en-US"
esim only iphone uk,24.3,1,6,0,6,esim uk for iphone,1,en-US
esim only plans australia,24.3,1,6,0,6,australia esim plans,2,en-US
esim ou carte sim,24.3,1,6,0,6,esim france vs sim,1,en-US
esim pakistan,24.3,1,6,0,6,esim paris,0,en-GB
esim philippines reddit,24.3,1,6.0,0,6,esim philippines,1,"en-GB,en-US"
esim plans uk,24.3,1,6.0,0,6,esim plans,0,"en-GB,en-US"
esim reviews japan,24.3,1,6,0,6,esim for japan review,1,en-US
esim romania online,24.3,1,6.0,0,6,esim rome,0,"en-GB,en-US"
esim singapore prepaid,24.3,1,6.0,0,6,esim singapore,1,"en-GB,en-US"
esim spain cost,24.3,1,6.0,0,6,esim spain,1,"en-GB,en-US"
esim taiwan reddit,24.3,1,6.0,0,6,esim taiwan,1,"en-GB,en-US"
esim uk deals,24.3,1,6.0,0,5,esim uk,1,"en-GB,en-US"
esim uk plans,24.3,1,6.0,0,4,esim uk,1,"en-GB,en-US"
esim vs sim card benefits,24.3,1,6.0,0,6,esim vs sim,0,"en-GB,en-US"
esim with phone number japan,24.3,1,6.0,0,6,esim with phone number,0,"en-GB,en-US"
esim with text,24.3,1,6,0,6,is esim worth it,0,en-US
fiji vodafone esim,24.3,1,6.0,0,6,esim fiji,1,en-US
france esim deals,24.3,1,6.0,0,6,france esim,1,"en-GB,en-US"
france orange sim card,24.3,1,6,0,6,france sim card for tourists,1,en-US
free esims for iphone,24.3,1,6,0,6,esim georgia for iphone,1,en-US
georgia and armenia esim,24.3,1,6.0,0,6,esim georgia,1,en-US
georgia estimated tax form 500 es,24.3,1,6.0,0,6,georgia esim,1,en-US
german sim card unlimited data,24.3,1,6,0,6,germany esim card,1,en-GB
holafly esim brazil,24.3,1,6.0,0,6,esim brazil,1,en-US
holafly esim come attivare,24.3,1,6,0,6,holafly esim macao,1,en-US
holafly esim europe reviews,24.3,1,6,0,6,holafly esim peru,1,en-US
holafly esim kenya,24.3,1,6,0,6,holafly esim uk,1,en-GB
hong kong esim with number,24.3,1,6.0,0,6,hong kong esim,1,"en-GB,en-US"
hong kong sim card reddit,24.3,1,6.0,0,6,hong kong esim card,1,"en-GB,en-US"
how to activate esim on ee app,24.3,1,6,0,6,how to activate esim,0,en-GB
how to buy an esim online,24.3,1,6,0,6,how to get an esim for brazil,1,en-US
how to get an esim card,24.3,1,6,0,6,how to get an esim for fiji,1,en-US
how to get an esim for att,24.3,1,6,0,6,how to get an esim for usa,2,en-US
how to get an esim for iphone uk,24.3,1,6,0,6,how to get an esim for uk,1,en-US
how to install esim on my o2 app,24.3,1,6,0,6,how to install esim,0,en-US
how to rica a sim card,24.3,1,6,0,6,costa rica sim card for tourists,1,en-US
indian sim card company list,24.3,1,6,0,6,india esim card,1,en-GB
iphone xr esim compatible australia,24.3,1,6,0,6,esim australia for iphone,2,en-US
is airalo a good esim,24.3,1,6.0,0,6,is airalo good,0,"en-GB,en-US"
is saily any good,24.3,1,6,0,6,is saily good,0,en-GB
istanbul e imar,24.3,1,6,0,6,istanbul esim,1,en-GB
italian esim card for iphone,24.3,1,6,0,6,italy esim card,1,en-GB
japan e sim card for tourist,24.3,1,6.0,0,6,japan sim card for tourists,1,"en-GB,en-US"
japan esim ubigi,24.3,1,6.0,0,5,japan esim,1,"en-GB,en-US"
japan esim with phone number,24.3,1,6.0,0,6,japan esim,1,"en-GB,en-US"
jetpac esim trustpilot,24.3,1,6,0,6,jetpac esim uk,1,en-US
jetpac global esim,24.3,1,6,0,6,is jetpac good,0,en-US
kenya simbas,24.3,1,6.0,0,6,kenya esim,1,en-GB
klook esim discount code,24.3,1,6,0,6,esim discount code,0,en-US
ksa seminar,24.3,1,6,0,6,ksa esim,1,en-US
late applications for 2026 in cape town,24.3,1,6.0,0,6,best esim for cape town 2026,1,"en-GB,en-US"
lebara esim promo code,24.3,1,6,0,6,esim promo code,0,en-GB
liberty costa rica esim,24.3,1,6.0,0,6,costa rica esim,1,"en-GB,en-US"
lycamobile ireland esim,24.3,1,6.0,0,6,ireland esim,1,en-GB
malaysia esim klook,24.3,1,6.0,0,6,malaysia esim,1,"en-GB,en-US"
manila cimitir,24.3,1,6,0,6,manila esim,1,en-US
maroc telecom sim card,24.3,1,6,0,6,morocco sim card for tourists,1,en-US
nomad esim como funciona,24.3,1,6,0,6,nomad esim macao,1,en-US
nomad esim einrichten,24.3,1,6,0,6,nomad esim colombia,1,en-US
nomad esim korea,24.3,1,6.0,0,4,nomad esim uk,1,"en-GB,en-US"
nomad esim promotion code,24.3,1,6,0,6,nomad esim peru,1,en-US
nomad indonesia esim,24.3,1,6.0,0,6,indonesia esim,1,en-GB
online sim card germany,24.3,1,6.0,0,4,germany sim card for tourists,1,"en-GB,en-US"
orange esim netherlands,24.3,1,6.0,0,6,esim netherlands,1,en-US
orange travel esim top up,24.3,1,6.0,0,4,esim top up,0,"en-GB,en-US"
pelephone israel esim,24.3,1,6.0,0,6,israel esim,1,"en-GB,en-US"
peru sim card for travel,24.3,1,6.0,0,6,peru esim card,1,"en-GB,en-US"
poland simple map,24.3,1,6.0,0,6,poland esim,1,en-GB
prague imax,24.3,1,6,0,6,prague esim,1,en-US
prepaid esim belgium,24.3,1,6.0,0,6,esim belgium,1,"en-GB,en-US"
prepaid sim card in usa for tourist options,24.3,1,6.0,0,5,usa sim card for tourists,2,"en-GB,en-US"
prepaid sim card in usa for tourist plans,24.3,1,6,0,6,usa sim card for tourists,2,en-US
prepaid sim card netherlands,24.3,1,6,0,6,netherlands sim card for tourists,1,en-US
prepaid sim card portugal,24.3,1,6.0,0,4,portugal sim card for tourists,1,"en-GB,en-US"
qatar simaisma project,24.3,1,6.0,0,6,qatar esim,1,en-GB
riyadh singapore flight,24.3,1,6,0,6,riyadh esim,1,en-US
roam food caravan,24.3,1,6,0,6,is roami good,0,en-US
roamic opiniones,24.3,1,6,0,6,is roamic good,0,en-US
roma good news,24.3,1,6,0,6,is roami good,0,en-GB
s20 fe esim compatible,24.3,1,6,0,6,best esim for fiji 2026,1,en-GB
s20 fe support esim,24.3,1,6,0,6,cape town esim 2026,1,en-US
saily esim contact,24.3,1,6,0,6,saily esim macao,1,en-US
saily esim korea,24.3,1,6,0,6,saily esim uk,1,en-GB
san jose costa rica marketplace,24.3,1,6,0,6,san jose costa rica esim,1,en-US
saudi arabia sims 4,24.3,1,6.0,0,6,saudi arabia esim,1,"en-GB,en-US"
seoul semiconductor,24.3,1,6,0,6,seoul esim,1,en-US
seoulsims 2026 #146,24.3,1,6,0,6,seoul esim,1,en-GB
silly goose,24.3,1,6,0,6,is saily good,0,en-US
sim a esim tigo colombia,24.3,1,6,0,6,esim colombia vs sim,1,en-US
sim card for dubai,24.3,1,6,0,6,united arab emirates sim card for tourists,1,en-GB
sim card for india,24.3,1,6.0,0,6,india sim card for tourists,1,"en-GB,en-US"
sim in the philippines,24.3,1,6.0,0,6,philippines sim card for tourists,1,"en-GB,en-US"
spain esim for iphone,24.3,1,6.0,0,6,spain esim,1,"en-GB,en-US"
stc ksa esim,24.3,1,6,0,6,ksa esim,1,en-GB
taipei images,24.3,1,6,0,6,taipei esim,1,en-US
tourist sim card japan,24.3,1,6,0,6,turkiye sim card for tourists,1,en-US
travel esim china,24.3,1,6.0,0,5,travel esim,0,"en-GB,en-US"
travel esim poland,24.3,1,6.0,0,6,esim poland,1,en-US
ubigi connection issues,24.3,1,6,0,6,is ubigi good,0,en-US
ubigi esim compatible phones,24.3,1,6,0,6,ubigi esim uk,1,en-US
ubigi esim hawaii,24.3,1,6,0,6,esim hawaii,0,en-US
united arab emirates embassy in sri lanka,24.3,1,6.0,0,6,united arab emirates esim,1,en-US
unlimited esim deals,24.3,1,6.0,0,6,unlimited esim,0,"en-GB,en-US"
usa sim card for travel,24.3,1,6.0,0,6,usa esim card,2,"en-GB,en-US"
vietnam sim card options,24.3,1,6,0,6,viet nam esim card,1,en-GB
vodafone esim for iceland,24.3,1,6.0,0,4,esim for iceland,1,"en-GB,en-US"
vodafone esim greece,24.3,1,6.0,0,5,esim greece,1,"en-GB,en-US"
vodafone germany esim,24.3,1,6.0,0,6,germany esim,1,"en-GB,en-US"
what is an esim phone,24.3,1,6,0,6,what is an esim,0,en-US
what is the best esim to get for japan,24.3,1,6,0,6,how to get an esim for japan,1,en-US
where to get china esim,24.3,1,6,0,6,how to get an esim for china,1,en-US
zym sim to esim,24.3,1,6,0,6,esim czechia vs sim,1,en-US
how does holafly esim work in china,24.2,5,8,1,3,holafly esim south korea,6,"en-GB,en-US"
how to use esim in different country,24.0,14,10,0,5,do i need an esim for czech republic,9,"en-GB,en-US"
portugal esim for tourists,24.0,14,10,0,5,portugal esim,2,"en-GB,en-US"
best esim south america,24.0,4,7,0,5,best esim for argentina 2026,3,"en-GB,en-US"
how does nomad esim work,24.0,4,7.0,0,5,nomad esim south africa,6,"en-GB,en-US"
japan wireless esim review,23.8,3,7.5,1,1,esim for fiji review,2,"en-GB,en-US"
esim for singapore and japan,23.7,17,11.0,0,8,esim for singapore,6,"en-GB,en-US"
esim plans unlimited data,23.7,17,11,0,4,georgia esim coverage map,16,"en-GB,en-US"
esim for mexico from uk,23.7,7,11,4,3,esim for mexico,4,"en-GB,en-US"
how does ubigi esim work,23.7,7,8,0,5,ubigi esim hong kong,9,"en-GB,en-US"
how to install ubigi esim,23.7,7,8,0,5,ubigi esim saudi arabia,9,"en-GB,en-US"
how to use jetpac esim,23.7,7,8.0,0,4,jetpac esim saudi arabia,9,"en-GB,en-US"
cheapest esim service,23.7,2,6.5,0,5,cheapest esim ksa,2,en-US
embedded sim vs esim,23.7,2,6.5,0,6,esim brazil vs sim,2,en-US
esic exam date 2026,23.7,2,6.5,0,5,czech republic esim 2026,1,"en-GB,en-US"
esim australia providers,23.7,2,6.5,0,6,esim australia,3,"en-GB,en-US"
esim for australia and singapore,23.7,2,6.5,0,6,esim for australia,3,"en-GB,en-US"
how to use esim in japan,23.7,2,6.5,0,4,does esim work in fiji,2,en-US
korea esim prepaid options,23.7,2,6.5,0,6,korea esim,1,"en-GB,en-US"
magti esim georgia,23.7,2,6.5,0,4,esim for georgia,1,"en-GB,en-US"
ubigi esim india,23.7,2,6.5,0,4,ubigi esim china,2,en-GB
unlimited esim turkey,23.7,2,6.5,0,4,turkey esim unlimited,1,"en-GB,en-US"
zain ksa esim,23.7,2,6.5,0,5,ksa esim,1,"en-GB,en-US"
is esim available in philippines,23.5,11,10,1,1,is esim available in peru,11,en-US
buy irish sim card in uk,23.5,1,7.0,1,3,ireland sim card for tourists,1,"en-GB,en-US"
e sim for costa rica,23.5,1,7.0,1,3,san jose costa rica esim reddit,1,"en-GB,en-US"
movistar sim card argentina,23.5,1,7.0,1,3,argentina sim card for tourists,1,"en-GB,en-US"
sim card for japan and south korea,23.5,1,7.0,1,3,south korea sim card for tourists,2,"en-GB,en-US"
best esim for cambodia and vietnam,23.3,10,9.0,0,4,best esim for vietnam and thailand,4,en-US
how does esim work on iphone internationally,23.3,10,9.0,0,6,esim brazil for iphone,11,en-US
how much is esim,23.3,10,9,0,4,united arab emirates esim price,10,"en-GB,en-US"
esims for hong kong,23.3,5,9,2,3,best esim for china and hong kong,2,"en-GB,en-US"
how to purchase an esim,23.3,5,7.5,0,6,how to get an esim for israel,4,"en-GB,en-US"
is holafly esim good,23.3,5,7.5,0,4,is holafly good,5,"en-GB,en-US"
american sim card for tourists,23.2,4,8.0,1,3,argentina sim card for tourists,4,"en-GB,en-US"
cheapest esim phone uk,23.2,4,8,1,3,cheapest esim for uk,3,"en-GB,en-US"
esim compatible phones nz,23.2,4,8.0,1,3,esim new zealand for iphone,1,"en-GB,en-US"
german esim with phone number,23.2,4,8.0,1,2,do i need an esim for germany,1,"en-GB,en-US"
data only esim europe,23.0,18,11.5,0,5,belgium esim unlimited data,12,"en-GB,en-US"
airalo esim card australia,23.0,3,7,0,4,airalo esim australia,3,"en-GB,en-US"
airalo esim card japan,23.0,3,7.0,0,5,airalo esim japan,3,"en-GB,en-US"
airalo esim china review,23.0,3,7,0,5,esim for china review,3,"en-GB,en-US"
best esim for thailand tourist,23.0,3,7.0,0,7,best esim for thailand,2,"en-GB,en-US"
best esim for usa with phone number,23.0,3,7,0,7,best esim for usa,3,"en-GB,en-US"
buy esim usa online,23.0,3,7,0,6,czech republic esim unlimited,3,en-US
esim card for china,23.0,3,7.0,0,4,czech republic esim card,3,"en-GB,en-US"
esim france and spain,23.0,3,7,0,4,does esim work in spain,2,"en-GB,en-US"
esim vietnam for tourists,23.0,3,7.0,0,7,esim vietnam,2,"en-GB,en-US"
how much does an esim cost,23.0,3,7,0,5,esim united arab emirates price,3,en-GB
norway sim card for tourist,23.0,3,8.5,2,1,netherlands sim card for tourists,3,"en-GB,en-US"
phone with esim in india,23.0,3,7,0,4,esim saudi arabia for iphone,3,en-US
roamic esim hotspot,23.0,3,7.0,0,6,roamic esim,1,"en-GB,en-US"
saily esim installation instructions,23.0,3,7,0,6,saily esim india,3,en-GB
thailand esim with phone number,23.0,3,7,0,5,bangkok esim coverage map,2,en-US
three hong kong esim,23.0,3,7,0,4,hong kong esim coverage map,1,"en-GB,en-US"
tourist sim card dubai,23.0,3,7,0,4,qatar sim card for tourists,3,en-GB
best unlimited esim for usa,22.8,7,9.0,1,1,czech republic esim unlimited,6,"en-GB,en-US"
holafly esim asia,22.8,2,7.5,1,2,holafly esim india,1,"en-GB,en-US"
ubigi esim korea,22.8,2,7.5,1,3,ubigi esim uk,1,"en-GB,en-US"
esim card for kenya,22.7,16,11,0,6,esim for kenya,2,"en-GB,en-US"
best esim card for spain,22.7,6,8,0,4,cheapest esim for spain,2,"en-GB,en-US"
best esim for north america,22.7,6,8,0,6,best esim for georgia 2026,6,"en-GB,en-US"
best esim for south korea reddit,22.7,6,8,0,5,best esim for south korea,3,"en-GB,en-US"
how much is airalo esim,22.7,6,8.0,0,5,airalo esim hong kong,7,en-US
where to buy airalo esim,22.7,6,8.0,0,5,airalo esim saudi arabia,8,"en-GB,en-US"
3 ireland esim,22.7,1,6.5,0,6,ireland esim,1,"en-GB,en-US"
airalo brazil esim,22.7,1,6.5,0,6,brazil esim,1,"en-GB,en-US"
airalo esim card uae,22.7,1,6.5,0,6,uae esim card,1,"en-GB,en-US"
airalo esim china reddit,22.7,1,6.5,0,6,airalo esim china,1,"en-GB,en-US"
airalo esim top ups,22.7,1,6.5,0,6,esim top up,0,"en-GB,en-US"
airalo esim uk,22.7,1,6.5,0,6,airalo esim,0,"en-GB,en-US"
airalo travel esim plans,22.7,1,6.5,0,6,airalo esim plan,0,"en-GB,en-US"
android esim phones,22.7,1,6.5,0,6,esim for android,0,"en-GB,en-US"
argentina simbolos patrios svg gobierno,22.7,1,6.5,0,6,argentina esim,1,"en-GB,en-US"
best egypt esim,22.7,1,6.5,0,6,egypt esim,1,"en-GB,en-US"
best esim cards for italy,22.7,1,6.5,0,6,italy esim card,1,"en-GB,en-US"
best travel sim for egypt,22.7,1,6.5,0,5,egypt sim card for tourists,1,"en-GB,en-US"
buy esim for portugal,22.7,1,6.5,0,6,esim for portugal,1,"en-GB,en-US"
can i buy an esim,22.7,1,6.5,0,5,do i need an esim for usa,2,"en-GB,en-US"
china hong kong macau data sim,22.7,1,6.5,0,6,macao sim card for tourists,1,"en-GB,en-US"
china sim card benefits,22.7,1,6.5,0,6,china esim card,1,"en-GB,en-US"
do i need to register my esim,22.7,1,6.5,0,6,do i need an esim for georgia,1,"en-GB,en-US"
esim karta,22.7,1,6.5,0,6,esim ksa,1,"en-GB,en-US"
esim saily,22.7,1,6.5,0,6,esim ksa,1,"en-GB,en-US"
esim ukraine,22.7,1,6.5,0,6,esim uk,1,"en-GB,en-US"
esm paris mgen,22.7,1,6.5,0,5,esim paris,0,"en-GB,en-US"
european esim card for travel,22.7,1,6.5,0,5,czech republic esim card,1,"en-GB,en-US"
georgia estimated tax payment online,22.7,1,6.5,0,4,georgia esim,1,"en-GB,en-US"
holland simplex iir,22.7,1,6.5,0,6,holland esim,1,"en-GB,en-US"
korea sim card for foreigners,22.7,1,6.5,0,6,korea esim card,1,"en-GB,en-US"
nomad esim website,22.7,1,6.5,0,6,nomad esim,0,"en-GB,en-US"
saily esim discount codes,22.7,1,6.5,0,6,esim discount code,0,"en-GB,en-US"
sim card czech republic,22.7,1,6.5,0,6,czechia sim card for tourists,1,"en-GB,en-US"
sim card for malaysia,22.7,1,6.5,0,6,malaysia sim card for tourists,1,"en-GB,en-US"
sim card for new zealand,22.7,1,6.5,0,6,new zealand sim card for tourists,1,"en-GB,en-US"
sim card for vietnam and singapore,22.7,1,6.5,0,5,vietnam sim card for tourists,1,"en-GB,en-US"
the best international esim,22.7,1,6.5,0,4,czech republic esim best,1,"en-GB,en-US"
tokyo esim reddit,22.7,1,6.5,0,6,esim tokyo,0,"en-GB,en-US"
travel sim card new zealand,22.7,1,6.5,0,5,new zealand sim card for tourists,1,"en-GB,en-US"
ubigi esim italy,22.7,1,6.5,0,6,ubigi esim,0,"en-GB,en-US"
uk sim card prepaid,22.7,1,6.5,0,6,uk esim card,1,"en-GB,en-US"
verizon costa rica sim card,22.7,1,6.5,0,5,costa rica sim card for tourists,1,"en-GB,en-US"
virgin uae esim,22.7,1,6.5,0,6,uae esim,1,"en-GB,en-US"
vodafone fiji tourist sim,22.7,1,6.5,0,6,fiji sim card for tourists,1,"en-GB,en-US"
what is an esim card android,22.7,1,6.5,0,6,what is an esim,0,"en-GB,en-US"
best international esim plans,22.5,5,8.5,1,1,united arab emirates esim plans,4,"en-GB,en-US"
how to get esim to work,22.5,5,8.5,1,2,does esim work in georgia,4,"en-GB,en-US"
best travel esim for italy,22.3,9,9,0,5,does esim work in italy,4,en-GB
indonesia best esims comparison,22.3,9,9.0,0,7,esim coverage in indonesia,4,en-US
mobile phone with esim,22.3,9,9,0,8,esim saudi arabia for iphone,9,en-US
sim cards usa for tourists,22.3,9,9,0,4,georgia sim card for tourists,9,en-US
best esim for use in bali,22.3,4,9.0,2,3,best esim for uae,4,"en-GB,en-US"
best travel esim for scandinavia,22.3,4,7.5,0,5,best esim for finland and sweden,1,"en-GB,en-US"
esim only deals canada,22.3,4,7.5,0,4,is esim available in canada,2,en-US
nomad esim costa rica,22.3,4,7.5,0,5,roami esim costa rica,4,"en-GB,en-US"
best esim for multiple countries,22.2,3,8,1,3,best esim for iceland 2026,3,"en-GB,en-US"
best esim for vietnam reddit,22.2,3,8,1,2,esim vietnam reddit,2,"en-GB,en-US"
etisalat esim price uae,22.2,3,8,1,1,united arab emirates esim price,2,"en-GB,en-US"
jetpac esim discount code,22.2,3,8.0,1,1,jetpac esim india,1,"en-GB,en-US"
malaysia sim card for tourist price,22.2,3,8,1,2,malaysia sim card for tourists,3,en-US
esim providers south africa,22.0,22,13,0,9,cheap esim south africa,5,"en-GB,en-US"
best esim for egypt and jordan,22.0,12,11.5,2,2,esim for egypt and jordan,2,"en-GB,en-US"
using an esim abroad,22.0,12,14,4,2,do i need an esim for austria,11,"en-GB,en-US"
best esim card for thailand,22.0,2,7.0,0,4,best esim for bangkok,1,"en-GB,en-US"
best esim for european travel,22.0,2,7,0,7,best esim for croatia,1,en-US
best esim for turkey airalo,22.0,2,7.0,0,7,best esim for turkiye,2,"en-GB,en-US"
best esim for use in europe,22.0,2,7.0,0,4,best esim for uae,2,"en-GB,en-US"
e sim costa rica,22.0,2,7.0,0,7,esim costa rica vs sim,1,en-US
esim canada tourist,22.0,2,7,0,7,esim canada,2,"en-GB,en-US"
esim card for iphone se,22.0,2,7.0,0,7,esim fiji for iphone,2,en-US
esim card for london,22.0,2,7,0,5,esim london,0,"en-GB,en-US"
esim card germany,22.0,2,7.0,0,6,esim germany,1,"en-GB,en-US"
esim card uae,22.0,2,7.0,0,6,uae esim card,1,"en-GB,en-US"
esim cards for international travel,22.0,2,7,0,6,esim cairo,1,"en-GB,en-US"
esim companies in india,22.0,2,7,0,5,does esim work in india,1,"en-GB,en-US"
esim for international travel india,22.0,2,7.0,0,4,esim for international travel,2,"en-GB,en-US"
esim for usa with phone number,22.0,2,7.0,0,7,esim for usa,2,"en-GB,en-US"
esim turkey data packages,22.0,2,7.0,0,6,esim turkey,2,"en-GB,en-US"
esim usa tourist,22.0,2,7.0,0,7,esim usa,2,"en-GB,en-US"
france sim card unlimited data,22.0,2,7.0,0,4,france esim card,1,"en-GB,en-US"
government phone with esim,22.0,2,7.0,0,6,esim coverage in georgia,1,en-US
is esim available in iphone 11,22.0,2,7.0,0,7,is esim available in uk,3,en-US
jetpac esim china,22.0,2,7,0,7,jetpac esim,1,"en-GB,en-US"
nz sim card travel,22.0,2,7.0,0,4,nz esim card,2,"en-GB,en-US"
nz sim cards for visitors,22.0,2,7,0,6,nz esim card,2,"en-GB,en-US"
peru sim card purchase guide,22.0,2,7.0,0,7,peru esim,1,"en-GB,en-US"
que es mejor sim o esim,22.0,2,7.0,0,7,esim argentina vs sim,2,en-US
saily esim compatibility,22.0,2,7.0,0,4,saily esim macao,2,en-US
should i set up esim,22.0,2,7,0,6,do i need an esim for israel,2,"en-GB,en-US"
ubigi esim japan discount codes,22.0,2,7,0,7,ubigi esim japan,2,"en-GB,en-US"
uk esim for travel,22.0,2,7.0,0,4,uk esim coverage map,1,"en-GB,en-US"
ultra mobile esim plans,22.0,2,7.0,0,6,united arab emirates esim plans,2,en-US
vodafone portugal esim card,22.0,2,7.0,0,6,portugal esim,1,"en-GB,en-US"
what is an international esim,22.0,2,8.5,2,3,esim rio de janeiro,1,"en-GB,en-US"
esim that works in japan,21.8,6,9.0,1,3,is esim available in japan,5,"en-GB,en-US"
using esim in china,21.8,6,9,1,2,esim coverage in china,4,"en-GB,en-US"
esim for travel to china,21.8,1,7.5,1,3,do i need an esim for taipei,1,"en-GB,en-US"
what is the best international esim,21.7,15,11,0,8,best esim for qatar,12,en-US
best esim for japan and korea,21.7,5,8,0,7,best esim for korea 2026,3,"en-GB,en-US"
esim for vietnam and cambodia travel,21.7,5,8.0,0,7,esim for vienna,3,"en-GB,en-US"
is holafly esim legit,21.7,5,8,0,6,holafly esim saudi arabia,6,en-US
uk esim for turkey,21.7,5,8,0,5,esim for turkey review,2,en-GB
how much is an esim,21.5,9,10.0,1,3,esim united arab emirates price,8,"en-GB,en-US"
vietnam esim card iphone pro 16,21.5,4,10,3,1,esim vietnam for iphone,2,"en-GB,en-US"
esim for abu dhabi,21.3,18,12,0,4,alosim esim united arab emirates,4,"en-GB,en-US"
how to get esim philippines,21.3,18,12.0,0,7,how to get an esim for costa rica,14,"en-GB,en-US"
esim deals for thailand,21.3,8,9,0,4,cheapest esim for bangkok,2,"en-GB,en-US"
australian sim cards for tourists,21.3,3,9,2,2,australia sim card for tourists,4,"en-GB,en-US"
esim for vietnam and china,21.3,3,7.5,0,7,esim for vietnam,2,"en-GB,en-US"
australia prepaid sim card for tourist,21.2,2,8.0,1,3,australia sim card for tourists,3,"en-GB,en-US"
best esim for italy for iphone,21.2,2,8,1,2,esim italy for iphone,1,"en-GB,en-US"
best esim for uk coverage,21.2,2,8,1,2,esim coverage in uk,1,"en-GB,en-US"
esim for caribbean islands,21.2,2,8.0,1,3,esim for cairo,1,en-US
esim singapore travel,21.2,2,8,1,2,esim singapore city,1,"en-GB,en-US"
korea esim travel guide,21.2,2,8,1,1,korea esim best,1,"en-GB,en-US"
poland sim card,21.2,2,8,1,1,poland esim card,1,en-GB
esim for italy from australia,21.0,11,13.0,4,3,esim for italy,4,"en-GB,en-US"
esim japan unlimited data,21.0,11,10.0,0,4,korea esim unlimited data,11,"en-GB,en-US"
good esim for china,21.0,11,10.0,0,4,cheapest esim for china,6,"en-GB,en-US"
best esim for england,21.0,6,8.5,0,4,england esim,4,"en-GB,en-US"
best esim for unlimited data,21.0,6,8.5,0,5,brazil esim unlimited data,7,"en-GB,en-US"
esim with phone number europe,21.0,6,10,2,3,esim with phone number,4,"en-GB,en-US"
korea esim for tourist,21.0,6,8.5,0,5,alosim esim south korea,3,"en-GB,en-US"
4s esim discount code,21.0,1,7,0,7,esim discount code,0,en-GB
airalo coupon code,21.0,1,7,0,7,is airalo good,0,en-US
airalo esim europe,21.0,1,7.0,0,6,airalo esim,0,"en-GB,en-US"
airalo esim fiji,21.0,1,7.0,0,7,esim fiji,1,en-US
airalo portugal esim,21.0,1,7.0,0,7,portugal esim,1,en-GB
amsterdam smoke boat,21.0,1,7,0,7,amsterdam esim,1,en-US
apple iphone 13 esim uk,21.0,1,7,0,7,esim uk for iphone,1,en-US
argentina es mas grande que mexico,21.0,1,7.0,0,5,argentina esim,1,"en-GB,en-US"
austrian sim card options,21.0,1,7,0,7,austria esim card,2,en-GB
bali esim holafly,21.0,1,7.0,0,7,bali esim,1,"en-GB,en-US"
bali sim card tourist,21.0,1,7.0,0,7,bali esim card,1,"en-GB,en-US"
bangkok seimitsu machining technology,21.0,1,7,0,7,bangkok esim,1,en-GB
best esim for asia travel,21.0,1,7.0,0,7,esim for asia,1,"en-GB,en-US"
best esim for australians,21.0,1,7.0,0,7,best esim for australia,2,"en-GB,en-US"
best esim for azores,21.0,1,7,0,7,best esim for nz,1,en-US
best esim for china from uk,21.0,1,7.0,0,7,best esim for china,1,"en-GB,en-US"
best esim for italy travel,21.0,1,7.0,0,7,best esim for italy,1,"en-GB,en-US"
best esim for japan from uk,21.0,1,7.0,0,7,best esim for japan,1,"en-GB,en-US"
best esim for lebanon,21.0,1,7,0,7,best esim for israel 2026,1,en-US
best esim for malta,21.0,1,7.0,0,7,best esim for macao,1,en-US
best esim for saint martin,21.0,1,7,0,7,best esim for ksa,1,en-US
best esim for travel to greece,21.0,1,7.0,0,7,best esim for greece,1,"en-GB,en-US"
best esim for travelling to south africa,21.0,1,7.0,0,6,best esim for south africa,2,"en-GB,en-US"
best esim iceland,21.0,1,7.0,0,7,iceland esim,1,"en-GB,en-US"
best esim london,21.0,1,7,0,7,esim london,0,en-GB
best esim plans australia,21.0,1,7,0,7,australia esim best,2,en-GB
best esim plans canada,21.0,1,7,0,7,canada esim plans,1,en-US
best esim thailand tourist,21.0,1,7,0,7,best esim for bangkok,1,en-GB
best esim tokyo,21.0,1,7,0,7,esim tokyo,0,en-US
best sim card in japan for tourist,21.0,1,7,0,7,japan sim card for tourists,1,en-GB
best sim card plans for italy,21.0,1,7.0,0,6,italy sim card for tourists,1,"en-GB,en-US"
best travel sim for vietnam,21.0,1,7.0,0,5,vietnam sim card for tourists,1,"en-GB,en-US"
buy magti esim georgia,21.0,1,7.0,0,7,esim georgia,1,en-US
buying a sim card in morocco,21.0,1,7.0,0,5,morocco sim card for tourists,1,"en-GB,en-US"
canada travel sim card,21.0,1,7,0,7,canada sim card for tourists,1,en-US
canadian sim card prepaid,21.0,1,7,0,7,canada esim card,1,en-GB
cape town symbols,21.0,1,7,0,7,cape town esim,1,en-US
cell phones vietnam sim card,21.0,1,7,0,7,vietnam sim card for tourists,1,en-US
cheap phone with esim,21.0,1,7,0,7,cheapest esim for fiji,1,en-GB
china esim reddit,21.0,1,7.0,0,7,china esim,1,"en-GB,en-US"
china esim tourist,21.0,1,7,0,7,china esim best,1,en-US
colombia es mercosur,21.0,1,7.0,0,7,colombia esim,1,"en-GB,en-US"
como descargar esim iphone,21.0,1,7,0,7,esim colombia for iphone,1,en-US
croatia asistencija europa,21.0,1,7.0,0,7,croatia esim,1,en-GB
csl hong kong esim,21.0,1,7.0,0,7,hong kong esim,1,en-GB
czech republic images,21.0,1,7,0,7,czech republic esim,1,en-US
czechia summer festivals,21.0,1,7.0,0,7,czechia esim,1,en-US
data only sim card for france,21.0,1,7.0,0,6,france sim card for tourists,1,"en-GB,en-US"
do i need an esim for travel,21.0,1,7,0,7,do i need an esim for uk,1,en-US
dubai esim with phone number,21.0,1,7.0,0,7,dubai esim,1,"en-GB,en-US"
dubai sim for tourist,21.0,1,7,0,7,united arab emirates sim card for tourists,1,en-US
ecim 2026 scientific programme,21.0,1,7,0,7,esim nz 2026,1,en-US
efsim company saudi arabia,21.0,1,7,0,7,yesim esim saudi arabia,1,en-US
egypt sim card hurghada airport,21.0,1,7.0,0,7,egypt esim card,1,"en-GB,en-US"
england's immigrants,21.0,1,7,0,7,england esim,1,en-GB
esam paris avis,21.0,1,7,0,7,esim paris,0,en-US
esim argentina personal,21.0,1,7.0,0,7,esim argentina,1,"en-GB,en-US"
esim balisim,21.0,1,7.0,0,7,esim bali,1,"en-GB,en-US"
esim bermuda,21.0,1,7,0,7,esim berlin,0,en-GB
esim card for australia,21.0,1,7,0,7,how to get an esim for australia,2,en-US
esim card for iceland,21.0,1,7.0,0,5,esim for iceland,1,"en-GB,en-US"
esim card greece,21.0,1,7.0,0,7,esim greece,1,en-US
esim card iphone usa,21.0,1,7,0,7,esim usa for iphone,2,en-US
esim china activation guide,21.0,1,7.0,0,7,esim china,1,"en-GB,en-US"
esim china hong kong,21.0,1,7,0,7,best esim for china and hong kong,2,en-GB
esim colombia gratis,21.0,1,7.0,0,7,esim colombia,1,"en-GB,en-US"
esim compatible phones unlocked,21.0,1,7.0,0,7,esim compatible phones,0,"en-GB,en-US"
esim data plans australia,21.0,1,7,0,7,australia esim plans,2,en-US
esim deals for roaming,21.0,1,7.0,0,7,esim deals,0,"en-GB,en-US"
esim for china mainland,21.0,1,7.0,0,7,esim for china,1,"en-GB,en-US"
esim for europe and norway,21.0,1,7.0,0,7,esim for europe,1,"en-GB,en-US"
esim for india and sri lanka,21.0,1,7.0,0,7,esim for india,1,"en-GB,en-US"
esim for iphone 17,21.0,1,7.0,0,7,esim for iphone,0,"en-GB,en-US"
esim for microsoft surface laptop,21.0,1,7.0,0,5,esim for miami,0,"en-GB,en-US"
esim for sailing,21.0,1,7,0,7,esim for ksa,1,en-US
esim for spain and france,21.0,1,7.0,0,7,esim for spain,1,"en-GB,en-US"
esim for travel to japan,21.0,1,7,0,7,do i need an esim for japan,1,en-US
esim for uk and france,21.0,1,7.0,0,7,esim for uk,1,"en-GB,en-US"
esim for us travel,21.0,1,7,0,7,esim for us,1,en-US
esim handset compatibility,21.0,1,7,0,7,esim hanoi,0,en-US
esim in french polynesia,21.0,1,7,0,7,esim coverage in fiji,1,en-US
esim india providers,21.0,1,7.0,0,7,esim india,1,"en-GB,en-US"
esim indonesia reddit,21.0,1,7.0,0,7,esim indonesia,1,"en-GB,en-US"
esim japan,21.0,1,7,0,7,esim,0,en-US
esim japan reddit,21.0,1,7.0,0,7,esim japan,1,"en-GB,en-US"
esim key differences,21.0,1,7.0,0,7,esim kenya,1,en-GB
esim korea travel guide,21.0,1,7.0,0,7,esim korea,1,"en-GB,en-US"
esim malaysia termurah,21.0,1,7.0,0,7,esim malaysia,1,"en-GB,en-US"
esim mint mobile,21.0,1,7,0,7,esim miami,0,en-GB
esim mobile plans uk,21.0,1,7,0,7,uk esim plans,1,en-US
esim new zealand telstra,21.0,1,7.0,0,7,esim new zealand,1,"en-GB,en-US"
esim nz activation,21.0,1,7.0,0,7,esim nz,1,"en-GB,en-US"
esim options for android,21.0,1,7.0,0,6,esim for android,0,"en-GB,en-US"
esim or pocket wifi japan reddit,21.0,1,7.0,0,6,esim vs pocket wifi,0,"en-GB,en-US"
esim para europa,21.0,1,7,0,7,esim paris,0,en-GB
esim personal argentina,21.0,1,7.0,0,7,esim peru,1,"en-GB,en-US"
esim philippines maya,21.0,1,7.0,0,7,esim philippines,1,"en-GB,en-US"
esim plans for smartphones,21.0,1,7.0,0,7,esim plans,0,"en-GB,en-US"
esim roaming charges,21.0,1,7,0,7,esim rome,0,en-US
esim setup for android,21.0,1,7,0,7,esim for android,0,en-GB
esim singapore singtel,21.0,1,7.0,0,7,esim singapore,1,"en-GB,en-US"
esim spain lebara,21.0,1,7.0,0,7,esim spain,1,"en-GB,en-US"
esim taiwan and japan,21.0,1,7.0,0,7,esim taiwan,1,"en-GB,en-US"
esim thailand ais,21.0,1,7.0,0,7,esim thailand,1,"en-GB,en-US"
esim usa travel plans,21.0,1,7,0,7,usa esim plans,2,en-US
esim vs sim card convenience,21.0,1,7.0,0,7,esim vs sim,0,"en-GB,en-US"
esim with att,21.0,1,7,0,7,is esim worth it,0,en-US
esim with phone number china,21.0,1,7.0,0,7,esim with phone number,0,"en-GB,en-US"
esims for new zealand,21.0,1,7,0,7,esim for australia and new zealand,3,en-GB
france esim orange,21.0,1,7.0,0,7,france esim,1,"en-GB,en-US"
free trial esim usa,21.0,1,7,0,7,czech republic esim unlimited,1,en-US
georgia estimated taxes,21.0,1,7.0,0,7,georgia esim,1,"en-GB,en-US"
holafly esim card,21.0,1,7.0,0,6,holafly esim,0,"en-GB,en-US"
holafly esim mauritius,21.0,1,7,0,7,holafly esim uk,1,en-US
how do i get an esim for japan,21.0,1,7,0,7,how to get an esim for japan,1,en-US
how to activate esim on iphone 16,21.0,1,7.0,0,7,how to activate esim,0,"en-GB,en-US"
india esim airtel,21.0,1,7.0,0,7,india esim,1,"en-GB,en-US"
indian sim card in uk,21.0,1,7,0,7,india esim card,1,en-GB
iphone 12 esim capable,21.0,1,7,0,7,esim macao for iphone,1,en-US
ireland sim card companies,21.0,1,7,0,7,ireland sim card for tourists,1,en-US
is holafly esim good for data,21.0,1,7.0,0,7,is holafly good,0,"en-GB,en-US"
is iphone 16 esim only in australia,21.0,1,7,0,7,esim australia for iphone,2,en-US
is nomad a good place to stay in new york,21.0,1,7,0,7,is nomad good,0,en-US
is nord good reddit,21.0,1,7,0,7,is nomad good,0,en-GB
israel prepaid sim card reviews,21.0,1,7,0,7,israel sim card for tourists,1,en-US
israel prepaid sim card with data,21.0,1,7.0,0,4,israel sim card for tourists,1,"en-GB,en-US"
istanbul e imza,21.0,1,7,0,7,istanbul esim,1,en-GB
istanbul isimleri,21.0,1,7.0,0,6,istanbul esim,1,"en-GB,en-US"
japan data sim card for tourist,21.0,1,7,0,7,japan sim card for tourists,1,en-US
jetpac discount code,21.0,1,7,0,7,is jetpac good,0,en-US
kenya simpson,21.0,1,7.0,0,7,kenya esim,1,en-GB
klook indonesia esim,21.0,1,7.0,0,6,indonesia esim,1,"en-GB,en-US"
korea esim activation process,21.0,1,7.0,0,7,korea esim,1,"en-GB,en-US"
ksa email,21.0,1,7,0,7,ksa esim,1,en-US
lyca esim belgium,21.0,1,7.0,0,7,esim belgium,1,"en-GB,en-US"
malaysia sim card prepaid,21.0,1,7.0,0,7,malaysia esim card,1,"en-GB,en-US"
manila seminary,21.0,1,7,0,7,manila esim,1,en-US
mexico esim data,21.0,1,7.0,0,7,mexico esim,1,"en-GB,en-US"
mobile data with esim,21.0,1,7,0,7,esim saudi arabia 10gb,1,en-US
mobily ksa esim for visitors,21.0,1,7,0,7,ksa esim,1,en-GB
netherlands sim,21.0,1,7.0,0,7,netherlands esim,1,"en-GB,en-US"
nomad esim coupon code reddit,21.0,1,7,0,7,nomad esim macao,1,en-US
nomad esim purchase,21.0,1,7,0,7,nomad esim peru,1,en-US
nz esim compatibility,21.0,1,7.0,0,7,nz esim,1,"en-GB,en-US"
peru sim card data plans,21.0,1,7.0,0,7,peru esim card,1,"en-GB,en-US"
physical sim card vs esim,21.0,1,7,0,7,esim fiji vs sim,1,en-US
poland sims,21.0,1,7.0,0,7,poland esim,1,en-GB
portugal data esim,21.0,1,7.0,0,7,portugal esim,1,en-US
prague seminary,21.0,1,7,0,7,prague esim,1,en-US
que es el esim en iphone,21.0,1,7,0,7,esim mexico for iphone,1,en-US
riyadh summit,21.0,1,7,0,7,riyadh esim,1,en-US
roam food truck,21.0,1,7,0,7,is roami good,0,en-US
roamic discount,21.0,1,7,0,7,is roamic good,0,en-US
saily esim israel,21.0,1,7.0,0,7,esim israel,1,"en-GB,en-US"
sally goodin,21.0,1,7,0,7,is saily good,0,en-GB
san jose costa rica international airport,21.0,1,7,0,7,san jose costa rica esim,1,en-US
saudi arabia sim card list,21.0,1,7.0,0,7,saudi arabia esim,1,"en-GB,en-US"
saudi sim card price,21.0,1,7.0,0,4,saudi arabia sim card for tourists,1,"en-GB,en-US"
seoul semiconductor vina,21.0,1,7,0,7,seoul esim,1,en-US
sim card for seoul korea,21.0,1,7.0,0,4,south korea sim card for tourists,2,"en-GB,en-US"
sim card for visitors australia,21.0,1,7,0,7,austria sim card for tourists,2,en-US
sim card in uae,21.0,1,7.0,0,4,united arab emirates sim card for tourists,1,"en-GB,en-US"
sim card spain unlimited data,21.0,1,7,0,7,spain sim card for tourists,1,en-US
sim for new zealand travel,21.0,1,7,0,7,new zealand sim card for tourists,1,en-US
singapore esim data only,21.0,1,7.0,0,7,singapore esim,1,"en-GB,en-US"
taipei immigration,21.0,1,7,0,7,taipei esim,1,en-US
three ireland sim card,21.0,1,7.0,0,5,ireland sim card for tourists,1,"en-GB,en-US"
tourist sim card indonesia,21.0,1,7,0,7,turkiye sim card for tourists,1,en-US
travel esim card,21.0,1,7,0,7,travel esim,0,en-US
travel esim for fiji from australia,21.0,1,7.0,0,7,esim for fiji,1,"en-GB,en-US"
travel sim card malaysia,21.0,1,7.0,0,6,malaysia sim card for tourists,1,"en-GB,en-US"
travel sim south africa,21.0,1,7.0,0,6,south africa sim card for tourists,2,"en-GB,en-US"
ubigi compatible devices,21.0,1,7,0,7,is ubigi good,0,en-US
uk mobile providers with esim,21.0,1,7,0,7,esim coverage in uk,1,en-US
united arab emirates immigration portal,21.0,1,7.0,0,7,united arab emirates esim,1,en-US
us esim plan,21.0,1,7.0,0,7,us esim,1,"en-GB,en-US"
usa sim card options,21.0,1,7,0,7,usa esim card,2,en-GB
usa sim card prepago,21.0,1,7,0,7,usa esim card,2,en-US
vietnam sim card unlimited data,21.0,1,7,0,7,viet nam esim card,1,en-GB
vodafone greece tourist sim,21.0,1,7,0,7,greece sim card for tourists,1,en-US
vodafone spain esim,21.0,1,7.0,0,7,spain esim,1,"en-GB,en-US"
wecom israel esim,21.0,1,7.0,0,7,israel esim,1,"en-GB,en-US"
what is an esim provider,21.0,1,7,0,7,esim coverage in georgia,1,en-US
what is the best esim for india,21.0,1,7.0,0,7,best esim for india,1,"en-GB,en-US"
what is the best esim for philippines,21.0,1,7.0,0,7,best esim for philippines,1,en-US
what is the best esim for spain,21.0,1,7.0,0,7,best esim for spain,1,en-GB
what is your esim,21.0,1,7,0,7,esim for new york,0,en-US
where do i get an esim,21.0,1,7,0,7,does esim work in georgia,1,en-US
where to find esim qr code,21.0,1,7,0,7,qatar esim coverage map,1,en-US
yes i am good,21.0,1,7,0,7,is yesim good,0,en-GB
esim or international plan,20.7,9,9.5,0,4,united arab emirates esim plans,8,"en-GB,en-US"
cheapest esim asia,20.7,4,8,0,4,cheapest esim china,4,"en-GB,en-US"
esim per il marocco,20.7,4,8.0,0,7,esim coverage in morocco,1,en-US
esim with phone number australia,20.7,4,8,0,6,is esim available in australia,2,"en-GB,en-US"
how to set up holafly esim,20.7,4,8.0,0,6,holafly esim hong kong,4,"en-GB,en-US"
nomad esim discount code,20.7,4,8,0,4,esim discount code,3,"en-GB,en-US"
can i get an ee esim,20.5,3,8.5,1,3,do i need an esim for kenya,3,"en-GB,en-US"
saudi esim for tourist,20.3,17,12,0,7,roami esim saudi arabia,4,"en-GB,en-US"
esim to use in europe,20.3,12,10.5,0,7,does esim work in belgium,11,"en-GB,en-US"
south america esim card,20.3,7,9.0,0,5,argentina esim coverage map,4,"en-GB,en-US"
airalo esim installation iphone,20.3,2,7.5,0,6,airalo esim israel,2,"en-GB,en-US"
best esim for australian travelling to usa,20.3,2,7.5,0,5,best esim for austria,3,"en-GB,en-US"
best esim in china,20.3,2,7.5,0,7,czech republic esim best,2,en-US
esim australia optus,20.3,2,7.5,0,7,esim australia,3,"en-GB,en-US"
esim card netherlands,20.3,2,7.5,0,7,esim netherlands,1,"en-GB,en-US"
esim for australian travellers,20.3,2,7.5,0,7,esim for australia,3,"en-GB,en-US"
esim for canary islands,20.3,2,7.5,0,5,yesim esim costa rica,2,"en-GB,en-US"
esmo 2026 cape town,20.3,2,7.5,0,7,best esim for cape town 2026,1,"en-GB,en-US"
how to get esim etisalat,20.3,2,7.5,0,6,how to get an esim for qatar,1,en-US
morocco sim card unlimited data,20.3,2,7.5,0,5,morocco esim card,1,"en-GB,en-US"
esim tunisia unlimited data,20.2,11,11.0,1,3,unlimited data esim fiji,6,"en-GB,en-US"
ee esim with roaming,20.2,6,9.5,1,3,roami esim united arab emirates,7,"en-GB,en-US"
australian esim for europe,20.0,15,11.5,0,6,austria esim coverage map,5,"en-GB,en-US"
italian esim with phone number,19.8,4,9,1,3,esim for italy review,1,"en-GB,en-US"
buy an esim online,19.7,8,9.5,0,5,is esim available in czechia,7,en-US
compare esim for usa,19.7,8,9.5,0,4,esim for czech republic review,4,"en-GB,en-US"
airalo esim installation video,19.7,3,8,0,5,airalo esim israel,3,"en-GB,en-US"
best esim for london uk,19.7,3,8.0,0,5,best esim for ireland and uk,3,"en-GB,en-US"
best esim for travel in europe,19.7,3,8.0,0,5,best esim for croatia and italy,4,"en-GB,en-US"
best esim for usa travel from uk,19.7,3,8,0,8,best esim for usa,3,"en-GB,en-US"
cheapest esim indonesia,19.7,3,8.0,0,5,cheapest esim india,3,en-GB
china mobile esim plans,19.7,3,8.0,0,5,china esim coverage map,2,"en-GB,en-US"
esim card for japan,19.7,3,8.0,0,5,japan esim coverage map,2,"en-GB,en-US"
esim for use in usa,19.7,3,8.0,0,5,esim for uae,2,"en-GB,en-US"
esim only deals unlimited,19.7,3,8,0,5,cape town esim unlimited,3,en-US
esim vietnam travel guide,19.7,3,8.0,0,8,esim vietnam,2,"en-GB,en-US"
how to buy esim,19.7,3,8,0,4,esim for israel review,3,"en-GB,en-US"
is an esim better,19.7,3,8,0,5,esim for israel review,3,en-US
malaysia esim card for tourist,19.7,3,8,0,7,malaysia esim coverage map,1,"en-GB,en-US"
roamic esim albanien,19.7,3,8.0,0,7,roamic esim,1,"en-GB,en-US"
saily esim instructions,19.7,3,8,0,7,saily esim india,3,en-GB
sim vs esim benefits,19.7,3,8,0,5,esim australia vs sim,4,en-US
esim france england norway,19.5,7,10,1,3,esim for norway and sweden,5,"en-GB,en-US"
saily esim europe review,19.5,7,10.0,1,2,saily esim colombia,9,"en-GB,en-US"
holafly esim compatible phones,19.5,2,8.5,1,2,holafly esim macao,1,en-US
cheap esim for japan,19.3,11,12,2,2,cheapest esim for japan,7,"en-GB,en-US"
how to apply for esim,19.3,11,10.5,0,5,how to get an esim for georgia,9,"en-GB,en-US"
best esim for malawi,19.3,6,9,0,4,best esim for fiji 2026,4,"en-GB,en-US"
esim for at sea,19.3,6,9,0,8,alosim esim united arab emirates,3,en-US
esim price in japan,19.3,6,9,0,6,south korea esim price,4,"en-GB,en-US"
nomad esim south africa,19.3,6,12.0,4,2,nomad esim new zealand,7,"en-GB,en-US"
one new zealand esim,19.3,6,9.0,0,8,new zealand esim plans,2,"en-GB,en-US"
ubigi esim discount code,19.3,6,9,0,4,ubigi esim india,6,"en-GB,en-US"
where can i buy an esim,19.3,6,9,0,4,is esim available in georgia,4,"en-GB,en-US"
best esim new zealand,19.3,1,7.5,0,7,cape town esim reddit,1,"en-GB,en-US"
best of georgia 2026,19.3,1,7.5,0,4,best esim for georgia 2026,1,"en-GB,en-US"
best sim card for italy travel,19.3,1,7.5,0,5,italy sim card for tourists,1,"en-GB,en-US"
best travel sim card for vietnam,19.3,1,7.5,0,7,vietnam sim card for tourists,1,"en-GB,en-US"
china sim card for travel,19.3,1,7.5,0,7,china esim card,1,"en-GB,en-US"
esic new rules 2026 in hindi,19.3,1,7.5,0,7,czech republic esim 2026,1,"en-GB,en-US"
esim card for argentina,19.3,1,7.5,0,7,esim for argentina,1,"en-GB,en-US"
esim cards for ireland,19.3,1,7.5,0,7,esim for ireland,1,"en-GB,en-US"
esim metro qr code,19.3,1,7.5,0,4,qatar esim coverage map,1,"en-GB,en-US"
esim sri lanka dialog,19.3,1,7.5,0,4,esim for india and sri lanka,1,"en-GB,en-US"
fuji simpsonville sc,19.3,1,7.5,0,7,fiji esim,1,"en-GB,en-US"
fuji simulations,19.3,1,7.5,0,7,fiji esim,1,"en-GB,en-US"
germany dedicated sim card,19.3,1,7.5,0,5,germany sim card for tourists,1,"en-GB,en-US"
gigsky esim costa rica,19.3,1,7.5,0,6,ubigi esim costa rica,1,"en-GB,en-US"
gomo ireland esim,19.3,1,7.5,0,7,ireland esim,1,"en-GB,en-US"
holland simplex fifth wheel bushings,19.3,1,7.5,0,7,holland esim,1,"en-GB,en-US"
how to activate esim on iphone 17,19.3,1,7.5,0,5,how to activate esim,0,"en-GB,en-US"
how to install esim on android,19.3,1,7.5,0,7,how to install esim,0,"en-GB,en-US"
japan tourist sim card price,19.3,1,7.5,0,4,fiji sim card for tourists,1,"en-GB,en-US"
klook south korea esim,19.3,1,7.5,0,7,south korea esim,2,"en-GB,en-US"
new zealand sim card for travellers,19.3,1,7.5,0,5,new zealand sim card for tourists,1,"en-GB,en-US"
nz sim card auckland airport,19.3,1,7.5,0,7,nz esim card,1,"en-GB,en-US"
one nz esim top up,19.3,1,7.5,0,7,esim top up,0,"en-GB,en-US"
qr code for esim,19.3,1,7.5,0,5,qatar esim coverage map,1,"en-GB,en-US"
romi gooden,19.3,1,7.5,0,7,is roami good,0,"en-GB,en-US"
sim card for canada,19.3,1,7.5,0,7,canada sim card for tourists,1,"en-GB,en-US"
sim card for china and hong kong,19.3,1,7.5,0,5,hong kong sim card for tourists,1,"en-GB,en-US"
sim card price in qatar airport,19.3,1,7.5,0,4,qatar sim card for tourists,1,"en-GB,en-US"
solar eclipse iceland 2026,19.3,1,7.5,0,5,best esim for iceland 2026,1,"en-GB,en-US"
travel card for fiji,19.3,1,7.5,0,7,fiji sim card for tourists,1,"en-GB,en-US"
travel sim card singapore,19.3,1,7.5,0,5,singapore sim card for tourists,1,"en-GB,en-US"
uk sim card pay as you go,19.3,1,7.5,0,7,uk esim card,1,"en-GB,en-US"
what is an esim profile,19.3,1,7.5,0,7,what is an esim,0,"en-GB,en-US"
what is the best esim for france,19.3,1,7.5,0,7,best esim for france,1,"en-GB,en-US"
what is the best esim to use in spain,19.3,1,7.5,0,7,best esim for spain,1,"en-GB,en-US"
esim comparison for usa,19.2,10,11,1,3,esim for czech republic review,6,"en-GB,en-US"
esim vietnam with number,19.0,19,14,0,6,viet nam esim 2026,2,"en-GB,en-US"
esim for travelling to new zealand,19.0,9,10,0,7,does esim work in new zealand,5,"en-GB,en-US"
holafly esim japan review,19.0,9,15,4,2,holafly esim japan,10,"en-GB,en-US"
how to get an esim ee,19.0,4,8.5,0,6,how to get an esim for iceland,4,en-US
nanosim / esim,19.0,4,8.5,0,7,alosim esim saudi arabia,5,"en-GB,en-US"
esim for roaming usa,18.8,3,9.0,1,2,roami esim united arab emirates,2,"en-GB,en-US"
europe esim unlimited data,18.8,3,9,1,3,france esim unlimited data,3,en-US
buy esim for india,18.7,12,11,0,7,do i need an esim for india,5,"en-GB,en-US"
esim for usa from australia,18.7,7,9.5,0,6,do i need an esim for australia,3,"en-GB,en-US"
how does jetpac esim work,18.7,7,9.5,0,6,jetpac esim saudi arabia,9,"en-GB,en-US"
airalo esim card uk,18.7,2,8,0,8,airalo esim saudi arabia,2,"en-GB,en-US"
airalo esim instructions,18.7,2,8.0,0,7,airalo esim india,2,en-GB
australia sim card for international students,18.7,2,8,0,6,australia esim card,3,"en-GB,en-US"
best esim card for italy,18.7,2,8.0,0,5,best esim for italy 2026,1,"en-GB,en-US"
best esim for australia and singapore,18.7,2,8.0,0,8,best esim for australia,3,"en-GB,en-US"
best esim for french polynesia,18.7,2,8.0,0,4,best esim for france,2,"en-GB,en-US"
best esim for international travel,18.7,2,8,0,8,esim for international travel,1,"en-GB,en-US"
best esim for turkey and europe,18.7,2,8.0,0,8,best esim for turkiye,2,"en-GB,en-US"
does china have esim,18.7,2,8,0,6,do i need an esim for china,1,"en-GB,en-US"
esim card for travel to iceland,18.7,2,8.0,0,5,iceland esim card,1,"en-GB,en-US"
esim companies in australia,18.7,2,8,0,6,does esim work in australia,2,"en-GB,en-US"
esim for iphone 16,18.7,2,8,0,6,esim israel for iphone,1,"en-GB,en-US"
esim for japan trip,18.7,2,8,0,8,esim for japan,1,"en-GB,en-US"
esim for mauritius,18.7,2,8.0,0,6,esim for miami,1,"en-GB,en-US"
esim for use in uk,18.7,2,8,0,7,esim for uae,2,"en-GB,en-US"
esim turkey maya,18.7,2,8.0,0,7,esim turkey,2,"en-GB,en-US"
esim turkey prepaid options,18.7,2,8.0,0,8,esim turkiye,2,"en-GB,en-US"
esim usa airalo,18.7,2,8.0,0,8,esim usa,2,"en-GB,en-US"
holafly esim internacional,18.7,2,8,0,7,holafly esim india,2,"en-GB,en-US"
holafly esim promo code,18.7,2,8.0,0,5,holafly esim peru,2,en-US
how to buy esim in china,18.7,2,8.0,0,5,cheapest esim for china,2,"en-GB,en-US"
is esim worth it,18.7,2,8.0,0,6,esim for israel review,2,"en-GB,en-US"
que es esim y sim,18.7,2,8.0,0,8,esim argentina vs sim,2,en-US
sim card in australia for travellers,18.7,2,8,0,6,austria sim card for tourists,3,"en-GB,en-US"
south african sim card,18.7,2,8.0,0,5,south africa sim card for tourists,2,"en-GB,en-US"
thailand esim for tourist,18.7,2,8.0,0,8,how to get an esim for thailand,2,en-US
thailand sim card for indian tourist,18.7,2,8.0,0,5,india sim card for tourists,2,"en-GB,en-US"
trip.com esim hong kong,18.7,2,8,0,6,cheapest esim hong kong,1,"en-GB,en-US"
turkey esim voice and data,18.7,2,8.0,0,6,turkey esim,2,"en-GB,en-US"
ubigi esim uk,18.7,2,8,0,8,ubigi esim,1,"en-GB,en-US"
usa esim in india,18.7,2,8,0,5,india esim coverage map,1,"en-GB,en-US"
usa sim cards for visitors,18.7,2,8.0,0,5,usa esim card,3,"en-GB,en-US"
vietnam esim with phone number,18.7,2,8.0,0,8,vietnam esim,2,"en-GB,en-US"
what is an esim australia,18.7,2,8,0,8,what is an esim,3,"en-GB,en-US"
what is an esim south africa,18.7,2,8.0,0,7,cape town esim coverage map,1,en-US
esim plans for international travel,18.5,6,10.0,1,2,united arab emirates esim plans,6,en-US
buy esim online malaysia,18.3,15,12,0,7,does esim work in malaysia,4,"en-GB,en-US"
esim for europe from canada,18.3,15,12,0,8,is esim available in canada,6,"en-GB,en-US"
europe sim card for tourist,18.3,15,12.0,0,5,croatia sim card for tourists,16,"en-GB,en-US"
airalo esim card usa,18.3,5,9,0,5,airalo esim usa,5,"en-GB,en-US"
airalo global esim review,18.3,5,9,0,7,airalo esim united arab emirates,7,en-US
buy esim in china,18.3,5,9.0,0,7,does esim work in china,4,"en-GB,en-US"
iphone hong kong esim,18.3,5,9,0,8,esim hong kong 10gb,5,en-US
what is iphone esim,18.3,5,9,0,7,esim turkiye for iphone,5,en-US
esim for bali australia,18.2,4,9.5,1,3,bali esim coverage map,2,"en-GB,en-US"
esim compatible phones south africa,18.0,8,10.0,0,7,esim south africa for iphone,4,"en-GB,en-US"
esim for north america,18.0,8,10,0,6,esim for las vegas,3,"en-GB,en-US"
ubigi esim japan and korea,18.0,8,10,0,5,ubigi esim japan,9,"en-GB,en-US"
what is better sim or esim,18.0,8,10.0,0,9,esim india vs sim,9,en-US
where to buy esim in philippines,18.0,8,10.0,0,4,does esim work in philippines,7,en-US
esim for international travel in nz,18.0,3,8.5,0,6,esim for international travel,2,"en-GB,en-US"
esim vietnam mobile internet,18.0,3,8.5,0,4,esim vienna,2,"en-GB,en-US"
airalo esim card mexico,17.8,2,9.0,1,3,airalo esim mexico,2,"en-GB,en-US"
airalo esim korea,17.8,2,9.0,1,2,airalo esim uk,1,"en-GB,en-US"
cheap esim for egypt,17.8,2,9,1,1,cheap esim egypt,1,"en-GB,en-US"
esim china prepaid options,17.8,2,9,1,2,esim china price,1,"en-GB,en-US"
mobily esim saudi arabia,17.8,2,9.0,1,3,esim saudi arabia 10gb,1,"en-GB,en-US"
new zealand esim prepaid,17.8,2,9,1,1,new zealand esim price,1,"en-GB,en-US"
sim card for australia travel,17.8,2,9.0,1,3,austria sim card for tourists,3,"en-GB,en-US"
buy an esim canada,17.7,11,11,0,7,does esim work in canada,4,"en-GB,en-US"
esim for japan comparison,17.7,6,11.0,2,1,esim for fiji review,2,"en-GB,en-US"
esim providers for japan,17.7,6,11,2,2,does esim work in fiji,2,"en-GB,en-US"
holafly esim thailand and vietnam,17.7,6,11,2,2,holafly esim thailand,7,"en-GB,en-US"
indonesia best esims tips,17.7,6,9.5,0,8,best esim for indonesia,2,"en-GB,en-US"
airalo code,17.7,1,8,0,8,is airalo good,0,en-US
airalo esim global,17.7,1,8,0,8,airalo esim,0,en-US
airalo esim installation instructions,17.7,1,8,0,8,airalo esim israel,1,en-US
ais tourist sim card,17.7,1,8,0,8,austria sim card for tourists,2,en-US
amsterdam empire cast,17.7,1,8,0,8,amsterdam esim,1,en-US
bali esim providers,17.7,1,8.0,0,8,bali esim,1,"en-GB,en-US"
bali sim card unlimited data,17.7,1,8.0,0,8,bali esim card,1,"en-GB,en-US"
bangkoksims sims 4,17.7,1,8,0,8,bangkok esim,1,en-GB
best data esim for india,17.7,1,8.0,0,8,best esim for india,1,en-GB
best esim cape verde,17.7,1,8.0,0,4,cape town esim best,1,"en-GB,en-US"
best esim card for india,17.7,1,8,0,8,india esim card,1,en-US
best esim cards for japan and korea,17.7,1,8,0,8,best esim for korea,1,en-GB
best esim for bali for 7 days,17.7,1,8.0,0,8,best esim for bali,1,"en-GB,en-US"
best esim for london and dublin,17.7,1,8.0,0,8,esim for london,0,"en-GB,en-US"
best esim for thailand travel from canada,17.7,1,8.0,0,8,best esim for thailand,1,"en-GB,en-US"
best esim for us travel,17.7,1,8,0,8,best esim for us,1,en-US
best esim in vietnam,17.7,1,8,0,8,best esim for thailand and vietnam,2,en-US
best esim rome italy,17.7,1,8,0,8,esim rome,0,en-GB
best japan sim card for tourist,17.7,1,8,0,8,japan sim card for tourists,1,en-US
best sim card data in the philippines,17.7,1,8,0,8,philippines sim card for tourists,1,en-US
best sim only deals,17.7,1,8,0,8,best esim,0,en-GB
best travel esim new zealand,17.7,1,8.0,0,6,cape town esim best,1,"en-GB,en-US"
buy sim card in vietnam,17.7,1,8.0,0,6,vietnam sim card for tourists,1,"en-GB,en-US"
buying a sim card in france,17.7,1,8.0,0,7,france sim card for tourists,1,"en-GB,en-US"
buying a sim card in mexico,17.7,1,8.0,0,6,mexico sim card for tourists,1,"en-GB,en-US"
canada esim reddit,17.7,1,8.0,0,8,canada esim,1,"en-GB,en-US"
canadian sim card uk,17.7,1,8,0,8,canada esim card,1,en-GB
cape town einwohner,17.7,1,8,0,8,cape town esim,1,en-US
cheapest esim deals uk,17.7,1,8.0,0,8,cheapest esim uk,1,en-GB
cheapest phone with esim,17.7,1,8,0,8,cheapest esim for fiji,1,en-US
china esim 1 day,17.7,1,8.0,0,8,china esim,1,"en-GB,en-US"
china sim card with number,17.7,1,8,0,8,china esim card,1,en-GB
colombia es mundial,17.7,1,8.0,0,8,colombia esim,1,en-US
columbia siman,17.7,1,8.0,0,8,colombia esim,1,en-GB
czech etimex hranice,17.7,1,8.0,0,8,czechia esim,1,en-US
czech republic embassy in ghana,17.7,1,8,0,8,czech republic esim,1,en-US
daily gospel,17.7,1,8,0,8,is saily good,0,en-US
does china mobile support esim,17.7,1,8,0,8,esim coverage in china,1,en-US
does esim cost extra,17.7,1,8,0,8,esim coverage in israel,1,en-US
download esim on google,17.7,1,8.0,0,4,esim for georgia review,1,"en-GB,en-US"
england eliminated,17.7,1,8,0,8,england esim,1,en-GB
esim argentina movistar,17.7,1,8.0,0,8,esim argentina,1,"en-GB,en-US"
esim bereich,17.7,1,8,0,8,esim berlin,0,en-GB
esim card for cruise ship,17.7,1,8.0,0,8,esim for cruise,0,"en-GB,en-US"
esim card for the uk,17.7,1,8,0,8,esim coverage in uk,1,en-US
esim card iphone,17.7,1,8,0,8,esim cairo,0,en-US
esim card morocco,17.7,1,8.0,0,8,esim morocco,1,en-US
esim cards for new zealand,17.7,1,8.0,0,8,esim for new zealand,1,en-US
esim cellcom israel,17.7,1,8.0,0,8,esim israel,1,en-GB
esim china mainland,17.7,1,8.0,0,8,esim china,1,"en-GB,en-US"
esim claro argentina,17.7,1,8.0,0,8,argentina esim,1,en-GB
esim claro peru,17.7,1,8.0,0,8,esim peru,1,en-US
esim colombia holafly,17.7,1,8.0,0,8,esim colombia,1,"en-GB,en-US"
esim data plan uk ee,17.7,1,8.0,0,8,esim data plan,0,"en-GB,en-US"
esim data plans in canada,17.7,1,8,0,8,canada esim plans,1,en-US
esim deals for tourists,17.7,1,8.0,0,8,esim deals,0,"en-GB,en-US"
esim europe,17.7,1,8,0,8,esim,0,en-GB
esim for china from india,17.7,1,8.0,0,8,esim for china,1,"en-GB,en-US"
esim for europe travel from india,17.7,1,8.0,0,8,esim for europe,1,"en-GB,en-US"
esim for india travel from uk,17.7,1,8.0,0,8,esim for india,1,"en-GB,en-US"
esim for italy and greece,17.7,1,8.0,0,8,esim for italy,1,"en-GB,en-US"
esim for nepal,17.7,1,8,0,8,esim for nz,1,en-GB
esim for saudi,17.7,1,8,0,8,esim for ksa,1,en-US
esim for the caribbean,17.7,1,8.0,0,4,esim for rio de janeiro,0,"en-GB,en-US"
esim for uk to uk,17.7,1,8.0,0,8,esim for uk,1,"en-GB,en-US"
esim france voyage,17.7,1,8.0,0,8,esim france,1,"en-GB,en-US"
esim google fi iphone,17.7,1,8,0,8,esim turkiye for iphone,1,en-US
esim holafly como funciona,17.7,1,8,0,8,holafly esim costa rica,1,en-US
esim india activation process,17.7,1,8.0,0,8,esim india,1,"en-GB,en-US"
esim indonesia murah,17.7,1,8.0,0,8,esim indonesia,1,"en-GB,en-US"
esim korea mobile internet,17.7,1,8.0,0,8,esim korea,1,"en-GB,en-US"
esim malaysia digi,17.7,1,8.0,0,8,esim malaysia,1,"en-GB,en-US"
esim mexico providers,17.7,1,8.0,0,8,esim mexico,1,"en-GB,en-US"
esim nz spark,17.7,1,8.0,0,8,esim nz,1,"en-GB,en-US"
esim plans for tablets,17.7,1,8.0,0,8,esim plans,0,"en-GB,en-US"
esim prepaid plans uk,17.7,1,8,0,8,uk esim plans,1,en-US
esim roaming compatibility,17.7,1,8,0,8,esim rome,0,en-US
esim spain text+call,17.7,1,8.0,0,8,esim spain,1,"en-GB,en-US"
esim taiwan and thailand,17.7,1,8.0,0,8,esim taiwan,1,"en-GB,en-US"
esim thailand klook,17.7,1,8.0,0,8,esim thailand,1,"en-GB,en-US"
esim user benefits,17.7,1,8.0,0,8,esim us,1,"en-GB,en-US"
esim vodafone fiji,17.7,1,8.0,0,8,esim fiji,1,en-GB
esim vs sim speed,17.7,1,8.0,0,8,esim vs sim,0,"en-GB,en-US"
esim with at&t,17.7,1,8,0,8,is esim worth it,0,en-US
fiji sim,17.7,1,8.0,0,6,fiji esim,1,"en-GB,en-US"
free service with esim,17.7,1,8,0,8,esim coverage in georgia,1,en-US
free sim card ireland,17.7,1,8.0,0,8,ireland sim card for tourists,1,"en-GB,en-US"
french sim card pay as you go,17.7,1,8,0,8,france esim card,1,en-GB
georgia estimated taxes pay,17.7,1,8.0,0,8,georgia esim,1,en-US
holafly esim kosten,17.7,1,8,0,8,holafly esim uk,1,en-GB
holafly indonesia esim,17.7,1,8.0,0,8,indonesia esim,1,en-US
holland symphony orchestra,17.7,1,8,0,8,holland esim,1,en-US
how to activate esim on motorola,17.7,1,8,0,8,how to activate esim,0,en-US
how to activate holafly esim,17.7,1,8.0,0,7,holafly esim united arab emirates,1,"en-GB,en-US"
how to activate saily esim,17.7,1,8.0,0,5,saily esim united arab emirates,1,"en-GB,en-US"
how to get an esim for south africa,17.7,1,8,0,8,how to get an esim for usa,2,en-US
how to get esim,17.7,1,8,0,8,how to get an esim for mexico,1,en-US
how to install esim on iphone 17,17.7,1,8.0,0,7,how to install esim,0,"en-GB,en-US"
india esim online,17.7,1,8.0,0,8,india esim,1,"en-GB,en-US"
indian sim card cost,17.7,1,8,0,8,india esim card,1,en-GB
iphone se use esim,17.7,1,8,0,8,esim france for iphone,1,en-US
is holafly esim good for travel,17.7,1,8.0,0,8,is holafly good,0,"en-GB,en-US"
is s20 fe esim compatible,17.7,1,8,0,8,best esim for fiji 2026,1,en-US
israel prepaid sim card best,17.7,1,8.0,0,5,israel sim card for tourists,1,"en-GB,en-US"
istanbul resim akademisi,17.7,1,8.0,0,7,istanbul esim,1,"en-GB,en-US"
italy esim providers,17.7,1,8.0,0,8,italy esim,1,"en-GB,en-US"
japan esim australia,17.7,1,8.0,0,8,japan esim,1,"en-GB,en-US"
jetpac esim nz,17.7,1,8.0,0,8,jetpac esim,0,"en-GB,en-US"
kenya simti,17.7,1,8.0,0,8,kenya esim,1,en-GB
korean sim card with korean number,17.7,1,8,0,8,korea esim card,1,en-GB
ksa emoji,17.7,1,8,0,8,ksa esim,1,en-US
lebara esim ksa,17.7,1,8,0,8,ksa esim,1,en-GB
local sim for spain,17.7,1,8.0,0,5,spain sim card for tourists,1,"en-GB,en-US"
lyca netherlands esim,17.7,1,8.0,0,8,netherlands esim,1,en-US
malaysia esim with local number,17.7,1,8.0,0,8,malaysia esim,1,"en-GB,en-US"
malaysia sim card with phone number,17.7,1,8.0,0,8,malaysia esim card,1,"en-GB,en-US"
manila embassy,17.7,1,8,0,8,manila esim,1,en-US
mexico esim reddit,17.7,1,8.0,0,8,mexico esim,1,"en-GB,en-US"
netherlands eliminated,17.7,1,8.0,0,8,netherlands esim,1,en-GB
new zealand esim data,17.7,1,8.0,0,8,new zealand esim,1,"en-GB,en-US"
nomad esim company,17.7,1,8,0,8,nomad esim macao,1,en-US
nomad esim discount code 2025,17.7,1,8,0,8,nomad esim india,1,en-GB
nomad esim peru,17.7,1,8.0,0,8,esim peru,1,en-GB
nos portugal esim,17.7,1,8.0,0,8,portugal esim,1,en-US
nz esim card,17.7,1,8.0,0,8,nz esim,1,"en-GB,en-US"
orange esim card for france,17.7,1,8,0,8,france esim card,1,en-US
orange portugal esim,17.7,1,8.0,0,8,portugal esim,1,en-GB
orange sim card spain,17.7,1,8,0,8,spain sim card for tourists,1,en-US
philippines sim card registration,17.7,1,8.0,0,7,philippines sim card for tourists,1,"en-GB,en-US"
phones that use esim,17.7,1,8,0,8,esim argentina for iphone,1,en-US
pocket wifi esim philippines,17.7,1,8.0,0,7,esim vs pocket wifi,0,"en-GB,en-US"
prague semi marathon,17.7,1,8,0,8,prague esim,1,en-US
prepaid sim card for morocco,17.7,1,8.0,0,6,morocco sim card for tourists,1,"en-GB,en-US"
qatar e-sim,17.7,1,8.0,0,8,qatar esim,1,en-GB
qr code esim card,17.7,1,8,0,8,qatar esim coverage map,1,en-US
que es esim en iphone,17.7,1,8,0,8,esim mexico for iphone,1,en-US
riyadh esnad,17.7,1,8,0,8,riyadh esim,1,en-US
roaming deutschland,17.7,1,8,0,8,is roamic good,0,en-US
roma goodstart,17.7,1,8,0,8,is roami good,0,en-GB
saily esim android setup,17.7,1,8,0,8,saily esim spain,1,en-GB
saily esim compatible phones,17.7,1,8,0,8,saily esim macao,1,en-US
saily esim in china,17.7,1,8,0,8,saily esim india,1,en-GB
sally goodwin,17.7,1,8,0,8,is saily good,0,en-GB
san jose costa rica iata code,17.7,1,8,0,8,san jose costa rica esim,1,en-US
seoul semiconductor led,17.7,1,8,0,8,seoul esim,1,en-US
sim card for china,17.7,1,8,0,8,china sim card for tourists,1,en-US
sim card for uk,17.7,1,8.0,0,7,uk sim card for tourists,1,"en-GB,en-US"
sim card for use in china,17.7,1,8,0,8,china sim card for tourists,1,en-GB
sim card greece price,17.7,1,8.0,0,4,greece sim card for tourists,1,"en-GB,en-US"
sim card in korea for foreigners,17.7,1,8.0,0,5,south korea sim card for tourists,2,"en-GB,en-US"
sim cards usa turkey,17.7,1,8,0,8,turkiye sim card for tourists,1,en-US
smart philippines esim,17.7,1,8.0,0,8,philippines esim,1,"en-GB,en-US"
south america esim,17.7,1,8.0,0,8,south africa esim,2,en-GB
spanish sim card in uk,17.7,1,8.0,0,4,spain sim card for tourists,1,"en-GB,en-US"
taipei immigration office,17.7,1,8,0,8,taipei esim,1,en-US
taiwan esim at airport,17.7,1,8.0,0,8,taiwan esim,1,"en-GB,en-US"
thailand esim travel guide,17.7,1,8.0,0,8,thailand esim,1,"en-GB,en-US"
travel esim card europe,17.7,1,8.0,0,7,czech republic esim card,1,"en-GB,en-US"
travel esim japan,17.7,1,8,0,8,travel esim,0,en-GB
turkey e sims,17.7,1,8.0,0,8,turkiye esim,1,en-GB
ubigi configuration guide,17.7,1,8,0,8,is ubigi good,0,en-US
ubigi esim costa rica,17.7,1,8,0,8,ubigi esim uk,1,en-US
uk esim illimite,17.7,1,8.0,0,8,uk esim,1,"en-GB,en-US"
united arab emirates emoji,17.7,1,8.0,0,8,united arab emirates esim,1,en-US
us esim providers,17.7,1,8.0,0,8,us esim,1,"en-GB,en-US"
usa and mexico sim,17.7,1,8.0,0,4,mexico sim card for tourists,1,"en-GB,en-US"
usa esim data,17.7,1,8.0,0,8,usa esim,2,"en-GB,en-US"
usa sim card for travellers,17.7,1,8,0,8,usa sim card for tourists,2,en-GB
vietnam local sim card,17.7,1,8.0,0,6,vietnam sim card for tourists,1,"en-GB,en-US"
vietnam sim card for travel,17.7,1,8,0,8,viet nam esim card,1,en-GB
vodafone esim for greece,17.7,1,8.0,0,8,esim for greece,1,en-GB
vodafone esim promo code,17.7,1,8.0,0,8,esim promo code,0,"en-GB,en-US"
what is the esim card,17.7,1,8,0,8,viet nam esim card,1,en-US
esim for solomon islands,17.5,5,10,1,2,esim for seoul,3,"en-GB,en-US"
saily esim for canada,17.5,5,10.0,1,2,saily esim hong kong,6,"en-GB,en-US"
comprar esim colombia online,17.3,14,12,0,4,esim rio de janeiro,1,"en-GB,en-US"
esim vietnam unlimited data,17.3,9,10.5,0,4,bangkok esim unlimited data,7,"en-GB,en-US"
best esim for australians travelling overseas,17.3,4,9,0,5,best esim for australia,3,"en-GB,en-US"
best esim for pakistan,17.3,4,9.0,0,5,esim for ksa review,3,"en-GB,en-US"
best esim for thailand and cambodia,17.3,4,9,0,6,best esim for thailand and vietnam,2,"en-GB,en-US"
best esim service in canada,17.3,4,9,0,6,does esim work in canada,3,"en-GB,en-US"
cheapest esim provider uk,17.3,4,9.0,0,4,cheapest esim peru,4,"en-GB,en-US"
esim provider in australia,17.3,4,9,0,7,does esim work in australia,3,"en-GB,en-US"
esim with free trial,17.3,4,9.0,0,5,esim for georgia review,2,en-US
esim with phone number canada,17.3,4,9,0,5,esim with phone number,1,"en-GB,en-US"
does saily esim work in china,17.2,8,12.5,3,2,does esim work in china,9,"en-GB,en-US"
latin america esim unlimited data,17.0,17,13.5,0,8,argentina esim unlimited data,9,"en-GB,en-US"
best esim plan for europe,17.0,12,11.5,0,6,holland esim coverage map,13,en-US
best esim provider for ireland,17.0,7,10.0,0,5,best esim for ireland and uk,2,"en-GB,en-US"
cell phone with esim,17.0,7,10,0,7,esim argentina for iphone,6,en-US
esim only deals cheap,17.0,7,10.0,0,8,cheapest esim for bali,7,"en-GB,en-US"
how much does esim cost,17.0,7,10,0,6,saudi arabia esim price,7,en-US
sim cards in america for tourists,17.0,7,10,0,5,brazil sim card for tourists,7,"en-GB,en-US"
us and canada esim,17.0,7,10,0,5,canada esim coverage map,1,"en-GB,en-US"
airalo esim installed but not activated,17.0,2,8.5,0,7,airalo esim israel,2,"en-GB,en-US"
best esim for australians in japan,17.0,2,8.5,0,6,best esim for austria,3,"en-GB,en-US"
best esim for london and paris,17.0,2,8.5,0,5,esim for paris,0,"en-GB,en-US"
best esim for worldwide roaming,17.0,2,8.5,0,7,roami esim united arab emirates,1,"en-GB,en-US"
egypt sim card prepaid,17.0,2,8.5,0,6,egypt esim card,1,"en-GB,en-US"
esim australia prepaid 365 days,17.0,2,8.5,0,8,esim australia,3,"en-GB,en-US"
esim for australia holiday,17.0,2,8.5,0,8,esim for australia,3,"en-GB,en-US"
european sim card for travel,17.0,2,8.5,0,4,belgium sim card for tourists,2,"en-GB,en-US"
how much does an esim card cost,17.0,2,8.5,0,8,saudi arabia esim price,2,en-US
ist esim besser als sim,17.0,2,8.5,0,8,esim germany vs sim,3,en-US
smart sim to esim,17.0,2,8.5,0,8,esim kenya vs sim,2,en-US
travel esim new zealand,17.0,2,8.5,0,6,cape town esim coverage map,1,en-US
tunisia sim card for tourists,17.0,2,8.5,0,4,greece sim card for tourists,2,"en-GB,en-US"
what's the difference between esim and sim,17.0,2,8.5,0,7,esim egypt vs sim,2,en-US
peru and brazil data sim card,16.8,1,9.0,1,2,peru sim card for tourists,1,"en-GB,en-US"
airalo esim for morocco,16.7,10,11,0,5,airalo esim united arab emirates,3,"en-GB,en-US"
esim for international use,16.7,10,11,0,4,esim for rio de janeiro,6,en-US
best travel esim for bali,16.7,5,9.5,0,6,cheapest esim for bali,1,"en-GB,en-US"
nomad esim japan review,16.5,9,13.5,3,2,nomad esim japan,10,"en-GB,en-US"
buy esim in india,16.3,13,12,0,7,does esim work in india,8,"en-GB,en-US"
airalo esim compatible phones,16.3,3,9,0,5,airalo esim macao,2,en-US
can i use an esim in china,16.3,3,9.0,0,8,do i need an esim for brazil,3,"en-GB,en-US"
esim card for philippines,16.3,3,9,0,6,how to get an esim for philippines,2,"en-GB,en-US"
esim mobile in india,16.3,3,9,0,6,esim coverage in india,2,en-US
esim phones in india,16.3,3,9,0,5,esim saudi arabia for iphone,3,en-US
esim vietnam reddit,16.3,3,9.0,0,9,esim vietnam,2,"en-GB,en-US"
going from sim to esim,16.3,3,9,0,6,esim croatia vs sim,3,en-US
how does an international esim work,16.3,3,9,0,5,does esim work in iceland,3,"en-GB,en-US"
philippines tourist sim card,16.3,3,9,0,8,peru sim card for tourists,3,en-US
phones with an esim,16.3,3,9,0,8,esim belgium for iphone,3,en-US
best esim for tokyo,16.2,2,9.5,1,2,esim for tokyo,1,"en-GB,en-US"
esim plans in australia,16.0,16,14.5,0,5,australia esim coverage map,15,"en-GB,en-US"
esim for japan and philippines,16.0,6,10,0,6,does esim work in philippines,4,"en-GB,en-US"
esim france en ligne,16.0,6,10,0,7,esim france,1,"en-GB,en-US"
esim vietnam and cambodia,16.0,6,10,0,9,viet nam esim 2026,2,"en-GB,en-US"
indonesia best esims plans,16.0,6,10,0,4,esim coverage in indonesia,2,en-US
iphones with esim support,16.0,6,10.0,0,8,esim ireland for iphone,7,en-US
is nomad esim good,16.0,6,10,0,8,is nomad good,7,"en-GB,en-US"
airalo esim canada,16.0,1,8.5,0,7,airalo esim,0,"en-GB,en-US"
best esim for asia region,16.0,1,8.5,0,8,esim for asia,1,"en-GB,en-US"
best esim for voice and data in mexico,16.0,1,8.5,0,8,best esim for mexico,1,"en-GB,en-US"
best esim providers for europe,16.0,1,8.5,0,7,best esim for netherlands and belgium,2,"en-GB,en-US"
best sim card for new zealand travel,16.0,1,8.5,0,6,new zealand sim card for tourists,1,"en-GB,en-US"
buy airalo esim uk,16.0,1,8.5,0,7,airalo esim uk,1,"en-GB,en-US"
china sim card with vpn,16.0,1,8.5,0,5,china esim card,1,"en-GB,en-US"
costa rica nomad visa,16.0,1,8.5,0,5,nomad esim costa rica,1,"en-GB,en-US"
costa rica sim card unlimited data,16.0,1,8.5,0,6,costa rica sim card for tourists,1,"en-GB,en-US"
egypt e sim card,16.0,1,8.5,0,7,egypt sim card for tourists,1,"en-GB,en-US"
esim card for android phone,16.0,1,8.5,0,8,esim for android,0,"en-GB,en-US"
esim cards for greece,16.0,1,8.5,0,8,esim for greece,1,"en-GB,en-US"
esim deals for egypt,16.0,1,8.5,0,8,esim for egypt,1,"en-GB,en-US"
esim uk activation,16.0,1,8.5,0,8,esim uk,1,"en-GB,en-US"
georgia estimated tax payments,16.0,1,8.5,0,8,georgia esim,1,"en-GB,en-US"
kashmir sim card for tourist,16.0,1,8.5,0,6,czechia sim card for tourists,1,"en-GB,en-US"
list of sim cards in the philippines,16.0,1,8.5,0,7,philippines sim card for tourists,1,"en-GB,en-US"
proximus belgium esim,16.0,1,8.5,0,8,belgium esim,1,"en-GB,en-US"
rica sim card online,16.0,1,8.5,0,7,costa rica sim card for tourists,1,"en-GB,en-US"
saily esim china,16.0,1,8.5,0,8,saily esim,0,"en-GB,en-US"
sim for south africa,16.0,1,8.5,0,7,south africa sim card for tourists,2,"en-GB,en-US"
sim price in malaysia for tourist,16.0,1,8.5,0,8,malaysia sim card for tourists,1,"en-GB,en-US"
tim sim card brazil,16.0,1,8.5,0,6,brazil sim card for tourists,1,"en-GB,en-US"
travel money card for fiji,16.0,1,8.5,0,8,fiji sim card for tourists,1,"en-GB,en-US"
travel sim for india,16.0,1,8.5,0,4,india sim card for tourists,1,"en-GB,en-US"
travel sim for italy,16.0,1,8.5,0,6,italy sim card for tourists,1,"en-GB,en-US"
ubigi esim card,16.0,1,8.5,0,7,ubigi esim,0,"en-GB,en-US"
uk sim card deals,16.0,1,8.5,0,8,uk esim card,1,"en-GB,en-US"
usa sim card prepaid plans,16.0,1,8.5,0,8,usa esim card,2,"en-GB,en-US"
visit iceland for eclipse 2026,16.0,1,8.5,0,6,best esim for iceland 2026,1,"en-GB,en-US"
esim for us and canada,15.8,10,12,1,2,esim for usa and canada,5,"en-GB,en-US"
best europe esim plans,15.7,9,11.0,0,5,holland esim coverage map,9,"en-GB,en-US"
buy esim new zealand,15.7,9,11,0,6,does esim work in new zealand,3,"en-GB,en-US"
esim for european travel,15.7,9,11,0,6,do i need an esim for croatia,4,en-US
best esim for south pacific,15.7,4,9.5,0,7,best esim for seoul,4,"en-GB,en-US"
cheap phone for esim,15.7,4,9.5,0,5,cheapest esim for georgia,4,en-US
china and hong kong esim,15.7,4,9.5,0,4,best esim for hong kong and china,2,"en-GB,en-US"
esim card for bali,15.7,4,9.5,0,4,bali esim coverage map,1,"en-GB,en-US"
esim for usa travel from canada,15.7,4,9.5,0,7,canada esim coverage map,3,"en-GB,en-US"
best esim for turkey 2025,15.5,3,10,1,2,best esim for turkey 2026,2,"en-GB,en-US"
esim card for usa,15.5,3,10,1,3,czech republic esim card,3,"en-GB,en-US"
hong kong iphone esim,15.5,3,10,1,1,esim hong kong for iphone,1,"en-GB,en-US"
what esim works in caribbean,15.5,3,10,1,3,does esim work in costa rica,2,"en-GB,en-US"
how to apply for esim in india,15.3,7,10.5,0,6,do i need an esim for india,6,"en-GB,en-US"
airalo esim india,15.3,2,9.0,0,5,airalo esim spain,1,"en-GB,en-US"
best esim for roaming in mexico,15.3,2,9,0,7,best esim for mexico,2,"en-GB,en-US"
best esim for turkey and greece,15.3,2,9.0,0,9,best esim for turkiye,2,"en-GB,en-US"
best esim for vietnam and japan,15.3,2,9.0,0,9,best esim for vietnam,2,"en-GB,en-US"
cheapest esim in malaysia,15.3,2,9.0,0,9,cheapest esim india,2,en-GB
cheapest esim uk plans,15.3,2,9,0,7,uk esim coverage map,1,"en-GB,en-US"
difference between sim card and esim,15.3,2,9.0,0,8,esim india vs sim,2,en-US
does saily esim have a phone number,15.3,2,9,0,4,saily esim united arab emirates,3,"en-GB,en-US"
esim canada reddit,15.3,2,9,0,9,esim canada,2,"en-GB,en-US"
esim china not working,15.3,2,9,0,9,does esim work in china,2,"en-GB,en-US"
esim for use in new zealand,15.3,2,9.0,0,8,esim for nz review,4,en-US
esim usa activation,15.3,2,9.0,0,9,esim usa,2,"en-GB,en-US"
free phone with esim,15.3,2,9.0,0,8,esim kenya for iphone,2,en-US
how does saily esim work,15.3,2,9.0,0,6,saily esim south korea,4,"en-GB,en-US"
is s20 fe esim capable,15.3,2,9,0,8,best esim for egypt 2026,2,"en-GB,en-US"
peru sim card options,15.3,2,9.0,0,4,peru esim card,1,"en-GB,en-US"
saily esim international,15.3,2,9.0,0,9,saily esim china,2,en-GB
saily esim unlimited data,15.3,2,9,0,7,saily esim uk,2,"en-GB,en-US"
saily japan esim review,15.3,2,9.0,0,7,saily esim south korea,3,en-GB
spain travel sim card,15.3,2,9.0,0,7,argentina sim card for tourists,2,en-US
turkey esim deals,15.3,2,9.0,0,7,turkey esim,2,"en-GB,en-US"
us esim prepaid for canadians,15.3,2,9.0,0,5,usa esim price,2,en-US
vietnam esim online,15.3,2,9.0,0,9,vietnam esim,2,"en-GB,en-US"
was ist besser sim oder esim,15.3,2,9.0,0,7,esim germany vs sim,3,en-US
esim for vietnam viettel,15.2,6,11.0,1,3,viet nam esim 2026,1,"en-GB,en-US"
philippines sim card for tourist,15.2,6,11,1,1,philippines sim card for tourists,6,"en-GB,en-US"
costa rica esim erfahrungen,15.0,15,13,0,11,cheap esim costa rica,1,"en-GB,en-US"
esim para usar na argentina,15.0,15,15.0,0,10,esim for argentina review,2,"en-GB,en-US"
best esim for australians in europe,15.0,5,10.0,0,6,best esim for australia,3,"en-GB,en-US"
cheap esim for bali,15.0,5,10,0,5,bali esim coverage map,2,"en-GB,en-US"
esim card for travel taiwan,15.0,5,10,0,5,taipei esim coverage map,2,"en-GB,en-US"
esim data plan canada,15.0,5,10.0,0,5,esim data plan,2,"en-GB,en-US"
esim providers in canada,15.0,5,10.0,0,6,is esim available in canada,1,"en-GB,en-US"
free sim cards usa for tourists,15.0,5,10,0,6,georgia sim card for tourists,5,"en-GB,en-US"
holafly esim review reddit,15.0,5,10,0,5,holafly esim saudi arabia,6,en-US
indonesia best esims for travelers,15.0,5,10,0,7,best esim for indonesia,1,"en-GB,en-US"
iphones with esim capability,15.0,5,10,0,8,esim macao for iphone,5,en-US
sim y esim diferencia,15.0,5,10,0,5,esim colombia vs sim,5,en-US
vietnam and cambodia esim,15.0,5,10,0,8,esim for vietnam and thailand,3,en-US
does esim work in nigeria,14.7,8,11,0,5,does esim work in usa,10,"en-GB,en-US"
esim card for mexico,14.7,8,11.0,0,7,do i need an esim for cancun,5,"en-GB,en-US"
esim in japan available,14.7,8,11,0,6,fiji esim coverage map,5,"en-GB,en-US"
esim international data plans,14.7,8,11.0,0,6,saudi arabia esim plans,8,en-US
new zealand phone esim,14.7,8,11,0,7,esim new zealand vs sim,2,"en-GB,en-US"
what is the best esim,14.7,8,11.0,0,5,best esim for israel,8,"en-GB,en-US"
esim for vietnam and hong kong,14.7,3,9.5,0,9,esim for vietnam,2,"en-GB,en-US"
saily esim phone number,14.7,3,9.5,0,6,saily esim saudi arabia,4,"en-GB,en-US"
india esim prepaid options,14.5,2,10,1,1,india esim price,1,"en-GB,en-US"
jetpac esim japan,14.5,2,10,1,1,jetpac esim spain,1,"en-GB,en-US"
nomad esim japan,14.5,2,10,1,2,nomad esim spain,1,"en-GB,en-US"
carte esim costa rica,14.3,11,12.0,0,9,esim costa rica 10gb,1,"en-GB,en-US"
esim for dubai and thailand,14.3,11,12.0,0,4,esim for dubai,5,"en-GB,en-US"
esim malaysia and thailand,14.3,11,12.0,0,9,does esim work in malaysia,4,"en-GB,en-US"
airalo esim thailand review,14.3,6,12,2,2,airalo esim thailand,7,"en-GB,en-US"
who owns saily esim,14.3,6,10.5,0,5,saily esim united arab emirates,8,"en-GB,en-US"
airalo esim card nz,14.3,1,9,0,9,nz esim card,1,en-GB
airalo esim installation android,14.3,1,9,0,9,airalo esim israel,1,en-US
amsterdam empire netflix,14.3,1,9,0,9,amsterdam esim,1,en-US
at&t mexico esim,14.3,1,9.0,0,9,mexico esim,1,en-US
australian esim with phone number,14.3,1,9,0,9,how to get an esim for australia,2,en-US
bali esim for australians,14.3,1,9.0,0,9,bali esim,1,"en-GB,en-US"
best esim cards for australia,14.3,1,9,0,9,australia esim card,2,en-US
best esim deals,14.3,1,9,0,9,best esim,0,en-GB
best esim for australians in bali,14.3,1,9.0,0,9,best esim for australia,2,"en-GB,en-US"
best esim for bali travel,14.3,1,9.0,0,9,best esim for bali,1,"en-GB,en-US"
best esim for china and vietnam,14.3,1,9.0,0,9,best esim for china,1,"en-GB,en-US"
best esim for cruise ships,14.3,1,9.0,0,9,esim for cruise,0,"en-GB,en-US"
best esim for florida,14.3,1,9.0,0,8,best esim for georgia,1,"en-GB,en-US"
best esim for guatemala reddit,14.3,1,9.0,0,7,san jose costa rica esim reddit,1,"en-GB,en-US"
best esim for italy from canada,14.3,1,9.0,0,9,best esim for italy,1,"en-GB,en-US"
best esim for jamaica,14.3,1,9.0,0,9,best esim for fiji,1,en-US
best esim for nepal,14.3,1,9,0,9,best esim for nz,1,en-GB
best esim for uk and italy,14.3,1,9.0,0,9,best esim for uk,1,"en-GB,en-US"
best esims for costa rica,14.3,1,9.0,0,9,esim for costa rica,1,en-US
best prepaid sim card for germany,14.3,1,9,0,9,germany sim card for tourists,1,en-US
best prepaid sim card for spain,14.3,1,9.0,0,6,spain sim card for tourists,1,"en-GB,en-US"
best sim for morocco,14.3,1,9,0,9,morocco sim card for tourists,1,en-GB
best singapore esim,14.3,1,9.0,0,9,singapore esim,1,en-GB
buying sim card in singapore,14.3,1,9,0,9,singapore sim card for tourists,1,en-US
canada esim for calls and text messages,14.3,1,9.0,0,9,canada esim,1,"en-GB,en-US"
cape town singles events,14.3,1,9,0,9,cape town esim,1,en-US
cheapest esim for travel,14.3,1,9,0,9,cheapest esim for uk,1,en-US
cheapest sim in spain,14.3,1,9,0,9,spain sim card for tourists,1,en-US
china sim card activation,14.3,1,9.0,0,9,china esim card,1,"en-GB,en-US"
colombia es miembro de la ocde,14.3,1,9.0,0,9,colombia esim,1,en-US
columbia simulations,14.3,1,9.0,0,9,colombia esim,1,en-GB
czech republic resume format,14.3,1,9,0,9,czech republic esim,1,en-US
czechia smarty,14.3,1,9.0,0,9,czechia esim,1,en-US
does red pocket support esim,14.3,1,9.0,0,8,esim vs pocket wifi,0,"en-GB,en-US"
does visible offer esim,14.3,1,9.0,0,7,esim for las vegas,0,"en-GB,en-US"
e sim in saudi arabia,14.3,1,9,0,9,esim saudi arabia vs sim,1,en-US
esam paris classement,14.3,1,9,0,9,esim paris,0,en-US
esim argentina tuenti,14.3,1,9.0,0,9,esim argentina,1,"en-GB,en-US"
esim at&t,14.3,1,9,0,9,esim,0,en-US
esim australia benefits,14.3,1,9.0,0,9,esim australia,2,"en-GB,en-US"
esim berechtigungen,14.3,1,9,0,9,esim berlin,0,en-GB
esim card for dubai,14.3,1,9.0,0,9,esim for dubai,1,"en-GB,en-US"
esim card for malaysia,14.3,1,9.0,0,9,esim for malaysia,1,en-GB
esim card for us,14.3,1,9.0,0,8,czech republic esim card,1,"en-GB,en-US"
esim card japan,14.3,1,9,0,9,esim cairo,0,en-US
esim cards for bali,14.3,1,9,0,9,bali esim card,1,en-GB
esim colombia travel,14.3,1,9.0,0,9,esim colombia,1,"en-GB,en-US"
esim data plan telstra,14.3,1,9.0,0,9,esim data plan,0,"en-GB,en-US"
esim deals turkey,14.3,1,9.0,0,9,esim deals,0,"en-GB,en-US"
esim for china with phone number,14.3,1,9.0,0,9,esim for china,1,"en-GB,en-US"
esim for india travel from usa,14.3,1,9.0,0,9,esim for india,1,"en-GB,en-US"
esim for iphone 8,14.3,1,9.0,0,9,esim for iphone,0,"en-GB,en-US"
esim for japan ubigi,14.3,1,9.0,0,9,esim for japan,1,"en-GB,en-US"
esim for mongolia,14.3,1,9.0,0,9,esim for macao,1,en-US
esim for samsung a13,14.3,1,9,0,9,esim for ksa,1,en-US
esim for spain from the us,14.3,1,9.0,0,9,esim for spain,1,en-US
esim for thailand and malaysia,14.3,1,9.0,0,9,esim for thailand,1,"en-GB,en-US"
esim for travel to uk,14.3,1,9,0,9,do i need an esim for uk,1,en-GB
esim for uk calls,14.3,1,9.0,0,9,esim for uk,1,"en-GB,en-US"
esim for use in canada,14.3,1,9,0,9,esim for uae,1,en-GB
esim free for phone,14.3,1,9,0,9,esim malaysia for iphone,1,en-US
esim how to use,14.3,1,9,0,9,esim for egypt review,1,en-GB
esim india compatible devices,14.3,1,9.0,0,9,esim india,1,"en-GB,en-US"
esim indonesia apa saja,14.3,1,9.0,0,9,esim indonesia,1,"en-GB,en-US"
esim iphone t mobile,14.3,1,9,0,9,esim turkiye for iphone,1,en-US
esim japan promo code,14.3,1,9.0,0,9,esim promo code,0,"en-GB,en-US"
esim japan review,14.3,1,9.0,0,9,esim japan,1,"en-GB,en-US"
esim korea for tourists,14.3,1,9,0,9,esim for korea,1,en-US
esim korea prepaid options,14.3,1,9.0,0,9,esim korea,1,"en-GB,en-US"
esim malaysia hugosim,14.3,1,9.0,0,9,esim malaysia,1,"en-GB,en-US"
esim mexico para datos,14.3,1,9.0,0,9,esim mexico,1,"en-GB,en-US"
esim no compatible iphone,14.3,1,9,0,9,esim macao for iphone,1,en-US
esim nz data,14.3,1,9.0,0,9,esim nz,1,"en-GB,en-US"
esim only deals india,14.3,1,9,0,9,esim coverage in india,1,en-US
esim que es en iphone,14.3,1,9,0,9,esim colombia for iphone,1,en-US
esim roaming activation,14.3,1,9,0,9,esim rome,0,en-US
esim singapore phone number,14.3,1,9.0,0,9,esim singapore,1,"en-GB,en-US"
esim travel netherlands,14.3,1,9.0,0,9,esim for netherlands,1,"en-GB,en-US"
esim turkey activation guide,14.3,1,9.0,0,9,esim turkey,1,"en-GB,en-US"
esim vs sim data plans,14.3,1,9.0,0,9,esim vs sim,0,"en-GB,en-US"
etisalat sim card for tourists,14.3,1,9.0,0,6,qatar sim card for tourists,1,"en-GB,en-US"
france data sim card,14.3,1,9.0,0,8,france sim card for tourists,1,"en-GB,en-US"
french sim cards in britain,14.3,1,9,0,9,france esim card,1,en-GB
friendi ksa esim,14.3,1,9,0,9,ksa esim,1,en-GB
fuji simple ace,14.3,1,9.0,0,9,fiji esim,1,"en-GB,en-US"
government phone service with esim,14.3,1,9,0,9,esim coverage in georgia,1,en-US
hall and simeral,14.3,1,9,0,9,holland esim,1,en-GB
holafly esim canada,14.3,1,9.0,0,9,holafly esim,0,"en-GB,en-US"
holafly esim uk,14.3,1,9,0,9,holafly esim peru,1,en-US
holland on ice 2026,14.3,1,9.0,0,8,best esim for holland 2026,1,"en-GB,en-US"
holland sinkhole,14.3,1,9,0,9,holland esim,1,en-US
how to activate esim on my o2 app,14.3,1,9,0,9,how to activate esim,0,en-GB
how to activate thailand esim,14.3,1,9,0,9,how to get an esim for thailand,1,en-US
how to buy sim card in italy,14.3,1,9,0,9,italy sim card for tourists,1,en-US
how to check esim,14.3,1,9,0,9,how to get an esim for czechia,1,en-US
how to install esim on ipad,14.3,1,9,0,9,how to install esim,0,en-US
how to install esim on iphone 16,14.3,1,9.0,0,8,how to install esim,0,"en-GB,en-US"
how to rica the sim card,14.3,1,9,0,9,costa rica sim card for tourists,1,en-GB
how to top up icc esim,14.3,1,9.0,0,9,esim top up,0,"en-GB,en-US"
iceland solar eclipse 2026 package,14.3,1,9,0,9,best esim for iceland 2026,1,en-US
india esim data packages,14.3,1,9.0,0,9,india esim,1,"en-GB,en-US"
indian sim card work in nepal,14.3,1,9,0,9,india esim card,1,en-GB
indonesia travel esim,14.3,1,9.0,0,9,indonesia esim,1,en-US
inwi esim morocco,14.3,1,9.0,0,9,esim morocco,1,en-US
ireland sim card dublin airport,14.3,1,9.0,0,6,ireland sim card for tourists,1,"en-GB,en-US"
ireland sim only deals,14.3,1,9.0,0,4,ireland sim card for tourists,1,"en-GB,en-US"
israel prepaid sim card online,14.3,1,9.0,0,6,israel sim card for tourists,1,"en-GB,en-US"
istanbul resim kursu,14.3,1,9.0,0,8,istanbul esim,1,"en-GB,en-US"
italy esim for travel,14.3,1,9.0,0,9,italy esim,1,"en-GB,en-US"
japan esim plans,14.3,1,9.0,0,9,japan esim,1,"en-GB,en-US"
jetpac coupon,14.3,1,9,0,9,is jetpac good,0,en-US
kenya simon,14.3,1,9.0,0,9,kenya esim,1,en-GB
klook singapore esim,14.3,1,9.0,0,9,singapore esim,1,en-US
korea esim data packages,14.3,1,9.0,0,9,korea esim,1,"en-GB,en-US"
ksa smart movers,14.3,1,9,0,9,ksa esim,1,en-US
malaysia sim card plan,14.3,1,9.0,0,9,malaysia esim card,1,"en-GB,en-US"
manila images,14.3,1,9,0,9,manila esim,1,en-US
mobile sim for morocco,14.3,1,9.0,0,7,morocco sim card for tourists,1,"en-GB,en-US"
netherlands eliminated world cup,14.3,1,9.0,0,9,netherlands esim,1,en-GB
netherlands prepaid sim card,14.3,1,9,0,9,netherlands sim card for tourists,1,en-GB
nomad esim contact,14.3,1,9,0,9,nomad esim macao,1,en-US
nomad esim login,14.3,1,9.0,0,9,nomad esim,0,"en-GB,en-US"
nomad esim price,14.3,1,9,0,9,nomad esim peru,1,en-US
nomad goods,14.3,1,9.0,0,9,is nomad good,0,"en-GB,en-US"
nomad leather goods,14.3,1,9.0,0,8,is nomad good,0,"en-GB,en-US"
nz esim prepaid,14.3,1,9.0,0,9,nz esim,1,"en-GB,en-US"
nz sim card for travellers,14.3,1,9.0,0,8,new zealand sim card for tourists,1,"en-GB,en-US"
personal argentina esim,14.3,1,9,0,9,argentina esim,1,en-GB
prague emojis,14.3,1,9,0,9,prague esim,1,en-US
provedores internacionais de esim,14.3,1,9.0,0,9,esim rio de janeiro,0,"en-GB,en-US"
qatar aim,14.3,1,9.0,0,9,qatar esim,1,en-GB
reddit esim cards travel guide,14.3,1,9,0,9,esim saudi arabia reddit,1,en-US
riyadh smart city,14.3,1,9,0,9,riyadh esim,1,en-US
romani godi raporlar,14.3,1,9,0,9,is roami good,0,en-US
rome goodwill,14.3,1,9,0,9,is roami good,0,en-GB
saily esim configuration guide,14.3,1,9,0,9,saily esim macao,1,en-US
saily esim discount code,14.3,1,9.0,0,5,saily esim,0,"en-GB,en-US"
san jose costa rica marriott,14.3,1,9,0,9,san jose costa rica esim,1,en-US
seoul semiconductor vietnam,14.3,1,9,0,9,seoul esim,1,en-US
sim card for australia,14.3,1,9.0,0,8,australia sim card for tourists,2,"en-GB,en-US"
sim card for uk travel from australia,14.3,1,9,0,9,australia sim card for tourists,2,en-US
sim omzetten naar esim,14.3,1,9,0,9,esim netherlands vs sim,1,en-US
south korea sim card for foreigners,14.3,1,9.0,0,8,south korea sim card for tourists,2,"en-GB,en-US"
spain sim only deals,14.3,1,9.0,0,5,spain sim card for tourists,1,"en-GB,en-US"
taipei immigration arrival card,14.3,1,9,0,9,taipei esim,1,en-US
taiwan esim share hotspot,14.3,1,9.0,0,9,taiwan esim,1,"en-GB,en-US"
telstra esim for international travel,14.3,1,9,0,9,esim for international travel,1,en-US
thailand esim compatibility,14.3,1,9.0,0,9,thailand esim,1,"en-GB,en-US"
travel esim comparison,14.3,1,9.0,0,6,travel esim,0,"en-GB,en-US"
travel esim for international trips,14.3,1,9,0,9,esim for international travel,1,en-GB
travel esim for japan,14.3,1,9,0,9,travel esim,0,en-US
travel sim for new zealand,14.3,1,9,0,9,new zealand sim card for tourists,1,en-GB
travel sim south america,14.3,1,9,0,9,argentina sim card for tourists,1,en-US
turkey esim holafly,14.3,1,9.0,0,9,turkey esim,1,"en-GB,en-US"
ubigi coverage,14.3,1,9,0,9,is ubigi good,0,en-US
uk esim operatori,14.3,1,9.0,0,9,uk esim,1,"en-GB,en-US"
united arab emirates emea or apac,14.3,1,9.0,0,9,united arab emirates esim,1,en-US
us esim free trial,14.3,1,9.0,0,9,us esim,1,"en-GB,en-US"
us sim card for canadian travellers,14.3,1,9,0,9,canada sim card for tourists,1,en-US
usa esim plans,14.3,1,9.0,0,9,usa esim,2,"en-GB,en-US"
usa prepaid sim card for tourists,14.3,1,9,0,9,georgia sim card for tourists,1,en-US
usa travel sim card,14.3,1,9,0,9,usa sim card for tourists,2,en-GB
verizon esim for iceland,14.3,1,9.0,0,9,esim for iceland,1,en-US
vietnam sim card comparison,14.3,1,9,0,9,viet nam esim card,1,en-GB
visible esim qr code,14.3,1,9,0,9,qatar esim coverage map,1,en-US
vodafone netherlands esim,14.3,1,9.0,0,9,netherlands esim,1,en-US
vodafone spain esim with phone number,14.3,1,9.0,0,9,spain esim,1,en-US
vodafone tourist sim card portugal,14.3,1,9.0,0,7,portugal sim card for tourists,1,"en-GB,en-US"
which esim is best for india,14.3,1,9.0,0,9,best esim for india,1,en-US
south african esim card uk,14.2,10,12.5,1,2,cape town esim card,3,"en-GB,en-US"
best travel esim for vietnam,14.0,14,13.0,0,8,viet nam esim best,4,"en-GB,en-US"
esim pour la france,14.0,14,17,0,12,esim france vs sim,3,en-US
esim with number france,14.0,14,14.0,0,7,does esim work in france,3,"en-GB,en-US"
esim options for uk,14.0,9,11.5,0,6,do i need an esim for uk,3,"en-GB,en-US"
best esim for usa data,14.0,4,10.0,0,4,best esim for usa 2026,3,"en-GB,en-US"
cyprus sim card for tourist,14.0,4,10.0,0,5,turkiye sim card for tourists,4,en-US
international sim cards for travel europe,14.0,4,10.0,0,6,germany sim card for tourists,4,"en-GB,en-US"
best esim for europe for australians,13.7,7,11,0,4,best esim for germany and austria,4,"en-GB,en-US"
buy china esim online,13.7,7,11.0,0,6,cheapest esim for china,3,"en-GB,en-US"
esim with korean phone number,13.7,7,11,0,8,yesim esim south korea,2,"en-GB,en-US"
europe esim for travel,13.7,7,11.0,0,4,belgium esim coverage map,8,"en-GB,en-US"
best esim deals for usa,13.7,2,9.5,0,4,cheapest esim for usa,3,"en-GB,en-US"
best esim for australian travellers,13.7,2,9.5,0,7,best esim for austria,3,"en-GB,en-US"
can i buy esim online in india,13.7,2,9.5,0,8,do i need an esim for india,1,en-GB
data only esim uk,13.7,2,9.5,0,8,uk esim unlimited data,1,en-US
ea eastern cape applications 2026,13.7,2,9.5,0,9,best esim for cape town 2026,1,"en-GB,en-US"
esim for new york,13.7,2,9.5,0,7,esim for los angeles,0,"en-GB,en-US"
esim turkey argos,13.7,2,9.5,0,8,esim turkiye,2,"en-GB,en-US"
esim versus physical sim,13.7,2,9.5,0,9,esim egypt vs sim,2,en-US
how to purchase esim,13.7,2,9.5,0,8,is esim available in israel,2,en-US
phone with esim philippines,13.7,2,9.5,0,7,is esim available in philippines,1,en-US
sim card singapore tourist,13.7,2,9.5,0,8,indonesia sim card for tourists,3,en-GB
what is esim and how it works,13.7,2,9.5,0,7,does esim work in israel,2,"en-GB,en-US"
esim available in india,13.5,11,15,1,2,is esim available in china,9,en-US
sim card for brazil,13.5,1,10.0,1,2,brazil sim card for tourists,1,"en-GB,en-US"
best esim deals for europe,13.3,10,12.0,0,4,cheapest esim for poland,11,"en-GB,en-US"
travelling to morocco from uk esim,13.3,10,12.0,0,7,does esim work in morocco,1,"en-GB,en-US"
us esim for canadians,13.3,10,12,0,9,esim for canada review,3,"en-GB,en-US"
best esim provider in canada,13.3,5,10.5,0,7,best esim for canada and usa,3,"en-GB,en-US"
buying esim in china,13.3,5,10.5,0,8,cheapest esim for china,2,"en-GB,en-US"
buy esim for china,13.0,13,15.0,0,5,esim czech republic 2026,4,"en-GB,en-US"
comprar esim en colombia,13.0,13,18.5,0,14,esim colombia for iphone,1,en-US
comprar una esim colombia,13.0,13,17.5,0,13,how to get an esim for colombia,1,en-US
i-phone esim,13.0,13,16,0,11,esim indonesia for iphone,15,en-US
best esims for hong kong and japan,13.0,8,11.5,0,4,best esim for hong kong,2,"en-GB,en-US"
airalo esim customer service number,13.0,3,10,0,7,airalo esim saudi arabia,3,en-US
australia esim telstra,13.0,3,10,0,4,australia esim best,3,"en-GB,en-US"
best esim card for bali,13.0,3,10.0,0,7,cheapest esim for bali,1,"en-GB,en-US"
best esim for japan uk,13.0,3,10.0,0,5,best esim for japan 2026,1,"en-GB,en-US"
best esim for panama,13.0,3,10.0,0,4,best esim for costa rica and panama,2,"en-GB,en-US"
desde que iphone tiene esim,13.0,3,10,0,8,esim colombia for iphone,3,en-US
esim card for panama,13.0,3,10,0,6,esim for costa rica and panama,1,"en-GB,en-US"
esim compatible phones philippines,13.0,3,10.0,0,10,esim compatible phones,1,"en-GB,en-US"
esim phone plans canada,13.0,3,10.0,0,4,canada esim plans,1,"en-GB,en-US"
esim usa with number,13.0,3,10,0,9,usa esim coverage map,3,en-US
how to register esim in the us,13.0,3,10.0,0,7,how to get an esim for georgia,4,"en-GB,en-US"
international travel sim card europe,13.0,3,10,0,10,belgium sim card for tourists,3,en-US
nz sim cards for australian tourists,13.0,3,10,0,8,nz esim card,4,"en-GB,en-US"
sim card india tourist,13.0,3,10.0,0,7,indonesia sim card for tourists,3,"en-GB,en-US"
thai sim card for tourist,13.0,3,10.0,0,4,fiji sim card for tourists,4,"en-GB,en-US"
unterschied sim zu esim,13.0,3,10,0,10,esim austria vs sim,4,en-US
verschil sim en esim,13.0,3,10,0,10,esim belgium vs sim,3,en-US
how to get esim in australia,12.8,7,12.0,1,2,how to get an esim for australia,6,"en-GB,en-US"
how to get an esim india,12.7,6,11.0,0,7,how to get an esim for egypt,6,"en-GB,en-US"
best esim for caribbean,12.7,1,9.5,0,8,best esim for costa rica,1,"en-GB,en-US"
best esim for international travel australia,12.7,1,9.5,0,8,esim for australia review,2,"en-GB,en-US"
best esim for traveling japan,12.7,1,9.5,0,9,do i need an esim for japan,1,"en-GB,en-US"
best esims for indonesia,12.7,1,9.5,0,7,best esim for singapore and indonesia,2,"en-GB,en-US"
best sim card for internet philippines,12.7,1,9.5,0,8,philippines sim card for tourists,1,"en-GB,en-US"
buy airalo esim china,12.7,1,9.5,0,9,airalo esim china,1,"en-GB,en-US"
buy saudi arabia sim card online,12.7,1,9.5,0,9,saudi arabia sim card for tourists,1,"en-GB,en-US"
e sim for portugal,12.7,1,9.5,0,7,portugal sim card for tourists,1,"en-GB,en-US"
esim china holafly,12.7,1,9.5,0,9,esim china,1,"en-GB,en-US"
esim for ipad ireland,12.7,1,9.5,0,9,esim for ireland,1,"en-GB,en-US"
esim for southeast asia,12.7,1,9.5,0,9,esim for asia,1,"en-GB,en-US"
esim mobile plan australia,12.7,1,9.5,0,8,australia esim coverage map,2,"en-GB,en-US"
esim usim,12.7,1,9.5,0,9,esim us,1,"en-GB,en-US"
how does holafly esim work,12.7,1,9.5,0,9,holafly esim south africa,2,"en-GB,en-US"
how to activate esim on iphone 13,12.7,1,9.5,0,8,how to activate esim,0,"en-GB,en-US"
indonesian sim card bali,12.7,1,9.5,0,7,indonesia sim card for tourists,1,"en-GB,en-US"
italy local sim card,12.7,1,9.5,0,7,italy sim card for tourists,1,"en-GB,en-US"
lebara spain esim,12.7,1,9.5,0,9,spain esim,1,"en-GB,en-US"
mexico sim card iphone,12.7,1,9.5,0,8,mexico sim card for tourists,1,"en-GB,en-US"
sim card deals ireland,12.7,1,9.5,0,9,ireland sim card for tourists,1,"en-GB,en-US"
sim card for india travel from uk,12.7,1,9.5,0,5,india sim card for tourists,1,"en-GB,en-US"
sim price in saudi arabia,12.7,1,9.5,0,7,saudi arabia sim card for tourists,1,"en-GB,en-US"
stc esim packages ksa,12.7,1,9.5,0,7,ksa esim coverage map,1,"en-GB,en-US"
tourist sim in malaysia,12.7,1,9.5,0,9,malaysia sim card for tourists,1,"en-GB,en-US"
travel esim singapore,12.7,1,9.5,0,8,travel esim,0,"en-GB,en-US"
usa sim card uk,12.7,1,9.5,0,9,usa esim card,2,"en-GB,en-US"
what is an esim update,12.7,1,9.5,0,9,what is an esim,0,"en-GB,en-US"
mexico esim data plan,12.3,9,12.0,0,9,cancun esim coverage map,9,"en-GB,en-US"
does it support esim,12.3,4,10.5,0,6,esim for israel review,2,"en-GB,en-US"
esim v sim card,12.3,4,10.5,0,7,esim austria vs sim,5,en-US
esim vs carte sim,12.3,4,10.5,0,9,esim belgium vs sim,4,en-US
french esim with phone number,12.3,4,10.5,0,5,esim for france review,1,"en-GB,en-US"
holafly esim china not working,12.3,4,12,2,2,holafly esim china,4,"en-GB,en-US"
iphone with esim support,12.3,4,10.5,0,5,esim macao for iphone,4,en-US
unlimited data esim vietnam,12.3,4,10.5,0,4,unlimited data esim thailand,4,en-US
best esim for japan 2025,12.2,3,11.0,1,2,best esim for japan 2026,2,"en-GB,en-US"
cheapest uk esim deals,12.0,12,13.5,0,5,cheapest esim for iceland,12,"en-GB,en-US"
esim funciona en argentina,12.0,12,15,0,9,esim for argentina review,1,"en-GB,en-US"
esim per il kenya,12.0,12,17,0,13,how to get an esim for kenya,2,en-US
orange esim for morocco,12.0,12,13,0,8,esim for morocco review,1,"en-GB,en-US"
unlimited data esim bali,12.0,12,15.0,0,13,unlimited data esim fiji,11,en-US
does nomad esim work in china,12.0,7,17,2,3,does esim work in china,9,"en-GB,en-US"
esim plans for japan,12.0,7,11.5,0,5,fiji esim coverage map,6,"en-GB,en-US"
is the s20 esim compatible,12.0,7,11.5,0,7,best esim for egypt 2026,7,"en-GB,en-US"
ubigi esim china not working,12.0,7,15.0,2,2,ubigi esim china,9,"en-GB,en-US"
airalo esim card china,12.0,2,10,0,4,airalo esim hong kong,1,"en-GB,en-US"
best e-sim for colombia,12.0,2,10,0,6,colombia sim card for tourists,1,"en-GB,en-US"
best esim for international travel europe,12.0,2,10.0,0,5,best esim for netherlands and belgium,2,"en-GB,en-US"
best esim for mauritius,12.0,2,10,0,10,best esim for macao,1,en-US
best esim for vietnam travel,12.0,2,10.0,0,10,best esim for vietnam,2,"en-GB,en-US"
buy indian esim online,12.0,2,10.0,0,10,is esim available in india,1,en-US
buy sim card china as tourist,12.0,2,10,0,10,czechia sim card for tourists,2,"en-GB,en-US"
cheapest esim smartphone,12.0,2,10.0,0,9,cheapest esim nz,2,en-US
compare esim plans australia,12.0,2,10,0,7,australia esim coverage map,2,"en-GB,en-US"
does china use esim,12.0,2,10,0,6,esim coverage in china,1,"en-GB,en-US"
eastern cape online application 2026,12.0,2,10,0,10,best esim for cape town 2026,1,"en-GB,en-US"
esim canada free,12.0,2,10,0,10,esim canada,2,"en-GB,en-US"
esim terbaik di indonesia,12.0,2,10.0,0,7,is esim available in indonesia,1,en-US
esim usa at&t,12.0,2,10,0,10,esim usa,2,"en-GB,en-US"
esim voor sri lanka,12.0,2,10,0,10,best esim for india and sri lanka,1,"en-GB,en-US"
how to install saily esim,12.0,2,10.0,0,6,saily esim united arab emirates,2,"en-GB,en-US"
nomad esim referral code,12.0,2,10,0,9,nomad esim south africa,2,"en-GB,en-US"
turkey esim online,12.0,2,10.0,0,8,turkey esim,2,"en-GB,en-US"
usa tourist sim card,12.0,2,10.0,0,8,georgia sim card for tourists,2,en-US
von sim auf esim,12.0,2,10.0,0,8,esim austria vs sim,3,en-US
saily esim review japan,11.8,6,12,1,3,saily esim south korea,8,"en-GB,en-US"
best european esim plans,11.7,10,12.5,0,8,holland esim coverage map,8,"en-GB,en-US"
compare esims for europe,11.7,5,11,0,7,esim croatia vs sim,5,en-US
how to setup ubigi esim on iphone,11.7,5,11,0,9,ubigi esim hong kong,7,en-US
nomad esim in china,11.5,9,14.5,1,3,nomad esim india,11,"en-GB,en-US"
ubigi esim japan reddit,11.5,9,15,1,3,esim japan reddit,10,"en-GB,en-US"
best esim for travel to mexico,11.3,8,12.0,0,8,best esim for cancun,2,"en-GB,en-US"
buy esim online australia,11.3,8,12,0,8,does esim work in australia,4,"en-GB,en-US"
ee sim only esim,11.3,8,12,0,8,yesim esim united arab emirates,8,"en-GB,en-US"
esim for japan and china,11.3,3,10.5,0,5,esim for japan and south korea,3,"en-GB,en-US"
sim only esim uk,11.3,3,10.5,0,9,yesim esim united arab emirates,3,"en-GB,en-US"
turkish tourist sim card,11.3,3,10.5,0,5,czechia sim card for tourists,3,"en-GB,en-US"
best esim for thailand 2026,11.2,2,11,1,1,best esim for holland 2026,2,"en-GB,en-US"
cheap esim uk pay as you go,11.2,2,11.0,1,2,cheap esim uk,2,en-US
china esim with local number,11.2,2,11.0,1,3,china esim coverage map,1,"en-GB,en-US"
esim mexico travel guide,11.2,2,11,1,2,esim mexico city,1,"en-GB,en-US"
esim singapore cheap,11.2,2,11,1,3,esim singapore city,1,"en-GB,en-US"
thailand esim data plans,11.2,2,11,1,2,thailand esim plans,1,"en-GB,en-US"
which prepaid esim is cheap in malaysia,11.2,2,11,1,1,cheap esim malaysia,1,"en-GB,en-US"
free mobile esim france,11.0,11,14,0,9,esim france vs sim,1,"en-GB,en-US"
purchase esim to roam in vietnam,11.0,11,13,0,5,viet nam esim coverage map,2,"en-GB,en-US"
buy esim online canada,11.0,6,11.5,0,10,does esim work in canada,1,"en-GB,en-US"
airalo esim installation guide,11.0,1,10,0,10,airalo esim israel,1,en-US
airalo italy esim,11.0,1,10.0,0,10,italy esim,1,en-US
bali esim online,11.0,1,10.0,0,10,bali esim,1,"en-GB,en-US"
best esim for cruises,11.0,1,10,0,10,esim for cruise,0,en-GB
best esim for thailand and singapore,11.0,1,10.0,0,10,best esim for thailand,1,"en-GB,en-US"
best esim in asia,11.0,1,10.0,0,10,best esim for saudi arabia,1,en-US
best indian travel sim cards,11.0,1,10,0,10,india sim card for tourists,1,en-US
best of namm 2026,11.0,1,10.0,0,7,best esim for viet nam 2026,1,"en-GB,en-US"
best sim card for travelling south america,11.0,1,10.0,0,10,argentina sim card for tourists,1,"en-GB,en-US"
best sim card in germany for students,11.0,1,10,0,10,germany sim card for tourists,1,en-US
best value esim for bali,11.0,1,10,0,10,esim for bali review,1,en-US
best vietnam sim card,11.0,1,10.0,0,9,vietnam sim card for tourists,1,"en-GB,en-US"
can hk iphone use esim,11.0,1,10,0,10,esim taiwan for iphone,1,en-US
cape town images,11.0,1,10,0,10,cape town esim,1,en-US
china esim nomad,11.0,1,10.0,0,10,china esim,1,"en-GB,en-US"
china sim card data plans,11.0,1,10.0,0,10,china esim card,1,"en-GB,en-US"
colombia es miembro de la otan,11.0,1,10.0,0,10,colombia esim,1,en-US
columbia simple is better,11.0,1,10.0,0,10,colombia esim,1,en-GB
czech republic embassy in philippines,11.0,1,10,0,10,czech republic esim,1,en-US
czechia email,11.0,1,10.0,0,10,czechia esim,1,en-US
do i need an esim for france,11.0,1,10,0,10,do i need an esim for uk,1,en-US
does saily esim work on cruise ships,11.0,1,10,0,10,saily esim united arab emirates,1,en-US
esam paris adresse mail,11.0,1,10,0,10,esim paris,0,en-US
esim card for southeast asia,11.0,1,10,0,10,viet nam esim card,1,en-US
esim card usa,11.0,1,10,0,10,esim cairo,0,en-US
esim data plan international,11.0,1,10.0,0,10,esim data plan,0,"en-GB,en-US"
esim deals ireland,11.0,1,10.0,0,10,esim deals,0,"en-GB,en-US"
esim download for android,11.0,1,10,0,10,esim for android,0,en-GB
esim for china from australia,11.0,1,10.0,0,10,esim for china,1,"en-GB,en-US"
esim for europe for 90 days,11.0,1,10.0,0,10,esim for europe,1,"en-GB,en-US"
esim for ipad wifi only,11.0,1,10.0,0,9,esim vs pocket wifi,0,"en-GB,en-US"
esim for iphone xr,11.0,1,10.0,0,10,esim for iphone,0,"en-GB,en-US"
esim for japan from india,11.0,1,10.0,0,10,esim for japan,1,"en-GB,en-US"
esim for samsung s22,11.0,1,10,0,10,esim for ksa,1,en-US
esim for thailand travel from india,11.0,1,10.0,0,10,esim for thailand,1,"en-GB,en-US"
esim for uk phone,11.0,1,10.0,0,10,esim for uk,1,"en-GB,en-US"
esim for usa nomad,11.0,1,10.0,0,10,esim for usa,2,"en-GB,en-US"
esim india prepaid options,11.0,1,10.0,0,10,esim india,1,"en-GB,en-US"
esim is better or physical sim,11.0,1,10,0,10,esim uk vs sim,1,en-US
esim japan data plan,11.0,1,10.0,0,10,esim japan,1,"en-GB,en-US"
esim japan discount code,11.0,1,10.0,0,10,esim discount code,0,"en-GB,en-US"
esim korea with phone number,11.0,1,10.0,0,10,esim korea,1,"en-GB,en-US"
esim malaysia celcom digi,11.0,1,10.0,0,10,esim malaysia,1,"en-GB,en-US"
esim mexico para viajes,11.0,1,10.0,0,10,esim mexico,1,"en-GB,en-US"
esim mobiles in india,11.0,1,10,0,10,esim saudi arabia for iphone,1,en-US
esim morocco,11.0,1,10,0,10,esim,0,en-GB
esim option in iphone,11.0,1,10,0,10,esim macao for iphone,1,en-US
esim plans with unlimited data,11.0,1,10.0,0,10,esim plans,0,"en-GB,en-US"
esim roaming plans,11.0,1,10,0,10,esim rome,0,en-US
esim singapore m1,11.0,1,10.0,0,10,esim singapore,1,"en-GB,en-US"
esim turkey 7 days,11.0,1,10.0,0,10,esim turkey,1,"en-GB,en-US"
esim uk prepaid,11.0,1,10.0,0,10,esim uk,1,"en-GB,en-US"
esim-san,11.0,1,10,0,10,san jose costa rica esim 2026,1,en-US
esimplus,11.0,1,10,0,10,esim,0,en-US
europe sim card for travellers from australia,11.0,1,10.0,0,9,austria sim card for tourists,2,"en-GB,en-US"
free sim card spain,11.0,1,10.0,0,9,spain sim card for tourists,1,"en-GB,en-US"
free sim card uae,11.0,1,10,0,10,united arab emirates sim card for tourists,1,en-US
french sim card for iphone,11.0,1,10,0,10,france esim card,1,en-GB
fuji simple ace 400,11.0,1,10.0,0,10,fiji esim,1,en-US
holland singapore,11.0,1,10,0,10,holland esim,1,en-US
how to find the esim,11.0,1,10,0,10,how to get an esim for czechia,1,en-US
indian sim card for foreigners,11.0,1,10,0,10,india esim card,1,en-GB
international sim card canada,11.0,1,10,0,10,canada sim card for tourists,1,en-US
international sim card for india,11.0,1,10.0,0,8,india sim card for tourists,1,"en-GB,en-US"
ireland sim only plans,11.0,1,10.0,0,5,ireland sim card for tourists,1,"en-GB,en-US"
is roamic esim legit,11.0,1,10.0,0,10,roamic esim,0,"en-GB,en-US"
istanbul sim card,11.0,1,10.0,0,9,istanbul esim,1,"en-GB,en-US"
japan esim airalo,11.0,1,10.0,0,10,japan esim,1,"en-GB,en-US"
kenya simmons,11.0,1,10.0,0,10,kenya esim,1,en-GB
korea esim card,11.0,1,10.0,0,10,korea esim,1,"en-GB,en-US"
ksa embassy attestation,11.0,1,10,0,10,ksa esim,1,en-US
malaysia sim card at airport,11.0,1,10.0,0,10,malaysia esim card,1,"en-GB,en-US"
manila semaphore,11.0,1,10,0,10,manila esim,1,en-US
movistar spain esim,11.0,1,10.0,0,10,spain esim,1,en-GB
mtn south africa esim,11.0,1,10.0,0,7,cape town esim coverage map,1,"en-GB,en-US"
nomad esim phone number,11.0,1,10,0,10,nomad esim costa rica,1,en-US
nz esim with phone number,11.0,1,10.0,0,10,nz esim,1,"en-GB,en-US"
onde comprar um esim,11.0,1,10.0,0,10,esim rio de janeiro,0,"en-GB,en-US"
plastic sim vs esim,11.0,1,10,0,10,esim czechia vs sim,1,en-US
prague smetana hall,11.0,1,10,0,10,prague esim,1,en-US
prepaid sim card usa for tourists,11.0,1,10,0,10,peru sim card for tourists,1,en-GB
rami foodtruck,11.0,1,10,0,10,is roami good,0,en-US
riyadh imax,11.0,1,10,0,10,riyadh esim,1,en-US
saily esim android,11.0,1,10,0,10,saily esim india,1,en-GB
saily esim card,11.0,1,10.0,0,10,saily esim,0,"en-GB,en-US"
saily esim for asia,11.0,1,10,0,10,esim for asia,1,en-GB
saily esim kaufen,11.0,1,10,0,10,saily esim uk,1,en-GB
san jose costa rica in which country,11.0,1,10,0,10,san jose costa rica esim,1,en-US
seoul semiconductor sunlike,11.0,1,10,0,10,seoul esim,1,en-US
sim card for tourist in thailand,11.0,1,10,0,10,qatar sim card for tourists,1,en-US
sim card morocco airport,11.0,1,10.0,0,8,morocco sim card for tourists,1,"en-GB,en-US"
sim card price philippines,11.0,1,10.0,0,9,philippines sim card for tourists,1,"en-GB,en-US"
sim card purchase in hong kong,11.0,1,10.0,0,7,hong kong sim card for tourists,1,"en-GB,en-US"
taipei embassy in malaysia,11.0,1,10,0,10,taipei esim,1,en-US
thailand esim data packages,11.0,1,10.0,0,10,thailand esim,1,"en-GB,en-US"
tim tourist sim card italy,11.0,1,10,0,10,italy sim card for tourists,1,en-US
tourist sim for singapore,11.0,1,10.0,0,9,singapore sim card for tourists,1,"en-GB,en-US"
travel esim australia,11.0,1,10.0,0,9,travel esim,0,"en-GB,en-US"
travel esim for egypt,11.0,1,10.0,0,10,esim for egypt,1,en-GB
travel money card for iceland,11.0,1,10.0,0,6,iceland sim card for tourists,1,"en-GB,en-US"
ubigi esim china,11.0,1,10.0,0,9,ubigi esim,0,"en-GB,en-US"
ubigi esim nepal,11.0,1,10,0,10,ubigi esim uk,1,en-US
ubigi esim ptt,11.0,1,10,0,10,ubigi esim peru,1,en-US
uk esim deals,11.0,1,10.0,0,10,uk esim,1,"en-GB,en-US"
united arab emirates embassy houston,11.0,1,10.0,0,10,united arab emirates esim,1,en-US
unlimited esim uk,11.0,1,10.0,0,10,unlimited esim,0,"en-GB,en-US"
us esim deals,11.0,1,10.0,0,10,us esim,1,"en-GB,en-US"
us sim card for travel,11.0,1,10,0,10,usa sim card for tourists,2,en-GB
usa esim providers,11.0,1,10.0,0,10,usa esim,2,"en-GB,en-US"
what iphone has esim,11.0,1,10,0,10,esim vietnam for iphone,1,en-US
what is esim for iphone,11.0,1,10,0,10,esim uk for iphone,1,en-US
what is esim verizon,11.0,1,10.0,0,8,esim for las vegas,0,"en-GB,en-US"
what is the advantage of an esim,11.0,1,10,0,10,esim for israel review,1,en-US
airalo esims for europe,10.7,4,11,0,7,airalo esim south africa,5,"en-GB,en-US"
best esim for united kingdom,10.7,4,11,0,9,best esim for uk 2026,3,"en-GB,en-US"
esim versus international plan,10.7,4,11.0,0,7,united arab emirates esim plans,4,en-US
free esim trial unlimited data,10.7,4,11,0,9,unlimited data esim israel,2,"en-GB,en-US"
travel sim card europe,10.7,4,11.0,0,5,germany sim card for tourists,4,"en-GB,en-US"
uk esim with roaming,10.7,4,11.0,0,6,roami esim united arab emirates,4,"en-GB,en-US"
airalo esim for japan,10.3,7,12,0,8,airalo esim hong kong,9,"en-GB,en-US"
holafly esim for europe,10.3,7,12,0,9,holafly esim hong kong,9,"en-GB,en-US"
holafly esim for japan,10.3,7,12.0,0,7,holafly esim south korea,9,"en-GB,en-US"
best esim for canadian travellers,10.3,2,10.5,0,9,best esim for canada and usa,3,"en-GB,en-US"
cheapest esim in canada,10.3,2,10.5,0,10,cheapest esim spain,2,en-GB
esim card japan airalo,10.3,2,10.5,0,10,airalo esim hong kong,3,en-US
free esim service trial,10.3,2,10.5,0,9,esim coverage in israel,2,en-US
turkey esim argos,10.3,2,10.5,0,9,turkiye esim,2,"en-GB,en-US"
what iphones use esim,10.3,2,10.5,0,9,esim france for iphone,2,en-US
canada data only esim,9.7,3,11.0,0,10,esim canada vs sim,1,"en-GB,en-US"
esim cards for europe reviews,9.7,3,11.0,0,5,esim for holland review,3,"en-GB,en-US"
esim uk data only,9.7,3,11,0,6,uk esim coverage map,1,"en-GB,en-US"
esim vietnam airalo,9.7,3,11.0,0,4,esim viet nam,2,"en-GB,en-US"
esim while in china,9.7,3,11,0,10,china esim coverage map,2,"en-GB,en-US"
how much is an esim for japan,9.7,3,11,0,7,cheapest esim for fiji,3,"en-GB,en-US"
international cell phone esim,9.7,3,11,0,10,esim belgium for iphone,3,en-US
japan and global esim,9.7,3,11.0,0,8,esim for japan and south korea,3,"en-GB,en-US"
meglio sim o esim,9.7,3,11,0,10,esim croatia vs sim,3,en-US
nomad esim review reddit,9.7,3,11,0,10,nomad esim saudi arabia,4,en-US
verschil tussen sim en esim,9.7,3,11,0,11,esim belgium vs sim,3,en-US
cheapest esim for bali,9.3,6,12,0,9,esim for bali review,3,"en-GB,en-US"
esim south africa cell c,9.3,6,12,0,4,esim south africa,2,"en-GB,en-US"
ventajas esim vs sim,9.3,6,12.0,0,11,esim argentina vs sim,6,en-US
best esim for sri lanka and singapore,9.3,1,10.5,0,10,esim for india and sri lanka,1,"en-GB,en-US"
best of brazil 2026,9.3,1,10.5,0,10,best esim for brazil 2026,1,"en-GB,en-US"
buying a sim card in south africa,9.3,1,10.5,0,9,south africa sim card for tourists,2,"en-GB,en-US"
data sim card ireland,9.3,1,10.5,0,10,ireland sim card for tourists,1,"en-GB,en-US"
data sim in spain,9.3,1,10.5,0,6,spain sim card for tourists,1,"en-GB,en-US"
esim australia official website,9.3,1,10.5,0,10,does esim work in australia,2,"en-GB,en-US"
holafly esim vietnam,9.3,1,10.5,0,10,holafly esim,0,"en-GB,en-US"
holland america solar eclipse 2026,9.3,1,10.5,0,9,best esim for holland 2026,1,"en-GB,en-US"
how to activate esim on android,9.3,1,10.5,0,9,how to activate esim,0,"en-GB,en-US"
how to activate esim on iphone 14,9.3,1,10.5,0,10,how to activate esim,0,"en-GB,en-US"
how to install esim from o2 website,9.3,1,10.5,0,10,how to install esim,0,"en-GB,en-US"
international sim card for travel,9.3,1,10.5,0,8,brazil sim card for tourists,1,"en-GB,en-US"
las mejores esim en mexico,9.3,1,10.5,0,9,esim for mexico city,1,"en-GB,en-US"
malaysia mobile sim card,9.3,1,10.5,0,10,malaysia sim card for tourists,1,"en-GB,en-US"
orange egypt tourist sim card,9.3,1,10.5,0,9,egypt sim card for tourists,1,"en-GB,en-US"
saily esim canada,9.3,1,10.5,0,9,saily esim,0,"en-GB,en-US"
sim card for indonesia,9.3,1,10.5,0,9,indonesia sim card for tourists,1,"en-GB,en-US"
sim card portugal lisbon airport,9.3,1,10.5,0,9,portugal sim card for tourists,1,"en-GB,en-US"
tim italy sim card,9.3,1,10.5,0,8,italy sim card for tourists,1,"en-GB,en-US"
turkish sim card unlimited data,9.3,1,10.5,0,8,turkiye sim card for tourists,1,"en-GB,en-US"
usa sim card prepaid,9.3,1,10.5,0,10,usa esim card,2,"en-GB,en-US"
what is an esim card for iphone,9.3,1,10.5,0,10,what is an esim,0,"en-GB,en-US"
what is an esim uk,9.3,1,10.5,0,9,esim for ireland and uk,2,"en-GB,en-US"
best esim for sweden,9.0,9,14,0,4,esim for denmark and sweden,5,"en-GB,en-US"
esim japan and malaysia,9.0,9,13,0,8,does esim work in malaysia,2,"en-GB,en-US"
esim summer school 2026,9.0,9,15,0,9,czech republic esim 2026,6,"en-GB,en-US"
single sim + esim,9.0,9,15,0,12,esim ireland vs sim,9,en-US
vodafone esim for morocco,9.0,9,15,0,10,morocco esim coverage map,1,"en-GB,en-US"
esim providers in ireland,9.0,4,11.5,0,8,does esim work in ireland,1,"en-GB,en-US"
esim to use abroad,9.0,4,15.0,2,2,do i need an esim for portugal,2,"en-GB,en-US"
australia esim for bali,8.7,2,11.0,0,6,austria esim,3,"en-GB,en-US"
best esim for uganda,8.7,2,11.0,0,8,best esim for kenya,2,"en-GB,en-US"
best esims for south korea,8.7,2,11,0,9,best esim for seoul,3,en-US
esi summer school 2026,8.7,2,11,0,8,cape town esim 2026,1,"en-GB,en-US"
esim compatible phones check,8.7,2,11,0,11,esim compatible phones,1,"en-GB,en-US"
esim data only uk,8.7,2,11.0,0,7,australia esim unlimited data,3,"en-GB,en-US"
esim or normal sim,8.7,2,11.0,0,11,esim malaysia vs sim,2,en-US
esim pour sri lanka,8.7,2,11,0,11,best esim for india and sri lanka,1,"en-GB,en-US"
esim vs sim fisica,8.7,2,11.0,0,11,esim macao vs sim,2,en-US
esim with china number,8.7,2,11,0,8,china esim coverage map,1,"en-GB,en-US"
etisalat qr code for esim,8.7,2,11.0,0,6,qatar esim coverage map,1,"en-GB,en-US"
que es esim iphone,8.7,2,11.0,0,10,esim colombia for iphone,2,en-US
unterschied sim und esim,8.7,2,11.0,0,9,esim germany vs sim,3,en-US
us mobile esim compatible,8.7,2,11.0,0,10,esim coverage in georgia,2,en-US
using esim with apple phone,8.7,2,11.0,0,9,esim peru for iphone,2,en-US
vietnam esim matrix,8.7,2,11.0,0,8,viet nam esim,2,"en-GB,en-US"
how to get esim in philippines,8.5,6,14.5,1,1,how to get an esim for philippines,6,en-US
airalo esim south africa,8.3,5,12,0,9,airalo esim new zealand,5,"en-GB,en-US"
best travel esim malaysia,8.0,8,14.0,0,12,is esim available in malaysia,1,"en-GB,en-US"
esim for europe airalo,8.0,8,15,0,4,esim for europe,10,"en-GB,en-US"
esim france pas cher,8.0,8,16,0,9,esim france,1,"en-GB,en-US"
nomad esim esim me,8.0,8,13.0,0,5,nomad esim colombia,10,en-US
s20+ esim,8.0,8,14.5,0,10,czech republic esim 2026,6,"en-GB,en-US"
best esim provider in uk,8.0,3,11.5,0,4,does esim work in uk,2,"en-GB,en-US"
does china support esim,8.0,3,11.5,0,5,esim coverage in china,2,"en-GB,en-US"
holafly esim not working,8.0,3,11.5,0,10,holafly esim new zealand,3,"en-GB,en-US"
cheapest esim compatible phone,7.8,2,12,1,2,cheapest esim nz,1,"en-GB,en-US"
esim china prepaid,7.8,2,12,1,3,esim china price,1,"en-GB,en-US"
buy esim online uk,7.7,6,12.5,0,6,esim for uk review,2,"en-GB,en-US"
nomad esim south korea,7.7,6,12.5,0,5,nomad esim hong kong,7,"en-GB,en-US"
airalo esim installation guide for iphone,7.7,1,11,0,11,airalo esim israel,1,en-US
avoir une sim et une esim,7.7,1,11,0,11,esim france vs sim,1,en-US
bali esim companies,7.7,1,11.0,0,11,bali esim,1,"en-GB,en-US"
best esim for uk and europe from australia,7.7,1,11.0,0,11,best esim for uk,1,"en-GB,en-US"
best esim in thailand,7.7,1,11.0,0,5,best esim for seoul,1,"en-GB,en-US"
best esim provider for japan,7.7,1,11,0,11,does esim work in fiji,1,en-US
best esims for india,7.7,1,11.0,0,11,best esim for georgia,1,en-US
best unlimited esim japan,7.7,1,11,0,11,unlimited data esim japan,1,en-US
buy south african sim card in uk,7.7,1,11.0,0,10,south africa sim card for tourists,2,"en-GB,en-US"
cape town eservices,7.7,1,11,0,11,cape town esim,1,en-US
china sim card with phone number,7.7,1,11,0,11,china esim card,1,en-US
como obter um esim,7.7,1,11.0,0,11,esim rio de janeiro,0,"en-GB,en-US"
czech republic embassy in uae,7.7,1,11,0,11,czech republic esim,1,en-US
czechia embassy in zambia,7.7,1,11.0,0,11,czechia esim,1,en-US
difference between dual sim and esim,7.7,1,11,0,11,esim united arab emirates vs sim,1,en-US
do i need an esim for greece,7.7,1,11,0,11,do i need an esim for uk,1,en-US
esam paris 10,7.7,1,11,0,11,esim paris,0,en-US
esim canada airalo,7.7,1,11.0,0,11,esim canada,1,"en-GB,en-US"
esim china nomad,7.7,1,11.0,0,11,esim china,1,"en-GB,en-US"
esim deals worldwide,7.7,1,11.0,0,11,esim deals,0,"en-GB,en-US"
esim for apple ipad,7.7,1,11,0,11,esim macao for iphone,1,en-US
esim for china unicom,7.7,1,11.0,0,11,esim for china,1,"en-GB,en-US"
esim for iphone 11 att,7.7,1,11.0,0,11,esim for iphone,0,"en-GB,en-US"
esim for japan and singapore,7.7,1,11.0,0,11,esim for japan,1,"en-GB,en-US"
esim for uk from usa,7.7,1,11.0,0,11,esim for uk,1,"en-GB,en-US"
esim for usa travel from india,7.7,1,11.0,0,11,esim for usa,2,"en-GB,en-US"
esim india,7.7,1,11,0,11,esim,0,en-GB
esim india prepaid,7.7,1,11.0,0,11,esim india,1,"en-GB,en-US"
esim japan unlimited,7.7,1,11.0,0,11,esim japan,1,"en-GB,en-US"
esim malaysia celcom,7.7,1,11.0,0,11,esim malaysia,1,"en-GB,en-US"
esim phones list philippines,7.7,1,11,0,11,esim philippines for iphone,1,en-US
esim plans usa,7.7,1,11.0,0,11,esim plans,0,"en-GB,en-US"
esim qr code,7.7,1,11,0,11,esim,0,en-US
esim usa providers,7.7,1,11.0,0,11,esim usa,2,"en-GB,en-US"
esim virgin mobile colombia,7.7,1,11,0,11,esim coverage in colombia,1,en-US
esim with phone number and data,7.7,1,11.0,0,11,esim with phone number,0,"en-GB,en-US"
free mobile sim card france,7.7,1,11,0,11,france sim card for tourists,1,en-US
holafly esim thailand,7.7,1,11.0,0,10,holafly esim,0,"en-GB,en-US"
holland singer,7.7,1,11,0,11,holland esim,1,en-US
hong kong travel esim,7.7,1,11,0,11,how to get an esim for hong kong,1,en-US
hong kong travel sim,7.7,1,11.0,0,11,hong kong sim card for tourists,1,"en-GB,en-US"
how good are esims,7.7,1,11.0,0,9,esim for georgia review,1,"en-GB,en-US"
how much is a esim card,7.7,1,11,0,11,united arab emirates esim price,1,en-US
how to buy esim in india,7.7,1,11.0,0,10,does esim work in czechia,1,"en-GB,en-US"
how to get an esim for switzerland,7.7,1,11,0,11,how to get an esim for usa,2,en-US
how to get an italian sim card,7.7,1,11.0,0,7,italy sim card for tourists,1,"en-GB,en-US"
how to test esim,7.7,1,11,0,11,how to get an esim for czechia,1,en-US
india esim activation process,7.7,1,11.0,0,11,india esim,1,"en-GB,en-US"
international data roaming esim,7.7,1,11,0,11,roami esim united arab emirates,1,en-GB
istanbul resimleri arka plan,7.7,1,11.0,0,10,istanbul esim,1,"en-GB,en-US"
japan esim options,7.7,1,11.0,0,11,japan esim,1,"en-GB,en-US"
jetpac esim reddit,7.7,1,11.0,0,11,jetpac esim,0,"en-GB,en-US"
korea esim compatible devices,7.7,1,11.0,0,11,korea esim,1,"en-GB,en-US"
lg u+ esim korea,7.7,1,11,0,11,ubigi esim south korea,2,en-US
malaysia sim card singapore,7.7,1,11,0,11,malaysia sim card for tourists,1,en-US
mobile data sim card belgium,7.7,1,11.0,0,10,belgium sim card for tourists,1,"en-GB,en-US"
nomad esim compatibility,7.7,1,11,0,11,nomad esim macao,1,en-US
nz esim providers,7.7,1,11.0,0,11,nz esim,1,"en-GB,en-US"
perbedaan esim dan sim,7.7,1,11,0,11,esim turkiye vs sim,1,en-US
phones with esim capability,7.7,1,11,0,11,esim kenya for iphone,1,en-US
purchase esim card online,7.7,1,11.0,0,10,czech republic esim card,1,"en-GB,en-US"
reddit esim cards travel advice,7.7,1,11,0,11,esim saudi arabia reddit,1,en-US
riyadh embassy philippines,7.7,1,11,0,11,riyadh esim,1,en-US
saily esim thailand,7.7,1,11.0,0,11,saily esim,0,"en-GB,en-US"
saudi sim card check,7.7,1,11.0,0,11,saudi arabia sim card for tourists,1,"en-GB,en-US"
sim card data deals south africa,7.7,1,11,0,11,south africa sim card for tourists,2,en-US
sim card in dubai,7.7,1,11,0,11,united arab emirates sim card for tourists,1,en-US
sim cards in america for canada,7.7,1,11,0,11,canada sim card for tourists,1,en-US
sim cards in america for travelers,7.7,1,11,0,11,usa sim card for tourists,2,en-GB
sim for south america,7.7,1,11.0,0,7,argentina sim card for tourists,1,"en-GB,en-US"
tourist sim card thailand,7.7,1,11,0,11,india sim card for tourists,1,en-US
travel esim benefits,7.7,1,11.0,0,10,travel esim,0,"en-GB,en-US"
travel esim usa and canada,7.7,1,11,0,11,esim for canada and usa,3,en-GB
turkey esim card,7.7,1,11.0,0,11,turkey esim,1,"en-GB,en-US"
uk and europe esim,7.7,1,11.0,0,10,belgium esim coverage map,1,"en-GB,en-US"
uk sim card for australian phone,7.7,1,11.0,0,10,uk esim card,1,"en-GB,en-US"
uk sim cards australia,7.7,1,11.0,0,10,uk esim card,1,"en-GB,en-US"
united arab emirates embassy uk,7.7,1,11.0,0,11,united arab emirates esim,1,en-US
unlimited esim asia,7.7,1,11.0,0,11,unlimited esim,0,"en-GB,en-US"
unterschied zwischen esim und sim,7.7,1,11,0,11,esim germany vs sim,1,en-US
us esim for data,7.7,1,11.0,0,11,us esim,1,"en-GB,en-US"
usa esim with calls,7.7,1,11.0,0,11,usa esim,2,"en-GB,en-US"
using a credit card in iceland,7.7,1,11.0,0,7,iceland sim card for tourists,1,"en-GB,en-US"
vietnam sim card purchase guide,7.7,1,11,0,11,viet nam esim card,1,en-GB
vodafone italy tourist sim card,7.7,1,11,0,11,italy sim card for tourists,1,en-US
where to buy esim for iphone,7.7,1,11,0,11,esim uk for iphone,1,en-US
best data esim for thailand,7.3,4,12,0,6,bangkok esim unlimited data,2,"en-GB,en-US"
best esim for china travel,7.3,4,12,0,7,best esim for china 2026,3,"en-GB,en-US"
esim for mobile phone,7.0,7,15,0,9,esim qatar for iphone,8,en-US
esim singapore 1 day,7.0,7,16,0,14,singapore esim coverage map,1,en-US
how much is esim in china,7.0,7,16,0,10,esim hong kong price,5,"en-GB,en-US"
how to activate ubigi esim,7.0,7,16.0,0,10,ubigi esim saudi arabia,9,"en-GB,en-US"
how to get esim in dubai,7.0,7,14,0,10,how to get an esim for saudi arabia,4,en-US
melhor esim para argentina,7.0,7,14,0,11,esim for argentina review,2,"en-GB,en-US"
nomad esim for europe,7.0,7,13,0,9,nomad esim saudi arabia,9,"en-GB,en-US"
airalo esim for vietnam,7.0,2,11.5,0,5,airalo esim hong kong,3,"en-GB,en-US"
eastern cape ea application 2026,7.0,2,11.5,0,11,best esim for cape town 2026,1,"en-GB,en-US"
esim card for asia,7.0,2,11.5,0,8,esim for asia,2,en-US
sim card in netherlands,7.0,2,11.5,0,7,netherlands sim card for tourists,2,"en-GB,en-US"
travel esim latin america,7.0,2,11.5,0,7,argentina esim coverage map,2,"en-GB,en-US"
data only esim usa,6.7,5,12.5,0,7,usa esim unlimited data,5,"en-GB,en-US"
spanish esim with phone number,6.7,5,12.5,0,12,how to get an esim for spain,1,"en-GB,en-US"
cheap esim phone australia,6.5,4,13.0,1,3,cheap esim australia,2,"en-GB,en-US"
cheap esim plans unlimited data,6.5,4,13.0,1,3,cheap esim poland,3,en-US
ubigi esim qr code,6.5,4,20.0,1,1,ubigi esim qatar,5,en-US
best australian esim for europe,6.3,3,12,0,6,best esim for germany and austria,4,"en-GB,en-US"
buy esim online in india,6.3,3,12,0,11,esim coverage in india,2,"en-GB,en-US"
esim to use in thailand,6.3,3,12,0,11,bangkok esim coverage map,3,en-GB
esim usa and canada,6.3,3,12,0,12,esim usa,3,"en-GB,en-US"
how to set up saily esim,6.3,3,12,0,6,saily esim united arab emirates,3,"en-GB,en-US"
sim cards for travel in europe,6.3,3,12,0,11,netherlands sim card for tourists,3,en-US
ubigi esim coupon code,6.3,3,12,0,7,ubigi esim uk,3,en-US
van sim naar esim,6.3,3,12,0,12,esim belgium vs sim,3,en-US
acheter une esim france,6.0,6,18.5,0,17,does esim work in france,1,en-US
best esim at sea,6.0,6,14.5,0,5,esim for fiji review,4,"en-GB,en-US"
compare esim plans usa,6.0,6,16,0,5,georgia esim coverage map,5,"en-GB,en-US"
holafly esim new york,6.0,6,20.0,0,18,holafly esim hong kong,8,en-US
holafly esim sri lanka,6.0,6,20.0,0,16,holafly esim south korea,8,en-US
nomad esim not working,6.0,6,19,0,11,nomad esim saudi arabia,8,"en-GB,en-US"
pay monthly esim germany,6.0,6,15,0,10,does esim work in germany,1,"en-GB,en-US"
reviews on saily esim,6.0,6,14.0,0,8,saily esim united arab emirates,8,"en-GB,en-US"
who owns nomad esim,6.0,6,18.5,0,11,nomad esim united arab emirates,8,"en-GB,en-US"
best esim plans in australia,6.0,1,11.5,0,11,best esim for australia 2026,2,"en-GB,en-US"
best sim for india travel,6.0,1,11.5,0,8,india sim card for tourists,1,"en-GB,en-US"
buying a sim card in egypt,6.0,1,11.5,0,10,egypt sim card for tourists,1,"en-GB,en-US"
can i buy an esim in china,6.0,1,11.5,0,11,do i need an esim for czech republic,1,"en-GB,en-US"
china sim card unlimited data,6.0,1,11.5,0,11,china esim card,1,"en-GB,en-US"
digital sim card for international travel,6.0,1,11.5,0,9,brazil sim card for tourists,1,"en-GB,en-US"
does access wireless offer esim,6.0,1,11.5,0,11,esim vs pocket wifi,0,"en-GB,en-US"
esim in philippines available,6.0,1,11.5,0,11,does esim work in argentina,1,"en-GB,en-US"
esim that works in china,6.0,1,11.5,0,11,best esim for china 2026,1,"en-GB,en-US"
how much sim card cost in vietnam,6.0,1,11.5,0,11,vietnam sim card for tourists,1,"en-GB,en-US"
how to install esim on samsung watch,6.0,1,11.5,0,11,how to install esim,0,"en-GB,en-US"
nomad esim canada,6.0,1,11.5,0,10,nomad esim,0,"en-GB,en-US"
sim card for peru,6.0,1,11.5,0,8,peru sim card for tourists,1,"en-GB,en-US"
sim card for turkey and europe,6.0,1,11.5,0,11,turkiye sim card for tourists,1,"en-GB,en-US"
spanish data sim card,6.0,1,11.5,0,7,spain sim card for tourists,1,"en-GB,en-US"
tourist sim card singapore singtel,6.0,1,11.5,0,11,singapore sim card for tourists,1,"en-GB,en-US"
travel esim asia,6.0,1,11.5,0,10,travel esim,0,"en-GB,en-US"
usa sim card unlimited data,6.0,1,11.5,0,11,usa esim card,2,"en-GB,en-US"
what is an esim for international travel,6.0,1,11.5,0,11,what is an esim,0,"en-GB,en-US"
where to buy sim card philippines,6.0,1,11.5,0,10,philippines sim card for tourists,1,"en-GB,en-US"
esim ho mobile 2023,5.7,4,12.5,0,11,czech republic esim 2026,3,"en-GB,en-US"
esim available in philippines,5.5,3,15,1,1,is esim available in fiji,3,en-US
australian sim cards for travellers,5.3,2,12.0,0,4,austria sim card for tourists,3,"en-GB,en-US"
cheapest pay as you go esim,5.3,2,12.0,0,4,cheapest esim for georgia,2,"en-GB,en-US"
china travel sim card where to buy,5.3,2,12.0,0,12,china sim card for tourists,2,"en-GB,en-US"
data only esim bali,5.3,2,12.0,0,7,bali esim unlimited data,1,"en-GB,en-US"
data only esim canada,5.3,2,12,0,8,canada esim unlimited data,1,"en-GB,en-US"
esi holiday list 2026,5.3,2,12,0,9,cape town esim 2026,1,"en-GB,en-US"
esim auf neues iphone,5.3,2,12.0,0,12,esim austria for iphone,3,en-US
esim cards for korea,5.3,2,12,0,12,best esim for south korea,2,en-US
esim for maldives,5.3,2,12.0,0,7,esim for miami,1,"en-GB,en-US"
esim for uk and paris,5.3,2,12.0,0,6,esim for paris,1,"en-GB,en-US"
esim north america and canada,5.3,2,12,0,7,does esim work in canada,2,"en-GB,en-US"
esim providers for china,5.3,2,12,0,11,china esim coverage map,2,"en-GB,en-US"
esim providers in china,5.3,2,12.0,0,10,esim coverage in china,2,en-US
esim vietnam how it works,5.3,2,12,0,4,esim viet nam,2,"en-GB,en-US"
go compare esim deals,5.3,2,12.0,0,8,esim for georgia review,1,"en-GB,en-US"
vietnam esim australia,5.3,2,12,0,12,vietnam esim,2,"en-GB,en-US"
airalo esim card global,5.0,5,20,0,19,airalo esim costa rica,6,en-US
best esim data plans for europe,5.0,5,14.5,0,11,holland esim coverage map,5,"en-GB,en-US"
best esim for bolivia,5.0,5,17,0,11,best esim for argentina 2026,3,"en-GB,en-US"
comprar esim online brasil,5.0,5,17.0,0,8,esim rio de janeiro,1,"en-GB,en-US"
diferencia de sim y esim,5.0,5,13,0,12,esim spain vs sim,5,en-US
diferencias de esim y sim,5.0,5,13,0,12,esim argentina vs sim,5,en-US
esim for data only in usa,5.0,5,13,0,6,esim coverage in usa,5,en-US
esim vs dual sim,5.0,5,13,0,11,esim iceland vs sim,5,en-US
global esims with unlimited plan,5.0,5,13,0,6,georgia esim coverage map,3,"en-GB,en-US"
holafly esim usa erfahrungen,5.0,5,21,0,17,holafly esim south korea,7,en-US
nomad esim not working in china,5.0,5,22,0,15,nomad esim hong kong,6,en-US
best esim for oman,4.7,3,12.5,0,10,best esim for uae and qatar,3,"en-GB,en-US"
how to get esim qr,4.7,3,12.5,0,12,esim for qatar review,1,"en-GB,en-US"
esim china coverage details,4.5,2,15,1,1,esim coverage in china,1,en-US
uk esim for china,4.5,2,13,1,3,china esim coverage map,1,"en-GB,en-US"
usa esim buy,4.5,2,13,1,3,usa esim best,2,en-US
airalo esim thailand,4.3,1,12,0,12,airalo esim,0,en-GB
apple iphone esim compatible,4.3,1,12,0,12,esim macao for iphone,1,en-US
best esim for japan from canada,4.3,1,12.0,0,12,best esim for japan,1,"en-GB,en-US"
best esim for mongolia,4.3,1,12.0,0,12,best esim for macao,1,en-US
best esim for roaming,4.3,1,12.0,0,9,roami esim united arab emirates,1,"en-GB,en-US"
best esim for uk and japan,4.3,1,12.0,0,12,best esim for uk,1,"en-GB,en-US"
best esim for usa 3 months,4.3,1,12.0,0,12,best esim for usa,2,"en-GB,en-US"
best esims for usa and canada,4.3,1,12,0,12,esim for canada and usa,3,en-GB
best sim card for travellers in australia,4.3,1,12.0,0,12,australia sim card for tourists,2,"en-GB,en-US"
can saily esim make calls,4.3,1,12,0,12,saily esim united arab emirates,1,en-US
cape town seminary,4.3,1,12,0,12,cape town esim,1,en-US
china travel esim card,4.3,1,12,0,12,czech republic esim card,1,en-US
czech republic sample mobile number,4.3,1,12,0,12,czech republic esim,1,en-US
czechia emergency number,4.3,1,12.0,0,12,czechia esim,1,en-US
does china mobile have esim,4.3,1,12,0,12,esim china vs sim,1,en-US
esam paris mba,4.3,1,12,0,12,esim paris,0,en-US
esim and nano sim difference,4.3,1,12,0,12,esim macao vs sim,1,en-US
esim canada rogers,4.3,1,12.0,0,12,esim canada,1,"en-GB,en-US"
esim compatible phones iphone,4.3,1,12.0,0,12,esim compatible phones,0,"en-GB,en-US"
esim for china from uk,4.3,1,12.0,0,12,esim for china,1,"en-GB,en-US"
esim for europe trip,4.3,1,12.0,0,12,esim for europe,1,"en-GB,en-US"
esim for mallorca,4.3,1,12,0,12,esim for miami,0,en-GB
esim for usa data,4.3,1,12.0,0,12,esim for usa,2,"en-GB,en-US"
esim in samsung phone,4.3,1,12,0,12,esim malaysia for iphone,1,en-US
esim india activation,4.3,1,12.0,0,12,esim india,1,"en-GB,en-US"
esim japan experience,4.3,1,12.0,0,12,esim japan,1,"en-GB,en-US"
esim mexico para celular,4.3,1,12.0,0,12,esim mexico,1,"en-GB,en-US"
esim plans 365 days,4.3,1,12.0,0,12,esim plans,0,"en-GB,en-US"
esim singapore and thailand,4.3,1,12.0,0,12,esim singapore,1,"en-GB,en-US"
esim t mobile,4.3,1,12,0,12,esim,0,en-US
esim uk data packages,4.3,1,12.0,0,12,esim uk,1,"en-GB,en-US"
esimo,4.3,1,12,0,12,esim,0,en-GB
french data only sim card,4.3,1,12.0,0,10,france sim card for tourists,1,"en-GB,en-US"
holland imports,4.3,1,12,0,12,holland esim,1,en-US
hong kong mobile sim card,4.3,1,12.0,0,12,hong kong sim card for tourists,1,"en-GB,en-US"
how to activate esim on iphone 15,4.3,1,12,0,12,how to activate esim,0,en-US
how to get an iceland card,4.3,1,12.0,0,8,iceland sim card for tourists,1,"en-GB,en-US"
how to properly use an esim,4.3,1,12.0,0,8,do i need an esim for ksa,1,"en-GB,en-US"
india esim compatible devices,4.3,1,12.0,0,12,india esim,1,"en-GB,en-US"
international sim card south america,4.3,1,12,0,12,argentina sim card for tourists,1,en-US
israel prepaid sim card unlimited,4.3,1,12,0,12,israel sim card for tourists,1,en-US
japan esim with phone number for tourist,4.3,1,12.0,0,12,japan esim,1,"en-GB,en-US"
jetpac esim canada,4.3,1,12.0,0,12,jetpac esim,0,"en-GB,en-US"
korea esim reddit,4.3,1,12.0,0,12,korea esim,1,"en-GB,en-US"
korea travel sim card unlimited data,4.3,1,12.0,0,12,south korea sim card for tourists,2,"en-GB,en-US"
migliore esim per sri lanka,4.3,1,12.0,0,12,best esim for india and sri lanka,1,"en-GB,en-US"
migrasi sim ke esim,4.3,1,12,0,12,esim croatia vs sim,1,en-US
nz esim 2degrees,4.3,1,12.0,0,12,nz esim,1,"en-GB,en-US"
para que serve o esim,4.3,1,12.0,0,12,esim rio de janeiro,0,"en-GB,en-US"
phone with esim support,4.3,1,12,0,12,esim singapore for iphone,1,en-US
prepaid sim card ireland,4.3,1,12,0,12,ireland sim card for tourists,1,en-US
prepaid sim card italy,4.3,1,12,0,12,italy sim card for tourists,1,en-US
rakuten wifi pocket esim,4.3,1,12,0,12,esim vs pocket wifi,0,en-US
riyadh embassy india,4.3,1,12,0,12,riyadh esim,1,en-US
sim card canada tourist,4.3,1,12.0,0,9,colombia sim card for tourists,1,"en-GB,en-US"
sim card for uk travel,4.3,1,12,0,12,uk sim card for tourists,1,en-GB
sim local esim japan,4.3,1,12,0,12,esim japan vs sim,1,en-US
tarjeta sim costa rica,4.3,1,12.0,0,12,costa rica sim card for tourists,1,"en-GB,en-US"
tourist sim card singapore,4.3,1,12,0,12,india sim card for tourists,1,en-US
travel esim for china,4.3,1,12,0,12,taipei esim coverage map,1,en-US
travel sim for nz,4.3,1,12.0,0,12,new zealand sim card for tourists,1,"en-GB,en-US"
ubigi esim phone number,4.3,1,12,0,12,ubigi esim peru,1,en-US
uk sim card in pakistan,4.3,1,12.0,0,11,uk esim card,1,"en-GB,en-US"
united arab emirates embassy in philippines,4.3,1,12.0,0,12,united arab emirates esim,1,en-US
unlimited esim china,4.3,1,12.0,0,12,unlimited esim,0,"en-GB,en-US"
usa esim free trial,4.3,1,12.0,0,12,usa esim,2,"en-GB,en-US"
vietnam sim card australia,4.3,1,12,0,12,viet nam esim card,1,en-GB
vodafone sim vs esim suci,4.3,1,12,0,12,esim czechia vs sim,1,en-US
air esim for global,4.0,4,15,0,11,jetpac esim united arab emirates,2,"en-GB,en-US"
airalo esim china hong kong,4.0,4,19,0,8,airalo esim china,5,"en-GB,en-US"
best esim for cuba,4.0,4,15,0,9,best esim for colombia 2026,3,"en-GB,en-US"
best esim in singapore,4.0,4,13,0,8,best esim for singapore and indonesia,2,"en-GB,en-US"
buy esim online india,4.0,4,19,0,9,esim for india review,3,"en-GB,en-US"
can i buy nomad esim in china,4.0,4,20.5,0,16,nomad esim hong kong,6,en-US
cheap esim deals uk,4.0,4,19,0,8,cheapest esim for iceland,4,"en-GB,en-US"
erfahrungen mit holafly esim,4.0,4,22.5,0,20,holafly esim hong kong,5,en-US
esim card in hk,4.0,4,15,0,11,esim hong kong price,1,"en-GB,en-US"
esim for northern cyprus,4.0,4,16,0,9,greece esim coverage map,2,"en-GB,en-US"
esim im ausland nutzen,4.0,4,16.5,0,14,esim coverage in austria,2,en-US
esim para o brasil,4.0,4,15,0,7,esim rio de janeiro,1,"en-GB,en-US"
esim pour le vietnam,4.0,4,15.5,0,15,viet nam esim best,1,en-US
esim with calls europe,4.0,4,16.5,0,14,do i need an esim for belgium,3,en-US
hoe werkt een esim in het buitenland,4.0,4,13.5,0,12,how to get an esim for netherlands,2,en-US
how much does airalo esim cost,4.0,4,13.0,0,8,airalo esim hong kong,5,en-US
is saily a good esim,4.0,4,17.5,0,16,saily esim saudi arabia,6,en-US
migliori esim per marocco,4.0,4,20,0,14,cheapest esim for morocco,1,en-US
unlimited data esim new zealand,4.0,4,15.5,0,4,unlimited data esim uk,4,en-US
where can i buy esim philippines,4.0,4,18.5,0,14,is esim available in argentina,4,en-US
airalo global esim call pricing,3.7,2,12.5,0,6,airalo esim hong kong,2,"en-GB,en-US"
best cheap global esim for travelers,3.7,2,12.5,0,11,cheapest esim for brazil,2,en-US
do esims work at sea,3.7,2,12.5,0,7,does esim work in greece,2,"en-GB,en-US"
does the s20 support esim,3.7,2,12.5,0,12,best esim for iceland 2026,2,en-US
esim better than physical sim,3.7,2,12.5,0,12,esim singapore vs sim,2,en-US
esim europe with calling,3.7,2,12.5,0,12,do i need an esim for belgium,1,en-US
esim karte costa rica,3.7,2,12.5,0,12,costa rica esim plans,1,en-US
airalo esim card europe,3.0,3,13,0,13,airalo esim new zealand,3,en-US
airalo esim how does it work,3.0,3,13.5,0,7,airalo esim south africa,5,"en-GB,en-US"
best esim card for south america,3.0,3,17,0,15,cheapest esim for argentina,1,en-US
best global esim plans,3.0,3,17,0,4,israel esim coverage map,3,"en-GB,en-US"
best value esim for europe,3.0,3,18,0,17,cheapest esim for czech republic,2,en-US
e-sim ubigi,3.0,3,21,0,20,ubigi esim south africa,4,en-US
esim data only belgie,3.0,3,16,0,15,belgium esim unlimited data,2,en-US
esim enabled phones in india,3.0,3,16,0,15,esim saudi arabia for iphone,3,en-US
esim maroc pas cher,3.0,3,16,0,15,cheapest esim for morocco,1,en-US
esim per il vietnam,3.0,3,16,0,13,viet nam esim 2026,1,en-US
esim smartphones in india,3.0,3,13,0,12,esim saudi arabia for iphone,3,en-US
esim voor het buitenland,3.0,3,18,0,16,how to get an esim for netherlands,1,en-US
hoe werkt esim buitenland,3.0,3,16,0,13,how to get an esim for netherlands,1,en-US
how to buy esim philippines,3.0,3,13,0,13,how to get an esim for peru,2,en-US
indonesia best esims activation,3.0,3,17.0,0,15,how to get an esim for indonesia,1,en-US
mobile phones with esim support in india,3.0,3,15,0,13,esim saudi arabia for iphone,3,en-US
saily esim not working china,3.0,3,18,0,4,saily esim china,4,en-US
tarjeta esim para colombia,3.0,3,22,0,20,esim coverage in colombia,1,en-US
best travel sim for singapore,2.7,1,12.5,0,12,singapore sim card for tourists,1,"en-GB,en-US"
china esim with local phone number,2.7,1,12.5,0,12,china esim coverage map,1,"en-GB,en-US"
esim on 3 network,2.7,1,12.5,0,8,kenya esim coverage map,1,"en-GB,en-US"
orange morocco sim card,2.7,1,12.5,0,11,morocco sim card for tourists,1,"en-GB,en-US"
prepaid sim card canada travel,2.7,1,12.5,0,8,canada sim card for tourists,1,"en-GB,en-US"
sim card vietnam airport,2.7,1,12.5,0,12,vietnam sim card for tourists,1,"en-GB,en-US"
swiss sim card for travellers,2.7,1,12.5,0,12,switzerland sim card for tourists,1,"en-GB,en-US"
usa sim card deals,2.7,1,12.5,0,12,usa esim card,2,"en-GB,en-US"
vodafone esim for turkey,2.7,1,12.5,0,10,turkey esim coverage map,1,"en-GB,en-US"
a single esim covering malaysia+thailand,2.0,2,15.0,0,15,esim coverage in malaysia,1,en-US
acheter esim en ligne france,2.0,2,19.0,0,18,is esim available in france,1,en-US
acheter esim pour maroc,2.0,2,17.0,0,17,is esim available in morocco,1,en-US
airalo europe esim review,2.0,2,17.0,0,16,airalo esim new zealand,3,en-US
best esim for albania,2.0,2,15,0,7,best esim for croatia,1,"en-GB,en-US"
best esim plans europe,2.0,2,14,0,11,best esim for holland 2026,2,"en-GB,en-US"
best esims for egypt,2.0,2,16.0,0,16,best esim for greece and turkey,2,en-US
best esims for europe and uk,2.0,2,14.5,0,11,best esim for england,2,en-US
beste esim anbieter bali,2.0,2,14.5,0,14,cheapest esim for bali,1,en-US
carte esim pour le vietnam,2.0,2,14.5,0,14,viet nam esim 2026,1,en-US
celulares con esim colombia,2.0,2,14.0,0,13,esim colombia for iphone,1,en-US
como funciona nomad esim,2.0,2,13.5,0,13,nomad esim saudi arabia,2,en-US
cost of esim card,2.0,2,15.0,0,13,saudi arabia esim price,2,en-US
esim 5*6,2.0,2,15.0,0,14,esim czech republic 2026,2,en-US
esim besser als sim,2.0,2,13.0,0,12,esim austria vs sim,3,en-US
esim for data roaming,2.0,2,14.5,0,14,roami esim united arab emirates,2,en-US
esim for ipad uk,2.0,2,14.5,0,10,esim ireland for iphone,2,en-US
esim for marrakech,2.0,2,14,0,10,esim for miami,1,"en-GB,en-US"
esim in der schweiz,2.0,2,17.5,0,16,is esim available in switzerland,1,en-US
esim india prepaid plans,2.0,2,14,0,4,india esim plans,1,en-US
esim mexico prepaid plans,2.0,2,13,0,4,mexico esim plans,1,en-US
esim mobile phones in india,2.0,2,14.0,0,14,esim india for iphone,2,en-US
esim phones in canada,2.0,2,13.5,0,11,esim canada vs sim,1,en-US
esim supported phones in india,2.0,2,17.5,0,16,esim saudi arabia for iphone,2,en-US
esim usa new york,2.0,2,13.5,0,13,esim for las vegas,0,en-US
esim usa t mobile,2.0,2,14,0,14,esim usa,2,en-US
esim voor new york,2.0,2,15.0,0,13,esim for new york,1,en-US
esim with italian phone number,2.0,2,13.0,0,12,does esim work in italy,1,en-US
french sim card unlimited data,2.0,2,14.0,0,7,france esim card,1,"en-GB,en-US"
hk sim card for tourist,2.0,2,15.0,0,14,china sim card for tourists,2,en-US
hoe werkt esim in buitenland,2.0,2,17.5,0,17,is esim available in netherlands,2,en-US
how to apply esim in etisalat,2.0,2,15.5,0,15,esim coverage in qatar,1,en-US
how to buy an esim,2.0,2,13,0,5,do i need an esim for czech republic,2,"en-GB,en-US"
how to buy an esim in china,2.0,2,13.0,0,12,how to get an esim for czechia,2,en-US
how to get esim from fido,2.0,2,14.0,0,13,how to get an esim for fiji,1,en-US
how to get esim qr code etisalat,2.0,2,15,0,7,qatar esim coverage map,1,"en-GB,en-US"
is an esim a good idea,2.0,2,13,0,11,esim for israel review,2,"en-GB,en-US"
mejor esim para brasil,2.0,2,17,0,14,esim rio de janeiro,1,en-US
most reliable japan esim,2.0,2,13.5,0,13,esim for fiji review,2,en-US
nokia phones with esim,2.0,2,14.5,0,14,esim kenya vs sim,2,en-US
nomad esim lost data,2.0,2,21.5,0,20,nomad esim costa rica,3,en-US
setting up holafly esim,2.0,2,19.0,0,18,holafly esim saudi arabia,2,en-US
sim card china foreigner tourist,2.0,2,14.0,0,13,czechia sim card for tourists,2,en-US
sim card for overseas travel from australia,2.0,2,14.0,0,13,australia sim card for tourists,3,en-US
sim card for singapore and malaysia,2.0,2,14,0,12,malaysia sim card for tourists,2,"en-GB,en-US"
ventajas de la esim sobre la sim,2.0,2,15.5,0,15,esim argentina vs sim,2,en-US
was ist eine sim und esim,2.0,2,14.0,0,13,esim germany vs sim,3,en-US
which phone support esim in india,2.0,2,17.0,0,17,esim india for iphone,2,en-US
acheter une esim pour le maroc,1.0,1,18,0,18,is esim available in morocco,1,en-US
airalo esim app,1.0,1,19,0,19,airalo esim,0,en-US
airalo esim card price,1.0,1,13.5,0,7,airalo esim hong kong,1,"en-GB,en-US"
airalo esim not working in china,1.0,1,13.0,0,12,airalo esim hong kong,1,"en-GB,en-US"
airalo esim singapore,1.0,1,14,0,14,airalo esim,0,en-US
airalo esim usa,1.0,1,18,0,18,airalo esim,0,en-US
appareil iphone compatible esim,1.0,1,18,0,18,esim france for iphone,1,en-US
aus sim esim machen,1.0,1,19,0,19,esim austria vs sim,2,en-US
best esim canada,1.0,1,18,0,18,best esim,0,en-US
best esim for abroad,1.0,1,17,0,17,esim for morocco review,1,en-US
best esim for alaska,1.0,1,23,0,23,best esim,0,en-US
best esim for australian travellers to europe,1.0,1,15.0,0,15,best esim for australia,2,en-US
best esim for australians in uk,1.0,1,13.0,0,13,best esim for australia,2,en-US
best esim for australians travelling to japan,1.0,1,14.0,0,14,best esim for australia,2,en-US
best esim for canadians travelling to uk,1.0,1,14,0,14,do i need an esim for canada,1,en-US
best esim for caribbean cruise,1.0,1,15,0,15,best esim for ksa,1,en-US
best esim for japan and china,1.0,1,14.0,0,14,best esim for japan,1,en-US
best esim for japan and usa,1.0,1,13.0,0,13,best esim for japan,1,en-US
best esim for koh samui,1.0,1,13,0,13,best esim for ksa,1,en-US
best esim for mallorca,1.0,1,14.0,0,14,best esim for macao,1,en-US
best esim for southeast asia,1.0,1,14,0,14,best esim for korea,1,en-US
best esim for uk and singapore,1.0,1,13.0,0,13,best esim for uk,1,en-US
best esim for usa travel from canada,1.0,1,13.0,0,13,best esim for usa,2,en-US
best esims for africa,1.0,1,13.0,0,13,best esim for south africa,2,en-US
best european esim card,1.0,1,16,0,16,czech republic esim card,1,en-US
best sim card in malaysia for internet,1.0,1,15,0,15,malaysia sim card for tourists,1,en-US
best sim for egypt,1.0,1,15,0,15,egypt sim card for tourists,1,en-US
best sim in germany,1.0,1,17,0,17,germany sim card for tourists,1,en-US
best sim in ireland,1.0,1,17,0,17,ireland sim card for tourists,1,en-US
best sim in saudi,1.0,1,14,0,14,saudi arabia sim card for tourists,1,en-US
best sim only deals in france,1.0,1,19,0,19,france sim card for tourists,1,en-US
best sim only deals in ireland,1.0,1,18,0,18,ireland sim card for tourists,1,en-US
best sim only deals spain,1.0,1,17,0,17,spain sim card for tourists,1,en-US
best travel sim for australia,1.0,1,13.0,0,10,australia sim card for tourists,2,"en-GB,en-US"
brazil phone card how to use,1.0,1,15,0,15,brazil sim card for tourists,1,en-US
buy a french sim card,1.0,1,13.0,0,11,france sim card for tourists,1,"en-GB,en-US"
buy esim card online,1.0,1,13,0,13,czech republic esim card,1,en-US
buy esim for travel,1.0,1,15,0,15,is esim available in turkiye,1,en-US
buy esim for usa travel,1.0,1,14.5,0,10,usa esim coverage map,2,"en-GB,en-US"
buy french sim card in uk,1.0,1,18,0,18,france sim card for tourists,1,en-US
can we port esim,1.0,1,16,0,16,do i need an esim for portugal,1,en-US
canada local sim card,1.0,1,15.5,0,11,canada sim card for tourists,1,"en-GB,en-US"
cape town eisteddfod ballet,1.0,1,14,0,14,cape town esim,1,en-US
cape town eisteddfod music,1.0,1,13,0,13,cape town esim,1,en-US
cape town singles,1.0,1,15,0,15,cape town esim,1,en-US
carte sim france pour touriste,1.0,1,23,0,23,france sim card for tourists,1,en-US
carte sim france touriste,1.0,1,24,0,24,france sim card for tourists,1,en-US
cheap pay as you go esim,1.0,1,14.0,0,10,cheapest esim for georgia,1,"en-GB,en-US"
cheapest esim plan in singapore,1.0,1,14,0,14,is esim available in singapore,1,en-US
china mobile esim buy,1.0,1,13,0,13,esim china vs sim,1,en-US
china mobile esim online,1.0,1,14,0,14,esim czechia for iphone,1,en-US
china mobile hk esim,1.0,1,14,0,14,esim hong kong for iphone,1,en-US
comment utiliser esim sur iphone,1.0,1,20,0,20,esim france for iphone,1,en-US
como adquirir o esim,1.0,1,15,0,15,esim rio de janeiro,0,en-US
como adquirir um esim,1.0,1,16,0,16,esim rio de janeiro,0,en-US
como funciona um esim,1.0,1,13,0,13,esim rio de janeiro,0,en-US
comprar tarjeta esim holafly,1.0,1,18,0,18,holafly esim costa rica,1,en-US
cosmote greece prepaid sim card,1.0,1,21,0,21,greece sim card for tourists,1,en-US
cost of sim card in canada,1.0,1,14.5,0,10,canada sim card for tourists,1,"en-GB,en-US"
cual es el mejor esim para mexico,1.0,1,15,0,15,best esim for cancun,1,en-US
czech republic embassy in india,1.0,1,13,0,13,czech republic esim,1,en-US
czech republic embassy in pakistan,1.0,1,14,0,14,czech republic esim,1,en-US
czechia embassy usa,1.0,1,14.0,0,14,czechia esim,1,en-US
czechia embassy washington dc,1.0,1,13.0,0,13,czechia esim,1,en-US
czy mozna miec esim i sim,1.0,1,14,0,14,esim czechia vs sim,1,en-US
data sim for egypt,1.0,1,16,0,16,egypt sim card for tourists,1,en-US
differenza esim e sim,1.0,1,14,0,14,esim italy vs sim,1,en-US
differenza tra sim e esim,1.0,1,15,0,15,esim italy vs sim,1,en-US
differenza tra sim ed esim,1.0,1,16,0,16,esim italy vs sim,1,en-US
do i need an esim for china,1.0,1,15,0,15,do i need an esim for uk,1,en-US
do i need an esim for italy,1.0,1,13,0,13,do i need an esim for uk,1,en-US
does 2 degrees support esim,1.0,1,14,0,14,best esim for georgia 2026,1,en-US
does eir support esim,1.0,1,19,0,19,esim for iceland review,1,en-US
does the s20 have an esim,1.0,1,13,0,13,best esim for holland 2026,1,en-US
e sim for qatar,1.0,1,15,0,15,qatar sim card for tourists,1,en-US
esam paris logo,1.0,1,13,0,13,esim paris,0,en-US
esi new rules 2026,1.0,1,18,0,18,cape town esim 2026,1,en-US
esi payment due date for march 2026,1.0,1,19,0,19,cape town esim 2026,1,en-US
esim ab welchem iphone,1.0,1,13,0,13,esim austria for iphone,2,en-US
esim activation,1.0,1,19,0,19,esim,0,en-US
esim airalo,1.0,1,14.0,0,7,esim,0,"en-GB,en-US"
esim aktivieren iphone swisscom,1.0,1,15,0,15,esim switzerland for iphone,1,en-US
esim als dual sim,1.0,1,20,0,20,esim austria vs sim,2,en-US
esim app,1.0,1,18,0,18,esim,0,en-US
esim auf dem iphone,1.0,1,13,0,13,esim germany for iphone,1,en-US
esim australia with calls,1.0,1,15,0,15,esim australia vs sim,2,en-US
esim canada kpn,1.0,1,13.0,0,13,esim canada,1,en-US
esim canada to uk,1.0,1,14.0,0,14,esim canada,1,en-US
esim card south africa,1.0,1,17,0,17,alosim esim south africa,2,en-US
esim cards for european travel,1.0,1,18,0,18,czech republic esim card,1,en-US
esim china compatibility check,1.0,1,14.0,0,14,esim china,1,en-US
esim china travel,1.0,1,13.0,0,13,esim china,1,en-US
esim compatible phones motorola,1.0,1,14,0,14,esim compatible phones,0,en-US
esim compatible phones vodafone uk,1.0,1,15,0,15,esim compatible phones,0,en-US
esim compatible phones walmart,1.0,1,13,0,13,esim compatible phones,0,en-US
esim data only plan,1.0,1,18,0,18,ireland esim coverage map,1,en-US
esim en simkaart tegelijk,1.0,1,15,0,15,esim netherlands vs sim,1,en-US
esim for canadian travellers,1.0,1,14,0,14,how to get an esim for canada,1,en-US
esim for europe and uk from australia,1.0,1,15,0,15,esim for europe,1,en-US
esim for europe reviews,1.0,1,14,0,14,esim for europe,1,en-US
esim for europe with phone number,1.0,1,13,0,13,esim for europe,1,en-US
esim for iphone 11 sprint,1.0,1,14,0,14,esim for iphone,0,en-US
esim for iphone 11 verizon,1.0,1,15,0,15,esim for iphone,0,en-US
esim for japan travel reddit,1.0,1,13.0,0,13,esim for japan,1,en-US
esim for motorola,1.0,1,15.0,0,15,esim for macao,1,en-US
esim for mozambique,1.0,1,13.0,0,13,esim for macao,1,en-US
esim for the maldives,1.0,1,19,0,19,esim coverage in fiji,1,en-US
esim for travel to vietnam,1.0,1,14,0,14,best esim for thailand and vietnam,2,en-US
esim for usa travel from australia,1.0,1,13.0,0,13,esim for usa,2,en-US
esim for use abroad,1.0,1,15,0,15,esim coverage in united arab emirates,1,en-US
esim free,1.0,1,24,0,24,esim,0,en-US
esim free trial,1.0,1,15,0,15,esim,0,en-US
esim free trial usa,1.0,1,14,0,14,esim coverage in georgia,1,en-US
esim holafly,1.0,1,20,0,20,esim,0,en-US
esim india travel,1.0,1,15.0,0,15,esim india,1,en-US
esim india travel guide,1.0,1,13.0,0,13,esim india,1,en-US
esim internacional estados unidos,1.0,1,17,0,17,esim rio de janeiro,0,en-US
esim iphone que es,1.0,1,14,0,14,esim argentina for iphone,1,en-US
esim la moins cher,1.0,1,21,0,21,cheapest esim for france,1,en-US
esim metro,1.0,1,16,0,16,esim,0,en-US
esim metro by t mobile,1.0,1,13,0,13,esim,0,en-US
esim mexico para internet,1.0,1,14.0,0,14,esim mexico,1,en-US
esim mobile phones australia,1.0,1,18,0,18,esim australia for iphone,2,en-US
esim oder klassische sim,1.0,1,21,0,21,esim austria vs sim,2,en-US
esim ou nano sim,1.0,1,13,0,13,esim macao vs sim,1,en-US
esim pas cher france,1.0,1,17,0,17,cheapest esim for france,1,en-US
esim plans for roaming,1.0,1,13,0,13,esim plans,0,en-US
esim plans for short term,1.0,1,14,0,14,esim plans,0,en-US
esim plans with global coverage,1.0,1,15,0,15,esim plans,0,en-US
esim pour le maroc,1.0,1,15,0,15,is esim available in morocco,1,en-US
esim pour new york,1.0,1,15,0,15,esim for new york,0,en-US
esim singapore en indonesie,1.0,1,17,0,17,esim for singapore and indonesia,2,en-US
esim temporary number,1.0,1,22,0,22,esim,0,en-US
esim thailand tourist uk,1.0,1,13.5,0,10,bangkok esim coverage map,1,"en-GB,en-US"
esim to physical sim ee,1.0,1,13,0,13,esim kenya vs sim,1,en-US
esim uk number,1.0,1,13.0,0,13,esim uk,1,en-US
esim und sim gleichzeitig,1.0,1,14,0,14,esim austria vs sim,2,en-US
esim und sim gleichzeitig nutzen,1.0,1,18,0,18,esim austria vs sim,2,en-US
esim usa and mexico,1.0,1,14,0,14,best esim for usa and mexico,3,en-US
esim usa travel options,1.0,1,13.0,0,13,esim usa,2,en-US
esim vietnam prepaid options,1.0,1,14.0,0,14,esim vietnam,1,en-US
esim vodacom south africa,1.0,1,13,0,13,esim south africa airport,2,en-US
esimplicity,1.0,1,14,0,14,esim,0,en-US
esimplus temporary number,1.0,1,25,0,25,esim,0,en-US
esims for europe travel,1.0,1,13,0,13,esim coverage in greece,1,en-US
etisalat tourist sim card,1.0,1,13,0,13,qatar sim card for tourists,1,en-US
europe sim cards for travelers,1.0,1,18,0,18,netherlands sim card for tourists,1,en-US
europe travel sim card australia,1.0,1,16,0,16,austria sim card for tourists,2,en-US
free gov sim card,1.0,1,14,0,14,georgia sim card for tourists,1,en-US
free phone esim now,1.0,1,14,0,14,esim poland for iphone,1,en-US
free sim card france,1.0,1,22,0,22,france sim card for tourists,1,en-US
french mobile sim cards,1.0,1,14.5,0,12,france sim card for tourists,1,"en-GB,en-US"
funktioniert esim in namibia,1.0,1,15,0,15,esim for south africa and namibia,2,en-US
germany prepaid sim card,1.0,1,14.0,0,12,germany sim card for tourists,1,"en-GB,en-US"
hoe werkt esim iphone,1.0,1,18,0,18,esim netherlands for iphone,1,en-US
hoeveel esim op iphone,1.0,1,15,0,15,esim netherlands for iphone,1,en-US
holafly esim reino unido,1.0,1,19,0,19,holafly esim costa rica,1,en-US
hong kong airport sim card,1.0,1,14,0,14,hong kong sim card for tourists,1,en-US
how much is esim in philippines,1.0,1,16,0,16,cheapest esim for peru,1,en-US
how to activate esim on iphone 17 pro max,1.0,1,13,0,13,how to activate esim,0,en-US
how to apply esim,1.0,1,13,0,13,how to get an esim for brazil,1,en-US
how to avail esim,1.0,1,13,0,13,how to get an esim for macao,1,en-US
how to buy an international esim card,1.0,1,17,0,17,czech republic esim card,1,en-US
how to buy sim card in singapore,1.0,1,16,0,16,singapore sim card for tourists,1,en-US
how to get an esim for iphone ee,1.0,1,14,0,14,how to get an esim for usa,2,en-US
how to get an esim for verizon,1.0,1,13,0,13,how to get an esim for usa,2,en-US
how to get esim for thailand,1.0,1,15,0,15,is esim available in iceland,1,en-US
how to have an esim,1.0,1,13,0,13,do i need an esim for fiji,1,en-US
how to have esim,1.0,1,20,0,20,esim for iceland review,1,en-US
how to install holafly esim,1.0,1,13,0,13,holafly esim united arab emirates,1,en-US
how to purchase esim online,1.0,1,13,0,13,is esim available in israel,1,en-US
how to use iceland gift card online,1.0,1,13.0,0,9,iceland sim card for tourists,1,"en-GB,en-US"
iem brasil 2026 local,1.0,1,16,0,16,best esim for brazil 2026,1,en-US
iem rio 2026 cs,1.0,1,18,0,18,best esim for brazil 2026,1,en-US
iem rio 2026 cs2,1.0,1,13,0,13,best esim for brazil 2026,1,en-US
iem rio 2026 data,1.0,1,14,0,14,best esim for brazil 2026,1,en-US
iem rio 2026 simulator,1.0,1,17,0,17,best esim for brazil 2026,1,en-US
iem rio 2026 times,1.0,1,19,0,19,best esim for brazil 2026,1,en-US
iem rio de janeiro 2026,1.0,1,20,0,20,best esim for brazil 2026,1,en-US
india esim for nri,1.0,1,13.0,0,13,india esim,1,en-US
india esim with calls,1.0,1,14.0,0,14,india esim,1,en-US
international sim cards for travel canada,1.0,1,13,0,13,canada sim card for tourists,1,en-US
international travel sim cards,1.0,1,17,0,17,brazil sim card for tourists,1,en-US
iphone compatible avec esim,1.0,1,17,0,17,esim france for iphone,1,en-US
iphone compatibles con esim,1.0,1,16,0,16,esim colombia for iphone,1,en-US
iphone es compatible con esim,1.0,1,18,0,18,esim colombia for iphone,1,en-US
iphone sim and esim,1.0,1,18,0,18,esim united arab emirates for iphone,1,en-US
ireland data only sim,1.0,1,13,0,13,ireland sim card for tourists,1,en-US
irish sim only deals,1.0,1,20,0,20,ireland sim card for tourists,1,en-US
ism 2026 conference israel,1.0,1,16,0,16,best esim for israel 2026,1,en-US
israel prepaid sim card comparison,1.0,1,15,0,15,israel sim card for tourists,1,en-US
japan travel sim esim,1.0,1,14,0,14,esim japan vs sim,1,en-US
jetpac esim activation,1.0,1,14,0,14,jetpac esim,0,en-US
korea esim activation guide,1.0,1,13,0,13,korea esim,1,en-US
la mejor esim en mexico,1.0,1,16,0,16,best esim for cancun,1,en-US
local travel sim card,1.0,1,15,0,15,georgia sim card for tourists,1,en-US
loving new york esim,1.0,1,14,0,14,esim for new york,0,en-US
meilleure esim pour le maroc,1.0,1,21.0,0,21,best esim for morocco,1,en-US
migliore esim per marocco,1.0,1,16,0,16,cheapest esim for morocco,1,en-US
mobile phone with esim capability,1.0,1,17,0,17,esim united arab emirates for iphone,1,en-US
mobile sim deals ireland,1.0,1,19,0,19,ireland sim card for tourists,1,en-US
mobile sim saudi arabia,1.0,1,13,0,13,saudi arabia sim card for tourists,1,en-US
mobiles with esim in india,1.0,1,18,0,18,esim india for iphone,1,en-US
nomad esim thailand,1.0,1,15,0,15,nomad esim,0,en-US
nomad limited hong kong,1.0,1,22,0,22,nomad esim hong kong,1,en-US
nomadic in costa rica,1.0,1,13,0,13,nomad esim costa rica,1,en-US
optus sim to esim,1.0,1,13,0,13,esim croatia vs sim,1,en-US
orange holiday europe esim plan,1.0,1,17,0,17,holland esim coverage map,1,en-US
paris esim phone travel,1.0,1,13,0,13,france esim coverage map,1,en-US
philippine sim card number,1.0,1,13.0,0,12,philippines sim card for tourists,1,"en-GB,en-US"
podporuje iphone se esim,1.0,1,15,0,15,esim czechia for iphone,1,en-US
prepaid sim card switzerland,1.0,1,17,0,17,switzerland sim card for tourists,1,en-US
prepaid sim usa tourist,1.0,1,14,0,14,peru sim card for tourists,1,en-US
provider esim di indonesia,1.0,1,16,0,16,esim coverage in indonesia,1,en-US
purchase canadian sim card,1.0,1,16.5,0,12,canada sim card for tourists,1,"en-GB,en-US"
riyadh embassy pakistan,1.0,1,13,0,13,riyadh esim,1,en-US
saily esim ptt,1.0,1,14,0,14,saily esim,0,en-US
sim als esim nutzen,1.0,1,16,0,16,esim austria vs sim,2,en-US
sim card australia tourist,1.0,1,17,0,17,qatar sim card for tourists,1,en-US
sim card for canada and usa,1.0,1,16,0,16,canada sim card for tourists,1,en-US
sim card for data only canada,1.0,1,15,0,15,canada sim card for tourists,1,en-US
sim card for georgia,1.0,1,13.0,0,10,georgia sim card for tourists,1,"en-GB,en-US"
sim card for marrakech,1.0,1,16,0,16,morocco sim card for tourists,1,en-US
sim card for usa travel from canada,1.0,1,14,0,14,canada sim card for tourists,1,en-US
sim card france prepaid,1.0,1,16,0,16,france sim card for tourists,1,en-US
sim card in french,1.0,1,20,0,20,france sim card for tourists,1,en-US
sim card in malaysia airport,1.0,1,16,0,16,malaysia sim card for tourists,1,en-US
sim card internacional colombia,1.0,1,16,0,16,colombia sim card for tourists,1,en-US
sim card movistar colombia,1.0,1,19,0,19,colombia sim card for tourists,1,en-US
sim card virtual colombia,1.0,1,17,0,17,colombia sim card for tourists,1,en-US
sim in esim umwandeln swisscom,1.0,1,16,0,16,esim switzerland vs sim,1,en-US
sim only offers ireland,1.0,1,16,0,16,ireland sim card for tourists,1,en-US
singapore and malaysia esim,1.0,1,13,0,13,esim singapore vs sim,1,en-US
tarjeta sim para argentina,1.0,1,16,0,16,argentina sim card for tourists,1,en-US
tarjeta sim para viajar a colombia,1.0,1,18,0,18,colombia sim card for tourists,1,en-US
travel esim canada,1.0,1,14,0,14,travel esim,0,en-US
travel esim data packages,1.0,1,15,0,15,travel esim,0,en-US
travel esim for multiple countries,1.0,1,16,0,16,travel esim,0,en-US
travel esim with phone number,1.0,1,17,0,17,travel esim,0,en-US
travel sim card philippines,1.0,1,13,0,13,peru sim card for tourists,1,en-US
travel sim for us and canada,1.0,1,18,0,18,canada sim card for tourists,1,en-US
travel sim in china,1.0,1,13,0,13,china sim card for tourists,1,en-US
triple sim vs esim,1.0,1,15,0,15,esim kenya vs sim,1,en-US
turkey esim airalo,1.0,1,13,0,13,turkey esim,1,en-US
uk sim cards for australians,1.0,1,17,0,17,australia sim card for tourists,2,en-US
united arab emirates embassy pretoria,1.0,1,14.0,0,14,united arab emirates esim,1,en-US
united arab emirates embassy washington dc,1.0,1,13.0,0,13,united arab emirates esim,1,en-US
unlimited data sim in ksa,1.0,1,16,0,16,ksa esim unlimited data,1,en-US
unterschied zwischen sim und esim,1.0,1,17,0,17,esim austria vs sim,2,en-US
us sim cards for canadians,1.0,1,22,0,22,canada sim card for tourists,1,en-US
usa esim with phone number free,1.0,1,14.0,0,14,usa esim,2,en-US
van simkaart naar esim,1.0,1,16,0,16,esim netherlands vs sim,1,en-US
vanaf welke iphone esim,1.0,1,17,0,17,esim netherlands for iphone,1,en-US
verschil esim en simkaart,1.0,1,13,0,13,esim netherlands vs sim,1,en-US
welche iphones haben esim,1.0,1,14,0,14,esim germany for iphone,1,en-US
welke iphone heeft esim,1.0,1,13,0,13,esim netherlands for iphone,1,en-US
where can i get an esim,1.0,1,14,0,14,is esim available in macao,1,en-US
which esim is best,1.0,1,13,0,13,esim for macao review,1,en-US
which iphones take esim,1.0,1,18,0,18,esim morocco for iphone,1,en-US
which is the best esim,1.0,1,15.0,0,15,best esim for brazil,1,en-US
wi-fi esim,1.0,1,13,0,13,esim vs pocket wifi,0,en-US
wymiana sim na esim,1.0,1,13,0,13,esim czechia vs sim,1,en-US
y mobile esim iphone,1.0,1,17,0,17,esim colombia for iphone,1,en-US
